College ID,AICTE Institute ID,UGC University ID,College Name,College Status,State,District,City,Full Address,Pincode,Latitude,Longitude,College Type,Affiliated University,AICTE Approval Status,UGC Approval Status,NAAC Grade,NBA Accreditation,NIRF Ranking,Tier Classification,Official Website,Official College Email,Admission Email,Placement Cell Email,Contact Phone Number,Engineering Branch Name,Degree Type,Branch Intake Capacity,Total Intake Capacity,Establishment Year,Campus Type,Hostel Available,Placement Available
1-44639358968,1-44639358968,U-0767,SANJIVANI PRATISTHAN INSTITUTE OF TECHNOLOGY,Active,Maharashtra,Ahmednagar,Ahmednagar,"AT-KURUND, POST-RALEGAN THERPAL, TAL-PARNER, DIST-AHMEDNAGAR",400224,19.112835,74.734888,Private-Self Financing,"Maharashtra State Board of Technical Education, Mumbai",Approved,Approved,B++,Yes,,Tier 3,http://www.sanjivanipratisthan.ac.in,info@sanjivanipratisthan.ac.in,admissions@sanjivanipratisthan.ac.in,placement@sanjivanipratisthan.ac.in,+91-80-595-2940,Mechanical Engineering,Diploma,60,174,2004,Urban,Yes,Yes
1-44639358968,1-44639358968,U-0767,SANJIVANI PRATISTHAN INSTITUTE OF TECHNOLOGY,Active,Maharashtra,Ahmednagar,Ahmednagar,"AT-KURUND, POST-RALEGAN THERPAL, TAL-PARNER, DIST-AHMEDNAGAR",400224,19.112835,74.734888,Private-Self Financing,"Maharashtra State Board of Technical Education, Mumbai",Approved,Approved,B++,Yes,,Tier 3,http://www.sanjivanipratisthan.ac.in,info@sanjivanipratisthan.ac.in,admissions@sanjivanipratisthan.ac.in,placement@sanjivanipratisthan.ac.in,+91-80-595-2940,Civil Engineering,Diploma,30,174,2004,Urban,Yes,Yes
1-44639358968,1-44639358968,U-0767,SANJIVANI PRATISTHAN INSTITUTE OF TECHNOLOGY,Active,Maharashtra,Ahmednagar,Ahmednagar,"AT-KURUND, POST-RALEGAN THERPAL, TAL-PARNER, DIST-AHMEDNAGAR",400224,19.112835,74.734888,Private-Self Financing,"Maharashtra State Board of Technical Education, Mumbai",Approved,Approved,B++,Yes,,Tier 3,http://www.sanjivanipratisthan.ac.in,info@sanjivanipratisthan.ac.in,admissions@sanjivanipratisthan.ac.in,placement@sanjivanipratisthan.ac.in,+91-80-595-2940,Electronics & Communication Engineering (ECE),Diploma,30,174,2004,Urban,Yes,Yes
1-44639358968,1-44639358968,U-0767,SANJIVANI PRATISTHAN INSTITUTE OF TECHNOLOGY,Active,Maharashtra,Ahmednagar,Ahmednagar,"AT-KURUND, POST-RALEGAN THERPAL, TAL-PARNER, DIST-AHMEDNAGAR",400224,19.112835,74.734888,Private-Self Financing,"Maharashtra State Board of Technical Education, Mumbai",Approved,Approved,B++,Yes,,Tier 3,http://www.sanjivanipratisthan.ac.in,info@sanjivanipratisthan.ac.in,admissions@sanjivanipratisthan.ac.in,placement@sanjivanipratisthan.ac.in,+91-80-595-2940,Computer Science Engineering (CSE),Diploma,54,174,2004,Urban,Yes,Yes
1-44639335414,1-44639335414,U-0767,AKOLE TALUKA EDUCATION SOCIETY'S FACULTY OF POLYTECHNIC,Active,Maharashtra,Ahmednagar,Ahmednagar,"K G ROAD, AKOLE",400224,19.092913,74.728215,Private-Self Financing,"Maharashtra State Board of Technical Education, Mumbai",Approved,Approved,A,No,,Tier 3,http://www.akoletalukaeducation.ac.in,info@akoletalukaeducation.ac.in,admissions@akoletalukaeducation.ac.in,placement@akoletalukaeducation.ac.in,+91-80-759-7057,Civil Engineering,Diploma,60,240,1985,Urban,Yes,No
1-44639335414,1-44639335414,U-0767,AKOLE TALUKA EDUCATION SOCIETY'S FACULTY OF POLYTECHNIC,Active,Maharashtra,Ahmednagar,Ahmednagar,"K G ROAD, AKOLE",400224,19.092913,74.728215,Private-Self Financing,"Maharashtra State Board of Technical Education, Mumbai",Approved,Approved,A,No,,Tier 3,http://www.akoletalukaeducation.ac.in,info@akoletalukaeducation.ac.in,admissions@akoletalukaeducation.ac.in,placement@akoletalukaeducation.ac.in,+91-80-759-7057,Computer Science Engineering (CSE),Diploma,60,240,1985,Urban,Yes,No
1-44639335414,1-44639335414,U-0767,AKOLE TALUKA EDUCATION SOCIETY'S FACULTY OF POLYTECHNIC,Active,Maharashtra,Ahmednagar,Ahmednagar,"K G ROAD, AKOLE",400224,19.092913,74.728215,Private-Self Financing,"Maharashtra State Board of Technical Education, Mumbai",Approved,Approved,A,No,,Tier 3,http://www.akoletalukaeducation.ac.in,info@akoletalukaeducation.ac.in,admissions@akoletalukaeducation.ac.in,placement@akoletalukaeducation.ac.in,+91-80-759-7057,Electronics & Communication Engineering (ECE),Diploma,60,240,1985,Urban,Yes,No
1-44639335414,1-44639335414,U-0767,AKOLE TALUKA EDUCATION SOCIETY'S FACULTY OF POLYTECHNIC,Active,Maharashtra,Ahmednagar,Ahmednagar,"K G ROAD, AKOLE",400224,19.092913,74.728215,Private-Self Financing,"Maharashtra State Board of Technical Education, Mumbai",Approved,Approved,A,No,,Tier 3,http://www.akoletalukaeducation.ac.in,info@akoletalukaeducation.ac.in,admissions@akoletalukaeducation.ac.in,placement@akoletalukaeducation.ac.in,+91-80-759-7057,Mechanical Engineering,Diploma,60,240,1985,Urban,Yes,No
1-44638907915,1-44638907915,U-0015,MAHATMA PHULE KRISHI VIDYAPEETH RAHURI,Active,Maharashtra,Ahmednagar,Ahmednagar,MAHATMA PHULE KRISHI VIDYAPEETH,400224,19.07887,74.732194,Government,"Mahatma Phule Agriculture University, Rahuri",Approved,Approved,B++,Yes,,Tier 3,http://www.mahatmaphulekrishi.ac.in,info@mahatmaphulekrishi.ac.in,admissions@mahatmaphulekrishi.ac.in,placement@mahatmaphulekrishi.ac.in,+91-80-170-7290,Agricultural Engineering,B.Tech,120,120,2009,Rural,Yes,Yes
1-44640023776,1-44640023776,U-0767,INDIRA GANDHI POLYTECHNIC BELWANDI(SUGAR),Active,Maharashtra,Ahmednagar,Ahmednagar,"A/P:BELWANDI(SUGAR),TAL:SHRIGONDA,DIST:AHMEDNAGAR,STATE:MAHARASHTRA",400224,19.087877,74.765147,Private-Self Financing,"Maharashtra State Board of Technical Education, Mumbai",Approved,Approved,A,No,,Tier 3,http://www.indiragandhibelwandisugar.ac.in,info@indiragandhibelwandisugar.ac.in,admissions@indiragandhibelwandisugar.ac.in,placement@indiragandhibelwandisugar.ac.in,+91-80-548-5037,Civil Engineering,Diploma,60,240,1986,Urban,Yes,Yes
1-44640023776,1-44640023776,U-0767,INDIRA GANDHI POLYTECHNIC BELWANDI(SUGAR),Active,Maharashtra,Ahmednagar,Ahmednagar,"A/P:BELWANDI(SUGAR),TAL:SHRIGONDA,DIST:AHMEDNAGAR,STATE:MAHARASHTRA",400224,19.087877,74.765147,Private-Self Financing,"Maharashtra State Board of Technical Education, Mumbai",Approved,Approved,A,No,,Tier 3,http://www.indiragandhibelwandisugar.ac.in,info@indiragandhibelwandisugar.ac.in,admissions@indiragandhibelwandisugar.ac.in,placement@indiragandhibelwandisugar.ac.in,+91-80-548-5037,Mechanical Engineering,Diploma,60,240,1986,Urban,Yes,Yes
1-44640023776,1-44640023776,U-0767,INDIRA GANDHI POLYTECHNIC BELWANDI(SUGAR),Active,Maharashtra,Ahmednagar,Ahmednagar,"A/P:BELWANDI(SUGAR),TAL:SHRIGONDA,DIST:AHMEDNAGAR,STATE:MAHARASHTRA",400224,19.087877,74.765147,Private-Self Financing,"Maharashtra State Board of Technical Education, Mumbai",Approved,Approved,A,No,,Tier 3,http://www.indiragandhibelwandisugar.ac.in,info@indiragandhibelwandisugar.ac.in,admissions@indiragandhibelwandisugar.ac.in,placement@indiragandhibelwandisugar.ac.in,+91-80-548-5037,Computer Science Engineering (CSE),Diploma,60,240,1986,Urban,Yes,Yes
1-44640023776,1-44640023776,U-0767,INDIRA GANDHI POLYTECHNIC BELWANDI(SUGAR),Active,Maharashtra,Ahmednagar,Ahmednagar,"A/P:BELWANDI(SUGAR),TAL:SHRIGONDA,DIST:AHMEDNAGAR,STATE:MAHARASHTRA",400224,19.087877,74.765147,Private-Self Financing,"Maharashtra State Board of Technical Education, Mumbai",Approved,Approved,A,No,,Tier 3,http://www.indiragandhibelwandisugar.ac.in,info@indiragandhibelwandisugar.ac.in,admissions@indiragandhibelwandisugar.ac.in,placement@indiragandhibelwandisugar.ac.in,+91-80-548-5037,Electronics & Communication Engineering (ECE),Diploma,60,240,1986,Urban,Yes,Yes
1-44639503539,1-44639503539,U-0767,RAJIV GANDHI COLLEGE OF ENGINEERING,Active,Maharashtra,Ahmednagar,Ahmednagar,"VITTHAL NAGAR ,KOKATE VASTI, AT POST-KARJULE HARYA,TAL-PARNER,DIST-AHMEDNAGAR",400224,19.107083,74.73218,Private-Self Financing,"Maharashtra State Board of Technical Education, Mumbai",Approved,Approved,B,No,,Tier 3,http://www.rajivgandhi.ac.in,info@rajivgandhi.ac.in,admissions@rajivgandhi.ac.in,placement@rajivgandhi.ac.in,+91-80-354-0122,Mechanical Engineering,Diploma,60,480,2017,Urban,Yes,No
1-44639503539,1-44639503539,U-0767,RAJIV GANDHI COLLEGE OF ENGINEERING,Active,Maharashtra,Ahmednagar,Ahmednagar,"VITTHAL NAGAR ,KOKATE VASTI, AT POST-KARJULE HARYA,TAL-PARNER,DIST-AHMEDNAGAR",400224,19.107083,74.73218,Private-Self Financing,"Maharashtra State Board of Technical Education, Mumbai",Approved,Approved,B,No,,Tier 3,http://www.rajivgandhi.ac.in,info@rajivgandhi.ac.in,admissions@rajivgandhi.ac.in,placement@rajivgandhi.ac.in,+91-80-354-0122,Electronics & Communication Engineering (ECE),Diploma,60,480,2017,Urban,Yes,No
1-44639503539,1-44639503539,U-0767,RAJIV GANDHI COLLEGE OF ENGINEERING,Active,Maharashtra,Ahmednagar,Ahmednagar,"VITTHAL NAGAR ,KOKATE VASTI, AT POST-KARJULE HARYA,TAL-PARNER,DIST-AHMEDNAGAR",400224,19.107083,74.73218,Private-Self Financing,"Maharashtra State Board of Technical Education, Mumbai",Approved,Approved,B,No,,Tier 3,http://www.rajivgandhi.ac.in,info@rajivgandhi.ac.in,admissions@rajivgandhi.ac.in,placement@rajivgandhi.ac.in,+91-80-354-0122,Mechanical Engineering,B.Tech,120,480,2017,Urban,Yes,No
1-44639503539,1-44639503539,U-0767,RAJIV GANDHI COLLEGE OF ENGINEERING,Active,Maharashtra,Ahmednagar,Ahmednagar,"VITTHAL NAGAR ,KOKATE VASTI, AT POST-KARJULE HARYA,TAL-PARNER,DIST-AHMEDNAGAR",400224,19.107083,74.73218,Private-Self Financing,"Maharashtra State Board of Technical Education, Mumbai",Approved,Approved,B,No,,Tier 3,http://www.rajivgandhi.ac.in,info@rajivgandhi.ac.in,admissions@rajivgandhi.ac.in,placement@rajivgandhi.ac.in,+91-80-354-0122,Electronics & Communication Engineering (ECE),B.Tech,60,480,2017,Urban,Yes,No
1-44639503539,1-44639503539,U-0767,RAJIV GANDHI COLLEGE OF ENGINEERING,Active,Maharashtra,Ahmednagar,Ahmednagar,"VITTHAL NAGAR ,KOKATE VASTI, AT POST-KARJULE HARYA,TAL-PARNER,DIST-AHMEDNAGAR",400224,19.107083,74.73218,Private-Self Financing,"Maharashtra State Board of Technical Education, Mumbai",Approved,Approved,B,No,,Tier 3,http://www.rajivgandhi.ac.in,info@rajivgandhi.ac.in,admissions@rajivgandhi.ac.in,placement@rajivgandhi.ac.in,+91-80-354-0122,Computer Science Engineering (CSE),B.Tech,120,480,2017,Urban,Yes,No
1-44639503539,1-44639503539,U-0767,RAJIV GANDHI COLLEGE OF ENGINEERING,Active,Maharashtra,Ahmednagar,Ahmednagar,"VITTHAL NAGAR ,KOKATE VASTI, AT POST-KARJULE HARYA,TAL-PARNER,DIST-AHMEDNAGAR",400224,19.107083,74.73218,Private-Self Financing,"Maharashtra State Board of Technical Education, Mumbai",Approved,Approved,B,No,,Tier 3,http://www.rajivgandhi.ac.in,info@rajivgandhi.ac.in,admissions@rajivgandhi.ac.in,placement@rajivgandhi.ac.in,+91-80-354-0122,Electrical Engineering,B.Tech,60,480,2017,Urban,Yes,No
1-44639804706,1-44639804706,U-0920,SANJIVANI RURAL EDUCATION SOCIETY`S SANJIVANI COLLEGE OF ENGINEERING,Active,Maharashtra,Ahmednagar,Ahmednagar,AT: SAHAJANANDNAGAR POST- SHINGNAPUR TAL:-KOPARGAON DIST: AHMEDANAGR-423 603,400224,19.106404,74.730492,Private-Self Financing,"University of Pune, Pune",Approved,Approved,A,No,,Tier 3,http://www.sanjivaniruraleducation.ac.in,info@sanjivaniruraleducation.ac.in,admissions@sanjivaniruraleducation.ac.in,placement@sanjivaniruraleducation.ac.in,+91-80-325-5695,Civil Engineering,B.Tech,120,762,1991,Urban,Yes,Yes
1-44639804706,1-44639804706,U-0920,SANJIVANI RURAL EDUCATION SOCIETY`S SANJIVANI COLLEGE OF ENGINEERING,Active,Maharashtra,Ahmednagar,Ahmednagar,AT: SAHAJANANDNAGAR POST- SHINGNAPUR TAL:-KOPARGAON DIST: AHMEDANAGR-423 603,400224,19.106404,74.730492,Private-Self Financing,"University of Pune, Pune",Approved,Approved,A,No,,Tier 3,http://www.sanjivaniruraleducation.ac.in,info@sanjivaniruraleducation.ac.in,admissions@sanjivaniruraleducation.ac.in,placement@sanjivaniruraleducation.ac.in,+91-80-325-5695,Computer Science Engineering (CSE),B.Tech,180,762,1991,Urban,Yes,Yes
1-44639804706,1-44639804706,U-0920,SANJIVANI RURAL EDUCATION SOCIETY`S SANJIVANI COLLEGE OF ENGINEERING,Active,Maharashtra,Ahmednagar,Ahmednagar,AT: SAHAJANANDNAGAR POST- SHINGNAPUR TAL:-KOPARGAON DIST: AHMEDANAGR-423 603,400224,19.106404,74.730492,Private-Self Financing,"University of Pune, Pune",Approved,Approved,A,No,,Tier 3,http://www.sanjivaniruraleducation.ac.in,info@sanjivaniruraleducation.ac.in,admissions@sanjivaniruraleducation.ac.in,placement@sanjivaniruraleducation.ac.in,+91-80-325-5695,Information Technology (IT),B.Tech,120,762,1991,Urban,Yes,Yes
1-44639804706,1-44639804706,U-0920,SANJIVANI RURAL EDUCATION SOCIETY`S SANJIVANI COLLEGE OF ENGINEERING,Active,Maharashtra,Ahmednagar,Ahmednagar,AT: SAHAJANANDNAGAR POST- SHINGNAPUR TAL:-KOPARGAON DIST: AHMEDANAGR-423 603,400224,19.106404,74.730492,Private-Self Financing,"University of Pune, Pune",Approved,Approved,A,No,,Tier 3,http://www.sanjivaniruraleducation.ac.in,info@sanjivaniruraleducation.ac.in,admissions@sanjivaniruraleducation.ac.in,placement@sanjivaniruraleducation.ac.in,+91-80-325-5695,Mechanical Engineering,B.Tech,180,762,1991,Urban,Yes,Yes
1-44639804706,1-44639804706,U-0920,SANJIVANI RURAL EDUCATION SOCIETY`S SANJIVANI COLLEGE OF ENGINEERING,Active,Maharashtra,Ahmednagar,Ahmednagar,AT: SAHAJANANDNAGAR POST- SHINGNAPUR TAL:-KOPARGAON DIST: AHMEDANAGR-423 603,400224,19.106404,74.730492,Private-Self Financing,"University of Pune, Pune",Approved,Approved,A,No,,Tier 3,http://www.sanjivaniruraleducation.ac.in,info@sanjivaniruraleducation.ac.in,admissions@sanjivaniruraleducation.ac.in,placement@sanjivaniruraleducation.ac.in,+91-80-325-5695,Other Engineering Branches,M.Tech,24,762,1991,Urban,Yes,Yes
1-44639804706,1-44639804706,U-0920,SANJIVANI RURAL EDUCATION SOCIETY`S SANJIVANI COLLEGE OF ENGINEERING,Active,Maharashtra,Ahmednagar,Ahmednagar,AT: SAHAJANANDNAGAR POST- SHINGNAPUR TAL:-KOPARGAON DIST: AHMEDANAGR-423 603,400224,19.106404,74.730492,Private-Self Financing,"University of Pune, Pune",Approved,Approved,A,No,,Tier 3,http://www.sanjivaniruraleducation.ac.in,info@sanjivaniruraleducation.ac.in,admissions@sanjivaniruraleducation.ac.in,placement@sanjivaniruraleducation.ac.in,+91-80-325-5695,Information Technology (IT),M.Tech,12,762,1991,Urban,Yes,Yes
1-44639804706,1-44639804706,U-0920,SANJIVANI RURAL EDUCATION SOCIETY`S SANJIVANI COLLEGE OF ENGINEERING,Active,Maharashtra,Ahmednagar,Ahmednagar,AT: SAHAJANANDNAGAR POST- SHINGNAPUR TAL:-KOPARGAON DIST: AHMEDANAGR-423 603,400224,19.106404,74.730492,Private-Self Financing,"University of Pune, Pune",Approved,Approved,A,No,,Tier 3,http://www.sanjivaniruraleducation.ac.in,info@sanjivaniruraleducation.ac.in,admissions@sanjivaniruraleducation.ac.in,placement@sanjivaniruraleducation.ac.in,+91-80-325-5695,Computer Science Engineering (CSE),M.Tech,6,762,1991,Urban,Yes,Yes
1-44639804706,1-44639804706,U-0920,SANJIVANI RURAL EDUCATION SOCIETY`S SANJIVANI COLLEGE OF ENGINEERING,Active,Maharashtra,Ahmednagar,Ahmednagar,AT: SAHAJANANDNAGAR POST- SHINGNAPUR TAL:-KOPARGAON DIST: AHMEDANAGR-423 603,400224,19.106404,74.730492,Private-Self Financing,"University of Pune, Pune",Approved,Approved,A,No,,Tier 3,http://www.sanjivaniruraleducation.ac.in,info@sanjivaniruraleducation.ac.in,admissions@sanjivaniruraleducation.ac.in,placement@sanjivaniruraleducation.ac.in,+91-80-325-5695,Electrical Engineering,B.Tech,60,762,1991,Urban,Yes,Yes
1-44639804706,1-44639804706,U-0920,SANJIVANI RURAL EDUCATION SOCIETY`S SANJIVANI COLLEGE OF ENGINEERING,Active,Maharashtra,Ahmednagar,Ahmednagar,AT: SAHAJANANDNAGAR POST- SHINGNAPUR TAL:-KOPARGAON DIST: AHMEDANAGR-423 603,400224,19.106404,74.730492,Private-Self Financing,"University of Pune, Pune",Approved,Approved,A,No,,Tier 3,http://www.sanjivaniruraleducation.ac.in,info@sanjivaniruraleducation.ac.in,admissions@sanjivaniruraleducation.ac.in,placement@sanjivaniruraleducation.ac.in,+91-80-325-5695,Other Engineering Branches,B.Tech,60,762,1991,Urban,Yes,Yes
1-44639506191,1-44639506191,U-0767,"SAMAJBHUSHAN EKNATHRAO DHAKANE COLLEGE OF ENGINEERING, SHEVGAON",Active,Maharashtra,Ahmednagar,Ahmednagar,A/P:-RAKSHI TAL:-SHEVGAON,400224,19.086631,74.758589,Private-Self Financing,"Maharashtra State Board of Technical Education, Mumbai",Approved,Approved,A,No,,Tier 3,http://www.samajbhushaneknathraodhakane.ac.in,info@samajbhushaneknathraodhakane.ac.in,admissions@samajbhushaneknathraodhakane.ac.in,placement@samajbhushaneknathraodhakane.ac.in,+91-80-496-2243,Civil Engineering,Diploma,60,600,1987,Urban,Yes,Yes
1-44639506191,1-44639506191,U-0767,"SAMAJBHUSHAN EKNATHRAO DHAKANE COLLEGE OF ENGINEERING, SHEVGAON",Active,Maharashtra,Ahmednagar,Ahmednagar,A/P:-RAKSHI TAL:-SHEVGAON,400224,19.086631,74.758589,Private-Self Financing,"Maharashtra State Board of Technical Education, Mumbai",Approved,Approved,A,No,,Tier 3,http://www.samajbhushaneknathraodhakane.ac.in,info@samajbhushaneknathraodhakane.ac.in,admissions@samajbhushaneknathraodhakane.ac.in,placement@samajbhushaneknathraodhakane.ac.in,+91-80-496-2243,Mechanical Engineering,Diploma,120,600,1987,Urban,Yes,Yes
1-44639506191,1-44639506191,U-0767,"SAMAJBHUSHAN EKNATHRAO DHAKANE COLLEGE OF ENGINEERING, SHEVGAON",Active,Maharashtra,Ahmednagar,Ahmednagar,A/P:-RAKSHI TAL:-SHEVGAON,400224,19.086631,74.758589,Private-Self Financing,"Maharashtra State Board of Technical Education, Mumbai",Approved,Approved,A,No,,Tier 3,http://www.samajbhushaneknathraodhakane.ac.in,info@samajbhushaneknathraodhakane.ac.in,admissions@samajbhushaneknathraodhakane.ac.in,placement@samajbhushaneknathraodhakane.ac.in,+91-80-496-2243,Computer Science Engineering (CSE),Diploma,60,600,1987,Urban,Yes,Yes
1-44639506191,1-44639506191,U-0767,"SAMAJBHUSHAN EKNATHRAO DHAKANE COLLEGE OF ENGINEERING, SHEVGAON",Active,Maharashtra,Ahmednagar,Ahmednagar,A/P:-RAKSHI TAL:-SHEVGAON,400224,19.086631,74.758589,Private-Self Financing,"Maharashtra State Board of Technical Education, Mumbai",Approved,Approved,A,No,,Tier 3,http://www.samajbhushaneknathraodhakane.ac.in,info@samajbhushaneknathraodhakane.ac.in,admissions@samajbhushaneknathraodhakane.ac.in,placement@samajbhushaneknathraodhakane.ac.in,+91-80-496-2243,Electrical Engineering,Diploma,60,600,1987,Urban,Yes,Yes
1-44639506191,1-44639506191,U-0767,"SAMAJBHUSHAN EKNATHRAO DHAKANE COLLEGE OF ENGINEERING, SHEVGAON",Active,Maharashtra,Ahmednagar,Ahmednagar,A/P:-RAKSHI TAL:-SHEVGAON,400224,19.086631,74.758589,Private-Self Financing,"Maharashtra State Board of Technical Education, Mumbai",Approved,Approved,A,No,,Tier 3,http://www.samajbhushaneknathraodhakane.ac.in,info@samajbhushaneknathraodhakane.ac.in,admissions@samajbhushaneknathraodhakane.ac.in,placement@samajbhushaneknathraodhakane.ac.in,+91-80-496-2243,Civil Engineering,B.Tech,60,600,1987,Urban,Yes,Yes
1-44639506191,1-44639506191,U-0767,"SAMAJBHUSHAN EKNATHRAO DHAKANE COLLEGE OF ENGINEERING, SHEVGAON",Active,Maharashtra,Ahmednagar,Ahmednagar,A/P:-RAKSHI TAL:-SHEVGAON,400224,19.086631,74.758589,Private-Self Financing,"Maharashtra State Board of Technical Education, Mumbai",Approved,Approved,A,No,,Tier 3,http://www.samajbhushaneknathraodhakane.ac.in,info@samajbhushaneknathraodhakane.ac.in,admissions@samajbhushaneknathraodhakane.ac.in,placement@samajbhushaneknathraodhakane.ac.in,+91-80-496-2243,Computer Science Engineering (CSE),B.Tech,60,600,1987,Urban,Yes,Yes
1-44639506191,1-44639506191,U-0767,"SAMAJBHUSHAN EKNATHRAO DHAKANE COLLEGE OF ENGINEERING, SHEVGAON",Active,Maharashtra,Ahmednagar,Ahmednagar,A/P:-RAKSHI TAL:-SHEVGAON,400224,19.086631,74.758589,Private-Self Financing,"Maharashtra State Board of Technical Education, Mumbai",Approved,Approved,A,No,,Tier 3,http://www.samajbhushaneknathraodhakane.ac.in,info@samajbhushaneknathraodhakane.ac.in,admissions@samajbhushaneknathraodhakane.ac.in,placement@samajbhushaneknathraodhakane.ac.in,+91-80-496-2243,Electrical Engineering,B.Tech,60,600,1987,Urban,Yes,Yes
1-44639506191,1-44639506191,U-0767,"SAMAJBHUSHAN EKNATHRAO DHAKANE COLLEGE OF ENGINEERING, SHEVGAON",Active,Maharashtra,Ahmednagar,Ahmednagar,A/P:-RAKSHI TAL:-SHEVGAON,400224,19.086631,74.758589,Private-Self Financing,"Maharashtra State Board of Technical Education, Mumbai",Approved,Approved,A,No,,Tier 3,http://www.samajbhushaneknathraodhakane.ac.in,info@samajbhushaneknathraodhakane.ac.in,admissions@samajbhushaneknathraodhakane.ac.in,placement@samajbhushaneknathraodhakane.ac.in,+91-80-496-2243,Mechanical Engineering,B.Tech,60,600,1987,Urban,Yes,Yes
1-44639506191,1-44639506191,U-0767,"SAMAJBHUSHAN EKNATHRAO DHAKANE COLLEGE OF ENGINEERING, SHEVGAON",Active,Maharashtra,Ahmednagar,Ahmednagar,A/P:-RAKSHI TAL:-SHEVGAON,400224,19.086631,74.758589,Private-Self Financing,"Maharashtra State Board of Technical Education, Mumbai",Approved,Approved,A,No,,Tier 3,http://www.samajbhushaneknathraodhakane.ac.in,info@samajbhushaneknathraodhakane.ac.in,admissions@samajbhushaneknathraodhakane.ac.in,placement@samajbhushaneknathraodhakane.ac.in,+91-80-496-2243,Data Science,B.Tech,60,600,1987,Urban,Yes,Yes
1-44639817213,1-44639817213,U-0767,SAIKRUPA POLYTECHNIC,Active,Maharashtra,Ahmednagar,Ahmednagar,SURVEY NO.244 GHARGAON TAH SHRIGONDA DIST. AHAMDANAGAR,400224,19.110666,74.734298,Private-Self Financing,"Maharashtra State Board of Technical Education, Mumbai",Approved,Approved,B++,Yes,,Tier 3,http://www.saikrupa.ac.in,info@saikrupa.ac.in,admissions@saikrupa.ac.in,placement@saikrupa.ac.in,+91-80-504-3112,Mechanical Engineering,Diploma,120,270,1997,Urban,No,Yes
1-44639817213,1-44639817213,U-0767,SAIKRUPA POLYTECHNIC,Active,Maharashtra,Ahmednagar,Ahmednagar,SURVEY NO.244 GHARGAON TAH SHRIGONDA DIST. AHAMDANAGAR,400224,19.110666,74.734298,Private-Self Financing,"Maharashtra State Board of Technical Education, Mumbai",Approved,Approved,B++,Yes,,Tier 3,http://www.saikrupa.ac.in,info@saikrupa.ac.in,admissions@saikrupa.ac.in,placement@saikrupa.ac.in,+91-80-504-3112,Civil Engineering,Diploma,60,270,1997,Urban,No,Yes
1-44639817213,1-44639817213,U-0767,SAIKRUPA POLYTECHNIC,Active,Maharashtra,Ahmednagar,Ahmednagar,SURVEY NO.244 GHARGAON TAH SHRIGONDA DIST. AHAMDANAGAR,400224,19.110666,74.734298,Private-Self Financing,"Maharashtra State Board of Technical Education, Mumbai",Approved,Approved,B++,Yes,,Tier 3,http://www.saikrupa.ac.in,info@saikrupa.ac.in,admissions@saikrupa.ac.in,placement@saikrupa.ac.in,+91-80-504-3112,Computer Science Engineering (CSE),Diploma,60,270,1997,Urban,No,Yes
1-44639817213,1-44639817213,U-0767,SAIKRUPA POLYTECHNIC,Active,Maharashtra,Ahmednagar,Ahmednagar,SURVEY NO.244 GHARGAON TAH SHRIGONDA DIST. AHAMDANAGAR,400224,19.110666,74.734298,Private-Self Financing,"Maharashtra State Board of Technical Education, Mumbai",Approved,Approved,B++,Yes,,Tier 3,http://www.saikrupa.ac.in,info@saikrupa.ac.in,admissions@saikrupa.ac.in,placement@saikrupa.ac.in,+91-80-504-3112,Electronics & Communication Engineering (ECE),Diploma,30,270,1997,Urban,No,Yes
1-44639884722,1-44639884722,U-0767,DR. N. J. PAULBUDHE INSTITUTE OF TECHNOLOGY,Active,Maharashtra,Ahmednagar,Ahmednagar,"SURVEY NO. 479, A/P- NARAYANDOHO, TAL, DIST- AHMEDNAGAR",400224,19.077981,74.762008,Private-Self Financing,"Maharashtra State Board of Technical Education, Mumbai",Approved,Approved,B+,No,,Tier 3,http://www.drnj.ac.in,info@drnj.ac.in,admissions@drnj.ac.in,placement@drnj.ac.in,+91-80-133-4233,Civil Engineering,Diploma,60,300,2004,Rural,Yes,Yes
1-44639884722,1-44639884722,U-0767,DR. N. J. PAULBUDHE INSTITUTE OF TECHNOLOGY,Active,Maharashtra,Ahmednagar,Ahmednagar,"SURVEY NO. 479, A/P- NARAYANDOHO, TAL, DIST- AHMEDNAGAR",400224,19.077981,74.762008,Private-Self Financing,"Maharashtra State Board of Technical Education, Mumbai",Approved,Approved,B+,No,,Tier 3,http://www.drnj.ac.in,info@drnj.ac.in,admissions@drnj.ac.in,placement@drnj.ac.in,+91-80-133-4233,Electrical Engineering,Diploma,60,300,2004,Rural,Yes,Yes
1-44639884722,1-44639884722,U-0767,DR. N. J. PAULBUDHE INSTITUTE OF TECHNOLOGY,Active,Maharashtra,Ahmednagar,Ahmednagar,"SURVEY NO. 479, A/P- NARAYANDOHO, TAL, DIST- AHMEDNAGAR",400224,19.077981,74.762008,Private-Self Financing,"Maharashtra State Board of Technical Education, Mumbai",Approved,Approved,B+,No,,Tier 3,http://www.drnj.ac.in,info@drnj.ac.in,admissions@drnj.ac.in,placement@drnj.ac.in,+91-80-133-4233,Computer Science Engineering (CSE),Diploma,60,300,2004,Rural,Yes,Yes
1-44639884722,1-44639884722,U-0767,DR. N. J. PAULBUDHE INSTITUTE OF TECHNOLOGY,Active,Maharashtra,Ahmednagar,Ahmednagar,"SURVEY NO. 479, A/P- NARAYANDOHO, TAL, DIST- AHMEDNAGAR",400224,19.077981,74.762008,Private-Self Financing,"Maharashtra State Board of Technical Education, Mumbai",Approved,Approved,B+,No,,Tier 3,http://www.drnj.ac.in,info@drnj.ac.in,admissions@drnj.ac.in,placement@drnj.ac.in,+91-80-133-4233,Mechanical Engineering,Diploma,60,300,2004,Rural,Yes,Yes
1-44639884722,1-44639884722,U-0767,DR. N. J. PAULBUDHE INSTITUTE OF TECHNOLOGY,Active,Maharashtra,Ahmednagar,Ahmednagar,"SURVEY NO. 479, A/P- NARAYANDOHO, TAL, DIST- AHMEDNAGAR",400224,19.077981,74.762008,Private-Self Financing,"Maharashtra State Board of Technical Education, Mumbai",Approved,Approved,B+,No,,Tier 3,http://www.drnj.ac.in,info@drnj.ac.in,admissions@drnj.ac.in,placement@drnj.ac.in,+91-80-133-4233,Other Engineering Branches,Diploma,60,300,2004,Rural,Yes,Yes
1-44639927876,1-44639927876,U-0767,"SONIYA GANDHI POLYTECHNIC, SHRIGONDA",Active,Maharashtra,Ahmednagar,Ahmednagar,"BALAJINAGAR, SHRIGONDA",400224,19.089032,74.733012,Private-Self Financing,"Maharashtra State Board of Technical Education, Mumbai",Approved,Approved,B++,Yes,,Tier 3,http://www.soniyagandhishrigonda.ac.in,info@soniyagandhishrigonda.ac.in,admissions@soniyagandhishrigonda.ac.in,placement@soniyagandhishrigonda.ac.in,+91-80-596-9440,Civil Engineering,Diploma,60,300,2018,Urban,Yes,No
1-44639927876,1-44639927876,U-0767,"SONIYA GANDHI POLYTECHNIC, SHRIGONDA",Active,Maharashtra,Ahmednagar,Ahmednagar,"BALAJINAGAR, SHRIGONDA",400224,19.089032,74.733012,Private-Self Financing,"Maharashtra State Board of Technical Education, Mumbai",Approved,Approved,B++,Yes,,Tier 3,http://www.soniyagandhishrigonda.ac.in,info@soniyagandhishrigonda.ac.in,admissions@soniyagandhishrigonda.ac.in,placement@soniyagandhishrigonda.ac.in,+91-80-596-9440,Mechanical Engineering,Diploma,60,300,2018,Urban,Yes,No
1-44639927876,1-44639927876,U-0767,"SONIYA GANDHI POLYTECHNIC, SHRIGONDA",Active,Maharashtra,Ahmednagar,Ahmednagar,"BALAJINAGAR, SHRIGONDA",400224,19.089032,74.733012,Private-Self Financing,"Maharashtra State Board of Technical Education, Mumbai",Approved,Approved,B++,Yes,,Tier 3,http://www.soniyagandhishrigonda.ac.in,info@soniyagandhishrigonda.ac.in,admissions@soniyagandhishrigonda.ac.in,placement@soniyagandhishrigonda.ac.in,+91-80-596-9440,Electronics & Communication Engineering (ECE),Diploma,60,300,2018,Urban,Yes,No
1-44639927876,1-44639927876,U-0767,"SONIYA GANDHI POLYTECHNIC, SHRIGONDA",Active,Maharashtra,Ahmednagar,Ahmednagar,"BALAJINAGAR, SHRIGONDA",400224,19.089032,74.733012,Private-Self Financing,"Maharashtra State Board of Technical Education, Mumbai",Approved,Approved,B++,Yes,,Tier 3,http://www.soniyagandhishrigonda.ac.in,info@soniyagandhishrigonda.ac.in,admissions@soniyagandhishrigonda.ac.in,placement@soniyagandhishrigonda.ac.in,+91-80-596-9440,Electrical Engineering,Diploma,60,300,2018,Urban,Yes,No
1-44639927876,1-44639927876,U-0767,"SONIYA GANDHI POLYTECHNIC, SHRIGONDA",Active,Maharashtra,Ahmednagar,Ahmednagar,"BALAJINAGAR, SHRIGONDA",400224,19.089032,74.733012,Private-Self Financing,"Maharashtra State Board of Technical Education, Mumbai",Approved,Approved,B++,Yes,,Tier 3,http://www.soniyagandhishrigonda.ac.in,info@soniyagandhishrigonda.ac.in,admissions@soniyagandhishrigonda.ac.in,placement@soniyagandhishrigonda.ac.in,+91-80-596-9440,Computer Science Engineering (CSE),Diploma,60,300,2018,Urban,Yes,No
1-44639749275,1-44639749275,U-0767,RAJ LAXMI FOUNDATION'S  SAHAKAR MAHARSHI RAJARAM BAPU PATIL POLYTECHNIC INSTITUTE,Active,Maharashtra,Ahmednagar,Ahmednagar,"GAT NO. 190/2 , MADADGAON (TAKALI-KAJI), TAL & DIST AHMEDNAGAR.",400224,19.103647,74.766547,Private-Self Financing,"Maharashtra State Board of Technical Education, Mumbai",Approved,Approved,B++,No,,Tier 3,http://www.rajlaxmifoundations.ac.in,info@rajlaxmifoundations.ac.in,admissions@rajlaxmifoundations.ac.in,placement@rajlaxmifoundations.ac.in,+91-80-209-9318,Civil Engineering,Diploma,60,300,2009,Urban,No,Yes
1-44639749275,1-44639749275,U-0767,RAJ LAXMI FOUNDATION'S  SAHAKAR MAHARSHI RAJARAM BAPU PATIL POLYTECHNIC INSTITUTE,Active,Maharashtra,Ahmednagar,Ahmednagar,"GAT NO. 190/2 , MADADGAON (TAKALI-KAJI), TAL & DIST AHMEDNAGAR.",400224,19.103647,74.766547,Private-Self Financing,"Maharashtra State Board of Technical Education, Mumbai",Approved,Approved,B++,No,,Tier 3,http://www.rajlaxmifoundations.ac.in,info@rajlaxmifoundations.ac.in,admissions@rajlaxmifoundations.ac.in,placement@rajlaxmifoundations.ac.in,+91-80-209-9318,Electrical Engineering,Diploma,60,300,2009,Urban,No,Yes
1-44639749275,1-44639749275,U-0767,RAJ LAXMI FOUNDATION'S  SAHAKAR MAHARSHI RAJARAM BAPU PATIL POLYTECHNIC INSTITUTE,Active,Maharashtra,Ahmednagar,Ahmednagar,"GAT NO. 190/2 , MADADGAON (TAKALI-KAJI), TAL & DIST AHMEDNAGAR.",400224,19.103647,74.766547,Private-Self Financing,"Maharashtra State Board of Technical Education, Mumbai",Approved,Approved,B++,No,,Tier 3,http://www.rajlaxmifoundations.ac.in,info@rajlaxmifoundations.ac.in,admissions@rajlaxmifoundations.ac.in,placement@rajlaxmifoundations.ac.in,+91-80-209-9318,Mechanical Engineering,Diploma,60,300,2009,Urban,No,Yes
1-44639749275,1-44639749275,U-0767,RAJ LAXMI FOUNDATION'S  SAHAKAR MAHARSHI RAJARAM BAPU PATIL POLYTECHNIC INSTITUTE,Active,Maharashtra,Ahmednagar,Ahmednagar,"GAT NO. 190/2 , MADADGAON (TAKALI-KAJI), TAL & DIST AHMEDNAGAR.",400224,19.103647,74.766547,Private-Self Financing,"Maharashtra State Board of Technical Education, Mumbai",Approved,Approved,B++,No,,Tier 3,http://www.rajlaxmifoundations.ac.in,info@rajlaxmifoundations.ac.in,admissions@rajlaxmifoundations.ac.in,placement@rajlaxmifoundations.ac.in,+91-80-209-9318,Computer Science Engineering (CSE),Diploma,60,300,2009,Urban,No,Yes
1-44639749275,1-44639749275,U-0767,RAJ LAXMI FOUNDATION'S  SAHAKAR MAHARSHI RAJARAM BAPU PATIL POLYTECHNIC INSTITUTE,Active,Maharashtra,Ahmednagar,Ahmednagar,"GAT NO. 190/2 , MADADGAON (TAKALI-KAJI), TAL & DIST AHMEDNAGAR.",400224,19.103647,74.766547,Private-Self Financing,"Maharashtra State Board of Technical Education, Mumbai",Approved,Approved,B++,No,,Tier 3,http://www.rajlaxmifoundations.ac.in,info@rajlaxmifoundations.ac.in,admissions@rajlaxmifoundations.ac.in,placement@rajlaxmifoundations.ac.in,+91-80-209-9318,Artificial Intelligence & Machine Learning (AI & ML),Diploma,60,300,2009,Urban,No,Yes
1-44639439656,1-44639439656,U-0767,SHREE SIDHIVINAYAK POLYTECHNIC,Active,Maharashtra,Ahmednagar,Ahmednagar,"SUR. NO. 86/1,,SIDHATEK BERDI, TAL. KARJAT,, AHMADNAGAR-414403",414403,19.110828,74.738752,Private-Self Financing,"Maharashtra State Board of Technical Education, Mumbai",Approved,Approved,B++,Yes,,Tier 3,http://www.shreesidhivinayak.ac.in,info@shreesidhivinayak.ac.in,admissions@shreesidhivinayak.ac.in,placement@shreesidhivinayak.ac.in,+91-80-511-0980,Civil Engineering,Diploma,60,240,2014,Urban,Yes,Yes
1-44639439656,1-44639439656,U-0767,SHREE SIDHIVINAYAK POLYTECHNIC,Active,Maharashtra,Ahmednagar,Ahmednagar,"SUR. NO. 86/1,,SIDHATEK BERDI, TAL. KARJAT,, AHMADNAGAR-414403",414403,19.110828,74.738752,Private-Self Financing,"Maharashtra State Board of Technical Education, Mumbai",Approved,Approved,B++,Yes,,Tier 3,http://www.shreesidhivinayak.ac.in,info@shreesidhivinayak.ac.in,admissions@shreesidhivinayak.ac.in,placement@shreesidhivinayak.ac.in,+91-80-511-0980,Mechanical Engineering,Diploma,60,240,2014,Urban,Yes,Yes
1-44639439656,1-44639439656,U-0767,SHREE SIDHIVINAYAK POLYTECHNIC,Active,Maharashtra,Ahmednagar,Ahmednagar,"SUR. NO. 86/1,,SIDHATEK BERDI, TAL. KARJAT,, AHMADNAGAR-414403",414403,19.110828,74.738752,Private-Self Financing,"Maharashtra State Board of Technical Education, Mumbai",Approved,Approved,B++,Yes,,Tier 3,http://www.shreesidhivinayak.ac.in,info@shreesidhivinayak.ac.in,admissions@shreesidhivinayak.ac.in,placement@shreesidhivinayak.ac.in,+91-80-511-0980,Electronics & Communication Engineering (ECE),Diploma,60,240,2014,Urban,Yes,Yes
1-44639439656,1-44639439656,U-0767,SHREE SIDHIVINAYAK POLYTECHNIC,Active,Maharashtra,Ahmednagar,Ahmednagar,"SUR. NO. 86/1,,SIDHATEK BERDI, TAL. KARJAT,, AHMADNAGAR-414403",414403,19.110828,74.738752,Private-Self Financing,"Maharashtra State Board of Technical Education, Mumbai",Approved,Approved,B++,Yes,,Tier 3,http://www.shreesidhivinayak.ac.in,info@shreesidhivinayak.ac.in,admissions@shreesidhivinayak.ac.in,placement@shreesidhivinayak.ac.in,+91-80-511-0980,Computer Science Engineering (CSE),Diploma,60,240,2014,Urban,Yes,Yes
1-44639876759,1-44639876759,U-0767,"DNYANESHWAR POLYTECHNIC, BHANASHIVARE",Active,Maharashtra,Ahmednagar,Ahmednagar,"AT POST BHANASHIVARE, TAL-NEWASA",400224,19.086267,74.743935,Private-Self Financing,"Maharashtra State Board of Technical Education, Mumbai",Approved,Approved,Not Accredited,No,,Tier 3,http://www.dnyaneshwarbhanashivare.ac.in,info@dnyaneshwarbhanashivare.ac.in,admissions@dnyaneshwarbhanashivare.ac.in,placement@dnyaneshwarbhanashivare.ac.in,+91-80-480-9573,Civil Engineering,Diploma,60,270,1993,Urban,Yes,Yes
1-44639876759,1-44639876759,U-0767,"DNYANESHWAR POLYTECHNIC, BHANASHIVARE",Active,Maharashtra,Ahmednagar,Ahmednagar,"AT POST BHANASHIVARE, TAL-NEWASA",400224,19.086267,74.743935,Private-Self Financing,"Maharashtra State Board of Technical Education, Mumbai",Approved,Approved,Not Accredited,No,,Tier 3,http://www.dnyaneshwarbhanashivare.ac.in,info@dnyaneshwarbhanashivare.ac.in,admissions@dnyaneshwarbhanashivare.ac.in,placement@dnyaneshwarbhanashivare.ac.in,+91-80-480-9573,Mechanical Engineering,Diploma,120,270,1993,Urban,Yes,Yes
1-44639876759,1-44639876759,U-0767,"DNYANESHWAR POLYTECHNIC, BHANASHIVARE",Active,Maharashtra,Ahmednagar,Ahmednagar,"AT POST BHANASHIVARE, TAL-NEWASA",400224,19.086267,74.743935,Private-Self Financing,"Maharashtra State Board of Technical Education, Mumbai",Approved,Approved,Not Accredited,No,,Tier 3,http://www.dnyaneshwarbhanashivare.ac.in,info@dnyaneshwarbhanashivare.ac.in,admissions@dnyaneshwarbhanashivare.ac.in,placement@dnyaneshwarbhanashivare.ac.in,+91-80-480-9573,Electronics & Communication Engineering (ECE),Diploma,30,270,1993,Urban,Yes,Yes
1-44639876759,1-44639876759,U-0767,"DNYANESHWAR POLYTECHNIC, BHANASHIVARE",Active,Maharashtra,Ahmednagar,Ahmednagar,"AT POST BHANASHIVARE, TAL-NEWASA",400224,19.086267,74.743935,Private-Self Financing,"Maharashtra State Board of Technical Education, Mumbai",Approved,Approved,Not Accredited,No,,Tier 3,http://www.dnyaneshwarbhanashivare.ac.in,info@dnyaneshwarbhanashivare.ac.in,admissions@dnyaneshwarbhanashivare.ac.in,placement@dnyaneshwarbhanashivare.ac.in,+91-80-480-9573,Computer Science Engineering (CSE),Diploma,60,270,1993,Urban,Yes,Yes
1-44640004314,1-44640004314,U-0767,AJITDADA PAWAR COLLEGE OF POLYTECHNIC,Active,Maharashtra,Ahmednagar,Ahmednagar,"SURVEY NO. 3&6/2, SHRIRAMPUR - NEWASA ROAD,      A/P: WADALA MAHADEV; TAL: SHRIRAMPUR; DIST: AHMEDNAGAR",400224,19.094693,74.760431,Private-Self Financing,"Maharashtra State Board of Technical Education, Mumbai",Approved,Approved,B+,No,,Tier 3,http://www.ajitdadapawar.ac.in,info@ajitdadapawar.ac.in,admissions@ajitdadapawar.ac.in,placement@ajitdadapawar.ac.in,+91-80-834-3759,Mechanical Engineering,Diploma,120,420,1996,Rural,Yes,Yes
1-44640004314,1-44640004314,U-0767,AJITDADA PAWAR COLLEGE OF POLYTECHNIC,Active,Maharashtra,Ahmednagar,Ahmednagar,"SURVEY NO. 3&6/2, SHRIRAMPUR - NEWASA ROAD,      A/P: WADALA MAHADEV; TAL: SHRIRAMPUR; DIST: AHMEDNAGAR",400224,19.094693,74.760431,Private-Self Financing,"Maharashtra State Board of Technical Education, Mumbai",Approved,Approved,B+,No,,Tier 3,http://www.ajitdadapawar.ac.in,info@ajitdadapawar.ac.in,admissions@ajitdadapawar.ac.in,placement@ajitdadapawar.ac.in,+91-80-834-3759,Electronics & Communication Engineering (ECE),Diploma,60,420,1996,Rural,Yes,Yes
1-44640004314,1-44640004314,U-0767,AJITDADA PAWAR COLLEGE OF POLYTECHNIC,Active,Maharashtra,Ahmednagar,Ahmednagar,"SURVEY NO. 3&6/2, SHRIRAMPUR - NEWASA ROAD,      A/P: WADALA MAHADEV; TAL: SHRIRAMPUR; DIST: AHMEDNAGAR",400224,19.094693,74.760431,Private-Self Financing,"Maharashtra State Board of Technical Education, Mumbai",Approved,Approved,B+,No,,Tier 3,http://www.ajitdadapawar.ac.in,info@ajitdadapawar.ac.in,admissions@ajitdadapawar.ac.in,placement@ajitdadapawar.ac.in,+91-80-834-3759,Other Engineering Branches,Diploma,90,420,1996,Rural,Yes,Yes
1-44640004314,1-44640004314,U-0767,AJITDADA PAWAR COLLEGE OF POLYTECHNIC,Active,Maharashtra,Ahmednagar,Ahmednagar,"SURVEY NO. 3&6/2, SHRIRAMPUR - NEWASA ROAD,      A/P: WADALA MAHADEV; TAL: SHRIRAMPUR; DIST: AHMEDNAGAR",400224,19.094693,74.760431,Private-Self Financing,"Maharashtra State Board of Technical Education, Mumbai",Approved,Approved,B+,No,,Tier 3,http://www.ajitdadapawar.ac.in,info@ajitdadapawar.ac.in,admissions@ajitdadapawar.ac.in,placement@ajitdadapawar.ac.in,+91-80-834-3759,Civil Engineering,Diploma,60,420,1996,Rural,Yes,Yes
1-44640004314,1-44640004314,U-0767,AJITDADA PAWAR COLLEGE OF POLYTECHNIC,Active,Maharashtra,Ahmednagar,Ahmednagar,"SURVEY NO. 3&6/2, SHRIRAMPUR - NEWASA ROAD,      A/P: WADALA MAHADEV; TAL: SHRIRAMPUR; DIST: AHMEDNAGAR",400224,19.094693,74.760431,Private-Self Financing,"Maharashtra State Board of Technical Education, Mumbai",Approved,Approved,B+,No,,Tier 3,http://www.ajitdadapawar.ac.in,info@ajitdadapawar.ac.in,admissions@ajitdadapawar.ac.in,placement@ajitdadapawar.ac.in,+91-80-834-3759,Electrical Engineering,Diploma,90,420,1996,Rural,Yes,Yes
1-44639921942,1-44639921942,U-0767,ASHOK INSTITUTE OF ENGINEERING AND TECHNOLOGY,Active,Maharashtra,Ahmednagar,Ahmednagar,"ASHOKNAGAR TAL. SHRIRAMPUR, DIST. AHMEDNAGAR",400224,19.106503,74.748637,Private-Self Financing,"Maharashtra State Board of Technical Education, Mumbai",Approved,Approved,B++,Yes,,Tier 3,http://www.ashok.ac.in,info@ashok.ac.in,admissions@ashok.ac.in,placement@ashok.ac.in,+91-80-329-7028,Chemical Engineering,Diploma,60,540,2001,Urban,Yes,Yes
1-44639921942,1-44639921942,U-0767,ASHOK INSTITUTE OF ENGINEERING AND TECHNOLOGY,Active,Maharashtra,Ahmednagar,Ahmednagar,"ASHOKNAGAR TAL. SHRIRAMPUR, DIST. AHMEDNAGAR",400224,19.106503,74.748637,Private-Self Financing,"Maharashtra State Board of Technical Education, Mumbai",Approved,Approved,B++,Yes,,Tier 3,http://www.ashok.ac.in,info@ashok.ac.in,admissions@ashok.ac.in,placement@ashok.ac.in,+91-80-329-7028,Civil Engineering,Diploma,60,540,2001,Urban,Yes,Yes
1-44639921942,1-44639921942,U-0767,ASHOK INSTITUTE OF ENGINEERING AND TECHNOLOGY,Active,Maharashtra,Ahmednagar,Ahmednagar,"ASHOKNAGAR TAL. SHRIRAMPUR, DIST. AHMEDNAGAR",400224,19.106503,74.748637,Private-Self Financing,"Maharashtra State Board of Technical Education, Mumbai",Approved,Approved,B++,Yes,,Tier 3,http://www.ashok.ac.in,info@ashok.ac.in,admissions@ashok.ac.in,placement@ashok.ac.in,+91-80-329-7028,Electronics & Communication Engineering (ECE),Diploma,60,540,2001,Urban,Yes,Yes
1-44639921942,1-44639921942,U-0767,ASHOK INSTITUTE OF ENGINEERING AND TECHNOLOGY,Active,Maharashtra,Ahmednagar,Ahmednagar,"ASHOKNAGAR TAL. SHRIRAMPUR, DIST. AHMEDNAGAR",400224,19.106503,74.748637,Private-Self Financing,"Maharashtra State Board of Technical Education, Mumbai",Approved,Approved,B++,Yes,,Tier 3,http://www.ashok.ac.in,info@ashok.ac.in,admissions@ashok.ac.in,placement@ashok.ac.in,+91-80-329-7028,Mechanical Engineering,Diploma,120,540,2001,Urban,Yes,Yes
1-44639921942,1-44639921942,U-0767,ASHOK INSTITUTE OF ENGINEERING AND TECHNOLOGY,Active,Maharashtra,Ahmednagar,Ahmednagar,"ASHOKNAGAR TAL. SHRIRAMPUR, DIST. AHMEDNAGAR",400224,19.106503,74.748637,Private-Self Financing,"Maharashtra State Board of Technical Education, Mumbai",Approved,Approved,B++,Yes,,Tier 3,http://www.ashok.ac.in,info@ashok.ac.in,admissions@ashok.ac.in,placement@ashok.ac.in,+91-80-329-7028,Computer Science Engineering (CSE),Diploma,60,540,2001,Urban,Yes,Yes
1-44639921942,1-44639921942,U-0767,ASHOK INSTITUTE OF ENGINEERING AND TECHNOLOGY,Active,Maharashtra,Ahmednagar,Ahmednagar,"ASHOKNAGAR TAL. SHRIRAMPUR, DIST. AHMEDNAGAR",400224,19.106503,74.748637,Private-Self Financing,"Maharashtra State Board of Technical Education, Mumbai",Approved,Approved,B++,Yes,,Tier 3,http://www.ashok.ac.in,info@ashok.ac.in,admissions@ashok.ac.in,placement@ashok.ac.in,+91-80-329-7028,Mechanical Engineering,B.Tech,60,540,2001,Urban,Yes,Yes
1-44639921942,1-44639921942,U-0767,ASHOK INSTITUTE OF ENGINEERING AND TECHNOLOGY,Active,Maharashtra,Ahmednagar,Ahmednagar,"ASHOKNAGAR TAL. SHRIRAMPUR, DIST. AHMEDNAGAR",400224,19.106503,74.748637,Private-Self Financing,"Maharashtra State Board of Technical Education, Mumbai",Approved,Approved,B++,Yes,,Tier 3,http://www.ashok.ac.in,info@ashok.ac.in,admissions@ashok.ac.in,placement@ashok.ac.in,+91-80-329-7028,Electronics & Communication Engineering (ECE),B.Tech,60,540,2001,Urban,Yes,Yes
1-44639921942,1-44639921942,U-0767,ASHOK INSTITUTE OF ENGINEERING AND TECHNOLOGY,Active,Maharashtra,Ahmednagar,Ahmednagar,"ASHOKNAGAR TAL. SHRIRAMPUR, DIST. AHMEDNAGAR",400224,19.106503,74.748637,Private-Self Financing,"Maharashtra State Board of Technical Education, Mumbai",Approved,Approved,B++,Yes,,Tier 3,http://www.ashok.ac.in,info@ashok.ac.in,admissions@ashok.ac.in,placement@ashok.ac.in,+91-80-329-7028,Computer Science Engineering (CSE),B.Tech,60,540,2001,Urban,Yes,Yes
1-44640008121,1-44640008121,U-0767,SAU.SUNDARBAI MANIK ADSUL POLYTECHNIC,Active,Maharashtra,Ahmednagar,Ahmednagar,"AT-CHAS, CHAS-NIMBLAK BYPASS ROAD, AHMEDNAGAR.",400224,19.113038,74.747546,Private-Self Financing,"Maharashtra State Board of Technical Education, Mumbai",Approved,Approved,Not Accredited,No,,Tier 3,http://www.sausundarbaimanikadsul.ac.in,info@sausundarbaimanikadsul.ac.in,admissions@sausundarbaimanikadsul.ac.in,placement@sausundarbaimanikadsul.ac.in,+91-80-603-8269,Mechanical Engineering,Diploma,60,360,1982,Urban,Yes,No
1-44640008121,1-44640008121,U-0767,SAU.SUNDARBAI MANIK ADSUL POLYTECHNIC,Active,Maharashtra,Ahmednagar,Ahmednagar,"AT-CHAS, CHAS-NIMBLAK BYPASS ROAD, AHMEDNAGAR.",400224,19.113038,74.747546,Private-Self Financing,"Maharashtra State Board of Technical Education, Mumbai",Approved,Approved,Not Accredited,No,,Tier 3,http://www.sausundarbaimanikadsul.ac.in,info@sausundarbaimanikadsul.ac.in,admissions@sausundarbaimanikadsul.ac.in,placement@sausundarbaimanikadsul.ac.in,+91-80-603-8269,Electrical Engineering,Diploma,60,360,1982,Urban,Yes,No
1-44640008121,1-44640008121,U-0767,SAU.SUNDARBAI MANIK ADSUL POLYTECHNIC,Active,Maharashtra,Ahmednagar,Ahmednagar,"AT-CHAS, CHAS-NIMBLAK BYPASS ROAD, AHMEDNAGAR.",400224,19.113038,74.747546,Private-Self Financing,"Maharashtra State Board of Technical Education, Mumbai",Approved,Approved,Not Accredited,No,,Tier 3,http://www.sausundarbaimanikadsul.ac.in,info@sausundarbaimanikadsul.ac.in,admissions@sausundarbaimanikadsul.ac.in,placement@sausundarbaimanikadsul.ac.in,+91-80-603-8269,Computer Science Engineering (CSE),Diploma,150,360,1982,Urban,Yes,No
1-44640008121,1-44640008121,U-0767,SAU.SUNDARBAI MANIK ADSUL POLYTECHNIC,Active,Maharashtra,Ahmednagar,Ahmednagar,"AT-CHAS, CHAS-NIMBLAK BYPASS ROAD, AHMEDNAGAR.",400224,19.113038,74.747546,Private-Self Financing,"Maharashtra State Board of Technical Education, Mumbai",Approved,Approved,Not Accredited,No,,Tier 3,http://www.sausundarbaimanikadsul.ac.in,info@sausundarbaimanikadsul.ac.in,admissions@sausundarbaimanikadsul.ac.in,placement@sausundarbaimanikadsul.ac.in,+91-80-603-8269,Electronics & Communication Engineering (ECE),Diploma,60,360,1982,Urban,Yes,No
1-44640008121,1-44640008121,U-0767,SAU.SUNDARBAI MANIK ADSUL POLYTECHNIC,Active,Maharashtra,Ahmednagar,Ahmednagar,"AT-CHAS, CHAS-NIMBLAK BYPASS ROAD, AHMEDNAGAR.",400224,19.113038,74.747546,Private-Self Financing,"Maharashtra State Board of Technical Education, Mumbai",Approved,Approved,Not Accredited,No,,Tier 3,http://www.sausundarbaimanikadsul.ac.in,info@sausundarbaimanikadsul.ac.in,admissions@sausundarbaimanikadsul.ac.in,placement@sausundarbaimanikadsul.ac.in,+91-80-603-8269,Civil Engineering,Diploma,30,360,1982,Urban,Yes,No
1-44640619958,1-44640619958,U-0920,SHRI CHHATRAPATI SHIVAJI MAHARAJ COLLEGE OF ENGINEERING,Active,Maharashtra,Ahmednagar,Ahmednagar,"SURVEY NO. 162 & 163, NAGAR KALYAN ROAD,",400224,19.092346,74.76759,Private-Self Financing,"University of Pune, Pune",Approved,Approved,B+,No,,Tier 3,http://www.shrichhatrapatishivaji.ac.in,info@shrichhatrapatishivaji.ac.in,admissions@shrichhatrapatishivaji.ac.in,placement@shrichhatrapatishivaji.ac.in,+91-80-735-9485,Civil Engineering,B.Tech,60,540,2013,Rural,Yes,Yes
1-44640619958,1-44640619958,U-0920,SHRI CHHATRAPATI SHIVAJI MAHARAJ COLLEGE OF ENGINEERING,Active,Maharashtra,Ahmednagar,Ahmednagar,"SURVEY NO. 162 & 163, NAGAR KALYAN ROAD,",400224,19.092346,74.76759,Private-Self Financing,"University of Pune, Pune",Approved,Approved,B+,No,,Tier 3,http://www.shrichhatrapatishivaji.ac.in,info@shrichhatrapatishivaji.ac.in,admissions@shrichhatrapatishivaji.ac.in,placement@shrichhatrapatishivaji.ac.in,+91-80-735-9485,Computer Science Engineering (CSE),B.Tech,90,540,2013,Rural,Yes,Yes
1-44640619958,1-44640619958,U-0920,SHRI CHHATRAPATI SHIVAJI MAHARAJ COLLEGE OF ENGINEERING,Active,Maharashtra,Ahmednagar,Ahmednagar,"SURVEY NO. 162 & 163, NAGAR KALYAN ROAD,",400224,19.092346,74.76759,Private-Self Financing,"University of Pune, Pune",Approved,Approved,B+,No,,Tier 3,http://www.shrichhatrapatishivaji.ac.in,info@shrichhatrapatishivaji.ac.in,admissions@shrichhatrapatishivaji.ac.in,placement@shrichhatrapatishivaji.ac.in,+91-80-735-9485,Mechanical Engineering,B.Tech,60,540,2013,Rural,Yes,Yes
1-44640619958,1-44640619958,U-0920,SHRI CHHATRAPATI SHIVAJI MAHARAJ COLLEGE OF ENGINEERING,Active,Maharashtra,Ahmednagar,Ahmednagar,"SURVEY NO. 162 & 163, NAGAR KALYAN ROAD,",400224,19.092346,74.76759,Private-Self Financing,"University of Pune, Pune",Approved,Approved,B+,No,,Tier 3,http://www.shrichhatrapatishivaji.ac.in,info@shrichhatrapatishivaji.ac.in,admissions@shrichhatrapatishivaji.ac.in,placement@shrichhatrapatishivaji.ac.in,+91-80-735-9485,Electronics & Communication Engineering (ECE),B.Tech,60,540,2013,Rural,Yes,Yes
1-44640619958,1-44640619958,U-0920,SHRI CHHATRAPATI SHIVAJI MAHARAJ COLLEGE OF ENGINEERING,Active,Maharashtra,Ahmednagar,Ahmednagar,"SURVEY NO. 162 & 163, NAGAR KALYAN ROAD,",400224,19.092346,74.76759,Private-Self Financing,"University of Pune, Pune",Approved,Approved,B+,No,,Tier 3,http://www.shrichhatrapatishivaji.ac.in,info@shrichhatrapatishivaji.ac.in,admissions@shrichhatrapatishivaji.ac.in,placement@shrichhatrapatishivaji.ac.in,+91-80-735-9485,Computer Science Engineering (CSE),Diploma,30,540,2013,Rural,Yes,Yes
1-44640619958,1-44640619958,U-0920,SHRI CHHATRAPATI SHIVAJI MAHARAJ COLLEGE OF ENGINEERING,Active,Maharashtra,Ahmednagar,Ahmednagar,"SURVEY NO. 162 & 163, NAGAR KALYAN ROAD,",400224,19.092346,74.76759,Private-Self Financing,"University of Pune, Pune",Approved,Approved,B+,No,,Tier 3,http://www.shrichhatrapatishivaji.ac.in,info@shrichhatrapatishivaji.ac.in,admissions@shrichhatrapatishivaji.ac.in,placement@shrichhatrapatishivaji.ac.in,+91-80-735-9485,Civil Engineering,Diploma,30,540,2013,Rural,Yes,Yes
1-44640619958,1-44640619958,U-0920,SHRI CHHATRAPATI SHIVAJI MAHARAJ COLLEGE OF ENGINEERING,Active,Maharashtra,Ahmednagar,Ahmednagar,"SURVEY NO. 162 & 163, NAGAR KALYAN ROAD,",400224,19.092346,74.76759,Private-Self Financing,"University of Pune, Pune",Approved,Approved,B+,No,,Tier 3,http://www.shrichhatrapatishivaji.ac.in,info@shrichhatrapatishivaji.ac.in,admissions@shrichhatrapatishivaji.ac.in,placement@shrichhatrapatishivaji.ac.in,+91-80-735-9485,Data Science,B.Tech,90,540,2013,Rural,Yes,Yes
1-44640619958,1-44640619958,U-0920,SHRI CHHATRAPATI SHIVAJI MAHARAJ COLLEGE OF ENGINEERING,Active,Maharashtra,Ahmednagar,Ahmednagar,"SURVEY NO. 162 & 163, NAGAR KALYAN ROAD,",400224,19.092346,74.76759,Private-Self Financing,"University of Pune, Pune",Approved,Approved,B+,No,,Tier 3,http://www.shrichhatrapatishivaji.ac.in,info@shrichhatrapatishivaji.ac.in,admissions@shrichhatrapatishivaji.ac.in,placement@shrichhatrapatishivaji.ac.in,+91-80-735-9485,Artificial Intelligence & Machine Learning (AI & ML),B.Tech,60,540,2013,Rural,Yes,Yes
1-44640619958,1-44640619958,U-0920,SHRI CHHATRAPATI SHIVAJI MAHARAJ COLLEGE OF ENGINEERING,Active,Maharashtra,Ahmednagar,Ahmednagar,"SURVEY NO. 162 & 163, NAGAR KALYAN ROAD,",400224,19.092346,74.76759,Private-Self Financing,"University of Pune, Pune",Approved,Approved,B+,No,,Tier 3,http://www.shrichhatrapatishivaji.ac.in,info@shrichhatrapatishivaji.ac.in,admissions@shrichhatrapatishivaji.ac.in,placement@shrichhatrapatishivaji.ac.in,+91-80-735-9485,Robotics,B.Tech,60,540,2013,Rural,Yes,Yes
1-44640412707,1-44640412707,U-0920,"VISHWABHARATI ACADEMY'S COLLEGE OF ENGINEERING, AHMEDNAGAR",Active,Maharashtra,Ahmednagar,Ahmednagar,"GAT NO. 171, 145/1, 2 VILLAGE SAROLA BADDI, JAMKHED ROAD, TQ. AHMEDNAGAR DIST.  AHMEDNAGAR",400224,19.102532,74.74679,Private-Self Financing,"University of Pune, Pune",Approved,Approved,A+,Yes,,Tier 2,http://www.vishwabharatiacademysahmednagar.ac.in,info@vishwabharatiacademysahmednagar.ac.in,admissions@vishwabharatiacademysahmednagar.ac.in,placement@vishwabharatiacademysahmednagar.ac.in,+91-80-163-1736,Computer Science Engineering (CSE),B.Tech,150,636,1981,Rural,Yes,No
1-44640412707,1-44640412707,U-0920,"VISHWABHARATI ACADEMY'S COLLEGE OF ENGINEERING, AHMEDNAGAR",Active,Maharashtra,Ahmednagar,Ahmednagar,"GAT NO. 171, 145/1, 2 VILLAGE SAROLA BADDI, JAMKHED ROAD, TQ. AHMEDNAGAR DIST.  AHMEDNAGAR",400224,19.102532,74.74679,Private-Self Financing,"University of Pune, Pune",Approved,Approved,A+,Yes,,Tier 2,http://www.vishwabharatiacademysahmednagar.ac.in,info@vishwabharatiacademysahmednagar.ac.in,admissions@vishwabharatiacademysahmednagar.ac.in,placement@vishwabharatiacademysahmednagar.ac.in,+91-80-163-1736,Mechanical Engineering,B.Tech,60,636,1981,Rural,Yes,No
1-44640412707,1-44640412707,U-0920,"VISHWABHARATI ACADEMY'S COLLEGE OF ENGINEERING, AHMEDNAGAR",Active,Maharashtra,Ahmednagar,Ahmednagar,"GAT NO. 171, 145/1, 2 VILLAGE SAROLA BADDI, JAMKHED ROAD, TQ. AHMEDNAGAR DIST.  AHMEDNAGAR",400224,19.102532,74.74679,Private-Self Financing,"University of Pune, Pune",Approved,Approved,A+,Yes,,Tier 2,http://www.vishwabharatiacademysahmednagar.ac.in,info@vishwabharatiacademysahmednagar.ac.in,admissions@vishwabharatiacademysahmednagar.ac.in,placement@vishwabharatiacademysahmednagar.ac.in,+91-80-163-1736,Civil Engineering,B.Tech,60,636,1981,Rural,Yes,No
1-44640412707,1-44640412707,U-0920,"VISHWABHARATI ACADEMY'S COLLEGE OF ENGINEERING, AHMEDNAGAR",Active,Maharashtra,Ahmednagar,Ahmednagar,"GAT NO. 171, 145/1, 2 VILLAGE SAROLA BADDI, JAMKHED ROAD, TQ. AHMEDNAGAR DIST.  AHMEDNAGAR",400224,19.102532,74.74679,Private-Self Financing,"University of Pune, Pune",Approved,Approved,A+,Yes,,Tier 2,http://www.vishwabharatiacademysahmednagar.ac.in,info@vishwabharatiacademysahmednagar.ac.in,admissions@vishwabharatiacademysahmednagar.ac.in,placement@vishwabharatiacademysahmednagar.ac.in,+91-80-163-1736,Civil Engineering,Diploma,30,636,1981,Rural,Yes,No
1-44640412707,1-44640412707,U-0920,"VISHWABHARATI ACADEMY'S COLLEGE OF ENGINEERING, AHMEDNAGAR",Active,Maharashtra,Ahmednagar,Ahmednagar,"GAT NO. 171, 145/1, 2 VILLAGE SAROLA BADDI, JAMKHED ROAD, TQ. AHMEDNAGAR DIST.  AHMEDNAGAR",400224,19.102532,74.74679,Private-Self Financing,"University of Pune, Pune",Approved,Approved,A+,Yes,,Tier 2,http://www.vishwabharatiacademysahmednagar.ac.in,info@vishwabharatiacademysahmednagar.ac.in,admissions@vishwabharatiacademysahmednagar.ac.in,placement@vishwabharatiacademysahmednagar.ac.in,+91-80-163-1736,Mechanical Engineering,Diploma,60,636,1981,Rural,Yes,No
1-44640412707,1-44640412707,U-0920,"VISHWABHARATI ACADEMY'S COLLEGE OF ENGINEERING, AHMEDNAGAR",Active,Maharashtra,Ahmednagar,Ahmednagar,"GAT NO. 171, 145/1, 2 VILLAGE SAROLA BADDI, JAMKHED ROAD, TQ. AHMEDNAGAR DIST.  AHMEDNAGAR",400224,19.102532,74.74679,Private-Self Financing,"University of Pune, Pune",Approved,Approved,A+,Yes,,Tier 2,http://www.vishwabharatiacademysahmednagar.ac.in,info@vishwabharatiacademysahmednagar.ac.in,admissions@vishwabharatiacademysahmednagar.ac.in,placement@vishwabharatiacademysahmednagar.ac.in,+91-80-163-1736,Computer Science Engineering (CSE),M.Tech,18,636,1981,Rural,Yes,No
1-44640412707,1-44640412707,U-0920,"VISHWABHARATI ACADEMY'S COLLEGE OF ENGINEERING, AHMEDNAGAR",Active,Maharashtra,Ahmednagar,Ahmednagar,"GAT NO. 171, 145/1, 2 VILLAGE SAROLA BADDI, JAMKHED ROAD, TQ. AHMEDNAGAR DIST.  AHMEDNAGAR",400224,19.102532,74.74679,Private-Self Financing,"University of Pune, Pune",Approved,Approved,A+,Yes,,Tier 2,http://www.vishwabharatiacademysahmednagar.ac.in,info@vishwabharatiacademysahmednagar.ac.in,admissions@vishwabharatiacademysahmednagar.ac.in,placement@vishwabharatiacademysahmednagar.ac.in,+91-80-163-1736,Mechanical Engineering,M.Tech,18,636,1981,Rural,Yes,No
1-44640412707,1-44640412707,U-0920,"VISHWABHARATI ACADEMY'S COLLEGE OF ENGINEERING, AHMEDNAGAR",Active,Maharashtra,Ahmednagar,Ahmednagar,"GAT NO. 171, 145/1, 2 VILLAGE SAROLA BADDI, JAMKHED ROAD, TQ. AHMEDNAGAR DIST.  AHMEDNAGAR",400224,19.102532,74.74679,Private-Self Financing,"University of Pune, Pune",Approved,Approved,A+,Yes,,Tier 2,http://www.vishwabharatiacademysahmednagar.ac.in,info@vishwabharatiacademysahmednagar.ac.in,admissions@vishwabharatiacademysahmednagar.ac.in,placement@vishwabharatiacademysahmednagar.ac.in,+91-80-163-1736,Electrical Engineering,Diploma,60,636,1981,Rural,Yes,No
1-44640412707,1-44640412707,U-0920,"VISHWABHARATI ACADEMY'S COLLEGE OF ENGINEERING, AHMEDNAGAR",Active,Maharashtra,Ahmednagar,Ahmednagar,"GAT NO. 171, 145/1, 2 VILLAGE SAROLA BADDI, JAMKHED ROAD, TQ. AHMEDNAGAR DIST.  AHMEDNAGAR",400224,19.102532,74.74679,Private-Self Financing,"University of Pune, Pune",Approved,Approved,A+,Yes,,Tier 2,http://www.vishwabharatiacademysahmednagar.ac.in,info@vishwabharatiacademysahmednagar.ac.in,admissions@vishwabharatiacademysahmednagar.ac.in,placement@vishwabharatiacademysahmednagar.ac.in,+91-80-163-1736,Computer Science Engineering (CSE),Diploma,60,636,1981,Rural,Yes,No
1-44640412707,1-44640412707,U-0920,"VISHWABHARATI ACADEMY'S COLLEGE OF ENGINEERING, AHMEDNAGAR",Active,Maharashtra,Ahmednagar,Ahmednagar,"GAT NO. 171, 145/1, 2 VILLAGE SAROLA BADDI, JAMKHED ROAD, TQ. AHMEDNAGAR DIST.  AHMEDNAGAR",400224,19.102532,74.74679,Private-Self Financing,"University of Pune, Pune",Approved,Approved,A+,Yes,,Tier 2,http://www.vishwabharatiacademysahmednagar.ac.in,info@vishwabharatiacademysahmednagar.ac.in,admissions@vishwabharatiacademysahmednagar.ac.in,placement@vishwabharatiacademysahmednagar.ac.in,+91-80-163-1736,Data Science,B.Tech,60,636,1981,Rural,Yes,No
1-44640412707,1-44640412707,U-0920,"VISHWABHARATI ACADEMY'S COLLEGE OF ENGINEERING, AHMEDNAGAR",Active,Maharashtra,Ahmednagar,Ahmednagar,"GAT NO. 171, 145/1, 2 VILLAGE SAROLA BADDI, JAMKHED ROAD, TQ. AHMEDNAGAR DIST.  AHMEDNAGAR",400224,19.102532,74.74679,Private-Self Financing,"University of Pune, Pune",Approved,Approved,A+,Yes,,Tier 2,http://www.vishwabharatiacademysahmednagar.ac.in,info@vishwabharatiacademysahmednagar.ac.in,admissions@vishwabharatiacademysahmednagar.ac.in,placement@vishwabharatiacademysahmednagar.ac.in,+91-80-163-1736,Electrical Engineering,B.Tech,60,636,1981,Rural,Yes,No
1-44640583509,1-44640583509,U-0767,"VAMANRAO ITAHPE POLYTECHNIC VELHALE, SANGAMNER",Active,Maharashtra,Ahmednagar,Ahmednagar,AP-VELHALE  TAL-SANGAMNER DIST-AHMEDNAGAR,400224,19.098852,74.734674,Private-Self Financing,"Maharashtra State Board of Technical Education, Mumbai",Approved,Approved,B++,No,,Tier 3,http://www.vamanraoitahpevelhale.ac.in,info@vamanraoitahpevelhale.ac.in,admissions@vamanraoitahpevelhale.ac.in,placement@vamanraoitahpevelhale.ac.in,+91-80-008-7978,Civil Engineering,Diploma,60,300,1991,Urban,Yes,No
1-44640583509,1-44640583509,U-0767,"VAMANRAO ITAHPE POLYTECHNIC VELHALE, SANGAMNER",Active,Maharashtra,Ahmednagar,Ahmednagar,AP-VELHALE  TAL-SANGAMNER DIST-AHMEDNAGAR,400224,19.098852,74.734674,Private-Self Financing,"Maharashtra State Board of Technical Education, Mumbai",Approved,Approved,B++,No,,Tier 3,http://www.vamanraoitahpevelhale.ac.in,info@vamanraoitahpevelhale.ac.in,admissions@vamanraoitahpevelhale.ac.in,placement@vamanraoitahpevelhale.ac.in,+91-80-008-7978,Mechanical Engineering,Diploma,60,300,1991,Urban,Yes,No
1-44640583509,1-44640583509,U-0767,"VAMANRAO ITAHPE POLYTECHNIC VELHALE, SANGAMNER",Active,Maharashtra,Ahmednagar,Ahmednagar,AP-VELHALE  TAL-SANGAMNER DIST-AHMEDNAGAR,400224,19.098852,74.734674,Private-Self Financing,"Maharashtra State Board of Technical Education, Mumbai",Approved,Approved,B++,No,,Tier 3,http://www.vamanraoitahpevelhale.ac.in,info@vamanraoitahpevelhale.ac.in,admissions@vamanraoitahpevelhale.ac.in,placement@vamanraoitahpevelhale.ac.in,+91-80-008-7978,Electrical Engineering,Diploma,120,300,1991,Urban,Yes,No
1-44640583509,1-44640583509,U-0767,"VAMANRAO ITAHPE POLYTECHNIC VELHALE, SANGAMNER",Active,Maharashtra,Ahmednagar,Ahmednagar,AP-VELHALE  TAL-SANGAMNER DIST-AHMEDNAGAR,400224,19.098852,74.734674,Private-Self Financing,"Maharashtra State Board of Technical Education, Mumbai",Approved,Approved,B++,No,,Tier 3,http://www.vamanraoitahpevelhale.ac.in,info@vamanraoitahpevelhale.ac.in,admissions@vamanraoitahpevelhale.ac.in,placement@vamanraoitahpevelhale.ac.in,+91-80-008-7978,Computer Science Engineering (CSE),Diploma,60,300,1991,Urban,Yes,No
1-44640379747,1-44640379747,U-0767,"SANJIVANI K.B.P.POLYTECHNIC,KOPARGAON",Active,Maharashtra,Ahmednagar,Ahmednagar,AT-SAHAJANANDNAGAR POST.SHINGANAPUR TAL.KOPARGAON DIST.AHMEDNAGAR,400224,19.11011,74.762904,Private-Self Financing,"Maharashtra State Board of Technical Education, Mumbai",Approved,Approved,B+,No,,Tier 3,http://www.sanjivanikbppolytechnickopargaon.ac.in,info@sanjivanikbppolytechnickopargaon.ac.in,admissions@sanjivanikbppolytechnickopargaon.ac.in,placement@sanjivanikbppolytechnickopargaon.ac.in,+91-80-481-0079,Mechanical Engineering,Diploma,240,600,1983,Rural,Yes,Yes
1-44640379747,1-44640379747,U-0767,"SANJIVANI K.B.P.POLYTECHNIC,KOPARGAON",Active,Maharashtra,Ahmednagar,Ahmednagar,AT-SAHAJANANDNAGAR POST.SHINGANAPUR TAL.KOPARGAON DIST.AHMEDNAGAR,400224,19.11011,74.762904,Private-Self Financing,"Maharashtra State Board of Technical Education, Mumbai",Approved,Approved,B+,No,,Tier 3,http://www.sanjivanikbppolytechnickopargaon.ac.in,info@sanjivanikbppolytechnickopargaon.ac.in,admissions@sanjivanikbppolytechnickopargaon.ac.in,placement@sanjivanikbppolytechnickopargaon.ac.in,+91-80-481-0079,Other Engineering Branches,Diploma,180,600,1983,Rural,Yes,Yes
1-44640379747,1-44640379747,U-0767,"SANJIVANI K.B.P.POLYTECHNIC,KOPARGAON",Active,Maharashtra,Ahmednagar,Ahmednagar,AT-SAHAJANANDNAGAR POST.SHINGANAPUR TAL.KOPARGAON DIST.AHMEDNAGAR,400224,19.11011,74.762904,Private-Self Financing,"Maharashtra State Board of Technical Education, Mumbai",Approved,Approved,B+,No,,Tier 3,http://www.sanjivanikbppolytechnickopargaon.ac.in,info@sanjivanikbppolytechnickopargaon.ac.in,admissions@sanjivanikbppolytechnickopargaon.ac.in,placement@sanjivanikbppolytechnickopargaon.ac.in,+91-80-481-0079,Electrical Engineering,Diploma,120,600,1983,Rural,Yes,Yes
1-44640379747,1-44640379747,U-0767,"SANJIVANI K.B.P.POLYTECHNIC,KOPARGAON",Active,Maharashtra,Ahmednagar,Ahmednagar,AT-SAHAJANANDNAGAR POST.SHINGANAPUR TAL.KOPARGAON DIST.AHMEDNAGAR,400224,19.11011,74.762904,Private-Self Financing,"Maharashtra State Board of Technical Education, Mumbai",Approved,Approved,B+,No,,Tier 3,http://www.sanjivanikbppolytechnickopargaon.ac.in,info@sanjivanikbppolytechnickopargaon.ac.in,admissions@sanjivanikbppolytechnickopargaon.ac.in,placement@sanjivanikbppolytechnickopargaon.ac.in,+91-80-481-0079,Civil Engineering,Diploma,60,600,1983,Rural,Yes,Yes
1-44640636053,1-44640636053,U-0920,VIDYA NIKETAN COLLEGE OF ENGINEERING,Active,Maharashtra,Ahmednagar,Ahmednagar,"GAT NO. 670, VIDYANAGARI, PUNE- NASHIK ROAD, AT POST- BOTA, TAL-SANGAMNER, DIST- AHMEDNAGAR",400224,19.112356,74.743948,Private-Self Financing,"University of Pune, Pune",Approved,Approved,B++,No,,Tier 3,http://www.vidyaniketan.ac.in,info@vidyaniketan.ac.in,admissions@vidyaniketan.ac.in,placement@vidyaniketan.ac.in,+91-80-575-2038,Civil Engineering,B.Tech,60,360,1998,Urban,Yes,Yes
1-44640636053,1-44640636053,U-0920,VIDYA NIKETAN COLLEGE OF ENGINEERING,Active,Maharashtra,Ahmednagar,Ahmednagar,"GAT NO. 670, VIDYANAGARI, PUNE- NASHIK ROAD, AT POST- BOTA, TAL-SANGAMNER, DIST- AHMEDNAGAR",400224,19.112356,74.743948,Private-Self Financing,"University of Pune, Pune",Approved,Approved,B++,No,,Tier 3,http://www.vidyaniketan.ac.in,info@vidyaniketan.ac.in,admissions@vidyaniketan.ac.in,placement@vidyaniketan.ac.in,+91-80-575-2038,Mechanical Engineering,B.Tech,60,360,1998,Urban,Yes,Yes
1-44640636053,1-44640636053,U-0920,VIDYA NIKETAN COLLEGE OF ENGINEERING,Active,Maharashtra,Ahmednagar,Ahmednagar,"GAT NO. 670, VIDYANAGARI, PUNE- NASHIK ROAD, AT POST- BOTA, TAL-SANGAMNER, DIST- AHMEDNAGAR",400224,19.112356,74.743948,Private-Self Financing,"University of Pune, Pune",Approved,Approved,B++,No,,Tier 3,http://www.vidyaniketan.ac.in,info@vidyaniketan.ac.in,admissions@vidyaniketan.ac.in,placement@vidyaniketan.ac.in,+91-80-575-2038,Electrical Engineering,B.Tech,30,360,1998,Urban,Yes,Yes
1-44640636053,1-44640636053,U-0920,VIDYA NIKETAN COLLEGE OF ENGINEERING,Active,Maharashtra,Ahmednagar,Ahmednagar,"GAT NO. 670, VIDYANAGARI, PUNE- NASHIK ROAD, AT POST- BOTA, TAL-SANGAMNER, DIST- AHMEDNAGAR",400224,19.112356,74.743948,Private-Self Financing,"University of Pune, Pune",Approved,Approved,B++,No,,Tier 3,http://www.vidyaniketan.ac.in,info@vidyaniketan.ac.in,admissions@vidyaniketan.ac.in,placement@vidyaniketan.ac.in,+91-80-575-2038,Electronics & Communication Engineering (ECE),B.Tech,60,360,1998,Urban,Yes,Yes
1-44640636053,1-44640636053,U-0920,VIDYA NIKETAN COLLEGE OF ENGINEERING,Active,Maharashtra,Ahmednagar,Ahmednagar,"GAT NO. 670, VIDYANAGARI, PUNE- NASHIK ROAD, AT POST- BOTA, TAL-SANGAMNER, DIST- AHMEDNAGAR",400224,19.112356,74.743948,Private-Self Financing,"University of Pune, Pune",Approved,Approved,B++,No,,Tier 3,http://www.vidyaniketan.ac.in,info@vidyaniketan.ac.in,admissions@vidyaniketan.ac.in,placement@vidyaniketan.ac.in,+91-80-575-2038,Computer Science Engineering (CSE),B.Tech,60,360,1998,Urban,Yes,Yes
1-44640636053,1-44640636053,U-0920,VIDYA NIKETAN COLLEGE OF ENGINEERING,Active,Maharashtra,Ahmednagar,Ahmednagar,"GAT NO. 670, VIDYANAGARI, PUNE- NASHIK ROAD, AT POST- BOTA, TAL-SANGAMNER, DIST- AHMEDNAGAR",400224,19.112356,74.743948,Private-Self Financing,"University of Pune, Pune",Approved,Approved,B++,No,,Tier 3,http://www.vidyaniketan.ac.in,info@vidyaniketan.ac.in,admissions@vidyaniketan.ac.in,placement@vidyaniketan.ac.in,+91-80-575-2038,Mechanical Engineering,Diploma,30,360,1998,Urban,Yes,Yes
1-44640636053,1-44640636053,U-0920,VIDYA NIKETAN COLLEGE OF ENGINEERING,Active,Maharashtra,Ahmednagar,Ahmednagar,"GAT NO. 670, VIDYANAGARI, PUNE- NASHIK ROAD, AT POST- BOTA, TAL-SANGAMNER, DIST- AHMEDNAGAR",400224,19.112356,74.743948,Private-Self Financing,"University of Pune, Pune",Approved,Approved,B++,No,,Tier 3,http://www.vidyaniketan.ac.in,info@vidyaniketan.ac.in,admissions@vidyaniketan.ac.in,placement@vidyaniketan.ac.in,+91-80-575-2038,Electrical Engineering,Diploma,30,360,1998,Urban,Yes,Yes
1-44640636053,1-44640636053,U-0920,VIDYA NIKETAN COLLEGE OF ENGINEERING,Active,Maharashtra,Ahmednagar,Ahmednagar,"GAT NO. 670, VIDYANAGARI, PUNE- NASHIK ROAD, AT POST- BOTA, TAL-SANGAMNER, DIST- AHMEDNAGAR",400224,19.112356,74.743948,Private-Self Financing,"University of Pune, Pune",Approved,Approved,B++,No,,Tier 3,http://www.vidyaniketan.ac.in,info@vidyaniketan.ac.in,admissions@vidyaniketan.ac.in,placement@vidyaniketan.ac.in,+91-80-575-2038,Civil Engineering,Diploma,30,360,1998,Urban,Yes,Yes
1-44641259056,1-44641259056,U-0767,RAJENDRA JOTIRAM PHULE POLYTECHNIC,Active,Maharashtra,Ahmednagar,Ahmednagar,"BELGAON ROAD, MIRAJGAON, TAL : KARJAT DIST : AHMEDNAGAR",400224,19.1091,74.76157,Private-Self Financing,"Maharashtra State Board of Technical Education, Mumbai",Approved,Approved,B++,No,,Tier 3,http://www.rajendrajotiramphule.ac.in,info@rajendrajotiramphule.ac.in,admissions@rajendrajotiramphule.ac.in,placement@rajendrajotiramphule.ac.in,+91-80-438-6390,Civil Engineering,Diploma,60,300,2009,Urban,Yes,Yes
1-44641259056,1-44641259056,U-0767,RAJENDRA JOTIRAM PHULE POLYTECHNIC,Active,Maharashtra,Ahmednagar,Ahmednagar,"BELGAON ROAD, MIRAJGAON, TAL : KARJAT DIST : AHMEDNAGAR",400224,19.1091,74.76157,Private-Self Financing,"Maharashtra State Board of Technical Education, Mumbai",Approved,Approved,B++,No,,Tier 3,http://www.rajendrajotiramphule.ac.in,info@rajendrajotiramphule.ac.in,admissions@rajendrajotiramphule.ac.in,placement@rajendrajotiramphule.ac.in,+91-80-438-6390,Computer Science Engineering (CSE),Diploma,60,300,2009,Urban,Yes,Yes
1-44641259056,1-44641259056,U-0767,RAJENDRA JOTIRAM PHULE POLYTECHNIC,Active,Maharashtra,Ahmednagar,Ahmednagar,"BELGAON ROAD, MIRAJGAON, TAL : KARJAT DIST : AHMEDNAGAR",400224,19.1091,74.76157,Private-Self Financing,"Maharashtra State Board of Technical Education, Mumbai",Approved,Approved,B++,No,,Tier 3,http://www.rajendrajotiramphule.ac.in,info@rajendrajotiramphule.ac.in,admissions@rajendrajotiramphule.ac.in,placement@rajendrajotiramphule.ac.in,+91-80-438-6390,Electrical Engineering,Diploma,60,300,2009,Urban,Yes,Yes
1-44641259056,1-44641259056,U-0767,RAJENDRA JOTIRAM PHULE POLYTECHNIC,Active,Maharashtra,Ahmednagar,Ahmednagar,"BELGAON ROAD, MIRAJGAON, TAL : KARJAT DIST : AHMEDNAGAR",400224,19.1091,74.76157,Private-Self Financing,"Maharashtra State Board of Technical Education, Mumbai",Approved,Approved,B++,No,,Tier 3,http://www.rajendrajotiramphule.ac.in,info@rajendrajotiramphule.ac.in,admissions@rajendrajotiramphule.ac.in,placement@rajendrajotiramphule.ac.in,+91-80-438-6390,Electronics & Communication Engineering (ECE),Diploma,60,300,2009,Urban,Yes,Yes
1-44641259056,1-44641259056,U-0767,RAJENDRA JOTIRAM PHULE POLYTECHNIC,Active,Maharashtra,Ahmednagar,Ahmednagar,"BELGAON ROAD, MIRAJGAON, TAL : KARJAT DIST : AHMEDNAGAR",400224,19.1091,74.76157,Private-Self Financing,"Maharashtra State Board of Technical Education, Mumbai",Approved,Approved,B++,No,,Tier 3,http://www.rajendrajotiramphule.ac.in,info@rajendrajotiramphule.ac.in,admissions@rajendrajotiramphule.ac.in,placement@rajendrajotiramphule.ac.in,+91-80-438-6390,Mechanical Engineering,Diploma,60,300,2009,Urban,Yes,Yes
1-44641386224,1-44641386224,U-0920,ADSUL'S TECHNICAL CAMPUS,Active,Maharashtra,Ahmednagar,Ahmednagar,"AT-CHAS, CHAS-NIMBLAK BYPASS ROAD, AHMEDNAGAR",400224,19.089177,74.758591,Private-Self Financing,"University of Pune, Pune",Approved,Approved,B+,No,,Tier 3,http://www.adsulstechnicalcampus.ac.in,info@adsulstechnicalcampus.ac.in,admissions@adsulstechnicalcampus.ac.in,placement@adsulstechnicalcampus.ac.in,+91-80-603-0275,Mechanical Engineering,B.Tech,120,930,1990,Rural,Yes,Yes
1-44641386224,1-44641386224,U-0920,ADSUL'S TECHNICAL CAMPUS,Active,Maharashtra,Ahmednagar,Ahmednagar,"AT-CHAS, CHAS-NIMBLAK BYPASS ROAD, AHMEDNAGAR",400224,19.089177,74.758591,Private-Self Financing,"University of Pune, Pune",Approved,Approved,B+,No,,Tier 3,http://www.adsulstechnicalcampus.ac.in,info@adsulstechnicalcampus.ac.in,admissions@adsulstechnicalcampus.ac.in,placement@adsulstechnicalcampus.ac.in,+91-80-603-0275,Civil Engineering,B.Tech,90,930,1990,Rural,Yes,Yes
1-44641386224,1-44641386224,U-0920,ADSUL'S TECHNICAL CAMPUS,Active,Maharashtra,Ahmednagar,Ahmednagar,"AT-CHAS, CHAS-NIMBLAK BYPASS ROAD, AHMEDNAGAR",400224,19.089177,74.758591,Private-Self Financing,"University of Pune, Pune",Approved,Approved,B+,No,,Tier 3,http://www.adsulstechnicalcampus.ac.in,info@adsulstechnicalcampus.ac.in,admissions@adsulstechnicalcampus.ac.in,placement@adsulstechnicalcampus.ac.in,+91-80-603-0275,Electronics & Communication Engineering (ECE),B.Tech,60,930,1990,Rural,Yes,Yes
1-44641386224,1-44641386224,U-0920,ADSUL'S TECHNICAL CAMPUS,Active,Maharashtra,Ahmednagar,Ahmednagar,"AT-CHAS, CHAS-NIMBLAK BYPASS ROAD, AHMEDNAGAR",400224,19.089177,74.758591,Private-Self Financing,"University of Pune, Pune",Approved,Approved,B+,No,,Tier 3,http://www.adsulstechnicalcampus.ac.in,info@adsulstechnicalcampus.ac.in,admissions@adsulstechnicalcampus.ac.in,placement@adsulstechnicalcampus.ac.in,+91-80-603-0275,Computer Science Engineering (CSE),B.Tech,180,930,1990,Rural,Yes,Yes
1-44641386224,1-44641386224,U-0920,ADSUL'S TECHNICAL CAMPUS,Active,Maharashtra,Ahmednagar,Ahmednagar,"AT-CHAS, CHAS-NIMBLAK BYPASS ROAD, AHMEDNAGAR",400224,19.089177,74.758591,Private-Self Financing,"University of Pune, Pune",Approved,Approved,B+,No,,Tier 3,http://www.adsulstechnicalcampus.ac.in,info@adsulstechnicalcampus.ac.in,admissions@adsulstechnicalcampus.ac.in,placement@adsulstechnicalcampus.ac.in,+91-80-603-0275,Electrical Engineering,B.Tech,120,930,1990,Rural,Yes,Yes
1-44641386224,1-44641386224,U-0920,ADSUL'S TECHNICAL CAMPUS,Active,Maharashtra,Ahmednagar,Ahmednagar,"AT-CHAS, CHAS-NIMBLAK BYPASS ROAD, AHMEDNAGAR",400224,19.089177,74.758591,Private-Self Financing,"University of Pune, Pune",Approved,Approved,B+,No,,Tier 3,http://www.adsulstechnicalcampus.ac.in,info@adsulstechnicalcampus.ac.in,admissions@adsulstechnicalcampus.ac.in,placement@adsulstechnicalcampus.ac.in,+91-80-603-0275,Information Technology (IT),B.Tech,120,930,1990,Rural,Yes,Yes
1-44641386224,1-44641386224,U-0920,ADSUL'S TECHNICAL CAMPUS,Active,Maharashtra,Ahmednagar,Ahmednagar,"AT-CHAS, CHAS-NIMBLAK BYPASS ROAD, AHMEDNAGAR",400224,19.089177,74.758591,Private-Self Financing,"University of Pune, Pune",Approved,Approved,B+,No,,Tier 3,http://www.adsulstechnicalcampus.ac.in,info@adsulstechnicalcampus.ac.in,admissions@adsulstechnicalcampus.ac.in,placement@adsulstechnicalcampus.ac.in,+91-80-603-0275,Data Science,B.Tech,120,930,1990,Rural,Yes,Yes
1-44641386224,1-44641386224,U-0920,ADSUL'S TECHNICAL CAMPUS,Active,Maharashtra,Ahmednagar,Ahmednagar,"AT-CHAS, CHAS-NIMBLAK BYPASS ROAD, AHMEDNAGAR",400224,19.089177,74.758591,Private-Self Financing,"University of Pune, Pune",Approved,Approved,B+,No,,Tier 3,http://www.adsulstechnicalcampus.ac.in,info@adsulstechnicalcampus.ac.in,admissions@adsulstechnicalcampus.ac.in,placement@adsulstechnicalcampus.ac.in,+91-80-603-0275,Computer Science Engineering (CSE),M.Tech,24,930,1990,Rural,Yes,Yes
1-44641386224,1-44641386224,U-0920,ADSUL'S TECHNICAL CAMPUS,Active,Maharashtra,Ahmednagar,Ahmednagar,"AT-CHAS, CHAS-NIMBLAK BYPASS ROAD, AHMEDNAGAR",400224,19.089177,74.758591,Private-Self Financing,"University of Pune, Pune",Approved,Approved,B+,No,,Tier 3,http://www.adsulstechnicalcampus.ac.in,info@adsulstechnicalcampus.ac.in,admissions@adsulstechnicalcampus.ac.in,placement@adsulstechnicalcampus.ac.in,+91-80-603-0275,Civil Engineering,M.Tech,24,930,1990,Rural,Yes,Yes
1-44641386224,1-44641386224,U-0920,ADSUL'S TECHNICAL CAMPUS,Active,Maharashtra,Ahmednagar,Ahmednagar,"AT-CHAS, CHAS-NIMBLAK BYPASS ROAD, AHMEDNAGAR",400224,19.089177,74.758591,Private-Self Financing,"University of Pune, Pune",Approved,Approved,B+,No,,Tier 3,http://www.adsulstechnicalcampus.ac.in,info@adsulstechnicalcampus.ac.in,admissions@adsulstechnicalcampus.ac.in,placement@adsulstechnicalcampus.ac.in,+91-80-603-0275,Electronics & Communication Engineering (ECE),M.Tech,24,930,1990,Rural,Yes,Yes
1-44641386224,1-44641386224,U-0920,ADSUL'S TECHNICAL CAMPUS,Active,Maharashtra,Ahmednagar,Ahmednagar,"AT-CHAS, CHAS-NIMBLAK BYPASS ROAD, AHMEDNAGAR",400224,19.089177,74.758591,Private-Self Financing,"University of Pune, Pune",Approved,Approved,B+,No,,Tier 3,http://www.adsulstechnicalcampus.ac.in,info@adsulstechnicalcampus.ac.in,admissions@adsulstechnicalcampus.ac.in,placement@adsulstechnicalcampus.ac.in,+91-80-603-0275,Mechanical Engineering,M.Tech,24,930,1990,Rural,Yes,Yes
1-44641386224,1-44641386224,U-0920,ADSUL'S TECHNICAL CAMPUS,Active,Maharashtra,Ahmednagar,Ahmednagar,"AT-CHAS, CHAS-NIMBLAK BYPASS ROAD, AHMEDNAGAR",400224,19.089177,74.758591,Private-Self Financing,"University of Pune, Pune",Approved,Approved,B+,No,,Tier 3,http://www.adsulstechnicalcampus.ac.in,info@adsulstechnicalcampus.ac.in,admissions@adsulstechnicalcampus.ac.in,placement@adsulstechnicalcampus.ac.in,+91-80-603-0275,Electrical Engineering,M.Tech,24,930,1990,Rural,Yes,Yes
1-44641307947,1-44641307947,U-0767,KARMAVEER SHANKARRAO KALE EDUCATION SOCIETY'S  GAUTAM POLYTECHNIC INSTITUTE,Active,Maharashtra,Ahmednagar,Ahmednagar,"GAUTAM NAGAR, POST - KOLPEWADI, TAL. KOPARGAON",400224,19.101653,74.76455,Private-Self Financing,"Maharashtra State Board of Technical Education, Mumbai",Approved,Approved,A,No,,Tier 3,http://www.karmaveershankarraokale.ac.in,info@karmaveershankarraokale.ac.in,admissions@karmaveershankarraokale.ac.in,placement@karmaveershankarraokale.ac.in,+91-80-126-2953,Civil Engineering,Diploma,60,270,2020,Urban,Yes,Yes
1-44641307947,1-44641307947,U-0767,KARMAVEER SHANKARRAO KALE EDUCATION SOCIETY'S  GAUTAM POLYTECHNIC INSTITUTE,Active,Maharashtra,Ahmednagar,Ahmednagar,"GAUTAM NAGAR, POST - KOLPEWADI, TAL. KOPARGAON",400224,19.101653,74.76455,Private-Self Financing,"Maharashtra State Board of Technical Education, Mumbai",Approved,Approved,A,No,,Tier 3,http://www.karmaveershankarraokale.ac.in,info@karmaveershankarraokale.ac.in,admissions@karmaveershankarraokale.ac.in,placement@karmaveershankarraokale.ac.in,+91-80-126-2953,Computer Science Engineering (CSE),Diploma,60,270,2020,Urban,Yes,Yes
1-44641307947,1-44641307947,U-0767,KARMAVEER SHANKARRAO KALE EDUCATION SOCIETY'S  GAUTAM POLYTECHNIC INSTITUTE,Active,Maharashtra,Ahmednagar,Ahmednagar,"GAUTAM NAGAR, POST - KOLPEWADI, TAL. KOPARGAON",400224,19.101653,74.76455,Private-Self Financing,"Maharashtra State Board of Technical Education, Mumbai",Approved,Approved,A,No,,Tier 3,http://www.karmaveershankarraokale.ac.in,info@karmaveershankarraokale.ac.in,admissions@karmaveershankarraokale.ac.in,placement@karmaveershankarraokale.ac.in,+91-80-126-2953,Mechanical Engineering,Diploma,60,270,2020,Urban,Yes,Yes
1-44641307947,1-44641307947,U-0767,KARMAVEER SHANKARRAO KALE EDUCATION SOCIETY'S  GAUTAM POLYTECHNIC INSTITUTE,Active,Maharashtra,Ahmednagar,Ahmednagar,"GAUTAM NAGAR, POST - KOLPEWADI, TAL. KOPARGAON",400224,19.101653,74.76455,Private-Self Financing,"Maharashtra State Board of Technical Education, Mumbai",Approved,Approved,A,No,,Tier 3,http://www.karmaveershankarraokale.ac.in,info@karmaveershankarraokale.ac.in,admissions@karmaveershankarraokale.ac.in,placement@karmaveershankarraokale.ac.in,+91-80-126-2953,Automobile Engineering,Diploma,30,270,2020,Urban,Yes,Yes
1-44641307947,1-44641307947,U-0767,KARMAVEER SHANKARRAO KALE EDUCATION SOCIETY'S  GAUTAM POLYTECHNIC INSTITUTE,Active,Maharashtra,Ahmednagar,Ahmednagar,"GAUTAM NAGAR, POST - KOLPEWADI, TAL. KOPARGAON",400224,19.101653,74.76455,Private-Self Financing,"Maharashtra State Board of Technical Education, Mumbai",Approved,Approved,A,No,,Tier 3,http://www.karmaveershankarraokale.ac.in,info@karmaveershankarraokale.ac.in,admissions@karmaveershankarraokale.ac.in,placement@karmaveershankarraokale.ac.in,+91-80-126-2953,Electrical Engineering,Diploma,60,270,2020,Urban,Yes,Yes
1-44640847285,1-44640847285,U-0767,AMRUTVAHINI POLYTECHNIC,Active,Maharashtra,Ahmednagar,Ahmednagar,"AMRUTNAGAR, P.O. SANGAMNER S.K. TAL: SANGAMNER DIST: AHMEDNAGAR",400224,19.110701,74.764417,Private-Self Financing,"Maharashtra State Board of Technical Education, Mumbai",Approved,Approved,Not Accredited,No,,Tier 3,http://www.amrutvahini.ac.in,info@amrutvahini.ac.in,admissions@amrutvahini.ac.in,placement@amrutvahini.ac.in,+91-80-505-7897,Civil Engineering,Diploma,120,720,2001,Urban,Yes,No
1-44640847285,1-44640847285,U-0767,AMRUTVAHINI POLYTECHNIC,Active,Maharashtra,Ahmednagar,Ahmednagar,"AMRUTNAGAR, P.O. SANGAMNER S.K. TAL: SANGAMNER DIST: AHMEDNAGAR",400224,19.110701,74.764417,Private-Self Financing,"Maharashtra State Board of Technical Education, Mumbai",Approved,Approved,Not Accredited,No,,Tier 3,http://www.amrutvahini.ac.in,info@amrutvahini.ac.in,admissions@amrutvahini.ac.in,placement@amrutvahini.ac.in,+91-80-505-7897,Electronics & Communication Engineering (ECE),Diploma,120,720,2001,Urban,Yes,No
1-44640847285,1-44640847285,U-0767,AMRUTVAHINI POLYTECHNIC,Active,Maharashtra,Ahmednagar,Ahmednagar,"AMRUTNAGAR, P.O. SANGAMNER S.K. TAL: SANGAMNER DIST: AHMEDNAGAR",400224,19.110701,74.764417,Private-Self Financing,"Maharashtra State Board of Technical Education, Mumbai",Approved,Approved,Not Accredited,No,,Tier 3,http://www.amrutvahini.ac.in,info@amrutvahini.ac.in,admissions@amrutvahini.ac.in,placement@amrutvahini.ac.in,+91-80-505-7897,Information Technology (IT),Diploma,120,720,2001,Urban,Yes,No
1-44640847285,1-44640847285,U-0767,AMRUTVAHINI POLYTECHNIC,Active,Maharashtra,Ahmednagar,Ahmednagar,"AMRUTNAGAR, P.O. SANGAMNER S.K. TAL: SANGAMNER DIST: AHMEDNAGAR",400224,19.110701,74.764417,Private-Self Financing,"Maharashtra State Board of Technical Education, Mumbai",Approved,Approved,Not Accredited,No,,Tier 3,http://www.amrutvahini.ac.in,info@amrutvahini.ac.in,admissions@amrutvahini.ac.in,placement@amrutvahini.ac.in,+91-80-505-7897,Mechanical Engineering,Diploma,240,720,2001,Urban,Yes,No
1-44640847285,1-44640847285,U-0767,AMRUTVAHINI POLYTECHNIC,Active,Maharashtra,Ahmednagar,Ahmednagar,"AMRUTNAGAR, P.O. SANGAMNER S.K. TAL: SANGAMNER DIST: AHMEDNAGAR",400224,19.110701,74.764417,Private-Self Financing,"Maharashtra State Board of Technical Education, Mumbai",Approved,Approved,Not Accredited,No,,Tier 3,http://www.amrutvahini.ac.in,info@amrutvahini.ac.in,admissions@amrutvahini.ac.in,placement@amrutvahini.ac.in,+91-80-505-7897,Other Engineering Branches,Diploma,120,720,2001,Urban,Yes,No
1-44640977783,1-44640977783,U-0767,"GOVERNMENT POLYTECHNIC, AHMEDNAGAR",Active,Maharashtra,Ahmednagar,Ahmednagar,"NEAR I.T.I., BURUDGAON ROAD, AHMEDNAGAR - 414001",414001,19.083619,74.744991,Government,"Maharashtra State Board of Technical Education, Mumbai",Approved,Approved,A+,Yes,,Tier 2,http://www.ahmednagar.ac.in,info@ahmednagar.ac.in,admissions@ahmednagar.ac.in,placement@ahmednagar.ac.in,+91-80-369-9052,Civil Engineering,Diploma,60,520,1980,Urban,Yes,No
1-44640977783,1-44640977783,U-0767,"GOVERNMENT POLYTECHNIC, AHMEDNAGAR",Active,Maharashtra,Ahmednagar,Ahmednagar,"NEAR I.T.I., BURUDGAON ROAD, AHMEDNAGAR - 414001",414001,19.083619,74.744991,Government,"Maharashtra State Board of Technical Education, Mumbai",Approved,Approved,A+,Yes,,Tier 2,http://www.ahmednagar.ac.in,info@ahmednagar.ac.in,admissions@ahmednagar.ac.in,placement@ahmednagar.ac.in,+91-80-369-9052,Mechanical Engineering,Diploma,120,520,1980,Urban,Yes,No
1-44640977783,1-44640977783,U-0767,"GOVERNMENT POLYTECHNIC, AHMEDNAGAR",Active,Maharashtra,Ahmednagar,Ahmednagar,"NEAR I.T.I., BURUDGAON ROAD, AHMEDNAGAR - 414001",414001,19.083619,74.744991,Government,"Maharashtra State Board of Technical Education, Mumbai",Approved,Approved,A+,Yes,,Tier 2,http://www.ahmednagar.ac.in,info@ahmednagar.ac.in,admissions@ahmednagar.ac.in,placement@ahmednagar.ac.in,+91-80-369-9052,Electronics & Communication Engineering (ECE),Diploma,60,520,1980,Urban,Yes,No
1-44640977783,1-44640977783,U-0767,"GOVERNMENT POLYTECHNIC, AHMEDNAGAR",Active,Maharashtra,Ahmednagar,Ahmednagar,"NEAR I.T.I., BURUDGAON ROAD, AHMEDNAGAR - 414001",414001,19.083619,74.744991,Government,"Maharashtra State Board of Technical Education, Mumbai",Approved,Approved,A+,Yes,,Tier 2,http://www.ahmednagar.ac.in,info@ahmednagar.ac.in,admissions@ahmednagar.ac.in,placement@ahmednagar.ac.in,+91-80-369-9052,Other Engineering Branches,Diploma,160,520,1980,Urban,Yes,No
1-44640977783,1-44640977783,U-0767,"GOVERNMENT POLYTECHNIC, AHMEDNAGAR",Active,Maharashtra,Ahmednagar,Ahmednagar,"NEAR I.T.I., BURUDGAON ROAD, AHMEDNAGAR - 414001",414001,19.083619,74.744991,Government,"Maharashtra State Board of Technical Education, Mumbai",Approved,Approved,A+,Yes,,Tier 2,http://www.ahmednagar.ac.in,info@ahmednagar.ac.in,admissions@ahmednagar.ac.in,placement@ahmednagar.ac.in,+91-80-369-9052,Computer Science Engineering (CSE),Diploma,60,520,1980,Urban,Yes,No
1-44640977783,1-44640977783,U-0767,"GOVERNMENT POLYTECHNIC, AHMEDNAGAR",Active,Maharashtra,Ahmednagar,Ahmednagar,"NEAR I.T.I., BURUDGAON ROAD, AHMEDNAGAR - 414001",414001,19.083619,74.744991,Government,"Maharashtra State Board of Technical Education, Mumbai",Approved,Approved,A+,Yes,,Tier 2,http://www.ahmednagar.ac.in,info@ahmednagar.ac.in,admissions@ahmednagar.ac.in,placement@ahmednagar.ac.in,+91-80-369-9052,Electrical Engineering,Diploma,60,520,1980,Urban,Yes,No
1-44641483052,1-44641483052,U-0767,HON SHRI BABANRAO PACHPUTE VICHARDHRA TRUST'S PARIKRAMA POLYTECHNIC,Active,Maharashtra,Ahmednagar,Ahmednagar,"A/P KASHTI,TAL: SHRIGONDA,DIST: AHMEDNAGARMAHARASHTRA 414701",414701,19.096205,74.752842,Private-Self Financing,"Maharashtra State Board of Technical Education, Mumbai",Approved,Approved,B,No,,Tier 3,http://www.honshribabanrao.ac.in,info@honshribabanrao.ac.in,admissions@honshribabanrao.ac.in,placement@honshribabanrao.ac.in,+91-80-897-8078,Automobile Engineering,Diploma,30,330,2021,Urban,Yes,Yes
1-44641483052,1-44641483052,U-0767,HON SHRI BABANRAO PACHPUTE VICHARDHRA TRUST'S PARIKRAMA POLYTECHNIC,Active,Maharashtra,Ahmednagar,Ahmednagar,"A/P KASHTI,TAL: SHRIGONDA,DIST: AHMEDNAGARMAHARASHTRA 414701",414701,19.096205,74.752842,Private-Self Financing,"Maharashtra State Board of Technical Education, Mumbai",Approved,Approved,B,No,,Tier 3,http://www.honshribabanrao.ac.in,info@honshribabanrao.ac.in,admissions@honshribabanrao.ac.in,placement@honshribabanrao.ac.in,+91-80-897-8078,Civil Engineering,Diploma,30,330,2021,Urban,Yes,Yes
1-44641483052,1-44641483052,U-0767,HON SHRI BABANRAO PACHPUTE VICHARDHRA TRUST'S PARIKRAMA POLYTECHNIC,Active,Maharashtra,Ahmednagar,Ahmednagar,"A/P KASHTI,TAL: SHRIGONDA,DIST: AHMEDNAGARMAHARASHTRA 414701",414701,19.096205,74.752842,Private-Self Financing,"Maharashtra State Board of Technical Education, Mumbai",Approved,Approved,B,No,,Tier 3,http://www.honshribabanrao.ac.in,info@honshribabanrao.ac.in,admissions@honshribabanrao.ac.in,placement@honshribabanrao.ac.in,+91-80-897-8078,Computer Science Engineering (CSE),Diploma,120,330,2021,Urban,Yes,Yes
1-44641483052,1-44641483052,U-0767,HON SHRI BABANRAO PACHPUTE VICHARDHRA TRUST'S PARIKRAMA POLYTECHNIC,Active,Maharashtra,Ahmednagar,Ahmednagar,"A/P KASHTI,TAL: SHRIGONDA,DIST: AHMEDNAGARMAHARASHTRA 414701",414701,19.096205,74.752842,Private-Self Financing,"Maharashtra State Board of Technical Education, Mumbai",Approved,Approved,B,No,,Tier 3,http://www.honshribabanrao.ac.in,info@honshribabanrao.ac.in,admissions@honshribabanrao.ac.in,placement@honshribabanrao.ac.in,+91-80-897-8078,Electrical Engineering,Diploma,90,330,2021,Urban,Yes,Yes
1-44641483052,1-44641483052,U-0767,HON SHRI BABANRAO PACHPUTE VICHARDHRA TRUST'S PARIKRAMA POLYTECHNIC,Active,Maharashtra,Ahmednagar,Ahmednagar,"A/P KASHTI,TAL: SHRIGONDA,DIST: AHMEDNAGARMAHARASHTRA 414701",414701,19.096205,74.752842,Private-Self Financing,"Maharashtra State Board of Technical Education, Mumbai",Approved,Approved,B,No,,Tier 3,http://www.honshribabanrao.ac.in,info@honshribabanrao.ac.in,admissions@honshribabanrao.ac.in,placement@honshribabanrao.ac.in,+91-80-897-8078,Mechanical Engineering,Diploma,60,330,2021,Urban,Yes,Yes
1-44641157702,1-44641157702,U-0920,"AMRUTVAHINI COLLEGE OF ENGINEERING, SANGAMNER",Active,Maharashtra,Ahmednagar,Ahmednagar,"AMRUTNAGAR, GHULWADI, SANGAMNER , DIST - AHMEDNAGAR",400224,19.104482,74.761424,Private-Self Financing,"University of Pune, Pune",Approved,Approved,A,No,,Tier 3,http://www.amrutvahinisangamner.ac.in,info@amrutvahinisangamner.ac.in,admissions@amrutvahinisangamner.ac.in,placement@amrutvahinisangamner.ac.in,+91-80-244-9749,Civil Engineering,B.Tech,120,1038,2009,Urban,No,Yes
1-44641157702,1-44641157702,U-0920,"AMRUTVAHINI COLLEGE OF ENGINEERING, SANGAMNER",Active,Maharashtra,Ahmednagar,Ahmednagar,"AMRUTNAGAR, GHULWADI, SANGAMNER , DIST - AHMEDNAGAR",400224,19.104482,74.761424,Private-Self Financing,"University of Pune, Pune",Approved,Approved,A,No,,Tier 3,http://www.amrutvahinisangamner.ac.in,info@amrutvahinisangamner.ac.in,admissions@amrutvahinisangamner.ac.in,placement@amrutvahinisangamner.ac.in,+91-80-244-9749,Mechanical Engineering,B.Tech,120,1038,2009,Urban,No,Yes
1-44641157702,1-44641157702,U-0920,"AMRUTVAHINI COLLEGE OF ENGINEERING, SANGAMNER",Active,Maharashtra,Ahmednagar,Ahmednagar,"AMRUTNAGAR, GHULWADI, SANGAMNER , DIST - AHMEDNAGAR",400224,19.104482,74.761424,Private-Self Financing,"University of Pune, Pune",Approved,Approved,A,No,,Tier 3,http://www.amrutvahinisangamner.ac.in,info@amrutvahinisangamner.ac.in,admissions@amrutvahinisangamner.ac.in,placement@amrutvahinisangamner.ac.in,+91-80-244-9749,Computer Science Engineering (CSE),B.Tech,240,1038,2009,Urban,No,Yes
1-44641157702,1-44641157702,U-0920,"AMRUTVAHINI COLLEGE OF ENGINEERING, SANGAMNER",Active,Maharashtra,Ahmednagar,Ahmednagar,"AMRUTNAGAR, GHULWADI, SANGAMNER , DIST - AHMEDNAGAR",400224,19.104482,74.761424,Private-Self Financing,"University of Pune, Pune",Approved,Approved,A,No,,Tier 3,http://www.amrutvahinisangamner.ac.in,info@amrutvahinisangamner.ac.in,admissions@amrutvahinisangamner.ac.in,placement@amrutvahinisangamner.ac.in,+91-80-244-9749,Electronics & Communication Engineering (ECE),B.Tech,120,1038,2009,Urban,No,Yes
1-44641157702,1-44641157702,U-0920,"AMRUTVAHINI COLLEGE OF ENGINEERING, SANGAMNER",Active,Maharashtra,Ahmednagar,Ahmednagar,"AMRUTNAGAR, GHULWADI, SANGAMNER , DIST - AHMEDNAGAR",400224,19.104482,74.761424,Private-Self Financing,"University of Pune, Pune",Approved,Approved,A,No,,Tier 3,http://www.amrutvahinisangamner.ac.in,info@amrutvahinisangamner.ac.in,admissions@amrutvahinisangamner.ac.in,placement@amrutvahinisangamner.ac.in,+91-80-244-9749,Information Technology (IT),B.Tech,120,1038,2009,Urban,No,Yes
1-44641157702,1-44641157702,U-0920,"AMRUTVAHINI COLLEGE OF ENGINEERING, SANGAMNER",Active,Maharashtra,Ahmednagar,Ahmednagar,"AMRUTNAGAR, GHULWADI, SANGAMNER , DIST - AHMEDNAGAR",400224,19.104482,74.761424,Private-Self Financing,"University of Pune, Pune",Approved,Approved,A,No,,Tier 3,http://www.amrutvahinisangamner.ac.in,info@amrutvahinisangamner.ac.in,admissions@amrutvahinisangamner.ac.in,placement@amrutvahinisangamner.ac.in,+91-80-244-9749,Other Engineering Branches,M.Tech,12,1038,2009,Urban,No,Yes
1-44641157702,1-44641157702,U-0920,"AMRUTVAHINI COLLEGE OF ENGINEERING, SANGAMNER",Active,Maharashtra,Ahmednagar,Ahmednagar,"AMRUTNAGAR, GHULWADI, SANGAMNER , DIST - AHMEDNAGAR",400224,19.104482,74.761424,Private-Self Financing,"University of Pune, Pune",Approved,Approved,A,No,,Tier 3,http://www.amrutvahinisangamner.ac.in,info@amrutvahinisangamner.ac.in,admissions@amrutvahinisangamner.ac.in,placement@amrutvahinisangamner.ac.in,+91-80-244-9749,Computer Science Engineering (CSE),M.Tech,6,1038,2009,Urban,No,Yes
1-44641157702,1-44641157702,U-0920,"AMRUTVAHINI COLLEGE OF ENGINEERING, SANGAMNER",Active,Maharashtra,Ahmednagar,Ahmednagar,"AMRUTNAGAR, GHULWADI, SANGAMNER , DIST - AHMEDNAGAR",400224,19.104482,74.761424,Private-Self Financing,"University of Pune, Pune",Approved,Approved,A,No,,Tier 3,http://www.amrutvahinisangamner.ac.in,info@amrutvahinisangamner.ac.in,admissions@amrutvahinisangamner.ac.in,placement@amrutvahinisangamner.ac.in,+91-80-244-9749,Electrical Engineering,B.Tech,120,1038,2009,Urban,No,Yes
1-44641157702,1-44641157702,U-0920,"AMRUTVAHINI COLLEGE OF ENGINEERING, SANGAMNER",Active,Maharashtra,Ahmednagar,Ahmednagar,"AMRUTNAGAR, GHULWADI, SANGAMNER , DIST - AHMEDNAGAR",400224,19.104482,74.761424,Private-Self Financing,"University of Pune, Pune",Approved,Approved,A,No,,Tier 3,http://www.amrutvahinisangamner.ac.in,info@amrutvahinisangamner.ac.in,admissions@amrutvahinisangamner.ac.in,placement@amrutvahinisangamner.ac.in,+91-80-244-9749,Robotics,B.Tech,60,1038,2009,Urban,No,Yes
1-44641157702,1-44641157702,U-0920,"AMRUTVAHINI COLLEGE OF ENGINEERING, SANGAMNER",Active,Maharashtra,Ahmednagar,Ahmednagar,"AMRUTNAGAR, GHULWADI, SANGAMNER , DIST - AHMEDNAGAR",400224,19.104482,74.761424,Private-Self Financing,"University of Pune, Pune",Approved,Approved,A,No,,Tier 3,http://www.amrutvahinisangamner.ac.in,info@amrutvahinisangamner.ac.in,admissions@amrutvahinisangamner.ac.in,placement@amrutvahinisangamner.ac.in,+91-80-244-9749,Data Science,B.Tech,120,1038,2009,Urban,No,Yes
1-44641285603,1-44641285603,U-0767,SHREE SAMARTH POLYTECHNIC,Active,Maharashtra,Ahmednagar,Ahmednagar,VIDYANAGAR MHASANE PHATA,400224,19.077886,74.74659,Private-Self Financing,"Maharashtra State Board of Technical Education, Mumbai",Approved,Approved,B,No,,Tier 3,http://www.shreesamarth.ac.in,info@shreesamarth.ac.in,admissions@shreesamarth.ac.in,placement@shreesamarth.ac.in,+91-80-129-4454,Mechanical Engineering,Diploma,120,270,1995,Urban,Yes,Yes
1-44641285603,1-44641285603,U-0767,SHREE SAMARTH POLYTECHNIC,Active,Maharashtra,Ahmednagar,Ahmednagar,VIDYANAGAR MHASANE PHATA,400224,19.077886,74.74659,Private-Self Financing,"Maharashtra State Board of Technical Education, Mumbai",Approved,Approved,B,No,,Tier 3,http://www.shreesamarth.ac.in,info@shreesamarth.ac.in,admissions@shreesamarth.ac.in,placement@shreesamarth.ac.in,+91-80-129-4454,Civil Engineering,Diploma,60,270,1995,Urban,Yes,Yes
1-44641285603,1-44641285603,U-0767,SHREE SAMARTH POLYTECHNIC,Active,Maharashtra,Ahmednagar,Ahmednagar,VIDYANAGAR MHASANE PHATA,400224,19.077886,74.74659,Private-Self Financing,"Maharashtra State Board of Technical Education, Mumbai",Approved,Approved,B,No,,Tier 3,http://www.shreesamarth.ac.in,info@shreesamarth.ac.in,admissions@shreesamarth.ac.in,placement@shreesamarth.ac.in,+91-80-129-4454,Electronics & Communication Engineering (ECE),Diploma,30,270,1995,Urban,Yes,Yes
1-44641285603,1-44641285603,U-0767,SHREE SAMARTH POLYTECHNIC,Active,Maharashtra,Ahmednagar,Ahmednagar,VIDYANAGAR MHASANE PHATA,400224,19.077886,74.74659,Private-Self Financing,"Maharashtra State Board of Technical Education, Mumbai",Approved,Approved,B,No,,Tier 3,http://www.shreesamarth.ac.in,info@shreesamarth.ac.in,admissions@shreesamarth.ac.in,placement@shreesamarth.ac.in,+91-80-129-4454,Computer Science Engineering (CSE),Diploma,60,270,1995,Urban,Yes,Yes
1-44641366973,1-44641366973,U-0767,THE PEOPLES EDUCATION SOCIETY'S DIPLOMA COLLEGE OF ENGINEERING & TECHNOLOGY,Active,Maharashtra,Ahmednagar,Ahmednagar,"BEHIND POLICE QUARTERS, A/P. TAL. JMAKHED DIST. AHMEDNAGAR.",400224,19.098644,74.730065,Private-Self Financing,"Maharashtra State Board of Technical Education, Mumbai",Approved,Approved,Not Accredited,No,,Tier 3,http://www.thepeopleseducation.ac.in,info@thepeopleseducation.ac.in,admissions@thepeopleseducation.ac.in,placement@thepeopleseducation.ac.in,+91-80-000-0909,Civil Engineering,Diploma,60,180,2013,Urban,Yes,Yes
1-44641366973,1-44641366973,U-0767,THE PEOPLES EDUCATION SOCIETY'S DIPLOMA COLLEGE OF ENGINEERING & TECHNOLOGY,Active,Maharashtra,Ahmednagar,Ahmednagar,"BEHIND POLICE QUARTERS, A/P. TAL. JMAKHED DIST. AHMEDNAGAR.",400224,19.098644,74.730065,Private-Self Financing,"Maharashtra State Board of Technical Education, Mumbai",Approved,Approved,Not Accredited,No,,Tier 3,http://www.thepeopleseducation.ac.in,info@thepeopleseducation.ac.in,admissions@thepeopleseducation.ac.in,placement@thepeopleseducation.ac.in,+91-80-000-0909,Electrical Engineering,Diploma,60,180,2013,Urban,Yes,Yes
1-44641366973,1-44641366973,U-0767,THE PEOPLES EDUCATION SOCIETY'S DIPLOMA COLLEGE OF ENGINEERING & TECHNOLOGY,Active,Maharashtra,Ahmednagar,Ahmednagar,"BEHIND POLICE QUARTERS, A/P. TAL. JMAKHED DIST. AHMEDNAGAR.",400224,19.098644,74.730065,Private-Self Financing,"Maharashtra State Board of Technical Education, Mumbai",Approved,Approved,Not Accredited,No,,Tier 3,http://www.thepeopleseducation.ac.in,info@thepeopleseducation.ac.in,admissions@thepeopleseducation.ac.in,placement@thepeopleseducation.ac.in,+91-80-000-0909,Computer Science Engineering (CSE),Diploma,60,180,2013,Urban,Yes,Yes
1-44642275247,1-44642275247,U-0920,HON.SHRI BABANRAO PACHPUTE VICHARDHARA TRUST'S GROUP OF INSTITUTIONS,Active,Maharashtra,Ahmednagar,Ahmednagar,"A/P KASHTI, TAL: SHRIGONDA DIST: AHMEDNAGAR MAHARASHTRA - 414701",414701,19.104451,74.741562,Private-Self Financing,"University of Pune, Pune",Approved,Approved,A+,No,,Tier 3,http://www.honshribabanraopachpute.ac.in,info@honshribabanraopachpute.ac.in,admissions@honshribabanraopachpute.ac.in,placement@honshribabanraopachpute.ac.in,+91-80-243-6566,Civil Engineering,B.Tech,60,396,2006,Rural,No,Yes
1-44642275247,1-44642275247,U-0920,HON.SHRI BABANRAO PACHPUTE VICHARDHARA TRUST'S GROUP OF INSTITUTIONS,Active,Maharashtra,Ahmednagar,Ahmednagar,"A/P KASHTI, TAL: SHRIGONDA DIST: AHMEDNAGAR MAHARASHTRA - 414701",414701,19.104451,74.741562,Private-Self Financing,"University of Pune, Pune",Approved,Approved,A+,No,,Tier 3,http://www.honshribabanraopachpute.ac.in,info@honshribabanraopachpute.ac.in,admissions@honshribabanraopachpute.ac.in,placement@honshribabanraopachpute.ac.in,+91-80-243-6566,Computer Science Engineering (CSE),B.Tech,180,396,2006,Rural,No,Yes
1-44642275247,1-44642275247,U-0920,HON.SHRI BABANRAO PACHPUTE VICHARDHARA TRUST'S GROUP OF INSTITUTIONS,Active,Maharashtra,Ahmednagar,Ahmednagar,"A/P KASHTI, TAL: SHRIGONDA DIST: AHMEDNAGAR MAHARASHTRA - 414701",414701,19.104451,74.741562,Private-Self Financing,"University of Pune, Pune",Approved,Approved,A+,No,,Tier 3,http://www.honshribabanraopachpute.ac.in,info@honshribabanraopachpute.ac.in,admissions@honshribabanraopachpute.ac.in,placement@honshribabanraopachpute.ac.in,+91-80-243-6566,Mechanical Engineering,B.Tech,60,396,2006,Rural,No,Yes
1-44642275247,1-44642275247,U-0920,HON.SHRI BABANRAO PACHPUTE VICHARDHARA TRUST'S GROUP OF INSTITUTIONS,Active,Maharashtra,Ahmednagar,Ahmednagar,"A/P KASHTI, TAL: SHRIGONDA DIST: AHMEDNAGAR MAHARASHTRA - 414701",414701,19.104451,74.741562,Private-Self Financing,"University of Pune, Pune",Approved,Approved,A+,No,,Tier 3,http://www.honshribabanraopachpute.ac.in,info@honshribabanraopachpute.ac.in,admissions@honshribabanraopachpute.ac.in,placement@honshribabanraopachpute.ac.in,+91-80-243-6566,Electrical Engineering,B.Tech,60,396,2006,Rural,No,Yes
1-44642275247,1-44642275247,U-0920,HON.SHRI BABANRAO PACHPUTE VICHARDHARA TRUST'S GROUP OF INSTITUTIONS,Active,Maharashtra,Ahmednagar,Ahmednagar,"A/P KASHTI, TAL: SHRIGONDA DIST: AHMEDNAGAR MAHARASHTRA - 414701",414701,19.104451,74.741562,Private-Self Financing,"University of Pune, Pune",Approved,Approved,A+,No,,Tier 3,http://www.honshribabanraopachpute.ac.in,info@honshribabanraopachpute.ac.in,admissions@honshribabanraopachpute.ac.in,placement@honshribabanraopachpute.ac.in,+91-80-243-6566,Civil Engineering,M.Tech,18,396,2006,Rural,No,Yes
1-44642275247,1-44642275247,U-0920,HON.SHRI BABANRAO PACHPUTE VICHARDHARA TRUST'S GROUP OF INSTITUTIONS,Active,Maharashtra,Ahmednagar,Ahmednagar,"A/P KASHTI, TAL: SHRIGONDA DIST: AHMEDNAGAR MAHARASHTRA - 414701",414701,19.104451,74.741562,Private-Self Financing,"University of Pune, Pune",Approved,Approved,A+,No,,Tier 3,http://www.honshribabanraopachpute.ac.in,info@honshribabanraopachpute.ac.in,admissions@honshribabanraopachpute.ac.in,placement@honshribabanraopachpute.ac.in,+91-80-243-6566,Other Engineering Branches,M.Tech,18,396,2006,Rural,No,Yes
1-44641542209,1-44641542209,U-0767,"P.DR.V.V.P.INSTITUTE OF TECHONOLOGY & ENGINEERING (POLYTECHNIC), PRAVARANAGAR",Active,Maharashtra,Ahmednagar,Ahmednagar,"A/P-LONI, TAL-RAHATA, DIST-AHMEDNAGAR (M.S.)",400224,19.105762,74.752415,Private-Self Financing,"Maharashtra State Board of Technical Education, Mumbai",Approved,Approved,B,Yes,,Tier 3,http://www.pdrvvpinstitutetechonologypravaranagar.ac.in,info@pdrvvpinstitutetechonologypravaranagar.ac.in,admissions@pdrvvpinstitutetechonologypravaranagar.ac.in,placement@pdrvvpinstitutetechonologypravaranagar.ac.in,+91-80-298-6268,Civil Engineering,Diploma,60,540,2011,Urban,Yes,Yes
1-44641542209,1-44641542209,U-0767,"P.DR.V.V.P.INSTITUTE OF TECHONOLOGY & ENGINEERING (POLYTECHNIC), PRAVARANAGAR",Active,Maharashtra,Ahmednagar,Ahmednagar,"A/P-LONI, TAL-RAHATA, DIST-AHMEDNAGAR (M.S.)",400224,19.105762,74.752415,Private-Self Financing,"Maharashtra State Board of Technical Education, Mumbai",Approved,Approved,B,Yes,,Tier 3,http://www.pdrvvpinstitutetechonologypravaranagar.ac.in,info@pdrvvpinstitutetechonologypravaranagar.ac.in,admissions@pdrvvpinstitutetechonologypravaranagar.ac.in,placement@pdrvvpinstitutetechonologypravaranagar.ac.in,+91-80-298-6268,Other Engineering Branches,Diploma,180,540,2011,Urban,Yes,Yes
1-44641542209,1-44641542209,U-0767,"P.DR.V.V.P.INSTITUTE OF TECHONOLOGY & ENGINEERING (POLYTECHNIC), PRAVARANAGAR",Active,Maharashtra,Ahmednagar,Ahmednagar,"A/P-LONI, TAL-RAHATA, DIST-AHMEDNAGAR (M.S.)",400224,19.105762,74.752415,Private-Self Financing,"Maharashtra State Board of Technical Education, Mumbai",Approved,Approved,B,Yes,,Tier 3,http://www.pdrvvpinstitutetechonologypravaranagar.ac.in,info@pdrvvpinstitutetechonologypravaranagar.ac.in,admissions@pdrvvpinstitutetechonologypravaranagar.ac.in,placement@pdrvvpinstitutetechonologypravaranagar.ac.in,+91-80-298-6268,Mechanical Engineering,Diploma,180,540,2011,Urban,Yes,Yes
1-44641542209,1-44641542209,U-0767,"P.DR.V.V.P.INSTITUTE OF TECHONOLOGY & ENGINEERING (POLYTECHNIC), PRAVARANAGAR",Active,Maharashtra,Ahmednagar,Ahmednagar,"A/P-LONI, TAL-RAHATA, DIST-AHMEDNAGAR (M.S.)",400224,19.105762,74.752415,Private-Self Financing,"Maharashtra State Board of Technical Education, Mumbai",Approved,Approved,B,Yes,,Tier 3,http://www.pdrvvpinstitutetechonologypravaranagar.ac.in,info@pdrvvpinstitutetechonologypravaranagar.ac.in,admissions@pdrvvpinstitutetechonologypravaranagar.ac.in,placement@pdrvvpinstitutetechonologypravaranagar.ac.in,+91-80-298-6268,Chemical Engineering,Diploma,60,540,2011,Urban,Yes,Yes
1-44641542209,1-44641542209,U-0767,"P.DR.V.V.P.INSTITUTE OF TECHONOLOGY & ENGINEERING (POLYTECHNIC), PRAVARANAGAR",Active,Maharashtra,Ahmednagar,Ahmednagar,"A/P-LONI, TAL-RAHATA, DIST-AHMEDNAGAR (M.S.)",400224,19.105762,74.752415,Private-Self Financing,"Maharashtra State Board of Technical Education, Mumbai",Approved,Approved,B,Yes,,Tier 3,http://www.pdrvvpinstitutetechonologypravaranagar.ac.in,info@pdrvvpinstitutetechonologypravaranagar.ac.in,admissions@pdrvvpinstitutetechonologypravaranagar.ac.in,placement@pdrvvpinstitutetechonologypravaranagar.ac.in,+91-80-298-6268,Automobile Engineering,Diploma,60,540,2011,Urban,Yes,Yes
1-44643202650,1-44643202650,U-0986,SHRI SWAMI SAMARTH INSTITUTE OF MANAGEMENT AND TECHNOLOGY,Active,Maharashtra,Ahmednagar,Ahmednagar,"AT- MALWADI, POST- BOTA, TAL- SANGAMNER, DIST- AHMEDNAGAR. 422602",422602,19.100137,74.757266,Private-Self Financing,"Savitribai Phule Pune University, Pune",Approved,Approved,Not Accredited,No,,Tier 3,http://www.shriswamisamarth.ac.in,info@shriswamisamarth.ac.in,admissions@shriswamisamarth.ac.in,placement@shriswamisamarth.ac.in,+91-80-062-7003,Computer Science Engineering (CSE),B.Tech,60,240,1994,Urban,Yes,Yes
1-44643202650,1-44643202650,U-0986,SHRI SWAMI SAMARTH INSTITUTE OF MANAGEMENT AND TECHNOLOGY,Active,Maharashtra,Ahmednagar,Ahmednagar,"AT- MALWADI, POST- BOTA, TAL- SANGAMNER, DIST- AHMEDNAGAR. 422602",422602,19.100137,74.757266,Private-Self Financing,"Savitribai Phule Pune University, Pune",Approved,Approved,Not Accredited,No,,Tier 3,http://www.shriswamisamarth.ac.in,info@shriswamisamarth.ac.in,admissions@shriswamisamarth.ac.in,placement@shriswamisamarth.ac.in,+91-80-062-7003,Electronics & Communication Engineering (ECE),B.Tech,60,240,1994,Urban,Yes,Yes
1-44643202650,1-44643202650,U-0986,SHRI SWAMI SAMARTH INSTITUTE OF MANAGEMENT AND TECHNOLOGY,Active,Maharashtra,Ahmednagar,Ahmednagar,"AT- MALWADI, POST- BOTA, TAL- SANGAMNER, DIST- AHMEDNAGAR. 422602",422602,19.100137,74.757266,Private-Self Financing,"Savitribai Phule Pune University, Pune",Approved,Approved,Not Accredited,No,,Tier 3,http://www.shriswamisamarth.ac.in,info@shriswamisamarth.ac.in,admissions@shriswamisamarth.ac.in,placement@shriswamisamarth.ac.in,+91-80-062-7003,Data Science,B.Tech,60,240,1994,Urban,Yes,Yes
1-44643202650,1-44643202650,U-0986,SHRI SWAMI SAMARTH INSTITUTE OF MANAGEMENT AND TECHNOLOGY,Active,Maharashtra,Ahmednagar,Ahmednagar,"AT- MALWADI, POST- BOTA, TAL- SANGAMNER, DIST- AHMEDNAGAR. 422602",422602,19.100137,74.757266,Private-Self Financing,"Savitribai Phule Pune University, Pune",Approved,Approved,Not Accredited,No,,Tier 3,http://www.shriswamisamarth.ac.in,info@shriswamisamarth.ac.in,admissions@shriswamisamarth.ac.in,placement@shriswamisamarth.ac.in,+91-80-062-7003,Information Technology (IT),B.Tech,60,240,1994,Urban,Yes,Yes
1-44642762198,1-44642762198,U-0920,PRAVARA RURAL ENGINEERING COLLEGE,Active,Maharashtra,Ahmednagar,Ahmednagar,"A/P-LONI, TAL:RAHATA, DIST:AHMEDNAGAR",400224,19.11024,74.760005,Private-Self Financing,"University of Pune, Pune",Approved,Approved,A+,Yes,,Tier 2,http://www.pravararural.ac.in,info@pravararural.ac.in,admissions@pravararural.ac.in,placement@pravararural.ac.in,+91-80-486-4588,Computer Science Engineering (CSE),M.Tech,6,774,1997,Rural,Yes,Yes
1-44642762198,1-44642762198,U-0920,PRAVARA RURAL ENGINEERING COLLEGE,Active,Maharashtra,Ahmednagar,Ahmednagar,"A/P-LONI, TAL:RAHATA, DIST:AHMEDNAGAR",400224,19.11024,74.760005,Private-Self Financing,"University of Pune, Pune",Approved,Approved,A+,Yes,,Tier 2,http://www.pravararural.ac.in,info@pravararural.ac.in,admissions@pravararural.ac.in,placement@pravararural.ac.in,+91-80-486-4588,Civil Engineering,B.Tech,60,774,1997,Rural,Yes,Yes
1-44642762198,1-44642762198,U-0920,PRAVARA RURAL ENGINEERING COLLEGE,Active,Maharashtra,Ahmednagar,Ahmednagar,"A/P-LONI, TAL:RAHATA, DIST:AHMEDNAGAR",400224,19.11024,74.760005,Private-Self Financing,"University of Pune, Pune",Approved,Approved,A+,Yes,,Tier 2,http://www.pravararural.ac.in,info@pravararural.ac.in,admissions@pravararural.ac.in,placement@pravararural.ac.in,+91-80-486-4588,Computer Science Engineering (CSE),B.Tech,180,774,1997,Rural,Yes,Yes
1-44642762198,1-44642762198,U-0920,PRAVARA RURAL ENGINEERING COLLEGE,Active,Maharashtra,Ahmednagar,Ahmednagar,"A/P-LONI, TAL:RAHATA, DIST:AHMEDNAGAR",400224,19.11024,74.760005,Private-Self Financing,"University of Pune, Pune",Approved,Approved,A+,Yes,,Tier 2,http://www.pravararural.ac.in,info@pravararural.ac.in,admissions@pravararural.ac.in,placement@pravararural.ac.in,+91-80-486-4588,Electronics & Communication Engineering (ECE),B.Tech,60,774,1997,Rural,Yes,Yes
1-44642762198,1-44642762198,U-0920,PRAVARA RURAL ENGINEERING COLLEGE,Active,Maharashtra,Ahmednagar,Ahmednagar,"A/P-LONI, TAL:RAHATA, DIST:AHMEDNAGAR",400224,19.11024,74.760005,Private-Self Financing,"University of Pune, Pune",Approved,Approved,A+,Yes,,Tier 2,http://www.pravararural.ac.in,info@pravararural.ac.in,admissions@pravararural.ac.in,placement@pravararural.ac.in,+91-80-486-4588,Information Technology (IT),B.Tech,120,774,1997,Rural,Yes,Yes
1-44642762198,1-44642762198,U-0920,PRAVARA RURAL ENGINEERING COLLEGE,Active,Maharashtra,Ahmednagar,Ahmednagar,"A/P-LONI, TAL:RAHATA, DIST:AHMEDNAGAR",400224,19.11024,74.760005,Private-Self Financing,"University of Pune, Pune",Approved,Approved,A+,Yes,,Tier 2,http://www.pravararural.ac.in,info@pravararural.ac.in,admissions@pravararural.ac.in,placement@pravararural.ac.in,+91-80-486-4588,Other Engineering Branches,B.Tech,60,774,1997,Rural,Yes,Yes
1-44642762198,1-44642762198,U-0920,PRAVARA RURAL ENGINEERING COLLEGE,Active,Maharashtra,Ahmednagar,Ahmednagar,"A/P-LONI, TAL:RAHATA, DIST:AHMEDNAGAR",400224,19.11024,74.760005,Private-Self Financing,"University of Pune, Pune",Approved,Approved,A+,Yes,,Tier 2,http://www.pravararural.ac.in,info@pravararural.ac.in,admissions@pravararural.ac.in,placement@pravararural.ac.in,+91-80-486-4588,Mechanical Engineering,B.Tech,60,774,1997,Rural,Yes,Yes
1-44642762198,1-44642762198,U-0920,PRAVARA RURAL ENGINEERING COLLEGE,Active,Maharashtra,Ahmednagar,Ahmednagar,"A/P-LONI, TAL:RAHATA, DIST:AHMEDNAGAR",400224,19.11024,74.760005,Private-Self Financing,"University of Pune, Pune",Approved,Approved,A+,Yes,,Tier 2,http://www.pravararural.ac.in,info@pravararural.ac.in,admissions@pravararural.ac.in,placement@pravararural.ac.in,+91-80-486-4588,Other Engineering Branches,M.Tech,42,774,1997,Rural,Yes,Yes
1-44642762198,1-44642762198,U-0920,PRAVARA RURAL ENGINEERING COLLEGE,Active,Maharashtra,Ahmednagar,Ahmednagar,"A/P-LONI, TAL:RAHATA, DIST:AHMEDNAGAR",400224,19.11024,74.760005,Private-Self Financing,"University of Pune, Pune",Approved,Approved,A+,Yes,,Tier 2,http://www.pravararural.ac.in,info@pravararural.ac.in,admissions@pravararural.ac.in,placement@pravararural.ac.in,+91-80-486-4588,Chemical Engineering,B.Tech,60,774,1997,Rural,Yes,Yes
1-44642762198,1-44642762198,U-0920,PRAVARA RURAL ENGINEERING COLLEGE,Active,Maharashtra,Ahmednagar,Ahmednagar,"A/P-LONI, TAL:RAHATA, DIST:AHMEDNAGAR",400224,19.11024,74.760005,Private-Self Financing,"University of Pune, Pune",Approved,Approved,A+,Yes,,Tier 2,http://www.pravararural.ac.in,info@pravararural.ac.in,admissions@pravararural.ac.in,placement@pravararural.ac.in,+91-80-486-4588,Data Science,M.Tech,6,774,1997,Rural,Yes,Yes
1-44642762198,1-44642762198,U-0920,PRAVARA RURAL ENGINEERING COLLEGE,Active,Maharashtra,Ahmednagar,Ahmednagar,"A/P-LONI, TAL:RAHATA, DIST:AHMEDNAGAR",400224,19.11024,74.760005,Private-Self Financing,"University of Pune, Pune",Approved,Approved,A+,Yes,,Tier 2,http://www.pravararural.ac.in,info@pravararural.ac.in,admissions@pravararural.ac.in,placement@pravararural.ac.in,+91-80-486-4588,Robotics,B.Tech,60,774,1997,Rural,Yes,Yes
1-44642762198,1-44642762198,U-0920,PRAVARA RURAL ENGINEERING COLLEGE,Active,Maharashtra,Ahmednagar,Ahmednagar,"A/P-LONI, TAL:RAHATA, DIST:AHMEDNAGAR",400224,19.11024,74.760005,Private-Self Financing,"University of Pune, Pune",Approved,Approved,A+,Yes,,Tier 2,http://www.pravararural.ac.in,info@pravararural.ac.in,admissions@pravararural.ac.in,placement@pravararural.ac.in,+91-80-486-4588,Data Science,B.Tech,60,774,1997,Rural,Yes,Yes
1-44643824745,1-44643824745,U-0986,VAMANRAO ITHAPE COLLEGE OF ENGINEERING AND MANAGEMENT,Active,Maharashtra,Ahmednagar,Ahmednagar,"VELHALE, P.O. RAJAPUR",400224,19.104039,74.732957,Private-Self Financing,"Savitribai Phule Pune University, Pune",Approved,Approved,Not Accredited,No,,Tier 3,http://www.vamanraoithapemanagement.ac.in,info@vamanraoithapemanagement.ac.in,admissions@vamanraoithapemanagement.ac.in,placement@vamanraoithapemanagement.ac.in,+91-80-226-3711,Computer Science Engineering (CSE),B.Tech,60,240,2007,Urban,Yes,No
1-44643824745,1-44643824745,U-0986,VAMANRAO ITHAPE COLLEGE OF ENGINEERING AND MANAGEMENT,Active,Maharashtra,Ahmednagar,Ahmednagar,"VELHALE, P.O. RAJAPUR",400224,19.104039,74.732957,Private-Self Financing,"Savitribai Phule Pune University, Pune",Approved,Approved,Not Accredited,No,,Tier 3,http://www.vamanraoithapemanagement.ac.in,info@vamanraoithapemanagement.ac.in,admissions@vamanraoithapemanagement.ac.in,placement@vamanraoithapemanagement.ac.in,+91-80-226-3711,Information Technology (IT),B.Tech,60,240,2007,Urban,Yes,No
1-44643824745,1-44643824745,U-0986,VAMANRAO ITHAPE COLLEGE OF ENGINEERING AND MANAGEMENT,Active,Maharashtra,Ahmednagar,Ahmednagar,"VELHALE, P.O. RAJAPUR",400224,19.104039,74.732957,Private-Self Financing,"Savitribai Phule Pune University, Pune",Approved,Approved,Not Accredited,No,,Tier 3,http://www.vamanraoithapemanagement.ac.in,info@vamanraoithapemanagement.ac.in,admissions@vamanraoithapemanagement.ac.in,placement@vamanraoithapemanagement.ac.in,+91-80-226-3711,Electronics & Communication Engineering (ECE),B.Tech,60,240,2007,Urban,Yes,No
1-44643824745,1-44643824745,U-0986,VAMANRAO ITHAPE COLLEGE OF ENGINEERING AND MANAGEMENT,Active,Maharashtra,Ahmednagar,Ahmednagar,"VELHALE, P.O. RAJAPUR",400224,19.104039,74.732957,Private-Self Financing,"Savitribai Phule Pune University, Pune",Approved,Approved,Not Accredited,No,,Tier 3,http://www.vamanraoithapemanagement.ac.in,info@vamanraoithapemanagement.ac.in,admissions@vamanraoithapemanagement.ac.in,placement@vamanraoithapemanagement.ac.in,+91-80-226-3711,Other Engineering Branches,B.Tech,60,240,2007,Urban,Yes,No
1-44643813934,1-44643813934,U-0767,N. D. KASAR INSTITUTE OF ENGINEERING AND TECHNOLOGY,Active,Maharashtra,Ahmednagar,Ahmednagar,"NAGAR-WALKI ROAD,AT POST- WALKI, TAL- NAGAR, DIST.- AHMEDNAGAR 414006.",414006,19.113872,74.74236,Private-Self Financing,"Maharashtra State Board of Technical Education, Mumbai",Approved,Approved,A,No,,Tier 3,http://www.ndkasar.ac.in,info@ndkasar.ac.in,admissions@ndkasar.ac.in,placement@ndkasar.ac.in,+91-80-638-7931,Computer Science Engineering (CSE),Diploma,120,300,1981,Urban,Yes,Yes
1-44643813934,1-44643813934,U-0767,N. D. KASAR INSTITUTE OF ENGINEERING AND TECHNOLOGY,Active,Maharashtra,Ahmednagar,Ahmednagar,"NAGAR-WALKI ROAD,AT POST- WALKI, TAL- NAGAR, DIST.- AHMEDNAGAR 414006.",414006,19.113872,74.74236,Private-Self Financing,"Maharashtra State Board of Technical Education, Mumbai",Approved,Approved,A,No,,Tier 3,http://www.ndkasar.ac.in,info@ndkasar.ac.in,admissions@ndkasar.ac.in,placement@ndkasar.ac.in,+91-80-638-7931,Information Technology (IT),Diploma,60,300,1981,Urban,Yes,Yes
1-44643813934,1-44643813934,U-0767,N. D. KASAR INSTITUTE OF ENGINEERING AND TECHNOLOGY,Active,Maharashtra,Ahmednagar,Ahmednagar,"NAGAR-WALKI ROAD,AT POST- WALKI, TAL- NAGAR, DIST.- AHMEDNAGAR 414006.",414006,19.113872,74.74236,Private-Self Financing,"Maharashtra State Board of Technical Education, Mumbai",Approved,Approved,A,No,,Tier 3,http://www.ndkasar.ac.in,info@ndkasar.ac.in,admissions@ndkasar.ac.in,placement@ndkasar.ac.in,+91-80-638-7931,Artificial Intelligence & Machine Learning (AI & ML),Diploma,60,300,1981,Urban,Yes,Yes
1-44643813934,1-44643813934,U-0767,N. D. KASAR INSTITUTE OF ENGINEERING AND TECHNOLOGY,Active,Maharashtra,Ahmednagar,Ahmednagar,"NAGAR-WALKI ROAD,AT POST- WALKI, TAL- NAGAR, DIST.- AHMEDNAGAR 414006.",414006,19.113872,74.74236,Private-Self Financing,"Maharashtra State Board of Technical Education, Mumbai",Approved,Approved,A,No,,Tier 3,http://www.ndkasar.ac.in,info@ndkasar.ac.in,admissions@ndkasar.ac.in,placement@ndkasar.ac.in,+91-80-638-7931,Electronics & Communication Engineering (ECE),Diploma,60,300,1981,Urban,Yes,Yes
1-44753574927,1-44753574927,U-0767,MULA EDUCATION SOCIETY'S INSTITUTE OF ENGINEERING AND TECHNOLOGY,Active,Maharashtra,Ahmednagar,Ahmednagar,"MULA EDUCATION SOCIETY, GAT NO. 1174/15/A/5, SONAI, TAL.- NEWASA, DIST.- AHMEDNAGAR.",400224,19.088658,74.73502,Private-Self Financing,"Maharashtra State Board of Technical Education, Mumbai",Approved,Approved,A+,Yes,,Tier 2,http://www.mulaeducationsocietys.ac.in,info@mulaeducationsocietys.ac.in,admissions@mulaeducationsocietys.ac.in,placement@mulaeducationsocietys.ac.in,+91-80-581-2524,Computer Science Engineering (CSE),Diploma,120,300,1980,Rural,No,Yes
1-44753574927,1-44753574927,U-0767,MULA EDUCATION SOCIETY'S INSTITUTE OF ENGINEERING AND TECHNOLOGY,Active,Maharashtra,Ahmednagar,Ahmednagar,"MULA EDUCATION SOCIETY, GAT NO. 1174/15/A/5, SONAI, TAL.- NEWASA, DIST.- AHMEDNAGAR.",400224,19.088658,74.73502,Private-Self Financing,"Maharashtra State Board of Technical Education, Mumbai",Approved,Approved,A+,Yes,,Tier 2,http://www.mulaeducationsocietys.ac.in,info@mulaeducationsocietys.ac.in,admissions@mulaeducationsocietys.ac.in,placement@mulaeducationsocietys.ac.in,+91-80-581-2524,Information Technology (IT),Diploma,60,300,1980,Rural,No,Yes
1-44753574927,1-44753574927,U-0767,MULA EDUCATION SOCIETY'S INSTITUTE OF ENGINEERING AND TECHNOLOGY,Active,Maharashtra,Ahmednagar,Ahmednagar,"MULA EDUCATION SOCIETY, GAT NO. 1174/15/A/5, SONAI, TAL.- NEWASA, DIST.- AHMEDNAGAR.",400224,19.088658,74.73502,Private-Self Financing,"Maharashtra State Board of Technical Education, Mumbai",Approved,Approved,A+,Yes,,Tier 2,http://www.mulaeducationsocietys.ac.in,info@mulaeducationsocietys.ac.in,admissions@mulaeducationsocietys.ac.in,placement@mulaeducationsocietys.ac.in,+91-80-581-2524,Artificial Intelligence & Machine Learning (AI & ML),Diploma,60,300,1980,Rural,No,Yes
1-44753574927,1-44753574927,U-0767,MULA EDUCATION SOCIETY'S INSTITUTE OF ENGINEERING AND TECHNOLOGY,Active,Maharashtra,Ahmednagar,Ahmednagar,"MULA EDUCATION SOCIETY, GAT NO. 1174/15/A/5, SONAI, TAL.- NEWASA, DIST.- AHMEDNAGAR.",400224,19.088658,74.73502,Private-Self Financing,"Maharashtra State Board of Technical Education, Mumbai",Approved,Approved,A+,Yes,,Tier 2,http://www.mulaeducationsocietys.ac.in,info@mulaeducationsocietys.ac.in,admissions@mulaeducationsocietys.ac.in,placement@mulaeducationsocietys.ac.in,+91-80-581-2524,Electronics & Communication Engineering (ECE),Diploma,60,300,1980,Rural,No,Yes
1-44754284533,1-44754284533,U-0767,PHALKE PATIL COLLEGE OF ENGINEERING,Active,Maharashtra,Ahmednagar,Ahmednagar,"A/P BHANDEWADI GAT NO.117/1, KARJAT-RASHIN ROAD TAL.KARJAT",400224,19.089104,74.736887,Private-Self Financing,"Maharashtra State Board of Technical Education, Mumbai",Approved,Approved,B,Yes,,Tier 3,http://www.phalkepatil.ac.in,info@phalkepatil.ac.in,admissions@phalkepatil.ac.in,placement@phalkepatil.ac.in,+91-80-599-9416,Artificial Intelligence & Machine Learning (AI & ML),Diploma,60,240,1982,Urban,Yes,Yes
1-44754284533,1-44754284533,U-0767,PHALKE PATIL COLLEGE OF ENGINEERING,Active,Maharashtra,Ahmednagar,Ahmednagar,"A/P BHANDEWADI GAT NO.117/1, KARJAT-RASHIN ROAD TAL.KARJAT",400224,19.089104,74.736887,Private-Self Financing,"Maharashtra State Board of Technical Education, Mumbai",Approved,Approved,B,Yes,,Tier 3,http://www.phalkepatil.ac.in,info@phalkepatil.ac.in,admissions@phalkepatil.ac.in,placement@phalkepatil.ac.in,+91-80-599-9416,Computer Science Engineering (CSE),Diploma,60,240,1982,Urban,Yes,Yes
1-44754284533,1-44754284533,U-0767,PHALKE PATIL COLLEGE OF ENGINEERING,Active,Maharashtra,Ahmednagar,Ahmednagar,"A/P BHANDEWADI GAT NO.117/1, KARJAT-RASHIN ROAD TAL.KARJAT",400224,19.089104,74.736887,Private-Self Financing,"Maharashtra State Board of Technical Education, Mumbai",Approved,Approved,B,Yes,,Tier 3,http://www.phalkepatil.ac.in,info@phalkepatil.ac.in,admissions@phalkepatil.ac.in,placement@phalkepatil.ac.in,+91-80-599-9416,Electrical Engineering,Diploma,60,240,1982,Urban,Yes,Yes
1-44754284533,1-44754284533,U-0767,PHALKE PATIL COLLEGE OF ENGINEERING,Active,Maharashtra,Ahmednagar,Ahmednagar,"A/P BHANDEWADI GAT NO.117/1, KARJAT-RASHIN ROAD TAL.KARJAT",400224,19.089104,74.736887,Private-Self Financing,"Maharashtra State Board of Technical Education, Mumbai",Approved,Approved,B,Yes,,Tier 3,http://www.phalkepatil.ac.in,info@phalkepatil.ac.in,admissions@phalkepatil.ac.in,placement@phalkepatil.ac.in,+91-80-599-9416,Civil Engineering,Diploma,60,240,1982,Urban,Yes,Yes
