College ID,AICTE Institute ID,UGC University ID,College Name,College Status,State,District,City,Full Address,Pincode,Latitude,Longitude,College Type,Affiliated University,AICTE Approval Status,UGC Approval Status,NAAC Grade,NBA Accreditation,NIRF Ranking,Tier Classification,Official Website,Official College Email,Admission Email,Placement Cell Email,Contact Phone Number,Engineering Branch Name,Degree Type,Branch Intake Capacity,Total Intake Capacity,Establishment Year,Campus Type,Hostel Available,Placement Available
1-44639708780,1-44639708780,U-0698,GEMS POLYTECHNIC COLLEGE,Active,Bihar,Aurangabad,Aurangabad,"VILLAGE- RATANPURA, AURANGABAD BIHAR-824121",824121,19.867708,75.360533,Private-Self Financing,"State Board of Technical Education, Patna",Approved,Approved,B++,No,,Tier 3,http://www.gems.ac.in,info@gems.ac.in,admissions@gems.ac.in,placement@gems.ac.in,+91-80-482-7118,Mechanical Engineering,Diploma,60,300,1997,Urban,No,No
1-44639708780,1-44639708780,U-0698,GEMS POLYTECHNIC COLLEGE,Active,Bihar,Aurangabad,Aurangabad,"VILLAGE- RATANPURA, AURANGABAD BIHAR-824121",824121,19.867708,75.360533,Private-Self Financing,"State Board of Technical Education, Patna",Approved,Approved,B++,No,,Tier 3,http://www.gems.ac.in,info@gems.ac.in,admissions@gems.ac.in,placement@gems.ac.in,+91-80-482-7118,Civil Engineering,Diploma,60,300,1997,Urban,No,No
1-44639708780,1-44639708780,U-0698,GEMS POLYTECHNIC COLLEGE,Active,Bihar,Aurangabad,Aurangabad,"VILLAGE- RATANPURA, AURANGABAD BIHAR-824121",824121,19.867708,75.360533,Private-Self Financing,"State Board of Technical Education, Patna",Approved,Approved,B++,No,,Tier 3,http://www.gems.ac.in,info@gems.ac.in,admissions@gems.ac.in,placement@gems.ac.in,+91-80-482-7118,Electrical Engineering,Diploma,60,300,1997,Urban,No,No
1-44639708780,1-44639708780,U-0698,GEMS POLYTECHNIC COLLEGE,Active,Bihar,Aurangabad,Aurangabad,"VILLAGE- RATANPURA, AURANGABAD BIHAR-824121",824121,19.867708,75.360533,Private-Self Financing,"State Board of Technical Education, Patna",Approved,Approved,B++,No,,Tier 3,http://www.gems.ac.in,info@gems.ac.in,admissions@gems.ac.in,placement@gems.ac.in,+91-80-482-7118,Electrical & Electronics Engineering (EEE),Diploma,60,300,1997,Urban,No,No
1-44639708780,1-44639708780,U-0698,GEMS POLYTECHNIC COLLEGE,Active,Bihar,Aurangabad,Aurangabad,"VILLAGE- RATANPURA, AURANGABAD BIHAR-824121",824121,19.867708,75.360533,Private-Self Financing,"State Board of Technical Education, Patna",Approved,Approved,B++,No,,Tier 3,http://www.gems.ac.in,info@gems.ac.in,admissions@gems.ac.in,placement@gems.ac.in,+91-80-482-7118,Computer Science Engineering (CSE),Diploma,60,300,1997,Urban,No,No
1-44640353439,1-44640353439,U-0698,SITYOG INSTITUTEOF TECHNOLOGY,Active,Bihar,Aurangabad,Aurangabad,GROWTH CENTER JASOIYA MORE AURANGABAD BIHAR,800520,19.889183,75.328813,Private-Self Financing,"State Board of Technical Education, Patna",Approved,Approved,Not Accredited,No,,Tier 3,http://www.sityoginstituteof.ac.in,info@sityoginstituteof.ac.in,admissions@sityoginstituteof.ac.in,placement@sityoginstituteof.ac.in,+91-80-383-3763,Electrical Engineering,Diploma,120,720,2003,Urban,Yes,Yes
1-44640353439,1-44640353439,U-0698,SITYOG INSTITUTEOF TECHNOLOGY,Active,Bihar,Aurangabad,Aurangabad,GROWTH CENTER JASOIYA MORE AURANGABAD BIHAR,800520,19.889183,75.328813,Private-Self Financing,"State Board of Technical Education, Patna",Approved,Approved,Not Accredited,No,,Tier 3,http://www.sityoginstituteof.ac.in,info@sityoginstituteof.ac.in,admissions@sityoginstituteof.ac.in,placement@sityoginstituteof.ac.in,+91-80-383-3763,Civil Engineering,B.Tech,60,720,2003,Urban,Yes,Yes
1-44640353439,1-44640353439,U-0698,SITYOG INSTITUTEOF TECHNOLOGY,Active,Bihar,Aurangabad,Aurangabad,GROWTH CENTER JASOIYA MORE AURANGABAD BIHAR,800520,19.889183,75.328813,Private-Self Financing,"State Board of Technical Education, Patna",Approved,Approved,Not Accredited,No,,Tier 3,http://www.sityoginstituteof.ac.in,info@sityoginstituteof.ac.in,admissions@sityoginstituteof.ac.in,placement@sityoginstituteof.ac.in,+91-80-383-3763,Electrical Engineering,B.Tech,60,720,2003,Urban,Yes,Yes
1-44640353439,1-44640353439,U-0698,SITYOG INSTITUTEOF TECHNOLOGY,Active,Bihar,Aurangabad,Aurangabad,GROWTH CENTER JASOIYA MORE AURANGABAD BIHAR,800520,19.889183,75.328813,Private-Self Financing,"State Board of Technical Education, Patna",Approved,Approved,Not Accredited,No,,Tier 3,http://www.sityoginstituteof.ac.in,info@sityoginstituteof.ac.in,admissions@sityoginstituteof.ac.in,placement@sityoginstituteof.ac.in,+91-80-383-3763,Mechanical Engineering,B.Tech,60,720,2003,Urban,Yes,Yes
1-44640353439,1-44640353439,U-0698,SITYOG INSTITUTEOF TECHNOLOGY,Active,Bihar,Aurangabad,Aurangabad,GROWTH CENTER JASOIYA MORE AURANGABAD BIHAR,800520,19.889183,75.328813,Private-Self Financing,"State Board of Technical Education, Patna",Approved,Approved,Not Accredited,No,,Tier 3,http://www.sityoginstituteof.ac.in,info@sityoginstituteof.ac.in,admissions@sityoginstituteof.ac.in,placement@sityoginstituteof.ac.in,+91-80-383-3763,Computer Science Engineering (CSE),B.Tech,180,720,2003,Urban,Yes,Yes
1-44640353439,1-44640353439,U-0698,SITYOG INSTITUTEOF TECHNOLOGY,Active,Bihar,Aurangabad,Aurangabad,GROWTH CENTER JASOIYA MORE AURANGABAD BIHAR,800520,19.889183,75.328813,Private-Self Financing,"State Board of Technical Education, Patna",Approved,Approved,Not Accredited,No,,Tier 3,http://www.sityoginstituteof.ac.in,info@sityoginstituteof.ac.in,admissions@sityoginstituteof.ac.in,placement@sityoginstituteof.ac.in,+91-80-383-3763,Civil Engineering,Diploma,120,720,2003,Urban,Yes,Yes
1-44640353439,1-44640353439,U-0698,SITYOG INSTITUTEOF TECHNOLOGY,Active,Bihar,Aurangabad,Aurangabad,GROWTH CENTER JASOIYA MORE AURANGABAD BIHAR,800520,19.889183,75.328813,Private-Self Financing,"State Board of Technical Education, Patna",Approved,Approved,Not Accredited,No,,Tier 3,http://www.sityoginstituteof.ac.in,info@sityoginstituteof.ac.in,admissions@sityoginstituteof.ac.in,placement@sityoginstituteof.ac.in,+91-80-383-3763,Mechanical Engineering,Diploma,60,720,2003,Urban,Yes,Yes
1-44640353439,1-44640353439,U-0698,SITYOG INSTITUTEOF TECHNOLOGY,Active,Bihar,Aurangabad,Aurangabad,GROWTH CENTER JASOIYA MORE AURANGABAD BIHAR,800520,19.889183,75.328813,Private-Self Financing,"State Board of Technical Education, Patna",Approved,Approved,Not Accredited,No,,Tier 3,http://www.sityoginstituteof.ac.in,info@sityoginstituteof.ac.in,admissions@sityoginstituteof.ac.in,placement@sityoginstituteof.ac.in,+91-80-383-3763,Computer Science Engineering (CSE),Diploma,60,720,2003,Urban,Yes,Yes
1-44640965029,1-44640965029,U-0698,PRABHU KAILASH POLYTECHNIC,Active,Bihar,Aurangabad,Aurangabad,SANATHUA MORE AURANGABAD BIHAR,800520,19.894135,75.360972,Private-Self Financing,"State Board of Technical Education, Patna",Approved,Approved,Not Accredited,No,,Tier 3,http://www.prabhukailash.ac.in,info@prabhukailash.ac.in,admissions@prabhukailash.ac.in,placement@prabhukailash.ac.in,+91-80-591-0897,Civil Engineering,Diploma,120,360,1994,Urban,Yes,Yes
1-44640965029,1-44640965029,U-0698,PRABHU KAILASH POLYTECHNIC,Active,Bihar,Aurangabad,Aurangabad,SANATHUA MORE AURANGABAD BIHAR,800520,19.894135,75.360972,Private-Self Financing,"State Board of Technical Education, Patna",Approved,Approved,Not Accredited,No,,Tier 3,http://www.prabhukailash.ac.in,info@prabhukailash.ac.in,admissions@prabhukailash.ac.in,placement@prabhukailash.ac.in,+91-80-591-0897,Computer Science Engineering (CSE),Diploma,60,360,1994,Urban,Yes,Yes
1-44640965029,1-44640965029,U-0698,PRABHU KAILASH POLYTECHNIC,Active,Bihar,Aurangabad,Aurangabad,SANATHUA MORE AURANGABAD BIHAR,800520,19.894135,75.360972,Private-Self Financing,"State Board of Technical Education, Patna",Approved,Approved,Not Accredited,No,,Tier 3,http://www.prabhukailash.ac.in,info@prabhukailash.ac.in,admissions@prabhukailash.ac.in,placement@prabhukailash.ac.in,+91-80-591-0897,Mechanical Engineering,Diploma,60,360,1994,Urban,Yes,Yes
1-44640965029,1-44640965029,U-0698,PRABHU KAILASH POLYTECHNIC,Active,Bihar,Aurangabad,Aurangabad,SANATHUA MORE AURANGABAD BIHAR,800520,19.894135,75.360972,Private-Self Financing,"State Board of Technical Education, Patna",Approved,Approved,Not Accredited,No,,Tier 3,http://www.prabhukailash.ac.in,info@prabhukailash.ac.in,admissions@prabhukailash.ac.in,placement@prabhukailash.ac.in,+91-80-591-0897,Electrical & Electronics Engineering (EEE),Diploma,60,360,1994,Urban,Yes,Yes
1-44640965029,1-44640965029,U-0698,PRABHU KAILASH POLYTECHNIC,Active,Bihar,Aurangabad,Aurangabad,SANATHUA MORE AURANGABAD BIHAR,800520,19.894135,75.360972,Private-Self Financing,"State Board of Technical Education, Patna",Approved,Approved,Not Accredited,No,,Tier 3,http://www.prabhukailash.ac.in,info@prabhukailash.ac.in,admissions@prabhukailash.ac.in,placement@prabhukailash.ac.in,+91-80-591-0897,Electrical Engineering,Diploma,60,360,1994,Urban,Yes,Yes
1-44643206036,1-44643206036,U-0440,PRABHU KAILASH ENGINEERING COLLEGE,Active,Bihar,Aurangabad,Aurangabad,"SANATHUA MORE, AURANAGABAD, BIHAR",800520,19.867553,75.353075,Private-Self Financing,Bihar Engineering University,Approved,Approved,A+,No,,Tier 3,http://www.prabhukailash.ac.in,info@prabhukailash.ac.in,admissions@prabhukailash.ac.in,placement@prabhukailash.ac.in,+91-80-476-1790,Computer Science Engineering (CSE),B.Tech,60,360,1981,Rural,Yes,Yes
1-44643206036,1-44643206036,U-0440,PRABHU KAILASH ENGINEERING COLLEGE,Active,Bihar,Aurangabad,Aurangabad,"SANATHUA MORE, AURANAGABAD, BIHAR",800520,19.867553,75.353075,Private-Self Financing,Bihar Engineering University,Approved,Approved,A+,No,,Tier 3,http://www.prabhukailash.ac.in,info@prabhukailash.ac.in,admissions@prabhukailash.ac.in,placement@prabhukailash.ac.in,+91-80-476-1790,Electrical Engineering,B.Tech,60,360,1981,Rural,Yes,Yes
1-44643206036,1-44643206036,U-0440,PRABHU KAILASH ENGINEERING COLLEGE,Active,Bihar,Aurangabad,Aurangabad,"SANATHUA MORE, AURANAGABAD, BIHAR",800520,19.867553,75.353075,Private-Self Financing,Bihar Engineering University,Approved,Approved,A+,No,,Tier 3,http://www.prabhukailash.ac.in,info@prabhukailash.ac.in,admissions@prabhukailash.ac.in,placement@prabhukailash.ac.in,+91-80-476-1790,Mechanical Engineering,B.Tech,60,360,1981,Rural,Yes,Yes
1-44643206036,1-44643206036,U-0440,PRABHU KAILASH ENGINEERING COLLEGE,Active,Bihar,Aurangabad,Aurangabad,"SANATHUA MORE, AURANAGABAD, BIHAR",800520,19.867553,75.353075,Private-Self Financing,Bihar Engineering University,Approved,Approved,A+,No,,Tier 3,http://www.prabhukailash.ac.in,info@prabhukailash.ac.in,admissions@prabhukailash.ac.in,placement@prabhukailash.ac.in,+91-80-476-1790,Other Engineering Branches,B.Tech,60,360,1981,Rural,Yes,Yes
1-44643206036,1-44643206036,U-0440,PRABHU KAILASH ENGINEERING COLLEGE,Active,Bihar,Aurangabad,Aurangabad,"SANATHUA MORE, AURANAGABAD, BIHAR",800520,19.867553,75.353075,Private-Self Financing,Bihar Engineering University,Approved,Approved,A+,No,,Tier 3,http://www.prabhukailash.ac.in,info@prabhukailash.ac.in,admissions@prabhukailash.ac.in,placement@prabhukailash.ac.in,+91-80-476-1790,Civil Engineering,B.Tech,60,360,1981,Rural,Yes,Yes
1-44643206036,1-44643206036,U-0440,PRABHU KAILASH ENGINEERING COLLEGE,Active,Bihar,Aurangabad,Aurangabad,"SANATHUA MORE, AURANAGABAD, BIHAR",800520,19.867553,75.353075,Private-Self Financing,Bihar Engineering University,Approved,Approved,A+,No,,Tier 3,http://www.prabhukailash.ac.in,info@prabhukailash.ac.in,admissions@prabhukailash.ac.in,placement@prabhukailash.ac.in,+91-80-476-1790,Agricultural Engineering,B.Tech,60,360,1981,Rural,Yes,Yes
1-44643820533,1-44643820533,U-0698,SITYOG INSTITUTE OF POLYTECHNIC,Active,Bihar,Aurangabad,Aurangabad,"JASOIYA MORE, AURANGABAD, BIHAR",800520,19.859806,75.324709,Private-Self Financing,"State Board of Technical Education, Patna",Approved,Approved,A,No,,Tier 3,http://www.sityog.ac.in,info@sityog.ac.in,admissions@sityog.ac.in,placement@sityog.ac.in,+91-80-151-2457,Mechanical Engineering,Diploma,30,360,2005,Urban,Yes,Yes
1-44643820533,1-44643820533,U-0698,SITYOG INSTITUTE OF POLYTECHNIC,Active,Bihar,Aurangabad,Aurangabad,"JASOIYA MORE, AURANGABAD, BIHAR",800520,19.859806,75.324709,Private-Self Financing,"State Board of Technical Education, Patna",Approved,Approved,A,No,,Tier 3,http://www.sityog.ac.in,info@sityog.ac.in,admissions@sityog.ac.in,placement@sityog.ac.in,+91-80-151-2457,Civil Engineering,Diploma,90,360,2005,Urban,Yes,Yes
1-44643820533,1-44643820533,U-0698,SITYOG INSTITUTE OF POLYTECHNIC,Active,Bihar,Aurangabad,Aurangabad,"JASOIYA MORE, AURANGABAD, BIHAR",800520,19.859806,75.324709,Private-Self Financing,"State Board of Technical Education, Patna",Approved,Approved,A,No,,Tier 3,http://www.sityog.ac.in,info@sityog.ac.in,admissions@sityog.ac.in,placement@sityog.ac.in,+91-80-151-2457,Electrical Engineering,Diploma,90,360,2005,Urban,Yes,Yes
1-44643820533,1-44643820533,U-0698,SITYOG INSTITUTE OF POLYTECHNIC,Active,Bihar,Aurangabad,Aurangabad,"JASOIYA MORE, AURANGABAD, BIHAR",800520,19.859806,75.324709,Private-Self Financing,"State Board of Technical Education, Patna",Approved,Approved,A,No,,Tier 3,http://www.sityog.ac.in,info@sityog.ac.in,admissions@sityog.ac.in,placement@sityog.ac.in,+91-80-151-2457,Computer Science Engineering (CSE),Diploma,90,360,2005,Urban,Yes,Yes
1-44643820533,1-44643820533,U-0698,SITYOG INSTITUTE OF POLYTECHNIC,Active,Bihar,Aurangabad,Aurangabad,"JASOIYA MORE, AURANGABAD, BIHAR",800520,19.859806,75.324709,Private-Self Financing,"State Board of Technical Education, Patna",Approved,Approved,A,No,,Tier 3,http://www.sityog.ac.in,info@sityog.ac.in,admissions@sityog.ac.in,placement@sityog.ac.in,+91-80-151-2457,Other Engineering Branches,Diploma,30,360,2005,Urban,Yes,Yes
1-44643820533,1-44643820533,U-0698,SITYOG INSTITUTE OF POLYTECHNIC,Active,Bihar,Aurangabad,Aurangabad,"JASOIYA MORE, AURANGABAD, BIHAR",800520,19.859806,75.324709,Private-Self Financing,"State Board of Technical Education, Patna",Approved,Approved,A,No,,Tier 3,http://www.sityog.ac.in,info@sityog.ac.in,admissions@sityog.ac.in,placement@sityog.ac.in,+91-80-151-2457,Mining Engineering,Diploma,30,360,2005,Urban,Yes,Yes
1-44638740834,1-44638740834,U-0122,YASHODEEP INSTITUTE OF COMPUTER APPLICATION MCA,Active,Maharashtra,Aurangabad,Aurangabad,GUT NO.114 BEED ROAD AURANGABAD.,400520,19.863503,75.341301,Private-Self Financing,"Dr. Babasaheb Ambedkar Technological University, Lonere",Approved,Approved,Not Accredited,No,,Tier 3,http://www.yashodeepcomputerapplication.ac.in,info@yashodeepcomputerapplication.ac.in,admissions@yashodeepcomputerapplication.ac.in,placement@yashodeepcomputerapplication.ac.in,+91-80-306-3155,Electrical Engineering,Diploma,60,240,1996,Urban,Yes,Yes
1-44638740834,1-44638740834,U-0122,YASHODEEP INSTITUTE OF COMPUTER APPLICATION MCA,Active,Maharashtra,Aurangabad,Aurangabad,GUT NO.114 BEED ROAD AURANGABAD.,400520,19.863503,75.341301,Private-Self Financing,"Dr. Babasaheb Ambedkar Technological University, Lonere",Approved,Approved,Not Accredited,No,,Tier 3,http://www.yashodeepcomputerapplication.ac.in,info@yashodeepcomputerapplication.ac.in,admissions@yashodeepcomputerapplication.ac.in,placement@yashodeepcomputerapplication.ac.in,+91-80-306-3155,Computer Science Engineering (CSE),Diploma,120,240,1996,Urban,Yes,Yes
1-44638740834,1-44638740834,U-0122,YASHODEEP INSTITUTE OF COMPUTER APPLICATION MCA,Active,Maharashtra,Aurangabad,Aurangabad,GUT NO.114 BEED ROAD AURANGABAD.,400520,19.863503,75.341301,Private-Self Financing,"Dr. Babasaheb Ambedkar Technological University, Lonere",Approved,Approved,Not Accredited,No,,Tier 3,http://www.yashodeepcomputerapplication.ac.in,info@yashodeepcomputerapplication.ac.in,admissions@yashodeepcomputerapplication.ac.in,placement@yashodeepcomputerapplication.ac.in,+91-80-306-3155,Artificial Intelligence & Machine Learning (AI & ML),Diploma,60,240,1996,Urban,Yes,Yes
1-44638832460,1-44638832460,U-0122,AURANGABAD COLLEGE OF ENGINEERING,Active,Maharashtra,Aurangabad,Aurangabad,"GAT NO 52, TULJAPUR SHIVAR,",400520,19.872718,75.354772,Private-Self Financing,"Dr. Babasaheb Ambedkar Technological University, Lonere",Approved,Approved,B+,No,,Tier 3,http://www.aurangabad.ac.in,info@aurangabad.ac.in,admissions@aurangabad.ac.in,placement@aurangabad.ac.in,+91-80-692-8073,Civil Engineering,B.Tech,60,555,1994,Rural,Yes,Yes
1-44638832460,1-44638832460,U-0122,AURANGABAD COLLEGE OF ENGINEERING,Active,Maharashtra,Aurangabad,Aurangabad,"GAT NO 52, TULJAPUR SHIVAR,",400520,19.872718,75.354772,Private-Self Financing,"Dr. Babasaheb Ambedkar Technological University, Lonere",Approved,Approved,B+,No,,Tier 3,http://www.aurangabad.ac.in,info@aurangabad.ac.in,admissions@aurangabad.ac.in,placement@aurangabad.ac.in,+91-80-692-8073,Electrical Engineering,B.Tech,90,555,1994,Rural,Yes,Yes
1-44638832460,1-44638832460,U-0122,AURANGABAD COLLEGE OF ENGINEERING,Active,Maharashtra,Aurangabad,Aurangabad,"GAT NO 52, TULJAPUR SHIVAR,",400520,19.872718,75.354772,Private-Self Financing,"Dr. Babasaheb Ambedkar Technological University, Lonere",Approved,Approved,B+,No,,Tier 3,http://www.aurangabad.ac.in,info@aurangabad.ac.in,admissions@aurangabad.ac.in,placement@aurangabad.ac.in,+91-80-692-8073,Electronics & Communication Engineering (ECE),B.Tech,15,555,1994,Rural,Yes,Yes
1-44638832460,1-44638832460,U-0122,AURANGABAD COLLEGE OF ENGINEERING,Active,Maharashtra,Aurangabad,Aurangabad,"GAT NO 52, TULJAPUR SHIVAR,",400520,19.872718,75.354772,Private-Self Financing,"Dr. Babasaheb Ambedkar Technological University, Lonere",Approved,Approved,B+,No,,Tier 3,http://www.aurangabad.ac.in,info@aurangabad.ac.in,admissions@aurangabad.ac.in,placement@aurangabad.ac.in,+91-80-692-8073,Computer Science Engineering (CSE),B.Tech,60,555,1994,Rural,Yes,Yes
1-44638832460,1-44638832460,U-0122,AURANGABAD COLLEGE OF ENGINEERING,Active,Maharashtra,Aurangabad,Aurangabad,"GAT NO 52, TULJAPUR SHIVAR,",400520,19.872718,75.354772,Private-Self Financing,"Dr. Babasaheb Ambedkar Technological University, Lonere",Approved,Approved,B+,No,,Tier 3,http://www.aurangabad.ac.in,info@aurangabad.ac.in,admissions@aurangabad.ac.in,placement@aurangabad.ac.in,+91-80-692-8073,Mechanical Engineering,B.Tech,90,555,1994,Rural,Yes,Yes
1-44638832460,1-44638832460,U-0122,AURANGABAD COLLEGE OF ENGINEERING,Active,Maharashtra,Aurangabad,Aurangabad,"GAT NO 52, TULJAPUR SHIVAR,",400520,19.872718,75.354772,Private-Self Financing,"Dr. Babasaheb Ambedkar Technological University, Lonere",Approved,Approved,B+,No,,Tier 3,http://www.aurangabad.ac.in,info@aurangabad.ac.in,admissions@aurangabad.ac.in,placement@aurangabad.ac.in,+91-80-692-8073,Data Science,B.Tech,60,555,1994,Rural,Yes,Yes
1-44638832460,1-44638832460,U-0122,AURANGABAD COLLEGE OF ENGINEERING,Active,Maharashtra,Aurangabad,Aurangabad,"GAT NO 52, TULJAPUR SHIVAR,",400520,19.872718,75.354772,Private-Self Financing,"Dr. Babasaheb Ambedkar Technological University, Lonere",Approved,Approved,B+,No,,Tier 3,http://www.aurangabad.ac.in,info@aurangabad.ac.in,admissions@aurangabad.ac.in,placement@aurangabad.ac.in,+91-80-692-8073,Computer Science Engineering (CSE),Diploma,60,555,1994,Rural,Yes,Yes
1-44638832460,1-44638832460,U-0122,AURANGABAD COLLEGE OF ENGINEERING,Active,Maharashtra,Aurangabad,Aurangabad,"GAT NO 52, TULJAPUR SHIVAR,",400520,19.872718,75.354772,Private-Self Financing,"Dr. Babasaheb Ambedkar Technological University, Lonere",Approved,Approved,B+,No,,Tier 3,http://www.aurangabad.ac.in,info@aurangabad.ac.in,admissions@aurangabad.ac.in,placement@aurangabad.ac.in,+91-80-692-8073,Electrical Engineering,Diploma,60,555,1994,Rural,Yes,Yes
1-44638832460,1-44638832460,U-0122,AURANGABAD COLLEGE OF ENGINEERING,Active,Maharashtra,Aurangabad,Aurangabad,"GAT NO 52, TULJAPUR SHIVAR,",400520,19.872718,75.354772,Private-Self Financing,"Dr. Babasaheb Ambedkar Technological University, Lonere",Approved,Approved,B+,No,,Tier 3,http://www.aurangabad.ac.in,info@aurangabad.ac.in,admissions@aurangabad.ac.in,placement@aurangabad.ac.in,+91-80-692-8073,Mechanical Engineering,Diploma,60,555,1994,Rural,Yes,Yes
1-44639325044,1-44639325044,U-0122,CSMSS CHH. SHAHU COLLEGE OF ENGINEERING,Active,Maharashtra,Aurangabad,Aurangabad,"KANCHANWADI, PAITHAN ROAD, AURANGABAD",400520,19.858096,75.353611,Private-Self Financing,"Dr. Babasaheb Ambedkar Technological University, Lonere",Approved,Approved,B+,No,,Tier 3,http://www.csmsschhshahu.ac.in,info@csmsschhshahu.ac.in,admissions@csmsschhshahu.ac.in,placement@csmsschhshahu.ac.in,+91-80-079-5329,Civil Engineering,B.Tech,60,924,2002,Rural,No,Yes
1-44639325044,1-44639325044,U-0122,CSMSS CHH. SHAHU COLLEGE OF ENGINEERING,Active,Maharashtra,Aurangabad,Aurangabad,"KANCHANWADI, PAITHAN ROAD, AURANGABAD",400520,19.858096,75.353611,Private-Self Financing,"Dr. Babasaheb Ambedkar Technological University, Lonere",Approved,Approved,B+,No,,Tier 3,http://www.csmsschhshahu.ac.in,info@csmsschhshahu.ac.in,admissions@csmsschhshahu.ac.in,placement@csmsschhshahu.ac.in,+91-80-079-5329,Data Science,M.Tech,12,924,2002,Rural,No,Yes
1-44639325044,1-44639325044,U-0122,CSMSS CHH. SHAHU COLLEGE OF ENGINEERING,Active,Maharashtra,Aurangabad,Aurangabad,"KANCHANWADI, PAITHAN ROAD, AURANGABAD",400520,19.858096,75.353611,Private-Self Financing,"Dr. Babasaheb Ambedkar Technological University, Lonere",Approved,Approved,B+,No,,Tier 3,http://www.csmsschhshahu.ac.in,info@csmsschhshahu.ac.in,admissions@csmsschhshahu.ac.in,placement@csmsschhshahu.ac.in,+91-80-079-5329,Computer Science Engineering (CSE),M.Tech,12,924,2002,Rural,No,Yes
1-44639325044,1-44639325044,U-0122,CSMSS CHH. SHAHU COLLEGE OF ENGINEERING,Active,Maharashtra,Aurangabad,Aurangabad,"KANCHANWADI, PAITHAN ROAD, AURANGABAD",400520,19.858096,75.353611,Private-Self Financing,"Dr. Babasaheb Ambedkar Technological University, Lonere",Approved,Approved,B+,No,,Tier 3,http://www.csmsschhshahu.ac.in,info@csmsschhshahu.ac.in,admissions@csmsschhshahu.ac.in,placement@csmsschhshahu.ac.in,+91-80-079-5329,Computer Science Engineering (CSE),B.Tech,300,924,2002,Rural,No,Yes
1-44639325044,1-44639325044,U-0122,CSMSS CHH. SHAHU COLLEGE OF ENGINEERING,Active,Maharashtra,Aurangabad,Aurangabad,"KANCHANWADI, PAITHAN ROAD, AURANGABAD",400520,19.858096,75.353611,Private-Self Financing,"Dr. Babasaheb Ambedkar Technological University, Lonere",Approved,Approved,B+,No,,Tier 3,http://www.csmsschhshahu.ac.in,info@csmsschhshahu.ac.in,admissions@csmsschhshahu.ac.in,placement@csmsschhshahu.ac.in,+91-80-079-5329,Electrical Engineering,B.Tech,60,924,2002,Rural,No,Yes
1-44639325044,1-44639325044,U-0122,CSMSS CHH. SHAHU COLLEGE OF ENGINEERING,Active,Maharashtra,Aurangabad,Aurangabad,"KANCHANWADI, PAITHAN ROAD, AURANGABAD",400520,19.858096,75.353611,Private-Self Financing,"Dr. Babasaheb Ambedkar Technological University, Lonere",Approved,Approved,B+,No,,Tier 3,http://www.csmsschhshahu.ac.in,info@csmsschhshahu.ac.in,admissions@csmsschhshahu.ac.in,placement@csmsschhshahu.ac.in,+91-80-079-5329,Mechanical Engineering,B.Tech,120,924,2002,Rural,No,Yes
1-44639325044,1-44639325044,U-0122,CSMSS CHH. SHAHU COLLEGE OF ENGINEERING,Active,Maharashtra,Aurangabad,Aurangabad,"KANCHANWADI, PAITHAN ROAD, AURANGABAD",400520,19.858096,75.353611,Private-Self Financing,"Dr. Babasaheb Ambedkar Technological University, Lonere",Approved,Approved,B+,No,,Tier 3,http://www.csmsschhshahu.ac.in,info@csmsschhshahu.ac.in,admissions@csmsschhshahu.ac.in,placement@csmsschhshahu.ac.in,+91-80-079-5329,Data Science,B.Tech,180,924,2002,Rural,No,Yes
1-44639325044,1-44639325044,U-0122,CSMSS CHH. SHAHU COLLEGE OF ENGINEERING,Active,Maharashtra,Aurangabad,Aurangabad,"KANCHANWADI, PAITHAN ROAD, AURANGABAD",400520,19.858096,75.353611,Private-Self Financing,"Dr. Babasaheb Ambedkar Technological University, Lonere",Approved,Approved,B+,No,,Tier 3,http://www.csmsschhshahu.ac.in,info@csmsschhshahu.ac.in,admissions@csmsschhshahu.ac.in,placement@csmsschhshahu.ac.in,+91-80-079-5329,Robotics,M.Tech,12,924,2002,Rural,No,Yes
1-44639325044,1-44639325044,U-0122,CSMSS CHH. SHAHU COLLEGE OF ENGINEERING,Active,Maharashtra,Aurangabad,Aurangabad,"KANCHANWADI, PAITHAN ROAD, AURANGABAD",400520,19.858096,75.353611,Private-Self Financing,"Dr. Babasaheb Ambedkar Technological University, Lonere",Approved,Approved,B+,No,,Tier 3,http://www.csmsschhshahu.ac.in,info@csmsschhshahu.ac.in,admissions@csmsschhshahu.ac.in,placement@csmsschhshahu.ac.in,+91-80-079-5329,Civil Engineering,M.Tech,12,924,2002,Rural,No,Yes
1-44639325044,1-44639325044,U-0122,CSMSS CHH. SHAHU COLLEGE OF ENGINEERING,Active,Maharashtra,Aurangabad,Aurangabad,"KANCHANWADI, PAITHAN ROAD, AURANGABAD",400520,19.858096,75.353611,Private-Self Financing,"Dr. Babasaheb Ambedkar Technological University, Lonere",Approved,Approved,B+,No,,Tier 3,http://www.csmsschhshahu.ac.in,info@csmsschhshahu.ac.in,admissions@csmsschhshahu.ac.in,placement@csmsschhshahu.ac.in,+91-80-079-5329,Other Engineering Branches,B.Tech,60,924,2002,Rural,No,Yes
1-44639325044,1-44639325044,U-0122,CSMSS CHH. SHAHU COLLEGE OF ENGINEERING,Active,Maharashtra,Aurangabad,Aurangabad,"KANCHANWADI, PAITHAN ROAD, AURANGABAD",400520,19.858096,75.353611,Private-Self Financing,"Dr. Babasaheb Ambedkar Technological University, Lonere",Approved,Approved,B+,No,,Tier 3,http://www.csmsschhshahu.ac.in,info@csmsschhshahu.ac.in,admissions@csmsschhshahu.ac.in,placement@csmsschhshahu.ac.in,+91-80-079-5329,Electronics & Communication Engineering (ECE),B.Tech,60,924,2002,Rural,No,Yes
1-44639325044,1-44639325044,U-0122,CSMSS CHH. SHAHU COLLEGE OF ENGINEERING,Active,Maharashtra,Aurangabad,Aurangabad,"KANCHANWADI, PAITHAN ROAD, AURANGABAD",400520,19.858096,75.353611,Private-Self Financing,"Dr. Babasaheb Ambedkar Technological University, Lonere",Approved,Approved,B+,No,,Tier 3,http://www.csmsschhshahu.ac.in,info@csmsschhshahu.ac.in,admissions@csmsschhshahu.ac.in,placement@csmsschhshahu.ac.in,+91-80-079-5329,Electronics & Communication Engineering (ECE),M.Tech,24,924,2002,Rural,No,Yes
1-44639325044,1-44639325044,U-0122,CSMSS CHH. SHAHU COLLEGE OF ENGINEERING,Active,Maharashtra,Aurangabad,Aurangabad,"KANCHANWADI, PAITHAN ROAD, AURANGABAD",400520,19.858096,75.353611,Private-Self Financing,"Dr. Babasaheb Ambedkar Technological University, Lonere",Approved,Approved,B+,No,,Tier 3,http://www.csmsschhshahu.ac.in,info@csmsschhshahu.ac.in,admissions@csmsschhshahu.ac.in,placement@csmsschhshahu.ac.in,+91-80-079-5329,Electrical Engineering,M.Tech,12,924,2002,Rural,No,Yes
1-44640032944,1-44640032944,U-0992,DEPARTMENT OF CHEMICAL TECHNOLOGY,Active,Maharashtra,Aurangabad,Aurangabad,DR. BABASAHEB AMBEDKAR MARATHWADA UNIVERSITY,400520,19.884349,75.351772,State Government University,NOT APPLICABLE,Approved,Approved,A+,No,,Tier 3,http://www.departmentchemical.ac.in,info@departmentchemical.ac.in,admissions@departmentchemical.ac.in,placement@departmentchemical.ac.in,+91-80-180-6646,Chemical Engineering,B.Tech,24,64,1981,Rural,Yes,No
1-44640032944,1-44640032944,U-0992,DEPARTMENT OF CHEMICAL TECHNOLOGY,Active,Maharashtra,Aurangabad,Aurangabad,DR. BABASAHEB AMBEDKAR MARATHWADA UNIVERSITY,400520,19.884349,75.351772,State Government University,NOT APPLICABLE,Approved,Approved,A+,No,,Tier 3,http://www.departmentchemical.ac.in,info@departmentchemical.ac.in,admissions@departmentchemical.ac.in,placement@departmentchemical.ac.in,+91-80-180-6646,Other Engineering Branches,M.Tech,40,64,1981,Rural,Yes,No
1-44639931100,1-44639931100,U-0767,"VINAYAKRAO PATIL SHIKSHAN PRASARAK MANDAL'S INSTITUTE OF ENGINEERING AND TECHNOLOGY, KANNAD",Active,Maharashtra,Aurangabad,Aurangabad,"GUT NO. 30, HIWARKHEDA ROAD, KANNAD, DIST AURANGABAD (MAHARASHTRA) PIN:- 431103",431103,19.876819,75.340922,Private-Self Financing,"Maharashtra State Board of Technical Education, Mumbai",Approved,Approved,A+,Yes,,Tier 2,http://www.vinayakraopatilshikshan.ac.in,info@vinayakraopatilshikshan.ac.in,admissions@vinayakraopatilshikshan.ac.in,placement@vinayakraopatilshikshan.ac.in,+91-80-864-8048,Civil Engineering,Diploma,60,240,1984,Rural,Yes,Yes
1-44639931100,1-44639931100,U-0767,"VINAYAKRAO PATIL SHIKSHAN PRASARAK MANDAL'S INSTITUTE OF ENGINEERING AND TECHNOLOGY, KANNAD",Active,Maharashtra,Aurangabad,Aurangabad,"GUT NO. 30, HIWARKHEDA ROAD, KANNAD, DIST AURANGABAD (MAHARASHTRA) PIN:- 431103",431103,19.876819,75.340922,Private-Self Financing,"Maharashtra State Board of Technical Education, Mumbai",Approved,Approved,A+,Yes,,Tier 2,http://www.vinayakraopatilshikshan.ac.in,info@vinayakraopatilshikshan.ac.in,admissions@vinayakraopatilshikshan.ac.in,placement@vinayakraopatilshikshan.ac.in,+91-80-864-8048,Mechanical Engineering,Diploma,60,240,1984,Rural,Yes,Yes
1-44639931100,1-44639931100,U-0767,"VINAYAKRAO PATIL SHIKSHAN PRASARAK MANDAL'S INSTITUTE OF ENGINEERING AND TECHNOLOGY, KANNAD",Active,Maharashtra,Aurangabad,Aurangabad,"GUT NO. 30, HIWARKHEDA ROAD, KANNAD, DIST AURANGABAD (MAHARASHTRA) PIN:- 431103",431103,19.876819,75.340922,Private-Self Financing,"Maharashtra State Board of Technical Education, Mumbai",Approved,Approved,A+,Yes,,Tier 2,http://www.vinayakraopatilshikshan.ac.in,info@vinayakraopatilshikshan.ac.in,admissions@vinayakraopatilshikshan.ac.in,placement@vinayakraopatilshikshan.ac.in,+91-80-864-8048,Computer Science Engineering (CSE),Diploma,60,240,1984,Rural,Yes,Yes
1-44639931100,1-44639931100,U-0767,"VINAYAKRAO PATIL SHIKSHAN PRASARAK MANDAL'S INSTITUTE OF ENGINEERING AND TECHNOLOGY, KANNAD",Active,Maharashtra,Aurangabad,Aurangabad,"GUT NO. 30, HIWARKHEDA ROAD, KANNAD, DIST AURANGABAD (MAHARASHTRA) PIN:- 431103",431103,19.876819,75.340922,Private-Self Financing,"Maharashtra State Board of Technical Education, Mumbai",Approved,Approved,A+,Yes,,Tier 2,http://www.vinayakraopatilshikshan.ac.in,info@vinayakraopatilshikshan.ac.in,admissions@vinayakraopatilshikshan.ac.in,placement@vinayakraopatilshikshan.ac.in,+91-80-864-8048,Electronics & Communication Engineering (ECE),Diploma,60,240,1984,Rural,Yes,Yes
1-44639890877,1-44639890877,U-0767,SHARADCHANDRAJI PAWAR POLYTECHNIC COLLEGE,Active,Maharashtra,Aurangabad,Aurangabad,"NEAR VIDEOCON COMMUNICATION LTD, BEED HIGHWAY ROAD,BHALGAON,DIST: AURANGABAD,431005",431005,19.874267,75.350047,Private-Self Financing,"Maharashtra State Board of Technical Education, Mumbai",Approved,Approved,A,No,,Tier 3,http://www.sharadchandrajipawar.ac.in,info@sharadchandrajipawar.ac.in,admissions@sharadchandrajipawar.ac.in,placement@sharadchandrajipawar.ac.in,+91-80-757-8027,Electrical Engineering,Diploma,120,420,1981,Urban,Yes,No
1-44639890877,1-44639890877,U-0767,SHARADCHANDRAJI PAWAR POLYTECHNIC COLLEGE,Active,Maharashtra,Aurangabad,Aurangabad,"NEAR VIDEOCON COMMUNICATION LTD, BEED HIGHWAY ROAD,BHALGAON,DIST: AURANGABAD,431005",431005,19.874267,75.350047,Private-Self Financing,"Maharashtra State Board of Technical Education, Mumbai",Approved,Approved,A,No,,Tier 3,http://www.sharadchandrajipawar.ac.in,info@sharadchandrajipawar.ac.in,admissions@sharadchandrajipawar.ac.in,placement@sharadchandrajipawar.ac.in,+91-80-757-8027,Civil Engineering,Diploma,60,420,1981,Urban,Yes,No
1-44639890877,1-44639890877,U-0767,SHARADCHANDRAJI PAWAR POLYTECHNIC COLLEGE,Active,Maharashtra,Aurangabad,Aurangabad,"NEAR VIDEOCON COMMUNICATION LTD, BEED HIGHWAY ROAD,BHALGAON,DIST: AURANGABAD,431005",431005,19.874267,75.350047,Private-Self Financing,"Maharashtra State Board of Technical Education, Mumbai",Approved,Approved,A,No,,Tier 3,http://www.sharadchandrajipawar.ac.in,info@sharadchandrajipawar.ac.in,admissions@sharadchandrajipawar.ac.in,placement@sharadchandrajipawar.ac.in,+91-80-757-8027,Computer Science Engineering (CSE),Diploma,90,420,1981,Urban,Yes,No
1-44639890877,1-44639890877,U-0767,SHARADCHANDRAJI PAWAR POLYTECHNIC COLLEGE,Active,Maharashtra,Aurangabad,Aurangabad,"NEAR VIDEOCON COMMUNICATION LTD, BEED HIGHWAY ROAD,BHALGAON,DIST: AURANGABAD,431005",431005,19.874267,75.350047,Private-Self Financing,"Maharashtra State Board of Technical Education, Mumbai",Approved,Approved,A,No,,Tier 3,http://www.sharadchandrajipawar.ac.in,info@sharadchandrajipawar.ac.in,admissions@sharadchandrajipawar.ac.in,placement@sharadchandrajipawar.ac.in,+91-80-757-8027,Electronics & Communication Engineering (ECE),Diploma,30,420,1981,Urban,Yes,No
1-44639890877,1-44639890877,U-0767,SHARADCHANDRAJI PAWAR POLYTECHNIC COLLEGE,Active,Maharashtra,Aurangabad,Aurangabad,"NEAR VIDEOCON COMMUNICATION LTD, BEED HIGHWAY ROAD,BHALGAON,DIST: AURANGABAD,431005",431005,19.874267,75.350047,Private-Self Financing,"Maharashtra State Board of Technical Education, Mumbai",Approved,Approved,A,No,,Tier 3,http://www.sharadchandrajipawar.ac.in,info@sharadchandrajipawar.ac.in,admissions@sharadchandrajipawar.ac.in,placement@sharadchandrajipawar.ac.in,+91-80-757-8027,Mechanical Engineering,Diploma,120,420,1981,Urban,Yes,No
1-44639825471,1-44639825471,U-0767,"MARATHWADA INSTITUTE OF TECHNOLOGY, POLYTECHNIC ROTEGAON",Active,Maharashtra,Aurangabad,Aurangabad,"AT. POST. ROTEGAON, NEAR RAILWAY STATION, TQ:VAIJAPUR, DIST:AURANGABAD",400520,19.879461,75.347943,Private-Self Financing,"Maharashtra State Board of Technical Education, Mumbai",Approved,Approved,A,No,,Tier 3,http://www.marathwadarotegaon.ac.in,info@marathwadarotegaon.ac.in,admissions@marathwadarotegaon.ac.in,placement@marathwadarotegaon.ac.in,+91-80-975-6573,Civil Engineering,Diploma,60,480,1996,Urban,Yes,No
1-44639825471,1-44639825471,U-0767,"MARATHWADA INSTITUTE OF TECHNOLOGY, POLYTECHNIC ROTEGAON",Active,Maharashtra,Aurangabad,Aurangabad,"AT. POST. ROTEGAON, NEAR RAILWAY STATION, TQ:VAIJAPUR, DIST:AURANGABAD",400520,19.879461,75.347943,Private-Self Financing,"Maharashtra State Board of Technical Education, Mumbai",Approved,Approved,A,No,,Tier 3,http://www.marathwadarotegaon.ac.in,info@marathwadarotegaon.ac.in,admissions@marathwadarotegaon.ac.in,placement@marathwadarotegaon.ac.in,+91-80-975-6573,Computer Science Engineering (CSE),Diploma,120,480,1996,Urban,Yes,No
1-44639825471,1-44639825471,U-0767,"MARATHWADA INSTITUTE OF TECHNOLOGY, POLYTECHNIC ROTEGAON",Active,Maharashtra,Aurangabad,Aurangabad,"AT. POST. ROTEGAON, NEAR RAILWAY STATION, TQ:VAIJAPUR, DIST:AURANGABAD",400520,19.879461,75.347943,Private-Self Financing,"Maharashtra State Board of Technical Education, Mumbai",Approved,Approved,A,No,,Tier 3,http://www.marathwadarotegaon.ac.in,info@marathwadarotegaon.ac.in,admissions@marathwadarotegaon.ac.in,placement@marathwadarotegaon.ac.in,+91-80-975-6573,Electronics & Communication Engineering (ECE),Diploma,60,480,1996,Urban,Yes,No
1-44639825471,1-44639825471,U-0767,"MARATHWADA INSTITUTE OF TECHNOLOGY, POLYTECHNIC ROTEGAON",Active,Maharashtra,Aurangabad,Aurangabad,"AT. POST. ROTEGAON, NEAR RAILWAY STATION, TQ:VAIJAPUR, DIST:AURANGABAD",400520,19.879461,75.347943,Private-Self Financing,"Maharashtra State Board of Technical Education, Mumbai",Approved,Approved,A,No,,Tier 3,http://www.marathwadarotegaon.ac.in,info@marathwadarotegaon.ac.in,admissions@marathwadarotegaon.ac.in,placement@marathwadarotegaon.ac.in,+91-80-975-6573,Mechanical Engineering,Diploma,60,480,1996,Urban,Yes,No
1-44639825471,1-44639825471,U-0767,"MARATHWADA INSTITUTE OF TECHNOLOGY, POLYTECHNIC ROTEGAON",Active,Maharashtra,Aurangabad,Aurangabad,"AT. POST. ROTEGAON, NEAR RAILWAY STATION, TQ:VAIJAPUR, DIST:AURANGABAD",400520,19.879461,75.347943,Private-Self Financing,"Maharashtra State Board of Technical Education, Mumbai",Approved,Approved,A,No,,Tier 3,http://www.marathwadarotegaon.ac.in,info@marathwadarotegaon.ac.in,admissions@marathwadarotegaon.ac.in,placement@marathwadarotegaon.ac.in,+91-80-975-6573,Agricultural Engineering,Diploma,60,480,1996,Urban,Yes,No
1-44639825471,1-44639825471,U-0767,"MARATHWADA INSTITUTE OF TECHNOLOGY, POLYTECHNIC ROTEGAON",Active,Maharashtra,Aurangabad,Aurangabad,"AT. POST. ROTEGAON, NEAR RAILWAY STATION, TQ:VAIJAPUR, DIST:AURANGABAD",400520,19.879461,75.347943,Private-Self Financing,"Maharashtra State Board of Technical Education, Mumbai",Approved,Approved,A,No,,Tier 3,http://www.marathwadarotegaon.ac.in,info@marathwadarotegaon.ac.in,admissions@marathwadarotegaon.ac.in,placement@marathwadarotegaon.ac.in,+91-80-975-6573,Electrical Engineering,Diploma,60,480,1996,Urban,Yes,No
1-44639825471,1-44639825471,U-0767,"MARATHWADA INSTITUTE OF TECHNOLOGY, POLYTECHNIC ROTEGAON",Active,Maharashtra,Aurangabad,Aurangabad,"AT. POST. ROTEGAON, NEAR RAILWAY STATION, TQ:VAIJAPUR, DIST:AURANGABAD",400520,19.879461,75.347943,Private-Self Financing,"Maharashtra State Board of Technical Education, Mumbai",Approved,Approved,A,No,,Tier 3,http://www.marathwadarotegaon.ac.in,info@marathwadarotegaon.ac.in,admissions@marathwadarotegaon.ac.in,placement@marathwadarotegaon.ac.in,+91-80-975-6573,Other Engineering Branches,Diploma,60,480,1996,Urban,Yes,No
1-44640401763,1-44640401763,U-0122,DEOGIRI INSTITUTE OF ENGINEERING AND MANAGEMENT STUDIES,Active,Maharashtra,Aurangabad,Aurangabad,"DEOGIRI COLLEGE CAMPUS, STATION ROAD, AURANGABAD",400520,19.887317,75.352076,Private-Self Financing,"Dr. Babasaheb Ambedkar Technological University, Lonere",Approved,Approved,B,Yes,,Tier 3,http://www.deogirimanagementstudies.ac.in,info@deogirimanagementstudies.ac.in,admissions@deogirimanagementstudies.ac.in,placement@deogirimanagementstudies.ac.in,+91-80-305-1576,Other Engineering Branches,M.Tech,24,678,1984,Urban,No,Yes
1-44640401763,1-44640401763,U-0122,DEOGIRI INSTITUTE OF ENGINEERING AND MANAGEMENT STUDIES,Active,Maharashtra,Aurangabad,Aurangabad,"DEOGIRI COLLEGE CAMPUS, STATION ROAD, AURANGABAD",400520,19.887317,75.352076,Private-Self Financing,"Dr. Babasaheb Ambedkar Technological University, Lonere",Approved,Approved,B,Yes,,Tier 3,http://www.deogirimanagementstudies.ac.in,info@deogirimanagementstudies.ac.in,admissions@deogirimanagementstudies.ac.in,placement@deogirimanagementstudies.ac.in,+91-80-305-1576,Civil Engineering,B.Tech,120,678,1984,Urban,No,Yes
1-44640401763,1-44640401763,U-0122,DEOGIRI INSTITUTE OF ENGINEERING AND MANAGEMENT STUDIES,Active,Maharashtra,Aurangabad,Aurangabad,"DEOGIRI COLLEGE CAMPUS, STATION ROAD, AURANGABAD",400520,19.887317,75.352076,Private-Self Financing,"Dr. Babasaheb Ambedkar Technological University, Lonere",Approved,Approved,B,Yes,,Tier 3,http://www.deogirimanagementstudies.ac.in,info@deogirimanagementstudies.ac.in,admissions@deogirimanagementstudies.ac.in,placement@deogirimanagementstudies.ac.in,+91-80-305-1576,Mechanical Engineering,B.Tech,120,678,1984,Urban,No,Yes
1-44640401763,1-44640401763,U-0122,DEOGIRI INSTITUTE OF ENGINEERING AND MANAGEMENT STUDIES,Active,Maharashtra,Aurangabad,Aurangabad,"DEOGIRI COLLEGE CAMPUS, STATION ROAD, AURANGABAD",400520,19.887317,75.352076,Private-Self Financing,"Dr. Babasaheb Ambedkar Technological University, Lonere",Approved,Approved,B,Yes,,Tier 3,http://www.deogirimanagementstudies.ac.in,info@deogirimanagementstudies.ac.in,admissions@deogirimanagementstudies.ac.in,placement@deogirimanagementstudies.ac.in,+91-80-305-1576,Electronics & Communication Engineering (ECE),B.Tech,120,678,1984,Urban,No,Yes
1-44640401763,1-44640401763,U-0122,DEOGIRI INSTITUTE OF ENGINEERING AND MANAGEMENT STUDIES,Active,Maharashtra,Aurangabad,Aurangabad,"DEOGIRI COLLEGE CAMPUS, STATION ROAD, AURANGABAD",400520,19.887317,75.352076,Private-Self Financing,"Dr. Babasaheb Ambedkar Technological University, Lonere",Approved,Approved,B,Yes,,Tier 3,http://www.deogirimanagementstudies.ac.in,info@deogirimanagementstudies.ac.in,admissions@deogirimanagementstudies.ac.in,placement@deogirimanagementstudies.ac.in,+91-80-305-1576,Computer Science Engineering (CSE),B.Tech,120,678,1984,Urban,No,Yes
1-44640401763,1-44640401763,U-0122,DEOGIRI INSTITUTE OF ENGINEERING AND MANAGEMENT STUDIES,Active,Maharashtra,Aurangabad,Aurangabad,"DEOGIRI COLLEGE CAMPUS, STATION ROAD, AURANGABAD",400520,19.887317,75.352076,Private-Self Financing,"Dr. Babasaheb Ambedkar Technological University, Lonere",Approved,Approved,B,Yes,,Tier 3,http://www.deogirimanagementstudies.ac.in,info@deogirimanagementstudies.ac.in,admissions@deogirimanagementstudies.ac.in,placement@deogirimanagementstudies.ac.in,+91-80-305-1576,Electronics & Communication Engineering (ECE),M.Tech,18,678,1984,Urban,No,Yes
1-44640401763,1-44640401763,U-0122,DEOGIRI INSTITUTE OF ENGINEERING AND MANAGEMENT STUDIES,Active,Maharashtra,Aurangabad,Aurangabad,"DEOGIRI COLLEGE CAMPUS, STATION ROAD, AURANGABAD",400520,19.887317,75.352076,Private-Self Financing,"Dr. Babasaheb Ambedkar Technological University, Lonere",Approved,Approved,B,Yes,,Tier 3,http://www.deogirimanagementstudies.ac.in,info@deogirimanagementstudies.ac.in,admissions@deogirimanagementstudies.ac.in,placement@deogirimanagementstudies.ac.in,+91-80-305-1576,Computer Science Engineering (CSE),M.Tech,24,678,1984,Urban,No,Yes
1-44640401763,1-44640401763,U-0122,DEOGIRI INSTITUTE OF ENGINEERING AND MANAGEMENT STUDIES,Active,Maharashtra,Aurangabad,Aurangabad,"DEOGIRI COLLEGE CAMPUS, STATION ROAD, AURANGABAD",400520,19.887317,75.352076,Private-Self Financing,"Dr. Babasaheb Ambedkar Technological University, Lonere",Approved,Approved,B,Yes,,Tier 3,http://www.deogirimanagementstudies.ac.in,info@deogirimanagementstudies.ac.in,admissions@deogirimanagementstudies.ac.in,placement@deogirimanagementstudies.ac.in,+91-80-305-1576,Mechanical Engineering,M.Tech,24,678,1984,Urban,No,Yes
1-44640401763,1-44640401763,U-0122,DEOGIRI INSTITUTE OF ENGINEERING AND MANAGEMENT STUDIES,Active,Maharashtra,Aurangabad,Aurangabad,"DEOGIRI COLLEGE CAMPUS, STATION ROAD, AURANGABAD",400520,19.887317,75.352076,Private-Self Financing,"Dr. Babasaheb Ambedkar Technological University, Lonere",Approved,Approved,B,Yes,,Tier 3,http://www.deogirimanagementstudies.ac.in,info@deogirimanagementstudies.ac.in,admissions@deogirimanagementstudies.ac.in,placement@deogirimanagementstudies.ac.in,+91-80-305-1576,Artificial Intelligence & Machine Learning (AI & ML),B.Tech,60,678,1984,Urban,No,Yes
1-44640401763,1-44640401763,U-0122,DEOGIRI INSTITUTE OF ENGINEERING AND MANAGEMENT STUDIES,Active,Maharashtra,Aurangabad,Aurangabad,"DEOGIRI COLLEGE CAMPUS, STATION ROAD, AURANGABAD",400520,19.887317,75.352076,Private-Self Financing,"Dr. Babasaheb Ambedkar Technological University, Lonere",Approved,Approved,B,Yes,,Tier 3,http://www.deogirimanagementstudies.ac.in,info@deogirimanagementstudies.ac.in,admissions@deogirimanagementstudies.ac.in,placement@deogirimanagementstudies.ac.in,+91-80-305-1576,Civil Engineering,M.Tech,24,678,1984,Urban,No,Yes
1-44640401763,1-44640401763,U-0122,DEOGIRI INSTITUTE OF ENGINEERING AND MANAGEMENT STUDIES,Active,Maharashtra,Aurangabad,Aurangabad,"DEOGIRI COLLEGE CAMPUS, STATION ROAD, AURANGABAD",400520,19.887317,75.352076,Private-Self Financing,"Dr. Babasaheb Ambedkar Technological University, Lonere",Approved,Approved,B,Yes,,Tier 3,http://www.deogirimanagementstudies.ac.in,info@deogirimanagementstudies.ac.in,admissions@deogirimanagementstudies.ac.in,placement@deogirimanagementstudies.ac.in,+91-80-305-1576,Automobile Engineering,M.Tech,24,678,1984,Urban,No,Yes
1-44640492321,1-44640492321,U-0767,"P. E. S. POLYTECHNIC, AURANGABAD",Active,Maharashtra,Aurangabad,Aurangabad,"DR. BABASAHEB AMBEDKAR MARATHWADA UNIVERSITY ROAD, NEAR PANCHAKKI, NAGSENVANA, AURANGABAD",400520,19.879828,75.35328,Private-Self Financing,"Maharashtra State Board of Technical Education, Mumbai",Approved,Approved,B+,No,,Tier 3,http://www.pes.ac.in,info@pes.ac.in,admissions@pes.ac.in,placement@pes.ac.in,+91-80-991-0207,Civil Engineering,Diploma,60,480,1991,Rural,Yes,Yes
1-44640492321,1-44640492321,U-0767,"P. E. S. POLYTECHNIC, AURANGABAD",Active,Maharashtra,Aurangabad,Aurangabad,"DR. BABASAHEB AMBEDKAR MARATHWADA UNIVERSITY ROAD, NEAR PANCHAKKI, NAGSENVANA, AURANGABAD",400520,19.879828,75.35328,Private-Self Financing,"Maharashtra State Board of Technical Education, Mumbai",Approved,Approved,B+,No,,Tier 3,http://www.pes.ac.in,info@pes.ac.in,admissions@pes.ac.in,placement@pes.ac.in,+91-80-991-0207,Computer Science Engineering (CSE),Diploma,180,480,1991,Rural,Yes,Yes
1-44640492321,1-44640492321,U-0767,"P. E. S. POLYTECHNIC, AURANGABAD",Active,Maharashtra,Aurangabad,Aurangabad,"DR. BABASAHEB AMBEDKAR MARATHWADA UNIVERSITY ROAD, NEAR PANCHAKKI, NAGSENVANA, AURANGABAD",400520,19.879828,75.35328,Private-Self Financing,"Maharashtra State Board of Technical Education, Mumbai",Approved,Approved,B+,No,,Tier 3,http://www.pes.ac.in,info@pes.ac.in,admissions@pes.ac.in,placement@pes.ac.in,+91-80-991-0207,Electrical Engineering,Diploma,60,480,1991,Rural,Yes,Yes
1-44640492321,1-44640492321,U-0767,"P. E. S. POLYTECHNIC, AURANGABAD",Active,Maharashtra,Aurangabad,Aurangabad,"DR. BABASAHEB AMBEDKAR MARATHWADA UNIVERSITY ROAD, NEAR PANCHAKKI, NAGSENVANA, AURANGABAD",400520,19.879828,75.35328,Private-Self Financing,"Maharashtra State Board of Technical Education, Mumbai",Approved,Approved,B+,No,,Tier 3,http://www.pes.ac.in,info@pes.ac.in,admissions@pes.ac.in,placement@pes.ac.in,+91-80-991-0207,Mechanical Engineering,Diploma,60,480,1991,Rural,Yes,Yes
1-44640492321,1-44640492321,U-0767,"P. E. S. POLYTECHNIC, AURANGABAD",Active,Maharashtra,Aurangabad,Aurangabad,"DR. BABASAHEB AMBEDKAR MARATHWADA UNIVERSITY ROAD, NEAR PANCHAKKI, NAGSENVANA, AURANGABAD",400520,19.879828,75.35328,Private-Self Financing,"Maharashtra State Board of Technical Education, Mumbai",Approved,Approved,B+,No,,Tier 3,http://www.pes.ac.in,info@pes.ac.in,admissions@pes.ac.in,placement@pes.ac.in,+91-80-991-0207,Artificial Intelligence & Machine Learning (AI & ML),Diploma,120,480,1991,Rural,Yes,Yes
1-44640414497,1-44640414497,U-0767,"MARATHWADA INSTITUTE OF TECHNOLOGY,AURANGABAD",Active,Maharashtra,Aurangabad,Aurangabad,BEED BY PASS ROAD,400520,19.888596,75.326387,Private-Self Financing,"Maharashtra State Board of Technical Education, Mumbai",Approved,Approved,B+,No,,Tier 3,http://www.marathwadatechnologyaurangabad.ac.in,info@marathwadatechnologyaurangabad.ac.in,admissions@marathwadatechnologyaurangabad.ac.in,placement@marathwadatechnologyaurangabad.ac.in,+91-80-358-7731,Computer Science Engineering (CSE),Diploma,240,660,1986,Rural,Yes,Yes
1-44640414497,1-44640414497,U-0767,"MARATHWADA INSTITUTE OF TECHNOLOGY,AURANGABAD",Active,Maharashtra,Aurangabad,Aurangabad,BEED BY PASS ROAD,400520,19.888596,75.326387,Private-Self Financing,"Maharashtra State Board of Technical Education, Mumbai",Approved,Approved,B+,No,,Tier 3,http://www.marathwadatechnologyaurangabad.ac.in,info@marathwadatechnologyaurangabad.ac.in,admissions@marathwadatechnologyaurangabad.ac.in,placement@marathwadatechnologyaurangabad.ac.in,+91-80-358-7731,Electrical Engineering,Diploma,60,660,1986,Rural,Yes,Yes
1-44640414497,1-44640414497,U-0767,"MARATHWADA INSTITUTE OF TECHNOLOGY,AURANGABAD",Active,Maharashtra,Aurangabad,Aurangabad,BEED BY PASS ROAD,400520,19.888596,75.326387,Private-Self Financing,"Maharashtra State Board of Technical Education, Mumbai",Approved,Approved,B+,No,,Tier 3,http://www.marathwadatechnologyaurangabad.ac.in,info@marathwadatechnologyaurangabad.ac.in,admissions@marathwadatechnologyaurangabad.ac.in,placement@marathwadatechnologyaurangabad.ac.in,+91-80-358-7731,Mechanical Engineering,Diploma,120,660,1986,Rural,Yes,Yes
1-44640414497,1-44640414497,U-0767,"MARATHWADA INSTITUTE OF TECHNOLOGY,AURANGABAD",Active,Maharashtra,Aurangabad,Aurangabad,BEED BY PASS ROAD,400520,19.888596,75.326387,Private-Self Financing,"Maharashtra State Board of Technical Education, Mumbai",Approved,Approved,B+,No,,Tier 3,http://www.marathwadatechnologyaurangabad.ac.in,info@marathwadatechnologyaurangabad.ac.in,admissions@marathwadatechnologyaurangabad.ac.in,placement@marathwadatechnologyaurangabad.ac.in,+91-80-358-7731,Civil Engineering,Diploma,60,660,1986,Rural,Yes,Yes
1-44640414497,1-44640414497,U-0767,"MARATHWADA INSTITUTE OF TECHNOLOGY,AURANGABAD",Active,Maharashtra,Aurangabad,Aurangabad,BEED BY PASS ROAD,400520,19.888596,75.326387,Private-Self Financing,"Maharashtra State Board of Technical Education, Mumbai",Approved,Approved,B+,No,,Tier 3,http://www.marathwadatechnologyaurangabad.ac.in,info@marathwadatechnologyaurangabad.ac.in,admissions@marathwadatechnologyaurangabad.ac.in,placement@marathwadatechnologyaurangabad.ac.in,+91-80-358-7731,Artificial Intelligence & Machine Learning (AI & ML),Diploma,180,660,1986,Rural,Yes,Yes
1-44640804002,1-44640804002,U-0767,GOVERNMENT POLYTECHNIC AURANGABAD,Active,Maharashtra,Aurangabad,Aurangabad,"OSMANPURA, AURANGABD",400520,19.8834,75.336302,Government,"Maharashtra State Board of Technical Education, Mumbai",Approved,Approved,B,No,,Tier 3,http://www.aurangabad.ac.in,info@aurangabad.ac.in,admissions@aurangabad.ac.in,placement@aurangabad.ac.in,+91-80-140-8211,Mechanical Engineering,Diploma,150,690,2013,Urban,Yes,Yes
1-44640804002,1-44640804002,U-0767,GOVERNMENT POLYTECHNIC AURANGABAD,Active,Maharashtra,Aurangabad,Aurangabad,"OSMANPURA, AURANGABD",400520,19.8834,75.336302,Government,"Maharashtra State Board of Technical Education, Mumbai",Approved,Approved,B,No,,Tier 3,http://www.aurangabad.ac.in,info@aurangabad.ac.in,admissions@aurangabad.ac.in,placement@aurangabad.ac.in,+91-80-140-8211,Electrical Engineering,Diploma,120,690,2013,Urban,Yes,Yes
1-44640804002,1-44640804002,U-0767,GOVERNMENT POLYTECHNIC AURANGABAD,Active,Maharashtra,Aurangabad,Aurangabad,"OSMANPURA, AURANGABD",400520,19.8834,75.336302,Government,"Maharashtra State Board of Technical Education, Mumbai",Approved,Approved,B,No,,Tier 3,http://www.aurangabad.ac.in,info@aurangabad.ac.in,admissions@aurangabad.ac.in,placement@aurangabad.ac.in,+91-80-140-8211,Other Engineering Branches,Diploma,30,690,2013,Urban,Yes,Yes
1-44640804002,1-44640804002,U-0767,GOVERNMENT POLYTECHNIC AURANGABAD,Active,Maharashtra,Aurangabad,Aurangabad,"OSMANPURA, AURANGABD",400520,19.8834,75.336302,Government,"Maharashtra State Board of Technical Education, Mumbai",Approved,Approved,B,No,,Tier 3,http://www.aurangabad.ac.in,info@aurangabad.ac.in,admissions@aurangabad.ac.in,placement@aurangabad.ac.in,+91-80-140-8211,Electronics & Communication Engineering (ECE),Diploma,120,690,2013,Urban,Yes,Yes
1-44640804002,1-44640804002,U-0767,GOVERNMENT POLYTECHNIC AURANGABAD,Active,Maharashtra,Aurangabad,Aurangabad,"OSMANPURA, AURANGABD",400520,19.8834,75.336302,Government,"Maharashtra State Board of Technical Education, Mumbai",Approved,Approved,B,No,,Tier 3,http://www.aurangabad.ac.in,info@aurangabad.ac.in,admissions@aurangabad.ac.in,placement@aurangabad.ac.in,+91-80-140-8211,Information Technology (IT),Diploma,60,690,2013,Urban,Yes,Yes
1-44640804002,1-44640804002,U-0767,GOVERNMENT POLYTECHNIC AURANGABAD,Active,Maharashtra,Aurangabad,Aurangabad,"OSMANPURA, AURANGABD",400520,19.8834,75.336302,Government,"Maharashtra State Board of Technical Education, Mumbai",Approved,Approved,B,No,,Tier 3,http://www.aurangabad.ac.in,info@aurangabad.ac.in,admissions@aurangabad.ac.in,placement@aurangabad.ac.in,+91-80-140-8211,Automobile Engineering,Diploma,30,690,2013,Urban,Yes,Yes
1-44640804002,1-44640804002,U-0767,GOVERNMENT POLYTECHNIC AURANGABAD,Active,Maharashtra,Aurangabad,Aurangabad,"OSMANPURA, AURANGABD",400520,19.8834,75.336302,Government,"Maharashtra State Board of Technical Education, Mumbai",Approved,Approved,B,No,,Tier 3,http://www.aurangabad.ac.in,info@aurangabad.ac.in,admissions@aurangabad.ac.in,placement@aurangabad.ac.in,+91-80-140-8211,Computer Science Engineering (CSE),Diploma,30,690,2013,Urban,Yes,Yes
1-44640804002,1-44640804002,U-0767,GOVERNMENT POLYTECHNIC AURANGABAD,Active,Maharashtra,Aurangabad,Aurangabad,"OSMANPURA, AURANGABD",400520,19.8834,75.336302,Government,"Maharashtra State Board of Technical Education, Mumbai",Approved,Approved,B,No,,Tier 3,http://www.aurangabad.ac.in,info@aurangabad.ac.in,admissions@aurangabad.ac.in,placement@aurangabad.ac.in,+91-80-140-8211,Civil Engineering,Diploma,120,690,2013,Urban,Yes,Yes
1-44640804002,1-44640804002,U-0767,GOVERNMENT POLYTECHNIC AURANGABAD,Active,Maharashtra,Aurangabad,Aurangabad,"OSMANPURA, AURANGABD",400520,19.8834,75.336302,Government,"Maharashtra State Board of Technical Education, Mumbai",Approved,Approved,B,No,,Tier 3,http://www.aurangabad.ac.in,info@aurangabad.ac.in,admissions@aurangabad.ac.in,placement@aurangabad.ac.in,+91-80-140-8211,Artificial Intelligence & Machine Learning (AI & ML),Diploma,30,690,2013,Urban,Yes,Yes
1-44640649462,1-44640649462,U-0767,SHRI SAI INSTITUTE OF TECHNOLOGY,Active,Maharashtra,Aurangabad,Aurangabad,"PLOT NO. P-75, BEHIND GARWARE POLYESTER LTD., MIDC, CHIKALTHANA, AURANGABAD",400520,19.882569,75.34047,Private-Self Financing,"Maharashtra State Board of Technical Education, Mumbai",Approved,Approved,A,No,,Tier 3,http://www.shrisai.ac.in,info@shrisai.ac.in,admissions@shrisai.ac.in,placement@shrisai.ac.in,+91-80-106-0077,Civil Engineering,Diploma,30,240,2014,Urban,Yes,Yes
1-44640649462,1-44640649462,U-0767,SHRI SAI INSTITUTE OF TECHNOLOGY,Active,Maharashtra,Aurangabad,Aurangabad,"PLOT NO. P-75, BEHIND GARWARE POLYESTER LTD., MIDC, CHIKALTHANA, AURANGABAD",400520,19.882569,75.34047,Private-Self Financing,"Maharashtra State Board of Technical Education, Mumbai",Approved,Approved,A,No,,Tier 3,http://www.shrisai.ac.in,info@shrisai.ac.in,admissions@shrisai.ac.in,placement@shrisai.ac.in,+91-80-106-0077,Mechanical Engineering,Diploma,60,240,2014,Urban,Yes,Yes
1-44640649462,1-44640649462,U-0767,SHRI SAI INSTITUTE OF TECHNOLOGY,Active,Maharashtra,Aurangabad,Aurangabad,"PLOT NO. P-75, BEHIND GARWARE POLYESTER LTD., MIDC, CHIKALTHANA, AURANGABAD",400520,19.882569,75.34047,Private-Self Financing,"Maharashtra State Board of Technical Education, Mumbai",Approved,Approved,A,No,,Tier 3,http://www.shrisai.ac.in,info@shrisai.ac.in,admissions@shrisai.ac.in,placement@shrisai.ac.in,+91-80-106-0077,Computer Science Engineering (CSE),Diploma,60,240,2014,Urban,Yes,Yes
1-44640649462,1-44640649462,U-0767,SHRI SAI INSTITUTE OF TECHNOLOGY,Active,Maharashtra,Aurangabad,Aurangabad,"PLOT NO. P-75, BEHIND GARWARE POLYESTER LTD., MIDC, CHIKALTHANA, AURANGABAD",400520,19.882569,75.34047,Private-Self Financing,"Maharashtra State Board of Technical Education, Mumbai",Approved,Approved,A,No,,Tier 3,http://www.shrisai.ac.in,info@shrisai.ac.in,admissions@shrisai.ac.in,placement@shrisai.ac.in,+91-80-106-0077,Electronics & Communication Engineering (ECE),Diploma,30,240,2014,Urban,Yes,Yes
1-44640649462,1-44640649462,U-0767,SHRI SAI INSTITUTE OF TECHNOLOGY,Active,Maharashtra,Aurangabad,Aurangabad,"PLOT NO. P-75, BEHIND GARWARE POLYESTER LTD., MIDC, CHIKALTHANA, AURANGABAD",400520,19.882569,75.34047,Private-Self Financing,"Maharashtra State Board of Technical Education, Mumbai",Approved,Approved,A,No,,Tier 3,http://www.shrisai.ac.in,info@shrisai.ac.in,admissions@shrisai.ac.in,placement@shrisai.ac.in,+91-80-106-0077,Electrical Engineering,Diploma,60,240,2014,Urban,Yes,Yes
1-44640615388,1-44640615388,U-0767,"CHHATRAPATI SHAHU MAHARAJ SHIKSHAN SANSTHA,C.S.M.S.S COLLEGE OF POLYTECHNIC",Active,Maharashtra,Aurangabad,Aurangabad,"C.S.M.S.S COLLEGE OF POLYTECHNIC, KANCHANWADI, PAITHAN ROAD, AURANGABAD",400520,19.856586,75.347273,Private-Self Financing,"Maharashtra State Board of Technical Education, Mumbai",Approved,Approved,B+,No,,Tier 3,http://www.chhatrapatishahumaharaj.ac.in,info@chhatrapatishahumaharaj.ac.in,admissions@chhatrapatishahumaharaj.ac.in,placement@chhatrapatishahumaharaj.ac.in,+91-80-016-2201,Electrical Engineering,Diploma,60,480,2019,Rural,Yes,No
1-44640615388,1-44640615388,U-0767,"CHHATRAPATI SHAHU MAHARAJ SHIKSHAN SANSTHA,C.S.M.S.S COLLEGE OF POLYTECHNIC",Active,Maharashtra,Aurangabad,Aurangabad,"C.S.M.S.S COLLEGE OF POLYTECHNIC, KANCHANWADI, PAITHAN ROAD, AURANGABAD",400520,19.856586,75.347273,Private-Self Financing,"Maharashtra State Board of Technical Education, Mumbai",Approved,Approved,B+,No,,Tier 3,http://www.chhatrapatishahumaharaj.ac.in,info@chhatrapatishahumaharaj.ac.in,admissions@chhatrapatishahumaharaj.ac.in,placement@chhatrapatishahumaharaj.ac.in,+91-80-016-2201,Computer Science Engineering (CSE),Diploma,180,480,2019,Rural,Yes,No
1-44640615388,1-44640615388,U-0767,"CHHATRAPATI SHAHU MAHARAJ SHIKSHAN SANSTHA,C.S.M.S.S COLLEGE OF POLYTECHNIC",Active,Maharashtra,Aurangabad,Aurangabad,"C.S.M.S.S COLLEGE OF POLYTECHNIC, KANCHANWADI, PAITHAN ROAD, AURANGABAD",400520,19.856586,75.347273,Private-Self Financing,"Maharashtra State Board of Technical Education, Mumbai",Approved,Approved,B+,No,,Tier 3,http://www.chhatrapatishahumaharaj.ac.in,info@chhatrapatishahumaharaj.ac.in,admissions@chhatrapatishahumaharaj.ac.in,placement@chhatrapatishahumaharaj.ac.in,+91-80-016-2201,Electronics & Communication Engineering (ECE),Diploma,60,480,2019,Rural,Yes,No
1-44640615388,1-44640615388,U-0767,"CHHATRAPATI SHAHU MAHARAJ SHIKSHAN SANSTHA,C.S.M.S.S COLLEGE OF POLYTECHNIC",Active,Maharashtra,Aurangabad,Aurangabad,"C.S.M.S.S COLLEGE OF POLYTECHNIC, KANCHANWADI, PAITHAN ROAD, AURANGABAD",400520,19.856586,75.347273,Private-Self Financing,"Maharashtra State Board of Technical Education, Mumbai",Approved,Approved,B+,No,,Tier 3,http://www.chhatrapatishahumaharaj.ac.in,info@chhatrapatishahumaharaj.ac.in,admissions@chhatrapatishahumaharaj.ac.in,placement@chhatrapatishahumaharaj.ac.in,+91-80-016-2201,Civil Engineering,Diploma,60,480,2019,Rural,Yes,No
1-44640615388,1-44640615388,U-0767,"CHHATRAPATI SHAHU MAHARAJ SHIKSHAN SANSTHA,C.S.M.S.S COLLEGE OF POLYTECHNIC",Active,Maharashtra,Aurangabad,Aurangabad,"C.S.M.S.S COLLEGE OF POLYTECHNIC, KANCHANWADI, PAITHAN ROAD, AURANGABAD",400520,19.856586,75.347273,Private-Self Financing,"Maharashtra State Board of Technical Education, Mumbai",Approved,Approved,B+,No,,Tier 3,http://www.chhatrapatishahumaharaj.ac.in,info@chhatrapatishahumaharaj.ac.in,admissions@chhatrapatishahumaharaj.ac.in,placement@chhatrapatishahumaharaj.ac.in,+91-80-016-2201,Mechanical Engineering,Diploma,60,480,2019,Rural,Yes,No
1-44640615388,1-44640615388,U-0767,"CHHATRAPATI SHAHU MAHARAJ SHIKSHAN SANSTHA,C.S.M.S.S COLLEGE OF POLYTECHNIC",Active,Maharashtra,Aurangabad,Aurangabad,"C.S.M.S.S COLLEGE OF POLYTECHNIC, KANCHANWADI, PAITHAN ROAD, AURANGABAD",400520,19.856586,75.347273,Private-Self Financing,"Maharashtra State Board of Technical Education, Mumbai",Approved,Approved,B+,No,,Tier 3,http://www.chhatrapatishahumaharaj.ac.in,info@chhatrapatishahumaharaj.ac.in,admissions@chhatrapatishahumaharaj.ac.in,placement@chhatrapatishahumaharaj.ac.in,+91-80-016-2201,Artificial Intelligence & Machine Learning (AI & ML),Diploma,60,480,2019,Rural,Yes,No
1-44641292390,1-44641292390,U-0508,INTERNATIONAL CENTRE OF EXCELLENCE IN ENGINEERING AND MANAGEMENT (ICEEM),Active,Maharashtra,Aurangabad,Aurangabad,"GUT NO- 4, OPPOSIT BAJAJ AUTO LTD. ,IN FRONT OF  MIDC FILTERATION  PLANT AURANGABAD - PUNE HIGHWAY,",400520,19.881354,75.331158,Private-Self Financing,"Dr. Babasaheb Ambedkar Marathwada University, Aurangabad",Approved,Approved,B++,No,,Tier 3,http://www.internationalcentreexcellence.ac.in,info@internationalcentreexcellence.ac.in,admissions@internationalcentreexcellence.ac.in,placement@internationalcentreexcellence.ac.in,+91-80-055-0322,Mechanical Engineering,B.Tech,30,456,2018,Urban,Yes,No
1-44641292390,1-44641292390,U-0508,INTERNATIONAL CENTRE OF EXCELLENCE IN ENGINEERING AND MANAGEMENT (ICEEM),Active,Maharashtra,Aurangabad,Aurangabad,"GUT NO- 4, OPPOSIT BAJAJ AUTO LTD. ,IN FRONT OF  MIDC FILTERATION  PLANT AURANGABAD - PUNE HIGHWAY,",400520,19.881354,75.331158,Private-Self Financing,"Dr. Babasaheb Ambedkar Marathwada University, Aurangabad",Approved,Approved,B++,No,,Tier 3,http://www.internationalcentreexcellence.ac.in,info@internationalcentreexcellence.ac.in,admissions@internationalcentreexcellence.ac.in,placement@internationalcentreexcellence.ac.in,+91-80-055-0322,Electrical & Electronics Engineering (EEE),B.Tech,30,456,2018,Urban,Yes,No
1-44641292390,1-44641292390,U-0508,INTERNATIONAL CENTRE OF EXCELLENCE IN ENGINEERING AND MANAGEMENT (ICEEM),Active,Maharashtra,Aurangabad,Aurangabad,"GUT NO- 4, OPPOSIT BAJAJ AUTO LTD. ,IN FRONT OF  MIDC FILTERATION  PLANT AURANGABAD - PUNE HIGHWAY,",400520,19.881354,75.331158,Private-Self Financing,"Dr. Babasaheb Ambedkar Marathwada University, Aurangabad",Approved,Approved,B++,No,,Tier 3,http://www.internationalcentreexcellence.ac.in,info@internationalcentreexcellence.ac.in,admissions@internationalcentreexcellence.ac.in,placement@internationalcentreexcellence.ac.in,+91-80-055-0322,Computer Science Engineering (CSE),B.Tech,120,456,2018,Urban,Yes,No
1-44641292390,1-44641292390,U-0508,INTERNATIONAL CENTRE OF EXCELLENCE IN ENGINEERING AND MANAGEMENT (ICEEM),Active,Maharashtra,Aurangabad,Aurangabad,"GUT NO- 4, OPPOSIT BAJAJ AUTO LTD. ,IN FRONT OF  MIDC FILTERATION  PLANT AURANGABAD - PUNE HIGHWAY,",400520,19.881354,75.331158,Private-Self Financing,"Dr. Babasaheb Ambedkar Marathwada University, Aurangabad",Approved,Approved,B++,No,,Tier 3,http://www.internationalcentreexcellence.ac.in,info@internationalcentreexcellence.ac.in,admissions@internationalcentreexcellence.ac.in,placement@internationalcentreexcellence.ac.in,+91-80-055-0322,Mechanical Engineering,M.Tech,18,456,2018,Urban,Yes,No
1-44641292390,1-44641292390,U-0508,INTERNATIONAL CENTRE OF EXCELLENCE IN ENGINEERING AND MANAGEMENT (ICEEM),Active,Maharashtra,Aurangabad,Aurangabad,"GUT NO- 4, OPPOSIT BAJAJ AUTO LTD. ,IN FRONT OF  MIDC FILTERATION  PLANT AURANGABAD - PUNE HIGHWAY,",400520,19.881354,75.331158,Private-Self Financing,"Dr. Babasaheb Ambedkar Marathwada University, Aurangabad",Approved,Approved,B++,No,,Tier 3,http://www.internationalcentreexcellence.ac.in,info@internationalcentreexcellence.ac.in,admissions@internationalcentreexcellence.ac.in,placement@internationalcentreexcellence.ac.in,+91-80-055-0322,Computer Science Engineering (CSE),M.Tech,18,456,2018,Urban,Yes,No
1-44641292390,1-44641292390,U-0508,INTERNATIONAL CENTRE OF EXCELLENCE IN ENGINEERING AND MANAGEMENT (ICEEM),Active,Maharashtra,Aurangabad,Aurangabad,"GUT NO- 4, OPPOSIT BAJAJ AUTO LTD. ,IN FRONT OF  MIDC FILTERATION  PLANT AURANGABAD - PUNE HIGHWAY,",400520,19.881354,75.331158,Private-Self Financing,"Dr. Babasaheb Ambedkar Marathwada University, Aurangabad",Approved,Approved,B++,No,,Tier 3,http://www.internationalcentreexcellence.ac.in,info@internationalcentreexcellence.ac.in,admissions@internationalcentreexcellence.ac.in,placement@internationalcentreexcellence.ac.in,+91-80-055-0322,Mechanical Engineering,Diploma,60,456,2018,Urban,Yes,No
1-44641292390,1-44641292390,U-0508,INTERNATIONAL CENTRE OF EXCELLENCE IN ENGINEERING AND MANAGEMENT (ICEEM),Active,Maharashtra,Aurangabad,Aurangabad,"GUT NO- 4, OPPOSIT BAJAJ AUTO LTD. ,IN FRONT OF  MIDC FILTERATION  PLANT AURANGABAD - PUNE HIGHWAY,",400520,19.881354,75.331158,Private-Self Financing,"Dr. Babasaheb Ambedkar Marathwada University, Aurangabad",Approved,Approved,B++,No,,Tier 3,http://www.internationalcentreexcellence.ac.in,info@internationalcentreexcellence.ac.in,admissions@internationalcentreexcellence.ac.in,placement@internationalcentreexcellence.ac.in,+91-80-055-0322,Computer Science Engineering (CSE),Diploma,60,456,2018,Urban,Yes,No
1-44641292390,1-44641292390,U-0508,INTERNATIONAL CENTRE OF EXCELLENCE IN ENGINEERING AND MANAGEMENT (ICEEM),Active,Maharashtra,Aurangabad,Aurangabad,"GUT NO- 4, OPPOSIT BAJAJ AUTO LTD. ,IN FRONT OF  MIDC FILTERATION  PLANT AURANGABAD - PUNE HIGHWAY,",400520,19.881354,75.331158,Private-Self Financing,"Dr. Babasaheb Ambedkar Marathwada University, Aurangabad",Approved,Approved,B++,No,,Tier 3,http://www.internationalcentreexcellence.ac.in,info@internationalcentreexcellence.ac.in,admissions@internationalcentreexcellence.ac.in,placement@internationalcentreexcellence.ac.in,+91-80-055-0322,Electrical Engineering,Diploma,30,456,2018,Urban,Yes,No
1-44641292390,1-44641292390,U-0508,INTERNATIONAL CENTRE OF EXCELLENCE IN ENGINEERING AND MANAGEMENT (ICEEM),Active,Maharashtra,Aurangabad,Aurangabad,"GUT NO- 4, OPPOSIT BAJAJ AUTO LTD. ,IN FRONT OF  MIDC FILTERATION  PLANT AURANGABAD - PUNE HIGHWAY,",400520,19.881354,75.331158,Private-Self Financing,"Dr. Babasaheb Ambedkar Marathwada University, Aurangabad",Approved,Approved,B++,No,,Tier 3,http://www.internationalcentreexcellence.ac.in,info@internationalcentreexcellence.ac.in,admissions@internationalcentreexcellence.ac.in,placement@internationalcentreexcellence.ac.in,+91-80-055-0322,Artificial Intelligence & Machine Learning (AI & ML),B.Tech,90,456,2018,Urban,Yes,No
1-44641141618,1-44641141618,U-0767,"SHRI BHAIRAVNATH NISARG MANDAL'S, DIPLOMA IN ENGINEERING & TECHNOLOGY(POLYTECHNIC)",Active,Maharashtra,Aurangabad,Aurangabad,"GUT NO. 93,GEORAI TANDA, PAITHAN ROAD, AURANGABAD",400520,19.87594,75.341851,Private-Self Financing,"Maharashtra State Board of Technical Education, Mumbai",Approved,Approved,A+,No,,Tier 3,http://www.shribhairavnathnisarg.ac.in,info@shribhairavnathnisarg.ac.in,admissions@shribhairavnathnisarg.ac.in,placement@shribhairavnathnisarg.ac.in,+91-80-827-9414,Computer Science Engineering (CSE),Diploma,30,150,1980,Rural,Yes,Yes
1-44641141618,1-44641141618,U-0767,"SHRI BHAIRAVNATH NISARG MANDAL'S, DIPLOMA IN ENGINEERING & TECHNOLOGY(POLYTECHNIC)",Active,Maharashtra,Aurangabad,Aurangabad,"GUT NO. 93,GEORAI TANDA, PAITHAN ROAD, AURANGABAD",400520,19.87594,75.341851,Private-Self Financing,"Maharashtra State Board of Technical Education, Mumbai",Approved,Approved,A+,No,,Tier 3,http://www.shribhairavnathnisarg.ac.in,info@shribhairavnathnisarg.ac.in,admissions@shribhairavnathnisarg.ac.in,placement@shribhairavnathnisarg.ac.in,+91-80-827-9414,Mechanical Engineering,Diploma,60,150,1980,Rural,Yes,Yes
1-44641141618,1-44641141618,U-0767,"SHRI BHAIRAVNATH NISARG MANDAL'S, DIPLOMA IN ENGINEERING & TECHNOLOGY(POLYTECHNIC)",Active,Maharashtra,Aurangabad,Aurangabad,"GUT NO. 93,GEORAI TANDA, PAITHAN ROAD, AURANGABAD",400520,19.87594,75.341851,Private-Self Financing,"Maharashtra State Board of Technical Education, Mumbai",Approved,Approved,A+,No,,Tier 3,http://www.shribhairavnathnisarg.ac.in,info@shribhairavnathnisarg.ac.in,admissions@shribhairavnathnisarg.ac.in,placement@shribhairavnathnisarg.ac.in,+91-80-827-9414,Electrical Engineering,Diploma,60,150,1980,Rural,Yes,Yes
1-44641398701,1-44641398701,U-0767,NATH POLYTECHNIC PAITHAN,Active,Maharashtra,Aurangabad,Aurangabad,"PLOT NO.B-1, MIDC INDUSTRIAL AREA,AURANGABAD ROAD,PAITHAN",400520,19.884188,75.33374,Private-Self Financing,"Maharashtra State Board of Technical Education, Mumbai",Approved,Approved,A+,No,,Tier 3,http://www.nathpaithan.ac.in,info@nathpaithan.ac.in,admissions@nathpaithan.ac.in,placement@nathpaithan.ac.in,+91-80-173-8946,Civil Engineering,Diploma,30,150,2007,Rural,Yes,No
1-44641398701,1-44641398701,U-0767,NATH POLYTECHNIC PAITHAN,Active,Maharashtra,Aurangabad,Aurangabad,"PLOT NO.B-1, MIDC INDUSTRIAL AREA,AURANGABAD ROAD,PAITHAN",400520,19.884188,75.33374,Private-Self Financing,"Maharashtra State Board of Technical Education, Mumbai",Approved,Approved,A+,No,,Tier 3,http://www.nathpaithan.ac.in,info@nathpaithan.ac.in,admissions@nathpaithan.ac.in,placement@nathpaithan.ac.in,+91-80-173-8946,Electrical Engineering,Diploma,60,150,2007,Rural,Yes,No
1-44641398701,1-44641398701,U-0767,NATH POLYTECHNIC PAITHAN,Active,Maharashtra,Aurangabad,Aurangabad,"PLOT NO.B-1, MIDC INDUSTRIAL AREA,AURANGABAD ROAD,PAITHAN",400520,19.884188,75.33374,Private-Self Financing,"Maharashtra State Board of Technical Education, Mumbai",Approved,Approved,A+,No,,Tier 3,http://www.nathpaithan.ac.in,info@nathpaithan.ac.in,admissions@nathpaithan.ac.in,placement@nathpaithan.ac.in,+91-80-173-8946,Mechanical Engineering,Diploma,60,150,2007,Rural,Yes,No
1-44641279837,1-44641279837,U-0767,INDO GERMAN TOOL ROOM,Active,Maharashtra,Aurangabad,Aurangabad,"P-31, MIDC, CHIKALTHANA INDUSTRIAL AREA,",400520,19.861948,75.35679,Government,"Maharashtra State Board of Technical Education, Mumbai",Approved,Approved,B++,Yes,,Tier 3,http://www.indogermantool.ac.in,info@indogermantool.ac.in,admissions@indogermantool.ac.in,placement@indogermantool.ac.in,+91-80-241-0966,Other Engineering Branches,Diploma,120,240,2009,Urban,Yes,Yes
1-44641279837,1-44641279837,U-0767,INDO GERMAN TOOL ROOM,Active,Maharashtra,Aurangabad,Aurangabad,"P-31, MIDC, CHIKALTHANA INDUSTRIAL AREA,",400520,19.861948,75.35679,Government,"Maharashtra State Board of Technical Education, Mumbai",Approved,Approved,B++,Yes,,Tier 3,http://www.indogermantool.ac.in,info@indogermantool.ac.in,admissions@indogermantool.ac.in,placement@indogermantool.ac.in,+91-80-241-0966,Mechanical Engineering,Diploma,120,240,2009,Urban,Yes,Yes
1-44641926542,1-44641926542,U-0508,MAHARASHTRA INSTITUTE OF TECHNOLOGY,Active,Maharashtra,Aurangabad,Aurangabad,"NH-211,SATARA VILLAGE ROAD,",400520,19.87839,75.361145,Private-Self Financing,"Dr. Babasaheb Ambedkar Marathwada University, Aurangabad",Approved,Approved,A+,No,,Tier 3,http://www.maharashtra.ac.in,info@maharashtra.ac.in,admissions@maharashtra.ac.in,placement@maharashtra.ac.in,+91-80-930-7378,Electronics & Communication Engineering (ECE),M.Tech,12,1476,2016,Rural,Yes,Yes
1-44641926542,1-44641926542,U-0508,MAHARASHTRA INSTITUTE OF TECHNOLOGY,Active,Maharashtra,Aurangabad,Aurangabad,"NH-211,SATARA VILLAGE ROAD,",400520,19.87839,75.361145,Private-Self Financing,"Dr. Babasaheb Ambedkar Marathwada University, Aurangabad",Approved,Approved,A+,No,,Tier 3,http://www.maharashtra.ac.in,info@maharashtra.ac.in,admissions@maharashtra.ac.in,placement@maharashtra.ac.in,+91-80-930-7378,Mechanical Engineering,M.Tech,12,1476,2016,Rural,Yes,Yes
1-44641926542,1-44641926542,U-0508,MAHARASHTRA INSTITUTE OF TECHNOLOGY,Active,Maharashtra,Aurangabad,Aurangabad,"NH-211,SATARA VILLAGE ROAD,",400520,19.87839,75.361145,Private-Self Financing,"Dr. Babasaheb Ambedkar Marathwada University, Aurangabad",Approved,Approved,A+,No,,Tier 3,http://www.maharashtra.ac.in,info@maharashtra.ac.in,admissions@maharashtra.ac.in,placement@maharashtra.ac.in,+91-80-930-7378,Other Engineering Branches,B.Tech,60,1476,2016,Rural,Yes,Yes
1-44641926542,1-44641926542,U-0508,MAHARASHTRA INSTITUTE OF TECHNOLOGY,Active,Maharashtra,Aurangabad,Aurangabad,"NH-211,SATARA VILLAGE ROAD,",400520,19.87839,75.361145,Private-Self Financing,"Dr. Babasaheb Ambedkar Marathwada University, Aurangabad",Approved,Approved,A+,No,,Tier 3,http://www.maharashtra.ac.in,info@maharashtra.ac.in,admissions@maharashtra.ac.in,placement@maharashtra.ac.in,+91-80-930-7378,Agricultural Engineering,B.Tech,30,1476,2016,Rural,Yes,Yes
1-44641926542,1-44641926542,U-0508,MAHARASHTRA INSTITUTE OF TECHNOLOGY,Active,Maharashtra,Aurangabad,Aurangabad,"NH-211,SATARA VILLAGE ROAD,",400520,19.87839,75.361145,Private-Self Financing,"Dr. Babasaheb Ambedkar Marathwada University, Aurangabad",Approved,Approved,A+,No,,Tier 3,http://www.maharashtra.ac.in,info@maharashtra.ac.in,admissions@maharashtra.ac.in,placement@maharashtra.ac.in,+91-80-930-7378,Computer Science Engineering (CSE),B.Tech,600,1476,2016,Rural,Yes,Yes
1-44641926542,1-44641926542,U-0508,MAHARASHTRA INSTITUTE OF TECHNOLOGY,Active,Maharashtra,Aurangabad,Aurangabad,"NH-211,SATARA VILLAGE ROAD,",400520,19.87839,75.361145,Private-Self Financing,"Dr. Babasaheb Ambedkar Marathwada University, Aurangabad",Approved,Approved,A+,No,,Tier 3,http://www.maharashtra.ac.in,info@maharashtra.ac.in,admissions@maharashtra.ac.in,placement@maharashtra.ac.in,+91-80-930-7378,Other Engineering Branches,M.Tech,54,1476,2016,Rural,Yes,Yes
1-44641926542,1-44641926542,U-0508,MAHARASHTRA INSTITUTE OF TECHNOLOGY,Active,Maharashtra,Aurangabad,Aurangabad,"NH-211,SATARA VILLAGE ROAD,",400520,19.87839,75.361145,Private-Self Financing,"Dr. Babasaheb Ambedkar Marathwada University, Aurangabad",Approved,Approved,A+,No,,Tier 3,http://www.maharashtra.ac.in,info@maharashtra.ac.in,admissions@maharashtra.ac.in,placement@maharashtra.ac.in,+91-80-930-7378,Computer Science Engineering (CSE),M.Tech,12,1476,2016,Rural,Yes,Yes
1-44641926542,1-44641926542,U-0508,MAHARASHTRA INSTITUTE OF TECHNOLOGY,Active,Maharashtra,Aurangabad,Aurangabad,"NH-211,SATARA VILLAGE ROAD,",400520,19.87839,75.361145,Private-Self Financing,"Dr. Babasaheb Ambedkar Marathwada University, Aurangabad",Approved,Approved,A+,No,,Tier 3,http://www.maharashtra.ac.in,info@maharashtra.ac.in,admissions@maharashtra.ac.in,placement@maharashtra.ac.in,+91-80-930-7378,Electrical Engineering,M.Tech,12,1476,2016,Rural,Yes,Yes
1-44641926542,1-44641926542,U-0508,MAHARASHTRA INSTITUTE OF TECHNOLOGY,Active,Maharashtra,Aurangabad,Aurangabad,"NH-211,SATARA VILLAGE ROAD,",400520,19.87839,75.361145,Private-Self Financing,"Dr. Babasaheb Ambedkar Marathwada University, Aurangabad",Approved,Approved,A+,No,,Tier 3,http://www.maharashtra.ac.in,info@maharashtra.ac.in,admissions@maharashtra.ac.in,placement@maharashtra.ac.in,+91-80-930-7378,Artificial Intelligence & Machine Learning (AI & ML),M.Tech,12,1476,2016,Rural,Yes,Yes
1-44641926542,1-44641926542,U-0508,MAHARASHTRA INSTITUTE OF TECHNOLOGY,Active,Maharashtra,Aurangabad,Aurangabad,"NH-211,SATARA VILLAGE ROAD,",400520,19.87839,75.361145,Private-Self Financing,"Dr. Babasaheb Ambedkar Marathwada University, Aurangabad",Approved,Approved,A+,No,,Tier 3,http://www.maharashtra.ac.in,info@maharashtra.ac.in,admissions@maharashtra.ac.in,placement@maharashtra.ac.in,+91-80-930-7378,Civil Engineering,B.Tech,120,1476,2016,Rural,Yes,Yes
1-44641926542,1-44641926542,U-0508,MAHARASHTRA INSTITUTE OF TECHNOLOGY,Active,Maharashtra,Aurangabad,Aurangabad,"NH-211,SATARA VILLAGE ROAD,",400520,19.87839,75.361145,Private-Self Financing,"Dr. Babasaheb Ambedkar Marathwada University, Aurangabad",Approved,Approved,A+,No,,Tier 3,http://www.maharashtra.ac.in,info@maharashtra.ac.in,admissions@maharashtra.ac.in,placement@maharashtra.ac.in,+91-80-930-7378,Mechanical Engineering,B.Tech,180,1476,2016,Rural,Yes,Yes
1-44641926542,1-44641926542,U-0508,MAHARASHTRA INSTITUTE OF TECHNOLOGY,Active,Maharashtra,Aurangabad,Aurangabad,"NH-211,SATARA VILLAGE ROAD,",400520,19.87839,75.361145,Private-Self Financing,"Dr. Babasaheb Ambedkar Marathwada University, Aurangabad",Approved,Approved,A+,No,,Tier 3,http://www.maharashtra.ac.in,info@maharashtra.ac.in,admissions@maharashtra.ac.in,placement@maharashtra.ac.in,+91-80-930-7378,Electrical Engineering,B.Tech,120,1476,2016,Rural,Yes,Yes
1-44641926542,1-44641926542,U-0508,MAHARASHTRA INSTITUTE OF TECHNOLOGY,Active,Maharashtra,Aurangabad,Aurangabad,"NH-211,SATARA VILLAGE ROAD,",400520,19.87839,75.361145,Private-Self Financing,"Dr. Babasaheb Ambedkar Marathwada University, Aurangabad",Approved,Approved,A+,No,,Tier 3,http://www.maharashtra.ac.in,info@maharashtra.ac.in,admissions@maharashtra.ac.in,placement@maharashtra.ac.in,+91-80-930-7378,Data Science,M.Tech,12,1476,2016,Rural,Yes,Yes
1-44641926542,1-44641926542,U-0508,MAHARASHTRA INSTITUTE OF TECHNOLOGY,Active,Maharashtra,Aurangabad,Aurangabad,"NH-211,SATARA VILLAGE ROAD,",400520,19.87839,75.361145,Private-Self Financing,"Dr. Babasaheb Ambedkar Marathwada University, Aurangabad",Approved,Approved,A+,No,,Tier 3,http://www.maharashtra.ac.in,info@maharashtra.ac.in,admissions@maharashtra.ac.in,placement@maharashtra.ac.in,+91-80-930-7378,Data Science,B.Tech,120,1476,2016,Rural,Yes,Yes
1-44641926542,1-44641926542,U-0508,MAHARASHTRA INSTITUTE OF TECHNOLOGY,Active,Maharashtra,Aurangabad,Aurangabad,"NH-211,SATARA VILLAGE ROAD,",400520,19.87839,75.361145,Private-Self Financing,"Dr. Babasaheb Ambedkar Marathwada University, Aurangabad",Approved,Approved,A+,No,,Tier 3,http://www.maharashtra.ac.in,info@maharashtra.ac.in,admissions@maharashtra.ac.in,placement@maharashtra.ac.in,+91-80-930-7378,Electronics & Communication Engineering (ECE),B.Tech,120,1476,2016,Rural,Yes,Yes
1-44641838666,1-44641838666,U-0508,"GOVERNMENT COLLEGE OF ENGINEERING, AURANGABAD STATION ROAD. CHHATRAPATI SAMBHAJINAGAR - 431005",Active,Maharashtra,Aurangabad,Aurangabad,"GOVERNMENT COLLEGE OF ENGINEERING STATION ROAD OSMANPURA, AURANGABAD - 431 005 (MAHARASHTRA)",400520,19.860714,75.354522,Government,"Dr. Babasaheb Ambedkar Marathwada University, Aurangabad",Approved,Approved,B,No,,Tier 3,http://www.aurangabadstationroad.ac.in,info@aurangabadstationroad.ac.in,admissions@aurangabadstationroad.ac.in,placement@aurangabadstationroad.ac.in,+91-80-189-3319,Civil Engineering,B.Tech,60,506,2012,Urban,Yes,Yes
1-44641838666,1-44641838666,U-0508,"GOVERNMENT COLLEGE OF ENGINEERING, AURANGABAD STATION ROAD. CHHATRAPATI SAMBHAJINAGAR - 431005",Active,Maharashtra,Aurangabad,Aurangabad,"GOVERNMENT COLLEGE OF ENGINEERING STATION ROAD OSMANPURA, AURANGABAD - 431 005 (MAHARASHTRA)",400520,19.860714,75.354522,Government,"Dr. Babasaheb Ambedkar Marathwada University, Aurangabad",Approved,Approved,B,No,,Tier 3,http://www.aurangabadstationroad.ac.in,info@aurangabadstationroad.ac.in,admissions@aurangabadstationroad.ac.in,placement@aurangabadstationroad.ac.in,+91-80-189-3319,Mechanical Engineering,B.Tech,60,506,2012,Urban,Yes,Yes
1-44641838666,1-44641838666,U-0508,"GOVERNMENT COLLEGE OF ENGINEERING, AURANGABAD STATION ROAD. CHHATRAPATI SAMBHAJINAGAR - 431005",Active,Maharashtra,Aurangabad,Aurangabad,"GOVERNMENT COLLEGE OF ENGINEERING STATION ROAD OSMANPURA, AURANGABAD - 431 005 (MAHARASHTRA)",400520,19.860714,75.354522,Government,"Dr. Babasaheb Ambedkar Marathwada University, Aurangabad",Approved,Approved,B,No,,Tier 3,http://www.aurangabadstationroad.ac.in,info@aurangabadstationroad.ac.in,admissions@aurangabadstationroad.ac.in,placement@aurangabadstationroad.ac.in,+91-80-189-3319,Electrical Engineering,B.Tech,60,506,2012,Urban,Yes,Yes
1-44641838666,1-44641838666,U-0508,"GOVERNMENT COLLEGE OF ENGINEERING, AURANGABAD STATION ROAD. CHHATRAPATI SAMBHAJINAGAR - 431005",Active,Maharashtra,Aurangabad,Aurangabad,"GOVERNMENT COLLEGE OF ENGINEERING STATION ROAD OSMANPURA, AURANGABAD - 431 005 (MAHARASHTRA)",400520,19.860714,75.354522,Government,"Dr. Babasaheb Ambedkar Marathwada University, Aurangabad",Approved,Approved,B,No,,Tier 3,http://www.aurangabadstationroad.ac.in,info@aurangabadstationroad.ac.in,admissions@aurangabadstationroad.ac.in,placement@aurangabadstationroad.ac.in,+91-80-189-3319,Electronics & Communication Engineering (ECE),B.Tech,60,506,2012,Urban,Yes,Yes
1-44641838666,1-44641838666,U-0508,"GOVERNMENT COLLEGE OF ENGINEERING, AURANGABAD STATION ROAD. CHHATRAPATI SAMBHAJINAGAR - 431005",Active,Maharashtra,Aurangabad,Aurangabad,"GOVERNMENT COLLEGE OF ENGINEERING STATION ROAD OSMANPURA, AURANGABAD - 431 005 (MAHARASHTRA)",400520,19.860714,75.354522,Government,"Dr. Babasaheb Ambedkar Marathwada University, Aurangabad",Approved,Approved,B,No,,Tier 3,http://www.aurangabadstationroad.ac.in,info@aurangabadstationroad.ac.in,admissions@aurangabadstationroad.ac.in,placement@aurangabadstationroad.ac.in,+91-80-189-3319,Computer Science Engineering (CSE),B.Tech,60,506,2012,Urban,Yes,Yes
1-44641838666,1-44641838666,U-0508,"GOVERNMENT COLLEGE OF ENGINEERING, AURANGABAD STATION ROAD. CHHATRAPATI SAMBHAJINAGAR - 431005",Active,Maharashtra,Aurangabad,Aurangabad,"GOVERNMENT COLLEGE OF ENGINEERING STATION ROAD OSMANPURA, AURANGABAD - 431 005 (MAHARASHTRA)",400520,19.860714,75.354522,Government,"Dr. Babasaheb Ambedkar Marathwada University, Aurangabad",Approved,Approved,B,No,,Tier 3,http://www.aurangabadstationroad.ac.in,info@aurangabadstationroad.ac.in,admissions@aurangabadstationroad.ac.in,placement@aurangabadstationroad.ac.in,+91-80-189-3319,Information Technology (IT),B.Tech,60,506,2012,Urban,Yes,Yes
1-44641838666,1-44641838666,U-0508,"GOVERNMENT COLLEGE OF ENGINEERING, AURANGABAD STATION ROAD. CHHATRAPATI SAMBHAJINAGAR - 431005",Active,Maharashtra,Aurangabad,Aurangabad,"GOVERNMENT COLLEGE OF ENGINEERING STATION ROAD OSMANPURA, AURANGABAD - 431 005 (MAHARASHTRA)",400520,19.860714,75.354522,Government,"Dr. Babasaheb Ambedkar Marathwada University, Aurangabad",Approved,Approved,B,No,,Tier 3,http://www.aurangabadstationroad.ac.in,info@aurangabadstationroad.ac.in,admissions@aurangabadstationroad.ac.in,placement@aurangabadstationroad.ac.in,+91-80-189-3319,Other Engineering Branches,M.Tech,85,506,2012,Urban,Yes,Yes
1-44641838666,1-44641838666,U-0508,"GOVERNMENT COLLEGE OF ENGINEERING, AURANGABAD STATION ROAD. CHHATRAPATI SAMBHAJINAGAR - 431005",Active,Maharashtra,Aurangabad,Aurangabad,"GOVERNMENT COLLEGE OF ENGINEERING STATION ROAD OSMANPURA, AURANGABAD - 431 005 (MAHARASHTRA)",400520,19.860714,75.354522,Government,"Dr. Babasaheb Ambedkar Marathwada University, Aurangabad",Approved,Approved,B,No,,Tier 3,http://www.aurangabadstationroad.ac.in,info@aurangabadstationroad.ac.in,admissions@aurangabadstationroad.ac.in,placement@aurangabadstationroad.ac.in,+91-80-189-3319,Electrical Engineering,M.Tech,36,506,2012,Urban,Yes,Yes
1-44641838666,1-44641838666,U-0508,"GOVERNMENT COLLEGE OF ENGINEERING, AURANGABAD STATION ROAD. CHHATRAPATI SAMBHAJINAGAR - 431005",Active,Maharashtra,Aurangabad,Aurangabad,"GOVERNMENT COLLEGE OF ENGINEERING STATION ROAD OSMANPURA, AURANGABAD - 431 005 (MAHARASHTRA)",400520,19.860714,75.354522,Government,"Dr. Babasaheb Ambedkar Marathwada University, Aurangabad",Approved,Approved,B,No,,Tier 3,http://www.aurangabadstationroad.ac.in,info@aurangabadstationroad.ac.in,admissions@aurangabadstationroad.ac.in,placement@aurangabadstationroad.ac.in,+91-80-189-3319,Mechanical Engineering,M.Tech,7,506,2012,Urban,Yes,Yes
1-44641838666,1-44641838666,U-0508,"GOVERNMENT COLLEGE OF ENGINEERING, AURANGABAD STATION ROAD. CHHATRAPATI SAMBHAJINAGAR - 431005",Active,Maharashtra,Aurangabad,Aurangabad,"GOVERNMENT COLLEGE OF ENGINEERING STATION ROAD OSMANPURA, AURANGABAD - 431 005 (MAHARASHTRA)",400520,19.860714,75.354522,Government,"Dr. Babasaheb Ambedkar Marathwada University, Aurangabad",Approved,Approved,B,No,,Tier 3,http://www.aurangabadstationroad.ac.in,info@aurangabadstationroad.ac.in,admissions@aurangabadstationroad.ac.in,placement@aurangabadstationroad.ac.in,+91-80-189-3319,Computer Science Engineering (CSE),M.Tech,18,506,2012,Urban,Yes,Yes
1-44643137584,1-44643137584,U-0767,NATIONAL INSTITUTE OF ELECTRONICS & INFORMATION TECHNOLOGY (NIELIT).AURANGABAD,Active,Maharashtra,Aurangabad,Aurangabad,DOEACC CENTRE AURANGABAD DR. B.A.M. UNIVERSITY CAMPUS  AURANGABAD,400520,19.873191,75.3269,Government,"Maharashtra State Board of Technical Education, Mumbai",Approved,Approved,B,No,,Tier 3,http://www.nationalelectronicsinformation.ac.in,info@nationalelectronicsinformation.ac.in,admissions@nationalelectronicsinformation.ac.in,placement@nationalelectronicsinformation.ac.in,+91-80-712-6551,Other Engineering Branches,Diploma,60,240,1999,Urban,Yes,Yes
1-44643137584,1-44643137584,U-0767,NATIONAL INSTITUTE OF ELECTRONICS & INFORMATION TECHNOLOGY (NIELIT).AURANGABAD,Active,Maharashtra,Aurangabad,Aurangabad,DOEACC CENTRE AURANGABAD DR. B.A.M. UNIVERSITY CAMPUS  AURANGABAD,400520,19.873191,75.3269,Government,"Maharashtra State Board of Technical Education, Mumbai",Approved,Approved,B,No,,Tier 3,http://www.nationalelectronicsinformation.ac.in,info@nationalelectronicsinformation.ac.in,admissions@nationalelectronicsinformation.ac.in,placement@nationalelectronicsinformation.ac.in,+91-80-712-6551,Other Engineering Branches,M.Tech,60,240,1999,Urban,Yes,Yes
1-44643137584,1-44643137584,U-0767,NATIONAL INSTITUTE OF ELECTRONICS & INFORMATION TECHNOLOGY (NIELIT).AURANGABAD,Active,Maharashtra,Aurangabad,Aurangabad,DOEACC CENTRE AURANGABAD DR. B.A.M. UNIVERSITY CAMPUS  AURANGABAD,400520,19.873191,75.3269,Government,"Maharashtra State Board of Technical Education, Mumbai",Approved,Approved,B,No,,Tier 3,http://www.nationalelectronicsinformation.ac.in,info@nationalelectronicsinformation.ac.in,admissions@nationalelectronicsinformation.ac.in,placement@nationalelectronicsinformation.ac.in,+91-80-712-6551,Other Engineering Branches,B.Tech,60,240,1999,Urban,Yes,Yes
1-44643137584,1-44643137584,U-0767,NATIONAL INSTITUTE OF ELECTRONICS & INFORMATION TECHNOLOGY (NIELIT).AURANGABAD,Active,Maharashtra,Aurangabad,Aurangabad,DOEACC CENTRE AURANGABAD DR. B.A.M. UNIVERSITY CAMPUS  AURANGABAD,400520,19.873191,75.3269,Government,"Maharashtra State Board of Technical Education, Mumbai",Approved,Approved,B,No,,Tier 3,http://www.nationalelectronicsinformation.ac.in,info@nationalelectronicsinformation.ac.in,admissions@nationalelectronicsinformation.ac.in,placement@nationalelectronicsinformation.ac.in,+91-80-712-6551,Computer Science Engineering (CSE),B.Tech,60,240,1999,Urban,Yes,Yes
1-44643324147,1-44643324147,U-0577,"MAHATMA GANDHI MISSION'S ,JAWAHARLAL NEHRU ENGINEERING COLLEGE",Active,Maharashtra,Aurangabad,Aurangabad,"N-6,CIDCO,AURANGABAD- 431003",431003,19.883045,75.347769,Private-Self Financing,MGM University Aurangabad,Approved,Approved,B++,Yes,,Tier 3,http://www.mahatmagandhimissions.ac.in,info@mahatmagandhimissions.ac.in,admissions@mahatmagandhimissions.ac.in,placement@mahatmagandhimissions.ac.in,+91-80-125-9548,Computer Science Engineering (CSE),B.Tech,360,780,2019,Urban,No,Yes
1-44643324147,1-44643324147,U-0577,"MAHATMA GANDHI MISSION'S ,JAWAHARLAL NEHRU ENGINEERING COLLEGE",Active,Maharashtra,Aurangabad,Aurangabad,"N-6,CIDCO,AURANGABAD- 431003",431003,19.883045,75.347769,Private-Self Financing,MGM University Aurangabad,Approved,Approved,B++,Yes,,Tier 3,http://www.mahatmagandhimissions.ac.in,info@mahatmagandhimissions.ac.in,admissions@mahatmagandhimissions.ac.in,placement@mahatmagandhimissions.ac.in,+91-80-125-9548,Other Engineering Branches,M.Tech,36,780,2019,Urban,No,Yes
1-44643324147,1-44643324147,U-0577,"MAHATMA GANDHI MISSION'S ,JAWAHARLAL NEHRU ENGINEERING COLLEGE",Active,Maharashtra,Aurangabad,Aurangabad,"N-6,CIDCO,AURANGABAD- 431003",431003,19.883045,75.347769,Private-Self Financing,MGM University Aurangabad,Approved,Approved,B++,Yes,,Tier 3,http://www.mahatmagandhimissions.ac.in,info@mahatmagandhimissions.ac.in,admissions@mahatmagandhimissions.ac.in,placement@mahatmagandhimissions.ac.in,+91-80-125-9548,Mechanical Engineering,B.Tech,30,780,2019,Urban,No,Yes
1-44643324147,1-44643324147,U-0577,"MAHATMA GANDHI MISSION'S ,JAWAHARLAL NEHRU ENGINEERING COLLEGE",Active,Maharashtra,Aurangabad,Aurangabad,"N-6,CIDCO,AURANGABAD- 431003",431003,19.883045,75.347769,Private-Self Financing,MGM University Aurangabad,Approved,Approved,B++,Yes,,Tier 3,http://www.mahatmagandhimissions.ac.in,info@mahatmagandhimissions.ac.in,admissions@mahatmagandhimissions.ac.in,placement@mahatmagandhimissions.ac.in,+91-80-125-9548,Mechanical Engineering,M.Tech,18,780,2019,Urban,No,Yes
1-44643324147,1-44643324147,U-0577,"MAHATMA GANDHI MISSION'S ,JAWAHARLAL NEHRU ENGINEERING COLLEGE",Active,Maharashtra,Aurangabad,Aurangabad,"N-6,CIDCO,AURANGABAD- 431003",431003,19.883045,75.347769,Private-Self Financing,MGM University Aurangabad,Approved,Approved,B++,Yes,,Tier 3,http://www.mahatmagandhimissions.ac.in,info@mahatmagandhimissions.ac.in,admissions@mahatmagandhimissions.ac.in,placement@mahatmagandhimissions.ac.in,+91-80-125-9548,Civil Engineering,B.Tech,90,780,2019,Urban,No,Yes
1-44643324147,1-44643324147,U-0577,"MAHATMA GANDHI MISSION'S ,JAWAHARLAL NEHRU ENGINEERING COLLEGE",Active,Maharashtra,Aurangabad,Aurangabad,"N-6,CIDCO,AURANGABAD- 431003",431003,19.883045,75.347769,Private-Self Financing,MGM University Aurangabad,Approved,Approved,B++,Yes,,Tier 3,http://www.mahatmagandhimissions.ac.in,info@mahatmagandhimissions.ac.in,admissions@mahatmagandhimissions.ac.in,placement@mahatmagandhimissions.ac.in,+91-80-125-9548,Chemical Engineering,B.Tech,30,780,2019,Urban,No,Yes
1-44643324147,1-44643324147,U-0577,"MAHATMA GANDHI MISSION'S ,JAWAHARLAL NEHRU ENGINEERING COLLEGE",Active,Maharashtra,Aurangabad,Aurangabad,"N-6,CIDCO,AURANGABAD- 431003",431003,19.883045,75.347769,Private-Self Financing,MGM University Aurangabad,Approved,Approved,B++,Yes,,Tier 3,http://www.mahatmagandhimissions.ac.in,info@mahatmagandhimissions.ac.in,admissions@mahatmagandhimissions.ac.in,placement@mahatmagandhimissions.ac.in,+91-80-125-9548,Computer Science Engineering (CSE),M.Tech,18,780,2019,Urban,No,Yes
1-44643324147,1-44643324147,U-0577,"MAHATMA GANDHI MISSION'S ,JAWAHARLAL NEHRU ENGINEERING COLLEGE",Active,Maharashtra,Aurangabad,Aurangabad,"N-6,CIDCO,AURANGABAD- 431003",431003,19.883045,75.347769,Private-Self Financing,MGM University Aurangabad,Approved,Approved,B++,Yes,,Tier 3,http://www.mahatmagandhimissions.ac.in,info@mahatmagandhimissions.ac.in,admissions@mahatmagandhimissions.ac.in,placement@mahatmagandhimissions.ac.in,+91-80-125-9548,Electrical Engineering,M.Tech,18,780,2019,Urban,No,Yes
1-44643324147,1-44643324147,U-0577,"MAHATMA GANDHI MISSION'S ,JAWAHARLAL NEHRU ENGINEERING COLLEGE",Active,Maharashtra,Aurangabad,Aurangabad,"N-6,CIDCO,AURANGABAD- 431003",431003,19.883045,75.347769,Private-Self Financing,MGM University Aurangabad,Approved,Approved,B++,Yes,,Tier 3,http://www.mahatmagandhimissions.ac.in,info@mahatmagandhimissions.ac.in,admissions@mahatmagandhimissions.ac.in,placement@mahatmagandhimissions.ac.in,+91-80-125-9548,Data Science,B.Tech,60,780,2019,Urban,No,Yes
1-44643324147,1-44643324147,U-0577,"MAHATMA GANDHI MISSION'S ,JAWAHARLAL NEHRU ENGINEERING COLLEGE",Active,Maharashtra,Aurangabad,Aurangabad,"N-6,CIDCO,AURANGABAD- 431003",431003,19.883045,75.347769,Private-Self Financing,MGM University Aurangabad,Approved,Approved,B++,Yes,,Tier 3,http://www.mahatmagandhimissions.ac.in,info@mahatmagandhimissions.ac.in,admissions@mahatmagandhimissions.ac.in,placement@mahatmagandhimissions.ac.in,+91-80-125-9548,Robotics,B.Tech,60,780,2019,Urban,No,Yes
1-44643324147,1-44643324147,U-0577,"MAHATMA GANDHI MISSION'S ,JAWAHARLAL NEHRU ENGINEERING COLLEGE",Active,Maharashtra,Aurangabad,Aurangabad,"N-6,CIDCO,AURANGABAD- 431003",431003,19.883045,75.347769,Private-Self Financing,MGM University Aurangabad,Approved,Approved,B++,Yes,,Tier 3,http://www.mahatmagandhimissions.ac.in,info@mahatmagandhimissions.ac.in,admissions@mahatmagandhimissions.ac.in,placement@mahatmagandhimissions.ac.in,+91-80-125-9548,Information Technology (IT),B.Tech,60,780,2019,Urban,No,Yes
1-44643286533,1-44643286533,U-0122,EVEREST EDUCATIONAL SOCIETYS GROUP OF INSTITUTIONS,Active,Maharashtra,Aurangabad,Aurangabad,"GUT NO. 187 & 189 OHAR, JATWADA ROAD AURANGABAD",400520,19.880663,75.337778,Private-Self Financing,"Dr. Babasaheb Ambedkar Technological University, Lonere",Approved,Approved,B++,Yes,,Tier 3,http://www.everesteducationalsocietys.ac.in,info@everesteducationalsocietys.ac.in,admissions@everesteducationalsocietys.ac.in,placement@everesteducationalsocietys.ac.in,+91-80-026-0572,Civil Engineering,B.Tech,30,357,1991,Urban,Yes,Yes
1-44643286533,1-44643286533,U-0122,EVEREST EDUCATIONAL SOCIETYS GROUP OF INSTITUTIONS,Active,Maharashtra,Aurangabad,Aurangabad,"GUT NO. 187 & 189 OHAR, JATWADA ROAD AURANGABAD",400520,19.880663,75.337778,Private-Self Financing,"Dr. Babasaheb Ambedkar Technological University, Lonere",Approved,Approved,B++,Yes,,Tier 3,http://www.everesteducationalsocietys.ac.in,info@everesteducationalsocietys.ac.in,admissions@everesteducationalsocietys.ac.in,placement@everesteducationalsocietys.ac.in,+91-80-026-0572,Computer Science Engineering (CSE),B.Tech,90,357,1991,Urban,Yes,Yes
1-44643286533,1-44643286533,U-0122,EVEREST EDUCATIONAL SOCIETYS GROUP OF INSTITUTIONS,Active,Maharashtra,Aurangabad,Aurangabad,"GUT NO. 187 & 189 OHAR, JATWADA ROAD AURANGABAD",400520,19.880663,75.337778,Private-Self Financing,"Dr. Babasaheb Ambedkar Technological University, Lonere",Approved,Approved,B++,Yes,,Tier 3,http://www.everesteducationalsocietys.ac.in,info@everesteducationalsocietys.ac.in,admissions@everesteducationalsocietys.ac.in,placement@everesteducationalsocietys.ac.in,+91-80-026-0572,Mechanical Engineering,B.Tech,60,357,1991,Urban,Yes,Yes
1-44643286533,1-44643286533,U-0122,EVEREST EDUCATIONAL SOCIETYS GROUP OF INSTITUTIONS,Active,Maharashtra,Aurangabad,Aurangabad,"GUT NO. 187 & 189 OHAR, JATWADA ROAD AURANGABAD",400520,19.880663,75.337778,Private-Self Financing,"Dr. Babasaheb Ambedkar Technological University, Lonere",Approved,Approved,B++,Yes,,Tier 3,http://www.everesteducationalsocietys.ac.in,info@everesteducationalsocietys.ac.in,admissions@everesteducationalsocietys.ac.in,placement@everesteducationalsocietys.ac.in,+91-80-026-0572,Electrical Engineering,B.Tech,30,357,1991,Urban,Yes,Yes
1-44643286533,1-44643286533,U-0122,EVEREST EDUCATIONAL SOCIETYS GROUP OF INSTITUTIONS,Active,Maharashtra,Aurangabad,Aurangabad,"GUT NO. 187 & 189 OHAR, JATWADA ROAD AURANGABAD",400520,19.880663,75.337778,Private-Self Financing,"Dr. Babasaheb Ambedkar Technological University, Lonere",Approved,Approved,B++,Yes,,Tier 3,http://www.everesteducationalsocietys.ac.in,info@everesteducationalsocietys.ac.in,admissions@everesteducationalsocietys.ac.in,placement@everesteducationalsocietys.ac.in,+91-80-026-0572,Computer Science Engineering (CSE),M.Tech,18,357,1991,Urban,Yes,Yes
1-44643286533,1-44643286533,U-0122,EVEREST EDUCATIONAL SOCIETYS GROUP OF INSTITUTIONS,Active,Maharashtra,Aurangabad,Aurangabad,"GUT NO. 187 & 189 OHAR, JATWADA ROAD AURANGABAD",400520,19.880663,75.337778,Private-Self Financing,"Dr. Babasaheb Ambedkar Technological University, Lonere",Approved,Approved,B++,Yes,,Tier 3,http://www.everesteducationalsocietys.ac.in,info@everesteducationalsocietys.ac.in,admissions@everesteducationalsocietys.ac.in,placement@everesteducationalsocietys.ac.in,+91-80-026-0572,Mechanical Engineering,M.Tech,9,357,1991,Urban,Yes,Yes
1-44643286533,1-44643286533,U-0122,EVEREST EDUCATIONAL SOCIETYS GROUP OF INSTITUTIONS,Active,Maharashtra,Aurangabad,Aurangabad,"GUT NO. 187 & 189 OHAR, JATWADA ROAD AURANGABAD",400520,19.880663,75.337778,Private-Self Financing,"Dr. Babasaheb Ambedkar Technological University, Lonere",Approved,Approved,B++,Yes,,Tier 3,http://www.everesteducationalsocietys.ac.in,info@everesteducationalsocietys.ac.in,admissions@everesteducationalsocietys.ac.in,placement@everesteducationalsocietys.ac.in,+91-80-026-0572,Artificial Intelligence & Machine Learning (AI & ML),B.Tech,60,357,1991,Urban,Yes,Yes
1-44643286533,1-44643286533,U-0122,EVEREST EDUCATIONAL SOCIETYS GROUP OF INSTITUTIONS,Active,Maharashtra,Aurangabad,Aurangabad,"GUT NO. 187 & 189 OHAR, JATWADA ROAD AURANGABAD",400520,19.880663,75.337778,Private-Self Financing,"Dr. Babasaheb Ambedkar Technological University, Lonere",Approved,Approved,B++,Yes,,Tier 3,http://www.everesteducationalsocietys.ac.in,info@everesteducationalsocietys.ac.in,admissions@everesteducationalsocietys.ac.in,placement@everesteducationalsocietys.ac.in,+91-80-026-0572,Data Science,B.Tech,60,357,1991,Urban,Yes,Yes
1-44643686974,1-44643686974,U-0122,"SHREEYASH PRATISHTHAN'S, SHREEYASH COLLEGE OF ENGINEERING & TECHNOLOGY",Active,Maharashtra,Aurangabad,Aurangabad,"GUT NO. 258, SATARA TANDA, AURANGABAD-431005 DIST: AURANGABAD MAHARASHTRA",431005,19.862996,75.335444,Private-Self Financing,"Dr. Babasaheb Ambedkar Technological University, Lonere",Approved,Approved,Not Accredited,No,,Tier 3,http://www.shreeyashpratishthansshreeyash.ac.in,info@shreeyashpratishthansshreeyash.ac.in,admissions@shreeyashpratishthansshreeyash.ac.in,placement@shreeyashpratishthansshreeyash.ac.in,+91-80-285-0637,Computer Science Engineering (CSE),B.Tech,240,1170,1987,Urban,Yes,Yes
1-44643686974,1-44643686974,U-0122,"SHREEYASH PRATISHTHAN'S, SHREEYASH COLLEGE OF ENGINEERING & TECHNOLOGY",Active,Maharashtra,Aurangabad,Aurangabad,"GUT NO. 258, SATARA TANDA, AURANGABAD-431005 DIST: AURANGABAD MAHARASHTRA",431005,19.862996,75.335444,Private-Self Financing,"Dr. Babasaheb Ambedkar Technological University, Lonere",Approved,Approved,Not Accredited,No,,Tier 3,http://www.shreeyashpratishthansshreeyash.ac.in,info@shreeyashpratishthansshreeyash.ac.in,admissions@shreeyashpratishthansshreeyash.ac.in,placement@shreeyashpratishthansshreeyash.ac.in,+91-80-285-0637,Computer Science Engineering (CSE),M.Tech,18,1170,1987,Urban,Yes,Yes
1-44643686974,1-44643686974,U-0122,"SHREEYASH PRATISHTHAN'S, SHREEYASH COLLEGE OF ENGINEERING & TECHNOLOGY",Active,Maharashtra,Aurangabad,Aurangabad,"GUT NO. 258, SATARA TANDA, AURANGABAD-431005 DIST: AURANGABAD MAHARASHTRA",431005,19.862996,75.335444,Private-Self Financing,"Dr. Babasaheb Ambedkar Technological University, Lonere",Approved,Approved,Not Accredited,No,,Tier 3,http://www.shreeyashpratishthansshreeyash.ac.in,info@shreeyashpratishthansshreeyash.ac.in,admissions@shreeyashpratishthansshreeyash.ac.in,placement@shreeyashpratishthansshreeyash.ac.in,+91-80-285-0637,Mechanical Engineering,M.Tech,18,1170,1987,Urban,Yes,Yes
1-44643686974,1-44643686974,U-0122,"SHREEYASH PRATISHTHAN'S, SHREEYASH COLLEGE OF ENGINEERING & TECHNOLOGY",Active,Maharashtra,Aurangabad,Aurangabad,"GUT NO. 258, SATARA TANDA, AURANGABAD-431005 DIST: AURANGABAD MAHARASHTRA",431005,19.862996,75.335444,Private-Self Financing,"Dr. Babasaheb Ambedkar Technological University, Lonere",Approved,Approved,Not Accredited,No,,Tier 3,http://www.shreeyashpratishthansshreeyash.ac.in,info@shreeyashpratishthansshreeyash.ac.in,admissions@shreeyashpratishthansshreeyash.ac.in,placement@shreeyashpratishthansshreeyash.ac.in,+91-80-285-0637,Civil Engineering,B.Tech,60,1170,1987,Urban,Yes,Yes
1-44643686974,1-44643686974,U-0122,"SHREEYASH PRATISHTHAN'S, SHREEYASH COLLEGE OF ENGINEERING & TECHNOLOGY",Active,Maharashtra,Aurangabad,Aurangabad,"GUT NO. 258, SATARA TANDA, AURANGABAD-431005 DIST: AURANGABAD MAHARASHTRA",431005,19.862996,75.335444,Private-Self Financing,"Dr. Babasaheb Ambedkar Technological University, Lonere",Approved,Approved,Not Accredited,No,,Tier 3,http://www.shreeyashpratishthansshreeyash.ac.in,info@shreeyashpratishthansshreeyash.ac.in,admissions@shreeyashpratishthansshreeyash.ac.in,placement@shreeyashpratishthansshreeyash.ac.in,+91-80-285-0637,Other Engineering Branches,M.Tech,36,1170,1987,Urban,Yes,Yes
1-44643686974,1-44643686974,U-0122,"SHREEYASH PRATISHTHAN'S, SHREEYASH COLLEGE OF ENGINEERING & TECHNOLOGY",Active,Maharashtra,Aurangabad,Aurangabad,"GUT NO. 258, SATARA TANDA, AURANGABAD-431005 DIST: AURANGABAD MAHARASHTRA",431005,19.862996,75.335444,Private-Self Financing,"Dr. Babasaheb Ambedkar Technological University, Lonere",Approved,Approved,Not Accredited,No,,Tier 3,http://www.shreeyashpratishthansshreeyash.ac.in,info@shreeyashpratishthansshreeyash.ac.in,admissions@shreeyashpratishthansshreeyash.ac.in,placement@shreeyashpratishthansshreeyash.ac.in,+91-80-285-0637,Mechanical Engineering,B.Tech,60,1170,1987,Urban,Yes,Yes
1-44643686974,1-44643686974,U-0122,"SHREEYASH PRATISHTHAN'S, SHREEYASH COLLEGE OF ENGINEERING & TECHNOLOGY",Active,Maharashtra,Aurangabad,Aurangabad,"GUT NO. 258, SATARA TANDA, AURANGABAD-431005 DIST: AURANGABAD MAHARASHTRA",431005,19.862996,75.335444,Private-Self Financing,"Dr. Babasaheb Ambedkar Technological University, Lonere",Approved,Approved,Not Accredited,No,,Tier 3,http://www.shreeyashpratishthansshreeyash.ac.in,info@shreeyashpratishthansshreeyash.ac.in,admissions@shreeyashpratishthansshreeyash.ac.in,placement@shreeyashpratishthansshreeyash.ac.in,+91-80-285-0637,Electrical Engineering,B.Tech,60,1170,1987,Urban,Yes,Yes
1-44643686974,1-44643686974,U-0122,"SHREEYASH PRATISHTHAN'S, SHREEYASH COLLEGE OF ENGINEERING & TECHNOLOGY",Active,Maharashtra,Aurangabad,Aurangabad,"GUT NO. 258, SATARA TANDA, AURANGABAD-431005 DIST: AURANGABAD MAHARASHTRA",431005,19.862996,75.335444,Private-Self Financing,"Dr. Babasaheb Ambedkar Technological University, Lonere",Approved,Approved,Not Accredited,No,,Tier 3,http://www.shreeyashpratishthansshreeyash.ac.in,info@shreeyashpratishthansshreeyash.ac.in,admissions@shreeyashpratishthansshreeyash.ac.in,placement@shreeyashpratishthansshreeyash.ac.in,+91-80-285-0637,Electronics & Communication Engineering (ECE),M.Tech,18,1170,1987,Urban,Yes,Yes
1-44643686974,1-44643686974,U-0122,"SHREEYASH PRATISHTHAN'S, SHREEYASH COLLEGE OF ENGINEERING & TECHNOLOGY",Active,Maharashtra,Aurangabad,Aurangabad,"GUT NO. 258, SATARA TANDA, AURANGABAD-431005 DIST: AURANGABAD MAHARASHTRA",431005,19.862996,75.335444,Private-Self Financing,"Dr. Babasaheb Ambedkar Technological University, Lonere",Approved,Approved,Not Accredited,No,,Tier 3,http://www.shreeyashpratishthansshreeyash.ac.in,info@shreeyashpratishthansshreeyash.ac.in,admissions@shreeyashpratishthansshreeyash.ac.in,placement@shreeyashpratishthansshreeyash.ac.in,+91-80-285-0637,Civil Engineering,Diploma,60,1170,1987,Urban,Yes,Yes
1-44643686974,1-44643686974,U-0122,"SHREEYASH PRATISHTHAN'S, SHREEYASH COLLEGE OF ENGINEERING & TECHNOLOGY",Active,Maharashtra,Aurangabad,Aurangabad,"GUT NO. 258, SATARA TANDA, AURANGABAD-431005 DIST: AURANGABAD MAHARASHTRA",431005,19.862996,75.335444,Private-Self Financing,"Dr. Babasaheb Ambedkar Technological University, Lonere",Approved,Approved,Not Accredited,No,,Tier 3,http://www.shreeyashpratishthansshreeyash.ac.in,info@shreeyashpratishthansshreeyash.ac.in,admissions@shreeyashpratishthansshreeyash.ac.in,placement@shreeyashpratishthansshreeyash.ac.in,+91-80-285-0637,Mechanical Engineering,Diploma,60,1170,1987,Urban,Yes,Yes
1-44643686974,1-44643686974,U-0122,"SHREEYASH PRATISHTHAN'S, SHREEYASH COLLEGE OF ENGINEERING & TECHNOLOGY",Active,Maharashtra,Aurangabad,Aurangabad,"GUT NO. 258, SATARA TANDA, AURANGABAD-431005 DIST: AURANGABAD MAHARASHTRA",431005,19.862996,75.335444,Private-Self Financing,"Dr. Babasaheb Ambedkar Technological University, Lonere",Approved,Approved,Not Accredited,No,,Tier 3,http://www.shreeyashpratishthansshreeyash.ac.in,info@shreeyashpratishthansshreeyash.ac.in,admissions@shreeyashpratishthansshreeyash.ac.in,placement@shreeyashpratishthansshreeyash.ac.in,+91-80-285-0637,Computer Science Engineering (CSE),Diploma,120,1170,1987,Urban,Yes,Yes
1-44643686974,1-44643686974,U-0122,"SHREEYASH PRATISHTHAN'S, SHREEYASH COLLEGE OF ENGINEERING & TECHNOLOGY",Active,Maharashtra,Aurangabad,Aurangabad,"GUT NO. 258, SATARA TANDA, AURANGABAD-431005 DIST: AURANGABAD MAHARASHTRA",431005,19.862996,75.335444,Private-Self Financing,"Dr. Babasaheb Ambedkar Technological University, Lonere",Approved,Approved,Not Accredited,No,,Tier 3,http://www.shreeyashpratishthansshreeyash.ac.in,info@shreeyashpratishthansshreeyash.ac.in,admissions@shreeyashpratishthansshreeyash.ac.in,placement@shreeyashpratishthansshreeyash.ac.in,+91-80-285-0637,Electronics & Communication Engineering (ECE),Diploma,60,1170,1987,Urban,Yes,Yes
1-44643686974,1-44643686974,U-0122,"SHREEYASH PRATISHTHAN'S, SHREEYASH COLLEGE OF ENGINEERING & TECHNOLOGY",Active,Maharashtra,Aurangabad,Aurangabad,"GUT NO. 258, SATARA TANDA, AURANGABAD-431005 DIST: AURANGABAD MAHARASHTRA",431005,19.862996,75.335444,Private-Self Financing,"Dr. Babasaheb Ambedkar Technological University, Lonere",Approved,Approved,Not Accredited,No,,Tier 3,http://www.shreeyashpratishthansshreeyash.ac.in,info@shreeyashpratishthansshreeyash.ac.in,admissions@shreeyashpratishthansshreeyash.ac.in,placement@shreeyashpratishthansshreeyash.ac.in,+91-80-285-0637,Electrical Engineering,Diploma,60,1170,1987,Urban,Yes,Yes
1-44643686974,1-44643686974,U-0122,"SHREEYASH PRATISHTHAN'S, SHREEYASH COLLEGE OF ENGINEERING & TECHNOLOGY",Active,Maharashtra,Aurangabad,Aurangabad,"GUT NO. 258, SATARA TANDA, AURANGABAD-431005 DIST: AURANGABAD MAHARASHTRA",431005,19.862996,75.335444,Private-Self Financing,"Dr. Babasaheb Ambedkar Technological University, Lonere",Approved,Approved,Not Accredited,No,,Tier 3,http://www.shreeyashpratishthansshreeyash.ac.in,info@shreeyashpratishthansshreeyash.ac.in,admissions@shreeyashpratishthansshreeyash.ac.in,placement@shreeyashpratishthansshreeyash.ac.in,+91-80-285-0637,Data Science,B.Tech,60,1170,1987,Urban,Yes,Yes
1-44643686974,1-44643686974,U-0122,"SHREEYASH PRATISHTHAN'S, SHREEYASH COLLEGE OF ENGINEERING & TECHNOLOGY",Active,Maharashtra,Aurangabad,Aurangabad,"GUT NO. 258, SATARA TANDA, AURANGABAD-431005 DIST: AURANGABAD MAHARASHTRA",431005,19.862996,75.335444,Private-Self Financing,"Dr. Babasaheb Ambedkar Technological University, Lonere",Approved,Approved,Not Accredited,No,,Tier 3,http://www.shreeyashpratishthansshreeyash.ac.in,info@shreeyashpratishthansshreeyash.ac.in,admissions@shreeyashpratishthansshreeyash.ac.in,placement@shreeyashpratishthansshreeyash.ac.in,+91-80-285-0637,Artificial Intelligence & Machine Learning (AI & ML),Diploma,120,1170,1987,Urban,Yes,Yes
1-44643686974,1-44643686974,U-0122,"SHREEYASH PRATISHTHAN'S, SHREEYASH COLLEGE OF ENGINEERING & TECHNOLOGY",Active,Maharashtra,Aurangabad,Aurangabad,"GUT NO. 258, SATARA TANDA, AURANGABAD-431005 DIST: AURANGABAD MAHARASHTRA",431005,19.862996,75.335444,Private-Self Financing,"Dr. Babasaheb Ambedkar Technological University, Lonere",Approved,Approved,Not Accredited,No,,Tier 3,http://www.shreeyashpratishthansshreeyash.ac.in,info@shreeyashpratishthansshreeyash.ac.in,admissions@shreeyashpratishthansshreeyash.ac.in,placement@shreeyashpratishthansshreeyash.ac.in,+91-80-285-0637,Artificial Intelligence & Machine Learning (AI & ML),B.Tech,60,1170,1987,Urban,Yes,Yes
1-44643686974,1-44643686974,U-0122,"SHREEYASH PRATISHTHAN'S, SHREEYASH COLLEGE OF ENGINEERING & TECHNOLOGY",Active,Maharashtra,Aurangabad,Aurangabad,"GUT NO. 258, SATARA TANDA, AURANGABAD-431005 DIST: AURANGABAD MAHARASHTRA",431005,19.862996,75.335444,Private-Self Financing,"Dr. Babasaheb Ambedkar Technological University, Lonere",Approved,Approved,Not Accredited,No,,Tier 3,http://www.shreeyashpratishthansshreeyash.ac.in,info@shreeyashpratishthansshreeyash.ac.in,admissions@shreeyashpratishthansshreeyash.ac.in,placement@shreeyashpratishthansshreeyash.ac.in,+91-80-285-0637,Other Engineering Branches,B.Tech,60,1170,1987,Urban,Yes,Yes
1-44643420065,1-44643420065,U-0122,P.E.S. COLLEGE OF ENGINEERING,Active,Maharashtra,Aurangabad,Aurangabad,"UNIVERSITY ROAD, NEAR PANCHAKKI, NAGSENVANA,",400520,19.874597,75.329928,Private-Self Financing,"Dr. Babasaheb Ambedkar Technological University, Lonere",Approved,Approved,B++,No,,Tier 3,http://www.pes.ac.in,info@pes.ac.in,admissions@pes.ac.in,placement@pes.ac.in,+91-80-771-6394,Electrical Engineering,M.Tech,18,510,2014,Urban,Yes,No
1-44643420065,1-44643420065,U-0122,P.E.S. COLLEGE OF ENGINEERING,Active,Maharashtra,Aurangabad,Aurangabad,"UNIVERSITY ROAD, NEAR PANCHAKKI, NAGSENVANA,",400520,19.874597,75.329928,Private-Self Financing,"Dr. Babasaheb Ambedkar Technological University, Lonere",Approved,Approved,B++,No,,Tier 3,http://www.pes.ac.in,info@pes.ac.in,admissions@pes.ac.in,placement@pes.ac.in,+91-80-771-6394,Cyber Security,M.Tech,18,510,2014,Urban,Yes,No
1-44643420065,1-44643420065,U-0122,P.E.S. COLLEGE OF ENGINEERING,Active,Maharashtra,Aurangabad,Aurangabad,"UNIVERSITY ROAD, NEAR PANCHAKKI, NAGSENVANA,",400520,19.874597,75.329928,Private-Self Financing,"Dr. Babasaheb Ambedkar Technological University, Lonere",Approved,Approved,B++,No,,Tier 3,http://www.pes.ac.in,info@pes.ac.in,admissions@pes.ac.in,placement@pes.ac.in,+91-80-771-6394,Mechanical Engineering,B.Tech,60,510,2014,Urban,Yes,No
1-44643420065,1-44643420065,U-0122,P.E.S. COLLEGE OF ENGINEERING,Active,Maharashtra,Aurangabad,Aurangabad,"UNIVERSITY ROAD, NEAR PANCHAKKI, NAGSENVANA,",400520,19.874597,75.329928,Private-Self Financing,"Dr. Babasaheb Ambedkar Technological University, Lonere",Approved,Approved,B++,No,,Tier 3,http://www.pes.ac.in,info@pes.ac.in,admissions@pes.ac.in,placement@pes.ac.in,+91-80-771-6394,Electrical Engineering,B.Tech,60,510,2014,Urban,Yes,No
1-44643420065,1-44643420065,U-0122,P.E.S. COLLEGE OF ENGINEERING,Active,Maharashtra,Aurangabad,Aurangabad,"UNIVERSITY ROAD, NEAR PANCHAKKI, NAGSENVANA,",400520,19.874597,75.329928,Private-Self Financing,"Dr. Babasaheb Ambedkar Technological University, Lonere",Approved,Approved,B++,No,,Tier 3,http://www.pes.ac.in,info@pes.ac.in,admissions@pes.ac.in,placement@pes.ac.in,+91-80-771-6394,Computer Science Engineering (CSE),B.Tech,120,510,2014,Urban,Yes,No
1-44643420065,1-44643420065,U-0122,P.E.S. COLLEGE OF ENGINEERING,Active,Maharashtra,Aurangabad,Aurangabad,"UNIVERSITY ROAD, NEAR PANCHAKKI, NAGSENVANA,",400520,19.874597,75.329928,Private-Self Financing,"Dr. Babasaheb Ambedkar Technological University, Lonere",Approved,Approved,B++,No,,Tier 3,http://www.pes.ac.in,info@pes.ac.in,admissions@pes.ac.in,placement@pes.ac.in,+91-80-771-6394,Civil Engineering,B.Tech,60,510,2014,Urban,Yes,No
1-44643420065,1-44643420065,U-0122,P.E.S. COLLEGE OF ENGINEERING,Active,Maharashtra,Aurangabad,Aurangabad,"UNIVERSITY ROAD, NEAR PANCHAKKI, NAGSENVANA,",400520,19.874597,75.329928,Private-Self Financing,"Dr. Babasaheb Ambedkar Technological University, Lonere",Approved,Approved,B++,No,,Tier 3,http://www.pes.ac.in,info@pes.ac.in,admissions@pes.ac.in,placement@pes.ac.in,+91-80-771-6394,Other Engineering Branches,M.Tech,18,510,2014,Urban,Yes,No
1-44643420065,1-44643420065,U-0122,P.E.S. COLLEGE OF ENGINEERING,Active,Maharashtra,Aurangabad,Aurangabad,"UNIVERSITY ROAD, NEAR PANCHAKKI, NAGSENVANA,",400520,19.874597,75.329928,Private-Self Financing,"Dr. Babasaheb Ambedkar Technological University, Lonere",Approved,Approved,B++,No,,Tier 3,http://www.pes.ac.in,info@pes.ac.in,admissions@pes.ac.in,placement@pes.ac.in,+91-80-771-6394,Data Science,B.Tech,60,510,2014,Urban,Yes,No
1-44643420065,1-44643420065,U-0122,P.E.S. COLLEGE OF ENGINEERING,Active,Maharashtra,Aurangabad,Aurangabad,"UNIVERSITY ROAD, NEAR PANCHAKKI, NAGSENVANA,",400520,19.874597,75.329928,Private-Self Financing,"Dr. Babasaheb Ambedkar Technological University, Lonere",Approved,Approved,B++,No,,Tier 3,http://www.pes.ac.in,info@pes.ac.in,admissions@pes.ac.in,placement@pes.ac.in,+91-80-771-6394,Other Engineering Branches,B.Tech,60,510,2014,Urban,Yes,No
1-44643420065,1-44643420065,U-0122,P.E.S. COLLEGE OF ENGINEERING,Active,Maharashtra,Aurangabad,Aurangabad,"UNIVERSITY ROAD, NEAR PANCHAKKI, NAGSENVANA,",400520,19.874597,75.329928,Private-Self Financing,"Dr. Babasaheb Ambedkar Technological University, Lonere",Approved,Approved,B++,No,,Tier 3,http://www.pes.ac.in,info@pes.ac.in,admissions@pes.ac.in,placement@pes.ac.in,+91-80-771-6394,Electronics & Communication Engineering (ECE),M.Tech,18,510,2014,Urban,Yes,No
1-44643420065,1-44643420065,U-0122,P.E.S. COLLEGE OF ENGINEERING,Active,Maharashtra,Aurangabad,Aurangabad,"UNIVERSITY ROAD, NEAR PANCHAKKI, NAGSENVANA,",400520,19.874597,75.329928,Private-Self Financing,"Dr. Babasaheb Ambedkar Technological University, Lonere",Approved,Approved,B++,No,,Tier 3,http://www.pes.ac.in,info@pes.ac.in,admissions@pes.ac.in,placement@pes.ac.in,+91-80-771-6394,Mechanical Engineering,M.Tech,18,510,2014,Urban,Yes,No
1-44643791462,1-44643791462,U-0122,SANT EKNATH COLLEGE OF ENGINEERING,Active,Maharashtra,Aurangabad,Aurangabad,"NIPANI-BHALGAON,BEED HIGHWAY ROAD,AURANGABAD",400520,19.878145,75.346339,Private-Self Financing,"Dr. Babasaheb Ambedkar Technological University, Lonere",Approved,Approved,Not Accredited,No,,Tier 3,http://www.santeknath.ac.in,info@santeknath.ac.in,admissions@santeknath.ac.in,placement@santeknath.ac.in,+91-80-920-4371,Computer Science Engineering (CSE),B.Tech,120,300,1991,Urban,Yes,Yes
1-44643791462,1-44643791462,U-0122,SANT EKNATH COLLEGE OF ENGINEERING,Active,Maharashtra,Aurangabad,Aurangabad,"NIPANI-BHALGAON,BEED HIGHWAY ROAD,AURANGABAD",400520,19.878145,75.346339,Private-Self Financing,"Dr. Babasaheb Ambedkar Technological University, Lonere",Approved,Approved,Not Accredited,No,,Tier 3,http://www.santeknath.ac.in,info@santeknath.ac.in,admissions@santeknath.ac.in,placement@santeknath.ac.in,+91-80-920-4371,Electrical Engineering,B.Tech,60,300,1991,Urban,Yes,Yes
1-44643791462,1-44643791462,U-0122,SANT EKNATH COLLEGE OF ENGINEERING,Active,Maharashtra,Aurangabad,Aurangabad,"NIPANI-BHALGAON,BEED HIGHWAY ROAD,AURANGABAD",400520,19.878145,75.346339,Private-Self Financing,"Dr. Babasaheb Ambedkar Technological University, Lonere",Approved,Approved,Not Accredited,No,,Tier 3,http://www.santeknath.ac.in,info@santeknath.ac.in,admissions@santeknath.ac.in,placement@santeknath.ac.in,+91-80-920-4371,Mechanical Engineering,B.Tech,60,300,1991,Urban,Yes,Yes
1-44643791462,1-44643791462,U-0122,SANT EKNATH COLLEGE OF ENGINEERING,Active,Maharashtra,Aurangabad,Aurangabad,"NIPANI-BHALGAON,BEED HIGHWAY ROAD,AURANGABAD",400520,19.878145,75.346339,Private-Self Financing,"Dr. Babasaheb Ambedkar Technological University, Lonere",Approved,Approved,Not Accredited,No,,Tier 3,http://www.santeknath.ac.in,info@santeknath.ac.in,admissions@santeknath.ac.in,placement@santeknath.ac.in,+91-80-920-4371,Other Engineering Branches,B.Tech,60,300,1991,Urban,Yes,Yes
1-44643791606,1-44643791606,U-0508,MANGALDEEP COLLEGE OF ENGINEERING,Active,Maharashtra,Aurangabad,Aurangabad,"GUT NO. 229 BEED ROAD, NIPANI- CHA SAMBHAJI NAGAR (AURANGABAD)",400520,19.875698,75.335424,Private-Self Financing,"Dr. Babasaheb Ambedkar Marathwada University, Aurangabad",Approved,Approved,Not Accredited,No,,Tier 3,http://www.mangaldeep.ac.in,info@mangaldeep.ac.in,admissions@mangaldeep.ac.in,placement@mangaldeep.ac.in,+91-80-817-7997,Computer Science Engineering (CSE),B.Tech,240,600,1998,Urban,Yes,Yes
1-44643791606,1-44643791606,U-0508,MANGALDEEP COLLEGE OF ENGINEERING,Active,Maharashtra,Aurangabad,Aurangabad,"GUT NO. 229 BEED ROAD, NIPANI- CHA SAMBHAJI NAGAR (AURANGABAD)",400520,19.875698,75.335424,Private-Self Financing,"Dr. Babasaheb Ambedkar Marathwada University, Aurangabad",Approved,Approved,Not Accredited,No,,Tier 3,http://www.mangaldeep.ac.in,info@mangaldeep.ac.in,admissions@mangaldeep.ac.in,placement@mangaldeep.ac.in,+91-80-817-7997,Artificial Intelligence & Machine Learning (AI & ML),B.Tech,30,600,1998,Urban,Yes,Yes
1-44643791606,1-44643791606,U-0508,MANGALDEEP COLLEGE OF ENGINEERING,Active,Maharashtra,Aurangabad,Aurangabad,"GUT NO. 229 BEED ROAD, NIPANI- CHA SAMBHAJI NAGAR (AURANGABAD)",400520,19.875698,75.335424,Private-Self Financing,"Dr. Babasaheb Ambedkar Marathwada University, Aurangabad",Approved,Approved,Not Accredited,No,,Tier 3,http://www.mangaldeep.ac.in,info@mangaldeep.ac.in,admissions@mangaldeep.ac.in,placement@mangaldeep.ac.in,+91-80-817-7997,Information Technology (IT),B.Tech,30,600,1998,Urban,Yes,Yes
1-44643791606,1-44643791606,U-0508,MANGALDEEP COLLEGE OF ENGINEERING,Active,Maharashtra,Aurangabad,Aurangabad,"GUT NO. 229 BEED ROAD, NIPANI- CHA SAMBHAJI NAGAR (AURANGABAD)",400520,19.875698,75.335424,Private-Self Financing,"Dr. Babasaheb Ambedkar Marathwada University, Aurangabad",Approved,Approved,Not Accredited,No,,Tier 3,http://www.mangaldeep.ac.in,info@mangaldeep.ac.in,admissions@mangaldeep.ac.in,placement@mangaldeep.ac.in,+91-80-817-7997,Computer Science Engineering (CSE),Diploma,60,600,1998,Urban,Yes,Yes
1-44643791606,1-44643791606,U-0508,MANGALDEEP COLLEGE OF ENGINEERING,Active,Maharashtra,Aurangabad,Aurangabad,"GUT NO. 229 BEED ROAD, NIPANI- CHA SAMBHAJI NAGAR (AURANGABAD)",400520,19.875698,75.335424,Private-Self Financing,"Dr. Babasaheb Ambedkar Marathwada University, Aurangabad",Approved,Approved,Not Accredited,No,,Tier 3,http://www.mangaldeep.ac.in,info@mangaldeep.ac.in,admissions@mangaldeep.ac.in,placement@mangaldeep.ac.in,+91-80-817-7997,Information Technology (IT),Diploma,60,600,1998,Urban,Yes,Yes
1-44643791606,1-44643791606,U-0508,MANGALDEEP COLLEGE OF ENGINEERING,Active,Maharashtra,Aurangabad,Aurangabad,"GUT NO. 229 BEED ROAD, NIPANI- CHA SAMBHAJI NAGAR (AURANGABAD)",400520,19.875698,75.335424,Private-Self Financing,"Dr. Babasaheb Ambedkar Marathwada University, Aurangabad",Approved,Approved,Not Accredited,No,,Tier 3,http://www.mangaldeep.ac.in,info@mangaldeep.ac.in,admissions@mangaldeep.ac.in,placement@mangaldeep.ac.in,+91-80-817-7997,Electronics & Communication Engineering (ECE),Diploma,60,600,1998,Urban,Yes,Yes
1-44643791606,1-44643791606,U-0508,MANGALDEEP COLLEGE OF ENGINEERING,Active,Maharashtra,Aurangabad,Aurangabad,"GUT NO. 229 BEED ROAD, NIPANI- CHA SAMBHAJI NAGAR (AURANGABAD)",400520,19.875698,75.335424,Private-Self Financing,"Dr. Babasaheb Ambedkar Marathwada University, Aurangabad",Approved,Approved,Not Accredited,No,,Tier 3,http://www.mangaldeep.ac.in,info@mangaldeep.ac.in,admissions@mangaldeep.ac.in,placement@mangaldeep.ac.in,+91-80-817-7997,Electrical Engineering,Diploma,60,600,1998,Urban,Yes,Yes
1-44643791606,1-44643791606,U-0508,MANGALDEEP COLLEGE OF ENGINEERING,Active,Maharashtra,Aurangabad,Aurangabad,"GUT NO. 229 BEED ROAD, NIPANI- CHA SAMBHAJI NAGAR (AURANGABAD)",400520,19.875698,75.335424,Private-Self Financing,"Dr. Babasaheb Ambedkar Marathwada University, Aurangabad",Approved,Approved,Not Accredited,No,,Tier 3,http://www.mangaldeep.ac.in,info@mangaldeep.ac.in,admissions@mangaldeep.ac.in,placement@mangaldeep.ac.in,+91-80-817-7997,Other Engineering Branches,Diploma,60,600,1998,Urban,Yes,Yes
1-44643747880,1-44643747880,U-0122,HI-TECH INSTITUTE OF TECHNOLOGY,Active,Maharashtra,Aurangabad,Aurangabad,"P-119,BAJAJNAGAR NEAR HOTEL MRUGNAYNI AURANGABAD PIN CODE 431136",431136,19.866468,75.332442,Private-Self Financing,"Dr. Babasaheb Ambedkar Technological University, Lonere",Approved,Approved,B++,No,,Tier 3,http://www.hitech.ac.in,info@hitech.ac.in,admissions@hitech.ac.in,placement@hitech.ac.in,+91-80-430-6746,Mechanical Engineering,B.Tech,60,360,1999,Urban,No,Yes
1-44643747880,1-44643747880,U-0122,HI-TECH INSTITUTE OF TECHNOLOGY,Active,Maharashtra,Aurangabad,Aurangabad,"P-119,BAJAJNAGAR NEAR HOTEL MRUGNAYNI AURANGABAD PIN CODE 431136",431136,19.866468,75.332442,Private-Self Financing,"Dr. Babasaheb Ambedkar Technological University, Lonere",Approved,Approved,B++,No,,Tier 3,http://www.hitech.ac.in,info@hitech.ac.in,admissions@hitech.ac.in,placement@hitech.ac.in,+91-80-430-6746,Civil Engineering,B.Tech,60,360,1999,Urban,No,Yes
1-44643747880,1-44643747880,U-0122,HI-TECH INSTITUTE OF TECHNOLOGY,Active,Maharashtra,Aurangabad,Aurangabad,"P-119,BAJAJNAGAR NEAR HOTEL MRUGNAYNI AURANGABAD PIN CODE 431136",431136,19.866468,75.332442,Private-Self Financing,"Dr. Babasaheb Ambedkar Technological University, Lonere",Approved,Approved,B++,No,,Tier 3,http://www.hitech.ac.in,info@hitech.ac.in,admissions@hitech.ac.in,placement@hitech.ac.in,+91-80-430-6746,Computer Science Engineering (CSE),B.Tech,180,360,1999,Urban,No,Yes
1-44643747880,1-44643747880,U-0122,HI-TECH INSTITUTE OF TECHNOLOGY,Active,Maharashtra,Aurangabad,Aurangabad,"P-119,BAJAJNAGAR NEAR HOTEL MRUGNAYNI AURANGABAD PIN CODE 431136",431136,19.866468,75.332442,Private-Self Financing,"Dr. Babasaheb Ambedkar Technological University, Lonere",Approved,Approved,B++,No,,Tier 3,http://www.hitech.ac.in,info@hitech.ac.in,admissions@hitech.ac.in,placement@hitech.ac.in,+91-80-430-6746,Artificial Intelligence & Machine Learning (AI & ML),B.Tech,60,360,1999,Urban,No,Yes
1-44642993480,1-44642993480,U-0992,CENTRAL INSTITUTE OF PETROCHEMICALS ENGINEERING & TECHNOLOGY (CIPET),Active,Maharashtra,Aurangabad,Aurangabad,J-3/2 MIDC INDUSTRIAL AREA,400520,19.86928,75.325174,Government,NOT APPLICABLE,Approved,Approved,B,No,,Tier 3,http://www.petrochemicalscipet.ac.in,info@petrochemicalscipet.ac.in,admissions@petrochemicalscipet.ac.in,placement@petrochemicalscipet.ac.in,+91-80-548-6091,Other Engineering Branches,Diploma,270,330,1986,Urban,Yes,No
1-44642993480,1-44642993480,U-0992,CENTRAL INSTITUTE OF PETROCHEMICALS ENGINEERING & TECHNOLOGY (CIPET),Active,Maharashtra,Aurangabad,Aurangabad,J-3/2 MIDC INDUSTRIAL AREA,400520,19.86928,75.325174,Government,NOT APPLICABLE,Approved,Approved,B,No,,Tier 3,http://www.petrochemicalscipet.ac.in,info@petrochemicalscipet.ac.in,admissions@petrochemicalscipet.ac.in,placement@petrochemicalscipet.ac.in,+91-80-548-6091,Other Engineering Branches,M.Tech,60,330,1986,Urban,Yes,No
1-44644043662,1-44644043662,U-0767,R. G. INSTITUTE OF ENGINEERING AND TECHNOLOGY,Active,Maharashtra,Aurangabad,Aurangabad,"GAT NO.18, JAWALI ROAD, AT.PO.AURALA",400520,19.887323,75.346778,Private-Self Financing,"Maharashtra State Board of Technical Education, Mumbai",Approved,Approved,A+,No,,Tier 3,http://www.rg.ac.in,info@rg.ac.in,admissions@rg.ac.in,placement@rg.ac.in,+91-80-305-3846,Electrical Engineering,Diploma,60,240,1984,Rural,No,No
1-44644043662,1-44644043662,U-0767,R. G. INSTITUTE OF ENGINEERING AND TECHNOLOGY,Active,Maharashtra,Aurangabad,Aurangabad,"GAT NO.18, JAWALI ROAD, AT.PO.AURALA",400520,19.887323,75.346778,Private-Self Financing,"Maharashtra State Board of Technical Education, Mumbai",Approved,Approved,A+,No,,Tier 3,http://www.rg.ac.in,info@rg.ac.in,admissions@rg.ac.in,placement@rg.ac.in,+91-80-305-3846,Computer Science Engineering (CSE),Diploma,60,240,1984,Rural,No,No
1-44644043662,1-44644043662,U-0767,R. G. INSTITUTE OF ENGINEERING AND TECHNOLOGY,Active,Maharashtra,Aurangabad,Aurangabad,"GAT NO.18, JAWALI ROAD, AT.PO.AURALA",400520,19.887323,75.346778,Private-Self Financing,"Maharashtra State Board of Technical Education, Mumbai",Approved,Approved,A+,No,,Tier 3,http://www.rg.ac.in,info@rg.ac.in,admissions@rg.ac.in,placement@rg.ac.in,+91-80-305-3846,Mechanical Engineering,Diploma,60,240,1984,Rural,No,No
1-44644043662,1-44644043662,U-0767,R. G. INSTITUTE OF ENGINEERING AND TECHNOLOGY,Active,Maharashtra,Aurangabad,Aurangabad,"GAT NO.18, JAWALI ROAD, AT.PO.AURALA",400520,19.887323,75.346778,Private-Self Financing,"Maharashtra State Board of Technical Education, Mumbai",Approved,Approved,A+,No,,Tier 3,http://www.rg.ac.in,info@rg.ac.in,admissions@rg.ac.in,placement@rg.ac.in,+91-80-305-3846,Other Engineering Branches,Diploma,60,240,1984,Rural,No,No
1-44754199083,1-44754199083,U-0508,CDS COLLEGE OF ENGINEERING,Active,Maharashtra,Aurangabad,Aurangabad,"BEED BYPASS ROAD BEHIND KAMALNAYAN BAJAJ HOSPITAL,SUDHAKAR NAGAR ROAD,AURANGABAD . 431005",431005,19.862924,75.335736,Private-Self Financing,"Dr. Babasaheb Ambedkar Marathwada University, Aurangabad",Approved,Approved,A,No,,Tier 3,http://www.cds.ac.in,info@cds.ac.in,admissions@cds.ac.in,placement@cds.ac.in,+91-80-282-0431,Computer Science Engineering (CSE),B.Tech,60,300,1980,Urban,Yes,Yes
1-44754199083,1-44754199083,U-0508,CDS COLLEGE OF ENGINEERING,Active,Maharashtra,Aurangabad,Aurangabad,"BEED BYPASS ROAD BEHIND KAMALNAYAN BAJAJ HOSPITAL,SUDHAKAR NAGAR ROAD,AURANGABAD . 431005",431005,19.862924,75.335736,Private-Self Financing,"Dr. Babasaheb Ambedkar Marathwada University, Aurangabad",Approved,Approved,A,No,,Tier 3,http://www.cds.ac.in,info@cds.ac.in,admissions@cds.ac.in,placement@cds.ac.in,+91-80-282-0431,Information Technology (IT),B.Tech,60,300,1980,Urban,Yes,Yes
1-44754199083,1-44754199083,U-0508,CDS COLLEGE OF ENGINEERING,Active,Maharashtra,Aurangabad,Aurangabad,"BEED BYPASS ROAD BEHIND KAMALNAYAN BAJAJ HOSPITAL,SUDHAKAR NAGAR ROAD,AURANGABAD . 431005",431005,19.862924,75.335736,Private-Self Financing,"Dr. Babasaheb Ambedkar Marathwada University, Aurangabad",Approved,Approved,A,No,,Tier 3,http://www.cds.ac.in,info@cds.ac.in,admissions@cds.ac.in,placement@cds.ac.in,+91-80-282-0431,Other Engineering Branches,B.Tech,60,300,1980,Urban,Yes,Yes
1-44754199083,1-44754199083,U-0508,CDS COLLEGE OF ENGINEERING,Active,Maharashtra,Aurangabad,Aurangabad,"BEED BYPASS ROAD BEHIND KAMALNAYAN BAJAJ HOSPITAL,SUDHAKAR NAGAR ROAD,AURANGABAD . 431005",431005,19.862924,75.335736,Private-Self Financing,"Dr. Babasaheb Ambedkar Marathwada University, Aurangabad",Approved,Approved,A,No,,Tier 3,http://www.cds.ac.in,info@cds.ac.in,admissions@cds.ac.in,placement@cds.ac.in,+91-80-282-0431,Mechanical Engineering,B.Tech,60,300,1980,Urban,Yes,Yes
1-44754199083,1-44754199083,U-0508,CDS COLLEGE OF ENGINEERING,Active,Maharashtra,Aurangabad,Aurangabad,"BEED BYPASS ROAD BEHIND KAMALNAYAN BAJAJ HOSPITAL,SUDHAKAR NAGAR ROAD,AURANGABAD . 431005",431005,19.862924,75.335736,Private-Self Financing,"Dr. Babasaheb Ambedkar Marathwada University, Aurangabad",Approved,Approved,A,No,,Tier 3,http://www.cds.ac.in,info@cds.ac.in,admissions@cds.ac.in,placement@cds.ac.in,+91-80-282-0431,Electronics & Communication Engineering (ECE),B.Tech,60,300,1980,Urban,Yes,Yes
