College ID,AICTE Institute ID,UGC University ID,College Name,College Status,State,District,City,Full Address,Pincode,Latitude,Longitude,College Type,Affiliated University,AICTE Approval Status,UGC Approval Status,NAAC Grade,NBA Accreditation,NIRF Ranking,Tier Classification,Official Website,Official College Email,Admission Email,Placement Cell Email,Contact Phone Number,Engineering Branch Name,Degree Type,Branch Intake Capacity,Total Intake Capacity,Establishment Year,Campus Type,Hostel Available,Placement Available
1-44638460787,1-44638460787,U-0992,ANNA UNIVERSITY REGIONAL CAMPUS COIMBATORE,Active,Tamil Nadu,Coimbatore,Coimbatore,"NAVAVOOR, MARUDHAMALAI ROAD, SOMAYAMPALAYAM, COIMBATORE-641046",641046,11.016675,76.963743,State Government University,NOT APPLICABLE,Approved,Approved,A+,No,,Tier 3,http://www.annaregionalcampus.ac.in,info@annaregionalcampus.ac.in,admissions@annaregionalcampus.ac.in,placement@annaregionalcampus.ac.in,+91-80-833-6050,Computer Science Engineering (CSE),B.Tech,60,360,1994,Rural,No,Yes
1-44638460787,1-44638460787,U-0992,ANNA UNIVERSITY REGIONAL CAMPUS COIMBATORE,Active,Tamil Nadu,Coimbatore,Coimbatore,"NAVAVOOR, MARUDHAMALAI ROAD, SOMAYAMPALAYAM, COIMBATORE-641046",641046,11.016675,76.963743,State Government University,NOT APPLICABLE,Approved,Approved,A+,No,,Tier 3,http://www.annaregionalcampus.ac.in,info@annaregionalcampus.ac.in,admissions@annaregionalcampus.ac.in,placement@annaregionalcampus.ac.in,+91-80-833-6050,Electronics & Communication Engineering (ECE),B.Tech,60,360,1994,Rural,No,Yes
1-44638460787,1-44638460787,U-0992,ANNA UNIVERSITY REGIONAL CAMPUS COIMBATORE,Active,Tamil Nadu,Coimbatore,Coimbatore,"NAVAVOOR, MARUDHAMALAI ROAD, SOMAYAMPALAYAM, COIMBATORE-641046",641046,11.016675,76.963743,State Government University,NOT APPLICABLE,Approved,Approved,A+,No,,Tier 3,http://www.annaregionalcampus.ac.in,info@annaregionalcampus.ac.in,admissions@annaregionalcampus.ac.in,placement@annaregionalcampus.ac.in,+91-80-833-6050,Electrical & Electronics Engineering (EEE),B.Tech,60,360,1994,Rural,No,Yes
1-44638460787,1-44638460787,U-0992,ANNA UNIVERSITY REGIONAL CAMPUS COIMBATORE,Active,Tamil Nadu,Coimbatore,Coimbatore,"NAVAVOOR, MARUDHAMALAI ROAD, SOMAYAMPALAYAM, COIMBATORE-641046",641046,11.016675,76.963743,State Government University,NOT APPLICABLE,Approved,Approved,A+,No,,Tier 3,http://www.annaregionalcampus.ac.in,info@annaregionalcampus.ac.in,admissions@annaregionalcampus.ac.in,placement@annaregionalcampus.ac.in,+91-80-833-6050,Mechanical Engineering,B.Tech,60,360,1994,Rural,No,Yes
1-44638460787,1-44638460787,U-0992,ANNA UNIVERSITY REGIONAL CAMPUS COIMBATORE,Active,Tamil Nadu,Coimbatore,Coimbatore,"NAVAVOOR, MARUDHAMALAI ROAD, SOMAYAMPALAYAM, COIMBATORE-641046",641046,11.016675,76.963743,State Government University,NOT APPLICABLE,Approved,Approved,A+,No,,Tier 3,http://www.annaregionalcampus.ac.in,info@annaregionalcampus.ac.in,admissions@annaregionalcampus.ac.in,placement@annaregionalcampus.ac.in,+91-80-833-6050,Data Science,B.Tech,60,360,1994,Rural,No,Yes
1-44638460787,1-44638460787,U-0992,ANNA UNIVERSITY REGIONAL CAMPUS COIMBATORE,Active,Tamil Nadu,Coimbatore,Coimbatore,"NAVAVOOR, MARUDHAMALAI ROAD, SOMAYAMPALAYAM, COIMBATORE-641046",641046,11.016675,76.963743,State Government University,NOT APPLICABLE,Approved,Approved,A+,No,,Tier 3,http://www.annaregionalcampus.ac.in,info@annaregionalcampus.ac.in,admissions@annaregionalcampus.ac.in,placement@annaregionalcampus.ac.in,+91-80-833-6050,Other Engineering Branches,B.Tech,60,360,1994,Rural,No,Yes
1-44638283854,1-44638283854,U-0682,CHRIST THE KING ENGINEERING COLLEGE,Active,Tamil Nadu,Coimbatore,Coimbatore,"CECILIA GARDENS,CHIKKARAMPALAYAM VILLAGE",600081,11.029824,76.952589,Private-Self Financing,"Anna University, Chennai",Approved,Approved,Not Accredited,No,,Tier 3,http://www.christtheking.ac.in,info@christtheking.ac.in,admissions@christtheking.ac.in,placement@christtheking.ac.in,+91-80-385-0987,Electronics & Communication Engineering (ECE),B.Tech,60,480,2007,Urban,Yes,Yes
1-44638283854,1-44638283854,U-0682,CHRIST THE KING ENGINEERING COLLEGE,Active,Tamil Nadu,Coimbatore,Coimbatore,"CECILIA GARDENS,CHIKKARAMPALAYAM VILLAGE",600081,11.029824,76.952589,Private-Self Financing,"Anna University, Chennai",Approved,Approved,Not Accredited,No,,Tier 3,http://www.christtheking.ac.in,info@christtheking.ac.in,admissions@christtheking.ac.in,placement@christtheking.ac.in,+91-80-385-0987,Computer Science Engineering (CSE),B.Tech,120,480,2007,Urban,Yes,Yes
1-44638283854,1-44638283854,U-0682,CHRIST THE KING ENGINEERING COLLEGE,Active,Tamil Nadu,Coimbatore,Coimbatore,"CECILIA GARDENS,CHIKKARAMPALAYAM VILLAGE",600081,11.029824,76.952589,Private-Self Financing,"Anna University, Chennai",Approved,Approved,Not Accredited,No,,Tier 3,http://www.christtheking.ac.in,info@christtheking.ac.in,admissions@christtheking.ac.in,placement@christtheking.ac.in,+91-80-385-0987,Mechanical Engineering,B.Tech,60,480,2007,Urban,Yes,Yes
1-44638283854,1-44638283854,U-0682,CHRIST THE KING ENGINEERING COLLEGE,Active,Tamil Nadu,Coimbatore,Coimbatore,"CECILIA GARDENS,CHIKKARAMPALAYAM VILLAGE",600081,11.029824,76.952589,Private-Self Financing,"Anna University, Chennai",Approved,Approved,Not Accredited,No,,Tier 3,http://www.christtheking.ac.in,info@christtheking.ac.in,admissions@christtheking.ac.in,placement@christtheking.ac.in,+91-80-385-0987,Data Science,B.Tech,120,480,2007,Urban,Yes,Yes
1-44638283854,1-44638283854,U-0682,CHRIST THE KING ENGINEERING COLLEGE,Active,Tamil Nadu,Coimbatore,Coimbatore,"CECILIA GARDENS,CHIKKARAMPALAYAM VILLAGE",600081,11.029824,76.952589,Private-Self Financing,"Anna University, Chennai",Approved,Approved,Not Accredited,No,,Tier 3,http://www.christtheking.ac.in,info@christtheking.ac.in,admissions@christtheking.ac.in,placement@christtheking.ac.in,+91-80-385-0987,Information Technology (IT),B.Tech,60,480,2007,Urban,Yes,Yes
1-44638283854,1-44638283854,U-0682,CHRIST THE KING ENGINEERING COLLEGE,Active,Tamil Nadu,Coimbatore,Coimbatore,"CECILIA GARDENS,CHIKKARAMPALAYAM VILLAGE",600081,11.029824,76.952589,Private-Self Financing,"Anna University, Chennai",Approved,Approved,Not Accredited,No,,Tier 3,http://www.christtheking.ac.in,info@christtheking.ac.in,admissions@christtheking.ac.in,placement@christtheking.ac.in,+91-80-385-0987,Artificial Intelligence & Machine Learning (AI & ML),B.Tech,60,480,2007,Urban,Yes,Yes
1-44637285662,1-44637285662,U-0682,SREE SAKTHI ENGINEERING COLLEGE,Active,Tamil Nadu,Coimbatore,Coimbatore,"899/1&898/2 BETTATHAPURAM,BILICHI VILLAGE, KARAMADAI",600081,11.020983,76.969308,Private-Self Financing,"Anna University, Chennai",Approved,Approved,A+,No,,Tier 3,http://www.sreesakthi.ac.in,info@sreesakthi.ac.in,admissions@sreesakthi.ac.in,placement@sreesakthi.ac.in,+91-80-014-3190,Civil Engineering,B.Tech,30,1014,2005,Rural,Yes,Yes
1-44637285662,1-44637285662,U-0682,SREE SAKTHI ENGINEERING COLLEGE,Active,Tamil Nadu,Coimbatore,Coimbatore,"899/1&898/2 BETTATHAPURAM,BILICHI VILLAGE, KARAMADAI",600081,11.020983,76.969308,Private-Self Financing,"Anna University, Chennai",Approved,Approved,A+,No,,Tier 3,http://www.sreesakthi.ac.in,info@sreesakthi.ac.in,admissions@sreesakthi.ac.in,placement@sreesakthi.ac.in,+91-80-014-3190,Mechanical Engineering,B.Tech,60,1014,2005,Rural,Yes,Yes
1-44637285662,1-44637285662,U-0682,SREE SAKTHI ENGINEERING COLLEGE,Active,Tamil Nadu,Coimbatore,Coimbatore,"899/1&898/2 BETTATHAPURAM,BILICHI VILLAGE, KARAMADAI",600081,11.020983,76.969308,Private-Self Financing,"Anna University, Chennai",Approved,Approved,A+,No,,Tier 3,http://www.sreesakthi.ac.in,info@sreesakthi.ac.in,admissions@sreesakthi.ac.in,placement@sreesakthi.ac.in,+91-80-014-3190,Electrical & Electronics Engineering (EEE),B.Tech,60,1014,2005,Rural,Yes,Yes
1-44637285662,1-44637285662,U-0682,SREE SAKTHI ENGINEERING COLLEGE,Active,Tamil Nadu,Coimbatore,Coimbatore,"899/1&898/2 BETTATHAPURAM,BILICHI VILLAGE, KARAMADAI",600081,11.020983,76.969308,Private-Self Financing,"Anna University, Chennai",Approved,Approved,A+,No,,Tier 3,http://www.sreesakthi.ac.in,info@sreesakthi.ac.in,admissions@sreesakthi.ac.in,placement@sreesakthi.ac.in,+91-80-014-3190,Electronics & Communication Engineering (ECE),B.Tech,120,1014,2005,Rural,Yes,Yes
1-44637285662,1-44637285662,U-0682,SREE SAKTHI ENGINEERING COLLEGE,Active,Tamil Nadu,Coimbatore,Coimbatore,"899/1&898/2 BETTATHAPURAM,BILICHI VILLAGE, KARAMADAI",600081,11.020983,76.969308,Private-Self Financing,"Anna University, Chennai",Approved,Approved,A+,No,,Tier 3,http://www.sreesakthi.ac.in,info@sreesakthi.ac.in,admissions@sreesakthi.ac.in,placement@sreesakthi.ac.in,+91-80-014-3190,Computer Science Engineering (CSE),B.Tech,120,1014,2005,Rural,Yes,Yes
1-44637285662,1-44637285662,U-0682,SREE SAKTHI ENGINEERING COLLEGE,Active,Tamil Nadu,Coimbatore,Coimbatore,"899/1&898/2 BETTATHAPURAM,BILICHI VILLAGE, KARAMADAI",600081,11.020983,76.969308,Private-Self Financing,"Anna University, Chennai",Approved,Approved,A+,No,,Tier 3,http://www.sreesakthi.ac.in,info@sreesakthi.ac.in,admissions@sreesakthi.ac.in,placement@sreesakthi.ac.in,+91-80-014-3190,Other Engineering Branches,M.Tech,6,1014,2005,Rural,Yes,Yes
1-44637285662,1-44637285662,U-0682,SREE SAKTHI ENGINEERING COLLEGE,Active,Tamil Nadu,Coimbatore,Coimbatore,"899/1&898/2 BETTATHAPURAM,BILICHI VILLAGE, KARAMADAI",600081,11.020983,76.969308,Private-Self Financing,"Anna University, Chennai",Approved,Approved,A+,No,,Tier 3,http://www.sreesakthi.ac.in,info@sreesakthi.ac.in,admissions@sreesakthi.ac.in,placement@sreesakthi.ac.in,+91-80-014-3190,Mechanical Engineering,Diploma,60,1014,2005,Rural,Yes,Yes
1-44637285662,1-44637285662,U-0682,SREE SAKTHI ENGINEERING COLLEGE,Active,Tamil Nadu,Coimbatore,Coimbatore,"899/1&898/2 BETTATHAPURAM,BILICHI VILLAGE, KARAMADAI",600081,11.020983,76.969308,Private-Self Financing,"Anna University, Chennai",Approved,Approved,A+,No,,Tier 3,http://www.sreesakthi.ac.in,info@sreesakthi.ac.in,admissions@sreesakthi.ac.in,placement@sreesakthi.ac.in,+91-80-014-3190,Automobile Engineering,Diploma,60,1014,2005,Rural,Yes,Yes
1-44637285662,1-44637285662,U-0682,SREE SAKTHI ENGINEERING COLLEGE,Active,Tamil Nadu,Coimbatore,Coimbatore,"899/1&898/2 BETTATHAPURAM,BILICHI VILLAGE, KARAMADAI",600081,11.020983,76.969308,Private-Self Financing,"Anna University, Chennai",Approved,Approved,A+,No,,Tier 3,http://www.sreesakthi.ac.in,info@sreesakthi.ac.in,admissions@sreesakthi.ac.in,placement@sreesakthi.ac.in,+91-80-014-3190,Artificial Intelligence & Machine Learning (AI & ML),B.Tech,60,1014,2005,Rural,Yes,Yes
1-44637285662,1-44637285662,U-0682,SREE SAKTHI ENGINEERING COLLEGE,Active,Tamil Nadu,Coimbatore,Coimbatore,"899/1&898/2 BETTATHAPURAM,BILICHI VILLAGE, KARAMADAI",600081,11.020983,76.969308,Private-Self Financing,"Anna University, Chennai",Approved,Approved,A+,No,,Tier 3,http://www.sreesakthi.ac.in,info@sreesakthi.ac.in,admissions@sreesakthi.ac.in,placement@sreesakthi.ac.in,+91-80-014-3190,Information Technology (IT),B.Tech,90,1014,2005,Rural,Yes,Yes
1-44637285662,1-44637285662,U-0682,SREE SAKTHI ENGINEERING COLLEGE,Active,Tamil Nadu,Coimbatore,Coimbatore,"899/1&898/2 BETTATHAPURAM,BILICHI VILLAGE, KARAMADAI",600081,11.020983,76.969308,Private-Self Financing,"Anna University, Chennai",Approved,Approved,A+,No,,Tier 3,http://www.sreesakthi.ac.in,info@sreesakthi.ac.in,admissions@sreesakthi.ac.in,placement@sreesakthi.ac.in,+91-80-014-3190,Cyber Security,B.Tech,90,1014,2005,Rural,Yes,Yes
1-44637285662,1-44637285662,U-0682,SREE SAKTHI ENGINEERING COLLEGE,Active,Tamil Nadu,Coimbatore,Coimbatore,"899/1&898/2 BETTATHAPURAM,BILICHI VILLAGE, KARAMADAI",600081,11.020983,76.969308,Private-Self Financing,"Anna University, Chennai",Approved,Approved,A+,No,,Tier 3,http://www.sreesakthi.ac.in,info@sreesakthi.ac.in,admissions@sreesakthi.ac.in,placement@sreesakthi.ac.in,+91-80-014-3190,Computer Science Engineering (CSE),Diploma,60,1014,2005,Rural,Yes,Yes
1-44637285662,1-44637285662,U-0682,SREE SAKTHI ENGINEERING COLLEGE,Active,Tamil Nadu,Coimbatore,Coimbatore,"899/1&898/2 BETTATHAPURAM,BILICHI VILLAGE, KARAMADAI",600081,11.020983,76.969308,Private-Self Financing,"Anna University, Chennai",Approved,Approved,A+,No,,Tier 3,http://www.sreesakthi.ac.in,info@sreesakthi.ac.in,admissions@sreesakthi.ac.in,placement@sreesakthi.ac.in,+91-80-014-3190,Electronics & Communication Engineering (ECE),Diploma,30,1014,2005,Rural,Yes,Yes
1-44637285662,1-44637285662,U-0682,SREE SAKTHI ENGINEERING COLLEGE,Active,Tamil Nadu,Coimbatore,Coimbatore,"899/1&898/2 BETTATHAPURAM,BILICHI VILLAGE, KARAMADAI",600081,11.020983,76.969308,Private-Self Financing,"Anna University, Chennai",Approved,Approved,A+,No,,Tier 3,http://www.sreesakthi.ac.in,info@sreesakthi.ac.in,admissions@sreesakthi.ac.in,placement@sreesakthi.ac.in,+91-80-014-3190,Electrical & Electronics Engineering (EEE),Diploma,30,1014,2005,Rural,Yes,Yes
1-44637285662,1-44637285662,U-0682,SREE SAKTHI ENGINEERING COLLEGE,Active,Tamil Nadu,Coimbatore,Coimbatore,"899/1&898/2 BETTATHAPURAM,BILICHI VILLAGE, KARAMADAI",600081,11.020983,76.969308,Private-Self Financing,"Anna University, Chennai",Approved,Approved,A+,No,,Tier 3,http://www.sreesakthi.ac.in,info@sreesakthi.ac.in,admissions@sreesakthi.ac.in,placement@sreesakthi.ac.in,+91-80-014-3190,Data Science,B.Tech,120,1014,2005,Rural,Yes,Yes
1-44637285662,1-44637285662,U-0682,SREE SAKTHI ENGINEERING COLLEGE,Active,Tamil Nadu,Coimbatore,Coimbatore,"899/1&898/2 BETTATHAPURAM,BILICHI VILLAGE, KARAMADAI",600081,11.020983,76.969308,Private-Self Financing,"Anna University, Chennai",Approved,Approved,A+,No,,Tier 3,http://www.sreesakthi.ac.in,info@sreesakthi.ac.in,admissions@sreesakthi.ac.in,placement@sreesakthi.ac.in,+91-80-014-3190,Computer Science Engineering (CSE),M.Tech,18,1014,2005,Rural,Yes,Yes
1-44638691020,1-44638691020,U-0992,KARUNYA INSTITUTE OF TECHNOLOGY AND SCIENCES,Active,Tamil Nadu,Coimbatore,Coimbatore,KARUNYA NAGAR COIMBATORE,600081,11.027219,76.974436,Deemed to be University(Pvt),NOT APPLICABLE,Approved,Approved,B+,No,,Tier 3,http://www.karunyasciences.ac.in,info@karunyasciences.ac.in,admissions@karunyasciences.ac.in,placement@karunyasciences.ac.in,+91-80-275-8775,Civil Engineering,B.Tech,30,1636,1998,Rural,Yes,Yes
1-44638691020,1-44638691020,U-0992,KARUNYA INSTITUTE OF TECHNOLOGY AND SCIENCES,Active,Tamil Nadu,Coimbatore,Coimbatore,KARUNYA NAGAR COIMBATORE,600081,11.027219,76.974436,Deemed to be University(Pvt),NOT APPLICABLE,Approved,Approved,B+,No,,Tier 3,http://www.karunyasciences.ac.in,info@karunyasciences.ac.in,admissions@karunyasciences.ac.in,placement@karunyasciences.ac.in,+91-80-275-8775,Mechanical Engineering,B.Tech,60,1636,1998,Rural,Yes,Yes
1-44638691020,1-44638691020,U-0992,KARUNYA INSTITUTE OF TECHNOLOGY AND SCIENCES,Active,Tamil Nadu,Coimbatore,Coimbatore,KARUNYA NAGAR COIMBATORE,600081,11.027219,76.974436,Deemed to be University(Pvt),NOT APPLICABLE,Approved,Approved,B+,No,,Tier 3,http://www.karunyasciences.ac.in,info@karunyasciences.ac.in,admissions@karunyasciences.ac.in,placement@karunyasciences.ac.in,+91-80-275-8775,Computer Science Engineering (CSE),B.Tech,600,1636,1998,Rural,Yes,Yes
1-44638691020,1-44638691020,U-0992,KARUNYA INSTITUTE OF TECHNOLOGY AND SCIENCES,Active,Tamil Nadu,Coimbatore,Coimbatore,KARUNYA NAGAR COIMBATORE,600081,11.027219,76.974436,Deemed to be University(Pvt),NOT APPLICABLE,Approved,Approved,B+,No,,Tier 3,http://www.karunyasciences.ac.in,info@karunyasciences.ac.in,admissions@karunyasciences.ac.in,placement@karunyasciences.ac.in,+91-80-275-8775,Other Engineering Branches,B.Tech,120,1636,1998,Rural,Yes,Yes
1-44638691020,1-44638691020,U-0992,KARUNYA INSTITUTE OF TECHNOLOGY AND SCIENCES,Active,Tamil Nadu,Coimbatore,Coimbatore,KARUNYA NAGAR COIMBATORE,600081,11.027219,76.974436,Deemed to be University(Pvt),NOT APPLICABLE,Approved,Approved,B+,No,,Tier 3,http://www.karunyasciences.ac.in,info@karunyasciences.ac.in,admissions@karunyasciences.ac.in,placement@karunyasciences.ac.in,+91-80-275-8775,Biotechnology,B.Tech,60,1636,1998,Rural,Yes,Yes
1-44638691020,1-44638691020,U-0992,KARUNYA INSTITUTE OF TECHNOLOGY AND SCIENCES,Active,Tamil Nadu,Coimbatore,Coimbatore,KARUNYA NAGAR COIMBATORE,600081,11.027219,76.974436,Deemed to be University(Pvt),NOT APPLICABLE,Approved,Approved,B+,No,,Tier 3,http://www.karunyasciences.ac.in,info@karunyasciences.ac.in,admissions@karunyasciences.ac.in,placement@karunyasciences.ac.in,+91-80-275-8775,Aeronautical Engineering,B.Tech,60,1636,1998,Rural,Yes,Yes
1-44638691020,1-44638691020,U-0992,KARUNYA INSTITUTE OF TECHNOLOGY AND SCIENCES,Active,Tamil Nadu,Coimbatore,Coimbatore,KARUNYA NAGAR COIMBATORE,600081,11.027219,76.974436,Deemed to be University(Pvt),NOT APPLICABLE,Approved,Approved,B+,No,,Tier 3,http://www.karunyasciences.ac.in,info@karunyasciences.ac.in,admissions@karunyasciences.ac.in,placement@karunyasciences.ac.in,+91-80-275-8775,Other Engineering Branches,M.Tech,68,1636,1998,Rural,Yes,Yes
1-44638691020,1-44638691020,U-0992,KARUNYA INSTITUTE OF TECHNOLOGY AND SCIENCES,Active,Tamil Nadu,Coimbatore,Coimbatore,KARUNYA NAGAR COIMBATORE,600081,11.027219,76.974436,Deemed to be University(Pvt),NOT APPLICABLE,Approved,Approved,B+,No,,Tier 3,http://www.karunyasciences.ac.in,info@karunyasciences.ac.in,admissions@karunyasciences.ac.in,placement@karunyasciences.ac.in,+91-80-275-8775,Computer Science Engineering (CSE),M.Tech,12,1636,1998,Rural,Yes,Yes
1-44638691020,1-44638691020,U-0992,KARUNYA INSTITUTE OF TECHNOLOGY AND SCIENCES,Active,Tamil Nadu,Coimbatore,Coimbatore,KARUNYA NAGAR COIMBATORE,600081,11.027219,76.974436,Deemed to be University(Pvt),NOT APPLICABLE,Approved,Approved,B+,No,,Tier 3,http://www.karunyasciences.ac.in,info@karunyasciences.ac.in,admissions@karunyasciences.ac.in,placement@karunyasciences.ac.in,+91-80-275-8775,Electronics & Communication Engineering (ECE),B.Tech,120,1636,1998,Rural,Yes,Yes
1-44638691020,1-44638691020,U-0992,KARUNYA INSTITUTE OF TECHNOLOGY AND SCIENCES,Active,Tamil Nadu,Coimbatore,Coimbatore,KARUNYA NAGAR COIMBATORE,600081,11.027219,76.974436,Deemed to be University(Pvt),NOT APPLICABLE,Approved,Approved,B+,No,,Tier 3,http://www.karunyasciences.ac.in,info@karunyasciences.ac.in,admissions@karunyasciences.ac.in,placement@karunyasciences.ac.in,+91-80-275-8775,Robotics,B.Tech,60,1636,1998,Rural,Yes,Yes
1-44638691020,1-44638691020,U-0992,KARUNYA INSTITUTE OF TECHNOLOGY AND SCIENCES,Active,Tamil Nadu,Coimbatore,Coimbatore,KARUNYA NAGAR COIMBATORE,600081,11.027219,76.974436,Deemed to be University(Pvt),NOT APPLICABLE,Approved,Approved,B+,No,,Tier 3,http://www.karunyasciences.ac.in,info@karunyasciences.ac.in,admissions@karunyasciences.ac.in,placement@karunyasciences.ac.in,+91-80-275-8775,Biotechnology,M.Tech,20,1636,1998,Rural,Yes,Yes
1-44638691020,1-44638691020,U-0992,KARUNYA INSTITUTE OF TECHNOLOGY AND SCIENCES,Active,Tamil Nadu,Coimbatore,Coimbatore,KARUNYA NAGAR COIMBATORE,600081,11.027219,76.974436,Deemed to be University(Pvt),NOT APPLICABLE,Approved,Approved,B+,No,,Tier 3,http://www.karunyasciences.ac.in,info@karunyasciences.ac.in,admissions@karunyasciences.ac.in,placement@karunyasciences.ac.in,+91-80-275-8775,Information Technology (IT),M.Tech,12,1636,1998,Rural,Yes,Yes
1-44638691020,1-44638691020,U-0992,KARUNYA INSTITUTE OF TECHNOLOGY AND SCIENCES,Active,Tamil Nadu,Coimbatore,Coimbatore,KARUNYA NAGAR COIMBATORE,600081,11.027219,76.974436,Deemed to be University(Pvt),NOT APPLICABLE,Approved,Approved,B+,No,,Tier 3,http://www.karunyasciences.ac.in,info@karunyasciences.ac.in,admissions@karunyasciences.ac.in,placement@karunyasciences.ac.in,+91-80-275-8775,Aeronautical Engineering,M.Tech,12,1636,1998,Rural,Yes,Yes
1-44638691020,1-44638691020,U-0992,KARUNYA INSTITUTE OF TECHNOLOGY AND SCIENCES,Active,Tamil Nadu,Coimbatore,Coimbatore,KARUNYA NAGAR COIMBATORE,600081,11.027219,76.974436,Deemed to be University(Pvt),NOT APPLICABLE,Approved,Approved,B+,No,,Tier 3,http://www.karunyasciences.ac.in,info@karunyasciences.ac.in,admissions@karunyasciences.ac.in,placement@karunyasciences.ac.in,+91-80-275-8775,Robotics,M.Tech,12,1636,1998,Rural,Yes,Yes
1-44638691020,1-44638691020,U-0992,KARUNYA INSTITUTE OF TECHNOLOGY AND SCIENCES,Active,Tamil Nadu,Coimbatore,Coimbatore,KARUNYA NAGAR COIMBATORE,600081,11.027219,76.974436,Deemed to be University(Pvt),NOT APPLICABLE,Approved,Approved,B+,No,,Tier 3,http://www.karunyasciences.ac.in,info@karunyasciences.ac.in,admissions@karunyasciences.ac.in,placement@karunyasciences.ac.in,+91-80-275-8775,Data Science,B.Tech,180,1636,1998,Rural,Yes,Yes
1-44638691020,1-44638691020,U-0992,KARUNYA INSTITUTE OF TECHNOLOGY AND SCIENCES,Active,Tamil Nadu,Coimbatore,Coimbatore,KARUNYA NAGAR COIMBATORE,600081,11.027219,76.974436,Deemed to be University(Pvt),NOT APPLICABLE,Approved,Approved,B+,No,,Tier 3,http://www.karunyasciences.ac.in,info@karunyasciences.ac.in,admissions@karunyasciences.ac.in,placement@karunyasciences.ac.in,+91-80-275-8775,Artificial Intelligence & Machine Learning (AI & ML),B.Tech,180,1636,1998,Rural,Yes,Yes
1-44638691020,1-44638691020,U-0992,KARUNYA INSTITUTE OF TECHNOLOGY AND SCIENCES,Active,Tamil Nadu,Coimbatore,Coimbatore,KARUNYA NAGAR COIMBATORE,600081,11.027219,76.974436,Deemed to be University(Pvt),NOT APPLICABLE,Approved,Approved,B+,No,,Tier 3,http://www.karunyasciences.ac.in,info@karunyasciences.ac.in,admissions@karunyasciences.ac.in,placement@karunyasciences.ac.in,+91-80-275-8775,Electrical & Electronics Engineering (EEE),B.Tech,30,1636,1998,Rural,Yes,Yes
1-44638943547,1-44638943547,U-0992,KARPAGAM ACADEMY OF HIGHER EDUCATION,Active,Tamil Nadu,Coimbatore,Coimbatore,"POLLACHI MAIN ROAD, EACHANARI POST, COIMBATORE",600081,11.014605,76.955083,Deemed to be University(Pvt),NOT APPLICABLE,Approved,Approved,A,No,,Tier 3,http://www.karpagamacademyhigher.ac.in,info@karpagamacademyhigher.ac.in,admissions@karpagamacademyhigher.ac.in,placement@karpagamacademyhigher.ac.in,+91-80-746-8155,Mechanical Engineering,B.Tech,60,1038,1997,Urban,Yes,Yes
1-44638943547,1-44638943547,U-0992,KARPAGAM ACADEMY OF HIGHER EDUCATION,Active,Tamil Nadu,Coimbatore,Coimbatore,"POLLACHI MAIN ROAD, EACHANARI POST, COIMBATORE",600081,11.014605,76.955083,Deemed to be University(Pvt),NOT APPLICABLE,Approved,Approved,A,No,,Tier 3,http://www.karpagamacademyhigher.ac.in,info@karpagamacademyhigher.ac.in,admissions@karpagamacademyhigher.ac.in,placement@karpagamacademyhigher.ac.in,+91-80-746-8155,Civil Engineering,B.Tech,30,1038,1997,Urban,Yes,Yes
1-44638943547,1-44638943547,U-0992,KARPAGAM ACADEMY OF HIGHER EDUCATION,Active,Tamil Nadu,Coimbatore,Coimbatore,"POLLACHI MAIN ROAD, EACHANARI POST, COIMBATORE",600081,11.014605,76.955083,Deemed to be University(Pvt),NOT APPLICABLE,Approved,Approved,A,No,,Tier 3,http://www.karpagamacademyhigher.ac.in,info@karpagamacademyhigher.ac.in,admissions@karpagamacademyhigher.ac.in,placement@karpagamacademyhigher.ac.in,+91-80-746-8155,Electronics & Communication Engineering (ECE),B.Tech,180,1038,1997,Urban,Yes,Yes
1-44638943547,1-44638943547,U-0992,KARPAGAM ACADEMY OF HIGHER EDUCATION,Active,Tamil Nadu,Coimbatore,Coimbatore,"POLLACHI MAIN ROAD, EACHANARI POST, COIMBATORE",600081,11.014605,76.955083,Deemed to be University(Pvt),NOT APPLICABLE,Approved,Approved,A,No,,Tier 3,http://www.karpagamacademyhigher.ac.in,info@karpagamacademyhigher.ac.in,admissions@karpagamacademyhigher.ac.in,placement@karpagamacademyhigher.ac.in,+91-80-746-8155,Other Engineering Branches,B.Tech,120,1038,1997,Urban,Yes,Yes
1-44638943547,1-44638943547,U-0992,KARPAGAM ACADEMY OF HIGHER EDUCATION,Active,Tamil Nadu,Coimbatore,Coimbatore,"POLLACHI MAIN ROAD, EACHANARI POST, COIMBATORE",600081,11.014605,76.955083,Deemed to be University(Pvt),NOT APPLICABLE,Approved,Approved,A,No,,Tier 3,http://www.karpagamacademyhigher.ac.in,info@karpagamacademyhigher.ac.in,admissions@karpagamacademyhigher.ac.in,placement@karpagamacademyhigher.ac.in,+91-80-746-8155,Biotechnology,B.Tech,120,1038,1997,Urban,Yes,Yes
1-44638943547,1-44638943547,U-0992,KARPAGAM ACADEMY OF HIGHER EDUCATION,Active,Tamil Nadu,Coimbatore,Coimbatore,"POLLACHI MAIN ROAD, EACHANARI POST, COIMBATORE",600081,11.014605,76.955083,Deemed to be University(Pvt),NOT APPLICABLE,Approved,Approved,A,No,,Tier 3,http://www.karpagamacademyhigher.ac.in,info@karpagamacademyhigher.ac.in,admissions@karpagamacademyhigher.ac.in,placement@karpagamacademyhigher.ac.in,+91-80-746-8155,Computer Science Engineering (CSE),B.Tech,300,1038,1997,Urban,Yes,Yes
1-44638943547,1-44638943547,U-0992,KARPAGAM ACADEMY OF HIGHER EDUCATION,Active,Tamil Nadu,Coimbatore,Coimbatore,"POLLACHI MAIN ROAD, EACHANARI POST, COIMBATORE",600081,11.014605,76.955083,Deemed to be University(Pvt),NOT APPLICABLE,Approved,Approved,A,No,,Tier 3,http://www.karpagamacademyhigher.ac.in,info@karpagamacademyhigher.ac.in,admissions@karpagamacademyhigher.ac.in,placement@karpagamacademyhigher.ac.in,+91-80-746-8155,Other Engineering Branches,M.Tech,18,1038,1997,Urban,Yes,Yes
1-44638943547,1-44638943547,U-0992,KARPAGAM ACADEMY OF HIGHER EDUCATION,Active,Tamil Nadu,Coimbatore,Coimbatore,"POLLACHI MAIN ROAD, EACHANARI POST, COIMBATORE",600081,11.014605,76.955083,Deemed to be University(Pvt),NOT APPLICABLE,Approved,Approved,A,No,,Tier 3,http://www.karpagamacademyhigher.ac.in,info@karpagamacademyhigher.ac.in,admissions@karpagamacademyhigher.ac.in,placement@karpagamacademyhigher.ac.in,+91-80-746-8155,Electrical & Electronics Engineering (EEE),B.Tech,60,1038,1997,Urban,Yes,Yes
1-44638943547,1-44638943547,U-0992,KARPAGAM ACADEMY OF HIGHER EDUCATION,Active,Tamil Nadu,Coimbatore,Coimbatore,"POLLACHI MAIN ROAD, EACHANARI POST, COIMBATORE",600081,11.014605,76.955083,Deemed to be University(Pvt),NOT APPLICABLE,Approved,Approved,A,No,,Tier 3,http://www.karpagamacademyhigher.ac.in,info@karpagamacademyhigher.ac.in,admissions@karpagamacademyhigher.ac.in,placement@karpagamacademyhigher.ac.in,+91-80-746-8155,Data Science,B.Tech,60,1038,1997,Urban,Yes,Yes
1-44638943547,1-44638943547,U-0992,KARPAGAM ACADEMY OF HIGHER EDUCATION,Active,Tamil Nadu,Coimbatore,Coimbatore,"POLLACHI MAIN ROAD, EACHANARI POST, COIMBATORE",600081,11.014605,76.955083,Deemed to be University(Pvt),NOT APPLICABLE,Approved,Approved,A,No,,Tier 3,http://www.karpagamacademyhigher.ac.in,info@karpagamacademyhigher.ac.in,admissions@karpagamacademyhigher.ac.in,placement@karpagamacademyhigher.ac.in,+91-80-746-8155,Cyber Security,B.Tech,60,1038,1997,Urban,Yes,Yes
1-44638943547,1-44638943547,U-0992,KARPAGAM ACADEMY OF HIGHER EDUCATION,Active,Tamil Nadu,Coimbatore,Coimbatore,"POLLACHI MAIN ROAD, EACHANARI POST, COIMBATORE",600081,11.014605,76.955083,Deemed to be University(Pvt),NOT APPLICABLE,Approved,Approved,A,No,,Tier 3,http://www.karpagamacademyhigher.ac.in,info@karpagamacademyhigher.ac.in,admissions@karpagamacademyhigher.ac.in,placement@karpagamacademyhigher.ac.in,+91-80-746-8155,Computer Science Engineering (CSE),M.Tech,24,1038,1997,Urban,Yes,Yes
1-44638943547,1-44638943547,U-0992,KARPAGAM ACADEMY OF HIGHER EDUCATION,Active,Tamil Nadu,Coimbatore,Coimbatore,"POLLACHI MAIN ROAD, EACHANARI POST, COIMBATORE",600081,11.014605,76.955083,Deemed to be University(Pvt),NOT APPLICABLE,Approved,Approved,A,No,,Tier 3,http://www.karpagamacademyhigher.ac.in,info@karpagamacademyhigher.ac.in,admissions@karpagamacademyhigher.ac.in,placement@karpagamacademyhigher.ac.in,+91-80-746-8155,Robotics,M.Tech,6,1038,1997,Urban,Yes,Yes
1-44639402585,1-44639402585,U-0650,GOVERNMENT POLYTECHNIC COLLEGE,Active,Tamil Nadu,Coimbatore,Coimbatore,"CIVIL AERODROME POST, AVINASHI ROAD",600081,11.007125,76.963292,Government,"Directorate of Technical Education, Chennai",Approved,Approved,B,No,,Tier 3,http://www.inst6916.ac.in,info@inst6916.ac.in,admissions@inst6916.ac.in,placement@inst6916.ac.in,+91-80-433-0671,Mechanical Engineering,Diploma,180,810,2005,Urban,Yes,Yes
1-44639402585,1-44639402585,U-0650,GOVERNMENT POLYTECHNIC COLLEGE,Active,Tamil Nadu,Coimbatore,Coimbatore,"CIVIL AERODROME POST, AVINASHI ROAD",600081,11.007125,76.963292,Government,"Directorate of Technical Education, Chennai",Approved,Approved,B,No,,Tier 3,http://www.inst6916.ac.in,info@inst6916.ac.in,admissions@inst6916.ac.in,placement@inst6916.ac.in,+91-80-433-0671,Electrical & Electronics Engineering (EEE),Diploma,180,810,2005,Urban,Yes,Yes
1-44639402585,1-44639402585,U-0650,GOVERNMENT POLYTECHNIC COLLEGE,Active,Tamil Nadu,Coimbatore,Coimbatore,"CIVIL AERODROME POST, AVINASHI ROAD",600081,11.007125,76.963292,Government,"Directorate of Technical Education, Chennai",Approved,Approved,B,No,,Tier 3,http://www.inst6916.ac.in,info@inst6916.ac.in,admissions@inst6916.ac.in,placement@inst6916.ac.in,+91-80-433-0671,Electronics & Communication Engineering (ECE),Diploma,90,810,2005,Urban,Yes,Yes
1-44639402585,1-44639402585,U-0650,GOVERNMENT POLYTECHNIC COLLEGE,Active,Tamil Nadu,Coimbatore,Coimbatore,"CIVIL AERODROME POST, AVINASHI ROAD",600081,11.007125,76.963292,Government,"Directorate of Technical Education, Chennai",Approved,Approved,B,No,,Tier 3,http://www.inst6916.ac.in,info@inst6916.ac.in,admissions@inst6916.ac.in,placement@inst6916.ac.in,+91-80-433-0671,Other Engineering Branches,Diploma,150,810,2005,Urban,Yes,Yes
1-44639402585,1-44639402585,U-0650,GOVERNMENT POLYTECHNIC COLLEGE,Active,Tamil Nadu,Coimbatore,Coimbatore,"CIVIL AERODROME POST, AVINASHI ROAD",600081,11.007125,76.963292,Government,"Directorate of Technical Education, Chennai",Approved,Approved,B,No,,Tier 3,http://www.inst6916.ac.in,info@inst6916.ac.in,admissions@inst6916.ac.in,placement@inst6916.ac.in,+91-80-433-0671,Computer Science Engineering (CSE),Diploma,60,810,2005,Urban,Yes,Yes
1-44639402585,1-44639402585,U-0650,GOVERNMENT POLYTECHNIC COLLEGE,Active,Tamil Nadu,Coimbatore,Coimbatore,"CIVIL AERODROME POST, AVINASHI ROAD",600081,11.007125,76.963292,Government,"Directorate of Technical Education, Chennai",Approved,Approved,B,No,,Tier 3,http://www.inst6916.ac.in,info@inst6916.ac.in,admissions@inst6916.ac.in,placement@inst6916.ac.in,+91-80-433-0671,Civil Engineering,Diploma,150,810,2005,Urban,Yes,Yes
1-44639403649,1-44639403649,U-0650,P. A. POLYTECHNIC COLLEGE,Active,Tamil Nadu,Coimbatore,Coimbatore,POLLACHI,600081,11.00182,76.942771,Private-Self Financing,"Directorate of Technical Education, Chennai",Approved,Approved,A+,Yes,,Tier 2,http://www.pa.ac.in,info@pa.ac.in,admissions@pa.ac.in,placement@pa.ac.in,+91-80-210-5644,Mechanical Engineering,Diploma,120,390,2021,Rural,No,Yes
1-44639403649,1-44639403649,U-0650,P. A. POLYTECHNIC COLLEGE,Active,Tamil Nadu,Coimbatore,Coimbatore,POLLACHI,600081,11.00182,76.942771,Private-Self Financing,"Directorate of Technical Education, Chennai",Approved,Approved,A+,Yes,,Tier 2,http://www.pa.ac.in,info@pa.ac.in,admissions@pa.ac.in,placement@pa.ac.in,+91-80-210-5644,Computer Science Engineering (CSE),Diploma,60,390,2021,Rural,No,Yes
1-44639403649,1-44639403649,U-0650,P. A. POLYTECHNIC COLLEGE,Active,Tamil Nadu,Coimbatore,Coimbatore,POLLACHI,600081,11.00182,76.942771,Private-Self Financing,"Directorate of Technical Education, Chennai",Approved,Approved,A+,Yes,,Tier 2,http://www.pa.ac.in,info@pa.ac.in,admissions@pa.ac.in,placement@pa.ac.in,+91-80-210-5644,Electronics & Communication Engineering (ECE),Diploma,60,390,2021,Rural,No,Yes
1-44639403649,1-44639403649,U-0650,P. A. POLYTECHNIC COLLEGE,Active,Tamil Nadu,Coimbatore,Coimbatore,POLLACHI,600081,11.00182,76.942771,Private-Self Financing,"Directorate of Technical Education, Chennai",Approved,Approved,A+,Yes,,Tier 2,http://www.pa.ac.in,info@pa.ac.in,admissions@pa.ac.in,placement@pa.ac.in,+91-80-210-5644,Electrical & Electronics Engineering (EEE),Diploma,60,390,2021,Rural,No,Yes
1-44639403649,1-44639403649,U-0650,P. A. POLYTECHNIC COLLEGE,Active,Tamil Nadu,Coimbatore,Coimbatore,POLLACHI,600081,11.00182,76.942771,Private-Self Financing,"Directorate of Technical Education, Chennai",Approved,Approved,A+,Yes,,Tier 2,http://www.pa.ac.in,info@pa.ac.in,admissions@pa.ac.in,placement@pa.ac.in,+91-80-210-5644,Automobile Engineering,Diploma,60,390,2021,Rural,No,Yes
1-44639403649,1-44639403649,U-0650,P. A. POLYTECHNIC COLLEGE,Active,Tamil Nadu,Coimbatore,Coimbatore,POLLACHI,600081,11.00182,76.942771,Private-Self Financing,"Directorate of Technical Education, Chennai",Approved,Approved,A+,Yes,,Tier 2,http://www.pa.ac.in,info@pa.ac.in,admissions@pa.ac.in,placement@pa.ac.in,+91-80-210-5644,Civil Engineering,Diploma,30,390,2021,Rural,No,Yes
1-44639335976,1-44639335976,U-0682,KATHIR COLLEGE OF ENGINEERING,Active,Tamil Nadu,Coimbatore,Coimbatore,"WISDOM TREE, AVINASHI ROAD, NEELAMBUR, COIMBATORE - 641 062",600081,11.024424,76.955993,Private-Self Financing,"Anna University, Chennai",Approved,Approved,Not Accredited,No,,Tier 3,http://www.kathir.ac.in,info@kathir.ac.in,admissions@kathir.ac.in,placement@kathir.ac.in,+91-80-158-6433,Electronics & Communication Engineering (ECE),B.Tech,120,504,2013,Urban,No,Yes
1-44639335976,1-44639335976,U-0682,KATHIR COLLEGE OF ENGINEERING,Active,Tamil Nadu,Coimbatore,Coimbatore,"WISDOM TREE, AVINASHI ROAD, NEELAMBUR, COIMBATORE - 641 062",600081,11.024424,76.955993,Private-Self Financing,"Anna University, Chennai",Approved,Approved,Not Accredited,No,,Tier 3,http://www.kathir.ac.in,info@kathir.ac.in,admissions@kathir.ac.in,placement@kathir.ac.in,+91-80-158-6433,Electrical & Electronics Engineering (EEE),B.Tech,60,504,2013,Urban,No,Yes
1-44639335976,1-44639335976,U-0682,KATHIR COLLEGE OF ENGINEERING,Active,Tamil Nadu,Coimbatore,Coimbatore,"WISDOM TREE, AVINASHI ROAD, NEELAMBUR, COIMBATORE - 641 062",600081,11.024424,76.955993,Private-Self Financing,"Anna University, Chennai",Approved,Approved,Not Accredited,No,,Tier 3,http://www.kathir.ac.in,info@kathir.ac.in,admissions@kathir.ac.in,placement@kathir.ac.in,+91-80-158-6433,Computer Science Engineering (CSE),B.Tech,60,504,2013,Urban,No,Yes
1-44639335976,1-44639335976,U-0682,KATHIR COLLEGE OF ENGINEERING,Active,Tamil Nadu,Coimbatore,Coimbatore,"WISDOM TREE, AVINASHI ROAD, NEELAMBUR, COIMBATORE - 641 062",600081,11.024424,76.955993,Private-Self Financing,"Anna University, Chennai",Approved,Approved,Not Accredited,No,,Tier 3,http://www.kathir.ac.in,info@kathir.ac.in,admissions@kathir.ac.in,placement@kathir.ac.in,+91-80-158-6433,Mechanical Engineering,B.Tech,30,504,2013,Urban,No,Yes
1-44639335976,1-44639335976,U-0682,KATHIR COLLEGE OF ENGINEERING,Active,Tamil Nadu,Coimbatore,Coimbatore,"WISDOM TREE, AVINASHI ROAD, NEELAMBUR, COIMBATORE - 641 062",600081,11.024424,76.955993,Private-Self Financing,"Anna University, Chennai",Approved,Approved,Not Accredited,No,,Tier 3,http://www.kathir.ac.in,info@kathir.ac.in,admissions@kathir.ac.in,placement@kathir.ac.in,+91-80-158-6433,Computer Science Engineering (CSE),M.Tech,6,504,2013,Urban,No,Yes
1-44639335976,1-44639335976,U-0682,KATHIR COLLEGE OF ENGINEERING,Active,Tamil Nadu,Coimbatore,Coimbatore,"WISDOM TREE, AVINASHI ROAD, NEELAMBUR, COIMBATORE - 641 062",600081,11.024424,76.955993,Private-Self Financing,"Anna University, Chennai",Approved,Approved,Not Accredited,No,,Tier 3,http://www.kathir.ac.in,info@kathir.ac.in,admissions@kathir.ac.in,placement@kathir.ac.in,+91-80-158-6433,Other Engineering Branches,M.Tech,18,504,2013,Urban,No,Yes
1-44639335976,1-44639335976,U-0682,KATHIR COLLEGE OF ENGINEERING,Active,Tamil Nadu,Coimbatore,Coimbatore,"WISDOM TREE, AVINASHI ROAD, NEELAMBUR, COIMBATORE - 641 062",600081,11.024424,76.955993,Private-Self Financing,"Anna University, Chennai",Approved,Approved,Not Accredited,No,,Tier 3,http://www.kathir.ac.in,info@kathir.ac.in,admissions@kathir.ac.in,placement@kathir.ac.in,+91-80-158-6433,Data Science,B.Tech,120,504,2013,Urban,No,Yes
1-44639335976,1-44639335976,U-0682,KATHIR COLLEGE OF ENGINEERING,Active,Tamil Nadu,Coimbatore,Coimbatore,"WISDOM TREE, AVINASHI ROAD, NEELAMBUR, COIMBATORE - 641 062",600081,11.024424,76.955993,Private-Self Financing,"Anna University, Chennai",Approved,Approved,Not Accredited,No,,Tier 3,http://www.kathir.ac.in,info@kathir.ac.in,admissions@kathir.ac.in,placement@kathir.ac.in,+91-80-158-6433,Other Engineering Branches,B.Tech,30,504,2013,Urban,No,Yes
1-44639335976,1-44639335976,U-0682,KATHIR COLLEGE OF ENGINEERING,Active,Tamil Nadu,Coimbatore,Coimbatore,"WISDOM TREE, AVINASHI ROAD, NEELAMBUR, COIMBATORE - 641 062",600081,11.024424,76.955993,Private-Self Financing,"Anna University, Chennai",Approved,Approved,Not Accredited,No,,Tier 3,http://www.kathir.ac.in,info@kathir.ac.in,admissions@kathir.ac.in,placement@kathir.ac.in,+91-80-158-6433,Artificial Intelligence & Machine Learning (AI & ML),B.Tech,60,504,2013,Urban,No,Yes
1-44639372667,1-44639372667,U-0682,KARPAGAM COLLEGE OF ENGINEERING,Active,Tamil Nadu,Coimbatore,Coimbatore," SF NO : 758, 759, 760 OTHAKKAL MANDAPAM COIMBATORE - 641 032",600081,11.025353,76.936612,Private-Self Financing,"Anna University, Chennai",Approved,Approved,Not Accredited,No,,Tier 3,http://www.karpagam.ac.in,info@karpagam.ac.in,admissions@karpagam.ac.in,placement@karpagam.ac.in,+91-80-197-5685,Civil Engineering,B.Tech,60,1140,2022,Urban,Yes,Yes
1-44639372667,1-44639372667,U-0682,KARPAGAM COLLEGE OF ENGINEERING,Active,Tamil Nadu,Coimbatore,Coimbatore," SF NO : 758, 759, 760 OTHAKKAL MANDAPAM COIMBATORE - 641 032",600081,11.025353,76.936612,Private-Self Financing,"Anna University, Chennai",Approved,Approved,Not Accredited,No,,Tier 3,http://www.karpagam.ac.in,info@karpagam.ac.in,admissions@karpagam.ac.in,placement@karpagam.ac.in,+91-80-197-5685,Computer Science Engineering (CSE),B.Tech,180,1140,2022,Urban,Yes,Yes
1-44639372667,1-44639372667,U-0682,KARPAGAM COLLEGE OF ENGINEERING,Active,Tamil Nadu,Coimbatore,Coimbatore," SF NO : 758, 759, 760 OTHAKKAL MANDAPAM COIMBATORE - 641 032",600081,11.025353,76.936612,Private-Self Financing,"Anna University, Chennai",Approved,Approved,Not Accredited,No,,Tier 3,http://www.karpagam.ac.in,info@karpagam.ac.in,admissions@karpagam.ac.in,placement@karpagam.ac.in,+91-80-197-5685,Electrical & Electronics Engineering (EEE),B.Tech,120,1140,2022,Urban,Yes,Yes
1-44639372667,1-44639372667,U-0682,KARPAGAM COLLEGE OF ENGINEERING,Active,Tamil Nadu,Coimbatore,Coimbatore," SF NO : 758, 759, 760 OTHAKKAL MANDAPAM COIMBATORE - 641 032",600081,11.025353,76.936612,Private-Self Financing,"Anna University, Chennai",Approved,Approved,Not Accredited,No,,Tier 3,http://www.karpagam.ac.in,info@karpagam.ac.in,admissions@karpagam.ac.in,placement@karpagam.ac.in,+91-80-197-5685,Electronics & Communication Engineering (ECE),B.Tech,180,1140,2022,Urban,Yes,Yes
1-44639372667,1-44639372667,U-0682,KARPAGAM COLLEGE OF ENGINEERING,Active,Tamil Nadu,Coimbatore,Coimbatore," SF NO : 758, 759, 760 OTHAKKAL MANDAPAM COIMBATORE - 641 032",600081,11.025353,76.936612,Private-Self Financing,"Anna University, Chennai",Approved,Approved,Not Accredited,No,,Tier 3,http://www.karpagam.ac.in,info@karpagam.ac.in,admissions@karpagam.ac.in,placement@karpagam.ac.in,+91-80-197-5685,Information Technology (IT),B.Tech,180,1140,2022,Urban,Yes,Yes
1-44639372667,1-44639372667,U-0682,KARPAGAM COLLEGE OF ENGINEERING,Active,Tamil Nadu,Coimbatore,Coimbatore," SF NO : 758, 759, 760 OTHAKKAL MANDAPAM COIMBATORE - 641 032",600081,11.025353,76.936612,Private-Self Financing,"Anna University, Chennai",Approved,Approved,Not Accredited,No,,Tier 3,http://www.karpagam.ac.in,info@karpagam.ac.in,admissions@karpagam.ac.in,placement@karpagam.ac.in,+91-80-197-5685,Mechanical Engineering,B.Tech,120,1140,2022,Urban,Yes,Yes
1-44639372667,1-44639372667,U-0682,KARPAGAM COLLEGE OF ENGINEERING,Active,Tamil Nadu,Coimbatore,Coimbatore," SF NO : 758, 759, 760 OTHAKKAL MANDAPAM COIMBATORE - 641 032",600081,11.025353,76.936612,Private-Self Financing,"Anna University, Chennai",Approved,Approved,Not Accredited,No,,Tier 3,http://www.karpagam.ac.in,info@karpagam.ac.in,admissions@karpagam.ac.in,placement@karpagam.ac.in,+91-80-197-5685,Data Science,B.Tech,180,1140,2022,Urban,Yes,Yes
1-44639372667,1-44639372667,U-0682,KARPAGAM COLLEGE OF ENGINEERING,Active,Tamil Nadu,Coimbatore,Coimbatore," SF NO : 758, 759, 760 OTHAKKAL MANDAPAM COIMBATORE - 641 032",600081,11.025353,76.936612,Private-Self Financing,"Anna University, Chennai",Approved,Approved,Not Accredited,No,,Tier 3,http://www.karpagam.ac.in,info@karpagam.ac.in,admissions@karpagam.ac.in,placement@karpagam.ac.in,+91-80-197-5685,Cyber Security,B.Tech,60,1140,2022,Urban,Yes,Yes
1-44639372667,1-44639372667,U-0682,KARPAGAM COLLEGE OF ENGINEERING,Active,Tamil Nadu,Coimbatore,Coimbatore," SF NO : 758, 759, 760 OTHAKKAL MANDAPAM COIMBATORE - 641 032",600081,11.025353,76.936612,Private-Self Financing,"Anna University, Chennai",Approved,Approved,Not Accredited,No,,Tier 3,http://www.karpagam.ac.in,info@karpagam.ac.in,admissions@karpagam.ac.in,placement@karpagam.ac.in,+91-80-197-5685,Other Engineering Branches,B.Tech,60,1140,2022,Urban,Yes,Yes
1-44639770026,1-44639770026,U-0682,AKSHAYA COLLEGE OF ENGINEERING AND TECHNOLOGY,Active,Tamil Nadu,Coimbatore,Coimbatore,"SF NO.112/1CPT,114/1,115/1,116/2C, BAGAVATHIPALAYAM ROAD, KINATHUKADAVU, COIMBATORE",600081,11.025572,76.936185,Private-Self Financing,"Anna University, Chennai",Approved,Approved,A+,No,,Tier 3,http://www.akshaya.ac.in,info@akshaya.ac.in,admissions@akshaya.ac.in,placement@akshaya.ac.in,+91-80-206-7842,Civil Engineering,B.Tech,30,390,2002,Rural,Yes,Yes
1-44639770026,1-44639770026,U-0682,AKSHAYA COLLEGE OF ENGINEERING AND TECHNOLOGY,Active,Tamil Nadu,Coimbatore,Coimbatore,"SF NO.112/1CPT,114/1,115/1,116/2C, BAGAVATHIPALAYAM ROAD, KINATHUKADAVU, COIMBATORE",600081,11.025572,76.936185,Private-Self Financing,"Anna University, Chennai",Approved,Approved,A+,No,,Tier 3,http://www.akshaya.ac.in,info@akshaya.ac.in,admissions@akshaya.ac.in,placement@akshaya.ac.in,+91-80-206-7842,Mechanical Engineering,B.Tech,60,390,2002,Rural,Yes,Yes
1-44639770026,1-44639770026,U-0682,AKSHAYA COLLEGE OF ENGINEERING AND TECHNOLOGY,Active,Tamil Nadu,Coimbatore,Coimbatore,"SF NO.112/1CPT,114/1,115/1,116/2C, BAGAVATHIPALAYAM ROAD, KINATHUKADAVU, COIMBATORE",600081,11.025572,76.936185,Private-Self Financing,"Anna University, Chennai",Approved,Approved,A+,No,,Tier 3,http://www.akshaya.ac.in,info@akshaya.ac.in,admissions@akshaya.ac.in,placement@akshaya.ac.in,+91-80-206-7842,Electronics & Communication Engineering (ECE),B.Tech,60,390,2002,Rural,Yes,Yes
1-44639770026,1-44639770026,U-0682,AKSHAYA COLLEGE OF ENGINEERING AND TECHNOLOGY,Active,Tamil Nadu,Coimbatore,Coimbatore,"SF NO.112/1CPT,114/1,115/1,116/2C, BAGAVATHIPALAYAM ROAD, KINATHUKADAVU, COIMBATORE",600081,11.025572,76.936185,Private-Self Financing,"Anna University, Chennai",Approved,Approved,A+,No,,Tier 3,http://www.akshaya.ac.in,info@akshaya.ac.in,admissions@akshaya.ac.in,placement@akshaya.ac.in,+91-80-206-7842,Computer Science Engineering (CSE),B.Tech,150,390,2002,Rural,Yes,Yes
1-44639770026,1-44639770026,U-0682,AKSHAYA COLLEGE OF ENGINEERING AND TECHNOLOGY,Active,Tamil Nadu,Coimbatore,Coimbatore,"SF NO.112/1CPT,114/1,115/1,116/2C, BAGAVATHIPALAYAM ROAD, KINATHUKADAVU, COIMBATORE",600081,11.025572,76.936185,Private-Self Financing,"Anna University, Chennai",Approved,Approved,A+,No,,Tier 3,http://www.akshaya.ac.in,info@akshaya.ac.in,admissions@akshaya.ac.in,placement@akshaya.ac.in,+91-80-206-7842,Data Science,B.Tech,60,390,2002,Rural,Yes,Yes
1-44639770026,1-44639770026,U-0682,AKSHAYA COLLEGE OF ENGINEERING AND TECHNOLOGY,Active,Tamil Nadu,Coimbatore,Coimbatore,"SF NO.112/1CPT,114/1,115/1,116/2C, BAGAVATHIPALAYAM ROAD, KINATHUKADAVU, COIMBATORE",600081,11.025572,76.936185,Private-Self Financing,"Anna University, Chennai",Approved,Approved,A+,No,,Tier 3,http://www.akshaya.ac.in,info@akshaya.ac.in,admissions@akshaya.ac.in,placement@akshaya.ac.in,+91-80-206-7842,Electrical & Electronics Engineering (EEE),B.Tech,30,390,2002,Rural,Yes,Yes
1-44639732593,1-44639732593,U-0650,SRI RAMAKRISHNA POLYTECHNIC COLLEGE,Active,Tamil Nadu,Coimbatore,Coimbatore,"VATTAMALAIPALAYAM, N.G.G.O.COLONY(POST), COIMBATORE",600081,10.997135,76.96514,Private-Self Financing,"Directorate of Technical Education, Chennai",Approved,Approved,B+,No,,Tier 3,http://www.sriramakrishna.ac.in,info@sriramakrishna.ac.in,admissions@sriramakrishna.ac.in,placement@sriramakrishna.ac.in,+91-80-014-0731,Automobile Engineering,Diploma,30,360,2014,Rural,Yes,Yes
1-44639732593,1-44639732593,U-0650,SRI RAMAKRISHNA POLYTECHNIC COLLEGE,Active,Tamil Nadu,Coimbatore,Coimbatore,"VATTAMALAIPALAYAM, N.G.G.O.COLONY(POST), COIMBATORE",600081,10.997135,76.96514,Private-Self Financing,"Directorate of Technical Education, Chennai",Approved,Approved,B+,No,,Tier 3,http://www.sriramakrishna.ac.in,info@sriramakrishna.ac.in,admissions@sriramakrishna.ac.in,placement@sriramakrishna.ac.in,+91-80-014-0731,Mechanical Engineering,Diploma,60,360,2014,Rural,Yes,Yes
1-44639732593,1-44639732593,U-0650,SRI RAMAKRISHNA POLYTECHNIC COLLEGE,Active,Tamil Nadu,Coimbatore,Coimbatore,"VATTAMALAIPALAYAM, N.G.G.O.COLONY(POST), COIMBATORE",600081,10.997135,76.96514,Private-Self Financing,"Directorate of Technical Education, Chennai",Approved,Approved,B+,No,,Tier 3,http://www.sriramakrishna.ac.in,info@sriramakrishna.ac.in,admissions@sriramakrishna.ac.in,placement@sriramakrishna.ac.in,+91-80-014-0731,Electrical & Electronics Engineering (EEE),Diploma,60,360,2014,Rural,Yes,Yes
1-44639732593,1-44639732593,U-0650,SRI RAMAKRISHNA POLYTECHNIC COLLEGE,Active,Tamil Nadu,Coimbatore,Coimbatore,"VATTAMALAIPALAYAM, N.G.G.O.COLONY(POST), COIMBATORE",600081,10.997135,76.96514,Private-Self Financing,"Directorate of Technical Education, Chennai",Approved,Approved,B+,No,,Tier 3,http://www.sriramakrishna.ac.in,info@sriramakrishna.ac.in,admissions@sriramakrishna.ac.in,placement@sriramakrishna.ac.in,+91-80-014-0731,Electronics & Communication Engineering (ECE),Diploma,60,360,2014,Rural,Yes,Yes
1-44639732593,1-44639732593,U-0650,SRI RAMAKRISHNA POLYTECHNIC COLLEGE,Active,Tamil Nadu,Coimbatore,Coimbatore,"VATTAMALAIPALAYAM, N.G.G.O.COLONY(POST), COIMBATORE",600081,10.997135,76.96514,Private-Self Financing,"Directorate of Technical Education, Chennai",Approved,Approved,B+,No,,Tier 3,http://www.sriramakrishna.ac.in,info@sriramakrishna.ac.in,admissions@sriramakrishna.ac.in,placement@sriramakrishna.ac.in,+91-80-014-0731,Computer Science Engineering (CSE),Diploma,90,360,2014,Rural,Yes,Yes
1-44639732593,1-44639732593,U-0650,SRI RAMAKRISHNA POLYTECHNIC COLLEGE,Active,Tamil Nadu,Coimbatore,Coimbatore,"VATTAMALAIPALAYAM, N.G.G.O.COLONY(POST), COIMBATORE",600081,10.997135,76.96514,Private-Self Financing,"Directorate of Technical Education, Chennai",Approved,Approved,B+,No,,Tier 3,http://www.sriramakrishna.ac.in,info@sriramakrishna.ac.in,admissions@sriramakrishna.ac.in,placement@sriramakrishna.ac.in,+91-80-014-0731,Civil Engineering,Diploma,30,360,2014,Rural,Yes,Yes
1-44639732593,1-44639732593,U-0650,SRI RAMAKRISHNA POLYTECHNIC COLLEGE,Active,Tamil Nadu,Coimbatore,Coimbatore,"VATTAMALAIPALAYAM, N.G.G.O.COLONY(POST), COIMBATORE",600081,10.997135,76.96514,Private-Self Financing,"Directorate of Technical Education, Chennai",Approved,Approved,B+,No,,Tier 3,http://www.sriramakrishna.ac.in,info@sriramakrishna.ac.in,admissions@sriramakrishna.ac.in,placement@sriramakrishna.ac.in,+91-80-014-0731,Other Engineering Branches,Diploma,30,360,2014,Rural,Yes,Yes
1-44639699388,1-44639699388,U-0650,THIRUVALLUVAR POLYTECHNIC COLLEGE,Active,Tamil Nadu,Coimbatore,Coimbatore,KALIPALAYAM VEERAPANDI(VIA) COIMBATORE.,600081,11.011682,76.955235,Private-Self Financing,"Directorate of Technical Education, Chennai",Approved,Approved,A+,Yes,,Tier 2,http://www.thiruvalluvar.ac.in,info@thiruvalluvar.ac.in,admissions@thiruvalluvar.ac.in,placement@thiruvalluvar.ac.in,+91-80-624-1916,Mechanical Engineering,Diploma,120,360,1998,Rural,Yes,Yes
1-44639699388,1-44639699388,U-0650,THIRUVALLUVAR POLYTECHNIC COLLEGE,Active,Tamil Nadu,Coimbatore,Coimbatore,KALIPALAYAM VEERAPANDI(VIA) COIMBATORE.,600081,11.011682,76.955235,Private-Self Financing,"Directorate of Technical Education, Chennai",Approved,Approved,A+,Yes,,Tier 2,http://www.thiruvalluvar.ac.in,info@thiruvalluvar.ac.in,admissions@thiruvalluvar.ac.in,placement@thiruvalluvar.ac.in,+91-80-624-1916,Automobile Engineering,Diploma,60,360,1998,Rural,Yes,Yes
1-44639699388,1-44639699388,U-0650,THIRUVALLUVAR POLYTECHNIC COLLEGE,Active,Tamil Nadu,Coimbatore,Coimbatore,KALIPALAYAM VEERAPANDI(VIA) COIMBATORE.,600081,11.011682,76.955235,Private-Self Financing,"Directorate of Technical Education, Chennai",Approved,Approved,A+,Yes,,Tier 2,http://www.thiruvalluvar.ac.in,info@thiruvalluvar.ac.in,admissions@thiruvalluvar.ac.in,placement@thiruvalluvar.ac.in,+91-80-624-1916,Electrical & Electronics Engineering (EEE),Diploma,60,360,1998,Rural,Yes,Yes
1-44639699388,1-44639699388,U-0650,THIRUVALLUVAR POLYTECHNIC COLLEGE,Active,Tamil Nadu,Coimbatore,Coimbatore,KALIPALAYAM VEERAPANDI(VIA) COIMBATORE.,600081,11.011682,76.955235,Private-Self Financing,"Directorate of Technical Education, Chennai",Approved,Approved,A+,Yes,,Tier 2,http://www.thiruvalluvar.ac.in,info@thiruvalluvar.ac.in,admissions@thiruvalluvar.ac.in,placement@thiruvalluvar.ac.in,+91-80-624-1916,Electronics & Communication Engineering (ECE),Diploma,30,360,1998,Rural,Yes,Yes
1-44639699388,1-44639699388,U-0650,THIRUVALLUVAR POLYTECHNIC COLLEGE,Active,Tamil Nadu,Coimbatore,Coimbatore,KALIPALAYAM VEERAPANDI(VIA) COIMBATORE.,600081,11.011682,76.955235,Private-Self Financing,"Directorate of Technical Education, Chennai",Approved,Approved,A+,Yes,,Tier 2,http://www.thiruvalluvar.ac.in,info@thiruvalluvar.ac.in,admissions@thiruvalluvar.ac.in,placement@thiruvalluvar.ac.in,+91-80-624-1916,Computer Science Engineering (CSE),Diploma,60,360,1998,Rural,Yes,Yes
1-44639699388,1-44639699388,U-0650,THIRUVALLUVAR POLYTECHNIC COLLEGE,Active,Tamil Nadu,Coimbatore,Coimbatore,KALIPALAYAM VEERAPANDI(VIA) COIMBATORE.,600081,11.011682,76.955235,Private-Self Financing,"Directorate of Technical Education, Chennai",Approved,Approved,A+,Yes,,Tier 2,http://www.thiruvalluvar.ac.in,info@thiruvalluvar.ac.in,admissions@thiruvalluvar.ac.in,placement@thiruvalluvar.ac.in,+91-80-624-1916,Civil Engineering,Diploma,30,360,1998,Rural,Yes,Yes
1-44639596415,1-44639596415,U-0682,RATHINAM TECHNICAL CAMPUS,Active,Tamil Nadu,Coimbatore,Coimbatore,"RATHINAM TECHZONE CAMPUS, POLLACHI ROAD,EACHANARI",600081,11.015765,76.955144,Private-Self Financing,"Anna University, Chennai",Approved,Approved,B+,No,,Tier 3,http://www.rathinamtechnicalcampus.ac.in,info@rathinamtechnicalcampus.ac.in,admissions@rathinamtechnicalcampus.ac.in,placement@rathinamtechnicalcampus.ac.in,+91-80-795-4299,Mechanical Engineering,B.Tech,60,1326,1986,Rural,Yes,Yes
1-44639596415,1-44639596415,U-0682,RATHINAM TECHNICAL CAMPUS,Active,Tamil Nadu,Coimbatore,Coimbatore,"RATHINAM TECHZONE CAMPUS, POLLACHI ROAD,EACHANARI",600081,11.015765,76.955144,Private-Self Financing,"Anna University, Chennai",Approved,Approved,B+,No,,Tier 3,http://www.rathinamtechnicalcampus.ac.in,info@rathinamtechnicalcampus.ac.in,admissions@rathinamtechnicalcampus.ac.in,placement@rathinamtechnicalcampus.ac.in,+91-80-795-4299,Computer Science Engineering (CSE),B.Tech,300,1326,1986,Rural,Yes,Yes
1-44639596415,1-44639596415,U-0682,RATHINAM TECHNICAL CAMPUS,Active,Tamil Nadu,Coimbatore,Coimbatore,"RATHINAM TECHZONE CAMPUS, POLLACHI ROAD,EACHANARI",600081,11.015765,76.955144,Private-Self Financing,"Anna University, Chennai",Approved,Approved,B+,No,,Tier 3,http://www.rathinamtechnicalcampus.ac.in,info@rathinamtechnicalcampus.ac.in,admissions@rathinamtechnicalcampus.ac.in,placement@rathinamtechnicalcampus.ac.in,+91-80-795-4299,Information Technology (IT),B.Tech,120,1326,1986,Rural,Yes,Yes
1-44639596415,1-44639596415,U-0682,RATHINAM TECHNICAL CAMPUS,Active,Tamil Nadu,Coimbatore,Coimbatore,"RATHINAM TECHZONE CAMPUS, POLLACHI ROAD,EACHANARI",600081,11.015765,76.955144,Private-Self Financing,"Anna University, Chennai",Approved,Approved,B+,No,,Tier 3,http://www.rathinamtechnicalcampus.ac.in,info@rathinamtechnicalcampus.ac.in,admissions@rathinamtechnicalcampus.ac.in,placement@rathinamtechnicalcampus.ac.in,+91-80-795-4299,Electronics & Communication Engineering (ECE),B.Tech,180,1326,1986,Rural,Yes,Yes
1-44639596415,1-44639596415,U-0682,RATHINAM TECHNICAL CAMPUS,Active,Tamil Nadu,Coimbatore,Coimbatore,"RATHINAM TECHZONE CAMPUS, POLLACHI ROAD,EACHANARI",600081,11.015765,76.955144,Private-Self Financing,"Anna University, Chennai",Approved,Approved,B+,No,,Tier 3,http://www.rathinamtechnicalcampus.ac.in,info@rathinamtechnicalcampus.ac.in,admissions@rathinamtechnicalcampus.ac.in,placement@rathinamtechnicalcampus.ac.in,+91-80-795-4299,Information Technology (IT),M.Tech,18,1326,1986,Rural,Yes,Yes
1-44639596415,1-44639596415,U-0682,RATHINAM TECHNICAL CAMPUS,Active,Tamil Nadu,Coimbatore,Coimbatore,"RATHINAM TECHZONE CAMPUS, POLLACHI ROAD,EACHANARI",600081,11.015765,76.955144,Private-Self Financing,"Anna University, Chennai",Approved,Approved,B+,No,,Tier 3,http://www.rathinamtechnicalcampus.ac.in,info@rathinamtechnicalcampus.ac.in,admissions@rathinamtechnicalcampus.ac.in,placement@rathinamtechnicalcampus.ac.in,+91-80-795-4299,Data Science,B.Tech,240,1326,1986,Rural,Yes,Yes
1-44639596415,1-44639596415,U-0682,RATHINAM TECHNICAL CAMPUS,Active,Tamil Nadu,Coimbatore,Coimbatore,"RATHINAM TECHZONE CAMPUS, POLLACHI ROAD,EACHANARI",600081,11.015765,76.955144,Private-Self Financing,"Anna University, Chennai",Approved,Approved,B+,No,,Tier 3,http://www.rathinamtechnicalcampus.ac.in,info@rathinamtechnicalcampus.ac.in,admissions@rathinamtechnicalcampus.ac.in,placement@rathinamtechnicalcampus.ac.in,+91-80-795-4299,Biotechnology,B.Tech,60,1326,1986,Rural,Yes,Yes
1-44639596415,1-44639596415,U-0682,RATHINAM TECHNICAL CAMPUS,Active,Tamil Nadu,Coimbatore,Coimbatore,"RATHINAM TECHZONE CAMPUS, POLLACHI ROAD,EACHANARI",600081,11.015765,76.955144,Private-Self Financing,"Anna University, Chennai",Approved,Approved,B+,No,,Tier 3,http://www.rathinamtechnicalcampus.ac.in,info@rathinamtechnicalcampus.ac.in,admissions@rathinamtechnicalcampus.ac.in,placement@rathinamtechnicalcampus.ac.in,+91-80-795-4299,Agricultural Engineering,B.Tech,30,1326,1986,Rural,Yes,Yes
1-44639596415,1-44639596415,U-0682,RATHINAM TECHNICAL CAMPUS,Active,Tamil Nadu,Coimbatore,Coimbatore,"RATHINAM TECHZONE CAMPUS, POLLACHI ROAD,EACHANARI",600081,11.015765,76.955144,Private-Self Financing,"Anna University, Chennai",Approved,Approved,B+,No,,Tier 3,http://www.rathinamtechnicalcampus.ac.in,info@rathinamtechnicalcampus.ac.in,admissions@rathinamtechnicalcampus.ac.in,placement@rathinamtechnicalcampus.ac.in,+91-80-795-4299,Artificial Intelligence & Machine Learning (AI & ML),B.Tech,180,1326,1986,Rural,Yes,Yes
1-44639596415,1-44639596415,U-0682,RATHINAM TECHNICAL CAMPUS,Active,Tamil Nadu,Coimbatore,Coimbatore,"RATHINAM TECHZONE CAMPUS, POLLACHI ROAD,EACHANARI",600081,11.015765,76.955144,Private-Self Financing,"Anna University, Chennai",Approved,Approved,B+,No,,Tier 3,http://www.rathinamtechnicalcampus.ac.in,info@rathinamtechnicalcampus.ac.in,admissions@rathinamtechnicalcampus.ac.in,placement@rathinamtechnicalcampus.ac.in,+91-80-795-4299,Other Engineering Branches,M.Tech,18,1326,1986,Rural,Yes,Yes
1-44639596415,1-44639596415,U-0682,RATHINAM TECHNICAL CAMPUS,Active,Tamil Nadu,Coimbatore,Coimbatore,"RATHINAM TECHZONE CAMPUS, POLLACHI ROAD,EACHANARI",600081,11.015765,76.955144,Private-Self Financing,"Anna University, Chennai",Approved,Approved,B+,No,,Tier 3,http://www.rathinamtechnicalcampus.ac.in,info@rathinamtechnicalcampus.ac.in,admissions@rathinamtechnicalcampus.ac.in,placement@rathinamtechnicalcampus.ac.in,+91-80-795-4299,Cyber Security,B.Tech,120,1326,1986,Rural,Yes,Yes
1-44639703568,1-44639703568,U-0650,SUGUNA POLYHTECHNIC COLLEGE,Active,Tamil Nadu,Coimbatore,Coimbatore,"NEHRU NAGAR, KALAPATTY ROAD, CIVIL AERODROME  PO,",600081,11.016393,76.963689,Private-Self Financing,"Directorate of Technical Education, Chennai",Approved,Approved,B++,No,,Tier 3,http://www.sugunapolyhtechnic.ac.in,info@sugunapolyhtechnic.ac.in,admissions@sugunapolyhtechnic.ac.in,placement@sugunapolyhtechnic.ac.in,+91-80-821-7778,Mechanical Engineering,Diploma,90,360,2008,Urban,Yes,Yes
1-44639703568,1-44639703568,U-0650,SUGUNA POLYHTECHNIC COLLEGE,Active,Tamil Nadu,Coimbatore,Coimbatore,"NEHRU NAGAR, KALAPATTY ROAD, CIVIL AERODROME  PO,",600081,11.016393,76.963689,Private-Self Financing,"Directorate of Technical Education, Chennai",Approved,Approved,B++,No,,Tier 3,http://www.sugunapolyhtechnic.ac.in,info@sugunapolyhtechnic.ac.in,admissions@sugunapolyhtechnic.ac.in,placement@sugunapolyhtechnic.ac.in,+91-80-821-7778,Computer Science Engineering (CSE),Diploma,90,360,2008,Urban,Yes,Yes
1-44639703568,1-44639703568,U-0650,SUGUNA POLYHTECHNIC COLLEGE,Active,Tamil Nadu,Coimbatore,Coimbatore,"NEHRU NAGAR, KALAPATTY ROAD, CIVIL AERODROME  PO,",600081,11.016393,76.963689,Private-Self Financing,"Directorate of Technical Education, Chennai",Approved,Approved,B++,No,,Tier 3,http://www.sugunapolyhtechnic.ac.in,info@sugunapolyhtechnic.ac.in,admissions@sugunapolyhtechnic.ac.in,placement@sugunapolyhtechnic.ac.in,+91-80-821-7778,Automobile Engineering,Diploma,60,360,2008,Urban,Yes,Yes
1-44639703568,1-44639703568,U-0650,SUGUNA POLYHTECHNIC COLLEGE,Active,Tamil Nadu,Coimbatore,Coimbatore,"NEHRU NAGAR, KALAPATTY ROAD, CIVIL AERODROME  PO,",600081,11.016393,76.963689,Private-Self Financing,"Directorate of Technical Education, Chennai",Approved,Approved,B++,No,,Tier 3,http://www.sugunapolyhtechnic.ac.in,info@sugunapolyhtechnic.ac.in,admissions@sugunapolyhtechnic.ac.in,placement@sugunapolyhtechnic.ac.in,+91-80-821-7778,Electrical & Electronics Engineering (EEE),Diploma,30,360,2008,Urban,Yes,Yes
1-44639703568,1-44639703568,U-0650,SUGUNA POLYHTECHNIC COLLEGE,Active,Tamil Nadu,Coimbatore,Coimbatore,"NEHRU NAGAR, KALAPATTY ROAD, CIVIL AERODROME  PO,",600081,11.016393,76.963689,Private-Self Financing,"Directorate of Technical Education, Chennai",Approved,Approved,B++,No,,Tier 3,http://www.sugunapolyhtechnic.ac.in,info@sugunapolyhtechnic.ac.in,admissions@sugunapolyhtechnic.ac.in,placement@sugunapolyhtechnic.ac.in,+91-80-821-7778,Electronics & Communication Engineering (ECE),Diploma,30,360,2008,Urban,Yes,Yes
1-44639703568,1-44639703568,U-0650,SUGUNA POLYHTECHNIC COLLEGE,Active,Tamil Nadu,Coimbatore,Coimbatore,"NEHRU NAGAR, KALAPATTY ROAD, CIVIL AERODROME  PO,",600081,11.016393,76.963689,Private-Self Financing,"Directorate of Technical Education, Chennai",Approved,Approved,B++,No,,Tier 3,http://www.sugunapolyhtechnic.ac.in,info@sugunapolyhtechnic.ac.in,admissions@sugunapolyhtechnic.ac.in,placement@sugunapolyhtechnic.ac.in,+91-80-821-7778,Artificial Intelligence & Machine Learning (AI & ML),Diploma,60,360,2008,Urban,Yes,Yes
1-44639791749,1-44639791749,U-0682,KUMARAGURU COLLEGE OF TECHNOLOGY,Active,Tamil Nadu,Coimbatore,Coimbatore,CHINNAVEDAMPATTI,600081,11.008354,76.97407,Private-Self Financing,"Anna University, Chennai",Approved,Approved,A+,Yes,,Tier 2,http://www.kumaraguru.ac.in,info@kumaraguru.ac.in,admissions@kumaraguru.ac.in,placement@kumaraguru.ac.in,+91-80-484-6324,Other Engineering Branches,M.Tech,108,1722,2002,Rural,Yes,No
1-44639791749,1-44639791749,U-0682,KUMARAGURU COLLEGE OF TECHNOLOGY,Active,Tamil Nadu,Coimbatore,Coimbatore,CHINNAVEDAMPATTI,600081,11.008354,76.97407,Private-Self Financing,"Anna University, Chennai",Approved,Approved,A+,Yes,,Tier 2,http://www.kumaraguru.ac.in,info@kumaraguru.ac.in,admissions@kumaraguru.ac.in,placement@kumaraguru.ac.in,+91-80-484-6324,Other Engineering Branches,B.Tech,129,1722,2002,Rural,Yes,No
1-44639791749,1-44639791749,U-0682,KUMARAGURU COLLEGE OF TECHNOLOGY,Active,Tamil Nadu,Coimbatore,Coimbatore,CHINNAVEDAMPATTI,600081,11.008354,76.97407,Private-Self Financing,"Anna University, Chennai",Approved,Approved,A+,Yes,,Tier 2,http://www.kumaraguru.ac.in,info@kumaraguru.ac.in,admissions@kumaraguru.ac.in,placement@kumaraguru.ac.in,+91-80-484-6324,Information Technology (IT),B.Tech,129,1722,2002,Rural,Yes,No
1-44639791749,1-44639791749,U-0682,KUMARAGURU COLLEGE OF TECHNOLOGY,Active,Tamil Nadu,Coimbatore,Coimbatore,CHINNAVEDAMPATTI,600081,11.008354,76.97407,Private-Self Financing,"Anna University, Chennai",Approved,Approved,A+,Yes,,Tier 2,http://www.kumaraguru.ac.in,info@kumaraguru.ac.in,admissions@kumaraguru.ac.in,placement@kumaraguru.ac.in,+91-80-484-6324,Mechanical Engineering,B.Tech,159,1722,2002,Rural,Yes,No
1-44639791749,1-44639791749,U-0682,KUMARAGURU COLLEGE OF TECHNOLOGY,Active,Tamil Nadu,Coimbatore,Coimbatore,CHINNAVEDAMPATTI,600081,11.008354,76.97407,Private-Self Financing,"Anna University, Chennai",Approved,Approved,A+,Yes,,Tier 2,http://www.kumaraguru.ac.in,info@kumaraguru.ac.in,admissions@kumaraguru.ac.in,placement@kumaraguru.ac.in,+91-80-484-6324,Civil Engineering,B.Tech,90,1722,2002,Rural,Yes,No
1-44639791749,1-44639791749,U-0682,KUMARAGURU COLLEGE OF TECHNOLOGY,Active,Tamil Nadu,Coimbatore,Coimbatore,CHINNAVEDAMPATTI,600081,11.008354,76.97407,Private-Self Financing,"Anna University, Chennai",Approved,Approved,A+,Yes,,Tier 2,http://www.kumaraguru.ac.in,info@kumaraguru.ac.in,admissions@kumaraguru.ac.in,placement@kumaraguru.ac.in,+91-80-484-6324,Electrical & Electronics Engineering (EEE),B.Tech,138,1722,2002,Rural,Yes,No
1-44639791749,1-44639791749,U-0682,KUMARAGURU COLLEGE OF TECHNOLOGY,Active,Tamil Nadu,Coimbatore,Coimbatore,CHINNAVEDAMPATTI,600081,11.008354,76.97407,Private-Self Financing,"Anna University, Chennai",Approved,Approved,A+,Yes,,Tier 2,http://www.kumaraguru.ac.in,info@kumaraguru.ac.in,admissions@kumaraguru.ac.in,placement@kumaraguru.ac.in,+91-80-484-6324,Biotechnology,M.Tech,18,1722,2002,Rural,Yes,No
1-44639791749,1-44639791749,U-0682,KUMARAGURU COLLEGE OF TECHNOLOGY,Active,Tamil Nadu,Coimbatore,Coimbatore,CHINNAVEDAMPATTI,600081,11.008354,76.97407,Private-Self Financing,"Anna University, Chennai",Approved,Approved,A+,Yes,,Tier 2,http://www.kumaraguru.ac.in,info@kumaraguru.ac.in,admissions@kumaraguru.ac.in,placement@kumaraguru.ac.in,+91-80-484-6324,Electronics & Communication Engineering (ECE),B.Tech,207,1722,2002,Rural,Yes,No
1-44639791749,1-44639791749,U-0682,KUMARAGURU COLLEGE OF TECHNOLOGY,Active,Tamil Nadu,Coimbatore,Coimbatore,CHINNAVEDAMPATTI,600081,11.008354,76.97407,Private-Self Financing,"Anna University, Chennai",Approved,Approved,A+,Yes,,Tier 2,http://www.kumaraguru.ac.in,info@kumaraguru.ac.in,admissions@kumaraguru.ac.in,placement@kumaraguru.ac.in,+91-80-484-6324,Computer Science Engineering (CSE),B.Tech,420,1722,2002,Rural,Yes,No
1-44639791749,1-44639791749,U-0682,KUMARAGURU COLLEGE OF TECHNOLOGY,Active,Tamil Nadu,Coimbatore,Coimbatore,CHINNAVEDAMPATTI,600081,11.008354,76.97407,Private-Self Financing,"Anna University, Chennai",Approved,Approved,A+,Yes,,Tier 2,http://www.kumaraguru.ac.in,info@kumaraguru.ac.in,admissions@kumaraguru.ac.in,placement@kumaraguru.ac.in,+91-80-484-6324,Biotechnology,B.Tech,69,1722,2002,Rural,Yes,No
1-44639791749,1-44639791749,U-0682,KUMARAGURU COLLEGE OF TECHNOLOGY,Active,Tamil Nadu,Coimbatore,Coimbatore,CHINNAVEDAMPATTI,600081,11.008354,76.97407,Private-Self Financing,"Anna University, Chennai",Approved,Approved,A+,Yes,,Tier 2,http://www.kumaraguru.ac.in,info@kumaraguru.ac.in,admissions@kumaraguru.ac.in,placement@kumaraguru.ac.in,+91-80-484-6324,Aeronautical Engineering,B.Tech,69,1722,2002,Rural,Yes,No
1-44639791749,1-44639791749,U-0682,KUMARAGURU COLLEGE OF TECHNOLOGY,Active,Tamil Nadu,Coimbatore,Coimbatore,CHINNAVEDAMPATTI,600081,11.008354,76.97407,Private-Self Financing,"Anna University, Chennai",Approved,Approved,A+,Yes,,Tier 2,http://www.kumaraguru.ac.in,info@kumaraguru.ac.in,admissions@kumaraguru.ac.in,placement@kumaraguru.ac.in,+91-80-484-6324,Automobile Engineering,B.Tech,30,1722,2002,Rural,Yes,No
1-44639791749,1-44639791749,U-0682,KUMARAGURU COLLEGE OF TECHNOLOGY,Active,Tamil Nadu,Coimbatore,Coimbatore,CHINNAVEDAMPATTI,600081,11.008354,76.97407,Private-Self Financing,"Anna University, Chennai",Approved,Approved,A+,Yes,,Tier 2,http://www.kumaraguru.ac.in,info@kumaraguru.ac.in,admissions@kumaraguru.ac.in,placement@kumaraguru.ac.in,+91-80-484-6324,Data Science,M.Tech,12,1722,2002,Rural,Yes,No
1-44639791749,1-44639791749,U-0682,KUMARAGURU COLLEGE OF TECHNOLOGY,Active,Tamil Nadu,Coimbatore,Coimbatore,CHINNAVEDAMPATTI,600081,11.008354,76.97407,Private-Self Financing,"Anna University, Chennai",Approved,Approved,A+,Yes,,Tier 2,http://www.kumaraguru.ac.in,info@kumaraguru.ac.in,admissions@kumaraguru.ac.in,placement@kumaraguru.ac.in,+91-80-484-6324,Data Science,B.Tech,120,1722,2002,Rural,Yes,No
1-44639791749,1-44639791749,U-0682,KUMARAGURU COLLEGE OF TECHNOLOGY,Active,Tamil Nadu,Coimbatore,Coimbatore,CHINNAVEDAMPATTI,600081,11.008354,76.97407,Private-Self Financing,"Anna University, Chennai",Approved,Approved,A+,Yes,,Tier 2,http://www.kumaraguru.ac.in,info@kumaraguru.ac.in,admissions@kumaraguru.ac.in,placement@kumaraguru.ac.in,+91-80-484-6324,Cyber Security,M.Tech,12,1722,2002,Rural,Yes,No
1-44639791749,1-44639791749,U-0682,KUMARAGURU COLLEGE OF TECHNOLOGY,Active,Tamil Nadu,Coimbatore,Coimbatore,CHINNAVEDAMPATTI,600081,11.008354,76.97407,Private-Self Financing,"Anna University, Chennai",Approved,Approved,A+,Yes,,Tier 2,http://www.kumaraguru.ac.in,info@kumaraguru.ac.in,admissions@kumaraguru.ac.in,placement@kumaraguru.ac.in,+91-80-484-6324,Robotics,M.Tech,12,1722,2002,Rural,Yes,No
1-44639793586,1-44639793586,U-0682,INFO INSTITUTE OF ENGINEERING,Active,Tamil Nadu,Coimbatore,Coimbatore,"S F NO.194-200, N.H.209, SATHY ROAD, SARAKARSAMAKULAM, KOVILPALAYAM, COIMBATORE-641107.",641107,11.002147,76.954226,Private-Self Financing,"Anna University, Chennai",Approved,Approved,Not Accredited,No,,Tier 3,http://www.info.ac.in,info@info.ac.in,admissions@info.ac.in,placement@info.ac.in,+91-80-224-2677,Electronics & Communication Engineering (ECE),B.Tech,60,387,2011,Urban,No,Yes
1-44639793586,1-44639793586,U-0682,INFO INSTITUTE OF ENGINEERING,Active,Tamil Nadu,Coimbatore,Coimbatore,"S F NO.194-200, N.H.209, SATHY ROAD, SARAKARSAMAKULAM, KOVILPALAYAM, COIMBATORE-641107.",641107,11.002147,76.954226,Private-Self Financing,"Anna University, Chennai",Approved,Approved,Not Accredited,No,,Tier 3,http://www.info.ac.in,info@info.ac.in,admissions@info.ac.in,placement@info.ac.in,+91-80-224-2677,Electrical & Electronics Engineering (EEE),B.Tech,30,387,2011,Urban,No,Yes
1-44639793586,1-44639793586,U-0682,INFO INSTITUTE OF ENGINEERING,Active,Tamil Nadu,Coimbatore,Coimbatore,"S F NO.194-200, N.H.209, SATHY ROAD, SARAKARSAMAKULAM, KOVILPALAYAM, COIMBATORE-641107.",641107,11.002147,76.954226,Private-Self Financing,"Anna University, Chennai",Approved,Approved,Not Accredited,No,,Tier 3,http://www.info.ac.in,info@info.ac.in,admissions@info.ac.in,placement@info.ac.in,+91-80-224-2677,Information Technology (IT),B.Tech,60,387,2011,Urban,No,Yes
1-44639793586,1-44639793586,U-0682,INFO INSTITUTE OF ENGINEERING,Active,Tamil Nadu,Coimbatore,Coimbatore,"S F NO.194-200, N.H.209, SATHY ROAD, SARAKARSAMAKULAM, KOVILPALAYAM, COIMBATORE-641107.",641107,11.002147,76.954226,Private-Self Financing,"Anna University, Chennai",Approved,Approved,Not Accredited,No,,Tier 3,http://www.info.ac.in,info@info.ac.in,admissions@info.ac.in,placement@info.ac.in,+91-80-224-2677,Mechanical Engineering,B.Tech,60,387,2011,Urban,No,Yes
1-44639793586,1-44639793586,U-0682,INFO INSTITUTE OF ENGINEERING,Active,Tamil Nadu,Coimbatore,Coimbatore,"S F NO.194-200, N.H.209, SATHY ROAD, SARAKARSAMAKULAM, KOVILPALAYAM, COIMBATORE-641107.",641107,11.002147,76.954226,Private-Self Financing,"Anna University, Chennai",Approved,Approved,Not Accredited,No,,Tier 3,http://www.info.ac.in,info@info.ac.in,admissions@info.ac.in,placement@info.ac.in,+91-80-224-2677,Computer Science Engineering (CSE),B.Tech,90,387,2011,Urban,No,Yes
1-44639793586,1-44639793586,U-0682,INFO INSTITUTE OF ENGINEERING,Active,Tamil Nadu,Coimbatore,Coimbatore,"S F NO.194-200, N.H.209, SATHY ROAD, SARAKARSAMAKULAM, KOVILPALAYAM, COIMBATORE-641107.",641107,11.002147,76.954226,Private-Self Financing,"Anna University, Chennai",Approved,Approved,Not Accredited,No,,Tier 3,http://www.info.ac.in,info@info.ac.in,admissions@info.ac.in,placement@info.ac.in,+91-80-224-2677,Computer Science Engineering (CSE),M.Tech,18,387,2011,Urban,No,Yes
1-44639793586,1-44639793586,U-0682,INFO INSTITUTE OF ENGINEERING,Active,Tamil Nadu,Coimbatore,Coimbatore,"S F NO.194-200, N.H.209, SATHY ROAD, SARAKARSAMAKULAM, KOVILPALAYAM, COIMBATORE-641107.",641107,11.002147,76.954226,Private-Self Financing,"Anna University, Chennai",Approved,Approved,Not Accredited,No,,Tier 3,http://www.info.ac.in,info@info.ac.in,admissions@info.ac.in,placement@info.ac.in,+91-80-224-2677,Other Engineering Branches,M.Tech,9,387,2011,Urban,No,Yes
1-44639793586,1-44639793586,U-0682,INFO INSTITUTE OF ENGINEERING,Active,Tamil Nadu,Coimbatore,Coimbatore,"S F NO.194-200, N.H.209, SATHY ROAD, SARAKARSAMAKULAM, KOVILPALAYAM, COIMBATORE-641107.",641107,11.002147,76.954226,Private-Self Financing,"Anna University, Chennai",Approved,Approved,Not Accredited,No,,Tier 3,http://www.info.ac.in,info@info.ac.in,admissions@info.ac.in,placement@info.ac.in,+91-80-224-2677,Data Science,B.Tech,60,387,2011,Urban,No,Yes
1-44639663096,1-44639663096,U-0682,JANSONS INSTITUTE OF TECHNOLOGY,Active,Tamil Nadu,Coimbatore,Coimbatore,"SF.NO 443/1,2, 442/1A & 442/1B KARUMATHAMPATTY, COIMBATORE  - 641659",641659,11.019831,76.962268,Private-Self Financing,"Anna University, Chennai",Approved,Approved,A,No,,Tier 3,http://www.jansons.ac.in,info@jansons.ac.in,admissions@jansons.ac.in,placement@jansons.ac.in,+91-80-966-0073,Civil Engineering,B.Tech,30,516,2016,Urban,No,Yes
1-44639663096,1-44639663096,U-0682,JANSONS INSTITUTE OF TECHNOLOGY,Active,Tamil Nadu,Coimbatore,Coimbatore,"SF.NO 443/1,2, 442/1A & 442/1B KARUMATHAMPATTY, COIMBATORE  - 641659",641659,11.019831,76.962268,Private-Self Financing,"Anna University, Chennai",Approved,Approved,A,No,,Tier 3,http://www.jansons.ac.in,info@jansons.ac.in,admissions@jansons.ac.in,placement@jansons.ac.in,+91-80-966-0073,Mechanical Engineering,B.Tech,30,516,2016,Urban,No,Yes
1-44639663096,1-44639663096,U-0682,JANSONS INSTITUTE OF TECHNOLOGY,Active,Tamil Nadu,Coimbatore,Coimbatore,"SF.NO 443/1,2, 442/1A & 442/1B KARUMATHAMPATTY, COIMBATORE  - 641659",641659,11.019831,76.962268,Private-Self Financing,"Anna University, Chennai",Approved,Approved,A,No,,Tier 3,http://www.jansons.ac.in,info@jansons.ac.in,admissions@jansons.ac.in,placement@jansons.ac.in,+91-80-966-0073,Electronics & Communication Engineering (ECE),B.Tech,120,516,2016,Urban,No,Yes
1-44639663096,1-44639663096,U-0682,JANSONS INSTITUTE OF TECHNOLOGY,Active,Tamil Nadu,Coimbatore,Coimbatore,"SF.NO 443/1,2, 442/1A & 442/1B KARUMATHAMPATTY, COIMBATORE  - 641659",641659,11.019831,76.962268,Private-Self Financing,"Anna University, Chennai",Approved,Approved,A,No,,Tier 3,http://www.jansons.ac.in,info@jansons.ac.in,admissions@jansons.ac.in,placement@jansons.ac.in,+91-80-966-0073,Computer Science Engineering (CSE),B.Tech,180,516,2016,Urban,No,Yes
1-44639663096,1-44639663096,U-0682,JANSONS INSTITUTE OF TECHNOLOGY,Active,Tamil Nadu,Coimbatore,Coimbatore,"SF.NO 443/1,2, 442/1A & 442/1B KARUMATHAMPATTY, COIMBATORE  - 641659",641659,11.019831,76.962268,Private-Self Financing,"Anna University, Chennai",Approved,Approved,A,No,,Tier 3,http://www.jansons.ac.in,info@jansons.ac.in,admissions@jansons.ac.in,placement@jansons.ac.in,+91-80-966-0073,Data Science,B.Tech,120,516,2016,Urban,No,Yes
1-44639663096,1-44639663096,U-0682,JANSONS INSTITUTE OF TECHNOLOGY,Active,Tamil Nadu,Coimbatore,Coimbatore,"SF.NO 443/1,2, 442/1A & 442/1B KARUMATHAMPATTY, COIMBATORE  - 641659",641659,11.019831,76.962268,Private-Self Financing,"Anna University, Chennai",Approved,Approved,A,No,,Tier 3,http://www.jansons.ac.in,info@jansons.ac.in,admissions@jansons.ac.in,placement@jansons.ac.in,+91-80-966-0073,Artificial Intelligence & Machine Learning (AI & ML),M.Tech,12,516,2016,Urban,No,Yes
1-44639663096,1-44639663096,U-0682,JANSONS INSTITUTE OF TECHNOLOGY,Active,Tamil Nadu,Coimbatore,Coimbatore,"SF.NO 443/1,2, 442/1A & 442/1B KARUMATHAMPATTY, COIMBATORE  - 641659",641659,11.019831,76.962268,Private-Self Financing,"Anna University, Chennai",Approved,Approved,A,No,,Tier 3,http://www.jansons.ac.in,info@jansons.ac.in,admissions@jansons.ac.in,placement@jansons.ac.in,+91-80-966-0073,Other Engineering Branches,M.Tech,24,516,2016,Urban,No,Yes
1-44639722766,1-44639722766,U-0682,ASIAN COLLEGE OF ENGINEERING AND TECHNOLOGY,Active,Tamil Nadu,Coimbatore,Coimbatore,"294/2, ASIAN COLLEGE ROAD, KONDAYAMPALAYAM, NEAR SARAVANAMPATTI, COIMBATORE - 641 110",600081,11.034968,76.971158,Private-Self Financing,"Anna University, Chennai",Approved,Approved,B,No,,Tier 3,http://www.asian.ac.in,info@asian.ac.in,admissions@asian.ac.in,placement@asian.ac.in,+91-80-600-8930,Mechanical Engineering,B.Tech,30,360,2018,Urban,Yes,Yes
1-44639722766,1-44639722766,U-0682,ASIAN COLLEGE OF ENGINEERING AND TECHNOLOGY,Active,Tamil Nadu,Coimbatore,Coimbatore,"294/2, ASIAN COLLEGE ROAD, KONDAYAMPALAYAM, NEAR SARAVANAMPATTI, COIMBATORE - 641 110",600081,11.034968,76.971158,Private-Self Financing,"Anna University, Chennai",Approved,Approved,B,No,,Tier 3,http://www.asian.ac.in,info@asian.ac.in,admissions@asian.ac.in,placement@asian.ac.in,+91-80-600-8930,Electrical & Electronics Engineering (EEE),B.Tech,30,360,2018,Urban,Yes,Yes
1-44639722766,1-44639722766,U-0682,ASIAN COLLEGE OF ENGINEERING AND TECHNOLOGY,Active,Tamil Nadu,Coimbatore,Coimbatore,"294/2, ASIAN COLLEGE ROAD, KONDAYAMPALAYAM, NEAR SARAVANAMPATTI, COIMBATORE - 641 110",600081,11.034968,76.971158,Private-Self Financing,"Anna University, Chennai",Approved,Approved,B,No,,Tier 3,http://www.asian.ac.in,info@asian.ac.in,admissions@asian.ac.in,placement@asian.ac.in,+91-80-600-8930,Computer Science Engineering (CSE),B.Tech,60,360,2018,Urban,Yes,Yes
1-44639722766,1-44639722766,U-0682,ASIAN COLLEGE OF ENGINEERING AND TECHNOLOGY,Active,Tamil Nadu,Coimbatore,Coimbatore,"294/2, ASIAN COLLEGE ROAD, KONDAYAMPALAYAM, NEAR SARAVANAMPATTI, COIMBATORE - 641 110",600081,11.034968,76.971158,Private-Self Financing,"Anna University, Chennai",Approved,Approved,B,No,,Tier 3,http://www.asian.ac.in,info@asian.ac.in,admissions@asian.ac.in,placement@asian.ac.in,+91-80-600-8930,Other Engineering Branches,B.Tech,60,360,2018,Urban,Yes,Yes
1-44639722766,1-44639722766,U-0682,ASIAN COLLEGE OF ENGINEERING AND TECHNOLOGY,Active,Tamil Nadu,Coimbatore,Coimbatore,"294/2, ASIAN COLLEGE ROAD, KONDAYAMPALAYAM, NEAR SARAVANAMPATTI, COIMBATORE - 641 110",600081,11.034968,76.971158,Private-Self Financing,"Anna University, Chennai",Approved,Approved,B,No,,Tier 3,http://www.asian.ac.in,info@asian.ac.in,admissions@asian.ac.in,placement@asian.ac.in,+91-80-600-8930,Agricultural Engineering,B.Tech,60,360,2018,Urban,Yes,Yes
1-44639722766,1-44639722766,U-0682,ASIAN COLLEGE OF ENGINEERING AND TECHNOLOGY,Active,Tamil Nadu,Coimbatore,Coimbatore,"294/2, ASIAN COLLEGE ROAD, KONDAYAMPALAYAM, NEAR SARAVANAMPATTI, COIMBATORE - 641 110",600081,11.034968,76.971158,Private-Self Financing,"Anna University, Chennai",Approved,Approved,B,No,,Tier 3,http://www.asian.ac.in,info@asian.ac.in,admissions@asian.ac.in,placement@asian.ac.in,+91-80-600-8930,Data Science,B.Tech,60,360,2018,Urban,Yes,Yes
1-44639722766,1-44639722766,U-0682,ASIAN COLLEGE OF ENGINEERING AND TECHNOLOGY,Active,Tamil Nadu,Coimbatore,Coimbatore,"294/2, ASIAN COLLEGE ROAD, KONDAYAMPALAYAM, NEAR SARAVANAMPATTI, COIMBATORE - 641 110",600081,11.034968,76.971158,Private-Self Financing,"Anna University, Chennai",Approved,Approved,B,No,,Tier 3,http://www.asian.ac.in,info@asian.ac.in,admissions@asian.ac.in,placement@asian.ac.in,+91-80-600-8930,Information Technology (IT),B.Tech,60,360,2018,Urban,Yes,Yes
1-44640746387,1-44640746387,U-0650,SANKARA POLYTECHNIC COLLEGE,Active,Tamil Nadu,Coimbatore,Coimbatore,SARAVANAMPATTY COIMBATORE,600081,11.007278,76.952972,Private-Self Financing,"Directorate of Technical Education, Chennai",Approved,Approved,A,No,,Tier 3,http://www.sankara.ac.in,info@sankara.ac.in,admissions@sankara.ac.in,placement@sankara.ac.in,+91-80-439-4861,Mechanical Engineering,Diploma,90,510,2020,Urban,Yes,Yes
1-44640746387,1-44640746387,U-0650,SANKARA POLYTECHNIC COLLEGE,Active,Tamil Nadu,Coimbatore,Coimbatore,SARAVANAMPATTY COIMBATORE,600081,11.007278,76.952972,Private-Self Financing,"Directorate of Technical Education, Chennai",Approved,Approved,A,No,,Tier 3,http://www.sankara.ac.in,info@sankara.ac.in,admissions@sankara.ac.in,placement@sankara.ac.in,+91-80-439-4861,Automobile Engineering,Diploma,60,510,2020,Urban,Yes,Yes
1-44640746387,1-44640746387,U-0650,SANKARA POLYTECHNIC COLLEGE,Active,Tamil Nadu,Coimbatore,Coimbatore,SARAVANAMPATTY COIMBATORE,600081,11.007278,76.952972,Private-Self Financing,"Directorate of Technical Education, Chennai",Approved,Approved,A,No,,Tier 3,http://www.sankara.ac.in,info@sankara.ac.in,admissions@sankara.ac.in,placement@sankara.ac.in,+91-80-439-4861,Electrical & Electronics Engineering (EEE),Diploma,120,510,2020,Urban,Yes,Yes
1-44640746387,1-44640746387,U-0650,SANKARA POLYTECHNIC COLLEGE,Active,Tamil Nadu,Coimbatore,Coimbatore,SARAVANAMPATTY COIMBATORE,600081,11.007278,76.952972,Private-Self Financing,"Directorate of Technical Education, Chennai",Approved,Approved,A,No,,Tier 3,http://www.sankara.ac.in,info@sankara.ac.in,admissions@sankara.ac.in,placement@sankara.ac.in,+91-80-439-4861,Electronics & Communication Engineering (ECE),Diploma,60,510,2020,Urban,Yes,Yes
1-44640746387,1-44640746387,U-0650,SANKARA POLYTECHNIC COLLEGE,Active,Tamil Nadu,Coimbatore,Coimbatore,SARAVANAMPATTY COIMBATORE,600081,11.007278,76.952972,Private-Self Financing,"Directorate of Technical Education, Chennai",Approved,Approved,A,No,,Tier 3,http://www.sankara.ac.in,info@sankara.ac.in,admissions@sankara.ac.in,placement@sankara.ac.in,+91-80-439-4861,Computer Science Engineering (CSE),Diploma,90,510,2020,Urban,Yes,Yes
1-44640746387,1-44640746387,U-0650,SANKARA POLYTECHNIC COLLEGE,Active,Tamil Nadu,Coimbatore,Coimbatore,SARAVANAMPATTY COIMBATORE,600081,11.007278,76.952972,Private-Self Financing,"Directorate of Technical Education, Chennai",Approved,Approved,A,No,,Tier 3,http://www.sankara.ac.in,info@sankara.ac.in,admissions@sankara.ac.in,placement@sankara.ac.in,+91-80-439-4861,Civil Engineering,Diploma,30,510,2020,Urban,Yes,Yes
1-44640746387,1-44640746387,U-0650,SANKARA POLYTECHNIC COLLEGE,Active,Tamil Nadu,Coimbatore,Coimbatore,SARAVANAMPATTY COIMBATORE,600081,11.007278,76.952972,Private-Self Financing,"Directorate of Technical Education, Chennai",Approved,Approved,A,No,,Tier 3,http://www.sankara.ac.in,info@sankara.ac.in,admissions@sankara.ac.in,placement@sankara.ac.in,+91-80-439-4861,Artificial Intelligence & Machine Learning (AI & ML),Diploma,60,510,2020,Urban,Yes,Yes
1-44640840403,1-44640840403,U-0682,PSG INSTITUTE OF TECHNOLOGY AND APPLIED RESEARCH,Active,Tamil Nadu,Coimbatore,Coimbatore,AVINASHI ROAD NEELAMBUR  PIN - 641062,641062,11.018511,76.972456,Private-Self Financing,"Anna University, Chennai",Approved,Approved,A+,No,,Tier 3,http://www.psgappliedresearch.ac.in,info@psgappliedresearch.ac.in,admissions@psgappliedresearch.ac.in,placement@psgappliedresearch.ac.in,+91-80-910-6410,Civil Engineering,B.Tech,60,924,2010,Rural,Yes,Yes
1-44640840403,1-44640840403,U-0682,PSG INSTITUTE OF TECHNOLOGY AND APPLIED RESEARCH,Active,Tamil Nadu,Coimbatore,Coimbatore,AVINASHI ROAD NEELAMBUR  PIN - 641062,641062,11.018511,76.972456,Private-Self Financing,"Anna University, Chennai",Approved,Approved,A+,No,,Tier 3,http://www.psgappliedresearch.ac.in,info@psgappliedresearch.ac.in,admissions@psgappliedresearch.ac.in,placement@psgappliedresearch.ac.in,+91-80-910-6410,Mechanical Engineering,B.Tech,120,924,2010,Rural,Yes,Yes
1-44640840403,1-44640840403,U-0682,PSG INSTITUTE OF TECHNOLOGY AND APPLIED RESEARCH,Active,Tamil Nadu,Coimbatore,Coimbatore,AVINASHI ROAD NEELAMBUR  PIN - 641062,641062,11.018511,76.972456,Private-Self Financing,"Anna University, Chennai",Approved,Approved,A+,No,,Tier 3,http://www.psgappliedresearch.ac.in,info@psgappliedresearch.ac.in,admissions@psgappliedresearch.ac.in,placement@psgappliedresearch.ac.in,+91-80-910-6410,Electrical & Electronics Engineering (EEE),B.Tech,120,924,2010,Rural,Yes,Yes
1-44640840403,1-44640840403,U-0682,PSG INSTITUTE OF TECHNOLOGY AND APPLIED RESEARCH,Active,Tamil Nadu,Coimbatore,Coimbatore,AVINASHI ROAD NEELAMBUR  PIN - 641062,641062,11.018511,76.972456,Private-Self Financing,"Anna University, Chennai",Approved,Approved,A+,No,,Tier 3,http://www.psgappliedresearch.ac.in,info@psgappliedresearch.ac.in,admissions@psgappliedresearch.ac.in,placement@psgappliedresearch.ac.in,+91-80-910-6410,Electronics & Communication Engineering (ECE),B.Tech,120,924,2010,Rural,Yes,Yes
1-44640840403,1-44640840403,U-0682,PSG INSTITUTE OF TECHNOLOGY AND APPLIED RESEARCH,Active,Tamil Nadu,Coimbatore,Coimbatore,AVINASHI ROAD NEELAMBUR  PIN - 641062,641062,11.018511,76.972456,Private-Self Financing,"Anna University, Chennai",Approved,Approved,A+,No,,Tier 3,http://www.psgappliedresearch.ac.in,info@psgappliedresearch.ac.in,admissions@psgappliedresearch.ac.in,placement@psgappliedresearch.ac.in,+91-80-910-6410,Computer Science Engineering (CSE),B.Tech,240,924,2010,Rural,Yes,Yes
1-44640840403,1-44640840403,U-0682,PSG INSTITUTE OF TECHNOLOGY AND APPLIED RESEARCH,Active,Tamil Nadu,Coimbatore,Coimbatore,AVINASHI ROAD NEELAMBUR  PIN - 641062,641062,11.018511,76.972456,Private-Self Financing,"Anna University, Chennai",Approved,Approved,A+,No,,Tier 3,http://www.psgappliedresearch.ac.in,info@psgappliedresearch.ac.in,admissions@psgappliedresearch.ac.in,placement@psgappliedresearch.ac.in,+91-80-910-6410,Other Engineering Branches,M.Tech,24,924,2010,Rural,Yes,Yes
1-44640840403,1-44640840403,U-0682,PSG INSTITUTE OF TECHNOLOGY AND APPLIED RESEARCH,Active,Tamil Nadu,Coimbatore,Coimbatore,AVINASHI ROAD NEELAMBUR  PIN - 641062,641062,11.018511,76.972456,Private-Self Financing,"Anna University, Chennai",Approved,Approved,A+,No,,Tier 3,http://www.psgappliedresearch.ac.in,info@psgappliedresearch.ac.in,admissions@psgappliedresearch.ac.in,placement@psgappliedresearch.ac.in,+91-80-910-6410,Data Science,B.Tech,120,924,2010,Rural,Yes,Yes
1-44640840403,1-44640840403,U-0682,PSG INSTITUTE OF TECHNOLOGY AND APPLIED RESEARCH,Active,Tamil Nadu,Coimbatore,Coimbatore,AVINASHI ROAD NEELAMBUR  PIN - 641062,641062,11.018511,76.972456,Private-Self Financing,"Anna University, Chennai",Approved,Approved,A+,No,,Tier 3,http://www.psgappliedresearch.ac.in,info@psgappliedresearch.ac.in,admissions@psgappliedresearch.ac.in,placement@psgappliedresearch.ac.in,+91-80-910-6410,Other Engineering Branches,B.Tech,120,924,2010,Rural,Yes,Yes
1-44640539943,1-44640539943,U-0682,POLLACHI INSTITUTE OF ENGINEERING AND TECHNOLOGY,Active,Tamil Nadu,Coimbatore,Coimbatore,"S.F.NO:107/1, POOSARIPATTI VILLAGE POLLACHI TO DHARAPURAM ROAD, POOSARIPATTI(POST) POLLACHI 642205",642205,11.006623,76.962326,Private-Self Financing,"Anna University, Chennai",Approved,Approved,Not Accredited,No,,Tier 3,http://www.pollachi.ac.in,info@pollachi.ac.in,admissions@pollachi.ac.in,placement@pollachi.ac.in,+91-80-411-9977,Mechanical Engineering,B.Tech,60,360,1996,Urban,Yes,Yes
1-44640539943,1-44640539943,U-0682,POLLACHI INSTITUTE OF ENGINEERING AND TECHNOLOGY,Active,Tamil Nadu,Coimbatore,Coimbatore,"S.F.NO:107/1, POOSARIPATTI VILLAGE POLLACHI TO DHARAPURAM ROAD, POOSARIPATTI(POST) POLLACHI 642205",642205,11.006623,76.962326,Private-Self Financing,"Anna University, Chennai",Approved,Approved,Not Accredited,No,,Tier 3,http://www.pollachi.ac.in,info@pollachi.ac.in,admissions@pollachi.ac.in,placement@pollachi.ac.in,+91-80-411-9977,Civil Engineering,B.Tech,30,360,1996,Urban,Yes,Yes
1-44640539943,1-44640539943,U-0682,POLLACHI INSTITUTE OF ENGINEERING AND TECHNOLOGY,Active,Tamil Nadu,Coimbatore,Coimbatore,"S.F.NO:107/1, POOSARIPATTI VILLAGE POLLACHI TO DHARAPURAM ROAD, POOSARIPATTI(POST) POLLACHI 642205",642205,11.006623,76.962326,Private-Self Financing,"Anna University, Chennai",Approved,Approved,Not Accredited,No,,Tier 3,http://www.pollachi.ac.in,info@pollachi.ac.in,admissions@pollachi.ac.in,placement@pollachi.ac.in,+91-80-411-9977,Electrical & Electronics Engineering (EEE),B.Tech,30,360,1996,Urban,Yes,Yes
1-44640539943,1-44640539943,U-0682,POLLACHI INSTITUTE OF ENGINEERING AND TECHNOLOGY,Active,Tamil Nadu,Coimbatore,Coimbatore,"S.F.NO:107/1, POOSARIPATTI VILLAGE POLLACHI TO DHARAPURAM ROAD, POOSARIPATTI(POST) POLLACHI 642205",642205,11.006623,76.962326,Private-Self Financing,"Anna University, Chennai",Approved,Approved,Not Accredited,No,,Tier 3,http://www.pollachi.ac.in,info@pollachi.ac.in,admissions@pollachi.ac.in,placement@pollachi.ac.in,+91-80-411-9977,Computer Science Engineering (CSE),B.Tech,60,360,1996,Urban,Yes,Yes
1-44640539943,1-44640539943,U-0682,POLLACHI INSTITUTE OF ENGINEERING AND TECHNOLOGY,Active,Tamil Nadu,Coimbatore,Coimbatore,"S.F.NO:107/1, POOSARIPATTI VILLAGE POLLACHI TO DHARAPURAM ROAD, POOSARIPATTI(POST) POLLACHI 642205",642205,11.006623,76.962326,Private-Self Financing,"Anna University, Chennai",Approved,Approved,Not Accredited,No,,Tier 3,http://www.pollachi.ac.in,info@pollachi.ac.in,admissions@pollachi.ac.in,placement@pollachi.ac.in,+91-80-411-9977,Electronics & Communication Engineering (ECE),B.Tech,60,360,1996,Urban,Yes,Yes
1-44640539943,1-44640539943,U-0682,POLLACHI INSTITUTE OF ENGINEERING AND TECHNOLOGY,Active,Tamil Nadu,Coimbatore,Coimbatore,"S.F.NO:107/1, POOSARIPATTI VILLAGE POLLACHI TO DHARAPURAM ROAD, POOSARIPATTI(POST) POLLACHI 642205",642205,11.006623,76.962326,Private-Self Financing,"Anna University, Chennai",Approved,Approved,Not Accredited,No,,Tier 3,http://www.pollachi.ac.in,info@pollachi.ac.in,admissions@pollachi.ac.in,placement@pollachi.ac.in,+91-80-411-9977,Data Science,B.Tech,60,360,1996,Urban,Yes,Yes
1-44640539943,1-44640539943,U-0682,POLLACHI INSTITUTE OF ENGINEERING AND TECHNOLOGY,Active,Tamil Nadu,Coimbatore,Coimbatore,"S.F.NO:107/1, POOSARIPATTI VILLAGE POLLACHI TO DHARAPURAM ROAD, POOSARIPATTI(POST) POLLACHI 642205",642205,11.006623,76.962326,Private-Self Financing,"Anna University, Chennai",Approved,Approved,Not Accredited,No,,Tier 3,http://www.pollachi.ac.in,info@pollachi.ac.in,admissions@pollachi.ac.in,placement@pollachi.ac.in,+91-80-411-9977,Information Technology (IT),B.Tech,60,360,1996,Urban,Yes,Yes
1-44640291410,1-44640291410,U-0650,SRI KRISHNA POLYTECHNIC COLLEGE,Active,Tamil Nadu,Coimbatore,Coimbatore,KOVAIPUDUR,600081,11.00651,76.938629,Govt aided,"Directorate of Technical Education, Chennai",Approved,Approved,B,No,,Tier 3,http://www.srikrishna.ac.in,info@srikrishna.ac.in,admissions@srikrishna.ac.in,placement@srikrishna.ac.in,+91-80-407-2466,Civil Engineering,Diploma,60,360,1985,Urban,Yes,Yes
1-44640291410,1-44640291410,U-0650,SRI KRISHNA POLYTECHNIC COLLEGE,Active,Tamil Nadu,Coimbatore,Coimbatore,KOVAIPUDUR,600081,11.00651,76.938629,Govt aided,"Directorate of Technical Education, Chennai",Approved,Approved,B,No,,Tier 3,http://www.srikrishna.ac.in,info@srikrishna.ac.in,admissions@srikrishna.ac.in,placement@srikrishna.ac.in,+91-80-407-2466,Mechanical Engineering,Diploma,60,360,1985,Urban,Yes,Yes
1-44640291410,1-44640291410,U-0650,SRI KRISHNA POLYTECHNIC COLLEGE,Active,Tamil Nadu,Coimbatore,Coimbatore,KOVAIPUDUR,600081,11.00651,76.938629,Govt aided,"Directorate of Technical Education, Chennai",Approved,Approved,B,No,,Tier 3,http://www.srikrishna.ac.in,info@srikrishna.ac.in,admissions@srikrishna.ac.in,placement@srikrishna.ac.in,+91-80-407-2466,Other Engineering Branches,Diploma,60,360,1985,Urban,Yes,Yes
1-44640291410,1-44640291410,U-0650,SRI KRISHNA POLYTECHNIC COLLEGE,Active,Tamil Nadu,Coimbatore,Coimbatore,KOVAIPUDUR,600081,11.00651,76.938629,Govt aided,"Directorate of Technical Education, Chennai",Approved,Approved,B,No,,Tier 3,http://www.srikrishna.ac.in,info@srikrishna.ac.in,admissions@srikrishna.ac.in,placement@srikrishna.ac.in,+91-80-407-2466,Computer Science Engineering (CSE),Diploma,60,360,1985,Urban,Yes,Yes
1-44640291410,1-44640291410,U-0650,SRI KRISHNA POLYTECHNIC COLLEGE,Active,Tamil Nadu,Coimbatore,Coimbatore,KOVAIPUDUR,600081,11.00651,76.938629,Govt aided,"Directorate of Technical Education, Chennai",Approved,Approved,B,No,,Tier 3,http://www.srikrishna.ac.in,info@srikrishna.ac.in,admissions@srikrishna.ac.in,placement@srikrishna.ac.in,+91-80-407-2466,Automobile Engineering,Diploma,60,360,1985,Urban,Yes,Yes
1-44640291410,1-44640291410,U-0650,SRI KRISHNA POLYTECHNIC COLLEGE,Active,Tamil Nadu,Coimbatore,Coimbatore,KOVAIPUDUR,600081,11.00651,76.938629,Govt aided,"Directorate of Technical Education, Chennai",Approved,Approved,B,No,,Tier 3,http://www.srikrishna.ac.in,info@srikrishna.ac.in,admissions@srikrishna.ac.in,placement@srikrishna.ac.in,+91-80-407-2466,Artificial Intelligence & Machine Learning (AI & ML),Diploma,60,360,1985,Urban,Yes,Yes
1-44640291978,1-44640291978,U-0294,CHRIST THE KING POLYTECHNIC COLLEGE,Active,Tamil Nadu,Coimbatore,Coimbatore,"CHRIST THE KING POLYTECHNIC COLLEGE, OTHAKKALMANDAPAM, COIMBATORE - 32",600081,11.013348,76.944719,Private-Self Financing,Directorate of Technical Education,Approved,Approved,Not Accredited,No,,Tier 3,http://www.christtheking.ac.in,info@christtheking.ac.in,admissions@christtheking.ac.in,placement@christtheking.ac.in,+91-80-694-0729,Civil Engineering,Diploma,30,360,1997,Urban,No,Yes
1-44640291978,1-44640291978,U-0294,CHRIST THE KING POLYTECHNIC COLLEGE,Active,Tamil Nadu,Coimbatore,Coimbatore,"CHRIST THE KING POLYTECHNIC COLLEGE, OTHAKKALMANDAPAM, COIMBATORE - 32",600081,11.013348,76.944719,Private-Self Financing,Directorate of Technical Education,Approved,Approved,Not Accredited,No,,Tier 3,http://www.christtheking.ac.in,info@christtheking.ac.in,admissions@christtheking.ac.in,placement@christtheking.ac.in,+91-80-694-0729,Mechanical Engineering,Diploma,120,360,1997,Urban,No,Yes
1-44640291978,1-44640291978,U-0294,CHRIST THE KING POLYTECHNIC COLLEGE,Active,Tamil Nadu,Coimbatore,Coimbatore,"CHRIST THE KING POLYTECHNIC COLLEGE, OTHAKKALMANDAPAM, COIMBATORE - 32",600081,11.013348,76.944719,Private-Self Financing,Directorate of Technical Education,Approved,Approved,Not Accredited,No,,Tier 3,http://www.christtheking.ac.in,info@christtheking.ac.in,admissions@christtheking.ac.in,placement@christtheking.ac.in,+91-80-694-0729,Automobile Engineering,Diploma,30,360,1997,Urban,No,Yes
1-44640291978,1-44640291978,U-0294,CHRIST THE KING POLYTECHNIC COLLEGE,Active,Tamil Nadu,Coimbatore,Coimbatore,"CHRIST THE KING POLYTECHNIC COLLEGE, OTHAKKALMANDAPAM, COIMBATORE - 32",600081,11.013348,76.944719,Private-Self Financing,Directorate of Technical Education,Approved,Approved,Not Accredited,No,,Tier 3,http://www.christtheking.ac.in,info@christtheking.ac.in,admissions@christtheking.ac.in,placement@christtheking.ac.in,+91-80-694-0729,Electrical & Electronics Engineering (EEE),Diploma,30,360,1997,Urban,No,Yes
1-44640291978,1-44640291978,U-0294,CHRIST THE KING POLYTECHNIC COLLEGE,Active,Tamil Nadu,Coimbatore,Coimbatore,"CHRIST THE KING POLYTECHNIC COLLEGE, OTHAKKALMANDAPAM, COIMBATORE - 32",600081,11.013348,76.944719,Private-Self Financing,Directorate of Technical Education,Approved,Approved,Not Accredited,No,,Tier 3,http://www.christtheking.ac.in,info@christtheking.ac.in,admissions@christtheking.ac.in,placement@christtheking.ac.in,+91-80-694-0729,Electronics & Communication Engineering (ECE),Diploma,30,360,1997,Urban,No,Yes
1-44640291978,1-44640291978,U-0294,CHRIST THE KING POLYTECHNIC COLLEGE,Active,Tamil Nadu,Coimbatore,Coimbatore,"CHRIST THE KING POLYTECHNIC COLLEGE, OTHAKKALMANDAPAM, COIMBATORE - 32",600081,11.013348,76.944719,Private-Self Financing,Directorate of Technical Education,Approved,Approved,Not Accredited,No,,Tier 3,http://www.christtheking.ac.in,info@christtheking.ac.in,admissions@christtheking.ac.in,placement@christtheking.ac.in,+91-80-694-0729,Computer Science Engineering (CSE),Diploma,60,360,1997,Urban,No,Yes
1-44640291978,1-44640291978,U-0294,CHRIST THE KING POLYTECHNIC COLLEGE,Active,Tamil Nadu,Coimbatore,Coimbatore,"CHRIST THE KING POLYTECHNIC COLLEGE, OTHAKKALMANDAPAM, COIMBATORE - 32",600081,11.013348,76.944719,Private-Self Financing,Directorate of Technical Education,Approved,Approved,Not Accredited,No,,Tier 3,http://www.christtheking.ac.in,info@christtheking.ac.in,admissions@christtheking.ac.in,placement@christtheking.ac.in,+91-80-694-0729,Artificial Intelligence & Machine Learning (AI & ML),Diploma,60,360,1997,Urban,No,Yes
1-44640383563,1-44640383563,U-0650,SRI RANGANATHAR INSTITUTE OF POLYTECHNIC COLLEGE,Active,Tamil Nadu,Coimbatore,Coimbatore,"D.NO 1/104A, ATHIPALAYAM VILLAGE, THUDIYALUR - KOVILPALAYAM ROAD, COIMBATORE 641110",641110,11.018293,76.964602,Private-Self Financing,"Directorate of Technical Education, Chennai",Approved,Approved,B++,Yes,,Tier 3,http://www.sriranganathar.ac.in,info@sriranganathar.ac.in,admissions@sriranganathar.ac.in,placement@sriranganathar.ac.in,+91-80-901-4712,Civil Engineering,Diploma,30,390,1987,Urban,Yes,Yes
1-44640383563,1-44640383563,U-0650,SRI RANGANATHAR INSTITUTE OF POLYTECHNIC COLLEGE,Active,Tamil Nadu,Coimbatore,Coimbatore,"D.NO 1/104A, ATHIPALAYAM VILLAGE, THUDIYALUR - KOVILPALAYAM ROAD, COIMBATORE 641110",641110,11.018293,76.964602,Private-Self Financing,"Directorate of Technical Education, Chennai",Approved,Approved,B++,Yes,,Tier 3,http://www.sriranganathar.ac.in,info@sriranganathar.ac.in,admissions@sriranganathar.ac.in,placement@sriranganathar.ac.in,+91-80-901-4712,Mechanical Engineering,Diploma,120,390,1987,Urban,Yes,Yes
1-44640383563,1-44640383563,U-0650,SRI RANGANATHAR INSTITUTE OF POLYTECHNIC COLLEGE,Active,Tamil Nadu,Coimbatore,Coimbatore,"D.NO 1/104A, ATHIPALAYAM VILLAGE, THUDIYALUR - KOVILPALAYAM ROAD, COIMBATORE 641110",641110,11.018293,76.964602,Private-Self Financing,"Directorate of Technical Education, Chennai",Approved,Approved,B++,Yes,,Tier 3,http://www.sriranganathar.ac.in,info@sriranganathar.ac.in,admissions@sriranganathar.ac.in,placement@sriranganathar.ac.in,+91-80-901-4712,Electrical & Electronics Engineering (EEE),Diploma,60,390,1987,Urban,Yes,Yes
1-44640383563,1-44640383563,U-0650,SRI RANGANATHAR INSTITUTE OF POLYTECHNIC COLLEGE,Active,Tamil Nadu,Coimbatore,Coimbatore,"D.NO 1/104A, ATHIPALAYAM VILLAGE, THUDIYALUR - KOVILPALAYAM ROAD, COIMBATORE 641110",641110,11.018293,76.964602,Private-Self Financing,"Directorate of Technical Education, Chennai",Approved,Approved,B++,Yes,,Tier 3,http://www.sriranganathar.ac.in,info@sriranganathar.ac.in,admissions@sriranganathar.ac.in,placement@sriranganathar.ac.in,+91-80-901-4712,Electronics & Communication Engineering (ECE),Diploma,60,390,1987,Urban,Yes,Yes
1-44640383563,1-44640383563,U-0650,SRI RANGANATHAR INSTITUTE OF POLYTECHNIC COLLEGE,Active,Tamil Nadu,Coimbatore,Coimbatore,"D.NO 1/104A, ATHIPALAYAM VILLAGE, THUDIYALUR - KOVILPALAYAM ROAD, COIMBATORE 641110",641110,11.018293,76.964602,Private-Self Financing,"Directorate of Technical Education, Chennai",Approved,Approved,B++,Yes,,Tier 3,http://www.sriranganathar.ac.in,info@sriranganathar.ac.in,admissions@sriranganathar.ac.in,placement@sriranganathar.ac.in,+91-80-901-4712,Computer Science Engineering (CSE),Diploma,60,390,1987,Urban,Yes,Yes
1-44640383563,1-44640383563,U-0650,SRI RANGANATHAR INSTITUTE OF POLYTECHNIC COLLEGE,Active,Tamil Nadu,Coimbatore,Coimbatore,"D.NO 1/104A, ATHIPALAYAM VILLAGE, THUDIYALUR - KOVILPALAYAM ROAD, COIMBATORE 641110",641110,11.018293,76.964602,Private-Self Financing,"Directorate of Technical Education, Chennai",Approved,Approved,B++,Yes,,Tier 3,http://www.sriranganathar.ac.in,info@sriranganathar.ac.in,admissions@sriranganathar.ac.in,placement@sriranganathar.ac.in,+91-80-901-4712,Automobile Engineering,Diploma,60,390,1987,Urban,Yes,Yes
1-44640760415,1-44640760415,U-0650,CIT SANDWICH POLYTECHNIC COLLEGE,Active,Tamil Nadu,Coimbatore,Coimbatore,"AVANASHI ROAD, CIVIL AERODROME (POST) COIMBATORE",600081,11.007653,76.947169,Govt aided,"Directorate of Technical Education, Chennai",Approved,Approved,A+,Yes,,Tier 2,http://www.citsandwich.ac.in,info@citsandwich.ac.in,admissions@citsandwich.ac.in,placement@citsandwich.ac.in,+91-80-455-2264,Mechanical Engineering,Diploma,100,300,2016,Rural,Yes,Yes
1-44640760415,1-44640760415,U-0650,CIT SANDWICH POLYTECHNIC COLLEGE,Active,Tamil Nadu,Coimbatore,Coimbatore,"AVANASHI ROAD, CIVIL AERODROME (POST) COIMBATORE",600081,11.007653,76.947169,Govt aided,"Directorate of Technical Education, Chennai",Approved,Approved,A+,Yes,,Tier 2,http://www.citsandwich.ac.in,info@citsandwich.ac.in,admissions@citsandwich.ac.in,placement@citsandwich.ac.in,+91-80-455-2264,Other Engineering Branches,Diploma,40,300,2016,Rural,Yes,Yes
1-44640760415,1-44640760415,U-0650,CIT SANDWICH POLYTECHNIC COLLEGE,Active,Tamil Nadu,Coimbatore,Coimbatore,"AVANASHI ROAD, CIVIL AERODROME (POST) COIMBATORE",600081,11.007653,76.947169,Govt aided,"Directorate of Technical Education, Chennai",Approved,Approved,A+,Yes,,Tier 2,http://www.citsandwich.ac.in,info@citsandwich.ac.in,admissions@citsandwich.ac.in,placement@citsandwich.ac.in,+91-80-455-2264,Computer Science Engineering (CSE),Diploma,60,300,2016,Rural,Yes,Yes
1-44640760415,1-44640760415,U-0650,CIT SANDWICH POLYTECHNIC COLLEGE,Active,Tamil Nadu,Coimbatore,Coimbatore,"AVANASHI ROAD, CIVIL AERODROME (POST) COIMBATORE",600081,11.007653,76.947169,Govt aided,"Directorate of Technical Education, Chennai",Approved,Approved,A+,Yes,,Tier 2,http://www.citsandwich.ac.in,info@citsandwich.ac.in,admissions@citsandwich.ac.in,placement@citsandwich.ac.in,+91-80-455-2264,Electronics & Communication Engineering (ECE),Diploma,60,300,2016,Rural,Yes,Yes
1-44640760415,1-44640760415,U-0650,CIT SANDWICH POLYTECHNIC COLLEGE,Active,Tamil Nadu,Coimbatore,Coimbatore,"AVANASHI ROAD, CIVIL AERODROME (POST) COIMBATORE",600081,11.007653,76.947169,Govt aided,"Directorate of Technical Education, Chennai",Approved,Approved,A+,Yes,,Tier 2,http://www.citsandwich.ac.in,info@citsandwich.ac.in,admissions@citsandwich.ac.in,placement@citsandwich.ac.in,+91-80-455-2264,Automobile Engineering,Diploma,40,300,2016,Rural,Yes,Yes
1-44640302949,1-44640302949,U-0650,RVS POLYTECHNIC COLLEGE,Active,Tamil Nadu,Coimbatore,Coimbatore,KUMARAN KOTTAM CAMPUS KANNAMPALAYAM SULUR,600081,11.001341,76.95527,Private-Self Financing,"Directorate of Technical Education, Chennai",Approved,Approved,B,Yes,,Tier 3,http://www.rvs.ac.in,info@rvs.ac.in,admissions@rvs.ac.in,placement@rvs.ac.in,+91-80-190-4764,Electronics & Communication Engineering (ECE),Diploma,30,360,2015,Urban,Yes,Yes
1-44640302949,1-44640302949,U-0650,RVS POLYTECHNIC COLLEGE,Active,Tamil Nadu,Coimbatore,Coimbatore,KUMARAN KOTTAM CAMPUS KANNAMPALAYAM SULUR,600081,11.001341,76.95527,Private-Self Financing,"Directorate of Technical Education, Chennai",Approved,Approved,B,Yes,,Tier 3,http://www.rvs.ac.in,info@rvs.ac.in,admissions@rvs.ac.in,placement@rvs.ac.in,+91-80-190-4764,Computer Science Engineering (CSE),Diploma,60,360,2015,Urban,Yes,Yes
1-44640302949,1-44640302949,U-0650,RVS POLYTECHNIC COLLEGE,Active,Tamil Nadu,Coimbatore,Coimbatore,KUMARAN KOTTAM CAMPUS KANNAMPALAYAM SULUR,600081,11.001341,76.95527,Private-Self Financing,"Directorate of Technical Education, Chennai",Approved,Approved,B,Yes,,Tier 3,http://www.rvs.ac.in,info@rvs.ac.in,admissions@rvs.ac.in,placement@rvs.ac.in,+91-80-190-4764,Information Technology (IT),Diploma,30,360,2015,Urban,Yes,Yes
1-44640302949,1-44640302949,U-0650,RVS POLYTECHNIC COLLEGE,Active,Tamil Nadu,Coimbatore,Coimbatore,KUMARAN KOTTAM CAMPUS KANNAMPALAYAM SULUR,600081,11.001341,76.95527,Private-Self Financing,"Directorate of Technical Education, Chennai",Approved,Approved,B,Yes,,Tier 3,http://www.rvs.ac.in,info@rvs.ac.in,admissions@rvs.ac.in,placement@rvs.ac.in,+91-80-190-4764,Mechanical Engineering,Diploma,150,360,2015,Urban,Yes,Yes
1-44640302949,1-44640302949,U-0650,RVS POLYTECHNIC COLLEGE,Active,Tamil Nadu,Coimbatore,Coimbatore,KUMARAN KOTTAM CAMPUS KANNAMPALAYAM SULUR,600081,11.001341,76.95527,Private-Self Financing,"Directorate of Technical Education, Chennai",Approved,Approved,B,Yes,,Tier 3,http://www.rvs.ac.in,info@rvs.ac.in,admissions@rvs.ac.in,placement@rvs.ac.in,+91-80-190-4764,Electrical & Electronics Engineering (EEE),Diploma,60,360,2015,Urban,Yes,Yes
1-44640302949,1-44640302949,U-0650,RVS POLYTECHNIC COLLEGE,Active,Tamil Nadu,Coimbatore,Coimbatore,KUMARAN KOTTAM CAMPUS KANNAMPALAYAM SULUR,600081,11.001341,76.95527,Private-Self Financing,"Directorate of Technical Education, Chennai",Approved,Approved,B,Yes,,Tier 3,http://www.rvs.ac.in,info@rvs.ac.in,admissions@rvs.ac.in,placement@rvs.ac.in,+91-80-190-4764,Agricultural Engineering,Diploma,30,360,2015,Urban,Yes,Yes
1-44640431862,1-44640431862,U-0650,GOVERNMENT POLYTECHNIC COLLEGE FOR WOMEN,Active,Tamil Nadu,Coimbatore,Coimbatore,"BHARATHIYAR ROAD, NEW SIDDHAPUDUR, COIMBATORE.",600081,11.023138,76.973354,Government,"Directorate of Technical Education, Chennai",Approved,Approved,A+,Yes,,Tier 2,http://www.women.ac.in,info@women.ac.in,admissions@women.ac.in,placement@women.ac.in,+91-80-104-7152,Mechanical Engineering,Diploma,60,380,2011,Rural,No,Yes
1-44640431862,1-44640431862,U-0650,GOVERNMENT POLYTECHNIC COLLEGE FOR WOMEN,Active,Tamil Nadu,Coimbatore,Coimbatore,"BHARATHIYAR ROAD, NEW SIDDHAPUDUR, COIMBATORE.",600081,11.023138,76.973354,Government,"Directorate of Technical Education, Chennai",Approved,Approved,A+,Yes,,Tier 2,http://www.women.ac.in,info@women.ac.in,admissions@women.ac.in,placement@women.ac.in,+91-80-104-7152,Electronics & Communication Engineering (ECE),Diploma,60,380,2011,Rural,No,Yes
1-44640431862,1-44640431862,U-0650,GOVERNMENT POLYTECHNIC COLLEGE FOR WOMEN,Active,Tamil Nadu,Coimbatore,Coimbatore,"BHARATHIYAR ROAD, NEW SIDDHAPUDUR, COIMBATORE.",600081,11.023138,76.973354,Government,"Directorate of Technical Education, Chennai",Approved,Approved,A+,Yes,,Tier 2,http://www.women.ac.in,info@women.ac.in,admissions@women.ac.in,placement@women.ac.in,+91-80-104-7152,Other Engineering Branches,Diploma,190,380,2011,Rural,No,Yes
1-44640431862,1-44640431862,U-0650,GOVERNMENT POLYTECHNIC COLLEGE FOR WOMEN,Active,Tamil Nadu,Coimbatore,Coimbatore,"BHARATHIYAR ROAD, NEW SIDDHAPUDUR, COIMBATORE.",600081,11.023138,76.973354,Government,"Directorate of Technical Education, Chennai",Approved,Approved,A+,Yes,,Tier 2,http://www.women.ac.in,info@women.ac.in,admissions@women.ac.in,placement@women.ac.in,+91-80-104-7152,Computer Science Engineering (CSE),Diploma,30,380,2011,Rural,No,Yes
1-44640431862,1-44640431862,U-0650,GOVERNMENT POLYTECHNIC COLLEGE FOR WOMEN,Active,Tamil Nadu,Coimbatore,Coimbatore,"BHARATHIYAR ROAD, NEW SIDDHAPUDUR, COIMBATORE.",600081,11.023138,76.973354,Government,"Directorate of Technical Education, Chennai",Approved,Approved,A+,Yes,,Tier 2,http://www.women.ac.in,info@women.ac.in,admissions@women.ac.in,placement@women.ac.in,+91-80-104-7152,Civil Engineering,Diploma,40,380,2011,Rural,No,Yes
1-44640684933,1-44640684933,U-0650,NANJIAH LINGAMMAL POLYTECHNIC COLLEGE,Active,Tamil Nadu,Coimbatore,Coimbatore,"SIRUMUGAI ROAD, METTUPALAYAM",600081,11.012098,76.966968,Private-Self Financing,"Directorate of Technical Education, Chennai",Approved,Approved,B+,No,,Tier 3,http://www.nanjiahlingammal.ac.in,info@nanjiahlingammal.ac.in,admissions@nanjiahlingammal.ac.in,placement@nanjiahlingammal.ac.in,+91-80-641-6583,Civil Engineering,Diploma,30,360,1998,Rural,Yes,No
1-44640684933,1-44640684933,U-0650,NANJIAH LINGAMMAL POLYTECHNIC COLLEGE,Active,Tamil Nadu,Coimbatore,Coimbatore,"SIRUMUGAI ROAD, METTUPALAYAM",600081,11.012098,76.966968,Private-Self Financing,"Directorate of Technical Education, Chennai",Approved,Approved,B+,No,,Tier 3,http://www.nanjiahlingammal.ac.in,info@nanjiahlingammal.ac.in,admissions@nanjiahlingammal.ac.in,placement@nanjiahlingammal.ac.in,+91-80-641-6583,Mechanical Engineering,Diploma,60,360,1998,Rural,Yes,No
1-44640684933,1-44640684933,U-0650,NANJIAH LINGAMMAL POLYTECHNIC COLLEGE,Active,Tamil Nadu,Coimbatore,Coimbatore,"SIRUMUGAI ROAD, METTUPALAYAM",600081,11.012098,76.966968,Private-Self Financing,"Directorate of Technical Education, Chennai",Approved,Approved,B+,No,,Tier 3,http://www.nanjiahlingammal.ac.in,info@nanjiahlingammal.ac.in,admissions@nanjiahlingammal.ac.in,placement@nanjiahlingammal.ac.in,+91-80-641-6583,Electronics & Communication Engineering (ECE),Diploma,30,360,1998,Rural,Yes,No
1-44640684933,1-44640684933,U-0650,NANJIAH LINGAMMAL POLYTECHNIC COLLEGE,Active,Tamil Nadu,Coimbatore,Coimbatore,"SIRUMUGAI ROAD, METTUPALAYAM",600081,11.012098,76.966968,Private-Self Financing,"Directorate of Technical Education, Chennai",Approved,Approved,B+,No,,Tier 3,http://www.nanjiahlingammal.ac.in,info@nanjiahlingammal.ac.in,admissions@nanjiahlingammal.ac.in,placement@nanjiahlingammal.ac.in,+91-80-641-6583,Electrical & Electronics Engineering (EEE),Diploma,60,360,1998,Rural,Yes,No
1-44640684933,1-44640684933,U-0650,NANJIAH LINGAMMAL POLYTECHNIC COLLEGE,Active,Tamil Nadu,Coimbatore,Coimbatore,"SIRUMUGAI ROAD, METTUPALAYAM",600081,11.012098,76.966968,Private-Self Financing,"Directorate of Technical Education, Chennai",Approved,Approved,B+,No,,Tier 3,http://www.nanjiahlingammal.ac.in,info@nanjiahlingammal.ac.in,admissions@nanjiahlingammal.ac.in,placement@nanjiahlingammal.ac.in,+91-80-641-6583,Computer Science Engineering (CSE),Diploma,60,360,1998,Rural,Yes,No
1-44640684933,1-44640684933,U-0650,NANJIAH LINGAMMAL POLYTECHNIC COLLEGE,Active,Tamil Nadu,Coimbatore,Coimbatore,"SIRUMUGAI ROAD, METTUPALAYAM",600081,11.012098,76.966968,Private-Self Financing,"Directorate of Technical Education, Chennai",Approved,Approved,B+,No,,Tier 3,http://www.nanjiahlingammal.ac.in,info@nanjiahlingammal.ac.in,admissions@nanjiahlingammal.ac.in,placement@nanjiahlingammal.ac.in,+91-80-641-6583,Automobile Engineering,Diploma,60,360,1998,Rural,Yes,No
1-44640684933,1-44640684933,U-0650,NANJIAH LINGAMMAL POLYTECHNIC COLLEGE,Active,Tamil Nadu,Coimbatore,Coimbatore,"SIRUMUGAI ROAD, METTUPALAYAM",600081,11.012098,76.966968,Private-Self Financing,"Directorate of Technical Education, Chennai",Approved,Approved,B+,No,,Tier 3,http://www.nanjiahlingammal.ac.in,info@nanjiahlingammal.ac.in,admissions@nanjiahlingammal.ac.in,placement@nanjiahlingammal.ac.in,+91-80-641-6583,Artificial Intelligence & Machine Learning (AI & ML),Diploma,60,360,1998,Rural,Yes,No
1-44640349978,1-44640349978,U-0650,SREE NARAYANA GURU POLYTECHNIC COLLEGE,Active,Tamil Nadu,Coimbatore,Coimbatore,SREE NARAYANA GURU NAGAR,600081,11.015152,76.943564,Private-Self Financing,"Directorate of Technical Education, Chennai",Approved,Approved,Not Accredited,No,,Tier 3,http://www.sreenarayanaguru.ac.in,info@sreenarayanaguru.ac.in,admissions@sreenarayanaguru.ac.in,placement@sreenarayanaguru.ac.in,+91-80-769-7457,Electronics & Communication Engineering (ECE),Diploma,30,450,2010,Urban,Yes,Yes
1-44640349978,1-44640349978,U-0650,SREE NARAYANA GURU POLYTECHNIC COLLEGE,Active,Tamil Nadu,Coimbatore,Coimbatore,SREE NARAYANA GURU NAGAR,600081,11.015152,76.943564,Private-Self Financing,"Directorate of Technical Education, Chennai",Approved,Approved,Not Accredited,No,,Tier 3,http://www.sreenarayanaguru.ac.in,info@sreenarayanaguru.ac.in,admissions@sreenarayanaguru.ac.in,placement@sreenarayanaguru.ac.in,+91-80-769-7457,Computer Science Engineering (CSE),Diploma,60,450,2010,Urban,Yes,Yes
1-44640349978,1-44640349978,U-0650,SREE NARAYANA GURU POLYTECHNIC COLLEGE,Active,Tamil Nadu,Coimbatore,Coimbatore,SREE NARAYANA GURU NAGAR,600081,11.015152,76.943564,Private-Self Financing,"Directorate of Technical Education, Chennai",Approved,Approved,Not Accredited,No,,Tier 3,http://www.sreenarayanaguru.ac.in,info@sreenarayanaguru.ac.in,admissions@sreenarayanaguru.ac.in,placement@sreenarayanaguru.ac.in,+91-80-769-7457,Electrical & Electronics Engineering (EEE),Diploma,60,450,2010,Urban,Yes,Yes
1-44640349978,1-44640349978,U-0650,SREE NARAYANA GURU POLYTECHNIC COLLEGE,Active,Tamil Nadu,Coimbatore,Coimbatore,SREE NARAYANA GURU NAGAR,600081,11.015152,76.943564,Private-Self Financing,"Directorate of Technical Education, Chennai",Approved,Approved,Not Accredited,No,,Tier 3,http://www.sreenarayanaguru.ac.in,info@sreenarayanaguru.ac.in,admissions@sreenarayanaguru.ac.in,placement@sreenarayanaguru.ac.in,+91-80-769-7457,Information Technology (IT),Diploma,30,450,2010,Urban,Yes,Yes
1-44640349978,1-44640349978,U-0650,SREE NARAYANA GURU POLYTECHNIC COLLEGE,Active,Tamil Nadu,Coimbatore,Coimbatore,SREE NARAYANA GURU NAGAR,600081,11.015152,76.943564,Private-Self Financing,"Directorate of Technical Education, Chennai",Approved,Approved,Not Accredited,No,,Tier 3,http://www.sreenarayanaguru.ac.in,info@sreenarayanaguru.ac.in,admissions@sreenarayanaguru.ac.in,placement@sreenarayanaguru.ac.in,+91-80-769-7457,Automobile Engineering,Diploma,60,450,2010,Urban,Yes,Yes
1-44640349978,1-44640349978,U-0650,SREE NARAYANA GURU POLYTECHNIC COLLEGE,Active,Tamil Nadu,Coimbatore,Coimbatore,SREE NARAYANA GURU NAGAR,600081,11.015152,76.943564,Private-Self Financing,"Directorate of Technical Education, Chennai",Approved,Approved,Not Accredited,No,,Tier 3,http://www.sreenarayanaguru.ac.in,info@sreenarayanaguru.ac.in,admissions@sreenarayanaguru.ac.in,placement@sreenarayanaguru.ac.in,+91-80-769-7457,Civil Engineering,Diploma,30,450,2010,Urban,Yes,Yes
1-44640349978,1-44640349978,U-0650,SREE NARAYANA GURU POLYTECHNIC COLLEGE,Active,Tamil Nadu,Coimbatore,Coimbatore,SREE NARAYANA GURU NAGAR,600081,11.015152,76.943564,Private-Self Financing,"Directorate of Technical Education, Chennai",Approved,Approved,Not Accredited,No,,Tier 3,http://www.sreenarayanaguru.ac.in,info@sreenarayanaguru.ac.in,admissions@sreenarayanaguru.ac.in,placement@sreenarayanaguru.ac.in,+91-80-769-7457,Mechanical Engineering,Diploma,120,450,2010,Urban,Yes,Yes
1-44640349978,1-44640349978,U-0650,SREE NARAYANA GURU POLYTECHNIC COLLEGE,Active,Tamil Nadu,Coimbatore,Coimbatore,SREE NARAYANA GURU NAGAR,600081,11.015152,76.943564,Private-Self Financing,"Directorate of Technical Education, Chennai",Approved,Approved,Not Accredited,No,,Tier 3,http://www.sreenarayanaguru.ac.in,info@sreenarayanaguru.ac.in,admissions@sreenarayanaguru.ac.in,placement@sreenarayanaguru.ac.in,+91-80-769-7457,Artificial Intelligence & Machine Learning (AI & ML),Diploma,30,450,2010,Urban,Yes,Yes
1-44640349978,1-44640349978,U-0650,SREE NARAYANA GURU POLYTECHNIC COLLEGE,Active,Tamil Nadu,Coimbatore,Coimbatore,SREE NARAYANA GURU NAGAR,600081,11.015152,76.943564,Private-Self Financing,"Directorate of Technical Education, Chennai",Approved,Approved,Not Accredited,No,,Tier 3,http://www.sreenarayanaguru.ac.in,info@sreenarayanaguru.ac.in,admissions@sreenarayanaguru.ac.in,placement@sreenarayanaguru.ac.in,+91-80-769-7457,Agricultural Engineering,Diploma,30,450,2010,Urban,Yes,Yes
1-44640563172,1-44640563172,U-0682,DR N.G.P.INSTITUTE OF TECHNOLOGY,Active,Tamil Nadu,Coimbatore,Coimbatore,"DR N.G.P.NAGAR, KALAPATTI ROAD COIMBATORE PIN :641 048",600081,11.035553,76.970921,Private-Self Financing,"Anna University, Chennai",Approved,Approved,A+,Yes,,Tier 2,http://www.drngpinstitute.ac.in,info@drngpinstitute.ac.in,admissions@drngpinstitute.ac.in,placement@drngpinstitute.ac.in,+91-80-625-4176,Computer Science Engineering (CSE),B.Tech,240,897,1992,Rural,Yes,Yes
1-44640563172,1-44640563172,U-0682,DR N.G.P.INSTITUTE OF TECHNOLOGY,Active,Tamil Nadu,Coimbatore,Coimbatore,"DR N.G.P.NAGAR, KALAPATTI ROAD COIMBATORE PIN :641 048",600081,11.035553,76.970921,Private-Self Financing,"Anna University, Chennai",Approved,Approved,A+,Yes,,Tier 2,http://www.drngpinstitute.ac.in,info@drngpinstitute.ac.in,admissions@drngpinstitute.ac.in,placement@drngpinstitute.ac.in,+91-80-625-4176,Electrical & Electronics Engineering (EEE),B.Tech,60,897,1992,Rural,Yes,Yes
1-44640563172,1-44640563172,U-0682,DR N.G.P.INSTITUTE OF TECHNOLOGY,Active,Tamil Nadu,Coimbatore,Coimbatore,"DR N.G.P.NAGAR, KALAPATTI ROAD COIMBATORE PIN :641 048",600081,11.035553,76.970921,Private-Self Financing,"Anna University, Chennai",Approved,Approved,A+,Yes,,Tier 2,http://www.drngpinstitute.ac.in,info@drngpinstitute.ac.in,admissions@drngpinstitute.ac.in,placement@drngpinstitute.ac.in,+91-80-625-4176,Electronics & Communication Engineering (ECE),B.Tech,120,897,1992,Rural,Yes,Yes
1-44640563172,1-44640563172,U-0682,DR N.G.P.INSTITUTE OF TECHNOLOGY,Active,Tamil Nadu,Coimbatore,Coimbatore,"DR N.G.P.NAGAR, KALAPATTI ROAD COIMBATORE PIN :641 048",600081,11.035553,76.970921,Private-Self Financing,"Anna University, Chennai",Approved,Approved,A+,Yes,,Tier 2,http://www.drngpinstitute.ac.in,info@drngpinstitute.ac.in,admissions@drngpinstitute.ac.in,placement@drngpinstitute.ac.in,+91-80-625-4176,Information Technology (IT),B.Tech,120,897,1992,Rural,Yes,Yes
1-44640563172,1-44640563172,U-0682,DR N.G.P.INSTITUTE OF TECHNOLOGY,Active,Tamil Nadu,Coimbatore,Coimbatore,"DR N.G.P.NAGAR, KALAPATTI ROAD COIMBATORE PIN :641 048",600081,11.035553,76.970921,Private-Self Financing,"Anna University, Chennai",Approved,Approved,A+,Yes,,Tier 2,http://www.drngpinstitute.ac.in,info@drngpinstitute.ac.in,admissions@drngpinstitute.ac.in,placement@drngpinstitute.ac.in,+91-80-625-4176,Mechanical Engineering,B.Tech,60,897,1992,Rural,Yes,Yes
1-44640563172,1-44640563172,U-0682,DR N.G.P.INSTITUTE OF TECHNOLOGY,Active,Tamil Nadu,Coimbatore,Coimbatore,"DR N.G.P.NAGAR, KALAPATTI ROAD COIMBATORE PIN :641 048",600081,11.035553,76.970921,Private-Self Financing,"Anna University, Chennai",Approved,Approved,A+,Yes,,Tier 2,http://www.drngpinstitute.ac.in,info@drngpinstitute.ac.in,admissions@drngpinstitute.ac.in,placement@drngpinstitute.ac.in,+91-80-625-4176,Civil Engineering,B.Tech,30,897,1992,Rural,Yes,Yes
1-44640563172,1-44640563172,U-0682,DR N.G.P.INSTITUTE OF TECHNOLOGY,Active,Tamil Nadu,Coimbatore,Coimbatore,"DR N.G.P.NAGAR, KALAPATTI ROAD COIMBATORE PIN :641 048",600081,11.035553,76.970921,Private-Self Financing,"Anna University, Chennai",Approved,Approved,A+,Yes,,Tier 2,http://www.drngpinstitute.ac.in,info@drngpinstitute.ac.in,admissions@drngpinstitute.ac.in,placement@drngpinstitute.ac.in,+91-80-625-4176,Other Engineering Branches,B.Tech,60,897,1992,Rural,Yes,Yes
1-44640563172,1-44640563172,U-0682,DR N.G.P.INSTITUTE OF TECHNOLOGY,Active,Tamil Nadu,Coimbatore,Coimbatore,"DR N.G.P.NAGAR, KALAPATTI ROAD COIMBATORE PIN :641 048",600081,11.035553,76.970921,Private-Self Financing,"Anna University, Chennai",Approved,Approved,A+,Yes,,Tier 2,http://www.drngpinstitute.ac.in,info@drngpinstitute.ac.in,admissions@drngpinstitute.ac.in,placement@drngpinstitute.ac.in,+91-80-625-4176,Computer Science Engineering (CSE),M.Tech,9,897,1992,Rural,Yes,Yes
1-44640563172,1-44640563172,U-0682,DR N.G.P.INSTITUTE OF TECHNOLOGY,Active,Tamil Nadu,Coimbatore,Coimbatore,"DR N.G.P.NAGAR, KALAPATTI ROAD COIMBATORE PIN :641 048",600081,11.035553,76.970921,Private-Self Financing,"Anna University, Chennai",Approved,Approved,A+,Yes,,Tier 2,http://www.drngpinstitute.ac.in,info@drngpinstitute.ac.in,admissions@drngpinstitute.ac.in,placement@drngpinstitute.ac.in,+91-80-625-4176,Other Engineering Branches,M.Tech,18,897,1992,Rural,Yes,Yes
1-44640563172,1-44640563172,U-0682,DR N.G.P.INSTITUTE OF TECHNOLOGY,Active,Tamil Nadu,Coimbatore,Coimbatore,"DR N.G.P.NAGAR, KALAPATTI ROAD COIMBATORE PIN :641 048",600081,11.035553,76.970921,Private-Self Financing,"Anna University, Chennai",Approved,Approved,A+,Yes,,Tier 2,http://www.drngpinstitute.ac.in,info@drngpinstitute.ac.in,admissions@drngpinstitute.ac.in,placement@drngpinstitute.ac.in,+91-80-625-4176,Data Science,B.Tech,120,897,1992,Rural,Yes,Yes
1-44640563172,1-44640563172,U-0682,DR N.G.P.INSTITUTE OF TECHNOLOGY,Active,Tamil Nadu,Coimbatore,Coimbatore,"DR N.G.P.NAGAR, KALAPATTI ROAD COIMBATORE PIN :641 048",600081,11.035553,76.970921,Private-Self Financing,"Anna University, Chennai",Approved,Approved,A+,Yes,,Tier 2,http://www.drngpinstitute.ac.in,info@drngpinstitute.ac.in,admissions@drngpinstitute.ac.in,placement@drngpinstitute.ac.in,+91-80-625-4176,Cyber Security,B.Tech,60,897,1992,Rural,Yes,Yes
1-44640267275,1-44640267275,U-0682,SUGUNA COLLEGE OF ENGINEERING,Active,Tamil Nadu,Coimbatore,Coimbatore,"NEHRU NAGAR  (WEST), KALAPATTI ROAD, CIVIL AERODROME  (PO)",600081,11.034088,76.953719,Private-Self Financing,"Anna University, Chennai",Approved,Approved,B,No,,Tier 3,http://www.suguna.ac.in,info@suguna.ac.in,admissions@suguna.ac.in,placement@suguna.ac.in,+91-80-563-9666,Mechanical Engineering,B.Tech,60,360,2014,Urban,Yes,Yes
1-44640267275,1-44640267275,U-0682,SUGUNA COLLEGE OF ENGINEERING,Active,Tamil Nadu,Coimbatore,Coimbatore,"NEHRU NAGAR  (WEST), KALAPATTI ROAD, CIVIL AERODROME  (PO)",600081,11.034088,76.953719,Private-Self Financing,"Anna University, Chennai",Approved,Approved,B,No,,Tier 3,http://www.suguna.ac.in,info@suguna.ac.in,admissions@suguna.ac.in,placement@suguna.ac.in,+91-80-563-9666,Electronics & Communication Engineering (ECE),B.Tech,60,360,2014,Urban,Yes,Yes
1-44640267275,1-44640267275,U-0682,SUGUNA COLLEGE OF ENGINEERING,Active,Tamil Nadu,Coimbatore,Coimbatore,"NEHRU NAGAR  (WEST), KALAPATTI ROAD, CIVIL AERODROME  (PO)",600081,11.034088,76.953719,Private-Self Financing,"Anna University, Chennai",Approved,Approved,B,No,,Tier 3,http://www.suguna.ac.in,info@suguna.ac.in,admissions@suguna.ac.in,placement@suguna.ac.in,+91-80-563-9666,Computer Science Engineering (CSE),B.Tech,90,360,2014,Urban,Yes,Yes
1-44640267275,1-44640267275,U-0682,SUGUNA COLLEGE OF ENGINEERING,Active,Tamil Nadu,Coimbatore,Coimbatore,"NEHRU NAGAR  (WEST), KALAPATTI ROAD, CIVIL AERODROME  (PO)",600081,11.034088,76.953719,Private-Self Financing,"Anna University, Chennai",Approved,Approved,B,No,,Tier 3,http://www.suguna.ac.in,info@suguna.ac.in,admissions@suguna.ac.in,placement@suguna.ac.in,+91-80-563-9666,Data Science,B.Tech,90,360,2014,Urban,Yes,Yes
1-44640267275,1-44640267275,U-0682,SUGUNA COLLEGE OF ENGINEERING,Active,Tamil Nadu,Coimbatore,Coimbatore,"NEHRU NAGAR  (WEST), KALAPATTI ROAD, CIVIL AERODROME  (PO)",600081,11.034088,76.953719,Private-Self Financing,"Anna University, Chennai",Approved,Approved,B,No,,Tier 3,http://www.suguna.ac.in,info@suguna.ac.in,admissions@suguna.ac.in,placement@suguna.ac.in,+91-80-563-9666,Agricultural Engineering,B.Tech,30,360,2014,Urban,Yes,Yes
1-44640267275,1-44640267275,U-0682,SUGUNA COLLEGE OF ENGINEERING,Active,Tamil Nadu,Coimbatore,Coimbatore,"NEHRU NAGAR  (WEST), KALAPATTI ROAD, CIVIL AERODROME  (PO)",600081,11.034088,76.953719,Private-Self Financing,"Anna University, Chennai",Approved,Approved,B,No,,Tier 3,http://www.suguna.ac.in,info@suguna.ac.in,admissions@suguna.ac.in,placement@suguna.ac.in,+91-80-563-9666,Information Technology (IT),B.Tech,30,360,2014,Urban,Yes,Yes
1-44640271796,1-44640271796,U-0650,SRI RAMAKRISHNA MISSION VIDYALAYA POLYTECHNIC COLLEGE,Active,Tamil Nadu,Coimbatore,Coimbatore,"METTUPALAYAM MAIN ROAD, SRKVIDYALAYA  POST, PERIYANAICKENPALAYAM.",600081,11.027263,76.947993,Govt aided,"Directorate of Technical Education, Chennai",Approved,Approved,A+,No,,Tier 3,http://www.sriramakrishnamission.ac.in,info@sriramakrishnamission.ac.in,admissions@sriramakrishnamission.ac.in,placement@sriramakrishnamission.ac.in,+91-80-277-7038,Civil Engineering,Diploma,60,240,2003,Rural,Yes,Yes
1-44640271796,1-44640271796,U-0650,SRI RAMAKRISHNA MISSION VIDYALAYA POLYTECHNIC COLLEGE,Active,Tamil Nadu,Coimbatore,Coimbatore,"METTUPALAYAM MAIN ROAD, SRKVIDYALAYA  POST, PERIYANAICKENPALAYAM.",600081,11.027263,76.947993,Govt aided,"Directorate of Technical Education, Chennai",Approved,Approved,A+,No,,Tier 3,http://www.sriramakrishnamission.ac.in,info@sriramakrishnamission.ac.in,admissions@sriramakrishnamission.ac.in,placement@sriramakrishnamission.ac.in,+91-80-277-7038,Mechanical Engineering,Diploma,60,240,2003,Rural,Yes,Yes
1-44640271796,1-44640271796,U-0650,SRI RAMAKRISHNA MISSION VIDYALAYA POLYTECHNIC COLLEGE,Active,Tamil Nadu,Coimbatore,Coimbatore,"METTUPALAYAM MAIN ROAD, SRKVIDYALAYA  POST, PERIYANAICKENPALAYAM.",600081,11.027263,76.947993,Govt aided,"Directorate of Technical Education, Chennai",Approved,Approved,A+,No,,Tier 3,http://www.sriramakrishnamission.ac.in,info@sriramakrishnamission.ac.in,admissions@sriramakrishnamission.ac.in,placement@sriramakrishnamission.ac.in,+91-80-277-7038,Electrical & Electronics Engineering (EEE),Diploma,60,240,2003,Rural,Yes,Yes
1-44640271796,1-44640271796,U-0650,SRI RAMAKRISHNA MISSION VIDYALAYA POLYTECHNIC COLLEGE,Active,Tamil Nadu,Coimbatore,Coimbatore,"METTUPALAYAM MAIN ROAD, SRKVIDYALAYA  POST, PERIYANAICKENPALAYAM.",600081,11.027263,76.947993,Govt aided,"Directorate of Technical Education, Chennai",Approved,Approved,A+,No,,Tier 3,http://www.sriramakrishnamission.ac.in,info@sriramakrishnamission.ac.in,admissions@sriramakrishnamission.ac.in,placement@sriramakrishnamission.ac.in,+91-80-277-7038,Information Technology (IT),Diploma,60,240,2003,Rural,Yes,Yes
1-44640272372,1-44640272372,U-0650,HINDUSTHAN POLYTECHNIC COLLEGE,Active,Tamil Nadu,Coimbatore,Coimbatore,"OTHAKALMANDAPAM, COIMBATORE-32",600081,10.999014,76.951513,Private-Self Financing,"Directorate of Technical Education, Chennai",Approved,Approved,A+,Yes,,Tier 2,http://www.hindusthan.ac.in,info@hindusthan.ac.in,admissions@hindusthan.ac.in,placement@hindusthan.ac.in,+91-80-092-8612,Mechanical Engineering,Diploma,120,240,1991,Rural,Yes,Yes
1-44640272372,1-44640272372,U-0650,HINDUSTHAN POLYTECHNIC COLLEGE,Active,Tamil Nadu,Coimbatore,Coimbatore,"OTHAKALMANDAPAM, COIMBATORE-32",600081,10.999014,76.951513,Private-Self Financing,"Directorate of Technical Education, Chennai",Approved,Approved,A+,Yes,,Tier 2,http://www.hindusthan.ac.in,info@hindusthan.ac.in,admissions@hindusthan.ac.in,placement@hindusthan.ac.in,+91-80-092-8612,Electrical & Electronics Engineering (EEE),Diploma,60,240,1991,Rural,Yes,Yes
1-44640272372,1-44640272372,U-0650,HINDUSTHAN POLYTECHNIC COLLEGE,Active,Tamil Nadu,Coimbatore,Coimbatore,"OTHAKALMANDAPAM, COIMBATORE-32",600081,10.999014,76.951513,Private-Self Financing,"Directorate of Technical Education, Chennai",Approved,Approved,A+,Yes,,Tier 2,http://www.hindusthan.ac.in,info@hindusthan.ac.in,admissions@hindusthan.ac.in,placement@hindusthan.ac.in,+91-80-092-8612,Computer Science Engineering (CSE),Diploma,60,240,1991,Rural,Yes,Yes
1-44640912688,1-44640912688,U-0682,SRI RANGANATHAR INSTITUTE OF ENGINEERING AND TECHNOLOGY,Active,Tamil Nadu,Coimbatore,Coimbatore,"SF NO 162, ATHIPALAYAM VILLAGE, THUDIYALUR - KOVILPALAYAM ROAD, COIMBATORE 641110",641110,11.005208,76.9483,Private-Self Financing,"Anna University, Chennai",Approved,Approved,B++,Yes,,Tier 3,http://www.sriranganathar.ac.in,info@sriranganathar.ac.in,admissions@sriranganathar.ac.in,placement@sriranganathar.ac.in,+91-80-352-6736,Computer Science Engineering (CSE),B.Tech,150,420,1981,Urban,No,Yes
1-44640912688,1-44640912688,U-0682,SRI RANGANATHAR INSTITUTE OF ENGINEERING AND TECHNOLOGY,Active,Tamil Nadu,Coimbatore,Coimbatore,"SF NO 162, ATHIPALAYAM VILLAGE, THUDIYALUR - KOVILPALAYAM ROAD, COIMBATORE 641110",641110,11.005208,76.9483,Private-Self Financing,"Anna University, Chennai",Approved,Approved,B++,Yes,,Tier 3,http://www.sriranganathar.ac.in,info@sriranganathar.ac.in,admissions@sriranganathar.ac.in,placement@sriranganathar.ac.in,+91-80-352-6736,Electrical & Electronics Engineering (EEE),B.Tech,30,420,1981,Urban,No,Yes
1-44640912688,1-44640912688,U-0682,SRI RANGANATHAR INSTITUTE OF ENGINEERING AND TECHNOLOGY,Active,Tamil Nadu,Coimbatore,Coimbatore,"SF NO 162, ATHIPALAYAM VILLAGE, THUDIYALUR - KOVILPALAYAM ROAD, COIMBATORE 641110",641110,11.005208,76.9483,Private-Self Financing,"Anna University, Chennai",Approved,Approved,B++,Yes,,Tier 3,http://www.sriranganathar.ac.in,info@sriranganathar.ac.in,admissions@sriranganathar.ac.in,placement@sriranganathar.ac.in,+91-80-352-6736,Mechanical Engineering,B.Tech,30,420,1981,Urban,No,Yes
1-44640912688,1-44640912688,U-0682,SRI RANGANATHAR INSTITUTE OF ENGINEERING AND TECHNOLOGY,Active,Tamil Nadu,Coimbatore,Coimbatore,"SF NO 162, ATHIPALAYAM VILLAGE, THUDIYALUR - KOVILPALAYAM ROAD, COIMBATORE 641110",641110,11.005208,76.9483,Private-Self Financing,"Anna University, Chennai",Approved,Approved,B++,Yes,,Tier 3,http://www.sriranganathar.ac.in,info@sriranganathar.ac.in,admissions@sriranganathar.ac.in,placement@sriranganathar.ac.in,+91-80-352-6736,Electronics & Communication Engineering (ECE),B.Tech,60,420,1981,Urban,No,Yes
1-44640912688,1-44640912688,U-0682,SRI RANGANATHAR INSTITUTE OF ENGINEERING AND TECHNOLOGY,Active,Tamil Nadu,Coimbatore,Coimbatore,"SF NO 162, ATHIPALAYAM VILLAGE, THUDIYALUR - KOVILPALAYAM ROAD, COIMBATORE 641110",641110,11.005208,76.9483,Private-Self Financing,"Anna University, Chennai",Approved,Approved,B++,Yes,,Tier 3,http://www.sriranganathar.ac.in,info@sriranganathar.ac.in,admissions@sriranganathar.ac.in,placement@sriranganathar.ac.in,+91-80-352-6736,Civil Engineering,B.Tech,30,420,1981,Urban,No,Yes
1-44640912688,1-44640912688,U-0682,SRI RANGANATHAR INSTITUTE OF ENGINEERING AND TECHNOLOGY,Active,Tamil Nadu,Coimbatore,Coimbatore,"SF NO 162, ATHIPALAYAM VILLAGE, THUDIYALUR - KOVILPALAYAM ROAD, COIMBATORE 641110",641110,11.005208,76.9483,Private-Self Financing,"Anna University, Chennai",Approved,Approved,B++,Yes,,Tier 3,http://www.sriranganathar.ac.in,info@sriranganathar.ac.in,admissions@sriranganathar.ac.in,placement@sriranganathar.ac.in,+91-80-352-6736,Data Science,B.Tech,60,420,1981,Urban,No,Yes
1-44640912688,1-44640912688,U-0682,SRI RANGANATHAR INSTITUTE OF ENGINEERING AND TECHNOLOGY,Active,Tamil Nadu,Coimbatore,Coimbatore,"SF NO 162, ATHIPALAYAM VILLAGE, THUDIYALUR - KOVILPALAYAM ROAD, COIMBATORE 641110",641110,11.005208,76.9483,Private-Self Financing,"Anna University, Chennai",Approved,Approved,B++,Yes,,Tier 3,http://www.sriranganathar.ac.in,info@sriranganathar.ac.in,admissions@sriranganathar.ac.in,placement@sriranganathar.ac.in,+91-80-352-6736,Information Technology (IT),B.Tech,60,420,1981,Urban,No,Yes
1-44641095447,1-44641095447,U-0682,GOVERNMENT COLLEGE OF TECHNOLOGY,Active,Tamil Nadu,Coimbatore,Coimbatore,THADAGAM ROAD COIMBATORE,600081,11.00805,76.974999,Government,"Anna University, Chennai",Approved,Approved,B++,Yes,,Tier 3,http://www.inst8431.ac.in,info@inst8431.ac.in,admissions@inst8431.ac.in,placement@inst8431.ac.in,+91-80-471-8586,Civil Engineering,B.Tech,120,978,2013,Urban,No,Yes
1-44641095447,1-44641095447,U-0682,GOVERNMENT COLLEGE OF TECHNOLOGY,Active,Tamil Nadu,Coimbatore,Coimbatore,THADAGAM ROAD COIMBATORE,600081,11.00805,76.974999,Government,"Anna University, Chennai",Approved,Approved,B++,Yes,,Tier 3,http://www.inst8431.ac.in,info@inst8431.ac.in,admissions@inst8431.ac.in,placement@inst8431.ac.in,+91-80-471-8586,Mechanical Engineering,B.Tech,120,978,2013,Urban,No,Yes
1-44641095447,1-44641095447,U-0682,GOVERNMENT COLLEGE OF TECHNOLOGY,Active,Tamil Nadu,Coimbatore,Coimbatore,THADAGAM ROAD COIMBATORE,600081,11.00805,76.974999,Government,"Anna University, Chennai",Approved,Approved,B++,Yes,,Tier 3,http://www.inst8431.ac.in,info@inst8431.ac.in,admissions@inst8431.ac.in,placement@inst8431.ac.in,+91-80-471-8586,Electrical & Electronics Engineering (EEE),B.Tech,60,978,2013,Urban,No,Yes
1-44641095447,1-44641095447,U-0682,GOVERNMENT COLLEGE OF TECHNOLOGY,Active,Tamil Nadu,Coimbatore,Coimbatore,THADAGAM ROAD COIMBATORE,600081,11.00805,76.974999,Government,"Anna University, Chennai",Approved,Approved,B++,Yes,,Tier 3,http://www.inst8431.ac.in,info@inst8431.ac.in,admissions@inst8431.ac.in,placement@inst8431.ac.in,+91-80-471-8586,Other Engineering Branches,B.Tech,120,978,2013,Urban,No,Yes
1-44641095447,1-44641095447,U-0682,GOVERNMENT COLLEGE OF TECHNOLOGY,Active,Tamil Nadu,Coimbatore,Coimbatore,THADAGAM ROAD COIMBATORE,600081,11.00805,76.974999,Government,"Anna University, Chennai",Approved,Approved,B++,Yes,,Tier 3,http://www.inst8431.ac.in,info@inst8431.ac.in,admissions@inst8431.ac.in,placement@inst8431.ac.in,+91-80-471-8586,Electronics & Communication Engineering (ECE),B.Tech,60,978,2013,Urban,No,Yes
1-44641095447,1-44641095447,U-0682,GOVERNMENT COLLEGE OF TECHNOLOGY,Active,Tamil Nadu,Coimbatore,Coimbatore,THADAGAM ROAD COIMBATORE,600081,11.00805,76.974999,Government,"Anna University, Chennai",Approved,Approved,B++,Yes,,Tier 3,http://www.inst8431.ac.in,info@inst8431.ac.in,admissions@inst8431.ac.in,placement@inst8431.ac.in,+91-80-471-8586,Computer Science Engineering (CSE),B.Tech,60,978,2013,Urban,No,Yes
1-44641095447,1-44641095447,U-0682,GOVERNMENT COLLEGE OF TECHNOLOGY,Active,Tamil Nadu,Coimbatore,Coimbatore,THADAGAM ROAD COIMBATORE,600081,11.00805,76.974999,Government,"Anna University, Chennai",Approved,Approved,B++,Yes,,Tier 3,http://www.inst8431.ac.in,info@inst8431.ac.in,admissions@inst8431.ac.in,placement@inst8431.ac.in,+91-80-471-8586,Other Engineering Branches,M.Tech,180,978,2013,Urban,No,Yes
1-44641095447,1-44641095447,U-0682,GOVERNMENT COLLEGE OF TECHNOLOGY,Active,Tamil Nadu,Coimbatore,Coimbatore,THADAGAM ROAD COIMBATORE,600081,11.00805,76.974999,Government,"Anna University, Chennai",Approved,Approved,B++,Yes,,Tier 3,http://www.inst8431.ac.in,info@inst8431.ac.in,admissions@inst8431.ac.in,placement@inst8431.ac.in,+91-80-471-8586,Biotechnology,B.Tech,120,978,2013,Urban,No,Yes
1-44641095447,1-44641095447,U-0682,GOVERNMENT COLLEGE OF TECHNOLOGY,Active,Tamil Nadu,Coimbatore,Coimbatore,THADAGAM ROAD COIMBATORE,600081,11.00805,76.974999,Government,"Anna University, Chennai",Approved,Approved,B++,Yes,,Tier 3,http://www.inst8431.ac.in,info@inst8431.ac.in,admissions@inst8431.ac.in,placement@inst8431.ac.in,+91-80-471-8586,Computer Science Engineering (CSE),M.Tech,18,978,2013,Urban,No,Yes
1-44641095447,1-44641095447,U-0682,GOVERNMENT COLLEGE OF TECHNOLOGY,Active,Tamil Nadu,Coimbatore,Coimbatore,THADAGAM ROAD COIMBATORE,600081,11.00805,76.974999,Government,"Anna University, Chennai",Approved,Approved,B++,Yes,,Tier 3,http://www.inst8431.ac.in,info@inst8431.ac.in,admissions@inst8431.ac.in,placement@inst8431.ac.in,+91-80-471-8586,Information Technology (IT),B.Tech,60,978,2013,Urban,No,Yes
1-44641095447,1-44641095447,U-0682,GOVERNMENT COLLEGE OF TECHNOLOGY,Active,Tamil Nadu,Coimbatore,Coimbatore,THADAGAM ROAD COIMBATORE,600081,11.00805,76.974999,Government,"Anna University, Chennai",Approved,Approved,B++,Yes,,Tier 3,http://www.inst8431.ac.in,info@inst8431.ac.in,admissions@inst8431.ac.in,placement@inst8431.ac.in,+91-80-471-8586,Artificial Intelligence & Machine Learning (AI & ML),B.Tech,60,978,2013,Urban,No,Yes
1-44640928469,1-44640928469,U-0650,E.S POLYTECHNIC COLLEGE,Active,Tamil Nadu,Coimbatore,Coimbatore,"355/1 & 355/2, ELLIS CHATHIRAM ROAD ,VAZHUTHAREDDY VILLAGE ,KANDAMANADI POST, VILLUPURAM TALUK & DISTRICT",600081,11.010742,76.944341,Private-Self Financing,"Directorate of Technical Education, Chennai",Approved,Approved,B++,No,,Tier 3,http://www.es.ac.in,info@es.ac.in,admissions@es.ac.in,placement@es.ac.in,+91-80-584-7862,Civil Engineering,Diploma,60,360,1988,Urban,No,No
1-44640928469,1-44640928469,U-0650,E.S POLYTECHNIC COLLEGE,Active,Tamil Nadu,Coimbatore,Coimbatore,"355/1 & 355/2, ELLIS CHATHIRAM ROAD ,VAZHUTHAREDDY VILLAGE ,KANDAMANADI POST, VILLUPURAM TALUK & DISTRICT",600081,11.010742,76.944341,Private-Self Financing,"Directorate of Technical Education, Chennai",Approved,Approved,B++,No,,Tier 3,http://www.es.ac.in,info@es.ac.in,admissions@es.ac.in,placement@es.ac.in,+91-80-584-7862,Electrical & Electronics Engineering (EEE),Diploma,60,360,1988,Urban,No,No
1-44640928469,1-44640928469,U-0650,E.S POLYTECHNIC COLLEGE,Active,Tamil Nadu,Coimbatore,Coimbatore,"355/1 & 355/2, ELLIS CHATHIRAM ROAD ,VAZHUTHAREDDY VILLAGE ,KANDAMANADI POST, VILLUPURAM TALUK & DISTRICT",600081,11.010742,76.944341,Private-Self Financing,"Directorate of Technical Education, Chennai",Approved,Approved,B++,No,,Tier 3,http://www.es.ac.in,info@es.ac.in,admissions@es.ac.in,placement@es.ac.in,+91-80-584-7862,Electronics & Communication Engineering (ECE),Diploma,60,360,1988,Urban,No,No
1-44640928469,1-44640928469,U-0650,E.S POLYTECHNIC COLLEGE,Active,Tamil Nadu,Coimbatore,Coimbatore,"355/1 & 355/2, ELLIS CHATHIRAM ROAD ,VAZHUTHAREDDY VILLAGE ,KANDAMANADI POST, VILLUPURAM TALUK & DISTRICT",600081,11.010742,76.944341,Private-Self Financing,"Directorate of Technical Education, Chennai",Approved,Approved,B++,No,,Tier 3,http://www.es.ac.in,info@es.ac.in,admissions@es.ac.in,placement@es.ac.in,+91-80-584-7862,Other Engineering Branches,Diploma,60,360,1988,Urban,No,No
1-44640928469,1-44640928469,U-0650,E.S POLYTECHNIC COLLEGE,Active,Tamil Nadu,Coimbatore,Coimbatore,"355/1 & 355/2, ELLIS CHATHIRAM ROAD ,VAZHUTHAREDDY VILLAGE ,KANDAMANADI POST, VILLUPURAM TALUK & DISTRICT",600081,11.010742,76.944341,Private-Self Financing,"Directorate of Technical Education, Chennai",Approved,Approved,B++,No,,Tier 3,http://www.es.ac.in,info@es.ac.in,admissions@es.ac.in,placement@es.ac.in,+91-80-584-7862,Mechanical Engineering,Diploma,120,360,1988,Urban,No,No
1-44640930620,1-44640930620,U-0682,VISHNU LAKSHMI COLLEGE OF ENGINEERING & TECHNOLOGY,Active,Tamil Nadu,Coimbatore,Coimbatore,"10/1, KAMBAR STREET, KANJIKONAM PALAYAM, VELLALORE (PO), COIMBATORE SOUTH(TK).",600081,11.030621,76.972312,Private-Self Financing,"Anna University, Chennai",Approved,Approved,B+,No,,Tier 3,http://www.vishnulakshmi.ac.in,info@vishnulakshmi.ac.in,admissions@vishnulakshmi.ac.in,placement@vishnulakshmi.ac.in,+91-80-418-5705,Other Engineering Branches,M.Tech,48,318,2003,Rural,Yes,Yes
1-44640930620,1-44640930620,U-0682,VISHNU LAKSHMI COLLEGE OF ENGINEERING & TECHNOLOGY,Active,Tamil Nadu,Coimbatore,Coimbatore,"10/1, KAMBAR STREET, KANJIKONAM PALAYAM, VELLALORE (PO), COIMBATORE SOUTH(TK).",600081,11.030621,76.972312,Private-Self Financing,"Anna University, Chennai",Approved,Approved,B+,No,,Tier 3,http://www.vishnulakshmi.ac.in,info@vishnulakshmi.ac.in,admissions@vishnulakshmi.ac.in,placement@vishnulakshmi.ac.in,+91-80-418-5705,Civil Engineering,B.Tech,60,318,2003,Rural,Yes,Yes
1-44640930620,1-44640930620,U-0682,VISHNU LAKSHMI COLLEGE OF ENGINEERING & TECHNOLOGY,Active,Tamil Nadu,Coimbatore,Coimbatore,"10/1, KAMBAR STREET, KANJIKONAM PALAYAM, VELLALORE (PO), COIMBATORE SOUTH(TK).",600081,11.030621,76.972312,Private-Self Financing,"Anna University, Chennai",Approved,Approved,B+,No,,Tier 3,http://www.vishnulakshmi.ac.in,info@vishnulakshmi.ac.in,admissions@vishnulakshmi.ac.in,placement@vishnulakshmi.ac.in,+91-80-418-5705,Mechanical Engineering,B.Tech,60,318,2003,Rural,Yes,Yes
1-44640930620,1-44640930620,U-0682,VISHNU LAKSHMI COLLEGE OF ENGINEERING & TECHNOLOGY,Active,Tamil Nadu,Coimbatore,Coimbatore,"10/1, KAMBAR STREET, KANJIKONAM PALAYAM, VELLALORE (PO), COIMBATORE SOUTH(TK).",600081,11.030621,76.972312,Private-Self Financing,"Anna University, Chennai",Approved,Approved,B+,No,,Tier 3,http://www.vishnulakshmi.ac.in,info@vishnulakshmi.ac.in,admissions@vishnulakshmi.ac.in,placement@vishnulakshmi.ac.in,+91-80-418-5705,Electrical & Electronics Engineering (EEE),B.Tech,30,318,2003,Rural,Yes,Yes
1-44640930620,1-44640930620,U-0682,VISHNU LAKSHMI COLLEGE OF ENGINEERING & TECHNOLOGY,Active,Tamil Nadu,Coimbatore,Coimbatore,"10/1, KAMBAR STREET, KANJIKONAM PALAYAM, VELLALORE (PO), COIMBATORE SOUTH(TK).",600081,11.030621,76.972312,Private-Self Financing,"Anna University, Chennai",Approved,Approved,B+,No,,Tier 3,http://www.vishnulakshmi.ac.in,info@vishnulakshmi.ac.in,admissions@vishnulakshmi.ac.in,placement@vishnulakshmi.ac.in,+91-80-418-5705,Electronics & Communication Engineering (ECE),B.Tech,60,318,2003,Rural,Yes,Yes
1-44640930620,1-44640930620,U-0682,VISHNU LAKSHMI COLLEGE OF ENGINEERING & TECHNOLOGY,Active,Tamil Nadu,Coimbatore,Coimbatore,"10/1, KAMBAR STREET, KANJIKONAM PALAYAM, VELLALORE (PO), COIMBATORE SOUTH(TK).",600081,11.030621,76.972312,Private-Self Financing,"Anna University, Chennai",Approved,Approved,B+,No,,Tier 3,http://www.vishnulakshmi.ac.in,info@vishnulakshmi.ac.in,admissions@vishnulakshmi.ac.in,placement@vishnulakshmi.ac.in,+91-80-418-5705,Computer Science Engineering (CSE),B.Tech,60,318,2003,Rural,Yes,Yes
1-44641149280,1-44641149280,U-0682,V.S.B. COLLEGE OF ENGINEERING TECHNICAL CAMPUS,Active,Tamil Nadu,Coimbatore,Coimbatore,"S.F NO.91/2A, 91/2B, 252, 253/1 SOLAVAMPALAYAM VILLAGE, KINATHUKADAVU, POLLACHI TALUK, COIMBATORE DISTRICT",600081,11.033438,76.944296,Private-Self Financing,"Anna University, Chennai",Approved,Approved,B++,No,,Tier 3,http://www.vsbtechnicalcampus.ac.in,info@vsbtechnicalcampus.ac.in,admissions@vsbtechnicalcampus.ac.in,placement@vsbtechnicalcampus.ac.in,+91-80-536-6966,Mechanical Engineering,B.Tech,30,1224,1990,Urban,No,No
1-44641149280,1-44641149280,U-0682,V.S.B. COLLEGE OF ENGINEERING TECHNICAL CAMPUS,Active,Tamil Nadu,Coimbatore,Coimbatore,"S.F NO.91/2A, 91/2B, 252, 253/1 SOLAVAMPALAYAM VILLAGE, KINATHUKADAVU, POLLACHI TALUK, COIMBATORE DISTRICT",600081,11.033438,76.944296,Private-Self Financing,"Anna University, Chennai",Approved,Approved,B++,No,,Tier 3,http://www.vsbtechnicalcampus.ac.in,info@vsbtechnicalcampus.ac.in,admissions@vsbtechnicalcampus.ac.in,placement@vsbtechnicalcampus.ac.in,+91-80-536-6966,Electronics & Communication Engineering (ECE),B.Tech,300,1224,1990,Urban,No,No
1-44641149280,1-44641149280,U-0682,V.S.B. COLLEGE OF ENGINEERING TECHNICAL CAMPUS,Active,Tamil Nadu,Coimbatore,Coimbatore,"S.F NO.91/2A, 91/2B, 252, 253/1 SOLAVAMPALAYAM VILLAGE, KINATHUKADAVU, POLLACHI TALUK, COIMBATORE DISTRICT",600081,11.033438,76.944296,Private-Self Financing,"Anna University, Chennai",Approved,Approved,B++,No,,Tier 3,http://www.vsbtechnicalcampus.ac.in,info@vsbtechnicalcampus.ac.in,admissions@vsbtechnicalcampus.ac.in,placement@vsbtechnicalcampus.ac.in,+91-80-536-6966,Computer Science Engineering (CSE),B.Tech,240,1224,1990,Urban,No,No
1-44641149280,1-44641149280,U-0682,V.S.B. COLLEGE OF ENGINEERING TECHNICAL CAMPUS,Active,Tamil Nadu,Coimbatore,Coimbatore,"S.F NO.91/2A, 91/2B, 252, 253/1 SOLAVAMPALAYAM VILLAGE, KINATHUKADAVU, POLLACHI TALUK, COIMBATORE DISTRICT",600081,11.033438,76.944296,Private-Self Financing,"Anna University, Chennai",Approved,Approved,B++,No,,Tier 3,http://www.vsbtechnicalcampus.ac.in,info@vsbtechnicalcampus.ac.in,admissions@vsbtechnicalcampus.ac.in,placement@vsbtechnicalcampus.ac.in,+91-80-536-6966,Electrical & Electronics Engineering (EEE),B.Tech,60,1224,1990,Urban,No,No
1-44641149280,1-44641149280,U-0682,V.S.B. COLLEGE OF ENGINEERING TECHNICAL CAMPUS,Active,Tamil Nadu,Coimbatore,Coimbatore,"S.F NO.91/2A, 91/2B, 252, 253/1 SOLAVAMPALAYAM VILLAGE, KINATHUKADAVU, POLLACHI TALUK, COIMBATORE DISTRICT",600081,11.033438,76.944296,Private-Self Financing,"Anna University, Chennai",Approved,Approved,B++,No,,Tier 3,http://www.vsbtechnicalcampus.ac.in,info@vsbtechnicalcampus.ac.in,admissions@vsbtechnicalcampus.ac.in,placement@vsbtechnicalcampus.ac.in,+91-80-536-6966,Information Technology (IT),B.Tech,120,1224,1990,Urban,No,No
1-44641149280,1-44641149280,U-0682,V.S.B. COLLEGE OF ENGINEERING TECHNICAL CAMPUS,Active,Tamil Nadu,Coimbatore,Coimbatore,"S.F NO.91/2A, 91/2B, 252, 253/1 SOLAVAMPALAYAM VILLAGE, KINATHUKADAVU, POLLACHI TALUK, COIMBATORE DISTRICT",600081,11.033438,76.944296,Private-Self Financing,"Anna University, Chennai",Approved,Approved,B++,No,,Tier 3,http://www.vsbtechnicalcampus.ac.in,info@vsbtechnicalcampus.ac.in,admissions@vsbtechnicalcampus.ac.in,placement@vsbtechnicalcampus.ac.in,+91-80-536-6966,Data Science,B.Tech,300,1224,1990,Urban,No,No
1-44641149280,1-44641149280,U-0682,V.S.B. COLLEGE OF ENGINEERING TECHNICAL CAMPUS,Active,Tamil Nadu,Coimbatore,Coimbatore,"S.F NO.91/2A, 91/2B, 252, 253/1 SOLAVAMPALAYAM VILLAGE, KINATHUKADAVU, POLLACHI TALUK, COIMBATORE DISTRICT",600081,11.033438,76.944296,Private-Self Financing,"Anna University, Chennai",Approved,Approved,B++,No,,Tier 3,http://www.vsbtechnicalcampus.ac.in,info@vsbtechnicalcampus.ac.in,admissions@vsbtechnicalcampus.ac.in,placement@vsbtechnicalcampus.ac.in,+91-80-536-6966,Agricultural Engineering,B.Tech,30,1224,1990,Urban,No,No
1-44641149280,1-44641149280,U-0682,V.S.B. COLLEGE OF ENGINEERING TECHNICAL CAMPUS,Active,Tamil Nadu,Coimbatore,Coimbatore,"S.F NO.91/2A, 91/2B, 252, 253/1 SOLAVAMPALAYAM VILLAGE, KINATHUKADAVU, POLLACHI TALUK, COIMBATORE DISTRICT",600081,11.033438,76.944296,Private-Self Financing,"Anna University, Chennai",Approved,Approved,B++,No,,Tier 3,http://www.vsbtechnicalcampus.ac.in,info@vsbtechnicalcampus.ac.in,admissions@vsbtechnicalcampus.ac.in,placement@vsbtechnicalcampus.ac.in,+91-80-536-6966,Other Engineering Branches,M.Tech,12,1224,1990,Urban,No,No
1-44641149280,1-44641149280,U-0682,V.S.B. COLLEGE OF ENGINEERING TECHNICAL CAMPUS,Active,Tamil Nadu,Coimbatore,Coimbatore,"S.F NO.91/2A, 91/2B, 252, 253/1 SOLAVAMPALAYAM VILLAGE, KINATHUKADAVU, POLLACHI TALUK, COIMBATORE DISTRICT",600081,11.033438,76.944296,Private-Self Financing,"Anna University, Chennai",Approved,Approved,B++,No,,Tier 3,http://www.vsbtechnicalcampus.ac.in,info@vsbtechnicalcampus.ac.in,admissions@vsbtechnicalcampus.ac.in,placement@vsbtechnicalcampus.ac.in,+91-80-536-6966,Artificial Intelligence & Machine Learning (AI & ML),B.Tech,120,1224,1990,Urban,No,No
1-44641149280,1-44641149280,U-0682,V.S.B. COLLEGE OF ENGINEERING TECHNICAL CAMPUS,Active,Tamil Nadu,Coimbatore,Coimbatore,"S.F NO.91/2A, 91/2B, 252, 253/1 SOLAVAMPALAYAM VILLAGE, KINATHUKADAVU, POLLACHI TALUK, COIMBATORE DISTRICT",600081,11.033438,76.944296,Private-Self Financing,"Anna University, Chennai",Approved,Approved,B++,No,,Tier 3,http://www.vsbtechnicalcampus.ac.in,info@vsbtechnicalcampus.ac.in,admissions@vsbtechnicalcampus.ac.in,placement@vsbtechnicalcampus.ac.in,+91-80-536-6966,Computer Science Engineering (CSE),M.Tech,12,1224,1990,Urban,No,No
1-44641317444,1-44641317444,U-0650,PSG POLYTECHNIC COLLEGE,Active,Tamil Nadu,Coimbatore,Coimbatore,"AVINASHI ROAD, PEELAMEDU",600081,10.998803,76.948789,Govt aided,"Directorate of Technical Education, Chennai",Approved,Approved,A,No,,Tier 3,http://www.psg.ac.in,info@psg.ac.in,admissions@psg.ac.in,placement@psg.ac.in,+91-80-084-0275,Information Technology (IT),Diploma,60,760,2013,Urban,No,No
1-44641317444,1-44641317444,U-0650,PSG POLYTECHNIC COLLEGE,Active,Tamil Nadu,Coimbatore,Coimbatore,"AVINASHI ROAD, PEELAMEDU",600081,10.998803,76.948789,Govt aided,"Directorate of Technical Education, Chennai",Approved,Approved,A,No,,Tier 3,http://www.psg.ac.in,info@psg.ac.in,admissions@psg.ac.in,placement@psg.ac.in,+91-80-084-0275,Electronics & Communication Engineering (ECE),Diploma,60,760,2013,Urban,No,No
1-44641317444,1-44641317444,U-0650,PSG POLYTECHNIC COLLEGE,Active,Tamil Nadu,Coimbatore,Coimbatore,"AVINASHI ROAD, PEELAMEDU",600081,10.998803,76.948789,Govt aided,"Directorate of Technical Education, Chennai",Approved,Approved,A,No,,Tier 3,http://www.psg.ac.in,info@psg.ac.in,admissions@psg.ac.in,placement@psg.ac.in,+91-80-084-0275,Mechanical Engineering,Diploma,210,760,2013,Urban,No,No
1-44641317444,1-44641317444,U-0650,PSG POLYTECHNIC COLLEGE,Active,Tamil Nadu,Coimbatore,Coimbatore,"AVINASHI ROAD, PEELAMEDU",600081,10.998803,76.948789,Govt aided,"Directorate of Technical Education, Chennai",Approved,Approved,A,No,,Tier 3,http://www.psg.ac.in,info@psg.ac.in,admissions@psg.ac.in,placement@psg.ac.in,+91-80-084-0275,Other Engineering Branches,Diploma,210,760,2013,Urban,No,No
1-44641317444,1-44641317444,U-0650,PSG POLYTECHNIC COLLEGE,Active,Tamil Nadu,Coimbatore,Coimbatore,"AVINASHI ROAD, PEELAMEDU",600081,10.998803,76.948789,Govt aided,"Directorate of Technical Education, Chennai",Approved,Approved,A,No,,Tier 3,http://www.psg.ac.in,info@psg.ac.in,admissions@psg.ac.in,placement@psg.ac.in,+91-80-084-0275,Automobile Engineering,Diploma,40,760,2013,Urban,No,No
1-44641317444,1-44641317444,U-0650,PSG POLYTECHNIC COLLEGE,Active,Tamil Nadu,Coimbatore,Coimbatore,"AVINASHI ROAD, PEELAMEDU",600081,10.998803,76.948789,Govt aided,"Directorate of Technical Education, Chennai",Approved,Approved,A,No,,Tier 3,http://www.psg.ac.in,info@psg.ac.in,admissions@psg.ac.in,placement@psg.ac.in,+91-80-084-0275,Computer Science Engineering (CSE),Diploma,60,760,2013,Urban,No,No
1-44641317444,1-44641317444,U-0650,PSG POLYTECHNIC COLLEGE,Active,Tamil Nadu,Coimbatore,Coimbatore,"AVINASHI ROAD, PEELAMEDU",600081,10.998803,76.948789,Govt aided,"Directorate of Technical Education, Chennai",Approved,Approved,A,No,,Tier 3,http://www.psg.ac.in,info@psg.ac.in,admissions@psg.ac.in,placement@psg.ac.in,+91-80-084-0275,Electrical & Electronics Engineering (EEE),Diploma,60,760,2013,Urban,No,No
1-44641317444,1-44641317444,U-0650,PSG POLYTECHNIC COLLEGE,Active,Tamil Nadu,Coimbatore,Coimbatore,"AVINASHI ROAD, PEELAMEDU",600081,10.998803,76.948789,Govt aided,"Directorate of Technical Education, Chennai",Approved,Approved,A,No,,Tier 3,http://www.psg.ac.in,info@psg.ac.in,admissions@psg.ac.in,placement@psg.ac.in,+91-80-084-0275,Artificial Intelligence & Machine Learning (AI & ML),Diploma,60,760,2013,Urban,No,No
1-44641356621,1-44641356621,U-0294,K.M.G POLYTECHNIC COLLEGE,Active,Tamil Nadu,Coimbatore,Coimbatore,"VALPARAI MAIN ROAD,ANGALAKURICHI,",600081,11.015372,76.95505,Private-Self Financing,Directorate of Technical Education,Approved,Approved,B+,No,,Tier 3,http://www.kmg.ac.in,info@kmg.ac.in,admissions@kmg.ac.in,placement@kmg.ac.in,+91-80-778-9691,Mechanical Engineering,Diploma,90,360,1989,Rural,No,Yes
1-44641356621,1-44641356621,U-0294,K.M.G POLYTECHNIC COLLEGE,Active,Tamil Nadu,Coimbatore,Coimbatore,"VALPARAI MAIN ROAD,ANGALAKURICHI,",600081,11.015372,76.95505,Private-Self Financing,Directorate of Technical Education,Approved,Approved,B+,No,,Tier 3,http://www.kmg.ac.in,info@kmg.ac.in,admissions@kmg.ac.in,placement@kmg.ac.in,+91-80-778-9691,Automobile Engineering,Diploma,60,360,1989,Rural,No,Yes
1-44641356621,1-44641356621,U-0294,K.M.G POLYTECHNIC COLLEGE,Active,Tamil Nadu,Coimbatore,Coimbatore,"VALPARAI MAIN ROAD,ANGALAKURICHI,",600081,11.015372,76.95505,Private-Self Financing,Directorate of Technical Education,Approved,Approved,B+,No,,Tier 3,http://www.kmg.ac.in,info@kmg.ac.in,admissions@kmg.ac.in,placement@kmg.ac.in,+91-80-778-9691,Electrical & Electronics Engineering (EEE),Diploma,60,360,1989,Rural,No,Yes
1-44641356621,1-44641356621,U-0294,K.M.G POLYTECHNIC COLLEGE,Active,Tamil Nadu,Coimbatore,Coimbatore,"VALPARAI MAIN ROAD,ANGALAKURICHI,",600081,11.015372,76.95505,Private-Self Financing,Directorate of Technical Education,Approved,Approved,B+,No,,Tier 3,http://www.kmg.ac.in,info@kmg.ac.in,admissions@kmg.ac.in,placement@kmg.ac.in,+91-80-778-9691,Electronics & Communication Engineering (ECE),Diploma,60,360,1989,Rural,No,Yes
1-44641356621,1-44641356621,U-0294,K.M.G POLYTECHNIC COLLEGE,Active,Tamil Nadu,Coimbatore,Coimbatore,"VALPARAI MAIN ROAD,ANGALAKURICHI,",600081,11.015372,76.95505,Private-Self Financing,Directorate of Technical Education,Approved,Approved,B+,No,,Tier 3,http://www.kmg.ac.in,info@kmg.ac.in,admissions@kmg.ac.in,placement@kmg.ac.in,+91-80-778-9691,Civil Engineering,Diploma,30,360,1989,Rural,No,Yes
1-44641356621,1-44641356621,U-0294,K.M.G POLYTECHNIC COLLEGE,Active,Tamil Nadu,Coimbatore,Coimbatore,"VALPARAI MAIN ROAD,ANGALAKURICHI,",600081,11.015372,76.95505,Private-Self Financing,Directorate of Technical Education,Approved,Approved,B+,No,,Tier 3,http://www.kmg.ac.in,info@kmg.ac.in,admissions@kmg.ac.in,placement@kmg.ac.in,+91-80-778-9691,Computer Science Engineering (CSE),Diploma,60,360,1989,Rural,No,Yes
1-44641357631,1-44641357631,U-0682,ARJUN COLLEGE OF TECHNOLOGY,Active,Tamil Nadu,Coimbatore,Coimbatore,"310/1B, CHETTIYAKKAPALAYAM, KINATHUKADAVU, COIMBATORE",600081,11.010882,76.945529,Private-Self Financing,"Anna University, Chennai",Approved,Approved,B++,No,,Tier 3,http://www.arjun.ac.in,info@arjun.ac.in,admissions@arjun.ac.in,placement@arjun.ac.in,+91-80-590-6494,Civil Engineering,B.Tech,30,510,2003,Urban,Yes,Yes
1-44641357631,1-44641357631,U-0682,ARJUN COLLEGE OF TECHNOLOGY,Active,Tamil Nadu,Coimbatore,Coimbatore,"310/1B, CHETTIYAKKAPALAYAM, KINATHUKADAVU, COIMBATORE",600081,11.010882,76.945529,Private-Self Financing,"Anna University, Chennai",Approved,Approved,B++,No,,Tier 3,http://www.arjun.ac.in,info@arjun.ac.in,admissions@arjun.ac.in,placement@arjun.ac.in,+91-80-590-6494,Computer Science Engineering (CSE),B.Tech,180,510,2003,Urban,Yes,Yes
1-44641357631,1-44641357631,U-0682,ARJUN COLLEGE OF TECHNOLOGY,Active,Tamil Nadu,Coimbatore,Coimbatore,"310/1B, CHETTIYAKKAPALAYAM, KINATHUKADAVU, COIMBATORE",600081,11.010882,76.945529,Private-Self Financing,"Anna University, Chennai",Approved,Approved,B++,No,,Tier 3,http://www.arjun.ac.in,info@arjun.ac.in,admissions@arjun.ac.in,placement@arjun.ac.in,+91-80-590-6494,Electronics & Communication Engineering (ECE),B.Tech,30,510,2003,Urban,Yes,Yes
1-44641357631,1-44641357631,U-0682,ARJUN COLLEGE OF TECHNOLOGY,Active,Tamil Nadu,Coimbatore,Coimbatore,"310/1B, CHETTIYAKKAPALAYAM, KINATHUKADAVU, COIMBATORE",600081,11.010882,76.945529,Private-Self Financing,"Anna University, Chennai",Approved,Approved,B++,No,,Tier 3,http://www.arjun.ac.in,info@arjun.ac.in,admissions@arjun.ac.in,placement@arjun.ac.in,+91-80-590-6494,Mechanical Engineering,B.Tech,30,510,2003,Urban,Yes,Yes
1-44641357631,1-44641357631,U-0682,ARJUN COLLEGE OF TECHNOLOGY,Active,Tamil Nadu,Coimbatore,Coimbatore,"310/1B, CHETTIYAKKAPALAYAM, KINATHUKADAVU, COIMBATORE",600081,11.010882,76.945529,Private-Self Financing,"Anna University, Chennai",Approved,Approved,B++,No,,Tier 3,http://www.arjun.ac.in,info@arjun.ac.in,admissions@arjun.ac.in,placement@arjun.ac.in,+91-80-590-6494,Data Science,B.Tech,60,510,2003,Urban,Yes,Yes
1-44641357631,1-44641357631,U-0682,ARJUN COLLEGE OF TECHNOLOGY,Active,Tamil Nadu,Coimbatore,Coimbatore,"310/1B, CHETTIYAKKAPALAYAM, KINATHUKADAVU, COIMBATORE",600081,11.010882,76.945529,Private-Self Financing,"Anna University, Chennai",Approved,Approved,B++,No,,Tier 3,http://www.arjun.ac.in,info@arjun.ac.in,admissions@arjun.ac.in,placement@arjun.ac.in,+91-80-590-6494,Information Technology (IT),B.Tech,60,510,2003,Urban,Yes,Yes
1-44641357631,1-44641357631,U-0682,ARJUN COLLEGE OF TECHNOLOGY,Active,Tamil Nadu,Coimbatore,Coimbatore,"310/1B, CHETTIYAKKAPALAYAM, KINATHUKADAVU, COIMBATORE",600081,11.010882,76.945529,Private-Self Financing,"Anna University, Chennai",Approved,Approved,B++,No,,Tier 3,http://www.arjun.ac.in,info@arjun.ac.in,admissions@arjun.ac.in,placement@arjun.ac.in,+91-80-590-6494,Cyber Security,B.Tech,60,510,2003,Urban,Yes,Yes
1-44641357631,1-44641357631,U-0682,ARJUN COLLEGE OF TECHNOLOGY,Active,Tamil Nadu,Coimbatore,Coimbatore,"310/1B, CHETTIYAKKAPALAYAM, KINATHUKADAVU, COIMBATORE",600081,11.010882,76.945529,Private-Self Financing,"Anna University, Chennai",Approved,Approved,B++,No,,Tier 3,http://www.arjun.ac.in,info@arjun.ac.in,admissions@arjun.ac.in,placement@arjun.ac.in,+91-80-590-6494,Artificial Intelligence & Machine Learning (AI & ML),B.Tech,60,510,2003,Urban,Yes,Yes
1-44641030878,1-44641030878,U-0650,JCT POLYTECHNIC COLLEGE,Active,Tamil Nadu,Coimbatore,Coimbatore,"PICHANUR, COIMBATORE SOUTH TALUK, COIMBATORE-641105",641105,11.005866,76.951635,Private-Self Financing,"Directorate of Technical Education, Chennai",Approved,Approved,Not Accredited,No,,Tier 3,http://www.jct.ac.in,info@jct.ac.in,admissions@jct.ac.in,placement@jct.ac.in,+91-80-380-2725,Mechanical Engineering,Diploma,60,300,2005,Urban,Yes,Yes
1-44641030878,1-44641030878,U-0650,JCT POLYTECHNIC COLLEGE,Active,Tamil Nadu,Coimbatore,Coimbatore,"PICHANUR, COIMBATORE SOUTH TALUK, COIMBATORE-641105",641105,11.005866,76.951635,Private-Self Financing,"Directorate of Technical Education, Chennai",Approved,Approved,Not Accredited,No,,Tier 3,http://www.jct.ac.in,info@jct.ac.in,admissions@jct.ac.in,placement@jct.ac.in,+91-80-380-2725,Electrical & Electronics Engineering (EEE),Diploma,60,300,2005,Urban,Yes,Yes
1-44641030878,1-44641030878,U-0650,JCT POLYTECHNIC COLLEGE,Active,Tamil Nadu,Coimbatore,Coimbatore,"PICHANUR, COIMBATORE SOUTH TALUK, COIMBATORE-641105",641105,11.005866,76.951635,Private-Self Financing,"Directorate of Technical Education, Chennai",Approved,Approved,Not Accredited,No,,Tier 3,http://www.jct.ac.in,info@jct.ac.in,admissions@jct.ac.in,placement@jct.ac.in,+91-80-380-2725,Chemical Engineering,Diploma,30,300,2005,Urban,Yes,Yes
1-44641030878,1-44641030878,U-0650,JCT POLYTECHNIC COLLEGE,Active,Tamil Nadu,Coimbatore,Coimbatore,"PICHANUR, COIMBATORE SOUTH TALUK, COIMBATORE-641105",641105,11.005866,76.951635,Private-Self Financing,"Directorate of Technical Education, Chennai",Approved,Approved,Not Accredited,No,,Tier 3,http://www.jct.ac.in,info@jct.ac.in,admissions@jct.ac.in,placement@jct.ac.in,+91-80-380-2725,Agricultural Engineering,Diploma,60,300,2005,Urban,Yes,Yes
1-44641030878,1-44641030878,U-0650,JCT POLYTECHNIC COLLEGE,Active,Tamil Nadu,Coimbatore,Coimbatore,"PICHANUR, COIMBATORE SOUTH TALUK, COIMBATORE-641105",641105,11.005866,76.951635,Private-Self Financing,"Directorate of Technical Education, Chennai",Approved,Approved,Not Accredited,No,,Tier 3,http://www.jct.ac.in,info@jct.ac.in,admissions@jct.ac.in,placement@jct.ac.in,+91-80-380-2725,Other Engineering Branches,Diploma,60,300,2005,Urban,Yes,Yes
1-44641030878,1-44641030878,U-0650,JCT POLYTECHNIC COLLEGE,Active,Tamil Nadu,Coimbatore,Coimbatore,"PICHANUR, COIMBATORE SOUTH TALUK, COIMBATORE-641105",641105,11.005866,76.951635,Private-Self Financing,"Directorate of Technical Education, Chennai",Approved,Approved,Not Accredited,No,,Tier 3,http://www.jct.ac.in,info@jct.ac.in,admissions@jct.ac.in,placement@jct.ac.in,+91-80-380-2725,Automobile Engineering,Diploma,30,300,2005,Urban,Yes,Yes
1-44641409583,1-44641409583,U-0650,PARK AMC POLYTECHNIC COLLEGE,Active,Tamil Nadu,Coimbatore,Coimbatore,"PREMA RAVI NAGAR,",600081,11.005363,76.97298,Private-Self Financing,"Directorate of Technical Education, Chennai",Approved,Approved,A,No,,Tier 3,http://www.parkamc.ac.in,info@parkamc.ac.in,admissions@parkamc.ac.in,placement@parkamc.ac.in,+91-80-359-1661,Mechanical Engineering,Diploma,60,308,1996,Urban,No,Yes
1-44641409583,1-44641409583,U-0650,PARK AMC POLYTECHNIC COLLEGE,Active,Tamil Nadu,Coimbatore,Coimbatore,"PREMA RAVI NAGAR,",600081,11.005363,76.97298,Private-Self Financing,"Directorate of Technical Education, Chennai",Approved,Approved,A,No,,Tier 3,http://www.parkamc.ac.in,info@parkamc.ac.in,admissions@parkamc.ac.in,placement@parkamc.ac.in,+91-80-359-1661,Electrical & Electronics Engineering (EEE),Diploma,60,308,1996,Urban,No,Yes
1-44641409583,1-44641409583,U-0650,PARK AMC POLYTECHNIC COLLEGE,Active,Tamil Nadu,Coimbatore,Coimbatore,"PREMA RAVI NAGAR,",600081,11.005363,76.97298,Private-Self Financing,"Directorate of Technical Education, Chennai",Approved,Approved,A,No,,Tier 3,http://www.parkamc.ac.in,info@parkamc.ac.in,admissions@parkamc.ac.in,placement@parkamc.ac.in,+91-80-359-1661,Electronics & Communication Engineering (ECE),Diploma,30,308,1996,Urban,No,Yes
1-44641409583,1-44641409583,U-0650,PARK AMC POLYTECHNIC COLLEGE,Active,Tamil Nadu,Coimbatore,Coimbatore,"PREMA RAVI NAGAR,",600081,11.005363,76.97298,Private-Self Financing,"Directorate of Technical Education, Chennai",Approved,Approved,A,No,,Tier 3,http://www.parkamc.ac.in,info@parkamc.ac.in,admissions@parkamc.ac.in,placement@parkamc.ac.in,+91-80-359-1661,Other Engineering Branches,Diploma,83,308,1996,Urban,No,Yes
1-44641409583,1-44641409583,U-0650,PARK AMC POLYTECHNIC COLLEGE,Active,Tamil Nadu,Coimbatore,Coimbatore,"PREMA RAVI NAGAR,",600081,11.005363,76.97298,Private-Self Financing,"Directorate of Technical Education, Chennai",Approved,Approved,A,No,,Tier 3,http://www.parkamc.ac.in,info@parkamc.ac.in,admissions@parkamc.ac.in,placement@parkamc.ac.in,+91-80-359-1661,Computer Science Engineering (CSE),Diploma,45,308,1996,Urban,No,Yes
1-44641409583,1-44641409583,U-0650,PARK AMC POLYTECHNIC COLLEGE,Active,Tamil Nadu,Coimbatore,Coimbatore,"PREMA RAVI NAGAR,",600081,11.005363,76.97298,Private-Self Financing,"Directorate of Technical Education, Chennai",Approved,Approved,A,No,,Tier 3,http://www.parkamc.ac.in,info@parkamc.ac.in,admissions@parkamc.ac.in,placement@parkamc.ac.in,+91-80-359-1661,Automobile Engineering,Diploma,30,308,1996,Urban,No,Yes
1-44641687605,1-44641687605,U-0682,PARK COLLEGE OF ENGINEERING AND TECHNOLOGY,Active,Tamil Nadu,Coimbatore,Coimbatore,"AVINASHI ROAD(NH-47),  KANIYUR, COIMBATORE-641659.",641659,11.00786,76.96133,Private-Self Financing,"Anna University, Chennai",Approved,Approved,A,No,,Tier 3,http://www.park.ac.in,info@park.ac.in,admissions@park.ac.in,placement@park.ac.in,+91-80-463-9139,Aeronautical Engineering,B.Tech,60,900,1994,Urban,Yes,Yes
1-44641687605,1-44641687605,U-0682,PARK COLLEGE OF ENGINEERING AND TECHNOLOGY,Active,Tamil Nadu,Coimbatore,Coimbatore,"AVINASHI ROAD(NH-47),  KANIYUR, COIMBATORE-641659.",641659,11.00786,76.96133,Private-Self Financing,"Anna University, Chennai",Approved,Approved,A,No,,Tier 3,http://www.park.ac.in,info@park.ac.in,admissions@park.ac.in,placement@park.ac.in,+91-80-463-9139,Mechanical Engineering,B.Tech,90,900,1994,Urban,Yes,Yes
1-44641687605,1-44641687605,U-0682,PARK COLLEGE OF ENGINEERING AND TECHNOLOGY,Active,Tamil Nadu,Coimbatore,Coimbatore,"AVINASHI ROAD(NH-47),  KANIYUR, COIMBATORE-641659.",641659,11.00786,76.96133,Private-Self Financing,"Anna University, Chennai",Approved,Approved,A,No,,Tier 3,http://www.park.ac.in,info@park.ac.in,admissions@park.ac.in,placement@park.ac.in,+91-80-463-9139,Electrical & Electronics Engineering (EEE),B.Tech,60,900,1994,Urban,Yes,Yes
1-44641687605,1-44641687605,U-0682,PARK COLLEGE OF ENGINEERING AND TECHNOLOGY,Active,Tamil Nadu,Coimbatore,Coimbatore,"AVINASHI ROAD(NH-47),  KANIYUR, COIMBATORE-641659.",641659,11.00786,76.96133,Private-Self Financing,"Anna University, Chennai",Approved,Approved,A,No,,Tier 3,http://www.park.ac.in,info@park.ac.in,admissions@park.ac.in,placement@park.ac.in,+91-80-463-9139,Computer Science Engineering (CSE),B.Tech,90,900,1994,Urban,Yes,Yes
1-44641687605,1-44641687605,U-0682,PARK COLLEGE OF ENGINEERING AND TECHNOLOGY,Active,Tamil Nadu,Coimbatore,Coimbatore,"AVINASHI ROAD(NH-47),  KANIYUR, COIMBATORE-641659.",641659,11.00786,76.96133,Private-Self Financing,"Anna University, Chennai",Approved,Approved,A,No,,Tier 3,http://www.park.ac.in,info@park.ac.in,admissions@park.ac.in,placement@park.ac.in,+91-80-463-9139,Information Technology (IT),B.Tech,90,900,1994,Urban,Yes,Yes
1-44641687605,1-44641687605,U-0682,PARK COLLEGE OF ENGINEERING AND TECHNOLOGY,Active,Tamil Nadu,Coimbatore,Coimbatore,"AVINASHI ROAD(NH-47),  KANIYUR, COIMBATORE-641659.",641659,11.00786,76.96133,Private-Self Financing,"Anna University, Chennai",Approved,Approved,A,No,,Tier 3,http://www.park.ac.in,info@park.ac.in,admissions@park.ac.in,placement@park.ac.in,+91-80-463-9139,Electronics & Communication Engineering (ECE),B.Tech,90,900,1994,Urban,Yes,Yes
1-44641687605,1-44641687605,U-0682,PARK COLLEGE OF ENGINEERING AND TECHNOLOGY,Active,Tamil Nadu,Coimbatore,Coimbatore,"AVINASHI ROAD(NH-47),  KANIYUR, COIMBATORE-641659.",641659,11.00786,76.96133,Private-Self Financing,"Anna University, Chennai",Approved,Approved,A,No,,Tier 3,http://www.park.ac.in,info@park.ac.in,admissions@park.ac.in,placement@park.ac.in,+91-80-463-9139,Other Engineering Branches,B.Tech,210,900,1994,Urban,Yes,Yes
1-44641687605,1-44641687605,U-0682,PARK COLLEGE OF ENGINEERING AND TECHNOLOGY,Active,Tamil Nadu,Coimbatore,Coimbatore,"AVINASHI ROAD(NH-47),  KANIYUR, COIMBATORE-641659.",641659,11.00786,76.96133,Private-Self Financing,"Anna University, Chennai",Approved,Approved,A,No,,Tier 3,http://www.park.ac.in,info@park.ac.in,admissions@park.ac.in,placement@park.ac.in,+91-80-463-9139,Aeronautical Engineering,M.Tech,12,900,1994,Urban,Yes,Yes
1-44641687605,1-44641687605,U-0682,PARK COLLEGE OF ENGINEERING AND TECHNOLOGY,Active,Tamil Nadu,Coimbatore,Coimbatore,"AVINASHI ROAD(NH-47),  KANIYUR, COIMBATORE-641659.",641659,11.00786,76.96133,Private-Self Financing,"Anna University, Chennai",Approved,Approved,A,No,,Tier 3,http://www.park.ac.in,info@park.ac.in,admissions@park.ac.in,placement@park.ac.in,+91-80-463-9139,Other Engineering Branches,M.Tech,9,900,1994,Urban,Yes,Yes
1-44641687605,1-44641687605,U-0682,PARK COLLEGE OF ENGINEERING AND TECHNOLOGY,Active,Tamil Nadu,Coimbatore,Coimbatore,"AVINASHI ROAD(NH-47),  KANIYUR, COIMBATORE-641659.",641659,11.00786,76.96133,Private-Self Financing,"Anna University, Chennai",Approved,Approved,A,No,,Tier 3,http://www.park.ac.in,info@park.ac.in,admissions@park.ac.in,placement@park.ac.in,+91-80-463-9139,Computer Science Engineering (CSE),M.Tech,9,900,1994,Urban,Yes,Yes
1-44641687605,1-44641687605,U-0682,PARK COLLEGE OF ENGINEERING AND TECHNOLOGY,Active,Tamil Nadu,Coimbatore,Coimbatore,"AVINASHI ROAD(NH-47),  KANIYUR, COIMBATORE-641659.",641659,11.00786,76.96133,Private-Self Financing,"Anna University, Chennai",Approved,Approved,A,No,,Tier 3,http://www.park.ac.in,info@park.ac.in,admissions@park.ac.in,placement@park.ac.in,+91-80-463-9139,Robotics,B.Tech,30,900,1994,Urban,Yes,Yes
1-44641687605,1-44641687605,U-0682,PARK COLLEGE OF ENGINEERING AND TECHNOLOGY,Active,Tamil Nadu,Coimbatore,Coimbatore,"AVINASHI ROAD(NH-47),  KANIYUR, COIMBATORE-641659.",641659,11.00786,76.96133,Private-Self Financing,"Anna University, Chennai",Approved,Approved,A,No,,Tier 3,http://www.park.ac.in,info@park.ac.in,admissions@park.ac.in,placement@park.ac.in,+91-80-463-9139,Agricultural Engineering,B.Tech,60,900,1994,Urban,Yes,Yes
1-44641687605,1-44641687605,U-0682,PARK COLLEGE OF ENGINEERING AND TECHNOLOGY,Active,Tamil Nadu,Coimbatore,Coimbatore,"AVINASHI ROAD(NH-47),  KANIYUR, COIMBATORE-641659.",641659,11.00786,76.96133,Private-Self Financing,"Anna University, Chennai",Approved,Approved,A,No,,Tier 3,http://www.park.ac.in,info@park.ac.in,admissions@park.ac.in,placement@park.ac.in,+91-80-463-9139,Data Science,B.Tech,60,900,1994,Urban,Yes,Yes
1-44641687605,1-44641687605,U-0682,PARK COLLEGE OF ENGINEERING AND TECHNOLOGY,Active,Tamil Nadu,Coimbatore,Coimbatore,"AVINASHI ROAD(NH-47),  KANIYUR, COIMBATORE-641659.",641659,11.00786,76.96133,Private-Self Financing,"Anna University, Chennai",Approved,Approved,A,No,,Tier 3,http://www.park.ac.in,info@park.ac.in,admissions@park.ac.in,placement@park.ac.in,+91-80-463-9139,Cyber Security,B.Tech,30,900,1994,Urban,Yes,Yes
1-44641734616,1-44641734616,U-0682,COIMBATORE INSTITUTE OF ENGINEERING AND TECHNOLOGY,Active,Tamil Nadu,Coimbatore,Coimbatore,"VELLIMALAIPATTINAM,  NARASIPURAM POST, THONDAMUTHUR VIA, COIMBATORE - 641 109",600081,11.03294,76.952411,Private-Self Financing,"Anna University, Chennai",Approved,Approved,A+,No,,Tier 3,http://www.coimbatore.ac.in,info@coimbatore.ac.in,admissions@coimbatore.ac.in,placement@coimbatore.ac.in,+91-80-515-8122,Electronics & Communication Engineering (ECE),B.Tech,60,660,1982,Rural,Yes,Yes
1-44641734616,1-44641734616,U-0682,COIMBATORE INSTITUTE OF ENGINEERING AND TECHNOLOGY,Active,Tamil Nadu,Coimbatore,Coimbatore,"VELLIMALAIPATTINAM,  NARASIPURAM POST, THONDAMUTHUR VIA, COIMBATORE - 641 109",600081,11.03294,76.952411,Private-Self Financing,"Anna University, Chennai",Approved,Approved,A+,No,,Tier 3,http://www.coimbatore.ac.in,info@coimbatore.ac.in,admissions@coimbatore.ac.in,placement@coimbatore.ac.in,+91-80-515-8122,Information Technology (IT),B.Tech,60,660,1982,Rural,Yes,Yes
1-44641734616,1-44641734616,U-0682,COIMBATORE INSTITUTE OF ENGINEERING AND TECHNOLOGY,Active,Tamil Nadu,Coimbatore,Coimbatore,"VELLIMALAIPATTINAM,  NARASIPURAM POST, THONDAMUTHUR VIA, COIMBATORE - 641 109",600081,11.03294,76.952411,Private-Self Financing,"Anna University, Chennai",Approved,Approved,A+,No,,Tier 3,http://www.coimbatore.ac.in,info@coimbatore.ac.in,admissions@coimbatore.ac.in,placement@coimbatore.ac.in,+91-80-515-8122,Mechanical Engineering,B.Tech,120,660,1982,Rural,Yes,Yes
1-44641734616,1-44641734616,U-0682,COIMBATORE INSTITUTE OF ENGINEERING AND TECHNOLOGY,Active,Tamil Nadu,Coimbatore,Coimbatore,"VELLIMALAIPATTINAM,  NARASIPURAM POST, THONDAMUTHUR VIA, COIMBATORE - 641 109",600081,11.03294,76.952411,Private-Self Financing,"Anna University, Chennai",Approved,Approved,A+,No,,Tier 3,http://www.coimbatore.ac.in,info@coimbatore.ac.in,admissions@coimbatore.ac.in,placement@coimbatore.ac.in,+91-80-515-8122,Electrical & Electronics Engineering (EEE),B.Tech,30,660,1982,Rural,Yes,Yes
1-44641734616,1-44641734616,U-0682,COIMBATORE INSTITUTE OF ENGINEERING AND TECHNOLOGY,Active,Tamil Nadu,Coimbatore,Coimbatore,"VELLIMALAIPATTINAM,  NARASIPURAM POST, THONDAMUTHUR VIA, COIMBATORE - 641 109",600081,11.03294,76.952411,Private-Self Financing,"Anna University, Chennai",Approved,Approved,A+,No,,Tier 3,http://www.coimbatore.ac.in,info@coimbatore.ac.in,admissions@coimbatore.ac.in,placement@coimbatore.ac.in,+91-80-515-8122,Computer Science Engineering (CSE),B.Tech,120,660,1982,Rural,Yes,Yes
1-44641734616,1-44641734616,U-0682,COIMBATORE INSTITUTE OF ENGINEERING AND TECHNOLOGY,Active,Tamil Nadu,Coimbatore,Coimbatore,"VELLIMALAIPATTINAM,  NARASIPURAM POST, THONDAMUTHUR VIA, COIMBATORE - 641 109",600081,11.03294,76.952411,Private-Self Financing,"Anna University, Chennai",Approved,Approved,A+,No,,Tier 3,http://www.coimbatore.ac.in,info@coimbatore.ac.in,admissions@coimbatore.ac.in,placement@coimbatore.ac.in,+91-80-515-8122,Civil Engineering,B.Tech,30,660,1982,Rural,Yes,Yes
1-44641734616,1-44641734616,U-0682,COIMBATORE INSTITUTE OF ENGINEERING AND TECHNOLOGY,Active,Tamil Nadu,Coimbatore,Coimbatore,"VELLIMALAIPATTINAM,  NARASIPURAM POST, THONDAMUTHUR VIA, COIMBATORE - 641 109",600081,11.03294,76.952411,Private-Self Financing,"Anna University, Chennai",Approved,Approved,A+,No,,Tier 3,http://www.coimbatore.ac.in,info@coimbatore.ac.in,admissions@coimbatore.ac.in,placement@coimbatore.ac.in,+91-80-515-8122,Data Science,B.Tech,120,660,1982,Rural,Yes,Yes
1-44641734616,1-44641734616,U-0682,COIMBATORE INSTITUTE OF ENGINEERING AND TECHNOLOGY,Active,Tamil Nadu,Coimbatore,Coimbatore,"VELLIMALAIPATTINAM,  NARASIPURAM POST, THONDAMUTHUR VIA, COIMBATORE - 641 109",600081,11.03294,76.952411,Private-Self Financing,"Anna University, Chennai",Approved,Approved,A+,No,,Tier 3,http://www.coimbatore.ac.in,info@coimbatore.ac.in,admissions@coimbatore.ac.in,placement@coimbatore.ac.in,+91-80-515-8122,Cyber Security,B.Tech,60,660,1982,Rural,Yes,Yes
1-44641734616,1-44641734616,U-0682,COIMBATORE INSTITUTE OF ENGINEERING AND TECHNOLOGY,Active,Tamil Nadu,Coimbatore,Coimbatore,"VELLIMALAIPATTINAM,  NARASIPURAM POST, THONDAMUTHUR VIA, COIMBATORE - 641 109",600081,11.03294,76.952411,Private-Self Financing,"Anna University, Chennai",Approved,Approved,A+,No,,Tier 3,http://www.coimbatore.ac.in,info@coimbatore.ac.in,admissions@coimbatore.ac.in,placement@coimbatore.ac.in,+91-80-515-8122,Other Engineering Branches,B.Tech,30,660,1982,Rural,Yes,Yes
1-44641734616,1-44641734616,U-0682,COIMBATORE INSTITUTE OF ENGINEERING AND TECHNOLOGY,Active,Tamil Nadu,Coimbatore,Coimbatore,"VELLIMALAIPATTINAM,  NARASIPURAM POST, THONDAMUTHUR VIA, COIMBATORE - 641 109",600081,11.03294,76.952411,Private-Self Financing,"Anna University, Chennai",Approved,Approved,A+,No,,Tier 3,http://www.coimbatore.ac.in,info@coimbatore.ac.in,admissions@coimbatore.ac.in,placement@coimbatore.ac.in,+91-80-515-8122,Artificial Intelligence & Machine Learning (AI & ML),B.Tech,30,660,1982,Rural,Yes,Yes
1-44641887732,1-44641887732,U-0682,SNS COLLEGE OF TECHNOLOGY,Active,Tamil Nadu,Coimbatore,Coimbatore,"SATHY MAIN ROAD, VAZHIYAMPALAYAM SARAVANAMPATTI POST COIMBATORE",600081,11.007942,76.96455,Private-Self Financing,"Anna University, Chennai",Approved,Approved,Not Accredited,No,,Tier 3,http://www.sns.ac.in,info@sns.ac.in,admissions@sns.ac.in,placement@sns.ac.in,+91-80-467-3207,Civil Engineering,B.Tech,60,1920,2002,Urban,Yes,Yes
1-44641887732,1-44641887732,U-0682,SNS COLLEGE OF TECHNOLOGY,Active,Tamil Nadu,Coimbatore,Coimbatore,"SATHY MAIN ROAD, VAZHIYAMPALAYAM SARAVANAMPATTI POST COIMBATORE",600081,11.007942,76.96455,Private-Self Financing,"Anna University, Chennai",Approved,Approved,Not Accredited,No,,Tier 3,http://www.sns.ac.in,info@sns.ac.in,admissions@sns.ac.in,placement@sns.ac.in,+91-80-467-3207,Computer Science Engineering (CSE),B.Tech,420,1920,2002,Urban,Yes,Yes
1-44641887732,1-44641887732,U-0682,SNS COLLEGE OF TECHNOLOGY,Active,Tamil Nadu,Coimbatore,Coimbatore,"SATHY MAIN ROAD, VAZHIYAMPALAYAM SARAVANAMPATTI POST COIMBATORE",600081,11.007942,76.96455,Private-Self Financing,"Anna University, Chennai",Approved,Approved,Not Accredited,No,,Tier 3,http://www.sns.ac.in,info@sns.ac.in,admissions@sns.ac.in,placement@sns.ac.in,+91-80-467-3207,Electrical & Electronics Engineering (EEE),B.Tech,90,1920,2002,Urban,Yes,Yes
1-44641887732,1-44641887732,U-0682,SNS COLLEGE OF TECHNOLOGY,Active,Tamil Nadu,Coimbatore,Coimbatore,"SATHY MAIN ROAD, VAZHIYAMPALAYAM SARAVANAMPATTI POST COIMBATORE",600081,11.007942,76.96455,Private-Self Financing,"Anna University, Chennai",Approved,Approved,Not Accredited,No,,Tier 3,http://www.sns.ac.in,info@sns.ac.in,admissions@sns.ac.in,placement@sns.ac.in,+91-80-467-3207,Electronics & Communication Engineering (ECE),B.Tech,300,1920,2002,Urban,Yes,Yes
1-44641887732,1-44641887732,U-0682,SNS COLLEGE OF TECHNOLOGY,Active,Tamil Nadu,Coimbatore,Coimbatore,"SATHY MAIN ROAD, VAZHIYAMPALAYAM SARAVANAMPATTI POST COIMBATORE",600081,11.007942,76.96455,Private-Self Financing,"Anna University, Chennai",Approved,Approved,Not Accredited,No,,Tier 3,http://www.sns.ac.in,info@sns.ac.in,admissions@sns.ac.in,placement@sns.ac.in,+91-80-467-3207,Information Technology (IT),B.Tech,180,1920,2002,Urban,Yes,Yes
1-44641887732,1-44641887732,U-0682,SNS COLLEGE OF TECHNOLOGY,Active,Tamil Nadu,Coimbatore,Coimbatore,"SATHY MAIN ROAD, VAZHIYAMPALAYAM SARAVANAMPATTI POST COIMBATORE",600081,11.007942,76.96455,Private-Self Financing,"Anna University, Chennai",Approved,Approved,Not Accredited,No,,Tier 3,http://www.sns.ac.in,info@sns.ac.in,admissions@sns.ac.in,placement@sns.ac.in,+91-80-467-3207,Other Engineering Branches,M.Tech,54,1920,2002,Urban,Yes,Yes
1-44641887732,1-44641887732,U-0682,SNS COLLEGE OF TECHNOLOGY,Active,Tamil Nadu,Coimbatore,Coimbatore,"SATHY MAIN ROAD, VAZHIYAMPALAYAM SARAVANAMPATTI POST COIMBATORE",600081,11.007942,76.96455,Private-Self Financing,"Anna University, Chennai",Approved,Approved,Not Accredited,No,,Tier 3,http://www.sns.ac.in,info@sns.ac.in,admissions@sns.ac.in,placement@sns.ac.in,+91-80-467-3207,Mechanical Engineering,B.Tech,210,1920,2002,Urban,Yes,Yes
1-44641887732,1-44641887732,U-0682,SNS COLLEGE OF TECHNOLOGY,Active,Tamil Nadu,Coimbatore,Coimbatore,"SATHY MAIN ROAD, VAZHIYAMPALAYAM SARAVANAMPATTI POST COIMBATORE",600081,11.007942,76.96455,Private-Self Financing,"Anna University, Chennai",Approved,Approved,Not Accredited,No,,Tier 3,http://www.sns.ac.in,info@sns.ac.in,admissions@sns.ac.in,placement@sns.ac.in,+91-80-467-3207,Computer Science Engineering (CSE),M.Tech,6,1920,2002,Urban,Yes,Yes
1-44641887732,1-44641887732,U-0682,SNS COLLEGE OF TECHNOLOGY,Active,Tamil Nadu,Coimbatore,Coimbatore,"SATHY MAIN ROAD, VAZHIYAMPALAYAM SARAVANAMPATTI POST COIMBATORE",600081,11.007942,76.96455,Private-Self Financing,"Anna University, Chennai",Approved,Approved,Not Accredited,No,,Tier 3,http://www.sns.ac.in,info@sns.ac.in,admissions@sns.ac.in,placement@sns.ac.in,+91-80-467-3207,Automobile Engineering,B.Tech,30,1920,2002,Urban,Yes,Yes
1-44641887732,1-44641887732,U-0682,SNS COLLEGE OF TECHNOLOGY,Active,Tamil Nadu,Coimbatore,Coimbatore,"SATHY MAIN ROAD, VAZHIYAMPALAYAM SARAVANAMPATTI POST COIMBATORE",600081,11.007942,76.96455,Private-Self Financing,"Anna University, Chennai",Approved,Approved,Not Accredited,No,,Tier 3,http://www.sns.ac.in,info@sns.ac.in,admissions@sns.ac.in,placement@sns.ac.in,+91-80-467-3207,Agricultural Engineering,B.Tech,60,1920,2002,Urban,Yes,Yes
1-44641887732,1-44641887732,U-0682,SNS COLLEGE OF TECHNOLOGY,Active,Tamil Nadu,Coimbatore,Coimbatore,"SATHY MAIN ROAD, VAZHIYAMPALAYAM SARAVANAMPATTI POST COIMBATORE",600081,11.007942,76.96455,Private-Self Financing,"Anna University, Chennai",Approved,Approved,Not Accredited,No,,Tier 3,http://www.sns.ac.in,info@sns.ac.in,admissions@sns.ac.in,placement@sns.ac.in,+91-80-467-3207,Other Engineering Branches,B.Tech,120,1920,2002,Urban,Yes,Yes
1-44641887732,1-44641887732,U-0682,SNS COLLEGE OF TECHNOLOGY,Active,Tamil Nadu,Coimbatore,Coimbatore,"SATHY MAIN ROAD, VAZHIYAMPALAYAM SARAVANAMPATTI POST COIMBATORE",600081,11.007942,76.96455,Private-Self Financing,"Anna University, Chennai",Approved,Approved,Not Accredited,No,,Tier 3,http://www.sns.ac.in,info@sns.ac.in,admissions@sns.ac.in,placement@sns.ac.in,+91-80-467-3207,Aeronautical Engineering,B.Tech,30,1920,2002,Urban,Yes,Yes
1-44641887732,1-44641887732,U-0682,SNS COLLEGE OF TECHNOLOGY,Active,Tamil Nadu,Coimbatore,Coimbatore,"SATHY MAIN ROAD, VAZHIYAMPALAYAM SARAVANAMPATTI POST COIMBATORE",600081,11.007942,76.96455,Private-Self Financing,"Anna University, Chennai",Approved,Approved,Not Accredited,No,,Tier 3,http://www.sns.ac.in,info@sns.ac.in,admissions@sns.ac.in,placement@sns.ac.in,+91-80-467-3207,Artificial Intelligence & Machine Learning (AI & ML),B.Tech,120,1920,2002,Urban,Yes,Yes
1-44641887732,1-44641887732,U-0682,SNS COLLEGE OF TECHNOLOGY,Active,Tamil Nadu,Coimbatore,Coimbatore,"SATHY MAIN ROAD, VAZHIYAMPALAYAM SARAVANAMPATTI POST COIMBATORE",600081,11.007942,76.96455,Private-Self Financing,"Anna University, Chennai",Approved,Approved,Not Accredited,No,,Tier 3,http://www.sns.ac.in,info@sns.ac.in,admissions@sns.ac.in,placement@sns.ac.in,+91-80-467-3207,Data Science,B.Tech,180,1920,2002,Urban,Yes,Yes
1-44641887732,1-44641887732,U-0682,SNS COLLEGE OF TECHNOLOGY,Active,Tamil Nadu,Coimbatore,Coimbatore,"SATHY MAIN ROAD, VAZHIYAMPALAYAM SARAVANAMPATTI POST COIMBATORE",600081,11.007942,76.96455,Private-Self Financing,"Anna University, Chennai",Approved,Approved,Not Accredited,No,,Tier 3,http://www.sns.ac.in,info@sns.ac.in,admissions@sns.ac.in,placement@sns.ac.in,+91-80-467-3207,Cyber Security,B.Tech,60,1920,2002,Urban,Yes,Yes
1-44641891284,1-44641891284,U-0682,SRI  SHAKTHI  INSTITUTE  OF  ENGINEERING  AND  TECHNOLOGY,Active,Tamil Nadu,Coimbatore,Coimbatore,"SRI  SHAKTHI  NAGAR, L & T  BY-PASS ROAD, CHINNIYAMPALAYAM  POST,",600081,11.012439,76.962959,Private-Self Financing,"Anna University, Chennai",Approved,Approved,Not Accredited,No,,Tier 3,http://www.srishakthi.ac.in,info@srishakthi.ac.in,admissions@srishakthi.ac.in,placement@srishakthi.ac.in,+91-80-655-9405,Other Engineering Branches,M.Tech,108,1746,1990,Urban,Yes,Yes
1-44641891284,1-44641891284,U-0682,SRI  SHAKTHI  INSTITUTE  OF  ENGINEERING  AND  TECHNOLOGY,Active,Tamil Nadu,Coimbatore,Coimbatore,"SRI  SHAKTHI  NAGAR, L & T  BY-PASS ROAD, CHINNIYAMPALAYAM  POST,",600081,11.012439,76.962959,Private-Self Financing,"Anna University, Chennai",Approved,Approved,Not Accredited,No,,Tier 3,http://www.srishakthi.ac.in,info@srishakthi.ac.in,admissions@srishakthi.ac.in,placement@srishakthi.ac.in,+91-80-655-9405,Computer Science Engineering (CSE),B.Tech,300,1746,1990,Urban,Yes,Yes
1-44641891284,1-44641891284,U-0682,SRI  SHAKTHI  INSTITUTE  OF  ENGINEERING  AND  TECHNOLOGY,Active,Tamil Nadu,Coimbatore,Coimbatore,"SRI  SHAKTHI  NAGAR, L & T  BY-PASS ROAD, CHINNIYAMPALAYAM  POST,",600081,11.012439,76.962959,Private-Self Financing,"Anna University, Chennai",Approved,Approved,Not Accredited,No,,Tier 3,http://www.srishakthi.ac.in,info@srishakthi.ac.in,admissions@srishakthi.ac.in,placement@srishakthi.ac.in,+91-80-655-9405,Computer Science Engineering (CSE),M.Tech,18,1746,1990,Urban,Yes,Yes
1-44641891284,1-44641891284,U-0682,SRI  SHAKTHI  INSTITUTE  OF  ENGINEERING  AND  TECHNOLOGY,Active,Tamil Nadu,Coimbatore,Coimbatore,"SRI  SHAKTHI  NAGAR, L & T  BY-PASS ROAD, CHINNIYAMPALAYAM  POST,",600081,11.012439,76.962959,Private-Self Financing,"Anna University, Chennai",Approved,Approved,Not Accredited,No,,Tier 3,http://www.srishakthi.ac.in,info@srishakthi.ac.in,admissions@srishakthi.ac.in,placement@srishakthi.ac.in,+91-80-655-9405,Electronics & Communication Engineering (ECE),B.Tech,180,1746,1990,Urban,Yes,Yes
1-44641891284,1-44641891284,U-0682,SRI  SHAKTHI  INSTITUTE  OF  ENGINEERING  AND  TECHNOLOGY,Active,Tamil Nadu,Coimbatore,Coimbatore,"SRI  SHAKTHI  NAGAR, L & T  BY-PASS ROAD, CHINNIYAMPALAYAM  POST,",600081,11.012439,76.962959,Private-Self Financing,"Anna University, Chennai",Approved,Approved,Not Accredited,No,,Tier 3,http://www.srishakthi.ac.in,info@srishakthi.ac.in,admissions@srishakthi.ac.in,placement@srishakthi.ac.in,+91-80-655-9405,Electrical & Electronics Engineering (EEE),B.Tech,60,1746,1990,Urban,Yes,Yes
1-44641891284,1-44641891284,U-0682,SRI  SHAKTHI  INSTITUTE  OF  ENGINEERING  AND  TECHNOLOGY,Active,Tamil Nadu,Coimbatore,Coimbatore,"SRI  SHAKTHI  NAGAR, L & T  BY-PASS ROAD, CHINNIYAMPALAYAM  POST,",600081,11.012439,76.962959,Private-Self Financing,"Anna University, Chennai",Approved,Approved,Not Accredited,No,,Tier 3,http://www.srishakthi.ac.in,info@srishakthi.ac.in,admissions@srishakthi.ac.in,placement@srishakthi.ac.in,+91-80-655-9405,Information Technology (IT),B.Tech,180,1746,1990,Urban,Yes,Yes
1-44641891284,1-44641891284,U-0682,SRI  SHAKTHI  INSTITUTE  OF  ENGINEERING  AND  TECHNOLOGY,Active,Tamil Nadu,Coimbatore,Coimbatore,"SRI  SHAKTHI  NAGAR, L & T  BY-PASS ROAD, CHINNIYAMPALAYAM  POST,",600081,11.012439,76.962959,Private-Self Financing,"Anna University, Chennai",Approved,Approved,Not Accredited,No,,Tier 3,http://www.srishakthi.ac.in,info@srishakthi.ac.in,admissions@srishakthi.ac.in,placement@srishakthi.ac.in,+91-80-655-9405,Mechanical Engineering,B.Tech,60,1746,1990,Urban,Yes,Yes
1-44641891284,1-44641891284,U-0682,SRI  SHAKTHI  INSTITUTE  OF  ENGINEERING  AND  TECHNOLOGY,Active,Tamil Nadu,Coimbatore,Coimbatore,"SRI  SHAKTHI  NAGAR, L & T  BY-PASS ROAD, CHINNIYAMPALAYAM  POST,",600081,11.012439,76.962959,Private-Self Financing,"Anna University, Chennai",Approved,Approved,Not Accredited,No,,Tier 3,http://www.srishakthi.ac.in,info@srishakthi.ac.in,admissions@srishakthi.ac.in,placement@srishakthi.ac.in,+91-80-655-9405,Civil Engineering,B.Tech,60,1746,1990,Urban,Yes,Yes
1-44641891284,1-44641891284,U-0682,SRI  SHAKTHI  INSTITUTE  OF  ENGINEERING  AND  TECHNOLOGY,Active,Tamil Nadu,Coimbatore,Coimbatore,"SRI  SHAKTHI  NAGAR, L & T  BY-PASS ROAD, CHINNIYAMPALAYAM  POST,",600081,11.012439,76.962959,Private-Self Financing,"Anna University, Chennai",Approved,Approved,Not Accredited,No,,Tier 3,http://www.srishakthi.ac.in,info@srishakthi.ac.in,admissions@srishakthi.ac.in,placement@srishakthi.ac.in,+91-80-655-9405,Agricultural Engineering,B.Tech,60,1746,1990,Urban,Yes,Yes
1-44641891284,1-44641891284,U-0682,SRI  SHAKTHI  INSTITUTE  OF  ENGINEERING  AND  TECHNOLOGY,Active,Tamil Nadu,Coimbatore,Coimbatore,"SRI  SHAKTHI  NAGAR, L & T  BY-PASS ROAD, CHINNIYAMPALAYAM  POST,",600081,11.012439,76.962959,Private-Self Financing,"Anna University, Chennai",Approved,Approved,Not Accredited,No,,Tier 3,http://www.srishakthi.ac.in,info@srishakthi.ac.in,admissions@srishakthi.ac.in,placement@srishakthi.ac.in,+91-80-655-9405,Other Engineering Branches,B.Tech,180,1746,1990,Urban,Yes,Yes
1-44641891284,1-44641891284,U-0682,SRI  SHAKTHI  INSTITUTE  OF  ENGINEERING  AND  TECHNOLOGY,Active,Tamil Nadu,Coimbatore,Coimbatore,"SRI  SHAKTHI  NAGAR, L & T  BY-PASS ROAD, CHINNIYAMPALAYAM  POST,",600081,11.012439,76.962959,Private-Self Financing,"Anna University, Chennai",Approved,Approved,Not Accredited,No,,Tier 3,http://www.srishakthi.ac.in,info@srishakthi.ac.in,admissions@srishakthi.ac.in,placement@srishakthi.ac.in,+91-80-655-9405,Biotechnology,B.Tech,60,1746,1990,Urban,Yes,Yes
1-44641891284,1-44641891284,U-0682,SRI  SHAKTHI  INSTITUTE  OF  ENGINEERING  AND  TECHNOLOGY,Active,Tamil Nadu,Coimbatore,Coimbatore,"SRI  SHAKTHI  NAGAR, L & T  BY-PASS ROAD, CHINNIYAMPALAYAM  POST,",600081,11.012439,76.962959,Private-Self Financing,"Anna University, Chennai",Approved,Approved,Not Accredited,No,,Tier 3,http://www.srishakthi.ac.in,info@srishakthi.ac.in,admissions@srishakthi.ac.in,placement@srishakthi.ac.in,+91-80-655-9405,Artificial Intelligence & Machine Learning (AI & ML),B.Tech,120,1746,1990,Urban,Yes,Yes
1-44641891284,1-44641891284,U-0682,SRI  SHAKTHI  INSTITUTE  OF  ENGINEERING  AND  TECHNOLOGY,Active,Tamil Nadu,Coimbatore,Coimbatore,"SRI  SHAKTHI  NAGAR, L & T  BY-PASS ROAD, CHINNIYAMPALAYAM  POST,",600081,11.012439,76.962959,Private-Self Financing,"Anna University, Chennai",Approved,Approved,Not Accredited,No,,Tier 3,http://www.srishakthi.ac.in,info@srishakthi.ac.in,admissions@srishakthi.ac.in,placement@srishakthi.ac.in,+91-80-655-9405,Data Science,B.Tech,240,1746,1990,Urban,Yes,Yes
1-44641891284,1-44641891284,U-0682,SRI  SHAKTHI  INSTITUTE  OF  ENGINEERING  AND  TECHNOLOGY,Active,Tamil Nadu,Coimbatore,Coimbatore,"SRI  SHAKTHI  NAGAR, L & T  BY-PASS ROAD, CHINNIYAMPALAYAM  POST,",600081,11.012439,76.962959,Private-Self Financing,"Anna University, Chennai",Approved,Approved,Not Accredited,No,,Tier 3,http://www.srishakthi.ac.in,info@srishakthi.ac.in,admissions@srishakthi.ac.in,placement@srishakthi.ac.in,+91-80-655-9405,Cyber Security,B.Tech,120,1746,1990,Urban,Yes,Yes
1-44641554121,1-44641554121,U-0682,DHAANISH AHMED INSTITUTE OF TECHNOLOGY,Active,Tamil Nadu,Coimbatore,Coimbatore,PICHANUR VILLAGE,600081,10.999042,76.946306,Private-Self Financing,"Anna University, Chennai",Approved,Approved,Not Accredited,No,,Tier 3,http://www.dhaanishahmed.ac.in,info@dhaanishahmed.ac.in,admissions@dhaanishahmed.ac.in,placement@dhaanishahmed.ac.in,+91-80-094-0611,Computer Science Engineering (CSE),B.Tech,60,360,1994,Urban,Yes,Yes
1-44641554121,1-44641554121,U-0682,DHAANISH AHMED INSTITUTE OF TECHNOLOGY,Active,Tamil Nadu,Coimbatore,Coimbatore,PICHANUR VILLAGE,600081,10.999042,76.946306,Private-Self Financing,"Anna University, Chennai",Approved,Approved,Not Accredited,No,,Tier 3,http://www.dhaanishahmed.ac.in,info@dhaanishahmed.ac.in,admissions@dhaanishahmed.ac.in,placement@dhaanishahmed.ac.in,+91-80-094-0611,Other Engineering Branches,B.Tech,60,360,1994,Urban,Yes,Yes
1-44641554121,1-44641554121,U-0682,DHAANISH AHMED INSTITUTE OF TECHNOLOGY,Active,Tamil Nadu,Coimbatore,Coimbatore,PICHANUR VILLAGE,600081,10.999042,76.946306,Private-Self Financing,"Anna University, Chennai",Approved,Approved,Not Accredited,No,,Tier 3,http://www.dhaanishahmed.ac.in,info@dhaanishahmed.ac.in,admissions@dhaanishahmed.ac.in,placement@dhaanishahmed.ac.in,+91-80-094-0611,Robotics,B.Tech,60,360,1994,Urban,Yes,Yes
1-44641554121,1-44641554121,U-0682,DHAANISH AHMED INSTITUTE OF TECHNOLOGY,Active,Tamil Nadu,Coimbatore,Coimbatore,PICHANUR VILLAGE,600081,10.999042,76.946306,Private-Self Financing,"Anna University, Chennai",Approved,Approved,Not Accredited,No,,Tier 3,http://www.dhaanishahmed.ac.in,info@dhaanishahmed.ac.in,admissions@dhaanishahmed.ac.in,placement@dhaanishahmed.ac.in,+91-80-094-0611,Data Science,B.Tech,60,360,1994,Urban,Yes,Yes
1-44641554121,1-44641554121,U-0682,DHAANISH AHMED INSTITUTE OF TECHNOLOGY,Active,Tamil Nadu,Coimbatore,Coimbatore,PICHANUR VILLAGE,600081,10.999042,76.946306,Private-Self Financing,"Anna University, Chennai",Approved,Approved,Not Accredited,No,,Tier 3,http://www.dhaanishahmed.ac.in,info@dhaanishahmed.ac.in,admissions@dhaanishahmed.ac.in,placement@dhaanishahmed.ac.in,+91-80-094-0611,Cyber Security,B.Tech,30,360,1994,Urban,Yes,Yes
1-44641554121,1-44641554121,U-0682,DHAANISH AHMED INSTITUTE OF TECHNOLOGY,Active,Tamil Nadu,Coimbatore,Coimbatore,PICHANUR VILLAGE,600081,10.999042,76.946306,Private-Self Financing,"Anna University, Chennai",Approved,Approved,Not Accredited,No,,Tier 3,http://www.dhaanishahmed.ac.in,info@dhaanishahmed.ac.in,admissions@dhaanishahmed.ac.in,placement@dhaanishahmed.ac.in,+91-80-094-0611,Artificial Intelligence & Machine Learning (AI & ML),B.Tech,30,360,1994,Urban,Yes,Yes
1-44641554121,1-44641554121,U-0682,DHAANISH AHMED INSTITUTE OF TECHNOLOGY,Active,Tamil Nadu,Coimbatore,Coimbatore,PICHANUR VILLAGE,600081,10.999042,76.946306,Private-Self Financing,"Anna University, Chennai",Approved,Approved,Not Accredited,No,,Tier 3,http://www.dhaanishahmed.ac.in,info@dhaanishahmed.ac.in,admissions@dhaanishahmed.ac.in,placement@dhaanishahmed.ac.in,+91-80-094-0611,Electronics & Communication Engineering (ECE),B.Tech,30,360,1994,Urban,Yes,Yes
1-44641554121,1-44641554121,U-0682,DHAANISH AHMED INSTITUTE OF TECHNOLOGY,Active,Tamil Nadu,Coimbatore,Coimbatore,PICHANUR VILLAGE,600081,10.999042,76.946306,Private-Self Financing,"Anna University, Chennai",Approved,Approved,Not Accredited,No,,Tier 3,http://www.dhaanishahmed.ac.in,info@dhaanishahmed.ac.in,admissions@dhaanishahmed.ac.in,placement@dhaanishahmed.ac.in,+91-80-094-0611,Information Technology (IT),B.Tech,30,360,1994,Urban,Yes,Yes
1-44641555490,1-44641555490,U-0682,EASA COLLEGE OF ENGINEERING & TECHNOLOGY,Active,Tamil Nadu,Coimbatore,Coimbatore,"NH-47, PALAKKAD MAIN ROAD, NAVAKKARAI(PO), COIMBATORE-641105",641105,11.01506,76.955507,Private-Self Financing,"Anna University, Chennai",Approved,Approved,B,No,,Tier 3,http://www.easa.ac.in,info@easa.ac.in,admissions@easa.ac.in,placement@easa.ac.in,+91-80-765-8878,Other Engineering Branches,M.Tech,90,708,2000,Urban,Yes,Yes
1-44641555490,1-44641555490,U-0682,EASA COLLEGE OF ENGINEERING & TECHNOLOGY,Active,Tamil Nadu,Coimbatore,Coimbatore,"NH-47, PALAKKAD MAIN ROAD, NAVAKKARAI(PO), COIMBATORE-641105",641105,11.01506,76.955507,Private-Self Financing,"Anna University, Chennai",Approved,Approved,B,No,,Tier 3,http://www.easa.ac.in,info@easa.ac.in,admissions@easa.ac.in,placement@easa.ac.in,+91-80-765-8878,Information Technology (IT),B.Tech,60,708,2000,Urban,Yes,Yes
1-44641555490,1-44641555490,U-0682,EASA COLLEGE OF ENGINEERING & TECHNOLOGY,Active,Tamil Nadu,Coimbatore,Coimbatore,"NH-47, PALAKKAD MAIN ROAD, NAVAKKARAI(PO), COIMBATORE-641105",641105,11.01506,76.955507,Private-Self Financing,"Anna University, Chennai",Approved,Approved,B,No,,Tier 3,http://www.easa.ac.in,info@easa.ac.in,admissions@easa.ac.in,placement@easa.ac.in,+91-80-765-8878,Mechanical Engineering,B.Tech,60,708,2000,Urban,Yes,Yes
1-44641555490,1-44641555490,U-0682,EASA COLLEGE OF ENGINEERING & TECHNOLOGY,Active,Tamil Nadu,Coimbatore,Coimbatore,"NH-47, PALAKKAD MAIN ROAD, NAVAKKARAI(PO), COIMBATORE-641105",641105,11.01506,76.955507,Private-Self Financing,"Anna University, Chennai",Approved,Approved,B,No,,Tier 3,http://www.easa.ac.in,info@easa.ac.in,admissions@easa.ac.in,placement@easa.ac.in,+91-80-765-8878,Computer Science Engineering (CSE),B.Tech,60,708,2000,Urban,Yes,Yes
1-44641555490,1-44641555490,U-0682,EASA COLLEGE OF ENGINEERING & TECHNOLOGY,Active,Tamil Nadu,Coimbatore,Coimbatore,"NH-47, PALAKKAD MAIN ROAD, NAVAKKARAI(PO), COIMBATORE-641105",641105,11.01506,76.955507,Private-Self Financing,"Anna University, Chennai",Approved,Approved,B,No,,Tier 3,http://www.easa.ac.in,info@easa.ac.in,admissions@easa.ac.in,placement@easa.ac.in,+91-80-765-8878,Electronics & Communication Engineering (ECE),B.Tech,60,708,2000,Urban,Yes,Yes
1-44641555490,1-44641555490,U-0682,EASA COLLEGE OF ENGINEERING & TECHNOLOGY,Active,Tamil Nadu,Coimbatore,Coimbatore,"NH-47, PALAKKAD MAIN ROAD, NAVAKKARAI(PO), COIMBATORE-641105",641105,11.01506,76.955507,Private-Self Financing,"Anna University, Chennai",Approved,Approved,B,No,,Tier 3,http://www.easa.ac.in,info@easa.ac.in,admissions@easa.ac.in,placement@easa.ac.in,+91-80-765-8878,Computer Science Engineering (CSE),M.Tech,18,708,2000,Urban,Yes,Yes
1-44641555490,1-44641555490,U-0682,EASA COLLEGE OF ENGINEERING & TECHNOLOGY,Active,Tamil Nadu,Coimbatore,Coimbatore,"NH-47, PALAKKAD MAIN ROAD, NAVAKKARAI(PO), COIMBATORE-641105",641105,11.01506,76.955507,Private-Self Financing,"Anna University, Chennai",Approved,Approved,B,No,,Tier 3,http://www.easa.ac.in,info@easa.ac.in,admissions@easa.ac.in,placement@easa.ac.in,+91-80-765-8878,Data Science,B.Tech,60,708,2000,Urban,Yes,Yes
1-44641555490,1-44641555490,U-0682,EASA COLLEGE OF ENGINEERING & TECHNOLOGY,Active,Tamil Nadu,Coimbatore,Coimbatore,"NH-47, PALAKKAD MAIN ROAD, NAVAKKARAI(PO), COIMBATORE-641105",641105,11.01506,76.955507,Private-Self Financing,"Anna University, Chennai",Approved,Approved,B,No,,Tier 3,http://www.easa.ac.in,info@easa.ac.in,admissions@easa.ac.in,placement@easa.ac.in,+91-80-765-8878,Agricultural Engineering,B.Tech,60,708,2000,Urban,Yes,Yes
1-44641555490,1-44641555490,U-0682,EASA COLLEGE OF ENGINEERING & TECHNOLOGY,Active,Tamil Nadu,Coimbatore,Coimbatore,"NH-47, PALAKKAD MAIN ROAD, NAVAKKARAI(PO), COIMBATORE-641105",641105,11.01506,76.955507,Private-Self Financing,"Anna University, Chennai",Approved,Approved,B,No,,Tier 3,http://www.easa.ac.in,info@easa.ac.in,admissions@easa.ac.in,placement@easa.ac.in,+91-80-765-8878,Cyber Security,B.Tech,60,708,2000,Urban,Yes,Yes
1-44641555490,1-44641555490,U-0682,EASA COLLEGE OF ENGINEERING & TECHNOLOGY,Active,Tamil Nadu,Coimbatore,Coimbatore,"NH-47, PALAKKAD MAIN ROAD, NAVAKKARAI(PO), COIMBATORE-641105",641105,11.01506,76.955507,Private-Self Financing,"Anna University, Chennai",Approved,Approved,B,No,,Tier 3,http://www.easa.ac.in,info@easa.ac.in,admissions@easa.ac.in,placement@easa.ac.in,+91-80-765-8878,Electrical & Electronics Engineering (EEE),B.Tech,60,708,2000,Urban,Yes,Yes
1-44641555490,1-44641555490,U-0682,EASA COLLEGE OF ENGINEERING & TECHNOLOGY,Active,Tamil Nadu,Coimbatore,Coimbatore,"NH-47, PALAKKAD MAIN ROAD, NAVAKKARAI(PO), COIMBATORE-641105",641105,11.01506,76.955507,Private-Self Financing,"Anna University, Chennai",Approved,Approved,B,No,,Tier 3,http://www.easa.ac.in,info@easa.ac.in,admissions@easa.ac.in,placement@easa.ac.in,+91-80-765-8878,Artificial Intelligence & Machine Learning (AI & ML),B.Tech,60,708,2000,Urban,Yes,Yes
1-44641555490,1-44641555490,U-0682,EASA COLLEGE OF ENGINEERING & TECHNOLOGY,Active,Tamil Nadu,Coimbatore,Coimbatore,"NH-47, PALAKKAD MAIN ROAD, NAVAKKARAI(PO), COIMBATORE-641105",641105,11.01506,76.955507,Private-Self Financing,"Anna University, Chennai",Approved,Approved,B,No,,Tier 3,http://www.easa.ac.in,info@easa.ac.in,admissions@easa.ac.in,placement@easa.ac.in,+91-80-765-8878,Other Engineering Branches,B.Tech,60,708,2000,Urban,Yes,Yes
1-44641747141,1-44641747141,U-0992,AMRITA VISHWA VIDYAPEETHAM COIMBATORE CAMPUS,Active,Tamil Nadu,Coimbatore,Coimbatore,"AMRITA NAGAR POST,  ETTIMADAI COIMBATORE, TAMIL NADU",600081,11.034742,76.940862,Deemed to be University(Pvt),NOT APPLICABLE,Approved,Approved,A+,Yes,,Tier 2,http://www.amritavishwavidyapeetham.ac.in,info@amritavishwavidyapeetham.ac.in,admissions@amritavishwavidyapeetham.ac.in,placement@amritavishwavidyapeetham.ac.in,+91-80-591-4016,Chemical Engineering,B.Tech,60,2406,1995,Rural,Yes,Yes
1-44641747141,1-44641747141,U-0992,AMRITA VISHWA VIDYAPEETHAM COIMBATORE CAMPUS,Active,Tamil Nadu,Coimbatore,Coimbatore,"AMRITA NAGAR POST,  ETTIMADAI COIMBATORE, TAMIL NADU",600081,11.034742,76.940862,Deemed to be University(Pvt),NOT APPLICABLE,Approved,Approved,A+,Yes,,Tier 2,http://www.amritavishwavidyapeetham.ac.in,info@amritavishwavidyapeetham.ac.in,admissions@amritavishwavidyapeetham.ac.in,placement@amritavishwavidyapeetham.ac.in,+91-80-591-4016,Civil Engineering,B.Tech,60,2406,1995,Rural,Yes,Yes
1-44641747141,1-44641747141,U-0992,AMRITA VISHWA VIDYAPEETHAM COIMBATORE CAMPUS,Active,Tamil Nadu,Coimbatore,Coimbatore,"AMRITA NAGAR POST,  ETTIMADAI COIMBATORE, TAMIL NADU",600081,11.034742,76.940862,Deemed to be University(Pvt),NOT APPLICABLE,Approved,Approved,A+,Yes,,Tier 2,http://www.amritavishwavidyapeetham.ac.in,info@amritavishwavidyapeetham.ac.in,admissions@amritavishwavidyapeetham.ac.in,placement@amritavishwavidyapeetham.ac.in,+91-80-591-4016,Computer Science Engineering (CSE),B.Tech,840,2406,1995,Rural,Yes,Yes
1-44641747141,1-44641747141,U-0992,AMRITA VISHWA VIDYAPEETHAM COIMBATORE CAMPUS,Active,Tamil Nadu,Coimbatore,Coimbatore,"AMRITA NAGAR POST,  ETTIMADAI COIMBATORE, TAMIL NADU",600081,11.034742,76.940862,Deemed to be University(Pvt),NOT APPLICABLE,Approved,Approved,A+,Yes,,Tier 2,http://www.amritavishwavidyapeetham.ac.in,info@amritavishwavidyapeetham.ac.in,admissions@amritavishwavidyapeetham.ac.in,placement@amritavishwavidyapeetham.ac.in,+91-80-591-4016,Other Engineering Branches,M.Tech,210,2406,1995,Rural,Yes,Yes
1-44641747141,1-44641747141,U-0992,AMRITA VISHWA VIDYAPEETHAM COIMBATORE CAMPUS,Active,Tamil Nadu,Coimbatore,Coimbatore,"AMRITA NAGAR POST,  ETTIMADAI COIMBATORE, TAMIL NADU",600081,11.034742,76.940862,Deemed to be University(Pvt),NOT APPLICABLE,Approved,Approved,A+,Yes,,Tier 2,http://www.amritavishwavidyapeetham.ac.in,info@amritavishwavidyapeetham.ac.in,admissions@amritavishwavidyapeetham.ac.in,placement@amritavishwavidyapeetham.ac.in,+91-80-591-4016,Aeronautical Engineering,B.Tech,60,2406,1995,Rural,Yes,Yes
1-44641747141,1-44641747141,U-0992,AMRITA VISHWA VIDYAPEETHAM COIMBATORE CAMPUS,Active,Tamil Nadu,Coimbatore,Coimbatore,"AMRITA NAGAR POST,  ETTIMADAI COIMBATORE, TAMIL NADU",600081,11.034742,76.940862,Deemed to be University(Pvt),NOT APPLICABLE,Approved,Approved,A+,Yes,,Tier 2,http://www.amritavishwavidyapeetham.ac.in,info@amritavishwavidyapeetham.ac.in,admissions@amritavishwavidyapeetham.ac.in,placement@amritavishwavidyapeetham.ac.in,+91-80-591-4016,Computer Science Engineering (CSE),M.Tech,30,2406,1995,Rural,Yes,Yes
1-44641747141,1-44641747141,U-0992,AMRITA VISHWA VIDYAPEETHAM COIMBATORE CAMPUS,Active,Tamil Nadu,Coimbatore,Coimbatore,"AMRITA NAGAR POST,  ETTIMADAI COIMBATORE, TAMIL NADU",600081,11.034742,76.940862,Deemed to be University(Pvt),NOT APPLICABLE,Approved,Approved,A+,Yes,,Tier 2,http://www.amritavishwavidyapeetham.ac.in,info@amritavishwavidyapeetham.ac.in,admissions@amritavishwavidyapeetham.ac.in,placement@amritavishwavidyapeetham.ac.in,+91-80-591-4016,Electronics & Communication Engineering (ECE),B.Tech,180,2406,1995,Rural,Yes,Yes
1-44641747141,1-44641747141,U-0992,AMRITA VISHWA VIDYAPEETHAM COIMBATORE CAMPUS,Active,Tamil Nadu,Coimbatore,Coimbatore,"AMRITA NAGAR POST,  ETTIMADAI COIMBATORE, TAMIL NADU",600081,11.034742,76.940862,Deemed to be University(Pvt),NOT APPLICABLE,Approved,Approved,A+,Yes,,Tier 2,http://www.amritavishwavidyapeetham.ac.in,info@amritavishwavidyapeetham.ac.in,admissions@amritavishwavidyapeetham.ac.in,placement@amritavishwavidyapeetham.ac.in,+91-80-591-4016,Other Engineering Branches,B.Tech,120,2406,1995,Rural,Yes,Yes
1-44641747141,1-44641747141,U-0992,AMRITA VISHWA VIDYAPEETHAM COIMBATORE CAMPUS,Active,Tamil Nadu,Coimbatore,Coimbatore,"AMRITA NAGAR POST,  ETTIMADAI COIMBATORE, TAMIL NADU",600081,11.034742,76.940862,Deemed to be University(Pvt),NOT APPLICABLE,Approved,Approved,A+,Yes,,Tier 2,http://www.amritavishwavidyapeetham.ac.in,info@amritavishwavidyapeetham.ac.in,admissions@amritavishwavidyapeetham.ac.in,placement@amritavishwavidyapeetham.ac.in,+91-80-591-4016,Automobile Engineering,M.Tech,54,2406,1995,Rural,Yes,Yes
1-44641747141,1-44641747141,U-0992,AMRITA VISHWA VIDYAPEETHAM COIMBATORE CAMPUS,Active,Tamil Nadu,Coimbatore,Coimbatore,"AMRITA NAGAR POST,  ETTIMADAI COIMBATORE, TAMIL NADU",600081,11.034742,76.940862,Deemed to be University(Pvt),NOT APPLICABLE,Approved,Approved,A+,Yes,,Tier 2,http://www.amritavishwavidyapeetham.ac.in,info@amritavishwavidyapeetham.ac.in,admissions@amritavishwavidyapeetham.ac.in,placement@amritavishwavidyapeetham.ac.in,+91-80-591-4016,Electrical & Electronics Engineering (EEE),B.Tech,120,2406,1995,Rural,Yes,Yes
1-44641747141,1-44641747141,U-0992,AMRITA VISHWA VIDYAPEETHAM COIMBATORE CAMPUS,Active,Tamil Nadu,Coimbatore,Coimbatore,"AMRITA NAGAR POST,  ETTIMADAI COIMBATORE, TAMIL NADU",600081,11.034742,76.940862,Deemed to be University(Pvt),NOT APPLICABLE,Approved,Approved,A+,Yes,,Tier 2,http://www.amritavishwavidyapeetham.ac.in,info@amritavishwavidyapeetham.ac.in,admissions@amritavishwavidyapeetham.ac.in,placement@amritavishwavidyapeetham.ac.in,+91-80-591-4016,Mechanical Engineering,B.Tech,120,2406,1995,Rural,Yes,Yes
1-44641747141,1-44641747141,U-0992,AMRITA VISHWA VIDYAPEETHAM COIMBATORE CAMPUS,Active,Tamil Nadu,Coimbatore,Coimbatore,"AMRITA NAGAR POST,  ETTIMADAI COIMBATORE, TAMIL NADU",600081,11.034742,76.940862,Deemed to be University(Pvt),NOT APPLICABLE,Approved,Approved,A+,Yes,,Tier 2,http://www.amritavishwavidyapeetham.ac.in,info@amritavishwavidyapeetham.ac.in,admissions@amritavishwavidyapeetham.ac.in,placement@amritavishwavidyapeetham.ac.in,+91-80-591-4016,Robotics,M.Tech,24,2406,1995,Rural,Yes,Yes
1-44641747141,1-44641747141,U-0992,AMRITA VISHWA VIDYAPEETHAM COIMBATORE CAMPUS,Active,Tamil Nadu,Coimbatore,Coimbatore,"AMRITA NAGAR POST,  ETTIMADAI COIMBATORE, TAMIL NADU",600081,11.034742,76.940862,Deemed to be University(Pvt),NOT APPLICABLE,Approved,Approved,A+,Yes,,Tier 2,http://www.amritavishwavidyapeetham.ac.in,info@amritavishwavidyapeetham.ac.in,admissions@amritavishwavidyapeetham.ac.in,placement@amritavishwavidyapeetham.ac.in,+91-80-591-4016,Information Technology (IT),M.Tech,30,2406,1995,Rural,Yes,Yes
1-44641747141,1-44641747141,U-0992,AMRITA VISHWA VIDYAPEETHAM COIMBATORE CAMPUS,Active,Tamil Nadu,Coimbatore,Coimbatore,"AMRITA NAGAR POST,  ETTIMADAI COIMBATORE, TAMIL NADU",600081,11.034742,76.940862,Deemed to be University(Pvt),NOT APPLICABLE,Approved,Approved,A+,Yes,,Tier 2,http://www.amritavishwavidyapeetham.ac.in,info@amritavishwavidyapeetham.ac.in,admissions@amritavishwavidyapeetham.ac.in,placement@amritavishwavidyapeetham.ac.in,+91-80-591-4016,Data Science,M.Tech,30,2406,1995,Rural,Yes,Yes
1-44641747141,1-44641747141,U-0992,AMRITA VISHWA VIDYAPEETHAM COIMBATORE CAMPUS,Active,Tamil Nadu,Coimbatore,Coimbatore,"AMRITA NAGAR POST,  ETTIMADAI COIMBATORE, TAMIL NADU",600081,11.034742,76.940862,Deemed to be University(Pvt),NOT APPLICABLE,Approved,Approved,A+,Yes,,Tier 2,http://www.amritavishwavidyapeetham.ac.in,info@amritavishwavidyapeetham.ac.in,admissions@amritavishwavidyapeetham.ac.in,placement@amritavishwavidyapeetham.ac.in,+91-80-591-4016,Cyber Security,B.Tech,120,2406,1995,Rural,Yes,Yes
1-44641747141,1-44641747141,U-0992,AMRITA VISHWA VIDYAPEETHAM COIMBATORE CAMPUS,Active,Tamil Nadu,Coimbatore,Coimbatore,"AMRITA NAGAR POST,  ETTIMADAI COIMBATORE, TAMIL NADU",600081,11.034742,76.940862,Deemed to be University(Pvt),NOT APPLICABLE,Approved,Approved,A+,Yes,,Tier 2,http://www.amritavishwavidyapeetham.ac.in,info@amritavishwavidyapeetham.ac.in,admissions@amritavishwavidyapeetham.ac.in,placement@amritavishwavidyapeetham.ac.in,+91-80-591-4016,Robotics,B.Tech,60,2406,1995,Rural,Yes,Yes
1-44641747141,1-44641747141,U-0992,AMRITA VISHWA VIDYAPEETHAM COIMBATORE CAMPUS,Active,Tamil Nadu,Coimbatore,Coimbatore,"AMRITA NAGAR POST,  ETTIMADAI COIMBATORE, TAMIL NADU",600081,11.034742,76.940862,Deemed to be University(Pvt),NOT APPLICABLE,Approved,Approved,A+,Yes,,Tier 2,http://www.amritavishwavidyapeetham.ac.in,info@amritavishwavidyapeetham.ac.in,admissions@amritavishwavidyapeetham.ac.in,placement@amritavishwavidyapeetham.ac.in,+91-80-591-4016,Data Science,B.Tech,240,2406,1995,Rural,Yes,Yes
1-44641747141,1-44641747141,U-0992,AMRITA VISHWA VIDYAPEETHAM COIMBATORE CAMPUS,Active,Tamil Nadu,Coimbatore,Coimbatore,"AMRITA NAGAR POST,  ETTIMADAI COIMBATORE, TAMIL NADU",600081,11.034742,76.940862,Deemed to be University(Pvt),NOT APPLICABLE,Approved,Approved,A+,Yes,,Tier 2,http://www.amritavishwavidyapeetham.ac.in,info@amritavishwavidyapeetham.ac.in,admissions@amritavishwavidyapeetham.ac.in,placement@amritavishwavidyapeetham.ac.in,+91-80-591-4016,Electrical Engineering,M.Tech,48,2406,1995,Rural,Yes,Yes
1-44642268807,1-44642268807,U-0683,AGRICULTURAL ENGINEERING COLLEGE AND RESEARCH INSTITUTE,Active,Tamil Nadu,Coimbatore,Coimbatore,"TAMIL NADU AGRICULTURAL UNIVERSITY, LAWLEY ROAD, P.O., COIMBATORE - 641 003. TAMIL NADU",600081,11.005282,76.962234,Government,"Tamil Nadu Agricultural University, Coimbatore",Approved,Approved,A,No,,Tier 2,http://www.agriculturalresearch.ac.in,info@agriculturalresearch.ac.in,admissions@agriculturalresearch.ac.in,placement@agriculturalresearch.ac.in,+91-80-355-7801,Other Engineering Branches,B.Tech,120,138,1988,Urban,Yes,Yes
1-44642268807,1-44642268807,U-0683,AGRICULTURAL ENGINEERING COLLEGE AND RESEARCH INSTITUTE,Active,Tamil Nadu,Coimbatore,Coimbatore,"TAMIL NADU AGRICULTURAL UNIVERSITY, LAWLEY ROAD, P.O., COIMBATORE - 641 003. TAMIL NADU",600081,11.005282,76.962234,Government,"Tamil Nadu Agricultural University, Coimbatore",Approved,Approved,A,No,,Tier 2,http://www.agriculturalresearch.ac.in,info@agriculturalresearch.ac.in,admissions@agriculturalresearch.ac.in,placement@agriculturalresearch.ac.in,+91-80-355-7801,Agricultural Engineering,M.Tech,18,138,1988,Urban,Yes,Yes
1-44642286847,1-44642286847,U-0682,SRI SAI RANGANATHAN ENGINEERING COLLEGE,Active,Tamil Nadu,Coimbatore,Coimbatore,"VIRALIYUR (PO),THONDAMUTHUR (VIA), COIMBATORE-641 109, TAMILNADU.",600081,11.008445,76.971692,Private-Self Financing,"Anna University, Chennai",Approved,Approved,Not Accredited,No,,Tier 3,http://www.srisairanganathan.ac.in,info@srisairanganathan.ac.in,admissions@srisairanganathan.ac.in,placement@srisairanganathan.ac.in,+91-80-488-4453,Electrical & Electronics Engineering (EEE),B.Tech,30,420,2011,Urban,Yes,Yes
1-44642286847,1-44642286847,U-0682,SRI SAI RANGANATHAN ENGINEERING COLLEGE,Active,Tamil Nadu,Coimbatore,Coimbatore,"VIRALIYUR (PO),THONDAMUTHUR (VIA), COIMBATORE-641 109, TAMILNADU.",600081,11.008445,76.971692,Private-Self Financing,"Anna University, Chennai",Approved,Approved,Not Accredited,No,,Tier 3,http://www.srisairanganathan.ac.in,info@srisairanganathan.ac.in,admissions@srisairanganathan.ac.in,placement@srisairanganathan.ac.in,+91-80-488-4453,Electronics & Communication Engineering (ECE),B.Tech,60,420,2011,Urban,Yes,Yes
1-44642286847,1-44642286847,U-0682,SRI SAI RANGANATHAN ENGINEERING COLLEGE,Active,Tamil Nadu,Coimbatore,Coimbatore,"VIRALIYUR (PO),THONDAMUTHUR (VIA), COIMBATORE-641 109, TAMILNADU.",600081,11.008445,76.971692,Private-Self Financing,"Anna University, Chennai",Approved,Approved,Not Accredited,No,,Tier 3,http://www.srisairanganathan.ac.in,info@srisairanganathan.ac.in,admissions@srisairanganathan.ac.in,placement@srisairanganathan.ac.in,+91-80-488-4453,Computer Science Engineering (CSE),B.Tech,60,420,2011,Urban,Yes,Yes
1-44642286847,1-44642286847,U-0682,SRI SAI RANGANATHAN ENGINEERING COLLEGE,Active,Tamil Nadu,Coimbatore,Coimbatore,"VIRALIYUR (PO),THONDAMUTHUR (VIA), COIMBATORE-641 109, TAMILNADU.",600081,11.008445,76.971692,Private-Self Financing,"Anna University, Chennai",Approved,Approved,Not Accredited,No,,Tier 3,http://www.srisairanganathan.ac.in,info@srisairanganathan.ac.in,admissions@srisairanganathan.ac.in,placement@srisairanganathan.ac.in,+91-80-488-4453,Information Technology (IT),B.Tech,60,420,2011,Urban,Yes,Yes
1-44642286847,1-44642286847,U-0682,SRI SAI RANGANATHAN ENGINEERING COLLEGE,Active,Tamil Nadu,Coimbatore,Coimbatore,"VIRALIYUR (PO),THONDAMUTHUR (VIA), COIMBATORE-641 109, TAMILNADU.",600081,11.008445,76.971692,Private-Self Financing,"Anna University, Chennai",Approved,Approved,Not Accredited,No,,Tier 3,http://www.srisairanganathan.ac.in,info@srisairanganathan.ac.in,admissions@srisairanganathan.ac.in,placement@srisairanganathan.ac.in,+91-80-488-4453,Mechanical Engineering,B.Tech,60,420,2011,Urban,Yes,Yes
1-44642286847,1-44642286847,U-0682,SRI SAI RANGANATHAN ENGINEERING COLLEGE,Active,Tamil Nadu,Coimbatore,Coimbatore,"VIRALIYUR (PO),THONDAMUTHUR (VIA), COIMBATORE-641 109, TAMILNADU.",600081,11.008445,76.971692,Private-Self Financing,"Anna University, Chennai",Approved,Approved,Not Accredited,No,,Tier 3,http://www.srisairanganathan.ac.in,info@srisairanganathan.ac.in,admissions@srisairanganathan.ac.in,placement@srisairanganathan.ac.in,+91-80-488-4453,Civil Engineering,B.Tech,30,420,2011,Urban,Yes,Yes
1-44642286847,1-44642286847,U-0682,SRI SAI RANGANATHAN ENGINEERING COLLEGE,Active,Tamil Nadu,Coimbatore,Coimbatore,"VIRALIYUR (PO),THONDAMUTHUR (VIA), COIMBATORE-641 109, TAMILNADU.",600081,11.008445,76.971692,Private-Self Financing,"Anna University, Chennai",Approved,Approved,Not Accredited,No,,Tier 3,http://www.srisairanganathan.ac.in,info@srisairanganathan.ac.in,admissions@srisairanganathan.ac.in,placement@srisairanganathan.ac.in,+91-80-488-4453,Cyber Security,B.Tech,30,420,2011,Urban,Yes,Yes
1-44642286847,1-44642286847,U-0682,SRI SAI RANGANATHAN ENGINEERING COLLEGE,Active,Tamil Nadu,Coimbatore,Coimbatore,"VIRALIYUR (PO),THONDAMUTHUR (VIA), COIMBATORE-641 109, TAMILNADU.",600081,11.008445,76.971692,Private-Self Financing,"Anna University, Chennai",Approved,Approved,Not Accredited,No,,Tier 3,http://www.srisairanganathan.ac.in,info@srisairanganathan.ac.in,admissions@srisairanganathan.ac.in,placement@srisairanganathan.ac.in,+91-80-488-4453,Artificial Intelligence & Machine Learning (AI & ML),B.Tech,30,420,2011,Urban,Yes,Yes
1-44642286847,1-44642286847,U-0682,SRI SAI RANGANATHAN ENGINEERING COLLEGE,Active,Tamil Nadu,Coimbatore,Coimbatore,"VIRALIYUR (PO),THONDAMUTHUR (VIA), COIMBATORE-641 109, TAMILNADU.",600081,11.008445,76.971692,Private-Self Financing,"Anna University, Chennai",Approved,Approved,Not Accredited,No,,Tier 3,http://www.srisairanganathan.ac.in,info@srisairanganathan.ac.in,admissions@srisairanganathan.ac.in,placement@srisairanganathan.ac.in,+91-80-488-4453,Data Science,B.Tech,60,420,2011,Urban,Yes,Yes
1-44641759947,1-44641759947,U-0682,HINDUSTHAN COLLEGE OF ENGINEERING AND TECHNOLOGY,Active,Tamil Nadu,Coimbatore,Coimbatore,"OTHAKKALMANDAPAM VILLAGE,COIMBATORE SOUTH TAULK, COIMBATORE DISTRICT- 641032.",641032,11.000488,76.939483,Private-Self Financing,"Anna University, Chennai",Approved,Approved,A,No,,Tier 3,http://www.hindusthan.ac.in,info@hindusthan.ac.in,admissions@hindusthan.ac.in,placement@hindusthan.ac.in,+91-80-154-7031,Automobile Engineering,B.Tech,60,1503,2013,Urban,Yes,Yes
1-44641759947,1-44641759947,U-0682,HINDUSTHAN COLLEGE OF ENGINEERING AND TECHNOLOGY,Active,Tamil Nadu,Coimbatore,Coimbatore,"OTHAKKALMANDAPAM VILLAGE,COIMBATORE SOUTH TAULK, COIMBATORE DISTRICT- 641032.",641032,11.000488,76.939483,Private-Self Financing,"Anna University, Chennai",Approved,Approved,A,No,,Tier 3,http://www.hindusthan.ac.in,info@hindusthan.ac.in,admissions@hindusthan.ac.in,placement@hindusthan.ac.in,+91-80-154-7031,Aeronautical Engineering,B.Tech,60,1503,2013,Urban,Yes,Yes
1-44641759947,1-44641759947,U-0682,HINDUSTHAN COLLEGE OF ENGINEERING AND TECHNOLOGY,Active,Tamil Nadu,Coimbatore,Coimbatore,"OTHAKKALMANDAPAM VILLAGE,COIMBATORE SOUTH TAULK, COIMBATORE DISTRICT- 641032.",641032,11.000488,76.939483,Private-Self Financing,"Anna University, Chennai",Approved,Approved,A,No,,Tier 3,http://www.hindusthan.ac.in,info@hindusthan.ac.in,admissions@hindusthan.ac.in,placement@hindusthan.ac.in,+91-80-154-7031,Civil Engineering,B.Tech,60,1503,2013,Urban,Yes,Yes
1-44641759947,1-44641759947,U-0682,HINDUSTHAN COLLEGE OF ENGINEERING AND TECHNOLOGY,Active,Tamil Nadu,Coimbatore,Coimbatore,"OTHAKKALMANDAPAM VILLAGE,COIMBATORE SOUTH TAULK, COIMBATORE DISTRICT- 641032.",641032,11.000488,76.939483,Private-Self Financing,"Anna University, Chennai",Approved,Approved,A,No,,Tier 3,http://www.hindusthan.ac.in,info@hindusthan.ac.in,admissions@hindusthan.ac.in,placement@hindusthan.ac.in,+91-80-154-7031,Computer Science Engineering (CSE),B.Tech,240,1503,2013,Urban,Yes,Yes
1-44641759947,1-44641759947,U-0682,HINDUSTHAN COLLEGE OF ENGINEERING AND TECHNOLOGY,Active,Tamil Nadu,Coimbatore,Coimbatore,"OTHAKKALMANDAPAM VILLAGE,COIMBATORE SOUTH TAULK, COIMBATORE DISTRICT- 641032.",641032,11.000488,76.939483,Private-Self Financing,"Anna University, Chennai",Approved,Approved,A,No,,Tier 3,http://www.hindusthan.ac.in,info@hindusthan.ac.in,admissions@hindusthan.ac.in,placement@hindusthan.ac.in,+91-80-154-7031,Electrical & Electronics Engineering (EEE),B.Tech,60,1503,2013,Urban,Yes,Yes
1-44641759947,1-44641759947,U-0682,HINDUSTHAN COLLEGE OF ENGINEERING AND TECHNOLOGY,Active,Tamil Nadu,Coimbatore,Coimbatore,"OTHAKKALMANDAPAM VILLAGE,COIMBATORE SOUTH TAULK, COIMBATORE DISTRICT- 641032.",641032,11.000488,76.939483,Private-Self Financing,"Anna University, Chennai",Approved,Approved,A,No,,Tier 3,http://www.hindusthan.ac.in,info@hindusthan.ac.in,admissions@hindusthan.ac.in,placement@hindusthan.ac.in,+91-80-154-7031,Electronics & Communication Engineering (ECE),B.Tech,120,1503,2013,Urban,Yes,Yes
1-44641759947,1-44641759947,U-0682,HINDUSTHAN COLLEGE OF ENGINEERING AND TECHNOLOGY,Active,Tamil Nadu,Coimbatore,Coimbatore,"OTHAKKALMANDAPAM VILLAGE,COIMBATORE SOUTH TAULK, COIMBATORE DISTRICT- 641032.",641032,11.000488,76.939483,Private-Self Financing,"Anna University, Chennai",Approved,Approved,A,No,,Tier 3,http://www.hindusthan.ac.in,info@hindusthan.ac.in,admissions@hindusthan.ac.in,placement@hindusthan.ac.in,+91-80-154-7031,Information Technology (IT),B.Tech,120,1503,2013,Urban,Yes,Yes
1-44641759947,1-44641759947,U-0682,HINDUSTHAN COLLEGE OF ENGINEERING AND TECHNOLOGY,Active,Tamil Nadu,Coimbatore,Coimbatore,"OTHAKKALMANDAPAM VILLAGE,COIMBATORE SOUTH TAULK, COIMBATORE DISTRICT- 641032.",641032,11.000488,76.939483,Private-Self Financing,"Anna University, Chennai",Approved,Approved,A,No,,Tier 3,http://www.hindusthan.ac.in,info@hindusthan.ac.in,admissions@hindusthan.ac.in,placement@hindusthan.ac.in,+91-80-154-7031,Mechanical Engineering,B.Tech,240,1503,2013,Urban,Yes,Yes
1-44641759947,1-44641759947,U-0682,HINDUSTHAN COLLEGE OF ENGINEERING AND TECHNOLOGY,Active,Tamil Nadu,Coimbatore,Coimbatore,"OTHAKKALMANDAPAM VILLAGE,COIMBATORE SOUTH TAULK, COIMBATORE DISTRICT- 641032.",641032,11.000488,76.939483,Private-Self Financing,"Anna University, Chennai",Approved,Approved,A,No,,Tier 3,http://www.hindusthan.ac.in,info@hindusthan.ac.in,admissions@hindusthan.ac.in,placement@hindusthan.ac.in,+91-80-154-7031,Other Engineering Branches,M.Tech,45,1503,2013,Urban,Yes,Yes
1-44641759947,1-44641759947,U-0682,HINDUSTHAN COLLEGE OF ENGINEERING AND TECHNOLOGY,Active,Tamil Nadu,Coimbatore,Coimbatore,"OTHAKKALMANDAPAM VILLAGE,COIMBATORE SOUTH TAULK, COIMBATORE DISTRICT- 641032.",641032,11.000488,76.939483,Private-Self Financing,"Anna University, Chennai",Approved,Approved,A,No,,Tier 3,http://www.hindusthan.ac.in,info@hindusthan.ac.in,admissions@hindusthan.ac.in,placement@hindusthan.ac.in,+91-80-154-7031,Computer Science Engineering (CSE),M.Tech,18,1503,2013,Urban,Yes,Yes
1-44641759947,1-44641759947,U-0682,HINDUSTHAN COLLEGE OF ENGINEERING AND TECHNOLOGY,Active,Tamil Nadu,Coimbatore,Coimbatore,"OTHAKKALMANDAPAM VILLAGE,COIMBATORE SOUTH TAULK, COIMBATORE DISTRICT- 641032.",641032,11.000488,76.939483,Private-Self Financing,"Anna University, Chennai",Approved,Approved,A,No,,Tier 3,http://www.hindusthan.ac.in,info@hindusthan.ac.in,admissions@hindusthan.ac.in,placement@hindusthan.ac.in,+91-80-154-7031,Other Engineering Branches,B.Tech,180,1503,2013,Urban,Yes,Yes
1-44641759947,1-44641759947,U-0682,HINDUSTHAN COLLEGE OF ENGINEERING AND TECHNOLOGY,Active,Tamil Nadu,Coimbatore,Coimbatore,"OTHAKKALMANDAPAM VILLAGE,COIMBATORE SOUTH TAULK, COIMBATORE DISTRICT- 641032.",641032,11.000488,76.939483,Private-Self Financing,"Anna University, Chennai",Approved,Approved,A,No,,Tier 3,http://www.hindusthan.ac.in,info@hindusthan.ac.in,admissions@hindusthan.ac.in,placement@hindusthan.ac.in,+91-80-154-7031,Agricultural Engineering,B.Tech,60,1503,2013,Urban,Yes,Yes
1-44641759947,1-44641759947,U-0682,HINDUSTHAN COLLEGE OF ENGINEERING AND TECHNOLOGY,Active,Tamil Nadu,Coimbatore,Coimbatore,"OTHAKKALMANDAPAM VILLAGE,COIMBATORE SOUTH TAULK, COIMBATORE DISTRICT- 641032.",641032,11.000488,76.939483,Private-Self Financing,"Anna University, Chennai",Approved,Approved,A,No,,Tier 3,http://www.hindusthan.ac.in,info@hindusthan.ac.in,admissions@hindusthan.ac.in,placement@hindusthan.ac.in,+91-80-154-7031,Chemical Engineering,B.Tech,60,1503,2013,Urban,Yes,Yes
1-44641759947,1-44641759947,U-0682,HINDUSTHAN COLLEGE OF ENGINEERING AND TECHNOLOGY,Active,Tamil Nadu,Coimbatore,Coimbatore,"OTHAKKALMANDAPAM VILLAGE,COIMBATORE SOUTH TAULK, COIMBATORE DISTRICT- 641032.",641032,11.000488,76.939483,Private-Self Financing,"Anna University, Chennai",Approved,Approved,A,No,,Tier 3,http://www.hindusthan.ac.in,info@hindusthan.ac.in,admissions@hindusthan.ac.in,placement@hindusthan.ac.in,+91-80-154-7031,Artificial Intelligence & Machine Learning (AI & ML),B.Tech,120,1503,2013,Urban,Yes,Yes
1-44641759947,1-44641759947,U-0682,HINDUSTHAN COLLEGE OF ENGINEERING AND TECHNOLOGY,Active,Tamil Nadu,Coimbatore,Coimbatore,"OTHAKKALMANDAPAM VILLAGE,COIMBATORE SOUTH TAULK, COIMBATORE DISTRICT- 641032.",641032,11.000488,76.939483,Private-Self Financing,"Anna University, Chennai",Approved,Approved,A,No,,Tier 3,http://www.hindusthan.ac.in,info@hindusthan.ac.in,admissions@hindusthan.ac.in,placement@hindusthan.ac.in,+91-80-154-7031,Cyber Security,B.Tech,60,1503,2013,Urban,Yes,Yes
1-44642291806,1-44642291806,U-0682,ADITHYA INSTITUTE OF TECHNOLOGY,Active,Tamil Nadu,Coimbatore,Coimbatore,"SF NO. 348/1, 349/1, KURUMBAPALAYAM VILLAGE, SS KULUM POST, COIMBATORE",600081,11.023898,76.940172,Private-Self Financing,"Anna University, Chennai",Approved,Approved,B+,No,,Tier 3,http://www.adithya.ac.in,info@adithya.ac.in,admissions@adithya.ac.in,placement@adithya.ac.in,+91-80-136-5403,Mechanical Engineering,B.Tech,60,504,2002,Rural,Yes,Yes
1-44642291806,1-44642291806,U-0682,ADITHYA INSTITUTE OF TECHNOLOGY,Active,Tamil Nadu,Coimbatore,Coimbatore,"SF NO. 348/1, 349/1, KURUMBAPALAYAM VILLAGE, SS KULUM POST, COIMBATORE",600081,11.023898,76.940172,Private-Self Financing,"Anna University, Chennai",Approved,Approved,B+,No,,Tier 3,http://www.adithya.ac.in,info@adithya.ac.in,admissions@adithya.ac.in,placement@adithya.ac.in,+91-80-136-5403,Electronics & Communication Engineering (ECE),B.Tech,60,504,2002,Rural,Yes,Yes
1-44642291806,1-44642291806,U-0682,ADITHYA INSTITUTE OF TECHNOLOGY,Active,Tamil Nadu,Coimbatore,Coimbatore,"SF NO. 348/1, 349/1, KURUMBAPALAYAM VILLAGE, SS KULUM POST, COIMBATORE",600081,11.023898,76.940172,Private-Self Financing,"Anna University, Chennai",Approved,Approved,B+,No,,Tier 3,http://www.adithya.ac.in,info@adithya.ac.in,admissions@adithya.ac.in,placement@adithya.ac.in,+91-80-136-5403,Computer Science Engineering (CSE),B.Tech,120,504,2002,Rural,Yes,Yes
1-44642291806,1-44642291806,U-0682,ADITHYA INSTITUTE OF TECHNOLOGY,Active,Tamil Nadu,Coimbatore,Coimbatore,"SF NO. 348/1, 349/1, KURUMBAPALAYAM VILLAGE, SS KULUM POST, COIMBATORE",600081,11.023898,76.940172,Private-Self Financing,"Anna University, Chennai",Approved,Approved,B+,No,,Tier 3,http://www.adithya.ac.in,info@adithya.ac.in,admissions@adithya.ac.in,placement@adithya.ac.in,+91-80-136-5403,Information Technology (IT),B.Tech,60,504,2002,Rural,Yes,Yes
1-44642291806,1-44642291806,U-0682,ADITHYA INSTITUTE OF TECHNOLOGY,Active,Tamil Nadu,Coimbatore,Coimbatore,"SF NO. 348/1, 349/1, KURUMBAPALAYAM VILLAGE, SS KULUM POST, COIMBATORE",600081,11.023898,76.940172,Private-Self Financing,"Anna University, Chennai",Approved,Approved,B+,No,,Tier 3,http://www.adithya.ac.in,info@adithya.ac.in,admissions@adithya.ac.in,placement@adithya.ac.in,+91-80-136-5403,Electrical & Electronics Engineering (EEE),B.Tech,60,504,2002,Rural,Yes,Yes
1-44642291806,1-44642291806,U-0682,ADITHYA INSTITUTE OF TECHNOLOGY,Active,Tamil Nadu,Coimbatore,Coimbatore,"SF NO. 348/1, 349/1, KURUMBAPALAYAM VILLAGE, SS KULUM POST, COIMBATORE",600081,11.023898,76.940172,Private-Self Financing,"Anna University, Chennai",Approved,Approved,B+,No,,Tier 3,http://www.adithya.ac.in,info@adithya.ac.in,admissions@adithya.ac.in,placement@adithya.ac.in,+91-80-136-5403,Other Engineering Branches,M.Tech,36,504,2002,Rural,Yes,Yes
1-44642291806,1-44642291806,U-0682,ADITHYA INSTITUTE OF TECHNOLOGY,Active,Tamil Nadu,Coimbatore,Coimbatore,"SF NO. 348/1, 349/1, KURUMBAPALAYAM VILLAGE, SS KULUM POST, COIMBATORE",600081,11.023898,76.940172,Private-Self Financing,"Anna University, Chennai",Approved,Approved,B+,No,,Tier 3,http://www.adithya.ac.in,info@adithya.ac.in,admissions@adithya.ac.in,placement@adithya.ac.in,+91-80-136-5403,Computer Science Engineering (CSE),M.Tech,18,504,2002,Rural,Yes,Yes
1-44642291806,1-44642291806,U-0682,ADITHYA INSTITUTE OF TECHNOLOGY,Active,Tamil Nadu,Coimbatore,Coimbatore,"SF NO. 348/1, 349/1, KURUMBAPALAYAM VILLAGE, SS KULUM POST, COIMBATORE",600081,11.023898,76.940172,Private-Self Financing,"Anna University, Chennai",Approved,Approved,B+,No,,Tier 3,http://www.adithya.ac.in,info@adithya.ac.in,admissions@adithya.ac.in,placement@adithya.ac.in,+91-80-136-5403,Civil Engineering,B.Tech,30,504,2002,Rural,Yes,Yes
1-44642291806,1-44642291806,U-0682,ADITHYA INSTITUTE OF TECHNOLOGY,Active,Tamil Nadu,Coimbatore,Coimbatore,"SF NO. 348/1, 349/1, KURUMBAPALAYAM VILLAGE, SS KULUM POST, COIMBATORE",600081,11.023898,76.940172,Private-Self Financing,"Anna University, Chennai",Approved,Approved,B+,No,,Tier 3,http://www.adithya.ac.in,info@adithya.ac.in,admissions@adithya.ac.in,placement@adithya.ac.in,+91-80-136-5403,Data Science,B.Tech,60,504,2002,Rural,Yes,Yes
1-44641827052,1-44641827052,U-0682,HINDUSTHAN INSTITUTE OF TECHNOLOGY,Active,Tamil Nadu,Coimbatore,Coimbatore,OTHAKKALMANDAPAM COIMBATORE,600081,11.030625,76.941658,Private-Self Financing,"Anna University, Chennai",Approved,Approved,Not Accredited,No,,Tier 3,http://www.hindusthan.ac.in,info@hindusthan.ac.in,admissions@hindusthan.ac.in,placement@hindusthan.ac.in,+91-80-418-7045,Aeronautical Engineering,B.Tech,60,708,2003,Urban,Yes,No
1-44641827052,1-44641827052,U-0682,HINDUSTHAN INSTITUTE OF TECHNOLOGY,Active,Tamil Nadu,Coimbatore,Coimbatore,OTHAKKALMANDAPAM COIMBATORE,600081,11.030625,76.941658,Private-Self Financing,"Anna University, Chennai",Approved,Approved,Not Accredited,No,,Tier 3,http://www.hindusthan.ac.in,info@hindusthan.ac.in,admissions@hindusthan.ac.in,placement@hindusthan.ac.in,+91-80-418-7045,Computer Science Engineering (CSE),B.Tech,180,708,2003,Urban,Yes,No
1-44641827052,1-44641827052,U-0682,HINDUSTHAN INSTITUTE OF TECHNOLOGY,Active,Tamil Nadu,Coimbatore,Coimbatore,OTHAKKALMANDAPAM COIMBATORE,600081,11.030625,76.941658,Private-Self Financing,"Anna University, Chennai",Approved,Approved,Not Accredited,No,,Tier 3,http://www.hindusthan.ac.in,info@hindusthan.ac.in,admissions@hindusthan.ac.in,placement@hindusthan.ac.in,+91-80-418-7045,Electronics & Communication Engineering (ECE),B.Tech,120,708,2003,Urban,Yes,No
1-44641827052,1-44641827052,U-0682,HINDUSTHAN INSTITUTE OF TECHNOLOGY,Active,Tamil Nadu,Coimbatore,Coimbatore,OTHAKKALMANDAPAM COIMBATORE,600081,11.030625,76.941658,Private-Self Financing,"Anna University, Chennai",Approved,Approved,Not Accredited,No,,Tier 3,http://www.hindusthan.ac.in,info@hindusthan.ac.in,admissions@hindusthan.ac.in,placement@hindusthan.ac.in,+91-80-418-7045,Information Technology (IT),B.Tech,120,708,2003,Urban,Yes,No
1-44641827052,1-44641827052,U-0682,HINDUSTHAN INSTITUTE OF TECHNOLOGY,Active,Tamil Nadu,Coimbatore,Coimbatore,OTHAKKALMANDAPAM COIMBATORE,600081,11.030625,76.941658,Private-Self Financing,"Anna University, Chennai",Approved,Approved,Not Accredited,No,,Tier 3,http://www.hindusthan.ac.in,info@hindusthan.ac.in,admissions@hindusthan.ac.in,placement@hindusthan.ac.in,+91-80-418-7045,Mechanical Engineering,B.Tech,60,708,2003,Urban,Yes,No
1-44641827052,1-44641827052,U-0682,HINDUSTHAN INSTITUTE OF TECHNOLOGY,Active,Tamil Nadu,Coimbatore,Coimbatore,OTHAKKALMANDAPAM COIMBATORE,600081,11.030625,76.941658,Private-Self Financing,"Anna University, Chennai",Approved,Approved,Not Accredited,No,,Tier 3,http://www.hindusthan.ac.in,info@hindusthan.ac.in,admissions@hindusthan.ac.in,placement@hindusthan.ac.in,+91-80-418-7045,Other Engineering Branches,M.Tech,24,708,2003,Urban,Yes,No
1-44641827052,1-44641827052,U-0682,HINDUSTHAN INSTITUTE OF TECHNOLOGY,Active,Tamil Nadu,Coimbatore,Coimbatore,OTHAKKALMANDAPAM COIMBATORE,600081,11.030625,76.941658,Private-Self Financing,"Anna University, Chennai",Approved,Approved,Not Accredited,No,,Tier 3,http://www.hindusthan.ac.in,info@hindusthan.ac.in,admissions@hindusthan.ac.in,placement@hindusthan.ac.in,+91-80-418-7045,Computer Science Engineering (CSE),M.Tech,24,708,2003,Urban,Yes,No
1-44641827052,1-44641827052,U-0682,HINDUSTHAN INSTITUTE OF TECHNOLOGY,Active,Tamil Nadu,Coimbatore,Coimbatore,OTHAKKALMANDAPAM COIMBATORE,600081,11.030625,76.941658,Private-Self Financing,"Anna University, Chennai",Approved,Approved,Not Accredited,No,,Tier 3,http://www.hindusthan.ac.in,info@hindusthan.ac.in,admissions@hindusthan.ac.in,placement@hindusthan.ac.in,+91-80-418-7045,Data Science,B.Tech,120,708,2003,Urban,Yes,No
1-44641922094,1-44641922094,U-0682,SRI KRISHNA COLLEGE OF ENGINEERING AND TECHNOLOGY,Active,Tamil Nadu,Coimbatore,Coimbatore,SUGUNAPURAM KUNIAMUTHUR POST COIMBATORE - 641 008,600081,11.029032,76.941724,Private-Self Financing,"Anna University, Chennai",Approved,Approved,B+,No,,Tier 3,http://www.srikrishna.ac.in,info@srikrishna.ac.in,admissions@srikrishna.ac.in,placement@srikrishna.ac.in,+91-80-351-8885,Computer Science Engineering (CSE),B.Tech,1029,3759,2012,Rural,No,Yes
1-44641922094,1-44641922094,U-0682,SRI KRISHNA COLLEGE OF ENGINEERING AND TECHNOLOGY,Active,Tamil Nadu,Coimbatore,Coimbatore,SUGUNAPURAM KUNIAMUTHUR POST COIMBATORE - 641 008,600081,11.029032,76.941724,Private-Self Financing,"Anna University, Chennai",Approved,Approved,B+,No,,Tier 3,http://www.srikrishna.ac.in,info@srikrishna.ac.in,admissions@srikrishna.ac.in,placement@srikrishna.ac.in,+91-80-351-8885,Electrical & Electronics Engineering (EEE),B.Tech,258,3759,2012,Rural,No,Yes
1-44641922094,1-44641922094,U-0682,SRI KRISHNA COLLEGE OF ENGINEERING AND TECHNOLOGY,Active,Tamil Nadu,Coimbatore,Coimbatore,SUGUNAPURAM KUNIAMUTHUR POST COIMBATORE - 641 008,600081,11.029032,76.941724,Private-Self Financing,"Anna University, Chennai",Approved,Approved,B+,No,,Tier 3,http://www.srikrishna.ac.in,info@srikrishna.ac.in,admissions@srikrishna.ac.in,placement@srikrishna.ac.in,+91-80-351-8885,Electronics & Communication Engineering (ECE),B.Tech,540,3759,2012,Rural,No,Yes
1-44641922094,1-44641922094,U-0682,SRI KRISHNA COLLEGE OF ENGINEERING AND TECHNOLOGY,Active,Tamil Nadu,Coimbatore,Coimbatore,SUGUNAPURAM KUNIAMUTHUR POST COIMBATORE - 641 008,600081,11.029032,76.941724,Private-Self Financing,"Anna University, Chennai",Approved,Approved,B+,No,,Tier 3,http://www.srikrishna.ac.in,info@srikrishna.ac.in,admissions@srikrishna.ac.in,placement@srikrishna.ac.in,+91-80-351-8885,Information Technology (IT),B.Tech,540,3759,2012,Rural,No,Yes
1-44641922094,1-44641922094,U-0682,SRI KRISHNA COLLEGE OF ENGINEERING AND TECHNOLOGY,Active,Tamil Nadu,Coimbatore,Coimbatore,SUGUNAPURAM KUNIAMUTHUR POST COIMBATORE - 641 008,600081,11.029032,76.941724,Private-Self Financing,"Anna University, Chennai",Approved,Approved,B+,No,,Tier 3,http://www.srikrishna.ac.in,info@srikrishna.ac.in,admissions@srikrishna.ac.in,placement@srikrishna.ac.in,+91-80-351-8885,Mechanical Engineering,B.Tech,336,3759,2012,Rural,No,Yes
1-44641922094,1-44641922094,U-0682,SRI KRISHNA COLLEGE OF ENGINEERING AND TECHNOLOGY,Active,Tamil Nadu,Coimbatore,Coimbatore,SUGUNAPURAM KUNIAMUTHUR POST COIMBATORE - 641 008,600081,11.029032,76.941724,Private-Self Financing,"Anna University, Chennai",Approved,Approved,B+,No,,Tier 3,http://www.srikrishna.ac.in,info@srikrishna.ac.in,admissions@srikrishna.ac.in,placement@srikrishna.ac.in,+91-80-351-8885,Computer Science Engineering (CSE),M.Tech,21,3759,2012,Rural,No,Yes
1-44641922094,1-44641922094,U-0682,SRI KRISHNA COLLEGE OF ENGINEERING AND TECHNOLOGY,Active,Tamil Nadu,Coimbatore,Coimbatore,SUGUNAPURAM KUNIAMUTHUR POST COIMBATORE - 641 008,600081,11.029032,76.941724,Private-Self Financing,"Anna University, Chennai",Approved,Approved,B+,No,,Tier 3,http://www.srikrishna.ac.in,info@srikrishna.ac.in,admissions@srikrishna.ac.in,placement@srikrishna.ac.in,+91-80-351-8885,Civil Engineering,B.Tech,129,3759,2012,Rural,No,Yes
1-44641922094,1-44641922094,U-0682,SRI KRISHNA COLLEGE OF ENGINEERING AND TECHNOLOGY,Active,Tamil Nadu,Coimbatore,Coimbatore,SUGUNAPURAM KUNIAMUTHUR POST COIMBATORE - 641 008,600081,11.029032,76.941724,Private-Self Financing,"Anna University, Chennai",Approved,Approved,B+,No,,Tier 3,http://www.srikrishna.ac.in,info@srikrishna.ac.in,admissions@srikrishna.ac.in,placement@srikrishna.ac.in,+91-80-351-8885,Data Science,B.Tech,540,3759,2012,Rural,No,Yes
1-44641922094,1-44641922094,U-0682,SRI KRISHNA COLLEGE OF ENGINEERING AND TECHNOLOGY,Active,Tamil Nadu,Coimbatore,Coimbatore,SUGUNAPURAM KUNIAMUTHUR POST COIMBATORE - 641 008,600081,11.029032,76.941724,Private-Self Financing,"Anna University, Chennai",Approved,Approved,B+,No,,Tier 3,http://www.srikrishna.ac.in,info@srikrishna.ac.in,admissions@srikrishna.ac.in,placement@srikrishna.ac.in,+91-80-351-8885,Cyber Security,B.Tech,180,3759,2012,Rural,No,Yes
1-44641922094,1-44641922094,U-0682,SRI KRISHNA COLLEGE OF ENGINEERING AND TECHNOLOGY,Active,Tamil Nadu,Coimbatore,Coimbatore,SUGUNAPURAM KUNIAMUTHUR POST COIMBATORE - 641 008,600081,11.029032,76.941724,Private-Self Financing,"Anna University, Chennai",Approved,Approved,B+,No,,Tier 3,http://www.srikrishna.ac.in,info@srikrishna.ac.in,admissions@srikrishna.ac.in,placement@srikrishna.ac.in,+91-80-351-8885,Other Engineering Branches,M.Tech,66,3759,2012,Rural,No,Yes
1-44641922094,1-44641922094,U-0682,SRI KRISHNA COLLEGE OF ENGINEERING AND TECHNOLOGY,Active,Tamil Nadu,Coimbatore,Coimbatore,SUGUNAPURAM KUNIAMUTHUR POST COIMBATORE - 641 008,600081,11.029032,76.941724,Private-Self Financing,"Anna University, Chennai",Approved,Approved,B+,No,,Tier 3,http://www.srikrishna.ac.in,info@srikrishna.ac.in,admissions@srikrishna.ac.in,placement@srikrishna.ac.in,+91-80-351-8885,Artificial Intelligence & Machine Learning (AI & ML),B.Tech,60,3759,2012,Rural,No,Yes
1-44641922094,1-44641922094,U-0682,SRI KRISHNA COLLEGE OF ENGINEERING AND TECHNOLOGY,Active,Tamil Nadu,Coimbatore,Coimbatore,SUGUNAPURAM KUNIAMUTHUR POST COIMBATORE - 641 008,600081,11.029032,76.941724,Private-Self Financing,"Anna University, Chennai",Approved,Approved,B+,No,,Tier 3,http://www.srikrishna.ac.in,info@srikrishna.ac.in,admissions@srikrishna.ac.in,placement@srikrishna.ac.in,+91-80-351-8885,IoT,B.Tech,60,3759,2012,Rural,No,Yes
1-44641923772,1-44641923772,U-0992,AVINASHILINGAM INSTITUTE FOR HOME SCIENCE AND HIGHER EDUCATION FOR WOMEN DEEMED TO BE UNIVERSITY,Active,Tamil Nadu,Coimbatore,Coimbatore,"FACULTY OF ENGINEERING, AVINASHILINGAM UNIVERSITY FOR WOMEN, COIMBATORE - 641108",641108,11.001036,76.961691,Deemed to be University(Govt),NOT APPLICABLE,Approved,Approved,B+,No,,Tier 3,http://www.avinashilingamhomescience.ac.in,info@avinashilingamhomescience.ac.in,admissions@avinashilingamhomescience.ac.in,placement@avinashilingamhomescience.ac.in,+91-80-177-6805,Other Engineering Branches,B.Tech,80,449,1983,Rural,Yes,Yes
1-44641923772,1-44641923772,U-0992,AVINASHILINGAM INSTITUTE FOR HOME SCIENCE AND HIGHER EDUCATION FOR WOMEN DEEMED TO BE UNIVERSITY,Active,Tamil Nadu,Coimbatore,Coimbatore,"FACULTY OF ENGINEERING, AVINASHILINGAM UNIVERSITY FOR WOMEN, COIMBATORE - 641108",641108,11.001036,76.961691,Deemed to be University(Govt),NOT APPLICABLE,Approved,Approved,B+,No,,Tier 3,http://www.avinashilingamhomescience.ac.in,info@avinashilingamhomescience.ac.in,admissions@avinashilingamhomescience.ac.in,placement@avinashilingamhomescience.ac.in,+91-80-177-6805,Computer Science Engineering (CSE),B.Tech,90,449,1983,Rural,Yes,Yes
1-44641923772,1-44641923772,U-0992,AVINASHILINGAM INSTITUTE FOR HOME SCIENCE AND HIGHER EDUCATION FOR WOMEN DEEMED TO BE UNIVERSITY,Active,Tamil Nadu,Coimbatore,Coimbatore,"FACULTY OF ENGINEERING, AVINASHILINGAM UNIVERSITY FOR WOMEN, COIMBATORE - 641108",641108,11.001036,76.961691,Deemed to be University(Govt),NOT APPLICABLE,Approved,Approved,B+,No,,Tier 3,http://www.avinashilingamhomescience.ac.in,info@avinashilingamhomescience.ac.in,admissions@avinashilingamhomescience.ac.in,placement@avinashilingamhomescience.ac.in,+91-80-177-6805,Electronics & Communication Engineering (ECE),B.Tech,60,449,1983,Rural,Yes,Yes
1-44641923772,1-44641923772,U-0992,AVINASHILINGAM INSTITUTE FOR HOME SCIENCE AND HIGHER EDUCATION FOR WOMEN DEEMED TO BE UNIVERSITY,Active,Tamil Nadu,Coimbatore,Coimbatore,"FACULTY OF ENGINEERING, AVINASHILINGAM UNIVERSITY FOR WOMEN, COIMBATORE - 641108",641108,11.001036,76.961691,Deemed to be University(Govt),NOT APPLICABLE,Approved,Approved,B+,No,,Tier 3,http://www.avinashilingamhomescience.ac.in,info@avinashilingamhomescience.ac.in,admissions@avinashilingamhomescience.ac.in,placement@avinashilingamhomescience.ac.in,+91-80-177-6805,Other Engineering Branches,M.Tech,33,449,1983,Rural,Yes,Yes
1-44641923772,1-44641923772,U-0992,AVINASHILINGAM INSTITUTE FOR HOME SCIENCE AND HIGHER EDUCATION FOR WOMEN DEEMED TO BE UNIVERSITY,Active,Tamil Nadu,Coimbatore,Coimbatore,"FACULTY OF ENGINEERING, AVINASHILINGAM UNIVERSITY FOR WOMEN, COIMBATORE - 641108",641108,11.001036,76.961691,Deemed to be University(Govt),NOT APPLICABLE,Approved,Approved,B+,No,,Tier 3,http://www.avinashilingamhomescience.ac.in,info@avinashilingamhomescience.ac.in,admissions@avinashilingamhomescience.ac.in,placement@avinashilingamhomescience.ac.in,+91-80-177-6805,Data Science,M.Tech,6,449,1983,Rural,Yes,Yes
1-44641923772,1-44641923772,U-0992,AVINASHILINGAM INSTITUTE FOR HOME SCIENCE AND HIGHER EDUCATION FOR WOMEN DEEMED TO BE UNIVERSITY,Active,Tamil Nadu,Coimbatore,Coimbatore,"FACULTY OF ENGINEERING, AVINASHILINGAM UNIVERSITY FOR WOMEN, COIMBATORE - 641108",641108,11.001036,76.961691,Deemed to be University(Govt),NOT APPLICABLE,Approved,Approved,B+,No,,Tier 3,http://www.avinashilingamhomescience.ac.in,info@avinashilingamhomescience.ac.in,admissions@avinashilingamhomescience.ac.in,placement@avinashilingamhomescience.ac.in,+91-80-177-6805,Information Technology (IT),B.Tech,30,449,1983,Rural,Yes,Yes
1-44641923772,1-44641923772,U-0992,AVINASHILINGAM INSTITUTE FOR HOME SCIENCE AND HIGHER EDUCATION FOR WOMEN DEEMED TO BE UNIVERSITY,Active,Tamil Nadu,Coimbatore,Coimbatore,"FACULTY OF ENGINEERING, AVINASHILINGAM UNIVERSITY FOR WOMEN, COIMBATORE - 641108",641108,11.001036,76.961691,Deemed to be University(Govt),NOT APPLICABLE,Approved,Approved,B+,No,,Tier 3,http://www.avinashilingamhomescience.ac.in,info@avinashilingamhomescience.ac.in,admissions@avinashilingamhomescience.ac.in,placement@avinashilingamhomescience.ac.in,+91-80-177-6805,Data Science,B.Tech,90,449,1983,Rural,Yes,Yes
1-44641923772,1-44641923772,U-0992,AVINASHILINGAM INSTITUTE FOR HOME SCIENCE AND HIGHER EDUCATION FOR WOMEN DEEMED TO BE UNIVERSITY,Active,Tamil Nadu,Coimbatore,Coimbatore,"FACULTY OF ENGINEERING, AVINASHILINGAM UNIVERSITY FOR WOMEN, COIMBATORE - 641108",641108,11.001036,76.961691,Deemed to be University(Govt),NOT APPLICABLE,Approved,Approved,B+,No,,Tier 3,http://www.avinashilingamhomescience.ac.in,info@avinashilingamhomescience.ac.in,admissions@avinashilingamhomescience.ac.in,placement@avinashilingamhomescience.ac.in,+91-80-177-6805,Artificial Intelligence & Machine Learning (AI & ML),B.Tech,30,449,1983,Rural,Yes,Yes
1-44641923772,1-44641923772,U-0992,AVINASHILINGAM INSTITUTE FOR HOME SCIENCE AND HIGHER EDUCATION FOR WOMEN DEEMED TO BE UNIVERSITY,Active,Tamil Nadu,Coimbatore,Coimbatore,"FACULTY OF ENGINEERING, AVINASHILINGAM UNIVERSITY FOR WOMEN, COIMBATORE - 641108",641108,11.001036,76.961691,Deemed to be University(Govt),NOT APPLICABLE,Approved,Approved,B+,No,,Tier 3,http://www.avinashilingamhomescience.ac.in,info@avinashilingamhomescience.ac.in,admissions@avinashilingamhomescience.ac.in,placement@avinashilingamhomescience.ac.in,+91-80-177-6805,Cyber Security,B.Tech,30,449,1983,Rural,Yes,Yes
1-44641606736,1-44641606736,U-0650,NACHIMUTHU POLYTECHNIC COLLEGE,Active,Tamil Nadu,Coimbatore,Coimbatore,UDUMALAI ROAD MAKKINAICKENPATTI POST,600081,11.021889,76.957879,Govt aided,"Directorate of Technical Education, Chennai",Approved,Approved,Not Accredited,No,,Tier 3,http://www.nachimuthu.ac.in,info@nachimuthu.ac.in,admissions@nachimuthu.ac.in,placement@nachimuthu.ac.in,+91-80-052-3277,Civil Engineering,Diploma,30,750,2012,Urban,Yes,Yes
1-44641606736,1-44641606736,U-0650,NACHIMUTHU POLYTECHNIC COLLEGE,Active,Tamil Nadu,Coimbatore,Coimbatore,UDUMALAI ROAD MAKKINAICKENPATTI POST,600081,11.021889,76.957879,Govt aided,"Directorate of Technical Education, Chennai",Approved,Approved,Not Accredited,No,,Tier 3,http://www.nachimuthu.ac.in,info@nachimuthu.ac.in,admissions@nachimuthu.ac.in,placement@nachimuthu.ac.in,+91-80-052-3277,Mechanical Engineering,Diploma,160,750,2012,Urban,Yes,Yes
1-44641606736,1-44641606736,U-0650,NACHIMUTHU POLYTECHNIC COLLEGE,Active,Tamil Nadu,Coimbatore,Coimbatore,UDUMALAI ROAD MAKKINAICKENPATTI POST,600081,11.021889,76.957879,Govt aided,"Directorate of Technical Education, Chennai",Approved,Approved,Not Accredited,No,,Tier 3,http://www.nachimuthu.ac.in,info@nachimuthu.ac.in,admissions@nachimuthu.ac.in,placement@nachimuthu.ac.in,+91-80-052-3277,Electrical & Electronics Engineering (EEE),Diploma,130,750,2012,Urban,Yes,Yes
1-44641606736,1-44641606736,U-0650,NACHIMUTHU POLYTECHNIC COLLEGE,Active,Tamil Nadu,Coimbatore,Coimbatore,UDUMALAI ROAD MAKKINAICKENPATTI POST,600081,11.021889,76.957879,Govt aided,"Directorate of Technical Education, Chennai",Approved,Approved,Not Accredited,No,,Tier 3,http://www.nachimuthu.ac.in,info@nachimuthu.ac.in,admissions@nachimuthu.ac.in,placement@nachimuthu.ac.in,+91-80-052-3277,Electronics & Communication Engineering (ECE),Diploma,100,750,2012,Urban,Yes,Yes
1-44641606736,1-44641606736,U-0650,NACHIMUTHU POLYTECHNIC COLLEGE,Active,Tamil Nadu,Coimbatore,Coimbatore,UDUMALAI ROAD MAKKINAICKENPATTI POST,600081,11.021889,76.957879,Govt aided,"Directorate of Technical Education, Chennai",Approved,Approved,Not Accredited,No,,Tier 3,http://www.nachimuthu.ac.in,info@nachimuthu.ac.in,admissions@nachimuthu.ac.in,placement@nachimuthu.ac.in,+91-80-052-3277,Other Engineering Branches,Diploma,130,750,2012,Urban,Yes,Yes
1-44641606736,1-44641606736,U-0650,NACHIMUTHU POLYTECHNIC COLLEGE,Active,Tamil Nadu,Coimbatore,Coimbatore,UDUMALAI ROAD MAKKINAICKENPATTI POST,600081,11.021889,76.957879,Govt aided,"Directorate of Technical Education, Chennai",Approved,Approved,Not Accredited,No,,Tier 3,http://www.nachimuthu.ac.in,info@nachimuthu.ac.in,admissions@nachimuthu.ac.in,placement@nachimuthu.ac.in,+91-80-052-3277,Information Technology (IT),Diploma,30,750,2012,Urban,Yes,Yes
1-44641606736,1-44641606736,U-0650,NACHIMUTHU POLYTECHNIC COLLEGE,Active,Tamil Nadu,Coimbatore,Coimbatore,UDUMALAI ROAD MAKKINAICKENPATTI POST,600081,11.021889,76.957879,Govt aided,"Directorate of Technical Education, Chennai",Approved,Approved,Not Accredited,No,,Tier 3,http://www.nachimuthu.ac.in,info@nachimuthu.ac.in,admissions@nachimuthu.ac.in,placement@nachimuthu.ac.in,+91-80-052-3277,Computer Science Engineering (CSE),Diploma,60,750,2012,Urban,Yes,Yes
1-44641606736,1-44641606736,U-0650,NACHIMUTHU POLYTECHNIC COLLEGE,Active,Tamil Nadu,Coimbatore,Coimbatore,UDUMALAI ROAD MAKKINAICKENPATTI POST,600081,11.021889,76.957879,Govt aided,"Directorate of Technical Education, Chennai",Approved,Approved,Not Accredited,No,,Tier 3,http://www.nachimuthu.ac.in,info@nachimuthu.ac.in,admissions@nachimuthu.ac.in,placement@nachimuthu.ac.in,+91-80-052-3277,Automobile Engineering,Diploma,110,750,2012,Urban,Yes,Yes
1-44641882432,1-44641882432,U-0682,JCT COLLEGE OF ENGINEERING AND TECHNOLOGY,Active,Tamil Nadu,Coimbatore,Coimbatore,"PICHANUR, COIMBATORE SOUTH TALUK, COIMBATORE - 641105.",641105,11.025762,76.953657,Private-Self Financing,"Anna University, Chennai",Approved,Approved,B,No,,Tier 3,http://www.jct.ac.in,info@jct.ac.in,admissions@jct.ac.in,placement@jct.ac.in,+91-80-214-7314,Other Engineering Branches,B.Tech,120,939,2021,Urban,Yes,No
1-44641882432,1-44641882432,U-0682,JCT COLLEGE OF ENGINEERING AND TECHNOLOGY,Active,Tamil Nadu,Coimbatore,Coimbatore,"PICHANUR, COIMBATORE SOUTH TALUK, COIMBATORE - 641105.",641105,11.025762,76.953657,Private-Self Financing,"Anna University, Chennai",Approved,Approved,B,No,,Tier 3,http://www.jct.ac.in,info@jct.ac.in,admissions@jct.ac.in,placement@jct.ac.in,+91-80-214-7314,Civil Engineering,B.Tech,30,939,2021,Urban,Yes,No
1-44641882432,1-44641882432,U-0682,JCT COLLEGE OF ENGINEERING AND TECHNOLOGY,Active,Tamil Nadu,Coimbatore,Coimbatore,"PICHANUR, COIMBATORE SOUTH TALUK, COIMBATORE - 641105.",641105,11.025762,76.953657,Private-Self Financing,"Anna University, Chennai",Approved,Approved,B,No,,Tier 3,http://www.jct.ac.in,info@jct.ac.in,admissions@jct.ac.in,placement@jct.ac.in,+91-80-214-7314,Computer Science Engineering (CSE),B.Tech,270,939,2021,Urban,Yes,No
1-44641882432,1-44641882432,U-0682,JCT COLLEGE OF ENGINEERING AND TECHNOLOGY,Active,Tamil Nadu,Coimbatore,Coimbatore,"PICHANUR, COIMBATORE SOUTH TALUK, COIMBATORE - 641105.",641105,11.025762,76.953657,Private-Self Financing,"Anna University, Chennai",Approved,Approved,B,No,,Tier 3,http://www.jct.ac.in,info@jct.ac.in,admissions@jct.ac.in,placement@jct.ac.in,+91-80-214-7314,Electronics & Communication Engineering (ECE),B.Tech,120,939,2021,Urban,Yes,No
1-44641882432,1-44641882432,U-0682,JCT COLLEGE OF ENGINEERING AND TECHNOLOGY,Active,Tamil Nadu,Coimbatore,Coimbatore,"PICHANUR, COIMBATORE SOUTH TALUK, COIMBATORE - 641105.",641105,11.025762,76.953657,Private-Self Financing,"Anna University, Chennai",Approved,Approved,B,No,,Tier 3,http://www.jct.ac.in,info@jct.ac.in,admissions@jct.ac.in,placement@jct.ac.in,+91-80-214-7314,Mechanical Engineering,B.Tech,30,939,2021,Urban,Yes,No
1-44641882432,1-44641882432,U-0682,JCT COLLEGE OF ENGINEERING AND TECHNOLOGY,Active,Tamil Nadu,Coimbatore,Coimbatore,"PICHANUR, COIMBATORE SOUTH TALUK, COIMBATORE - 641105.",641105,11.025762,76.953657,Private-Self Financing,"Anna University, Chennai",Approved,Approved,B,No,,Tier 3,http://www.jct.ac.in,info@jct.ac.in,admissions@jct.ac.in,placement@jct.ac.in,+91-80-214-7314,Electrical & Electronics Engineering (EEE),B.Tech,30,939,2021,Urban,Yes,No
1-44641882432,1-44641882432,U-0682,JCT COLLEGE OF ENGINEERING AND TECHNOLOGY,Active,Tamil Nadu,Coimbatore,Coimbatore,"PICHANUR, COIMBATORE SOUTH TALUK, COIMBATORE - 641105.",641105,11.025762,76.953657,Private-Self Financing,"Anna University, Chennai",Approved,Approved,B,No,,Tier 3,http://www.jct.ac.in,info@jct.ac.in,admissions@jct.ac.in,placement@jct.ac.in,+91-80-214-7314,Chemical Engineering,B.Tech,120,939,2021,Urban,Yes,No
1-44641882432,1-44641882432,U-0682,JCT COLLEGE OF ENGINEERING AND TECHNOLOGY,Active,Tamil Nadu,Coimbatore,Coimbatore,"PICHANUR, COIMBATORE SOUTH TALUK, COIMBATORE - 641105.",641105,11.025762,76.953657,Private-Self Financing,"Anna University, Chennai",Approved,Approved,B,No,,Tier 3,http://www.jct.ac.in,info@jct.ac.in,admissions@jct.ac.in,placement@jct.ac.in,+91-80-214-7314,Other Engineering Branches,M.Tech,21,939,2021,Urban,Yes,No
1-44641882432,1-44641882432,U-0682,JCT COLLEGE OF ENGINEERING AND TECHNOLOGY,Active,Tamil Nadu,Coimbatore,Coimbatore,"PICHANUR, COIMBATORE SOUTH TALUK, COIMBATORE - 641105.",641105,11.025762,76.953657,Private-Self Financing,"Anna University, Chennai",Approved,Approved,B,No,,Tier 3,http://www.jct.ac.in,info@jct.ac.in,admissions@jct.ac.in,placement@jct.ac.in,+91-80-214-7314,Data Science,B.Tech,180,939,2021,Urban,Yes,No
1-44641882432,1-44641882432,U-0682,JCT COLLEGE OF ENGINEERING AND TECHNOLOGY,Active,Tamil Nadu,Coimbatore,Coimbatore,"PICHANUR, COIMBATORE SOUTH TALUK, COIMBATORE - 641105.",641105,11.025762,76.953657,Private-Self Financing,"Anna University, Chennai",Approved,Approved,B,No,,Tier 3,http://www.jct.ac.in,info@jct.ac.in,admissions@jct.ac.in,placement@jct.ac.in,+91-80-214-7314,Artificial Intelligence & Machine Learning (AI & ML),M.Tech,18,939,2021,Urban,Yes,No
1-44642255497,1-44642255497,U-0682,KARPAGAM INSTITUTE OF TECHNOLOGY,Active,Tamil Nadu,Coimbatore,Coimbatore,"KARPAGAM INSTITUTE OF TECHNOLOGY S.F.NO:247,248. L&T BYPASS ROAD SEERAPALAYAM VILLAGE BODIPALAYAM POST COIMBATORE - 641 105 TAMILNADU",600081,11.031591,76.949016,Private-Self Financing,"Anna University, Chennai",Approved,Approved,B++,Yes,,Tier 3,http://www.karpagam.ac.in,info@karpagam.ac.in,admissions@karpagam.ac.in,placement@karpagam.ac.in,+91-80-459-2084,Computer Science Engineering (CSE),B.Tech,120,540,2016,Urban,Yes,Yes
1-44642255497,1-44642255497,U-0682,KARPAGAM INSTITUTE OF TECHNOLOGY,Active,Tamil Nadu,Coimbatore,Coimbatore,"KARPAGAM INSTITUTE OF TECHNOLOGY S.F.NO:247,248. L&T BYPASS ROAD SEERAPALAYAM VILLAGE BODIPALAYAM POST COIMBATORE - 641 105 TAMILNADU",600081,11.031591,76.949016,Private-Self Financing,"Anna University, Chennai",Approved,Approved,B++,Yes,,Tier 3,http://www.karpagam.ac.in,info@karpagam.ac.in,admissions@karpagam.ac.in,placement@karpagam.ac.in,+91-80-459-2084,Electrical & Electronics Engineering (EEE),B.Tech,60,540,2016,Urban,Yes,Yes
1-44642255497,1-44642255497,U-0682,KARPAGAM INSTITUTE OF TECHNOLOGY,Active,Tamil Nadu,Coimbatore,Coimbatore,"KARPAGAM INSTITUTE OF TECHNOLOGY S.F.NO:247,248. L&T BYPASS ROAD SEERAPALAYAM VILLAGE BODIPALAYAM POST COIMBATORE - 641 105 TAMILNADU",600081,11.031591,76.949016,Private-Self Financing,"Anna University, Chennai",Approved,Approved,B++,Yes,,Tier 3,http://www.karpagam.ac.in,info@karpagam.ac.in,admissions@karpagam.ac.in,placement@karpagam.ac.in,+91-80-459-2084,Electronics & Communication Engineering (ECE),B.Tech,180,540,2016,Urban,Yes,Yes
1-44642255497,1-44642255497,U-0682,KARPAGAM INSTITUTE OF TECHNOLOGY,Active,Tamil Nadu,Coimbatore,Coimbatore,"KARPAGAM INSTITUTE OF TECHNOLOGY S.F.NO:247,248. L&T BYPASS ROAD SEERAPALAYAM VILLAGE BODIPALAYAM POST COIMBATORE - 641 105 TAMILNADU",600081,11.031591,76.949016,Private-Self Financing,"Anna University, Chennai",Approved,Approved,B++,Yes,,Tier 3,http://www.karpagam.ac.in,info@karpagam.ac.in,admissions@karpagam.ac.in,placement@karpagam.ac.in,+91-80-459-2084,Information Technology (IT),B.Tech,60,540,2016,Urban,Yes,Yes
1-44642255497,1-44642255497,U-0682,KARPAGAM INSTITUTE OF TECHNOLOGY,Active,Tamil Nadu,Coimbatore,Coimbatore,"KARPAGAM INSTITUTE OF TECHNOLOGY S.F.NO:247,248. L&T BYPASS ROAD SEERAPALAYAM VILLAGE BODIPALAYAM POST COIMBATORE - 641 105 TAMILNADU",600081,11.031591,76.949016,Private-Self Financing,"Anna University, Chennai",Approved,Approved,B++,Yes,,Tier 3,http://www.karpagam.ac.in,info@karpagam.ac.in,admissions@karpagam.ac.in,placement@karpagam.ac.in,+91-80-459-2084,Mechanical Engineering,B.Tech,60,540,2016,Urban,Yes,Yes
1-44642255497,1-44642255497,U-0682,KARPAGAM INSTITUTE OF TECHNOLOGY,Active,Tamil Nadu,Coimbatore,Coimbatore,"KARPAGAM INSTITUTE OF TECHNOLOGY S.F.NO:247,248. L&T BYPASS ROAD SEERAPALAYAM VILLAGE BODIPALAYAM POST COIMBATORE - 641 105 TAMILNADU",600081,11.031591,76.949016,Private-Self Financing,"Anna University, Chennai",Approved,Approved,B++,Yes,,Tier 3,http://www.karpagam.ac.in,info@karpagam.ac.in,admissions@karpagam.ac.in,placement@karpagam.ac.in,+91-80-459-2084,Data Science,B.Tech,60,540,2016,Urban,Yes,Yes
1-44643670531,1-44643670531,U-0682,SRI ESHWAR COLLEGE OF ENGINEERING,Active,Tamil Nadu,Coimbatore,Coimbatore,KONDAMPATTI POST VADASITHUR VIA COIMBATORE-641202 TAMILNADU,641202,11.035867,76.966656,Private-Self Financing,"Anna University, Chennai",Approved,Approved,Not Accredited,No,,Tier 3,http://www.srieshwar.ac.in,info@srieshwar.ac.in,admissions@srieshwar.ac.in,placement@srieshwar.ac.in,+91-80-638-5733,Computer Science Engineering (CSE),B.Tech,300,1155,1981,Urban,Yes,Yes
1-44643670531,1-44643670531,U-0682,SRI ESHWAR COLLEGE OF ENGINEERING,Active,Tamil Nadu,Coimbatore,Coimbatore,KONDAMPATTI POST VADASITHUR VIA COIMBATORE-641202 TAMILNADU,641202,11.035867,76.966656,Private-Self Financing,"Anna University, Chennai",Approved,Approved,Not Accredited,No,,Tier 3,http://www.srieshwar.ac.in,info@srieshwar.ac.in,admissions@srieshwar.ac.in,placement@srieshwar.ac.in,+91-80-638-5733,Electronics & Communication Engineering (ECE),B.Tech,180,1155,1981,Urban,Yes,Yes
1-44643670531,1-44643670531,U-0682,SRI ESHWAR COLLEGE OF ENGINEERING,Active,Tamil Nadu,Coimbatore,Coimbatore,KONDAMPATTI POST VADASITHUR VIA COIMBATORE-641202 TAMILNADU,641202,11.035867,76.966656,Private-Self Financing,"Anna University, Chennai",Approved,Approved,Not Accredited,No,,Tier 3,http://www.srieshwar.ac.in,info@srieshwar.ac.in,admissions@srieshwar.ac.in,placement@srieshwar.ac.in,+91-80-638-5733,Electrical & Electronics Engineering (EEE),B.Tech,60,1155,1981,Urban,Yes,Yes
1-44643670531,1-44643670531,U-0682,SRI ESHWAR COLLEGE OF ENGINEERING,Active,Tamil Nadu,Coimbatore,Coimbatore,KONDAMPATTI POST VADASITHUR VIA COIMBATORE-641202 TAMILNADU,641202,11.035867,76.966656,Private-Self Financing,"Anna University, Chennai",Approved,Approved,Not Accredited,No,,Tier 3,http://www.srieshwar.ac.in,info@srieshwar.ac.in,admissions@srieshwar.ac.in,placement@srieshwar.ac.in,+91-80-638-5733,Mechanical Engineering,B.Tech,30,1155,1981,Urban,Yes,Yes
1-44643670531,1-44643670531,U-0682,SRI ESHWAR COLLEGE OF ENGINEERING,Active,Tamil Nadu,Coimbatore,Coimbatore,KONDAMPATTI POST VADASITHUR VIA COIMBATORE-641202 TAMILNADU,641202,11.035867,76.966656,Private-Self Financing,"Anna University, Chennai",Approved,Approved,Not Accredited,No,,Tier 3,http://www.srieshwar.ac.in,info@srieshwar.ac.in,admissions@srieshwar.ac.in,placement@srieshwar.ac.in,+91-80-638-5733,Other Engineering Branches,M.Tech,27,1155,1981,Urban,Yes,Yes
1-44643670531,1-44643670531,U-0682,SRI ESHWAR COLLEGE OF ENGINEERING,Active,Tamil Nadu,Coimbatore,Coimbatore,KONDAMPATTI POST VADASITHUR VIA COIMBATORE-641202 TAMILNADU,641202,11.035867,76.966656,Private-Self Financing,"Anna University, Chennai",Approved,Approved,Not Accredited,No,,Tier 3,http://www.srieshwar.ac.in,info@srieshwar.ac.in,admissions@srieshwar.ac.in,placement@srieshwar.ac.in,+91-80-638-5733,Computer Science Engineering (CSE),M.Tech,18,1155,1981,Urban,Yes,Yes
1-44643670531,1-44643670531,U-0682,SRI ESHWAR COLLEGE OF ENGINEERING,Active,Tamil Nadu,Coimbatore,Coimbatore,KONDAMPATTI POST VADASITHUR VIA COIMBATORE-641202 TAMILNADU,641202,11.035867,76.966656,Private-Self Financing,"Anna University, Chennai",Approved,Approved,Not Accredited,No,,Tier 3,http://www.srieshwar.ac.in,info@srieshwar.ac.in,admissions@srieshwar.ac.in,placement@srieshwar.ac.in,+91-80-638-5733,Other Engineering Branches,B.Tech,60,1155,1981,Urban,Yes,Yes
1-44643670531,1-44643670531,U-0682,SRI ESHWAR COLLEGE OF ENGINEERING,Active,Tamil Nadu,Coimbatore,Coimbatore,KONDAMPATTI POST VADASITHUR VIA COIMBATORE-641202 TAMILNADU,641202,11.035867,76.966656,Private-Self Financing,"Anna University, Chennai",Approved,Approved,Not Accredited,No,,Tier 3,http://www.srieshwar.ac.in,info@srieshwar.ac.in,admissions@srieshwar.ac.in,placement@srieshwar.ac.in,+91-80-638-5733,Information Technology (IT),B.Tech,60,1155,1981,Urban,Yes,Yes
1-44643670531,1-44643670531,U-0682,SRI ESHWAR COLLEGE OF ENGINEERING,Active,Tamil Nadu,Coimbatore,Coimbatore,KONDAMPATTI POST VADASITHUR VIA COIMBATORE-641202 TAMILNADU,641202,11.035867,76.966656,Private-Self Financing,"Anna University, Chennai",Approved,Approved,Not Accredited,No,,Tier 3,http://www.srieshwar.ac.in,info@srieshwar.ac.in,admissions@srieshwar.ac.in,placement@srieshwar.ac.in,+91-80-638-5733,Data Science,B.Tech,240,1155,1981,Urban,Yes,Yes
1-44643670531,1-44643670531,U-0682,SRI ESHWAR COLLEGE OF ENGINEERING,Active,Tamil Nadu,Coimbatore,Coimbatore,KONDAMPATTI POST VADASITHUR VIA COIMBATORE-641202 TAMILNADU,641202,11.035867,76.966656,Private-Self Financing,"Anna University, Chennai",Approved,Approved,Not Accredited,No,,Tier 3,http://www.srieshwar.ac.in,info@srieshwar.ac.in,admissions@srieshwar.ac.in,placement@srieshwar.ac.in,+91-80-638-5733,Artificial Intelligence & Machine Learning (AI & ML),B.Tech,120,1155,1981,Urban,Yes,Yes
1-44643670531,1-44643670531,U-0682,SRI ESHWAR COLLEGE OF ENGINEERING,Active,Tamil Nadu,Coimbatore,Coimbatore,KONDAMPATTI POST VADASITHUR VIA COIMBATORE-641202 TAMILNADU,641202,11.035867,76.966656,Private-Self Financing,"Anna University, Chennai",Approved,Approved,Not Accredited,No,,Tier 3,http://www.srieshwar.ac.in,info@srieshwar.ac.in,admissions@srieshwar.ac.in,placement@srieshwar.ac.in,+91-80-638-5733,Cyber Security,B.Tech,60,1155,1981,Urban,Yes,Yes
1-44643113703,1-44643113703,U-0682,COIMBATORE INSTITUTE OF TECHNOLOGY,Active,Tamil Nadu,Coimbatore,Coimbatore,"AVINASHI ROAD, AERODROMME POST",600081,11.023051,76.948662,Govt aided,"Anna University, Chennai",Approved,Approved,B++,No,,Tier 3,http://www.coimbatore.ac.in,info@coimbatore.ac.in,admissions@coimbatore.ac.in,placement@coimbatore.ac.in,+91-80-101-0386,Electrical & Electronics Engineering (EEE),B.Tech,120,852,2002,Urban,Yes,Yes
1-44643113703,1-44643113703,U-0682,COIMBATORE INSTITUTE OF TECHNOLOGY,Active,Tamil Nadu,Coimbatore,Coimbatore,"AVINASHI ROAD, AERODROMME POST",600081,11.023051,76.948662,Govt aided,"Anna University, Chennai",Approved,Approved,B++,No,,Tier 3,http://www.coimbatore.ac.in,info@coimbatore.ac.in,admissions@coimbatore.ac.in,placement@coimbatore.ac.in,+91-80-101-0386,Mechanical Engineering,B.Tech,120,852,2002,Urban,Yes,Yes
1-44643113703,1-44643113703,U-0682,COIMBATORE INSTITUTE OF TECHNOLOGY,Active,Tamil Nadu,Coimbatore,Coimbatore,"AVINASHI ROAD, AERODROMME POST",600081,11.023051,76.948662,Govt aided,"Anna University, Chennai",Approved,Approved,B++,No,,Tier 3,http://www.coimbatore.ac.in,info@coimbatore.ac.in,admissions@coimbatore.ac.in,placement@coimbatore.ac.in,+91-80-101-0386,Civil Engineering,B.Tech,60,852,2002,Urban,Yes,Yes
1-44643113703,1-44643113703,U-0682,COIMBATORE INSTITUTE OF TECHNOLOGY,Active,Tamil Nadu,Coimbatore,Coimbatore,"AVINASHI ROAD, AERODROMME POST",600081,11.023051,76.948662,Govt aided,"Anna University, Chennai",Approved,Approved,B++,No,,Tier 3,http://www.coimbatore.ac.in,info@coimbatore.ac.in,admissions@coimbatore.ac.in,placement@coimbatore.ac.in,+91-80-101-0386,Electronics & Communication Engineering (ECE),B.Tech,120,852,2002,Urban,Yes,Yes
1-44643113703,1-44643113703,U-0682,COIMBATORE INSTITUTE OF TECHNOLOGY,Active,Tamil Nadu,Coimbatore,Coimbatore,"AVINASHI ROAD, AERODROMME POST",600081,11.023051,76.948662,Govt aided,"Anna University, Chennai",Approved,Approved,B++,No,,Tier 3,http://www.coimbatore.ac.in,info@coimbatore.ac.in,admissions@coimbatore.ac.in,placement@coimbatore.ac.in,+91-80-101-0386,Computer Science Engineering (CSE),B.Tech,180,852,2002,Urban,Yes,Yes
1-44643113703,1-44643113703,U-0682,COIMBATORE INSTITUTE OF TECHNOLOGY,Active,Tamil Nadu,Coimbatore,Coimbatore,"AVINASHI ROAD, AERODROMME POST",600081,11.023051,76.948662,Govt aided,"Anna University, Chennai",Approved,Approved,B++,No,,Tier 3,http://www.coimbatore.ac.in,info@coimbatore.ac.in,admissions@coimbatore.ac.in,placement@coimbatore.ac.in,+91-80-101-0386,Information Technology (IT),B.Tech,60,852,2002,Urban,Yes,Yes
1-44643113703,1-44643113703,U-0682,COIMBATORE INSTITUTE OF TECHNOLOGY,Active,Tamil Nadu,Coimbatore,Coimbatore,"AVINASHI ROAD, AERODROMME POST",600081,11.023051,76.948662,Govt aided,"Anna University, Chennai",Approved,Approved,B++,No,,Tier 3,http://www.coimbatore.ac.in,info@coimbatore.ac.in,admissions@coimbatore.ac.in,placement@coimbatore.ac.in,+91-80-101-0386,Chemical Engineering,B.Tech,60,852,2002,Urban,Yes,Yes
1-44643113703,1-44643113703,U-0682,COIMBATORE INSTITUTE OF TECHNOLOGY,Active,Tamil Nadu,Coimbatore,Coimbatore,"AVINASHI ROAD, AERODROMME POST",600081,11.023051,76.948662,Govt aided,"Anna University, Chennai",Approved,Approved,B++,No,,Tier 3,http://www.coimbatore.ac.in,info@coimbatore.ac.in,admissions@coimbatore.ac.in,placement@coimbatore.ac.in,+91-80-101-0386,Other Engineering Branches,M.Tech,54,852,2002,Urban,Yes,Yes
1-44643113703,1-44643113703,U-0682,COIMBATORE INSTITUTE OF TECHNOLOGY,Active,Tamil Nadu,Coimbatore,Coimbatore,"AVINASHI ROAD, AERODROMME POST",600081,11.023051,76.948662,Govt aided,"Anna University, Chennai",Approved,Approved,B++,No,,Tier 3,http://www.coimbatore.ac.in,info@coimbatore.ac.in,admissions@coimbatore.ac.in,placement@coimbatore.ac.in,+91-80-101-0386,Civil Engineering,M.Tech,18,852,2002,Urban,Yes,Yes
1-44643113703,1-44643113703,U-0682,COIMBATORE INSTITUTE OF TECHNOLOGY,Active,Tamil Nadu,Coimbatore,Coimbatore,"AVINASHI ROAD, AERODROMME POST",600081,11.023051,76.948662,Govt aided,"Anna University, Chennai",Approved,Approved,B++,No,,Tier 3,http://www.coimbatore.ac.in,info@coimbatore.ac.in,admissions@coimbatore.ac.in,placement@coimbatore.ac.in,+91-80-101-0386,Data Science,B.Tech,60,852,2002,Urban,Yes,Yes
1-44643254604,1-44643254604,U-0682,KIT-KALAIGNARKARUNANIDHI INSTITUTE OF TECHNOLOGY,Active,Tamil Nadu,Coimbatore,Coimbatore,"S.F. NO. 282, S.F. NO. 283 KANNAMPALAYAM  POST, COIMBATORE",600081,11.008202,76.936609,Private-Self Financing,"Anna University, Chennai",Approved,Approved,A,No,,Tier 3,http://www.kitkalaignarkarunanidhi.ac.in,info@kitkalaignarkarunanidhi.ac.in,admissions@kitkalaignarkarunanidhi.ac.in,placement@kitkalaignarkarunanidhi.ac.in,+91-80-478-2085,Other Engineering Branches,M.Tech,72,1110,1986,Urban,Yes,Yes
1-44643254604,1-44643254604,U-0682,KIT-KALAIGNARKARUNANIDHI INSTITUTE OF TECHNOLOGY,Active,Tamil Nadu,Coimbatore,Coimbatore,"S.F. NO. 282, S.F. NO. 283 KANNAMPALAYAM  POST, COIMBATORE",600081,11.008202,76.936609,Private-Self Financing,"Anna University, Chennai",Approved,Approved,A,No,,Tier 3,http://www.kitkalaignarkarunanidhi.ac.in,info@kitkalaignarkarunanidhi.ac.in,admissions@kitkalaignarkarunanidhi.ac.in,placement@kitkalaignarkarunanidhi.ac.in,+91-80-478-2085,Aeronautical Engineering,B.Tech,60,1110,1986,Urban,Yes,Yes
1-44643254604,1-44643254604,U-0682,KIT-KALAIGNARKARUNANIDHI INSTITUTE OF TECHNOLOGY,Active,Tamil Nadu,Coimbatore,Coimbatore,"S.F. NO. 282, S.F. NO. 283 KANNAMPALAYAM  POST, COIMBATORE",600081,11.008202,76.936609,Private-Self Financing,"Anna University, Chennai",Approved,Approved,A,No,,Tier 3,http://www.kitkalaignarkarunanidhi.ac.in,info@kitkalaignarkarunanidhi.ac.in,admissions@kitkalaignarkarunanidhi.ac.in,placement@kitkalaignarkarunanidhi.ac.in,+91-80-478-2085,Computer Science Engineering (CSE),B.Tech,240,1110,1986,Urban,Yes,Yes
1-44643254604,1-44643254604,U-0682,KIT-KALAIGNARKARUNANIDHI INSTITUTE OF TECHNOLOGY,Active,Tamil Nadu,Coimbatore,Coimbatore,"S.F. NO. 282, S.F. NO. 283 KANNAMPALAYAM  POST, COIMBATORE",600081,11.008202,76.936609,Private-Self Financing,"Anna University, Chennai",Approved,Approved,A,No,,Tier 3,http://www.kitkalaignarkarunanidhi.ac.in,info@kitkalaignarkarunanidhi.ac.in,admissions@kitkalaignarkarunanidhi.ac.in,placement@kitkalaignarkarunanidhi.ac.in,+91-80-478-2085,Electronics & Communication Engineering (ECE),B.Tech,120,1110,1986,Urban,Yes,Yes
1-44643254604,1-44643254604,U-0682,KIT-KALAIGNARKARUNANIDHI INSTITUTE OF TECHNOLOGY,Active,Tamil Nadu,Coimbatore,Coimbatore,"S.F. NO. 282, S.F. NO. 283 KANNAMPALAYAM  POST, COIMBATORE",600081,11.008202,76.936609,Private-Self Financing,"Anna University, Chennai",Approved,Approved,A,No,,Tier 3,http://www.kitkalaignarkarunanidhi.ac.in,info@kitkalaignarkarunanidhi.ac.in,admissions@kitkalaignarkarunanidhi.ac.in,placement@kitkalaignarkarunanidhi.ac.in,+91-80-478-2085,Electrical & Electronics Engineering (EEE),B.Tech,60,1110,1986,Urban,Yes,Yes
1-44643254604,1-44643254604,U-0682,KIT-KALAIGNARKARUNANIDHI INSTITUTE OF TECHNOLOGY,Active,Tamil Nadu,Coimbatore,Coimbatore,"S.F. NO. 282, S.F. NO. 283 KANNAMPALAYAM  POST, COIMBATORE",600081,11.008202,76.936609,Private-Self Financing,"Anna University, Chennai",Approved,Approved,A,No,,Tier 3,http://www.kitkalaignarkarunanidhi.ac.in,info@kitkalaignarkarunanidhi.ac.in,admissions@kitkalaignarkarunanidhi.ac.in,placement@kitkalaignarkarunanidhi.ac.in,+91-80-478-2085,Mechanical Engineering,B.Tech,60,1110,1986,Urban,Yes,Yes
1-44643254604,1-44643254604,U-0682,KIT-KALAIGNARKARUNANIDHI INSTITUTE OF TECHNOLOGY,Active,Tamil Nadu,Coimbatore,Coimbatore,"S.F. NO. 282, S.F. NO. 283 KANNAMPALAYAM  POST, COIMBATORE",600081,11.008202,76.936609,Private-Self Financing,"Anna University, Chennai",Approved,Approved,A,No,,Tier 3,http://www.kitkalaignarkarunanidhi.ac.in,info@kitkalaignarkarunanidhi.ac.in,admissions@kitkalaignarkarunanidhi.ac.in,placement@kitkalaignarkarunanidhi.ac.in,+91-80-478-2085,Computer Science Engineering (CSE),M.Tech,18,1110,1986,Urban,Yes,Yes
1-44643254604,1-44643254604,U-0682,KIT-KALAIGNARKARUNANIDHI INSTITUTE OF TECHNOLOGY,Active,Tamil Nadu,Coimbatore,Coimbatore,"S.F. NO. 282, S.F. NO. 283 KANNAMPALAYAM  POST, COIMBATORE",600081,11.008202,76.936609,Private-Self Financing,"Anna University, Chennai",Approved,Approved,A,No,,Tier 3,http://www.kitkalaignarkarunanidhi.ac.in,info@kitkalaignarkarunanidhi.ac.in,admissions@kitkalaignarkarunanidhi.ac.in,placement@kitkalaignarkarunanidhi.ac.in,+91-80-478-2085,Biotechnology,B.Tech,60,1110,1986,Urban,Yes,Yes
1-44643254604,1-44643254604,U-0682,KIT-KALAIGNARKARUNANIDHI INSTITUTE OF TECHNOLOGY,Active,Tamil Nadu,Coimbatore,Coimbatore,"S.F. NO. 282, S.F. NO. 283 KANNAMPALAYAM  POST, COIMBATORE",600081,11.008202,76.936609,Private-Self Financing,"Anna University, Chennai",Approved,Approved,A,No,,Tier 3,http://www.kitkalaignarkarunanidhi.ac.in,info@kitkalaignarkarunanidhi.ac.in,admissions@kitkalaignarkarunanidhi.ac.in,placement@kitkalaignarkarunanidhi.ac.in,+91-80-478-2085,Other Engineering Branches,B.Tech,120,1110,1986,Urban,Yes,Yes
1-44643254604,1-44643254604,U-0682,KIT-KALAIGNARKARUNANIDHI INSTITUTE OF TECHNOLOGY,Active,Tamil Nadu,Coimbatore,Coimbatore,"S.F. NO. 282, S.F. NO. 283 KANNAMPALAYAM  POST, COIMBATORE",600081,11.008202,76.936609,Private-Self Financing,"Anna University, Chennai",Approved,Approved,A,No,,Tier 3,http://www.kitkalaignarkarunanidhi.ac.in,info@kitkalaignarkarunanidhi.ac.in,admissions@kitkalaignarkarunanidhi.ac.in,placement@kitkalaignarkarunanidhi.ac.in,+91-80-478-2085,Data Science,B.Tech,180,1110,1986,Urban,Yes,Yes
1-44643254604,1-44643254604,U-0682,KIT-KALAIGNARKARUNANIDHI INSTITUTE OF TECHNOLOGY,Active,Tamil Nadu,Coimbatore,Coimbatore,"S.F. NO. 282, S.F. NO. 283 KANNAMPALAYAM  POST, COIMBATORE",600081,11.008202,76.936609,Private-Self Financing,"Anna University, Chennai",Approved,Approved,A,No,,Tier 3,http://www.kitkalaignarkarunanidhi.ac.in,info@kitkalaignarkarunanidhi.ac.in,admissions@kitkalaignarkarunanidhi.ac.in,placement@kitkalaignarkarunanidhi.ac.in,+91-80-478-2085,Artificial Intelligence & Machine Learning (AI & ML),B.Tech,60,1110,1986,Urban,Yes,Yes
1-44643254604,1-44643254604,U-0682,KIT-KALAIGNARKARUNANIDHI INSTITUTE OF TECHNOLOGY,Active,Tamil Nadu,Coimbatore,Coimbatore,"S.F. NO. 282, S.F. NO. 283 KANNAMPALAYAM  POST, COIMBATORE",600081,11.008202,76.936609,Private-Self Financing,"Anna University, Chennai",Approved,Approved,A,No,,Tier 3,http://www.kitkalaignarkarunanidhi.ac.in,info@kitkalaignarkarunanidhi.ac.in,admissions@kitkalaignarkarunanidhi.ac.in,placement@kitkalaignarkarunanidhi.ac.in,+91-80-478-2085,Cyber Security,B.Tech,60,1110,1986,Urban,Yes,Yes
1-44643177785,1-44643177785,U-0682,SRI RAMAKRISHNA ENGINEERING COLLEGE,Active,Tamil Nadu,Coimbatore,Coimbatore,"VATTAMALAIPALAYAM, N.G.G.O COLONY(POST), COIMABATORE-641022. TAMILNADU.",641022,11.029077,76.960556,Private-Self Financing,"Anna University, Chennai",Approved,Approved,B,No,,Tier 3,http://www.sriramakrishna.ac.in,info@sriramakrishna.ac.in,admissions@sriramakrishna.ac.in,placement@sriramakrishna.ac.in,+91-80-353-7950,Mechanical Engineering,B.Tech,90,1080,2017,Urban,No,Yes
1-44643177785,1-44643177785,U-0682,SRI RAMAKRISHNA ENGINEERING COLLEGE,Active,Tamil Nadu,Coimbatore,Coimbatore,"VATTAMALAIPALAYAM, N.G.G.O COLONY(POST), COIMABATORE-641022. TAMILNADU.",641022,11.029077,76.960556,Private-Self Financing,"Anna University, Chennai",Approved,Approved,B,No,,Tier 3,http://www.sriramakrishna.ac.in,info@sriramakrishna.ac.in,admissions@sriramakrishna.ac.in,placement@sriramakrishna.ac.in,+91-80-353-7950,Computer Science Engineering (CSE),B.Tech,240,1080,2017,Urban,No,Yes
1-44643177785,1-44643177785,U-0682,SRI RAMAKRISHNA ENGINEERING COLLEGE,Active,Tamil Nadu,Coimbatore,Coimbatore,"VATTAMALAIPALAYAM, N.G.G.O COLONY(POST), COIMABATORE-641022. TAMILNADU.",641022,11.029077,76.960556,Private-Self Financing,"Anna University, Chennai",Approved,Approved,B,No,,Tier 3,http://www.sriramakrishna.ac.in,info@sriramakrishna.ac.in,admissions@sriramakrishna.ac.in,placement@sriramakrishna.ac.in,+91-80-353-7950,Other Engineering Branches,M.Tech,18,1080,2017,Urban,No,Yes
1-44643177785,1-44643177785,U-0682,SRI RAMAKRISHNA ENGINEERING COLLEGE,Active,Tamil Nadu,Coimbatore,Coimbatore,"VATTAMALAIPALAYAM, N.G.G.O COLONY(POST), COIMABATORE-641022. TAMILNADU.",641022,11.029077,76.960556,Private-Self Financing,"Anna University, Chennai",Approved,Approved,B,No,,Tier 3,http://www.sriramakrishna.ac.in,info@sriramakrishna.ac.in,admissions@sriramakrishna.ac.in,placement@sriramakrishna.ac.in,+91-80-353-7950,Electronics & Communication Engineering (ECE),B.Tech,180,1080,2017,Urban,No,Yes
1-44643177785,1-44643177785,U-0682,SRI RAMAKRISHNA ENGINEERING COLLEGE,Active,Tamil Nadu,Coimbatore,Coimbatore,"VATTAMALAIPALAYAM, N.G.G.O COLONY(POST), COIMABATORE-641022. TAMILNADU.",641022,11.029077,76.960556,Private-Self Financing,"Anna University, Chennai",Approved,Approved,B,No,,Tier 3,http://www.sriramakrishna.ac.in,info@sriramakrishna.ac.in,admissions@sriramakrishna.ac.in,placement@sriramakrishna.ac.in,+91-80-353-7950,Other Engineering Branches,B.Tech,120,1080,2017,Urban,No,Yes
1-44643177785,1-44643177785,U-0682,SRI RAMAKRISHNA ENGINEERING COLLEGE,Active,Tamil Nadu,Coimbatore,Coimbatore,"VATTAMALAIPALAYAM, N.G.G.O COLONY(POST), COIMABATORE-641022. TAMILNADU.",641022,11.029077,76.960556,Private-Self Financing,"Anna University, Chennai",Approved,Approved,B,No,,Tier 3,http://www.sriramakrishna.ac.in,info@sriramakrishna.ac.in,admissions@sriramakrishna.ac.in,placement@sriramakrishna.ac.in,+91-80-353-7950,Information Technology (IT),B.Tech,120,1080,2017,Urban,No,Yes
1-44643177785,1-44643177785,U-0682,SRI RAMAKRISHNA ENGINEERING COLLEGE,Active,Tamil Nadu,Coimbatore,Coimbatore,"VATTAMALAIPALAYAM, N.G.G.O COLONY(POST), COIMABATORE-641022. TAMILNADU.",641022,11.029077,76.960556,Private-Self Financing,"Anna University, Chennai",Approved,Approved,B,No,,Tier 3,http://www.sriramakrishna.ac.in,info@sriramakrishna.ac.in,admissions@sriramakrishna.ac.in,placement@sriramakrishna.ac.in,+91-80-353-7950,Aeronautical Engineering,B.Tech,30,1080,2017,Urban,No,Yes
1-44643177785,1-44643177785,U-0682,SRI RAMAKRISHNA ENGINEERING COLLEGE,Active,Tamil Nadu,Coimbatore,Coimbatore,"VATTAMALAIPALAYAM, N.G.G.O COLONY(POST), COIMABATORE-641022. TAMILNADU.",641022,11.029077,76.960556,Private-Self Financing,"Anna University, Chennai",Approved,Approved,B,No,,Tier 3,http://www.sriramakrishna.ac.in,info@sriramakrishna.ac.in,admissions@sriramakrishna.ac.in,placement@sriramakrishna.ac.in,+91-80-353-7950,Electrical & Electronics Engineering (EEE),B.Tech,90,1080,2017,Urban,No,Yes
1-44643177785,1-44643177785,U-0682,SRI RAMAKRISHNA ENGINEERING COLLEGE,Active,Tamil Nadu,Coimbatore,Coimbatore,"VATTAMALAIPALAYAM, N.G.G.O COLONY(POST), COIMABATORE-641022. TAMILNADU.",641022,11.029077,76.960556,Private-Self Financing,"Anna University, Chennai",Approved,Approved,B,No,,Tier 3,http://www.sriramakrishna.ac.in,info@sriramakrishna.ac.in,admissions@sriramakrishna.ac.in,placement@sriramakrishna.ac.in,+91-80-353-7950,Civil Engineering,B.Tech,60,1080,2017,Urban,No,Yes
1-44643177785,1-44643177785,U-0682,SRI RAMAKRISHNA ENGINEERING COLLEGE,Active,Tamil Nadu,Coimbatore,Coimbatore,"VATTAMALAIPALAYAM, N.G.G.O COLONY(POST), COIMABATORE-641022. TAMILNADU.",641022,11.029077,76.960556,Private-Self Financing,"Anna University, Chennai",Approved,Approved,B,No,,Tier 3,http://www.sriramakrishna.ac.in,info@sriramakrishna.ac.in,admissions@sriramakrishna.ac.in,placement@sriramakrishna.ac.in,+91-80-353-7950,Robotics,B.Tech,60,1080,2017,Urban,No,Yes
1-44643177785,1-44643177785,U-0682,SRI RAMAKRISHNA ENGINEERING COLLEGE,Active,Tamil Nadu,Coimbatore,Coimbatore,"VATTAMALAIPALAYAM, N.G.G.O COLONY(POST), COIMABATORE-641022. TAMILNADU.",641022,11.029077,76.960556,Private-Self Financing,"Anna University, Chennai",Approved,Approved,B,No,,Tier 3,http://www.sriramakrishna.ac.in,info@sriramakrishna.ac.in,admissions@sriramakrishna.ac.in,placement@sriramakrishna.ac.in,+91-80-353-7950,Data Science,B.Tech,60,1080,2017,Urban,No,Yes
1-44643177785,1-44643177785,U-0682,SRI RAMAKRISHNA ENGINEERING COLLEGE,Active,Tamil Nadu,Coimbatore,Coimbatore,"VATTAMALAIPALAYAM, N.G.G.O COLONY(POST), COIMABATORE-641022. TAMILNADU.",641022,11.029077,76.960556,Private-Self Financing,"Anna University, Chennai",Approved,Approved,B,No,,Tier 3,http://www.sriramakrishna.ac.in,info@sriramakrishna.ac.in,admissions@sriramakrishna.ac.in,placement@sriramakrishna.ac.in,+91-80-353-7950,Data Science,M.Tech,6,1080,2017,Urban,No,Yes
1-44643177785,1-44643177785,U-0682,SRI RAMAKRISHNA ENGINEERING COLLEGE,Active,Tamil Nadu,Coimbatore,Coimbatore,"VATTAMALAIPALAYAM, N.G.G.O COLONY(POST), COIMABATORE-641022. TAMILNADU.",641022,11.029077,76.960556,Private-Self Financing,"Anna University, Chennai",Approved,Approved,B,No,,Tier 3,http://www.sriramakrishna.ac.in,info@sriramakrishna.ac.in,admissions@sriramakrishna.ac.in,placement@sriramakrishna.ac.in,+91-80-353-7950,Robotics,M.Tech,6,1080,2017,Urban,No,Yes
1-44643706263,1-44643706263,U-0682,PPG INSTITUTE OF TECHNOLOGY,Active,Tamil Nadu,Coimbatore,Coimbatore,"RATHNAGIRI ROAD, SARAVANAMPATTI, COIMBATORE",600081,11.022872,76.943903,Private-Self Financing,"Anna University, Chennai",Approved,Approved,Not Accredited,No,,Tier 3,http://www.ppg.ac.in,info@ppg.ac.in,admissions@ppg.ac.in,placement@ppg.ac.in,+91-80-093-5091,Electronics & Communication Engineering (ECE),B.Tech,60,501,1983,Urban,Yes,Yes
1-44643706263,1-44643706263,U-0682,PPG INSTITUTE OF TECHNOLOGY,Active,Tamil Nadu,Coimbatore,Coimbatore,"RATHNAGIRI ROAD, SARAVANAMPATTI, COIMBATORE",600081,11.022872,76.943903,Private-Self Financing,"Anna University, Chennai",Approved,Approved,Not Accredited,No,,Tier 3,http://www.ppg.ac.in,info@ppg.ac.in,admissions@ppg.ac.in,placement@ppg.ac.in,+91-80-093-5091,Computer Science Engineering (CSE),B.Tech,120,501,1983,Urban,Yes,Yes
1-44643706263,1-44643706263,U-0682,PPG INSTITUTE OF TECHNOLOGY,Active,Tamil Nadu,Coimbatore,Coimbatore,"RATHNAGIRI ROAD, SARAVANAMPATTI, COIMBATORE",600081,11.022872,76.943903,Private-Self Financing,"Anna University, Chennai",Approved,Approved,Not Accredited,No,,Tier 3,http://www.ppg.ac.in,info@ppg.ac.in,admissions@ppg.ac.in,placement@ppg.ac.in,+91-80-093-5091,Mechanical Engineering,B.Tech,30,501,1983,Urban,Yes,Yes
1-44643706263,1-44643706263,U-0682,PPG INSTITUTE OF TECHNOLOGY,Active,Tamil Nadu,Coimbatore,Coimbatore,"RATHNAGIRI ROAD, SARAVANAMPATTI, COIMBATORE",600081,11.022872,76.943903,Private-Self Financing,"Anna University, Chennai",Approved,Approved,Not Accredited,No,,Tier 3,http://www.ppg.ac.in,info@ppg.ac.in,admissions@ppg.ac.in,placement@ppg.ac.in,+91-80-093-5091,Other Engineering Branches,M.Tech,21,501,1983,Urban,Yes,Yes
1-44643706263,1-44643706263,U-0682,PPG INSTITUTE OF TECHNOLOGY,Active,Tamil Nadu,Coimbatore,Coimbatore,"RATHNAGIRI ROAD, SARAVANAMPATTI, COIMBATORE",600081,11.022872,76.943903,Private-Self Financing,"Anna University, Chennai",Approved,Approved,Not Accredited,No,,Tier 3,http://www.ppg.ac.in,info@ppg.ac.in,admissions@ppg.ac.in,placement@ppg.ac.in,+91-80-093-5091,Agricultural Engineering,B.Tech,30,501,1983,Urban,Yes,Yes
1-44643706263,1-44643706263,U-0682,PPG INSTITUTE OF TECHNOLOGY,Active,Tamil Nadu,Coimbatore,Coimbatore,"RATHNAGIRI ROAD, SARAVANAMPATTI, COIMBATORE",600081,11.022872,76.943903,Private-Self Financing,"Anna University, Chennai",Approved,Approved,Not Accredited,No,,Tier 3,http://www.ppg.ac.in,info@ppg.ac.in,admissions@ppg.ac.in,placement@ppg.ac.in,+91-80-093-5091,Other Engineering Branches,B.Tech,60,501,1983,Urban,Yes,Yes
1-44643706263,1-44643706263,U-0682,PPG INSTITUTE OF TECHNOLOGY,Active,Tamil Nadu,Coimbatore,Coimbatore,"RATHNAGIRI ROAD, SARAVANAMPATTI, COIMBATORE",600081,11.022872,76.943903,Private-Self Financing,"Anna University, Chennai",Approved,Approved,Not Accredited,No,,Tier 3,http://www.ppg.ac.in,info@ppg.ac.in,admissions@ppg.ac.in,placement@ppg.ac.in,+91-80-093-5091,Information Technology (IT),B.Tech,90,501,1983,Urban,Yes,Yes
1-44643706263,1-44643706263,U-0682,PPG INSTITUTE OF TECHNOLOGY,Active,Tamil Nadu,Coimbatore,Coimbatore,"RATHNAGIRI ROAD, SARAVANAMPATTI, COIMBATORE",600081,11.022872,76.943903,Private-Self Financing,"Anna University, Chennai",Approved,Approved,Not Accredited,No,,Tier 3,http://www.ppg.ac.in,info@ppg.ac.in,admissions@ppg.ac.in,placement@ppg.ac.in,+91-80-093-5091,Data Science,B.Tech,60,501,1983,Urban,Yes,Yes
1-44643706263,1-44643706263,U-0682,PPG INSTITUTE OF TECHNOLOGY,Active,Tamil Nadu,Coimbatore,Coimbatore,"RATHNAGIRI ROAD, SARAVANAMPATTI, COIMBATORE",600081,11.022872,76.943903,Private-Self Financing,"Anna University, Chennai",Approved,Approved,Not Accredited,No,,Tier 3,http://www.ppg.ac.in,info@ppg.ac.in,admissions@ppg.ac.in,placement@ppg.ac.in,+91-80-093-5091,Artificial Intelligence & Machine Learning (AI & ML),B.Tech,30,501,1983,Urban,Yes,Yes
1-44643618457,1-44643618457,U-0682,UNITED INSTITUTE OF TECHNOLOGY,Active,Tamil Nadu,Coimbatore,Coimbatore,"G.KOUNDAMPALAYAM, PERIYANAICKENPALAYAM",600081,10.997874,76.946013,Private-Self Financing,"Anna University, Chennai",Approved,Approved,Not Accredited,No,,Tier 3,http://www.united.ac.in,info@united.ac.in,admissions@united.ac.in,placement@united.ac.in,+91-80-045-0369,Computer Science Engineering (CSE),B.Tech,120,510,2003,Urban,No,Yes
1-44643618457,1-44643618457,U-0682,UNITED INSTITUTE OF TECHNOLOGY,Active,Tamil Nadu,Coimbatore,Coimbatore,"G.KOUNDAMPALAYAM, PERIYANAICKENPALAYAM",600081,10.997874,76.946013,Private-Self Financing,"Anna University, Chennai",Approved,Approved,Not Accredited,No,,Tier 3,http://www.united.ac.in,info@united.ac.in,admissions@united.ac.in,placement@united.ac.in,+91-80-045-0369,Electronics & Communication Engineering (ECE),B.Tech,60,510,2003,Urban,No,Yes
1-44643618457,1-44643618457,U-0682,UNITED INSTITUTE OF TECHNOLOGY,Active,Tamil Nadu,Coimbatore,Coimbatore,"G.KOUNDAMPALAYAM, PERIYANAICKENPALAYAM",600081,10.997874,76.946013,Private-Self Financing,"Anna University, Chennai",Approved,Approved,Not Accredited,No,,Tier 3,http://www.united.ac.in,info@united.ac.in,admissions@united.ac.in,placement@united.ac.in,+91-80-045-0369,Robotics,B.Tech,30,510,2003,Urban,No,Yes
1-44643618457,1-44643618457,U-0682,UNITED INSTITUTE OF TECHNOLOGY,Active,Tamil Nadu,Coimbatore,Coimbatore,"G.KOUNDAMPALAYAM, PERIYANAICKENPALAYAM",600081,10.997874,76.946013,Private-Self Financing,"Anna University, Chennai",Approved,Approved,Not Accredited,No,,Tier 3,http://www.united.ac.in,info@united.ac.in,admissions@united.ac.in,placement@united.ac.in,+91-80-045-0369,Data Science,B.Tech,120,510,2003,Urban,No,Yes
1-44643618457,1-44643618457,U-0682,UNITED INSTITUTE OF TECHNOLOGY,Active,Tamil Nadu,Coimbatore,Coimbatore,"G.KOUNDAMPALAYAM, PERIYANAICKENPALAYAM",600081,10.997874,76.946013,Private-Self Financing,"Anna University, Chennai",Approved,Approved,Not Accredited,No,,Tier 3,http://www.united.ac.in,info@united.ac.in,admissions@united.ac.in,placement@united.ac.in,+91-80-045-0369,Cyber Security,B.Tech,60,510,2003,Urban,No,Yes
1-44643618457,1-44643618457,U-0682,UNITED INSTITUTE OF TECHNOLOGY,Active,Tamil Nadu,Coimbatore,Coimbatore,"G.KOUNDAMPALAYAM, PERIYANAICKENPALAYAM",600081,10.997874,76.946013,Private-Self Financing,"Anna University, Chennai",Approved,Approved,Not Accredited,No,,Tier 3,http://www.united.ac.in,info@united.ac.in,admissions@united.ac.in,placement@united.ac.in,+91-80-045-0369,Information Technology (IT),B.Tech,60,510,2003,Urban,No,Yes
1-44643618457,1-44643618457,U-0682,UNITED INSTITUTE OF TECHNOLOGY,Active,Tamil Nadu,Coimbatore,Coimbatore,"G.KOUNDAMPALAYAM, PERIYANAICKENPALAYAM",600081,10.997874,76.946013,Private-Self Financing,"Anna University, Chennai",Approved,Approved,Not Accredited,No,,Tier 3,http://www.united.ac.in,info@united.ac.in,admissions@united.ac.in,placement@united.ac.in,+91-80-045-0369,Computer Science Engineering (CSE),M.Tech,30,510,2003,Urban,No,Yes
1-44643618457,1-44643618457,U-0682,UNITED INSTITUTE OF TECHNOLOGY,Active,Tamil Nadu,Coimbatore,Coimbatore,"G.KOUNDAMPALAYAM, PERIYANAICKENPALAYAM",600081,10.997874,76.946013,Private-Self Financing,"Anna University, Chennai",Approved,Approved,Not Accredited,No,,Tier 3,http://www.united.ac.in,info@united.ac.in,admissions@united.ac.in,placement@united.ac.in,+91-80-045-0369,Data Science,M.Tech,30,510,2003,Urban,No,Yes
1-44643089149,1-44643089149,U-0682,SRI RAMAKRISHNA INSTITUTE OF TECHNOLOGY,Active,Tamil Nadu,Coimbatore,Coimbatore,"PACHAPALAYAM, PERUR CHETTIPALAYAM COIMBATORE - 641010",641010,11.019053,76.945682,Private-Self Financing,"Anna University, Chennai",Approved,Approved,Not Accredited,No,,Tier 3,http://www.sriramakrishna.ac.in,info@sriramakrishna.ac.in,admissions@sriramakrishna.ac.in,placement@sriramakrishna.ac.in,+91-80-933-3567,Computer Science Engineering (CSE),B.Tech,180,438,2022,Urban,Yes,Yes
1-44643089149,1-44643089149,U-0682,SRI RAMAKRISHNA INSTITUTE OF TECHNOLOGY,Active,Tamil Nadu,Coimbatore,Coimbatore,"PACHAPALAYAM, PERUR CHETTIPALAYAM COIMBATORE - 641010",641010,11.019053,76.945682,Private-Self Financing,"Anna University, Chennai",Approved,Approved,Not Accredited,No,,Tier 3,http://www.sriramakrishna.ac.in,info@sriramakrishna.ac.in,admissions@sriramakrishna.ac.in,placement@sriramakrishna.ac.in,+91-80-933-3567,Electronics & Communication Engineering (ECE),B.Tech,60,438,2022,Urban,Yes,Yes
1-44643089149,1-44643089149,U-0682,SRI RAMAKRISHNA INSTITUTE OF TECHNOLOGY,Active,Tamil Nadu,Coimbatore,Coimbatore,"PACHAPALAYAM, PERUR CHETTIPALAYAM COIMBATORE - 641010",641010,11.019053,76.945682,Private-Self Financing,"Anna University, Chennai",Approved,Approved,Not Accredited,No,,Tier 3,http://www.sriramakrishna.ac.in,info@sriramakrishna.ac.in,admissions@sriramakrishna.ac.in,placement@sriramakrishna.ac.in,+91-80-933-3567,Electrical & Electronics Engineering (EEE),B.Tech,30,438,2022,Urban,Yes,Yes
1-44643089149,1-44643089149,U-0682,SRI RAMAKRISHNA INSTITUTE OF TECHNOLOGY,Active,Tamil Nadu,Coimbatore,Coimbatore,"PACHAPALAYAM, PERUR CHETTIPALAYAM COIMBATORE - 641010",641010,11.019053,76.945682,Private-Self Financing,"Anna University, Chennai",Approved,Approved,Not Accredited,No,,Tier 3,http://www.sriramakrishna.ac.in,info@sriramakrishna.ac.in,admissions@sriramakrishna.ac.in,placement@sriramakrishna.ac.in,+91-80-933-3567,Information Technology (IT),B.Tech,60,438,2022,Urban,Yes,Yes
1-44643089149,1-44643089149,U-0682,SRI RAMAKRISHNA INSTITUTE OF TECHNOLOGY,Active,Tamil Nadu,Coimbatore,Coimbatore,"PACHAPALAYAM, PERUR CHETTIPALAYAM COIMBATORE - 641010",641010,11.019053,76.945682,Private-Self Financing,"Anna University, Chennai",Approved,Approved,Not Accredited,No,,Tier 3,http://www.sriramakrishna.ac.in,info@sriramakrishna.ac.in,admissions@sriramakrishna.ac.in,placement@sriramakrishna.ac.in,+91-80-933-3567,Mechanical Engineering,B.Tech,30,438,2022,Urban,Yes,Yes
1-44643089149,1-44643089149,U-0682,SRI RAMAKRISHNA INSTITUTE OF TECHNOLOGY,Active,Tamil Nadu,Coimbatore,Coimbatore,"PACHAPALAYAM, PERUR CHETTIPALAYAM COIMBATORE - 641010",641010,11.019053,76.945682,Private-Self Financing,"Anna University, Chennai",Approved,Approved,Not Accredited,No,,Tier 3,http://www.sriramakrishna.ac.in,info@sriramakrishna.ac.in,admissions@sriramakrishna.ac.in,placement@sriramakrishna.ac.in,+91-80-933-3567,Computer Science Engineering (CSE),M.Tech,6,438,2022,Urban,Yes,Yes
1-44643089149,1-44643089149,U-0682,SRI RAMAKRISHNA INSTITUTE OF TECHNOLOGY,Active,Tamil Nadu,Coimbatore,Coimbatore,"PACHAPALAYAM, PERUR CHETTIPALAYAM COIMBATORE - 641010",641010,11.019053,76.945682,Private-Self Financing,"Anna University, Chennai",Approved,Approved,Not Accredited,No,,Tier 3,http://www.sriramakrishna.ac.in,info@sriramakrishna.ac.in,admissions@sriramakrishna.ac.in,placement@sriramakrishna.ac.in,+91-80-933-3567,Other Engineering Branches,M.Tech,12,438,2022,Urban,Yes,Yes
1-44643089149,1-44643089149,U-0682,SRI RAMAKRISHNA INSTITUTE OF TECHNOLOGY,Active,Tamil Nadu,Coimbatore,Coimbatore,"PACHAPALAYAM, PERUR CHETTIPALAYAM COIMBATORE - 641010",641010,11.019053,76.945682,Private-Self Financing,"Anna University, Chennai",Approved,Approved,Not Accredited,No,,Tier 3,http://www.sriramakrishna.ac.in,info@sriramakrishna.ac.in,admissions@sriramakrishna.ac.in,placement@sriramakrishna.ac.in,+91-80-933-3567,Data Science,B.Tech,60,438,2022,Urban,Yes,Yes
1-44642617681,1-44642617681,U-0682,CMS COLLEGE OF ENGINEERING AND TECHNOLOGY,Active,Tamil Nadu,Coimbatore,Coimbatore,"APPACHIGOUNDENPATHY, KUMITTIPATHI (PO), OTHAKKALMANDAPAM (VIA), COIMBATORE - 641 032",600081,11.02355,76.950707,Private-Self Financing,"Anna University, Chennai",Approved,Approved,A,No,,Tier 3,http://www.cms.ac.in,info@cms.ac.in,admissions@cms.ac.in,placement@cms.ac.in,+91-80-121-9551,Other Engineering Branches,M.Tech,12,414,2010,Urban,Yes,Yes
1-44642617681,1-44642617681,U-0682,CMS COLLEGE OF ENGINEERING AND TECHNOLOGY,Active,Tamil Nadu,Coimbatore,Coimbatore,"APPACHIGOUNDENPATHY, KUMITTIPATHI (PO), OTHAKKALMANDAPAM (VIA), COIMBATORE - 641 032",600081,11.02355,76.950707,Private-Self Financing,"Anna University, Chennai",Approved,Approved,A,No,,Tier 3,http://www.cms.ac.in,info@cms.ac.in,admissions@cms.ac.in,placement@cms.ac.in,+91-80-121-9551,Computer Science Engineering (CSE),M.Tech,12,414,2010,Urban,Yes,Yes
1-44642617681,1-44642617681,U-0682,CMS COLLEGE OF ENGINEERING AND TECHNOLOGY,Active,Tamil Nadu,Coimbatore,Coimbatore,"APPACHIGOUNDENPATHY, KUMITTIPATHI (PO), OTHAKKALMANDAPAM (VIA), COIMBATORE - 641 032",600081,11.02355,76.950707,Private-Self Financing,"Anna University, Chennai",Approved,Approved,A,No,,Tier 3,http://www.cms.ac.in,info@cms.ac.in,admissions@cms.ac.in,placement@cms.ac.in,+91-80-121-9551,Mechanical Engineering,B.Tech,30,414,2010,Urban,Yes,Yes
1-44642617681,1-44642617681,U-0682,CMS COLLEGE OF ENGINEERING AND TECHNOLOGY,Active,Tamil Nadu,Coimbatore,Coimbatore,"APPACHIGOUNDENPATHY, KUMITTIPATHI (PO), OTHAKKALMANDAPAM (VIA), COIMBATORE - 641 032",600081,11.02355,76.950707,Private-Self Financing,"Anna University, Chennai",Approved,Approved,A,No,,Tier 3,http://www.cms.ac.in,info@cms.ac.in,admissions@cms.ac.in,placement@cms.ac.in,+91-80-121-9551,Computer Science Engineering (CSE),B.Tech,60,414,2010,Urban,Yes,Yes
1-44642617681,1-44642617681,U-0682,CMS COLLEGE OF ENGINEERING AND TECHNOLOGY,Active,Tamil Nadu,Coimbatore,Coimbatore,"APPACHIGOUNDENPATHY, KUMITTIPATHI (PO), OTHAKKALMANDAPAM (VIA), COIMBATORE - 641 032",600081,11.02355,76.950707,Private-Self Financing,"Anna University, Chennai",Approved,Approved,A,No,,Tier 3,http://www.cms.ac.in,info@cms.ac.in,admissions@cms.ac.in,placement@cms.ac.in,+91-80-121-9551,Electronics & Communication Engineering (ECE),B.Tech,60,414,2010,Urban,Yes,Yes
1-44642617681,1-44642617681,U-0682,CMS COLLEGE OF ENGINEERING AND TECHNOLOGY,Active,Tamil Nadu,Coimbatore,Coimbatore,"APPACHIGOUNDENPATHY, KUMITTIPATHI (PO), OTHAKKALMANDAPAM (VIA), COIMBATORE - 641 032",600081,11.02355,76.950707,Private-Self Financing,"Anna University, Chennai",Approved,Approved,A,No,,Tier 3,http://www.cms.ac.in,info@cms.ac.in,admissions@cms.ac.in,placement@cms.ac.in,+91-80-121-9551,Data Science,B.Tech,120,414,2010,Urban,Yes,Yes
1-44642617681,1-44642617681,U-0682,CMS COLLEGE OF ENGINEERING AND TECHNOLOGY,Active,Tamil Nadu,Coimbatore,Coimbatore,"APPACHIGOUNDENPATHY, KUMITTIPATHI (PO), OTHAKKALMANDAPAM (VIA), COIMBATORE - 641 032",600081,11.02355,76.950707,Private-Self Financing,"Anna University, Chennai",Approved,Approved,A,No,,Tier 3,http://www.cms.ac.in,info@cms.ac.in,admissions@cms.ac.in,placement@cms.ac.in,+91-80-121-9551,Cyber Security,B.Tech,30,414,2010,Urban,Yes,Yes
1-44642617681,1-44642617681,U-0682,CMS COLLEGE OF ENGINEERING AND TECHNOLOGY,Active,Tamil Nadu,Coimbatore,Coimbatore,"APPACHIGOUNDENPATHY, KUMITTIPATHI (PO), OTHAKKALMANDAPAM (VIA), COIMBATORE - 641 032",600081,11.02355,76.950707,Private-Self Financing,"Anna University, Chennai",Approved,Approved,A,No,,Tier 3,http://www.cms.ac.in,info@cms.ac.in,admissions@cms.ac.in,placement@cms.ac.in,+91-80-121-9551,Information Technology (IT),B.Tech,30,414,2010,Urban,Yes,Yes
1-44642617681,1-44642617681,U-0682,CMS COLLEGE OF ENGINEERING AND TECHNOLOGY,Active,Tamil Nadu,Coimbatore,Coimbatore,"APPACHIGOUNDENPATHY, KUMITTIPATHI (PO), OTHAKKALMANDAPAM (VIA), COIMBATORE - 641 032",600081,11.02355,76.950707,Private-Self Financing,"Anna University, Chennai",Approved,Approved,A,No,,Tier 3,http://www.cms.ac.in,info@cms.ac.in,admissions@cms.ac.in,placement@cms.ac.in,+91-80-121-9551,Artificial Intelligence & Machine Learning (AI & ML),B.Tech,60,414,2010,Urban,Yes,Yes
1-44642667598,1-44642667598,U-0682,RVS TECHNICAL CAMPUS-COIMBATORE,Active,Tamil Nadu,Coimbatore,Coimbatore,KUMARAN KOTTAM CAMPUS KANNAMPALAYAM SULUR COIMBATORE,600081,11.003327,76.972394,Private-Self Financing,"Anna University, Chennai",Approved,Approved,B++,No,,Tier 3,http://www.rvstechnicalcampuscoimbatore.ac.in,info@rvstechnicalcampuscoimbatore.ac.in,admissions@rvstechnicalcampuscoimbatore.ac.in,placement@rvstechnicalcampuscoimbatore.ac.in,+91-80-273-7642,Other Engineering Branches,M.Tech,84,582,2003,Urban,Yes,Yes
1-44642667598,1-44642667598,U-0682,RVS TECHNICAL CAMPUS-COIMBATORE,Active,Tamil Nadu,Coimbatore,Coimbatore,KUMARAN KOTTAM CAMPUS KANNAMPALAYAM SULUR COIMBATORE,600081,11.003327,76.972394,Private-Self Financing,"Anna University, Chennai",Approved,Approved,B++,No,,Tier 3,http://www.rvstechnicalcampuscoimbatore.ac.in,info@rvstechnicalcampuscoimbatore.ac.in,admissions@rvstechnicalcampuscoimbatore.ac.in,placement@rvstechnicalcampuscoimbatore.ac.in,+91-80-273-7642,Agricultural Engineering,B.Tech,60,582,2003,Urban,Yes,Yes
1-44642667598,1-44642667598,U-0682,RVS TECHNICAL CAMPUS-COIMBATORE,Active,Tamil Nadu,Coimbatore,Coimbatore,KUMARAN KOTTAM CAMPUS KANNAMPALAYAM SULUR COIMBATORE,600081,11.003327,76.972394,Private-Self Financing,"Anna University, Chennai",Approved,Approved,B++,No,,Tier 3,http://www.rvstechnicalcampuscoimbatore.ac.in,info@rvstechnicalcampuscoimbatore.ac.in,admissions@rvstechnicalcampuscoimbatore.ac.in,placement@rvstechnicalcampuscoimbatore.ac.in,+91-80-273-7642,Civil Engineering,B.Tech,30,582,2003,Urban,Yes,Yes
1-44642667598,1-44642667598,U-0682,RVS TECHNICAL CAMPUS-COIMBATORE,Active,Tamil Nadu,Coimbatore,Coimbatore,KUMARAN KOTTAM CAMPUS KANNAMPALAYAM SULUR COIMBATORE,600081,11.003327,76.972394,Private-Self Financing,"Anna University, Chennai",Approved,Approved,B++,No,,Tier 3,http://www.rvstechnicalcampuscoimbatore.ac.in,info@rvstechnicalcampuscoimbatore.ac.in,admissions@rvstechnicalcampuscoimbatore.ac.in,placement@rvstechnicalcampuscoimbatore.ac.in,+91-80-273-7642,Computer Science Engineering (CSE),B.Tech,60,582,2003,Urban,Yes,Yes
1-44642667598,1-44642667598,U-0682,RVS TECHNICAL CAMPUS-COIMBATORE,Active,Tamil Nadu,Coimbatore,Coimbatore,KUMARAN KOTTAM CAMPUS KANNAMPALAYAM SULUR COIMBATORE,600081,11.003327,76.972394,Private-Self Financing,"Anna University, Chennai",Approved,Approved,B++,No,,Tier 3,http://www.rvstechnicalcampuscoimbatore.ac.in,info@rvstechnicalcampuscoimbatore.ac.in,admissions@rvstechnicalcampuscoimbatore.ac.in,placement@rvstechnicalcampuscoimbatore.ac.in,+91-80-273-7642,Mechanical Engineering,B.Tech,60,582,2003,Urban,Yes,Yes
1-44642667598,1-44642667598,U-0682,RVS TECHNICAL CAMPUS-COIMBATORE,Active,Tamil Nadu,Coimbatore,Coimbatore,KUMARAN KOTTAM CAMPUS KANNAMPALAYAM SULUR COIMBATORE,600081,11.003327,76.972394,Private-Self Financing,"Anna University, Chennai",Approved,Approved,B++,No,,Tier 3,http://www.rvstechnicalcampuscoimbatore.ac.in,info@rvstechnicalcampuscoimbatore.ac.in,admissions@rvstechnicalcampuscoimbatore.ac.in,placement@rvstechnicalcampuscoimbatore.ac.in,+91-80-273-7642,Computer Science Engineering (CSE),M.Tech,18,582,2003,Urban,Yes,Yes
1-44642667598,1-44642667598,U-0682,RVS TECHNICAL CAMPUS-COIMBATORE,Active,Tamil Nadu,Coimbatore,Coimbatore,KUMARAN KOTTAM CAMPUS KANNAMPALAYAM SULUR COIMBATORE,600081,11.003327,76.972394,Private-Self Financing,"Anna University, Chennai",Approved,Approved,B++,No,,Tier 3,http://www.rvstechnicalcampuscoimbatore.ac.in,info@rvstechnicalcampuscoimbatore.ac.in,admissions@rvstechnicalcampuscoimbatore.ac.in,placement@rvstechnicalcampuscoimbatore.ac.in,+91-80-273-7642,Automobile Engineering,B.Tech,30,582,2003,Urban,Yes,Yes
1-44642667598,1-44642667598,U-0682,RVS TECHNICAL CAMPUS-COIMBATORE,Active,Tamil Nadu,Coimbatore,Coimbatore,KUMARAN KOTTAM CAMPUS KANNAMPALAYAM SULUR COIMBATORE,600081,11.003327,76.972394,Private-Self Financing,"Anna University, Chennai",Approved,Approved,B++,No,,Tier 3,http://www.rvstechnicalcampuscoimbatore.ac.in,info@rvstechnicalcampuscoimbatore.ac.in,admissions@rvstechnicalcampuscoimbatore.ac.in,placement@rvstechnicalcampuscoimbatore.ac.in,+91-80-273-7642,Data Science,B.Tech,120,582,2003,Urban,Yes,Yes
1-44642667598,1-44642667598,U-0682,RVS TECHNICAL CAMPUS-COIMBATORE,Active,Tamil Nadu,Coimbatore,Coimbatore,KUMARAN KOTTAM CAMPUS KANNAMPALAYAM SULUR COIMBATORE,600081,11.003327,76.972394,Private-Self Financing,"Anna University, Chennai",Approved,Approved,B++,No,,Tier 3,http://www.rvstechnicalcampuscoimbatore.ac.in,info@rvstechnicalcampuscoimbatore.ac.in,admissions@rvstechnicalcampuscoimbatore.ac.in,placement@rvstechnicalcampuscoimbatore.ac.in,+91-80-273-7642,Artificial Intelligence & Machine Learning (AI & ML),B.Tech,30,582,2003,Urban,Yes,Yes
1-44642667598,1-44642667598,U-0682,RVS TECHNICAL CAMPUS-COIMBATORE,Active,Tamil Nadu,Coimbatore,Coimbatore,KUMARAN KOTTAM CAMPUS KANNAMPALAYAM SULUR COIMBATORE,600081,11.003327,76.972394,Private-Self Financing,"Anna University, Chennai",Approved,Approved,B++,No,,Tier 3,http://www.rvstechnicalcampuscoimbatore.ac.in,info@rvstechnicalcampuscoimbatore.ac.in,admissions@rvstechnicalcampuscoimbatore.ac.in,placement@rvstechnicalcampuscoimbatore.ac.in,+91-80-273-7642,Cyber Security,B.Tech,30,582,2003,Urban,Yes,Yes
1-44642667598,1-44642667598,U-0682,RVS TECHNICAL CAMPUS-COIMBATORE,Active,Tamil Nadu,Coimbatore,Coimbatore,KUMARAN KOTTAM CAMPUS KANNAMPALAYAM SULUR COIMBATORE,600081,11.003327,76.972394,Private-Self Financing,"Anna University, Chennai",Approved,Approved,B++,No,,Tier 3,http://www.rvstechnicalcampuscoimbatore.ac.in,info@rvstechnicalcampuscoimbatore.ac.in,admissions@rvstechnicalcampuscoimbatore.ac.in,placement@rvstechnicalcampuscoimbatore.ac.in,+91-80-273-7642,Electronics & Communication Engineering (ECE),B.Tech,60,582,2003,Urban,Yes,Yes
1-44643084712,1-44643084712,U-0682,P.A.COLLEGE OF ENGINEERING AND TECHNOLOGY,Active,Tamil Nadu,Coimbatore,Coimbatore,PALLADAM ROAD POLLACHI COIMBATORE - 642002,642002,11.010482,76.955064,Private-Self Financing,"Anna University, Chennai",Approved,Approved,A,No,,Tier 3,http://www.pacollege.ac.in,info@pacollege.ac.in,admissions@pacollege.ac.in,placement@pacollege.ac.in,+91-80-573-8875,Electronics & Communication Engineering (ECE),B.Tech,90,408,2005,Urban,Yes,Yes
1-44643084712,1-44643084712,U-0682,P.A.COLLEGE OF ENGINEERING AND TECHNOLOGY,Active,Tamil Nadu,Coimbatore,Coimbatore,PALLADAM ROAD POLLACHI COIMBATORE - 642002,642002,11.010482,76.955064,Private-Self Financing,"Anna University, Chennai",Approved,Approved,A,No,,Tier 3,http://www.pacollege.ac.in,info@pacollege.ac.in,admissions@pacollege.ac.in,placement@pacollege.ac.in,+91-80-573-8875,Computer Science Engineering (CSE),B.Tech,120,408,2005,Urban,Yes,Yes
1-44643084712,1-44643084712,U-0682,P.A.COLLEGE OF ENGINEERING AND TECHNOLOGY,Active,Tamil Nadu,Coimbatore,Coimbatore,PALLADAM ROAD POLLACHI COIMBATORE - 642002,642002,11.010482,76.955064,Private-Self Financing,"Anna University, Chennai",Approved,Approved,A,No,,Tier 3,http://www.pacollege.ac.in,info@pacollege.ac.in,admissions@pacollege.ac.in,placement@pacollege.ac.in,+91-80-573-8875,Mechanical Engineering,B.Tech,30,408,2005,Urban,Yes,Yes
1-44643084712,1-44643084712,U-0682,P.A.COLLEGE OF ENGINEERING AND TECHNOLOGY,Active,Tamil Nadu,Coimbatore,Coimbatore,PALLADAM ROAD POLLACHI COIMBATORE - 642002,642002,11.010482,76.955064,Private-Self Financing,"Anna University, Chennai",Approved,Approved,A,No,,Tier 3,http://www.pacollege.ac.in,info@pacollege.ac.in,admissions@pacollege.ac.in,placement@pacollege.ac.in,+91-80-573-8875,Electrical & Electronics Engineering (EEE),B.Tech,30,408,2005,Urban,Yes,Yes
1-44643084712,1-44643084712,U-0682,P.A.COLLEGE OF ENGINEERING AND TECHNOLOGY,Active,Tamil Nadu,Coimbatore,Coimbatore,PALLADAM ROAD POLLACHI COIMBATORE - 642002,642002,11.010482,76.955064,Private-Self Financing,"Anna University, Chennai",Approved,Approved,A,No,,Tier 3,http://www.pacollege.ac.in,info@pacollege.ac.in,admissions@pacollege.ac.in,placement@pacollege.ac.in,+91-80-573-8875,Computer Science Engineering (CSE),M.Tech,9,408,2005,Urban,Yes,Yes
1-44643084712,1-44643084712,U-0682,P.A.COLLEGE OF ENGINEERING AND TECHNOLOGY,Active,Tamil Nadu,Coimbatore,Coimbatore,PALLADAM ROAD POLLACHI COIMBATORE - 642002,642002,11.010482,76.955064,Private-Self Financing,"Anna University, Chennai",Approved,Approved,A,No,,Tier 3,http://www.pacollege.ac.in,info@pacollege.ac.in,admissions@pacollege.ac.in,placement@pacollege.ac.in,+91-80-573-8875,Other Engineering Branches,M.Tech,9,408,2005,Urban,Yes,Yes
1-44643084712,1-44643084712,U-0682,P.A.COLLEGE OF ENGINEERING AND TECHNOLOGY,Active,Tamil Nadu,Coimbatore,Coimbatore,PALLADAM ROAD POLLACHI COIMBATORE - 642002,642002,11.010482,76.955064,Private-Self Financing,"Anna University, Chennai",Approved,Approved,A,No,,Tier 3,http://www.pacollege.ac.in,info@pacollege.ac.in,admissions@pacollege.ac.in,placement@pacollege.ac.in,+91-80-573-8875,Data Science,B.Tech,60,408,2005,Urban,Yes,Yes
1-44643084712,1-44643084712,U-0682,P.A.COLLEGE OF ENGINEERING AND TECHNOLOGY,Active,Tamil Nadu,Coimbatore,Coimbatore,PALLADAM ROAD POLLACHI COIMBATORE - 642002,642002,11.010482,76.955064,Private-Self Financing,"Anna University, Chennai",Approved,Approved,A,No,,Tier 3,http://www.pacollege.ac.in,info@pacollege.ac.in,admissions@pacollege.ac.in,placement@pacollege.ac.in,+91-80-573-8875,Information Technology (IT),B.Tech,60,408,2005,Urban,Yes,Yes
1-44642882199,1-44642882199,U-0682,KPR INSTITUTE OF ENGINEERING AND TECHNOLOGY,Active,Tamil Nadu,Coimbatore,Coimbatore,"SF: 204/2 & 204/4, KOLLUPALAYAM VILLAGE, ARASUR PANCHAYAT, COIMBATORE - 641 407",600081,11.006967,76.953052,Private-Self Financing,"Anna University, Chennai",Approved,Approved,B,No,,Tier 3,http://www.kpr.ac.in,info@kpr.ac.in,admissions@kpr.ac.in,placement@kpr.ac.in,+91-80-426-4558,Other Engineering Branches,M.Tech,54,1590,1989,Urban,Yes,Yes
1-44642882199,1-44642882199,U-0682,KPR INSTITUTE OF ENGINEERING AND TECHNOLOGY,Active,Tamil Nadu,Coimbatore,Coimbatore,"SF: 204/2 & 204/4, KOLLUPALAYAM VILLAGE, ARASUR PANCHAYAT, COIMBATORE - 641 407",600081,11.006967,76.953052,Private-Self Financing,"Anna University, Chennai",Approved,Approved,B,No,,Tier 3,http://www.kpr.ac.in,info@kpr.ac.in,admissions@kpr.ac.in,placement@kpr.ac.in,+91-80-426-4558,Computer Science Engineering (CSE),M.Tech,18,1590,1989,Urban,Yes,Yes
1-44642882199,1-44642882199,U-0682,KPR INSTITUTE OF ENGINEERING AND TECHNOLOGY,Active,Tamil Nadu,Coimbatore,Coimbatore,"SF: 204/2 & 204/4, KOLLUPALAYAM VILLAGE, ARASUR PANCHAYAT, COIMBATORE - 641 407",600081,11.006967,76.953052,Private-Self Financing,"Anna University, Chennai",Approved,Approved,B,No,,Tier 3,http://www.kpr.ac.in,info@kpr.ac.in,admissions@kpr.ac.in,placement@kpr.ac.in,+91-80-426-4558,Civil Engineering,B.Tech,60,1590,1989,Urban,Yes,Yes
1-44642882199,1-44642882199,U-0682,KPR INSTITUTE OF ENGINEERING AND TECHNOLOGY,Active,Tamil Nadu,Coimbatore,Coimbatore,"SF: 204/2 & 204/4, KOLLUPALAYAM VILLAGE, ARASUR PANCHAYAT, COIMBATORE - 641 407",600081,11.006967,76.953052,Private-Self Financing,"Anna University, Chennai",Approved,Approved,B,No,,Tier 3,http://www.kpr.ac.in,info@kpr.ac.in,admissions@kpr.ac.in,placement@kpr.ac.in,+91-80-426-4558,Computer Science Engineering (CSE),B.Tech,360,1590,1989,Urban,Yes,Yes
1-44642882199,1-44642882199,U-0682,KPR INSTITUTE OF ENGINEERING AND TECHNOLOGY,Active,Tamil Nadu,Coimbatore,Coimbatore,"SF: 204/2 & 204/4, KOLLUPALAYAM VILLAGE, ARASUR PANCHAYAT, COIMBATORE - 641 407",600081,11.006967,76.953052,Private-Self Financing,"Anna University, Chennai",Approved,Approved,B,No,,Tier 3,http://www.kpr.ac.in,info@kpr.ac.in,admissions@kpr.ac.in,placement@kpr.ac.in,+91-80-426-4558,Electrical & Electronics Engineering (EEE),B.Tech,60,1590,1989,Urban,Yes,Yes
1-44642882199,1-44642882199,U-0682,KPR INSTITUTE OF ENGINEERING AND TECHNOLOGY,Active,Tamil Nadu,Coimbatore,Coimbatore,"SF: 204/2 & 204/4, KOLLUPALAYAM VILLAGE, ARASUR PANCHAYAT, COIMBATORE - 641 407",600081,11.006967,76.953052,Private-Self Financing,"Anna University, Chennai",Approved,Approved,B,No,,Tier 3,http://www.kpr.ac.in,info@kpr.ac.in,admissions@kpr.ac.in,placement@kpr.ac.in,+91-80-426-4558,Electronics & Communication Engineering (ECE),B.Tech,240,1590,1989,Urban,Yes,Yes
1-44642882199,1-44642882199,U-0682,KPR INSTITUTE OF ENGINEERING AND TECHNOLOGY,Active,Tamil Nadu,Coimbatore,Coimbatore,"SF: 204/2 & 204/4, KOLLUPALAYAM VILLAGE, ARASUR PANCHAYAT, COIMBATORE - 641 407",600081,11.006967,76.953052,Private-Self Financing,"Anna University, Chennai",Approved,Approved,B,No,,Tier 3,http://www.kpr.ac.in,info@kpr.ac.in,admissions@kpr.ac.in,placement@kpr.ac.in,+91-80-426-4558,Mechanical Engineering,B.Tech,120,1590,1989,Urban,Yes,Yes
1-44642882199,1-44642882199,U-0682,KPR INSTITUTE OF ENGINEERING AND TECHNOLOGY,Active,Tamil Nadu,Coimbatore,Coimbatore,"SF: 204/2 & 204/4, KOLLUPALAYAM VILLAGE, ARASUR PANCHAYAT, COIMBATORE - 641 407",600081,11.006967,76.953052,Private-Self Financing,"Anna University, Chennai",Approved,Approved,B,No,,Tier 3,http://www.kpr.ac.in,info@kpr.ac.in,admissions@kpr.ac.in,placement@kpr.ac.in,+91-80-426-4558,Other Engineering Branches,B.Tech,60,1590,1989,Urban,Yes,Yes
1-44642882199,1-44642882199,U-0682,KPR INSTITUTE OF ENGINEERING AND TECHNOLOGY,Active,Tamil Nadu,Coimbatore,Coimbatore,"SF: 204/2 & 204/4, KOLLUPALAYAM VILLAGE, ARASUR PANCHAYAT, COIMBATORE - 641 407",600081,11.006967,76.953052,Private-Self Financing,"Anna University, Chennai",Approved,Approved,B,No,,Tier 3,http://www.kpr.ac.in,info@kpr.ac.in,admissions@kpr.ac.in,placement@kpr.ac.in,+91-80-426-4558,Chemical Engineering,B.Tech,60,1590,1989,Urban,Yes,Yes
1-44642882199,1-44642882199,U-0682,KPR INSTITUTE OF ENGINEERING AND TECHNOLOGY,Active,Tamil Nadu,Coimbatore,Coimbatore,"SF: 204/2 & 204/4, KOLLUPALAYAM VILLAGE, ARASUR PANCHAYAT, COIMBATORE - 641 407",600081,11.006967,76.953052,Private-Self Financing,"Anna University, Chennai",Approved,Approved,B,No,,Tier 3,http://www.kpr.ac.in,info@kpr.ac.in,admissions@kpr.ac.in,placement@kpr.ac.in,+91-80-426-4558,Data Science,B.Tech,180,1590,1989,Urban,Yes,Yes
1-44642882199,1-44642882199,U-0682,KPR INSTITUTE OF ENGINEERING AND TECHNOLOGY,Active,Tamil Nadu,Coimbatore,Coimbatore,"SF: 204/2 & 204/4, KOLLUPALAYAM VILLAGE, ARASUR PANCHAYAT, COIMBATORE - 641 407",600081,11.006967,76.953052,Private-Self Financing,"Anna University, Chennai",Approved,Approved,B,No,,Tier 3,http://www.kpr.ac.in,info@kpr.ac.in,admissions@kpr.ac.in,placement@kpr.ac.in,+91-80-426-4558,Artificial Intelligence & Machine Learning (AI & ML),B.Tech,120,1590,1989,Urban,Yes,Yes
1-44642882199,1-44642882199,U-0682,KPR INSTITUTE OF ENGINEERING AND TECHNOLOGY,Active,Tamil Nadu,Coimbatore,Coimbatore,"SF: 204/2 & 204/4, KOLLUPALAYAM VILLAGE, ARASUR PANCHAYAT, COIMBATORE - 641 407",600081,11.006967,76.953052,Private-Self Financing,"Anna University, Chennai",Approved,Approved,B,No,,Tier 3,http://www.kpr.ac.in,info@kpr.ac.in,admissions@kpr.ac.in,placement@kpr.ac.in,+91-80-426-4558,Information Technology (IT),B.Tech,180,1590,1989,Urban,Yes,Yes
1-44642882199,1-44642882199,U-0682,KPR INSTITUTE OF ENGINEERING AND TECHNOLOGY,Active,Tamil Nadu,Coimbatore,Coimbatore,"SF: 204/2 & 204/4, KOLLUPALAYAM VILLAGE, ARASUR PANCHAYAT, COIMBATORE - 641 407",600081,11.006967,76.953052,Private-Self Financing,"Anna University, Chennai",Approved,Approved,B,No,,Tier 3,http://www.kpr.ac.in,info@kpr.ac.in,admissions@kpr.ac.in,placement@kpr.ac.in,+91-80-426-4558,Cyber Security,B.Tech,60,1590,1989,Urban,Yes,Yes
1-44642882199,1-44642882199,U-0682,KPR INSTITUTE OF ENGINEERING AND TECHNOLOGY,Active,Tamil Nadu,Coimbatore,Coimbatore,"SF: 204/2 & 204/4, KOLLUPALAYAM VILLAGE, ARASUR PANCHAYAT, COIMBATORE - 641 407",600081,11.006967,76.953052,Private-Self Financing,"Anna University, Chennai",Approved,Approved,B,No,,Tier 3,http://www.kpr.ac.in,info@kpr.ac.in,admissions@kpr.ac.in,placement@kpr.ac.in,+91-80-426-4558,Data Science,M.Tech,18,1590,1989,Urban,Yes,Yes
1-44642586251,1-44642586251,U-0682,KGISL INSTITUTE OF TECHNOLOGY,Active,Tamil Nadu,Coimbatore,Coimbatore,"KGISL INSTITUTE OF TECHNOLOGY, KGISL CAMPUS, 365, THUDIYALUR ROAD, SARAVANAMPATTI, COIMBATORE Ã¢â¬â 641035",641035,11.02631,76.961815,Private-Self Financing,"Anna University, Chennai",Approved,Approved,B,No,,Tier 3,http://www.kgisl.ac.in,info@kgisl.ac.in,admissions@kgisl.ac.in,placement@kgisl.ac.in,+91-80-237-7254,Other Engineering Branches,M.Tech,9,858,1991,Urban,Yes,Yes
1-44642586251,1-44642586251,U-0682,KGISL INSTITUTE OF TECHNOLOGY,Active,Tamil Nadu,Coimbatore,Coimbatore,"KGISL INSTITUTE OF TECHNOLOGY, KGISL CAMPUS, 365, THUDIYALUR ROAD, SARAVANAMPATTI, COIMBATORE Ã¢â¬â 641035",641035,11.02631,76.961815,Private-Self Financing,"Anna University, Chennai",Approved,Approved,B,No,,Tier 3,http://www.kgisl.ac.in,info@kgisl.ac.in,admissions@kgisl.ac.in,placement@kgisl.ac.in,+91-80-237-7254,Computer Science Engineering (CSE),M.Tech,9,858,1991,Urban,Yes,Yes
1-44642586251,1-44642586251,U-0682,KGISL INSTITUTE OF TECHNOLOGY,Active,Tamil Nadu,Coimbatore,Coimbatore,"KGISL INSTITUTE OF TECHNOLOGY, KGISL CAMPUS, 365, THUDIYALUR ROAD, SARAVANAMPATTI, COIMBATORE Ã¢â¬â 641035",641035,11.02631,76.961815,Private-Self Financing,"Anna University, Chennai",Approved,Approved,B,No,,Tier 3,http://www.kgisl.ac.in,info@kgisl.ac.in,admissions@kgisl.ac.in,placement@kgisl.ac.in,+91-80-237-7254,Electronics & Communication Engineering (ECE),B.Tech,120,858,1991,Urban,Yes,Yes
1-44642586251,1-44642586251,U-0682,KGISL INSTITUTE OF TECHNOLOGY,Active,Tamil Nadu,Coimbatore,Coimbatore,"KGISL INSTITUTE OF TECHNOLOGY, KGISL CAMPUS, 365, THUDIYALUR ROAD, SARAVANAMPATTI, COIMBATORE Ã¢â¬â 641035",641035,11.02631,76.961815,Private-Self Financing,"Anna University, Chennai",Approved,Approved,B,No,,Tier 3,http://www.kgisl.ac.in,info@kgisl.ac.in,admissions@kgisl.ac.in,placement@kgisl.ac.in,+91-80-237-7254,Information Technology (IT),B.Tech,120,858,1991,Urban,Yes,Yes
1-44642586251,1-44642586251,U-0682,KGISL INSTITUTE OF TECHNOLOGY,Active,Tamil Nadu,Coimbatore,Coimbatore,"KGISL INSTITUTE OF TECHNOLOGY, KGISL CAMPUS, 365, THUDIYALUR ROAD, SARAVANAMPATTI, COIMBATORE Ã¢â¬â 641035",641035,11.02631,76.961815,Private-Self Financing,"Anna University, Chennai",Approved,Approved,B,No,,Tier 3,http://www.kgisl.ac.in,info@kgisl.ac.in,admissions@kgisl.ac.in,placement@kgisl.ac.in,+91-80-237-7254,Mechanical Engineering,B.Tech,60,858,1991,Urban,Yes,Yes
1-44642586251,1-44642586251,U-0682,KGISL INSTITUTE OF TECHNOLOGY,Active,Tamil Nadu,Coimbatore,Coimbatore,"KGISL INSTITUTE OF TECHNOLOGY, KGISL CAMPUS, 365, THUDIYALUR ROAD, SARAVANAMPATTI, COIMBATORE Ã¢â¬â 641035",641035,11.02631,76.961815,Private-Self Financing,"Anna University, Chennai",Approved,Approved,B,No,,Tier 3,http://www.kgisl.ac.in,info@kgisl.ac.in,admissions@kgisl.ac.in,placement@kgisl.ac.in,+91-80-237-7254,Computer Science Engineering (CSE),B.Tech,180,858,1991,Urban,Yes,Yes
1-44642586251,1-44642586251,U-0682,KGISL INSTITUTE OF TECHNOLOGY,Active,Tamil Nadu,Coimbatore,Coimbatore,"KGISL INSTITUTE OF TECHNOLOGY, KGISL CAMPUS, 365, THUDIYALUR ROAD, SARAVANAMPATTI, COIMBATORE Ã¢â¬â 641035",641035,11.02631,76.961815,Private-Self Financing,"Anna University, Chennai",Approved,Approved,B,No,,Tier 3,http://www.kgisl.ac.in,info@kgisl.ac.in,admissions@kgisl.ac.in,placement@kgisl.ac.in,+91-80-237-7254,Data Science,B.Tech,120,858,1991,Urban,Yes,Yes
1-44642586251,1-44642586251,U-0682,KGISL INSTITUTE OF TECHNOLOGY,Active,Tamil Nadu,Coimbatore,Coimbatore,"KGISL INSTITUTE OF TECHNOLOGY, KGISL CAMPUS, 365, THUDIYALUR ROAD, SARAVANAMPATTI, COIMBATORE Ã¢â¬â 641035",641035,11.02631,76.961815,Private-Self Financing,"Anna University, Chennai",Approved,Approved,B,No,,Tier 3,http://www.kgisl.ac.in,info@kgisl.ac.in,admissions@kgisl.ac.in,placement@kgisl.ac.in,+91-80-237-7254,Artificial Intelligence & Machine Learning (AI & ML),B.Tech,120,858,1991,Urban,Yes,Yes
1-44642586251,1-44642586251,U-0682,KGISL INSTITUTE OF TECHNOLOGY,Active,Tamil Nadu,Coimbatore,Coimbatore,"KGISL INSTITUTE OF TECHNOLOGY, KGISL CAMPUS, 365, THUDIYALUR ROAD, SARAVANAMPATTI, COIMBATORE Ã¢â¬â 641035",641035,11.02631,76.961815,Private-Self Financing,"Anna University, Chennai",Approved,Approved,B,No,,Tier 3,http://www.kgisl.ac.in,info@kgisl.ac.in,admissions@kgisl.ac.in,placement@kgisl.ac.in,+91-80-237-7254,Cyber Security,B.Tech,60,858,1991,Urban,Yes,Yes
1-44642586251,1-44642586251,U-0682,KGISL INSTITUTE OF TECHNOLOGY,Active,Tamil Nadu,Coimbatore,Coimbatore,"KGISL INSTITUTE OF TECHNOLOGY, KGISL CAMPUS, 365, THUDIYALUR ROAD, SARAVANAMPATTI, COIMBATORE Ã¢â¬â 641035",641035,11.02631,76.961815,Private-Self Financing,"Anna University, Chennai",Approved,Approved,B,No,,Tier 3,http://www.kgisl.ac.in,info@kgisl.ac.in,admissions@kgisl.ac.in,placement@kgisl.ac.in,+91-80-237-7254,Robotics,B.Tech,60,858,1991,Urban,Yes,Yes
1-44642470308,1-44642470308,U-0682,NEHRU INSTITUTE OF TECHNOLOGY,Active,Tamil Nadu,Coimbatore,Coimbatore,JAWAHAR GARDENS KALIAPURAM THIRUMALAYAMPALAYAM COIMBATORE-641105,641105,11.006197,76.954643,Private-Self Financing,"Anna University, Chennai",Approved,Approved,A+,Yes,,Tier 2,http://www.nehru.ac.in,info@nehru.ac.in,admissions@nehru.ac.in,placement@nehru.ac.in,+91-80-394-1240,Aeronautical Engineering,B.Tech,60,540,1996,Rural,Yes,Yes
1-44642470308,1-44642470308,U-0682,NEHRU INSTITUTE OF TECHNOLOGY,Active,Tamil Nadu,Coimbatore,Coimbatore,JAWAHAR GARDENS KALIAPURAM THIRUMALAYAMPALAYAM COIMBATORE-641105,641105,11.006197,76.954643,Private-Self Financing,"Anna University, Chennai",Approved,Approved,A+,Yes,,Tier 2,http://www.nehru.ac.in,info@nehru.ac.in,admissions@nehru.ac.in,placement@nehru.ac.in,+91-80-394-1240,Civil Engineering,B.Tech,30,540,1996,Rural,Yes,Yes
1-44642470308,1-44642470308,U-0682,NEHRU INSTITUTE OF TECHNOLOGY,Active,Tamil Nadu,Coimbatore,Coimbatore,JAWAHAR GARDENS KALIAPURAM THIRUMALAYAMPALAYAM COIMBATORE-641105,641105,11.006197,76.954643,Private-Self Financing,"Anna University, Chennai",Approved,Approved,A+,Yes,,Tier 2,http://www.nehru.ac.in,info@nehru.ac.in,admissions@nehru.ac.in,placement@nehru.ac.in,+91-80-394-1240,Computer Science Engineering (CSE),B.Tech,120,540,1996,Rural,Yes,Yes
1-44642470308,1-44642470308,U-0682,NEHRU INSTITUTE OF TECHNOLOGY,Active,Tamil Nadu,Coimbatore,Coimbatore,JAWAHAR GARDENS KALIAPURAM THIRUMALAYAMPALAYAM COIMBATORE-641105,641105,11.006197,76.954643,Private-Self Financing,"Anna University, Chennai",Approved,Approved,A+,Yes,,Tier 2,http://www.nehru.ac.in,info@nehru.ac.in,admissions@nehru.ac.in,placement@nehru.ac.in,+91-80-394-1240,Agricultural Engineering,B.Tech,30,540,1996,Rural,Yes,Yes
1-44642470308,1-44642470308,U-0682,NEHRU INSTITUTE OF TECHNOLOGY,Active,Tamil Nadu,Coimbatore,Coimbatore,JAWAHAR GARDENS KALIAPURAM THIRUMALAYAMPALAYAM COIMBATORE-641105,641105,11.006197,76.954643,Private-Self Financing,"Anna University, Chennai",Approved,Approved,A+,Yes,,Tier 2,http://www.nehru.ac.in,info@nehru.ac.in,admissions@nehru.ac.in,placement@nehru.ac.in,+91-80-394-1240,Other Engineering Branches,B.Tech,120,540,1996,Rural,Yes,Yes
1-44642470308,1-44642470308,U-0682,NEHRU INSTITUTE OF TECHNOLOGY,Active,Tamil Nadu,Coimbatore,Coimbatore,JAWAHAR GARDENS KALIAPURAM THIRUMALAYAMPALAYAM COIMBATORE-641105,641105,11.006197,76.954643,Private-Self Financing,"Anna University, Chennai",Approved,Approved,A+,Yes,,Tier 2,http://www.nehru.ac.in,info@nehru.ac.in,admissions@nehru.ac.in,placement@nehru.ac.in,+91-80-394-1240,Information Technology (IT),B.Tech,60,540,1996,Rural,Yes,Yes
1-44642470308,1-44642470308,U-0682,NEHRU INSTITUTE OF TECHNOLOGY,Active,Tamil Nadu,Coimbatore,Coimbatore,JAWAHAR GARDENS KALIAPURAM THIRUMALAYAMPALAYAM COIMBATORE-641105,641105,11.006197,76.954643,Private-Self Financing,"Anna University, Chennai",Approved,Approved,A+,Yes,,Tier 2,http://www.nehru.ac.in,info@nehru.ac.in,admissions@nehru.ac.in,placement@nehru.ac.in,+91-80-394-1240,Artificial Intelligence & Machine Learning (AI & ML),B.Tech,60,540,1996,Rural,Yes,Yes
1-44642470308,1-44642470308,U-0682,NEHRU INSTITUTE OF TECHNOLOGY,Active,Tamil Nadu,Coimbatore,Coimbatore,JAWAHAR GARDENS KALIAPURAM THIRUMALAYAMPALAYAM COIMBATORE-641105,641105,11.006197,76.954643,Private-Self Financing,"Anna University, Chennai",Approved,Approved,A+,Yes,,Tier 2,http://www.nehru.ac.in,info@nehru.ac.in,admissions@nehru.ac.in,placement@nehru.ac.in,+91-80-394-1240,Cyber Security,B.Tech,60,540,1996,Rural,Yes,Yes
1-44643066768,1-44643066768,U-0682,RVS COLLEGE OF ENGINEERING AND TECHNOLOGY,Active,Tamil Nadu,Coimbatore,Coimbatore,"KUMARAN KOTTAM CAMPUS, KANNAMPALAYAM POST, COIMBATORE.",600081,11.030137,76.949522,Private-Self Financing,"Anna University, Chennai",Approved,Approved,Not Accredited,No,,Tier 3,http://www.rvs.ac.in,info@rvs.ac.in,admissions@rvs.ac.in,placement@rvs.ac.in,+91-80-398-2551,Computer Science Engineering (CSE),B.Tech,120,641,1996,Urban,Yes,Yes
1-44643066768,1-44643066768,U-0682,RVS COLLEGE OF ENGINEERING AND TECHNOLOGY,Active,Tamil Nadu,Coimbatore,Coimbatore,"KUMARAN KOTTAM CAMPUS, KANNAMPALAYAM POST, COIMBATORE.",600081,11.030137,76.949522,Private-Self Financing,"Anna University, Chennai",Approved,Approved,Not Accredited,No,,Tier 3,http://www.rvs.ac.in,info@rvs.ac.in,admissions@rvs.ac.in,placement@rvs.ac.in,+91-80-398-2551,Electronics & Communication Engineering (ECE),B.Tech,60,641,1996,Urban,Yes,Yes
1-44643066768,1-44643066768,U-0682,RVS COLLEGE OF ENGINEERING AND TECHNOLOGY,Active,Tamil Nadu,Coimbatore,Coimbatore,"KUMARAN KOTTAM CAMPUS, KANNAMPALAYAM POST, COIMBATORE.",600081,11.030137,76.949522,Private-Self Financing,"Anna University, Chennai",Approved,Approved,Not Accredited,No,,Tier 3,http://www.rvs.ac.in,info@rvs.ac.in,admissions@rvs.ac.in,placement@rvs.ac.in,+91-80-398-2551,Electrical & Electronics Engineering (EEE),B.Tech,30,641,1996,Urban,Yes,Yes
1-44643066768,1-44643066768,U-0682,RVS COLLEGE OF ENGINEERING AND TECHNOLOGY,Active,Tamil Nadu,Coimbatore,Coimbatore,"KUMARAN KOTTAM CAMPUS, KANNAMPALAYAM POST, COIMBATORE.",600081,11.030137,76.949522,Private-Self Financing,"Anna University, Chennai",Approved,Approved,Not Accredited,No,,Tier 3,http://www.rvs.ac.in,info@rvs.ac.in,admissions@rvs.ac.in,placement@rvs.ac.in,+91-80-398-2551,Mechanical Engineering,B.Tech,30,641,1996,Urban,Yes,Yes
1-44643066768,1-44643066768,U-0682,RVS COLLEGE OF ENGINEERING AND TECHNOLOGY,Active,Tamil Nadu,Coimbatore,Coimbatore,"KUMARAN KOTTAM CAMPUS, KANNAMPALAYAM POST, COIMBATORE.",600081,11.030137,76.949522,Private-Self Financing,"Anna University, Chennai",Approved,Approved,Not Accredited,No,,Tier 3,http://www.rvs.ac.in,info@rvs.ac.in,admissions@rvs.ac.in,placement@rvs.ac.in,+91-80-398-2551,Other Engineering Branches,M.Tech,77,641,1996,Urban,Yes,Yes
1-44643066768,1-44643066768,U-0682,RVS COLLEGE OF ENGINEERING AND TECHNOLOGY,Active,Tamil Nadu,Coimbatore,Coimbatore,"KUMARAN KOTTAM CAMPUS, KANNAMPALAYAM POST, COIMBATORE.",600081,11.030137,76.949522,Private-Self Financing,"Anna University, Chennai",Approved,Approved,Not Accredited,No,,Tier 3,http://www.rvs.ac.in,info@rvs.ac.in,admissions@rvs.ac.in,placement@rvs.ac.in,+91-80-398-2551,Computer Science Engineering (CSE),M.Tech,18,641,1996,Urban,Yes,Yes
1-44643066768,1-44643066768,U-0682,RVS COLLEGE OF ENGINEERING AND TECHNOLOGY,Active,Tamil Nadu,Coimbatore,Coimbatore,"KUMARAN KOTTAM CAMPUS, KANNAMPALAYAM POST, COIMBATORE.",600081,11.030137,76.949522,Private-Self Financing,"Anna University, Chennai",Approved,Approved,Not Accredited,No,,Tier 3,http://www.rvs.ac.in,info@rvs.ac.in,admissions@rvs.ac.in,placement@rvs.ac.in,+91-80-398-2551,Chemical Engineering,B.Tech,30,641,1996,Urban,Yes,Yes
1-44643066768,1-44643066768,U-0682,RVS COLLEGE OF ENGINEERING AND TECHNOLOGY,Active,Tamil Nadu,Coimbatore,Coimbatore,"KUMARAN KOTTAM CAMPUS, KANNAMPALAYAM POST, COIMBATORE.",600081,11.030137,76.949522,Private-Self Financing,"Anna University, Chennai",Approved,Approved,Not Accredited,No,,Tier 3,http://www.rvs.ac.in,info@rvs.ac.in,admissions@rvs.ac.in,placement@rvs.ac.in,+91-80-398-2551,Data Science,B.Tech,120,641,1996,Urban,Yes,Yes
1-44643066768,1-44643066768,U-0682,RVS COLLEGE OF ENGINEERING AND TECHNOLOGY,Active,Tamil Nadu,Coimbatore,Coimbatore,"KUMARAN KOTTAM CAMPUS, KANNAMPALAYAM POST, COIMBATORE.",600081,11.030137,76.949522,Private-Self Financing,"Anna University, Chennai",Approved,Approved,Not Accredited,No,,Tier 3,http://www.rvs.ac.in,info@rvs.ac.in,admissions@rvs.ac.in,placement@rvs.ac.in,+91-80-398-2551,Information Technology (IT),B.Tech,60,641,1996,Urban,Yes,Yes
1-44643066768,1-44643066768,U-0682,RVS COLLEGE OF ENGINEERING AND TECHNOLOGY,Active,Tamil Nadu,Coimbatore,Coimbatore,"KUMARAN KOTTAM CAMPUS, KANNAMPALAYAM POST, COIMBATORE.",600081,11.030137,76.949522,Private-Self Financing,"Anna University, Chennai",Approved,Approved,Not Accredited,No,,Tier 3,http://www.rvs.ac.in,info@rvs.ac.in,admissions@rvs.ac.in,placement@rvs.ac.in,+91-80-398-2551,Other Engineering Branches,B.Tech,60,641,1996,Urban,Yes,Yes
1-44643066768,1-44643066768,U-0682,RVS COLLEGE OF ENGINEERING AND TECHNOLOGY,Active,Tamil Nadu,Coimbatore,Coimbatore,"KUMARAN KOTTAM CAMPUS, KANNAMPALAYAM POST, COIMBATORE.",600081,11.030137,76.949522,Private-Self Financing,"Anna University, Chennai",Approved,Approved,Not Accredited,No,,Tier 3,http://www.rvs.ac.in,info@rvs.ac.in,admissions@rvs.ac.in,placement@rvs.ac.in,+91-80-398-2551,Chemical Engineering,M.Tech,18,641,1996,Urban,Yes,Yes
1-44643066768,1-44643066768,U-0682,RVS COLLEGE OF ENGINEERING AND TECHNOLOGY,Active,Tamil Nadu,Coimbatore,Coimbatore,"KUMARAN KOTTAM CAMPUS, KANNAMPALAYAM POST, COIMBATORE.",600081,11.030137,76.949522,Private-Self Financing,"Anna University, Chennai",Approved,Approved,Not Accredited,No,,Tier 3,http://www.rvs.ac.in,info@rvs.ac.in,admissions@rvs.ac.in,placement@rvs.ac.in,+91-80-398-2551,Artificial Intelligence & Machine Learning (AI & ML),M.Tech,18,641,1996,Urban,Yes,Yes
1-44642474770,1-44642474770,U-0682,STUDYWORLD COLLEGE OF ENGINEERING,Active,Tamil Nadu,Coimbatore,Coimbatore,ALAGU NACHIAMMAN KOIL ROAD PALATHURAI (PO) COIMBATORE - 641 105,600081,11.00989,76.960805,Private-Self Financing,"Anna University, Chennai",Approved,Approved,B++,Yes,,Tier 3,http://www.studyworld.ac.in,info@studyworld.ac.in,admissions@studyworld.ac.in,placement@studyworld.ac.in,+91-80-549-0592,Mechanical Engineering,B.Tech,30,450,1987,Urban,Yes,Yes
1-44642474770,1-44642474770,U-0682,STUDYWORLD COLLEGE OF ENGINEERING,Active,Tamil Nadu,Coimbatore,Coimbatore,ALAGU NACHIAMMAN KOIL ROAD PALATHURAI (PO) COIMBATORE - 641 105,600081,11.00989,76.960805,Private-Self Financing,"Anna University, Chennai",Approved,Approved,B++,Yes,,Tier 3,http://www.studyworld.ac.in,info@studyworld.ac.in,admissions@studyworld.ac.in,placement@studyworld.ac.in,+91-80-549-0592,Electronics & Communication Engineering (ECE),B.Tech,60,450,1987,Urban,Yes,Yes
1-44642474770,1-44642474770,U-0682,STUDYWORLD COLLEGE OF ENGINEERING,Active,Tamil Nadu,Coimbatore,Coimbatore,ALAGU NACHIAMMAN KOIL ROAD PALATHURAI (PO) COIMBATORE - 641 105,600081,11.00989,76.960805,Private-Self Financing,"Anna University, Chennai",Approved,Approved,B++,Yes,,Tier 3,http://www.studyworld.ac.in,info@studyworld.ac.in,admissions@studyworld.ac.in,placement@studyworld.ac.in,+91-80-549-0592,Computer Science Engineering (CSE),B.Tech,120,450,1987,Urban,Yes,Yes
1-44642474770,1-44642474770,U-0682,STUDYWORLD COLLEGE OF ENGINEERING,Active,Tamil Nadu,Coimbatore,Coimbatore,ALAGU NACHIAMMAN KOIL ROAD PALATHURAI (PO) COIMBATORE - 641 105,600081,11.00989,76.960805,Private-Self Financing,"Anna University, Chennai",Approved,Approved,B++,Yes,,Tier 3,http://www.studyworld.ac.in,info@studyworld.ac.in,admissions@studyworld.ac.in,placement@studyworld.ac.in,+91-80-549-0592,Electrical & Electronics Engineering (EEE),B.Tech,30,450,1987,Urban,Yes,Yes
1-44642474770,1-44642474770,U-0682,STUDYWORLD COLLEGE OF ENGINEERING,Active,Tamil Nadu,Coimbatore,Coimbatore,ALAGU NACHIAMMAN KOIL ROAD PALATHURAI (PO) COIMBATORE - 641 105,600081,11.00989,76.960805,Private-Self Financing,"Anna University, Chennai",Approved,Approved,B++,Yes,,Tier 3,http://www.studyworld.ac.in,info@studyworld.ac.in,admissions@studyworld.ac.in,placement@studyworld.ac.in,+91-80-549-0592,Data Science,B.Tech,120,450,1987,Urban,Yes,Yes
1-44642474770,1-44642474770,U-0682,STUDYWORLD COLLEGE OF ENGINEERING,Active,Tamil Nadu,Coimbatore,Coimbatore,ALAGU NACHIAMMAN KOIL ROAD PALATHURAI (PO) COIMBATORE - 641 105,600081,11.00989,76.960805,Private-Self Financing,"Anna University, Chennai",Approved,Approved,B++,Yes,,Tier 3,http://www.studyworld.ac.in,info@studyworld.ac.in,admissions@studyworld.ac.in,placement@studyworld.ac.in,+91-80-549-0592,Information Technology (IT),B.Tech,30,450,1987,Urban,Yes,Yes
1-44642474770,1-44642474770,U-0682,STUDYWORLD COLLEGE OF ENGINEERING,Active,Tamil Nadu,Coimbatore,Coimbatore,ALAGU NACHIAMMAN KOIL ROAD PALATHURAI (PO) COIMBATORE - 641 105,600081,11.00989,76.960805,Private-Self Financing,"Anna University, Chennai",Approved,Approved,B++,Yes,,Tier 3,http://www.studyworld.ac.in,info@studyworld.ac.in,admissions@studyworld.ac.in,placement@studyworld.ac.in,+91-80-549-0592,Artificial Intelligence & Machine Learning (AI & ML),B.Tech,30,450,1987,Urban,Yes,Yes
1-44642474770,1-44642474770,U-0682,STUDYWORLD COLLEGE OF ENGINEERING,Active,Tamil Nadu,Coimbatore,Coimbatore,ALAGU NACHIAMMAN KOIL ROAD PALATHURAI (PO) COIMBATORE - 641 105,600081,11.00989,76.960805,Private-Self Financing,"Anna University, Chennai",Approved,Approved,B++,Yes,,Tier 3,http://www.studyworld.ac.in,info@studyworld.ac.in,admissions@studyworld.ac.in,placement@studyworld.ac.in,+91-80-549-0592,Cyber Security,B.Tech,30,450,1987,Urban,Yes,Yes
1-44642483086,1-44642483086,U-0682,PSG COLLEGE OF TECHNOLOGY,Active,Tamil Nadu,Coimbatore,Coimbatore,AVINASHI ROAD PEELAMEDU,600081,11.006892,76.949811,Govt aided,"Anna University, Chennai",Approved,Approved,B+,No,,Tier 3,http://www.psg.ac.in,info@psg.ac.in,admissions@psg.ac.in,placement@psg.ac.in,+91-80-423-3049,Mechanical Engineering,B.Tech,180,1644,1981,Rural,Yes,Yes
1-44642483086,1-44642483086,U-0682,PSG COLLEGE OF TECHNOLOGY,Active,Tamil Nadu,Coimbatore,Coimbatore,AVINASHI ROAD PEELAMEDU,600081,11.006892,76.949811,Govt aided,"Anna University, Chennai",Approved,Approved,B+,No,,Tier 3,http://www.psg.ac.in,info@psg.ac.in,admissions@psg.ac.in,placement@psg.ac.in,+91-80-423-3049,Automobile Engineering,B.Tech,60,1644,1981,Rural,Yes,Yes
1-44642483086,1-44642483086,U-0682,PSG COLLEGE OF TECHNOLOGY,Active,Tamil Nadu,Coimbatore,Coimbatore,AVINASHI ROAD PEELAMEDU,600081,11.006892,76.949811,Govt aided,"Anna University, Chennai",Approved,Approved,B+,No,,Tier 3,http://www.psg.ac.in,info@psg.ac.in,admissions@psg.ac.in,placement@psg.ac.in,+91-80-423-3049,Other Engineering Branches,B.Tech,360,1644,1981,Rural,Yes,Yes
1-44642483086,1-44642483086,U-0682,PSG COLLEGE OF TECHNOLOGY,Active,Tamil Nadu,Coimbatore,Coimbatore,AVINASHI ROAD PEELAMEDU,600081,11.006892,76.949811,Govt aided,"Anna University, Chennai",Approved,Approved,B+,No,,Tier 3,http://www.psg.ac.in,info@psg.ac.in,admissions@psg.ac.in,placement@psg.ac.in,+91-80-423-3049,Biotechnology,B.Tech,60,1644,1981,Rural,Yes,Yes
1-44642483086,1-44642483086,U-0682,PSG COLLEGE OF TECHNOLOGY,Active,Tamil Nadu,Coimbatore,Coimbatore,AVINASHI ROAD PEELAMEDU,600081,11.006892,76.949811,Govt aided,"Anna University, Chennai",Approved,Approved,B+,No,,Tier 3,http://www.psg.ac.in,info@psg.ac.in,admissions@psg.ac.in,placement@psg.ac.in,+91-80-423-3049,Computer Science Engineering (CSE),B.Tech,138,1644,1981,Rural,Yes,Yes
1-44642483086,1-44642483086,U-0682,PSG COLLEGE OF TECHNOLOGY,Active,Tamil Nadu,Coimbatore,Coimbatore,AVINASHI ROAD PEELAMEDU,600081,11.006892,76.949811,Govt aided,"Anna University, Chennai",Approved,Approved,B+,No,,Tier 3,http://www.psg.ac.in,info@psg.ac.in,admissions@psg.ac.in,placement@psg.ac.in,+91-80-423-3049,Electrical & Electronics Engineering (EEE),B.Tech,120,1644,1981,Rural,Yes,Yes
1-44642483086,1-44642483086,U-0682,PSG COLLEGE OF TECHNOLOGY,Active,Tamil Nadu,Coimbatore,Coimbatore,AVINASHI ROAD PEELAMEDU,600081,11.006892,76.949811,Govt aided,"Anna University, Chennai",Approved,Approved,B+,No,,Tier 3,http://www.psg.ac.in,info@psg.ac.in,admissions@psg.ac.in,placement@psg.ac.in,+91-80-423-3049,Electronics & Communication Engineering (ECE),B.Tech,138,1644,1981,Rural,Yes,Yes
1-44642483086,1-44642483086,U-0682,PSG COLLEGE OF TECHNOLOGY,Active,Tamil Nadu,Coimbatore,Coimbatore,AVINASHI ROAD PEELAMEDU,600081,11.006892,76.949811,Govt aided,"Anna University, Chennai",Approved,Approved,B+,No,,Tier 3,http://www.psg.ac.in,info@psg.ac.in,admissions@psg.ac.in,placement@psg.ac.in,+91-80-423-3049,Information Technology (IT),B.Tech,138,1644,1981,Rural,Yes,Yes
1-44642483086,1-44642483086,U-0682,PSG COLLEGE OF TECHNOLOGY,Active,Tamil Nadu,Coimbatore,Coimbatore,AVINASHI ROAD PEELAMEDU,600081,11.006892,76.949811,Govt aided,"Anna University, Chennai",Approved,Approved,B+,No,,Tier 3,http://www.psg.ac.in,info@psg.ac.in,admissions@psg.ac.in,placement@psg.ac.in,+91-80-423-3049,Other Engineering Branches,M.Tech,198,1644,1981,Rural,Yes,Yes
1-44642483086,1-44642483086,U-0682,PSG COLLEGE OF TECHNOLOGY,Active,Tamil Nadu,Coimbatore,Coimbatore,AVINASHI ROAD PEELAMEDU,600081,11.006892,76.949811,Govt aided,"Anna University, Chennai",Approved,Approved,B+,No,,Tier 3,http://www.psg.ac.in,info@psg.ac.in,admissions@psg.ac.in,placement@psg.ac.in,+91-80-423-3049,Automobile Engineering,M.Tech,18,1644,1981,Rural,Yes,Yes
1-44642483086,1-44642483086,U-0682,PSG COLLEGE OF TECHNOLOGY,Active,Tamil Nadu,Coimbatore,Coimbatore,AVINASHI ROAD PEELAMEDU,600081,11.006892,76.949811,Govt aided,"Anna University, Chennai",Approved,Approved,B+,No,,Tier 3,http://www.psg.ac.in,info@psg.ac.in,admissions@psg.ac.in,placement@psg.ac.in,+91-80-423-3049,Computer Science Engineering (CSE),M.Tech,18,1644,1981,Rural,Yes,Yes
1-44642483086,1-44642483086,U-0682,PSG COLLEGE OF TECHNOLOGY,Active,Tamil Nadu,Coimbatore,Coimbatore,AVINASHI ROAD PEELAMEDU,600081,11.006892,76.949811,Govt aided,"Anna University, Chennai",Approved,Approved,B+,No,,Tier 3,http://www.psg.ac.in,info@psg.ac.in,admissions@psg.ac.in,placement@psg.ac.in,+91-80-423-3049,Biotechnology,M.Tech,18,1644,1981,Rural,Yes,Yes
1-44642483086,1-44642483086,U-0682,PSG COLLEGE OF TECHNOLOGY,Active,Tamil Nadu,Coimbatore,Coimbatore,AVINASHI ROAD PEELAMEDU,600081,11.006892,76.949811,Govt aided,"Anna University, Chennai",Approved,Approved,B+,No,,Tier 3,http://www.psg.ac.in,info@psg.ac.in,admissions@psg.ac.in,placement@psg.ac.in,+91-80-423-3049,Information Technology (IT),M.Tech,18,1644,1981,Rural,Yes,Yes
1-44642483086,1-44642483086,U-0682,PSG COLLEGE OF TECHNOLOGY,Active,Tamil Nadu,Coimbatore,Coimbatore,AVINASHI ROAD PEELAMEDU,600081,11.006892,76.949811,Govt aided,"Anna University, Chennai",Approved,Approved,B+,No,,Tier 3,http://www.psg.ac.in,info@psg.ac.in,admissions@psg.ac.in,placement@psg.ac.in,+91-80-423-3049,Robotics,B.Tech,60,1644,1981,Rural,Yes,Yes
1-44642483086,1-44642483086,U-0682,PSG COLLEGE OF TECHNOLOGY,Active,Tamil Nadu,Coimbatore,Coimbatore,AVINASHI ROAD PEELAMEDU,600081,11.006892,76.949811,Govt aided,"Anna University, Chennai",Approved,Approved,B+,No,,Tier 3,http://www.psg.ac.in,info@psg.ac.in,admissions@psg.ac.in,placement@psg.ac.in,+91-80-423-3049,Civil Engineering,B.Tech,60,1644,1981,Rural,Yes,Yes
1-44642483086,1-44642483086,U-0682,PSG COLLEGE OF TECHNOLOGY,Active,Tamil Nadu,Coimbatore,Coimbatore,AVINASHI ROAD PEELAMEDU,600081,11.006892,76.949811,Govt aided,"Anna University, Chennai",Approved,Approved,B+,No,,Tier 3,http://www.psg.ac.in,info@psg.ac.in,admissions@psg.ac.in,placement@psg.ac.in,+91-80-423-3049,Artificial Intelligence & Machine Learning (AI & ML),B.Tech,60,1644,1981,Rural,Yes,Yes
1-44643079598,1-44643079598,U-0682,DHANALAKSHMI SRINIVASAN COLLEGE OF ENGINEERING,Active,Tamil Nadu,Coimbatore,Coimbatore,"NH-47, PALAKKAD MAIN ROAD NAVAKKARAI POST COIMBATORE",600081,11.008324,76.943082,Private-Self Financing,"Anna University, Chennai",Approved,Approved,B,No,,Tier 3,http://www.dhanalakshmisrinivasan.ac.in,info@dhanalakshmisrinivasan.ac.in,admissions@dhanalakshmisrinivasan.ac.in,placement@dhanalakshmisrinivasan.ac.in,+91-80-483-3326,Electronics & Communication Engineering (ECE),B.Tech,180,1080,1999,Urban,Yes,Yes
1-44643079598,1-44643079598,U-0682,DHANALAKSHMI SRINIVASAN COLLEGE OF ENGINEERING,Active,Tamil Nadu,Coimbatore,Coimbatore,"NH-47, PALAKKAD MAIN ROAD NAVAKKARAI POST COIMBATORE",600081,11.008324,76.943082,Private-Self Financing,"Anna University, Chennai",Approved,Approved,B,No,,Tier 3,http://www.dhanalakshmisrinivasan.ac.in,info@dhanalakshmisrinivasan.ac.in,admissions@dhanalakshmisrinivasan.ac.in,placement@dhanalakshmisrinivasan.ac.in,+91-80-483-3326,Electrical & Electronics Engineering (EEE),B.Tech,60,1080,1999,Urban,Yes,Yes
1-44643079598,1-44643079598,U-0682,DHANALAKSHMI SRINIVASAN COLLEGE OF ENGINEERING,Active,Tamil Nadu,Coimbatore,Coimbatore,"NH-47, PALAKKAD MAIN ROAD NAVAKKARAI POST COIMBATORE",600081,11.008324,76.943082,Private-Self Financing,"Anna University, Chennai",Approved,Approved,B,No,,Tier 3,http://www.dhanalakshmisrinivasan.ac.in,info@dhanalakshmisrinivasan.ac.in,admissions@dhanalakshmisrinivasan.ac.in,placement@dhanalakshmisrinivasan.ac.in,+91-80-483-3326,Computer Science Engineering (CSE),B.Tech,240,1080,1999,Urban,Yes,Yes
1-44643079598,1-44643079598,U-0682,DHANALAKSHMI SRINIVASAN COLLEGE OF ENGINEERING,Active,Tamil Nadu,Coimbatore,Coimbatore,"NH-47, PALAKKAD MAIN ROAD NAVAKKARAI POST COIMBATORE",600081,11.008324,76.943082,Private-Self Financing,"Anna University, Chennai",Approved,Approved,B,No,,Tier 3,http://www.dhanalakshmisrinivasan.ac.in,info@dhanalakshmisrinivasan.ac.in,admissions@dhanalakshmisrinivasan.ac.in,placement@dhanalakshmisrinivasan.ac.in,+91-80-483-3326,Mechanical Engineering,B.Tech,60,1080,1999,Urban,Yes,Yes
1-44643079598,1-44643079598,U-0682,DHANALAKSHMI SRINIVASAN COLLEGE OF ENGINEERING,Active,Tamil Nadu,Coimbatore,Coimbatore,"NH-47, PALAKKAD MAIN ROAD NAVAKKARAI POST COIMBATORE",600081,11.008324,76.943082,Private-Self Financing,"Anna University, Chennai",Approved,Approved,B,No,,Tier 3,http://www.dhanalakshmisrinivasan.ac.in,info@dhanalakshmisrinivasan.ac.in,admissions@dhanalakshmisrinivasan.ac.in,placement@dhanalakshmisrinivasan.ac.in,+91-80-483-3326,Civil Engineering,B.Tech,30,1080,1999,Urban,Yes,Yes
1-44643079598,1-44643079598,U-0682,DHANALAKSHMI SRINIVASAN COLLEGE OF ENGINEERING,Active,Tamil Nadu,Coimbatore,Coimbatore,"NH-47, PALAKKAD MAIN ROAD NAVAKKARAI POST COIMBATORE",600081,11.008324,76.943082,Private-Self Financing,"Anna University, Chennai",Approved,Approved,B,No,,Tier 3,http://www.dhanalakshmisrinivasan.ac.in,info@dhanalakshmisrinivasan.ac.in,admissions@dhanalakshmisrinivasan.ac.in,placement@dhanalakshmisrinivasan.ac.in,+91-80-483-3326,Other Engineering Branches,B.Tech,180,1080,1999,Urban,Yes,Yes
1-44643079598,1-44643079598,U-0682,DHANALAKSHMI SRINIVASAN COLLEGE OF ENGINEERING,Active,Tamil Nadu,Coimbatore,Coimbatore,"NH-47, PALAKKAD MAIN ROAD NAVAKKARAI POST COIMBATORE",600081,11.008324,76.943082,Private-Self Financing,"Anna University, Chennai",Approved,Approved,B,No,,Tier 3,http://www.dhanalakshmisrinivasan.ac.in,info@dhanalakshmisrinivasan.ac.in,admissions@dhanalakshmisrinivasan.ac.in,placement@dhanalakshmisrinivasan.ac.in,+91-80-483-3326,Data Science,B.Tech,240,1080,1999,Urban,Yes,Yes
1-44643079598,1-44643079598,U-0682,DHANALAKSHMI SRINIVASAN COLLEGE OF ENGINEERING,Active,Tamil Nadu,Coimbatore,Coimbatore,"NH-47, PALAKKAD MAIN ROAD NAVAKKARAI POST COIMBATORE",600081,11.008324,76.943082,Private-Self Financing,"Anna University, Chennai",Approved,Approved,B,No,,Tier 3,http://www.dhanalakshmisrinivasan.ac.in,info@dhanalakshmisrinivasan.ac.in,admissions@dhanalakshmisrinivasan.ac.in,placement@dhanalakshmisrinivasan.ac.in,+91-80-483-3326,Agricultural Engineering,B.Tech,30,1080,1999,Urban,Yes,Yes
1-44643079598,1-44643079598,U-0682,DHANALAKSHMI SRINIVASAN COLLEGE OF ENGINEERING,Active,Tamil Nadu,Coimbatore,Coimbatore,"NH-47, PALAKKAD MAIN ROAD NAVAKKARAI POST COIMBATORE",600081,11.008324,76.943082,Private-Self Financing,"Anna University, Chennai",Approved,Approved,B,No,,Tier 3,http://www.dhanalakshmisrinivasan.ac.in,info@dhanalakshmisrinivasan.ac.in,admissions@dhanalakshmisrinivasan.ac.in,placement@dhanalakshmisrinivasan.ac.in,+91-80-483-3326,Cyber Security,B.Tech,60,1080,1999,Urban,Yes,Yes
1-44643080295,1-44643080295,U-0682,NEHRU INSTITUTE OF ENGINEERING AND TECHNOLOGY,Active,Tamil Nadu,Coimbatore,Coimbatore,"""NEHRU GARDENS""THIRUMALAYAMPALAYAM (PO) COIMBATORE-641105",641105,11.006144,76.971027,Private-Self Financing,"Anna University, Chennai",Approved,Approved,A,No,,Tier 3,http://www.nehru.ac.in,info@nehru.ac.in,admissions@nehru.ac.in,placement@nehru.ac.in,+91-80-391-9329,Aeronautical Engineering,B.Tech,120,852,1990,Urban,Yes,Yes
1-44643080295,1-44643080295,U-0682,NEHRU INSTITUTE OF ENGINEERING AND TECHNOLOGY,Active,Tamil Nadu,Coimbatore,Coimbatore,"""NEHRU GARDENS""THIRUMALAYAMPALAYAM (PO) COIMBATORE-641105",641105,11.006144,76.971027,Private-Self Financing,"Anna University, Chennai",Approved,Approved,A,No,,Tier 3,http://www.nehru.ac.in,info@nehru.ac.in,admissions@nehru.ac.in,placement@nehru.ac.in,+91-80-391-9329,Mechanical Engineering,B.Tech,120,852,1990,Urban,Yes,Yes
1-44643080295,1-44643080295,U-0682,NEHRU INSTITUTE OF ENGINEERING AND TECHNOLOGY,Active,Tamil Nadu,Coimbatore,Coimbatore,"""NEHRU GARDENS""THIRUMALAYAMPALAYAM (PO) COIMBATORE-641105",641105,11.006144,76.971027,Private-Self Financing,"Anna University, Chennai",Approved,Approved,A,No,,Tier 3,http://www.nehru.ac.in,info@nehru.ac.in,admissions@nehru.ac.in,placement@nehru.ac.in,+91-80-391-9329,Electrical & Electronics Engineering (EEE),B.Tech,60,852,1990,Urban,Yes,Yes
1-44643080295,1-44643080295,U-0682,NEHRU INSTITUTE OF ENGINEERING AND TECHNOLOGY,Active,Tamil Nadu,Coimbatore,Coimbatore,"""NEHRU GARDENS""THIRUMALAYAMPALAYAM (PO) COIMBATORE-641105",641105,11.006144,76.971027,Private-Self Financing,"Anna University, Chennai",Approved,Approved,A,No,,Tier 3,http://www.nehru.ac.in,info@nehru.ac.in,admissions@nehru.ac.in,placement@nehru.ac.in,+91-80-391-9329,Electronics & Communication Engineering (ECE),B.Tech,120,852,1990,Urban,Yes,Yes
1-44643080295,1-44643080295,U-0682,NEHRU INSTITUTE OF ENGINEERING AND TECHNOLOGY,Active,Tamil Nadu,Coimbatore,Coimbatore,"""NEHRU GARDENS""THIRUMALAYAMPALAYAM (PO) COIMBATORE-641105",641105,11.006144,76.971027,Private-Self Financing,"Anna University, Chennai",Approved,Approved,A,No,,Tier 3,http://www.nehru.ac.in,info@nehru.ac.in,admissions@nehru.ac.in,placement@nehru.ac.in,+91-80-391-9329,Computer Science Engineering (CSE),B.Tech,180,852,1990,Urban,Yes,Yes
1-44643080295,1-44643080295,U-0682,NEHRU INSTITUTE OF ENGINEERING AND TECHNOLOGY,Active,Tamil Nadu,Coimbatore,Coimbatore,"""NEHRU GARDENS""THIRUMALAYAMPALAYAM (PO) COIMBATORE-641105",641105,11.006144,76.971027,Private-Self Financing,"Anna University, Chennai",Approved,Approved,A,No,,Tier 3,http://www.nehru.ac.in,info@nehru.ac.in,admissions@nehru.ac.in,placement@nehru.ac.in,+91-80-391-9329,Aeronautical Engineering,M.Tech,18,852,1990,Urban,Yes,Yes
1-44643080295,1-44643080295,U-0682,NEHRU INSTITUTE OF ENGINEERING AND TECHNOLOGY,Active,Tamil Nadu,Coimbatore,Coimbatore,"""NEHRU GARDENS""THIRUMALAYAMPALAYAM (PO) COIMBATORE-641105",641105,11.006144,76.971027,Private-Self Financing,"Anna University, Chennai",Approved,Approved,A,No,,Tier 3,http://www.nehru.ac.in,info@nehru.ac.in,admissions@nehru.ac.in,placement@nehru.ac.in,+91-80-391-9329,Other Engineering Branches,M.Tech,36,852,1990,Urban,Yes,Yes
1-44643080295,1-44643080295,U-0682,NEHRU INSTITUTE OF ENGINEERING AND TECHNOLOGY,Active,Tamil Nadu,Coimbatore,Coimbatore,"""NEHRU GARDENS""THIRUMALAYAMPALAYAM (PO) COIMBATORE-641105",641105,11.006144,76.971027,Private-Self Financing,"Anna University, Chennai",Approved,Approved,A,No,,Tier 3,http://www.nehru.ac.in,info@nehru.ac.in,admissions@nehru.ac.in,placement@nehru.ac.in,+91-80-391-9329,Data Science,B.Tech,120,852,1990,Urban,Yes,Yes
1-44643080295,1-44643080295,U-0682,NEHRU INSTITUTE OF ENGINEERING AND TECHNOLOGY,Active,Tamil Nadu,Coimbatore,Coimbatore,"""NEHRU GARDENS""THIRUMALAYAMPALAYAM (PO) COIMBATORE-641105",641105,11.006144,76.971027,Private-Self Financing,"Anna University, Chennai",Approved,Approved,A,No,,Tier 3,http://www.nehru.ac.in,info@nehru.ac.in,admissions@nehru.ac.in,placement@nehru.ac.in,+91-80-391-9329,Information Technology (IT),B.Tech,60,852,1990,Urban,Yes,Yes
1-44643080295,1-44643080295,U-0682,NEHRU INSTITUTE OF ENGINEERING AND TECHNOLOGY,Active,Tamil Nadu,Coimbatore,Coimbatore,"""NEHRU GARDENS""THIRUMALAYAMPALAYAM (PO) COIMBATORE-641105",641105,11.006144,76.971027,Private-Self Financing,"Anna University, Chennai",Approved,Approved,A,No,,Tier 3,http://www.nehru.ac.in,info@nehru.ac.in,admissions@nehru.ac.in,placement@nehru.ac.in,+91-80-391-9329,Computer Science Engineering (CSE),M.Tech,18,852,1990,Urban,Yes,Yes
1-44642528838,1-44642528838,U-0682,DR.MAHALINGAM COLLEGE OF ENGINEERING AND TECHNOLOGY,Active,Tamil Nadu,Coimbatore,Coimbatore,"MACKKINAICKENPATTI (POST), UDUMALAI ROAD, POLLACHI 642003",642003,11.033495,76.950726,Private-Self Financing,"Anna University, Chennai",Approved,Approved,A,No,,Tier 3,http://www.drmahalingam.ac.in,info@drmahalingam.ac.in,admissions@drmahalingam.ac.in,placement@drmahalingam.ac.in,+91-80-539-0815,Automobile Engineering,B.Tech,60,1128,1996,Urban,Yes,Yes
1-44642528838,1-44642528838,U-0682,DR.MAHALINGAM COLLEGE OF ENGINEERING AND TECHNOLOGY,Active,Tamil Nadu,Coimbatore,Coimbatore,"MACKKINAICKENPATTI (POST), UDUMALAI ROAD, POLLACHI 642003",642003,11.033495,76.950726,Private-Self Financing,"Anna University, Chennai",Approved,Approved,A,No,,Tier 3,http://www.drmahalingam.ac.in,info@drmahalingam.ac.in,admissions@drmahalingam.ac.in,placement@drmahalingam.ac.in,+91-80-539-0815,Electronics & Communication Engineering (ECE),B.Tech,120,1128,1996,Urban,Yes,Yes
1-44642528838,1-44642528838,U-0682,DR.MAHALINGAM COLLEGE OF ENGINEERING AND TECHNOLOGY,Active,Tamil Nadu,Coimbatore,Coimbatore,"MACKKINAICKENPATTI (POST), UDUMALAI ROAD, POLLACHI 642003",642003,11.033495,76.950726,Private-Self Financing,"Anna University, Chennai",Approved,Approved,A,No,,Tier 3,http://www.drmahalingam.ac.in,info@drmahalingam.ac.in,admissions@drmahalingam.ac.in,placement@drmahalingam.ac.in,+91-80-539-0815,Computer Science Engineering (CSE),B.Tech,180,1128,1996,Urban,Yes,Yes
1-44642528838,1-44642528838,U-0682,DR.MAHALINGAM COLLEGE OF ENGINEERING AND TECHNOLOGY,Active,Tamil Nadu,Coimbatore,Coimbatore,"MACKKINAICKENPATTI (POST), UDUMALAI ROAD, POLLACHI 642003",642003,11.033495,76.950726,Private-Self Financing,"Anna University, Chennai",Approved,Approved,A,No,,Tier 3,http://www.drmahalingam.ac.in,info@drmahalingam.ac.in,admissions@drmahalingam.ac.in,placement@drmahalingam.ac.in,+91-80-539-0815,Information Technology (IT),B.Tech,180,1128,1996,Urban,Yes,Yes
1-44642528838,1-44642528838,U-0682,DR.MAHALINGAM COLLEGE OF ENGINEERING AND TECHNOLOGY,Active,Tamil Nadu,Coimbatore,Coimbatore,"MACKKINAICKENPATTI (POST), UDUMALAI ROAD, POLLACHI 642003",642003,11.033495,76.950726,Private-Self Financing,"Anna University, Chennai",Approved,Approved,A,No,,Tier 3,http://www.drmahalingam.ac.in,info@drmahalingam.ac.in,admissions@drmahalingam.ac.in,placement@drmahalingam.ac.in,+91-80-539-0815,Electrical & Electronics Engineering (EEE),B.Tech,120,1128,1996,Urban,Yes,Yes
1-44642528838,1-44642528838,U-0682,DR.MAHALINGAM COLLEGE OF ENGINEERING AND TECHNOLOGY,Active,Tamil Nadu,Coimbatore,Coimbatore,"MACKKINAICKENPATTI (POST), UDUMALAI ROAD, POLLACHI 642003",642003,11.033495,76.950726,Private-Self Financing,"Anna University, Chennai",Approved,Approved,A,No,,Tier 3,http://www.drmahalingam.ac.in,info@drmahalingam.ac.in,admissions@drmahalingam.ac.in,placement@drmahalingam.ac.in,+91-80-539-0815,Mechanical Engineering,B.Tech,60,1128,1996,Urban,Yes,Yes
1-44642528838,1-44642528838,U-0682,DR.MAHALINGAM COLLEGE OF ENGINEERING AND TECHNOLOGY,Active,Tamil Nadu,Coimbatore,Coimbatore,"MACKKINAICKENPATTI (POST), UDUMALAI ROAD, POLLACHI 642003",642003,11.033495,76.950726,Private-Self Financing,"Anna University, Chennai",Approved,Approved,A,No,,Tier 3,http://www.drmahalingam.ac.in,info@drmahalingam.ac.in,admissions@drmahalingam.ac.in,placement@drmahalingam.ac.in,+91-80-539-0815,Civil Engineering,B.Tech,60,1128,1996,Urban,Yes,Yes
1-44642528838,1-44642528838,U-0682,DR.MAHALINGAM COLLEGE OF ENGINEERING AND TECHNOLOGY,Active,Tamil Nadu,Coimbatore,Coimbatore,"MACKKINAICKENPATTI (POST), UDUMALAI ROAD, POLLACHI 642003",642003,11.033495,76.950726,Private-Self Financing,"Anna University, Chennai",Approved,Approved,A,No,,Tier 3,http://www.drmahalingam.ac.in,info@drmahalingam.ac.in,admissions@drmahalingam.ac.in,placement@drmahalingam.ac.in,+91-80-539-0815,Other Engineering Branches,M.Tech,36,1128,1996,Urban,Yes,Yes
1-44642528838,1-44642528838,U-0682,DR.MAHALINGAM COLLEGE OF ENGINEERING AND TECHNOLOGY,Active,Tamil Nadu,Coimbatore,Coimbatore,"MACKKINAICKENPATTI (POST), UDUMALAI ROAD, POLLACHI 642003",642003,11.033495,76.950726,Private-Self Financing,"Anna University, Chennai",Approved,Approved,A,No,,Tier 3,http://www.drmahalingam.ac.in,info@drmahalingam.ac.in,admissions@drmahalingam.ac.in,placement@drmahalingam.ac.in,+91-80-539-0815,Computer Science Engineering (CSE),M.Tech,12,1128,1996,Urban,Yes,Yes
1-44642528838,1-44642528838,U-0682,DR.MAHALINGAM COLLEGE OF ENGINEERING AND TECHNOLOGY,Active,Tamil Nadu,Coimbatore,Coimbatore,"MACKKINAICKENPATTI (POST), UDUMALAI ROAD, POLLACHI 642003",642003,11.033495,76.950726,Private-Self Financing,"Anna University, Chennai",Approved,Approved,A,No,,Tier 3,http://www.drmahalingam.ac.in,info@drmahalingam.ac.in,admissions@drmahalingam.ac.in,placement@drmahalingam.ac.in,+91-80-539-0815,Cyber Security,B.Tech,60,1128,1996,Urban,Yes,Yes
1-44642528838,1-44642528838,U-0682,DR.MAHALINGAM COLLEGE OF ENGINEERING AND TECHNOLOGY,Active,Tamil Nadu,Coimbatore,Coimbatore,"MACKKINAICKENPATTI (POST), UDUMALAI ROAD, POLLACHI 642003",642003,11.033495,76.950726,Private-Self Financing,"Anna University, Chennai",Approved,Approved,A,No,,Tier 3,http://www.drmahalingam.ac.in,info@drmahalingam.ac.in,admissions@drmahalingam.ac.in,placement@drmahalingam.ac.in,+91-80-539-0815,Data Science,B.Tech,120,1128,1996,Urban,Yes,Yes
1-44642528838,1-44642528838,U-0682,DR.MAHALINGAM COLLEGE OF ENGINEERING AND TECHNOLOGY,Active,Tamil Nadu,Coimbatore,Coimbatore,"MACKKINAICKENPATTI (POST), UDUMALAI ROAD, POLLACHI 642003",642003,11.033495,76.950726,Private-Self Financing,"Anna University, Chennai",Approved,Approved,A,No,,Tier 3,http://www.drmahalingam.ac.in,info@drmahalingam.ac.in,admissions@drmahalingam.ac.in,placement@drmahalingam.ac.in,+91-80-539-0815,Artificial Intelligence & Machine Learning (AI & ML),B.Tech,60,1128,1996,Urban,Yes,Yes
1-44642528838,1-44642528838,U-0682,DR.MAHALINGAM COLLEGE OF ENGINEERING AND TECHNOLOGY,Active,Tamil Nadu,Coimbatore,Coimbatore,"MACKKINAICKENPATTI (POST), UDUMALAI ROAD, POLLACHI 642003",642003,11.033495,76.950726,Private-Self Financing,"Anna University, Chennai",Approved,Approved,A,No,,Tier 3,http://www.drmahalingam.ac.in,info@drmahalingam.ac.in,admissions@drmahalingam.ac.in,placement@drmahalingam.ac.in,+91-80-539-0815,Other Engineering Branches,B.Tech,60,1128,1996,Urban,Yes,Yes
1-44642567704,1-44642567704,U-0682,PARK COLLEGE OF TECHNOLOGY,Active,Tamil Nadu,Coimbatore,Coimbatore,"PREMA RAVI NAGAR, KARUMATHAMPATTY, COIMBATORE - 641659",641659,11.004107,76.960165,Private-Self Financing,"Anna University, Chennai",Approved,Approved,B+,No,,Tier 3,http://www.park.ac.in,info@park.ac.in,admissions@park.ac.in,placement@park.ac.in,+91-80-306-4987,Computer Science Engineering (CSE),B.Tech,60,300,1997,Rural,Yes,Yes
1-44642567704,1-44642567704,U-0682,PARK COLLEGE OF TECHNOLOGY,Active,Tamil Nadu,Coimbatore,Coimbatore,"PREMA RAVI NAGAR, KARUMATHAMPATTY, COIMBATORE - 641659",641659,11.004107,76.960165,Private-Self Financing,"Anna University, Chennai",Approved,Approved,B+,No,,Tier 3,http://www.park.ac.in,info@park.ac.in,admissions@park.ac.in,placement@park.ac.in,+91-80-306-4987,Aeronautical Engineering,B.Tech,30,300,1997,Rural,Yes,Yes
1-44642567704,1-44642567704,U-0682,PARK COLLEGE OF TECHNOLOGY,Active,Tamil Nadu,Coimbatore,Coimbatore,"PREMA RAVI NAGAR, KARUMATHAMPATTY, COIMBATORE - 641659",641659,11.004107,76.960165,Private-Self Financing,"Anna University, Chennai",Approved,Approved,B+,No,,Tier 3,http://www.park.ac.in,info@park.ac.in,admissions@park.ac.in,placement@park.ac.in,+91-80-306-4987,Civil Engineering,B.Tech,30,300,1997,Rural,Yes,Yes
1-44642567704,1-44642567704,U-0682,PARK COLLEGE OF TECHNOLOGY,Active,Tamil Nadu,Coimbatore,Coimbatore,"PREMA RAVI NAGAR, KARUMATHAMPATTY, COIMBATORE - 641659",641659,11.004107,76.960165,Private-Self Financing,"Anna University, Chennai",Approved,Approved,B+,No,,Tier 3,http://www.park.ac.in,info@park.ac.in,admissions@park.ac.in,placement@park.ac.in,+91-80-306-4987,Mechanical Engineering,B.Tech,30,300,1997,Rural,Yes,Yes
1-44642567704,1-44642567704,U-0682,PARK COLLEGE OF TECHNOLOGY,Active,Tamil Nadu,Coimbatore,Coimbatore,"PREMA RAVI NAGAR, KARUMATHAMPATTY, COIMBATORE - 641659",641659,11.004107,76.960165,Private-Self Financing,"Anna University, Chennai",Approved,Approved,B+,No,,Tier 3,http://www.park.ac.in,info@park.ac.in,admissions@park.ac.in,placement@park.ac.in,+91-80-306-4987,Electronics & Communication Engineering (ECE),B.Tech,30,300,1997,Rural,Yes,Yes
1-44642567704,1-44642567704,U-0682,PARK COLLEGE OF TECHNOLOGY,Active,Tamil Nadu,Coimbatore,Coimbatore,"PREMA RAVI NAGAR, KARUMATHAMPATTY, COIMBATORE - 641659",641659,11.004107,76.960165,Private-Self Financing,"Anna University, Chennai",Approved,Approved,B+,No,,Tier 3,http://www.park.ac.in,info@park.ac.in,admissions@park.ac.in,placement@park.ac.in,+91-80-306-4987,Other Engineering Branches,B.Tech,30,300,1997,Rural,Yes,Yes
1-44642567704,1-44642567704,U-0682,PARK COLLEGE OF TECHNOLOGY,Active,Tamil Nadu,Coimbatore,Coimbatore,"PREMA RAVI NAGAR, KARUMATHAMPATTY, COIMBATORE - 641659",641659,11.004107,76.960165,Private-Self Financing,"Anna University, Chennai",Approved,Approved,B+,No,,Tier 3,http://www.park.ac.in,info@park.ac.in,admissions@park.ac.in,placement@park.ac.in,+91-80-306-4987,Data Science,B.Tech,60,300,1997,Rural,Yes,Yes
1-44642567704,1-44642567704,U-0682,PARK COLLEGE OF TECHNOLOGY,Active,Tamil Nadu,Coimbatore,Coimbatore,"PREMA RAVI NAGAR, KARUMATHAMPATTY, COIMBATORE - 641659",641659,11.004107,76.960165,Private-Self Financing,"Anna University, Chennai",Approved,Approved,B+,No,,Tier 3,http://www.park.ac.in,info@park.ac.in,admissions@park.ac.in,placement@park.ac.in,+91-80-306-4987,Artificial Intelligence & Machine Learning (AI & ML),B.Tech,30,300,1997,Rural,Yes,Yes
1-44642437289,1-44642437289,U-0682,TAMILNADU COLLEGE OF ENGINEERING,Active,Tamil Nadu,Coimbatore,Coimbatore,PALANISAME RAVI NAGAR  KARUMATHAMPATTI POST,600081,11.003098,76.974127,Private-Self Financing,"Anna University, Chennai",Approved,Approved,Not Accredited,No,,Tier 3,http://www.tamilnadu.ac.in,info@tamilnadu.ac.in,admissions@tamilnadu.ac.in,placement@tamilnadu.ac.in,+91-80-264-1909,Civil Engineering,B.Tech,30,417,2022,Urban,No,Yes
1-44642437289,1-44642437289,U-0682,TAMILNADU COLLEGE OF ENGINEERING,Active,Tamil Nadu,Coimbatore,Coimbatore,PALANISAME RAVI NAGAR  KARUMATHAMPATTI POST,600081,11.003098,76.974127,Private-Self Financing,"Anna University, Chennai",Approved,Approved,Not Accredited,No,,Tier 3,http://www.tamilnadu.ac.in,info@tamilnadu.ac.in,admissions@tamilnadu.ac.in,placement@tamilnadu.ac.in,+91-80-264-1909,Electrical & Electronics Engineering (EEE),B.Tech,30,417,2022,Urban,No,Yes
1-44642437289,1-44642437289,U-0682,TAMILNADU COLLEGE OF ENGINEERING,Active,Tamil Nadu,Coimbatore,Coimbatore,PALANISAME RAVI NAGAR  KARUMATHAMPATTI POST,600081,11.003098,76.974127,Private-Self Financing,"Anna University, Chennai",Approved,Approved,Not Accredited,No,,Tier 3,http://www.tamilnadu.ac.in,info@tamilnadu.ac.in,admissions@tamilnadu.ac.in,placement@tamilnadu.ac.in,+91-80-264-1909,Electronics & Communication Engineering (ECE),B.Tech,60,417,2022,Urban,No,Yes
1-44642437289,1-44642437289,U-0682,TAMILNADU COLLEGE OF ENGINEERING,Active,Tamil Nadu,Coimbatore,Coimbatore,PALANISAME RAVI NAGAR  KARUMATHAMPATTI POST,600081,11.003098,76.974127,Private-Self Financing,"Anna University, Chennai",Approved,Approved,Not Accredited,No,,Tier 3,http://www.tamilnadu.ac.in,info@tamilnadu.ac.in,admissions@tamilnadu.ac.in,placement@tamilnadu.ac.in,+91-80-264-1909,Other Engineering Branches,B.Tech,30,417,2022,Urban,No,Yes
1-44642437289,1-44642437289,U-0682,TAMILNADU COLLEGE OF ENGINEERING,Active,Tamil Nadu,Coimbatore,Coimbatore,PALANISAME RAVI NAGAR  KARUMATHAMPATTI POST,600081,11.003098,76.974127,Private-Self Financing,"Anna University, Chennai",Approved,Approved,Not Accredited,No,,Tier 3,http://www.tamilnadu.ac.in,info@tamilnadu.ac.in,admissions@tamilnadu.ac.in,placement@tamilnadu.ac.in,+91-80-264-1909,Computer Science Engineering (CSE),B.Tech,60,417,2022,Urban,No,Yes
1-44642437289,1-44642437289,U-0682,TAMILNADU COLLEGE OF ENGINEERING,Active,Tamil Nadu,Coimbatore,Coimbatore,PALANISAME RAVI NAGAR  KARUMATHAMPATTI POST,600081,11.003098,76.974127,Private-Self Financing,"Anna University, Chennai",Approved,Approved,Not Accredited,No,,Tier 3,http://www.tamilnadu.ac.in,info@tamilnadu.ac.in,admissions@tamilnadu.ac.in,placement@tamilnadu.ac.in,+91-80-264-1909,Automobile Engineering,B.Tech,30,417,2022,Urban,No,Yes
1-44642437289,1-44642437289,U-0682,TAMILNADU COLLEGE OF ENGINEERING,Active,Tamil Nadu,Coimbatore,Coimbatore,PALANISAME RAVI NAGAR  KARUMATHAMPATTI POST,600081,11.003098,76.974127,Private-Self Financing,"Anna University, Chennai",Approved,Approved,Not Accredited,No,,Tier 3,http://www.tamilnadu.ac.in,info@tamilnadu.ac.in,admissions@tamilnadu.ac.in,placement@tamilnadu.ac.in,+91-80-264-1909,Mechanical Engineering,B.Tech,30,417,2022,Urban,No,Yes
1-44642437289,1-44642437289,U-0682,TAMILNADU COLLEGE OF ENGINEERING,Active,Tamil Nadu,Coimbatore,Coimbatore,PALANISAME RAVI NAGAR  KARUMATHAMPATTI POST,600081,11.003098,76.974127,Private-Self Financing,"Anna University, Chennai",Approved,Approved,Not Accredited,No,,Tier 3,http://www.tamilnadu.ac.in,info@tamilnadu.ac.in,admissions@tamilnadu.ac.in,placement@tamilnadu.ac.in,+91-80-264-1909,Computer Science Engineering (CSE),M.Tech,9,417,2022,Urban,No,Yes
1-44642437289,1-44642437289,U-0682,TAMILNADU COLLEGE OF ENGINEERING,Active,Tamil Nadu,Coimbatore,Coimbatore,PALANISAME RAVI NAGAR  KARUMATHAMPATTI POST,600081,11.003098,76.974127,Private-Self Financing,"Anna University, Chennai",Approved,Approved,Not Accredited,No,,Tier 3,http://www.tamilnadu.ac.in,info@tamilnadu.ac.in,admissions@tamilnadu.ac.in,placement@tamilnadu.ac.in,+91-80-264-1909,Other Engineering Branches,M.Tech,18,417,2022,Urban,No,Yes
1-44642437289,1-44642437289,U-0682,TAMILNADU COLLEGE OF ENGINEERING,Active,Tamil Nadu,Coimbatore,Coimbatore,PALANISAME RAVI NAGAR  KARUMATHAMPATTI POST,600081,11.003098,76.974127,Private-Self Financing,"Anna University, Chennai",Approved,Approved,Not Accredited,No,,Tier 3,http://www.tamilnadu.ac.in,info@tamilnadu.ac.in,admissions@tamilnadu.ac.in,placement@tamilnadu.ac.in,+91-80-264-1909,Data Science,B.Tech,60,417,2022,Urban,No,Yes
1-44642437289,1-44642437289,U-0682,TAMILNADU COLLEGE OF ENGINEERING,Active,Tamil Nadu,Coimbatore,Coimbatore,PALANISAME RAVI NAGAR  KARUMATHAMPATTI POST,600081,11.003098,76.974127,Private-Self Financing,"Anna University, Chennai",Approved,Approved,Not Accredited,No,,Tier 3,http://www.tamilnadu.ac.in,info@tamilnadu.ac.in,admissions@tamilnadu.ac.in,placement@tamilnadu.ac.in,+91-80-264-1909,Information Technology (IT),B.Tech,60,417,2022,Urban,No,Yes
1-44786999207,1-44786999207,U-0845,SASURIE ACADEMY OF ENGINEERING,Active,Tamil Nadu,Coimbatore,Coimbatore,"NH - 209, SATHY MAIN ROAD, KARIYAMPALAYAM POST, COIMBATORE - 641 653. TMAIL NADU INDIA",600081,11.032516,76.963872,Private-Self Financing,"Anna University, Chennai-600025",Approved,Approved,B+,No,,Tier 3,http://www.sasurieacademy.ac.in,info@sasurieacademy.ac.in,admissions@sasurieacademy.ac.in,placement@sasurieacademy.ac.in,+91-80-498-0275,Information Technology (IT),B.Tech,60,300,1982,Rural,Yes,Yes
1-44786999207,1-44786999207,U-0845,SASURIE ACADEMY OF ENGINEERING,Active,Tamil Nadu,Coimbatore,Coimbatore,"NH - 209, SATHY MAIN ROAD, KARIYAMPALAYAM POST, COIMBATORE - 641 653. TMAIL NADU INDIA",600081,11.032516,76.963872,Private-Self Financing,"Anna University, Chennai-600025",Approved,Approved,B+,No,,Tier 3,http://www.sasurieacademy.ac.in,info@sasurieacademy.ac.in,admissions@sasurieacademy.ac.in,placement@sasurieacademy.ac.in,+91-80-498-0275,Data Science,B.Tech,120,300,1982,Rural,Yes,Yes
1-44786999207,1-44786999207,U-0845,SASURIE ACADEMY OF ENGINEERING,Active,Tamil Nadu,Coimbatore,Coimbatore,"NH - 209, SATHY MAIN ROAD, KARIYAMPALAYAM POST, COIMBATORE - 641 653. TMAIL NADU INDIA",600081,11.032516,76.963872,Private-Self Financing,"Anna University, Chennai-600025",Approved,Approved,B+,No,,Tier 3,http://www.sasurieacademy.ac.in,info@sasurieacademy.ac.in,admissions@sasurieacademy.ac.in,placement@sasurieacademy.ac.in,+91-80-498-0275,Computer Science Engineering (CSE),B.Tech,60,300,1982,Rural,Yes,Yes
1-44786999207,1-44786999207,U-0845,SASURIE ACADEMY OF ENGINEERING,Active,Tamil Nadu,Coimbatore,Coimbatore,"NH - 209, SATHY MAIN ROAD, KARIYAMPALAYAM POST, COIMBATORE - 641 653. TMAIL NADU INDIA",600081,11.032516,76.963872,Private-Self Financing,"Anna University, Chennai-600025",Approved,Approved,B+,No,,Tier 3,http://www.sasurieacademy.ac.in,info@sasurieacademy.ac.in,admissions@sasurieacademy.ac.in,placement@sasurieacademy.ac.in,+91-80-498-0275,Electronics & Communication Engineering (ECE),B.Tech,60,300,1982,Rural,Yes,Yes
