College ID,AICTE Institute ID,UGC University ID,College Name,College Status,State,District,City,Full Address,Pincode,Latitude,Longitude,College Type,Affiliated University,AICTE Approval Status,UGC Approval Status,NAAC Grade,NBA Accreditation,NIRF Ranking,Tier Classification,Official Website,Official College Email,Admission Email,Placement Cell Email,Contact Phone Number,Engineering Branch Name,Degree Type,Branch Intake Capacity,Total Intake Capacity,Establishment Year,Campus Type,Hostel Available,Placement Available
1-44639398138,1-44639398138,U-0458,BHAVANI POLYTECHNIC COLLEGE,Active,Tamil Nadu,Erode,Erode,"VARADHANALLUR(P.O),BHAVANI(T.K),ERODE(D.T)",600517,11.35778,77.723108,Private-Self Financing,"Directorate of Training and Technical Education, New Delhi",Approved,Approved,B+,No,,Tier 3,http://www.bhavani.ac.in,info@bhavani.ac.in,admissions@bhavani.ac.in,placement@bhavani.ac.in,+91-80-542-6469,Civil Engineering,Diploma,60,420,2005,Rural,Yes,Yes
1-44639398138,1-44639398138,U-0458,BHAVANI POLYTECHNIC COLLEGE,Active,Tamil Nadu,Erode,Erode,"VARADHANALLUR(P.O),BHAVANI(T.K),ERODE(D.T)",600517,11.35778,77.723108,Private-Self Financing,"Directorate of Training and Technical Education, New Delhi",Approved,Approved,B+,No,,Tier 3,http://www.bhavani.ac.in,info@bhavani.ac.in,admissions@bhavani.ac.in,placement@bhavani.ac.in,+91-80-542-6469,Mechanical Engineering,Diploma,120,420,2005,Rural,Yes,Yes
1-44639398138,1-44639398138,U-0458,BHAVANI POLYTECHNIC COLLEGE,Active,Tamil Nadu,Erode,Erode,"VARADHANALLUR(P.O),BHAVANI(T.K),ERODE(D.T)",600517,11.35778,77.723108,Private-Self Financing,"Directorate of Training and Technical Education, New Delhi",Approved,Approved,B+,No,,Tier 3,http://www.bhavani.ac.in,info@bhavani.ac.in,admissions@bhavani.ac.in,placement@bhavani.ac.in,+91-80-542-6469,Electrical & Electronics Engineering (EEE),Diploma,60,420,2005,Rural,Yes,Yes
1-44639398138,1-44639398138,U-0458,BHAVANI POLYTECHNIC COLLEGE,Active,Tamil Nadu,Erode,Erode,"VARADHANALLUR(P.O),BHAVANI(T.K),ERODE(D.T)",600517,11.35778,77.723108,Private-Self Financing,"Directorate of Training and Technical Education, New Delhi",Approved,Approved,B+,No,,Tier 3,http://www.bhavani.ac.in,info@bhavani.ac.in,admissions@bhavani.ac.in,placement@bhavani.ac.in,+91-80-542-6469,Electronics & Communication Engineering (ECE),Diploma,60,420,2005,Rural,Yes,Yes
1-44639398138,1-44639398138,U-0458,BHAVANI POLYTECHNIC COLLEGE,Active,Tamil Nadu,Erode,Erode,"VARADHANALLUR(P.O),BHAVANI(T.K),ERODE(D.T)",600517,11.35778,77.723108,Private-Self Financing,"Directorate of Training and Technical Education, New Delhi",Approved,Approved,B+,No,,Tier 3,http://www.bhavani.ac.in,info@bhavani.ac.in,admissions@bhavani.ac.in,placement@bhavani.ac.in,+91-80-542-6469,Computer Science Engineering (CSE),Diploma,60,420,2005,Rural,Yes,Yes
1-44639398138,1-44639398138,U-0458,BHAVANI POLYTECHNIC COLLEGE,Active,Tamil Nadu,Erode,Erode,"VARADHANALLUR(P.O),BHAVANI(T.K),ERODE(D.T)",600517,11.35778,77.723108,Private-Self Financing,"Directorate of Training and Technical Education, New Delhi",Approved,Approved,B+,No,,Tier 3,http://www.bhavani.ac.in,info@bhavani.ac.in,admissions@bhavani.ac.in,placement@bhavani.ac.in,+91-80-542-6469,Automobile Engineering,Diploma,60,420,2005,Rural,Yes,Yes
1-44638876149,1-44638876149,U-0682,AISHWARYA COLLEGE OF ENGINEERING AND TECHNOLOGY,Active,Tamil Nadu,Erode,Erode,"ERRATTAIKARAD, PARUVACHI(PO), ANTHIYUR BHAVANI(TK), ERODE(DT)",600517,11.324566,77.720371,Private-Self Financing,"Anna University, Chennai",Approved,Approved,B,Yes,,Tier 3,http://www.aishwarya.ac.in,info@aishwarya.ac.in,admissions@aishwarya.ac.in,placement@aishwarya.ac.in,+91-80-149-5956,Civil Engineering,B.Tech,60,360,2001,Urban,Yes,Yes
1-44638876149,1-44638876149,U-0682,AISHWARYA COLLEGE OF ENGINEERING AND TECHNOLOGY,Active,Tamil Nadu,Erode,Erode,"ERRATTAIKARAD, PARUVACHI(PO), ANTHIYUR BHAVANI(TK), ERODE(DT)",600517,11.324566,77.720371,Private-Self Financing,"Anna University, Chennai",Approved,Approved,B,Yes,,Tier 3,http://www.aishwarya.ac.in,info@aishwarya.ac.in,admissions@aishwarya.ac.in,placement@aishwarya.ac.in,+91-80-149-5956,Mechanical Engineering,B.Tech,60,360,2001,Urban,Yes,Yes
1-44638876149,1-44638876149,U-0682,AISHWARYA COLLEGE OF ENGINEERING AND TECHNOLOGY,Active,Tamil Nadu,Erode,Erode,"ERRATTAIKARAD, PARUVACHI(PO), ANTHIYUR BHAVANI(TK), ERODE(DT)",600517,11.324566,77.720371,Private-Self Financing,"Anna University, Chennai",Approved,Approved,B,Yes,,Tier 3,http://www.aishwarya.ac.in,info@aishwarya.ac.in,admissions@aishwarya.ac.in,placement@aishwarya.ac.in,+91-80-149-5956,Electrical & Electronics Engineering (EEE),B.Tech,60,360,2001,Urban,Yes,Yes
1-44638876149,1-44638876149,U-0682,AISHWARYA COLLEGE OF ENGINEERING AND TECHNOLOGY,Active,Tamil Nadu,Erode,Erode,"ERRATTAIKARAD, PARUVACHI(PO), ANTHIYUR BHAVANI(TK), ERODE(DT)",600517,11.324566,77.720371,Private-Self Financing,"Anna University, Chennai",Approved,Approved,B,Yes,,Tier 3,http://www.aishwarya.ac.in,info@aishwarya.ac.in,admissions@aishwarya.ac.in,placement@aishwarya.ac.in,+91-80-149-5956,Electronics & Communication Engineering (ECE),B.Tech,60,360,2001,Urban,Yes,Yes
1-44638876149,1-44638876149,U-0682,AISHWARYA COLLEGE OF ENGINEERING AND TECHNOLOGY,Active,Tamil Nadu,Erode,Erode,"ERRATTAIKARAD, PARUVACHI(PO), ANTHIYUR BHAVANI(TK), ERODE(DT)",600517,11.324566,77.720371,Private-Self Financing,"Anna University, Chennai",Approved,Approved,B,Yes,,Tier 3,http://www.aishwarya.ac.in,info@aishwarya.ac.in,admissions@aishwarya.ac.in,placement@aishwarya.ac.in,+91-80-149-5956,Computer Science Engineering (CSE),B.Tech,60,360,2001,Urban,Yes,Yes
1-44638876149,1-44638876149,U-0682,AISHWARYA COLLEGE OF ENGINEERING AND TECHNOLOGY,Active,Tamil Nadu,Erode,Erode,"ERRATTAIKARAD, PARUVACHI(PO), ANTHIYUR BHAVANI(TK), ERODE(DT)",600517,11.324566,77.720371,Private-Self Financing,"Anna University, Chennai",Approved,Approved,B,Yes,,Tier 3,http://www.aishwarya.ac.in,info@aishwarya.ac.in,admissions@aishwarya.ac.in,placement@aishwarya.ac.in,+91-80-149-5956,Data Science,B.Tech,60,360,2001,Urban,Yes,Yes
1-44639437584,1-44639437584,U-0294,ANNAI J.K.K.SAMPOORANI AMMAL POLYTECHNIC COLLEGE,Active,Tamil Nadu,Erode,Erode,"THOOKKANAICKENPALAYAM POST, GOBICHETTIPALAYAM TALUK.",600517,11.335596,77.699764,Private-Self Financing,Directorate of Technical Education,Approved,Approved,B,Yes,,Tier 3,http://www.annaijkksampooraniammal.ac.in,info@annaijkksampooraniammal.ac.in,admissions@annaijkksampooraniammal.ac.in,placement@annaijkksampooraniammal.ac.in,+91-80-612-1744,Automobile Engineering,Diploma,60,690,2012,Urban,No,Yes
1-44639437584,1-44639437584,U-0294,ANNAI J.K.K.SAMPOORANI AMMAL POLYTECHNIC COLLEGE,Active,Tamil Nadu,Erode,Erode,"THOOKKANAICKENPALAYAM POST, GOBICHETTIPALAYAM TALUK.",600517,11.335596,77.699764,Private-Self Financing,Directorate of Technical Education,Approved,Approved,B,Yes,,Tier 3,http://www.annaijkksampooraniammal.ac.in,info@annaijkksampooraniammal.ac.in,admissions@annaijkksampooraniammal.ac.in,placement@annaijkksampooraniammal.ac.in,+91-80-612-1744,Civil Engineering,Diploma,60,690,2012,Urban,No,Yes
1-44639437584,1-44639437584,U-0294,ANNAI J.K.K.SAMPOORANI AMMAL POLYTECHNIC COLLEGE,Active,Tamil Nadu,Erode,Erode,"THOOKKANAICKENPALAYAM POST, GOBICHETTIPALAYAM TALUK.",600517,11.335596,77.699764,Private-Self Financing,Directorate of Technical Education,Approved,Approved,B,Yes,,Tier 3,http://www.annaijkksampooraniammal.ac.in,info@annaijkksampooraniammal.ac.in,admissions@annaijkksampooraniammal.ac.in,placement@annaijkksampooraniammal.ac.in,+91-80-612-1744,Mechanical Engineering,Diploma,150,690,2012,Urban,No,Yes
1-44639437584,1-44639437584,U-0294,ANNAI J.K.K.SAMPOORANI AMMAL POLYTECHNIC COLLEGE,Active,Tamil Nadu,Erode,Erode,"THOOKKANAICKENPALAYAM POST, GOBICHETTIPALAYAM TALUK.",600517,11.335596,77.699764,Private-Self Financing,Directorate of Technical Education,Approved,Approved,B,Yes,,Tier 3,http://www.annaijkksampooraniammal.ac.in,info@annaijkksampooraniammal.ac.in,admissions@annaijkksampooraniammal.ac.in,placement@annaijkksampooraniammal.ac.in,+91-80-612-1744,Electrical & Electronics Engineering (EEE),Diploma,180,690,2012,Urban,No,Yes
1-44639437584,1-44639437584,U-0294,ANNAI J.K.K.SAMPOORANI AMMAL POLYTECHNIC COLLEGE,Active,Tamil Nadu,Erode,Erode,"THOOKKANAICKENPALAYAM POST, GOBICHETTIPALAYAM TALUK.",600517,11.335596,77.699764,Private-Self Financing,Directorate of Technical Education,Approved,Approved,B,Yes,,Tier 3,http://www.annaijkksampooraniammal.ac.in,info@annaijkksampooraniammal.ac.in,admissions@annaijkksampooraniammal.ac.in,placement@annaijkksampooraniammal.ac.in,+91-80-612-1744,Electronics & Communication Engineering (ECE),Diploma,60,690,2012,Urban,No,Yes
1-44639437584,1-44639437584,U-0294,ANNAI J.K.K.SAMPOORANI AMMAL POLYTECHNIC COLLEGE,Active,Tamil Nadu,Erode,Erode,"THOOKKANAICKENPALAYAM POST, GOBICHETTIPALAYAM TALUK.",600517,11.335596,77.699764,Private-Self Financing,Directorate of Technical Education,Approved,Approved,B,Yes,,Tier 3,http://www.annaijkksampooraniammal.ac.in,info@annaijkksampooraniammal.ac.in,admissions@annaijkksampooraniammal.ac.in,placement@annaijkksampooraniammal.ac.in,+91-80-612-1744,Computer Science Engineering (CSE),Diploma,40,690,2012,Urban,No,Yes
1-44639437584,1-44639437584,U-0294,ANNAI J.K.K.SAMPOORANI AMMAL POLYTECHNIC COLLEGE,Active,Tamil Nadu,Erode,Erode,"THOOKKANAICKENPALAYAM POST, GOBICHETTIPALAYAM TALUK.",600517,11.335596,77.699764,Private-Self Financing,Directorate of Technical Education,Approved,Approved,B,Yes,,Tier 3,http://www.annaijkksampooraniammal.ac.in,info@annaijkksampooraniammal.ac.in,admissions@annaijkksampooraniammal.ac.in,placement@annaijkksampooraniammal.ac.in,+91-80-612-1744,Other Engineering Branches,Diploma,70,690,2012,Urban,No,Yes
1-44639437584,1-44639437584,U-0294,ANNAI J.K.K.SAMPOORANI AMMAL POLYTECHNIC COLLEGE,Active,Tamil Nadu,Erode,Erode,"THOOKKANAICKENPALAYAM POST, GOBICHETTIPALAYAM TALUK.",600517,11.335596,77.699764,Private-Self Financing,Directorate of Technical Education,Approved,Approved,B,Yes,,Tier 3,http://www.annaijkksampooraniammal.ac.in,info@annaijkksampooraniammal.ac.in,admissions@annaijkksampooraniammal.ac.in,placement@annaijkksampooraniammal.ac.in,+91-80-612-1744,Chemical Engineering,Diploma,40,690,2012,Urban,No,Yes
1-44639437584,1-44639437584,U-0294,ANNAI J.K.K.SAMPOORANI AMMAL POLYTECHNIC COLLEGE,Active,Tamil Nadu,Erode,Erode,"THOOKKANAICKENPALAYAM POST, GOBICHETTIPALAYAM TALUK.",600517,11.335596,77.699764,Private-Self Financing,Directorate of Technical Education,Approved,Approved,B,Yes,,Tier 3,http://www.annaijkksampooraniammal.ac.in,info@annaijkksampooraniammal.ac.in,admissions@annaijkksampooraniammal.ac.in,placement@annaijkksampooraniammal.ac.in,+91-80-612-1744,Artificial Intelligence & Machine Learning (AI & ML),Diploma,30,690,2012,Urban,No,Yes
1-44639936168,1-44639936168,U-0650,GOVERNMENT POLYTECHNIC COLLEGE,Active,Tamil Nadu,Erode,Erode,"A.KARUMANDICELLIPALAYAM,  PERUNDURAI",600517,11.331325,77.724692,Government,"Directorate of Technical Education, Chennai",Approved,Approved,B,No,,Tier 3,http://www.inst6916.ac.in,info@inst6916.ac.in,admissions@inst6916.ac.in,placement@inst6916.ac.in,+91-80-433-0671,Civil Engineering,Diploma,60,300,2005,Urban,Yes,Yes
1-44639936168,1-44639936168,U-0650,GOVERNMENT POLYTECHNIC COLLEGE,Active,Tamil Nadu,Erode,Erode,"A.KARUMANDICELLIPALAYAM,  PERUNDURAI",600517,11.331325,77.724692,Government,"Directorate of Technical Education, Chennai",Approved,Approved,B,No,,Tier 3,http://www.inst6916.ac.in,info@inst6916.ac.in,admissions@inst6916.ac.in,placement@inst6916.ac.in,+91-80-433-0671,Mechanical Engineering,Diploma,60,300,2005,Urban,Yes,Yes
1-44639936168,1-44639936168,U-0650,GOVERNMENT POLYTECHNIC COLLEGE,Active,Tamil Nadu,Erode,Erode,"A.KARUMANDICELLIPALAYAM,  PERUNDURAI",600517,11.331325,77.724692,Government,"Directorate of Technical Education, Chennai",Approved,Approved,B,No,,Tier 3,http://www.inst6916.ac.in,info@inst6916.ac.in,admissions@inst6916.ac.in,placement@inst6916.ac.in,+91-80-433-0671,Electrical Engineering,Diploma,60,300,2005,Urban,Yes,Yes
1-44639936168,1-44639936168,U-0650,GOVERNMENT POLYTECHNIC COLLEGE,Active,Tamil Nadu,Erode,Erode,"A.KARUMANDICELLIPALAYAM,  PERUNDURAI",600517,11.331325,77.724692,Government,"Directorate of Technical Education, Chennai",Approved,Approved,B,No,,Tier 3,http://www.inst6916.ac.in,info@inst6916.ac.in,admissions@inst6916.ac.in,placement@inst6916.ac.in,+91-80-433-0671,Electronics & Communication Engineering (ECE),Diploma,60,300,2005,Urban,Yes,Yes
1-44639936168,1-44639936168,U-0650,GOVERNMENT POLYTECHNIC COLLEGE,Active,Tamil Nadu,Erode,Erode,"A.KARUMANDICELLIPALAYAM,  PERUNDURAI",600517,11.331325,77.724692,Government,"Directorate of Technical Education, Chennai",Approved,Approved,B,No,,Tier 3,http://www.inst6916.ac.in,info@inst6916.ac.in,admissions@inst6916.ac.in,placement@inst6916.ac.in,+91-80-433-0671,Computer Science Engineering (CSE),Diploma,60,300,2005,Urban,Yes,Yes
1-44639939248,1-44639939248,U-0650,GANDHI POLYTECHNIC COLLEGE,Active,Tamil Nadu,Erode,Erode,"GANDHI KALVI NAGAR, SATHY- COIMBATORE NH ROAD, D.NO.394, VINNAPPALLI, SATHYAMANGALAM",600517,11.328123,77.709125,Private-Self Financing,"Directorate of Technical Education, Chennai",Approved,Approved,B,Yes,,Tier 3,http://www.gandhi.ac.in,info@gandhi.ac.in,admissions@gandhi.ac.in,placement@gandhi.ac.in,+91-80-298-7596,Civil Engineering,Diploma,60,480,2021,Urban,Yes,Yes
1-44639939248,1-44639939248,U-0650,GANDHI POLYTECHNIC COLLEGE,Active,Tamil Nadu,Erode,Erode,"GANDHI KALVI NAGAR, SATHY- COIMBATORE NH ROAD, D.NO.394, VINNAPPALLI, SATHYAMANGALAM",600517,11.328123,77.709125,Private-Self Financing,"Directorate of Technical Education, Chennai",Approved,Approved,B,Yes,,Tier 3,http://www.gandhi.ac.in,info@gandhi.ac.in,admissions@gandhi.ac.in,placement@gandhi.ac.in,+91-80-298-7596,Mechanical Engineering,Diploma,120,480,2021,Urban,Yes,Yes
1-44639939248,1-44639939248,U-0650,GANDHI POLYTECHNIC COLLEGE,Active,Tamil Nadu,Erode,Erode,"GANDHI KALVI NAGAR, SATHY- COIMBATORE NH ROAD, D.NO.394, VINNAPPALLI, SATHYAMANGALAM",600517,11.328123,77.709125,Private-Self Financing,"Directorate of Technical Education, Chennai",Approved,Approved,B,Yes,,Tier 3,http://www.gandhi.ac.in,info@gandhi.ac.in,admissions@gandhi.ac.in,placement@gandhi.ac.in,+91-80-298-7596,Automobile Engineering,Diploma,60,480,2021,Urban,Yes,Yes
1-44639939248,1-44639939248,U-0650,GANDHI POLYTECHNIC COLLEGE,Active,Tamil Nadu,Erode,Erode,"GANDHI KALVI NAGAR, SATHY- COIMBATORE NH ROAD, D.NO.394, VINNAPPALLI, SATHYAMANGALAM",600517,11.328123,77.709125,Private-Self Financing,"Directorate of Technical Education, Chennai",Approved,Approved,B,Yes,,Tier 3,http://www.gandhi.ac.in,info@gandhi.ac.in,admissions@gandhi.ac.in,placement@gandhi.ac.in,+91-80-298-7596,Electrical & Electronics Engineering (EEE),Diploma,60,480,2021,Urban,Yes,Yes
1-44639939248,1-44639939248,U-0650,GANDHI POLYTECHNIC COLLEGE,Active,Tamil Nadu,Erode,Erode,"GANDHI KALVI NAGAR, SATHY- COIMBATORE NH ROAD, D.NO.394, VINNAPPALLI, SATHYAMANGALAM",600517,11.328123,77.709125,Private-Self Financing,"Directorate of Technical Education, Chennai",Approved,Approved,B,Yes,,Tier 3,http://www.gandhi.ac.in,info@gandhi.ac.in,admissions@gandhi.ac.in,placement@gandhi.ac.in,+91-80-298-7596,Electronics & Communication Engineering (ECE),Diploma,60,480,2021,Urban,Yes,Yes
1-44639939248,1-44639939248,U-0650,GANDHI POLYTECHNIC COLLEGE,Active,Tamil Nadu,Erode,Erode,"GANDHI KALVI NAGAR, SATHY- COIMBATORE NH ROAD, D.NO.394, VINNAPPALLI, SATHYAMANGALAM",600517,11.328123,77.709125,Private-Self Financing,"Directorate of Technical Education, Chennai",Approved,Approved,B,Yes,,Tier 3,http://www.gandhi.ac.in,info@gandhi.ac.in,admissions@gandhi.ac.in,placement@gandhi.ac.in,+91-80-298-7596,Computer Science Engineering (CSE),Diploma,60,480,2021,Urban,Yes,Yes
1-44639939248,1-44639939248,U-0650,GANDHI POLYTECHNIC COLLEGE,Active,Tamil Nadu,Erode,Erode,"GANDHI KALVI NAGAR, SATHY- COIMBATORE NH ROAD, D.NO.394, VINNAPPALLI, SATHYAMANGALAM",600517,11.328123,77.709125,Private-Self Financing,"Directorate of Technical Education, Chennai",Approved,Approved,B,Yes,,Tier 3,http://www.gandhi.ac.in,info@gandhi.ac.in,admissions@gandhi.ac.in,placement@gandhi.ac.in,+91-80-298-7596,Agricultural Engineering,Diploma,60,480,2021,Urban,Yes,Yes
1-44640742344,1-44640742344,U-0650,KONGU POLYTECHNIC COLLEGE,Active,Tamil Nadu,Erode,Erode,"KEC CAMPUS, THOPPUPALAYAM, PERUNDURAI R.S.ROAD, PERUNDURAI",600517,11.348327,77.710475,Private-Self Financing,"Directorate of Technical Education, Chennai",Approved,Approved,B,Yes,,Tier 3,http://www.kongu.ac.in,info@kongu.ac.in,admissions@kongu.ac.in,placement@kongu.ac.in,+91-80-146-1716,Civil Engineering,Diploma,60,630,1983,Urban,Yes,Yes
1-44640742344,1-44640742344,U-0650,KONGU POLYTECHNIC COLLEGE,Active,Tamil Nadu,Erode,Erode,"KEC CAMPUS, THOPPUPALAYAM, PERUNDURAI R.S.ROAD, PERUNDURAI",600517,11.348327,77.710475,Private-Self Financing,"Directorate of Technical Education, Chennai",Approved,Approved,B,Yes,,Tier 3,http://www.kongu.ac.in,info@kongu.ac.in,admissions@kongu.ac.in,placement@kongu.ac.in,+91-80-146-1716,Mechanical Engineering,Diploma,180,630,1983,Urban,Yes,Yes
1-44640742344,1-44640742344,U-0650,KONGU POLYTECHNIC COLLEGE,Active,Tamil Nadu,Erode,Erode,"KEC CAMPUS, THOPPUPALAYAM, PERUNDURAI R.S.ROAD, PERUNDURAI",600517,11.348327,77.710475,Private-Self Financing,"Directorate of Technical Education, Chennai",Approved,Approved,B,Yes,,Tier 3,http://www.kongu.ac.in,info@kongu.ac.in,admissions@kongu.ac.in,placement@kongu.ac.in,+91-80-146-1716,Electronics & Communication Engineering (ECE),Diploma,60,630,1983,Urban,Yes,Yes
1-44640742344,1-44640742344,U-0650,KONGU POLYTECHNIC COLLEGE,Active,Tamil Nadu,Erode,Erode,"KEC CAMPUS, THOPPUPALAYAM, PERUNDURAI R.S.ROAD, PERUNDURAI",600517,11.348327,77.710475,Private-Self Financing,"Directorate of Technical Education, Chennai",Approved,Approved,B,Yes,,Tier 3,http://www.kongu.ac.in,info@kongu.ac.in,admissions@kongu.ac.in,placement@kongu.ac.in,+91-80-146-1716,Computer Science Engineering (CSE),Diploma,60,630,1983,Urban,Yes,Yes
1-44640742344,1-44640742344,U-0650,KONGU POLYTECHNIC COLLEGE,Active,Tamil Nadu,Erode,Erode,"KEC CAMPUS, THOPPUPALAYAM, PERUNDURAI R.S.ROAD, PERUNDURAI",600517,11.348327,77.710475,Private-Self Financing,"Directorate of Technical Education, Chennai",Approved,Approved,B,Yes,,Tier 3,http://www.kongu.ac.in,info@kongu.ac.in,admissions@kongu.ac.in,placement@kongu.ac.in,+91-80-146-1716,Electrical & Electronics Engineering (EEE),Diploma,60,630,1983,Urban,Yes,Yes
1-44640742344,1-44640742344,U-0650,KONGU POLYTECHNIC COLLEGE,Active,Tamil Nadu,Erode,Erode,"KEC CAMPUS, THOPPUPALAYAM, PERUNDURAI R.S.ROAD, PERUNDURAI",600517,11.348327,77.710475,Private-Self Financing,"Directorate of Technical Education, Chennai",Approved,Approved,B,Yes,,Tier 3,http://www.kongu.ac.in,info@kongu.ac.in,admissions@kongu.ac.in,placement@kongu.ac.in,+91-80-146-1716,Chemical Engineering,Diploma,60,630,1983,Urban,Yes,Yes
1-44640742344,1-44640742344,U-0650,KONGU POLYTECHNIC COLLEGE,Active,Tamil Nadu,Erode,Erode,"KEC CAMPUS, THOPPUPALAYAM, PERUNDURAI R.S.ROAD, PERUNDURAI",600517,11.348327,77.710475,Private-Self Financing,"Directorate of Technical Education, Chennai",Approved,Approved,B,Yes,,Tier 3,http://www.kongu.ac.in,info@kongu.ac.in,admissions@kongu.ac.in,placement@kongu.ac.in,+91-80-146-1716,Automobile Engineering,Diploma,60,630,1983,Urban,Yes,Yes
1-44640742344,1-44640742344,U-0650,KONGU POLYTECHNIC COLLEGE,Active,Tamil Nadu,Erode,Erode,"KEC CAMPUS, THOPPUPALAYAM, PERUNDURAI R.S.ROAD, PERUNDURAI",600517,11.348327,77.710475,Private-Self Financing,"Directorate of Technical Education, Chennai",Approved,Approved,B,Yes,,Tier 3,http://www.kongu.ac.in,info@kongu.ac.in,admissions@kongu.ac.in,placement@kongu.ac.in,+91-80-146-1716,Other Engineering Branches,Diploma,90,630,1983,Urban,Yes,Yes
1-44640351541,1-44640351541,U-0650,AL AMEEN POLYTECHNIC COLLEGE,Active,Tamil Nadu,Erode,Erode,"KARUNDEVANPALAYAM, NANJAI UTHUKKULI (PO), ERODE.",600517,11.342714,77.700384,Private-Self Financing,"Directorate of Technical Education, Chennai",Approved,Approved,B,Yes,,Tier 3,http://www.alameen.ac.in,info@alameen.ac.in,admissions@alameen.ac.in,placement@alameen.ac.in,+91-80-910-7476,Mechanical Engineering,Diploma,60,210,2010,Urban,Yes,Yes
1-44640351541,1-44640351541,U-0650,AL AMEEN POLYTECHNIC COLLEGE,Active,Tamil Nadu,Erode,Erode,"KARUNDEVANPALAYAM, NANJAI UTHUKKULI (PO), ERODE.",600517,11.342714,77.700384,Private-Self Financing,"Directorate of Technical Education, Chennai",Approved,Approved,B,Yes,,Tier 3,http://www.alameen.ac.in,info@alameen.ac.in,admissions@alameen.ac.in,placement@alameen.ac.in,+91-80-910-7476,Electrical & Electronics Engineering (EEE),Diploma,60,210,2010,Urban,Yes,Yes
1-44640351541,1-44640351541,U-0650,AL AMEEN POLYTECHNIC COLLEGE,Active,Tamil Nadu,Erode,Erode,"KARUNDEVANPALAYAM, NANJAI UTHUKKULI (PO), ERODE.",600517,11.342714,77.700384,Private-Self Financing,"Directorate of Technical Education, Chennai",Approved,Approved,B,Yes,,Tier 3,http://www.alameen.ac.in,info@alameen.ac.in,admissions@alameen.ac.in,placement@alameen.ac.in,+91-80-910-7476,Computer Science Engineering (CSE),Diploma,60,210,2010,Urban,Yes,Yes
1-44640351541,1-44640351541,U-0650,AL AMEEN POLYTECHNIC COLLEGE,Active,Tamil Nadu,Erode,Erode,"KARUNDEVANPALAYAM, NANJAI UTHUKKULI (PO), ERODE.",600517,11.342714,77.700384,Private-Self Financing,"Directorate of Technical Education, Chennai",Approved,Approved,B,Yes,,Tier 3,http://www.alameen.ac.in,info@alameen.ac.in,admissions@alameen.ac.in,placement@alameen.ac.in,+91-80-910-7476,Automobile Engineering,Diploma,30,210,2010,Urban,Yes,Yes
1-44640267887,1-44640267887,U-0650,816 SHREE VENKATESHWARA HI TECH POLYTECHNIC COLLEGE,Active,Tamil Nadu,Erode,Erode,"ERODE-GOBI MAIN ROAD,SRIKALAIVANI NAGAR,OTHAKUTHIRAI,K.METTUPALAYAM-PO,GOBI-TK,ERODE-DT",600517,11.359954,77.727202,Private-Self Financing,"Directorate of Technical Education, Chennai",Approved,Approved,B,Yes,,Tier 3,http://www.816shreevenkateshwara.ac.in,info@816shreevenkateshwara.ac.in,admissions@816shreevenkateshwara.ac.in,placement@816shreevenkateshwara.ac.in,+91-80-633-8368,Civil Engineering,Diploma,30,540,2012,Urban,No,Yes
1-44640267887,1-44640267887,U-0650,816 SHREE VENKATESHWARA HI TECH POLYTECHNIC COLLEGE,Active,Tamil Nadu,Erode,Erode,"ERODE-GOBI MAIN ROAD,SRIKALAIVANI NAGAR,OTHAKUTHIRAI,K.METTUPALAYAM-PO,GOBI-TK,ERODE-DT",600517,11.359954,77.727202,Private-Self Financing,"Directorate of Technical Education, Chennai",Approved,Approved,B,Yes,,Tier 3,http://www.816shreevenkateshwara.ac.in,info@816shreevenkateshwara.ac.in,admissions@816shreevenkateshwara.ac.in,placement@816shreevenkateshwara.ac.in,+91-80-633-8368,Mechanical Engineering,Diploma,120,540,2012,Urban,No,Yes
1-44640267887,1-44640267887,U-0650,816 SHREE VENKATESHWARA HI TECH POLYTECHNIC COLLEGE,Active,Tamil Nadu,Erode,Erode,"ERODE-GOBI MAIN ROAD,SRIKALAIVANI NAGAR,OTHAKUTHIRAI,K.METTUPALAYAM-PO,GOBI-TK,ERODE-DT",600517,11.359954,77.727202,Private-Self Financing,"Directorate of Technical Education, Chennai",Approved,Approved,B,Yes,,Tier 3,http://www.816shreevenkateshwara.ac.in,info@816shreevenkateshwara.ac.in,admissions@816shreevenkateshwara.ac.in,placement@816shreevenkateshwara.ac.in,+91-80-633-8368,Automobile Engineering,Diploma,60,540,2012,Urban,No,Yes
1-44640267887,1-44640267887,U-0650,816 SHREE VENKATESHWARA HI TECH POLYTECHNIC COLLEGE,Active,Tamil Nadu,Erode,Erode,"ERODE-GOBI MAIN ROAD,SRIKALAIVANI NAGAR,OTHAKUTHIRAI,K.METTUPALAYAM-PO,GOBI-TK,ERODE-DT",600517,11.359954,77.727202,Private-Self Financing,"Directorate of Technical Education, Chennai",Approved,Approved,B,Yes,,Tier 3,http://www.816shreevenkateshwara.ac.in,info@816shreevenkateshwara.ac.in,admissions@816shreevenkateshwara.ac.in,placement@816shreevenkateshwara.ac.in,+91-80-633-8368,Electrical & Electronics Engineering (EEE),Diploma,60,540,2012,Urban,No,Yes
1-44640267887,1-44640267887,U-0650,816 SHREE VENKATESHWARA HI TECH POLYTECHNIC COLLEGE,Active,Tamil Nadu,Erode,Erode,"ERODE-GOBI MAIN ROAD,SRIKALAIVANI NAGAR,OTHAKUTHIRAI,K.METTUPALAYAM-PO,GOBI-TK,ERODE-DT",600517,11.359954,77.727202,Private-Self Financing,"Directorate of Technical Education, Chennai",Approved,Approved,B,Yes,,Tier 3,http://www.816shreevenkateshwara.ac.in,info@816shreevenkateshwara.ac.in,admissions@816shreevenkateshwara.ac.in,placement@816shreevenkateshwara.ac.in,+91-80-633-8368,Electronics & Communication Engineering (ECE),Diploma,60,540,2012,Urban,No,Yes
1-44640267887,1-44640267887,U-0650,816 SHREE VENKATESHWARA HI TECH POLYTECHNIC COLLEGE,Active,Tamil Nadu,Erode,Erode,"ERODE-GOBI MAIN ROAD,SRIKALAIVANI NAGAR,OTHAKUTHIRAI,K.METTUPALAYAM-PO,GOBI-TK,ERODE-DT",600517,11.359954,77.727202,Private-Self Financing,"Directorate of Technical Education, Chennai",Approved,Approved,B,Yes,,Tier 3,http://www.816shreevenkateshwara.ac.in,info@816shreevenkateshwara.ac.in,admissions@816shreevenkateshwara.ac.in,placement@816shreevenkateshwara.ac.in,+91-80-633-8368,Computer Science Engineering (CSE),Diploma,60,540,2012,Urban,No,Yes
1-44640267887,1-44640267887,U-0650,816 SHREE VENKATESHWARA HI TECH POLYTECHNIC COLLEGE,Active,Tamil Nadu,Erode,Erode,"ERODE-GOBI MAIN ROAD,SRIKALAIVANI NAGAR,OTHAKUTHIRAI,K.METTUPALAYAM-PO,GOBI-TK,ERODE-DT",600517,11.359954,77.727202,Private-Self Financing,"Directorate of Technical Education, Chennai",Approved,Approved,B,Yes,,Tier 3,http://www.816shreevenkateshwara.ac.in,info@816shreevenkateshwara.ac.in,admissions@816shreevenkateshwara.ac.in,placement@816shreevenkateshwara.ac.in,+91-80-633-8368,Chemical Engineering,Diploma,30,540,2012,Urban,No,Yes
1-44640267887,1-44640267887,U-0650,816 SHREE VENKATESHWARA HI TECH POLYTECHNIC COLLEGE,Active,Tamil Nadu,Erode,Erode,"ERODE-GOBI MAIN ROAD,SRIKALAIVANI NAGAR,OTHAKUTHIRAI,K.METTUPALAYAM-PO,GOBI-TK,ERODE-DT",600517,11.359954,77.727202,Private-Self Financing,"Directorate of Technical Education, Chennai",Approved,Approved,B,Yes,,Tier 3,http://www.816shreevenkateshwara.ac.in,info@816shreevenkateshwara.ac.in,admissions@816shreevenkateshwara.ac.in,placement@816shreevenkateshwara.ac.in,+91-80-633-8368,Artificial Intelligence & Machine Learning (AI & ML),Diploma,60,540,2012,Urban,No,Yes
1-44640267887,1-44640267887,U-0650,816 SHREE VENKATESHWARA HI TECH POLYTECHNIC COLLEGE,Active,Tamil Nadu,Erode,Erode,"ERODE-GOBI MAIN ROAD,SRIKALAIVANI NAGAR,OTHAKUTHIRAI,K.METTUPALAYAM-PO,GOBI-TK,ERODE-DT",600517,11.359954,77.727202,Private-Self Financing,"Directorate of Technical Education, Chennai",Approved,Approved,B,Yes,,Tier 3,http://www.816shreevenkateshwara.ac.in,info@816shreevenkateshwara.ac.in,admissions@816shreevenkateshwara.ac.in,placement@816shreevenkateshwara.ac.in,+91-80-633-8368,Other Engineering Branches,Diploma,60,540,2012,Urban,No,Yes
1-44640653171,1-44640653171,U-0650,EIT POLYTECHNIC COLLEGE,Active,Tamil Nadu,Erode,Erode,KAVINDAPADI,600517,11.351328,77.70574,Govt aided,"Directorate of Technical Education, Chennai",Approved,Approved,A+,No,,Tier 3,http://www.eit.ac.in,info@eit.ac.in,admissions@eit.ac.in,placement@eit.ac.in,+91-80-272-0438,Mechanical Engineering,Diploma,60,270,1989,Rural,Yes,Yes
1-44640653171,1-44640653171,U-0650,EIT POLYTECHNIC COLLEGE,Active,Tamil Nadu,Erode,Erode,KAVINDAPADI,600517,11.351328,77.70574,Govt aided,"Directorate of Technical Education, Chennai",Approved,Approved,A+,No,,Tier 3,http://www.eit.ac.in,info@eit.ac.in,admissions@eit.ac.in,placement@eit.ac.in,+91-80-272-0438,Electrical & Electronics Engineering (EEE),Diploma,30,270,1989,Rural,Yes,Yes
1-44640653171,1-44640653171,U-0650,EIT POLYTECHNIC COLLEGE,Active,Tamil Nadu,Erode,Erode,KAVINDAPADI,600517,11.351328,77.70574,Govt aided,"Directorate of Technical Education, Chennai",Approved,Approved,A+,No,,Tier 3,http://www.eit.ac.in,info@eit.ac.in,admissions@eit.ac.in,placement@eit.ac.in,+91-80-272-0438,Other Engineering Branches,Diploma,120,270,1989,Rural,Yes,Yes
1-44640653171,1-44640653171,U-0650,EIT POLYTECHNIC COLLEGE,Active,Tamil Nadu,Erode,Erode,KAVINDAPADI,600517,11.351328,77.70574,Govt aided,"Directorate of Technical Education, Chennai",Approved,Approved,A+,No,,Tier 3,http://www.eit.ac.in,info@eit.ac.in,admissions@eit.ac.in,placement@eit.ac.in,+91-80-272-0438,Information Technology (IT),Diploma,30,270,1989,Rural,Yes,Yes
1-44640653171,1-44640653171,U-0650,EIT POLYTECHNIC COLLEGE,Active,Tamil Nadu,Erode,Erode,KAVINDAPADI,600517,11.351328,77.70574,Govt aided,"Directorate of Technical Education, Chennai",Approved,Approved,A+,No,,Tier 3,http://www.eit.ac.in,info@eit.ac.in,admissions@eit.ac.in,placement@eit.ac.in,+91-80-272-0438,Computer Science Engineering (CSE),Diploma,30,270,1989,Rural,Yes,Yes
1-44640272974,1-44640272974,U-0650,NANDHA POLYTECHNIC COLLEGE,Active,Tamil Nadu,Erode,Erode,"232, CHENNIMALAIPALAYAM ROAD, PITCHANDAMAPALAYAM POST, ERODE - 638052",638052,11.359475,77.697767,Private-Self Financing,"Directorate of Technical Education, Chennai",Approved,Approved,B+,No,,Tier 3,http://www.nandha.ac.in,info@nandha.ac.in,admissions@nandha.ac.in,placement@nandha.ac.in,+91-80-613-7219,Mechanical Engineering,Diploma,120,600,2006,Rural,No,Yes
1-44640272974,1-44640272974,U-0650,NANDHA POLYTECHNIC COLLEGE,Active,Tamil Nadu,Erode,Erode,"232, CHENNIMALAIPALAYAM ROAD, PITCHANDAMAPALAYAM POST, ERODE - 638052",638052,11.359475,77.697767,Private-Self Financing,"Directorate of Technical Education, Chennai",Approved,Approved,B+,No,,Tier 3,http://www.nandha.ac.in,info@nandha.ac.in,admissions@nandha.ac.in,placement@nandha.ac.in,+91-80-613-7219,Automobile Engineering,Diploma,120,600,2006,Rural,No,Yes
1-44640272974,1-44640272974,U-0650,NANDHA POLYTECHNIC COLLEGE,Active,Tamil Nadu,Erode,Erode,"232, CHENNIMALAIPALAYAM ROAD, PITCHANDAMAPALAYAM POST, ERODE - 638052",638052,11.359475,77.697767,Private-Self Financing,"Directorate of Technical Education, Chennai",Approved,Approved,B+,No,,Tier 3,http://www.nandha.ac.in,info@nandha.ac.in,admissions@nandha.ac.in,placement@nandha.ac.in,+91-80-613-7219,Civil Engineering,Diploma,30,600,2006,Rural,No,Yes
1-44640272974,1-44640272974,U-0650,NANDHA POLYTECHNIC COLLEGE,Active,Tamil Nadu,Erode,Erode,"232, CHENNIMALAIPALAYAM ROAD, PITCHANDAMAPALAYAM POST, ERODE - 638052",638052,11.359475,77.697767,Private-Self Financing,"Directorate of Technical Education, Chennai",Approved,Approved,B+,No,,Tier 3,http://www.nandha.ac.in,info@nandha.ac.in,admissions@nandha.ac.in,placement@nandha.ac.in,+91-80-613-7219,Electrical & Electronics Engineering (EEE),Diploma,60,600,2006,Rural,No,Yes
1-44640272974,1-44640272974,U-0650,NANDHA POLYTECHNIC COLLEGE,Active,Tamil Nadu,Erode,Erode,"232, CHENNIMALAIPALAYAM ROAD, PITCHANDAMAPALAYAM POST, ERODE - 638052",638052,11.359475,77.697767,Private-Self Financing,"Directorate of Technical Education, Chennai",Approved,Approved,B+,No,,Tier 3,http://www.nandha.ac.in,info@nandha.ac.in,admissions@nandha.ac.in,placement@nandha.ac.in,+91-80-613-7219,Electronics & Communication Engineering (ECE),Diploma,60,600,2006,Rural,No,Yes
1-44640272974,1-44640272974,U-0650,NANDHA POLYTECHNIC COLLEGE,Active,Tamil Nadu,Erode,Erode,"232, CHENNIMALAIPALAYAM ROAD, PITCHANDAMAPALAYAM POST, ERODE - 638052",638052,11.359475,77.697767,Private-Self Financing,"Directorate of Technical Education, Chennai",Approved,Approved,B+,No,,Tier 3,http://www.nandha.ac.in,info@nandha.ac.in,admissions@nandha.ac.in,placement@nandha.ac.in,+91-80-613-7219,Computer Science Engineering (CSE),Diploma,120,600,2006,Rural,No,Yes
1-44640272974,1-44640272974,U-0650,NANDHA POLYTECHNIC COLLEGE,Active,Tamil Nadu,Erode,Erode,"232, CHENNIMALAIPALAYAM ROAD, PITCHANDAMAPALAYAM POST, ERODE - 638052",638052,11.359475,77.697767,Private-Self Financing,"Directorate of Technical Education, Chennai",Approved,Approved,B+,No,,Tier 3,http://www.nandha.ac.in,info@nandha.ac.in,admissions@nandha.ac.in,placement@nandha.ac.in,+91-80-613-7219,Chemical Engineering,Diploma,60,600,2006,Rural,No,Yes
1-44640272974,1-44640272974,U-0650,NANDHA POLYTECHNIC COLLEGE,Active,Tamil Nadu,Erode,Erode,"232, CHENNIMALAIPALAYAM ROAD, PITCHANDAMAPALAYAM POST, ERODE - 638052",638052,11.359475,77.697767,Private-Self Financing,"Directorate of Technical Education, Chennai",Approved,Approved,B+,No,,Tier 3,http://www.nandha.ac.in,info@nandha.ac.in,admissions@nandha.ac.in,placement@nandha.ac.in,+91-80-613-7219,Agricultural Engineering,Diploma,30,600,2006,Rural,No,Yes
1-44640737835,1-44640737835,U-0650,KONGHU VELALAR POLYTECHNIC COLLEGE,Active,Tamil Nadu,Erode,Erode,"PERUMAPALAYAM, SULLIPALAYAM(POST), THUDUPPATHI (VIA)  PERUNDURAI",600517,11.323005,77.703974,Private-Self Financing,"Directorate of Technical Education, Chennai",Approved,Approved,B+,No,,Tier 3,http://www.konghuvelalar.ac.in,info@konghuvelalar.ac.in,admissions@konghuvelalar.ac.in,placement@konghuvelalar.ac.in,+91-80-084-1003,Mechanical Engineering,Diploma,150,660,2013,Rural,Yes,No
1-44640737835,1-44640737835,U-0650,KONGHU VELALAR POLYTECHNIC COLLEGE,Active,Tamil Nadu,Erode,Erode,"PERUMAPALAYAM, SULLIPALAYAM(POST), THUDUPPATHI (VIA)  PERUNDURAI",600517,11.323005,77.703974,Private-Self Financing,"Directorate of Technical Education, Chennai",Approved,Approved,B+,No,,Tier 3,http://www.konghuvelalar.ac.in,info@konghuvelalar.ac.in,admissions@konghuvelalar.ac.in,placement@konghuvelalar.ac.in,+91-80-084-1003,Civil Engineering,Diploma,30,660,2013,Rural,Yes,No
1-44640737835,1-44640737835,U-0650,KONGHU VELALAR POLYTECHNIC COLLEGE,Active,Tamil Nadu,Erode,Erode,"PERUMAPALAYAM, SULLIPALAYAM(POST), THUDUPPATHI (VIA)  PERUNDURAI",600517,11.323005,77.703974,Private-Self Financing,"Directorate of Technical Education, Chennai",Approved,Approved,B+,No,,Tier 3,http://www.konghuvelalar.ac.in,info@konghuvelalar.ac.in,admissions@konghuvelalar.ac.in,placement@konghuvelalar.ac.in,+91-80-084-1003,Electrical & Electronics Engineering (EEE),Diploma,90,660,2013,Rural,Yes,No
1-44640737835,1-44640737835,U-0650,KONGHU VELALAR POLYTECHNIC COLLEGE,Active,Tamil Nadu,Erode,Erode,"PERUMAPALAYAM, SULLIPALAYAM(POST), THUDUPPATHI (VIA)  PERUNDURAI",600517,11.323005,77.703974,Private-Self Financing,"Directorate of Technical Education, Chennai",Approved,Approved,B+,No,,Tier 3,http://www.konghuvelalar.ac.in,info@konghuvelalar.ac.in,admissions@konghuvelalar.ac.in,placement@konghuvelalar.ac.in,+91-80-084-1003,Electronics & Communication Engineering (ECE),Diploma,60,660,2013,Rural,Yes,No
1-44640737835,1-44640737835,U-0650,KONGHU VELALAR POLYTECHNIC COLLEGE,Active,Tamil Nadu,Erode,Erode,"PERUMAPALAYAM, SULLIPALAYAM(POST), THUDUPPATHI (VIA)  PERUNDURAI",600517,11.323005,77.703974,Private-Self Financing,"Directorate of Technical Education, Chennai",Approved,Approved,B+,No,,Tier 3,http://www.konghuvelalar.ac.in,info@konghuvelalar.ac.in,admissions@konghuvelalar.ac.in,placement@konghuvelalar.ac.in,+91-80-084-1003,Computer Science Engineering (CSE),Diploma,90,660,2013,Rural,Yes,No
1-44640737835,1-44640737835,U-0650,KONGHU VELALAR POLYTECHNIC COLLEGE,Active,Tamil Nadu,Erode,Erode,"PERUMAPALAYAM, SULLIPALAYAM(POST), THUDUPPATHI (VIA)  PERUNDURAI",600517,11.323005,77.703974,Private-Self Financing,"Directorate of Technical Education, Chennai",Approved,Approved,B+,No,,Tier 3,http://www.konghuvelalar.ac.in,info@konghuvelalar.ac.in,admissions@konghuvelalar.ac.in,placement@konghuvelalar.ac.in,+91-80-084-1003,Chemical Engineering,Diploma,120,660,2013,Rural,Yes,No
1-44640737835,1-44640737835,U-0650,KONGHU VELALAR POLYTECHNIC COLLEGE,Active,Tamil Nadu,Erode,Erode,"PERUMAPALAYAM, SULLIPALAYAM(POST), THUDUPPATHI (VIA)  PERUNDURAI",600517,11.323005,77.703974,Private-Self Financing,"Directorate of Technical Education, Chennai",Approved,Approved,B+,No,,Tier 3,http://www.konghuvelalar.ac.in,info@konghuvelalar.ac.in,admissions@konghuvelalar.ac.in,placement@konghuvelalar.ac.in,+91-80-084-1003,Automobile Engineering,Diploma,60,660,2013,Rural,Yes,No
1-44640737835,1-44640737835,U-0650,KONGHU VELALAR POLYTECHNIC COLLEGE,Active,Tamil Nadu,Erode,Erode,"PERUMAPALAYAM, SULLIPALAYAM(POST), THUDUPPATHI (VIA)  PERUNDURAI",600517,11.323005,77.703974,Private-Self Financing,"Directorate of Technical Education, Chennai",Approved,Approved,B+,No,,Tier 3,http://www.konghuvelalar.ac.in,info@konghuvelalar.ac.in,admissions@konghuvelalar.ac.in,placement@konghuvelalar.ac.in,+91-80-084-1003,Other Engineering Branches,Diploma,60,660,2013,Rural,Yes,No
1-44641391931,1-44641391931,U-0682,SURYA ENGINEERING COLLEGE,Active,Tamil Nadu,Erode,Erode,"PERUNDURAI ROAD,  MANAL MEDU, METTUKADAI, KATHIRAMPATTI POST",600517,11.321516,77.71352,Private-Self Financing,"Anna University, Chennai",Approved,Approved,B,Yes,,Tier 3,http://www.surya.ac.in,info@surya.ac.in,admissions@surya.ac.in,placement@surya.ac.in,+91-80-021-6680,Electronics & Communication Engineering (ECE),B.Tech,30,420,1989,Urban,Yes,Yes
1-44641391931,1-44641391931,U-0682,SURYA ENGINEERING COLLEGE,Active,Tamil Nadu,Erode,Erode,"PERUNDURAI ROAD,  MANAL MEDU, METTUKADAI, KATHIRAMPATTI POST",600517,11.321516,77.71352,Private-Self Financing,"Anna University, Chennai",Approved,Approved,B,Yes,,Tier 3,http://www.surya.ac.in,info@surya.ac.in,admissions@surya.ac.in,placement@surya.ac.in,+91-80-021-6680,Mechanical Engineering,B.Tech,30,420,1989,Urban,Yes,Yes
1-44641391931,1-44641391931,U-0682,SURYA ENGINEERING COLLEGE,Active,Tamil Nadu,Erode,Erode,"PERUNDURAI ROAD,  MANAL MEDU, METTUKADAI, KATHIRAMPATTI POST",600517,11.321516,77.71352,Private-Self Financing,"Anna University, Chennai",Approved,Approved,B,Yes,,Tier 3,http://www.surya.ac.in,info@surya.ac.in,admissions@surya.ac.in,placement@surya.ac.in,+91-80-021-6680,Computer Science Engineering (CSE),B.Tech,60,420,1989,Urban,Yes,Yes
1-44641391931,1-44641391931,U-0682,SURYA ENGINEERING COLLEGE,Active,Tamil Nadu,Erode,Erode,"PERUNDURAI ROAD,  MANAL MEDU, METTUKADAI, KATHIRAMPATTI POST",600517,11.321516,77.71352,Private-Self Financing,"Anna University, Chennai",Approved,Approved,B,Yes,,Tier 3,http://www.surya.ac.in,info@surya.ac.in,admissions@surya.ac.in,placement@surya.ac.in,+91-80-021-6680,Cyber Security,B.Tech,30,420,1989,Urban,Yes,Yes
1-44641391931,1-44641391931,U-0682,SURYA ENGINEERING COLLEGE,Active,Tamil Nadu,Erode,Erode,"PERUNDURAI ROAD,  MANAL MEDU, METTUKADAI, KATHIRAMPATTI POST",600517,11.321516,77.71352,Private-Self Financing,"Anna University, Chennai",Approved,Approved,B,Yes,,Tier 3,http://www.surya.ac.in,info@surya.ac.in,admissions@surya.ac.in,placement@surya.ac.in,+91-80-021-6680,Data Science,B.Tech,60,420,1989,Urban,Yes,Yes
1-44641391931,1-44641391931,U-0682,SURYA ENGINEERING COLLEGE,Active,Tamil Nadu,Erode,Erode,"PERUNDURAI ROAD,  MANAL MEDU, METTUKADAI, KATHIRAMPATTI POST",600517,11.321516,77.71352,Private-Self Financing,"Anna University, Chennai",Approved,Approved,B,Yes,,Tier 3,http://www.surya.ac.in,info@surya.ac.in,admissions@surya.ac.in,placement@surya.ac.in,+91-80-021-6680,Other Engineering Branches,B.Tech,60,420,1989,Urban,Yes,Yes
1-44641391931,1-44641391931,U-0682,SURYA ENGINEERING COLLEGE,Active,Tamil Nadu,Erode,Erode,"PERUNDURAI ROAD,  MANAL MEDU, METTUKADAI, KATHIRAMPATTI POST",600517,11.321516,77.71352,Private-Self Financing,"Anna University, Chennai",Approved,Approved,B,Yes,,Tier 3,http://www.surya.ac.in,info@surya.ac.in,admissions@surya.ac.in,placement@surya.ac.in,+91-80-021-6680,Information Technology (IT),B.Tech,120,420,1989,Urban,Yes,Yes
1-44641391931,1-44641391931,U-0682,SURYA ENGINEERING COLLEGE,Active,Tamil Nadu,Erode,Erode,"PERUNDURAI ROAD,  MANAL MEDU, METTUKADAI, KATHIRAMPATTI POST",600517,11.321516,77.71352,Private-Self Financing,"Anna University, Chennai",Approved,Approved,B,Yes,,Tier 3,http://www.surya.ac.in,info@surya.ac.in,admissions@surya.ac.in,placement@surya.ac.in,+91-80-021-6680,Artificial Intelligence & Machine Learning (AI & ML),B.Tech,30,420,1989,Urban,Yes,Yes
1-44642217179,1-44642217179,U-0682,NANDHA ENGINEERING COLLEGE,Active,Tamil Nadu,Erode,Erode,"28, CHENNIMALAIPALAYAM ROAD,  PITCHANDAMPALAYAM (PO),  ERODE",600517,11.33585,77.699006,Private-Self Financing,"Anna University, Chennai",Approved,Approved,B+,No,,Tier 3,http://www.nandha.ac.in,info@nandha.ac.in,admissions@nandha.ac.in,placement@nandha.ac.in,+91-80-622-8491,Electronics & Communication Engineering (ECE),B.Tech,120,1044,1995,Rural,Yes,Yes
1-44642217179,1-44642217179,U-0682,NANDHA ENGINEERING COLLEGE,Active,Tamil Nadu,Erode,Erode,"28, CHENNIMALAIPALAYAM ROAD,  PITCHANDAMPALAYAM (PO),  ERODE",600517,11.33585,77.699006,Private-Self Financing,"Anna University, Chennai",Approved,Approved,B+,No,,Tier 3,http://www.nandha.ac.in,info@nandha.ac.in,admissions@nandha.ac.in,placement@nandha.ac.in,+91-80-622-8491,Mechanical Engineering,B.Tech,60,1044,1995,Rural,Yes,Yes
1-44642217179,1-44642217179,U-0682,NANDHA ENGINEERING COLLEGE,Active,Tamil Nadu,Erode,Erode,"28, CHENNIMALAIPALAYAM ROAD,  PITCHANDAMPALAYAM (PO),  ERODE",600517,11.33585,77.699006,Private-Self Financing,"Anna University, Chennai",Approved,Approved,B+,No,,Tier 3,http://www.nandha.ac.in,info@nandha.ac.in,admissions@nandha.ac.in,placement@nandha.ac.in,+91-80-622-8491,Electrical & Electronics Engineering (EEE),B.Tech,60,1044,1995,Rural,Yes,Yes
1-44642217179,1-44642217179,U-0682,NANDHA ENGINEERING COLLEGE,Active,Tamil Nadu,Erode,Erode,"28, CHENNIMALAIPALAYAM ROAD,  PITCHANDAMPALAYAM (PO),  ERODE",600517,11.33585,77.699006,Private-Self Financing,"Anna University, Chennai",Approved,Approved,B+,No,,Tier 3,http://www.nandha.ac.in,info@nandha.ac.in,admissions@nandha.ac.in,placement@nandha.ac.in,+91-80-622-8491,Computer Science Engineering (CSE),B.Tech,240,1044,1995,Rural,Yes,Yes
1-44642217179,1-44642217179,U-0682,NANDHA ENGINEERING COLLEGE,Active,Tamil Nadu,Erode,Erode,"28, CHENNIMALAIPALAYAM ROAD,  PITCHANDAMPALAYAM (PO),  ERODE",600517,11.33585,77.699006,Private-Self Financing,"Anna University, Chennai",Approved,Approved,B+,No,,Tier 3,http://www.nandha.ac.in,info@nandha.ac.in,admissions@nandha.ac.in,placement@nandha.ac.in,+91-80-622-8491,Other Engineering Branches,M.Tech,18,1044,1995,Rural,Yes,Yes
1-44642217179,1-44642217179,U-0682,NANDHA ENGINEERING COLLEGE,Active,Tamil Nadu,Erode,Erode,"28, CHENNIMALAIPALAYAM ROAD,  PITCHANDAMPALAYAM (PO),  ERODE",600517,11.33585,77.699006,Private-Self Financing,"Anna University, Chennai",Approved,Approved,B+,No,,Tier 3,http://www.nandha.ac.in,info@nandha.ac.in,admissions@nandha.ac.in,placement@nandha.ac.in,+91-80-622-8491,Information Technology (IT),B.Tech,120,1044,1995,Rural,Yes,Yes
1-44642217179,1-44642217179,U-0682,NANDHA ENGINEERING COLLEGE,Active,Tamil Nadu,Erode,Erode,"28, CHENNIMALAIPALAYAM ROAD,  PITCHANDAMPALAYAM (PO),  ERODE",600517,11.33585,77.699006,Private-Self Financing,"Anna University, Chennai",Approved,Approved,B+,No,,Tier 3,http://www.nandha.ac.in,info@nandha.ac.in,admissions@nandha.ac.in,placement@nandha.ac.in,+91-80-622-8491,Civil Engineering,B.Tech,30,1044,1995,Rural,Yes,Yes
1-44642217179,1-44642217179,U-0682,NANDHA ENGINEERING COLLEGE,Active,Tamil Nadu,Erode,Erode,"28, CHENNIMALAIPALAYAM ROAD,  PITCHANDAMPALAYAM (PO),  ERODE",600517,11.33585,77.699006,Private-Self Financing,"Anna University, Chennai",Approved,Approved,B+,No,,Tier 3,http://www.nandha.ac.in,info@nandha.ac.in,admissions@nandha.ac.in,placement@nandha.ac.in,+91-80-622-8491,Computer Science Engineering (CSE),M.Tech,6,1044,1995,Rural,Yes,Yes
1-44642217179,1-44642217179,U-0682,NANDHA ENGINEERING COLLEGE,Active,Tamil Nadu,Erode,Erode,"28, CHENNIMALAIPALAYAM ROAD,  PITCHANDAMPALAYAM (PO),  ERODE",600517,11.33585,77.699006,Private-Self Financing,"Anna University, Chennai",Approved,Approved,B+,No,,Tier 3,http://www.nandha.ac.in,info@nandha.ac.in,admissions@nandha.ac.in,placement@nandha.ac.in,+91-80-622-8491,Agricultural Engineering,B.Tech,60,1044,1995,Rural,Yes,Yes
1-44642217179,1-44642217179,U-0682,NANDHA ENGINEERING COLLEGE,Active,Tamil Nadu,Erode,Erode,"28, CHENNIMALAIPALAYAM ROAD,  PITCHANDAMPALAYAM (PO),  ERODE",600517,11.33585,77.699006,Private-Self Financing,"Anna University, Chennai",Approved,Approved,B+,No,,Tier 3,http://www.nandha.ac.in,info@nandha.ac.in,admissions@nandha.ac.in,placement@nandha.ac.in,+91-80-622-8491,Chemical Engineering,B.Tech,30,1044,1995,Rural,Yes,Yes
1-44642217179,1-44642217179,U-0682,NANDHA ENGINEERING COLLEGE,Active,Tamil Nadu,Erode,Erode,"28, CHENNIMALAIPALAYAM ROAD,  PITCHANDAMPALAYAM (PO),  ERODE",600517,11.33585,77.699006,Private-Self Financing,"Anna University, Chennai",Approved,Approved,B+,No,,Tier 3,http://www.nandha.ac.in,info@nandha.ac.in,admissions@nandha.ac.in,placement@nandha.ac.in,+91-80-622-8491,Other Engineering Branches,B.Tech,60,1044,1995,Rural,Yes,Yes
1-44642217179,1-44642217179,U-0682,NANDHA ENGINEERING COLLEGE,Active,Tamil Nadu,Erode,Erode,"28, CHENNIMALAIPALAYAM ROAD,  PITCHANDAMPALAYAM (PO),  ERODE",600517,11.33585,77.699006,Private-Self Financing,"Anna University, Chennai",Approved,Approved,B+,No,,Tier 3,http://www.nandha.ac.in,info@nandha.ac.in,admissions@nandha.ac.in,placement@nandha.ac.in,+91-80-622-8491,Data Science,B.Tech,120,1044,1995,Rural,Yes,Yes
1-44642217179,1-44642217179,U-0682,NANDHA ENGINEERING COLLEGE,Active,Tamil Nadu,Erode,Erode,"28, CHENNIMALAIPALAYAM ROAD,  PITCHANDAMPALAYAM (PO),  ERODE",600517,11.33585,77.699006,Private-Self Financing,"Anna University, Chennai",Approved,Approved,B+,No,,Tier 3,http://www.nandha.ac.in,info@nandha.ac.in,admissions@nandha.ac.in,placement@nandha.ac.in,+91-80-622-8491,Cyber Security,B.Tech,60,1044,1995,Rural,Yes,Yes
1-44642217179,1-44642217179,U-0682,NANDHA ENGINEERING COLLEGE,Active,Tamil Nadu,Erode,Erode,"28, CHENNIMALAIPALAYAM ROAD,  PITCHANDAMPALAYAM (PO),  ERODE",600517,11.33585,77.699006,Private-Self Financing,"Anna University, Chennai",Approved,Approved,B+,No,,Tier 3,http://www.nandha.ac.in,info@nandha.ac.in,admissions@nandha.ac.in,placement@nandha.ac.in,+91-80-622-8491,IoT,B.Tech,60,1044,1995,Rural,Yes,Yes
1-44641535748,1-44641535748,U-0650,SAKTHI POLYTECHNIC COLLEGE,Active,Tamil Nadu,Erode,Erode,NACHIMUTHUPURAM SAKTHI NAGAR APPAKUDAL,600517,11.342342,77.723835,Govt aided,"Directorate of Technical Education, Chennai",Approved,Approved,A+,No,,Tier 3,http://www.sakthi.ac.in,info@sakthi.ac.in,admissions@sakthi.ac.in,placement@sakthi.ac.in,+91-80-895-1722,Civil Engineering,Diploma,30,450,2015,Rural,Yes,Yes
1-44641535748,1-44641535748,U-0650,SAKTHI POLYTECHNIC COLLEGE,Active,Tamil Nadu,Erode,Erode,NACHIMUTHUPURAM SAKTHI NAGAR APPAKUDAL,600517,11.342342,77.723835,Govt aided,"Directorate of Technical Education, Chennai",Approved,Approved,A+,No,,Tier 3,http://www.sakthi.ac.in,info@sakthi.ac.in,admissions@sakthi.ac.in,placement@sakthi.ac.in,+91-80-895-1722,Mechanical Engineering,Diploma,90,450,2015,Rural,Yes,Yes
1-44641535748,1-44641535748,U-0650,SAKTHI POLYTECHNIC COLLEGE,Active,Tamil Nadu,Erode,Erode,NACHIMUTHUPURAM SAKTHI NAGAR APPAKUDAL,600517,11.342342,77.723835,Govt aided,"Directorate of Technical Education, Chennai",Approved,Approved,A+,No,,Tier 3,http://www.sakthi.ac.in,info@sakthi.ac.in,admissions@sakthi.ac.in,placement@sakthi.ac.in,+91-80-895-1722,Electrical & Electronics Engineering (EEE),Diploma,60,450,2015,Rural,Yes,Yes
1-44641535748,1-44641535748,U-0650,SAKTHI POLYTECHNIC COLLEGE,Active,Tamil Nadu,Erode,Erode,NACHIMUTHUPURAM SAKTHI NAGAR APPAKUDAL,600517,11.342342,77.723835,Govt aided,"Directorate of Technical Education, Chennai",Approved,Approved,A+,No,,Tier 3,http://www.sakthi.ac.in,info@sakthi.ac.in,admissions@sakthi.ac.in,placement@sakthi.ac.in,+91-80-895-1722,Electronics & Communication Engineering (ECE),Diploma,60,450,2015,Rural,Yes,Yes
1-44641535748,1-44641535748,U-0650,SAKTHI POLYTECHNIC COLLEGE,Active,Tamil Nadu,Erode,Erode,NACHIMUTHUPURAM SAKTHI NAGAR APPAKUDAL,600517,11.342342,77.723835,Govt aided,"Directorate of Technical Education, Chennai",Approved,Approved,A+,No,,Tier 3,http://www.sakthi.ac.in,info@sakthi.ac.in,admissions@sakthi.ac.in,placement@sakthi.ac.in,+91-80-895-1722,Other Engineering Branches,Diploma,90,450,2015,Rural,Yes,Yes
1-44641535748,1-44641535748,U-0650,SAKTHI POLYTECHNIC COLLEGE,Active,Tamil Nadu,Erode,Erode,NACHIMUTHUPURAM SAKTHI NAGAR APPAKUDAL,600517,11.342342,77.723835,Govt aided,"Directorate of Technical Education, Chennai",Approved,Approved,A+,No,,Tier 3,http://www.sakthi.ac.in,info@sakthi.ac.in,admissions@sakthi.ac.in,placement@sakthi.ac.in,+91-80-895-1722,Agricultural Engineering,Diploma,30,450,2015,Rural,Yes,Yes
1-44641535748,1-44641535748,U-0650,SAKTHI POLYTECHNIC COLLEGE,Active,Tamil Nadu,Erode,Erode,NACHIMUTHUPURAM SAKTHI NAGAR APPAKUDAL,600517,11.342342,77.723835,Govt aided,"Directorate of Technical Education, Chennai",Approved,Approved,A+,No,,Tier 3,http://www.sakthi.ac.in,info@sakthi.ac.in,admissions@sakthi.ac.in,placement@sakthi.ac.in,+91-80-895-1722,Computer Science Engineering (CSE),Diploma,60,450,2015,Rural,Yes,Yes
1-44641535748,1-44641535748,U-0650,SAKTHI POLYTECHNIC COLLEGE,Active,Tamil Nadu,Erode,Erode,NACHIMUTHUPURAM SAKTHI NAGAR APPAKUDAL,600517,11.342342,77.723835,Govt aided,"Directorate of Technical Education, Chennai",Approved,Approved,A+,No,,Tier 3,http://www.sakthi.ac.in,info@sakthi.ac.in,admissions@sakthi.ac.in,placement@sakthi.ac.in,+91-80-895-1722,Artificial Intelligence & Machine Learning (AI & ML),Diploma,30,450,2015,Rural,Yes,Yes
1-44643401977,1-44643401977,U-0682,JKK MUNIRAJAH COLLEGE OF TECHNOLOGY,Active,Tamil Nadu,Erode,Erode,"377/1A,PUNJAI THURAYAMPALAYAM, THOOKKANICKENPALAYAM(POST), THOOKKANICKENPALAYAM, GOBI (TK) ERODE",600517,11.336484,77.715264,Private-Self Financing,"Anna University, Chennai",Approved,Approved,B+,No,,Tier 3,http://www.jkkmunirajah.ac.in,info@jkkmunirajah.ac.in,admissions@jkkmunirajah.ac.in,placement@jkkmunirajah.ac.in,+91-80-649-4323,Computer Science Engineering (CSE),B.Tech,60,504,2017,Rural,Yes,No
1-44643401977,1-44643401977,U-0682,JKK MUNIRAJAH COLLEGE OF TECHNOLOGY,Active,Tamil Nadu,Erode,Erode,"377/1A,PUNJAI THURAYAMPALAYAM, THOOKKANICKENPALAYAM(POST), THOOKKANICKENPALAYAM, GOBI (TK) ERODE",600517,11.336484,77.715264,Private-Self Financing,"Anna University, Chennai",Approved,Approved,B+,No,,Tier 3,http://www.jkkmunirajah.ac.in,info@jkkmunirajah.ac.in,admissions@jkkmunirajah.ac.in,placement@jkkmunirajah.ac.in,+91-80-649-4323,Electronics & Communication Engineering (ECE),B.Tech,60,504,2017,Rural,Yes,No
1-44643401977,1-44643401977,U-0682,JKK MUNIRAJAH COLLEGE OF TECHNOLOGY,Active,Tamil Nadu,Erode,Erode,"377/1A,PUNJAI THURAYAMPALAYAM, THOOKKANICKENPALAYAM(POST), THOOKKANICKENPALAYAM, GOBI (TK) ERODE",600517,11.336484,77.715264,Private-Self Financing,"Anna University, Chennai",Approved,Approved,B+,No,,Tier 3,http://www.jkkmunirajah.ac.in,info@jkkmunirajah.ac.in,admissions@jkkmunirajah.ac.in,placement@jkkmunirajah.ac.in,+91-80-649-4323,Electrical & Electronics Engineering (EEE),B.Tech,60,504,2017,Rural,Yes,No
1-44643401977,1-44643401977,U-0682,JKK MUNIRAJAH COLLEGE OF TECHNOLOGY,Active,Tamil Nadu,Erode,Erode,"377/1A,PUNJAI THURAYAMPALAYAM, THOOKKANICKENPALAYAM(POST), THOOKKANICKENPALAYAM, GOBI (TK) ERODE",600517,11.336484,77.715264,Private-Self Financing,"Anna University, Chennai",Approved,Approved,B+,No,,Tier 3,http://www.jkkmunirajah.ac.in,info@jkkmunirajah.ac.in,admissions@jkkmunirajah.ac.in,placement@jkkmunirajah.ac.in,+91-80-649-4323,Mechanical Engineering,B.Tech,30,504,2017,Rural,Yes,No
1-44643401977,1-44643401977,U-0682,JKK MUNIRAJAH COLLEGE OF TECHNOLOGY,Active,Tamil Nadu,Erode,Erode,"377/1A,PUNJAI THURAYAMPALAYAM, THOOKKANICKENPALAYAM(POST), THOOKKANICKENPALAYAM, GOBI (TK) ERODE",600517,11.336484,77.715264,Private-Self Financing,"Anna University, Chennai",Approved,Approved,B+,No,,Tier 3,http://www.jkkmunirajah.ac.in,info@jkkmunirajah.ac.in,admissions@jkkmunirajah.ac.in,placement@jkkmunirajah.ac.in,+91-80-649-4323,Civil Engineering,B.Tech,30,504,2017,Rural,Yes,No
1-44643401977,1-44643401977,U-0682,JKK MUNIRAJAH COLLEGE OF TECHNOLOGY,Active,Tamil Nadu,Erode,Erode,"377/1A,PUNJAI THURAYAMPALAYAM, THOOKKANICKENPALAYAM(POST), THOOKKANICKENPALAYAM, GOBI (TK) ERODE",600517,11.336484,77.715264,Private-Self Financing,"Anna University, Chennai",Approved,Approved,B+,No,,Tier 3,http://www.jkkmunirajah.ac.in,info@jkkmunirajah.ac.in,admissions@jkkmunirajah.ac.in,placement@jkkmunirajah.ac.in,+91-80-649-4323,Information Technology (IT),B.Tech,60,504,2017,Rural,Yes,No
1-44643401977,1-44643401977,U-0682,JKK MUNIRAJAH COLLEGE OF TECHNOLOGY,Active,Tamil Nadu,Erode,Erode,"377/1A,PUNJAI THURAYAMPALAYAM, THOOKKANICKENPALAYAM(POST), THOOKKANICKENPALAYAM, GOBI (TK) ERODE",600517,11.336484,77.715264,Private-Self Financing,"Anna University, Chennai",Approved,Approved,B+,No,,Tier 3,http://www.jkkmunirajah.ac.in,info@jkkmunirajah.ac.in,admissions@jkkmunirajah.ac.in,placement@jkkmunirajah.ac.in,+91-80-649-4323,Computer Science Engineering (CSE),M.Tech,18,504,2017,Rural,Yes,No
1-44643401977,1-44643401977,U-0682,JKK MUNIRAJAH COLLEGE OF TECHNOLOGY,Active,Tamil Nadu,Erode,Erode,"377/1A,PUNJAI THURAYAMPALAYAM, THOOKKANICKENPALAYAM(POST), THOOKKANICKENPALAYAM, GOBI (TK) ERODE",600517,11.336484,77.715264,Private-Self Financing,"Anna University, Chennai",Approved,Approved,B+,No,,Tier 3,http://www.jkkmunirajah.ac.in,info@jkkmunirajah.ac.in,admissions@jkkmunirajah.ac.in,placement@jkkmunirajah.ac.in,+91-80-649-4323,Other Engineering Branches,M.Tech,36,504,2017,Rural,Yes,No
1-44643401977,1-44643401977,U-0682,JKK MUNIRAJAH COLLEGE OF TECHNOLOGY,Active,Tamil Nadu,Erode,Erode,"377/1A,PUNJAI THURAYAMPALAYAM, THOOKKANICKENPALAYAM(POST), THOOKKANICKENPALAYAM, GOBI (TK) ERODE",600517,11.336484,77.715264,Private-Self Financing,"Anna University, Chennai",Approved,Approved,B+,No,,Tier 3,http://www.jkkmunirajah.ac.in,info@jkkmunirajah.ac.in,admissions@jkkmunirajah.ac.in,placement@jkkmunirajah.ac.in,+91-80-649-4323,Automobile Engineering,B.Tech,30,504,2017,Rural,Yes,No
1-44643401977,1-44643401977,U-0682,JKK MUNIRAJAH COLLEGE OF TECHNOLOGY,Active,Tamil Nadu,Erode,Erode,"377/1A,PUNJAI THURAYAMPALAYAM, THOOKKANICKENPALAYAM(POST), THOOKKANICKENPALAYAM, GOBI (TK) ERODE",600517,11.336484,77.715264,Private-Self Financing,"Anna University, Chennai",Approved,Approved,B+,No,,Tier 3,http://www.jkkmunirajah.ac.in,info@jkkmunirajah.ac.in,admissions@jkkmunirajah.ac.in,placement@jkkmunirajah.ac.in,+91-80-649-4323,Data Science,B.Tech,60,504,2017,Rural,Yes,No
1-44643401977,1-44643401977,U-0682,JKK MUNIRAJAH COLLEGE OF TECHNOLOGY,Active,Tamil Nadu,Erode,Erode,"377/1A,PUNJAI THURAYAMPALAYAM, THOOKKANICKENPALAYAM(POST), THOOKKANICKENPALAYAM, GOBI (TK) ERODE",600517,11.336484,77.715264,Private-Self Financing,"Anna University, Chennai",Approved,Approved,B+,No,,Tier 3,http://www.jkkmunirajah.ac.in,info@jkkmunirajah.ac.in,admissions@jkkmunirajah.ac.in,placement@jkkmunirajah.ac.in,+91-80-649-4323,Cyber Security,B.Tech,60,504,2017,Rural,Yes,No
1-44643714103,1-44643714103,U-0682,ERODE SENGUNTHAR ENGINEERING COLLEGE,Active,Tamil Nadu,Erode,Erode,"THUDUPATHI, PERUNDURAI (TK), ERODE DISTRICT",600517,11.348643,77.71329,Private-Self Financing,"Anna University, Chennai",Approved,Approved,A+,No,,Tier 3,http://www.erodesengunthar.ac.in,info@erodesengunthar.ac.in,admissions@erodesengunthar.ac.in,placement@erodesengunthar.ac.in,+91-80-159-4086,Civil Engineering,B.Tech,30,1668,2015,Rural,Yes,Yes
1-44643714103,1-44643714103,U-0682,ERODE SENGUNTHAR ENGINEERING COLLEGE,Active,Tamil Nadu,Erode,Erode,"THUDUPATHI, PERUNDURAI (TK), ERODE DISTRICT",600517,11.348643,77.71329,Private-Self Financing,"Anna University, Chennai",Approved,Approved,A+,No,,Tier 3,http://www.erodesengunthar.ac.in,info@erodesengunthar.ac.in,admissions@erodesengunthar.ac.in,placement@erodesengunthar.ac.in,+91-80-159-4086,Chemical Engineering,B.Tech,60,1668,2015,Rural,Yes,Yes
1-44643714103,1-44643714103,U-0682,ERODE SENGUNTHAR ENGINEERING COLLEGE,Active,Tamil Nadu,Erode,Erode,"THUDUPATHI, PERUNDURAI (TK), ERODE DISTRICT",600517,11.348643,77.71329,Private-Self Financing,"Anna University, Chennai",Approved,Approved,A+,No,,Tier 3,http://www.erodesengunthar.ac.in,info@erodesengunthar.ac.in,admissions@erodesengunthar.ac.in,placement@erodesengunthar.ac.in,+91-80-159-4086,Computer Science Engineering (CSE),B.Tech,300,1668,2015,Rural,Yes,Yes
1-44643714103,1-44643714103,U-0682,ERODE SENGUNTHAR ENGINEERING COLLEGE,Active,Tamil Nadu,Erode,Erode,"THUDUPATHI, PERUNDURAI (TK), ERODE DISTRICT",600517,11.348643,77.71329,Private-Self Financing,"Anna University, Chennai",Approved,Approved,A+,No,,Tier 3,http://www.erodesengunthar.ac.in,info@erodesengunthar.ac.in,admissions@erodesengunthar.ac.in,placement@erodesengunthar.ac.in,+91-80-159-4086,Electrical & Electronics Engineering (EEE),B.Tech,60,1668,2015,Rural,Yes,Yes
1-44643714103,1-44643714103,U-0682,ERODE SENGUNTHAR ENGINEERING COLLEGE,Active,Tamil Nadu,Erode,Erode,"THUDUPATHI, PERUNDURAI (TK), ERODE DISTRICT",600517,11.348643,77.71329,Private-Self Financing,"Anna University, Chennai",Approved,Approved,A+,No,,Tier 3,http://www.erodesengunthar.ac.in,info@erodesengunthar.ac.in,admissions@erodesengunthar.ac.in,placement@erodesengunthar.ac.in,+91-80-159-4086,Electronics & Communication Engineering (ECE),B.Tech,180,1668,2015,Rural,Yes,Yes
1-44643714103,1-44643714103,U-0682,ERODE SENGUNTHAR ENGINEERING COLLEGE,Active,Tamil Nadu,Erode,Erode,"THUDUPATHI, PERUNDURAI (TK), ERODE DISTRICT",600517,11.348643,77.71329,Private-Self Financing,"Anna University, Chennai",Approved,Approved,A+,No,,Tier 3,http://www.erodesengunthar.ac.in,info@erodesengunthar.ac.in,admissions@erodesengunthar.ac.in,placement@erodesengunthar.ac.in,+91-80-159-4086,Other Engineering Branches,B.Tech,120,1668,2015,Rural,Yes,Yes
1-44643714103,1-44643714103,U-0682,ERODE SENGUNTHAR ENGINEERING COLLEGE,Active,Tamil Nadu,Erode,Erode,"THUDUPATHI, PERUNDURAI (TK), ERODE DISTRICT",600517,11.348643,77.71329,Private-Self Financing,"Anna University, Chennai",Approved,Approved,A+,No,,Tier 3,http://www.erodesengunthar.ac.in,info@erodesengunthar.ac.in,admissions@erodesengunthar.ac.in,placement@erodesengunthar.ac.in,+91-80-159-4086,Mechanical Engineering,B.Tech,90,1668,2015,Rural,Yes,Yes
1-44643714103,1-44643714103,U-0682,ERODE SENGUNTHAR ENGINEERING COLLEGE,Active,Tamil Nadu,Erode,Erode,"THUDUPATHI, PERUNDURAI (TK), ERODE DISTRICT",600517,11.348643,77.71329,Private-Self Financing,"Anna University, Chennai",Approved,Approved,A+,No,,Tier 3,http://www.erodesengunthar.ac.in,info@erodesengunthar.ac.in,admissions@erodesengunthar.ac.in,placement@erodesengunthar.ac.in,+91-80-159-4086,Other Engineering Branches,M.Tech,108,1668,2015,Rural,Yes,Yes
1-44643714103,1-44643714103,U-0682,ERODE SENGUNTHAR ENGINEERING COLLEGE,Active,Tamil Nadu,Erode,Erode,"THUDUPATHI, PERUNDURAI (TK), ERODE DISTRICT",600517,11.348643,77.71329,Private-Self Financing,"Anna University, Chennai",Approved,Approved,A+,No,,Tier 3,http://www.erodesengunthar.ac.in,info@erodesengunthar.ac.in,admissions@erodesengunthar.ac.in,placement@erodesengunthar.ac.in,+91-80-159-4086,Computer Science Engineering (CSE),M.Tech,12,1668,2015,Rural,Yes,Yes
1-44643714103,1-44643714103,U-0682,ERODE SENGUNTHAR ENGINEERING COLLEGE,Active,Tamil Nadu,Erode,Erode,"THUDUPATHI, PERUNDURAI (TK), ERODE DISTRICT",600517,11.348643,77.71329,Private-Self Financing,"Anna University, Chennai",Approved,Approved,A+,No,,Tier 3,http://www.erodesengunthar.ac.in,info@erodesengunthar.ac.in,admissions@erodesengunthar.ac.in,placement@erodesengunthar.ac.in,+91-80-159-4086,Chemical Engineering,M.Tech,18,1668,2015,Rural,Yes,Yes
1-44643714103,1-44643714103,U-0682,ERODE SENGUNTHAR ENGINEERING COLLEGE,Active,Tamil Nadu,Erode,Erode,"THUDUPATHI, PERUNDURAI (TK), ERODE DISTRICT",600517,11.348643,77.71329,Private-Self Financing,"Anna University, Chennai",Approved,Approved,A+,No,,Tier 3,http://www.erodesengunthar.ac.in,info@erodesengunthar.ac.in,admissions@erodesengunthar.ac.in,placement@erodesengunthar.ac.in,+91-80-159-4086,Information Technology (IT),B.Tech,180,1668,2015,Rural,Yes,Yes
1-44643714103,1-44643714103,U-0682,ERODE SENGUNTHAR ENGINEERING COLLEGE,Active,Tamil Nadu,Erode,Erode,"THUDUPATHI, PERUNDURAI (TK), ERODE DISTRICT",600517,11.348643,77.71329,Private-Self Financing,"Anna University, Chennai",Approved,Approved,A+,No,,Tier 3,http://www.erodesengunthar.ac.in,info@erodesengunthar.ac.in,admissions@erodesengunthar.ac.in,placement@erodesengunthar.ac.in,+91-80-159-4086,Agricultural Engineering,B.Tech,30,1668,2015,Rural,Yes,Yes
1-44643714103,1-44643714103,U-0682,ERODE SENGUNTHAR ENGINEERING COLLEGE,Active,Tamil Nadu,Erode,Erode,"THUDUPATHI, PERUNDURAI (TK), ERODE DISTRICT",600517,11.348643,77.71329,Private-Self Financing,"Anna University, Chennai",Approved,Approved,A+,No,,Tier 3,http://www.erodesengunthar.ac.in,info@erodesengunthar.ac.in,admissions@erodesengunthar.ac.in,placement@erodesengunthar.ac.in,+91-80-159-4086,Data Science,B.Tech,180,1668,2015,Rural,Yes,Yes
1-44643714103,1-44643714103,U-0682,ERODE SENGUNTHAR ENGINEERING COLLEGE,Active,Tamil Nadu,Erode,Erode,"THUDUPATHI, PERUNDURAI (TK), ERODE DISTRICT",600517,11.348643,77.71329,Private-Self Financing,"Anna University, Chennai",Approved,Approved,A+,No,,Tier 3,http://www.erodesengunthar.ac.in,info@erodesengunthar.ac.in,admissions@erodesengunthar.ac.in,placement@erodesengunthar.ac.in,+91-80-159-4086,Robotics,B.Tech,60,1668,2015,Rural,Yes,Yes
1-44643714103,1-44643714103,U-0682,ERODE SENGUNTHAR ENGINEERING COLLEGE,Active,Tamil Nadu,Erode,Erode,"THUDUPATHI, PERUNDURAI (TK), ERODE DISTRICT",600517,11.348643,77.71329,Private-Self Financing,"Anna University, Chennai",Approved,Approved,A+,No,,Tier 3,http://www.erodesengunthar.ac.in,info@erodesengunthar.ac.in,admissions@erodesengunthar.ac.in,placement@erodesengunthar.ac.in,+91-80-159-4086,Biotechnology,B.Tech,60,1668,2015,Rural,Yes,Yes
1-44643714103,1-44643714103,U-0682,ERODE SENGUNTHAR ENGINEERING COLLEGE,Active,Tamil Nadu,Erode,Erode,"THUDUPATHI, PERUNDURAI (TK), ERODE DISTRICT",600517,11.348643,77.71329,Private-Self Financing,"Anna University, Chennai",Approved,Approved,A+,No,,Tier 3,http://www.erodesengunthar.ac.in,info@erodesengunthar.ac.in,admissions@erodesengunthar.ac.in,placement@erodesengunthar.ac.in,+91-80-159-4086,Artificial Intelligence & Machine Learning (AI & ML),B.Tech,60,1668,2015,Rural,Yes,Yes
1-44643714103,1-44643714103,U-0682,ERODE SENGUNTHAR ENGINEERING COLLEGE,Active,Tamil Nadu,Erode,Erode,"THUDUPATHI, PERUNDURAI (TK), ERODE DISTRICT",600517,11.348643,77.71329,Private-Self Financing,"Anna University, Chennai",Approved,Approved,A+,No,,Tier 3,http://www.erodesengunthar.ac.in,info@erodesengunthar.ac.in,admissions@erodesengunthar.ac.in,placement@erodesengunthar.ac.in,+91-80-159-4086,Cyber Security,B.Tech,60,1668,2015,Rural,Yes,Yes
1-44643714103,1-44643714103,U-0682,ERODE SENGUNTHAR ENGINEERING COLLEGE,Active,Tamil Nadu,Erode,Erode,"THUDUPATHI, PERUNDURAI (TK), ERODE DISTRICT",600517,11.348643,77.71329,Private-Self Financing,"Anna University, Chennai",Approved,Approved,A+,No,,Tier 3,http://www.erodesengunthar.ac.in,info@erodesengunthar.ac.in,admissions@erodesengunthar.ac.in,placement@erodesengunthar.ac.in,+91-80-159-4086,IoT,B.Tech,60,1668,2015,Rural,Yes,Yes
1-44643672026,1-44643672026,U-0682,AL-AMEEN ENGINEERING COLLEGE,Active,Tamil Nadu,Erode,Erode,"KARUNDEVANPALAYAM, NANJAI UTHUKKULI (POST) ERODE, ERODE DISTRICT, PINCODE-638104 TAMIL NADU",638104,11.340331,77.733634,Private-Self Financing,"Anna University, Chennai",Approved,Approved,A,No,,Tier 3,http://www.alameen.ac.in,info@alameen.ac.in,admissions@alameen.ac.in,placement@alameen.ac.in,+91-80-810-8265,Computer Science Engineering (CSE),B.Tech,60,264,1981,Urban,Yes,Yes
1-44643672026,1-44643672026,U-0682,AL-AMEEN ENGINEERING COLLEGE,Active,Tamil Nadu,Erode,Erode,"KARUNDEVANPALAYAM, NANJAI UTHUKKULI (POST) ERODE, ERODE DISTRICT, PINCODE-638104 TAMIL NADU",638104,11.340331,77.733634,Private-Self Financing,"Anna University, Chennai",Approved,Approved,A,No,,Tier 3,http://www.alameen.ac.in,info@alameen.ac.in,admissions@alameen.ac.in,placement@alameen.ac.in,+91-80-810-8265,Mechanical Engineering,B.Tech,60,264,1981,Urban,Yes,Yes
1-44643672026,1-44643672026,U-0682,AL-AMEEN ENGINEERING COLLEGE,Active,Tamil Nadu,Erode,Erode,"KARUNDEVANPALAYAM, NANJAI UTHUKKULI (POST) ERODE, ERODE DISTRICT, PINCODE-638104 TAMIL NADU",638104,11.340331,77.733634,Private-Self Financing,"Anna University, Chennai",Approved,Approved,A,No,,Tier 3,http://www.alameen.ac.in,info@alameen.ac.in,admissions@alameen.ac.in,placement@alameen.ac.in,+91-80-810-8265,Electrical & Electronics Engineering (EEE),B.Tech,30,264,1981,Urban,Yes,Yes
1-44643672026,1-44643672026,U-0682,AL-AMEEN ENGINEERING COLLEGE,Active,Tamil Nadu,Erode,Erode,"KARUNDEVANPALAYAM, NANJAI UTHUKKULI (POST) ERODE, ERODE DISTRICT, PINCODE-638104 TAMIL NADU",638104,11.340331,77.733634,Private-Self Financing,"Anna University, Chennai",Approved,Approved,A,No,,Tier 3,http://www.alameen.ac.in,info@alameen.ac.in,admissions@alameen.ac.in,placement@alameen.ac.in,+91-80-810-8265,Electronics & Communication Engineering (ECE),B.Tech,30,264,1981,Urban,Yes,Yes
1-44643672026,1-44643672026,U-0682,AL-AMEEN ENGINEERING COLLEGE,Active,Tamil Nadu,Erode,Erode,"KARUNDEVANPALAYAM, NANJAI UTHUKKULI (POST) ERODE, ERODE DISTRICT, PINCODE-638104 TAMIL NADU",638104,11.340331,77.733634,Private-Self Financing,"Anna University, Chennai",Approved,Approved,A,No,,Tier 3,http://www.alameen.ac.in,info@alameen.ac.in,admissions@alameen.ac.in,placement@alameen.ac.in,+91-80-810-8265,Computer Science Engineering (CSE),M.Tech,6,264,1981,Urban,Yes,Yes
1-44643672026,1-44643672026,U-0682,AL-AMEEN ENGINEERING COLLEGE,Active,Tamil Nadu,Erode,Erode,"KARUNDEVANPALAYAM, NANJAI UTHUKKULI (POST) ERODE, ERODE DISTRICT, PINCODE-638104 TAMIL NADU",638104,11.340331,77.733634,Private-Self Financing,"Anna University, Chennai",Approved,Approved,A,No,,Tier 3,http://www.alameen.ac.in,info@alameen.ac.in,admissions@alameen.ac.in,placement@alameen.ac.in,+91-80-810-8265,Information Technology (IT),B.Tech,30,264,1981,Urban,Yes,Yes
1-44643672026,1-44643672026,U-0682,AL-AMEEN ENGINEERING COLLEGE,Active,Tamil Nadu,Erode,Erode,"KARUNDEVANPALAYAM, NANJAI UTHUKKULI (POST) ERODE, ERODE DISTRICT, PINCODE-638104 TAMIL NADU",638104,11.340331,77.733634,Private-Self Financing,"Anna University, Chennai",Approved,Approved,A,No,,Tier 3,http://www.alameen.ac.in,info@alameen.ac.in,admissions@alameen.ac.in,placement@alameen.ac.in,+91-80-810-8265,Data Science,B.Tech,30,264,1981,Urban,Yes,Yes
1-44643672026,1-44643672026,U-0682,AL-AMEEN ENGINEERING COLLEGE,Active,Tamil Nadu,Erode,Erode,"KARUNDEVANPALAYAM, NANJAI UTHUKKULI (POST) ERODE, ERODE DISTRICT, PINCODE-638104 TAMIL NADU",638104,11.340331,77.733634,Private-Self Financing,"Anna University, Chennai",Approved,Approved,A,No,,Tier 3,http://www.alameen.ac.in,info@alameen.ac.in,admissions@alameen.ac.in,placement@alameen.ac.in,+91-80-810-8265,Other Engineering Branches,M.Tech,18,264,1981,Urban,Yes,Yes
1-44643145287,1-44643145287,U-0682,NANDHA COLLEGE OF TECHNOLOGY,Active,Tamil Nadu,Erode,Erode,"235, CHENNIMALAIPALAYAM ROAD PITCHANDAMPALAYAM POST VEPPAMPALAYAM VILLAGE ERODE - 638 052",600517,11.346142,77.735525,Private-Self Financing,"Anna University, Chennai",Approved,Approved,A,No,,Tier 3,http://www.nandha.ac.in,info@nandha.ac.in,admissions@nandha.ac.in,placement@nandha.ac.in,+91-80-054-5397,Electrical & Electronics Engineering (EEE),B.Tech,60,432,2017,Urban,Yes,Yes
1-44643145287,1-44643145287,U-0682,NANDHA COLLEGE OF TECHNOLOGY,Active,Tamil Nadu,Erode,Erode,"235, CHENNIMALAIPALAYAM ROAD PITCHANDAMPALAYAM POST VEPPAMPALAYAM VILLAGE ERODE - 638 052",600517,11.346142,77.735525,Private-Self Financing,"Anna University, Chennai",Approved,Approved,A,No,,Tier 3,http://www.nandha.ac.in,info@nandha.ac.in,admissions@nandha.ac.in,placement@nandha.ac.in,+91-80-054-5397,Electronics & Communication Engineering (ECE),B.Tech,60,432,2017,Urban,Yes,Yes
1-44643145287,1-44643145287,U-0682,NANDHA COLLEGE OF TECHNOLOGY,Active,Tamil Nadu,Erode,Erode,"235, CHENNIMALAIPALAYAM ROAD PITCHANDAMPALAYAM POST VEPPAMPALAYAM VILLAGE ERODE - 638 052",600517,11.346142,77.735525,Private-Self Financing,"Anna University, Chennai",Approved,Approved,A,No,,Tier 3,http://www.nandha.ac.in,info@nandha.ac.in,admissions@nandha.ac.in,placement@nandha.ac.in,+91-80-054-5397,Computer Science Engineering (CSE),B.Tech,120,432,2017,Urban,Yes,Yes
1-44643145287,1-44643145287,U-0682,NANDHA COLLEGE OF TECHNOLOGY,Active,Tamil Nadu,Erode,Erode,"235, CHENNIMALAIPALAYAM ROAD PITCHANDAMPALAYAM POST VEPPAMPALAYAM VILLAGE ERODE - 638 052",600517,11.346142,77.735525,Private-Self Financing,"Anna University, Chennai",Approved,Approved,A,No,,Tier 3,http://www.nandha.ac.in,info@nandha.ac.in,admissions@nandha.ac.in,placement@nandha.ac.in,+91-80-054-5397,Information Technology (IT),B.Tech,120,432,2017,Urban,Yes,Yes
1-44643145287,1-44643145287,U-0682,NANDHA COLLEGE OF TECHNOLOGY,Active,Tamil Nadu,Erode,Erode,"235, CHENNIMALAIPALAYAM ROAD PITCHANDAMPALAYAM POST VEPPAMPALAYAM VILLAGE ERODE - 638 052",600517,11.346142,77.735525,Private-Self Financing,"Anna University, Chennai",Approved,Approved,A,No,,Tier 3,http://www.nandha.ac.in,info@nandha.ac.in,admissions@nandha.ac.in,placement@nandha.ac.in,+91-80-054-5397,Computer Science Engineering (CSE),M.Tech,6,432,2017,Urban,Yes,Yes
1-44643145287,1-44643145287,U-0682,NANDHA COLLEGE OF TECHNOLOGY,Active,Tamil Nadu,Erode,Erode,"235, CHENNIMALAIPALAYAM ROAD PITCHANDAMPALAYAM POST VEPPAMPALAYAM VILLAGE ERODE - 638 052",600517,11.346142,77.735525,Private-Self Financing,"Anna University, Chennai",Approved,Approved,A,No,,Tier 3,http://www.nandha.ac.in,info@nandha.ac.in,admissions@nandha.ac.in,placement@nandha.ac.in,+91-80-054-5397,Other Engineering Branches,M.Tech,6,432,2017,Urban,Yes,Yes
1-44643145287,1-44643145287,U-0682,NANDHA COLLEGE OF TECHNOLOGY,Active,Tamil Nadu,Erode,Erode,"235, CHENNIMALAIPALAYAM ROAD PITCHANDAMPALAYAM POST VEPPAMPALAYAM VILLAGE ERODE - 638 052",600517,11.346142,77.735525,Private-Self Financing,"Anna University, Chennai",Approved,Approved,A,No,,Tier 3,http://www.nandha.ac.in,info@nandha.ac.in,admissions@nandha.ac.in,placement@nandha.ac.in,+91-80-054-5397,Data Science,B.Tech,60,432,2017,Urban,Yes,Yes
1-44643325568,1-44643325568,U-0682,KONGU ENGINEERING COLLEGE,Active,Tamil Nadu,Erode,Erode,"PERUNDURAI RAILWAY STATION ROAD,  THOPPUPALAYAM PERUNDURAI, ERODE - 638 052",600517,11.326803,77.702002,Private-Self Financing,"Anna University, Chennai",Approved,Approved,B,No,,Tier 3,http://www.kongu.ac.in,info@kongu.ac.in,admissions@kongu.ac.in,placement@kongu.ac.in,+91-80-243-4078,Civil Engineering,B.Tech,60,1818,2015,Urban,Yes,Yes
1-44643325568,1-44643325568,U-0682,KONGU ENGINEERING COLLEGE,Active,Tamil Nadu,Erode,Erode,"PERUNDURAI RAILWAY STATION ROAD,  THOPPUPALAYAM PERUNDURAI, ERODE - 638 052",600517,11.326803,77.702002,Private-Self Financing,"Anna University, Chennai",Approved,Approved,B,No,,Tier 3,http://www.kongu.ac.in,info@kongu.ac.in,admissions@kongu.ac.in,placement@kongu.ac.in,+91-80-243-4078,Mechanical Engineering,B.Tech,180,1818,2015,Urban,Yes,Yes
1-44643325568,1-44643325568,U-0682,KONGU ENGINEERING COLLEGE,Active,Tamil Nadu,Erode,Erode,"PERUNDURAI RAILWAY STATION ROAD,  THOPPUPALAYAM PERUNDURAI, ERODE - 638 052",600517,11.326803,77.702002,Private-Self Financing,"Anna University, Chennai",Approved,Approved,B,No,,Tier 3,http://www.kongu.ac.in,info@kongu.ac.in,admissions@kongu.ac.in,placement@kongu.ac.in,+91-80-243-4078,Electronics & Communication Engineering (ECE),B.Tech,240,1818,2015,Urban,Yes,Yes
1-44643325568,1-44643325568,U-0682,KONGU ENGINEERING COLLEGE,Active,Tamil Nadu,Erode,Erode,"PERUNDURAI RAILWAY STATION ROAD,  THOPPUPALAYAM PERUNDURAI, ERODE - 638 052",600517,11.326803,77.702002,Private-Self Financing,"Anna University, Chennai",Approved,Approved,B,No,,Tier 3,http://www.kongu.ac.in,info@kongu.ac.in,admissions@kongu.ac.in,placement@kongu.ac.in,+91-80-243-4078,Computer Science Engineering (CSE),B.Tech,480,1818,2015,Urban,Yes,Yes
1-44643325568,1-44643325568,U-0682,KONGU ENGINEERING COLLEGE,Active,Tamil Nadu,Erode,Erode,"PERUNDURAI RAILWAY STATION ROAD,  THOPPUPALAYAM PERUNDURAI, ERODE - 638 052",600517,11.326803,77.702002,Private-Self Financing,"Anna University, Chennai",Approved,Approved,B,No,,Tier 3,http://www.kongu.ac.in,info@kongu.ac.in,admissions@kongu.ac.in,placement@kongu.ac.in,+91-80-243-4078,Electrical & Electronics Engineering (EEE),B.Tech,120,1818,2015,Urban,Yes,Yes
1-44643325568,1-44643325568,U-0682,KONGU ENGINEERING COLLEGE,Active,Tamil Nadu,Erode,Erode,"PERUNDURAI RAILWAY STATION ROAD,  THOPPUPALAYAM PERUNDURAI, ERODE - 638 052",600517,11.326803,77.702002,Private-Self Financing,"Anna University, Chennai",Approved,Approved,B,No,,Tier 3,http://www.kongu.ac.in,info@kongu.ac.in,admissions@kongu.ac.in,placement@kongu.ac.in,+91-80-243-4078,Other Engineering Branches,B.Tech,180,1818,2015,Urban,Yes,Yes
1-44643325568,1-44643325568,U-0682,KONGU ENGINEERING COLLEGE,Active,Tamil Nadu,Erode,Erode,"PERUNDURAI RAILWAY STATION ROAD,  THOPPUPALAYAM PERUNDURAI, ERODE - 638 052",600517,11.326803,77.702002,Private-Self Financing,"Anna University, Chennai",Approved,Approved,B,No,,Tier 3,http://www.kongu.ac.in,info@kongu.ac.in,admissions@kongu.ac.in,placement@kongu.ac.in,+91-80-243-4078,Information Technology (IT),B.Tech,180,1818,2015,Urban,Yes,Yes
1-44643325568,1-44643325568,U-0682,KONGU ENGINEERING COLLEGE,Active,Tamil Nadu,Erode,Erode,"PERUNDURAI RAILWAY STATION ROAD,  THOPPUPALAYAM PERUNDURAI, ERODE - 638 052",600517,11.326803,77.702002,Private-Self Financing,"Anna University, Chennai",Approved,Approved,B,No,,Tier 3,http://www.kongu.ac.in,info@kongu.ac.in,admissions@kongu.ac.in,placement@kongu.ac.in,+91-80-243-4078,Chemical Engineering,B.Tech,60,1818,2015,Urban,Yes,Yes
1-44643325568,1-44643325568,U-0682,KONGU ENGINEERING COLLEGE,Active,Tamil Nadu,Erode,Erode,"PERUNDURAI RAILWAY STATION ROAD,  THOPPUPALAYAM PERUNDURAI, ERODE - 638 052",600517,11.326803,77.702002,Private-Self Financing,"Anna University, Chennai",Approved,Approved,B,No,,Tier 3,http://www.kongu.ac.in,info@kongu.ac.in,admissions@kongu.ac.in,placement@kongu.ac.in,+91-80-243-4078,Computer Science Engineering (CSE),M.Tech,12,1818,2015,Urban,Yes,Yes
1-44643325568,1-44643325568,U-0682,KONGU ENGINEERING COLLEGE,Active,Tamil Nadu,Erode,Erode,"PERUNDURAI RAILWAY STATION ROAD,  THOPPUPALAYAM PERUNDURAI, ERODE - 638 052",600517,11.326803,77.702002,Private-Self Financing,"Anna University, Chennai",Approved,Approved,B,No,,Tier 3,http://www.kongu.ac.in,info@kongu.ac.in,admissions@kongu.ac.in,placement@kongu.ac.in,+91-80-243-4078,Other Engineering Branches,M.Tech,36,1818,2015,Urban,Yes,Yes
1-44643325568,1-44643325568,U-0682,KONGU ENGINEERING COLLEGE,Active,Tamil Nadu,Erode,Erode,"PERUNDURAI RAILWAY STATION ROAD,  THOPPUPALAYAM PERUNDURAI, ERODE - 638 052",600517,11.326803,77.702002,Private-Self Financing,"Anna University, Chennai",Approved,Approved,B,No,,Tier 3,http://www.kongu.ac.in,info@kongu.ac.in,admissions@kongu.ac.in,placement@kongu.ac.in,+91-80-243-4078,Automobile Engineering,B.Tech,30,1818,2015,Urban,Yes,Yes
1-44643325568,1-44643325568,U-0682,KONGU ENGINEERING COLLEGE,Active,Tamil Nadu,Erode,Erode,"PERUNDURAI RAILWAY STATION ROAD,  THOPPUPALAYAM PERUNDURAI, ERODE - 638 052",600517,11.326803,77.702002,Private-Self Financing,"Anna University, Chennai",Approved,Approved,B,No,,Tier 3,http://www.kongu.ac.in,info@kongu.ac.in,admissions@kongu.ac.in,placement@kongu.ac.in,+91-80-243-4078,Data Science,B.Tech,180,1818,2015,Urban,Yes,Yes
1-44643325568,1-44643325568,U-0682,KONGU ENGINEERING COLLEGE,Active,Tamil Nadu,Erode,Erode,"PERUNDURAI RAILWAY STATION ROAD,  THOPPUPALAYAM PERUNDURAI, ERODE - 638 052",600517,11.326803,77.702002,Private-Self Financing,"Anna University, Chennai",Approved,Approved,B,No,,Tier 3,http://www.kongu.ac.in,info@kongu.ac.in,admissions@kongu.ac.in,placement@kongu.ac.in,+91-80-243-4078,Artificial Intelligence & Machine Learning (AI & ML),B.Tech,60,1818,2015,Urban,Yes,Yes
1-44643682798,1-44643682798,U-0682,VELALAR COLLEGE OF ENGINEERING AND TECHNOLOGY,Active,Tamil Nadu,Erode,Erode,PERUNDURAI ROAD THINDAL POST ERODE,600517,11.357783,77.723107,Private-Self Financing,"Anna University, Chennai",Approved,Approved,B+,No,,Tier 3,http://www.velalar.ac.in,info@velalar.ac.in,admissions@velalar.ac.in,placement@velalar.ac.in,+91-80-542-8005,Computer Science Engineering (CSE),B.Tech,180,1026,2005,Rural,Yes,Yes
1-44643682798,1-44643682798,U-0682,VELALAR COLLEGE OF ENGINEERING AND TECHNOLOGY,Active,Tamil Nadu,Erode,Erode,PERUNDURAI ROAD THINDAL POST ERODE,600517,11.357783,77.723107,Private-Self Financing,"Anna University, Chennai",Approved,Approved,B+,No,,Tier 3,http://www.velalar.ac.in,info@velalar.ac.in,admissions@velalar.ac.in,placement@velalar.ac.in,+91-80-542-8005,Electrical & Electronics Engineering (EEE),B.Tech,60,1026,2005,Rural,Yes,Yes
1-44643682798,1-44643682798,U-0682,VELALAR COLLEGE OF ENGINEERING AND TECHNOLOGY,Active,Tamil Nadu,Erode,Erode,PERUNDURAI ROAD THINDAL POST ERODE,600517,11.357783,77.723107,Private-Self Financing,"Anna University, Chennai",Approved,Approved,B+,No,,Tier 3,http://www.velalar.ac.in,info@velalar.ac.in,admissions@velalar.ac.in,placement@velalar.ac.in,+91-80-542-8005,Electronics & Communication Engineering (ECE),B.Tech,180,1026,2005,Rural,Yes,Yes
1-44643682798,1-44643682798,U-0682,VELALAR COLLEGE OF ENGINEERING AND TECHNOLOGY,Active,Tamil Nadu,Erode,Erode,PERUNDURAI ROAD THINDAL POST ERODE,600517,11.357783,77.723107,Private-Self Financing,"Anna University, Chennai",Approved,Approved,B+,No,,Tier 3,http://www.velalar.ac.in,info@velalar.ac.in,admissions@velalar.ac.in,placement@velalar.ac.in,+91-80-542-8005,Information Technology (IT),B.Tech,120,1026,2005,Rural,Yes,Yes
1-44643682798,1-44643682798,U-0682,VELALAR COLLEGE OF ENGINEERING AND TECHNOLOGY,Active,Tamil Nadu,Erode,Erode,PERUNDURAI ROAD THINDAL POST ERODE,600517,11.357783,77.723107,Private-Self Financing,"Anna University, Chennai",Approved,Approved,B+,No,,Tier 3,http://www.velalar.ac.in,info@velalar.ac.in,admissions@velalar.ac.in,placement@velalar.ac.in,+91-80-542-8005,Computer Science Engineering (CSE),M.Tech,12,1026,2005,Rural,Yes,Yes
1-44643682798,1-44643682798,U-0682,VELALAR COLLEGE OF ENGINEERING AND TECHNOLOGY,Active,Tamil Nadu,Erode,Erode,PERUNDURAI ROAD THINDAL POST ERODE,600517,11.357783,77.723107,Private-Self Financing,"Anna University, Chennai",Approved,Approved,B+,No,,Tier 3,http://www.velalar.ac.in,info@velalar.ac.in,admissions@velalar.ac.in,placement@velalar.ac.in,+91-80-542-8005,Other Engineering Branches,M.Tech,24,1026,2005,Rural,Yes,Yes
1-44643682798,1-44643682798,U-0682,VELALAR COLLEGE OF ENGINEERING AND TECHNOLOGY,Active,Tamil Nadu,Erode,Erode,PERUNDURAI ROAD THINDAL POST ERODE,600517,11.357783,77.723107,Private-Self Financing,"Anna University, Chennai",Approved,Approved,B+,No,,Tier 3,http://www.velalar.ac.in,info@velalar.ac.in,admissions@velalar.ac.in,placement@velalar.ac.in,+91-80-542-8005,Mechanical Engineering,B.Tech,60,1026,2005,Rural,Yes,Yes
1-44643682798,1-44643682798,U-0682,VELALAR COLLEGE OF ENGINEERING AND TECHNOLOGY,Active,Tamil Nadu,Erode,Erode,PERUNDURAI ROAD THINDAL POST ERODE,600517,11.357783,77.723107,Private-Self Financing,"Anna University, Chennai",Approved,Approved,B+,No,,Tier 3,http://www.velalar.ac.in,info@velalar.ac.in,admissions@velalar.ac.in,placement@velalar.ac.in,+91-80-542-8005,Civil Engineering,B.Tech,30,1026,2005,Rural,Yes,Yes
1-44643682798,1-44643682798,U-0682,VELALAR COLLEGE OF ENGINEERING AND TECHNOLOGY,Active,Tamil Nadu,Erode,Erode,PERUNDURAI ROAD THINDAL POST ERODE,600517,11.357783,77.723107,Private-Self Financing,"Anna University, Chennai",Approved,Approved,B+,No,,Tier 3,http://www.velalar.ac.in,info@velalar.ac.in,admissions@velalar.ac.in,placement@velalar.ac.in,+91-80-542-8005,Other Engineering Branches,B.Tech,180,1026,2005,Rural,Yes,Yes
1-44643682798,1-44643682798,U-0682,VELALAR COLLEGE OF ENGINEERING AND TECHNOLOGY,Active,Tamil Nadu,Erode,Erode,PERUNDURAI ROAD THINDAL POST ERODE,600517,11.357783,77.723107,Private-Self Financing,"Anna University, Chennai",Approved,Approved,B+,No,,Tier 3,http://www.velalar.ac.in,info@velalar.ac.in,admissions@velalar.ac.in,placement@velalar.ac.in,+91-80-542-8005,Data Science,B.Tech,120,1026,2005,Rural,Yes,Yes
1-44643682798,1-44643682798,U-0682,VELALAR COLLEGE OF ENGINEERING AND TECHNOLOGY,Active,Tamil Nadu,Erode,Erode,PERUNDURAI ROAD THINDAL POST ERODE,600517,11.357783,77.723107,Private-Self Financing,"Anna University, Chennai",Approved,Approved,B+,No,,Tier 3,http://www.velalar.ac.in,info@velalar.ac.in,admissions@velalar.ac.in,placement@velalar.ac.in,+91-80-542-8005,Artificial Intelligence & Machine Learning (AI & ML),B.Tech,60,1026,2005,Rural,Yes,Yes
1-44642545660,1-44642545660,U-0682,GOVERNMENT COLLEGE OF ENGINEERING,Active,Tamil Nadu,Erode,Erode,VASAVI COLLEGE(PO) ERODE (DT) PIN -638316,638316,11.321757,77.704486,Government,"Anna University, Chennai",Approved,Approved,B++,Yes,,Tier 3,http://www.inst1240.ac.in,info@inst1240.ac.in,admissions@inst1240.ac.in,placement@inst1240.ac.in,+91-80-031-7486,Computer Science Engineering (CSE),M.Tech,12,516,2014,Rural,Yes,Yes
1-44642545660,1-44642545660,U-0682,GOVERNMENT COLLEGE OF ENGINEERING,Active,Tamil Nadu,Erode,Erode,VASAVI COLLEGE(PO) ERODE (DT) PIN -638316,638316,11.321757,77.704486,Government,"Anna University, Chennai",Approved,Approved,B++,Yes,,Tier 3,http://www.inst1240.ac.in,info@inst1240.ac.in,admissions@inst1240.ac.in,placement@inst1240.ac.in,+91-80-031-7486,Civil Engineering,B.Tech,60,516,2014,Rural,Yes,Yes
1-44642545660,1-44642545660,U-0682,GOVERNMENT COLLEGE OF ENGINEERING,Active,Tamil Nadu,Erode,Erode,VASAVI COLLEGE(PO) ERODE (DT) PIN -638316,638316,11.321757,77.704486,Government,"Anna University, Chennai",Approved,Approved,B++,Yes,,Tier 3,http://www.inst1240.ac.in,info@inst1240.ac.in,admissions@inst1240.ac.in,placement@inst1240.ac.in,+91-80-031-7486,Computer Science Engineering (CSE),B.Tech,60,516,2014,Rural,Yes,Yes
1-44642545660,1-44642545660,U-0682,GOVERNMENT COLLEGE OF ENGINEERING,Active,Tamil Nadu,Erode,Erode,VASAVI COLLEGE(PO) ERODE (DT) PIN -638316,638316,11.321757,77.704486,Government,"Anna University, Chennai",Approved,Approved,B++,Yes,,Tier 3,http://www.inst1240.ac.in,info@inst1240.ac.in,admissions@inst1240.ac.in,placement@inst1240.ac.in,+91-80-031-7486,Automobile Engineering,B.Tech,60,516,2014,Rural,Yes,Yes
1-44642545660,1-44642545660,U-0682,GOVERNMENT COLLEGE OF ENGINEERING,Active,Tamil Nadu,Erode,Erode,VASAVI COLLEGE(PO) ERODE (DT) PIN -638316,638316,11.321757,77.704486,Government,"Anna University, Chennai",Approved,Approved,B++,Yes,,Tier 3,http://www.inst1240.ac.in,info@inst1240.ac.in,admissions@inst1240.ac.in,placement@inst1240.ac.in,+91-80-031-7486,Electronics & Communication Engineering (ECE),B.Tech,60,516,2014,Rural,Yes,Yes
1-44642545660,1-44642545660,U-0682,GOVERNMENT COLLEGE OF ENGINEERING,Active,Tamil Nadu,Erode,Erode,VASAVI COLLEGE(PO) ERODE (DT) PIN -638316,638316,11.321757,77.704486,Government,"Anna University, Chennai",Approved,Approved,B++,Yes,,Tier 3,http://www.inst1240.ac.in,info@inst1240.ac.in,admissions@inst1240.ac.in,placement@inst1240.ac.in,+91-80-031-7486,Mechanical Engineering,B.Tech,60,516,2014,Rural,Yes,Yes
1-44642545660,1-44642545660,U-0682,GOVERNMENT COLLEGE OF ENGINEERING,Active,Tamil Nadu,Erode,Erode,VASAVI COLLEGE(PO) ERODE (DT) PIN -638316,638316,11.321757,77.704486,Government,"Anna University, Chennai",Approved,Approved,B++,Yes,,Tier 3,http://www.inst1240.ac.in,info@inst1240.ac.in,admissions@inst1240.ac.in,placement@inst1240.ac.in,+91-80-031-7486,Information Technology (IT),B.Tech,60,516,2014,Rural,Yes,Yes
1-44642545660,1-44642545660,U-0682,GOVERNMENT COLLEGE OF ENGINEERING,Active,Tamil Nadu,Erode,Erode,VASAVI COLLEGE(PO) ERODE (DT) PIN -638316,638316,11.321757,77.704486,Government,"Anna University, Chennai",Approved,Approved,B++,Yes,,Tier 3,http://www.inst1240.ac.in,info@inst1240.ac.in,admissions@inst1240.ac.in,placement@inst1240.ac.in,+91-80-031-7486,Electrical & Electronics Engineering (EEE),B.Tech,60,516,2014,Rural,Yes,Yes
1-44642545660,1-44642545660,U-0682,GOVERNMENT COLLEGE OF ENGINEERING,Active,Tamil Nadu,Erode,Erode,VASAVI COLLEGE(PO) ERODE (DT) PIN -638316,638316,11.321757,77.704486,Government,"Anna University, Chennai",Approved,Approved,B++,Yes,,Tier 3,http://www.inst1240.ac.in,info@inst1240.ac.in,admissions@inst1240.ac.in,placement@inst1240.ac.in,+91-80-031-7486,Other Engineering Branches,M.Tech,24,516,2014,Rural,Yes,Yes
1-44642545660,1-44642545660,U-0682,GOVERNMENT COLLEGE OF ENGINEERING,Active,Tamil Nadu,Erode,Erode,VASAVI COLLEGE(PO) ERODE (DT) PIN -638316,638316,11.321757,77.704486,Government,"Anna University, Chennai",Approved,Approved,B++,Yes,,Tier 3,http://www.inst1240.ac.in,info@inst1240.ac.in,admissions@inst1240.ac.in,placement@inst1240.ac.in,+91-80-031-7486,Data Science,B.Tech,60,516,2014,Rural,Yes,Yes
1-44643011512,1-44643011512,U-0682,BANNARI AMMAN INSTITUTE OF TECHNOLOGY,Active,Tamil Nadu,Erode,Erode,SATHY-BHAVANI STATE HIGHWAY ALATHUKOMBAI-POST SATHYAMANGALAM-638401 ERODE DISTRICT TAMIL NADU,638401,11.326949,77.72606,Private-Self Financing,"Anna University, Chennai",Approved,Approved,A+,Yes,,Tier 2,http://www.bannariamman.ac.in,info@bannariamman.ac.in,admissions@bannariamman.ac.in,placement@bannariamman.ac.in,+91-80-249-5160,Other Engineering Branches,M.Tech,18,1860,1987,Rural,Yes,Yes
1-44643011512,1-44643011512,U-0682,BANNARI AMMAN INSTITUTE OF TECHNOLOGY,Active,Tamil Nadu,Erode,Erode,SATHY-BHAVANI STATE HIGHWAY ALATHUKOMBAI-POST SATHYAMANGALAM-638401 ERODE DISTRICT TAMIL NADU,638401,11.326949,77.72606,Private-Self Financing,"Anna University, Chennai",Approved,Approved,A+,Yes,,Tier 2,http://www.bannariamman.ac.in,info@bannariamman.ac.in,admissions@bannariamman.ac.in,placement@bannariamman.ac.in,+91-80-249-5160,Biotechnology,B.Tech,120,1860,1987,Rural,Yes,Yes
1-44643011512,1-44643011512,U-0682,BANNARI AMMAN INSTITUTE OF TECHNOLOGY,Active,Tamil Nadu,Erode,Erode,SATHY-BHAVANI STATE HIGHWAY ALATHUKOMBAI-POST SATHYAMANGALAM-638401 ERODE DISTRICT TAMIL NADU,638401,11.326949,77.72606,Private-Self Financing,"Anna University, Chennai",Approved,Approved,A+,Yes,,Tier 2,http://www.bannariamman.ac.in,info@bannariamman.ac.in,admissions@bannariamman.ac.in,placement@bannariamman.ac.in,+91-80-249-5160,Computer Science Engineering (CSE),B.Tech,360,1860,1987,Rural,Yes,Yes
1-44643011512,1-44643011512,U-0682,BANNARI AMMAN INSTITUTE OF TECHNOLOGY,Active,Tamil Nadu,Erode,Erode,SATHY-BHAVANI STATE HIGHWAY ALATHUKOMBAI-POST SATHYAMANGALAM-638401 ERODE DISTRICT TAMIL NADU,638401,11.326949,77.72606,Private-Self Financing,"Anna University, Chennai",Approved,Approved,A+,Yes,,Tier 2,http://www.bannariamman.ac.in,info@bannariamman.ac.in,admissions@bannariamman.ac.in,placement@bannariamman.ac.in,+91-80-249-5160,Electronics & Communication Engineering (ECE),B.Tech,240,1860,1987,Rural,Yes,Yes
1-44643011512,1-44643011512,U-0682,BANNARI AMMAN INSTITUTE OF TECHNOLOGY,Active,Tamil Nadu,Erode,Erode,SATHY-BHAVANI STATE HIGHWAY ALATHUKOMBAI-POST SATHYAMANGALAM-638401 ERODE DISTRICT TAMIL NADU,638401,11.326949,77.72606,Private-Self Financing,"Anna University, Chennai",Approved,Approved,A+,Yes,,Tier 2,http://www.bannariamman.ac.in,info@bannariamman.ac.in,admissions@bannariamman.ac.in,placement@bannariamman.ac.in,+91-80-249-5160,Electrical & Electronics Engineering (EEE),B.Tech,120,1860,1987,Rural,Yes,Yes
1-44643011512,1-44643011512,U-0682,BANNARI AMMAN INSTITUTE OF TECHNOLOGY,Active,Tamil Nadu,Erode,Erode,SATHY-BHAVANI STATE HIGHWAY ALATHUKOMBAI-POST SATHYAMANGALAM-638401 ERODE DISTRICT TAMIL NADU,638401,11.326949,77.72606,Private-Self Financing,"Anna University, Chennai",Approved,Approved,A+,Yes,,Tier 2,http://www.bannariamman.ac.in,info@bannariamman.ac.in,admissions@bannariamman.ac.in,placement@bannariamman.ac.in,+91-80-249-5160,Other Engineering Branches,B.Tech,60,1860,1987,Rural,Yes,Yes
1-44643011512,1-44643011512,U-0682,BANNARI AMMAN INSTITUTE OF TECHNOLOGY,Active,Tamil Nadu,Erode,Erode,SATHY-BHAVANI STATE HIGHWAY ALATHUKOMBAI-POST SATHYAMANGALAM-638401 ERODE DISTRICT TAMIL NADU,638401,11.326949,77.72606,Private-Self Financing,"Anna University, Chennai",Approved,Approved,A+,Yes,,Tier 2,http://www.bannariamman.ac.in,info@bannariamman.ac.in,admissions@bannariamman.ac.in,placement@bannariamman.ac.in,+91-80-249-5160,Information Technology (IT),B.Tech,300,1860,1987,Rural,Yes,Yes
1-44643011512,1-44643011512,U-0682,BANNARI AMMAN INSTITUTE OF TECHNOLOGY,Active,Tamil Nadu,Erode,Erode,SATHY-BHAVANI STATE HIGHWAY ALATHUKOMBAI-POST SATHYAMANGALAM-638401 ERODE DISTRICT TAMIL NADU,638401,11.326949,77.72606,Private-Self Financing,"Anna University, Chennai",Approved,Approved,A+,Yes,,Tier 2,http://www.bannariamman.ac.in,info@bannariamman.ac.in,admissions@bannariamman.ac.in,placement@bannariamman.ac.in,+91-80-249-5160,Mechanical Engineering,B.Tech,120,1860,1987,Rural,Yes,Yes
1-44643011512,1-44643011512,U-0682,BANNARI AMMAN INSTITUTE OF TECHNOLOGY,Active,Tamil Nadu,Erode,Erode,SATHY-BHAVANI STATE HIGHWAY ALATHUKOMBAI-POST SATHYAMANGALAM-638401 ERODE DISTRICT TAMIL NADU,638401,11.326949,77.72606,Private-Self Financing,"Anna University, Chennai",Approved,Approved,A+,Yes,,Tier 2,http://www.bannariamman.ac.in,info@bannariamman.ac.in,admissions@bannariamman.ac.in,placement@bannariamman.ac.in,+91-80-249-5160,Computer Science Engineering (CSE),M.Tech,12,1860,1987,Rural,Yes,Yes
1-44643011512,1-44643011512,U-0682,BANNARI AMMAN INSTITUTE OF TECHNOLOGY,Active,Tamil Nadu,Erode,Erode,SATHY-BHAVANI STATE HIGHWAY ALATHUKOMBAI-POST SATHYAMANGALAM-638401 ERODE DISTRICT TAMIL NADU,638401,11.326949,77.72606,Private-Self Financing,"Anna University, Chennai",Approved,Approved,A+,Yes,,Tier 2,http://www.bannariamman.ac.in,info@bannariamman.ac.in,admissions@bannariamman.ac.in,placement@bannariamman.ac.in,+91-80-249-5160,Agricultural Engineering,B.Tech,30,1860,1987,Rural,Yes,Yes
1-44643011512,1-44643011512,U-0682,BANNARI AMMAN INSTITUTE OF TECHNOLOGY,Active,Tamil Nadu,Erode,Erode,SATHY-BHAVANI STATE HIGHWAY ALATHUKOMBAI-POST SATHYAMANGALAM-638401 ERODE DISTRICT TAMIL NADU,638401,11.326949,77.72606,Private-Self Financing,"Anna University, Chennai",Approved,Approved,A+,Yes,,Tier 2,http://www.bannariamman.ac.in,info@bannariamman.ac.in,admissions@bannariamman.ac.in,placement@bannariamman.ac.in,+91-80-249-5160,Data Science,B.Tech,300,1860,1987,Rural,Yes,Yes
1-44643011512,1-44643011512,U-0682,BANNARI AMMAN INSTITUTE OF TECHNOLOGY,Active,Tamil Nadu,Erode,Erode,SATHY-BHAVANI STATE HIGHWAY ALATHUKOMBAI-POST SATHYAMANGALAM-638401 ERODE DISTRICT TAMIL NADU,638401,11.326949,77.72606,Private-Self Financing,"Anna University, Chennai",Approved,Approved,A+,Yes,,Tier 2,http://www.bannariamman.ac.in,info@bannariamman.ac.in,admissions@bannariamman.ac.in,placement@bannariamman.ac.in,+91-80-249-5160,Artificial Intelligence & Machine Learning (AI & ML),B.Tech,180,1860,1987,Rural,Yes,Yes
1-44642588259,1-44642588259,U-0682,SHREE VENKATESHWARA HI-TECH ENGINEERING COLLEGE,Active,Tamil Nadu,Erode,Erode,"SRI KALAIVANI NAGAR, ERODE-SATHY MAIN ROAD, OTHAKUTHIRAI, K.METTUPALAYAM (PO) GOBICHETTIPALAYAM - 638 455 ERODE (DISTRICT),  TAMILNADU, INDIA.",600517,11.345219,77.702441,Private-Self Financing,"Anna University, Chennai",Approved,Approved,B+,No,,Tier 3,http://www.shreevenkateshwarahitech.ac.in,info@shreevenkateshwarahitech.ac.in,admissions@shreevenkateshwarahitech.ac.in,placement@shreevenkateshwarahitech.ac.in,+91-80-015-7857,Other Engineering Branches,M.Tech,84,834,2008,Rural,Yes,Yes
1-44642588259,1-44642588259,U-0682,SHREE VENKATESHWARA HI-TECH ENGINEERING COLLEGE,Active,Tamil Nadu,Erode,Erode,"SRI KALAIVANI NAGAR, ERODE-SATHY MAIN ROAD, OTHAKUTHIRAI, K.METTUPALAYAM (PO) GOBICHETTIPALAYAM - 638 455 ERODE (DISTRICT),  TAMILNADU, INDIA.",600517,11.345219,77.702441,Private-Self Financing,"Anna University, Chennai",Approved,Approved,B+,No,,Tier 3,http://www.shreevenkateshwarahitech.ac.in,info@shreevenkateshwarahitech.ac.in,admissions@shreevenkateshwarahitech.ac.in,placement@shreevenkateshwarahitech.ac.in,+91-80-015-7857,Computer Science Engineering (CSE),B.Tech,120,834,2008,Rural,Yes,Yes
1-44642588259,1-44642588259,U-0682,SHREE VENKATESHWARA HI-TECH ENGINEERING COLLEGE,Active,Tamil Nadu,Erode,Erode,"SRI KALAIVANI NAGAR, ERODE-SATHY MAIN ROAD, OTHAKUTHIRAI, K.METTUPALAYAM (PO) GOBICHETTIPALAYAM - 638 455 ERODE (DISTRICT),  TAMILNADU, INDIA.",600517,11.345219,77.702441,Private-Self Financing,"Anna University, Chennai",Approved,Approved,B+,No,,Tier 3,http://www.shreevenkateshwarahitech.ac.in,info@shreevenkateshwarahitech.ac.in,admissions@shreevenkateshwarahitech.ac.in,placement@shreevenkateshwarahitech.ac.in,+91-80-015-7857,Electrical & Electronics Engineering (EEE),B.Tech,60,834,2008,Rural,Yes,Yes
1-44642588259,1-44642588259,U-0682,SHREE VENKATESHWARA HI-TECH ENGINEERING COLLEGE,Active,Tamil Nadu,Erode,Erode,"SRI KALAIVANI NAGAR, ERODE-SATHY MAIN ROAD, OTHAKUTHIRAI, K.METTUPALAYAM (PO) GOBICHETTIPALAYAM - 638 455 ERODE (DISTRICT),  TAMILNADU, INDIA.",600517,11.345219,77.702441,Private-Self Financing,"Anna University, Chennai",Approved,Approved,B+,No,,Tier 3,http://www.shreevenkateshwarahitech.ac.in,info@shreevenkateshwarahitech.ac.in,admissions@shreevenkateshwarahitech.ac.in,placement@shreevenkateshwarahitech.ac.in,+91-80-015-7857,Electronics & Communication Engineering (ECE),B.Tech,60,834,2008,Rural,Yes,Yes
1-44642588259,1-44642588259,U-0682,SHREE VENKATESHWARA HI-TECH ENGINEERING COLLEGE,Active,Tamil Nadu,Erode,Erode,"SRI KALAIVANI NAGAR, ERODE-SATHY MAIN ROAD, OTHAKUTHIRAI, K.METTUPALAYAM (PO) GOBICHETTIPALAYAM - 638 455 ERODE (DISTRICT),  TAMILNADU, INDIA.",600517,11.345219,77.702441,Private-Self Financing,"Anna University, Chennai",Approved,Approved,B+,No,,Tier 3,http://www.shreevenkateshwarahitech.ac.in,info@shreevenkateshwarahitech.ac.in,admissions@shreevenkateshwarahitech.ac.in,placement@shreevenkateshwarahitech.ac.in,+91-80-015-7857,Mechanical Engineering,B.Tech,60,834,2008,Rural,Yes,Yes
1-44642588259,1-44642588259,U-0682,SHREE VENKATESHWARA HI-TECH ENGINEERING COLLEGE,Active,Tamil Nadu,Erode,Erode,"SRI KALAIVANI NAGAR, ERODE-SATHY MAIN ROAD, OTHAKUTHIRAI, K.METTUPALAYAM (PO) GOBICHETTIPALAYAM - 638 455 ERODE (DISTRICT),  TAMILNADU, INDIA.",600517,11.345219,77.702441,Private-Self Financing,"Anna University, Chennai",Approved,Approved,B+,No,,Tier 3,http://www.shreevenkateshwarahitech.ac.in,info@shreevenkateshwarahitech.ac.in,admissions@shreevenkateshwarahitech.ac.in,placement@shreevenkateshwarahitech.ac.in,+91-80-015-7857,Civil Engineering,B.Tech,30,834,2008,Rural,Yes,Yes
1-44642588259,1-44642588259,U-0682,SHREE VENKATESHWARA HI-TECH ENGINEERING COLLEGE,Active,Tamil Nadu,Erode,Erode,"SRI KALAIVANI NAGAR, ERODE-SATHY MAIN ROAD, OTHAKUTHIRAI, K.METTUPALAYAM (PO) GOBICHETTIPALAYAM - 638 455 ERODE (DISTRICT),  TAMILNADU, INDIA.",600517,11.345219,77.702441,Private-Self Financing,"Anna University, Chennai",Approved,Approved,B+,No,,Tier 3,http://www.shreevenkateshwarahitech.ac.in,info@shreevenkateshwarahitech.ac.in,admissions@shreevenkateshwarahitech.ac.in,placement@shreevenkateshwarahitech.ac.in,+91-80-015-7857,Data Science,B.Tech,60,834,2008,Rural,Yes,Yes
1-44642588259,1-44642588259,U-0682,SHREE VENKATESHWARA HI-TECH ENGINEERING COLLEGE,Active,Tamil Nadu,Erode,Erode,"SRI KALAIVANI NAGAR, ERODE-SATHY MAIN ROAD, OTHAKUTHIRAI, K.METTUPALAYAM (PO) GOBICHETTIPALAYAM - 638 455 ERODE (DISTRICT),  TAMILNADU, INDIA.",600517,11.345219,77.702441,Private-Self Financing,"Anna University, Chennai",Approved,Approved,B+,No,,Tier 3,http://www.shreevenkateshwarahitech.ac.in,info@shreevenkateshwarahitech.ac.in,admissions@shreevenkateshwarahitech.ac.in,placement@shreevenkateshwarahitech.ac.in,+91-80-015-7857,Other Engineering Branches,B.Tech,120,834,2008,Rural,Yes,Yes
1-44642588259,1-44642588259,U-0682,SHREE VENKATESHWARA HI-TECH ENGINEERING COLLEGE,Active,Tamil Nadu,Erode,Erode,"SRI KALAIVANI NAGAR, ERODE-SATHY MAIN ROAD, OTHAKUTHIRAI, K.METTUPALAYAM (PO) GOBICHETTIPALAYAM - 638 455 ERODE (DISTRICT),  TAMILNADU, INDIA.",600517,11.345219,77.702441,Private-Self Financing,"Anna University, Chennai",Approved,Approved,B+,No,,Tier 3,http://www.shreevenkateshwarahitech.ac.in,info@shreevenkateshwarahitech.ac.in,admissions@shreevenkateshwarahitech.ac.in,placement@shreevenkateshwarahitech.ac.in,+91-80-015-7857,Information Technology (IT),B.Tech,60,834,2008,Rural,Yes,Yes
1-44642588259,1-44642588259,U-0682,SHREE VENKATESHWARA HI-TECH ENGINEERING COLLEGE,Active,Tamil Nadu,Erode,Erode,"SRI KALAIVANI NAGAR, ERODE-SATHY MAIN ROAD, OTHAKUTHIRAI, K.METTUPALAYAM (PO) GOBICHETTIPALAYAM - 638 455 ERODE (DISTRICT),  TAMILNADU, INDIA.",600517,11.345219,77.702441,Private-Self Financing,"Anna University, Chennai",Approved,Approved,B+,No,,Tier 3,http://www.shreevenkateshwarahitech.ac.in,info@shreevenkateshwarahitech.ac.in,admissions@shreevenkateshwarahitech.ac.in,placement@shreevenkateshwarahitech.ac.in,+91-80-015-7857,Cyber Security,B.Tech,60,834,2008,Rural,Yes,Yes
1-44642588259,1-44642588259,U-0682,SHREE VENKATESHWARA HI-TECH ENGINEERING COLLEGE,Active,Tamil Nadu,Erode,Erode,"SRI KALAIVANI NAGAR, ERODE-SATHY MAIN ROAD, OTHAKUTHIRAI, K.METTUPALAYAM (PO) GOBICHETTIPALAYAM - 638 455 ERODE (DISTRICT),  TAMILNADU, INDIA.",600517,11.345219,77.702441,Private-Self Financing,"Anna University, Chennai",Approved,Approved,B+,No,,Tier 3,http://www.shreevenkateshwarahitech.ac.in,info@shreevenkateshwarahitech.ac.in,admissions@shreevenkateshwarahitech.ac.in,placement@shreevenkateshwarahitech.ac.in,+91-80-015-7857,Biotechnology,B.Tech,60,834,2008,Rural,Yes,Yes
1-44642588259,1-44642588259,U-0682,SHREE VENKATESHWARA HI-TECH ENGINEERING COLLEGE,Active,Tamil Nadu,Erode,Erode,"SRI KALAIVANI NAGAR, ERODE-SATHY MAIN ROAD, OTHAKUTHIRAI, K.METTUPALAYAM (PO) GOBICHETTIPALAYAM - 638 455 ERODE (DISTRICT),  TAMILNADU, INDIA.",600517,11.345219,77.702441,Private-Self Financing,"Anna University, Chennai",Approved,Approved,B+,No,,Tier 3,http://www.shreevenkateshwarahitech.ac.in,info@shreevenkateshwarahitech.ac.in,admissions@shreevenkateshwarahitech.ac.in,placement@shreevenkateshwarahitech.ac.in,+91-80-015-7857,Artificial Intelligence & Machine Learning (AI & ML),B.Tech,60,834,2008,Rural,Yes,Yes
1-44642573846,1-44642573846,U-0682,M.P.NACHIMUTHU M.JAGANATHAN ENGINEERING COLLEGE,Active,Tamil Nadu,Erode,Erode,"CHENNIMALAI, ERODE - 638 112.",600517,11.322508,77.724581,Private-Self Financing,"Anna University, Chennai",Approved,Approved,Not Accredited,No,,Tier 3,http://www.mpnachimuthumjaganathan.ac.in,info@mpnachimuthumjaganathan.ac.in,admissions@mpnachimuthumjaganathan.ac.in,placement@mpnachimuthumjaganathan.ac.in,+91-80-063-2751,Electronics & Communication Engineering (ECE),B.Tech,60,450,2005,Urban,Yes,No
1-44642573846,1-44642573846,U-0682,M.P.NACHIMUTHU M.JAGANATHAN ENGINEERING COLLEGE,Active,Tamil Nadu,Erode,Erode,"CHENNIMALAI, ERODE - 638 112.",600517,11.322508,77.724581,Private-Self Financing,"Anna University, Chennai",Approved,Approved,Not Accredited,No,,Tier 3,http://www.mpnachimuthumjaganathan.ac.in,info@mpnachimuthumjaganathan.ac.in,admissions@mpnachimuthumjaganathan.ac.in,placement@mpnachimuthumjaganathan.ac.in,+91-80-063-2751,Information Technology (IT),B.Tech,60,450,2005,Urban,Yes,No
1-44642573846,1-44642573846,U-0682,M.P.NACHIMUTHU M.JAGANATHAN ENGINEERING COLLEGE,Active,Tamil Nadu,Erode,Erode,"CHENNIMALAI, ERODE - 638 112.",600517,11.322508,77.724581,Private-Self Financing,"Anna University, Chennai",Approved,Approved,Not Accredited,No,,Tier 3,http://www.mpnachimuthumjaganathan.ac.in,info@mpnachimuthumjaganathan.ac.in,admissions@mpnachimuthumjaganathan.ac.in,placement@mpnachimuthumjaganathan.ac.in,+91-80-063-2751,Mechanical Engineering,B.Tech,60,450,2005,Urban,Yes,No
1-44642573846,1-44642573846,U-0682,M.P.NACHIMUTHU M.JAGANATHAN ENGINEERING COLLEGE,Active,Tamil Nadu,Erode,Erode,"CHENNIMALAI, ERODE - 638 112.",600517,11.322508,77.724581,Private-Self Financing,"Anna University, Chennai",Approved,Approved,Not Accredited,No,,Tier 3,http://www.mpnachimuthumjaganathan.ac.in,info@mpnachimuthumjaganathan.ac.in,admissions@mpnachimuthumjaganathan.ac.in,placement@mpnachimuthumjaganathan.ac.in,+91-80-063-2751,Other Engineering Branches,M.Tech,72,450,2005,Urban,Yes,No
1-44642573846,1-44642573846,U-0682,M.P.NACHIMUTHU M.JAGANATHAN ENGINEERING COLLEGE,Active,Tamil Nadu,Erode,Erode,"CHENNIMALAI, ERODE - 638 112.",600517,11.322508,77.724581,Private-Self Financing,"Anna University, Chennai",Approved,Approved,Not Accredited,No,,Tier 3,http://www.mpnachimuthumjaganathan.ac.in,info@mpnachimuthumjaganathan.ac.in,admissions@mpnachimuthumjaganathan.ac.in,placement@mpnachimuthumjaganathan.ac.in,+91-80-063-2751,Electrical & Electronics Engineering (EEE),B.Tech,60,450,2005,Urban,Yes,No
1-44642573846,1-44642573846,U-0682,M.P.NACHIMUTHU M.JAGANATHAN ENGINEERING COLLEGE,Active,Tamil Nadu,Erode,Erode,"CHENNIMALAI, ERODE - 638 112.",600517,11.322508,77.724581,Private-Self Financing,"Anna University, Chennai",Approved,Approved,Not Accredited,No,,Tier 3,http://www.mpnachimuthumjaganathan.ac.in,info@mpnachimuthumjaganathan.ac.in,admissions@mpnachimuthumjaganathan.ac.in,placement@mpnachimuthumjaganathan.ac.in,+91-80-063-2751,Computer Science Engineering (CSE),B.Tech,60,450,2005,Urban,Yes,No
1-44642573846,1-44642573846,U-0682,M.P.NACHIMUTHU M.JAGANATHAN ENGINEERING COLLEGE,Active,Tamil Nadu,Erode,Erode,"CHENNIMALAI, ERODE - 638 112.",600517,11.322508,77.724581,Private-Self Financing,"Anna University, Chennai",Approved,Approved,Not Accredited,No,,Tier 3,http://www.mpnachimuthumjaganathan.ac.in,info@mpnachimuthumjaganathan.ac.in,admissions@mpnachimuthumjaganathan.ac.in,placement@mpnachimuthumjaganathan.ac.in,+91-80-063-2751,Civil Engineering,B.Tech,60,450,2005,Urban,Yes,No
1-44642573846,1-44642573846,U-0682,M.P.NACHIMUTHU M.JAGANATHAN ENGINEERING COLLEGE,Active,Tamil Nadu,Erode,Erode,"CHENNIMALAI, ERODE - 638 112.",600517,11.322508,77.724581,Private-Self Financing,"Anna University, Chennai",Approved,Approved,Not Accredited,No,,Tier 3,http://www.mpnachimuthumjaganathan.ac.in,info@mpnachimuthumjaganathan.ac.in,admissions@mpnachimuthumjaganathan.ac.in,placement@mpnachimuthumjaganathan.ac.in,+91-80-063-2751,Computer Science Engineering (CSE),M.Tech,18,450,2005,Urban,Yes,No
1-44756657875,1-44756657875,U-0845,HINDUSTHAN COLLEGE OF ENGINEERING,Active,Tamil Nadu,Erode,Erode,"CHENNIMALAI ROAD, INGUR, PERUNDURAI",600517,11.339366,77.705544,Private-Self Financing,"Anna University, Chennai-600025",Approved,Approved,B+,No,,Tier 3,http://www.hindusthan.ac.in,info@hindusthan.ac.in,admissions@hindusthan.ac.in,placement@hindusthan.ac.in,+91-80-770-3093,Computer Science Engineering (CSE),B.Tech,60,240,2011,Rural,Yes,Yes
1-44756657875,1-44756657875,U-0845,HINDUSTHAN COLLEGE OF ENGINEERING,Active,Tamil Nadu,Erode,Erode,"CHENNIMALAI ROAD, INGUR, PERUNDURAI",600517,11.339366,77.705544,Private-Self Financing,"Anna University, Chennai-600025",Approved,Approved,B+,No,,Tier 3,http://www.hindusthan.ac.in,info@hindusthan.ac.in,admissions@hindusthan.ac.in,placement@hindusthan.ac.in,+91-80-770-3093,Electronics & Communication Engineering (ECE),B.Tech,60,240,2011,Rural,Yes,Yes
1-44756657875,1-44756657875,U-0845,HINDUSTHAN COLLEGE OF ENGINEERING,Active,Tamil Nadu,Erode,Erode,"CHENNIMALAI ROAD, INGUR, PERUNDURAI",600517,11.339366,77.705544,Private-Self Financing,"Anna University, Chennai-600025",Approved,Approved,B+,No,,Tier 3,http://www.hindusthan.ac.in,info@hindusthan.ac.in,admissions@hindusthan.ac.in,placement@hindusthan.ac.in,+91-80-770-3093,Information Technology (IT),B.Tech,60,240,2011,Rural,Yes,Yes
1-44756657875,1-44756657875,U-0845,HINDUSTHAN COLLEGE OF ENGINEERING,Active,Tamil Nadu,Erode,Erode,"CHENNIMALAI ROAD, INGUR, PERUNDURAI",600517,11.339366,77.705544,Private-Self Financing,"Anna University, Chennai-600025",Approved,Approved,B+,No,,Tier 3,http://www.hindusthan.ac.in,info@hindusthan.ac.in,admissions@hindusthan.ac.in,placement@hindusthan.ac.in,+91-80-770-3093,Data Science,B.Tech,60,240,2011,Rural,Yes,Yes
