College ID,AICTE Institute ID,UGC University ID,College Name,College Status,State,District,City,Full Address,Pincode,Latitude,Longitude,College Type,Affiliated University,AICTE Approval Status,UGC Approval Status,NAAC Grade,NBA Accreditation,NIRF Ranking,Tier Classification,Official Website,Official College Email,Admission Email,Placement Cell Email,Contact Phone Number,Engineering Branch Name,Degree Type,Branch Intake Capacity,Total Intake Capacity,Establishment Year,Campus Type,Hostel Available,Placement Available
1-44638424409,1-44638424409,U-0449,VISHVESHWARYA INSTITUTE OF POLYTECHNIC,Active,Uttar Pradesh,Gautam Buddha Nagar,Gautam Buddha Nagar,"VILLAGE BEEL AKBARPUR, & TEHSIL DADRI, DISTT. GAUTAM BUDH NAGAR",201386,28.53289,77.408287,Private-Self Financing,"Uttar Pradesh Board of Technical Education, Lucknow",Approved,Approved,B,No,,Tier 3,http://www.vishveshwarya.ac.in,info@vishveshwarya.ac.in,admissions@vishveshwarya.ac.in,placement@vishveshwarya.ac.in,+91-80-729-4190,Civil Engineering,Diploma,60,300,1997,Urban,No,Yes
1-44638424409,1-44638424409,U-0449,VISHVESHWARYA INSTITUTE OF POLYTECHNIC,Active,Uttar Pradesh,Gautam Buddha Nagar,Gautam Buddha Nagar,"VILLAGE BEEL AKBARPUR, & TEHSIL DADRI, DISTT. GAUTAM BUDH NAGAR",201386,28.53289,77.408287,Private-Self Financing,"Uttar Pradesh Board of Technical Education, Lucknow",Approved,Approved,B,No,,Tier 3,http://www.vishveshwarya.ac.in,info@vishveshwarya.ac.in,admissions@vishveshwarya.ac.in,placement@vishveshwarya.ac.in,+91-80-729-4190,Electrical Engineering,Diploma,60,300,1997,Urban,No,Yes
1-44638424409,1-44638424409,U-0449,VISHVESHWARYA INSTITUTE OF POLYTECHNIC,Active,Uttar Pradesh,Gautam Buddha Nagar,Gautam Buddha Nagar,"VILLAGE BEEL AKBARPUR, & TEHSIL DADRI, DISTT. GAUTAM BUDH NAGAR",201386,28.53289,77.408287,Private-Self Financing,"Uttar Pradesh Board of Technical Education, Lucknow",Approved,Approved,B,No,,Tier 3,http://www.vishveshwarya.ac.in,info@vishveshwarya.ac.in,admissions@vishveshwarya.ac.in,placement@vishveshwarya.ac.in,+91-80-729-4190,Mechanical Engineering,Diploma,60,300,1997,Urban,No,Yes
1-44638424409,1-44638424409,U-0449,VISHVESHWARYA INSTITUTE OF POLYTECHNIC,Active,Uttar Pradesh,Gautam Buddha Nagar,Gautam Buddha Nagar,"VILLAGE BEEL AKBARPUR, & TEHSIL DADRI, DISTT. GAUTAM BUDH NAGAR",201386,28.53289,77.408287,Private-Self Financing,"Uttar Pradesh Board of Technical Education, Lucknow",Approved,Approved,B,No,,Tier 3,http://www.vishveshwarya.ac.in,info@vishveshwarya.ac.in,admissions@vishveshwarya.ac.in,placement@vishveshwarya.ac.in,+91-80-729-4190,Computer Science Engineering (CSE),Diploma,60,300,1997,Urban,No,Yes
1-44638424409,1-44638424409,U-0449,VISHVESHWARYA INSTITUTE OF POLYTECHNIC,Active,Uttar Pradesh,Gautam Buddha Nagar,Gautam Buddha Nagar,"VILLAGE BEEL AKBARPUR, & TEHSIL DADRI, DISTT. GAUTAM BUDH NAGAR",201386,28.53289,77.408287,Private-Self Financing,"Uttar Pradesh Board of Technical Education, Lucknow",Approved,Approved,B,No,,Tier 3,http://www.vishveshwarya.ac.in,info@vishveshwarya.ac.in,admissions@vishveshwarya.ac.in,placement@vishveshwarya.ac.in,+91-80-729-4190,Other Engineering Branches,Diploma,60,300,1997,Urban,No,Yes
1-44638424887,1-44638424887,U-0449,ACCURATE INSTITUTE OF POLYTECHNIC,Active,Uttar Pradesh,Gautam Buddha Nagar,Gautam Buddha Nagar,PLOT NO 49 KNOWLEDGE PARK-III GREATER NOIDA,201386,28.543912,77.401196,Private-Self Financing,"Uttar Pradesh Board of Technical Education, Lucknow",Approved,Approved,B+,No,,Tier 3,http://www.accurate.ac.in,info@accurate.ac.in,admissions@accurate.ac.in,placement@accurate.ac.in,+91-80-191-6737,Mechanical Engineering,Diploma,60,240,2008,Rural,Yes,Yes
1-44638424887,1-44638424887,U-0449,ACCURATE INSTITUTE OF POLYTECHNIC,Active,Uttar Pradesh,Gautam Buddha Nagar,Gautam Buddha Nagar,PLOT NO 49 KNOWLEDGE PARK-III GREATER NOIDA,201386,28.543912,77.401196,Private-Self Financing,"Uttar Pradesh Board of Technical Education, Lucknow",Approved,Approved,B+,No,,Tier 3,http://www.accurate.ac.in,info@accurate.ac.in,admissions@accurate.ac.in,placement@accurate.ac.in,+91-80-191-6737,Electrical Engineering,Diploma,60,240,2008,Rural,Yes,Yes
1-44638424887,1-44638424887,U-0449,ACCURATE INSTITUTE OF POLYTECHNIC,Active,Uttar Pradesh,Gautam Buddha Nagar,Gautam Buddha Nagar,PLOT NO 49 KNOWLEDGE PARK-III GREATER NOIDA,201386,28.543912,77.401196,Private-Self Financing,"Uttar Pradesh Board of Technical Education, Lucknow",Approved,Approved,B+,No,,Tier 3,http://www.accurate.ac.in,info@accurate.ac.in,admissions@accurate.ac.in,placement@accurate.ac.in,+91-80-191-6737,Computer Science Engineering (CSE),Diploma,120,240,2008,Rural,Yes,Yes
1-44638254847,1-44638254847,U-0164,VISHVESHWARYA GROUP OF INSTITUTIONS,Active,Uttar Pradesh,Gautam Buddha Nagar,Gautam Buddha Nagar,20KMS. FROM GHAZIABAD ON GHAZIABAD - BULANDSHAHR MAIN G.T.ROAD,201386,28.551148,77.410752,Private-Self Financing,"Dr. A.P.J. Abdul Kalam Technical University, Uttar Pradesh, Lucknow",Approved,Approved,B,No,,Tier 3,http://www.vishveshwarya.ac.in,info@vishveshwarya.ac.in,admissions@vishveshwarya.ac.in,placement@vishveshwarya.ac.in,+91-80-495-1934,Mechanical Engineering,B.Tech,60,498,2018,Urban,Yes,Yes
1-44638254847,1-44638254847,U-0164,VISHVESHWARYA GROUP OF INSTITUTIONS,Active,Uttar Pradesh,Gautam Buddha Nagar,Gautam Buddha Nagar,20KMS. FROM GHAZIABAD ON GHAZIABAD - BULANDSHAHR MAIN G.T.ROAD,201386,28.551148,77.410752,Private-Self Financing,"Dr. A.P.J. Abdul Kalam Technical University, Uttar Pradesh, Lucknow",Approved,Approved,B,No,,Tier 3,http://www.vishveshwarya.ac.in,info@vishveshwarya.ac.in,admissions@vishveshwarya.ac.in,placement@vishveshwarya.ac.in,+91-80-495-1934,Computer Science Engineering (CSE),B.Tech,120,498,2018,Urban,Yes,Yes
1-44638254847,1-44638254847,U-0164,VISHVESHWARYA GROUP OF INSTITUTIONS,Active,Uttar Pradesh,Gautam Buddha Nagar,Gautam Buddha Nagar,20KMS. FROM GHAZIABAD ON GHAZIABAD - BULANDSHAHR MAIN G.T.ROAD,201386,28.551148,77.410752,Private-Self Financing,"Dr. A.P.J. Abdul Kalam Technical University, Uttar Pradesh, Lucknow",Approved,Approved,B,No,,Tier 3,http://www.vishveshwarya.ac.in,info@vishveshwarya.ac.in,admissions@vishveshwarya.ac.in,placement@vishveshwarya.ac.in,+91-80-495-1934,Mechanical Engineering,M.Tech,18,498,2018,Urban,Yes,Yes
1-44638254847,1-44638254847,U-0164,VISHVESHWARYA GROUP OF INSTITUTIONS,Active,Uttar Pradesh,Gautam Buddha Nagar,Gautam Buddha Nagar,20KMS. FROM GHAZIABAD ON GHAZIABAD - BULANDSHAHR MAIN G.T.ROAD,201386,28.551148,77.410752,Private-Self Financing,"Dr. A.P.J. Abdul Kalam Technical University, Uttar Pradesh, Lucknow",Approved,Approved,B,No,,Tier 3,http://www.vishveshwarya.ac.in,info@vishveshwarya.ac.in,admissions@vishveshwarya.ac.in,placement@vishveshwarya.ac.in,+91-80-495-1934,Computer Science Engineering (CSE),M.Tech,18,498,2018,Urban,Yes,Yes
1-44638254847,1-44638254847,U-0164,VISHVESHWARYA GROUP OF INSTITUTIONS,Active,Uttar Pradesh,Gautam Buddha Nagar,Gautam Buddha Nagar,20KMS. FROM GHAZIABAD ON GHAZIABAD - BULANDSHAHR MAIN G.T.ROAD,201386,28.551148,77.410752,Private-Self Financing,"Dr. A.P.J. Abdul Kalam Technical University, Uttar Pradesh, Lucknow",Approved,Approved,B,No,,Tier 3,http://www.vishveshwarya.ac.in,info@vishveshwarya.ac.in,admissions@vishveshwarya.ac.in,placement@vishveshwarya.ac.in,+91-80-495-1934,Electrical Engineering,M.Tech,18,498,2018,Urban,Yes,Yes
1-44638254847,1-44638254847,U-0164,VISHVESHWARYA GROUP OF INSTITUTIONS,Active,Uttar Pradesh,Gautam Buddha Nagar,Gautam Buddha Nagar,20KMS. FROM GHAZIABAD ON GHAZIABAD - BULANDSHAHR MAIN G.T.ROAD,201386,28.551148,77.410752,Private-Self Financing,"Dr. A.P.J. Abdul Kalam Technical University, Uttar Pradesh, Lucknow",Approved,Approved,B,No,,Tier 3,http://www.vishveshwarya.ac.in,info@vishveshwarya.ac.in,admissions@vishveshwarya.ac.in,placement@vishveshwarya.ac.in,+91-80-495-1934,Electronics & Communication Engineering (ECE),B.Tech,30,498,2018,Urban,Yes,Yes
1-44638254847,1-44638254847,U-0164,VISHVESHWARYA GROUP OF INSTITUTIONS,Active,Uttar Pradesh,Gautam Buddha Nagar,Gautam Buddha Nagar,20KMS. FROM GHAZIABAD ON GHAZIABAD - BULANDSHAHR MAIN G.T.ROAD,201386,28.551148,77.410752,Private-Self Financing,"Dr. A.P.J. Abdul Kalam Technical University, Uttar Pradesh, Lucknow",Approved,Approved,B,No,,Tier 3,http://www.vishveshwarya.ac.in,info@vishveshwarya.ac.in,admissions@vishveshwarya.ac.in,placement@vishveshwarya.ac.in,+91-80-495-1934,Electrical Engineering,B.Tech,30,498,2018,Urban,Yes,Yes
1-44638254847,1-44638254847,U-0164,VISHVESHWARYA GROUP OF INSTITUTIONS,Active,Uttar Pradesh,Gautam Buddha Nagar,Gautam Buddha Nagar,20KMS. FROM GHAZIABAD ON GHAZIABAD - BULANDSHAHR MAIN G.T.ROAD,201386,28.551148,77.410752,Private-Self Financing,"Dr. A.P.J. Abdul Kalam Technical University, Uttar Pradesh, Lucknow",Approved,Approved,B,No,,Tier 3,http://www.vishveshwarya.ac.in,info@vishveshwarya.ac.in,admissions@vishveshwarya.ac.in,placement@vishveshwarya.ac.in,+91-80-495-1934,Electronics & Communication Engineering (ECE),M.Tech,24,498,2018,Urban,Yes,Yes
1-44638254847,1-44638254847,U-0164,VISHVESHWARYA GROUP OF INSTITUTIONS,Active,Uttar Pradesh,Gautam Buddha Nagar,Gautam Buddha Nagar,20KMS. FROM GHAZIABAD ON GHAZIABAD - BULANDSHAHR MAIN G.T.ROAD,201386,28.551148,77.410752,Private-Self Financing,"Dr. A.P.J. Abdul Kalam Technical University, Uttar Pradesh, Lucknow",Approved,Approved,B,No,,Tier 3,http://www.vishveshwarya.ac.in,info@vishveshwarya.ac.in,admissions@vishveshwarya.ac.in,placement@vishveshwarya.ac.in,+91-80-495-1934,Artificial Intelligence & Machine Learning (AI & ML),B.Tech,60,498,2018,Urban,Yes,Yes
1-44638254847,1-44638254847,U-0164,VISHVESHWARYA GROUP OF INSTITUTIONS,Active,Uttar Pradesh,Gautam Buddha Nagar,Gautam Buddha Nagar,20KMS. FROM GHAZIABAD ON GHAZIABAD - BULANDSHAHR MAIN G.T.ROAD,201386,28.551148,77.410752,Private-Self Financing,"Dr. A.P.J. Abdul Kalam Technical University, Uttar Pradesh, Lucknow",Approved,Approved,B,No,,Tier 3,http://www.vishveshwarya.ac.in,info@vishveshwarya.ac.in,admissions@vishveshwarya.ac.in,placement@vishveshwarya.ac.in,+91-80-495-1934,Cyber Security,B.Tech,60,498,2018,Urban,Yes,Yes
1-44638254847,1-44638254847,U-0164,VISHVESHWARYA GROUP OF INSTITUTIONS,Active,Uttar Pradesh,Gautam Buddha Nagar,Gautam Buddha Nagar,20KMS. FROM GHAZIABAD ON GHAZIABAD - BULANDSHAHR MAIN G.T.ROAD,201386,28.551148,77.410752,Private-Self Financing,"Dr. A.P.J. Abdul Kalam Technical University, Uttar Pradesh, Lucknow",Approved,Approved,B,No,,Tier 3,http://www.vishveshwarya.ac.in,info@vishveshwarya.ac.in,admissions@vishveshwarya.ac.in,placement@vishveshwarya.ac.in,+91-80-495-1934,Data Science,B.Tech,60,498,2018,Urban,Yes,Yes
1-44638153223,1-44638153223,U-0663,GREATER NOIDA INSTITUTE OF TECHNOLOGY,Active,Uttar Pradesh,Gautam Buddha Nagar,Gautam Buddha Nagar,"PLOT NO. 6-C, KNOWLEDGE PARK - II,",201386,28.523971,77.371416,Private-Self Financing,"Guru Gobind Singh Indraprastha University, Delhi",Approved,Approved,B++,No,,Tier 3,http://www.greaternoida.ac.in,info@greaternoida.ac.in,admissions@greaternoida.ac.in,placement@greaternoida.ac.in,+91-80-355-2770,Computer Science Engineering (CSE),B.Tech,150,210,1987,Urban,Yes,Yes
1-44638153223,1-44638153223,U-0663,GREATER NOIDA INSTITUTE OF TECHNOLOGY,Active,Uttar Pradesh,Gautam Buddha Nagar,Gautam Buddha Nagar,"PLOT NO. 6-C, KNOWLEDGE PARK - II,",201386,28.523971,77.371416,Private-Self Financing,"Guru Gobind Singh Indraprastha University, Delhi",Approved,Approved,B++,No,,Tier 3,http://www.greaternoida.ac.in,info@greaternoida.ac.in,admissions@greaternoida.ac.in,placement@greaternoida.ac.in,+91-80-355-2770,Artificial Intelligence & Machine Learning (AI & ML),B.Tech,60,210,1987,Urban,Yes,Yes
1-44638196475,1-44638196475,U-0663,TRINITY INSTITUTE OF INNOVATIONS IN PROFESSIONAL STUDIES,Active,Uttar Pradesh,Gautam Buddha Nagar,Gautam Buddha Nagar,2B/1  KNOWLEDGE PARK-III,201386,28.548237,77.373759,Private-Self Financing,"Guru Gobind Singh Indraprastha University, Delhi",Approved,Approved,Not Accredited,No,,Tier 3,http://www.trinityinnovationsin.ac.in,info@trinityinnovationsin.ac.in,admissions@trinityinnovationsin.ac.in,placement@trinityinnovationsin.ac.in,+91-80-373-0577,Computer Science Engineering (CSE),B.Tech,114,174,2021,Urban,No,Yes
1-44638196475,1-44638196475,U-0663,TRINITY INSTITUTE OF INNOVATIONS IN PROFESSIONAL STUDIES,Active,Uttar Pradesh,Gautam Buddha Nagar,Gautam Buddha Nagar,2B/1  KNOWLEDGE PARK-III,201386,28.548237,77.373759,Private-Self Financing,"Guru Gobind Singh Indraprastha University, Delhi",Approved,Approved,Not Accredited,No,,Tier 3,http://www.trinityinnovationsin.ac.in,info@trinityinnovationsin.ac.in,admissions@trinityinnovationsin.ac.in,placement@trinityinnovationsin.ac.in,+91-80-373-0577,Information Technology (IT),B.Tech,30,174,2021,Urban,No,Yes
1-44638196475,1-44638196475,U-0663,TRINITY INSTITUTE OF INNOVATIONS IN PROFESSIONAL STUDIES,Active,Uttar Pradesh,Gautam Buddha Nagar,Gautam Buddha Nagar,2B/1  KNOWLEDGE PARK-III,201386,28.548237,77.373759,Private-Self Financing,"Guru Gobind Singh Indraprastha University, Delhi",Approved,Approved,Not Accredited,No,,Tier 3,http://www.trinityinnovationsin.ac.in,info@trinityinnovationsin.ac.in,admissions@trinityinnovationsin.ac.in,placement@trinityinnovationsin.ac.in,+91-80-373-0577,Artificial Intelligence & Machine Learning (AI & ML),B.Tech,30,174,2021,Urban,No,Yes
1-44638732079,1-44638732079,U-0992,JAYPEE INSTITUTE OF INFORMATION TECHNOLOGY,Active,Uttar Pradesh,Gautam Buddha Nagar,Gautam Buddha Nagar,"A-10, SECTOR-62 AND SECTOR 128, NOIDA",201386,28.551838,77.383848,Deemed to be University(Pvt),NOT APPLICABLE,Approved,Approved,B,No,,Tier 3,http://www.jaypeeinformation.ac.in,info@jaypeeinformation.ac.in,admissions@jaypeeinformation.ac.in,placement@jaypeeinformation.ac.in,+91-80-524-1298,Computer Science Engineering (CSE),B.Tech,990,2082,2003,Urban,Yes,Yes
1-44638732079,1-44638732079,U-0992,JAYPEE INSTITUTE OF INFORMATION TECHNOLOGY,Active,Uttar Pradesh,Gautam Buddha Nagar,Gautam Buddha Nagar,"A-10, SECTOR-62 AND SECTOR 128, NOIDA",201386,28.551838,77.383848,Deemed to be University(Pvt),NOT APPLICABLE,Approved,Approved,B,No,,Tier 3,http://www.jaypeeinformation.ac.in,info@jaypeeinformation.ac.in,admissions@jaypeeinformation.ac.in,placement@jaypeeinformation.ac.in,+91-80-524-1298,Information Technology (IT),B.Tech,120,2082,2003,Urban,Yes,Yes
1-44638732079,1-44638732079,U-0992,JAYPEE INSTITUTE OF INFORMATION TECHNOLOGY,Active,Uttar Pradesh,Gautam Buddha Nagar,Gautam Buddha Nagar,"A-10, SECTOR-62 AND SECTOR 128, NOIDA",201386,28.551838,77.383848,Deemed to be University(Pvt),NOT APPLICABLE,Approved,Approved,B,No,,Tier 3,http://www.jaypeeinformation.ac.in,info@jaypeeinformation.ac.in,admissions@jaypeeinformation.ac.in,placement@jaypeeinformation.ac.in,+91-80-524-1298,Electronics & Communication Engineering (ECE),B.Tech,330,2082,2003,Urban,Yes,Yes
1-44638732079,1-44638732079,U-0992,JAYPEE INSTITUTE OF INFORMATION TECHNOLOGY,Active,Uttar Pradesh,Gautam Buddha Nagar,Gautam Buddha Nagar,"A-10, SECTOR-62 AND SECTOR 128, NOIDA",201386,28.551838,77.383848,Deemed to be University(Pvt),NOT APPLICABLE,Approved,Approved,B,No,,Tier 3,http://www.jaypeeinformation.ac.in,info@jaypeeinformation.ac.in,admissions@jaypeeinformation.ac.in,placement@jaypeeinformation.ac.in,+91-80-524-1298,Biotechnology,B.Tech,90,2082,2003,Urban,Yes,Yes
1-44638732079,1-44638732079,U-0992,JAYPEE INSTITUTE OF INFORMATION TECHNOLOGY,Active,Uttar Pradesh,Gautam Buddha Nagar,Gautam Buddha Nagar,"A-10, SECTOR-62 AND SECTOR 128, NOIDA",201386,28.551838,77.383848,Deemed to be University(Pvt),NOT APPLICABLE,Approved,Approved,B,No,,Tier 3,http://www.jaypeeinformation.ac.in,info@jaypeeinformation.ac.in,admissions@jaypeeinformation.ac.in,placement@jaypeeinformation.ac.in,+91-80-524-1298,Computer Science Engineering (CSE),M.Tech,30,2082,2003,Urban,Yes,Yes
1-44638732079,1-44638732079,U-0992,JAYPEE INSTITUTE OF INFORMATION TECHNOLOGY,Active,Uttar Pradesh,Gautam Buddha Nagar,Gautam Buddha Nagar,"A-10, SECTOR-62 AND SECTOR 128, NOIDA",201386,28.551838,77.383848,Deemed to be University(Pvt),NOT APPLICABLE,Approved,Approved,B,No,,Tier 3,http://www.jaypeeinformation.ac.in,info@jaypeeinformation.ac.in,admissions@jaypeeinformation.ac.in,placement@jaypeeinformation.ac.in,+91-80-524-1298,Biotechnology,M.Tech,18,2082,2003,Urban,Yes,Yes
1-44638732079,1-44638732079,U-0992,JAYPEE INSTITUTE OF INFORMATION TECHNOLOGY,Active,Uttar Pradesh,Gautam Buddha Nagar,Gautam Buddha Nagar,"A-10, SECTOR-62 AND SECTOR 128, NOIDA",201386,28.551838,77.383848,Deemed to be University(Pvt),NOT APPLICABLE,Approved,Approved,B,No,,Tier 3,http://www.jaypeeinformation.ac.in,info@jaypeeinformation.ac.in,admissions@jaypeeinformation.ac.in,placement@jaypeeinformation.ac.in,+91-80-524-1298,Other Engineering Branches,B.Tech,180,2082,2003,Urban,Yes,Yes
1-44638732079,1-44638732079,U-0992,JAYPEE INSTITUTE OF INFORMATION TECHNOLOGY,Active,Uttar Pradesh,Gautam Buddha Nagar,Gautam Buddha Nagar,"A-10, SECTOR-62 AND SECTOR 128, NOIDA",201386,28.551838,77.383848,Deemed to be University(Pvt),NOT APPLICABLE,Approved,Approved,B,No,,Tier 3,http://www.jaypeeinformation.ac.in,info@jaypeeinformation.ac.in,admissions@jaypeeinformation.ac.in,placement@jaypeeinformation.ac.in,+91-80-524-1298,Other Engineering Branches,M.Tech,12,2082,2003,Urban,Yes,Yes
1-44638732079,1-44638732079,U-0992,JAYPEE INSTITUTE OF INFORMATION TECHNOLOGY,Active,Uttar Pradesh,Gautam Buddha Nagar,Gautam Buddha Nagar,"A-10, SECTOR-62 AND SECTOR 128, NOIDA",201386,28.551838,77.383848,Deemed to be University(Pvt),NOT APPLICABLE,Approved,Approved,B,No,,Tier 3,http://www.jaypeeinformation.ac.in,info@jaypeeinformation.ac.in,admissions@jaypeeinformation.ac.in,placement@jaypeeinformation.ac.in,+91-80-524-1298,Computer Science Engineering (CSE),Diploma,30,2082,2003,Urban,Yes,Yes
1-44638732079,1-44638732079,U-0992,JAYPEE INSTITUTE OF INFORMATION TECHNOLOGY,Active,Uttar Pradesh,Gautam Buddha Nagar,Gautam Buddha Nagar,"A-10, SECTOR-62 AND SECTOR 128, NOIDA",201386,28.551838,77.383848,Deemed to be University(Pvt),NOT APPLICABLE,Approved,Approved,B,No,,Tier 3,http://www.jaypeeinformation.ac.in,info@jaypeeinformation.ac.in,admissions@jaypeeinformation.ac.in,placement@jaypeeinformation.ac.in,+91-80-524-1298,Other Engineering Branches,Diploma,60,2082,2003,Urban,Yes,Yes
1-44638732079,1-44638732079,U-0992,JAYPEE INSTITUTE OF INFORMATION TECHNOLOGY,Active,Uttar Pradesh,Gautam Buddha Nagar,Gautam Buddha Nagar,"A-10, SECTOR-62 AND SECTOR 128, NOIDA",201386,28.551838,77.383848,Deemed to be University(Pvt),NOT APPLICABLE,Approved,Approved,B,No,,Tier 3,http://www.jaypeeinformation.ac.in,info@jaypeeinformation.ac.in,admissions@jaypeeinformation.ac.in,placement@jaypeeinformation.ac.in,+91-80-524-1298,Artificial Intelligence & Machine Learning (AI & ML),B.Tech,60,2082,2003,Urban,Yes,Yes
1-44638732079,1-44638732079,U-0992,JAYPEE INSTITUTE OF INFORMATION TECHNOLOGY,Active,Uttar Pradesh,Gautam Buddha Nagar,Gautam Buddha Nagar,"A-10, SECTOR-62 AND SECTOR 128, NOIDA",201386,28.551838,77.383848,Deemed to be University(Pvt),NOT APPLICABLE,Approved,Approved,B,No,,Tier 3,http://www.jaypeeinformation.ac.in,info@jaypeeinformation.ac.in,admissions@jaypeeinformation.ac.in,placement@jaypeeinformation.ac.in,+91-80-524-1298,Data Science,M.Tech,30,2082,2003,Urban,Yes,Yes
1-44638732079,1-44638732079,U-0992,JAYPEE INSTITUTE OF INFORMATION TECHNOLOGY,Active,Uttar Pradesh,Gautam Buddha Nagar,Gautam Buddha Nagar,"A-10, SECTOR-62 AND SECTOR 128, NOIDA",201386,28.551838,77.383848,Deemed to be University(Pvt),NOT APPLICABLE,Approved,Approved,B,No,,Tier 3,http://www.jaypeeinformation.ac.in,info@jaypeeinformation.ac.in,admissions@jaypeeinformation.ac.in,placement@jaypeeinformation.ac.in,+91-80-524-1298,Robotics,M.Tech,12,2082,2003,Urban,Yes,Yes
1-44638732079,1-44638732079,U-0992,JAYPEE INSTITUTE OF INFORMATION TECHNOLOGY,Active,Uttar Pradesh,Gautam Buddha Nagar,Gautam Buddha Nagar,"A-10, SECTOR-62 AND SECTOR 128, NOIDA",201386,28.551838,77.383848,Deemed to be University(Pvt),NOT APPLICABLE,Approved,Approved,B,No,,Tier 3,http://www.jaypeeinformation.ac.in,info@jaypeeinformation.ac.in,admissions@jaypeeinformation.ac.in,placement@jaypeeinformation.ac.in,+91-80-524-1298,Cyber Security,B.Tech,60,2082,2003,Urban,Yes,Yes
1-44638732079,1-44638732079,U-0992,JAYPEE INSTITUTE OF INFORMATION TECHNOLOGY,Active,Uttar Pradesh,Gautam Buddha Nagar,Gautam Buddha Nagar,"A-10, SECTOR-62 AND SECTOR 128, NOIDA",201386,28.551838,77.383848,Deemed to be University(Pvt),NOT APPLICABLE,Approved,Approved,B,No,,Tier 3,http://www.jaypeeinformation.ac.in,info@jaypeeinformation.ac.in,admissions@jaypeeinformation.ac.in,placement@jaypeeinformation.ac.in,+91-80-524-1298,Robotics,B.Tech,60,2082,2003,Urban,Yes,Yes
1-44638703815,1-44638703815,U-0164,GREATER NOIDA COLLEGE,Active,Uttar Pradesh,Gautam Buddha Nagar,Gautam Buddha Nagar,"PLOT NO. 6-B, KNOWLEDGE PARK - II,",201386,28.552188,77.393394,Private-Self Financing,"Dr. A.P.J. Abdul Kalam Technical University, Uttar Pradesh, Lucknow",Approved,Approved,Not Accredited,No,,Tier 3,http://www.greaternoida.ac.in,info@greaternoida.ac.in,admissions@greaternoida.ac.in,placement@greaternoida.ac.in,+91-80-538-7791,Computer Science Engineering (CSE),B.Tech,240,360,1995,Urban,No,Yes
1-44638703815,1-44638703815,U-0164,GREATER NOIDA COLLEGE,Active,Uttar Pradesh,Gautam Buddha Nagar,Gautam Buddha Nagar,"PLOT NO. 6-B, KNOWLEDGE PARK - II,",201386,28.552188,77.393394,Private-Self Financing,"Dr. A.P.J. Abdul Kalam Technical University, Uttar Pradesh, Lucknow",Approved,Approved,Not Accredited,No,,Tier 3,http://www.greaternoida.ac.in,info@greaternoida.ac.in,admissions@greaternoida.ac.in,placement@greaternoida.ac.in,+91-80-538-7791,Artificial Intelligence & Machine Learning (AI & ML),B.Tech,60,360,1995,Urban,No,Yes
1-44638703815,1-44638703815,U-0164,GREATER NOIDA COLLEGE,Active,Uttar Pradesh,Gautam Buddha Nagar,Gautam Buddha Nagar,"PLOT NO. 6-B, KNOWLEDGE PARK - II,",201386,28.552188,77.393394,Private-Self Financing,"Dr. A.P.J. Abdul Kalam Technical University, Uttar Pradesh, Lucknow",Approved,Approved,Not Accredited,No,,Tier 3,http://www.greaternoida.ac.in,info@greaternoida.ac.in,admissions@greaternoida.ac.in,placement@greaternoida.ac.in,+91-80-538-7791,Data Science,B.Tech,60,360,1995,Urban,No,Yes
1-44638949064,1-44638949064,U-0992,GAUTAM BUDDHA UNIVERSITY,Active,Uttar Pradesh,Gautam Buddha Nagar,Gautam Buddha Nagar,"GREATER NOIDA, UP",201386,28.523797,77.375222,State Government University,NOT APPLICABLE,Approved,Approved,A,No,,Tier 3,http://www.gautambuddha.ac.in,info@gautambuddha.ac.in,admissions@gautambuddha.ac.in,placement@gautambuddha.ac.in,+91-80-348-0091,Civil Engineering,B.Tech,60,840,2012,Urban,Yes,Yes
1-44638949064,1-44638949064,U-0992,GAUTAM BUDDHA UNIVERSITY,Active,Uttar Pradesh,Gautam Buddha Nagar,Gautam Buddha Nagar,"GREATER NOIDA, UP",201386,28.523797,77.375222,State Government University,NOT APPLICABLE,Approved,Approved,A,No,,Tier 3,http://www.gautambuddha.ac.in,info@gautambuddha.ac.in,admissions@gautambuddha.ac.in,placement@gautambuddha.ac.in,+91-80-348-0091,Electrical Engineering,B.Tech,60,840,2012,Urban,Yes,Yes
1-44638949064,1-44638949064,U-0992,GAUTAM BUDDHA UNIVERSITY,Active,Uttar Pradesh,Gautam Buddha Nagar,Gautam Buddha Nagar,"GREATER NOIDA, UP",201386,28.523797,77.375222,State Government University,NOT APPLICABLE,Approved,Approved,A,No,,Tier 3,http://www.gautambuddha.ac.in,info@gautambuddha.ac.in,admissions@gautambuddha.ac.in,placement@gautambuddha.ac.in,+91-80-348-0091,Mechanical Engineering,B.Tech,60,840,2012,Urban,Yes,Yes
1-44638949064,1-44638949064,U-0992,GAUTAM BUDDHA UNIVERSITY,Active,Uttar Pradesh,Gautam Buddha Nagar,Gautam Buddha Nagar,"GREATER NOIDA, UP",201386,28.523797,77.375222,State Government University,NOT APPLICABLE,Approved,Approved,A,No,,Tier 3,http://www.gautambuddha.ac.in,info@gautambuddha.ac.in,admissions@gautambuddha.ac.in,placement@gautambuddha.ac.in,+91-80-348-0091,Other Engineering Branches,B.Tech,60,840,2012,Urban,Yes,Yes
1-44638949064,1-44638949064,U-0992,GAUTAM BUDDHA UNIVERSITY,Active,Uttar Pradesh,Gautam Buddha Nagar,Gautam Buddha Nagar,"GREATER NOIDA, UP",201386,28.523797,77.375222,State Government University,NOT APPLICABLE,Approved,Approved,A,No,,Tier 3,http://www.gautambuddha.ac.in,info@gautambuddha.ac.in,admissions@gautambuddha.ac.in,placement@gautambuddha.ac.in,+91-80-348-0091,Computer Science Engineering (CSE),B.Tech,360,840,2012,Urban,Yes,Yes
1-44638949064,1-44638949064,U-0992,GAUTAM BUDDHA UNIVERSITY,Active,Uttar Pradesh,Gautam Buddha Nagar,Gautam Buddha Nagar,"GREATER NOIDA, UP",201386,28.523797,77.375222,State Government University,NOT APPLICABLE,Approved,Approved,A,No,,Tier 3,http://www.gautambuddha.ac.in,info@gautambuddha.ac.in,admissions@gautambuddha.ac.in,placement@gautambuddha.ac.in,+91-80-348-0091,Information Technology (IT),B.Tech,60,840,2012,Urban,Yes,Yes
1-44638949064,1-44638949064,U-0992,GAUTAM BUDDHA UNIVERSITY,Active,Uttar Pradesh,Gautam Buddha Nagar,Gautam Buddha Nagar,"GREATER NOIDA, UP",201386,28.523797,77.375222,State Government University,NOT APPLICABLE,Approved,Approved,A,No,,Tier 3,http://www.gautambuddha.ac.in,info@gautambuddha.ac.in,admissions@gautambuddha.ac.in,placement@gautambuddha.ac.in,+91-80-348-0091,Electronics & Communication Engineering (ECE),B.Tech,120,840,2012,Urban,Yes,Yes
1-44638949064,1-44638949064,U-0992,GAUTAM BUDDHA UNIVERSITY,Active,Uttar Pradesh,Gautam Buddha Nagar,Gautam Buddha Nagar,"GREATER NOIDA, UP",201386,28.523797,77.375222,State Government University,NOT APPLICABLE,Approved,Approved,A,No,,Tier 3,http://www.gautambuddha.ac.in,info@gautambuddha.ac.in,admissions@gautambuddha.ac.in,placement@gautambuddha.ac.in,+91-80-348-0091,Biotechnology,B.Tech,60,840,2012,Urban,Yes,Yes
1-44639810651,1-44639810651,U-0164,ACCURATE INSTITUTE OF MANAGEMENT & TECHNOLOGY,Active,Uttar Pradesh,Gautam Buddha Nagar,Gautam Buddha Nagar,"PLOT NO. 49, KNOWLEDGE PARK-III",201386,28.525412,77.388697,Private-Self Financing,"Dr. A.P.J. Abdul Kalam Technical University, Uttar Pradesh, Lucknow",Approved,Approved,Not Accredited,No,,Tier 3,http://www.accuratemanagement.ac.in,info@accuratemanagement.ac.in,admissions@accuratemanagement.ac.in,placement@accuratemanagement.ac.in,+91-80-415-7553,Computer Science Engineering (CSE),B.Tech,600,1080,2006,Urban,Yes,Yes
1-44639810651,1-44639810651,U-0164,ACCURATE INSTITUTE OF MANAGEMENT & TECHNOLOGY,Active,Uttar Pradesh,Gautam Buddha Nagar,Gautam Buddha Nagar,"PLOT NO. 49, KNOWLEDGE PARK-III",201386,28.525412,77.388697,Private-Self Financing,"Dr. A.P.J. Abdul Kalam Technical University, Uttar Pradesh, Lucknow",Approved,Approved,Not Accredited,No,,Tier 3,http://www.accuratemanagement.ac.in,info@accuratemanagement.ac.in,admissions@accuratemanagement.ac.in,placement@accuratemanagement.ac.in,+91-80-415-7553,Electronics & Communication Engineering (ECE),B.Tech,30,1080,2006,Urban,Yes,Yes
1-44639810651,1-44639810651,U-0164,ACCURATE INSTITUTE OF MANAGEMENT & TECHNOLOGY,Active,Uttar Pradesh,Gautam Buddha Nagar,Gautam Buddha Nagar,"PLOT NO. 49, KNOWLEDGE PARK-III",201386,28.525412,77.388697,Private-Self Financing,"Dr. A.P.J. Abdul Kalam Technical University, Uttar Pradesh, Lucknow",Approved,Approved,Not Accredited,No,,Tier 3,http://www.accuratemanagement.ac.in,info@accuratemanagement.ac.in,admissions@accuratemanagement.ac.in,placement@accuratemanagement.ac.in,+91-80-415-7553,Mechanical Engineering,B.Tech,30,1080,2006,Urban,Yes,Yes
1-44639810651,1-44639810651,U-0164,ACCURATE INSTITUTE OF MANAGEMENT & TECHNOLOGY,Active,Uttar Pradesh,Gautam Buddha Nagar,Gautam Buddha Nagar,"PLOT NO. 49, KNOWLEDGE PARK-III",201386,28.525412,77.388697,Private-Self Financing,"Dr. A.P.J. Abdul Kalam Technical University, Uttar Pradesh, Lucknow",Approved,Approved,Not Accredited,No,,Tier 3,http://www.accuratemanagement.ac.in,info@accuratemanagement.ac.in,admissions@accuratemanagement.ac.in,placement@accuratemanagement.ac.in,+91-80-415-7553,Artificial Intelligence & Machine Learning (AI & ML),B.Tech,180,1080,2006,Urban,Yes,Yes
1-44639810651,1-44639810651,U-0164,ACCURATE INSTITUTE OF MANAGEMENT & TECHNOLOGY,Active,Uttar Pradesh,Gautam Buddha Nagar,Gautam Buddha Nagar,"PLOT NO. 49, KNOWLEDGE PARK-III",201386,28.525412,77.388697,Private-Self Financing,"Dr. A.P.J. Abdul Kalam Technical University, Uttar Pradesh, Lucknow",Approved,Approved,Not Accredited,No,,Tier 3,http://www.accuratemanagement.ac.in,info@accuratemanagement.ac.in,admissions@accuratemanagement.ac.in,placement@accuratemanagement.ac.in,+91-80-415-7553,Data Science,B.Tech,120,1080,2006,Urban,Yes,Yes
1-44639810651,1-44639810651,U-0164,ACCURATE INSTITUTE OF MANAGEMENT & TECHNOLOGY,Active,Uttar Pradesh,Gautam Buddha Nagar,Gautam Buddha Nagar,"PLOT NO. 49, KNOWLEDGE PARK-III",201386,28.525412,77.388697,Private-Self Financing,"Dr. A.P.J. Abdul Kalam Technical University, Uttar Pradesh, Lucknow",Approved,Approved,Not Accredited,No,,Tier 3,http://www.accuratemanagement.ac.in,info@accuratemanagement.ac.in,admissions@accuratemanagement.ac.in,placement@accuratemanagement.ac.in,+91-80-415-7553,IoT,B.Tech,60,1080,2006,Urban,Yes,Yes
1-44639810651,1-44639810651,U-0164,ACCURATE INSTITUTE OF MANAGEMENT & TECHNOLOGY,Active,Uttar Pradesh,Gautam Buddha Nagar,Gautam Buddha Nagar,"PLOT NO. 49, KNOWLEDGE PARK-III",201386,28.525412,77.388697,Private-Self Financing,"Dr. A.P.J. Abdul Kalam Technical University, Uttar Pradesh, Lucknow",Approved,Approved,Not Accredited,No,,Tier 3,http://www.accuratemanagement.ac.in,info@accuratemanagement.ac.in,admissions@accuratemanagement.ac.in,placement@accuratemanagement.ac.in,+91-80-415-7553,Cyber Security,B.Tech,60,1080,2006,Urban,Yes,Yes
1-44639477924,1-44639477924,U-0663,DELHI TECHNICAL CAMPUS,Active,Uttar Pradesh,Gautam Buddha Nagar,Gautam Buddha Nagar,"28/1, KNOWLEDGE PARK III, GREATER NOIDA, UTTAR PRADESH",201386,28.532353,77.386583,Private-Self Financing,"Guru Gobind Singh Indraprastha University, Delhi",Approved,Approved,B+,No,,Tier 3,http://www.delhitechnicalcampus.ac.in,info@delhitechnicalcampus.ac.in,admissions@delhitechnicalcampus.ac.in,placement@delhitechnicalcampus.ac.in,+91-80-706-8771,Computer Science Engineering (CSE),B.Tech,660,1020,1985,Rural,Yes,No
1-44639477924,1-44639477924,U-0663,DELHI TECHNICAL CAMPUS,Active,Uttar Pradesh,Gautam Buddha Nagar,Gautam Buddha Nagar,"28/1, KNOWLEDGE PARK III, GREATER NOIDA, UTTAR PRADESH",201386,28.532353,77.386583,Private-Self Financing,"Guru Gobind Singh Indraprastha University, Delhi",Approved,Approved,B+,No,,Tier 3,http://www.delhitechnicalcampus.ac.in,info@delhitechnicalcampus.ac.in,admissions@delhitechnicalcampus.ac.in,placement@delhitechnicalcampus.ac.in,+91-80-706-8771,Artificial Intelligence & Machine Learning (AI & ML),B.Tech,180,1020,1985,Rural,Yes,No
1-44639477924,1-44639477924,U-0663,DELHI TECHNICAL CAMPUS,Active,Uttar Pradesh,Gautam Buddha Nagar,Gautam Buddha Nagar,"28/1, KNOWLEDGE PARK III, GREATER NOIDA, UTTAR PRADESH",201386,28.532353,77.386583,Private-Self Financing,"Guru Gobind Singh Indraprastha University, Delhi",Approved,Approved,B+,No,,Tier 3,http://www.delhitechnicalcampus.ac.in,info@delhitechnicalcampus.ac.in,admissions@delhitechnicalcampus.ac.in,placement@delhitechnicalcampus.ac.in,+91-80-706-8771,Data Science,B.Tech,120,1020,1985,Rural,Yes,No
1-44639477924,1-44639477924,U-0663,DELHI TECHNICAL CAMPUS,Active,Uttar Pradesh,Gautam Buddha Nagar,Gautam Buddha Nagar,"28/1, KNOWLEDGE PARK III, GREATER NOIDA, UTTAR PRADESH",201386,28.532353,77.386583,Private-Self Financing,"Guru Gobind Singh Indraprastha University, Delhi",Approved,Approved,B+,No,,Tier 3,http://www.delhitechnicalcampus.ac.in,info@delhitechnicalcampus.ac.in,admissions@delhitechnicalcampus.ac.in,placement@delhitechnicalcampus.ac.in,+91-80-706-8771,Cyber Security,B.Tech,60,1020,1985,Rural,Yes,No
1-44640257575,1-44640257575,U-0663,"CENTRE FOR DEVELOPMENT OF ADVANCED COMPUTING, NOIDA",Active,Uttar Pradesh,Gautam Buddha Nagar,Gautam Buddha Nagar,"ANUSANDHAN BHAWAN, C-56/1 & B-30, INSTITUTIONAL AREA, SECTOR-62, NOIDA",201386,28.542401,77.401014,Government,"Guru Gobind Singh Indraprastha University, Delhi",Approved,Approved,A+,Yes,,Tier 2,http://www.centredevelopmentadvanced.ac.in,info@centredevelopmentadvanced.ac.in,admissions@centredevelopmentadvanced.ac.in,placement@centredevelopmentadvanced.ac.in,+91-80-128-3136,Other Engineering Branches,M.Tech,25,55,1982,Urban,Yes,Yes
1-44640257575,1-44640257575,U-0663,"CENTRE FOR DEVELOPMENT OF ADVANCED COMPUTING, NOIDA",Active,Uttar Pradesh,Gautam Buddha Nagar,Gautam Buddha Nagar,"ANUSANDHAN BHAWAN, C-56/1 & B-30, INSTITUTIONAL AREA, SECTOR-62, NOIDA",201386,28.542401,77.401014,Government,"Guru Gobind Singh Indraprastha University, Delhi",Approved,Approved,A+,Yes,,Tier 2,http://www.centredevelopmentadvanced.ac.in,info@centredevelopmentadvanced.ac.in,admissions@centredevelopmentadvanced.ac.in,placement@centredevelopmentadvanced.ac.in,+91-80-128-3136,Data Science,M.Tech,30,55,1982,Urban,Yes,Yes
1-44641471291,1-44641471291,U-0449,KM. MAYAWATI GOVERMENT GIRLS POLYTECHNIC,Active,Uttar Pradesh,Gautam Buddha Nagar,Gautam Buddha Nagar,SADOPUR KI JHAL BADALPUR,201386,28.523725,77.389001,Government,"Uttar Pradesh Board of Technical Education, Lucknow",Approved,Approved,B,No,,Tier 3,http://www.kmmayawatigoverment.ac.in,info@kmmayawatigoverment.ac.in,admissions@kmmayawatigoverment.ac.in,placement@kmmayawatigoverment.ac.in,+91-80-344-9971,Information Technology (IT),Diploma,60,180,2005,Urban,Yes,Yes
1-44641471291,1-44641471291,U-0449,KM. MAYAWATI GOVERMENT GIRLS POLYTECHNIC,Active,Uttar Pradesh,Gautam Buddha Nagar,Gautam Buddha Nagar,SADOPUR KI JHAL BADALPUR,201386,28.523725,77.389001,Government,"Uttar Pradesh Board of Technical Education, Lucknow",Approved,Approved,B,No,,Tier 3,http://www.kmmayawatigoverment.ac.in,info@kmmayawatigoverment.ac.in,admissions@kmmayawatigoverment.ac.in,placement@kmmayawatigoverment.ac.in,+91-80-344-9971,Other Engineering Branches,Diploma,60,180,2005,Urban,Yes,Yes
1-44641471291,1-44641471291,U-0449,KM. MAYAWATI GOVERMENT GIRLS POLYTECHNIC,Active,Uttar Pradesh,Gautam Buddha Nagar,Gautam Buddha Nagar,SADOPUR KI JHAL BADALPUR,201386,28.523725,77.389001,Government,"Uttar Pradesh Board of Technical Education, Lucknow",Approved,Approved,B,No,,Tier 3,http://www.kmmayawatigoverment.ac.in,info@kmmayawatigoverment.ac.in,admissions@kmmayawatigoverment.ac.in,placement@kmmayawatigoverment.ac.in,+91-80-344-9971,Computer Science Engineering (CSE),Diploma,60,180,2005,Urban,Yes,Yes
1-44641892258,1-44641892258,U-0164,GREATER NOIDA INSTITUTE OF TECHNOLOGY (ENGINEERING INSTITUTE),Active,Uttar Pradesh,Gautam Buddha Nagar,Gautam Buddha Nagar,"7, KNOWLEDGE PARK - II,",201386,28.547633,77.37756,Private-Self Financing,"Dr. A.P.J. Abdul Kalam Technical University, Uttar Pradesh, Lucknow",Approved,Approved,Not Accredited,No,,Tier 3,http://www.greaternoida.ac.in,info@greaternoida.ac.in,admissions@greaternoida.ac.in,placement@greaternoida.ac.in,+91-80-347-7417,Electronics & Communication Engineering (ECE),B.Tech,60,1062,2002,Urban,Yes,Yes
1-44641892258,1-44641892258,U-0164,GREATER NOIDA INSTITUTE OF TECHNOLOGY (ENGINEERING INSTITUTE),Active,Uttar Pradesh,Gautam Buddha Nagar,Gautam Buddha Nagar,"7, KNOWLEDGE PARK - II,",201386,28.547633,77.37756,Private-Self Financing,"Dr. A.P.J. Abdul Kalam Technical University, Uttar Pradesh, Lucknow",Approved,Approved,Not Accredited,No,,Tier 3,http://www.greaternoida.ac.in,info@greaternoida.ac.in,admissions@greaternoida.ac.in,placement@greaternoida.ac.in,+91-80-347-7417,Computer Science Engineering (CSE),B.Tech,480,1062,2002,Urban,Yes,Yes
1-44641892258,1-44641892258,U-0164,GREATER NOIDA INSTITUTE OF TECHNOLOGY (ENGINEERING INSTITUTE),Active,Uttar Pradesh,Gautam Buddha Nagar,Gautam Buddha Nagar,"7, KNOWLEDGE PARK - II,",201386,28.547633,77.37756,Private-Self Financing,"Dr. A.P.J. Abdul Kalam Technical University, Uttar Pradesh, Lucknow",Approved,Approved,Not Accredited,No,,Tier 3,http://www.greaternoida.ac.in,info@greaternoida.ac.in,admissions@greaternoida.ac.in,placement@greaternoida.ac.in,+91-80-347-7417,Information Technology (IT),B.Tech,60,1062,2002,Urban,Yes,Yes
1-44641892258,1-44641892258,U-0164,GREATER NOIDA INSTITUTE OF TECHNOLOGY (ENGINEERING INSTITUTE),Active,Uttar Pradesh,Gautam Buddha Nagar,Gautam Buddha Nagar,"7, KNOWLEDGE PARK - II,",201386,28.547633,77.37756,Private-Self Financing,"Dr. A.P.J. Abdul Kalam Technical University, Uttar Pradesh, Lucknow",Approved,Approved,Not Accredited,No,,Tier 3,http://www.greaternoida.ac.in,info@greaternoida.ac.in,admissions@greaternoida.ac.in,placement@greaternoida.ac.in,+91-80-347-7417,Mechanical Engineering,B.Tech,30,1062,2002,Urban,Yes,Yes
1-44641892258,1-44641892258,U-0164,GREATER NOIDA INSTITUTE OF TECHNOLOGY (ENGINEERING INSTITUTE),Active,Uttar Pradesh,Gautam Buddha Nagar,Gautam Buddha Nagar,"7, KNOWLEDGE PARK - II,",201386,28.547633,77.37756,Private-Self Financing,"Dr. A.P.J. Abdul Kalam Technical University, Uttar Pradesh, Lucknow",Approved,Approved,Not Accredited,No,,Tier 3,http://www.greaternoida.ac.in,info@greaternoida.ac.in,admissions@greaternoida.ac.in,placement@greaternoida.ac.in,+91-80-347-7417,Electrical Engineering,B.Tech,30,1062,2002,Urban,Yes,Yes
1-44641892258,1-44641892258,U-0164,GREATER NOIDA INSTITUTE OF TECHNOLOGY (ENGINEERING INSTITUTE),Active,Uttar Pradesh,Gautam Buddha Nagar,Gautam Buddha Nagar,"7, KNOWLEDGE PARK - II,",201386,28.547633,77.37756,Private-Self Financing,"Dr. A.P.J. Abdul Kalam Technical University, Uttar Pradesh, Lucknow",Approved,Approved,Not Accredited,No,,Tier 3,http://www.greaternoida.ac.in,info@greaternoida.ac.in,admissions@greaternoida.ac.in,placement@greaternoida.ac.in,+91-80-347-7417,Civil Engineering,B.Tech,30,1062,2002,Urban,Yes,Yes
1-44641892258,1-44641892258,U-0164,GREATER NOIDA INSTITUTE OF TECHNOLOGY (ENGINEERING INSTITUTE),Active,Uttar Pradesh,Gautam Buddha Nagar,Gautam Buddha Nagar,"7, KNOWLEDGE PARK - II,",201386,28.547633,77.37756,Private-Self Financing,"Dr. A.P.J. Abdul Kalam Technical University, Uttar Pradesh, Lucknow",Approved,Approved,Not Accredited,No,,Tier 3,http://www.greaternoida.ac.in,info@greaternoida.ac.in,admissions@greaternoida.ac.in,placement@greaternoida.ac.in,+91-80-347-7417,Other Engineering Branches,M.Tech,54,1062,2002,Urban,Yes,Yes
1-44641892258,1-44641892258,U-0164,GREATER NOIDA INSTITUTE OF TECHNOLOGY (ENGINEERING INSTITUTE),Active,Uttar Pradesh,Gautam Buddha Nagar,Gautam Buddha Nagar,"7, KNOWLEDGE PARK - II,",201386,28.547633,77.37756,Private-Self Financing,"Dr. A.P.J. Abdul Kalam Technical University, Uttar Pradesh, Lucknow",Approved,Approved,Not Accredited,No,,Tier 3,http://www.greaternoida.ac.in,info@greaternoida.ac.in,admissions@greaternoida.ac.in,placement@greaternoida.ac.in,+91-80-347-7417,Civil Engineering,M.Tech,18,1062,2002,Urban,Yes,Yes
1-44641892258,1-44641892258,U-0164,GREATER NOIDA INSTITUTE OF TECHNOLOGY (ENGINEERING INSTITUTE),Active,Uttar Pradesh,Gautam Buddha Nagar,Gautam Buddha Nagar,"7, KNOWLEDGE PARK - II,",201386,28.547633,77.37756,Private-Self Financing,"Dr. A.P.J. Abdul Kalam Technical University, Uttar Pradesh, Lucknow",Approved,Approved,Not Accredited,No,,Tier 3,http://www.greaternoida.ac.in,info@greaternoida.ac.in,admissions@greaternoida.ac.in,placement@greaternoida.ac.in,+91-80-347-7417,Artificial Intelligence & Machine Learning (AI & ML),B.Tech,120,1062,2002,Urban,Yes,Yes
1-44641892258,1-44641892258,U-0164,GREATER NOIDA INSTITUTE OF TECHNOLOGY (ENGINEERING INSTITUTE),Active,Uttar Pradesh,Gautam Buddha Nagar,Gautam Buddha Nagar,"7, KNOWLEDGE PARK - II,",201386,28.547633,77.37756,Private-Self Financing,"Dr. A.P.J. Abdul Kalam Technical University, Uttar Pradesh, Lucknow",Approved,Approved,Not Accredited,No,,Tier 3,http://www.greaternoida.ac.in,info@greaternoida.ac.in,admissions@greaternoida.ac.in,placement@greaternoida.ac.in,+91-80-347-7417,Data Science,B.Tech,120,1062,2002,Urban,Yes,Yes
1-44641892258,1-44641892258,U-0164,GREATER NOIDA INSTITUTE OF TECHNOLOGY (ENGINEERING INSTITUTE),Active,Uttar Pradesh,Gautam Buddha Nagar,Gautam Buddha Nagar,"7, KNOWLEDGE PARK - II,",201386,28.547633,77.37756,Private-Self Financing,"Dr. A.P.J. Abdul Kalam Technical University, Uttar Pradesh, Lucknow",Approved,Approved,Not Accredited,No,,Tier 3,http://www.greaternoida.ac.in,info@greaternoida.ac.in,admissions@greaternoida.ac.in,placement@greaternoida.ac.in,+91-80-347-7417,Cyber Security,B.Tech,60,1062,2002,Urban,Yes,Yes
1-44641694825,1-44641694825,U-0164,LLOYD INSTITUTE OF ENGINEERING AND TECHNOLOGY,Active,Uttar Pradesh,Gautam Buddha Nagar,Gautam Buddha Nagar,"PLOT NO-3,  KNOWLEDGE PARK-II,  GREATER NOIDA,  DIST. GAUTAM BUDH NAGAR,  U.P. 201306",201306,28.527824,77.405169,Private-Self Financing,"Dr. A.P.J. Abdul Kalam Technical University, Uttar Pradesh, Lucknow",Approved,Approved,B++,No,,Tier 3,http://www.lloyd.ac.in,info@lloyd.ac.in,admissions@lloyd.ac.in,placement@lloyd.ac.in,+91-80-516-9114,Civil Engineering,B.Tech,30,702,1994,Urban,Yes,Yes
1-44641694825,1-44641694825,U-0164,LLOYD INSTITUTE OF ENGINEERING AND TECHNOLOGY,Active,Uttar Pradesh,Gautam Buddha Nagar,Gautam Buddha Nagar,"PLOT NO-3,  KNOWLEDGE PARK-II,  GREATER NOIDA,  DIST. GAUTAM BUDH NAGAR,  U.P. 201306",201306,28.527824,77.405169,Private-Self Financing,"Dr. A.P.J. Abdul Kalam Technical University, Uttar Pradesh, Lucknow",Approved,Approved,B++,No,,Tier 3,http://www.lloyd.ac.in,info@lloyd.ac.in,admissions@lloyd.ac.in,placement@lloyd.ac.in,+91-80-516-9114,Mechanical Engineering,B.Tech,30,702,1994,Urban,Yes,Yes
1-44641694825,1-44641694825,U-0164,LLOYD INSTITUTE OF ENGINEERING AND TECHNOLOGY,Active,Uttar Pradesh,Gautam Buddha Nagar,Gautam Buddha Nagar,"PLOT NO-3,  KNOWLEDGE PARK-II,  GREATER NOIDA,  DIST. GAUTAM BUDH NAGAR,  U.P. 201306",201306,28.527824,77.405169,Private-Self Financing,"Dr. A.P.J. Abdul Kalam Technical University, Uttar Pradesh, Lucknow",Approved,Approved,B++,No,,Tier 3,http://www.lloyd.ac.in,info@lloyd.ac.in,admissions@lloyd.ac.in,placement@lloyd.ac.in,+91-80-516-9114,Electronics & Communication Engineering (ECE),B.Tech,30,702,1994,Urban,Yes,Yes
1-44641694825,1-44641694825,U-0164,LLOYD INSTITUTE OF ENGINEERING AND TECHNOLOGY,Active,Uttar Pradesh,Gautam Buddha Nagar,Gautam Buddha Nagar,"PLOT NO-3,  KNOWLEDGE PARK-II,  GREATER NOIDA,  DIST. GAUTAM BUDH NAGAR,  U.P. 201306",201306,28.527824,77.405169,Private-Self Financing,"Dr. A.P.J. Abdul Kalam Technical University, Uttar Pradesh, Lucknow",Approved,Approved,B++,No,,Tier 3,http://www.lloyd.ac.in,info@lloyd.ac.in,admissions@lloyd.ac.in,placement@lloyd.ac.in,+91-80-516-9114,Electrical & Electronics Engineering (EEE),B.Tech,30,702,1994,Urban,Yes,Yes
1-44641694825,1-44641694825,U-0164,LLOYD INSTITUTE OF ENGINEERING AND TECHNOLOGY,Active,Uttar Pradesh,Gautam Buddha Nagar,Gautam Buddha Nagar,"PLOT NO-3,  KNOWLEDGE PARK-II,  GREATER NOIDA,  DIST. GAUTAM BUDH NAGAR,  U.P. 201306",201306,28.527824,77.405169,Private-Self Financing,"Dr. A.P.J. Abdul Kalam Technical University, Uttar Pradesh, Lucknow",Approved,Approved,B++,No,,Tier 3,http://www.lloyd.ac.in,info@lloyd.ac.in,admissions@lloyd.ac.in,placement@lloyd.ac.in,+91-80-516-9114,Computer Science Engineering (CSE),B.Tech,180,702,1994,Urban,Yes,Yes
1-44641694825,1-44641694825,U-0164,LLOYD INSTITUTE OF ENGINEERING AND TECHNOLOGY,Active,Uttar Pradesh,Gautam Buddha Nagar,Gautam Buddha Nagar,"PLOT NO-3,  KNOWLEDGE PARK-II,  GREATER NOIDA,  DIST. GAUTAM BUDH NAGAR,  U.P. 201306",201306,28.527824,77.405169,Private-Self Financing,"Dr. A.P.J. Abdul Kalam Technical University, Uttar Pradesh, Lucknow",Approved,Approved,B++,No,,Tier 3,http://www.lloyd.ac.in,info@lloyd.ac.in,admissions@lloyd.ac.in,placement@lloyd.ac.in,+91-80-516-9114,Artificial Intelligence & Machine Learning (AI & ML),B.Tech,240,702,1994,Urban,Yes,Yes
1-44641694825,1-44641694825,U-0164,LLOYD INSTITUTE OF ENGINEERING AND TECHNOLOGY,Active,Uttar Pradesh,Gautam Buddha Nagar,Gautam Buddha Nagar,"PLOT NO-3,  KNOWLEDGE PARK-II,  GREATER NOIDA,  DIST. GAUTAM BUDH NAGAR,  U.P. 201306",201306,28.527824,77.405169,Private-Self Financing,"Dr. A.P.J. Abdul Kalam Technical University, Uttar Pradesh, Lucknow",Approved,Approved,B++,No,,Tier 3,http://www.lloyd.ac.in,info@lloyd.ac.in,admissions@lloyd.ac.in,placement@lloyd.ac.in,+91-80-516-9114,Data Science,B.Tech,60,702,1994,Urban,Yes,Yes
1-44641694825,1-44641694825,U-0164,LLOYD INSTITUTE OF ENGINEERING AND TECHNOLOGY,Active,Uttar Pradesh,Gautam Buddha Nagar,Gautam Buddha Nagar,"PLOT NO-3,  KNOWLEDGE PARK-II,  GREATER NOIDA,  DIST. GAUTAM BUDH NAGAR,  U.P. 201306",201306,28.527824,77.405169,Private-Self Financing,"Dr. A.P.J. Abdul Kalam Technical University, Uttar Pradesh, Lucknow",Approved,Approved,B++,No,,Tier 3,http://www.lloyd.ac.in,info@lloyd.ac.in,admissions@lloyd.ac.in,placement@lloyd.ac.in,+91-80-516-9114,Cyber Security,B.Tech,30,702,1994,Urban,Yes,Yes
1-44641694825,1-44641694825,U-0164,LLOYD INSTITUTE OF ENGINEERING AND TECHNOLOGY,Active,Uttar Pradesh,Gautam Buddha Nagar,Gautam Buddha Nagar,"PLOT NO-3,  KNOWLEDGE PARK-II,  GREATER NOIDA,  DIST. GAUTAM BUDH NAGAR,  U.P. 201306",201306,28.527824,77.405169,Private-Self Financing,"Dr. A.P.J. Abdul Kalam Technical University, Uttar Pradesh, Lucknow",Approved,Approved,B++,No,,Tier 3,http://www.lloyd.ac.in,info@lloyd.ac.in,admissions@lloyd.ac.in,placement@lloyd.ac.in,+91-80-516-9114,Other Engineering Branches,B.Tech,60,702,1994,Urban,Yes,Yes
1-44641694825,1-44641694825,U-0164,LLOYD INSTITUTE OF ENGINEERING AND TECHNOLOGY,Active,Uttar Pradesh,Gautam Buddha Nagar,Gautam Buddha Nagar,"PLOT NO-3,  KNOWLEDGE PARK-II,  GREATER NOIDA,  DIST. GAUTAM BUDH NAGAR,  U.P. 201306",201306,28.527824,77.405169,Private-Self Financing,"Dr. A.P.J. Abdul Kalam Technical University, Uttar Pradesh, Lucknow",Approved,Approved,B++,No,,Tier 3,http://www.lloyd.ac.in,info@lloyd.ac.in,admissions@lloyd.ac.in,placement@lloyd.ac.in,+91-80-516-9114,Computer Science Engineering (CSE),M.Tech,12,702,1994,Urban,Yes,Yes
1-44641865377,1-44641865377,U-0449,PRINCE INSTITUTE OF INNOVATIVE TECHNOLOGY GR. NOIDA,Active,Uttar Pradesh,Gautam Buddha Nagar,Gautam Buddha Nagar,"PLOT NO.- 9, KNOWLEDGE PARK-III, GREATER NOIDA",201386,28.555313,77.375887,Private-Self Financing,"Uttar Pradesh Board of Technical Education, Lucknow",Approved,Approved,Not Accredited,No,,Tier 3,http://www.princeinnovativegr.ac.in,info@princeinnovativegr.ac.in,admissions@princeinnovativegr.ac.in,placement@princeinnovativegr.ac.in,+91-80-669-8655,Electrical Engineering,Diploma,60,540,2014,Urban,Yes,Yes
1-44641865377,1-44641865377,U-0449,PRINCE INSTITUTE OF INNOVATIVE TECHNOLOGY GR. NOIDA,Active,Uttar Pradesh,Gautam Buddha Nagar,Gautam Buddha Nagar,"PLOT NO.- 9, KNOWLEDGE PARK-III, GREATER NOIDA",201386,28.555313,77.375887,Private-Self Financing,"Uttar Pradesh Board of Technical Education, Lucknow",Approved,Approved,Not Accredited,No,,Tier 3,http://www.princeinnovativegr.ac.in,info@princeinnovativegr.ac.in,admissions@princeinnovativegr.ac.in,placement@princeinnovativegr.ac.in,+91-80-669-8655,Civil Engineering,Diploma,120,540,2014,Urban,Yes,Yes
1-44641865377,1-44641865377,U-0449,PRINCE INSTITUTE OF INNOVATIVE TECHNOLOGY GR. NOIDA,Active,Uttar Pradesh,Gautam Buddha Nagar,Gautam Buddha Nagar,"PLOT NO.- 9, KNOWLEDGE PARK-III, GREATER NOIDA",201386,28.555313,77.375887,Private-Self Financing,"Uttar Pradesh Board of Technical Education, Lucknow",Approved,Approved,Not Accredited,No,,Tier 3,http://www.princeinnovativegr.ac.in,info@princeinnovativegr.ac.in,admissions@princeinnovativegr.ac.in,placement@princeinnovativegr.ac.in,+91-80-669-8655,Electronics & Communication Engineering (ECE),Diploma,60,540,2014,Urban,Yes,Yes
1-44641865377,1-44641865377,U-0449,PRINCE INSTITUTE OF INNOVATIVE TECHNOLOGY GR. NOIDA,Active,Uttar Pradesh,Gautam Buddha Nagar,Gautam Buddha Nagar,"PLOT NO.- 9, KNOWLEDGE PARK-III, GREATER NOIDA",201386,28.555313,77.375887,Private-Self Financing,"Uttar Pradesh Board of Technical Education, Lucknow",Approved,Approved,Not Accredited,No,,Tier 3,http://www.princeinnovativegr.ac.in,info@princeinnovativegr.ac.in,admissions@princeinnovativegr.ac.in,placement@princeinnovativegr.ac.in,+91-80-669-8655,Computer Science Engineering (CSE),Diploma,60,540,2014,Urban,Yes,Yes
1-44641865377,1-44641865377,U-0449,PRINCE INSTITUTE OF INNOVATIVE TECHNOLOGY GR. NOIDA,Active,Uttar Pradesh,Gautam Buddha Nagar,Gautam Buddha Nagar,"PLOT NO.- 9, KNOWLEDGE PARK-III, GREATER NOIDA",201386,28.555313,77.375887,Private-Self Financing,"Uttar Pradesh Board of Technical Education, Lucknow",Approved,Approved,Not Accredited,No,,Tier 3,http://www.princeinnovativegr.ac.in,info@princeinnovativegr.ac.in,admissions@princeinnovativegr.ac.in,placement@princeinnovativegr.ac.in,+91-80-669-8655,Mechanical Engineering,Diploma,180,540,2014,Urban,Yes,Yes
1-44641865377,1-44641865377,U-0449,PRINCE INSTITUTE OF INNOVATIVE TECHNOLOGY GR. NOIDA,Active,Uttar Pradesh,Gautam Buddha Nagar,Gautam Buddha Nagar,"PLOT NO.- 9, KNOWLEDGE PARK-III, GREATER NOIDA",201386,28.555313,77.375887,Private-Self Financing,"Uttar Pradesh Board of Technical Education, Lucknow",Approved,Approved,Not Accredited,No,,Tier 3,http://www.princeinnovativegr.ac.in,info@princeinnovativegr.ac.in,admissions@princeinnovativegr.ac.in,placement@princeinnovativegr.ac.in,+91-80-669-8655,Automobile Engineering,Diploma,60,540,2014,Urban,Yes,Yes
1-44641960830,1-44641960830,U-0164,MANGALMAY INSTITUTE OF MANAGEMENT & TECHNOLOGY,Active,Uttar Pradesh,Gautam Buddha Nagar,Gautam Buddha Nagar,"PLOT NO 8 & 9 , KNOWLEDGE PARK-II , GREATER NOIDA",201386,28.518593,77.377091,Private-Self Financing,"Dr. A.P.J. Abdul Kalam Technical University, Uttar Pradesh, Lucknow",Approved,Approved,B++,No,,Tier 3,http://www.mangalmaymanagement.ac.in,info@mangalmaymanagement.ac.in,admissions@mangalmaymanagement.ac.in,placement@mangalmaymanagement.ac.in,+91-80-129-7446,Computer Science Engineering (CSE),B.Tech,240,330,1995,Urban,No,Yes
1-44641960830,1-44641960830,U-0164,MANGALMAY INSTITUTE OF MANAGEMENT & TECHNOLOGY,Active,Uttar Pradesh,Gautam Buddha Nagar,Gautam Buddha Nagar,"PLOT NO 8 & 9 , KNOWLEDGE PARK-II , GREATER NOIDA",201386,28.518593,77.377091,Private-Self Financing,"Dr. A.P.J. Abdul Kalam Technical University, Uttar Pradesh, Lucknow",Approved,Approved,B++,No,,Tier 3,http://www.mangalmaymanagement.ac.in,info@mangalmaymanagement.ac.in,admissions@mangalmaymanagement.ac.in,placement@mangalmaymanagement.ac.in,+91-80-129-7446,Data Science,B.Tech,30,330,1995,Urban,No,Yes
1-44641960830,1-44641960830,U-0164,MANGALMAY INSTITUTE OF MANAGEMENT & TECHNOLOGY,Active,Uttar Pradesh,Gautam Buddha Nagar,Gautam Buddha Nagar,"PLOT NO 8 & 9 , KNOWLEDGE PARK-II , GREATER NOIDA",201386,28.518593,77.377091,Private-Self Financing,"Dr. A.P.J. Abdul Kalam Technical University, Uttar Pradesh, Lucknow",Approved,Approved,B++,No,,Tier 3,http://www.mangalmaymanagement.ac.in,info@mangalmaymanagement.ac.in,admissions@mangalmaymanagement.ac.in,placement@mangalmaymanagement.ac.in,+91-80-129-7446,Other Engineering Branches,B.Tech,60,330,1995,Urban,No,Yes
1-44641678889,1-44641678889,U-0164,LLOYD INSTITUTE OF MANAGEMENT & TECHNOLOGY,Active,Uttar Pradesh,Gautam Buddha Nagar,Gautam Buddha Nagar,"PLOT NO.11, KNOWLEDGE PARK-II",201386,28.549512,77.409002,Private-Self Financing,"Dr. A.P.J. Abdul Kalam Technical University, Uttar Pradesh, Lucknow",Approved,Approved,B+,No,,Tier 3,http://www.lloydmanagement.ac.in,info@lloydmanagement.ac.in,admissions@lloydmanagement.ac.in,placement@lloydmanagement.ac.in,+91-80-426-5587,Computer Science Engineering (CSE),B.Tech,180,360,2022,Rural,No,Yes
1-44641678889,1-44641678889,U-0164,LLOYD INSTITUTE OF MANAGEMENT & TECHNOLOGY,Active,Uttar Pradesh,Gautam Buddha Nagar,Gautam Buddha Nagar,"PLOT NO.11, KNOWLEDGE PARK-II",201386,28.549512,77.409002,Private-Self Financing,"Dr. A.P.J. Abdul Kalam Technical University, Uttar Pradesh, Lucknow",Approved,Approved,B+,No,,Tier 3,http://www.lloydmanagement.ac.in,info@lloydmanagement.ac.in,admissions@lloydmanagement.ac.in,placement@lloydmanagement.ac.in,+91-80-426-5587,Artificial Intelligence & Machine Learning (AI & ML),B.Tech,60,360,2022,Rural,No,Yes
1-44641678889,1-44641678889,U-0164,LLOYD INSTITUTE OF MANAGEMENT & TECHNOLOGY,Active,Uttar Pradesh,Gautam Buddha Nagar,Gautam Buddha Nagar,"PLOT NO.11, KNOWLEDGE PARK-II",201386,28.549512,77.409002,Private-Self Financing,"Dr. A.P.J. Abdul Kalam Technical University, Uttar Pradesh, Lucknow",Approved,Approved,B+,No,,Tier 3,http://www.lloydmanagement.ac.in,info@lloydmanagement.ac.in,admissions@lloydmanagement.ac.in,placement@lloydmanagement.ac.in,+91-80-426-5587,Data Science,B.Tech,60,360,2022,Rural,No,Yes
1-44641678889,1-44641678889,U-0164,LLOYD INSTITUTE OF MANAGEMENT & TECHNOLOGY,Active,Uttar Pradesh,Gautam Buddha Nagar,Gautam Buddha Nagar,"PLOT NO.11, KNOWLEDGE PARK-II",201386,28.549512,77.409002,Private-Self Financing,"Dr. A.P.J. Abdul Kalam Technical University, Uttar Pradesh, Lucknow",Approved,Approved,B+,No,,Tier 3,http://www.lloydmanagement.ac.in,info@lloydmanagement.ac.in,admissions@lloydmanagement.ac.in,placement@lloydmanagement.ac.in,+91-80-426-5587,Other Engineering Branches,B.Tech,30,360,2022,Rural,No,Yes
1-44641678889,1-44641678889,U-0164,LLOYD INSTITUTE OF MANAGEMENT & TECHNOLOGY,Active,Uttar Pradesh,Gautam Buddha Nagar,Gautam Buddha Nagar,"PLOT NO.11, KNOWLEDGE PARK-II",201386,28.549512,77.409002,Private-Self Financing,"Dr. A.P.J. Abdul Kalam Technical University, Uttar Pradesh, Lucknow",Approved,Approved,B+,No,,Tier 3,http://www.lloydmanagement.ac.in,info@lloydmanagement.ac.in,admissions@lloydmanagement.ac.in,placement@lloydmanagement.ac.in,+91-80-426-5587,Electronics & Communication Engineering (ECE),B.Tech,30,360,2022,Rural,No,Yes
1-44641935552,1-44641935552,U-0724,SHIV NADAR INSTITUTION OF EMINENCE DEEMED TO BE UNIVERSITY,Active,Uttar Pradesh,Gautam Buddha Nagar,Gautam Buddha Nagar,NH 91 TEHSIL DADRI,201386,28.545104,77.385069,Deemed to be University(Pvt),SELF,Approved,Approved,A+,No,,Tier 3,http://www.shivnadarinstitution.ac.in,info@shivnadarinstitution.ac.in,admissions@shivnadarinstitution.ac.in,placement@shivnadarinstitution.ac.in,+91-80-241-6602,Chemical Engineering,B.Tech,30,360,2001,Rural,Yes,Yes
1-44641935552,1-44641935552,U-0724,SHIV NADAR INSTITUTION OF EMINENCE DEEMED TO BE UNIVERSITY,Active,Uttar Pradesh,Gautam Buddha Nagar,Gautam Buddha Nagar,NH 91 TEHSIL DADRI,201386,28.545104,77.385069,Deemed to be University(Pvt),SELF,Approved,Approved,A+,No,,Tier 3,http://www.shivnadarinstitution.ac.in,info@shivnadarinstitution.ac.in,admissions@shivnadarinstitution.ac.in,placement@shivnadarinstitution.ac.in,+91-80-241-6602,Civil Engineering,B.Tech,30,360,2001,Rural,Yes,Yes
1-44641935552,1-44641935552,U-0724,SHIV NADAR INSTITUTION OF EMINENCE DEEMED TO BE UNIVERSITY,Active,Uttar Pradesh,Gautam Buddha Nagar,Gautam Buddha Nagar,NH 91 TEHSIL DADRI,201386,28.545104,77.385069,Deemed to be University(Pvt),SELF,Approved,Approved,A+,No,,Tier 3,http://www.shivnadarinstitution.ac.in,info@shivnadarinstitution.ac.in,admissions@shivnadarinstitution.ac.in,placement@shivnadarinstitution.ac.in,+91-80-241-6602,Computer Science Engineering (CSE),B.Tech,240,360,2001,Rural,Yes,Yes
1-44641935552,1-44641935552,U-0724,SHIV NADAR INSTITUTION OF EMINENCE DEEMED TO BE UNIVERSITY,Active,Uttar Pradesh,Gautam Buddha Nagar,Gautam Buddha Nagar,NH 91 TEHSIL DADRI,201386,28.545104,77.385069,Deemed to be University(Pvt),SELF,Approved,Approved,A+,No,,Tier 3,http://www.shivnadarinstitution.ac.in,info@shivnadarinstitution.ac.in,admissions@shivnadarinstitution.ac.in,placement@shivnadarinstitution.ac.in,+91-80-241-6602,Mechanical Engineering,B.Tech,60,360,2001,Rural,Yes,Yes
1-44643093078,1-44643093078,U-0164,JSS ACADEMY OF TECHNICAL EDUCATION,Active,Uttar Pradesh,Gautam Buddha Nagar,Gautam Buddha Nagar,"C 20/1, SECTOR 62, NOIDA-201301",201301,28.538351,77.402561,Private-Self Financing,"Dr. A.P.J. Abdul Kalam Technical University, Uttar Pradesh, Lucknow",Approved,Approved,Not Accredited,No,,Tier 3,http://www.jssacademytechnical.ac.in,info@jssacademytechnical.ac.in,admissions@jssacademytechnical.ac.in,placement@jssacademytechnical.ac.in,+91-80-958-4329,Computer Science Engineering (CSE),B.Tech,180,600,1997,Urban,No,Yes
1-44643093078,1-44643093078,U-0164,JSS ACADEMY OF TECHNICAL EDUCATION,Active,Uttar Pradesh,Gautam Buddha Nagar,Gautam Buddha Nagar,"C 20/1, SECTOR 62, NOIDA-201301",201301,28.538351,77.402561,Private-Self Financing,"Dr. A.P.J. Abdul Kalam Technical University, Uttar Pradesh, Lucknow",Approved,Approved,Not Accredited,No,,Tier 3,http://www.jssacademytechnical.ac.in,info@jssacademytechnical.ac.in,admissions@jssacademytechnical.ac.in,placement@jssacademytechnical.ac.in,+91-80-958-4329,Information Technology (IT),B.Tech,180,600,1997,Urban,No,Yes
1-44643093078,1-44643093078,U-0164,JSS ACADEMY OF TECHNICAL EDUCATION,Active,Uttar Pradesh,Gautam Buddha Nagar,Gautam Buddha Nagar,"C 20/1, SECTOR 62, NOIDA-201301",201301,28.538351,77.402561,Private-Self Financing,"Dr. A.P.J. Abdul Kalam Technical University, Uttar Pradesh, Lucknow",Approved,Approved,Not Accredited,No,,Tier 3,http://www.jssacademytechnical.ac.in,info@jssacademytechnical.ac.in,admissions@jssacademytechnical.ac.in,placement@jssacademytechnical.ac.in,+91-80-958-4329,Data Science,B.Tech,60,600,1997,Urban,No,Yes
1-44643093078,1-44643093078,U-0164,JSS ACADEMY OF TECHNICAL EDUCATION,Active,Uttar Pradesh,Gautam Buddha Nagar,Gautam Buddha Nagar,"C 20/1, SECTOR 62, NOIDA-201301",201301,28.538351,77.402561,Private-Self Financing,"Dr. A.P.J. Abdul Kalam Technical University, Uttar Pradesh, Lucknow",Approved,Approved,Not Accredited,No,,Tier 3,http://www.jssacademytechnical.ac.in,info@jssacademytechnical.ac.in,admissions@jssacademytechnical.ac.in,placement@jssacademytechnical.ac.in,+91-80-958-4329,Artificial Intelligence & Machine Learning (AI & ML),B.Tech,180,600,1997,Urban,No,Yes
1-44643137038,1-44643137038,U-0164,MGM'S COLLEGE OF ENGINEERING AND TECHNOLOGY,Active,Uttar Pradesh,Gautam Buddha Nagar,Gautam Buddha Nagar,"A-9, SECTOR-62, NOIDA",201386,28.534028,77.41037,Private-Self Financing,"Dr. A.P.J. Abdul Kalam Technical University, Uttar Pradesh, Lucknow",Approved,Approved,Not Accredited,No,,Tier 3,http://www.mgms.ac.in,info@mgms.ac.in,admissions@mgms.ac.in,placement@mgms.ac.in,+91-80-777-1131,Computer Science Engineering (CSE),B.Tech,120,300,1985,Urban,Yes,Yes
1-44643137038,1-44643137038,U-0164,MGM'S COLLEGE OF ENGINEERING AND TECHNOLOGY,Active,Uttar Pradesh,Gautam Buddha Nagar,Gautam Buddha Nagar,"A-9, SECTOR-62, NOIDA",201386,28.534028,77.41037,Private-Self Financing,"Dr. A.P.J. Abdul Kalam Technical University, Uttar Pradesh, Lucknow",Approved,Approved,Not Accredited,No,,Tier 3,http://www.mgms.ac.in,info@mgms.ac.in,admissions@mgms.ac.in,placement@mgms.ac.in,+91-80-777-1131,Electronics & Communication Engineering (ECE),B.Tech,30,300,1985,Urban,Yes,Yes
1-44643137038,1-44643137038,U-0164,MGM'S COLLEGE OF ENGINEERING AND TECHNOLOGY,Active,Uttar Pradesh,Gautam Buddha Nagar,Gautam Buddha Nagar,"A-9, SECTOR-62, NOIDA",201386,28.534028,77.41037,Private-Self Financing,"Dr. A.P.J. Abdul Kalam Technical University, Uttar Pradesh, Lucknow",Approved,Approved,Not Accredited,No,,Tier 3,http://www.mgms.ac.in,info@mgms.ac.in,admissions@mgms.ac.in,placement@mgms.ac.in,+91-80-777-1131,Mechanical Engineering,B.Tech,60,300,1985,Urban,Yes,Yes
1-44643137038,1-44643137038,U-0164,MGM'S COLLEGE OF ENGINEERING AND TECHNOLOGY,Active,Uttar Pradesh,Gautam Buddha Nagar,Gautam Buddha Nagar,"A-9, SECTOR-62, NOIDA",201386,28.534028,77.41037,Private-Self Financing,"Dr. A.P.J. Abdul Kalam Technical University, Uttar Pradesh, Lucknow",Approved,Approved,Not Accredited,No,,Tier 3,http://www.mgms.ac.in,info@mgms.ac.in,admissions@mgms.ac.in,placement@mgms.ac.in,+91-80-777-1131,Civil Engineering,B.Tech,30,300,1985,Urban,Yes,Yes
1-44643137038,1-44643137038,U-0164,MGM'S COLLEGE OF ENGINEERING AND TECHNOLOGY,Active,Uttar Pradesh,Gautam Buddha Nagar,Gautam Buddha Nagar,"A-9, SECTOR-62, NOIDA",201386,28.534028,77.41037,Private-Self Financing,"Dr. A.P.J. Abdul Kalam Technical University, Uttar Pradesh, Lucknow",Approved,Approved,Not Accredited,No,,Tier 3,http://www.mgms.ac.in,info@mgms.ac.in,admissions@mgms.ac.in,placement@mgms.ac.in,+91-80-777-1131,Artificial Intelligence & Machine Learning (AI & ML),B.Tech,60,300,1985,Urban,Yes,Yes
1-44643631153,1-44643631153,U-0663,JIMS ENGINEERING MANAGEMENT TECHNICAL CAMPUS,Active,Uttar Pradesh,Gautam Buddha Nagar,Gautam Buddha Nagar,"48/4,KNOWLEDGE PARK-III, GREATER NOIDA PIN-201306",201306,28.544783,77.402462,Private-Self Financing,"Guru Gobind Singh Indraprastha University, Delhi",Approved,Approved,B+,No,,Tier 3,http://www.jimsmanagementtechnical.ac.in,info@jimsmanagementtechnical.ac.in,admissions@jimsmanagementtechnical.ac.in,placement@jimsmanagementtechnical.ac.in,+91-80-228-2313,Computer Science Engineering (CSE),B.Tech,480,720,2011,Rural,No,Yes
1-44643631153,1-44643631153,U-0663,JIMS ENGINEERING MANAGEMENT TECHNICAL CAMPUS,Active,Uttar Pradesh,Gautam Buddha Nagar,Gautam Buddha Nagar,"48/4,KNOWLEDGE PARK-III, GREATER NOIDA PIN-201306",201306,28.544783,77.402462,Private-Self Financing,"Guru Gobind Singh Indraprastha University, Delhi",Approved,Approved,B+,No,,Tier 3,http://www.jimsmanagementtechnical.ac.in,info@jimsmanagementtechnical.ac.in,admissions@jimsmanagementtechnical.ac.in,placement@jimsmanagementtechnical.ac.in,+91-80-228-2313,Artificial Intelligence & Machine Learning (AI & ML),B.Tech,120,720,2011,Rural,No,Yes
1-44643631153,1-44643631153,U-0663,JIMS ENGINEERING MANAGEMENT TECHNICAL CAMPUS,Active,Uttar Pradesh,Gautam Buddha Nagar,Gautam Buddha Nagar,"48/4,KNOWLEDGE PARK-III, GREATER NOIDA PIN-201306",201306,28.544783,77.402462,Private-Self Financing,"Guru Gobind Singh Indraprastha University, Delhi",Approved,Approved,B+,No,,Tier 3,http://www.jimsmanagementtechnical.ac.in,info@jimsmanagementtechnical.ac.in,admissions@jimsmanagementtechnical.ac.in,placement@jimsmanagementtechnical.ac.in,+91-80-228-2313,Data Science,B.Tech,120,720,2011,Rural,No,Yes
1-44643391227,1-44643391227,U-0164,KCC INSTITUTE OF TECHNOLOGY AND MANAGEMENT,Active,Uttar Pradesh,Gautam Buddha Nagar,Gautam Buddha Nagar,"2B & 2C, KNOWLEDGE PARK III, GREATER NOIDA GAUTAMBUDH NAGAR",201386,28.539735,77.373691,Private-Self Financing,"Dr. A.P.J. Abdul Kalam Technical University, Uttar Pradesh, Lucknow",Approved,Approved,B+,No,,Tier 3,http://www.kccmanagement.ac.in,info@kccmanagement.ac.in,admissions@kccmanagement.ac.in,placement@kccmanagement.ac.in,+91-80-016-4753,Electronics & Communication Engineering (ECE),M.Tech,18,2664,2010,Rural,Yes,Yes
1-44643391227,1-44643391227,U-0164,KCC INSTITUTE OF TECHNOLOGY AND MANAGEMENT,Active,Uttar Pradesh,Gautam Buddha Nagar,Gautam Buddha Nagar,"2B & 2C, KNOWLEDGE PARK III, GREATER NOIDA GAUTAMBUDH NAGAR",201386,28.539735,77.373691,Private-Self Financing,"Dr. A.P.J. Abdul Kalam Technical University, Uttar Pradesh, Lucknow",Approved,Approved,B+,No,,Tier 3,http://www.kccmanagement.ac.in,info@kccmanagement.ac.in,admissions@kccmanagement.ac.in,placement@kccmanagement.ac.in,+91-80-016-4753,Computer Science Engineering (CSE),B.Tech,1800,2664,2010,Rural,Yes,Yes
1-44643391227,1-44643391227,U-0164,KCC INSTITUTE OF TECHNOLOGY AND MANAGEMENT,Active,Uttar Pradesh,Gautam Buddha Nagar,Gautam Buddha Nagar,"2B & 2C, KNOWLEDGE PARK III, GREATER NOIDA GAUTAMBUDH NAGAR",201386,28.539735,77.373691,Private-Self Financing,"Dr. A.P.J. Abdul Kalam Technical University, Uttar Pradesh, Lucknow",Approved,Approved,B+,No,,Tier 3,http://www.kccmanagement.ac.in,info@kccmanagement.ac.in,admissions@kccmanagement.ac.in,placement@kccmanagement.ac.in,+91-80-016-4753,Mechanical Engineering,B.Tech,30,2664,2010,Rural,Yes,Yes
1-44643391227,1-44643391227,U-0164,KCC INSTITUTE OF TECHNOLOGY AND MANAGEMENT,Active,Uttar Pradesh,Gautam Buddha Nagar,Gautam Buddha Nagar,"2B & 2C, KNOWLEDGE PARK III, GREATER NOIDA GAUTAMBUDH NAGAR",201386,28.539735,77.373691,Private-Self Financing,"Dr. A.P.J. Abdul Kalam Technical University, Uttar Pradesh, Lucknow",Approved,Approved,B+,No,,Tier 3,http://www.kccmanagement.ac.in,info@kccmanagement.ac.in,admissions@kccmanagement.ac.in,placement@kccmanagement.ac.in,+91-80-016-4753,Electronics & Communication Engineering (ECE),B.Tech,30,2664,2010,Rural,Yes,Yes
1-44643391227,1-44643391227,U-0164,KCC INSTITUTE OF TECHNOLOGY AND MANAGEMENT,Active,Uttar Pradesh,Gautam Buddha Nagar,Gautam Buddha Nagar,"2B & 2C, KNOWLEDGE PARK III, GREATER NOIDA GAUTAMBUDH NAGAR",201386,28.539735,77.373691,Private-Self Financing,"Dr. A.P.J. Abdul Kalam Technical University, Uttar Pradesh, Lucknow",Approved,Approved,B+,No,,Tier 3,http://www.kccmanagement.ac.in,info@kccmanagement.ac.in,admissions@kccmanagement.ac.in,placement@kccmanagement.ac.in,+91-80-016-4753,Mechanical Engineering,M.Tech,18,2664,2010,Rural,Yes,Yes
1-44643391227,1-44643391227,U-0164,KCC INSTITUTE OF TECHNOLOGY AND MANAGEMENT,Active,Uttar Pradesh,Gautam Buddha Nagar,Gautam Buddha Nagar,"2B & 2C, KNOWLEDGE PARK III, GREATER NOIDA GAUTAMBUDH NAGAR",201386,28.539735,77.373691,Private-Self Financing,"Dr. A.P.J. Abdul Kalam Technical University, Uttar Pradesh, Lucknow",Approved,Approved,B+,No,,Tier 3,http://www.kccmanagement.ac.in,info@kccmanagement.ac.in,admissions@kccmanagement.ac.in,placement@kccmanagement.ac.in,+91-80-016-4753,Computer Science Engineering (CSE),M.Tech,18,2664,2010,Rural,Yes,Yes
1-44643391227,1-44643391227,U-0164,KCC INSTITUTE OF TECHNOLOGY AND MANAGEMENT,Active,Uttar Pradesh,Gautam Buddha Nagar,Gautam Buddha Nagar,"2B & 2C, KNOWLEDGE PARK III, GREATER NOIDA GAUTAMBUDH NAGAR",201386,28.539735,77.373691,Private-Self Financing,"Dr. A.P.J. Abdul Kalam Technical University, Uttar Pradesh, Lucknow",Approved,Approved,B+,No,,Tier 3,http://www.kccmanagement.ac.in,info@kccmanagement.ac.in,admissions@kccmanagement.ac.in,placement@kccmanagement.ac.in,+91-80-016-4753,Data Science,B.Tech,300,2664,2010,Rural,Yes,Yes
1-44643391227,1-44643391227,U-0164,KCC INSTITUTE OF TECHNOLOGY AND MANAGEMENT,Active,Uttar Pradesh,Gautam Buddha Nagar,Gautam Buddha Nagar,"2B & 2C, KNOWLEDGE PARK III, GREATER NOIDA GAUTAMBUDH NAGAR",201386,28.539735,77.373691,Private-Self Financing,"Dr. A.P.J. Abdul Kalam Technical University, Uttar Pradesh, Lucknow",Approved,Approved,B+,No,,Tier 3,http://www.kccmanagement.ac.in,info@kccmanagement.ac.in,admissions@kccmanagement.ac.in,placement@kccmanagement.ac.in,+91-80-016-4753,Artificial Intelligence & Machine Learning (AI & ML),B.Tech,450,2664,2010,Rural,Yes,Yes
1-44643792670,1-44643792670,U-0164,VIKRAM SARABHAI INSTITUTE OF ENGINEERING AND TECHNOLOGY,Active,Uttar Pradesh,Gautam Buddha Nagar,Gautam Buddha Nagar,"PLOT NO. 6B/1, KNOWLEDGE PARK - II",201386,28.534273,77.388747,Private-Self Financing,"Dr. A.P.J. Abdul Kalam Technical University, Uttar Pradesh, Lucknow",Approved,Approved,A,No,,Tier 3,http://www.vikramsarabhai.ac.in,info@vikramsarabhai.ac.in,admissions@vikramsarabhai.ac.in,placement@vikramsarabhai.ac.in,+91-80-787-3905,Computer Science Engineering (CSE),B.Tech,270,360,2010,Urban,Yes,No
1-44643792670,1-44643792670,U-0164,VIKRAM SARABHAI INSTITUTE OF ENGINEERING AND TECHNOLOGY,Active,Uttar Pradesh,Gautam Buddha Nagar,Gautam Buddha Nagar,"PLOT NO. 6B/1, KNOWLEDGE PARK - II",201386,28.534273,77.388747,Private-Self Financing,"Dr. A.P.J. Abdul Kalam Technical University, Uttar Pradesh, Lucknow",Approved,Approved,A,No,,Tier 3,http://www.vikramsarabhai.ac.in,info@vikramsarabhai.ac.in,admissions@vikramsarabhai.ac.in,placement@vikramsarabhai.ac.in,+91-80-787-3905,Electronics & Communication Engineering (ECE),B.Tech,30,360,2010,Urban,Yes,No
1-44643792670,1-44643792670,U-0164,VIKRAM SARABHAI INSTITUTE OF ENGINEERING AND TECHNOLOGY,Active,Uttar Pradesh,Gautam Buddha Nagar,Gautam Buddha Nagar,"PLOT NO. 6B/1, KNOWLEDGE PARK - II",201386,28.534273,77.388747,Private-Self Financing,"Dr. A.P.J. Abdul Kalam Technical University, Uttar Pradesh, Lucknow",Approved,Approved,A,No,,Tier 3,http://www.vikramsarabhai.ac.in,info@vikramsarabhai.ac.in,admissions@vikramsarabhai.ac.in,placement@vikramsarabhai.ac.in,+91-80-787-3905,Electrical Engineering,B.Tech,30,360,2010,Urban,Yes,No
1-44643792670,1-44643792670,U-0164,VIKRAM SARABHAI INSTITUTE OF ENGINEERING AND TECHNOLOGY,Active,Uttar Pradesh,Gautam Buddha Nagar,Gautam Buddha Nagar,"PLOT NO. 6B/1, KNOWLEDGE PARK - II",201386,28.534273,77.388747,Private-Self Financing,"Dr. A.P.J. Abdul Kalam Technical University, Uttar Pradesh, Lucknow",Approved,Approved,A,No,,Tier 3,http://www.vikramsarabhai.ac.in,info@vikramsarabhai.ac.in,admissions@vikramsarabhai.ac.in,placement@vikramsarabhai.ac.in,+91-80-787-3905,Information Technology (IT),B.Tech,30,360,2010,Urban,Yes,No
1-44643183899,1-44643183899,U-0164,G.L. BAJAJ INSTITUTE OF TECHNOLOGY AND MANAGEMENT,Active,Uttar Pradesh,Gautam Buddha Nagar,Gautam Buddha Nagar,"PLOT NO :2,KNOWLEDGE PARK - III",201386,28.538594,77.408723,Private-Self Financing,"Dr. A.P.J. Abdul Kalam Technical University, Uttar Pradesh, Lucknow",Approved,Approved,A,No,,Tier 3,http://www.glbajajmanagement.ac.in,info@glbajajmanagement.ac.in,admissions@glbajajmanagement.ac.in,placement@glbajajmanagement.ac.in,+91-80-968-6257,Computer Science Engineering (CSE),B.Tech,1320,2298,2022,Urban,Yes,Yes
1-44643183899,1-44643183899,U-0164,G.L. BAJAJ INSTITUTE OF TECHNOLOGY AND MANAGEMENT,Active,Uttar Pradesh,Gautam Buddha Nagar,Gautam Buddha Nagar,"PLOT NO :2,KNOWLEDGE PARK - III",201386,28.538594,77.408723,Private-Self Financing,"Dr. A.P.J. Abdul Kalam Technical University, Uttar Pradesh, Lucknow",Approved,Approved,A,No,,Tier 3,http://www.glbajajmanagement.ac.in,info@glbajajmanagement.ac.in,admissions@glbajajmanagement.ac.in,placement@glbajajmanagement.ac.in,+91-80-968-6257,Electronics & Communication Engineering (ECE),B.Tech,120,2298,2022,Urban,Yes,Yes
1-44643183899,1-44643183899,U-0164,G.L. BAJAJ INSTITUTE OF TECHNOLOGY AND MANAGEMENT,Active,Uttar Pradesh,Gautam Buddha Nagar,Gautam Buddha Nagar,"PLOT NO :2,KNOWLEDGE PARK - III",201386,28.538594,77.408723,Private-Self Financing,"Dr. A.P.J. Abdul Kalam Technical University, Uttar Pradesh, Lucknow",Approved,Approved,A,No,,Tier 3,http://www.glbajajmanagement.ac.in,info@glbajajmanagement.ac.in,admissions@glbajajmanagement.ac.in,placement@glbajajmanagement.ac.in,+91-80-968-6257,Mechanical Engineering,B.Tech,60,2298,2022,Urban,Yes,Yes
1-44643183899,1-44643183899,U-0164,G.L. BAJAJ INSTITUTE OF TECHNOLOGY AND MANAGEMENT,Active,Uttar Pradesh,Gautam Buddha Nagar,Gautam Buddha Nagar,"PLOT NO :2,KNOWLEDGE PARK - III",201386,28.538594,77.408723,Private-Self Financing,"Dr. A.P.J. Abdul Kalam Technical University, Uttar Pradesh, Lucknow",Approved,Approved,A,No,,Tier 3,http://www.glbajajmanagement.ac.in,info@glbajajmanagement.ac.in,admissions@glbajajmanagement.ac.in,placement@glbajajmanagement.ac.in,+91-80-968-6257,Electrical & Electronics Engineering (EEE),B.Tech,60,2298,2022,Urban,Yes,Yes
1-44643183899,1-44643183899,U-0164,G.L. BAJAJ INSTITUTE OF TECHNOLOGY AND MANAGEMENT,Active,Uttar Pradesh,Gautam Buddha Nagar,Gautam Buddha Nagar,"PLOT NO :2,KNOWLEDGE PARK - III",201386,28.538594,77.408723,Private-Self Financing,"Dr. A.P.J. Abdul Kalam Technical University, Uttar Pradesh, Lucknow",Approved,Approved,A,No,,Tier 3,http://www.glbajajmanagement.ac.in,info@glbajajmanagement.ac.in,admissions@glbajajmanagement.ac.in,placement@glbajajmanagement.ac.in,+91-80-968-6257,Artificial Intelligence & Machine Learning (AI & ML),B.Tech,360,2298,2022,Urban,Yes,Yes
1-44643183899,1-44643183899,U-0164,G.L. BAJAJ INSTITUTE OF TECHNOLOGY AND MANAGEMENT,Active,Uttar Pradesh,Gautam Buddha Nagar,Gautam Buddha Nagar,"PLOT NO :2,KNOWLEDGE PARK - III",201386,28.538594,77.408723,Private-Self Financing,"Dr. A.P.J. Abdul Kalam Technical University, Uttar Pradesh, Lucknow",Approved,Approved,A,No,,Tier 3,http://www.glbajajmanagement.ac.in,info@glbajajmanagement.ac.in,admissions@glbajajmanagement.ac.in,placement@glbajajmanagement.ac.in,+91-80-968-6257,Data Science,B.Tech,360,2298,2022,Urban,Yes,Yes
1-44643183899,1-44643183899,U-0164,G.L. BAJAJ INSTITUTE OF TECHNOLOGY AND MANAGEMENT,Active,Uttar Pradesh,Gautam Buddha Nagar,Gautam Buddha Nagar,"PLOT NO :2,KNOWLEDGE PARK - III",201386,28.538594,77.408723,Private-Self Financing,"Dr. A.P.J. Abdul Kalam Technical University, Uttar Pradesh, Lucknow",Approved,Approved,A,No,,Tier 3,http://www.glbajajmanagement.ac.in,info@glbajajmanagement.ac.in,admissions@glbajajmanagement.ac.in,placement@glbajajmanagement.ac.in,+91-80-968-6257,Computer Science Engineering (CSE),M.Tech,18,2298,2022,Urban,Yes,Yes
1-44643315366,1-44643315366,U-0164,"UNITED COLLEGE OF ENGINEERING & RESEARCH, GREATER NOIDA",Active,Uttar Pradesh,Gautam Buddha Nagar,Gautam Buddha Nagar,"50, KNOWLEDGE PARK III, GREATER NOIDA",201386,28.521989,77.401083,Private-Self Financing,"Dr. A.P.J. Abdul Kalam Technical University, Uttar Pradesh, Lucknow",Approved,Approved,B++,Yes,,Tier 3,http://www.unitedresearchgreater.ac.in,info@unitedresearchgreater.ac.in,admissions@unitedresearchgreater.ac.in,placement@unitedresearchgreater.ac.in,+91-80-272-1984,Mechanical Engineering,B.Tech,30,444,1999,Urban,No,No
1-44643315366,1-44643315366,U-0164,"UNITED COLLEGE OF ENGINEERING & RESEARCH, GREATER NOIDA",Active,Uttar Pradesh,Gautam Buddha Nagar,Gautam Buddha Nagar,"50, KNOWLEDGE PARK III, GREATER NOIDA",201386,28.521989,77.401083,Private-Self Financing,"Dr. A.P.J. Abdul Kalam Technical University, Uttar Pradesh, Lucknow",Approved,Approved,B++,Yes,,Tier 3,http://www.unitedresearchgreater.ac.in,info@unitedresearchgreater.ac.in,admissions@unitedresearchgreater.ac.in,placement@unitedresearchgreater.ac.in,+91-80-272-1984,Computer Science Engineering (CSE),B.Tech,210,444,1999,Urban,No,No
1-44643315366,1-44643315366,U-0164,"UNITED COLLEGE OF ENGINEERING & RESEARCH, GREATER NOIDA",Active,Uttar Pradesh,Gautam Buddha Nagar,Gautam Buddha Nagar,"50, KNOWLEDGE PARK III, GREATER NOIDA",201386,28.521989,77.401083,Private-Self Financing,"Dr. A.P.J. Abdul Kalam Technical University, Uttar Pradesh, Lucknow",Approved,Approved,B++,Yes,,Tier 3,http://www.unitedresearchgreater.ac.in,info@unitedresearchgreater.ac.in,admissions@unitedresearchgreater.ac.in,placement@unitedresearchgreater.ac.in,+91-80-272-1984,Electronics & Communication Engineering (ECE),B.Tech,60,444,1999,Urban,No,No
1-44643315366,1-44643315366,U-0164,"UNITED COLLEGE OF ENGINEERING & RESEARCH, GREATER NOIDA",Active,Uttar Pradesh,Gautam Buddha Nagar,Gautam Buddha Nagar,"50, KNOWLEDGE PARK III, GREATER NOIDA",201386,28.521989,77.401083,Private-Self Financing,"Dr. A.P.J. Abdul Kalam Technical University, Uttar Pradesh, Lucknow",Approved,Approved,B++,Yes,,Tier 3,http://www.unitedresearchgreater.ac.in,info@unitedresearchgreater.ac.in,admissions@unitedresearchgreater.ac.in,placement@unitedresearchgreater.ac.in,+91-80-272-1984,Electrical Engineering,B.Tech,30,444,1999,Urban,No,No
1-44643315366,1-44643315366,U-0164,"UNITED COLLEGE OF ENGINEERING & RESEARCH, GREATER NOIDA",Active,Uttar Pradesh,Gautam Buddha Nagar,Gautam Buddha Nagar,"50, KNOWLEDGE PARK III, GREATER NOIDA",201386,28.521989,77.401083,Private-Self Financing,"Dr. A.P.J. Abdul Kalam Technical University, Uttar Pradesh, Lucknow",Approved,Approved,B++,Yes,,Tier 3,http://www.unitedresearchgreater.ac.in,info@unitedresearchgreater.ac.in,admissions@unitedresearchgreater.ac.in,placement@unitedresearchgreater.ac.in,+91-80-272-1984,Civil Engineering,B.Tech,30,444,1999,Urban,No,No
1-44643315366,1-44643315366,U-0164,"UNITED COLLEGE OF ENGINEERING & RESEARCH, GREATER NOIDA",Active,Uttar Pradesh,Gautam Buddha Nagar,Gautam Buddha Nagar,"50, KNOWLEDGE PARK III, GREATER NOIDA",201386,28.521989,77.401083,Private-Self Financing,"Dr. A.P.J. Abdul Kalam Technical University, Uttar Pradesh, Lucknow",Approved,Approved,B++,Yes,,Tier 3,http://www.unitedresearchgreater.ac.in,info@unitedresearchgreater.ac.in,admissions@unitedresearchgreater.ac.in,placement@unitedresearchgreater.ac.in,+91-80-272-1984,Computer Science Engineering (CSE),M.Tech,12,444,1999,Urban,No,No
1-44643315366,1-44643315366,U-0164,"UNITED COLLEGE OF ENGINEERING & RESEARCH, GREATER NOIDA",Active,Uttar Pradesh,Gautam Buddha Nagar,Gautam Buddha Nagar,"50, KNOWLEDGE PARK III, GREATER NOIDA",201386,28.521989,77.401083,Private-Self Financing,"Dr. A.P.J. Abdul Kalam Technical University, Uttar Pradesh, Lucknow",Approved,Approved,B++,Yes,,Tier 3,http://www.unitedresearchgreater.ac.in,info@unitedresearchgreater.ac.in,admissions@unitedresearchgreater.ac.in,placement@unitedresearchgreater.ac.in,+91-80-272-1984,Electronics & Communication Engineering (ECE),M.Tech,12,444,1999,Urban,No,No
1-44643315366,1-44643315366,U-0164,"UNITED COLLEGE OF ENGINEERING & RESEARCH, GREATER NOIDA",Active,Uttar Pradesh,Gautam Buddha Nagar,Gautam Buddha Nagar,"50, KNOWLEDGE PARK III, GREATER NOIDA",201386,28.521989,77.401083,Private-Self Financing,"Dr. A.P.J. Abdul Kalam Technical University, Uttar Pradesh, Lucknow",Approved,Approved,B++,Yes,,Tier 3,http://www.unitedresearchgreater.ac.in,info@unitedresearchgreater.ac.in,admissions@unitedresearchgreater.ac.in,placement@unitedresearchgreater.ac.in,+91-80-272-1984,Artificial Intelligence & Machine Learning (AI & ML),B.Tech,60,444,1999,Urban,No,No
1-44642809844,1-44642809844,U-0164,DRONACHARYA GROUP OF INSTITUTIONS,Active,Uttar Pradesh,Gautam Buddha Nagar,Gautam Buddha Nagar,"B-27, KNOWLEDGE PARK-III, GREATER NOIDA-201308",201308,28.533345,77.387829,Private-Self Financing,"Dr. A.P.J. Abdul Kalam Technical University, Uttar Pradesh, Lucknow",Approved,Approved,A,No,,Tier 3,http://www.dronacharya.ac.in,info@dronacharya.ac.in,admissions@dronacharya.ac.in,placement@dronacharya.ac.in,+91-80-748-4779,Computer Science Engineering (CSE),B.Tech,360,642,2001,Urban,Yes,Yes
1-44642809844,1-44642809844,U-0164,DRONACHARYA GROUP OF INSTITUTIONS,Active,Uttar Pradesh,Gautam Buddha Nagar,Gautam Buddha Nagar,"B-27, KNOWLEDGE PARK-III, GREATER NOIDA-201308",201308,28.533345,77.387829,Private-Self Financing,"Dr. A.P.J. Abdul Kalam Technical University, Uttar Pradesh, Lucknow",Approved,Approved,A,No,,Tier 3,http://www.dronacharya.ac.in,info@dronacharya.ac.in,admissions@dronacharya.ac.in,placement@dronacharya.ac.in,+91-80-748-4779,Electronics & Communication Engineering (ECE),B.Tech,60,642,2001,Urban,Yes,Yes
1-44642809844,1-44642809844,U-0164,DRONACHARYA GROUP OF INSTITUTIONS,Active,Uttar Pradesh,Gautam Buddha Nagar,Gautam Buddha Nagar,"B-27, KNOWLEDGE PARK-III, GREATER NOIDA-201308",201308,28.533345,77.387829,Private-Self Financing,"Dr. A.P.J. Abdul Kalam Technical University, Uttar Pradesh, Lucknow",Approved,Approved,A,No,,Tier 3,http://www.dronacharya.ac.in,info@dronacharya.ac.in,admissions@dronacharya.ac.in,placement@dronacharya.ac.in,+91-80-748-4779,Mechanical Engineering,B.Tech,30,642,2001,Urban,Yes,Yes
1-44642809844,1-44642809844,U-0164,DRONACHARYA GROUP OF INSTITUTIONS,Active,Uttar Pradesh,Gautam Buddha Nagar,Gautam Buddha Nagar,"B-27, KNOWLEDGE PARK-III, GREATER NOIDA-201308",201308,28.533345,77.387829,Private-Self Financing,"Dr. A.P.J. Abdul Kalam Technical University, Uttar Pradesh, Lucknow",Approved,Approved,A,No,,Tier 3,http://www.dronacharya.ac.in,info@dronacharya.ac.in,admissions@dronacharya.ac.in,placement@dronacharya.ac.in,+91-80-748-4779,Information Technology (IT),B.Tech,60,642,2001,Urban,Yes,Yes
1-44642809844,1-44642809844,U-0164,DRONACHARYA GROUP OF INSTITUTIONS,Active,Uttar Pradesh,Gautam Buddha Nagar,Gautam Buddha Nagar,"B-27, KNOWLEDGE PARK-III, GREATER NOIDA-201308",201308,28.533345,77.387829,Private-Self Financing,"Dr. A.P.J. Abdul Kalam Technical University, Uttar Pradesh, Lucknow",Approved,Approved,A,No,,Tier 3,http://www.dronacharya.ac.in,info@dronacharya.ac.in,admissions@dronacharya.ac.in,placement@dronacharya.ac.in,+91-80-748-4779,Electrical & Electronics Engineering (EEE),B.Tech,60,642,2001,Urban,Yes,Yes
1-44642809844,1-44642809844,U-0164,DRONACHARYA GROUP OF INSTITUTIONS,Active,Uttar Pradesh,Gautam Buddha Nagar,Gautam Buddha Nagar,"B-27, KNOWLEDGE PARK-III, GREATER NOIDA-201308",201308,28.533345,77.387829,Private-Self Financing,"Dr. A.P.J. Abdul Kalam Technical University, Uttar Pradesh, Lucknow",Approved,Approved,A,No,,Tier 3,http://www.dronacharya.ac.in,info@dronacharya.ac.in,admissions@dronacharya.ac.in,placement@dronacharya.ac.in,+91-80-748-4779,Artificial Intelligence & Machine Learning (AI & ML),B.Tech,60,642,2001,Urban,Yes,Yes
1-44642809844,1-44642809844,U-0164,DRONACHARYA GROUP OF INSTITUTIONS,Active,Uttar Pradesh,Gautam Buddha Nagar,Gautam Buddha Nagar,"B-27, KNOWLEDGE PARK-III, GREATER NOIDA-201308",201308,28.533345,77.387829,Private-Self Financing,"Dr. A.P.J. Abdul Kalam Technical University, Uttar Pradesh, Lucknow",Approved,Approved,A,No,,Tier 3,http://www.dronacharya.ac.in,info@dronacharya.ac.in,admissions@dronacharya.ac.in,placement@dronacharya.ac.in,+91-80-748-4779,Electronics & Communication Engineering (ECE),M.Tech,12,642,2001,Urban,Yes,Yes
1-44642766198,1-44642766198,U-0164,GALGOTIAS COLLEGE OF ENGINEERING & TECHNOLOGY,Active,Uttar Pradesh,Gautam Buddha Nagar,Gautam Buddha Nagar,"PLOT NO 1, KNOWLEDGE PARK, PHASE II, INSTITUTIONAL AREA, GREATER NOIDA, UP.",201386,28.533531,77.384021,Private-Self Financing,"Dr. A.P.J. Abdul Kalam Technical University, Uttar Pradesh, Lucknow",Approved,Approved,A,No,,Tier 3,http://www.galgotias.ac.in,info@galgotias.ac.in,admissions@galgotias.ac.in,placement@galgotias.ac.in,+91-80-756-2579,Computer Science Engineering (CSE),B.Tech,420,1500,2020,Urban,Yes,Yes
1-44642766198,1-44642766198,U-0164,GALGOTIAS COLLEGE OF ENGINEERING & TECHNOLOGY,Active,Uttar Pradesh,Gautam Buddha Nagar,Gautam Buddha Nagar,"PLOT NO 1, KNOWLEDGE PARK, PHASE II, INSTITUTIONAL AREA, GREATER NOIDA, UP.",201386,28.533531,77.384021,Private-Self Financing,"Dr. A.P.J. Abdul Kalam Technical University, Uttar Pradesh, Lucknow",Approved,Approved,A,No,,Tier 3,http://www.galgotias.ac.in,info@galgotias.ac.in,admissions@galgotias.ac.in,placement@galgotias.ac.in,+91-80-756-2579,Information Technology (IT),B.Tech,120,1500,2020,Urban,Yes,Yes
1-44642766198,1-44642766198,U-0164,GALGOTIAS COLLEGE OF ENGINEERING & TECHNOLOGY,Active,Uttar Pradesh,Gautam Buddha Nagar,Gautam Buddha Nagar,"PLOT NO 1, KNOWLEDGE PARK, PHASE II, INSTITUTIONAL AREA, GREATER NOIDA, UP.",201386,28.533531,77.384021,Private-Self Financing,"Dr. A.P.J. Abdul Kalam Technical University, Uttar Pradesh, Lucknow",Approved,Approved,A,No,,Tier 3,http://www.galgotias.ac.in,info@galgotias.ac.in,admissions@galgotias.ac.in,placement@galgotias.ac.in,+91-80-756-2579,Electronics & Communication Engineering (ECE),B.Tech,240,1500,2020,Urban,Yes,Yes
1-44642766198,1-44642766198,U-0164,GALGOTIAS COLLEGE OF ENGINEERING & TECHNOLOGY,Active,Uttar Pradesh,Gautam Buddha Nagar,Gautam Buddha Nagar,"PLOT NO 1, KNOWLEDGE PARK, PHASE II, INSTITUTIONAL AREA, GREATER NOIDA, UP.",201386,28.533531,77.384021,Private-Self Financing,"Dr. A.P.J. Abdul Kalam Technical University, Uttar Pradesh, Lucknow",Approved,Approved,A,No,,Tier 3,http://www.galgotias.ac.in,info@galgotias.ac.in,admissions@galgotias.ac.in,placement@galgotias.ac.in,+91-80-756-2579,Mechanical Engineering,B.Tech,60,1500,2020,Urban,Yes,Yes
1-44642766198,1-44642766198,U-0164,GALGOTIAS COLLEGE OF ENGINEERING & TECHNOLOGY,Active,Uttar Pradesh,Gautam Buddha Nagar,Gautam Buddha Nagar,"PLOT NO 1, KNOWLEDGE PARK, PHASE II, INSTITUTIONAL AREA, GREATER NOIDA, UP.",201386,28.533531,77.384021,Private-Self Financing,"Dr. A.P.J. Abdul Kalam Technical University, Uttar Pradesh, Lucknow",Approved,Approved,A,No,,Tier 3,http://www.galgotias.ac.in,info@galgotias.ac.in,admissions@galgotias.ac.in,placement@galgotias.ac.in,+91-80-756-2579,Civil Engineering,B.Tech,60,1500,2020,Urban,Yes,Yes
1-44642766198,1-44642766198,U-0164,GALGOTIAS COLLEGE OF ENGINEERING & TECHNOLOGY,Active,Uttar Pradesh,Gautam Buddha Nagar,Gautam Buddha Nagar,"PLOT NO 1, KNOWLEDGE PARK, PHASE II, INSTITUTIONAL AREA, GREATER NOIDA, UP.",201386,28.533531,77.384021,Private-Self Financing,"Dr. A.P.J. Abdul Kalam Technical University, Uttar Pradesh, Lucknow",Approved,Approved,A,No,,Tier 3,http://www.galgotias.ac.in,info@galgotias.ac.in,admissions@galgotias.ac.in,placement@galgotias.ac.in,+91-80-756-2579,Electrical & Electronics Engineering (EEE),B.Tech,60,1500,2020,Urban,Yes,Yes
1-44642766198,1-44642766198,U-0164,GALGOTIAS COLLEGE OF ENGINEERING & TECHNOLOGY,Active,Uttar Pradesh,Gautam Buddha Nagar,Gautam Buddha Nagar,"PLOT NO 1, KNOWLEDGE PARK, PHASE II, INSTITUTIONAL AREA, GREATER NOIDA, UP.",201386,28.533531,77.384021,Private-Self Financing,"Dr. A.P.J. Abdul Kalam Technical University, Uttar Pradesh, Lucknow",Approved,Approved,A,No,,Tier 3,http://www.galgotias.ac.in,info@galgotias.ac.in,admissions@galgotias.ac.in,placement@galgotias.ac.in,+91-80-756-2579,Electrical Engineering,B.Tech,60,1500,2020,Urban,Yes,Yes
1-44642766198,1-44642766198,U-0164,GALGOTIAS COLLEGE OF ENGINEERING & TECHNOLOGY,Active,Uttar Pradesh,Gautam Buddha Nagar,Gautam Buddha Nagar,"PLOT NO 1, KNOWLEDGE PARK, PHASE II, INSTITUTIONAL AREA, GREATER NOIDA, UP.",201386,28.533531,77.384021,Private-Self Financing,"Dr. A.P.J. Abdul Kalam Technical University, Uttar Pradesh, Lucknow",Approved,Approved,A,No,,Tier 3,http://www.galgotias.ac.in,info@galgotias.ac.in,admissions@galgotias.ac.in,placement@galgotias.ac.in,+91-80-756-2579,Data Science,B.Tech,180,1500,2020,Urban,Yes,Yes
1-44642766198,1-44642766198,U-0164,GALGOTIAS COLLEGE OF ENGINEERING & TECHNOLOGY,Active,Uttar Pradesh,Gautam Buddha Nagar,Gautam Buddha Nagar,"PLOT NO 1, KNOWLEDGE PARK, PHASE II, INSTITUTIONAL AREA, GREATER NOIDA, UP.",201386,28.533531,77.384021,Private-Self Financing,"Dr. A.P.J. Abdul Kalam Technical University, Uttar Pradesh, Lucknow",Approved,Approved,A,No,,Tier 3,http://www.galgotias.ac.in,info@galgotias.ac.in,admissions@galgotias.ac.in,placement@galgotias.ac.in,+91-80-756-2579,Artificial Intelligence & Machine Learning (AI & ML),B.Tech,240,1500,2020,Urban,Yes,Yes
1-44642766198,1-44642766198,U-0164,GALGOTIAS COLLEGE OF ENGINEERING & TECHNOLOGY,Active,Uttar Pradesh,Gautam Buddha Nagar,Gautam Buddha Nagar,"PLOT NO 1, KNOWLEDGE PARK, PHASE II, INSTITUTIONAL AREA, GREATER NOIDA, UP.",201386,28.533531,77.384021,Private-Self Financing,"Dr. A.P.J. Abdul Kalam Technical University, Uttar Pradesh, Lucknow",Approved,Approved,A,No,,Tier 3,http://www.galgotias.ac.in,info@galgotias.ac.in,admissions@galgotias.ac.in,placement@galgotias.ac.in,+91-80-756-2579,Other Engineering Branches,B.Tech,60,1500,2020,Urban,Yes,Yes
1-44643065276,1-44643065276,U-0164,IIMT COLLEGE OF ENGINEERING,Active,Uttar Pradesh,Gautam Buddha Nagar,Gautam Buddha Nagar,"PLOT NO A-20, KP-III, GREATER NOIDA",201386,28.534791,77.402221,Private-Self Financing,"Dr. A.P.J. Abdul Kalam Technical University, Uttar Pradesh, Lucknow",Approved,Approved,A,No,,Tier 3,http://www.iimt.ac.in,info@iimt.ac.in,admissions@iimt.ac.in,placement@iimt.ac.in,+91-80-809-1335,Computer Science Engineering (CSE),B.Tech,360,816,2020,Urban,No,Yes
1-44643065276,1-44643065276,U-0164,IIMT COLLEGE OF ENGINEERING,Active,Uttar Pradesh,Gautam Buddha Nagar,Gautam Buddha Nagar,"PLOT NO A-20, KP-III, GREATER NOIDA",201386,28.534791,77.402221,Private-Self Financing,"Dr. A.P.J. Abdul Kalam Technical University, Uttar Pradesh, Lucknow",Approved,Approved,A,No,,Tier 3,http://www.iimt.ac.in,info@iimt.ac.in,admissions@iimt.ac.in,placement@iimt.ac.in,+91-80-809-1335,Information Technology (IT),B.Tech,60,816,2020,Urban,No,Yes
1-44643065276,1-44643065276,U-0164,IIMT COLLEGE OF ENGINEERING,Active,Uttar Pradesh,Gautam Buddha Nagar,Gautam Buddha Nagar,"PLOT NO A-20, KP-III, GREATER NOIDA",201386,28.534791,77.402221,Private-Self Financing,"Dr. A.P.J. Abdul Kalam Technical University, Uttar Pradesh, Lucknow",Approved,Approved,A,No,,Tier 3,http://www.iimt.ac.in,info@iimt.ac.in,admissions@iimt.ac.in,placement@iimt.ac.in,+91-80-809-1335,Electronics & Communication Engineering (ECE),B.Tech,60,816,2020,Urban,No,Yes
1-44643065276,1-44643065276,U-0164,IIMT COLLEGE OF ENGINEERING,Active,Uttar Pradesh,Gautam Buddha Nagar,Gautam Buddha Nagar,"PLOT NO A-20, KP-III, GREATER NOIDA",201386,28.534791,77.402221,Private-Self Financing,"Dr. A.P.J. Abdul Kalam Technical University, Uttar Pradesh, Lucknow",Approved,Approved,A,No,,Tier 3,http://www.iimt.ac.in,info@iimt.ac.in,admissions@iimt.ac.in,placement@iimt.ac.in,+91-80-809-1335,Civil Engineering,B.Tech,60,816,2020,Urban,No,Yes
1-44643065276,1-44643065276,U-0164,IIMT COLLEGE OF ENGINEERING,Active,Uttar Pradesh,Gautam Buddha Nagar,Gautam Buddha Nagar,"PLOT NO A-20, KP-III, GREATER NOIDA",201386,28.534791,77.402221,Private-Self Financing,"Dr. A.P.J. Abdul Kalam Technical University, Uttar Pradesh, Lucknow",Approved,Approved,A,No,,Tier 3,http://www.iimt.ac.in,info@iimt.ac.in,admissions@iimt.ac.in,placement@iimt.ac.in,+91-80-809-1335,Mechanical Engineering,B.Tech,60,816,2020,Urban,No,Yes
1-44643065276,1-44643065276,U-0164,IIMT COLLEGE OF ENGINEERING,Active,Uttar Pradesh,Gautam Buddha Nagar,Gautam Buddha Nagar,"PLOT NO A-20, KP-III, GREATER NOIDA",201386,28.534791,77.402221,Private-Self Financing,"Dr. A.P.J. Abdul Kalam Technical University, Uttar Pradesh, Lucknow",Approved,Approved,A,No,,Tier 3,http://www.iimt.ac.in,info@iimt.ac.in,admissions@iimt.ac.in,placement@iimt.ac.in,+91-80-809-1335,Mechanical Engineering,M.Tech,18,816,2020,Urban,No,Yes
1-44643065276,1-44643065276,U-0164,IIMT COLLEGE OF ENGINEERING,Active,Uttar Pradesh,Gautam Buddha Nagar,Gautam Buddha Nagar,"PLOT NO A-20, KP-III, GREATER NOIDA",201386,28.534791,77.402221,Private-Self Financing,"Dr. A.P.J. Abdul Kalam Technical University, Uttar Pradesh, Lucknow",Approved,Approved,A,No,,Tier 3,http://www.iimt.ac.in,info@iimt.ac.in,admissions@iimt.ac.in,placement@iimt.ac.in,+91-80-809-1335,Data Science,B.Tech,180,816,2020,Urban,No,Yes
1-44643065276,1-44643065276,U-0164,IIMT COLLEGE OF ENGINEERING,Active,Uttar Pradesh,Gautam Buddha Nagar,Gautam Buddha Nagar,"PLOT NO A-20, KP-III, GREATER NOIDA",201386,28.534791,77.402221,Private-Self Financing,"Dr. A.P.J. Abdul Kalam Technical University, Uttar Pradesh, Lucknow",Approved,Approved,A,No,,Tier 3,http://www.iimt.ac.in,info@iimt.ac.in,admissions@iimt.ac.in,placement@iimt.ac.in,+91-80-809-1335,Computer Science Engineering (CSE),M.Tech,18,816,2020,Urban,No,Yes
1-44642439445,1-44642439445,U-0164,NOIDA INSTITUTE OF ENGINEERING & TECHNOLOGY,Active,Uttar Pradesh,Gautam Buddha Nagar,Gautam Buddha Nagar,"19, KNOWLEDGE PARK-II, INSTITUTIONAL AREA, GREATER NOIDA-201306",201306,28.529586,77.393292,Private-Self Financing,"Dr. A.P.J. Abdul Kalam Technical University, Uttar Pradesh, Lucknow",Approved,Approved,B,No,,Tier 3,http://www.noida.ac.in,info@noida.ac.in,admissions@noida.ac.in,placement@noida.ac.in,+91-80-590-8110,Mechanical Engineering,B.Tech,60,2313,2003,Urban,Yes,Yes
1-44642439445,1-44642439445,U-0164,NOIDA INSTITUTE OF ENGINEERING & TECHNOLOGY,Active,Uttar Pradesh,Gautam Buddha Nagar,Gautam Buddha Nagar,"19, KNOWLEDGE PARK-II, INSTITUTIONAL AREA, GREATER NOIDA-201306",201306,28.529586,77.393292,Private-Self Financing,"Dr. A.P.J. Abdul Kalam Technical University, Uttar Pradesh, Lucknow",Approved,Approved,B,No,,Tier 3,http://www.noida.ac.in,info@noida.ac.in,admissions@noida.ac.in,placement@noida.ac.in,+91-80-590-8110,Computer Science Engineering (CSE),B.Tech,900,2313,2003,Urban,Yes,Yes
1-44642439445,1-44642439445,U-0164,NOIDA INSTITUTE OF ENGINEERING & TECHNOLOGY,Active,Uttar Pradesh,Gautam Buddha Nagar,Gautam Buddha Nagar,"19, KNOWLEDGE PARK-II, INSTITUTIONAL AREA, GREATER NOIDA-201306",201306,28.529586,77.393292,Private-Self Financing,"Dr. A.P.J. Abdul Kalam Technical University, Uttar Pradesh, Lucknow",Approved,Approved,B,No,,Tier 3,http://www.noida.ac.in,info@noida.ac.in,admissions@noida.ac.in,placement@noida.ac.in,+91-80-590-8110,Electronics & Communication Engineering (ECE),B.Tech,120,2313,2003,Urban,Yes,Yes
1-44642439445,1-44642439445,U-0164,NOIDA INSTITUTE OF ENGINEERING & TECHNOLOGY,Active,Uttar Pradesh,Gautam Buddha Nagar,Gautam Buddha Nagar,"19, KNOWLEDGE PARK-II, INSTITUTIONAL AREA, GREATER NOIDA-201306",201306,28.529586,77.393292,Private-Self Financing,"Dr. A.P.J. Abdul Kalam Technical University, Uttar Pradesh, Lucknow",Approved,Approved,B,No,,Tier 3,http://www.noida.ac.in,info@noida.ac.in,admissions@noida.ac.in,placement@noida.ac.in,+91-80-590-8110,Information Technology (IT),B.Tech,240,2313,2003,Urban,Yes,Yes
1-44642439445,1-44642439445,U-0164,NOIDA INSTITUTE OF ENGINEERING & TECHNOLOGY,Active,Uttar Pradesh,Gautam Buddha Nagar,Gautam Buddha Nagar,"19, KNOWLEDGE PARK-II, INSTITUTIONAL AREA, GREATER NOIDA-201306",201306,28.529586,77.393292,Private-Self Financing,"Dr. A.P.J. Abdul Kalam Technical University, Uttar Pradesh, Lucknow",Approved,Approved,B,No,,Tier 3,http://www.noida.ac.in,info@noida.ac.in,admissions@noida.ac.in,placement@noida.ac.in,+91-80-590-8110,Computer Science Engineering (CSE),M.Tech,12,2313,2003,Urban,Yes,Yes
1-44642439445,1-44642439445,U-0164,NOIDA INSTITUTE OF ENGINEERING & TECHNOLOGY,Active,Uttar Pradesh,Gautam Buddha Nagar,Gautam Buddha Nagar,"19, KNOWLEDGE PARK-II, INSTITUTIONAL AREA, GREATER NOIDA-201306",201306,28.529586,77.393292,Private-Self Financing,"Dr. A.P.J. Abdul Kalam Technical University, Uttar Pradesh, Lucknow",Approved,Approved,B,No,,Tier 3,http://www.noida.ac.in,info@noida.ac.in,admissions@noida.ac.in,placement@noida.ac.in,+91-80-590-8110,Other Engineering Branches,M.Tech,39,2313,2003,Urban,Yes,Yes
1-44642439445,1-44642439445,U-0164,NOIDA INSTITUTE OF ENGINEERING & TECHNOLOGY,Active,Uttar Pradesh,Gautam Buddha Nagar,Gautam Buddha Nagar,"19, KNOWLEDGE PARK-II, INSTITUTIONAL AREA, GREATER NOIDA-201306",201306,28.529586,77.393292,Private-Self Financing,"Dr. A.P.J. Abdul Kalam Technical University, Uttar Pradesh, Lucknow",Approved,Approved,B,No,,Tier 3,http://www.noida.ac.in,info@noida.ac.in,admissions@noida.ac.in,placement@noida.ac.in,+91-80-590-8110,Mechanical Engineering,M.Tech,24,2313,2003,Urban,Yes,Yes
1-44642439445,1-44642439445,U-0164,NOIDA INSTITUTE OF ENGINEERING & TECHNOLOGY,Active,Uttar Pradesh,Gautam Buddha Nagar,Gautam Buddha Nagar,"19, KNOWLEDGE PARK-II, INSTITUTIONAL AREA, GREATER NOIDA-201306",201306,28.529586,77.393292,Private-Self Financing,"Dr. A.P.J. Abdul Kalam Technical University, Uttar Pradesh, Lucknow",Approved,Approved,B,No,,Tier 3,http://www.noida.ac.in,info@noida.ac.in,admissions@noida.ac.in,placement@noida.ac.in,+91-80-590-8110,Biotechnology,B.Tech,60,2313,2003,Urban,Yes,Yes
1-44642439445,1-44642439445,U-0164,NOIDA INSTITUTE OF ENGINEERING & TECHNOLOGY,Active,Uttar Pradesh,Gautam Buddha Nagar,Gautam Buddha Nagar,"19, KNOWLEDGE PARK-II, INSTITUTIONAL AREA, GREATER NOIDA-201306",201306,28.529586,77.393292,Private-Self Financing,"Dr. A.P.J. Abdul Kalam Technical University, Uttar Pradesh, Lucknow",Approved,Approved,B,No,,Tier 3,http://www.noida.ac.in,info@noida.ac.in,admissions@noida.ac.in,placement@noida.ac.in,+91-80-590-8110,Biotechnology,M.Tech,18,2313,2003,Urban,Yes,Yes
1-44642439445,1-44642439445,U-0164,NOIDA INSTITUTE OF ENGINEERING & TECHNOLOGY,Active,Uttar Pradesh,Gautam Buddha Nagar,Gautam Buddha Nagar,"19, KNOWLEDGE PARK-II, INSTITUTIONAL AREA, GREATER NOIDA-201306",201306,28.529586,77.393292,Private-Self Financing,"Dr. A.P.J. Abdul Kalam Technical University, Uttar Pradesh, Lucknow",Approved,Approved,B,No,,Tier 3,http://www.noida.ac.in,info@noida.ac.in,admissions@noida.ac.in,placement@noida.ac.in,+91-80-590-8110,Data Science,B.Tech,240,2313,2003,Urban,Yes,Yes
1-44642439445,1-44642439445,U-0164,NOIDA INSTITUTE OF ENGINEERING & TECHNOLOGY,Active,Uttar Pradesh,Gautam Buddha Nagar,Gautam Buddha Nagar,"19, KNOWLEDGE PARK-II, INSTITUTIONAL AREA, GREATER NOIDA-201306",201306,28.529586,77.393292,Private-Self Financing,"Dr. A.P.J. Abdul Kalam Technical University, Uttar Pradesh, Lucknow",Approved,Approved,B,No,,Tier 3,http://www.noida.ac.in,info@noida.ac.in,admissions@noida.ac.in,placement@noida.ac.in,+91-80-590-8110,IoT,B.Tech,120,2313,2003,Urban,Yes,Yes
1-44642439445,1-44642439445,U-0164,NOIDA INSTITUTE OF ENGINEERING & TECHNOLOGY,Active,Uttar Pradesh,Gautam Buddha Nagar,Gautam Buddha Nagar,"19, KNOWLEDGE PARK-II, INSTITUTIONAL AREA, GREATER NOIDA-201306",201306,28.529586,77.393292,Private-Self Financing,"Dr. A.P.J. Abdul Kalam Technical University, Uttar Pradesh, Lucknow",Approved,Approved,B,No,,Tier 3,http://www.noida.ac.in,info@noida.ac.in,admissions@noida.ac.in,placement@noida.ac.in,+91-80-590-8110,Artificial Intelligence & Machine Learning (AI & ML),B.Tech,240,2313,2003,Urban,Yes,Yes
1-44642439445,1-44642439445,U-0164,NOIDA INSTITUTE OF ENGINEERING & TECHNOLOGY,Active,Uttar Pradesh,Gautam Buddha Nagar,Gautam Buddha Nagar,"19, KNOWLEDGE PARK-II, INSTITUTIONAL AREA, GREATER NOIDA-201306",201306,28.529586,77.393292,Private-Self Financing,"Dr. A.P.J. Abdul Kalam Technical University, Uttar Pradesh, Lucknow",Approved,Approved,B,No,,Tier 3,http://www.noida.ac.in,info@noida.ac.in,admissions@noida.ac.in,placement@noida.ac.in,+91-80-590-8110,Cyber Security,B.Tech,120,2313,2003,Urban,Yes,Yes
1-44642439445,1-44642439445,U-0164,NOIDA INSTITUTE OF ENGINEERING & TECHNOLOGY,Active,Uttar Pradesh,Gautam Buddha Nagar,Gautam Buddha Nagar,"19, KNOWLEDGE PARK-II, INSTITUTIONAL AREA, GREATER NOIDA-201306",201306,28.529586,77.393292,Private-Self Financing,"Dr. A.P.J. Abdul Kalam Technical University, Uttar Pradesh, Lucknow",Approved,Approved,B,No,,Tier 3,http://www.noida.ac.in,info@noida.ac.in,admissions@noida.ac.in,placement@noida.ac.in,+91-80-590-8110,Other Engineering Branches,B.Tech,120,2313,2003,Urban,Yes,Yes
1-44642918168,1-44642918168,U-0164,GLOBAL INSTITUTE OF INFORMATION TECHNOLOGY,Active,Uttar Pradesh,Gautam Buddha Nagar,Gautam Buddha Nagar,"32A, KNOWLEDGE PARK-1, GREATER NOIDA, DISTT-GAUTAM BUDH NAGAR-201308, U.P.",201308,28.531827,77.379362,Private-Self Financing,"Dr. A.P.J. Abdul Kalam Technical University, Uttar Pradesh, Lucknow",Approved,Approved,A,No,,Tier 3,http://www.globalinformation.ac.in,info@globalinformation.ac.in,admissions@globalinformation.ac.in,placement@globalinformation.ac.in,+91-80-684-8053,Computer Science Engineering (CSE),B.Tech,180,360,2017,Urban,Yes,Yes
1-44642918168,1-44642918168,U-0164,GLOBAL INSTITUTE OF INFORMATION TECHNOLOGY,Active,Uttar Pradesh,Gautam Buddha Nagar,Gautam Buddha Nagar,"32A, KNOWLEDGE PARK-1, GREATER NOIDA, DISTT-GAUTAM BUDH NAGAR-201308, U.P.",201308,28.531827,77.379362,Private-Self Financing,"Dr. A.P.J. Abdul Kalam Technical University, Uttar Pradesh, Lucknow",Approved,Approved,A,No,,Tier 3,http://www.globalinformation.ac.in,info@globalinformation.ac.in,admissions@globalinformation.ac.in,placement@globalinformation.ac.in,+91-80-684-8053,Artificial Intelligence & Machine Learning (AI & ML),B.Tech,120,360,2017,Urban,Yes,Yes
1-44642918168,1-44642918168,U-0164,GLOBAL INSTITUTE OF INFORMATION TECHNOLOGY,Active,Uttar Pradesh,Gautam Buddha Nagar,Gautam Buddha Nagar,"32A, KNOWLEDGE PARK-1, GREATER NOIDA, DISTT-GAUTAM BUDH NAGAR-201308, U.P.",201308,28.531827,77.379362,Private-Self Financing,"Dr. A.P.J. Abdul Kalam Technical University, Uttar Pradesh, Lucknow",Approved,Approved,A,No,,Tier 3,http://www.globalinformation.ac.in,info@globalinformation.ac.in,admissions@globalinformation.ac.in,placement@globalinformation.ac.in,+91-80-684-8053,Information Technology (IT),B.Tech,30,360,2017,Urban,Yes,Yes
1-44642918168,1-44642918168,U-0164,GLOBAL INSTITUTE OF INFORMATION TECHNOLOGY,Active,Uttar Pradesh,Gautam Buddha Nagar,Gautam Buddha Nagar,"32A, KNOWLEDGE PARK-1, GREATER NOIDA, DISTT-GAUTAM BUDH NAGAR-201308, U.P.",201308,28.531827,77.379362,Private-Self Financing,"Dr. A.P.J. Abdul Kalam Technical University, Uttar Pradesh, Lucknow",Approved,Approved,A,No,,Tier 3,http://www.globalinformation.ac.in,info@globalinformation.ac.in,admissions@globalinformation.ac.in,placement@globalinformation.ac.in,+91-80-684-8053,Electronics & Communication Engineering (ECE),B.Tech,30,360,2017,Urban,Yes,Yes
1-44754406043,1-44754406043,U-0164,SITASRM ENGINEERING AND RESEARCH INSTITUTE,Active,Uttar Pradesh,Gautam Buddha Nagar,Gautam Buddha Nagar,"PLOT NO. - 14, KNOWLEDGE PARK - 3, GREATER NOIDA",201386,28.552088,77.371095,Private-Self Financing,"Dr. A.P.J. Abdul Kalam Technical University, Uttar Pradesh, Lucknow",Approved,Approved,A+,Yes,,Tier 2,http://www.sitasrmresearch.ac.in,info@sitasrmresearch.ac.in,admissions@sitasrmresearch.ac.in,placement@sitasrmresearch.ac.in,+91-80-534-5920,Computer Science Engineering (CSE),B.Tech,180,360,1985,Rural,Yes,Yes
1-44754406043,1-44754406043,U-0164,SITASRM ENGINEERING AND RESEARCH INSTITUTE,Active,Uttar Pradesh,Gautam Buddha Nagar,Gautam Buddha Nagar,"PLOT NO. - 14, KNOWLEDGE PARK - 3, GREATER NOIDA",201386,28.552088,77.371095,Private-Self Financing,"Dr. A.P.J. Abdul Kalam Technical University, Uttar Pradesh, Lucknow",Approved,Approved,A+,Yes,,Tier 2,http://www.sitasrmresearch.ac.in,info@sitasrmresearch.ac.in,admissions@sitasrmresearch.ac.in,placement@sitasrmresearch.ac.in,+91-80-534-5920,Electronics & Communication Engineering (ECE),B.Tech,60,360,1985,Rural,Yes,Yes
1-44754406043,1-44754406043,U-0164,SITASRM ENGINEERING AND RESEARCH INSTITUTE,Active,Uttar Pradesh,Gautam Buddha Nagar,Gautam Buddha Nagar,"PLOT NO. - 14, KNOWLEDGE PARK - 3, GREATER NOIDA",201386,28.552088,77.371095,Private-Self Financing,"Dr. A.P.J. Abdul Kalam Technical University, Uttar Pradesh, Lucknow",Approved,Approved,A+,Yes,,Tier 2,http://www.sitasrmresearch.ac.in,info@sitasrmresearch.ac.in,admissions@sitasrmresearch.ac.in,placement@sitasrmresearch.ac.in,+91-80-534-5920,Artificial Intelligence & Machine Learning (AI & ML),B.Tech,120,360,1985,Rural,Yes,Yes
