College ID,AICTE Institute ID,UGC University ID,College Name,College Status,State,District,City,Full Address,Pincode,Latitude,Longitude,College Type,Affiliated University,AICTE Approval Status,UGC Approval Status,NAAC Grade,NBA Accreditation,NIRF Ranking,Tier Classification,Official Website,Official College Email,Admission Email,Placement Cell Email,Contact Phone Number,Engineering Branch Name,Degree Type,Branch Intake Capacity,Total Intake Capacity,Establishment Year,Campus Type,Hostel Available,Placement Available
1-44638132442,1-44638132442,U-0650,AERO AVIATION INSTITUTE OF TECHNOLOGY,Active,Tamil Nadu,Namakkal,Namakkal,"AKKRAPATIYAN PALAYAM, KONNIYAR VILLAGE, ELACHIPALAYAM POST, TIRUCHENGODE TALUK.",600200,11.141651,78.663998,Private-Self Financing,"Directorate of Technical Education, Chennai",Approved,Approved,Not Accredited,No,,Tier 3,http://www.aeroaviation.ac.in,info@aeroaviation.ac.in,admissions@aeroaviation.ac.in,placement@aeroaviation.ac.in,+91-80-449-1565,Aeronautical Engineering,Diploma,30,60,1991,Urban,Yes,Yes
1-44638132442,1-44638132442,U-0650,AERO AVIATION INSTITUTE OF TECHNOLOGY,Active,Tamil Nadu,Namakkal,Namakkal,"AKKRAPATIYAN PALAYAM, KONNIYAR VILLAGE, ELACHIPALAYAM POST, TIRUCHENGODE TALUK.",600200,11.141651,78.663998,Private-Self Financing,"Directorate of Technical Education, Chennai",Approved,Approved,Not Accredited,No,,Tier 3,http://www.aeroaviation.ac.in,info@aeroaviation.ac.in,admissions@aeroaviation.ac.in,placement@aeroaviation.ac.in,+91-80-449-1565,Other Engineering Branches,Diploma,30,60,1991,Urban,Yes,Yes
1-44639524741,1-44639524741,U-0650,MUTHAYAMMAL POLYTECHNIC INSTITUTION,Active,Tamil Nadu,Namakkal,Namakkal,"ATTUR MAIN ROAD, KAKKAVERI (PO) RASIPURAM TK, NAMAKKAL DT.TAMILNADU",600200,11.122603,78.652251,Private-Self Financing,"Directorate of Technical Education, Chennai",Approved,Approved,A+,No,,Tier 3,http://www.muthayammalinstitution.ac.in,info@muthayammalinstitution.ac.in,admissions@muthayammalinstitution.ac.in,placement@muthayammalinstitution.ac.in,+91-80-650-2242,Mechanical Engineering,Diploma,90,420,2019,Rural,No,No
1-44639524741,1-44639524741,U-0650,MUTHAYAMMAL POLYTECHNIC INSTITUTION,Active,Tamil Nadu,Namakkal,Namakkal,"ATTUR MAIN ROAD, KAKKAVERI (PO) RASIPURAM TK, NAMAKKAL DT.TAMILNADU",600200,11.122603,78.652251,Private-Self Financing,"Directorate of Technical Education, Chennai",Approved,Approved,A+,No,,Tier 3,http://www.muthayammalinstitution.ac.in,info@muthayammalinstitution.ac.in,admissions@muthayammalinstitution.ac.in,placement@muthayammalinstitution.ac.in,+91-80-650-2242,Civil Engineering,Diploma,30,420,2019,Rural,No,No
1-44639524741,1-44639524741,U-0650,MUTHAYAMMAL POLYTECHNIC INSTITUTION,Active,Tamil Nadu,Namakkal,Namakkal,"ATTUR MAIN ROAD, KAKKAVERI (PO) RASIPURAM TK, NAMAKKAL DT.TAMILNADU",600200,11.122603,78.652251,Private-Self Financing,"Directorate of Technical Education, Chennai",Approved,Approved,A+,No,,Tier 3,http://www.muthayammalinstitution.ac.in,info@muthayammalinstitution.ac.in,admissions@muthayammalinstitution.ac.in,placement@muthayammalinstitution.ac.in,+91-80-650-2242,Electrical & Electronics Engineering (EEE),Diploma,90,420,2019,Rural,No,No
1-44639524741,1-44639524741,U-0650,MUTHAYAMMAL POLYTECHNIC INSTITUTION,Active,Tamil Nadu,Namakkal,Namakkal,"ATTUR MAIN ROAD, KAKKAVERI (PO) RASIPURAM TK, NAMAKKAL DT.TAMILNADU",600200,11.122603,78.652251,Private-Self Financing,"Directorate of Technical Education, Chennai",Approved,Approved,A+,No,,Tier 3,http://www.muthayammalinstitution.ac.in,info@muthayammalinstitution.ac.in,admissions@muthayammalinstitution.ac.in,placement@muthayammalinstitution.ac.in,+91-80-650-2242,Electronics & Communication Engineering (ECE),Diploma,60,420,2019,Rural,No,No
1-44639524741,1-44639524741,U-0650,MUTHAYAMMAL POLYTECHNIC INSTITUTION,Active,Tamil Nadu,Namakkal,Namakkal,"ATTUR MAIN ROAD, KAKKAVERI (PO) RASIPURAM TK, NAMAKKAL DT.TAMILNADU",600200,11.122603,78.652251,Private-Self Financing,"Directorate of Technical Education, Chennai",Approved,Approved,A+,No,,Tier 3,http://www.muthayammalinstitution.ac.in,info@muthayammalinstitution.ac.in,admissions@muthayammalinstitution.ac.in,placement@muthayammalinstitution.ac.in,+91-80-650-2242,Computer Science Engineering (CSE),Diploma,90,420,2019,Rural,No,No
1-44639524741,1-44639524741,U-0650,MUTHAYAMMAL POLYTECHNIC INSTITUTION,Active,Tamil Nadu,Namakkal,Namakkal,"ATTUR MAIN ROAD, KAKKAVERI (PO) RASIPURAM TK, NAMAKKAL DT.TAMILNADU",600200,11.122603,78.652251,Private-Self Financing,"Directorate of Technical Education, Chennai",Approved,Approved,A+,No,,Tier 3,http://www.muthayammalinstitution.ac.in,info@muthayammalinstitution.ac.in,admissions@muthayammalinstitution.ac.in,placement@muthayammalinstitution.ac.in,+91-80-650-2242,Automobile Engineering,Diploma,30,420,2019,Rural,No,No
1-44639524741,1-44639524741,U-0650,MUTHAYAMMAL POLYTECHNIC INSTITUTION,Active,Tamil Nadu,Namakkal,Namakkal,"ATTUR MAIN ROAD, KAKKAVERI (PO) RASIPURAM TK, NAMAKKAL DT.TAMILNADU",600200,11.122603,78.652251,Private-Self Financing,"Directorate of Technical Education, Chennai",Approved,Approved,A+,No,,Tier 3,http://www.muthayammalinstitution.ac.in,info@muthayammalinstitution.ac.in,admissions@muthayammalinstitution.ac.in,placement@muthayammalinstitution.ac.in,+91-80-650-2242,Electrical Engineering,Diploma,30,420,2019,Rural,No,No
1-44639826005,1-44639826005,U-0584,SVS POLYTECHNIC COLLEGE,Active,Tamil Nadu,Namakkal,Namakkal,"R.PUDUPPALAYAM, MEL SATHAMPOOR ROAD,",600200,11.145027,78.658183,Private-Self Financing,"Directorate of Technical Education, Assam",Approved,Approved,B++,Yes,,Tier 3,http://www.svs.ac.in,info@svs.ac.in,admissions@svs.ac.in,placement@svs.ac.in,+91-80-590-7464,Civil Engineering,Diploma,30,300,1993,Urban,Yes,Yes
1-44639826005,1-44639826005,U-0584,SVS POLYTECHNIC COLLEGE,Active,Tamil Nadu,Namakkal,Namakkal,"R.PUDUPPALAYAM, MEL SATHAMPOOR ROAD,",600200,11.145027,78.658183,Private-Self Financing,"Directorate of Technical Education, Assam",Approved,Approved,B++,Yes,,Tier 3,http://www.svs.ac.in,info@svs.ac.in,admissions@svs.ac.in,placement@svs.ac.in,+91-80-590-7464,Mechanical Engineering,Diploma,60,300,1993,Urban,Yes,Yes
1-44639826005,1-44639826005,U-0584,SVS POLYTECHNIC COLLEGE,Active,Tamil Nadu,Namakkal,Namakkal,"R.PUDUPPALAYAM, MEL SATHAMPOOR ROAD,",600200,11.145027,78.658183,Private-Self Financing,"Directorate of Technical Education, Assam",Approved,Approved,B++,Yes,,Tier 3,http://www.svs.ac.in,info@svs.ac.in,admissions@svs.ac.in,placement@svs.ac.in,+91-80-590-7464,Electrical & Electronics Engineering (EEE),Diploma,60,300,1993,Urban,Yes,Yes
1-44639826005,1-44639826005,U-0584,SVS POLYTECHNIC COLLEGE,Active,Tamil Nadu,Namakkal,Namakkal,"R.PUDUPPALAYAM, MEL SATHAMPOOR ROAD,",600200,11.145027,78.658183,Private-Self Financing,"Directorate of Technical Education, Assam",Approved,Approved,B++,Yes,,Tier 3,http://www.svs.ac.in,info@svs.ac.in,admissions@svs.ac.in,placement@svs.ac.in,+91-80-590-7464,Electronics & Communication Engineering (ECE),Diploma,60,300,1993,Urban,Yes,Yes
1-44639826005,1-44639826005,U-0584,SVS POLYTECHNIC COLLEGE,Active,Tamil Nadu,Namakkal,Namakkal,"R.PUDUPPALAYAM, MEL SATHAMPOOR ROAD,",600200,11.145027,78.658183,Private-Self Financing,"Directorate of Technical Education, Assam",Approved,Approved,B++,Yes,,Tier 3,http://www.svs.ac.in,info@svs.ac.in,admissions@svs.ac.in,placement@svs.ac.in,+91-80-590-7464,Computer Science Engineering (CSE),Diploma,60,300,1993,Urban,Yes,Yes
1-44639826005,1-44639826005,U-0584,SVS POLYTECHNIC COLLEGE,Active,Tamil Nadu,Namakkal,Namakkal,"R.PUDUPPALAYAM, MEL SATHAMPOOR ROAD,",600200,11.145027,78.658183,Private-Self Financing,"Directorate of Technical Education, Assam",Approved,Approved,B++,Yes,,Tier 3,http://www.svs.ac.in,info@svs.ac.in,admissions@svs.ac.in,placement@svs.ac.in,+91-80-590-7464,Other Engineering Branches,Diploma,30,300,1993,Urban,Yes,Yes
1-44639485736,1-44639485736,U-0294,SRI RAGAVENDRA POLYTECHNIC COLLEGE,Active,Tamil Nadu,Namakkal,Namakkal,"ROTARY NAGAR, NEW PALLIPALAYAM ROAD, KOMARAPALAYAM, TIRUCHENGODU TALUK, NAMAKKAL DISTRICT.",600200,11.123198,78.654494,Private-Self Financing,Directorate of Technical Education,Approved,Approved,B,Yes,,Tier 3,http://www.sriragavendra.ac.in,info@sriragavendra.ac.in,admissions@sriragavendra.ac.in,placement@sriragavendra.ac.in,+91-80-675-1856,Civil Engineering,Diploma,30,390,1994,Urban,Yes,Yes
1-44639485736,1-44639485736,U-0294,SRI RAGAVENDRA POLYTECHNIC COLLEGE,Active,Tamil Nadu,Namakkal,Namakkal,"ROTARY NAGAR, NEW PALLIPALAYAM ROAD, KOMARAPALAYAM, TIRUCHENGODU TALUK, NAMAKKAL DISTRICT.",600200,11.123198,78.654494,Private-Self Financing,Directorate of Technical Education,Approved,Approved,B,Yes,,Tier 3,http://www.sriragavendra.ac.in,info@sriragavendra.ac.in,admissions@sriragavendra.ac.in,placement@sriragavendra.ac.in,+91-80-675-1856,Mechanical Engineering,Diploma,90,390,1994,Urban,Yes,Yes
1-44639485736,1-44639485736,U-0294,SRI RAGAVENDRA POLYTECHNIC COLLEGE,Active,Tamil Nadu,Namakkal,Namakkal,"ROTARY NAGAR, NEW PALLIPALAYAM ROAD, KOMARAPALAYAM, TIRUCHENGODU TALUK, NAMAKKAL DISTRICT.",600200,11.123198,78.654494,Private-Self Financing,Directorate of Technical Education,Approved,Approved,B,Yes,,Tier 3,http://www.sriragavendra.ac.in,info@sriragavendra.ac.in,admissions@sriragavendra.ac.in,placement@sriragavendra.ac.in,+91-80-675-1856,Electrical & Electronics Engineering (EEE),Diploma,90,390,1994,Urban,Yes,Yes
1-44639485736,1-44639485736,U-0294,SRI RAGAVENDRA POLYTECHNIC COLLEGE,Active,Tamil Nadu,Namakkal,Namakkal,"ROTARY NAGAR, NEW PALLIPALAYAM ROAD, KOMARAPALAYAM, TIRUCHENGODU TALUK, NAMAKKAL DISTRICT.",600200,11.123198,78.654494,Private-Self Financing,Directorate of Technical Education,Approved,Approved,B,Yes,,Tier 3,http://www.sriragavendra.ac.in,info@sriragavendra.ac.in,admissions@sriragavendra.ac.in,placement@sriragavendra.ac.in,+91-80-675-1856,Electronics & Communication Engineering (ECE),Diploma,60,390,1994,Urban,Yes,Yes
1-44639485736,1-44639485736,U-0294,SRI RAGAVENDRA POLYTECHNIC COLLEGE,Active,Tamil Nadu,Namakkal,Namakkal,"ROTARY NAGAR, NEW PALLIPALAYAM ROAD, KOMARAPALAYAM, TIRUCHENGODU TALUK, NAMAKKAL DISTRICT.",600200,11.123198,78.654494,Private-Self Financing,Directorate of Technical Education,Approved,Approved,B,Yes,,Tier 3,http://www.sriragavendra.ac.in,info@sriragavendra.ac.in,admissions@sriragavendra.ac.in,placement@sriragavendra.ac.in,+91-80-675-1856,Computer Science Engineering (CSE),Diploma,60,390,1994,Urban,Yes,Yes
1-44639485736,1-44639485736,U-0294,SRI RAGAVENDRA POLYTECHNIC COLLEGE,Active,Tamil Nadu,Namakkal,Namakkal,"ROTARY NAGAR, NEW PALLIPALAYAM ROAD, KOMARAPALAYAM, TIRUCHENGODU TALUK, NAMAKKAL DISTRICT.",600200,11.123198,78.654494,Private-Self Financing,Directorate of Technical Education,Approved,Approved,B,Yes,,Tier 3,http://www.sriragavendra.ac.in,info@sriragavendra.ac.in,admissions@sriragavendra.ac.in,placement@sriragavendra.ac.in,+91-80-675-1856,Automobile Engineering,Diploma,60,390,1994,Urban,Yes,Yes
1-44640274667,1-44640274667,U-0650,MAHENDRA POLYTECHNIC COLLEGE,Active,Tamil Nadu,Namakkal,Namakkal,"MAHENDIRAPURI,MALLASAMUDRAM(W),VADUGAPALAYAM(POST), TIRUCHENGODE(T.K),NAMMAKKAL(D.T)",600200,11.138495,78.666956,Private-Self Financing,"Directorate of Technical Education, Chennai",Approved,Approved,A+,Yes,,Tier 2,http://www.mahendra.ac.in,info@mahendra.ac.in,admissions@mahendra.ac.in,placement@mahendra.ac.in,+91-80-316-7808,Civil Engineering,Diploma,60,480,2012,Rural,Yes,Yes
1-44640274667,1-44640274667,U-0650,MAHENDRA POLYTECHNIC COLLEGE,Active,Tamil Nadu,Namakkal,Namakkal,"MAHENDIRAPURI,MALLASAMUDRAM(W),VADUGAPALAYAM(POST), TIRUCHENGODE(T.K),NAMMAKKAL(D.T)",600200,11.138495,78.666956,Private-Self Financing,"Directorate of Technical Education, Chennai",Approved,Approved,A+,Yes,,Tier 2,http://www.mahendra.ac.in,info@mahendra.ac.in,admissions@mahendra.ac.in,placement@mahendra.ac.in,+91-80-316-7808,Mechanical Engineering,Diploma,180,480,2012,Rural,Yes,Yes
1-44640274667,1-44640274667,U-0650,MAHENDRA POLYTECHNIC COLLEGE,Active,Tamil Nadu,Namakkal,Namakkal,"MAHENDIRAPURI,MALLASAMUDRAM(W),VADUGAPALAYAM(POST), TIRUCHENGODE(T.K),NAMMAKKAL(D.T)",600200,11.138495,78.666956,Private-Self Financing,"Directorate of Technical Education, Chennai",Approved,Approved,A+,Yes,,Tier 2,http://www.mahendra.ac.in,info@mahendra.ac.in,admissions@mahendra.ac.in,placement@mahendra.ac.in,+91-80-316-7808,Electrical & Electronics Engineering (EEE),Diploma,60,480,2012,Rural,Yes,Yes
1-44640274667,1-44640274667,U-0650,MAHENDRA POLYTECHNIC COLLEGE,Active,Tamil Nadu,Namakkal,Namakkal,"MAHENDIRAPURI,MALLASAMUDRAM(W),VADUGAPALAYAM(POST), TIRUCHENGODE(T.K),NAMMAKKAL(D.T)",600200,11.138495,78.666956,Private-Self Financing,"Directorate of Technical Education, Chennai",Approved,Approved,A+,Yes,,Tier 2,http://www.mahendra.ac.in,info@mahendra.ac.in,admissions@mahendra.ac.in,placement@mahendra.ac.in,+91-80-316-7808,Electronics & Communication Engineering (ECE),Diploma,60,480,2012,Rural,Yes,Yes
1-44640274667,1-44640274667,U-0650,MAHENDRA POLYTECHNIC COLLEGE,Active,Tamil Nadu,Namakkal,Namakkal,"MAHENDIRAPURI,MALLASAMUDRAM(W),VADUGAPALAYAM(POST), TIRUCHENGODE(T.K),NAMMAKKAL(D.T)",600200,11.138495,78.666956,Private-Self Financing,"Directorate of Technical Education, Chennai",Approved,Approved,A+,Yes,,Tier 2,http://www.mahendra.ac.in,info@mahendra.ac.in,admissions@mahendra.ac.in,placement@mahendra.ac.in,+91-80-316-7808,Computer Science Engineering (CSE),Diploma,60,480,2012,Rural,Yes,Yes
1-44640274667,1-44640274667,U-0650,MAHENDRA POLYTECHNIC COLLEGE,Active,Tamil Nadu,Namakkal,Namakkal,"MAHENDIRAPURI,MALLASAMUDRAM(W),VADUGAPALAYAM(POST), TIRUCHENGODE(T.K),NAMMAKKAL(D.T)",600200,11.138495,78.666956,Private-Self Financing,"Directorate of Technical Education, Chennai",Approved,Approved,A+,Yes,,Tier 2,http://www.mahendra.ac.in,info@mahendra.ac.in,admissions@mahendra.ac.in,placement@mahendra.ac.in,+91-80-316-7808,Artificial Intelligence & Machine Learning (AI & ML),Diploma,60,480,2012,Rural,Yes,Yes
1-44640198054,1-44640198054,U-0682,PAAVAI ENGINEERING COLLEGE,Active,Tamil Nadu,Namakkal,Namakkal,"NH-7, PAAVAI NAGAR, PACHAL, NAMAKKAL PIN - 637 018 TAMILNADU",600200,11.134003,78.659428,Private-Self Financing,"Anna University, Chennai",Approved,Approved,B++,Yes,,Tier 3,http://www.paavai.ac.in,info@paavai.ac.in,admissions@paavai.ac.in,placement@paavai.ac.in,+91-80-128-4112,Information Technology (IT),B.Tech,360,1932,1982,Urban,Yes,Yes
1-44640198054,1-44640198054,U-0682,PAAVAI ENGINEERING COLLEGE,Active,Tamil Nadu,Namakkal,Namakkal,"NH-7, PAAVAI NAGAR, PACHAL, NAMAKKAL PIN - 637 018 TAMILNADU",600200,11.134003,78.659428,Private-Self Financing,"Anna University, Chennai",Approved,Approved,B++,Yes,,Tier 3,http://www.paavai.ac.in,info@paavai.ac.in,admissions@paavai.ac.in,placement@paavai.ac.in,+91-80-128-4112,Electrical & Electronics Engineering (EEE),B.Tech,60,1932,1982,Urban,Yes,Yes
1-44640198054,1-44640198054,U-0682,PAAVAI ENGINEERING COLLEGE,Active,Tamil Nadu,Namakkal,Namakkal,"NH-7, PAAVAI NAGAR, PACHAL, NAMAKKAL PIN - 637 018 TAMILNADU",600200,11.134003,78.659428,Private-Self Financing,"Anna University, Chennai",Approved,Approved,B++,Yes,,Tier 3,http://www.paavai.ac.in,info@paavai.ac.in,admissions@paavai.ac.in,placement@paavai.ac.in,+91-80-128-4112,Mechanical Engineering,B.Tech,120,1932,1982,Urban,Yes,Yes
1-44640198054,1-44640198054,U-0682,PAAVAI ENGINEERING COLLEGE,Active,Tamil Nadu,Namakkal,Namakkal,"NH-7, PAAVAI NAGAR, PACHAL, NAMAKKAL PIN - 637 018 TAMILNADU",600200,11.134003,78.659428,Private-Self Financing,"Anna University, Chennai",Approved,Approved,B++,Yes,,Tier 3,http://www.paavai.ac.in,info@paavai.ac.in,admissions@paavai.ac.in,placement@paavai.ac.in,+91-80-128-4112,Civil Engineering,B.Tech,60,1932,1982,Urban,Yes,Yes
1-44640198054,1-44640198054,U-0682,PAAVAI ENGINEERING COLLEGE,Active,Tamil Nadu,Namakkal,Namakkal,"NH-7, PAAVAI NAGAR, PACHAL, NAMAKKAL PIN - 637 018 TAMILNADU",600200,11.134003,78.659428,Private-Self Financing,"Anna University, Chennai",Approved,Approved,B++,Yes,,Tier 3,http://www.paavai.ac.in,info@paavai.ac.in,admissions@paavai.ac.in,placement@paavai.ac.in,+91-80-128-4112,Computer Science Engineering (CSE),M.Tech,18,1932,1982,Urban,Yes,Yes
1-44640198054,1-44640198054,U-0682,PAAVAI ENGINEERING COLLEGE,Active,Tamil Nadu,Namakkal,Namakkal,"NH-7, PAAVAI NAGAR, PACHAL, NAMAKKAL PIN - 637 018 TAMILNADU",600200,11.134003,78.659428,Private-Self Financing,"Anna University, Chennai",Approved,Approved,B++,Yes,,Tier 3,http://www.paavai.ac.in,info@paavai.ac.in,admissions@paavai.ac.in,placement@paavai.ac.in,+91-80-128-4112,Other Engineering Branches,M.Tech,54,1932,1982,Urban,Yes,Yes
1-44640198054,1-44640198054,U-0682,PAAVAI ENGINEERING COLLEGE,Active,Tamil Nadu,Namakkal,Namakkal,"NH-7, PAAVAI NAGAR, PACHAL, NAMAKKAL PIN - 637 018 TAMILNADU",600200,11.134003,78.659428,Private-Self Financing,"Anna University, Chennai",Approved,Approved,B++,Yes,,Tier 3,http://www.paavai.ac.in,info@paavai.ac.in,admissions@paavai.ac.in,placement@paavai.ac.in,+91-80-128-4112,Computer Science Engineering (CSE),B.Tech,300,1932,1982,Urban,Yes,Yes
1-44640198054,1-44640198054,U-0682,PAAVAI ENGINEERING COLLEGE,Active,Tamil Nadu,Namakkal,Namakkal,"NH-7, PAAVAI NAGAR, PACHAL, NAMAKKAL PIN - 637 018 TAMILNADU",600200,11.134003,78.659428,Private-Self Financing,"Anna University, Chennai",Approved,Approved,B++,Yes,,Tier 3,http://www.paavai.ac.in,info@paavai.ac.in,admissions@paavai.ac.in,placement@paavai.ac.in,+91-80-128-4112,Electronics & Communication Engineering (ECE),B.Tech,180,1932,1982,Urban,Yes,Yes
1-44640198054,1-44640198054,U-0682,PAAVAI ENGINEERING COLLEGE,Active,Tamil Nadu,Namakkal,Namakkal,"NH-7, PAAVAI NAGAR, PACHAL, NAMAKKAL PIN - 637 018 TAMILNADU",600200,11.134003,78.659428,Private-Self Financing,"Anna University, Chennai",Approved,Approved,B++,Yes,,Tier 3,http://www.paavai.ac.in,info@paavai.ac.in,admissions@paavai.ac.in,placement@paavai.ac.in,+91-80-128-4112,Agricultural Engineering,B.Tech,60,1932,1982,Urban,Yes,Yes
1-44640198054,1-44640198054,U-0682,PAAVAI ENGINEERING COLLEGE,Active,Tamil Nadu,Namakkal,Namakkal,"NH-7, PAAVAI NAGAR, PACHAL, NAMAKKAL PIN - 637 018 TAMILNADU",600200,11.134003,78.659428,Private-Self Financing,"Anna University, Chennai",Approved,Approved,B++,Yes,,Tier 3,http://www.paavai.ac.in,info@paavai.ac.in,admissions@paavai.ac.in,placement@paavai.ac.in,+91-80-128-4112,Aeronautical Engineering,B.Tech,60,1932,1982,Urban,Yes,Yes
1-44640198054,1-44640198054,U-0682,PAAVAI ENGINEERING COLLEGE,Active,Tamil Nadu,Namakkal,Namakkal,"NH-7, PAAVAI NAGAR, PACHAL, NAMAKKAL PIN - 637 018 TAMILNADU",600200,11.134003,78.659428,Private-Self Financing,"Anna University, Chennai",Approved,Approved,B++,Yes,,Tier 3,http://www.paavai.ac.in,info@paavai.ac.in,admissions@paavai.ac.in,placement@paavai.ac.in,+91-80-128-4112,Chemical Engineering,B.Tech,30,1932,1982,Urban,Yes,Yes
1-44640198054,1-44640198054,U-0682,PAAVAI ENGINEERING COLLEGE,Active,Tamil Nadu,Namakkal,Namakkal,"NH-7, PAAVAI NAGAR, PACHAL, NAMAKKAL PIN - 637 018 TAMILNADU",600200,11.134003,78.659428,Private-Self Financing,"Anna University, Chennai",Approved,Approved,B++,Yes,,Tier 3,http://www.paavai.ac.in,info@paavai.ac.in,admissions@paavai.ac.in,placement@paavai.ac.in,+91-80-128-4112,Other Engineering Branches,B.Tech,180,1932,1982,Urban,Yes,Yes
1-44640198054,1-44640198054,U-0682,PAAVAI ENGINEERING COLLEGE,Active,Tamil Nadu,Namakkal,Namakkal,"NH-7, PAAVAI NAGAR, PACHAL, NAMAKKAL PIN - 637 018 TAMILNADU",600200,11.134003,78.659428,Private-Self Financing,"Anna University, Chennai",Approved,Approved,B++,Yes,,Tier 3,http://www.paavai.ac.in,info@paavai.ac.in,admissions@paavai.ac.in,placement@paavai.ac.in,+91-80-128-4112,IoT,B.Tech,60,1932,1982,Urban,Yes,Yes
1-44640198054,1-44640198054,U-0682,PAAVAI ENGINEERING COLLEGE,Active,Tamil Nadu,Namakkal,Namakkal,"NH-7, PAAVAI NAGAR, PACHAL, NAMAKKAL PIN - 637 018 TAMILNADU",600200,11.134003,78.659428,Private-Self Financing,"Anna University, Chennai",Approved,Approved,B++,Yes,,Tier 3,http://www.paavai.ac.in,info@paavai.ac.in,admissions@paavai.ac.in,placement@paavai.ac.in,+91-80-128-4112,Artificial Intelligence & Machine Learning (AI & ML),B.Tech,90,1932,1982,Urban,Yes,Yes
1-44640198054,1-44640198054,U-0682,PAAVAI ENGINEERING COLLEGE,Active,Tamil Nadu,Namakkal,Namakkal,"NH-7, PAAVAI NAGAR, PACHAL, NAMAKKAL PIN - 637 018 TAMILNADU",600200,11.134003,78.659428,Private-Self Financing,"Anna University, Chennai",Approved,Approved,B++,Yes,,Tier 3,http://www.paavai.ac.in,info@paavai.ac.in,admissions@paavai.ac.in,placement@paavai.ac.in,+91-80-128-4112,Robotics,B.Tech,60,1932,1982,Urban,Yes,Yes
1-44640198054,1-44640198054,U-0682,PAAVAI ENGINEERING COLLEGE,Active,Tamil Nadu,Namakkal,Namakkal,"NH-7, PAAVAI NAGAR, PACHAL, NAMAKKAL PIN - 637 018 TAMILNADU",600200,11.134003,78.659428,Private-Self Financing,"Anna University, Chennai",Approved,Approved,B++,Yes,,Tier 3,http://www.paavai.ac.in,info@paavai.ac.in,admissions@paavai.ac.in,placement@paavai.ac.in,+91-80-128-4112,Biotechnology,B.Tech,60,1932,1982,Urban,Yes,Yes
1-44640198054,1-44640198054,U-0682,PAAVAI ENGINEERING COLLEGE,Active,Tamil Nadu,Namakkal,Namakkal,"NH-7, PAAVAI NAGAR, PACHAL, NAMAKKAL PIN - 637 018 TAMILNADU",600200,11.134003,78.659428,Private-Self Financing,"Anna University, Chennai",Approved,Approved,B++,Yes,,Tier 3,http://www.paavai.ac.in,info@paavai.ac.in,admissions@paavai.ac.in,placement@paavai.ac.in,+91-80-128-4112,Data Science,B.Tech,180,1932,1982,Urban,Yes,Yes
1-44640420659,1-44640420659,U-0650,GOVERNMENT POLYTECHNIC COLLEGE,Active,Tamil Nadu,Namakkal,Namakkal,"PETTAPALAYAM VILLAGE, MOHANUR (PO) NAMAKKAL(DT) TAMILNADU",600200,11.117425,78.664392,Government,"Directorate of Technical Education, Chennai",Approved,Approved,B,No,,Tier 3,http://www.inst6916.ac.in,info@inst6916.ac.in,admissions@inst6916.ac.in,placement@inst6916.ac.in,+91-80-433-0671,Civil Engineering,Diploma,30,270,2005,Urban,Yes,Yes
1-44640420659,1-44640420659,U-0650,GOVERNMENT POLYTECHNIC COLLEGE,Active,Tamil Nadu,Namakkal,Namakkal,"PETTAPALAYAM VILLAGE, MOHANUR (PO) NAMAKKAL(DT) TAMILNADU",600200,11.117425,78.664392,Government,"Directorate of Technical Education, Chennai",Approved,Approved,B,No,,Tier 3,http://www.inst6916.ac.in,info@inst6916.ac.in,admissions@inst6916.ac.in,placement@inst6916.ac.in,+91-80-433-0671,Mechanical Engineering,Diploma,60,270,2005,Urban,Yes,Yes
1-44640420659,1-44640420659,U-0650,GOVERNMENT POLYTECHNIC COLLEGE,Active,Tamil Nadu,Namakkal,Namakkal,"PETTAPALAYAM VILLAGE, MOHANUR (PO) NAMAKKAL(DT) TAMILNADU",600200,11.117425,78.664392,Government,"Directorate of Technical Education, Chennai",Approved,Approved,B,No,,Tier 3,http://www.inst6916.ac.in,info@inst6916.ac.in,admissions@inst6916.ac.in,placement@inst6916.ac.in,+91-80-433-0671,Computer Science Engineering (CSE),Diploma,60,270,2005,Urban,Yes,Yes
1-44640420659,1-44640420659,U-0650,GOVERNMENT POLYTECHNIC COLLEGE,Active,Tamil Nadu,Namakkal,Namakkal,"PETTAPALAYAM VILLAGE, MOHANUR (PO) NAMAKKAL(DT) TAMILNADU",600200,11.117425,78.664392,Government,"Directorate of Technical Education, Chennai",Approved,Approved,B,No,,Tier 3,http://www.inst6916.ac.in,info@inst6916.ac.in,admissions@inst6916.ac.in,placement@inst6916.ac.in,+91-80-433-0671,Electronics & Communication Engineering (ECE),Diploma,60,270,2005,Urban,Yes,Yes
1-44640420659,1-44640420659,U-0650,GOVERNMENT POLYTECHNIC COLLEGE,Active,Tamil Nadu,Namakkal,Namakkal,"PETTAPALAYAM VILLAGE, MOHANUR (PO) NAMAKKAL(DT) TAMILNADU",600200,11.117425,78.664392,Government,"Directorate of Technical Education, Chennai",Approved,Approved,B,No,,Tier 3,http://www.inst6916.ac.in,info@inst6916.ac.in,admissions@inst6916.ac.in,placement@inst6916.ac.in,+91-80-433-0671,Electrical & Electronics Engineering (EEE),Diploma,60,270,2005,Urban,Yes,Yes
1-44640305924,1-44640305924,U-0650,EXCEL POLYTECHNIC COLLEGE,Active,Tamil Nadu,Namakkal,Namakkal,"KUTTIKINATHOOR ROAD, PALLAKAPALAYAM, SANKARI WEST POST, TIRUCHENGODE TALUK",600200,11.129041,78.652669,Private-Self Financing,"Directorate of Technical Education, Chennai",Approved,Approved,A+,Yes,,Tier 2,http://www.excel.ac.in,info@excel.ac.in,admissions@excel.ac.in,placement@excel.ac.in,+91-80-920-2532,Automobile Engineering,Diploma,60,690,1990,Rural,Yes,Yes
1-44640305924,1-44640305924,U-0650,EXCEL POLYTECHNIC COLLEGE,Active,Tamil Nadu,Namakkal,Namakkal,"KUTTIKINATHOOR ROAD, PALLAKAPALAYAM, SANKARI WEST POST, TIRUCHENGODE TALUK",600200,11.129041,78.652669,Private-Self Financing,"Directorate of Technical Education, Chennai",Approved,Approved,A+,Yes,,Tier 2,http://www.excel.ac.in,info@excel.ac.in,admissions@excel.ac.in,placement@excel.ac.in,+91-80-920-2532,Civil Engineering,Diploma,30,690,1990,Rural,Yes,Yes
1-44640305924,1-44640305924,U-0650,EXCEL POLYTECHNIC COLLEGE,Active,Tamil Nadu,Namakkal,Namakkal,"KUTTIKINATHOOR ROAD, PALLAKAPALAYAM, SANKARI WEST POST, TIRUCHENGODE TALUK",600200,11.129041,78.652669,Private-Self Financing,"Directorate of Technical Education, Chennai",Approved,Approved,A+,Yes,,Tier 2,http://www.excel.ac.in,info@excel.ac.in,admissions@excel.ac.in,placement@excel.ac.in,+91-80-920-2532,Mechanical Engineering,Diploma,120,690,1990,Rural,Yes,Yes
1-44640305924,1-44640305924,U-0650,EXCEL POLYTECHNIC COLLEGE,Active,Tamil Nadu,Namakkal,Namakkal,"KUTTIKINATHOOR ROAD, PALLAKAPALAYAM, SANKARI WEST POST, TIRUCHENGODE TALUK",600200,11.129041,78.652669,Private-Self Financing,"Directorate of Technical Education, Chennai",Approved,Approved,A+,Yes,,Tier 2,http://www.excel.ac.in,info@excel.ac.in,admissions@excel.ac.in,placement@excel.ac.in,+91-80-920-2532,Electronics & Communication Engineering (ECE),Diploma,120,690,1990,Rural,Yes,Yes
1-44640305924,1-44640305924,U-0650,EXCEL POLYTECHNIC COLLEGE,Active,Tamil Nadu,Namakkal,Namakkal,"KUTTIKINATHOOR ROAD, PALLAKAPALAYAM, SANKARI WEST POST, TIRUCHENGODE TALUK",600200,11.129041,78.652669,Private-Self Financing,"Directorate of Technical Education, Chennai",Approved,Approved,A+,Yes,,Tier 2,http://www.excel.ac.in,info@excel.ac.in,admissions@excel.ac.in,placement@excel.ac.in,+91-80-920-2532,Electrical & Electronics Engineering (EEE),Diploma,120,690,1990,Rural,Yes,Yes
1-44640305924,1-44640305924,U-0650,EXCEL POLYTECHNIC COLLEGE,Active,Tamil Nadu,Namakkal,Namakkal,"KUTTIKINATHOOR ROAD, PALLAKAPALAYAM, SANKARI WEST POST, TIRUCHENGODE TALUK",600200,11.129041,78.652669,Private-Self Financing,"Directorate of Technical Education, Chennai",Approved,Approved,A+,Yes,,Tier 2,http://www.excel.ac.in,info@excel.ac.in,admissions@excel.ac.in,placement@excel.ac.in,+91-80-920-2532,Other Engineering Branches,Diploma,120,690,1990,Rural,Yes,Yes
1-44640305924,1-44640305924,U-0650,EXCEL POLYTECHNIC COLLEGE,Active,Tamil Nadu,Namakkal,Namakkal,"KUTTIKINATHOOR ROAD, PALLAKAPALAYAM, SANKARI WEST POST, TIRUCHENGODE TALUK",600200,11.129041,78.652669,Private-Self Financing,"Directorate of Technical Education, Chennai",Approved,Approved,A+,Yes,,Tier 2,http://www.excel.ac.in,info@excel.ac.in,admissions@excel.ac.in,placement@excel.ac.in,+91-80-920-2532,Computer Science Engineering (CSE),Diploma,120,690,1990,Rural,Yes,Yes
1-44640186679,1-44640186679,U-0682,VIVEKANANDHA COLLEGE OF ENGINEERING FOR WOMEN,Active,Tamil Nadu,Namakkal,Namakkal,"VIVEKANANDHA COLLEGE ENGINEERING FOR WOMEN, SATHIYANAICKENPALAYAM  VILLAGE, ELAYAMPALAYAM, TIRUCHENGODE, NAMAKKAL - DT.",600200,11.132583,78.652297,Private-Self Financing,"Anna University, Chennai",Approved,Approved,B++,No,,Tier 3,http://www.vivekanandhawomen.ac.in,info@vivekanandhawomen.ac.in,admissions@vivekanandhawomen.ac.in,placement@vivekanandhawomen.ac.in,+91-80-068-8098,Electrical & Electronics Engineering (EEE),B.Tech,60,1116,2009,Urban,Yes,Yes
1-44640186679,1-44640186679,U-0682,VIVEKANANDHA COLLEGE OF ENGINEERING FOR WOMEN,Active,Tamil Nadu,Namakkal,Namakkal,"VIVEKANANDHA COLLEGE ENGINEERING FOR WOMEN, SATHIYANAICKENPALAYAM  VILLAGE, ELAYAMPALAYAM, TIRUCHENGODE, NAMAKKAL - DT.",600200,11.132583,78.652297,Private-Self Financing,"Anna University, Chennai",Approved,Approved,B++,No,,Tier 3,http://www.vivekanandhawomen.ac.in,info@vivekanandhawomen.ac.in,admissions@vivekanandhawomen.ac.in,placement@vivekanandhawomen.ac.in,+91-80-068-8098,Biotechnology,B.Tech,60,1116,2009,Urban,Yes,Yes
1-44640186679,1-44640186679,U-0682,VIVEKANANDHA COLLEGE OF ENGINEERING FOR WOMEN,Active,Tamil Nadu,Namakkal,Namakkal,"VIVEKANANDHA COLLEGE ENGINEERING FOR WOMEN, SATHIYANAICKENPALAYAM  VILLAGE, ELAYAMPALAYAM, TIRUCHENGODE, NAMAKKAL - DT.",600200,11.132583,78.652297,Private-Self Financing,"Anna University, Chennai",Approved,Approved,B++,No,,Tier 3,http://www.vivekanandhawomen.ac.in,info@vivekanandhawomen.ac.in,admissions@vivekanandhawomen.ac.in,placement@vivekanandhawomen.ac.in,+91-80-068-8098,Computer Science Engineering (CSE),B.Tech,240,1116,2009,Urban,Yes,Yes
1-44640186679,1-44640186679,U-0682,VIVEKANANDHA COLLEGE OF ENGINEERING FOR WOMEN,Active,Tamil Nadu,Namakkal,Namakkal,"VIVEKANANDHA COLLEGE ENGINEERING FOR WOMEN, SATHIYANAICKENPALAYAM  VILLAGE, ELAYAMPALAYAM, TIRUCHENGODE, NAMAKKAL - DT.",600200,11.132583,78.652297,Private-Self Financing,"Anna University, Chennai",Approved,Approved,B++,No,,Tier 3,http://www.vivekanandhawomen.ac.in,info@vivekanandhawomen.ac.in,admissions@vivekanandhawomen.ac.in,placement@vivekanandhawomen.ac.in,+91-80-068-8098,Information Technology (IT),B.Tech,180,1116,2009,Urban,Yes,Yes
1-44640186679,1-44640186679,U-0682,VIVEKANANDHA COLLEGE OF ENGINEERING FOR WOMEN,Active,Tamil Nadu,Namakkal,Namakkal,"VIVEKANANDHA COLLEGE ENGINEERING FOR WOMEN, SATHIYANAICKENPALAYAM  VILLAGE, ELAYAMPALAYAM, TIRUCHENGODE, NAMAKKAL - DT.",600200,11.132583,78.652297,Private-Self Financing,"Anna University, Chennai",Approved,Approved,B++,No,,Tier 3,http://www.vivekanandhawomen.ac.in,info@vivekanandhawomen.ac.in,admissions@vivekanandhawomen.ac.in,placement@vivekanandhawomen.ac.in,+91-80-068-8098,Electronics & Communication Engineering (ECE),B.Tech,180,1116,2009,Urban,Yes,Yes
1-44640186679,1-44640186679,U-0682,VIVEKANANDHA COLLEGE OF ENGINEERING FOR WOMEN,Active,Tamil Nadu,Namakkal,Namakkal,"VIVEKANANDHA COLLEGE ENGINEERING FOR WOMEN, SATHIYANAICKENPALAYAM  VILLAGE, ELAYAMPALAYAM, TIRUCHENGODE, NAMAKKAL - DT.",600200,11.132583,78.652297,Private-Self Financing,"Anna University, Chennai",Approved,Approved,B++,No,,Tier 3,http://www.vivekanandhawomen.ac.in,info@vivekanandhawomen.ac.in,admissions@vivekanandhawomen.ac.in,placement@vivekanandhawomen.ac.in,+91-80-068-8098,Computer Science Engineering (CSE),M.Tech,12,1116,2009,Urban,Yes,Yes
1-44640186679,1-44640186679,U-0682,VIVEKANANDHA COLLEGE OF ENGINEERING FOR WOMEN,Active,Tamil Nadu,Namakkal,Namakkal,"VIVEKANANDHA COLLEGE ENGINEERING FOR WOMEN, SATHIYANAICKENPALAYAM  VILLAGE, ELAYAMPALAYAM, TIRUCHENGODE, NAMAKKAL - DT.",600200,11.132583,78.652297,Private-Self Financing,"Anna University, Chennai",Approved,Approved,B++,No,,Tier 3,http://www.vivekanandhawomen.ac.in,info@vivekanandhawomen.ac.in,admissions@vivekanandhawomen.ac.in,placement@vivekanandhawomen.ac.in,+91-80-068-8098,Other Engineering Branches,M.Tech,12,1116,2009,Urban,Yes,Yes
1-44640186679,1-44640186679,U-0682,VIVEKANANDHA COLLEGE OF ENGINEERING FOR WOMEN,Active,Tamil Nadu,Namakkal,Namakkal,"VIVEKANANDHA COLLEGE ENGINEERING FOR WOMEN, SATHIYANAICKENPALAYAM  VILLAGE, ELAYAMPALAYAM, TIRUCHENGODE, NAMAKKAL - DT.",600200,11.132583,78.652297,Private-Self Financing,"Anna University, Chennai",Approved,Approved,B++,No,,Tier 3,http://www.vivekanandhawomen.ac.in,info@vivekanandhawomen.ac.in,admissions@vivekanandhawomen.ac.in,placement@vivekanandhawomen.ac.in,+91-80-068-8098,Other Engineering Branches,B.Tech,60,1116,2009,Urban,Yes,Yes
1-44640186679,1-44640186679,U-0682,VIVEKANANDHA COLLEGE OF ENGINEERING FOR WOMEN,Active,Tamil Nadu,Namakkal,Namakkal,"VIVEKANANDHA COLLEGE ENGINEERING FOR WOMEN, SATHIYANAICKENPALAYAM  VILLAGE, ELAYAMPALAYAM, TIRUCHENGODE, NAMAKKAL - DT.",600200,11.132583,78.652297,Private-Self Financing,"Anna University, Chennai",Approved,Approved,B++,No,,Tier 3,http://www.vivekanandhawomen.ac.in,info@vivekanandhawomen.ac.in,admissions@vivekanandhawomen.ac.in,placement@vivekanandhawomen.ac.in,+91-80-068-8098,Biotechnology,M.Tech,12,1116,2009,Urban,Yes,Yes
1-44640186679,1-44640186679,U-0682,VIVEKANANDHA COLLEGE OF ENGINEERING FOR WOMEN,Active,Tamil Nadu,Namakkal,Namakkal,"VIVEKANANDHA COLLEGE ENGINEERING FOR WOMEN, SATHIYANAICKENPALAYAM  VILLAGE, ELAYAMPALAYAM, TIRUCHENGODE, NAMAKKAL - DT.",600200,11.132583,78.652297,Private-Self Financing,"Anna University, Chennai",Approved,Approved,B++,No,,Tier 3,http://www.vivekanandhawomen.ac.in,info@vivekanandhawomen.ac.in,admissions@vivekanandhawomen.ac.in,placement@vivekanandhawomen.ac.in,+91-80-068-8098,Civil Engineering,B.Tech,30,1116,2009,Urban,Yes,Yes
1-44640186679,1-44640186679,U-0682,VIVEKANANDHA COLLEGE OF ENGINEERING FOR WOMEN,Active,Tamil Nadu,Namakkal,Namakkal,"VIVEKANANDHA COLLEGE ENGINEERING FOR WOMEN, SATHIYANAICKENPALAYAM  VILLAGE, ELAYAMPALAYAM, TIRUCHENGODE, NAMAKKAL - DT.",600200,11.132583,78.652297,Private-Self Financing,"Anna University, Chennai",Approved,Approved,B++,No,,Tier 3,http://www.vivekanandhawomen.ac.in,info@vivekanandhawomen.ac.in,admissions@vivekanandhawomen.ac.in,placement@vivekanandhawomen.ac.in,+91-80-068-8098,Agricultural Engineering,B.Tech,30,1116,2009,Urban,Yes,Yes
1-44640186679,1-44640186679,U-0682,VIVEKANANDHA COLLEGE OF ENGINEERING FOR WOMEN,Active,Tamil Nadu,Namakkal,Namakkal,"VIVEKANANDHA COLLEGE ENGINEERING FOR WOMEN, SATHIYANAICKENPALAYAM  VILLAGE, ELAYAMPALAYAM, TIRUCHENGODE, NAMAKKAL - DT.",600200,11.132583,78.652297,Private-Self Financing,"Anna University, Chennai",Approved,Approved,B++,No,,Tier 3,http://www.vivekanandhawomen.ac.in,info@vivekanandhawomen.ac.in,admissions@vivekanandhawomen.ac.in,placement@vivekanandhawomen.ac.in,+91-80-068-8098,Data Science,B.Tech,120,1116,2009,Urban,Yes,Yes
1-44640186679,1-44640186679,U-0682,VIVEKANANDHA COLLEGE OF ENGINEERING FOR WOMEN,Active,Tamil Nadu,Namakkal,Namakkal,"VIVEKANANDHA COLLEGE ENGINEERING FOR WOMEN, SATHIYANAICKENPALAYAM  VILLAGE, ELAYAMPALAYAM, TIRUCHENGODE, NAMAKKAL - DT.",600200,11.132583,78.652297,Private-Self Financing,"Anna University, Chennai",Approved,Approved,B++,No,,Tier 3,http://www.vivekanandhawomen.ac.in,info@vivekanandhawomen.ac.in,admissions@vivekanandhawomen.ac.in,placement@vivekanandhawomen.ac.in,+91-80-068-8098,Artificial Intelligence & Machine Learning (AI & ML),B.Tech,120,1116,2009,Urban,Yes,Yes
1-44640697885,1-44640697885,U-0650,PGP POLYTECHNIC COLLEGE,Active,Tamil Nadu,Namakkal,Namakkal,"PGP COLLEGE CAMPUS, NH-7, KARUR MAIN ROAD, VILLIPALAYAM",600200,11.110212,78.639073,Private-Self Financing,"Directorate of Technical Education, Chennai",Approved,Approved,B+,No,,Tier 3,http://www.pgp.ac.in,info@pgp.ac.in,admissions@pgp.ac.in,placement@pgp.ac.in,+91-80-130-5357,Mechanical Engineering,Diploma,60,285,1997,Rural,Yes,Yes
1-44640697885,1-44640697885,U-0650,PGP POLYTECHNIC COLLEGE,Active,Tamil Nadu,Namakkal,Namakkal,"PGP COLLEGE CAMPUS, NH-7, KARUR MAIN ROAD, VILLIPALAYAM",600200,11.110212,78.639073,Private-Self Financing,"Directorate of Technical Education, Chennai",Approved,Approved,B+,No,,Tier 3,http://www.pgp.ac.in,info@pgp.ac.in,admissions@pgp.ac.in,placement@pgp.ac.in,+91-80-130-5357,Electrical & Electronics Engineering (EEE),Diploma,60,285,1997,Rural,Yes,Yes
1-44640697885,1-44640697885,U-0650,PGP POLYTECHNIC COLLEGE,Active,Tamil Nadu,Namakkal,Namakkal,"PGP COLLEGE CAMPUS, NH-7, KARUR MAIN ROAD, VILLIPALAYAM",600200,11.110212,78.639073,Private-Self Financing,"Directorate of Technical Education, Chennai",Approved,Approved,B+,No,,Tier 3,http://www.pgp.ac.in,info@pgp.ac.in,admissions@pgp.ac.in,placement@pgp.ac.in,+91-80-130-5357,Computer Science Engineering (CSE),Diploma,60,285,1997,Rural,Yes,Yes
1-44640697885,1-44640697885,U-0650,PGP POLYTECHNIC COLLEGE,Active,Tamil Nadu,Namakkal,Namakkal,"PGP COLLEGE CAMPUS, NH-7, KARUR MAIN ROAD, VILLIPALAYAM",600200,11.110212,78.639073,Private-Self Financing,"Directorate of Technical Education, Chennai",Approved,Approved,B+,No,,Tier 3,http://www.pgp.ac.in,info@pgp.ac.in,admissions@pgp.ac.in,placement@pgp.ac.in,+91-80-130-5357,Electronics & Communication Engineering (ECE),Diploma,60,285,1997,Rural,Yes,Yes
1-44640697885,1-44640697885,U-0650,PGP POLYTECHNIC COLLEGE,Active,Tamil Nadu,Namakkal,Namakkal,"PGP COLLEGE CAMPUS, NH-7, KARUR MAIN ROAD, VILLIPALAYAM",600200,11.110212,78.639073,Private-Self Financing,"Directorate of Technical Education, Chennai",Approved,Approved,B+,No,,Tier 3,http://www.pgp.ac.in,info@pgp.ac.in,admissions@pgp.ac.in,placement@pgp.ac.in,+91-80-130-5357,Civil Engineering,Diploma,15,285,1997,Rural,Yes,Yes
1-44640697885,1-44640697885,U-0650,PGP POLYTECHNIC COLLEGE,Active,Tamil Nadu,Namakkal,Namakkal,"PGP COLLEGE CAMPUS, NH-7, KARUR MAIN ROAD, VILLIPALAYAM",600200,11.110212,78.639073,Private-Self Financing,"Directorate of Technical Education, Chennai",Approved,Approved,B+,No,,Tier 3,http://www.pgp.ac.in,info@pgp.ac.in,admissions@pgp.ac.in,placement@pgp.ac.in,+91-80-130-5357,Automobile Engineering,Diploma,30,285,1997,Rural,Yes,Yes
1-44641335854,1-44641335854,U-0682,J.K.K.NATRAJA COLLEGE OF ENGINEERING & TECHNOLOGY,Active,Tamil Nadu,Namakkal,Namakkal,"NATARAJAPURAM, NH-47 (SALEM TO COIMBATORE), KOMARAPALAYAM - 638 183. NAMAKKAL DT. TAMIL NADU.",600200,11.119789,78.644387,Private-Self Financing,"Anna University, Chennai",Approved,Approved,A,No,,Tier 3,http://www.jkknatraja.ac.in,info@jkknatraja.ac.in,admissions@jkknatraja.ac.in,placement@jkknatraja.ac.in,+91-80-532-2031,Computer Science Engineering (CSE),B.Tech,60,312,1989,Urban,Yes,Yes
1-44641335854,1-44641335854,U-0682,J.K.K.NATRAJA COLLEGE OF ENGINEERING & TECHNOLOGY,Active,Tamil Nadu,Namakkal,Namakkal,"NATARAJAPURAM, NH-47 (SALEM TO COIMBATORE), KOMARAPALAYAM - 638 183. NAMAKKAL DT. TAMIL NADU.",600200,11.119789,78.644387,Private-Self Financing,"Anna University, Chennai",Approved,Approved,A,No,,Tier 3,http://www.jkknatraja.ac.in,info@jkknatraja.ac.in,admissions@jkknatraja.ac.in,placement@jkknatraja.ac.in,+91-80-532-2031,Electrical & Electronics Engineering (EEE),B.Tech,60,312,1989,Urban,Yes,Yes
1-44641335854,1-44641335854,U-0682,J.K.K.NATRAJA COLLEGE OF ENGINEERING & TECHNOLOGY,Active,Tamil Nadu,Namakkal,Namakkal,"NATARAJAPURAM, NH-47 (SALEM TO COIMBATORE), KOMARAPALAYAM - 638 183. NAMAKKAL DT. TAMIL NADU.",600200,11.119789,78.644387,Private-Self Financing,"Anna University, Chennai",Approved,Approved,A,No,,Tier 3,http://www.jkknatraja.ac.in,info@jkknatraja.ac.in,admissions@jkknatraja.ac.in,placement@jkknatraja.ac.in,+91-80-532-2031,Electronics & Communication Engineering (ECE),B.Tech,60,312,1989,Urban,Yes,Yes
1-44641335854,1-44641335854,U-0682,J.K.K.NATRAJA COLLEGE OF ENGINEERING & TECHNOLOGY,Active,Tamil Nadu,Namakkal,Namakkal,"NATARAJAPURAM, NH-47 (SALEM TO COIMBATORE), KOMARAPALAYAM - 638 183. NAMAKKAL DT. TAMIL NADU.",600200,11.119789,78.644387,Private-Self Financing,"Anna University, Chennai",Approved,Approved,A,No,,Tier 3,http://www.jkknatraja.ac.in,info@jkknatraja.ac.in,admissions@jkknatraja.ac.in,placement@jkknatraja.ac.in,+91-80-532-2031,Information Technology (IT),B.Tech,60,312,1989,Urban,Yes,Yes
1-44641335854,1-44641335854,U-0682,J.K.K.NATRAJA COLLEGE OF ENGINEERING & TECHNOLOGY,Active,Tamil Nadu,Namakkal,Namakkal,"NATARAJAPURAM, NH-47 (SALEM TO COIMBATORE), KOMARAPALAYAM - 638 183. NAMAKKAL DT. TAMIL NADU.",600200,11.119789,78.644387,Private-Self Financing,"Anna University, Chennai",Approved,Approved,A,No,,Tier 3,http://www.jkknatraja.ac.in,info@jkknatraja.ac.in,admissions@jkknatraja.ac.in,placement@jkknatraja.ac.in,+91-80-532-2031,Mechanical Engineering,B.Tech,60,312,1989,Urban,Yes,Yes
1-44641335854,1-44641335854,U-0682,J.K.K.NATRAJA COLLEGE OF ENGINEERING & TECHNOLOGY,Active,Tamil Nadu,Namakkal,Namakkal,"NATARAJAPURAM, NH-47 (SALEM TO COIMBATORE), KOMARAPALAYAM - 638 183. NAMAKKAL DT. TAMIL NADU.",600200,11.119789,78.644387,Private-Self Financing,"Anna University, Chennai",Approved,Approved,A,No,,Tier 3,http://www.jkknatraja.ac.in,info@jkknatraja.ac.in,admissions@jkknatraja.ac.in,placement@jkknatraja.ac.in,+91-80-532-2031,Computer Science Engineering (CSE),M.Tech,12,312,1989,Urban,Yes,Yes
1-44641050783,1-44641050783,U-0650,SSM POLYTECHNIC COLLEGE,Active,Tamil Nadu,Namakkal,Namakkal,VALAYAKARANOOR,600200,11.113274,78.669872,Govt aided,"Directorate of Technical Education, Chennai",Approved,Approved,Not Accredited,No,,Tier 3,http://www.ssm.ac.in,info@ssm.ac.in,admissions@ssm.ac.in,placement@ssm.ac.in,+91-80-258-9907,Other Engineering Branches,Diploma,330,490,2010,Urban,No,Yes
1-44641050783,1-44641050783,U-0650,SSM POLYTECHNIC COLLEGE,Active,Tamil Nadu,Namakkal,Namakkal,VALAYAKARANOOR,600200,11.113274,78.669872,Govt aided,"Directorate of Technical Education, Chennai",Approved,Approved,Not Accredited,No,,Tier 3,http://www.ssm.ac.in,info@ssm.ac.in,admissions@ssm.ac.in,placement@ssm.ac.in,+91-80-258-9907,Mechanical Engineering,Diploma,60,490,2010,Urban,No,Yes
1-44641050783,1-44641050783,U-0650,SSM POLYTECHNIC COLLEGE,Active,Tamil Nadu,Namakkal,Namakkal,VALAYAKARANOOR,600200,11.113274,78.669872,Govt aided,"Directorate of Technical Education, Chennai",Approved,Approved,Not Accredited,No,,Tier 3,http://www.ssm.ac.in,info@ssm.ac.in,admissions@ssm.ac.in,placement@ssm.ac.in,+91-80-258-9907,Electrical & Electronics Engineering (EEE),Diploma,40,490,2010,Urban,No,Yes
1-44641050783,1-44641050783,U-0650,SSM POLYTECHNIC COLLEGE,Active,Tamil Nadu,Namakkal,Namakkal,VALAYAKARANOOR,600200,11.113274,78.669872,Govt aided,"Directorate of Technical Education, Chennai",Approved,Approved,Not Accredited,No,,Tier 3,http://www.ssm.ac.in,info@ssm.ac.in,admissions@ssm.ac.in,placement@ssm.ac.in,+91-80-258-9907,Computer Science Engineering (CSE),Diploma,30,490,2010,Urban,No,Yes
1-44641050783,1-44641050783,U-0650,SSM POLYTECHNIC COLLEGE,Active,Tamil Nadu,Namakkal,Namakkal,VALAYAKARANOOR,600200,11.113274,78.669872,Govt aided,"Directorate of Technical Education, Chennai",Approved,Approved,Not Accredited,No,,Tier 3,http://www.ssm.ac.in,info@ssm.ac.in,admissions@ssm.ac.in,placement@ssm.ac.in,+91-80-258-9907,Electronics & Communication Engineering (ECE),Diploma,30,490,2010,Urban,No,Yes
1-44641143150,1-44641143150,U-0650,MUTHAYAMMAL POLYTECHNIC COLLEGE,Active,Tamil Nadu,Namakkal,Namakkal,"KAKKAVERI POST , RASIPURAM TALUK, NAMAKKAL DISTRICT,",600200,11.134631,78.663609,Private-Self Financing,"Directorate of Technical Education, Chennai",Approved,Approved,B,No,,Tier 3,http://www.muthayammal.ac.in,info@muthayammal.ac.in,admissions@muthayammal.ac.in,placement@muthayammal.ac.in,+91-80-154-7306,Automobile Engineering,Diploma,60,660,2004,Urban,Yes,Yes
1-44641143150,1-44641143150,U-0650,MUTHAYAMMAL POLYTECHNIC COLLEGE,Active,Tamil Nadu,Namakkal,Namakkal,"KAKKAVERI POST , RASIPURAM TALUK, NAMAKKAL DISTRICT,",600200,11.134631,78.663609,Private-Self Financing,"Directorate of Technical Education, Chennai",Approved,Approved,B,No,,Tier 3,http://www.muthayammal.ac.in,info@muthayammal.ac.in,admissions@muthayammal.ac.in,placement@muthayammal.ac.in,+91-80-154-7306,Civil Engineering,Diploma,30,660,2004,Urban,Yes,Yes
1-44641143150,1-44641143150,U-0650,MUTHAYAMMAL POLYTECHNIC COLLEGE,Active,Tamil Nadu,Namakkal,Namakkal,"KAKKAVERI POST , RASIPURAM TALUK, NAMAKKAL DISTRICT,",600200,11.134631,78.663609,Private-Self Financing,"Directorate of Technical Education, Chennai",Approved,Approved,B,No,,Tier 3,http://www.muthayammal.ac.in,info@muthayammal.ac.in,admissions@muthayammal.ac.in,placement@muthayammal.ac.in,+91-80-154-7306,Computer Science Engineering (CSE),Diploma,120,660,2004,Urban,Yes,Yes
1-44641143150,1-44641143150,U-0650,MUTHAYAMMAL POLYTECHNIC COLLEGE,Active,Tamil Nadu,Namakkal,Namakkal,"KAKKAVERI POST , RASIPURAM TALUK, NAMAKKAL DISTRICT,",600200,11.134631,78.663609,Private-Self Financing,"Directorate of Technical Education, Chennai",Approved,Approved,B,No,,Tier 3,http://www.muthayammal.ac.in,info@muthayammal.ac.in,admissions@muthayammal.ac.in,placement@muthayammal.ac.in,+91-80-154-7306,Electrical & Electronics Engineering (EEE),Diploma,120,660,2004,Urban,Yes,Yes
1-44641143150,1-44641143150,U-0650,MUTHAYAMMAL POLYTECHNIC COLLEGE,Active,Tamil Nadu,Namakkal,Namakkal,"KAKKAVERI POST , RASIPURAM TALUK, NAMAKKAL DISTRICT,",600200,11.134631,78.663609,Private-Self Financing,"Directorate of Technical Education, Chennai",Approved,Approved,B,No,,Tier 3,http://www.muthayammal.ac.in,info@muthayammal.ac.in,admissions@muthayammal.ac.in,placement@muthayammal.ac.in,+91-80-154-7306,Electronics & Communication Engineering (ECE),Diploma,60,660,2004,Urban,Yes,Yes
1-44641143150,1-44641143150,U-0650,MUTHAYAMMAL POLYTECHNIC COLLEGE,Active,Tamil Nadu,Namakkal,Namakkal,"KAKKAVERI POST , RASIPURAM TALUK, NAMAKKAL DISTRICT,",600200,11.134631,78.663609,Private-Self Financing,"Directorate of Technical Education, Chennai",Approved,Approved,B,No,,Tier 3,http://www.muthayammal.ac.in,info@muthayammal.ac.in,admissions@muthayammal.ac.in,placement@muthayammal.ac.in,+91-80-154-7306,Information Technology (IT),Diploma,60,660,2004,Urban,Yes,Yes
1-44641143150,1-44641143150,U-0650,MUTHAYAMMAL POLYTECHNIC COLLEGE,Active,Tamil Nadu,Namakkal,Namakkal,"KAKKAVERI POST , RASIPURAM TALUK, NAMAKKAL DISTRICT,",600200,11.134631,78.663609,Private-Self Financing,"Directorate of Technical Education, Chennai",Approved,Approved,B,No,,Tier 3,http://www.muthayammal.ac.in,info@muthayammal.ac.in,admissions@muthayammal.ac.in,placement@muthayammal.ac.in,+91-80-154-7306,Mechanical Engineering,Diploma,150,660,2004,Urban,Yes,Yes
1-44641143150,1-44641143150,U-0650,MUTHAYAMMAL POLYTECHNIC COLLEGE,Active,Tamil Nadu,Namakkal,Namakkal,"KAKKAVERI POST , RASIPURAM TALUK, NAMAKKAL DISTRICT,",600200,11.134631,78.663609,Private-Self Financing,"Directorate of Technical Education, Chennai",Approved,Approved,B,No,,Tier 3,http://www.muthayammal.ac.in,info@muthayammal.ac.in,admissions@muthayammal.ac.in,placement@muthayammal.ac.in,+91-80-154-7306,Artificial Intelligence & Machine Learning (AI & ML),Diploma,60,660,2004,Urban,Yes,Yes
1-44641478077,1-44641478077,U-0650,PAAVAI POLYTECHNIC COLLEGE,Active,Tamil Nadu,Namakkal,Namakkal,"NH - 7, PAAVAI NAGAR, PACHAL",600200,11.117572,78.656376,Private-Self Financing,"Directorate of Technical Education, Chennai",Approved,Approved,A+,Yes,,Tier 2,http://www.paavai.ac.in,info@paavai.ac.in,admissions@paavai.ac.in,placement@paavai.ac.in,+91-80-439-2316,Electronics & Communication Engineering (ECE),Diploma,60,600,2020,Rural,Yes,Yes
1-44641478077,1-44641478077,U-0650,PAAVAI POLYTECHNIC COLLEGE,Active,Tamil Nadu,Namakkal,Namakkal,"NH - 7, PAAVAI NAGAR, PACHAL",600200,11.117572,78.656376,Private-Self Financing,"Directorate of Technical Education, Chennai",Approved,Approved,A+,Yes,,Tier 2,http://www.paavai.ac.in,info@paavai.ac.in,admissions@paavai.ac.in,placement@paavai.ac.in,+91-80-439-2316,Automobile Engineering,Diploma,60,600,2020,Rural,Yes,Yes
1-44641478077,1-44641478077,U-0650,PAAVAI POLYTECHNIC COLLEGE,Active,Tamil Nadu,Namakkal,Namakkal,"NH - 7, PAAVAI NAGAR, PACHAL",600200,11.117572,78.656376,Private-Self Financing,"Directorate of Technical Education, Chennai",Approved,Approved,A+,Yes,,Tier 2,http://www.paavai.ac.in,info@paavai.ac.in,admissions@paavai.ac.in,placement@paavai.ac.in,+91-80-439-2316,Electrical & Electronics Engineering (EEE),Diploma,60,600,2020,Rural,Yes,Yes
1-44641478077,1-44641478077,U-0650,PAAVAI POLYTECHNIC COLLEGE,Active,Tamil Nadu,Namakkal,Namakkal,"NH - 7, PAAVAI NAGAR, PACHAL",600200,11.117572,78.656376,Private-Self Financing,"Directorate of Technical Education, Chennai",Approved,Approved,A+,Yes,,Tier 2,http://www.paavai.ac.in,info@paavai.ac.in,admissions@paavai.ac.in,placement@paavai.ac.in,+91-80-439-2316,Computer Science Engineering (CSE),Diploma,60,600,2020,Rural,Yes,Yes
1-44641478077,1-44641478077,U-0650,PAAVAI POLYTECHNIC COLLEGE,Active,Tamil Nadu,Namakkal,Namakkal,"NH - 7, PAAVAI NAGAR, PACHAL",600200,11.117572,78.656376,Private-Self Financing,"Directorate of Technical Education, Chennai",Approved,Approved,A+,Yes,,Tier 2,http://www.paavai.ac.in,info@paavai.ac.in,admissions@paavai.ac.in,placement@paavai.ac.in,+91-80-439-2316,Civil Engineering,Diploma,30,600,2020,Rural,Yes,Yes
1-44641478077,1-44641478077,U-0650,PAAVAI POLYTECHNIC COLLEGE,Active,Tamil Nadu,Namakkal,Namakkal,"NH - 7, PAAVAI NAGAR, PACHAL",600200,11.117572,78.656376,Private-Self Financing,"Directorate of Technical Education, Chennai",Approved,Approved,A+,Yes,,Tier 2,http://www.paavai.ac.in,info@paavai.ac.in,admissions@paavai.ac.in,placement@paavai.ac.in,+91-80-439-2316,Mechanical Engineering,Diploma,60,600,2020,Rural,Yes,Yes
1-44641478077,1-44641478077,U-0650,PAAVAI POLYTECHNIC COLLEGE,Active,Tamil Nadu,Namakkal,Namakkal,"NH - 7, PAAVAI NAGAR, PACHAL",600200,11.117572,78.656376,Private-Self Financing,"Directorate of Technical Education, Chennai",Approved,Approved,A+,Yes,,Tier 2,http://www.paavai.ac.in,info@paavai.ac.in,admissions@paavai.ac.in,placement@paavai.ac.in,+91-80-439-2316,Agricultural Engineering,Diploma,60,600,2020,Rural,Yes,Yes
1-44641478077,1-44641478077,U-0650,PAAVAI POLYTECHNIC COLLEGE,Active,Tamil Nadu,Namakkal,Namakkal,"NH - 7, PAAVAI NAGAR, PACHAL",600200,11.117572,78.656376,Private-Self Financing,"Directorate of Technical Education, Chennai",Approved,Approved,A+,Yes,,Tier 2,http://www.paavai.ac.in,info@paavai.ac.in,admissions@paavai.ac.in,placement@paavai.ac.in,+91-80-439-2316,Chemical Engineering,Diploma,30,600,2020,Rural,Yes,Yes
1-44641478077,1-44641478077,U-0650,PAAVAI POLYTECHNIC COLLEGE,Active,Tamil Nadu,Namakkal,Namakkal,"NH - 7, PAAVAI NAGAR, PACHAL",600200,11.117572,78.656376,Private-Self Financing,"Directorate of Technical Education, Chennai",Approved,Approved,A+,Yes,,Tier 2,http://www.paavai.ac.in,info@paavai.ac.in,admissions@paavai.ac.in,placement@paavai.ac.in,+91-80-439-2316,Other Engineering Branches,Diploma,120,600,2020,Rural,Yes,Yes
1-44641478077,1-44641478077,U-0650,PAAVAI POLYTECHNIC COLLEGE,Active,Tamil Nadu,Namakkal,Namakkal,"NH - 7, PAAVAI NAGAR, PACHAL",600200,11.117572,78.656376,Private-Self Financing,"Directorate of Technical Education, Chennai",Approved,Approved,A+,Yes,,Tier 2,http://www.paavai.ac.in,info@paavai.ac.in,admissions@paavai.ac.in,placement@paavai.ac.in,+91-80-439-2316,Artificial Intelligence & Machine Learning (AI & ML),Diploma,60,600,2020,Rural,Yes,Yes
1-44641065126,1-44641065126,U-0682,SRG ENGINEERING COLLEGE,Active,Tamil Nadu,Namakkal,Namakkal,"SH-95, MOHANUR ROAD, ANIYAPURAM",600200,11.110401,78.650241,Private-Self Financing,"Anna University, Chennai",Approved,Approved,A,No,,Tier 3,http://www.srg.ac.in,info@srg.ac.in,admissions@srg.ac.in,placement@srg.ac.in,+91-80-138-4533,Other Engineering Branches,M.Tech,69,438,2017,Urban,No,Yes
1-44641065126,1-44641065126,U-0682,SRG ENGINEERING COLLEGE,Active,Tamil Nadu,Namakkal,Namakkal,"SH-95, MOHANUR ROAD, ANIYAPURAM",600200,11.110401,78.650241,Private-Self Financing,"Anna University, Chennai",Approved,Approved,A,No,,Tier 3,http://www.srg.ac.in,info@srg.ac.in,admissions@srg.ac.in,placement@srg.ac.in,+91-80-138-4533,Computer Science Engineering (CSE),B.Tech,60,438,2017,Urban,No,Yes
1-44641065126,1-44641065126,U-0682,SRG ENGINEERING COLLEGE,Active,Tamil Nadu,Namakkal,Namakkal,"SH-95, MOHANUR ROAD, ANIYAPURAM",600200,11.110401,78.650241,Private-Self Financing,"Anna University, Chennai",Approved,Approved,A,No,,Tier 3,http://www.srg.ac.in,info@srg.ac.in,admissions@srg.ac.in,placement@srg.ac.in,+91-80-138-4533,Mechanical Engineering,B.Tech,60,438,2017,Urban,No,Yes
1-44641065126,1-44641065126,U-0682,SRG ENGINEERING COLLEGE,Active,Tamil Nadu,Namakkal,Namakkal,"SH-95, MOHANUR ROAD, ANIYAPURAM",600200,11.110401,78.650241,Private-Self Financing,"Anna University, Chennai",Approved,Approved,A,No,,Tier 3,http://www.srg.ac.in,info@srg.ac.in,admissions@srg.ac.in,placement@srg.ac.in,+91-80-138-4533,Electrical & Electronics Engineering (EEE),B.Tech,60,438,2017,Urban,No,Yes
1-44641065126,1-44641065126,U-0682,SRG ENGINEERING COLLEGE,Active,Tamil Nadu,Namakkal,Namakkal,"SH-95, MOHANUR ROAD, ANIYAPURAM",600200,11.110401,78.650241,Private-Self Financing,"Anna University, Chennai",Approved,Approved,A,No,,Tier 3,http://www.srg.ac.in,info@srg.ac.in,admissions@srg.ac.in,placement@srg.ac.in,+91-80-138-4533,Civil Engineering,B.Tech,30,438,2017,Urban,No,Yes
1-44641065126,1-44641065126,U-0682,SRG ENGINEERING COLLEGE,Active,Tamil Nadu,Namakkal,Namakkal,"SH-95, MOHANUR ROAD, ANIYAPURAM",600200,11.110401,78.650241,Private-Self Financing,"Anna University, Chennai",Approved,Approved,A,No,,Tier 3,http://www.srg.ac.in,info@srg.ac.in,admissions@srg.ac.in,placement@srg.ac.in,+91-80-138-4533,Computer Science Engineering (CSE),M.Tech,9,438,2017,Urban,No,Yes
1-44641065126,1-44641065126,U-0682,SRG ENGINEERING COLLEGE,Active,Tamil Nadu,Namakkal,Namakkal,"SH-95, MOHANUR ROAD, ANIYAPURAM",600200,11.110401,78.650241,Private-Self Financing,"Anna University, Chennai",Approved,Approved,A,No,,Tier 3,http://www.srg.ac.in,info@srg.ac.in,admissions@srg.ac.in,placement@srg.ac.in,+91-80-138-4533,Other Engineering Branches,B.Tech,60,438,2017,Urban,No,Yes
1-44641065126,1-44641065126,U-0682,SRG ENGINEERING COLLEGE,Active,Tamil Nadu,Namakkal,Namakkal,"SH-95, MOHANUR ROAD, ANIYAPURAM",600200,11.110401,78.650241,Private-Self Financing,"Anna University, Chennai",Approved,Approved,A,No,,Tier 3,http://www.srg.ac.in,info@srg.ac.in,admissions@srg.ac.in,placement@srg.ac.in,+91-80-138-4533,Data Science,B.Tech,30,438,2017,Urban,No,Yes
1-44641065126,1-44641065126,U-0682,SRG ENGINEERING COLLEGE,Active,Tamil Nadu,Namakkal,Namakkal,"SH-95, MOHANUR ROAD, ANIYAPURAM",600200,11.110401,78.650241,Private-Self Financing,"Anna University, Chennai",Approved,Approved,A,No,,Tier 3,http://www.srg.ac.in,info@srg.ac.in,admissions@srg.ac.in,placement@srg.ac.in,+91-80-138-4533,Information Technology (IT),B.Tech,30,438,2017,Urban,No,Yes
1-44641065126,1-44641065126,U-0682,SRG ENGINEERING COLLEGE,Active,Tamil Nadu,Namakkal,Namakkal,"SH-95, MOHANUR ROAD, ANIYAPURAM",600200,11.110401,78.650241,Private-Self Financing,"Anna University, Chennai",Approved,Approved,A,No,,Tier 3,http://www.srg.ac.in,info@srg.ac.in,admissions@srg.ac.in,placement@srg.ac.in,+91-80-138-4533,Cyber Security,B.Tech,30,438,2017,Urban,No,Yes
1-44641273553,1-44641273553,U-0650,CHERAN POLYTECHNIC COLLEGE,Active,Tamil Nadu,Namakkal,Namakkal,"KADACHANALLUR VILLAGE, S.P.B.COLONY POST, TIRUCHENGODE TALUK NAMAKKAL DISTRICT 638 010",600200,11.107104,78.656156,Private-Self Financing,"Directorate of Technical Education, Chennai",Approved,Approved,A,No,,Tier 3,http://www.cheran.ac.in,info@cheran.ac.in,admissions@cheran.ac.in,placement@cheran.ac.in,+91-80-000-1915,Mechanical Engineering,Diploma,60,300,1980,Urban,No,Yes
1-44641273553,1-44641273553,U-0650,CHERAN POLYTECHNIC COLLEGE,Active,Tamil Nadu,Namakkal,Namakkal,"KADACHANALLUR VILLAGE, S.P.B.COLONY POST, TIRUCHENGODE TALUK NAMAKKAL DISTRICT 638 010",600200,11.107104,78.656156,Private-Self Financing,"Directorate of Technical Education, Chennai",Approved,Approved,A,No,,Tier 3,http://www.cheran.ac.in,info@cheran.ac.in,admissions@cheran.ac.in,placement@cheran.ac.in,+91-80-000-1915,Agricultural Engineering,Diploma,60,300,1980,Urban,No,Yes
1-44641273553,1-44641273553,U-0650,CHERAN POLYTECHNIC COLLEGE,Active,Tamil Nadu,Namakkal,Namakkal,"KADACHANALLUR VILLAGE, S.P.B.COLONY POST, TIRUCHENGODE TALUK NAMAKKAL DISTRICT 638 010",600200,11.107104,78.656156,Private-Self Financing,"Directorate of Technical Education, Chennai",Approved,Approved,A,No,,Tier 3,http://www.cheran.ac.in,info@cheran.ac.in,admissions@cheran.ac.in,placement@cheran.ac.in,+91-80-000-1915,Other Engineering Branches,Diploma,180,300,1980,Urban,No,Yes
1-44641067410,1-44641067410,U-0650,K S RANGASAMY INSTITUTE OF TECHNOLOGY,Active,Tamil Nadu,Namakkal,Namakkal,K S R KALVI NAGAR THOKKAVADI PO TIRUCHENGODE TK NAMAKKAL DT TAMIL NADU PIN: 637 215,600200,11.138227,78.663645,Private-Self Financing,"Directorate of Technical Education, Chennai",Approved,Approved,Not Accredited,No,,Tier 3,http://www.ksrangasamy.ac.in,info@ksrangasamy.ac.in,admissions@ksrangasamy.ac.in,placement@ksrangasamy.ac.in,+91-80-305-5403,Civil Engineering,Diploma,60,420,1985,Urban,Yes,Yes
1-44641067410,1-44641067410,U-0650,K S RANGASAMY INSTITUTE OF TECHNOLOGY,Active,Tamil Nadu,Namakkal,Namakkal,K S R KALVI NAGAR THOKKAVADI PO TIRUCHENGODE TK NAMAKKAL DT TAMIL NADU PIN: 637 215,600200,11.138227,78.663645,Private-Self Financing,"Directorate of Technical Education, Chennai",Approved,Approved,Not Accredited,No,,Tier 3,http://www.ksrangasamy.ac.in,info@ksrangasamy.ac.in,admissions@ksrangasamy.ac.in,placement@ksrangasamy.ac.in,+91-80-305-5403,Mechanical Engineering,Diploma,120,420,1985,Urban,Yes,Yes
1-44641067410,1-44641067410,U-0650,K S RANGASAMY INSTITUTE OF TECHNOLOGY,Active,Tamil Nadu,Namakkal,Namakkal,K S R KALVI NAGAR THOKKAVADI PO TIRUCHENGODE TK NAMAKKAL DT TAMIL NADU PIN: 637 215,600200,11.138227,78.663645,Private-Self Financing,"Directorate of Technical Education, Chennai",Approved,Approved,Not Accredited,No,,Tier 3,http://www.ksrangasamy.ac.in,info@ksrangasamy.ac.in,admissions@ksrangasamy.ac.in,placement@ksrangasamy.ac.in,+91-80-305-5403,Electrical & Electronics Engineering (EEE),Diploma,60,420,1985,Urban,Yes,Yes
1-44641067410,1-44641067410,U-0650,K S RANGASAMY INSTITUTE OF TECHNOLOGY,Active,Tamil Nadu,Namakkal,Namakkal,K S R KALVI NAGAR THOKKAVADI PO TIRUCHENGODE TK NAMAKKAL DT TAMIL NADU PIN: 637 215,600200,11.138227,78.663645,Private-Self Financing,"Directorate of Technical Education, Chennai",Approved,Approved,Not Accredited,No,,Tier 3,http://www.ksrangasamy.ac.in,info@ksrangasamy.ac.in,admissions@ksrangasamy.ac.in,placement@ksrangasamy.ac.in,+91-80-305-5403,Electronics & Communication Engineering (ECE),Diploma,60,420,1985,Urban,Yes,Yes
1-44641067410,1-44641067410,U-0650,K S RANGASAMY INSTITUTE OF TECHNOLOGY,Active,Tamil Nadu,Namakkal,Namakkal,K S R KALVI NAGAR THOKKAVADI PO TIRUCHENGODE TK NAMAKKAL DT TAMIL NADU PIN: 637 215,600200,11.138227,78.663645,Private-Self Financing,"Directorate of Technical Education, Chennai",Approved,Approved,Not Accredited,No,,Tier 3,http://www.ksrangasamy.ac.in,info@ksrangasamy.ac.in,admissions@ksrangasamy.ac.in,placement@ksrangasamy.ac.in,+91-80-305-5403,Computer Science Engineering (CSE),Diploma,60,420,1985,Urban,Yes,Yes
1-44641067410,1-44641067410,U-0650,K S RANGASAMY INSTITUTE OF TECHNOLOGY,Active,Tamil Nadu,Namakkal,Namakkal,K S R KALVI NAGAR THOKKAVADI PO TIRUCHENGODE TK NAMAKKAL DT TAMIL NADU PIN: 637 215,600200,11.138227,78.663645,Private-Self Financing,"Directorate of Technical Education, Chennai",Approved,Approved,Not Accredited,No,,Tier 3,http://www.ksrangasamy.ac.in,info@ksrangasamy.ac.in,admissions@ksrangasamy.ac.in,placement@ksrangasamy.ac.in,+91-80-305-5403,Other Engineering Branches,Diploma,60,420,1985,Urban,Yes,Yes
1-44640950700,1-44640950700,U-0682,PAAVAI COLLEGE OF ENGINEERING,Active,Tamil Nadu,Namakkal,Namakkal,"PAAVAI NAGAR, NH-7, PACHAL NAMAKKAL-637018, TAMILNADU",637018,11.135302,78.655177,Private-Self Financing,"Anna University, Chennai",Approved,Approved,A+,Yes,,Tier 2,http://www.paavai.ac.in,info@paavai.ac.in,admissions@paavai.ac.in,placement@paavai.ac.in,+91-80-182-8596,Computer Science Engineering (CSE),B.Tech,120,552,1986,Rural,Yes,No
1-44640950700,1-44640950700,U-0682,PAAVAI COLLEGE OF ENGINEERING,Active,Tamil Nadu,Namakkal,Namakkal,"PAAVAI NAGAR, NH-7, PACHAL NAMAKKAL-637018, TAMILNADU",637018,11.135302,78.655177,Private-Self Financing,"Anna University, Chennai",Approved,Approved,A+,Yes,,Tier 2,http://www.paavai.ac.in,info@paavai.ac.in,admissions@paavai.ac.in,placement@paavai.ac.in,+91-80-182-8596,Electrical & Electronics Engineering (EEE),B.Tech,60,552,1986,Rural,Yes,No
1-44640950700,1-44640950700,U-0682,PAAVAI COLLEGE OF ENGINEERING,Active,Tamil Nadu,Namakkal,Namakkal,"PAAVAI NAGAR, NH-7, PACHAL NAMAKKAL-637018, TAMILNADU",637018,11.135302,78.655177,Private-Self Financing,"Anna University, Chennai",Approved,Approved,A+,Yes,,Tier 2,http://www.paavai.ac.in,info@paavai.ac.in,admissions@paavai.ac.in,placement@paavai.ac.in,+91-80-182-8596,Mechanical Engineering,B.Tech,30,552,1986,Rural,Yes,No
1-44640950700,1-44640950700,U-0682,PAAVAI COLLEGE OF ENGINEERING,Active,Tamil Nadu,Namakkal,Namakkal,"PAAVAI NAGAR, NH-7, PACHAL NAMAKKAL-637018, TAMILNADU",637018,11.135302,78.655177,Private-Self Financing,"Anna University, Chennai",Approved,Approved,A+,Yes,,Tier 2,http://www.paavai.ac.in,info@paavai.ac.in,admissions@paavai.ac.in,placement@paavai.ac.in,+91-80-182-8596,Other Engineering Branches,M.Tech,12,552,1986,Rural,Yes,No
1-44640950700,1-44640950700,U-0682,PAAVAI COLLEGE OF ENGINEERING,Active,Tamil Nadu,Namakkal,Namakkal,"PAAVAI NAGAR, NH-7, PACHAL NAMAKKAL-637018, TAMILNADU",637018,11.135302,78.655177,Private-Self Financing,"Anna University, Chennai",Approved,Approved,A+,Yes,,Tier 2,http://www.paavai.ac.in,info@paavai.ac.in,admissions@paavai.ac.in,placement@paavai.ac.in,+91-80-182-8596,Other Engineering Branches,B.Tech,60,552,1986,Rural,Yes,No
1-44640950700,1-44640950700,U-0682,PAAVAI COLLEGE OF ENGINEERING,Active,Tamil Nadu,Namakkal,Namakkal,"PAAVAI NAGAR, NH-7, PACHAL NAMAKKAL-637018, TAMILNADU",637018,11.135302,78.655177,Private-Self Financing,"Anna University, Chennai",Approved,Approved,A+,Yes,,Tier 2,http://www.paavai.ac.in,info@paavai.ac.in,admissions@paavai.ac.in,placement@paavai.ac.in,+91-80-182-8596,Data Science,B.Tech,90,552,1986,Rural,Yes,No
1-44640950700,1-44640950700,U-0682,PAAVAI COLLEGE OF ENGINEERING,Active,Tamil Nadu,Namakkal,Namakkal,"PAAVAI NAGAR, NH-7, PACHAL NAMAKKAL-637018, TAMILNADU",637018,11.135302,78.655177,Private-Self Financing,"Anna University, Chennai",Approved,Approved,A+,Yes,,Tier 2,http://www.paavai.ac.in,info@paavai.ac.in,admissions@paavai.ac.in,placement@paavai.ac.in,+91-80-182-8596,Cyber Security,B.Tech,60,552,1986,Rural,Yes,No
1-44640950700,1-44640950700,U-0682,PAAVAI COLLEGE OF ENGINEERING,Active,Tamil Nadu,Namakkal,Namakkal,"PAAVAI NAGAR, NH-7, PACHAL NAMAKKAL-637018, TAMILNADU",637018,11.135302,78.655177,Private-Self Financing,"Anna University, Chennai",Approved,Approved,A+,Yes,,Tier 2,http://www.paavai.ac.in,info@paavai.ac.in,admissions@paavai.ac.in,placement@paavai.ac.in,+91-80-182-8596,Artificial Intelligence & Machine Learning (AI & ML),B.Tech,60,552,1986,Rural,Yes,No
1-44640950700,1-44640950700,U-0682,PAAVAI COLLEGE OF ENGINEERING,Active,Tamil Nadu,Namakkal,Namakkal,"PAAVAI NAGAR, NH-7, PACHAL NAMAKKAL-637018, TAMILNADU",637018,11.135302,78.655177,Private-Self Financing,"Anna University, Chennai",Approved,Approved,A+,Yes,,Tier 2,http://www.paavai.ac.in,info@paavai.ac.in,admissions@paavai.ac.in,placement@paavai.ac.in,+91-80-182-8596,Electronics & Communication Engineering (ECE),B.Tech,60,552,1986,Rural,Yes,No
1-44641581064,1-44641581064,U-0650,VOICE OF GOD POLYTECHNIC COLLEGE,Active,Tamil Nadu,Namakkal,Namakkal,DEVARAYAPURAM POST,600200,11.141162,78.651714,Private-Self Financing,"Directorate of Technical Education, Chennai",Approved,Approved,B,No,,Tier 3,http://www.voicegod.ac.in,info@voicegod.ac.in,admissions@voicegod.ac.in,placement@voicegod.ac.in,+91-80-428-6686,Mechanical Engineering,Diploma,60,360,1984,Urban,Yes,No
1-44641581064,1-44641581064,U-0650,VOICE OF GOD POLYTECHNIC COLLEGE,Active,Tamil Nadu,Namakkal,Namakkal,DEVARAYAPURAM POST,600200,11.141162,78.651714,Private-Self Financing,"Directorate of Technical Education, Chennai",Approved,Approved,B,No,,Tier 3,http://www.voicegod.ac.in,info@voicegod.ac.in,admissions@voicegod.ac.in,placement@voicegod.ac.in,+91-80-428-6686,Electrical & Electronics Engineering (EEE),Diploma,60,360,1984,Urban,Yes,No
1-44641581064,1-44641581064,U-0650,VOICE OF GOD POLYTECHNIC COLLEGE,Active,Tamil Nadu,Namakkal,Namakkal,DEVARAYAPURAM POST,600200,11.141162,78.651714,Private-Self Financing,"Directorate of Technical Education, Chennai",Approved,Approved,B,No,,Tier 3,http://www.voicegod.ac.in,info@voicegod.ac.in,admissions@voicegod.ac.in,placement@voicegod.ac.in,+91-80-428-6686,Electronics & Communication Engineering (ECE),Diploma,30,360,1984,Urban,Yes,No
1-44641581064,1-44641581064,U-0650,VOICE OF GOD POLYTECHNIC COLLEGE,Active,Tamil Nadu,Namakkal,Namakkal,DEVARAYAPURAM POST,600200,11.141162,78.651714,Private-Self Financing,"Directorate of Technical Education, Chennai",Approved,Approved,B,No,,Tier 3,http://www.voicegod.ac.in,info@voicegod.ac.in,admissions@voicegod.ac.in,placement@voicegod.ac.in,+91-80-428-6686,Computer Science Engineering (CSE),Diploma,60,360,1984,Urban,Yes,No
1-44641581064,1-44641581064,U-0650,VOICE OF GOD POLYTECHNIC COLLEGE,Active,Tamil Nadu,Namakkal,Namakkal,DEVARAYAPURAM POST,600200,11.141162,78.651714,Private-Self Financing,"Directorate of Technical Education, Chennai",Approved,Approved,B,No,,Tier 3,http://www.voicegod.ac.in,info@voicegod.ac.in,admissions@voicegod.ac.in,placement@voicegod.ac.in,+91-80-428-6686,Agricultural Engineering,Diploma,60,360,1984,Urban,Yes,No
1-44641581064,1-44641581064,U-0650,VOICE OF GOD POLYTECHNIC COLLEGE,Active,Tamil Nadu,Namakkal,Namakkal,DEVARAYAPURAM POST,600200,11.141162,78.651714,Private-Self Financing,"Directorate of Technical Education, Chennai",Approved,Approved,B,No,,Tier 3,http://www.voicegod.ac.in,info@voicegod.ac.in,admissions@voicegod.ac.in,placement@voicegod.ac.in,+91-80-428-6686,Other Engineering Branches,Diploma,90,360,1984,Urban,Yes,No
1-44641866466,1-44641866466,U-0682,SSM COLLEGE OF ENGINEERING,Active,Tamil Nadu,Namakkal,Namakkal,"NH-47 SALEM MAIN ROAD, KOMARAPALAYAM NAMKKAL DISTRICT",600200,11.124753,78.650593,Private-Self Financing,"Anna University, Chennai",Approved,Approved,Not Accredited,No,,Tier 3,http://www.ssm.ac.in,info@ssm.ac.in,admissions@ssm.ac.in,placement@ssm.ac.in,+91-80-740-4375,Computer Science Engineering (CSE),M.Tech,18,534,1981,Urban,Yes,Yes
1-44641866466,1-44641866466,U-0682,SSM COLLEGE OF ENGINEERING,Active,Tamil Nadu,Namakkal,Namakkal,"NH-47 SALEM MAIN ROAD, KOMARAPALAYAM NAMKKAL DISTRICT",600200,11.124753,78.650593,Private-Self Financing,"Anna University, Chennai",Approved,Approved,Not Accredited,No,,Tier 3,http://www.ssm.ac.in,info@ssm.ac.in,admissions@ssm.ac.in,placement@ssm.ac.in,+91-80-740-4375,Mechanical Engineering,B.Tech,60,534,1981,Urban,Yes,Yes
1-44641866466,1-44641866466,U-0682,SSM COLLEGE OF ENGINEERING,Active,Tamil Nadu,Namakkal,Namakkal,"NH-47 SALEM MAIN ROAD, KOMARAPALAYAM NAMKKAL DISTRICT",600200,11.124753,78.650593,Private-Self Financing,"Anna University, Chennai",Approved,Approved,Not Accredited,No,,Tier 3,http://www.ssm.ac.in,info@ssm.ac.in,admissions@ssm.ac.in,placement@ssm.ac.in,+91-80-740-4375,Electrical & Electronics Engineering (EEE),B.Tech,60,534,1981,Urban,Yes,Yes
1-44641866466,1-44641866466,U-0682,SSM COLLEGE OF ENGINEERING,Active,Tamil Nadu,Namakkal,Namakkal,"NH-47 SALEM MAIN ROAD, KOMARAPALAYAM NAMKKAL DISTRICT",600200,11.124753,78.650593,Private-Self Financing,"Anna University, Chennai",Approved,Approved,Not Accredited,No,,Tier 3,http://www.ssm.ac.in,info@ssm.ac.in,admissions@ssm.ac.in,placement@ssm.ac.in,+91-80-740-4375,Electronics & Communication Engineering (ECE),B.Tech,60,534,1981,Urban,Yes,Yes
1-44641866466,1-44641866466,U-0682,SSM COLLEGE OF ENGINEERING,Active,Tamil Nadu,Namakkal,Namakkal,"NH-47 SALEM MAIN ROAD, KOMARAPALAYAM NAMKKAL DISTRICT",600200,11.124753,78.650593,Private-Self Financing,"Anna University, Chennai",Approved,Approved,Not Accredited,No,,Tier 3,http://www.ssm.ac.in,info@ssm.ac.in,admissions@ssm.ac.in,placement@ssm.ac.in,+91-80-740-4375,Computer Science Engineering (CSE),B.Tech,60,534,1981,Urban,Yes,Yes
1-44641866466,1-44641866466,U-0682,SSM COLLEGE OF ENGINEERING,Active,Tamil Nadu,Namakkal,Namakkal,"NH-47 SALEM MAIN ROAD, KOMARAPALAYAM NAMKKAL DISTRICT",600200,11.124753,78.650593,Private-Self Financing,"Anna University, Chennai",Approved,Approved,Not Accredited,No,,Tier 3,http://www.ssm.ac.in,info@ssm.ac.in,admissions@ssm.ac.in,placement@ssm.ac.in,+91-80-740-4375,Information Technology (IT),B.Tech,60,534,1981,Urban,Yes,Yes
1-44641866466,1-44641866466,U-0682,SSM COLLEGE OF ENGINEERING,Active,Tamil Nadu,Namakkal,Namakkal,"NH-47 SALEM MAIN ROAD, KOMARAPALAYAM NAMKKAL DISTRICT",600200,11.124753,78.650593,Private-Self Financing,"Anna University, Chennai",Approved,Approved,Not Accredited,No,,Tier 3,http://www.ssm.ac.in,info@ssm.ac.in,admissions@ssm.ac.in,placement@ssm.ac.in,+91-80-740-4375,Other Engineering Branches,B.Tech,120,534,1981,Urban,Yes,Yes
1-44641866466,1-44641866466,U-0682,SSM COLLEGE OF ENGINEERING,Active,Tamil Nadu,Namakkal,Namakkal,"NH-47 SALEM MAIN ROAD, KOMARAPALAYAM NAMKKAL DISTRICT",600200,11.124753,78.650593,Private-Self Financing,"Anna University, Chennai",Approved,Approved,Not Accredited,No,,Tier 3,http://www.ssm.ac.in,info@ssm.ac.in,admissions@ssm.ac.in,placement@ssm.ac.in,+91-80-740-4375,Other Engineering Branches,M.Tech,36,534,1981,Urban,Yes,Yes
1-44641866466,1-44641866466,U-0682,SSM COLLEGE OF ENGINEERING,Active,Tamil Nadu,Namakkal,Namakkal,"NH-47 SALEM MAIN ROAD, KOMARAPALAYAM NAMKKAL DISTRICT",600200,11.124753,78.650593,Private-Self Financing,"Anna University, Chennai",Approved,Approved,Not Accredited,No,,Tier 3,http://www.ssm.ac.in,info@ssm.ac.in,admissions@ssm.ac.in,placement@ssm.ac.in,+91-80-740-4375,Civil Engineering,B.Tech,30,534,1981,Urban,Yes,Yes
1-44641866466,1-44641866466,U-0682,SSM COLLEGE OF ENGINEERING,Active,Tamil Nadu,Namakkal,Namakkal,"NH-47 SALEM MAIN ROAD, KOMARAPALAYAM NAMKKAL DISTRICT",600200,11.124753,78.650593,Private-Self Financing,"Anna University, Chennai",Approved,Approved,Not Accredited,No,,Tier 3,http://www.ssm.ac.in,info@ssm.ac.in,admissions@ssm.ac.in,placement@ssm.ac.in,+91-80-740-4375,Chemical Engineering,B.Tech,30,534,1981,Urban,Yes,Yes
1-44643138621,1-44643138621,U-0682,PGP COLLEGE OF ENGINEERING AND TECHNOLOGY,Active,Tamil Nadu,Namakkal,Namakkal,"NH 7, NAMAKKAL - KARUR MAIN ROAD, PARAMATHI VELUR, NAMAKKAL.",600200,11.108511,78.67615,Private-Self Financing,"Anna University, Chennai",Approved,Approved,A,No,,Tier 3,http://www.pgp.ac.in,info@pgp.ac.in,admissions@pgp.ac.in,placement@pgp.ac.in,+91-80-059-2123,Civil Engineering,B.Tech,30,609,1995,Urban,Yes,Yes
1-44643138621,1-44643138621,U-0682,PGP COLLEGE OF ENGINEERING AND TECHNOLOGY,Active,Tamil Nadu,Namakkal,Namakkal,"NH 7, NAMAKKAL - KARUR MAIN ROAD, PARAMATHI VELUR, NAMAKKAL.",600200,11.108511,78.67615,Private-Self Financing,"Anna University, Chennai",Approved,Approved,A,No,,Tier 3,http://www.pgp.ac.in,info@pgp.ac.in,admissions@pgp.ac.in,placement@pgp.ac.in,+91-80-059-2123,Computer Science Engineering (CSE),B.Tech,120,609,1995,Urban,Yes,Yes
1-44643138621,1-44643138621,U-0682,PGP COLLEGE OF ENGINEERING AND TECHNOLOGY,Active,Tamil Nadu,Namakkal,Namakkal,"NH 7, NAMAKKAL - KARUR MAIN ROAD, PARAMATHI VELUR, NAMAKKAL.",600200,11.108511,78.67615,Private-Self Financing,"Anna University, Chennai",Approved,Approved,A,No,,Tier 3,http://www.pgp.ac.in,info@pgp.ac.in,admissions@pgp.ac.in,placement@pgp.ac.in,+91-80-059-2123,Computer Science Engineering (CSE),M.Tech,18,609,1995,Urban,Yes,Yes
1-44643138621,1-44643138621,U-0682,PGP COLLEGE OF ENGINEERING AND TECHNOLOGY,Active,Tamil Nadu,Namakkal,Namakkal,"NH 7, NAMAKKAL - KARUR MAIN ROAD, PARAMATHI VELUR, NAMAKKAL.",600200,11.108511,78.67615,Private-Self Financing,"Anna University, Chennai",Approved,Approved,A,No,,Tier 3,http://www.pgp.ac.in,info@pgp.ac.in,admissions@pgp.ac.in,placement@pgp.ac.in,+91-80-059-2123,Electrical & Electronics Engineering (EEE),B.Tech,60,609,1995,Urban,Yes,Yes
1-44643138621,1-44643138621,U-0682,PGP COLLEGE OF ENGINEERING AND TECHNOLOGY,Active,Tamil Nadu,Namakkal,Namakkal,"NH 7, NAMAKKAL - KARUR MAIN ROAD, PARAMATHI VELUR, NAMAKKAL.",600200,11.108511,78.67615,Private-Self Financing,"Anna University, Chennai",Approved,Approved,A,No,,Tier 3,http://www.pgp.ac.in,info@pgp.ac.in,admissions@pgp.ac.in,placement@pgp.ac.in,+91-80-059-2123,Other Engineering Branches,M.Tech,81,609,1995,Urban,Yes,Yes
1-44643138621,1-44643138621,U-0682,PGP COLLEGE OF ENGINEERING AND TECHNOLOGY,Active,Tamil Nadu,Namakkal,Namakkal,"NH 7, NAMAKKAL - KARUR MAIN ROAD, PARAMATHI VELUR, NAMAKKAL.",600200,11.108511,78.67615,Private-Self Financing,"Anna University, Chennai",Approved,Approved,A,No,,Tier 3,http://www.pgp.ac.in,info@pgp.ac.in,admissions@pgp.ac.in,placement@pgp.ac.in,+91-80-059-2123,Electronics & Communication Engineering (ECE),B.Tech,60,609,1995,Urban,Yes,Yes
1-44643138621,1-44643138621,U-0682,PGP COLLEGE OF ENGINEERING AND TECHNOLOGY,Active,Tamil Nadu,Namakkal,Namakkal,"NH 7, NAMAKKAL - KARUR MAIN ROAD, PARAMATHI VELUR, NAMAKKAL.",600200,11.108511,78.67615,Private-Self Financing,"Anna University, Chennai",Approved,Approved,A,No,,Tier 3,http://www.pgp.ac.in,info@pgp.ac.in,admissions@pgp.ac.in,placement@pgp.ac.in,+91-80-059-2123,Mechanical Engineering,B.Tech,60,609,1995,Urban,Yes,Yes
1-44643138621,1-44643138621,U-0682,PGP COLLEGE OF ENGINEERING AND TECHNOLOGY,Active,Tamil Nadu,Namakkal,Namakkal,"NH 7, NAMAKKAL - KARUR MAIN ROAD, PARAMATHI VELUR, NAMAKKAL.",600200,11.108511,78.67615,Private-Self Financing,"Anna University, Chennai",Approved,Approved,A,No,,Tier 3,http://www.pgp.ac.in,info@pgp.ac.in,admissions@pgp.ac.in,placement@pgp.ac.in,+91-80-059-2123,Data Science,B.Tech,60,609,1995,Urban,Yes,Yes
1-44643138621,1-44643138621,U-0682,PGP COLLEGE OF ENGINEERING AND TECHNOLOGY,Active,Tamil Nadu,Namakkal,Namakkal,"NH 7, NAMAKKAL - KARUR MAIN ROAD, PARAMATHI VELUR, NAMAKKAL.",600200,11.108511,78.67615,Private-Self Financing,"Anna University, Chennai",Approved,Approved,A,No,,Tier 3,http://www.pgp.ac.in,info@pgp.ac.in,admissions@pgp.ac.in,placement@pgp.ac.in,+91-80-059-2123,Information Technology (IT),B.Tech,60,609,1995,Urban,Yes,Yes
1-44643138621,1-44643138621,U-0682,PGP COLLEGE OF ENGINEERING AND TECHNOLOGY,Active,Tamil Nadu,Namakkal,Namakkal,"NH 7, NAMAKKAL - KARUR MAIN ROAD, PARAMATHI VELUR, NAMAKKAL.",600200,11.108511,78.67615,Private-Self Financing,"Anna University, Chennai",Approved,Approved,A,No,,Tier 3,http://www.pgp.ac.in,info@pgp.ac.in,admissions@pgp.ac.in,placement@pgp.ac.in,+91-80-059-2123,Other Engineering Branches,B.Tech,60,609,1995,Urban,Yes,Yes
1-44643666089,1-44643666089,U-0682,GNANAMANI COLLEGE OF TECHNOLOGY,Active,Tamil Nadu,Namakkal,Namakkal,"NH-7, A.K. SAMUTHIRAM, PACHAL POST, NAMAKKAL DISTRICT, TAMILNADU PIN 637018",637018,11.138717,78.650268,Private-Self Financing,"Anna University, Chennai",Approved,Approved,B+,No,,Tier 3,http://www.gnanamani.ac.in,info@gnanamani.ac.in,admissions@gnanamani.ac.in,placement@gnanamani.ac.in,+91-80-326-0885,Electrical & Electronics Engineering (EEE),B.Tech,60,1212,1992,Rural,Yes,Yes
1-44643666089,1-44643666089,U-0682,GNANAMANI COLLEGE OF TECHNOLOGY,Active,Tamil Nadu,Namakkal,Namakkal,"NH-7, A.K. SAMUTHIRAM, PACHAL POST, NAMAKKAL DISTRICT, TAMILNADU PIN 637018",637018,11.138717,78.650268,Private-Self Financing,"Anna University, Chennai",Approved,Approved,B+,No,,Tier 3,http://www.gnanamani.ac.in,info@gnanamani.ac.in,admissions@gnanamani.ac.in,placement@gnanamani.ac.in,+91-80-326-0885,Electronics & Communication Engineering (ECE),B.Tech,180,1212,1992,Rural,Yes,Yes
1-44643666089,1-44643666089,U-0682,GNANAMANI COLLEGE OF TECHNOLOGY,Active,Tamil Nadu,Namakkal,Namakkal,"NH-7, A.K. SAMUTHIRAM, PACHAL POST, NAMAKKAL DISTRICT, TAMILNADU PIN 637018",637018,11.138717,78.650268,Private-Self Financing,"Anna University, Chennai",Approved,Approved,B+,No,,Tier 3,http://www.gnanamani.ac.in,info@gnanamani.ac.in,admissions@gnanamani.ac.in,placement@gnanamani.ac.in,+91-80-326-0885,Mechanical Engineering,B.Tech,60,1212,1992,Rural,Yes,Yes
1-44643666089,1-44643666089,U-0682,GNANAMANI COLLEGE OF TECHNOLOGY,Active,Tamil Nadu,Namakkal,Namakkal,"NH-7, A.K. SAMUTHIRAM, PACHAL POST, NAMAKKAL DISTRICT, TAMILNADU PIN 637018",637018,11.138717,78.650268,Private-Self Financing,"Anna University, Chennai",Approved,Approved,B+,No,,Tier 3,http://www.gnanamani.ac.in,info@gnanamani.ac.in,admissions@gnanamani.ac.in,placement@gnanamani.ac.in,+91-80-326-0885,Computer Science Engineering (CSE),M.Tech,24,1212,1992,Rural,Yes,Yes
1-44643666089,1-44643666089,U-0682,GNANAMANI COLLEGE OF TECHNOLOGY,Active,Tamil Nadu,Namakkal,Namakkal,"NH-7, A.K. SAMUTHIRAM, PACHAL POST, NAMAKKAL DISTRICT, TAMILNADU PIN 637018",637018,11.138717,78.650268,Private-Self Financing,"Anna University, Chennai",Approved,Approved,B+,No,,Tier 3,http://www.gnanamani.ac.in,info@gnanamani.ac.in,admissions@gnanamani.ac.in,placement@gnanamani.ac.in,+91-80-326-0885,Computer Science Engineering (CSE),B.Tech,180,1212,1992,Rural,Yes,Yes
1-44643666089,1-44643666089,U-0682,GNANAMANI COLLEGE OF TECHNOLOGY,Active,Tamil Nadu,Namakkal,Namakkal,"NH-7, A.K. SAMUTHIRAM, PACHAL POST, NAMAKKAL DISTRICT, TAMILNADU PIN 637018",637018,11.138717,78.650268,Private-Self Financing,"Anna University, Chennai",Approved,Approved,B+,No,,Tier 3,http://www.gnanamani.ac.in,info@gnanamani.ac.in,admissions@gnanamani.ac.in,placement@gnanamani.ac.in,+91-80-326-0885,Data Science,B.Tech,180,1212,1992,Rural,Yes,Yes
1-44643666089,1-44643666089,U-0682,GNANAMANI COLLEGE OF TECHNOLOGY,Active,Tamil Nadu,Namakkal,Namakkal,"NH-7, A.K. SAMUTHIRAM, PACHAL POST, NAMAKKAL DISTRICT, TAMILNADU PIN 637018",637018,11.138717,78.650268,Private-Self Financing,"Anna University, Chennai",Approved,Approved,B+,No,,Tier 3,http://www.gnanamani.ac.in,info@gnanamani.ac.in,admissions@gnanamani.ac.in,placement@gnanamani.ac.in,+91-80-326-0885,Other Engineering Branches,B.Tech,240,1212,1992,Rural,Yes,Yes
1-44643666089,1-44643666089,U-0682,GNANAMANI COLLEGE OF TECHNOLOGY,Active,Tamil Nadu,Namakkal,Namakkal,"NH-7, A.K. SAMUTHIRAM, PACHAL POST, NAMAKKAL DISTRICT, TAMILNADU PIN 637018",637018,11.138717,78.650268,Private-Self Financing,"Anna University, Chennai",Approved,Approved,B+,No,,Tier 3,http://www.gnanamani.ac.in,info@gnanamani.ac.in,admissions@gnanamani.ac.in,placement@gnanamani.ac.in,+91-80-326-0885,Agricultural Engineering,B.Tech,60,1212,1992,Rural,Yes,Yes
1-44643666089,1-44643666089,U-0682,GNANAMANI COLLEGE OF TECHNOLOGY,Active,Tamil Nadu,Namakkal,Namakkal,"NH-7, A.K. SAMUTHIRAM, PACHAL POST, NAMAKKAL DISTRICT, TAMILNADU PIN 637018",637018,11.138717,78.650268,Private-Self Financing,"Anna University, Chennai",Approved,Approved,B+,No,,Tier 3,http://www.gnanamani.ac.in,info@gnanamani.ac.in,admissions@gnanamani.ac.in,placement@gnanamani.ac.in,+91-80-326-0885,Biotechnology,B.Tech,60,1212,1992,Rural,Yes,Yes
1-44643666089,1-44643666089,U-0682,GNANAMANI COLLEGE OF TECHNOLOGY,Active,Tamil Nadu,Namakkal,Namakkal,"NH-7, A.K. SAMUTHIRAM, PACHAL POST, NAMAKKAL DISTRICT, TAMILNADU PIN 637018",637018,11.138717,78.650268,Private-Self Financing,"Anna University, Chennai",Approved,Approved,B+,No,,Tier 3,http://www.gnanamani.ac.in,info@gnanamani.ac.in,admissions@gnanamani.ac.in,placement@gnanamani.ac.in,+91-80-326-0885,Other Engineering Branches,M.Tech,48,1212,1992,Rural,Yes,Yes
1-44643666089,1-44643666089,U-0682,GNANAMANI COLLEGE OF TECHNOLOGY,Active,Tamil Nadu,Namakkal,Namakkal,"NH-7, A.K. SAMUTHIRAM, PACHAL POST, NAMAKKAL DISTRICT, TAMILNADU PIN 637018",637018,11.138717,78.650268,Private-Self Financing,"Anna University, Chennai",Approved,Approved,B+,No,,Tier 3,http://www.gnanamani.ac.in,info@gnanamani.ac.in,admissions@gnanamani.ac.in,placement@gnanamani.ac.in,+91-80-326-0885,Information Technology (IT),B.Tech,120,1212,1992,Rural,Yes,Yes
1-44643285836,1-44643285836,U-0682,MAHENDRA INSTITUTE OF TECHNOLOGY,Active,Tamil Nadu,Namakkal,Namakkal,"MAHENDIRAPURI, MALLASAMUDRAM WEST, VADUGAPALAYAM POST, TIRUCHENGODE TALUK, NAMAKKAL DISTRICT",600200,11.143185,78.645202,Private-Self Financing,"Anna University, Chennai",Approved,Approved,B+,No,,Tier 3,http://www.mahendra.ac.in,info@mahendra.ac.in,admissions@mahendra.ac.in,placement@mahendra.ac.in,+91-80-513-5029,Civil Engineering,B.Tech,60,1038,2020,Rural,Yes,Yes
1-44643285836,1-44643285836,U-0682,MAHENDRA INSTITUTE OF TECHNOLOGY,Active,Tamil Nadu,Namakkal,Namakkal,"MAHENDIRAPURI, MALLASAMUDRAM WEST, VADUGAPALAYAM POST, TIRUCHENGODE TALUK, NAMAKKAL DISTRICT",600200,11.143185,78.645202,Private-Self Financing,"Anna University, Chennai",Approved,Approved,B+,No,,Tier 3,http://www.mahendra.ac.in,info@mahendra.ac.in,admissions@mahendra.ac.in,placement@mahendra.ac.in,+91-80-513-5029,Other Engineering Branches,B.Tech,60,1038,2020,Rural,Yes,Yes
1-44643285836,1-44643285836,U-0682,MAHENDRA INSTITUTE OF TECHNOLOGY,Active,Tamil Nadu,Namakkal,Namakkal,"MAHENDIRAPURI, MALLASAMUDRAM WEST, VADUGAPALAYAM POST, TIRUCHENGODE TALUK, NAMAKKAL DISTRICT",600200,11.143185,78.645202,Private-Self Financing,"Anna University, Chennai",Approved,Approved,B+,No,,Tier 3,http://www.mahendra.ac.in,info@mahendra.ac.in,admissions@mahendra.ac.in,placement@mahendra.ac.in,+91-80-513-5029,Mechanical Engineering,B.Tech,120,1038,2020,Rural,Yes,Yes
1-44643285836,1-44643285836,U-0682,MAHENDRA INSTITUTE OF TECHNOLOGY,Active,Tamil Nadu,Namakkal,Namakkal,"MAHENDIRAPURI, MALLASAMUDRAM WEST, VADUGAPALAYAM POST, TIRUCHENGODE TALUK, NAMAKKAL DISTRICT",600200,11.143185,78.645202,Private-Self Financing,"Anna University, Chennai",Approved,Approved,B+,No,,Tier 3,http://www.mahendra.ac.in,info@mahendra.ac.in,admissions@mahendra.ac.in,placement@mahendra.ac.in,+91-80-513-5029,Computer Science Engineering (CSE),B.Tech,240,1038,2020,Rural,Yes,Yes
1-44643285836,1-44643285836,U-0682,MAHENDRA INSTITUTE OF TECHNOLOGY,Active,Tamil Nadu,Namakkal,Namakkal,"MAHENDIRAPURI, MALLASAMUDRAM WEST, VADUGAPALAYAM POST, TIRUCHENGODE TALUK, NAMAKKAL DISTRICT",600200,11.143185,78.645202,Private-Self Financing,"Anna University, Chennai",Approved,Approved,B+,No,,Tier 3,http://www.mahendra.ac.in,info@mahendra.ac.in,admissions@mahendra.ac.in,placement@mahendra.ac.in,+91-80-513-5029,Electronics & Communication Engineering (ECE),B.Tech,120,1038,2020,Rural,Yes,Yes
1-44643285836,1-44643285836,U-0682,MAHENDRA INSTITUTE OF TECHNOLOGY,Active,Tamil Nadu,Namakkal,Namakkal,"MAHENDIRAPURI, MALLASAMUDRAM WEST, VADUGAPALAYAM POST, TIRUCHENGODE TALUK, NAMAKKAL DISTRICT",600200,11.143185,78.645202,Private-Self Financing,"Anna University, Chennai",Approved,Approved,B+,No,,Tier 3,http://www.mahendra.ac.in,info@mahendra.ac.in,admissions@mahendra.ac.in,placement@mahendra.ac.in,+91-80-513-5029,Electrical & Electronics Engineering (EEE),B.Tech,60,1038,2020,Rural,Yes,Yes
1-44643285836,1-44643285836,U-0682,MAHENDRA INSTITUTE OF TECHNOLOGY,Active,Tamil Nadu,Namakkal,Namakkal,"MAHENDIRAPURI, MALLASAMUDRAM WEST, VADUGAPALAYAM POST, TIRUCHENGODE TALUK, NAMAKKAL DISTRICT",600200,11.143185,78.645202,Private-Self Financing,"Anna University, Chennai",Approved,Approved,B+,No,,Tier 3,http://www.mahendra.ac.in,info@mahendra.ac.in,admissions@mahendra.ac.in,placement@mahendra.ac.in,+91-80-513-5029,Information Technology (IT),B.Tech,120,1038,2020,Rural,Yes,Yes
1-44643285836,1-44643285836,U-0682,MAHENDRA INSTITUTE OF TECHNOLOGY,Active,Tamil Nadu,Namakkal,Namakkal,"MAHENDIRAPURI, MALLASAMUDRAM WEST, VADUGAPALAYAM POST, TIRUCHENGODE TALUK, NAMAKKAL DISTRICT",600200,11.143185,78.645202,Private-Self Financing,"Anna University, Chennai",Approved,Approved,B+,No,,Tier 3,http://www.mahendra.ac.in,info@mahendra.ac.in,admissions@mahendra.ac.in,placement@mahendra.ac.in,+91-80-513-5029,Automobile Engineering,B.Tech,60,1038,2020,Rural,Yes,Yes
1-44643285836,1-44643285836,U-0682,MAHENDRA INSTITUTE OF TECHNOLOGY,Active,Tamil Nadu,Namakkal,Namakkal,"MAHENDIRAPURI, MALLASAMUDRAM WEST, VADUGAPALAYAM POST, TIRUCHENGODE TALUK, NAMAKKAL DISTRICT",600200,11.143185,78.645202,Private-Self Financing,"Anna University, Chennai",Approved,Approved,B+,No,,Tier 3,http://www.mahendra.ac.in,info@mahendra.ac.in,admissions@mahendra.ac.in,placement@mahendra.ac.in,+91-80-513-5029,Computer Science Engineering (CSE),M.Tech,18,1038,2020,Rural,Yes,Yes
1-44643285836,1-44643285836,U-0682,MAHENDRA INSTITUTE OF TECHNOLOGY,Active,Tamil Nadu,Namakkal,Namakkal,"MAHENDIRAPURI, MALLASAMUDRAM WEST, VADUGAPALAYAM POST, TIRUCHENGODE TALUK, NAMAKKAL DISTRICT",600200,11.143185,78.645202,Private-Self Financing,"Anna University, Chennai",Approved,Approved,B+,No,,Tier 3,http://www.mahendra.ac.in,info@mahendra.ac.in,admissions@mahendra.ac.in,placement@mahendra.ac.in,+91-80-513-5029,Other Engineering Branches,M.Tech,60,1038,2020,Rural,Yes,Yes
1-44643285836,1-44643285836,U-0682,MAHENDRA INSTITUTE OF TECHNOLOGY,Active,Tamil Nadu,Namakkal,Namakkal,"MAHENDIRAPURI, MALLASAMUDRAM WEST, VADUGAPALAYAM POST, TIRUCHENGODE TALUK, NAMAKKAL DISTRICT",600200,11.143185,78.645202,Private-Self Financing,"Anna University, Chennai",Approved,Approved,B+,No,,Tier 3,http://www.mahendra.ac.in,info@mahendra.ac.in,admissions@mahendra.ac.in,placement@mahendra.ac.in,+91-80-513-5029,Artificial Intelligence & Machine Learning (AI & ML),B.Tech,120,1038,2020,Rural,Yes,Yes
1-44643159465,1-44643159465,U-0682,ANNAI MATHAMMAL SHEELA ENGINEERING COLLEGE,Active,Tamil Nadu,Namakkal,Namakkal,ERUMAPATTY POST NAMAKKAL DISTRICT,600200,11.118469,78.637087,Private-Self Financing,"Anna University, Chennai",Approved,Approved,A,No,,Tier 3,http://www.annaimathammalsheela.ac.in,info@annaimathammalsheela.ac.in,admissions@annaimathammalsheela.ac.in,placement@annaimathammalsheela.ac.in,+91-80-476-8513,Computer Science Engineering (CSE),B.Tech,60,374,1983,Urban,Yes,Yes
1-44643159465,1-44643159465,U-0682,ANNAI MATHAMMAL SHEELA ENGINEERING COLLEGE,Active,Tamil Nadu,Namakkal,Namakkal,ERUMAPATTY POST NAMAKKAL DISTRICT,600200,11.118469,78.637087,Private-Self Financing,"Anna University, Chennai",Approved,Approved,A,No,,Tier 3,http://www.annaimathammalsheela.ac.in,info@annaimathammalsheela.ac.in,admissions@annaimathammalsheela.ac.in,placement@annaimathammalsheela.ac.in,+91-80-476-8513,Electronics & Communication Engineering (ECE),B.Tech,30,374,1983,Urban,Yes,Yes
1-44643159465,1-44643159465,U-0682,ANNAI MATHAMMAL SHEELA ENGINEERING COLLEGE,Active,Tamil Nadu,Namakkal,Namakkal,ERUMAPATTY POST NAMAKKAL DISTRICT,600200,11.118469,78.637087,Private-Self Financing,"Anna University, Chennai",Approved,Approved,A,No,,Tier 3,http://www.annaimathammalsheela.ac.in,info@annaimathammalsheela.ac.in,admissions@annaimathammalsheela.ac.in,placement@annaimathammalsheela.ac.in,+91-80-476-8513,Mechanical Engineering,B.Tech,30,374,1983,Urban,Yes,Yes
1-44643159465,1-44643159465,U-0682,ANNAI MATHAMMAL SHEELA ENGINEERING COLLEGE,Active,Tamil Nadu,Namakkal,Namakkal,ERUMAPATTY POST NAMAKKAL DISTRICT,600200,11.118469,78.637087,Private-Self Financing,"Anna University, Chennai",Approved,Approved,A,No,,Tier 3,http://www.annaimathammalsheela.ac.in,info@annaimathammalsheela.ac.in,admissions@annaimathammalsheela.ac.in,placement@annaimathammalsheela.ac.in,+91-80-476-8513,Computer Science Engineering (CSE),M.Tech,18,374,1983,Urban,Yes,Yes
1-44643159465,1-44643159465,U-0682,ANNAI MATHAMMAL SHEELA ENGINEERING COLLEGE,Active,Tamil Nadu,Namakkal,Namakkal,ERUMAPATTY POST NAMAKKAL DISTRICT,600200,11.118469,78.637087,Private-Self Financing,"Anna University, Chennai",Approved,Approved,A,No,,Tier 3,http://www.annaimathammalsheela.ac.in,info@annaimathammalsheela.ac.in,admissions@annaimathammalsheela.ac.in,placement@annaimathammalsheela.ac.in,+91-80-476-8513,Other Engineering Branches,M.Tech,26,374,1983,Urban,Yes,Yes
1-44643159465,1-44643159465,U-0682,ANNAI MATHAMMAL SHEELA ENGINEERING COLLEGE,Active,Tamil Nadu,Namakkal,Namakkal,ERUMAPATTY POST NAMAKKAL DISTRICT,600200,11.118469,78.637087,Private-Self Financing,"Anna University, Chennai",Approved,Approved,A,No,,Tier 3,http://www.annaimathammalsheela.ac.in,info@annaimathammalsheela.ac.in,admissions@annaimathammalsheela.ac.in,placement@annaimathammalsheela.ac.in,+91-80-476-8513,Other Engineering Branches,B.Tech,60,374,1983,Urban,Yes,Yes
1-44643159465,1-44643159465,U-0682,ANNAI MATHAMMAL SHEELA ENGINEERING COLLEGE,Active,Tamil Nadu,Namakkal,Namakkal,ERUMAPATTY POST NAMAKKAL DISTRICT,600200,11.118469,78.637087,Private-Self Financing,"Anna University, Chennai",Approved,Approved,A,No,,Tier 3,http://www.annaimathammalsheela.ac.in,info@annaimathammalsheela.ac.in,admissions@annaimathammalsheela.ac.in,placement@annaimathammalsheela.ac.in,+91-80-476-8513,Agricultural Engineering,B.Tech,30,374,1983,Urban,Yes,Yes
1-44643159465,1-44643159465,U-0682,ANNAI MATHAMMAL SHEELA ENGINEERING COLLEGE,Active,Tamil Nadu,Namakkal,Namakkal,ERUMAPATTY POST NAMAKKAL DISTRICT,600200,11.118469,78.637087,Private-Self Financing,"Anna University, Chennai",Approved,Approved,A,No,,Tier 3,http://www.annaimathammalsheela.ac.in,info@annaimathammalsheela.ac.in,admissions@annaimathammalsheela.ac.in,placement@annaimathammalsheela.ac.in,+91-80-476-8513,Data Science,B.Tech,30,374,1983,Urban,Yes,Yes
1-44643159465,1-44643159465,U-0682,ANNAI MATHAMMAL SHEELA ENGINEERING COLLEGE,Active,Tamil Nadu,Namakkal,Namakkal,ERUMAPATTY POST NAMAKKAL DISTRICT,600200,11.118469,78.637087,Private-Self Financing,"Anna University, Chennai",Approved,Approved,A,No,,Tier 3,http://www.annaimathammalsheela.ac.in,info@annaimathammalsheela.ac.in,admissions@annaimathammalsheela.ac.in,placement@annaimathammalsheela.ac.in,+91-80-476-8513,Information Technology (IT),B.Tech,60,374,1983,Urban,Yes,Yes
1-44643159465,1-44643159465,U-0682,ANNAI MATHAMMAL SHEELA ENGINEERING COLLEGE,Active,Tamil Nadu,Namakkal,Namakkal,ERUMAPATTY POST NAMAKKAL DISTRICT,600200,11.118469,78.637087,Private-Self Financing,"Anna University, Chennai",Approved,Approved,A,No,,Tier 3,http://www.annaimathammalsheela.ac.in,info@annaimathammalsheela.ac.in,admissions@annaimathammalsheela.ac.in,placement@annaimathammalsheela.ac.in,+91-80-476-8513,Robotics,B.Tech,30,374,1983,Urban,Yes,Yes
1-44643123315,1-44643123315,U-0682,K.S.RANGASAMY COLLEGE OF TECHNOLOGY,Active,Tamil Nadu,Namakkal,Namakkal,"K.S.R KALVI NAGAR, THOKKAVADI, TIRUCHENGODE TK, 637 215.",600200,11.110919,78.643306,Private-Self Financing,"Anna University, Chennai",Approved,Approved,B+,No,,Tier 3,http://www.ksrangasamy.ac.in,info@ksrangasamy.ac.in,admissions@ksrangasamy.ac.in,placement@ksrangasamy.ac.in,+91-80-160-1833,Electrical & Electronics Engineering (EEE),B.Tech,60,1032,1984,Rural,Yes,Yes
1-44643123315,1-44643123315,U-0682,K.S.RANGASAMY COLLEGE OF TECHNOLOGY,Active,Tamil Nadu,Namakkal,Namakkal,"K.S.R KALVI NAGAR, THOKKAVADI, TIRUCHENGODE TK, 637 215.",600200,11.110919,78.643306,Private-Self Financing,"Anna University, Chennai",Approved,Approved,B+,No,,Tier 3,http://www.ksrangasamy.ac.in,info@ksrangasamy.ac.in,admissions@ksrangasamy.ac.in,placement@ksrangasamy.ac.in,+91-80-160-1833,Electronics & Communication Engineering (ECE),B.Tech,120,1032,1984,Rural,Yes,Yes
1-44643123315,1-44643123315,U-0682,K.S.RANGASAMY COLLEGE OF TECHNOLOGY,Active,Tamil Nadu,Namakkal,Namakkal,"K.S.R KALVI NAGAR, THOKKAVADI, TIRUCHENGODE TK, 637 215.",600200,11.110919,78.643306,Private-Self Financing,"Anna University, Chennai",Approved,Approved,B+,No,,Tier 3,http://www.ksrangasamy.ac.in,info@ksrangasamy.ac.in,admissions@ksrangasamy.ac.in,placement@ksrangasamy.ac.in,+91-80-160-1833,Information Technology (IT),B.Tech,120,1032,1984,Rural,Yes,Yes
1-44643123315,1-44643123315,U-0682,K.S.RANGASAMY COLLEGE OF TECHNOLOGY,Active,Tamil Nadu,Namakkal,Namakkal,"K.S.R KALVI NAGAR, THOKKAVADI, TIRUCHENGODE TK, 637 215.",600200,11.110919,78.643306,Private-Self Financing,"Anna University, Chennai",Approved,Approved,B+,No,,Tier 3,http://www.ksrangasamy.ac.in,info@ksrangasamy.ac.in,admissions@ksrangasamy.ac.in,placement@ksrangasamy.ac.in,+91-80-160-1833,Mechanical Engineering,B.Tech,120,1032,1984,Rural,Yes,Yes
1-44643123315,1-44643123315,U-0682,K.S.RANGASAMY COLLEGE OF TECHNOLOGY,Active,Tamil Nadu,Namakkal,Namakkal,"K.S.R KALVI NAGAR, THOKKAVADI, TIRUCHENGODE TK, 637 215.",600200,11.110919,78.643306,Private-Self Financing,"Anna University, Chennai",Approved,Approved,B+,No,,Tier 3,http://www.ksrangasamy.ac.in,info@ksrangasamy.ac.in,admissions@ksrangasamy.ac.in,placement@ksrangasamy.ac.in,+91-80-160-1833,Other Engineering Branches,B.Tech,150,1032,1984,Rural,Yes,Yes
1-44643123315,1-44643123315,U-0682,K.S.RANGASAMY COLLEGE OF TECHNOLOGY,Active,Tamil Nadu,Namakkal,Namakkal,"K.S.R KALVI NAGAR, THOKKAVADI, TIRUCHENGODE TK, 637 215.",600200,11.110919,78.643306,Private-Self Financing,"Anna University, Chennai",Approved,Approved,B+,No,,Tier 3,http://www.ksrangasamy.ac.in,info@ksrangasamy.ac.in,admissions@ksrangasamy.ac.in,placement@ksrangasamy.ac.in,+91-80-160-1833,Other Engineering Branches,M.Tech,48,1032,1984,Rural,Yes,Yes
1-44643123315,1-44643123315,U-0682,K.S.RANGASAMY COLLEGE OF TECHNOLOGY,Active,Tamil Nadu,Namakkal,Namakkal,"K.S.R KALVI NAGAR, THOKKAVADI, TIRUCHENGODE TK, 637 215.",600200,11.110919,78.643306,Private-Self Financing,"Anna University, Chennai",Approved,Approved,B+,No,,Tier 3,http://www.ksrangasamy.ac.in,info@ksrangasamy.ac.in,admissions@ksrangasamy.ac.in,placement@ksrangasamy.ac.in,+91-80-160-1833,Biotechnology,B.Tech,60,1032,1984,Rural,Yes,Yes
1-44643123315,1-44643123315,U-0682,K.S.RANGASAMY COLLEGE OF TECHNOLOGY,Active,Tamil Nadu,Namakkal,Namakkal,"K.S.R KALVI NAGAR, THOKKAVADI, TIRUCHENGODE TK, 637 215.",600200,11.110919,78.643306,Private-Self Financing,"Anna University, Chennai",Approved,Approved,B+,No,,Tier 3,http://www.ksrangasamy.ac.in,info@ksrangasamy.ac.in,admissions@ksrangasamy.ac.in,placement@ksrangasamy.ac.in,+91-80-160-1833,Civil Engineering,B.Tech,30,1032,1984,Rural,Yes,Yes
1-44643123315,1-44643123315,U-0682,K.S.RANGASAMY COLLEGE OF TECHNOLOGY,Active,Tamil Nadu,Namakkal,Namakkal,"K.S.R KALVI NAGAR, THOKKAVADI, TIRUCHENGODE TK, 637 215.",600200,11.110919,78.643306,Private-Self Financing,"Anna University, Chennai",Approved,Approved,B+,No,,Tier 3,http://www.ksrangasamy.ac.in,info@ksrangasamy.ac.in,admissions@ksrangasamy.ac.in,placement@ksrangasamy.ac.in,+91-80-160-1833,Computer Science Engineering (CSE),B.Tech,180,1032,1984,Rural,Yes,Yes
1-44643123315,1-44643123315,U-0682,K.S.RANGASAMY COLLEGE OF TECHNOLOGY,Active,Tamil Nadu,Namakkal,Namakkal,"K.S.R KALVI NAGAR, THOKKAVADI, TIRUCHENGODE TK, 637 215.",600200,11.110919,78.643306,Private-Self Financing,"Anna University, Chennai",Approved,Approved,B+,No,,Tier 3,http://www.ksrangasamy.ac.in,info@ksrangasamy.ac.in,admissions@ksrangasamy.ac.in,placement@ksrangasamy.ac.in,+91-80-160-1833,Biotechnology,M.Tech,18,1032,1984,Rural,Yes,Yes
1-44643123315,1-44643123315,U-0682,K.S.RANGASAMY COLLEGE OF TECHNOLOGY,Active,Tamil Nadu,Namakkal,Namakkal,"K.S.R KALVI NAGAR, THOKKAVADI, TIRUCHENGODE TK, 637 215.",600200,11.110919,78.643306,Private-Self Financing,"Anna University, Chennai",Approved,Approved,B+,No,,Tier 3,http://www.ksrangasamy.ac.in,info@ksrangasamy.ac.in,admissions@ksrangasamy.ac.in,placement@ksrangasamy.ac.in,+91-80-160-1833,Data Science,B.Tech,60,1032,1984,Rural,Yes,Yes
1-44643123315,1-44643123315,U-0682,K.S.RANGASAMY COLLEGE OF TECHNOLOGY,Active,Tamil Nadu,Namakkal,Namakkal,"K.S.R KALVI NAGAR, THOKKAVADI, TIRUCHENGODE TK, 637 215.",600200,11.110919,78.643306,Private-Self Financing,"Anna University, Chennai",Approved,Approved,B+,No,,Tier 3,http://www.ksrangasamy.ac.in,info@ksrangasamy.ac.in,admissions@ksrangasamy.ac.in,placement@ksrangasamy.ac.in,+91-80-160-1833,Artificial Intelligence & Machine Learning (AI & ML),B.Tech,60,1032,1984,Rural,Yes,Yes
1-44643123315,1-44643123315,U-0682,K.S.RANGASAMY COLLEGE OF TECHNOLOGY,Active,Tamil Nadu,Namakkal,Namakkal,"K.S.R KALVI NAGAR, THOKKAVADI, TIRUCHENGODE TK, 637 215.",600200,11.110919,78.643306,Private-Self Financing,"Anna University, Chennai",Approved,Approved,B+,No,,Tier 3,http://www.ksrangasamy.ac.in,info@ksrangasamy.ac.in,admissions@ksrangasamy.ac.in,placement@ksrangasamy.ac.in,+91-80-160-1833,Data Science,M.Tech,6,1032,1984,Rural,Yes,Yes
1-44643186616,1-44643186616,U-0682,SENGUNTHAR ENGINEERING COLLEGE,Active,Tamil Nadu,Namakkal,Namakkal,KOSAVAMPALAYAM KUMARAMANGALAM (PO) NAMAKKAL(DIST) 637 205,600200,11.13015,78.670093,Private-Self Financing,"Anna University, Chennai",Approved,Approved,B,Yes,,Tier 3,http://www.sengunthar.ac.in,info@sengunthar.ac.in,admissions@sengunthar.ac.in,placement@sengunthar.ac.in,+91-80-966-8052,Civil Engineering,B.Tech,60,792,2018,Urban,Yes,Yes
1-44643186616,1-44643186616,U-0682,SENGUNTHAR ENGINEERING COLLEGE,Active,Tamil Nadu,Namakkal,Namakkal,KOSAVAMPALAYAM KUMARAMANGALAM (PO) NAMAKKAL(DIST) 637 205,600200,11.13015,78.670093,Private-Self Financing,"Anna University, Chennai",Approved,Approved,B,Yes,,Tier 3,http://www.sengunthar.ac.in,info@sengunthar.ac.in,admissions@sengunthar.ac.in,placement@sengunthar.ac.in,+91-80-966-8052,Computer Science Engineering (CSE),B.Tech,120,792,2018,Urban,Yes,Yes
1-44643186616,1-44643186616,U-0682,SENGUNTHAR ENGINEERING COLLEGE,Active,Tamil Nadu,Namakkal,Namakkal,KOSAVAMPALAYAM KUMARAMANGALAM (PO) NAMAKKAL(DIST) 637 205,600200,11.13015,78.670093,Private-Self Financing,"Anna University, Chennai",Approved,Approved,B,Yes,,Tier 3,http://www.sengunthar.ac.in,info@sengunthar.ac.in,admissions@sengunthar.ac.in,placement@sengunthar.ac.in,+91-80-966-8052,Electronics & Communication Engineering (ECE),B.Tech,60,792,2018,Urban,Yes,Yes
1-44643186616,1-44643186616,U-0682,SENGUNTHAR ENGINEERING COLLEGE,Active,Tamil Nadu,Namakkal,Namakkal,KOSAVAMPALAYAM KUMARAMANGALAM (PO) NAMAKKAL(DIST) 637 205,600200,11.13015,78.670093,Private-Self Financing,"Anna University, Chennai",Approved,Approved,B,Yes,,Tier 3,http://www.sengunthar.ac.in,info@sengunthar.ac.in,admissions@sengunthar.ac.in,placement@sengunthar.ac.in,+91-80-966-8052,Electrical & Electronics Engineering (EEE),B.Tech,60,792,2018,Urban,Yes,Yes
1-44643186616,1-44643186616,U-0682,SENGUNTHAR ENGINEERING COLLEGE,Active,Tamil Nadu,Namakkal,Namakkal,KOSAVAMPALAYAM KUMARAMANGALAM (PO) NAMAKKAL(DIST) 637 205,600200,11.13015,78.670093,Private-Self Financing,"Anna University, Chennai",Approved,Approved,B,Yes,,Tier 3,http://www.sengunthar.ac.in,info@sengunthar.ac.in,admissions@sengunthar.ac.in,placement@sengunthar.ac.in,+91-80-966-8052,Mechanical Engineering,B.Tech,60,792,2018,Urban,Yes,Yes
1-44643186616,1-44643186616,U-0682,SENGUNTHAR ENGINEERING COLLEGE,Active,Tamil Nadu,Namakkal,Namakkal,KOSAVAMPALAYAM KUMARAMANGALAM (PO) NAMAKKAL(DIST) 637 205,600200,11.13015,78.670093,Private-Self Financing,"Anna University, Chennai",Approved,Approved,B,Yes,,Tier 3,http://www.sengunthar.ac.in,info@sengunthar.ac.in,admissions@sengunthar.ac.in,placement@sengunthar.ac.in,+91-80-966-8052,Computer Science Engineering (CSE),M.Tech,18,792,2018,Urban,Yes,Yes
1-44643186616,1-44643186616,U-0682,SENGUNTHAR ENGINEERING COLLEGE,Active,Tamil Nadu,Namakkal,Namakkal,KOSAVAMPALAYAM KUMARAMANGALAM (PO) NAMAKKAL(DIST) 637 205,600200,11.13015,78.670093,Private-Self Financing,"Anna University, Chennai",Approved,Approved,B,Yes,,Tier 3,http://www.sengunthar.ac.in,info@sengunthar.ac.in,admissions@sengunthar.ac.in,placement@sengunthar.ac.in,+91-80-966-8052,Other Engineering Branches,M.Tech,54,792,2018,Urban,Yes,Yes
1-44643186616,1-44643186616,U-0682,SENGUNTHAR ENGINEERING COLLEGE,Active,Tamil Nadu,Namakkal,Namakkal,KOSAVAMPALAYAM KUMARAMANGALAM (PO) NAMAKKAL(DIST) 637 205,600200,11.13015,78.670093,Private-Self Financing,"Anna University, Chennai",Approved,Approved,B,Yes,,Tier 3,http://www.sengunthar.ac.in,info@sengunthar.ac.in,admissions@sengunthar.ac.in,placement@sengunthar.ac.in,+91-80-966-8052,Information Technology (IT),B.Tech,60,792,2018,Urban,Yes,Yes
1-44643186616,1-44643186616,U-0682,SENGUNTHAR ENGINEERING COLLEGE,Active,Tamil Nadu,Namakkal,Namakkal,KOSAVAMPALAYAM KUMARAMANGALAM (PO) NAMAKKAL(DIST) 637 205,600200,11.13015,78.670093,Private-Self Financing,"Anna University, Chennai",Approved,Approved,B,Yes,,Tier 3,http://www.sengunthar.ac.in,info@sengunthar.ac.in,admissions@sengunthar.ac.in,placement@sengunthar.ac.in,+91-80-966-8052,Other Engineering Branches,B.Tech,90,792,2018,Urban,Yes,Yes
1-44643186616,1-44643186616,U-0682,SENGUNTHAR ENGINEERING COLLEGE,Active,Tamil Nadu,Namakkal,Namakkal,KOSAVAMPALAYAM KUMARAMANGALAM (PO) NAMAKKAL(DIST) 637 205,600200,11.13015,78.670093,Private-Self Financing,"Anna University, Chennai",Approved,Approved,B,Yes,,Tier 3,http://www.sengunthar.ac.in,info@sengunthar.ac.in,admissions@sengunthar.ac.in,placement@sengunthar.ac.in,+91-80-966-8052,Robotics,B.Tech,30,792,2018,Urban,Yes,Yes
1-44643186616,1-44643186616,U-0682,SENGUNTHAR ENGINEERING COLLEGE,Active,Tamil Nadu,Namakkal,Namakkal,KOSAVAMPALAYAM KUMARAMANGALAM (PO) NAMAKKAL(DIST) 637 205,600200,11.13015,78.670093,Private-Self Financing,"Anna University, Chennai",Approved,Approved,B,Yes,,Tier 3,http://www.sengunthar.ac.in,info@sengunthar.ac.in,admissions@sengunthar.ac.in,placement@sengunthar.ac.in,+91-80-966-8052,Data Science,B.Tech,60,792,2018,Urban,Yes,Yes
1-44643186616,1-44643186616,U-0682,SENGUNTHAR ENGINEERING COLLEGE,Active,Tamil Nadu,Namakkal,Namakkal,KOSAVAMPALAYAM KUMARAMANGALAM (PO) NAMAKKAL(DIST) 637 205,600200,11.13015,78.670093,Private-Self Financing,"Anna University, Chennai",Approved,Approved,B,Yes,,Tier 3,http://www.sengunthar.ac.in,info@sengunthar.ac.in,admissions@sengunthar.ac.in,placement@sengunthar.ac.in,+91-80-966-8052,Cyber Security,B.Tech,60,792,2018,Urban,Yes,Yes
1-44643186616,1-44643186616,U-0682,SENGUNTHAR ENGINEERING COLLEGE,Active,Tamil Nadu,Namakkal,Namakkal,KOSAVAMPALAYAM KUMARAMANGALAM (PO) NAMAKKAL(DIST) 637 205,600200,11.13015,78.670093,Private-Self Financing,"Anna University, Chennai",Approved,Approved,B,Yes,,Tier 3,http://www.sengunthar.ac.in,info@sengunthar.ac.in,admissions@sengunthar.ac.in,placement@sengunthar.ac.in,+91-80-966-8052,Artificial Intelligence & Machine Learning (AI & ML),B.Tech,60,792,2018,Urban,Yes,Yes
1-44642447972,1-44642447972,U-0682,K S R COLLEGE OF ENGINEERING,Active,Tamil Nadu,Namakkal,Namakkal,"K S R KALVINAGAR,  THOKKAVADI, TIRUCHENGODE, NAMAKKAL DIST, TAMILNADU-637215.",637215,11.120803,78.658493,Private-Self Financing,"Anna University, Chennai",Approved,Approved,B++,No,,Tier 3,http://www.ksr.ac.in,info@ksr.ac.in,admissions@ksr.ac.in,placement@ksr.ac.in,+91-80-574-7338,Civil Engineering,B.Tech,60,1104,2007,Urban,No,Yes
1-44642447972,1-44642447972,U-0682,K S R COLLEGE OF ENGINEERING,Active,Tamil Nadu,Namakkal,Namakkal,"K S R KALVINAGAR,  THOKKAVADI, TIRUCHENGODE, NAMAKKAL DIST, TAMILNADU-637215.",637215,11.120803,78.658493,Private-Self Financing,"Anna University, Chennai",Approved,Approved,B++,No,,Tier 3,http://www.ksr.ac.in,info@ksr.ac.in,admissions@ksr.ac.in,placement@ksr.ac.in,+91-80-574-7338,Computer Science Engineering (CSE),B.Tech,180,1104,2007,Urban,No,Yes
1-44642447972,1-44642447972,U-0682,K S R COLLEGE OF ENGINEERING,Active,Tamil Nadu,Namakkal,Namakkal,"K S R KALVINAGAR,  THOKKAVADI, TIRUCHENGODE, NAMAKKAL DIST, TAMILNADU-637215.",637215,11.120803,78.658493,Private-Self Financing,"Anna University, Chennai",Approved,Approved,B++,No,,Tier 3,http://www.ksr.ac.in,info@ksr.ac.in,admissions@ksr.ac.in,placement@ksr.ac.in,+91-80-574-7338,Electrical & Electronics Engineering (EEE),B.Tech,120,1104,2007,Urban,No,Yes
1-44642447972,1-44642447972,U-0682,K S R COLLEGE OF ENGINEERING,Active,Tamil Nadu,Namakkal,Namakkal,"K S R KALVINAGAR,  THOKKAVADI, TIRUCHENGODE, NAMAKKAL DIST, TAMILNADU-637215.",637215,11.120803,78.658493,Private-Self Financing,"Anna University, Chennai",Approved,Approved,B++,No,,Tier 3,http://www.ksr.ac.in,info@ksr.ac.in,admissions@ksr.ac.in,placement@ksr.ac.in,+91-80-574-7338,Electronics & Communication Engineering (ECE),B.Tech,150,1104,2007,Urban,No,Yes
1-44642447972,1-44642447972,U-0682,K S R COLLEGE OF ENGINEERING,Active,Tamil Nadu,Namakkal,Namakkal,"K S R KALVINAGAR,  THOKKAVADI, TIRUCHENGODE, NAMAKKAL DIST, TAMILNADU-637215.",637215,11.120803,78.658493,Private-Self Financing,"Anna University, Chennai",Approved,Approved,B++,No,,Tier 3,http://www.ksr.ac.in,info@ksr.ac.in,admissions@ksr.ac.in,placement@ksr.ac.in,+91-80-574-7338,Information Technology (IT),B.Tech,120,1104,2007,Urban,No,Yes
1-44642447972,1-44642447972,U-0682,K S R COLLEGE OF ENGINEERING,Active,Tamil Nadu,Namakkal,Namakkal,"K S R KALVINAGAR,  THOKKAVADI, TIRUCHENGODE, NAMAKKAL DIST, TAMILNADU-637215.",637215,11.120803,78.658493,Private-Self Financing,"Anna University, Chennai",Approved,Approved,B++,No,,Tier 3,http://www.ksr.ac.in,info@ksr.ac.in,admissions@ksr.ac.in,placement@ksr.ac.in,+91-80-574-7338,Mechanical Engineering,B.Tech,120,1104,2007,Urban,No,Yes
1-44642447972,1-44642447972,U-0682,K S R COLLEGE OF ENGINEERING,Active,Tamil Nadu,Namakkal,Namakkal,"K S R KALVINAGAR,  THOKKAVADI, TIRUCHENGODE, NAMAKKAL DIST, TAMILNADU-637215.",637215,11.120803,78.658493,Private-Self Financing,"Anna University, Chennai",Approved,Approved,B++,No,,Tier 3,http://www.ksr.ac.in,info@ksr.ac.in,admissions@ksr.ac.in,placement@ksr.ac.in,+91-80-574-7338,Computer Science Engineering (CSE),M.Tech,6,1104,2007,Urban,No,Yes
1-44642447972,1-44642447972,U-0682,K S R COLLEGE OF ENGINEERING,Active,Tamil Nadu,Namakkal,Namakkal,"K S R KALVINAGAR,  THOKKAVADI, TIRUCHENGODE, NAMAKKAL DIST, TAMILNADU-637215.",637215,11.120803,78.658493,Private-Self Financing,"Anna University, Chennai",Approved,Approved,B++,No,,Tier 3,http://www.ksr.ac.in,info@ksr.ac.in,admissions@ksr.ac.in,placement@ksr.ac.in,+91-80-574-7338,Other Engineering Branches,M.Tech,72,1104,2007,Urban,No,Yes
1-44642447972,1-44642447972,U-0682,K S R COLLEGE OF ENGINEERING,Active,Tamil Nadu,Namakkal,Namakkal,"K S R KALVINAGAR,  THOKKAVADI, TIRUCHENGODE, NAMAKKAL DIST, TAMILNADU-637215.",637215,11.120803,78.658493,Private-Self Financing,"Anna University, Chennai",Approved,Approved,B++,No,,Tier 3,http://www.ksr.ac.in,info@ksr.ac.in,admissions@ksr.ac.in,placement@ksr.ac.in,+91-80-574-7338,Information Technology (IT),M.Tech,6,1104,2007,Urban,No,Yes
1-44642447972,1-44642447972,U-0682,K S R COLLEGE OF ENGINEERING,Active,Tamil Nadu,Namakkal,Namakkal,"K S R KALVINAGAR,  THOKKAVADI, TIRUCHENGODE, NAMAKKAL DIST, TAMILNADU-637215.",637215,11.120803,78.658493,Private-Self Financing,"Anna University, Chennai",Approved,Approved,B++,No,,Tier 3,http://www.ksr.ac.in,info@ksr.ac.in,admissions@ksr.ac.in,placement@ksr.ac.in,+91-80-574-7338,Other Engineering Branches,B.Tech,90,1104,2007,Urban,No,Yes
1-44642447972,1-44642447972,U-0682,K S R COLLEGE OF ENGINEERING,Active,Tamil Nadu,Namakkal,Namakkal,"K S R KALVINAGAR,  THOKKAVADI, TIRUCHENGODE, NAMAKKAL DIST, TAMILNADU-637215.",637215,11.120803,78.658493,Private-Self Financing,"Anna University, Chennai",Approved,Approved,B++,No,,Tier 3,http://www.ksr.ac.in,info@ksr.ac.in,admissions@ksr.ac.in,placement@ksr.ac.in,+91-80-574-7338,IoT,B.Tech,60,1104,2007,Urban,No,Yes
1-44642447972,1-44642447972,U-0682,K S R COLLEGE OF ENGINEERING,Active,Tamil Nadu,Namakkal,Namakkal,"K S R KALVINAGAR,  THOKKAVADI, TIRUCHENGODE, NAMAKKAL DIST, TAMILNADU-637215.",637215,11.120803,78.658493,Private-Self Financing,"Anna University, Chennai",Approved,Approved,B++,No,,Tier 3,http://www.ksr.ac.in,info@ksr.ac.in,admissions@ksr.ac.in,placement@ksr.ac.in,+91-80-574-7338,Cyber Security,B.Tech,60,1104,2007,Urban,No,Yes
1-44642447972,1-44642447972,U-0682,K S R COLLEGE OF ENGINEERING,Active,Tamil Nadu,Namakkal,Namakkal,"K S R KALVINAGAR,  THOKKAVADI, TIRUCHENGODE, NAMAKKAL DIST, TAMILNADU-637215.",637215,11.120803,78.658493,Private-Self Financing,"Anna University, Chennai",Approved,Approved,B++,No,,Tier 3,http://www.ksr.ac.in,info@ksr.ac.in,admissions@ksr.ac.in,placement@ksr.ac.in,+91-80-574-7338,Data Science,B.Tech,60,1104,2007,Urban,No,Yes
1-44642455783,1-44642455783,U-0682,MUTHAYAMMAL ENGINEERING COLLEGE,Active,Tamil Nadu,Namakkal,Namakkal,"KAKKAVERI, RASIPURAM (TK), NAMAKKAL (DT). TAMIL NADU",600200,11.146746,78.639071,Private-Self Financing,"Anna University, Chennai",Approved,Approved,B+,No,,Tier 3,http://www.muthayammal.ac.in,info@muthayammal.ac.in,admissions@muthayammal.ac.in,placement@muthayammal.ac.in,+91-80-662-8493,Mechanical Engineering,B.Tech,150,1578,1997,Rural,Yes,Yes
1-44642455783,1-44642455783,U-0682,MUTHAYAMMAL ENGINEERING COLLEGE,Active,Tamil Nadu,Namakkal,Namakkal,"KAKKAVERI, RASIPURAM (TK), NAMAKKAL (DT). TAMIL NADU",600200,11.146746,78.639071,Private-Self Financing,"Anna University, Chennai",Approved,Approved,B+,No,,Tier 3,http://www.muthayammal.ac.in,info@muthayammal.ac.in,admissions@muthayammal.ac.in,placement@muthayammal.ac.in,+91-80-662-8493,Information Technology (IT),B.Tech,120,1578,1997,Rural,Yes,Yes
1-44642455783,1-44642455783,U-0682,MUTHAYAMMAL ENGINEERING COLLEGE,Active,Tamil Nadu,Namakkal,Namakkal,"KAKKAVERI, RASIPURAM (TK), NAMAKKAL (DT). TAMIL NADU",600200,11.146746,78.639071,Private-Self Financing,"Anna University, Chennai",Approved,Approved,B+,No,,Tier 3,http://www.muthayammal.ac.in,info@muthayammal.ac.in,admissions@muthayammal.ac.in,placement@muthayammal.ac.in,+91-80-662-8493,Computer Science Engineering (CSE),M.Tech,12,1578,1997,Rural,Yes,Yes
1-44642455783,1-44642455783,U-0682,MUTHAYAMMAL ENGINEERING COLLEGE,Active,Tamil Nadu,Namakkal,Namakkal,"KAKKAVERI, RASIPURAM (TK), NAMAKKAL (DT). TAMIL NADU",600200,11.146746,78.639071,Private-Self Financing,"Anna University, Chennai",Approved,Approved,B+,No,,Tier 3,http://www.muthayammal.ac.in,info@muthayammal.ac.in,admissions@muthayammal.ac.in,placement@muthayammal.ac.in,+91-80-662-8493,Other Engineering Branches,M.Tech,36,1578,1997,Rural,Yes,Yes
1-44642455783,1-44642455783,U-0682,MUTHAYAMMAL ENGINEERING COLLEGE,Active,Tamil Nadu,Namakkal,Namakkal,"KAKKAVERI, RASIPURAM (TK), NAMAKKAL (DT). TAMIL NADU",600200,11.146746,78.639071,Private-Self Financing,"Anna University, Chennai",Approved,Approved,B+,No,,Tier 3,http://www.muthayammal.ac.in,info@muthayammal.ac.in,admissions@muthayammal.ac.in,placement@muthayammal.ac.in,+91-80-662-8493,Electrical & Electronics Engineering (EEE),B.Tech,120,1578,1997,Rural,Yes,Yes
1-44642455783,1-44642455783,U-0682,MUTHAYAMMAL ENGINEERING COLLEGE,Active,Tamil Nadu,Namakkal,Namakkal,"KAKKAVERI, RASIPURAM (TK), NAMAKKAL (DT). TAMIL NADU",600200,11.146746,78.639071,Private-Self Financing,"Anna University, Chennai",Approved,Approved,B+,No,,Tier 3,http://www.muthayammal.ac.in,info@muthayammal.ac.in,admissions@muthayammal.ac.in,placement@muthayammal.ac.in,+91-80-662-8493,Electronics & Communication Engineering (ECE),B.Tech,240,1578,1997,Rural,Yes,Yes
1-44642455783,1-44642455783,U-0682,MUTHAYAMMAL ENGINEERING COLLEGE,Active,Tamil Nadu,Namakkal,Namakkal,"KAKKAVERI, RASIPURAM (TK), NAMAKKAL (DT). TAMIL NADU",600200,11.146746,78.639071,Private-Self Financing,"Anna University, Chennai",Approved,Approved,B+,No,,Tier 3,http://www.muthayammal.ac.in,info@muthayammal.ac.in,admissions@muthayammal.ac.in,placement@muthayammal.ac.in,+91-80-662-8493,Computer Science Engineering (CSE),B.Tech,360,1578,1997,Rural,Yes,Yes
1-44642455783,1-44642455783,U-0682,MUTHAYAMMAL ENGINEERING COLLEGE,Active,Tamil Nadu,Namakkal,Namakkal,"KAKKAVERI, RASIPURAM (TK), NAMAKKAL (DT). TAMIL NADU",600200,11.146746,78.639071,Private-Self Financing,"Anna University, Chennai",Approved,Approved,B+,No,,Tier 3,http://www.muthayammal.ac.in,info@muthayammal.ac.in,admissions@muthayammal.ac.in,placement@muthayammal.ac.in,+91-80-662-8493,Civil Engineering,B.Tech,30,1578,1997,Rural,Yes,Yes
1-44642455783,1-44642455783,U-0682,MUTHAYAMMAL ENGINEERING COLLEGE,Active,Tamil Nadu,Namakkal,Namakkal,"KAKKAVERI, RASIPURAM (TK), NAMAKKAL (DT). TAMIL NADU",600200,11.146746,78.639071,Private-Self Financing,"Anna University, Chennai",Approved,Approved,B+,No,,Tier 3,http://www.muthayammal.ac.in,info@muthayammal.ac.in,admissions@muthayammal.ac.in,placement@muthayammal.ac.in,+91-80-662-8493,Biotechnology,B.Tech,60,1578,1997,Rural,Yes,Yes
1-44642455783,1-44642455783,U-0682,MUTHAYAMMAL ENGINEERING COLLEGE,Active,Tamil Nadu,Namakkal,Namakkal,"KAKKAVERI, RASIPURAM (TK), NAMAKKAL (DT). TAMIL NADU",600200,11.146746,78.639071,Private-Self Financing,"Anna University, Chennai",Approved,Approved,B+,No,,Tier 3,http://www.muthayammal.ac.in,info@muthayammal.ac.in,admissions@muthayammal.ac.in,placement@muthayammal.ac.in,+91-80-662-8493,Other Engineering Branches,B.Tech,90,1578,1997,Rural,Yes,Yes
1-44642455783,1-44642455783,U-0682,MUTHAYAMMAL ENGINEERING COLLEGE,Active,Tamil Nadu,Namakkal,Namakkal,"KAKKAVERI, RASIPURAM (TK), NAMAKKAL (DT). TAMIL NADU",600200,11.146746,78.639071,Private-Self Financing,"Anna University, Chennai",Approved,Approved,B+,No,,Tier 3,http://www.muthayammal.ac.in,info@muthayammal.ac.in,admissions@muthayammal.ac.in,placement@muthayammal.ac.in,+91-80-662-8493,Data Science,B.Tech,240,1578,1997,Rural,Yes,Yes
1-44642455783,1-44642455783,U-0682,MUTHAYAMMAL ENGINEERING COLLEGE,Active,Tamil Nadu,Namakkal,Namakkal,"KAKKAVERI, RASIPURAM (TK), NAMAKKAL (DT). TAMIL NADU",600200,11.146746,78.639071,Private-Self Financing,"Anna University, Chennai",Approved,Approved,B+,No,,Tier 3,http://www.muthayammal.ac.in,info@muthayammal.ac.in,admissions@muthayammal.ac.in,placement@muthayammal.ac.in,+91-80-662-8493,Cyber Security,B.Tech,60,1578,1997,Rural,Yes,Yes
1-44642455783,1-44642455783,U-0682,MUTHAYAMMAL ENGINEERING COLLEGE,Active,Tamil Nadu,Namakkal,Namakkal,"KAKKAVERI, RASIPURAM (TK), NAMAKKAL (DT). TAMIL NADU",600200,11.146746,78.639071,Private-Self Financing,"Anna University, Chennai",Approved,Approved,B+,No,,Tier 3,http://www.muthayammal.ac.in,info@muthayammal.ac.in,admissions@muthayammal.ac.in,placement@muthayammal.ac.in,+91-80-662-8493,Artificial Intelligence & Machine Learning (AI & ML),B.Tech,60,1578,1997,Rural,Yes,Yes
1-44642678219,1-44642678219,U-0682,VIDYAA VIKAS COLLEGE OF ENGINEERING AND TECHNOLOGY,Active,Tamil Nadu,Namakkal,Namakkal,"VARAHOORAMPATTI VILLAGE, TIRUCHENGODE TALUK, NAMAKKAL DISTRICT, TAMILNADU. PIN: 637214",637214,11.113944,78.644854,Private-Self Financing,"Anna University, Chennai",Approved,Approved,A+,No,,Tier 3,http://www.vidyaavikas.ac.in,info@vidyaavikas.ac.in,admissions@vidyaavikas.ac.in,placement@vidyaavikas.ac.in,+91-80-287-0578,Computer Science Engineering (CSE),B.Tech,60,348,1992,Rural,Yes,Yes
1-44642678219,1-44642678219,U-0682,VIDYAA VIKAS COLLEGE OF ENGINEERING AND TECHNOLOGY,Active,Tamil Nadu,Namakkal,Namakkal,"VARAHOORAMPATTI VILLAGE, TIRUCHENGODE TALUK, NAMAKKAL DISTRICT, TAMILNADU. PIN: 637214",637214,11.113944,78.644854,Private-Self Financing,"Anna University, Chennai",Approved,Approved,A+,No,,Tier 3,http://www.vidyaavikas.ac.in,info@vidyaavikas.ac.in,admissions@vidyaavikas.ac.in,placement@vidyaavikas.ac.in,+91-80-287-0578,Electronics & Communication Engineering (ECE),B.Tech,120,348,1992,Rural,Yes,Yes
1-44642678219,1-44642678219,U-0682,VIDYAA VIKAS COLLEGE OF ENGINEERING AND TECHNOLOGY,Active,Tamil Nadu,Namakkal,Namakkal,"VARAHOORAMPATTI VILLAGE, TIRUCHENGODE TALUK, NAMAKKAL DISTRICT, TAMILNADU. PIN: 637214",637214,11.113944,78.644854,Private-Self Financing,"Anna University, Chennai",Approved,Approved,A+,No,,Tier 3,http://www.vidyaavikas.ac.in,info@vidyaavikas.ac.in,admissions@vidyaavikas.ac.in,placement@vidyaavikas.ac.in,+91-80-287-0578,Electrical & Electronics Engineering (EEE),B.Tech,60,348,1992,Rural,Yes,Yes
1-44642678219,1-44642678219,U-0682,VIDYAA VIKAS COLLEGE OF ENGINEERING AND TECHNOLOGY,Active,Tamil Nadu,Namakkal,Namakkal,"VARAHOORAMPATTI VILLAGE, TIRUCHENGODE TALUK, NAMAKKAL DISTRICT, TAMILNADU. PIN: 637214",637214,11.113944,78.644854,Private-Self Financing,"Anna University, Chennai",Approved,Approved,A+,No,,Tier 3,http://www.vidyaavikas.ac.in,info@vidyaavikas.ac.in,admissions@vidyaavikas.ac.in,placement@vidyaavikas.ac.in,+91-80-287-0578,Mechanical Engineering,B.Tech,30,348,1992,Rural,Yes,Yes
1-44642678219,1-44642678219,U-0682,VIDYAA VIKAS COLLEGE OF ENGINEERING AND TECHNOLOGY,Active,Tamil Nadu,Namakkal,Namakkal,"VARAHOORAMPATTI VILLAGE, TIRUCHENGODE TALUK, NAMAKKAL DISTRICT, TAMILNADU. PIN: 637214",637214,11.113944,78.644854,Private-Self Financing,"Anna University, Chennai",Approved,Approved,A+,No,,Tier 3,http://www.vidyaavikas.ac.in,info@vidyaavikas.ac.in,admissions@vidyaavikas.ac.in,placement@vidyaavikas.ac.in,+91-80-287-0578,Computer Science Engineering (CSE),M.Tech,9,348,1992,Rural,Yes,Yes
1-44642678219,1-44642678219,U-0682,VIDYAA VIKAS COLLEGE OF ENGINEERING AND TECHNOLOGY,Active,Tamil Nadu,Namakkal,Namakkal,"VARAHOORAMPATTI VILLAGE, TIRUCHENGODE TALUK, NAMAKKAL DISTRICT, TAMILNADU. PIN: 637214",637214,11.113944,78.644854,Private-Self Financing,"Anna University, Chennai",Approved,Approved,A+,No,,Tier 3,http://www.vidyaavikas.ac.in,info@vidyaavikas.ac.in,admissions@vidyaavikas.ac.in,placement@vidyaavikas.ac.in,+91-80-287-0578,Mechanical Engineering,M.Tech,9,348,1992,Rural,Yes,Yes
1-44642678219,1-44642678219,U-0682,VIDYAA VIKAS COLLEGE OF ENGINEERING AND TECHNOLOGY,Active,Tamil Nadu,Namakkal,Namakkal,"VARAHOORAMPATTI VILLAGE, TIRUCHENGODE TALUK, NAMAKKAL DISTRICT, TAMILNADU. PIN: 637214",637214,11.113944,78.644854,Private-Self Financing,"Anna University, Chennai",Approved,Approved,A+,No,,Tier 3,http://www.vidyaavikas.ac.in,info@vidyaavikas.ac.in,admissions@vidyaavikas.ac.in,placement@vidyaavikas.ac.in,+91-80-287-0578,Data Science,B.Tech,30,348,1992,Rural,Yes,Yes
1-44642678219,1-44642678219,U-0682,VIDYAA VIKAS COLLEGE OF ENGINEERING AND TECHNOLOGY,Active,Tamil Nadu,Namakkal,Namakkal,"VARAHOORAMPATTI VILLAGE, TIRUCHENGODE TALUK, NAMAKKAL DISTRICT, TAMILNADU. PIN: 637214",637214,11.113944,78.644854,Private-Self Financing,"Anna University, Chennai",Approved,Approved,A+,No,,Tier 3,http://www.vidyaavikas.ac.in,info@vidyaavikas.ac.in,admissions@vidyaavikas.ac.in,placement@vidyaavikas.ac.in,+91-80-287-0578,Cyber Security,B.Tech,30,348,1992,Rural,Yes,Yes
1-44642891696,1-44642891696,U-0682,SELVAM COLLEGE OF TECHNOLOGY,Active,Tamil Nadu,Namakkal,Namakkal,"SELVAM COLLEGE OF TECHNOLOGY, PONNUSAMY NAGAR, PAPPINAICKENPATTI, SALEM ROAD - NH-7, NAMAKKAL",600200,11.127669,78.639777,Private-Self Financing,"Anna University, Chennai",Approved,Approved,B,No,,Tier 3,http://www.selvam.ac.in,info@selvam.ac.in,admissions@selvam.ac.in,placement@selvam.ac.in,+91-80-862-7218,Other Engineering Branches,M.Tech,36,534,2022,Urban,Yes,Yes
1-44642891696,1-44642891696,U-0682,SELVAM COLLEGE OF TECHNOLOGY,Active,Tamil Nadu,Namakkal,Namakkal,"SELVAM COLLEGE OF TECHNOLOGY, PONNUSAMY NAGAR, PAPPINAICKENPATTI, SALEM ROAD - NH-7, NAMAKKAL",600200,11.127669,78.639777,Private-Self Financing,"Anna University, Chennai",Approved,Approved,B,No,,Tier 3,http://www.selvam.ac.in,info@selvam.ac.in,admissions@selvam.ac.in,placement@selvam.ac.in,+91-80-862-7218,Computer Science Engineering (CSE),B.Tech,60,534,2022,Urban,Yes,Yes
1-44642891696,1-44642891696,U-0682,SELVAM COLLEGE OF TECHNOLOGY,Active,Tamil Nadu,Namakkal,Namakkal,"SELVAM COLLEGE OF TECHNOLOGY, PONNUSAMY NAGAR, PAPPINAICKENPATTI, SALEM ROAD - NH-7, NAMAKKAL",600200,11.127669,78.639777,Private-Self Financing,"Anna University, Chennai",Approved,Approved,B,No,,Tier 3,http://www.selvam.ac.in,info@selvam.ac.in,admissions@selvam.ac.in,placement@selvam.ac.in,+91-80-862-7218,Electronics & Communication Engineering (ECE),B.Tech,60,534,2022,Urban,Yes,Yes
1-44642891696,1-44642891696,U-0682,SELVAM COLLEGE OF TECHNOLOGY,Active,Tamil Nadu,Namakkal,Namakkal,"SELVAM COLLEGE OF TECHNOLOGY, PONNUSAMY NAGAR, PAPPINAICKENPATTI, SALEM ROAD - NH-7, NAMAKKAL",600200,11.127669,78.639777,Private-Self Financing,"Anna University, Chennai",Approved,Approved,B,No,,Tier 3,http://www.selvam.ac.in,info@selvam.ac.in,admissions@selvam.ac.in,placement@selvam.ac.in,+91-80-862-7218,Electrical & Electronics Engineering (EEE),B.Tech,60,534,2022,Urban,Yes,Yes
1-44642891696,1-44642891696,U-0682,SELVAM COLLEGE OF TECHNOLOGY,Active,Tamil Nadu,Namakkal,Namakkal,"SELVAM COLLEGE OF TECHNOLOGY, PONNUSAMY NAGAR, PAPPINAICKENPATTI, SALEM ROAD - NH-7, NAMAKKAL",600200,11.127669,78.639777,Private-Self Financing,"Anna University, Chennai",Approved,Approved,B,No,,Tier 3,http://www.selvam.ac.in,info@selvam.ac.in,admissions@selvam.ac.in,placement@selvam.ac.in,+91-80-862-7218,Mechanical Engineering,B.Tech,60,534,2022,Urban,Yes,Yes
1-44642891696,1-44642891696,U-0682,SELVAM COLLEGE OF TECHNOLOGY,Active,Tamil Nadu,Namakkal,Namakkal,"SELVAM COLLEGE OF TECHNOLOGY, PONNUSAMY NAGAR, PAPPINAICKENPATTI, SALEM ROAD - NH-7, NAMAKKAL",600200,11.127669,78.639777,Private-Self Financing,"Anna University, Chennai",Approved,Approved,B,No,,Tier 3,http://www.selvam.ac.in,info@selvam.ac.in,admissions@selvam.ac.in,placement@selvam.ac.in,+91-80-862-7218,Computer Science Engineering (CSE),M.Tech,18,534,2022,Urban,Yes,Yes
1-44642891696,1-44642891696,U-0682,SELVAM COLLEGE OF TECHNOLOGY,Active,Tamil Nadu,Namakkal,Namakkal,"SELVAM COLLEGE OF TECHNOLOGY, PONNUSAMY NAGAR, PAPPINAICKENPATTI, SALEM ROAD - NH-7, NAMAKKAL",600200,11.127669,78.639777,Private-Self Financing,"Anna University, Chennai",Approved,Approved,B,No,,Tier 3,http://www.selvam.ac.in,info@selvam.ac.in,admissions@selvam.ac.in,placement@selvam.ac.in,+91-80-862-7218,Civil Engineering,B.Tech,30,534,2022,Urban,Yes,Yes
1-44642891696,1-44642891696,U-0682,SELVAM COLLEGE OF TECHNOLOGY,Active,Tamil Nadu,Namakkal,Namakkal,"SELVAM COLLEGE OF TECHNOLOGY, PONNUSAMY NAGAR, PAPPINAICKENPATTI, SALEM ROAD - NH-7, NAMAKKAL",600200,11.127669,78.639777,Private-Self Financing,"Anna University, Chennai",Approved,Approved,B,No,,Tier 3,http://www.selvam.ac.in,info@selvam.ac.in,admissions@selvam.ac.in,placement@selvam.ac.in,+91-80-862-7218,Biotechnology,B.Tech,60,534,2022,Urban,Yes,Yes
1-44642891696,1-44642891696,U-0682,SELVAM COLLEGE OF TECHNOLOGY,Active,Tamil Nadu,Namakkal,Namakkal,"SELVAM COLLEGE OF TECHNOLOGY, PONNUSAMY NAGAR, PAPPINAICKENPATTI, SALEM ROAD - NH-7, NAMAKKAL",600200,11.127669,78.639777,Private-Self Financing,"Anna University, Chennai",Approved,Approved,B,No,,Tier 3,http://www.selvam.ac.in,info@selvam.ac.in,admissions@selvam.ac.in,placement@selvam.ac.in,+91-80-862-7218,Information Technology (IT),B.Tech,60,534,2022,Urban,Yes,Yes
1-44642891696,1-44642891696,U-0682,SELVAM COLLEGE OF TECHNOLOGY,Active,Tamil Nadu,Namakkal,Namakkal,"SELVAM COLLEGE OF TECHNOLOGY, PONNUSAMY NAGAR, PAPPINAICKENPATTI, SALEM ROAD - NH-7, NAMAKKAL",600200,11.127669,78.639777,Private-Self Financing,"Anna University, Chennai",Approved,Approved,B,No,,Tier 3,http://www.selvam.ac.in,info@selvam.ac.in,admissions@selvam.ac.in,placement@selvam.ac.in,+91-80-862-7218,Other Engineering Branches,B.Tech,60,534,2022,Urban,Yes,Yes
1-44642891696,1-44642891696,U-0682,SELVAM COLLEGE OF TECHNOLOGY,Active,Tamil Nadu,Namakkal,Namakkal,"SELVAM COLLEGE OF TECHNOLOGY, PONNUSAMY NAGAR, PAPPINAICKENPATTI, SALEM ROAD - NH-7, NAMAKKAL",600200,11.127669,78.639777,Private-Self Financing,"Anna University, Chennai",Approved,Approved,B,No,,Tier 3,http://www.selvam.ac.in,info@selvam.ac.in,admissions@selvam.ac.in,placement@selvam.ac.in,+91-80-862-7218,Data Science,B.Tech,30,534,2022,Urban,Yes,Yes
1-44642415114,1-44642415114,U-0682,CMS COLLEGE OF ENGINEERING,Active,Tamil Nadu,Namakkal,Namakkal,"CMS NAGAR, ERANAPURAM POST,",600200,11.130346,78.645949,Private-Self Financing,"Anna University, Chennai",Approved,Approved,B+,No,,Tier 3,http://www.cms.ac.in,info@cms.ac.in,admissions@cms.ac.in,placement@cms.ac.in,+91-80-975-0073,Computer Science Engineering (CSE),B.Tech,120,450,1995,Rural,Yes,Yes
1-44642415114,1-44642415114,U-0682,CMS COLLEGE OF ENGINEERING,Active,Tamil Nadu,Namakkal,Namakkal,"CMS NAGAR, ERANAPURAM POST,",600200,11.130346,78.645949,Private-Self Financing,"Anna University, Chennai",Approved,Approved,B+,No,,Tier 3,http://www.cms.ac.in,info@cms.ac.in,admissions@cms.ac.in,placement@cms.ac.in,+91-80-975-0073,Electrical & Electronics Engineering (EEE),B.Tech,30,450,1995,Rural,Yes,Yes
1-44642415114,1-44642415114,U-0682,CMS COLLEGE OF ENGINEERING,Active,Tamil Nadu,Namakkal,Namakkal,"CMS NAGAR, ERANAPURAM POST,",600200,11.130346,78.645949,Private-Self Financing,"Anna University, Chennai",Approved,Approved,B+,No,,Tier 3,http://www.cms.ac.in,info@cms.ac.in,admissions@cms.ac.in,placement@cms.ac.in,+91-80-975-0073,Electronics & Communication Engineering (ECE),B.Tech,30,450,1995,Rural,Yes,Yes
1-44642415114,1-44642415114,U-0682,CMS COLLEGE OF ENGINEERING,Active,Tamil Nadu,Namakkal,Namakkal,"CMS NAGAR, ERANAPURAM POST,",600200,11.130346,78.645949,Private-Self Financing,"Anna University, Chennai",Approved,Approved,B+,No,,Tier 3,http://www.cms.ac.in,info@cms.ac.in,admissions@cms.ac.in,placement@cms.ac.in,+91-80-975-0073,Mechanical Engineering,B.Tech,30,450,1995,Rural,Yes,Yes
1-44642415114,1-44642415114,U-0682,CMS COLLEGE OF ENGINEERING,Active,Tamil Nadu,Namakkal,Namakkal,"CMS NAGAR, ERANAPURAM POST,",600200,11.130346,78.645949,Private-Self Financing,"Anna University, Chennai",Approved,Approved,B+,No,,Tier 3,http://www.cms.ac.in,info@cms.ac.in,admissions@cms.ac.in,placement@cms.ac.in,+91-80-975-0073,Other Engineering Branches,B.Tech,60,450,1995,Rural,Yes,Yes
1-44642415114,1-44642415114,U-0682,CMS COLLEGE OF ENGINEERING,Active,Tamil Nadu,Namakkal,Namakkal,"CMS NAGAR, ERANAPURAM POST,",600200,11.130346,78.645949,Private-Self Financing,"Anna University, Chennai",Approved,Approved,B+,No,,Tier 3,http://www.cms.ac.in,info@cms.ac.in,admissions@cms.ac.in,placement@cms.ac.in,+91-80-975-0073,Data Science,B.Tech,120,450,1995,Rural,Yes,Yes
1-44642415114,1-44642415114,U-0682,CMS COLLEGE OF ENGINEERING,Active,Tamil Nadu,Namakkal,Namakkal,"CMS NAGAR, ERANAPURAM POST,",600200,11.130346,78.645949,Private-Self Financing,"Anna University, Chennai",Approved,Approved,B+,No,,Tier 3,http://www.cms.ac.in,info@cms.ac.in,admissions@cms.ac.in,placement@cms.ac.in,+91-80-975-0073,Cyber Security,B.Tech,60,450,1995,Rural,Yes,Yes
1-44642735673,1-44642735673,U-0682,MAHENDRA ENGINEERING COLLEGE FOR WOMEN,Active,Tamil Nadu,Namakkal,Namakkal,"KOMARAMANAGALAM POST, TIRUCHENGODE TALUK, NAMAKKAL DT",600200,11.136978,78.668307,Private-Self Financing,"Anna University, Chennai",Approved,Approved,Not Accredited,No,,Tier 3,http://www.mahendrawomen.ac.in,info@mahendrawomen.ac.in,admissions@mahendrawomen.ac.in,placement@mahendrawomen.ac.in,+91-80-253-1913,Computer Science Engineering (CSE),B.Tech,180,429,1986,Urban,Yes,Yes
1-44642735673,1-44642735673,U-0682,MAHENDRA ENGINEERING COLLEGE FOR WOMEN,Active,Tamil Nadu,Namakkal,Namakkal,"KOMARAMANAGALAM POST, TIRUCHENGODE TALUK, NAMAKKAL DT",600200,11.136978,78.668307,Private-Self Financing,"Anna University, Chennai",Approved,Approved,Not Accredited,No,,Tier 3,http://www.mahendrawomen.ac.in,info@mahendrawomen.ac.in,admissions@mahendrawomen.ac.in,placement@mahendrawomen.ac.in,+91-80-253-1913,Electronics & Communication Engineering (ECE),B.Tech,60,429,1986,Urban,Yes,Yes
1-44642735673,1-44642735673,U-0682,MAHENDRA ENGINEERING COLLEGE FOR WOMEN,Active,Tamil Nadu,Namakkal,Namakkal,"KOMARAMANAGALAM POST, TIRUCHENGODE TALUK, NAMAKKAL DT",600200,11.136978,78.668307,Private-Self Financing,"Anna University, Chennai",Approved,Approved,Not Accredited,No,,Tier 3,http://www.mahendrawomen.ac.in,info@mahendrawomen.ac.in,admissions@mahendrawomen.ac.in,placement@mahendrawomen.ac.in,+91-80-253-1913,Electrical & Electronics Engineering (EEE),B.Tech,60,429,1986,Urban,Yes,Yes
1-44642735673,1-44642735673,U-0682,MAHENDRA ENGINEERING COLLEGE FOR WOMEN,Active,Tamil Nadu,Namakkal,Namakkal,"KOMARAMANAGALAM POST, TIRUCHENGODE TALUK, NAMAKKAL DT",600200,11.136978,78.668307,Private-Self Financing,"Anna University, Chennai",Approved,Approved,Not Accredited,No,,Tier 3,http://www.mahendrawomen.ac.in,info@mahendrawomen.ac.in,admissions@mahendrawomen.ac.in,placement@mahendrawomen.ac.in,+91-80-253-1913,Information Technology (IT),B.Tech,120,429,1986,Urban,Yes,Yes
1-44642735673,1-44642735673,U-0682,MAHENDRA ENGINEERING COLLEGE FOR WOMEN,Active,Tamil Nadu,Namakkal,Namakkal,"KOMARAMANAGALAM POST, TIRUCHENGODE TALUK, NAMAKKAL DT",600200,11.136978,78.668307,Private-Self Financing,"Anna University, Chennai",Approved,Approved,Not Accredited,No,,Tier 3,http://www.mahendrawomen.ac.in,info@mahendrawomen.ac.in,admissions@mahendrawomen.ac.in,placement@mahendrawomen.ac.in,+91-80-253-1913,Computer Science Engineering (CSE),M.Tech,9,429,1986,Urban,Yes,Yes
1-44642430153,1-44642430153,U-0682,EXCEL ENGINEERING COLLEGE,Active,Tamil Nadu,Namakkal,Namakkal,"NH 47-SALEM  MAIN ROAD SANKARI WEST POST, TIRUCHENGODE TALUK, PALLLAKAPALAYAM - 637303 NAMAKKAL DISTRICT TAMILNADU",637303,11.134387,78.667708,Private-Self Financing,"Anna University, Chennai",Approved,Approved,A,No,,Tier 3,http://www.excel.ac.in,info@excel.ac.in,admissions@excel.ac.in,placement@excel.ac.in,+91-80-144-4933,Other Engineering Branches,M.Tech,156,1926,2022,Urban,Yes,Yes
1-44642430153,1-44642430153,U-0682,EXCEL ENGINEERING COLLEGE,Active,Tamil Nadu,Namakkal,Namakkal,"NH 47-SALEM  MAIN ROAD SANKARI WEST POST, TIRUCHENGODE TALUK, PALLLAKAPALAYAM - 637303 NAMAKKAL DISTRICT TAMILNADU",637303,11.134387,78.667708,Private-Self Financing,"Anna University, Chennai",Approved,Approved,A,No,,Tier 3,http://www.excel.ac.in,info@excel.ac.in,admissions@excel.ac.in,placement@excel.ac.in,+91-80-144-4933,Aeronautical Engineering,B.Tech,60,1926,2022,Urban,Yes,Yes
1-44642430153,1-44642430153,U-0682,EXCEL ENGINEERING COLLEGE,Active,Tamil Nadu,Namakkal,Namakkal,"NH 47-SALEM  MAIN ROAD SANKARI WEST POST, TIRUCHENGODE TALUK, PALLLAKAPALAYAM - 637303 NAMAKKAL DISTRICT TAMILNADU",637303,11.134387,78.667708,Private-Self Financing,"Anna University, Chennai",Approved,Approved,A,No,,Tier 3,http://www.excel.ac.in,info@excel.ac.in,admissions@excel.ac.in,placement@excel.ac.in,+91-80-144-4933,Computer Science Engineering (CSE),B.Tech,360,1926,2022,Urban,Yes,Yes
1-44642430153,1-44642430153,U-0682,EXCEL ENGINEERING COLLEGE,Active,Tamil Nadu,Namakkal,Namakkal,"NH 47-SALEM  MAIN ROAD SANKARI WEST POST, TIRUCHENGODE TALUK, PALLLAKAPALAYAM - 637303 NAMAKKAL DISTRICT TAMILNADU",637303,11.134387,78.667708,Private-Self Financing,"Anna University, Chennai",Approved,Approved,A,No,,Tier 3,http://www.excel.ac.in,info@excel.ac.in,admissions@excel.ac.in,placement@excel.ac.in,+91-80-144-4933,Electronics & Communication Engineering (ECE),B.Tech,240,1926,2022,Urban,Yes,Yes
1-44642430153,1-44642430153,U-0682,EXCEL ENGINEERING COLLEGE,Active,Tamil Nadu,Namakkal,Namakkal,"NH 47-SALEM  MAIN ROAD SANKARI WEST POST, TIRUCHENGODE TALUK, PALLLAKAPALAYAM - 637303 NAMAKKAL DISTRICT TAMILNADU",637303,11.134387,78.667708,Private-Self Financing,"Anna University, Chennai",Approved,Approved,A,No,,Tier 3,http://www.excel.ac.in,info@excel.ac.in,admissions@excel.ac.in,placement@excel.ac.in,+91-80-144-4933,Information Technology (IT),B.Tech,240,1926,2022,Urban,Yes,Yes
1-44642430153,1-44642430153,U-0682,EXCEL ENGINEERING COLLEGE,Active,Tamil Nadu,Namakkal,Namakkal,"NH 47-SALEM  MAIN ROAD SANKARI WEST POST, TIRUCHENGODE TALUK, PALLLAKAPALAYAM - 637303 NAMAKKAL DISTRICT TAMILNADU",637303,11.134387,78.667708,Private-Self Financing,"Anna University, Chennai",Approved,Approved,A,No,,Tier 3,http://www.excel.ac.in,info@excel.ac.in,admissions@excel.ac.in,placement@excel.ac.in,+91-80-144-4933,Mechanical Engineering,B.Tech,60,1926,2022,Urban,Yes,Yes
1-44642430153,1-44642430153,U-0682,EXCEL ENGINEERING COLLEGE,Active,Tamil Nadu,Namakkal,Namakkal,"NH 47-SALEM  MAIN ROAD SANKARI WEST POST, TIRUCHENGODE TALUK, PALLLAKAPALAYAM - 637303 NAMAKKAL DISTRICT TAMILNADU",637303,11.134387,78.667708,Private-Self Financing,"Anna University, Chennai",Approved,Approved,A,No,,Tier 3,http://www.excel.ac.in,info@excel.ac.in,admissions@excel.ac.in,placement@excel.ac.in,+91-80-144-4933,Civil Engineering,B.Tech,60,1926,2022,Urban,Yes,Yes
1-44642430153,1-44642430153,U-0682,EXCEL ENGINEERING COLLEGE,Active,Tamil Nadu,Namakkal,Namakkal,"NH 47-SALEM  MAIN ROAD SANKARI WEST POST, TIRUCHENGODE TALUK, PALLLAKAPALAYAM - 637303 NAMAKKAL DISTRICT TAMILNADU",637303,11.134387,78.667708,Private-Self Financing,"Anna University, Chennai",Approved,Approved,A,No,,Tier 3,http://www.excel.ac.in,info@excel.ac.in,admissions@excel.ac.in,placement@excel.ac.in,+91-80-144-4933,Aeronautical Engineering,M.Tech,12,1926,2022,Urban,Yes,Yes
1-44642430153,1-44642430153,U-0682,EXCEL ENGINEERING COLLEGE,Active,Tamil Nadu,Namakkal,Namakkal,"NH 47-SALEM  MAIN ROAD SANKARI WEST POST, TIRUCHENGODE TALUK, PALLLAKAPALAYAM - 637303 NAMAKKAL DISTRICT TAMILNADU",637303,11.134387,78.667708,Private-Self Financing,"Anna University, Chennai",Approved,Approved,A,No,,Tier 3,http://www.excel.ac.in,info@excel.ac.in,admissions@excel.ac.in,placement@excel.ac.in,+91-80-144-4933,Computer Science Engineering (CSE),M.Tech,18,1926,2022,Urban,Yes,Yes
1-44642430153,1-44642430153,U-0682,EXCEL ENGINEERING COLLEGE,Active,Tamil Nadu,Namakkal,Namakkal,"NH 47-SALEM  MAIN ROAD SANKARI WEST POST, TIRUCHENGODE TALUK, PALLLAKAPALAYAM - 637303 NAMAKKAL DISTRICT TAMILNADU",637303,11.134387,78.667708,Private-Self Financing,"Anna University, Chennai",Approved,Approved,A,No,,Tier 3,http://www.excel.ac.in,info@excel.ac.in,admissions@excel.ac.in,placement@excel.ac.in,+91-80-144-4933,Agricultural Engineering,B.Tech,60,1926,2022,Urban,Yes,Yes
1-44642430153,1-44642430153,U-0682,EXCEL ENGINEERING COLLEGE,Active,Tamil Nadu,Namakkal,Namakkal,"NH 47-SALEM  MAIN ROAD SANKARI WEST POST, TIRUCHENGODE TALUK, PALLLAKAPALAYAM - 637303 NAMAKKAL DISTRICT TAMILNADU",637303,11.134387,78.667708,Private-Self Financing,"Anna University, Chennai",Approved,Approved,A,No,,Tier 3,http://www.excel.ac.in,info@excel.ac.in,admissions@excel.ac.in,placement@excel.ac.in,+91-80-144-4933,Other Engineering Branches,B.Tech,240,1926,2022,Urban,Yes,Yes
1-44642430153,1-44642430153,U-0682,EXCEL ENGINEERING COLLEGE,Active,Tamil Nadu,Namakkal,Namakkal,"NH 47-SALEM  MAIN ROAD SANKARI WEST POST, TIRUCHENGODE TALUK, PALLLAKAPALAYAM - 637303 NAMAKKAL DISTRICT TAMILNADU",637303,11.134387,78.667708,Private-Self Financing,"Anna University, Chennai",Approved,Approved,A,No,,Tier 3,http://www.excel.ac.in,info@excel.ac.in,admissions@excel.ac.in,placement@excel.ac.in,+91-80-144-4933,Data Science,B.Tech,180,1926,2022,Urban,Yes,Yes
1-44642430153,1-44642430153,U-0682,EXCEL ENGINEERING COLLEGE,Active,Tamil Nadu,Namakkal,Namakkal,"NH 47-SALEM  MAIN ROAD SANKARI WEST POST, TIRUCHENGODE TALUK, PALLLAKAPALAYAM - 637303 NAMAKKAL DISTRICT TAMILNADU",637303,11.134387,78.667708,Private-Self Financing,"Anna University, Chennai",Approved,Approved,A,No,,Tier 3,http://www.excel.ac.in,info@excel.ac.in,admissions@excel.ac.in,placement@excel.ac.in,+91-80-144-4933,Electrical & Electronics Engineering (EEE),B.Tech,120,1926,2022,Urban,Yes,Yes
1-44642430153,1-44642430153,U-0682,EXCEL ENGINEERING COLLEGE,Active,Tamil Nadu,Namakkal,Namakkal,"NH 47-SALEM  MAIN ROAD SANKARI WEST POST, TIRUCHENGODE TALUK, PALLLAKAPALAYAM - 637303 NAMAKKAL DISTRICT TAMILNADU",637303,11.134387,78.667708,Private-Self Financing,"Anna University, Chennai",Approved,Approved,A,No,,Tier 3,http://www.excel.ac.in,info@excel.ac.in,admissions@excel.ac.in,placement@excel.ac.in,+91-80-144-4933,Chemical Engineering,B.Tech,60,1926,2022,Urban,Yes,Yes
1-44642430153,1-44642430153,U-0682,EXCEL ENGINEERING COLLEGE,Active,Tamil Nadu,Namakkal,Namakkal,"NH 47-SALEM  MAIN ROAD SANKARI WEST POST, TIRUCHENGODE TALUK, PALLLAKAPALAYAM - 637303 NAMAKKAL DISTRICT TAMILNADU",637303,11.134387,78.667708,Private-Self Financing,"Anna University, Chennai",Approved,Approved,A,No,,Tier 3,http://www.excel.ac.in,info@excel.ac.in,admissions@excel.ac.in,placement@excel.ac.in,+91-80-144-4933,Artificial Intelligence & Machine Learning (AI & ML),B.Tech,60,1926,2022,Urban,Yes,Yes
1-44642661291,1-44642661291,U-0682,MAHENDRA ENGINEERING COLLEGE,Active,Tamil Nadu,Namakkal,Namakkal,"MAHENDHIRAPURI, MALLASAMUDRAM WEST, VADUGAPALAYAM POST, TRICHENGODU TK., NAMAKKAL DIST.",600200,11.125071,78.675639,Private-Self Financing,"Anna University, Chennai",Approved,Approved,Not Accredited,No,,Tier 3,http://www.mahendra.ac.in,info@mahendra.ac.in,admissions@mahendra.ac.in,placement@mahendra.ac.in,+91-80-753-7911,Agricultural Engineering,B.Tech,60,1339,2014,Urban,Yes,Yes
1-44642661291,1-44642661291,U-0682,MAHENDRA ENGINEERING COLLEGE,Active,Tamil Nadu,Namakkal,Namakkal,"MAHENDHIRAPURI, MALLASAMUDRAM WEST, VADUGAPALAYAM POST, TRICHENGODU TK., NAMAKKAL DIST.",600200,11.125071,78.675639,Private-Self Financing,"Anna University, Chennai",Approved,Approved,Not Accredited,No,,Tier 3,http://www.mahendra.ac.in,info@mahendra.ac.in,admissions@mahendra.ac.in,placement@mahendra.ac.in,+91-80-753-7911,Other Engineering Branches,M.Tech,121,1339,2014,Urban,Yes,Yes
1-44642661291,1-44642661291,U-0682,MAHENDRA ENGINEERING COLLEGE,Active,Tamil Nadu,Namakkal,Namakkal,"MAHENDHIRAPURI, MALLASAMUDRAM WEST, VADUGAPALAYAM POST, TRICHENGODU TK., NAMAKKAL DIST.",600200,11.125071,78.675639,Private-Self Financing,"Anna University, Chennai",Approved,Approved,Not Accredited,No,,Tier 3,http://www.mahendra.ac.in,info@mahendra.ac.in,admissions@mahendra.ac.in,placement@mahendra.ac.in,+91-80-753-7911,Aeronautical Engineering,B.Tech,60,1339,2014,Urban,Yes,Yes
1-44642661291,1-44642661291,U-0682,MAHENDRA ENGINEERING COLLEGE,Active,Tamil Nadu,Namakkal,Namakkal,"MAHENDHIRAPURI, MALLASAMUDRAM WEST, VADUGAPALAYAM POST, TRICHENGODU TK., NAMAKKAL DIST.",600200,11.125071,78.675639,Private-Self Financing,"Anna University, Chennai",Approved,Approved,Not Accredited,No,,Tier 3,http://www.mahendra.ac.in,info@mahendra.ac.in,admissions@mahendra.ac.in,placement@mahendra.ac.in,+91-80-753-7911,Computer Science Engineering (CSE),M.Tech,18,1339,2014,Urban,Yes,Yes
1-44642661291,1-44642661291,U-0682,MAHENDRA ENGINEERING COLLEGE,Active,Tamil Nadu,Namakkal,Namakkal,"MAHENDHIRAPURI, MALLASAMUDRAM WEST, VADUGAPALAYAM POST, TRICHENGODU TK., NAMAKKAL DIST.",600200,11.125071,78.675639,Private-Self Financing,"Anna University, Chennai",Approved,Approved,Not Accredited,No,,Tier 3,http://www.mahendra.ac.in,info@mahendra.ac.in,admissions@mahendra.ac.in,placement@mahendra.ac.in,+91-80-753-7911,Mechanical Engineering,B.Tech,120,1339,2014,Urban,Yes,Yes
1-44642661291,1-44642661291,U-0682,MAHENDRA ENGINEERING COLLEGE,Active,Tamil Nadu,Namakkal,Namakkal,"MAHENDHIRAPURI, MALLASAMUDRAM WEST, VADUGAPALAYAM POST, TRICHENGODU TK., NAMAKKAL DIST.",600200,11.125071,78.675639,Private-Self Financing,"Anna University, Chennai",Approved,Approved,Not Accredited,No,,Tier 3,http://www.mahendra.ac.in,info@mahendra.ac.in,admissions@mahendra.ac.in,placement@mahendra.ac.in,+91-80-753-7911,Computer Science Engineering (CSE),B.Tech,180,1339,2014,Urban,Yes,Yes
1-44642661291,1-44642661291,U-0682,MAHENDRA ENGINEERING COLLEGE,Active,Tamil Nadu,Namakkal,Namakkal,"MAHENDHIRAPURI, MALLASAMUDRAM WEST, VADUGAPALAYAM POST, TRICHENGODU TK., NAMAKKAL DIST.",600200,11.125071,78.675639,Private-Self Financing,"Anna University, Chennai",Approved,Approved,Not Accredited,No,,Tier 3,http://www.mahendra.ac.in,info@mahendra.ac.in,admissions@mahendra.ac.in,placement@mahendra.ac.in,+91-80-753-7911,Electronics & Communication Engineering (ECE),B.Tech,180,1339,2014,Urban,Yes,Yes
1-44642661291,1-44642661291,U-0682,MAHENDRA ENGINEERING COLLEGE,Active,Tamil Nadu,Namakkal,Namakkal,"MAHENDHIRAPURI, MALLASAMUDRAM WEST, VADUGAPALAYAM POST, TRICHENGODU TK., NAMAKKAL DIST.",600200,11.125071,78.675639,Private-Self Financing,"Anna University, Chennai",Approved,Approved,Not Accredited,No,,Tier 3,http://www.mahendra.ac.in,info@mahendra.ac.in,admissions@mahendra.ac.in,placement@mahendra.ac.in,+91-80-753-7911,Electrical & Electronics Engineering (EEE),B.Tech,120,1339,2014,Urban,Yes,Yes
1-44642661291,1-44642661291,U-0682,MAHENDRA ENGINEERING COLLEGE,Active,Tamil Nadu,Namakkal,Namakkal,"MAHENDHIRAPURI, MALLASAMUDRAM WEST, VADUGAPALAYAM POST, TRICHENGODU TK., NAMAKKAL DIST.",600200,11.125071,78.675639,Private-Self Financing,"Anna University, Chennai",Approved,Approved,Not Accredited,No,,Tier 3,http://www.mahendra.ac.in,info@mahendra.ac.in,admissions@mahendra.ac.in,placement@mahendra.ac.in,+91-80-753-7911,Information Technology (IT),B.Tech,240,1339,2014,Urban,Yes,Yes
1-44642661291,1-44642661291,U-0682,MAHENDRA ENGINEERING COLLEGE,Active,Tamil Nadu,Namakkal,Namakkal,"MAHENDHIRAPURI, MALLASAMUDRAM WEST, VADUGAPALAYAM POST, TRICHENGODU TK., NAMAKKAL DIST.",600200,11.125071,78.675639,Private-Self Financing,"Anna University, Chennai",Approved,Approved,Not Accredited,No,,Tier 3,http://www.mahendra.ac.in,info@mahendra.ac.in,admissions@mahendra.ac.in,placement@mahendra.ac.in,+91-80-753-7911,Civil Engineering,B.Tech,60,1339,2014,Urban,Yes,Yes
1-44642661291,1-44642661291,U-0682,MAHENDRA ENGINEERING COLLEGE,Active,Tamil Nadu,Namakkal,Namakkal,"MAHENDHIRAPURI, MALLASAMUDRAM WEST, VADUGAPALAYAM POST, TRICHENGODU TK., NAMAKKAL DIST.",600200,11.125071,78.675639,Private-Self Financing,"Anna University, Chennai",Approved,Approved,Not Accredited,No,,Tier 3,http://www.mahendra.ac.in,info@mahendra.ac.in,admissions@mahendra.ac.in,placement@mahendra.ac.in,+91-80-753-7911,Data Science,B.Tech,180,1339,2014,Urban,Yes,Yes
