College ID,AICTE Institute ID,UGC University ID,College Name,College Status,State,District,City,Full Address,Pincode,Latitude,Longitude,College Type,Affiliated University,AICTE Approval Status,UGC Approval Status,NAAC Grade,NBA Accreditation,NIRF Ranking,Tier Classification,Official Website,Official College Email,Admission Email,Placement Cell Email,Contact Phone Number,Engineering Branch Name,Degree Type,Branch Intake Capacity,Total Intake Capacity,Establishment Year,Campus Type,Hostel Available,Placement Available
1-44638334115,1-44638334115,U-0992,D Y PATIL DEEMED TO BE UNIVERSITY DEPARTMENT OF  BIOTECHNOLOGY AND BIOINFORMATICS NAVI MUMBAI,Active,Maharashtra,Thane,Thane,"SECTOR 15, PLOT 50, CBD BELAPUR,",400136,19.233445,72.980536,Deemed to be University(Pvt),NOT APPLICABLE,Approved,Approved,B+,No,,Tier 3,http://www.dypatil.ac.in,info@dypatil.ac.in,admissions@dypatil.ac.in,placement@dypatil.ac.in,+91-80-474-0879,Biotechnology,B.Tech,120,210,2009,Rural,Yes,Yes
1-44638334115,1-44638334115,U-0992,D Y PATIL DEEMED TO BE UNIVERSITY DEPARTMENT OF  BIOTECHNOLOGY AND BIOINFORMATICS NAVI MUMBAI,Active,Maharashtra,Thane,Thane,"SECTOR 15, PLOT 50, CBD BELAPUR,",400136,19.233445,72.980536,Deemed to be University(Pvt),NOT APPLICABLE,Approved,Approved,B+,No,,Tier 3,http://www.dypatil.ac.in,info@dypatil.ac.in,admissions@dypatil.ac.in,placement@dypatil.ac.in,+91-80-474-0879,Data Science,B.Tech,30,210,2009,Rural,Yes,Yes
1-44638334115,1-44638334115,U-0992,D Y PATIL DEEMED TO BE UNIVERSITY DEPARTMENT OF  BIOTECHNOLOGY AND BIOINFORMATICS NAVI MUMBAI,Active,Maharashtra,Thane,Thane,"SECTOR 15, PLOT 50, CBD BELAPUR,",400136,19.233445,72.980536,Deemed to be University(Pvt),NOT APPLICABLE,Approved,Approved,B+,No,,Tier 3,http://www.dypatil.ac.in,info@dypatil.ac.in,admissions@dypatil.ac.in,placement@dypatil.ac.in,+91-80-474-0879,Other Engineering Branches,B.Tech,60,210,2009,Rural,Yes,Yes
1-44638162111,1-44638162111,U-0847,BHARAT COLLEGE OF ENGINEERING,Active,Maharashtra,Thane,Thane,"KANHOR, BADLAPUR (WEST)",400136,19.229419,72.989888,Private-Self Financing,"Mumbai University, Mumbai",Approved,Approved,A,No,,Tier 3,http://www.bharat.ac.in,info@bharat.ac.in,admissions@bharat.ac.in,placement@bharat.ac.in,+91-80-305-2107,Computer Science Engineering (CSE),B.Tech,120,360,1984,Urban,Yes,Yes
1-44638162111,1-44638162111,U-0847,BHARAT COLLEGE OF ENGINEERING,Active,Maharashtra,Thane,Thane,"KANHOR, BADLAPUR (WEST)",400136,19.229419,72.989888,Private-Self Financing,"Mumbai University, Mumbai",Approved,Approved,A,No,,Tier 3,http://www.bharat.ac.in,info@bharat.ac.in,admissions@bharat.ac.in,placement@bharat.ac.in,+91-80-305-2107,Mechanical Engineering,B.Tech,60,360,1984,Urban,Yes,Yes
1-44638162111,1-44638162111,U-0847,BHARAT COLLEGE OF ENGINEERING,Active,Maharashtra,Thane,Thane,"KANHOR, BADLAPUR (WEST)",400136,19.229419,72.989888,Private-Self Financing,"Mumbai University, Mumbai",Approved,Approved,A,No,,Tier 3,http://www.bharat.ac.in,info@bharat.ac.in,admissions@bharat.ac.in,placement@bharat.ac.in,+91-80-305-2107,Civil Engineering,B.Tech,60,360,1984,Urban,Yes,Yes
1-44638162111,1-44638162111,U-0847,BHARAT COLLEGE OF ENGINEERING,Active,Maharashtra,Thane,Thane,"KANHOR, BADLAPUR (WEST)",400136,19.229419,72.989888,Private-Self Financing,"Mumbai University, Mumbai",Approved,Approved,A,No,,Tier 3,http://www.bharat.ac.in,info@bharat.ac.in,admissions@bharat.ac.in,placement@bharat.ac.in,+91-80-305-2107,Artificial Intelligence & Machine Learning (AI & ML),B.Tech,60,360,1984,Urban,Yes,Yes
1-44638162111,1-44638162111,U-0847,BHARAT COLLEGE OF ENGINEERING,Active,Maharashtra,Thane,Thane,"KANHOR, BADLAPUR (WEST)",400136,19.229419,72.989888,Private-Self Financing,"Mumbai University, Mumbai",Approved,Approved,A,No,,Tier 3,http://www.bharat.ac.in,info@bharat.ac.in,admissions@bharat.ac.in,placement@bharat.ac.in,+91-80-305-2107,Data Science,B.Tech,60,360,1984,Urban,Yes,Yes
1-44639426391,1-44639426391,U-0847,VIDYA PRASARAK MANDAL'S COLLEGE OF ENGINEERING,Active,Maharashtra,Thane,Thane,"'JANADWEEPA,' COLLEGE CAMPUS CHENDANI BUNDER ROAD, THANE (W) 400601",400601,19.226683,72.965511,Private-Self Financing,"Mumbai University, Mumbai",Approved,Approved,Not Accredited,No,,Tier 3,http://www.vidyaprasarakmandals.ac.in,info@vidyaprasarakmandals.ac.in,admissions@vidyaprasarakmandals.ac.in,placement@vidyaprasarakmandals.ac.in,+91-80-190-4559,Electrical Engineering,B.Tech,60,300,2005,Urban,Yes,Yes
1-44639426391,1-44639426391,U-0847,VIDYA PRASARAK MANDAL'S COLLEGE OF ENGINEERING,Active,Maharashtra,Thane,Thane,"'JANADWEEPA,' COLLEGE CAMPUS CHENDANI BUNDER ROAD, THANE (W) 400601",400601,19.226683,72.965511,Private-Self Financing,"Mumbai University, Mumbai",Approved,Approved,Not Accredited,No,,Tier 3,http://www.vidyaprasarakmandals.ac.in,info@vidyaprasarakmandals.ac.in,admissions@vidyaprasarakmandals.ac.in,placement@vidyaprasarakmandals.ac.in,+91-80-190-4559,Electronics & Communication Engineering (ECE),B.Tech,60,300,2005,Urban,Yes,Yes
1-44639426391,1-44639426391,U-0847,VIDYA PRASARAK MANDAL'S COLLEGE OF ENGINEERING,Active,Maharashtra,Thane,Thane,"'JANADWEEPA,' COLLEGE CAMPUS CHENDANI BUNDER ROAD, THANE (W) 400601",400601,19.226683,72.965511,Private-Self Financing,"Mumbai University, Mumbai",Approved,Approved,Not Accredited,No,,Tier 3,http://www.vidyaprasarakmandals.ac.in,info@vidyaprasarakmandals.ac.in,admissions@vidyaprasarakmandals.ac.in,placement@vidyaprasarakmandals.ac.in,+91-80-190-4559,Robotics,B.Tech,60,300,2005,Urban,Yes,Yes
1-44639426391,1-44639426391,U-0847,VIDYA PRASARAK MANDAL'S COLLEGE OF ENGINEERING,Active,Maharashtra,Thane,Thane,"'JANADWEEPA,' COLLEGE CAMPUS CHENDANI BUNDER ROAD, THANE (W) 400601",400601,19.226683,72.965511,Private-Self Financing,"Mumbai University, Mumbai",Approved,Approved,Not Accredited,No,,Tier 3,http://www.vidyaprasarakmandals.ac.in,info@vidyaprasarakmandals.ac.in,admissions@vidyaprasarakmandals.ac.in,placement@vidyaprasarakmandals.ac.in,+91-80-190-4559,Computer Science Engineering (CSE),B.Tech,60,300,2005,Urban,Yes,Yes
1-44639426391,1-44639426391,U-0847,VIDYA PRASARAK MANDAL'S COLLEGE OF ENGINEERING,Active,Maharashtra,Thane,Thane,"'JANADWEEPA,' COLLEGE CAMPUS CHENDANI BUNDER ROAD, THANE (W) 400601",400601,19.226683,72.965511,Private-Self Financing,"Mumbai University, Mumbai",Approved,Approved,Not Accredited,No,,Tier 3,http://www.vidyaprasarakmandals.ac.in,info@vidyaprasarakmandals.ac.in,admissions@vidyaprasarakmandals.ac.in,placement@vidyaprasarakmandals.ac.in,+91-80-190-4559,Information Technology (IT),B.Tech,60,300,2005,Urban,Yes,Yes
1-44638789589,1-44638789589,U-0640,INDALA COLLEGE OF ENGINEERING,Active,Maharashtra,Thane,Thane,"NEAR HP GAGANGIRI PETROL PUMP, KALYAN-MURBAD ROAD, BAPSAI, KALYAN (W) - 421301",421301,19.207894,72.97505,Private-Self Financing,"University of Mumbai, Mumbai",Approved,Approved,A+,Yes,,Tier 2,http://www.indala.ac.in,info@indala.ac.in,admissions@indala.ac.in,placement@indala.ac.in,+91-80-402-3916,Civil Engineering,B.Tech,60,720,2016,Rural,Yes,Yes
1-44638789589,1-44638789589,U-0640,INDALA COLLEGE OF ENGINEERING,Active,Maharashtra,Thane,Thane,"NEAR HP GAGANGIRI PETROL PUMP, KALYAN-MURBAD ROAD, BAPSAI, KALYAN (W) - 421301",421301,19.207894,72.97505,Private-Self Financing,"University of Mumbai, Mumbai",Approved,Approved,A+,Yes,,Tier 2,http://www.indala.ac.in,info@indala.ac.in,admissions@indala.ac.in,placement@indala.ac.in,+91-80-402-3916,Mechanical Engineering,B.Tech,60,720,2016,Rural,Yes,Yes
1-44638789589,1-44638789589,U-0640,INDALA COLLEGE OF ENGINEERING,Active,Maharashtra,Thane,Thane,"NEAR HP GAGANGIRI PETROL PUMP, KALYAN-MURBAD ROAD, BAPSAI, KALYAN (W) - 421301",421301,19.207894,72.97505,Private-Self Financing,"University of Mumbai, Mumbai",Approved,Approved,A+,Yes,,Tier 2,http://www.indala.ac.in,info@indala.ac.in,admissions@indala.ac.in,placement@indala.ac.in,+91-80-402-3916,Electrical Engineering,B.Tech,60,720,2016,Rural,Yes,Yes
1-44638789589,1-44638789589,U-0640,INDALA COLLEGE OF ENGINEERING,Active,Maharashtra,Thane,Thane,"NEAR HP GAGANGIRI PETROL PUMP, KALYAN-MURBAD ROAD, BAPSAI, KALYAN (W) - 421301",421301,19.207894,72.97505,Private-Self Financing,"University of Mumbai, Mumbai",Approved,Approved,A+,Yes,,Tier 2,http://www.indala.ac.in,info@indala.ac.in,admissions@indala.ac.in,placement@indala.ac.in,+91-80-402-3916,Computer Science Engineering (CSE),B.Tech,60,720,2016,Rural,Yes,Yes
1-44638789589,1-44638789589,U-0640,INDALA COLLEGE OF ENGINEERING,Active,Maharashtra,Thane,Thane,"NEAR HP GAGANGIRI PETROL PUMP, KALYAN-MURBAD ROAD, BAPSAI, KALYAN (W) - 421301",421301,19.207894,72.97505,Private-Self Financing,"University of Mumbai, Mumbai",Approved,Approved,A+,Yes,,Tier 2,http://www.indala.ac.in,info@indala.ac.in,admissions@indala.ac.in,placement@indala.ac.in,+91-80-402-3916,Information Technology (IT),B.Tech,60,720,2016,Rural,Yes,Yes
1-44638789589,1-44638789589,U-0640,INDALA COLLEGE OF ENGINEERING,Active,Maharashtra,Thane,Thane,"NEAR HP GAGANGIRI PETROL PUMP, KALYAN-MURBAD ROAD, BAPSAI, KALYAN (W) - 421301",421301,19.207894,72.97505,Private-Self Financing,"University of Mumbai, Mumbai",Approved,Approved,A+,Yes,,Tier 2,http://www.indala.ac.in,info@indala.ac.in,admissions@indala.ac.in,placement@indala.ac.in,+91-80-402-3916,Data Science,B.Tech,60,720,2016,Rural,Yes,Yes
1-44638789589,1-44638789589,U-0640,INDALA COLLEGE OF ENGINEERING,Active,Maharashtra,Thane,Thane,"NEAR HP GAGANGIRI PETROL PUMP, KALYAN-MURBAD ROAD, BAPSAI, KALYAN (W) - 421301",421301,19.207894,72.97505,Private-Self Financing,"University of Mumbai, Mumbai",Approved,Approved,A+,Yes,,Tier 2,http://www.indala.ac.in,info@indala.ac.in,admissions@indala.ac.in,placement@indala.ac.in,+91-80-402-3916,Civil Engineering,Diploma,60,720,2016,Rural,Yes,Yes
1-44638789589,1-44638789589,U-0640,INDALA COLLEGE OF ENGINEERING,Active,Maharashtra,Thane,Thane,"NEAR HP GAGANGIRI PETROL PUMP, KALYAN-MURBAD ROAD, BAPSAI, KALYAN (W) - 421301",421301,19.207894,72.97505,Private-Self Financing,"University of Mumbai, Mumbai",Approved,Approved,A+,Yes,,Tier 2,http://www.indala.ac.in,info@indala.ac.in,admissions@indala.ac.in,placement@indala.ac.in,+91-80-402-3916,Computer Science Engineering (CSE),Diploma,60,720,2016,Rural,Yes,Yes
1-44638789589,1-44638789589,U-0640,INDALA COLLEGE OF ENGINEERING,Active,Maharashtra,Thane,Thane,"NEAR HP GAGANGIRI PETROL PUMP, KALYAN-MURBAD ROAD, BAPSAI, KALYAN (W) - 421301",421301,19.207894,72.97505,Private-Self Financing,"University of Mumbai, Mumbai",Approved,Approved,A+,Yes,,Tier 2,http://www.indala.ac.in,info@indala.ac.in,admissions@indala.ac.in,placement@indala.ac.in,+91-80-402-3916,Electrical Engineering,Diploma,60,720,2016,Rural,Yes,Yes
1-44638789589,1-44638789589,U-0640,INDALA COLLEGE OF ENGINEERING,Active,Maharashtra,Thane,Thane,"NEAR HP GAGANGIRI PETROL PUMP, KALYAN-MURBAD ROAD, BAPSAI, KALYAN (W) - 421301",421301,19.207894,72.97505,Private-Self Financing,"University of Mumbai, Mumbai",Approved,Approved,A+,Yes,,Tier 2,http://www.indala.ac.in,info@indala.ac.in,admissions@indala.ac.in,placement@indala.ac.in,+91-80-402-3916,Information Technology (IT),Diploma,60,720,2016,Rural,Yes,Yes
1-44638789589,1-44638789589,U-0640,INDALA COLLEGE OF ENGINEERING,Active,Maharashtra,Thane,Thane,"NEAR HP GAGANGIRI PETROL PUMP, KALYAN-MURBAD ROAD, BAPSAI, KALYAN (W) - 421301",421301,19.207894,72.97505,Private-Self Financing,"University of Mumbai, Mumbai",Approved,Approved,A+,Yes,,Tier 2,http://www.indala.ac.in,info@indala.ac.in,admissions@indala.ac.in,placement@indala.ac.in,+91-80-402-3916,Mechanical Engineering,Diploma,60,720,2016,Rural,Yes,Yes
1-44638789589,1-44638789589,U-0640,INDALA COLLEGE OF ENGINEERING,Active,Maharashtra,Thane,Thane,"NEAR HP GAGANGIRI PETROL PUMP, KALYAN-MURBAD ROAD, BAPSAI, KALYAN (W) - 421301",421301,19.207894,72.97505,Private-Self Financing,"University of Mumbai, Mumbai",Approved,Approved,A+,Yes,,Tier 2,http://www.indala.ac.in,info@indala.ac.in,admissions@indala.ac.in,placement@indala.ac.in,+91-80-402-3916,Artificial Intelligence & Machine Learning (AI & ML),Diploma,60,720,2016,Rural,Yes,Yes
1-44638854570,1-44638854570,U-0847,SHREE L.R. TIWARI COLLEGE OF ENGINEERING,Active,Maharashtra,Thane,Thane," NEAR COMMISIONER'S BUNGALOW,KANAKIYA PARK,MIRA ROAD (E),",400136,19.205677,72.984184,Private-Self Financing,"Mumbai University, Mumbai",Approved,Approved,B,No,,Tier 3,http://www.shreelrtiwari.ac.in,info@shreelrtiwari.ac.in,admissions@shreelrtiwari.ac.in,placement@shreelrtiwari.ac.in,+91-80-309-4182,Computer Science Engineering (CSE),B.Tech,360,744,2004,Urban,Yes,Yes
1-44638854570,1-44638854570,U-0847,SHREE L.R. TIWARI COLLEGE OF ENGINEERING,Active,Maharashtra,Thane,Thane," NEAR COMMISIONER'S BUNGALOW,KANAKIYA PARK,MIRA ROAD (E),",400136,19.205677,72.984184,Private-Self Financing,"Mumbai University, Mumbai",Approved,Approved,B,No,,Tier 3,http://www.shreelrtiwari.ac.in,info@shreelrtiwari.ac.in,admissions@shreelrtiwari.ac.in,placement@shreelrtiwari.ac.in,+91-80-309-4182,Electronics & Communication Engineering (ECE),B.Tech,60,744,2004,Urban,Yes,Yes
1-44638854570,1-44638854570,U-0847,SHREE L.R. TIWARI COLLEGE OF ENGINEERING,Active,Maharashtra,Thane,Thane," NEAR COMMISIONER'S BUNGALOW,KANAKIYA PARK,MIRA ROAD (E),",400136,19.205677,72.984184,Private-Self Financing,"Mumbai University, Mumbai",Approved,Approved,B,No,,Tier 3,http://www.shreelrtiwari.ac.in,info@shreelrtiwari.ac.in,admissions@shreelrtiwari.ac.in,placement@shreelrtiwari.ac.in,+91-80-309-4182,Information Technology (IT),B.Tech,270,744,2004,Urban,Yes,Yes
1-44638854570,1-44638854570,U-0847,SHREE L.R. TIWARI COLLEGE OF ENGINEERING,Active,Maharashtra,Thane,Thane," NEAR COMMISIONER'S BUNGALOW,KANAKIYA PARK,MIRA ROAD (E),",400136,19.205677,72.984184,Private-Self Financing,"Mumbai University, Mumbai",Approved,Approved,B,No,,Tier 3,http://www.shreelrtiwari.ac.in,info@shreelrtiwari.ac.in,admissions@shreelrtiwari.ac.in,placement@shreelrtiwari.ac.in,+91-80-309-4182,Mechanical Engineering,B.Tech,30,744,2004,Urban,Yes,Yes
1-44638854570,1-44638854570,U-0847,SHREE L.R. TIWARI COLLEGE OF ENGINEERING,Active,Maharashtra,Thane,Thane," NEAR COMMISIONER'S BUNGALOW,KANAKIYA PARK,MIRA ROAD (E),",400136,19.205677,72.984184,Private-Self Financing,"Mumbai University, Mumbai",Approved,Approved,B,No,,Tier 3,http://www.shreelrtiwari.ac.in,info@shreelrtiwari.ac.in,admissions@shreelrtiwari.ac.in,placement@shreelrtiwari.ac.in,+91-80-309-4182,Computer Science Engineering (CSE),M.Tech,12,744,2004,Urban,Yes,Yes
1-44638854570,1-44638854570,U-0847,SHREE L.R. TIWARI COLLEGE OF ENGINEERING,Active,Maharashtra,Thane,Thane," NEAR COMMISIONER'S BUNGALOW,KANAKIYA PARK,MIRA ROAD (E),",400136,19.205677,72.984184,Private-Self Financing,"Mumbai University, Mumbai",Approved,Approved,B,No,,Tier 3,http://www.shreelrtiwari.ac.in,info@shreelrtiwari.ac.in,admissions@shreelrtiwari.ac.in,placement@shreelrtiwari.ac.in,+91-80-309-4182,Electronics & Communication Engineering (ECE),M.Tech,12,744,2004,Urban,Yes,Yes
1-44639459303,1-44639459303,U-0767,AGNEL CHARITIES AGNEL POLYTECHNIC,Active,Maharashtra,Thane,Thane,"SECTOR-9A, VASHI, NAVI MUMBAI DIST.THANE.",400136,19.199717,72.997017,Private-Self Financing,"Maharashtra State Board of Technical Education, Mumbai",Approved,Approved,A,No,,Tier 3,http://www.agnelcharitiesagnel.ac.in,info@agnelcharitiesagnel.ac.in,admissions@agnelcharitiesagnel.ac.in,placement@agnelcharitiesagnel.ac.in,+91-80-059-4425,Civil Engineering,Diploma,60,360,1996,Urban,No,Yes
1-44639459303,1-44639459303,U-0767,AGNEL CHARITIES AGNEL POLYTECHNIC,Active,Maharashtra,Thane,Thane,"SECTOR-9A, VASHI, NAVI MUMBAI DIST.THANE.",400136,19.199717,72.997017,Private-Self Financing,"Maharashtra State Board of Technical Education, Mumbai",Approved,Approved,A,No,,Tier 3,http://www.agnelcharitiesagnel.ac.in,info@agnelcharitiesagnel.ac.in,admissions@agnelcharitiesagnel.ac.in,placement@agnelcharitiesagnel.ac.in,+91-80-059-4425,Mechanical Engineering,Diploma,120,360,1996,Urban,No,Yes
1-44639459303,1-44639459303,U-0767,AGNEL CHARITIES AGNEL POLYTECHNIC,Active,Maharashtra,Thane,Thane,"SECTOR-9A, VASHI, NAVI MUMBAI DIST.THANE.",400136,19.199717,72.997017,Private-Self Financing,"Maharashtra State Board of Technical Education, Mumbai",Approved,Approved,A,No,,Tier 3,http://www.agnelcharitiesagnel.ac.in,info@agnelcharitiesagnel.ac.in,admissions@agnelcharitiesagnel.ac.in,placement@agnelcharitiesagnel.ac.in,+91-80-059-4425,Computer Science Engineering (CSE),Diploma,60,360,1996,Urban,No,Yes
1-44639459303,1-44639459303,U-0767,AGNEL CHARITIES AGNEL POLYTECHNIC,Active,Maharashtra,Thane,Thane,"SECTOR-9A, VASHI, NAVI MUMBAI DIST.THANE.",400136,19.199717,72.997017,Private-Self Financing,"Maharashtra State Board of Technical Education, Mumbai",Approved,Approved,A,No,,Tier 3,http://www.agnelcharitiesagnel.ac.in,info@agnelcharitiesagnel.ac.in,admissions@agnelcharitiesagnel.ac.in,placement@agnelcharitiesagnel.ac.in,+91-80-059-4425,Automobile Engineering,Diploma,60,360,1996,Urban,No,Yes
1-44639459303,1-44639459303,U-0767,AGNEL CHARITIES AGNEL POLYTECHNIC,Active,Maharashtra,Thane,Thane,"SECTOR-9A, VASHI, NAVI MUMBAI DIST.THANE.",400136,19.199717,72.997017,Private-Self Financing,"Maharashtra State Board of Technical Education, Mumbai",Approved,Approved,A,No,,Tier 3,http://www.agnelcharitiesagnel.ac.in,info@agnelcharitiesagnel.ac.in,admissions@agnelcharitiesagnel.ac.in,placement@agnelcharitiesagnel.ac.in,+91-80-059-4425,Artificial Intelligence & Machine Learning (AI & ML),Diploma,60,360,1996,Urban,No,Yes
1-44639598465,1-44639598465,U-0847,B.R. HARNE COLLEGE OF ENGINEERING & TECHNOLOGY,Active,Maharashtra,Thane,Thane,"SURVEY NO. 110/1A, 111/1,, 111/2B, 126/2,  VILLAGE - KARAV, NEAR VANGANI STATION, TAH. AMBARNATH, DIST. THANE.",400136,19.210798,72.990162,Private-Self Financing,"Mumbai University, Mumbai",Approved,Approved,A,No,,Tier 3,http://www.brharne.ac.in,info@brharne.ac.in,admissions@brharne.ac.in,placement@brharne.ac.in,+91-80-524-2061,Other Engineering Branches,M.Tech,24,354,2012,Urban,Yes,Yes
1-44639598465,1-44639598465,U-0847,B.R. HARNE COLLEGE OF ENGINEERING & TECHNOLOGY,Active,Maharashtra,Thane,Thane,"SURVEY NO. 110/1A, 111/1,, 111/2B, 126/2,  VILLAGE - KARAV, NEAR VANGANI STATION, TAH. AMBARNATH, DIST. THANE.",400136,19.210798,72.990162,Private-Self Financing,"Mumbai University, Mumbai",Approved,Approved,A,No,,Tier 3,http://www.brharne.ac.in,info@brharne.ac.in,admissions@brharne.ac.in,placement@brharne.ac.in,+91-80-524-2061,Mechanical Engineering,B.Tech,30,354,2012,Urban,Yes,Yes
1-44639598465,1-44639598465,U-0847,B.R. HARNE COLLEGE OF ENGINEERING & TECHNOLOGY,Active,Maharashtra,Thane,Thane,"SURVEY NO. 110/1A, 111/1,, 111/2B, 126/2,  VILLAGE - KARAV, NEAR VANGANI STATION, TAH. AMBARNATH, DIST. THANE.",400136,19.210798,72.990162,Private-Self Financing,"Mumbai University, Mumbai",Approved,Approved,A,No,,Tier 3,http://www.brharne.ac.in,info@brharne.ac.in,admissions@brharne.ac.in,placement@brharne.ac.in,+91-80-524-2061,Electrical Engineering,B.Tech,30,354,2012,Urban,Yes,Yes
1-44639598465,1-44639598465,U-0847,B.R. HARNE COLLEGE OF ENGINEERING & TECHNOLOGY,Active,Maharashtra,Thane,Thane,"SURVEY NO. 110/1A, 111/1,, 111/2B, 126/2,  VILLAGE - KARAV, NEAR VANGANI STATION, TAH. AMBARNATH, DIST. THANE.",400136,19.210798,72.990162,Private-Self Financing,"Mumbai University, Mumbai",Approved,Approved,A,No,,Tier 3,http://www.brharne.ac.in,info@brharne.ac.in,admissions@brharne.ac.in,placement@brharne.ac.in,+91-80-524-2061,Civil Engineering,B.Tech,30,354,2012,Urban,Yes,Yes
1-44639598465,1-44639598465,U-0847,B.R. HARNE COLLEGE OF ENGINEERING & TECHNOLOGY,Active,Maharashtra,Thane,Thane,"SURVEY NO. 110/1A, 111/1,, 111/2B, 126/2,  VILLAGE - KARAV, NEAR VANGANI STATION, TAH. AMBARNATH, DIST. THANE.",400136,19.210798,72.990162,Private-Self Financing,"Mumbai University, Mumbai",Approved,Approved,A,No,,Tier 3,http://www.brharne.ac.in,info@brharne.ac.in,admissions@brharne.ac.in,placement@brharne.ac.in,+91-80-524-2061,Computer Science Engineering (CSE),B.Tech,120,354,2012,Urban,Yes,Yes
1-44639598465,1-44639598465,U-0847,B.R. HARNE COLLEGE OF ENGINEERING & TECHNOLOGY,Active,Maharashtra,Thane,Thane,"SURVEY NO. 110/1A, 111/1,, 111/2B, 126/2,  VILLAGE - KARAV, NEAR VANGANI STATION, TAH. AMBARNATH, DIST. THANE.",400136,19.210798,72.990162,Private-Self Financing,"Mumbai University, Mumbai",Approved,Approved,A,No,,Tier 3,http://www.brharne.ac.in,info@brharne.ac.in,admissions@brharne.ac.in,placement@brharne.ac.in,+91-80-524-2061,Artificial Intelligence & Machine Learning (AI & ML),B.Tech,60,354,2012,Urban,Yes,Yes
1-44639598465,1-44639598465,U-0847,B.R. HARNE COLLEGE OF ENGINEERING & TECHNOLOGY,Active,Maharashtra,Thane,Thane,"SURVEY NO. 110/1A, 111/1,, 111/2B, 126/2,  VILLAGE - KARAV, NEAR VANGANI STATION, TAH. AMBARNATH, DIST. THANE.",400136,19.210798,72.990162,Private-Self Financing,"Mumbai University, Mumbai",Approved,Approved,A,No,,Tier 3,http://www.brharne.ac.in,info@brharne.ac.in,admissions@brharne.ac.in,placement@brharne.ac.in,+91-80-524-2061,Information Technology (IT),B.Tech,60,354,2012,Urban,Yes,Yes
1-44639759161,1-44639759161,U-0847,THEEM COLLEGE OF ENGINEERING,Active,Maharashtra,Thane,Thane,"AT VILLAGE BETEGAON, CHILLHAR RAOD, N.H.NO.8,NEAR UNION PARK BOISAR(E) TAL - PALGHAR DIST - THANE",400136,19.235763,72.982449,Private-Self Financing,"Mumbai University, Mumbai",Approved,Approved,A,No,,Tier 3,http://www.theem.ac.in,info@theem.ac.in,admissions@theem.ac.in,placement@theem.ac.in,+91-80-571-2923,Computer Science Engineering (CSE),B.Tech,60,720,1989,Urban,Yes,Yes
1-44639759161,1-44639759161,U-0847,THEEM COLLEGE OF ENGINEERING,Active,Maharashtra,Thane,Thane,"AT VILLAGE BETEGAON, CHILLHAR RAOD, N.H.NO.8,NEAR UNION PARK BOISAR(E) TAL - PALGHAR DIST - THANE",400136,19.235763,72.982449,Private-Self Financing,"Mumbai University, Mumbai",Approved,Approved,A,No,,Tier 3,http://www.theem.ac.in,info@theem.ac.in,admissions@theem.ac.in,placement@theem.ac.in,+91-80-571-2923,Information Technology (IT),B.Tech,60,720,1989,Urban,Yes,Yes
1-44639759161,1-44639759161,U-0847,THEEM COLLEGE OF ENGINEERING,Active,Maharashtra,Thane,Thane,"AT VILLAGE BETEGAON, CHILLHAR RAOD, N.H.NO.8,NEAR UNION PARK BOISAR(E) TAL - PALGHAR DIST - THANE",400136,19.235763,72.982449,Private-Self Financing,"Mumbai University, Mumbai",Approved,Approved,A,No,,Tier 3,http://www.theem.ac.in,info@theem.ac.in,admissions@theem.ac.in,placement@theem.ac.in,+91-80-571-2923,Civil Engineering,B.Tech,60,720,1989,Urban,Yes,Yes
1-44639759161,1-44639759161,U-0847,THEEM COLLEGE OF ENGINEERING,Active,Maharashtra,Thane,Thane,"AT VILLAGE BETEGAON, CHILLHAR RAOD, N.H.NO.8,NEAR UNION PARK BOISAR(E) TAL - PALGHAR DIST - THANE",400136,19.235763,72.982449,Private-Self Financing,"Mumbai University, Mumbai",Approved,Approved,A,No,,Tier 3,http://www.theem.ac.in,info@theem.ac.in,admissions@theem.ac.in,placement@theem.ac.in,+91-80-571-2923,Mechanical Engineering,B.Tech,30,720,1989,Urban,Yes,Yes
1-44639759161,1-44639759161,U-0847,THEEM COLLEGE OF ENGINEERING,Active,Maharashtra,Thane,Thane,"AT VILLAGE BETEGAON, CHILLHAR RAOD, N.H.NO.8,NEAR UNION PARK BOISAR(E) TAL - PALGHAR DIST - THANE",400136,19.235763,72.982449,Private-Self Financing,"Mumbai University, Mumbai",Approved,Approved,A,No,,Tier 3,http://www.theem.ac.in,info@theem.ac.in,admissions@theem.ac.in,placement@theem.ac.in,+91-80-571-2923,Mechanical Engineering,Diploma,60,720,1989,Urban,Yes,Yes
1-44639759161,1-44639759161,U-0847,THEEM COLLEGE OF ENGINEERING,Active,Maharashtra,Thane,Thane,"AT VILLAGE BETEGAON, CHILLHAR RAOD, N.H.NO.8,NEAR UNION PARK BOISAR(E) TAL - PALGHAR DIST - THANE",400136,19.235763,72.982449,Private-Self Financing,"Mumbai University, Mumbai",Approved,Approved,A,No,,Tier 3,http://www.theem.ac.in,info@theem.ac.in,admissions@theem.ac.in,placement@theem.ac.in,+91-80-571-2923,Computer Science Engineering (CSE),Diploma,60,720,1989,Urban,Yes,Yes
1-44639759161,1-44639759161,U-0847,THEEM COLLEGE OF ENGINEERING,Active,Maharashtra,Thane,Thane,"AT VILLAGE BETEGAON, CHILLHAR RAOD, N.H.NO.8,NEAR UNION PARK BOISAR(E) TAL - PALGHAR DIST - THANE",400136,19.235763,72.982449,Private-Self Financing,"Mumbai University, Mumbai",Approved,Approved,A,No,,Tier 3,http://www.theem.ac.in,info@theem.ac.in,admissions@theem.ac.in,placement@theem.ac.in,+91-80-571-2923,Electrical Engineering,B.Tech,60,720,1989,Urban,Yes,Yes
1-44639759161,1-44639759161,U-0847,THEEM COLLEGE OF ENGINEERING,Active,Maharashtra,Thane,Thane,"AT VILLAGE BETEGAON, CHILLHAR RAOD, N.H.NO.8,NEAR UNION PARK BOISAR(E) TAL - PALGHAR DIST - THANE",400136,19.235763,72.982449,Private-Self Financing,"Mumbai University, Mumbai",Approved,Approved,A,No,,Tier 3,http://www.theem.ac.in,info@theem.ac.in,admissions@theem.ac.in,placement@theem.ac.in,+91-80-571-2923,Automobile Engineering,B.Tech,30,720,1989,Urban,Yes,Yes
1-44639759161,1-44639759161,U-0847,THEEM COLLEGE OF ENGINEERING,Active,Maharashtra,Thane,Thane,"AT VILLAGE BETEGAON, CHILLHAR RAOD, N.H.NO.8,NEAR UNION PARK BOISAR(E) TAL - PALGHAR DIST - THANE",400136,19.235763,72.982449,Private-Self Financing,"Mumbai University, Mumbai",Approved,Approved,A,No,,Tier 3,http://www.theem.ac.in,info@theem.ac.in,admissions@theem.ac.in,placement@theem.ac.in,+91-80-571-2923,Civil Engineering,Diploma,60,720,1989,Urban,Yes,Yes
1-44639759161,1-44639759161,U-0847,THEEM COLLEGE OF ENGINEERING,Active,Maharashtra,Thane,Thane,"AT VILLAGE BETEGAON, CHILLHAR RAOD, N.H.NO.8,NEAR UNION PARK BOISAR(E) TAL - PALGHAR DIST - THANE",400136,19.235763,72.982449,Private-Self Financing,"Mumbai University, Mumbai",Approved,Approved,A,No,,Tier 3,http://www.theem.ac.in,info@theem.ac.in,admissions@theem.ac.in,placement@theem.ac.in,+91-80-571-2923,Artificial Intelligence & Machine Learning (AI & ML),B.Tech,120,720,1989,Urban,Yes,Yes
1-44639759161,1-44639759161,U-0847,THEEM COLLEGE OF ENGINEERING,Active,Maharashtra,Thane,Thane,"AT VILLAGE BETEGAON, CHILLHAR RAOD, N.H.NO.8,NEAR UNION PARK BOISAR(E) TAL - PALGHAR DIST - THANE",400136,19.235763,72.982449,Private-Self Financing,"Mumbai University, Mumbai",Approved,Approved,A,No,,Tier 3,http://www.theem.ac.in,info@theem.ac.in,admissions@theem.ac.in,placement@theem.ac.in,+91-80-571-2923,Electrical Engineering,Diploma,60,720,1989,Urban,Yes,Yes
1-44639759161,1-44639759161,U-0847,THEEM COLLEGE OF ENGINEERING,Active,Maharashtra,Thane,Thane,"AT VILLAGE BETEGAON, CHILLHAR RAOD, N.H.NO.8,NEAR UNION PARK BOISAR(E) TAL - PALGHAR DIST - THANE",400136,19.235763,72.982449,Private-Self Financing,"Mumbai University, Mumbai",Approved,Approved,A,No,,Tier 3,http://www.theem.ac.in,info@theem.ac.in,admissions@theem.ac.in,placement@theem.ac.in,+91-80-571-2923,Artificial Intelligence & Machine Learning (AI & ML),Diploma,60,720,1989,Urban,Yes,Yes
1-44639489597,1-44639489597,U-0767,BHARATI VIDYAPEETH INSTITUTE OF TECHNOLOGY,Active,Maharashtra,Thane,Thane,"SECTOR-7, C.B.D., BELPADA, OPP. KHARGHAR RAILWAY STATION, NAVI MUMBAI",400136,19.218424,72.960998,Private-Self Financing,"Maharashtra State Board of Technical Education, Mumbai",Approved,Approved,B++,No,,Tier 3,http://www.bharatividyapeeth.ac.in,info@bharatividyapeeth.ac.in,admissions@bharatividyapeeth.ac.in,placement@bharatividyapeeth.ac.in,+91-80-844-0594,Electronics & Communication Engineering (ECE),Diploma,60,540,2019,Urban,Yes,Yes
1-44639489597,1-44639489597,U-0767,BHARATI VIDYAPEETH INSTITUTE OF TECHNOLOGY,Active,Maharashtra,Thane,Thane,"SECTOR-7, C.B.D., BELPADA, OPP. KHARGHAR RAILWAY STATION, NAVI MUMBAI",400136,19.218424,72.960998,Private-Self Financing,"Maharashtra State Board of Technical Education, Mumbai",Approved,Approved,B++,No,,Tier 3,http://www.bharatividyapeeth.ac.in,info@bharatividyapeeth.ac.in,admissions@bharatividyapeeth.ac.in,placement@bharatividyapeeth.ac.in,+91-80-844-0594,Other Engineering Branches,Diploma,180,540,2019,Urban,Yes,Yes
1-44639489597,1-44639489597,U-0767,BHARATI VIDYAPEETH INSTITUTE OF TECHNOLOGY,Active,Maharashtra,Thane,Thane,"SECTOR-7, C.B.D., BELPADA, OPP. KHARGHAR RAILWAY STATION, NAVI MUMBAI",400136,19.218424,72.960998,Private-Self Financing,"Maharashtra State Board of Technical Education, Mumbai",Approved,Approved,B++,No,,Tier 3,http://www.bharatividyapeeth.ac.in,info@bharatividyapeeth.ac.in,admissions@bharatividyapeeth.ac.in,placement@bharatividyapeeth.ac.in,+91-80-844-0594,Mechanical Engineering,Diploma,60,540,2019,Urban,Yes,Yes
1-44639489597,1-44639489597,U-0767,BHARATI VIDYAPEETH INSTITUTE OF TECHNOLOGY,Active,Maharashtra,Thane,Thane,"SECTOR-7, C.B.D., BELPADA, OPP. KHARGHAR RAILWAY STATION, NAVI MUMBAI",400136,19.218424,72.960998,Private-Self Financing,"Maharashtra State Board of Technical Education, Mumbai",Approved,Approved,B++,No,,Tier 3,http://www.bharatividyapeeth.ac.in,info@bharatividyapeeth.ac.in,admissions@bharatividyapeeth.ac.in,placement@bharatividyapeeth.ac.in,+91-80-844-0594,Information Technology (IT),Diploma,60,540,2019,Urban,Yes,Yes
1-44639489597,1-44639489597,U-0767,BHARATI VIDYAPEETH INSTITUTE OF TECHNOLOGY,Active,Maharashtra,Thane,Thane,"SECTOR-7, C.B.D., BELPADA, OPP. KHARGHAR RAILWAY STATION, NAVI MUMBAI",400136,19.218424,72.960998,Private-Self Financing,"Maharashtra State Board of Technical Education, Mumbai",Approved,Approved,B++,No,,Tier 3,http://www.bharatividyapeeth.ac.in,info@bharatividyapeeth.ac.in,admissions@bharatividyapeeth.ac.in,placement@bharatividyapeeth.ac.in,+91-80-844-0594,Civil Engineering,Diploma,60,540,2019,Urban,Yes,Yes
1-44639489597,1-44639489597,U-0767,BHARATI VIDYAPEETH INSTITUTE OF TECHNOLOGY,Active,Maharashtra,Thane,Thane,"SECTOR-7, C.B.D., BELPADA, OPP. KHARGHAR RAILWAY STATION, NAVI MUMBAI",400136,19.218424,72.960998,Private-Self Financing,"Maharashtra State Board of Technical Education, Mumbai",Approved,Approved,B++,No,,Tier 3,http://www.bharatividyapeeth.ac.in,info@bharatividyapeeth.ac.in,admissions@bharatividyapeeth.ac.in,placement@bharatividyapeeth.ac.in,+91-80-844-0594,Electrical Engineering,Diploma,60,540,2019,Urban,Yes,Yes
1-44639489597,1-44639489597,U-0767,BHARATI VIDYAPEETH INSTITUTE OF TECHNOLOGY,Active,Maharashtra,Thane,Thane,"SECTOR-7, C.B.D., BELPADA, OPP. KHARGHAR RAILWAY STATION, NAVI MUMBAI",400136,19.218424,72.960998,Private-Self Financing,"Maharashtra State Board of Technical Education, Mumbai",Approved,Approved,B++,No,,Tier 3,http://www.bharatividyapeeth.ac.in,info@bharatividyapeeth.ac.in,admissions@bharatividyapeeth.ac.in,placement@bharatividyapeeth.ac.in,+91-80-844-0594,Artificial Intelligence & Machine Learning (AI & ML),Diploma,60,540,2019,Urban,Yes,Yes
1-44640576188,1-44640576188,U-0767,SHIVAJIRAO S JONDHLE POLYTECHNIC,Active,Maharashtra,Thane,Thane,OPP ASANGAON RLY STATION ASANGAON NEAR GURUDWARA,400136,19.210904,72.981186,Private-Self Financing,"Maharashtra State Board of Technical Education, Mumbai",Approved,Approved,A,No,,Tier 3,http://www.shivajiraosjondhle.ac.in,info@shivajiraosjondhle.ac.in,admissions@shivajiraosjondhle.ac.in,placement@shivajiraosjondhle.ac.in,+91-80-528-6547,Computer Science Engineering (CSE),Diploma,60,450,1980,Urban,Yes,Yes
1-44640576188,1-44640576188,U-0767,SHIVAJIRAO S JONDHLE POLYTECHNIC,Active,Maharashtra,Thane,Thane,OPP ASANGAON RLY STATION ASANGAON NEAR GURUDWARA,400136,19.210904,72.981186,Private-Self Financing,"Maharashtra State Board of Technical Education, Mumbai",Approved,Approved,A,No,,Tier 3,http://www.shivajiraosjondhle.ac.in,info@shivajiraosjondhle.ac.in,admissions@shivajiraosjondhle.ac.in,placement@shivajiraosjondhle.ac.in,+91-80-528-6547,Electronics & Communication Engineering (ECE),Diploma,30,450,1980,Urban,Yes,Yes
1-44640576188,1-44640576188,U-0767,SHIVAJIRAO S JONDHLE POLYTECHNIC,Active,Maharashtra,Thane,Thane,OPP ASANGAON RLY STATION ASANGAON NEAR GURUDWARA,400136,19.210904,72.981186,Private-Self Financing,"Maharashtra State Board of Technical Education, Mumbai",Approved,Approved,A,No,,Tier 3,http://www.shivajiraosjondhle.ac.in,info@shivajiraosjondhle.ac.in,admissions@shivajiraosjondhle.ac.in,placement@shivajiraosjondhle.ac.in,+91-80-528-6547,Mechanical Engineering,Diploma,60,450,1980,Urban,Yes,Yes
1-44640576188,1-44640576188,U-0767,SHIVAJIRAO S JONDHLE POLYTECHNIC,Active,Maharashtra,Thane,Thane,OPP ASANGAON RLY STATION ASANGAON NEAR GURUDWARA,400136,19.210904,72.981186,Private-Self Financing,"Maharashtra State Board of Technical Education, Mumbai",Approved,Approved,A,No,,Tier 3,http://www.shivajiraosjondhle.ac.in,info@shivajiraosjondhle.ac.in,admissions@shivajiraosjondhle.ac.in,placement@shivajiraosjondhle.ac.in,+91-80-528-6547,Information Technology (IT),Diploma,60,450,1980,Urban,Yes,Yes
1-44640576188,1-44640576188,U-0767,SHIVAJIRAO S JONDHLE POLYTECHNIC,Active,Maharashtra,Thane,Thane,OPP ASANGAON RLY STATION ASANGAON NEAR GURUDWARA,400136,19.210904,72.981186,Private-Self Financing,"Maharashtra State Board of Technical Education, Mumbai",Approved,Approved,A,No,,Tier 3,http://www.shivajiraosjondhle.ac.in,info@shivajiraosjondhle.ac.in,admissions@shivajiraosjondhle.ac.in,placement@shivajiraosjondhle.ac.in,+91-80-528-6547,Automobile Engineering,Diploma,30,450,1980,Urban,Yes,Yes
1-44640576188,1-44640576188,U-0767,SHIVAJIRAO S JONDHLE POLYTECHNIC,Active,Maharashtra,Thane,Thane,OPP ASANGAON RLY STATION ASANGAON NEAR GURUDWARA,400136,19.210904,72.981186,Private-Self Financing,"Maharashtra State Board of Technical Education, Mumbai",Approved,Approved,A,No,,Tier 3,http://www.shivajiraosjondhle.ac.in,info@shivajiraosjondhle.ac.in,admissions@shivajiraosjondhle.ac.in,placement@shivajiraosjondhle.ac.in,+91-80-528-6547,Civil Engineering,Diploma,90,450,1980,Urban,Yes,Yes
1-44640576188,1-44640576188,U-0767,SHIVAJIRAO S JONDHLE POLYTECHNIC,Active,Maharashtra,Thane,Thane,OPP ASANGAON RLY STATION ASANGAON NEAR GURUDWARA,400136,19.210904,72.981186,Private-Self Financing,"Maharashtra State Board of Technical Education, Mumbai",Approved,Approved,A,No,,Tier 3,http://www.shivajiraosjondhle.ac.in,info@shivajiraosjondhle.ac.in,admissions@shivajiraosjondhle.ac.in,placement@shivajiraosjondhle.ac.in,+91-80-528-6547,Electrical Engineering,Diploma,60,450,1980,Urban,Yes,Yes
1-44640576188,1-44640576188,U-0767,SHIVAJIRAO S JONDHLE POLYTECHNIC,Active,Maharashtra,Thane,Thane,OPP ASANGAON RLY STATION ASANGAON NEAR GURUDWARA,400136,19.210904,72.981186,Private-Self Financing,"Maharashtra State Board of Technical Education, Mumbai",Approved,Approved,A,No,,Tier 3,http://www.shivajiraosjondhle.ac.in,info@shivajiraosjondhle.ac.in,admissions@shivajiraosjondhle.ac.in,placement@shivajiraosjondhle.ac.in,+91-80-528-6547,Robotics,Diploma,60,450,1980,Urban,Yes,Yes
1-44640666934,1-44640666934,U-0847,IDEAL INSTITUTE OF TECHNOLOGY,Active,Maharashtra,Thane,Thane,"GUT NO. 40, PIMPLAJ ROAD, VILLAGE -POSHERI, TALUKA -WADA, DIST-THANA.",400136,19.225255,72.966021,Private-Self Financing,"Mumbai University, Mumbai",Approved,Approved,B,No,,Tier 3,http://www.ideal.ac.in,info@ideal.ac.in,admissions@ideal.ac.in,placement@ideal.ac.in,+91-80-130-5522,Civil Engineering,B.Tech,30,300,1988,Urban,Yes,Yes
1-44640666934,1-44640666934,U-0847,IDEAL INSTITUTE OF TECHNOLOGY,Active,Maharashtra,Thane,Thane,"GUT NO. 40, PIMPLAJ ROAD, VILLAGE -POSHERI, TALUKA -WADA, DIST-THANA.",400136,19.225255,72.966021,Private-Self Financing,"Mumbai University, Mumbai",Approved,Approved,B,No,,Tier 3,http://www.ideal.ac.in,info@ideal.ac.in,admissions@ideal.ac.in,placement@ideal.ac.in,+91-80-130-5522,Computer Science Engineering (CSE),B.Tech,60,300,1988,Urban,Yes,Yes
1-44640666934,1-44640666934,U-0847,IDEAL INSTITUTE OF TECHNOLOGY,Active,Maharashtra,Thane,Thane,"GUT NO. 40, PIMPLAJ ROAD, VILLAGE -POSHERI, TALUKA -WADA, DIST-THANA.",400136,19.225255,72.966021,Private-Self Financing,"Mumbai University, Mumbai",Approved,Approved,B,No,,Tier 3,http://www.ideal.ac.in,info@ideal.ac.in,admissions@ideal.ac.in,placement@ideal.ac.in,+91-80-130-5522,Mechanical Engineering,B.Tech,30,300,1988,Urban,Yes,Yes
1-44640666934,1-44640666934,U-0847,IDEAL INSTITUTE OF TECHNOLOGY,Active,Maharashtra,Thane,Thane,"GUT NO. 40, PIMPLAJ ROAD, VILLAGE -POSHERI, TALUKA -WADA, DIST-THANA.",400136,19.225255,72.966021,Private-Self Financing,"Mumbai University, Mumbai",Approved,Approved,B,No,,Tier 3,http://www.ideal.ac.in,info@ideal.ac.in,admissions@ideal.ac.in,placement@ideal.ac.in,+91-80-130-5522,Artificial Intelligence & Machine Learning (AI & ML),B.Tech,120,300,1988,Urban,Yes,Yes
1-44640666934,1-44640666934,U-0847,IDEAL INSTITUTE OF TECHNOLOGY,Active,Maharashtra,Thane,Thane,"GUT NO. 40, PIMPLAJ ROAD, VILLAGE -POSHERI, TALUKA -WADA, DIST-THANA.",400136,19.225255,72.966021,Private-Self Financing,"Mumbai University, Mumbai",Approved,Approved,B,No,,Tier 3,http://www.ideal.ac.in,info@ideal.ac.in,admissions@ideal.ac.in,placement@ideal.ac.in,+91-80-130-5522,Data Science,B.Tech,60,300,1988,Urban,Yes,Yes
1-44640586100,1-44640586100,U-0767,"VISHWATMAK JANGLI MAHARAJ ASHRAM TRUST(KOKAMTHAN),ATMA MALIK INSTITUTE OF TECHNOLOGY  & RESEARCH.",Active,Maharashtra,Thane,Thane,"AATGAON ,TANSA - AGHAI ROAD,",400136,19.211249,72.960971,Private-Self Financing,"Maharashtra State Board of Technical Education, Mumbai",Approved,Approved,A+,No,,Tier 3,http://www.vishwatmakjanglimaharaj.ac.in,info@vishwatmakjanglimaharaj.ac.in,admissions@vishwatmakjanglimaharaj.ac.in,placement@vishwatmakjanglimaharaj.ac.in,+91-80-543-1314,Mechanical Engineering,Diploma,60,450,2016,Rural,Yes,Yes
1-44640586100,1-44640586100,U-0767,"VISHWATMAK JANGLI MAHARAJ ASHRAM TRUST(KOKAMTHAN),ATMA MALIK INSTITUTE OF TECHNOLOGY  & RESEARCH.",Active,Maharashtra,Thane,Thane,"AATGAON ,TANSA - AGHAI ROAD,",400136,19.211249,72.960971,Private-Self Financing,"Maharashtra State Board of Technical Education, Mumbai",Approved,Approved,A+,No,,Tier 3,http://www.vishwatmakjanglimaharaj.ac.in,info@vishwatmakjanglimaharaj.ac.in,admissions@vishwatmakjanglimaharaj.ac.in,placement@vishwatmakjanglimaharaj.ac.in,+91-80-543-1314,Civil Engineering,B.Tech,30,450,2016,Rural,Yes,Yes
1-44640586100,1-44640586100,U-0767,"VISHWATMAK JANGLI MAHARAJ ASHRAM TRUST(KOKAMTHAN),ATMA MALIK INSTITUTE OF TECHNOLOGY  & RESEARCH.",Active,Maharashtra,Thane,Thane,"AATGAON ,TANSA - AGHAI ROAD,",400136,19.211249,72.960971,Private-Self Financing,"Maharashtra State Board of Technical Education, Mumbai",Approved,Approved,A+,No,,Tier 3,http://www.vishwatmakjanglimaharaj.ac.in,info@vishwatmakjanglimaharaj.ac.in,admissions@vishwatmakjanglimaharaj.ac.in,placement@vishwatmakjanglimaharaj.ac.in,+91-80-543-1314,Electronics & Communication Engineering (ECE),B.Tech,30,450,2016,Rural,Yes,Yes
1-44640586100,1-44640586100,U-0767,"VISHWATMAK JANGLI MAHARAJ ASHRAM TRUST(KOKAMTHAN),ATMA MALIK INSTITUTE OF TECHNOLOGY  & RESEARCH.",Active,Maharashtra,Thane,Thane,"AATGAON ,TANSA - AGHAI ROAD,",400136,19.211249,72.960971,Private-Self Financing,"Maharashtra State Board of Technical Education, Mumbai",Approved,Approved,A+,No,,Tier 3,http://www.vishwatmakjanglimaharaj.ac.in,info@vishwatmakjanglimaharaj.ac.in,admissions@vishwatmakjanglimaharaj.ac.in,placement@vishwatmakjanglimaharaj.ac.in,+91-80-543-1314,Computer Science Engineering (CSE),B.Tech,60,450,2016,Rural,Yes,Yes
1-44640586100,1-44640586100,U-0767,"VISHWATMAK JANGLI MAHARAJ ASHRAM TRUST(KOKAMTHAN),ATMA MALIK INSTITUTE OF TECHNOLOGY  & RESEARCH.",Active,Maharashtra,Thane,Thane,"AATGAON ,TANSA - AGHAI ROAD,",400136,19.211249,72.960971,Private-Self Financing,"Maharashtra State Board of Technical Education, Mumbai",Approved,Approved,A+,No,,Tier 3,http://www.vishwatmakjanglimaharaj.ac.in,info@vishwatmakjanglimaharaj.ac.in,admissions@vishwatmakjanglimaharaj.ac.in,placement@vishwatmakjanglimaharaj.ac.in,+91-80-543-1314,Mechanical Engineering,B.Tech,30,450,2016,Rural,Yes,Yes
1-44640586100,1-44640586100,U-0767,"VISHWATMAK JANGLI MAHARAJ ASHRAM TRUST(KOKAMTHAN),ATMA MALIK INSTITUTE OF TECHNOLOGY  & RESEARCH.",Active,Maharashtra,Thane,Thane,"AATGAON ,TANSA - AGHAI ROAD,",400136,19.211249,72.960971,Private-Self Financing,"Maharashtra State Board of Technical Education, Mumbai",Approved,Approved,A+,No,,Tier 3,http://www.vishwatmakjanglimaharaj.ac.in,info@vishwatmakjanglimaharaj.ac.in,admissions@vishwatmakjanglimaharaj.ac.in,placement@vishwatmakjanglimaharaj.ac.in,+91-80-543-1314,Civil Engineering,Diploma,60,450,2016,Rural,Yes,Yes
1-44640586100,1-44640586100,U-0767,"VISHWATMAK JANGLI MAHARAJ ASHRAM TRUST(KOKAMTHAN),ATMA MALIK INSTITUTE OF TECHNOLOGY  & RESEARCH.",Active,Maharashtra,Thane,Thane,"AATGAON ,TANSA - AGHAI ROAD,",400136,19.211249,72.960971,Private-Self Financing,"Maharashtra State Board of Technical Education, Mumbai",Approved,Approved,A+,No,,Tier 3,http://www.vishwatmakjanglimaharaj.ac.in,info@vishwatmakjanglimaharaj.ac.in,admissions@vishwatmakjanglimaharaj.ac.in,placement@vishwatmakjanglimaharaj.ac.in,+91-80-543-1314,Computer Science Engineering (CSE),Diploma,60,450,2016,Rural,Yes,Yes
1-44640586100,1-44640586100,U-0767,"VISHWATMAK JANGLI MAHARAJ ASHRAM TRUST(KOKAMTHAN),ATMA MALIK INSTITUTE OF TECHNOLOGY  & RESEARCH.",Active,Maharashtra,Thane,Thane,"AATGAON ,TANSA - AGHAI ROAD,",400136,19.211249,72.960971,Private-Self Financing,"Maharashtra State Board of Technical Education, Mumbai",Approved,Approved,A+,No,,Tier 3,http://www.vishwatmakjanglimaharaj.ac.in,info@vishwatmakjanglimaharaj.ac.in,admissions@vishwatmakjanglimaharaj.ac.in,placement@vishwatmakjanglimaharaj.ac.in,+91-80-543-1314,Artificial Intelligence & Machine Learning (AI & ML),B.Tech,30,450,2016,Rural,Yes,Yes
1-44640586100,1-44640586100,U-0767,"VISHWATMAK JANGLI MAHARAJ ASHRAM TRUST(KOKAMTHAN),ATMA MALIK INSTITUTE OF TECHNOLOGY  & RESEARCH.",Active,Maharashtra,Thane,Thane,"AATGAON ,TANSA - AGHAI ROAD,",400136,19.211249,72.960971,Private-Self Financing,"Maharashtra State Board of Technical Education, Mumbai",Approved,Approved,A+,No,,Tier 3,http://www.vishwatmakjanglimaharaj.ac.in,info@vishwatmakjanglimaharaj.ac.in,admissions@vishwatmakjanglimaharaj.ac.in,placement@vishwatmakjanglimaharaj.ac.in,+91-80-543-1314,Information Technology (IT),Diploma,30,450,2016,Rural,Yes,Yes
1-44640586100,1-44640586100,U-0767,"VISHWATMAK JANGLI MAHARAJ ASHRAM TRUST(KOKAMTHAN),ATMA MALIK INSTITUTE OF TECHNOLOGY  & RESEARCH.",Active,Maharashtra,Thane,Thane,"AATGAON ,TANSA - AGHAI ROAD,",400136,19.211249,72.960971,Private-Self Financing,"Maharashtra State Board of Technical Education, Mumbai",Approved,Approved,A+,No,,Tier 3,http://www.vishwatmakjanglimaharaj.ac.in,info@vishwatmakjanglimaharaj.ac.in,admissions@vishwatmakjanglimaharaj.ac.in,placement@vishwatmakjanglimaharaj.ac.in,+91-80-543-1314,Artificial Intelligence & Machine Learning (AI & ML),Diploma,30,450,2016,Rural,Yes,Yes
1-44640586100,1-44640586100,U-0767,"VISHWATMAK JANGLI MAHARAJ ASHRAM TRUST(KOKAMTHAN),ATMA MALIK INSTITUTE OF TECHNOLOGY  & RESEARCH.",Active,Maharashtra,Thane,Thane,"AATGAON ,TANSA - AGHAI ROAD,",400136,19.211249,72.960971,Private-Self Financing,"Maharashtra State Board of Technical Education, Mumbai",Approved,Approved,A+,No,,Tier 3,http://www.vishwatmakjanglimaharaj.ac.in,info@vishwatmakjanglimaharaj.ac.in,admissions@vishwatmakjanglimaharaj.ac.in,placement@vishwatmakjanglimaharaj.ac.in,+91-80-543-1314,Cyber Security,B.Tech,30,450,2016,Rural,Yes,Yes
1-44640808927,1-44640808927,U-0767,SHIVAJIRAO S JONDHALE POLYTECNIC,Active,Maharashtra,Thane,Thane,NAVRE NAGAR B CABIN ROAD AMBERNTH EAST,400136,19.199618,72.980941,Private-Self Financing,"Maharashtra State Board of Technical Education, Mumbai",Approved,Approved,B++,No,,Tier 3,http://www.shivajiraosjondhale.ac.in,info@shivajiraosjondhale.ac.in,admissions@shivajiraosjondhale.ac.in,placement@shivajiraosjondhale.ac.in,+91-80-055-2850,Mechanical Engineering,Diploma,41,173,1985,Urban,Yes,Yes
1-44640808927,1-44640808927,U-0767,SHIVAJIRAO S JONDHALE POLYTECNIC,Active,Maharashtra,Thane,Thane,NAVRE NAGAR B CABIN ROAD AMBERNTH EAST,400136,19.199618,72.980941,Private-Self Financing,"Maharashtra State Board of Technical Education, Mumbai",Approved,Approved,B++,No,,Tier 3,http://www.shivajiraosjondhale.ac.in,info@shivajiraosjondhale.ac.in,admissions@shivajiraosjondhale.ac.in,placement@shivajiraosjondhale.ac.in,+91-80-055-2850,Electronics & Communication Engineering (ECE),Diploma,30,173,1985,Urban,Yes,Yes
1-44640808927,1-44640808927,U-0767,SHIVAJIRAO S JONDHALE POLYTECNIC,Active,Maharashtra,Thane,Thane,NAVRE NAGAR B CABIN ROAD AMBERNTH EAST,400136,19.199618,72.980941,Private-Self Financing,"Maharashtra State Board of Technical Education, Mumbai",Approved,Approved,B++,No,,Tier 3,http://www.shivajiraosjondhale.ac.in,info@shivajiraosjondhale.ac.in,admissions@shivajiraosjondhale.ac.in,placement@shivajiraosjondhale.ac.in,+91-80-055-2850,Electrical Engineering,Diploma,41,173,1985,Urban,Yes,Yes
1-44640808927,1-44640808927,U-0767,SHIVAJIRAO S JONDHALE POLYTECNIC,Active,Maharashtra,Thane,Thane,NAVRE NAGAR B CABIN ROAD AMBERNTH EAST,400136,19.199618,72.980941,Private-Self Financing,"Maharashtra State Board of Technical Education, Mumbai",Approved,Approved,B++,No,,Tier 3,http://www.shivajiraosjondhale.ac.in,info@shivajiraosjondhale.ac.in,admissions@shivajiraosjondhale.ac.in,placement@shivajiraosjondhale.ac.in,+91-80-055-2850,Other Engineering Branches,Diploma,41,173,1985,Urban,Yes,Yes
1-44640808927,1-44640808927,U-0767,SHIVAJIRAO S JONDHALE POLYTECNIC,Active,Maharashtra,Thane,Thane,NAVRE NAGAR B CABIN ROAD AMBERNTH EAST,400136,19.199618,72.980941,Private-Self Financing,"Maharashtra State Board of Technical Education, Mumbai",Approved,Approved,B++,No,,Tier 3,http://www.shivajiraosjondhale.ac.in,info@shivajiraosjondhale.ac.in,admissions@shivajiraosjondhale.ac.in,placement@shivajiraosjondhale.ac.in,+91-80-055-2850,Information Technology (IT),Diploma,20,173,1985,Urban,Yes,Yes
1-44640387924,1-44640387924,U-0767,VIDYAVARDHINI'S BHAUSAHEB VARTAK POLYTECHNIC,Active,Maharashtra,Thane,Thane,VASAI ROAD RLY. STATION (W.RLY),400136,19.23373,72.996813,Private-Self Financing,"Maharashtra State Board of Technical Education, Mumbai",Approved,Approved,A,No,,Tier 3,http://www.vidyavardhinisbhausahebvartak.ac.in,info@vidyavardhinisbhausahebvartak.ac.in,admissions@vidyavardhinisbhausahebvartak.ac.in,placement@vidyavardhinisbhausahebvartak.ac.in,+91-80-486-0279,Civil Engineering,Diploma,60,600,1995,Urban,Yes,Yes
1-44640387924,1-44640387924,U-0767,VIDYAVARDHINI'S BHAUSAHEB VARTAK POLYTECHNIC,Active,Maharashtra,Thane,Thane,VASAI ROAD RLY. STATION (W.RLY),400136,19.23373,72.996813,Private-Self Financing,"Maharashtra State Board of Technical Education, Mumbai",Approved,Approved,A,No,,Tier 3,http://www.vidyavardhinisbhausahebvartak.ac.in,info@vidyavardhinisbhausahebvartak.ac.in,admissions@vidyavardhinisbhausahebvartak.ac.in,placement@vidyavardhinisbhausahebvartak.ac.in,+91-80-486-0279,Mechanical Engineering,Diploma,120,600,1995,Urban,Yes,Yes
1-44640387924,1-44640387924,U-0767,VIDYAVARDHINI'S BHAUSAHEB VARTAK POLYTECHNIC,Active,Maharashtra,Thane,Thane,VASAI ROAD RLY. STATION (W.RLY),400136,19.23373,72.996813,Private-Self Financing,"Maharashtra State Board of Technical Education, Mumbai",Approved,Approved,A,No,,Tier 3,http://www.vidyavardhinisbhausahebvartak.ac.in,info@vidyavardhinisbhausahebvartak.ac.in,admissions@vidyavardhinisbhausahebvartak.ac.in,placement@vidyavardhinisbhausahebvartak.ac.in,+91-80-486-0279,Computer Science Engineering (CSE),Diploma,180,600,1995,Urban,Yes,Yes
1-44640387924,1-44640387924,U-0767,VIDYAVARDHINI'S BHAUSAHEB VARTAK POLYTECHNIC,Active,Maharashtra,Thane,Thane,VASAI ROAD RLY. STATION (W.RLY),400136,19.23373,72.996813,Private-Self Financing,"Maharashtra State Board of Technical Education, Mumbai",Approved,Approved,A,No,,Tier 3,http://www.vidyavardhinisbhausahebvartak.ac.in,info@vidyavardhinisbhausahebvartak.ac.in,admissions@vidyavardhinisbhausahebvartak.ac.in,placement@vidyavardhinisbhausahebvartak.ac.in,+91-80-486-0279,Other Engineering Branches,Diploma,60,600,1995,Urban,Yes,Yes
1-44640387924,1-44640387924,U-0767,VIDYAVARDHINI'S BHAUSAHEB VARTAK POLYTECHNIC,Active,Maharashtra,Thane,Thane,VASAI ROAD RLY. STATION (W.RLY),400136,19.23373,72.996813,Private-Self Financing,"Maharashtra State Board of Technical Education, Mumbai",Approved,Approved,A,No,,Tier 3,http://www.vidyavardhinisbhausahebvartak.ac.in,info@vidyavardhinisbhausahebvartak.ac.in,admissions@vidyavardhinisbhausahebvartak.ac.in,placement@vidyavardhinisbhausahebvartak.ac.in,+91-80-486-0279,Artificial Intelligence & Machine Learning (AI & ML),Diploma,180,600,1995,Urban,Yes,Yes
1-44640182585,1-44640182585,U-0767,"GOVERNMENT POLYTECHNIC, VIKRAMGAD",Active,Maharashtra,Thane,Thane,"AT POST SHIL, SURVEY NO. 20",400136,19.223803,72.959539,Government,"Maharashtra State Board of Technical Education, Mumbai",Approved,Approved,A,No,,Tier 2,http://www.vikramgad.ac.in,info@vikramgad.ac.in,admissions@vikramgad.ac.in,placement@vikramgad.ac.in,+91-80-069-6713,Mechanical Engineering,Diploma,60,240,2011,Urban,Yes,Yes
1-44640182585,1-44640182585,U-0767,"GOVERNMENT POLYTECHNIC, VIKRAMGAD",Active,Maharashtra,Thane,Thane,"AT POST SHIL, SURVEY NO. 20",400136,19.223803,72.959539,Government,"Maharashtra State Board of Technical Education, Mumbai",Approved,Approved,A,No,,Tier 2,http://www.vikramgad.ac.in,info@vikramgad.ac.in,admissions@vikramgad.ac.in,placement@vikramgad.ac.in,+91-80-069-6713,Computer Science Engineering (CSE),Diploma,60,240,2011,Urban,Yes,Yes
1-44640182585,1-44640182585,U-0767,"GOVERNMENT POLYTECHNIC, VIKRAMGAD",Active,Maharashtra,Thane,Thane,"AT POST SHIL, SURVEY NO. 20",400136,19.223803,72.959539,Government,"Maharashtra State Board of Technical Education, Mumbai",Approved,Approved,A,No,,Tier 2,http://www.vikramgad.ac.in,info@vikramgad.ac.in,admissions@vikramgad.ac.in,placement@vikramgad.ac.in,+91-80-069-6713,Electrical Engineering,Diploma,60,240,2011,Urban,Yes,Yes
1-44640182585,1-44640182585,U-0767,"GOVERNMENT POLYTECHNIC, VIKRAMGAD",Active,Maharashtra,Thane,Thane,"AT POST SHIL, SURVEY NO. 20",400136,19.223803,72.959539,Government,"Maharashtra State Board of Technical Education, Mumbai",Approved,Approved,A,No,,Tier 2,http://www.vikramgad.ac.in,info@vikramgad.ac.in,admissions@vikramgad.ac.in,placement@vikramgad.ac.in,+91-80-069-6713,Civil Engineering,Diploma,60,240,2011,Urban,Yes,Yes
1-44640608510,1-44640608510,U-0847,PRAVIN ROHIDAS PATIL COLLEGE OF ENGINEERING AND TECHNOLOGY,Active,Maharashtra,Thane,Thane,"MAHAVIDYALAYA MARG, NAVGHAR, WESTERN RAILWAY-BHAYANDAR(E)",400136,19.217747,72.972227,Private-Self Financing,"Mumbai University, Mumbai",Approved,Approved,A+,No,,Tier 3,http://www.pravinrohidaspatil.ac.in,info@pravinrohidaspatil.ac.in,admissions@pravinrohidaspatil.ac.in,placement@pravinrohidaspatil.ac.in,+91-80-815-6762,Other Engineering Branches,B.Tech,60,360,1993,Rural,Yes,Yes
1-44640608510,1-44640608510,U-0847,PRAVIN ROHIDAS PATIL COLLEGE OF ENGINEERING AND TECHNOLOGY,Active,Maharashtra,Thane,Thane,"MAHAVIDYALAYA MARG, NAVGHAR, WESTERN RAILWAY-BHAYANDAR(E)",400136,19.217747,72.972227,Private-Self Financing,"Mumbai University, Mumbai",Approved,Approved,A+,No,,Tier 3,http://www.pravinrohidaspatil.ac.in,info@pravinrohidaspatil.ac.in,admissions@pravinrohidaspatil.ac.in,placement@pravinrohidaspatil.ac.in,+91-80-815-6762,Civil Engineering,B.Tech,30,360,1993,Rural,Yes,Yes
1-44640608510,1-44640608510,U-0847,PRAVIN ROHIDAS PATIL COLLEGE OF ENGINEERING AND TECHNOLOGY,Active,Maharashtra,Thane,Thane,"MAHAVIDYALAYA MARG, NAVGHAR, WESTERN RAILWAY-BHAYANDAR(E)",400136,19.217747,72.972227,Private-Self Financing,"Mumbai University, Mumbai",Approved,Approved,A+,No,,Tier 3,http://www.pravinrohidaspatil.ac.in,info@pravinrohidaspatil.ac.in,admissions@pravinrohidaspatil.ac.in,placement@pravinrohidaspatil.ac.in,+91-80-815-6762,Electrical & Electronics Engineering (EEE),B.Tech,60,360,1993,Rural,Yes,Yes
1-44640608510,1-44640608510,U-0847,PRAVIN ROHIDAS PATIL COLLEGE OF ENGINEERING AND TECHNOLOGY,Active,Maharashtra,Thane,Thane,"MAHAVIDYALAYA MARG, NAVGHAR, WESTERN RAILWAY-BHAYANDAR(E)",400136,19.217747,72.972227,Private-Self Financing,"Mumbai University, Mumbai",Approved,Approved,A+,No,,Tier 3,http://www.pravinrohidaspatil.ac.in,info@pravinrohidaspatil.ac.in,admissions@pravinrohidaspatil.ac.in,placement@pravinrohidaspatil.ac.in,+91-80-815-6762,Information Technology (IT),B.Tech,60,360,1993,Rural,Yes,Yes
1-44640608510,1-44640608510,U-0847,PRAVIN ROHIDAS PATIL COLLEGE OF ENGINEERING AND TECHNOLOGY,Active,Maharashtra,Thane,Thane,"MAHAVIDYALAYA MARG, NAVGHAR, WESTERN RAILWAY-BHAYANDAR(E)",400136,19.217747,72.972227,Private-Self Financing,"Mumbai University, Mumbai",Approved,Approved,A+,No,,Tier 3,http://www.pravinrohidaspatil.ac.in,info@pravinrohidaspatil.ac.in,admissions@pravinrohidaspatil.ac.in,placement@pravinrohidaspatil.ac.in,+91-80-815-6762,Computer Science Engineering (CSE),B.Tech,120,360,1993,Rural,Yes,Yes
1-44640608510,1-44640608510,U-0847,PRAVIN ROHIDAS PATIL COLLEGE OF ENGINEERING AND TECHNOLOGY,Active,Maharashtra,Thane,Thane,"MAHAVIDYALAYA MARG, NAVGHAR, WESTERN RAILWAY-BHAYANDAR(E)",400136,19.217747,72.972227,Private-Self Financing,"Mumbai University, Mumbai",Approved,Approved,A+,No,,Tier 3,http://www.pravinrohidaspatil.ac.in,info@pravinrohidaspatil.ac.in,admissions@pravinrohidaspatil.ac.in,placement@pravinrohidaspatil.ac.in,+91-80-815-6762,Mechanical Engineering,B.Tech,30,360,1993,Rural,Yes,Yes
1-44640776506,1-44640776506,U-0847,NEW HORIZON INSTITUTE OF TECHNOLOGY & MANAGEMENT,Active,Maharashtra,Thane,Thane,"ANAND NAGAR, KAVESAR, OFF GHODBANDAR ROAD, THANE (WEST) 400615",400615,19.216894,72.970467,Private-Self Financing,"Mumbai University, Mumbai",Approved,Approved,A,No,,Tier 3,http://www.newhorizonmanagement.ac.in,info@newhorizonmanagement.ac.in,admissions@newhorizonmanagement.ac.in,placement@newhorizonmanagement.ac.in,+91-80-779-8863,Mechanical Engineering,B.Tech,60,540,1992,Urban,Yes,Yes
1-44640776506,1-44640776506,U-0847,NEW HORIZON INSTITUTE OF TECHNOLOGY & MANAGEMENT,Active,Maharashtra,Thane,Thane,"ANAND NAGAR, KAVESAR, OFF GHODBANDAR ROAD, THANE (WEST) 400615",400615,19.216894,72.970467,Private-Self Financing,"Mumbai University, Mumbai",Approved,Approved,A,No,,Tier 3,http://www.newhorizonmanagement.ac.in,info@newhorizonmanagement.ac.in,admissions@newhorizonmanagement.ac.in,placement@newhorizonmanagement.ac.in,+91-80-779-8863,Civil Engineering,B.Tech,60,540,1992,Urban,Yes,Yes
1-44640776506,1-44640776506,U-0847,NEW HORIZON INSTITUTE OF TECHNOLOGY & MANAGEMENT,Active,Maharashtra,Thane,Thane,"ANAND NAGAR, KAVESAR, OFF GHODBANDAR ROAD, THANE (WEST) 400615",400615,19.216894,72.970467,Private-Self Financing,"Mumbai University, Mumbai",Approved,Approved,A,No,,Tier 3,http://www.newhorizonmanagement.ac.in,info@newhorizonmanagement.ac.in,admissions@newhorizonmanagement.ac.in,placement@newhorizonmanagement.ac.in,+91-80-779-8863,Computer Science Engineering (CSE),B.Tech,240,540,1992,Urban,Yes,Yes
1-44640776506,1-44640776506,U-0847,NEW HORIZON INSTITUTE OF TECHNOLOGY & MANAGEMENT,Active,Maharashtra,Thane,Thane,"ANAND NAGAR, KAVESAR, OFF GHODBANDAR ROAD, THANE (WEST) 400615",400615,19.216894,72.970467,Private-Self Financing,"Mumbai University, Mumbai",Approved,Approved,A,No,,Tier 3,http://www.newhorizonmanagement.ac.in,info@newhorizonmanagement.ac.in,admissions@newhorizonmanagement.ac.in,placement@newhorizonmanagement.ac.in,+91-80-779-8863,Data Science,B.Tech,120,540,1992,Urban,Yes,Yes
1-44640776506,1-44640776506,U-0847,NEW HORIZON INSTITUTE OF TECHNOLOGY & MANAGEMENT,Active,Maharashtra,Thane,Thane,"ANAND NAGAR, KAVESAR, OFF GHODBANDAR ROAD, THANE (WEST) 400615",400615,19.216894,72.970467,Private-Self Financing,"Mumbai University, Mumbai",Approved,Approved,A,No,,Tier 3,http://www.newhorizonmanagement.ac.in,info@newhorizonmanagement.ac.in,admissions@newhorizonmanagement.ac.in,placement@newhorizonmanagement.ac.in,+91-80-779-8863,Information Technology (IT),B.Tech,60,540,1992,Urban,Yes,Yes
1-44641254225,1-44641254225,U-0767,G. E. SOCIETY'S KATGARA POLYTECHNIC INSTITUTE,Active,Maharashtra,Thane,Thane,"AT POST BORDI,  TAL. DAHANU",400136,19.224497,72.959351,Private-Self Financing,"Maharashtra State Board of Technical Education, Mumbai",Approved,Approved,B++,Yes,,Tier 3,http://www.gesocietys.ac.in,info@gesocietys.ac.in,admissions@gesocietys.ac.in,placement@gesocietys.ac.in,+91-80-098-7784,Computer Science Engineering (CSE),Diploma,60,270,1996,Urban,Yes,Yes
1-44641254225,1-44641254225,U-0767,G. E. SOCIETY'S KATGARA POLYTECHNIC INSTITUTE,Active,Maharashtra,Thane,Thane,"AT POST BORDI,  TAL. DAHANU",400136,19.224497,72.959351,Private-Self Financing,"Maharashtra State Board of Technical Education, Mumbai",Approved,Approved,B++,Yes,,Tier 3,http://www.gesocietys.ac.in,info@gesocietys.ac.in,admissions@gesocietys.ac.in,placement@gesocietys.ac.in,+91-80-098-7784,Mechanical Engineering,Diploma,120,270,1996,Urban,Yes,Yes
1-44641254225,1-44641254225,U-0767,G. E. SOCIETY'S KATGARA POLYTECHNIC INSTITUTE,Active,Maharashtra,Thane,Thane,"AT POST BORDI,  TAL. DAHANU",400136,19.224497,72.959351,Private-Self Financing,"Maharashtra State Board of Technical Education, Mumbai",Approved,Approved,B++,Yes,,Tier 3,http://www.gesocietys.ac.in,info@gesocietys.ac.in,admissions@gesocietys.ac.in,placement@gesocietys.ac.in,+91-80-098-7784,Electrical Engineering,Diploma,60,270,1996,Urban,Yes,Yes
1-44641254225,1-44641254225,U-0767,G. E. SOCIETY'S KATGARA POLYTECHNIC INSTITUTE,Active,Maharashtra,Thane,Thane,"AT POST BORDI,  TAL. DAHANU",400136,19.224497,72.959351,Private-Self Financing,"Maharashtra State Board of Technical Education, Mumbai",Approved,Approved,B++,Yes,,Tier 3,http://www.gesocietys.ac.in,info@gesocietys.ac.in,admissions@gesocietys.ac.in,placement@gesocietys.ac.in,+91-80-098-7784,Civil Engineering,Diploma,30,270,1996,Urban,Yes,Yes
1-44641294658,1-44641294658,U-0767,BALASAHEB MHATRE POLYTECHNIC,Active,Maharashtra,Thane,Thane,"BADLAPUR(W), AT KANHOR , TALUKA AMBERNATH DIST THANE",400136,19.206292,72.979051,Private-Self Financing,"Maharashtra State Board of Technical Education, Mumbai",Approved,Approved,B++,No,,Tier 3,http://www.balasahebmhatre.ac.in,info@balasahebmhatre.ac.in,admissions@balasahebmhatre.ac.in,placement@balasahebmhatre.ac.in,+91-80-335-2198,Civil Engineering,Diploma,60,210,1981,Urban,No,Yes
1-44641294658,1-44641294658,U-0767,BALASAHEB MHATRE POLYTECHNIC,Active,Maharashtra,Thane,Thane,"BADLAPUR(W), AT KANHOR , TALUKA AMBERNATH DIST THANE",400136,19.206292,72.979051,Private-Self Financing,"Maharashtra State Board of Technical Education, Mumbai",Approved,Approved,B++,No,,Tier 3,http://www.balasahebmhatre.ac.in,info@balasahebmhatre.ac.in,admissions@balasahebmhatre.ac.in,placement@balasahebmhatre.ac.in,+91-80-335-2198,Computer Science Engineering (CSE),Diploma,30,210,1981,Urban,No,Yes
1-44641294658,1-44641294658,U-0767,BALASAHEB MHATRE POLYTECHNIC,Active,Maharashtra,Thane,Thane,"BADLAPUR(W), AT KANHOR , TALUKA AMBERNATH DIST THANE",400136,19.206292,72.979051,Private-Self Financing,"Maharashtra State Board of Technical Education, Mumbai",Approved,Approved,B++,No,,Tier 3,http://www.balasahebmhatre.ac.in,info@balasahebmhatre.ac.in,admissions@balasahebmhatre.ac.in,placement@balasahebmhatre.ac.in,+91-80-335-2198,Mechanical Engineering,Diploma,60,210,1981,Urban,No,Yes
1-44641294658,1-44641294658,U-0767,BALASAHEB MHATRE POLYTECHNIC,Active,Maharashtra,Thane,Thane,"BADLAPUR(W), AT KANHOR , TALUKA AMBERNATH DIST THANE",400136,19.206292,72.979051,Private-Self Financing,"Maharashtra State Board of Technical Education, Mumbai",Approved,Approved,B++,No,,Tier 3,http://www.balasahebmhatre.ac.in,info@balasahebmhatre.ac.in,admissions@balasahebmhatre.ac.in,placement@balasahebmhatre.ac.in,+91-80-335-2198,Information Technology (IT),Diploma,30,210,1981,Urban,No,Yes
1-44641294658,1-44641294658,U-0767,BALASAHEB MHATRE POLYTECHNIC,Active,Maharashtra,Thane,Thane,"BADLAPUR(W), AT KANHOR , TALUKA AMBERNATH DIST THANE",400136,19.206292,72.979051,Private-Self Financing,"Maharashtra State Board of Technical Education, Mumbai",Approved,Approved,B++,No,,Tier 3,http://www.balasahebmhatre.ac.in,info@balasahebmhatre.ac.in,admissions@balasahebmhatre.ac.in,placement@balasahebmhatre.ac.in,+91-80-335-2198,Electronics & Communication Engineering (ECE),Diploma,30,210,1981,Urban,No,Yes
1-44641383163,1-44641383163,U-0847,A. P. SHAH INSTITUTE OF TECHNOLOGY,Active,Maharashtra,Thane,Thane,"SURVEY NO. 12, OPP. HYPERCITY MALL, KASARVADAVALI, GHODBUNDER ROAD, THANE (W) - 400615",400615,19.231937,72.974849,Private-Self Financing,"Mumbai University, Mumbai",Approved,Approved,Not Accredited,No,,Tier 3,http://www.apshah.ac.in,info@apshah.ac.in,admissions@apshah.ac.in,placement@apshah.ac.in,+91-80-410-8267,Mechanical Engineering,B.Tech,30,720,1984,Urban,Yes,Yes
1-44641383163,1-44641383163,U-0847,A. P. SHAH INSTITUTE OF TECHNOLOGY,Active,Maharashtra,Thane,Thane,"SURVEY NO. 12, OPP. HYPERCITY MALL, KASARVADAVALI, GHODBUNDER ROAD, THANE (W) - 400615",400615,19.231937,72.974849,Private-Self Financing,"Mumbai University, Mumbai",Approved,Approved,Not Accredited,No,,Tier 3,http://www.apshah.ac.in,info@apshah.ac.in,admissions@apshah.ac.in,placement@apshah.ac.in,+91-80-410-8267,Civil Engineering,B.Tech,30,720,1984,Urban,Yes,Yes
1-44641383163,1-44641383163,U-0847,A. P. SHAH INSTITUTE OF TECHNOLOGY,Active,Maharashtra,Thane,Thane,"SURVEY NO. 12, OPP. HYPERCITY MALL, KASARVADAVALI, GHODBUNDER ROAD, THANE (W) - 400615",400615,19.231937,72.974849,Private-Self Financing,"Mumbai University, Mumbai",Approved,Approved,Not Accredited,No,,Tier 3,http://www.apshah.ac.in,info@apshah.ac.in,admissions@apshah.ac.in,placement@apshah.ac.in,+91-80-410-8267,Information Technology (IT),B.Tech,180,720,1984,Urban,Yes,Yes
1-44641383163,1-44641383163,U-0847,A. P. SHAH INSTITUTE OF TECHNOLOGY,Active,Maharashtra,Thane,Thane,"SURVEY NO. 12, OPP. HYPERCITY MALL, KASARVADAVALI, GHODBUNDER ROAD, THANE (W) - 400615",400615,19.231937,72.974849,Private-Self Financing,"Mumbai University, Mumbai",Approved,Approved,Not Accredited,No,,Tier 3,http://www.apshah.ac.in,info@apshah.ac.in,admissions@apshah.ac.in,placement@apshah.ac.in,+91-80-410-8267,Computer Science Engineering (CSE),B.Tech,180,720,1984,Urban,Yes,Yes
1-44641383163,1-44641383163,U-0847,A. P. SHAH INSTITUTE OF TECHNOLOGY,Active,Maharashtra,Thane,Thane,"SURVEY NO. 12, OPP. HYPERCITY MALL, KASARVADAVALI, GHODBUNDER ROAD, THANE (W) - 400615",400615,19.231937,72.974849,Private-Self Financing,"Mumbai University, Mumbai",Approved,Approved,Not Accredited,No,,Tier 3,http://www.apshah.ac.in,info@apshah.ac.in,admissions@apshah.ac.in,placement@apshah.ac.in,+91-80-410-8267,Artificial Intelligence & Machine Learning (AI & ML),B.Tech,180,720,1984,Urban,Yes,Yes
1-44641383163,1-44641383163,U-0847,A. P. SHAH INSTITUTE OF TECHNOLOGY,Active,Maharashtra,Thane,Thane,"SURVEY NO. 12, OPP. HYPERCITY MALL, KASARVADAVALI, GHODBUNDER ROAD, THANE (W) - 400615",400615,19.231937,72.974849,Private-Self Financing,"Mumbai University, Mumbai",Approved,Approved,Not Accredited,No,,Tier 3,http://www.apshah.ac.in,info@apshah.ac.in,admissions@apshah.ac.in,placement@apshah.ac.in,+91-80-410-8267,Data Science,B.Tech,120,720,1984,Urban,Yes,Yes
1-44640924090,1-44640924090,U-0847,TERNA PUBLIC CHARITABLE TRUST'S  TERNA  ENGINEERING COLLEGE,Active,Maharashtra,Thane,Thane,"PLOT NO 12, SECTOR 22, PHASE II ,  OPPOSITE NERUL RAILWAY STATION, NERUL (WEST)",400136,19.233992,72.975105,Private-Self Financing,"Mumbai University, Mumbai",Approved,Approved,B,Yes,,Tier 3,http://www.ternapubliccharitable.ac.in,info@ternapubliccharitable.ac.in,admissions@ternapubliccharitable.ac.in,placement@ternapubliccharitable.ac.in,+91-80-497-0220,Mechanical Engineering,B.Tech,120,660,2022,Urban,Yes,Yes
1-44640924090,1-44640924090,U-0847,TERNA PUBLIC CHARITABLE TRUST'S  TERNA  ENGINEERING COLLEGE,Active,Maharashtra,Thane,Thane,"PLOT NO 12, SECTOR 22, PHASE II ,  OPPOSITE NERUL RAILWAY STATION, NERUL (WEST)",400136,19.233992,72.975105,Private-Self Financing,"Mumbai University, Mumbai",Approved,Approved,B,Yes,,Tier 3,http://www.ternapubliccharitable.ac.in,info@ternapubliccharitable.ac.in,admissions@ternapubliccharitable.ac.in,placement@ternapubliccharitable.ac.in,+91-80-497-0220,Computer Science Engineering (CSE),B.Tech,180,660,2022,Urban,Yes,Yes
1-44640924090,1-44640924090,U-0847,TERNA PUBLIC CHARITABLE TRUST'S  TERNA  ENGINEERING COLLEGE,Active,Maharashtra,Thane,Thane,"PLOT NO 12, SECTOR 22, PHASE II ,  OPPOSITE NERUL RAILWAY STATION, NERUL (WEST)",400136,19.233992,72.975105,Private-Self Financing,"Mumbai University, Mumbai",Approved,Approved,B,Yes,,Tier 3,http://www.ternapubliccharitable.ac.in,info@ternapubliccharitable.ac.in,admissions@ternapubliccharitable.ac.in,placement@ternapubliccharitable.ac.in,+91-80-497-0220,Other Engineering Branches,B.Tech,60,660,2022,Urban,Yes,Yes
1-44640924090,1-44640924090,U-0847,TERNA PUBLIC CHARITABLE TRUST'S  TERNA  ENGINEERING COLLEGE,Active,Maharashtra,Thane,Thane,"PLOT NO 12, SECTOR 22, PHASE II ,  OPPOSITE NERUL RAILWAY STATION, NERUL (WEST)",400136,19.233992,72.975105,Private-Self Financing,"Mumbai University, Mumbai",Approved,Approved,B,Yes,,Tier 3,http://www.ternapubliccharitable.ac.in,info@ternapubliccharitable.ac.in,admissions@ternapubliccharitable.ac.in,placement@ternapubliccharitable.ac.in,+91-80-497-0220,Information Technology (IT),B.Tech,60,660,2022,Urban,Yes,Yes
1-44640924090,1-44640924090,U-0847,TERNA PUBLIC CHARITABLE TRUST'S  TERNA  ENGINEERING COLLEGE,Active,Maharashtra,Thane,Thane,"PLOT NO 12, SECTOR 22, PHASE II ,  OPPOSITE NERUL RAILWAY STATION, NERUL (WEST)",400136,19.233992,72.975105,Private-Self Financing,"Mumbai University, Mumbai",Approved,Approved,B,Yes,,Tier 3,http://www.ternapubliccharitable.ac.in,info@ternapubliccharitable.ac.in,admissions@ternapubliccharitable.ac.in,placement@ternapubliccharitable.ac.in,+91-80-497-0220,Electronics & Communication Engineering (ECE),B.Tech,120,660,2022,Urban,Yes,Yes
1-44640924090,1-44640924090,U-0847,TERNA PUBLIC CHARITABLE TRUST'S  TERNA  ENGINEERING COLLEGE,Active,Maharashtra,Thane,Thane,"PLOT NO 12, SECTOR 22, PHASE II ,  OPPOSITE NERUL RAILWAY STATION, NERUL (WEST)",400136,19.233992,72.975105,Private-Self Financing,"Mumbai University, Mumbai",Approved,Approved,B,Yes,,Tier 3,http://www.ternapubliccharitable.ac.in,info@ternapubliccharitable.ac.in,admissions@ternapubliccharitable.ac.in,placement@ternapubliccharitable.ac.in,+91-80-497-0220,Civil Engineering,B.Tech,60,660,2022,Urban,Yes,Yes
1-44640924090,1-44640924090,U-0847,TERNA PUBLIC CHARITABLE TRUST'S  TERNA  ENGINEERING COLLEGE,Active,Maharashtra,Thane,Thane,"PLOT NO 12, SECTOR 22, PHASE II ,  OPPOSITE NERUL RAILWAY STATION, NERUL (WEST)",400136,19.233992,72.975105,Private-Self Financing,"Mumbai University, Mumbai",Approved,Approved,B,Yes,,Tier 3,http://www.ternapubliccharitable.ac.in,info@ternapubliccharitable.ac.in,admissions@ternapubliccharitable.ac.in,placement@ternapubliccharitable.ac.in,+91-80-497-0220,Data Science,B.Tech,60,660,2022,Urban,Yes,Yes
1-44641266823,1-44641266823,U-0767,"GOVERNMENT POYTECHNIC, THANE",Active,Maharashtra,Thane,Thane,"OPP. BHARAT GEAR CO. LTD. PHADKE PADA, KHARDI GOAN, MUMBRA ( EAST )",400136,19.223249,72.962684,Government,"Maharashtra State Board of Technical Education, Mumbai",Approved,Approved,A,No,,Tier 2,http://www.poytechnicthane.ac.in,info@poytechnicthane.ac.in,admissions@poytechnicthane.ac.in,placement@poytechnicthane.ac.in,+91-80-046-4029,Mechanical Engineering,Diploma,120,480,1997,Urban,No,Yes
1-44641266823,1-44641266823,U-0767,"GOVERNMENT POYTECHNIC, THANE",Active,Maharashtra,Thane,Thane,"OPP. BHARAT GEAR CO. LTD. PHADKE PADA, KHARDI GOAN, MUMBRA ( EAST )",400136,19.223249,72.962684,Government,"Maharashtra State Board of Technical Education, Mumbai",Approved,Approved,A,No,,Tier 2,http://www.poytechnicthane.ac.in,info@poytechnicthane.ac.in,admissions@poytechnicthane.ac.in,placement@poytechnicthane.ac.in,+91-80-046-4029,Chemical Engineering,Diploma,60,480,1997,Urban,No,Yes
1-44641266823,1-44641266823,U-0767,"GOVERNMENT POYTECHNIC, THANE",Active,Maharashtra,Thane,Thane,"OPP. BHARAT GEAR CO. LTD. PHADKE PADA, KHARDI GOAN, MUMBRA ( EAST )",400136,19.223249,72.962684,Government,"Maharashtra State Board of Technical Education, Mumbai",Approved,Approved,A,No,,Tier 2,http://www.poytechnicthane.ac.in,info@poytechnicthane.ac.in,admissions@poytechnicthane.ac.in,placement@poytechnicthane.ac.in,+91-80-046-4029,Computer Science Engineering (CSE),Diploma,60,480,1997,Urban,No,Yes
1-44641266823,1-44641266823,U-0767,"GOVERNMENT POYTECHNIC, THANE",Active,Maharashtra,Thane,Thane,"OPP. BHARAT GEAR CO. LTD. PHADKE PADA, KHARDI GOAN, MUMBRA ( EAST )",400136,19.223249,72.962684,Government,"Maharashtra State Board of Technical Education, Mumbai",Approved,Approved,A,No,,Tier 2,http://www.poytechnicthane.ac.in,info@poytechnicthane.ac.in,admissions@poytechnicthane.ac.in,placement@poytechnicthane.ac.in,+91-80-046-4029,Information Technology (IT),Diploma,60,480,1997,Urban,No,Yes
1-44641266823,1-44641266823,U-0767,"GOVERNMENT POYTECHNIC, THANE",Active,Maharashtra,Thane,Thane,"OPP. BHARAT GEAR CO. LTD. PHADKE PADA, KHARDI GOAN, MUMBRA ( EAST )",400136,19.223249,72.962684,Government,"Maharashtra State Board of Technical Education, Mumbai",Approved,Approved,A,No,,Tier 2,http://www.poytechnicthane.ac.in,info@poytechnicthane.ac.in,admissions@poytechnicthane.ac.in,placement@poytechnicthane.ac.in,+91-80-046-4029,Other Engineering Branches,Diploma,60,480,1997,Urban,No,Yes
1-44641266823,1-44641266823,U-0767,"GOVERNMENT POYTECHNIC, THANE",Active,Maharashtra,Thane,Thane,"OPP. BHARAT GEAR CO. LTD. PHADKE PADA, KHARDI GOAN, MUMBRA ( EAST )",400136,19.223249,72.962684,Government,"Maharashtra State Board of Technical Education, Mumbai",Approved,Approved,A,No,,Tier 2,http://www.poytechnicthane.ac.in,info@poytechnicthane.ac.in,admissions@poytechnicthane.ac.in,placement@poytechnicthane.ac.in,+91-80-046-4029,Civil Engineering,Diploma,120,480,1997,Urban,No,Yes
1-44641400289,1-44641400289,U-0767,DEVI MAHALAXMI POLYTECHNIC COLLEGE,Active,Maharashtra,Thane,Thane,"MHASKAL, NEAR GANESH TEMPLE, TITWALA, TAL KALYAN",400136,19.21983,72.966986,Private-Self Financing,"Maharashtra State Board of Technical Education, Mumbai",Approved,Approved,B,Yes,,Tier 3,http://www.devimahalaxmi.ac.in,info@devimahalaxmi.ac.in,admissions@devimahalaxmi.ac.in,placement@devimahalaxmi.ac.in,+91-80-903-0456,Electronics & Communication Engineering (ECE),Diploma,30,270,1991,Urban,Yes,Yes
1-44641400289,1-44641400289,U-0767,DEVI MAHALAXMI POLYTECHNIC COLLEGE,Active,Maharashtra,Thane,Thane,"MHASKAL, NEAR GANESH TEMPLE, TITWALA, TAL KALYAN",400136,19.21983,72.966986,Private-Self Financing,"Maharashtra State Board of Technical Education, Mumbai",Approved,Approved,B,Yes,,Tier 3,http://www.devimahalaxmi.ac.in,info@devimahalaxmi.ac.in,admissions@devimahalaxmi.ac.in,placement@devimahalaxmi.ac.in,+91-80-903-0456,Civil Engineering,Diploma,60,270,1991,Urban,Yes,Yes
1-44641400289,1-44641400289,U-0767,DEVI MAHALAXMI POLYTECHNIC COLLEGE,Active,Maharashtra,Thane,Thane,"MHASKAL, NEAR GANESH TEMPLE, TITWALA, TAL KALYAN",400136,19.21983,72.966986,Private-Self Financing,"Maharashtra State Board of Technical Education, Mumbai",Approved,Approved,B,Yes,,Tier 3,http://www.devimahalaxmi.ac.in,info@devimahalaxmi.ac.in,admissions@devimahalaxmi.ac.in,placement@devimahalaxmi.ac.in,+91-80-903-0456,Mechanical Engineering,Diploma,60,270,1991,Urban,Yes,Yes
1-44641400289,1-44641400289,U-0767,DEVI MAHALAXMI POLYTECHNIC COLLEGE,Active,Maharashtra,Thane,Thane,"MHASKAL, NEAR GANESH TEMPLE, TITWALA, TAL KALYAN",400136,19.21983,72.966986,Private-Self Financing,"Maharashtra State Board of Technical Education, Mumbai",Approved,Approved,B,Yes,,Tier 3,http://www.devimahalaxmi.ac.in,info@devimahalaxmi.ac.in,admissions@devimahalaxmi.ac.in,placement@devimahalaxmi.ac.in,+91-80-903-0456,Computer Science Engineering (CSE),Diploma,30,270,1991,Urban,Yes,Yes
1-44641400289,1-44641400289,U-0767,DEVI MAHALAXMI POLYTECHNIC COLLEGE,Active,Maharashtra,Thane,Thane,"MHASKAL, NEAR GANESH TEMPLE, TITWALA, TAL KALYAN",400136,19.21983,72.966986,Private-Self Financing,"Maharashtra State Board of Technical Education, Mumbai",Approved,Approved,B,Yes,,Tier 3,http://www.devimahalaxmi.ac.in,info@devimahalaxmi.ac.in,admissions@devimahalaxmi.ac.in,placement@devimahalaxmi.ac.in,+91-80-903-0456,Information Technology (IT),Diploma,30,270,1991,Urban,Yes,Yes
1-44641400289,1-44641400289,U-0767,DEVI MAHALAXMI POLYTECHNIC COLLEGE,Active,Maharashtra,Thane,Thane,"MHASKAL, NEAR GANESH TEMPLE, TITWALA, TAL KALYAN",400136,19.21983,72.966986,Private-Self Financing,"Maharashtra State Board of Technical Education, Mumbai",Approved,Approved,B,Yes,,Tier 3,http://www.devimahalaxmi.ac.in,info@devimahalaxmi.ac.in,admissions@devimahalaxmi.ac.in,placement@devimahalaxmi.ac.in,+91-80-903-0456,Electrical Engineering,Diploma,60,270,1991,Urban,Yes,Yes
1-44640893125,1-44640893125,U-0847,SIES GRADUATE SCHOOL OF TECHNOLOGY,Active,Maharashtra,Thane,Thane,"SRI CHANDRASEKARENDRA SARASWATHY VIDYAPURAM, SECTOR-V, NERUL, NAVI MUMBAI",400136,19.213979,72.969146,Private-Self Financing,"Mumbai University, Mumbai",Approved,Approved,A+,No,,Tier 3,http://www.siesgraduateschool.ac.in,info@siesgraduateschool.ac.in,admissions@siesgraduateschool.ac.in,placement@siesgraduateschool.ac.in,+91-80-657-6198,Computer Science Engineering (CSE),B.Tech,240,696,1994,Rural,Yes,Yes
1-44640893125,1-44640893125,U-0847,SIES GRADUATE SCHOOL OF TECHNOLOGY,Active,Maharashtra,Thane,Thane,"SRI CHANDRASEKARENDRA SARASWATHY VIDYAPURAM, SECTOR-V, NERUL, NAVI MUMBAI",400136,19.213979,72.969146,Private-Self Financing,"Mumbai University, Mumbai",Approved,Approved,A+,No,,Tier 3,http://www.siesgraduateschool.ac.in,info@siesgraduateschool.ac.in,admissions@siesgraduateschool.ac.in,placement@siesgraduateschool.ac.in,+91-80-657-6198,Electronics & Communication Engineering (ECE),B.Tech,60,696,1994,Rural,Yes,Yes
1-44640893125,1-44640893125,U-0847,SIES GRADUATE SCHOOL OF TECHNOLOGY,Active,Maharashtra,Thane,Thane,"SRI CHANDRASEKARENDRA SARASWATHY VIDYAPURAM, SECTOR-V, NERUL, NAVI MUMBAI",400136,19.213979,72.969146,Private-Self Financing,"Mumbai University, Mumbai",Approved,Approved,A+,No,,Tier 3,http://www.siesgraduateschool.ac.in,info@siesgraduateschool.ac.in,admissions@siesgraduateschool.ac.in,placement@siesgraduateschool.ac.in,+91-80-657-6198,Information Technology (IT),B.Tech,120,696,1994,Rural,Yes,Yes
1-44640893125,1-44640893125,U-0847,SIES GRADUATE SCHOOL OF TECHNOLOGY,Active,Maharashtra,Thane,Thane,"SRI CHANDRASEKARENDRA SARASWATHY VIDYAPURAM, SECTOR-V, NERUL, NAVI MUMBAI",400136,19.213979,72.969146,Private-Self Financing,"Mumbai University, Mumbai",Approved,Approved,A+,No,,Tier 3,http://www.siesgraduateschool.ac.in,info@siesgraduateschool.ac.in,admissions@siesgraduateschool.ac.in,placement@siesgraduateschool.ac.in,+91-80-657-6198,Artificial Intelligence & Machine Learning (AI & ML),B.Tech,60,696,1994,Rural,Yes,Yes
1-44640893125,1-44640893125,U-0847,SIES GRADUATE SCHOOL OF TECHNOLOGY,Active,Maharashtra,Thane,Thane,"SRI CHANDRASEKARENDRA SARASWATHY VIDYAPURAM, SECTOR-V, NERUL, NAVI MUMBAI",400136,19.213979,72.969146,Private-Self Financing,"Mumbai University, Mumbai",Approved,Approved,A+,No,,Tier 3,http://www.siesgraduateschool.ac.in,info@siesgraduateschool.ac.in,admissions@siesgraduateschool.ac.in,placement@siesgraduateschool.ac.in,+91-80-657-6198,Data Science,B.Tech,120,696,1994,Rural,Yes,Yes
1-44640893125,1-44640893125,U-0847,SIES GRADUATE SCHOOL OF TECHNOLOGY,Active,Maharashtra,Thane,Thane,"SRI CHANDRASEKARENDRA SARASWATHY VIDYAPURAM, SECTOR-V, NERUL, NAVI MUMBAI",400136,19.213979,72.969146,Private-Self Financing,"Mumbai University, Mumbai",Approved,Approved,A+,No,,Tier 3,http://www.siesgraduateschool.ac.in,info@siesgraduateschool.ac.in,admissions@siesgraduateschool.ac.in,placement@siesgraduateschool.ac.in,+91-80-657-6198,Data Science,M.Tech,18,696,1994,Rural,Yes,Yes
1-44640893125,1-44640893125,U-0847,SIES GRADUATE SCHOOL OF TECHNOLOGY,Active,Maharashtra,Thane,Thane,"SRI CHANDRASEKARENDRA SARASWATHY VIDYAPURAM, SECTOR-V, NERUL, NAVI MUMBAI",400136,19.213979,72.969146,Private-Self Financing,"Mumbai University, Mumbai",Approved,Approved,A+,No,,Tier 3,http://www.siesgraduateschool.ac.in,info@siesgraduateschool.ac.in,admissions@siesgraduateschool.ac.in,placement@siesgraduateschool.ac.in,+91-80-657-6198,Cyber Security,B.Tech,60,696,1994,Rural,Yes,Yes
1-44640893125,1-44640893125,U-0847,SIES GRADUATE SCHOOL OF TECHNOLOGY,Active,Maharashtra,Thane,Thane,"SRI CHANDRASEKARENDRA SARASWATHY VIDYAPURAM, SECTOR-V, NERUL, NAVI MUMBAI",400136,19.213979,72.969146,Private-Self Financing,"Mumbai University, Mumbai",Approved,Approved,A+,No,,Tier 3,http://www.siesgraduateschool.ac.in,info@siesgraduateschool.ac.in,admissions@siesgraduateschool.ac.in,placement@siesgraduateschool.ac.in,+91-80-657-6198,Information Technology (IT),M.Tech,18,696,1994,Rural,Yes,Yes
1-44642257663,1-44642257663,U-0847,"BHARATI VIDYAPEETH COLLEGE OF ENGINEERING, NAVI MUMBAI",Active,Maharashtra,Thane,Thane,"SECTOR-7, C.B.D., BELAPUR, NAVI MUMBAI-400614",400614,19.215739,72.991824,Private-Self Financing,"Mumbai University, Mumbai",Approved,Approved,Not Accredited,No,,Tier 3,http://www.bharatividyapeethnavi.ac.in,info@bharatividyapeethnavi.ac.in,admissions@bharatividyapeethnavi.ac.in,placement@bharatividyapeethnavi.ac.in,+91-80-731-4647,Mechanical Engineering,M.Tech,18,576,2002,Urban,Yes,Yes
1-44642257663,1-44642257663,U-0847,"BHARATI VIDYAPEETH COLLEGE OF ENGINEERING, NAVI MUMBAI",Active,Maharashtra,Thane,Thane,"SECTOR-7, C.B.D., BELAPUR, NAVI MUMBAI-400614",400614,19.215739,72.991824,Private-Self Financing,"Mumbai University, Mumbai",Approved,Approved,Not Accredited,No,,Tier 3,http://www.bharatividyapeethnavi.ac.in,info@bharatividyapeethnavi.ac.in,admissions@bharatividyapeethnavi.ac.in,placement@bharatividyapeethnavi.ac.in,+91-80-731-4647,Computer Science Engineering (CSE),B.Tech,120,576,2002,Urban,Yes,Yes
1-44642257663,1-44642257663,U-0847,"BHARATI VIDYAPEETH COLLEGE OF ENGINEERING, NAVI MUMBAI",Active,Maharashtra,Thane,Thane,"SECTOR-7, C.B.D., BELAPUR, NAVI MUMBAI-400614",400614,19.215739,72.991824,Private-Self Financing,"Mumbai University, Mumbai",Approved,Approved,Not Accredited,No,,Tier 3,http://www.bharatividyapeethnavi.ac.in,info@bharatividyapeethnavi.ac.in,admissions@bharatividyapeethnavi.ac.in,placement@bharatividyapeethnavi.ac.in,+91-80-731-4647,Electronics & Communication Engineering (ECE),B.Tech,120,576,2002,Urban,Yes,Yes
1-44642257663,1-44642257663,U-0847,"BHARATI VIDYAPEETH COLLEGE OF ENGINEERING, NAVI MUMBAI",Active,Maharashtra,Thane,Thane,"SECTOR-7, C.B.D., BELAPUR, NAVI MUMBAI-400614",400614,19.215739,72.991824,Private-Self Financing,"Mumbai University, Mumbai",Approved,Approved,Not Accredited,No,,Tier 3,http://www.bharatividyapeethnavi.ac.in,info@bharatividyapeethnavi.ac.in,admissions@bharatividyapeethnavi.ac.in,placement@bharatividyapeethnavi.ac.in,+91-80-731-4647,Other Engineering Branches,B.Tech,60,576,2002,Urban,Yes,Yes
1-44642257663,1-44642257663,U-0847,"BHARATI VIDYAPEETH COLLEGE OF ENGINEERING, NAVI MUMBAI",Active,Maharashtra,Thane,Thane,"SECTOR-7, C.B.D., BELAPUR, NAVI MUMBAI-400614",400614,19.215739,72.991824,Private-Self Financing,"Mumbai University, Mumbai",Approved,Approved,Not Accredited,No,,Tier 3,http://www.bharatividyapeethnavi.ac.in,info@bharatividyapeethnavi.ac.in,admissions@bharatividyapeethnavi.ac.in,placement@bharatividyapeethnavi.ac.in,+91-80-731-4647,Mechanical Engineering,B.Tech,120,576,2002,Urban,Yes,Yes
1-44642257663,1-44642257663,U-0847,"BHARATI VIDYAPEETH COLLEGE OF ENGINEERING, NAVI MUMBAI",Active,Maharashtra,Thane,Thane,"SECTOR-7, C.B.D., BELAPUR, NAVI MUMBAI-400614",400614,19.215739,72.991824,Private-Self Financing,"Mumbai University, Mumbai",Approved,Approved,Not Accredited,No,,Tier 3,http://www.bharatividyapeethnavi.ac.in,info@bharatividyapeethnavi.ac.in,admissions@bharatividyapeethnavi.ac.in,placement@bharatividyapeethnavi.ac.in,+91-80-731-4647,Information Technology (IT),B.Tech,60,576,2002,Urban,Yes,Yes
1-44642257663,1-44642257663,U-0847,"BHARATI VIDYAPEETH COLLEGE OF ENGINEERING, NAVI MUMBAI",Active,Maharashtra,Thane,Thane,"SECTOR-7, C.B.D., BELAPUR, NAVI MUMBAI-400614",400614,19.215739,72.991824,Private-Self Financing,"Mumbai University, Mumbai",Approved,Approved,Not Accredited,No,,Tier 3,http://www.bharatividyapeethnavi.ac.in,info@bharatividyapeethnavi.ac.in,admissions@bharatividyapeethnavi.ac.in,placement@bharatividyapeethnavi.ac.in,+91-80-731-4647,Computer Science Engineering (CSE),M.Tech,18,576,2002,Urban,Yes,Yes
1-44642257663,1-44642257663,U-0847,"BHARATI VIDYAPEETH COLLEGE OF ENGINEERING, NAVI MUMBAI",Active,Maharashtra,Thane,Thane,"SECTOR-7, C.B.D., BELAPUR, NAVI MUMBAI-400614",400614,19.215739,72.991824,Private-Self Financing,"Mumbai University, Mumbai",Approved,Approved,Not Accredited,No,,Tier 3,http://www.bharatividyapeethnavi.ac.in,info@bharatividyapeethnavi.ac.in,admissions@bharatividyapeethnavi.ac.in,placement@bharatividyapeethnavi.ac.in,+91-80-731-4647,Chemical Engineering,B.Tech,60,576,2002,Urban,Yes,Yes
1-44641845367,1-44641845367,U-0847,KOTI VIDYA CHARITABLE TRUST'S ALAMURI RATNAMALA INSTITUTE OF ENGINEERING AND TECHNOLOGY,Active,Maharashtra,Thane,Thane,"SHEREPADA,VILLAGE SAPGAON,TALUKA -SHAHAPUR,DISTRICT-THANE",400136,19.236168,72.960173,Private-Self Financing,"Mumbai University, Mumbai",Approved,Approved,Not Accredited,No,,Tier 3,http://www.kotividyacharitable.ac.in,info@kotividyacharitable.ac.in,admissions@kotividyacharitable.ac.in,placement@kotividyacharitable.ac.in,+91-80-588-2765,Mechanical Engineering,M.Tech,24,720,1987,Urban,Yes,Yes
1-44641845367,1-44641845367,U-0847,KOTI VIDYA CHARITABLE TRUST'S ALAMURI RATNAMALA INSTITUTE OF ENGINEERING AND TECHNOLOGY,Active,Maharashtra,Thane,Thane,"SHEREPADA,VILLAGE SAPGAON,TALUKA -SHAHAPUR,DISTRICT-THANE",400136,19.236168,72.960173,Private-Self Financing,"Mumbai University, Mumbai",Approved,Approved,Not Accredited,No,,Tier 3,http://www.kotividyacharitable.ac.in,info@kotividyacharitable.ac.in,admissions@kotividyacharitable.ac.in,placement@kotividyacharitable.ac.in,+91-80-588-2765,Civil Engineering,B.Tech,30,720,1987,Urban,Yes,Yes
1-44641845367,1-44641845367,U-0847,KOTI VIDYA CHARITABLE TRUST'S ALAMURI RATNAMALA INSTITUTE OF ENGINEERING AND TECHNOLOGY,Active,Maharashtra,Thane,Thane,"SHEREPADA,VILLAGE SAPGAON,TALUKA -SHAHAPUR,DISTRICT-THANE",400136,19.236168,72.960173,Private-Self Financing,"Mumbai University, Mumbai",Approved,Approved,Not Accredited,No,,Tier 3,http://www.kotividyacharitable.ac.in,info@kotividyacharitable.ac.in,admissions@kotividyacharitable.ac.in,placement@kotividyacharitable.ac.in,+91-80-588-2765,Computer Science Engineering (CSE),B.Tech,120,720,1987,Urban,Yes,Yes
1-44641845367,1-44641845367,U-0847,KOTI VIDYA CHARITABLE TRUST'S ALAMURI RATNAMALA INSTITUTE OF ENGINEERING AND TECHNOLOGY,Active,Maharashtra,Thane,Thane,"SHEREPADA,VILLAGE SAPGAON,TALUKA -SHAHAPUR,DISTRICT-THANE",400136,19.236168,72.960173,Private-Self Financing,"Mumbai University, Mumbai",Approved,Approved,Not Accredited,No,,Tier 3,http://www.kotividyacharitable.ac.in,info@kotividyacharitable.ac.in,admissions@kotividyacharitable.ac.in,placement@kotividyacharitable.ac.in,+91-80-588-2765,Mechanical Engineering,B.Tech,30,720,1987,Urban,Yes,Yes
1-44641845367,1-44641845367,U-0847,KOTI VIDYA CHARITABLE TRUST'S ALAMURI RATNAMALA INSTITUTE OF ENGINEERING AND TECHNOLOGY,Active,Maharashtra,Thane,Thane,"SHEREPADA,VILLAGE SAPGAON,TALUKA -SHAHAPUR,DISTRICT-THANE",400136,19.236168,72.960173,Private-Self Financing,"Mumbai University, Mumbai",Approved,Approved,Not Accredited,No,,Tier 3,http://www.kotividyacharitable.ac.in,info@kotividyacharitable.ac.in,admissions@kotividyacharitable.ac.in,placement@kotividyacharitable.ac.in,+91-80-588-2765,Information Technology (IT),B.Tech,60,720,1987,Urban,Yes,Yes
1-44641845367,1-44641845367,U-0847,KOTI VIDYA CHARITABLE TRUST'S ALAMURI RATNAMALA INSTITUTE OF ENGINEERING AND TECHNOLOGY,Active,Maharashtra,Thane,Thane,"SHEREPADA,VILLAGE SAPGAON,TALUKA -SHAHAPUR,DISTRICT-THANE",400136,19.236168,72.960173,Private-Self Financing,"Mumbai University, Mumbai",Approved,Approved,Not Accredited,No,,Tier 3,http://www.kotividyacharitable.ac.in,info@kotividyacharitable.ac.in,admissions@kotividyacharitable.ac.in,placement@kotividyacharitable.ac.in,+91-80-588-2765,Electronics & Communication Engineering (ECE),B.Tech,30,720,1987,Urban,Yes,Yes
1-44641845367,1-44641845367,U-0847,KOTI VIDYA CHARITABLE TRUST'S ALAMURI RATNAMALA INSTITUTE OF ENGINEERING AND TECHNOLOGY,Active,Maharashtra,Thane,Thane,"SHEREPADA,VILLAGE SAPGAON,TALUKA -SHAHAPUR,DISTRICT-THANE",400136,19.236168,72.960173,Private-Self Financing,"Mumbai University, Mumbai",Approved,Approved,Not Accredited,No,,Tier 3,http://www.kotividyacharitable.ac.in,info@kotividyacharitable.ac.in,admissions@kotividyacharitable.ac.in,placement@kotividyacharitable.ac.in,+91-80-588-2765,Mechanical Engineering,Diploma,90,720,1987,Urban,Yes,Yes
1-44641845367,1-44641845367,U-0847,KOTI VIDYA CHARITABLE TRUST'S ALAMURI RATNAMALA INSTITUTE OF ENGINEERING AND TECHNOLOGY,Active,Maharashtra,Thane,Thane,"SHEREPADA,VILLAGE SAPGAON,TALUKA -SHAHAPUR,DISTRICT-THANE",400136,19.236168,72.960173,Private-Self Financing,"Mumbai University, Mumbai",Approved,Approved,Not Accredited,No,,Tier 3,http://www.kotividyacharitable.ac.in,info@kotividyacharitable.ac.in,admissions@kotividyacharitable.ac.in,placement@kotividyacharitable.ac.in,+91-80-588-2765,Computer Science Engineering (CSE),M.Tech,18,720,1987,Urban,Yes,Yes
1-44641845367,1-44641845367,U-0847,KOTI VIDYA CHARITABLE TRUST'S ALAMURI RATNAMALA INSTITUTE OF ENGINEERING AND TECHNOLOGY,Active,Maharashtra,Thane,Thane,"SHEREPADA,VILLAGE SAPGAON,TALUKA -SHAHAPUR,DISTRICT-THANE",400136,19.236168,72.960173,Private-Self Financing,"Mumbai University, Mumbai",Approved,Approved,Not Accredited,No,,Tier 3,http://www.kotividyacharitable.ac.in,info@kotividyacharitable.ac.in,admissions@kotividyacharitable.ac.in,placement@kotividyacharitable.ac.in,+91-80-588-2765,Electronics & Communication Engineering (ECE),M.Tech,18,720,1987,Urban,Yes,Yes
1-44641845367,1-44641845367,U-0847,KOTI VIDYA CHARITABLE TRUST'S ALAMURI RATNAMALA INSTITUTE OF ENGINEERING AND TECHNOLOGY,Active,Maharashtra,Thane,Thane,"SHEREPADA,VILLAGE SAPGAON,TALUKA -SHAHAPUR,DISTRICT-THANE",400136,19.236168,72.960173,Private-Self Financing,"Mumbai University, Mumbai",Approved,Approved,Not Accredited,No,,Tier 3,http://www.kotividyacharitable.ac.in,info@kotividyacharitable.ac.in,admissions@kotividyacharitable.ac.in,placement@kotividyacharitable.ac.in,+91-80-588-2765,Electronics & Communication Engineering (ECE),Diploma,30,720,1987,Urban,Yes,Yes
1-44641845367,1-44641845367,U-0847,KOTI VIDYA CHARITABLE TRUST'S ALAMURI RATNAMALA INSTITUTE OF ENGINEERING AND TECHNOLOGY,Active,Maharashtra,Thane,Thane,"SHEREPADA,VILLAGE SAPGAON,TALUKA -SHAHAPUR,DISTRICT-THANE",400136,19.236168,72.960173,Private-Self Financing,"Mumbai University, Mumbai",Approved,Approved,Not Accredited,No,,Tier 3,http://www.kotividyacharitable.ac.in,info@kotividyacharitable.ac.in,admissions@kotividyacharitable.ac.in,placement@kotividyacharitable.ac.in,+91-80-588-2765,Electrical Engineering,B.Tech,60,720,1987,Urban,Yes,Yes
1-44641845367,1-44641845367,U-0847,KOTI VIDYA CHARITABLE TRUST'S ALAMURI RATNAMALA INSTITUTE OF ENGINEERING AND TECHNOLOGY,Active,Maharashtra,Thane,Thane,"SHEREPADA,VILLAGE SAPGAON,TALUKA -SHAHAPUR,DISTRICT-THANE",400136,19.236168,72.960173,Private-Self Financing,"Mumbai University, Mumbai",Approved,Approved,Not Accredited,No,,Tier 3,http://www.kotividyacharitable.ac.in,info@kotividyacharitable.ac.in,admissions@kotividyacharitable.ac.in,placement@kotividyacharitable.ac.in,+91-80-588-2765,Civil Engineering,Diploma,60,720,1987,Urban,Yes,Yes
1-44641845367,1-44641845367,U-0847,KOTI VIDYA CHARITABLE TRUST'S ALAMURI RATNAMALA INSTITUTE OF ENGINEERING AND TECHNOLOGY,Active,Maharashtra,Thane,Thane,"SHEREPADA,VILLAGE SAPGAON,TALUKA -SHAHAPUR,DISTRICT-THANE",400136,19.236168,72.960173,Private-Self Financing,"Mumbai University, Mumbai",Approved,Approved,Not Accredited,No,,Tier 3,http://www.kotividyacharitable.ac.in,info@kotividyacharitable.ac.in,admissions@kotividyacharitable.ac.in,placement@kotividyacharitable.ac.in,+91-80-588-2765,Artificial Intelligence & Machine Learning (AI & ML),B.Tech,90,720,1987,Urban,Yes,Yes
1-44641845367,1-44641845367,U-0847,KOTI VIDYA CHARITABLE TRUST'S ALAMURI RATNAMALA INSTITUTE OF ENGINEERING AND TECHNOLOGY,Active,Maharashtra,Thane,Thane,"SHEREPADA,VILLAGE SAPGAON,TALUKA -SHAHAPUR,DISTRICT-THANE",400136,19.236168,72.960173,Private-Self Financing,"Mumbai University, Mumbai",Approved,Approved,Not Accredited,No,,Tier 3,http://www.kotividyacharitable.ac.in,info@kotividyacharitable.ac.in,admissions@kotividyacharitable.ac.in,placement@kotividyacharitable.ac.in,+91-80-588-2765,Artificial Intelligence & Machine Learning (AI & ML),Diploma,60,720,1987,Urban,Yes,Yes
1-44642259883,1-44642259883,U-0767,SAMARTH SAMAJ S.H.JONDHALE POLYTECHNIC,Active,Maharashtra,Thane,Thane,SHASTRI NAGAR OPP.RAILWAY STATION DOMBIVALI WEST,400136,19.203592,72.974539,Private-Self Financing,"Maharashtra State Board of Technical Education, Mumbai",Approved,Approved,Not Accredited,No,,Tier 3,http://www.samarthsamajshjondhale.ac.in,info@samarthsamajshjondhale.ac.in,admissions@samarthsamajshjondhale.ac.in,placement@samarthsamajshjondhale.ac.in,+91-80-221-9625,Computer Science Engineering (CSE),Diploma,60,360,2005,Urban,Yes,No
1-44642259883,1-44642259883,U-0767,SAMARTH SAMAJ S.H.JONDHALE POLYTECHNIC,Active,Maharashtra,Thane,Thane,SHASTRI NAGAR OPP.RAILWAY STATION DOMBIVALI WEST,400136,19.203592,72.974539,Private-Self Financing,"Maharashtra State Board of Technical Education, Mumbai",Approved,Approved,Not Accredited,No,,Tier 3,http://www.samarthsamajshjondhale.ac.in,info@samarthsamajshjondhale.ac.in,admissions@samarthsamajshjondhale.ac.in,placement@samarthsamajshjondhale.ac.in,+91-80-221-9625,Chemical Engineering,Diploma,30,360,2005,Urban,Yes,No
1-44642259883,1-44642259883,U-0767,SAMARTH SAMAJ S.H.JONDHALE POLYTECHNIC,Active,Maharashtra,Thane,Thane,SHASTRI NAGAR OPP.RAILWAY STATION DOMBIVALI WEST,400136,19.203592,72.974539,Private-Self Financing,"Maharashtra State Board of Technical Education, Mumbai",Approved,Approved,Not Accredited,No,,Tier 3,http://www.samarthsamajshjondhale.ac.in,info@samarthsamajshjondhale.ac.in,admissions@samarthsamajshjondhale.ac.in,placement@samarthsamajshjondhale.ac.in,+91-80-221-9625,Information Technology (IT),Diploma,30,360,2005,Urban,Yes,No
1-44642259883,1-44642259883,U-0767,SAMARTH SAMAJ S.H.JONDHALE POLYTECHNIC,Active,Maharashtra,Thane,Thane,SHASTRI NAGAR OPP.RAILWAY STATION DOMBIVALI WEST,400136,19.203592,72.974539,Private-Self Financing,"Maharashtra State Board of Technical Education, Mumbai",Approved,Approved,Not Accredited,No,,Tier 3,http://www.samarthsamajshjondhale.ac.in,info@samarthsamajshjondhale.ac.in,admissions@samarthsamajshjondhale.ac.in,placement@samarthsamajshjondhale.ac.in,+91-80-221-9625,Mechanical Engineering,Diploma,60,360,2005,Urban,Yes,No
1-44642259883,1-44642259883,U-0767,SAMARTH SAMAJ S.H.JONDHALE POLYTECHNIC,Active,Maharashtra,Thane,Thane,SHASTRI NAGAR OPP.RAILWAY STATION DOMBIVALI WEST,400136,19.203592,72.974539,Private-Self Financing,"Maharashtra State Board of Technical Education, Mumbai",Approved,Approved,Not Accredited,No,,Tier 3,http://www.samarthsamajshjondhale.ac.in,info@samarthsamajshjondhale.ac.in,admissions@samarthsamajshjondhale.ac.in,placement@samarthsamajshjondhale.ac.in,+91-80-221-9625,Civil Engineering,Diploma,60,360,2005,Urban,Yes,No
1-44642259883,1-44642259883,U-0767,SAMARTH SAMAJ S.H.JONDHALE POLYTECHNIC,Active,Maharashtra,Thane,Thane,SHASTRI NAGAR OPP.RAILWAY STATION DOMBIVALI WEST,400136,19.203592,72.974539,Private-Self Financing,"Maharashtra State Board of Technical Education, Mumbai",Approved,Approved,Not Accredited,No,,Tier 3,http://www.samarthsamajshjondhale.ac.in,info@samarthsamajshjondhale.ac.in,admissions@samarthsamajshjondhale.ac.in,placement@samarthsamajshjondhale.ac.in,+91-80-221-9625,Electronics & Communication Engineering (ECE),Diploma,60,360,2005,Urban,Yes,No
1-44642259883,1-44642259883,U-0767,SAMARTH SAMAJ S.H.JONDHALE POLYTECHNIC,Active,Maharashtra,Thane,Thane,SHASTRI NAGAR OPP.RAILWAY STATION DOMBIVALI WEST,400136,19.203592,72.974539,Private-Self Financing,"Maharashtra State Board of Technical Education, Mumbai",Approved,Approved,Not Accredited,No,,Tier 3,http://www.samarthsamajshjondhale.ac.in,info@samarthsamajshjondhale.ac.in,admissions@samarthsamajshjondhale.ac.in,placement@samarthsamajshjondhale.ac.in,+91-80-221-9625,Artificial Intelligence & Machine Learning (AI & ML),Diploma,60,360,2005,Urban,Yes,No
1-44641947159,1-44641947159,U-0847,VIVA INSTITUTE OF TECHNOLOGY,Active,Maharashtra,Thane,Thane,"AT:- SHIRGAON, POST:- VIRAR (EAST), TAL:- VASAI, DIST:- THANE.",400136,19.208898,72.99219,Private-Self Financing,"Mumbai University, Mumbai",Approved,Approved,A+,No,,Tier 3,http://www.viva.ac.in,info@viva.ac.in,admissions@viva.ac.in,placement@viva.ac.in,+91-80-444-5402,Mechanical Engineering,B.Tech,60,798,1990,Rural,Yes,Yes
1-44641947159,1-44641947159,U-0847,VIVA INSTITUTE OF TECHNOLOGY,Active,Maharashtra,Thane,Thane,"AT:- SHIRGAON, POST:- VIRAR (EAST), TAL:- VASAI, DIST:- THANE.",400136,19.208898,72.99219,Private-Self Financing,"Mumbai University, Mumbai",Approved,Approved,A+,No,,Tier 3,http://www.viva.ac.in,info@viva.ac.in,admissions@viva.ac.in,placement@viva.ac.in,+91-80-444-5402,Computer Science Engineering (CSE),B.Tech,120,798,1990,Rural,Yes,Yes
1-44641947159,1-44641947159,U-0847,VIVA INSTITUTE OF TECHNOLOGY,Active,Maharashtra,Thane,Thane,"AT:- SHIRGAON, POST:- VIRAR (EAST), TAL:- VASAI, DIST:- THANE.",400136,19.208898,72.99219,Private-Self Financing,"Mumbai University, Mumbai",Approved,Approved,A+,No,,Tier 3,http://www.viva.ac.in,info@viva.ac.in,admissions@viva.ac.in,placement@viva.ac.in,+91-80-444-5402,Electronics & Communication Engineering (ECE),B.Tech,60,798,1990,Rural,Yes,Yes
1-44641947159,1-44641947159,U-0847,VIVA INSTITUTE OF TECHNOLOGY,Active,Maharashtra,Thane,Thane,"AT:- SHIRGAON, POST:- VIRAR (EAST), TAL:- VASAI, DIST:- THANE.",400136,19.208898,72.99219,Private-Self Financing,"Mumbai University, Mumbai",Approved,Approved,A+,No,,Tier 3,http://www.viva.ac.in,info@viva.ac.in,admissions@viva.ac.in,placement@viva.ac.in,+91-80-444-5402,Civil Engineering,B.Tech,60,798,1990,Rural,Yes,Yes
1-44641947159,1-44641947159,U-0847,VIVA INSTITUTE OF TECHNOLOGY,Active,Maharashtra,Thane,Thane,"AT:- SHIRGAON, POST:- VIRAR (EAST), TAL:- VASAI, DIST:- THANE.",400136,19.208898,72.99219,Private-Self Financing,"Mumbai University, Mumbai",Approved,Approved,A+,No,,Tier 3,http://www.viva.ac.in,info@viva.ac.in,admissions@viva.ac.in,placement@viva.ac.in,+91-80-444-5402,Other Engineering Branches,M.Tech,18,798,1990,Rural,Yes,Yes
1-44641947159,1-44641947159,U-0847,VIVA INSTITUTE OF TECHNOLOGY,Active,Maharashtra,Thane,Thane,"AT:- SHIRGAON, POST:- VIRAR (EAST), TAL:- VASAI, DIST:- THANE.",400136,19.208898,72.99219,Private-Self Financing,"Mumbai University, Mumbai",Approved,Approved,A+,No,,Tier 3,http://www.viva.ac.in,info@viva.ac.in,admissions@viva.ac.in,placement@viva.ac.in,+91-80-444-5402,Artificial Intelligence & Machine Learning (AI & ML),B.Tech,120,798,1990,Rural,Yes,Yes
1-44641947159,1-44641947159,U-0847,VIVA INSTITUTE OF TECHNOLOGY,Active,Maharashtra,Thane,Thane,"AT:- SHIRGAON, POST:- VIRAR (EAST), TAL:- VASAI, DIST:- THANE.",400136,19.208898,72.99219,Private-Self Financing,"Mumbai University, Mumbai",Approved,Approved,A+,No,,Tier 3,http://www.viva.ac.in,info@viva.ac.in,admissions@viva.ac.in,placement@viva.ac.in,+91-80-444-5402,Computer Science Engineering (CSE),Diploma,120,798,1990,Rural,Yes,Yes
1-44641947159,1-44641947159,U-0847,VIVA INSTITUTE OF TECHNOLOGY,Active,Maharashtra,Thane,Thane,"AT:- SHIRGAON, POST:- VIRAR (EAST), TAL:- VASAI, DIST:- THANE.",400136,19.208898,72.99219,Private-Self Financing,"Mumbai University, Mumbai",Approved,Approved,A+,No,,Tier 3,http://www.viva.ac.in,info@viva.ac.in,admissions@viva.ac.in,placement@viva.ac.in,+91-80-444-5402,Electronics & Communication Engineering (ECE),Diploma,30,798,1990,Rural,Yes,Yes
1-44641947159,1-44641947159,U-0847,VIVA INSTITUTE OF TECHNOLOGY,Active,Maharashtra,Thane,Thane,"AT:- SHIRGAON, POST:- VIRAR (EAST), TAL:- VASAI, DIST:- THANE.",400136,19.208898,72.99219,Private-Self Financing,"Mumbai University, Mumbai",Approved,Approved,A+,No,,Tier 3,http://www.viva.ac.in,info@viva.ac.in,admissions@viva.ac.in,placement@viva.ac.in,+91-80-444-5402,Mechanical Engineering,Diploma,90,798,1990,Rural,Yes,Yes
1-44641947159,1-44641947159,U-0847,VIVA INSTITUTE OF TECHNOLOGY,Active,Maharashtra,Thane,Thane,"AT:- SHIRGAON, POST:- VIRAR (EAST), TAL:- VASAI, DIST:- THANE.",400136,19.208898,72.99219,Private-Self Financing,"Mumbai University, Mumbai",Approved,Approved,A+,No,,Tier 3,http://www.viva.ac.in,info@viva.ac.in,admissions@viva.ac.in,placement@viva.ac.in,+91-80-444-5402,Civil Engineering,Diploma,60,798,1990,Rural,Yes,Yes
1-44641947159,1-44641947159,U-0847,VIVA INSTITUTE OF TECHNOLOGY,Active,Maharashtra,Thane,Thane,"AT:- SHIRGAON, POST:- VIRAR (EAST), TAL:- VASAI, DIST:- THANE.",400136,19.208898,72.99219,Private-Self Financing,"Mumbai University, Mumbai",Approved,Approved,A+,No,,Tier 3,http://www.viva.ac.in,info@viva.ac.in,admissions@viva.ac.in,placement@viva.ac.in,+91-80-444-5402,Artificial Intelligence & Machine Learning (AI & ML),Diploma,60,798,1990,Rural,Yes,Yes
1-44641659076,1-44641659076,U-0847,VIDYAVARDHINI'S COLLEGE OF ENGINEERING AND TECHNOLOGY,Active,Maharashtra,Thane,Thane,K T MARG VASAI ROAD WEST,400136,19.217044,72.988534,Private-Self Financing,"Mumbai University, Mumbai",Approved,Approved,B++,No,,Tier 3,http://www.vidyavardhinis.ac.in,info@vidyavardhinis.ac.in,admissions@vidyavardhinis.ac.in,placement@vidyavardhinis.ac.in,+91-80-786-1954,Mechanical Engineering,B.Tech,60,768,2007,Urban,No,Yes
1-44641659076,1-44641659076,U-0847,VIDYAVARDHINI'S COLLEGE OF ENGINEERING AND TECHNOLOGY,Active,Maharashtra,Thane,Thane,K T MARG VASAI ROAD WEST,400136,19.217044,72.988534,Private-Self Financing,"Mumbai University, Mumbai",Approved,Approved,B++,No,,Tier 3,http://www.vidyavardhinis.ac.in,info@vidyavardhinis.ac.in,admissions@vidyavardhinis.ac.in,placement@vidyavardhinis.ac.in,+91-80-786-1954,Computer Science Engineering (CSE),B.Tech,180,768,2007,Urban,No,Yes
1-44641659076,1-44641659076,U-0847,VIDYAVARDHINI'S COLLEGE OF ENGINEERING AND TECHNOLOGY,Active,Maharashtra,Thane,Thane,K T MARG VASAI ROAD WEST,400136,19.217044,72.988534,Private-Self Financing,"Mumbai University, Mumbai",Approved,Approved,B++,No,,Tier 3,http://www.vidyavardhinis.ac.in,info@vidyavardhinis.ac.in,admissions@vidyavardhinis.ac.in,placement@vidyavardhinis.ac.in,+91-80-786-1954,Information Technology (IT),B.Tech,60,768,2007,Urban,No,Yes
1-44641659076,1-44641659076,U-0847,VIDYAVARDHINI'S COLLEGE OF ENGINEERING AND TECHNOLOGY,Active,Maharashtra,Thane,Thane,K T MARG VASAI ROAD WEST,400136,19.217044,72.988534,Private-Self Financing,"Mumbai University, Mumbai",Approved,Approved,B++,No,,Tier 3,http://www.vidyavardhinis.ac.in,info@vidyavardhinis.ac.in,admissions@vidyavardhinis.ac.in,placement@vidyavardhinis.ac.in,+91-80-786-1954,Electronics & Communication Engineering (ECE),B.Tech,60,768,2007,Urban,No,Yes
1-44641659076,1-44641659076,U-0847,VIDYAVARDHINI'S COLLEGE OF ENGINEERING AND TECHNOLOGY,Active,Maharashtra,Thane,Thane,K T MARG VASAI ROAD WEST,400136,19.217044,72.988534,Private-Self Financing,"Mumbai University, Mumbai",Approved,Approved,B++,No,,Tier 3,http://www.vidyavardhinis.ac.in,info@vidyavardhinis.ac.in,admissions@vidyavardhinis.ac.in,placement@vidyavardhinis.ac.in,+91-80-786-1954,Civil Engineering,B.Tech,60,768,2007,Urban,No,Yes
1-44641659076,1-44641659076,U-0847,VIDYAVARDHINI'S COLLEGE OF ENGINEERING AND TECHNOLOGY,Active,Maharashtra,Thane,Thane,K T MARG VASAI ROAD WEST,400136,19.217044,72.988534,Private-Self Financing,"Mumbai University, Mumbai",Approved,Approved,B++,No,,Tier 3,http://www.vidyavardhinis.ac.in,info@vidyavardhinis.ac.in,admissions@vidyavardhinis.ac.in,placement@vidyavardhinis.ac.in,+91-80-786-1954,Data Science,B.Tech,300,768,2007,Urban,No,Yes
1-44641659076,1-44641659076,U-0847,VIDYAVARDHINI'S COLLEGE OF ENGINEERING AND TECHNOLOGY,Active,Maharashtra,Thane,Thane,K T MARG VASAI ROAD WEST,400136,19.217044,72.988534,Private-Self Financing,"Mumbai University, Mumbai",Approved,Approved,B++,No,,Tier 3,http://www.vidyavardhinis.ac.in,info@vidyavardhinis.ac.in,admissions@vidyavardhinis.ac.in,placement@vidyavardhinis.ac.in,+91-80-786-1954,Other Engineering Branches,M.Tech,24,768,2007,Urban,No,Yes
1-44641659076,1-44641659076,U-0847,VIDYAVARDHINI'S COLLEGE OF ENGINEERING AND TECHNOLOGY,Active,Maharashtra,Thane,Thane,K T MARG VASAI ROAD WEST,400136,19.217044,72.988534,Private-Self Financing,"Mumbai University, Mumbai",Approved,Approved,B++,No,,Tier 3,http://www.vidyavardhinis.ac.in,info@vidyavardhinis.ac.in,admissions@vidyavardhinis.ac.in,placement@vidyavardhinis.ac.in,+91-80-786-1954,Computer Science Engineering (CSE),M.Tech,24,768,2007,Urban,No,Yes
1-44641582789,1-44641582789,U-0767,MUCHHALA POLYTECHNIC,Active,Maharashtra,Thane,Thane,"G. B. ROAD, KAVESAR, THANE(W),THANE",400136,19.219731,72.988008,Private-Self Financing,"Maharashtra State Board of Technical Education, Mumbai",Approved,Approved,A,No,,Tier 3,http://www.muchhala.ac.in,info@muchhala.ac.in,admissions@muchhala.ac.in,placement@muchhala.ac.in,+91-80-898-8863,Information Technology (IT),Diploma,120,360,1981,Urban,Yes,Yes
1-44641582789,1-44641582789,U-0767,MUCHHALA POLYTECHNIC,Active,Maharashtra,Thane,Thane,"G. B. ROAD, KAVESAR, THANE(W),THANE",400136,19.219731,72.988008,Private-Self Financing,"Maharashtra State Board of Technical Education, Mumbai",Approved,Approved,A,No,,Tier 3,http://www.muchhala.ac.in,info@muchhala.ac.in,admissions@muchhala.ac.in,placement@muchhala.ac.in,+91-80-898-8863,Computer Science Engineering (CSE),Diploma,120,360,1981,Urban,Yes,Yes
1-44641582789,1-44641582789,U-0767,MUCHHALA POLYTECHNIC,Active,Maharashtra,Thane,Thane,"G. B. ROAD, KAVESAR, THANE(W),THANE",400136,19.219731,72.988008,Private-Self Financing,"Maharashtra State Board of Technical Education, Mumbai",Approved,Approved,A,No,,Tier 3,http://www.muchhala.ac.in,info@muchhala.ac.in,admissions@muchhala.ac.in,placement@muchhala.ac.in,+91-80-898-8863,Artificial Intelligence & Machine Learning (AI & ML),Diploma,120,360,1981,Urban,Yes,Yes
1-44641914120,1-44641914120,U-0847,FR. C. RODRIGUES INSTITUTE OF TECHNOLOGY,Active,Maharashtra,Thane,Thane,"FR. AGNEL TECHNICAL EDUCATION COMPLEX, SECTOR 9 A, NEAR NOOR MD. MASJID.",400136,19.215334,72.969494,Private-Self Financing,"Mumbai University, Mumbai",Approved,Approved,B,Yes,,Tier 3,http://www.frcrodrigues.ac.in,info@frcrodrigues.ac.in,admissions@frcrodrigues.ac.in,placement@frcrodrigues.ac.in,+91-80-714-4520,Electronics & Communication Engineering (ECE),B.Tech,60,507,2004,Urban,Yes,Yes
1-44641914120,1-44641914120,U-0847,FR. C. RODRIGUES INSTITUTE OF TECHNOLOGY,Active,Maharashtra,Thane,Thane,"FR. AGNEL TECHNICAL EDUCATION COMPLEX, SECTOR 9 A, NEAR NOOR MD. MASJID.",400136,19.215334,72.969494,Private-Self Financing,"Mumbai University, Mumbai",Approved,Approved,B,Yes,,Tier 3,http://www.frcrodrigues.ac.in,info@frcrodrigues.ac.in,admissions@frcrodrigues.ac.in,placement@frcrodrigues.ac.in,+91-80-714-4520,Computer Science Engineering (CSE),B.Tech,240,507,2004,Urban,Yes,Yes
1-44641914120,1-44641914120,U-0847,FR. C. RODRIGUES INSTITUTE OF TECHNOLOGY,Active,Maharashtra,Thane,Thane,"FR. AGNEL TECHNICAL EDUCATION COMPLEX, SECTOR 9 A, NEAR NOOR MD. MASJID.",400136,19.215334,72.969494,Private-Self Financing,"Mumbai University, Mumbai",Approved,Approved,B,Yes,,Tier 3,http://www.frcrodrigues.ac.in,info@frcrodrigues.ac.in,admissions@frcrodrigues.ac.in,placement@frcrodrigues.ac.in,+91-80-714-4520,Mechanical Engineering,B.Tech,120,507,2004,Urban,Yes,Yes
1-44641914120,1-44641914120,U-0847,FR. C. RODRIGUES INSTITUTE OF TECHNOLOGY,Active,Maharashtra,Thane,Thane,"FR. AGNEL TECHNICAL EDUCATION COMPLEX, SECTOR 9 A, NEAR NOOR MD. MASJID.",400136,19.215334,72.969494,Private-Self Financing,"Mumbai University, Mumbai",Approved,Approved,B,Yes,,Tier 3,http://www.frcrodrigues.ac.in,info@frcrodrigues.ac.in,admissions@frcrodrigues.ac.in,placement@frcrodrigues.ac.in,+91-80-714-4520,Electrical Engineering,B.Tech,60,507,2004,Urban,Yes,Yes
1-44641914120,1-44641914120,U-0847,FR. C. RODRIGUES INSTITUTE OF TECHNOLOGY,Active,Maharashtra,Thane,Thane,"FR. AGNEL TECHNICAL EDUCATION COMPLEX, SECTOR 9 A, NEAR NOOR MD. MASJID.",400136,19.215334,72.969494,Private-Self Financing,"Mumbai University, Mumbai",Approved,Approved,B,Yes,,Tier 3,http://www.frcrodrigues.ac.in,info@frcrodrigues.ac.in,admissions@frcrodrigues.ac.in,placement@frcrodrigues.ac.in,+91-80-714-4520,Other Engineering Branches,M.Tech,27,507,2004,Urban,Yes,Yes
1-44641798502,1-44641798502,U-0612,RAMRAO ADIK INSTITUTE OF TECHNOLOGY,Active,Maharashtra,Thane,Thane,"DR D. Y. PATIL, VIDYANAGAR, SECTOR 7, NERUL",400136,19.223673,72.990879,Private-Self Financing,"Padmashree Dr. D.Y.Patil Vidyapeeth, Navi Mumbai",Approved,Approved,A,No,,Tier 3,http://www.ramraoadik.ac.in,info@ramraoadik.ac.in,admissions@ramraoadik.ac.in,placement@ramraoadik.ac.in,+91-80-064-2129,Computer Science Engineering (CSE),B.Tech,360,981,1998,Urban,Yes,No
1-44641798502,1-44641798502,U-0612,RAMRAO ADIK INSTITUTE OF TECHNOLOGY,Active,Maharashtra,Thane,Thane,"DR D. Y. PATIL, VIDYANAGAR, SECTOR 7, NERUL",400136,19.223673,72.990879,Private-Self Financing,"Padmashree Dr. D.Y.Patil Vidyapeeth, Navi Mumbai",Approved,Approved,A,No,,Tier 3,http://www.ramraoadik.ac.in,info@ramraoadik.ac.in,admissions@ramraoadik.ac.in,placement@ramraoadik.ac.in,+91-80-064-2129,Electronics & Communication Engineering (ECE),B.Tech,30,981,1998,Urban,Yes,No
1-44641798502,1-44641798502,U-0612,RAMRAO ADIK INSTITUTE OF TECHNOLOGY,Active,Maharashtra,Thane,Thane,"DR D. Y. PATIL, VIDYANAGAR, SECTOR 7, NERUL",400136,19.223673,72.990879,Private-Self Financing,"Padmashree Dr. D.Y.Patil Vidyapeeth, Navi Mumbai",Approved,Approved,A,No,,Tier 3,http://www.ramraoadik.ac.in,info@ramraoadik.ac.in,admissions@ramraoadik.ac.in,placement@ramraoadik.ac.in,+91-80-064-2129,Information Technology (IT),B.Tech,180,981,1998,Urban,Yes,No
1-44641798502,1-44641798502,U-0612,RAMRAO ADIK INSTITUTE OF TECHNOLOGY,Active,Maharashtra,Thane,Thane,"DR D. Y. PATIL, VIDYANAGAR, SECTOR 7, NERUL",400136,19.223673,72.990879,Private-Self Financing,"Padmashree Dr. D.Y.Patil Vidyapeeth, Navi Mumbai",Approved,Approved,A,No,,Tier 3,http://www.ramraoadik.ac.in,info@ramraoadik.ac.in,admissions@ramraoadik.ac.in,placement@ramraoadik.ac.in,+91-80-064-2129,Electrical Engineering,B.Tech,30,981,1998,Urban,Yes,No
1-44641798502,1-44641798502,U-0612,RAMRAO ADIK INSTITUTE OF TECHNOLOGY,Active,Maharashtra,Thane,Thane,"DR D. Y. PATIL, VIDYANAGAR, SECTOR 7, NERUL",400136,19.223673,72.990879,Private-Self Financing,"Padmashree Dr. D.Y.Patil Vidyapeeth, Navi Mumbai",Approved,Approved,A,No,,Tier 3,http://www.ramraoadik.ac.in,info@ramraoadik.ac.in,admissions@ramraoadik.ac.in,placement@ramraoadik.ac.in,+91-80-064-2129,Computer Science Engineering (CSE),M.Tech,36,981,1998,Urban,Yes,No
1-44641798502,1-44641798502,U-0612,RAMRAO ADIK INSTITUTE OF TECHNOLOGY,Active,Maharashtra,Thane,Thane,"DR D. Y. PATIL, VIDYANAGAR, SECTOR 7, NERUL",400136,19.223673,72.990879,Private-Self Financing,"Padmashree Dr. D.Y.Patil Vidyapeeth, Navi Mumbai",Approved,Approved,A,No,,Tier 3,http://www.ramraoadik.ac.in,info@ramraoadik.ac.in,admissions@ramraoadik.ac.in,placement@ramraoadik.ac.in,+91-80-064-2129,Data Science,M.Tech,18,981,1998,Urban,Yes,No
1-44641798502,1-44641798502,U-0612,RAMRAO ADIK INSTITUTE OF TECHNOLOGY,Active,Maharashtra,Thane,Thane,"DR D. Y. PATIL, VIDYANAGAR, SECTOR 7, NERUL",400136,19.223673,72.990879,Private-Self Financing,"Padmashree Dr. D.Y.Patil Vidyapeeth, Navi Mumbai",Approved,Approved,A,No,,Tier 3,http://www.ramraoadik.ac.in,info@ramraoadik.ac.in,admissions@ramraoadik.ac.in,placement@ramraoadik.ac.in,+91-80-064-2129,Information Technology (IT),M.Tech,9,981,1998,Urban,Yes,No
1-44641798502,1-44641798502,U-0612,RAMRAO ADIK INSTITUTE OF TECHNOLOGY,Active,Maharashtra,Thane,Thane,"DR D. Y. PATIL, VIDYANAGAR, SECTOR 7, NERUL",400136,19.223673,72.990879,Private-Self Financing,"Padmashree Dr. D.Y.Patil Vidyapeeth, Navi Mumbai",Approved,Approved,A,No,,Tier 3,http://www.ramraoadik.ac.in,info@ramraoadik.ac.in,admissions@ramraoadik.ac.in,placement@ramraoadik.ac.in,+91-80-064-2129,Other Engineering Branches,M.Tech,18,981,1998,Urban,Yes,No
1-44641798502,1-44641798502,U-0612,RAMRAO ADIK INSTITUTE OF TECHNOLOGY,Active,Maharashtra,Thane,Thane,"DR D. Y. PATIL, VIDYANAGAR, SECTOR 7, NERUL",400136,19.223673,72.990879,Private-Self Financing,"Padmashree Dr. D.Y.Patil Vidyapeeth, Navi Mumbai",Approved,Approved,A,No,,Tier 3,http://www.ramraoadik.ac.in,info@ramraoadik.ac.in,admissions@ramraoadik.ac.in,placement@ramraoadik.ac.in,+91-80-064-2129,Data Science,B.Tech,120,981,1998,Urban,Yes,No
1-44641798502,1-44641798502,U-0612,RAMRAO ADIK INSTITUTE OF TECHNOLOGY,Active,Maharashtra,Thane,Thane,"DR D. Y. PATIL, VIDYANAGAR, SECTOR 7, NERUL",400136,19.223673,72.990879,Private-Self Financing,"Padmashree Dr. D.Y.Patil Vidyapeeth, Navi Mumbai",Approved,Approved,A,No,,Tier 3,http://www.ramraoadik.ac.in,info@ramraoadik.ac.in,admissions@ramraoadik.ac.in,placement@ramraoadik.ac.in,+91-80-064-2129,Artificial Intelligence & Machine Learning (AI & ML),B.Tech,120,981,1998,Urban,Yes,No
1-44641798502,1-44641798502,U-0612,RAMRAO ADIK INSTITUTE OF TECHNOLOGY,Active,Maharashtra,Thane,Thane,"DR D. Y. PATIL, VIDYANAGAR, SECTOR 7, NERUL",400136,19.223673,72.990879,Private-Self Financing,"Padmashree Dr. D.Y.Patil Vidyapeeth, Navi Mumbai",Approved,Approved,A,No,,Tier 3,http://www.ramraoadik.ac.in,info@ramraoadik.ac.in,admissions@ramraoadik.ac.in,placement@ramraoadik.ac.in,+91-80-064-2129,Other Engineering Branches,B.Tech,60,981,1998,Urban,Yes,No
1-44643454022,1-44643454022,U-0847,ST. JOHN COLLEGE OF ENGINEERING AND MANAGEMENT,Active,Maharashtra,Thane,Thane,"ST. JOHN TECHNICAL EDUCATION COMPLEX, VEVOOR, MANOR ROAD, PALGHAR (E), THANE DISTRICT",400136,19.20548,72.993375,Private-Self Financing,"Mumbai University, Mumbai",Approved,Approved,B+,No,,Tier 3,http://www.stjohnmanagement.ac.in,info@stjohnmanagement.ac.in,admissions@stjohnmanagement.ac.in,placement@stjohnmanagement.ac.in,+91-80-301-1553,Computer Science Engineering (CSE),B.Tech,180,756,1984,Rural,Yes,Yes
1-44643454022,1-44643454022,U-0847,ST. JOHN COLLEGE OF ENGINEERING AND MANAGEMENT,Active,Maharashtra,Thane,Thane,"ST. JOHN TECHNICAL EDUCATION COMPLEX, VEVOOR, MANOR ROAD, PALGHAR (E), THANE DISTRICT",400136,19.20548,72.993375,Private-Self Financing,"Mumbai University, Mumbai",Approved,Approved,B+,No,,Tier 3,http://www.stjohnmanagement.ac.in,info@stjohnmanagement.ac.in,admissions@stjohnmanagement.ac.in,placement@stjohnmanagement.ac.in,+91-80-301-1553,Civil Engineering,B.Tech,60,756,1984,Rural,Yes,Yes
1-44643454022,1-44643454022,U-0847,ST. JOHN COLLEGE OF ENGINEERING AND MANAGEMENT,Active,Maharashtra,Thane,Thane,"ST. JOHN TECHNICAL EDUCATION COMPLEX, VEVOOR, MANOR ROAD, PALGHAR (E), THANE DISTRICT",400136,19.20548,72.993375,Private-Self Financing,"Mumbai University, Mumbai",Approved,Approved,B+,No,,Tier 3,http://www.stjohnmanagement.ac.in,info@stjohnmanagement.ac.in,admissions@stjohnmanagement.ac.in,placement@stjohnmanagement.ac.in,+91-80-301-1553,Information Technology (IT),B.Tech,60,756,1984,Rural,Yes,Yes
1-44643454022,1-44643454022,U-0847,ST. JOHN COLLEGE OF ENGINEERING AND MANAGEMENT,Active,Maharashtra,Thane,Thane,"ST. JOHN TECHNICAL EDUCATION COMPLEX, VEVOOR, MANOR ROAD, PALGHAR (E), THANE DISTRICT",400136,19.20548,72.993375,Private-Self Financing,"Mumbai University, Mumbai",Approved,Approved,B+,No,,Tier 3,http://www.stjohnmanagement.ac.in,info@stjohnmanagement.ac.in,admissions@stjohnmanagement.ac.in,placement@stjohnmanagement.ac.in,+91-80-301-1553,Mechanical Engineering,B.Tech,60,756,1984,Rural,Yes,Yes
1-44643454022,1-44643454022,U-0847,ST. JOHN COLLEGE OF ENGINEERING AND MANAGEMENT,Active,Maharashtra,Thane,Thane,"ST. JOHN TECHNICAL EDUCATION COMPLEX, VEVOOR, MANOR ROAD, PALGHAR (E), THANE DISTRICT",400136,19.20548,72.993375,Private-Self Financing,"Mumbai University, Mumbai",Approved,Approved,B+,No,,Tier 3,http://www.stjohnmanagement.ac.in,info@stjohnmanagement.ac.in,admissions@stjohnmanagement.ac.in,placement@stjohnmanagement.ac.in,+91-80-301-1553,Mechanical Engineering,Diploma,60,756,1984,Rural,Yes,Yes
1-44643454022,1-44643454022,U-0847,ST. JOHN COLLEGE OF ENGINEERING AND MANAGEMENT,Active,Maharashtra,Thane,Thane,"ST. JOHN TECHNICAL EDUCATION COMPLEX, VEVOOR, MANOR ROAD, PALGHAR (E), THANE DISTRICT",400136,19.20548,72.993375,Private-Self Financing,"Mumbai University, Mumbai",Approved,Approved,B+,No,,Tier 3,http://www.stjohnmanagement.ac.in,info@stjohnmanagement.ac.in,admissions@stjohnmanagement.ac.in,placement@stjohnmanagement.ac.in,+91-80-301-1553,Civil Engineering,Diploma,60,756,1984,Rural,Yes,Yes
1-44643454022,1-44643454022,U-0847,ST. JOHN COLLEGE OF ENGINEERING AND MANAGEMENT,Active,Maharashtra,Thane,Thane,"ST. JOHN TECHNICAL EDUCATION COMPLEX, VEVOOR, MANOR ROAD, PALGHAR (E), THANE DISTRICT",400136,19.20548,72.993375,Private-Self Financing,"Mumbai University, Mumbai",Approved,Approved,B+,No,,Tier 3,http://www.stjohnmanagement.ac.in,info@stjohnmanagement.ac.in,admissions@stjohnmanagement.ac.in,placement@stjohnmanagement.ac.in,+91-80-301-1553,Other Engineering Branches,Diploma,60,756,1984,Rural,Yes,Yes
1-44643454022,1-44643454022,U-0847,ST. JOHN COLLEGE OF ENGINEERING AND MANAGEMENT,Active,Maharashtra,Thane,Thane,"ST. JOHN TECHNICAL EDUCATION COMPLEX, VEVOOR, MANOR ROAD, PALGHAR (E), THANE DISTRICT",400136,19.20548,72.993375,Private-Self Financing,"Mumbai University, Mumbai",Approved,Approved,B+,No,,Tier 3,http://www.stjohnmanagement.ac.in,info@stjohnmanagement.ac.in,admissions@stjohnmanagement.ac.in,placement@stjohnmanagement.ac.in,+91-80-301-1553,Artificial Intelligence & Machine Learning (AI & ML),B.Tech,60,756,1984,Rural,Yes,Yes
1-44643454022,1-44643454022,U-0847,ST. JOHN COLLEGE OF ENGINEERING AND MANAGEMENT,Active,Maharashtra,Thane,Thane,"ST. JOHN TECHNICAL EDUCATION COMPLEX, VEVOOR, MANOR ROAD, PALGHAR (E), THANE DISTRICT",400136,19.20548,72.993375,Private-Self Financing,"Mumbai University, Mumbai",Approved,Approved,B+,No,,Tier 3,http://www.stjohnmanagement.ac.in,info@stjohnmanagement.ac.in,admissions@stjohnmanagement.ac.in,placement@stjohnmanagement.ac.in,+91-80-301-1553,Data Science,B.Tech,60,756,1984,Rural,Yes,Yes
1-44643454022,1-44643454022,U-0847,ST. JOHN COLLEGE OF ENGINEERING AND MANAGEMENT,Active,Maharashtra,Thane,Thane,"ST. JOHN TECHNICAL EDUCATION COMPLEX, VEVOOR, MANOR ROAD, PALGHAR (E), THANE DISTRICT",400136,19.20548,72.993375,Private-Self Financing,"Mumbai University, Mumbai",Approved,Approved,B+,No,,Tier 3,http://www.stjohnmanagement.ac.in,info@stjohnmanagement.ac.in,admissions@stjohnmanagement.ac.in,placement@stjohnmanagement.ac.in,+91-80-301-1553,Computer Science Engineering (CSE),M.Tech,18,756,1984,Rural,Yes,Yes
1-44643454022,1-44643454022,U-0847,ST. JOHN COLLEGE OF ENGINEERING AND MANAGEMENT,Active,Maharashtra,Thane,Thane,"ST. JOHN TECHNICAL EDUCATION COMPLEX, VEVOOR, MANOR ROAD, PALGHAR (E), THANE DISTRICT",400136,19.20548,72.993375,Private-Self Financing,"Mumbai University, Mumbai",Approved,Approved,B+,No,,Tier 3,http://www.stjohnmanagement.ac.in,info@stjohnmanagement.ac.in,admissions@stjohnmanagement.ac.in,placement@stjohnmanagement.ac.in,+91-80-301-1553,Information Technology (IT),Diploma,60,756,1984,Rural,Yes,Yes
1-44643454022,1-44643454022,U-0847,ST. JOHN COLLEGE OF ENGINEERING AND MANAGEMENT,Active,Maharashtra,Thane,Thane,"ST. JOHN TECHNICAL EDUCATION COMPLEX, VEVOOR, MANOR ROAD, PALGHAR (E), THANE DISTRICT",400136,19.20548,72.993375,Private-Self Financing,"Mumbai University, Mumbai",Approved,Approved,B+,No,,Tier 3,http://www.stjohnmanagement.ac.in,info@stjohnmanagement.ac.in,admissions@stjohnmanagement.ac.in,placement@stjohnmanagement.ac.in,+91-80-301-1553,Information Technology (IT),M.Tech,18,756,1984,Rural,Yes,Yes
1-44643601039,1-44643601039,U-0847,K.C. COLLEGE OF ENGINEERING AND MANAGEMENT STUDIES AND RESEARCH,Active,Maharashtra,Thane,Thane,"NEAR SADGURU GARDEN, MITH BUNDER ROAD, KOPRI, THANE(E",400136,19.228162,72.980824,Private-Self Financing,"Mumbai University, Mumbai",Approved,Approved,Not Accredited,No,,Tier 3,http://www.kcmanagementstudies.ac.in,info@kcmanagementstudies.ac.in,admissions@kcmanagementstudies.ac.in,placement@kcmanagementstudies.ac.in,+91-80-252-4945,Electronics & Communication Engineering (ECE),B.Tech,60,420,1984,Urban,Yes,Yes
1-44643601039,1-44643601039,U-0847,K.C. COLLEGE OF ENGINEERING AND MANAGEMENT STUDIES AND RESEARCH,Active,Maharashtra,Thane,Thane,"NEAR SADGURU GARDEN, MITH BUNDER ROAD, KOPRI, THANE(E",400136,19.228162,72.980824,Private-Self Financing,"Mumbai University, Mumbai",Approved,Approved,Not Accredited,No,,Tier 3,http://www.kcmanagementstudies.ac.in,info@kcmanagementstudies.ac.in,admissions@kcmanagementstudies.ac.in,placement@kcmanagementstudies.ac.in,+91-80-252-4945,Computer Science Engineering (CSE),B.Tech,180,420,1984,Urban,Yes,Yes
1-44643601039,1-44643601039,U-0847,K.C. COLLEGE OF ENGINEERING AND MANAGEMENT STUDIES AND RESEARCH,Active,Maharashtra,Thane,Thane,"NEAR SADGURU GARDEN, MITH BUNDER ROAD, KOPRI, THANE(E",400136,19.228162,72.980824,Private-Self Financing,"Mumbai University, Mumbai",Approved,Approved,Not Accredited,No,,Tier 3,http://www.kcmanagementstudies.ac.in,info@kcmanagementstudies.ac.in,admissions@kcmanagementstudies.ac.in,placement@kcmanagementstudies.ac.in,+91-80-252-4945,Information Technology (IT),B.Tech,180,420,1984,Urban,Yes,Yes
1-44643570333,1-44643570333,U-0847,SHIVAJIRAO S. JONDHLE COLLEGE OF ENGINEERING &TECHNOLOGY,Active,Maharashtra,Thane,Thane,"AT ASANGAON, OPP RAILWAY STATION, ASANGAON TAL SHAHAPUR DIST THANE",400136,19.233221,72.984425,Private-Self Financing,"Mumbai University, Mumbai",Approved,Approved,B,Yes,,Tier 3,http://www.shivajiraosjondhle.ac.in,info@shivajiraosjondhle.ac.in,admissions@shivajiraosjondhle.ac.in,placement@shivajiraosjondhle.ac.in,+91-80-464-6696,Other Engineering Branches,M.Tech,42,342,1986,Urban,Yes,Yes
1-44643570333,1-44643570333,U-0847,SHIVAJIRAO S. JONDHLE COLLEGE OF ENGINEERING &TECHNOLOGY,Active,Maharashtra,Thane,Thane,"AT ASANGAON, OPP RAILWAY STATION, ASANGAON TAL SHAHAPUR DIST THANE",400136,19.233221,72.984425,Private-Self Financing,"Mumbai University, Mumbai",Approved,Approved,B,Yes,,Tier 3,http://www.shivajiraosjondhle.ac.in,info@shivajiraosjondhle.ac.in,admissions@shivajiraosjondhle.ac.in,placement@shivajiraosjondhle.ac.in,+91-80-464-6696,Computer Science Engineering (CSE),B.Tech,60,342,1986,Urban,Yes,Yes
1-44643570333,1-44643570333,U-0847,SHIVAJIRAO S. JONDHLE COLLEGE OF ENGINEERING &TECHNOLOGY,Active,Maharashtra,Thane,Thane,"AT ASANGAON, OPP RAILWAY STATION, ASANGAON TAL SHAHAPUR DIST THANE",400136,19.233221,72.984425,Private-Self Financing,"Mumbai University, Mumbai",Approved,Approved,B,Yes,,Tier 3,http://www.shivajiraosjondhle.ac.in,info@shivajiraosjondhle.ac.in,admissions@shivajiraosjondhle.ac.in,placement@shivajiraosjondhle.ac.in,+91-80-464-6696,Civil Engineering,B.Tech,60,342,1986,Urban,Yes,Yes
1-44643570333,1-44643570333,U-0847,SHIVAJIRAO S. JONDHLE COLLEGE OF ENGINEERING &TECHNOLOGY,Active,Maharashtra,Thane,Thane,"AT ASANGAON, OPP RAILWAY STATION, ASANGAON TAL SHAHAPUR DIST THANE",400136,19.233221,72.984425,Private-Self Financing,"Mumbai University, Mumbai",Approved,Approved,B,Yes,,Tier 3,http://www.shivajiraosjondhle.ac.in,info@shivajiraosjondhle.ac.in,admissions@shivajiraosjondhle.ac.in,placement@shivajiraosjondhle.ac.in,+91-80-464-6696,Mechanical Engineering,B.Tech,60,342,1986,Urban,Yes,Yes
1-44643570333,1-44643570333,U-0847,SHIVAJIRAO S. JONDHLE COLLEGE OF ENGINEERING &TECHNOLOGY,Active,Maharashtra,Thane,Thane,"AT ASANGAON, OPP RAILWAY STATION, ASANGAON TAL SHAHAPUR DIST THANE",400136,19.233221,72.984425,Private-Self Financing,"Mumbai University, Mumbai",Approved,Approved,B,Yes,,Tier 3,http://www.shivajiraosjondhle.ac.in,info@shivajiraosjondhle.ac.in,admissions@shivajiraosjondhle.ac.in,placement@shivajiraosjondhle.ac.in,+91-80-464-6696,Electronics & Communication Engineering (ECE),B.Tech,60,342,1986,Urban,Yes,Yes
1-44643570333,1-44643570333,U-0847,SHIVAJIRAO S. JONDHLE COLLEGE OF ENGINEERING &TECHNOLOGY,Active,Maharashtra,Thane,Thane,"AT ASANGAON, OPP RAILWAY STATION, ASANGAON TAL SHAHAPUR DIST THANE",400136,19.233221,72.984425,Private-Self Financing,"Mumbai University, Mumbai",Approved,Approved,B,Yes,,Tier 3,http://www.shivajiraosjondhle.ac.in,info@shivajiraosjondhle.ac.in,admissions@shivajiraosjondhle.ac.in,placement@shivajiraosjondhle.ac.in,+91-80-464-6696,Robotics,B.Tech,60,342,1986,Urban,Yes,Yes
1-44642409495,1-44642409495,U-0847,DATTA MEGHE COLLEGE OF ENGINEERING,Active,Maharashtra,Thane,Thane,"PLOT NO.98.P.B.15,SECTOR3,CIDCO COLONY,AIROLI,NAVI MUMBAI,400708",400708,19.234678,72.985278,Private-Self Financing,"Mumbai University, Mumbai",Approved,Approved,B+,No,,Tier 3,http://www.dattameghe.ac.in,info@dattameghe.ac.in,admissions@dattameghe.ac.in,placement@dattameghe.ac.in,+91-80-525-8029,Mechanical Engineering,B.Tech,60,1032,2007,Rural,Yes,Yes
1-44642409495,1-44642409495,U-0847,DATTA MEGHE COLLEGE OF ENGINEERING,Active,Maharashtra,Thane,Thane,"PLOT NO.98.P.B.15,SECTOR3,CIDCO COLONY,AIROLI,NAVI MUMBAI,400708",400708,19.234678,72.985278,Private-Self Financing,"Mumbai University, Mumbai",Approved,Approved,B+,No,,Tier 3,http://www.dattameghe.ac.in,info@dattameghe.ac.in,admissions@dattameghe.ac.in,placement@dattameghe.ac.in,+91-80-525-8029,Electronics & Communication Engineering (ECE),B.Tech,120,1032,2007,Rural,Yes,Yes
1-44642409495,1-44642409495,U-0847,DATTA MEGHE COLLEGE OF ENGINEERING,Active,Maharashtra,Thane,Thane,"PLOT NO.98.P.B.15,SECTOR3,CIDCO COLONY,AIROLI,NAVI MUMBAI,400708",400708,19.234678,72.985278,Private-Self Financing,"Mumbai University, Mumbai",Approved,Approved,B+,No,,Tier 3,http://www.dattameghe.ac.in,info@dattameghe.ac.in,admissions@dattameghe.ac.in,placement@dattameghe.ac.in,+91-80-525-8029,Information Technology (IT),B.Tech,180,1032,2007,Rural,Yes,Yes
1-44642409495,1-44642409495,U-0847,DATTA MEGHE COLLEGE OF ENGINEERING,Active,Maharashtra,Thane,Thane,"PLOT NO.98.P.B.15,SECTOR3,CIDCO COLONY,AIROLI,NAVI MUMBAI,400708",400708,19.234678,72.985278,Private-Self Financing,"Mumbai University, Mumbai",Approved,Approved,B+,No,,Tier 3,http://www.dattameghe.ac.in,info@dattameghe.ac.in,admissions@dattameghe.ac.in,placement@dattameghe.ac.in,+91-80-525-8029,Civil Engineering,M.Tech,18,1032,2007,Rural,Yes,Yes
1-44642409495,1-44642409495,U-0847,DATTA MEGHE COLLEGE OF ENGINEERING,Active,Maharashtra,Thane,Thane,"PLOT NO.98.P.B.15,SECTOR3,CIDCO COLONY,AIROLI,NAVI MUMBAI,400708",400708,19.234678,72.985278,Private-Self Financing,"Mumbai University, Mumbai",Approved,Approved,B+,No,,Tier 3,http://www.dattameghe.ac.in,info@dattameghe.ac.in,admissions@dattameghe.ac.in,placement@dattameghe.ac.in,+91-80-525-8029,Computer Science Engineering (CSE),M.Tech,18,1032,2007,Rural,Yes,Yes
1-44642409495,1-44642409495,U-0847,DATTA MEGHE COLLEGE OF ENGINEERING,Active,Maharashtra,Thane,Thane,"PLOT NO.98.P.B.15,SECTOR3,CIDCO COLONY,AIROLI,NAVI MUMBAI,400708",400708,19.234678,72.985278,Private-Self Financing,"Mumbai University, Mumbai",Approved,Approved,B+,No,,Tier 3,http://www.dattameghe.ac.in,info@dattameghe.ac.in,admissions@dattameghe.ac.in,placement@dattameghe.ac.in,+91-80-525-8029,Electronics & Communication Engineering (ECE),M.Tech,18,1032,2007,Rural,Yes,Yes
1-44642409495,1-44642409495,U-0847,DATTA MEGHE COLLEGE OF ENGINEERING,Active,Maharashtra,Thane,Thane,"PLOT NO.98.P.B.15,SECTOR3,CIDCO COLONY,AIROLI,NAVI MUMBAI,400708",400708,19.234678,72.985278,Private-Self Financing,"Mumbai University, Mumbai",Approved,Approved,B+,No,,Tier 3,http://www.dattameghe.ac.in,info@dattameghe.ac.in,admissions@dattameghe.ac.in,placement@dattameghe.ac.in,+91-80-525-8029,Mechanical Engineering,M.Tech,18,1032,2007,Rural,Yes,Yes
1-44642409495,1-44642409495,U-0847,DATTA MEGHE COLLEGE OF ENGINEERING,Active,Maharashtra,Thane,Thane,"PLOT NO.98.P.B.15,SECTOR3,CIDCO COLONY,AIROLI,NAVI MUMBAI,400708",400708,19.234678,72.985278,Private-Self Financing,"Mumbai University, Mumbai",Approved,Approved,B+,No,,Tier 3,http://www.dattameghe.ac.in,info@dattameghe.ac.in,admissions@dattameghe.ac.in,placement@dattameghe.ac.in,+91-80-525-8029,Civil Engineering,B.Tech,180,1032,2007,Rural,Yes,Yes
1-44642409495,1-44642409495,U-0847,DATTA MEGHE COLLEGE OF ENGINEERING,Active,Maharashtra,Thane,Thane,"PLOT NO.98.P.B.15,SECTOR3,CIDCO COLONY,AIROLI,NAVI MUMBAI,400708",400708,19.234678,72.985278,Private-Self Financing,"Mumbai University, Mumbai",Approved,Approved,B+,No,,Tier 3,http://www.dattameghe.ac.in,info@dattameghe.ac.in,admissions@dattameghe.ac.in,placement@dattameghe.ac.in,+91-80-525-8029,Computer Science Engineering (CSE),B.Tech,180,1032,2007,Rural,Yes,Yes
1-44642409495,1-44642409495,U-0847,DATTA MEGHE COLLEGE OF ENGINEERING,Active,Maharashtra,Thane,Thane,"PLOT NO.98.P.B.15,SECTOR3,CIDCO COLONY,AIROLI,NAVI MUMBAI,400708",400708,19.234678,72.985278,Private-Self Financing,"Mumbai University, Mumbai",Approved,Approved,B+,No,,Tier 3,http://www.dattameghe.ac.in,info@dattameghe.ac.in,admissions@dattameghe.ac.in,placement@dattameghe.ac.in,+91-80-525-8029,Chemical Engineering,B.Tech,60,1032,2007,Rural,Yes,Yes
1-44642409495,1-44642409495,U-0847,DATTA MEGHE COLLEGE OF ENGINEERING,Active,Maharashtra,Thane,Thane,"PLOT NO.98.P.B.15,SECTOR3,CIDCO COLONY,AIROLI,NAVI MUMBAI,400708",400708,19.234678,72.985278,Private-Self Financing,"Mumbai University, Mumbai",Approved,Approved,B+,No,,Tier 3,http://www.dattameghe.ac.in,info@dattameghe.ac.in,admissions@dattameghe.ac.in,placement@dattameghe.ac.in,+91-80-525-8029,Data Science,B.Tech,180,1032,2007,Rural,Yes,Yes
1-44642410240,1-44642410240,U-0847,SMT INDIRA GANDHI COLLEGE OF ENGINEERING,Active,Maharashtra,Thane,Thane,"PLOT NO 1, SECT 8, GHANSOLI, NAVI MUMBAI 400701",400701,19.234012,72.988707,Private-Self Financing,"Mumbai University, Mumbai",Approved,Approved,Not Accredited,No,,Tier 3,http://www.smtindiragandhi.ac.in,info@smtindiragandhi.ac.in,admissions@smtindiragandhi.ac.in,placement@smtindiragandhi.ac.in,+91-80-497-8755,Computer Science Engineering (CSE),B.Tech,120,420,1981,Urban,Yes,Yes
1-44642410240,1-44642410240,U-0847,SMT INDIRA GANDHI COLLEGE OF ENGINEERING,Active,Maharashtra,Thane,Thane,"PLOT NO 1, SECT 8, GHANSOLI, NAVI MUMBAI 400701",400701,19.234012,72.988707,Private-Self Financing,"Mumbai University, Mumbai",Approved,Approved,Not Accredited,No,,Tier 3,http://www.smtindiragandhi.ac.in,info@smtindiragandhi.ac.in,admissions@smtindiragandhi.ac.in,placement@smtindiragandhi.ac.in,+91-80-497-8755,Electrical Engineering,B.Tech,60,420,1981,Urban,Yes,Yes
1-44642410240,1-44642410240,U-0847,SMT INDIRA GANDHI COLLEGE OF ENGINEERING,Active,Maharashtra,Thane,Thane,"PLOT NO 1, SECT 8, GHANSOLI, NAVI MUMBAI 400701",400701,19.234012,72.988707,Private-Self Financing,"Mumbai University, Mumbai",Approved,Approved,Not Accredited,No,,Tier 3,http://www.smtindiragandhi.ac.in,info@smtindiragandhi.ac.in,admissions@smtindiragandhi.ac.in,placement@smtindiragandhi.ac.in,+91-80-497-8755,Mechanical Engineering,B.Tech,60,420,1981,Urban,Yes,Yes
1-44642410240,1-44642410240,U-0847,SMT INDIRA GANDHI COLLEGE OF ENGINEERING,Active,Maharashtra,Thane,Thane,"PLOT NO 1, SECT 8, GHANSOLI, NAVI MUMBAI 400701",400701,19.234012,72.988707,Private-Self Financing,"Mumbai University, Mumbai",Approved,Approved,Not Accredited,No,,Tier 3,http://www.smtindiragandhi.ac.in,info@smtindiragandhi.ac.in,admissions@smtindiragandhi.ac.in,placement@smtindiragandhi.ac.in,+91-80-497-8755,Cyber Security,B.Tech,60,420,1981,Urban,Yes,Yes
1-44642410240,1-44642410240,U-0847,SMT INDIRA GANDHI COLLEGE OF ENGINEERING,Active,Maharashtra,Thane,Thane,"PLOT NO 1, SECT 8, GHANSOLI, NAVI MUMBAI 400701",400701,19.234012,72.988707,Private-Self Financing,"Mumbai University, Mumbai",Approved,Approved,Not Accredited,No,,Tier 3,http://www.smtindiragandhi.ac.in,info@smtindiragandhi.ac.in,admissions@smtindiragandhi.ac.in,placement@smtindiragandhi.ac.in,+91-80-497-8755,Artificial Intelligence & Machine Learning (AI & ML),B.Tech,60,420,1981,Urban,Yes,Yes
1-44642410240,1-44642410240,U-0847,SMT INDIRA GANDHI COLLEGE OF ENGINEERING,Active,Maharashtra,Thane,Thane,"PLOT NO 1, SECT 8, GHANSOLI, NAVI MUMBAI 400701",400701,19.234012,72.988707,Private-Self Financing,"Mumbai University, Mumbai",Approved,Approved,Not Accredited,No,,Tier 3,http://www.smtindiragandhi.ac.in,info@smtindiragandhi.ac.in,admissions@smtindiragandhi.ac.in,placement@smtindiragandhi.ac.in,+91-80-497-8755,Data Science,B.Tech,60,420,1981,Urban,Yes,Yes
1-44643035283,1-44643035283,U-0847,SHIVAJIRAO S JONDHALE COLLEGE OF ENGINEERING,Active,Maharashtra,Thane,Thane,"BEHND VENKATESH PETROL PUMP, SONARPADA, DOMBIVLI EAST, TAL- KALYAN, DIST-THANE, PIN-421 204.",400136,19.222949,72.997824,Private-Self Financing,"Mumbai University, Mumbai",Approved,Approved,A+,No,,Tier 3,http://www.shivajiraosjondhale.ac.in,info@shivajiraosjondhale.ac.in,admissions@shivajiraosjondhale.ac.in,placement@shivajiraosjondhale.ac.in,+91-80-033-8814,Chemical Engineering,B.Tech,60,340,2010,Rural,No,Yes
1-44643035283,1-44643035283,U-0847,SHIVAJIRAO S JONDHALE COLLEGE OF ENGINEERING,Active,Maharashtra,Thane,Thane,"BEHND VENKATESH PETROL PUMP, SONARPADA, DOMBIVLI EAST, TAL- KALYAN, DIST-THANE, PIN-421 204.",400136,19.222949,72.997824,Private-Self Financing,"Mumbai University, Mumbai",Approved,Approved,A+,No,,Tier 3,http://www.shivajiraosjondhale.ac.in,info@shivajiraosjondhale.ac.in,admissions@shivajiraosjondhale.ac.in,placement@shivajiraosjondhale.ac.in,+91-80-033-8814,Computer Science Engineering (CSE),B.Tech,90,340,2010,Rural,No,Yes
1-44643035283,1-44643035283,U-0847,SHIVAJIRAO S JONDHALE COLLEGE OF ENGINEERING,Active,Maharashtra,Thane,Thane,"BEHND VENKATESH PETROL PUMP, SONARPADA, DOMBIVLI EAST, TAL- KALYAN, DIST-THANE, PIN-421 204.",400136,19.222949,72.997824,Private-Self Financing,"Mumbai University, Mumbai",Approved,Approved,A+,No,,Tier 3,http://www.shivajiraosjondhale.ac.in,info@shivajiraosjondhale.ac.in,admissions@shivajiraosjondhale.ac.in,placement@shivajiraosjondhale.ac.in,+91-80-033-8814,Information Technology (IT),B.Tech,40,340,2010,Rural,No,Yes
1-44643035283,1-44643035283,U-0847,SHIVAJIRAO S JONDHALE COLLEGE OF ENGINEERING,Active,Maharashtra,Thane,Thane,"BEHND VENKATESH PETROL PUMP, SONARPADA, DOMBIVLI EAST, TAL- KALYAN, DIST-THANE, PIN-421 204.",400136,19.222949,72.997824,Private-Self Financing,"Mumbai University, Mumbai",Approved,Approved,A+,No,,Tier 3,http://www.shivajiraosjondhale.ac.in,info@shivajiraosjondhale.ac.in,admissions@shivajiraosjondhale.ac.in,placement@shivajiraosjondhale.ac.in,+91-80-033-8814,Electronics & Communication Engineering (ECE),B.Tech,60,340,2010,Rural,No,Yes
1-44643035283,1-44643035283,U-0847,SHIVAJIRAO S JONDHALE COLLEGE OF ENGINEERING,Active,Maharashtra,Thane,Thane,"BEHND VENKATESH PETROL PUMP, SONARPADA, DOMBIVLI EAST, TAL- KALYAN, DIST-THANE, PIN-421 204.",400136,19.222949,72.997824,Private-Self Financing,"Mumbai University, Mumbai",Approved,Approved,A+,No,,Tier 3,http://www.shivajiraosjondhale.ac.in,info@shivajiraosjondhale.ac.in,admissions@shivajiraosjondhale.ac.in,placement@shivajiraosjondhale.ac.in,+91-80-033-8814,Mechanical Engineering,B.Tech,60,340,2010,Rural,No,Yes
1-44643035283,1-44643035283,U-0847,SHIVAJIRAO S JONDHALE COLLEGE OF ENGINEERING,Active,Maharashtra,Thane,Thane,"BEHND VENKATESH PETROL PUMP, SONARPADA, DOMBIVLI EAST, TAL- KALYAN, DIST-THANE, PIN-421 204.",400136,19.222949,72.997824,Private-Self Financing,"Mumbai University, Mumbai",Approved,Approved,A+,No,,Tier 3,http://www.shivajiraosjondhale.ac.in,info@shivajiraosjondhale.ac.in,admissions@shivajiraosjondhale.ac.in,placement@shivajiraosjondhale.ac.in,+91-80-033-8814,Artificial Intelligence & Machine Learning (AI & ML),B.Tech,30,340,2010,Rural,No,Yes
1-44643843577,1-44643843577,U-0847,DEVI MAHALAXMI COLLEGE OF ENGINEERING AND TECHNOLOGY,Active,Maharashtra,Thane,Thane,"SURVEY 108, MHASKAL, TITWALA, TALUKA KALYAN",400136,19.219802,72.978539,Private-Self Financing,"Mumbai University, Mumbai",Approved,Approved,B,No,,Tier 3,http://www.devimahalaxmi.ac.in,info@devimahalaxmi.ac.in,admissions@devimahalaxmi.ac.in,placement@devimahalaxmi.ac.in,+91-80-901-8498,Civil Engineering,B.Tech,60,300,1988,Urban,Yes,Yes
1-44643843577,1-44643843577,U-0847,DEVI MAHALAXMI COLLEGE OF ENGINEERING AND TECHNOLOGY,Active,Maharashtra,Thane,Thane,"SURVEY 108, MHASKAL, TITWALA, TALUKA KALYAN",400136,19.219802,72.978539,Private-Self Financing,"Mumbai University, Mumbai",Approved,Approved,B,No,,Tier 3,http://www.devimahalaxmi.ac.in,info@devimahalaxmi.ac.in,admissions@devimahalaxmi.ac.in,placement@devimahalaxmi.ac.in,+91-80-901-8498,Mechanical Engineering,B.Tech,60,300,1988,Urban,Yes,Yes
1-44643843577,1-44643843577,U-0847,DEVI MAHALAXMI COLLEGE OF ENGINEERING AND TECHNOLOGY,Active,Maharashtra,Thane,Thane,"SURVEY 108, MHASKAL, TITWALA, TALUKA KALYAN",400136,19.219802,72.978539,Private-Self Financing,"Mumbai University, Mumbai",Approved,Approved,B,No,,Tier 3,http://www.devimahalaxmi.ac.in,info@devimahalaxmi.ac.in,admissions@devimahalaxmi.ac.in,placement@devimahalaxmi.ac.in,+91-80-901-8498,Computer Science Engineering (CSE),B.Tech,60,300,1988,Urban,Yes,Yes
1-44643843577,1-44643843577,U-0847,DEVI MAHALAXMI COLLEGE OF ENGINEERING AND TECHNOLOGY,Active,Maharashtra,Thane,Thane,"SURVEY 108, MHASKAL, TITWALA, TALUKA KALYAN",400136,19.219802,72.978539,Private-Self Financing,"Mumbai University, Mumbai",Approved,Approved,B,No,,Tier 3,http://www.devimahalaxmi.ac.in,info@devimahalaxmi.ac.in,admissions@devimahalaxmi.ac.in,placement@devimahalaxmi.ac.in,+91-80-901-8498,Electrical Engineering,B.Tech,60,300,1988,Urban,Yes,Yes
1-44643843577,1-44643843577,U-0847,DEVI MAHALAXMI COLLEGE OF ENGINEERING AND TECHNOLOGY,Active,Maharashtra,Thane,Thane,"SURVEY 108, MHASKAL, TITWALA, TALUKA KALYAN",400136,19.219802,72.978539,Private-Self Financing,"Mumbai University, Mumbai",Approved,Approved,B,No,,Tier 3,http://www.devimahalaxmi.ac.in,info@devimahalaxmi.ac.in,admissions@devimahalaxmi.ac.in,placement@devimahalaxmi.ac.in,+91-80-901-8498,Artificial Intelligence & Machine Learning (AI & ML),B.Tech,60,300,1988,Urban,Yes,Yes
1-44754865813,1-44754865813,U-0847,MAEER'S MAHARASHTRA INSTITUTE OF TECHNOLOGY THANE,Active,Maharashtra,Thane,Thane,"MIT VISHWAJYOTI CAMPUS, NEAR GREEN VALLEY STUDIO, JARI MARI MANDIR RD, KASHIGAON MIRA ROAD, MIRA BHAYANDAR, THANE, MAHARASHTRA 401107",401107,19.237728,72.984314,Private-Self Financing,"Mumbai University, Mumbai",Approved,Approved,Not Accredited,No,,Tier 3,http://www.maeersmaharashtrathane.ac.in,info@maeersmaharashtrathane.ac.in,admissions@maeersmaharashtrathane.ac.in,placement@maeersmaharashtrathane.ac.in,+91-80-653-7255,Computer Science Engineering (CSE),B.Tech,60,240,2018,Urban,Yes,Yes
1-44754865813,1-44754865813,U-0847,MAEER'S MAHARASHTRA INSTITUTE OF TECHNOLOGY THANE,Active,Maharashtra,Thane,Thane,"MIT VISHWAJYOTI CAMPUS, NEAR GREEN VALLEY STUDIO, JARI MARI MANDIR RD, KASHIGAON MIRA ROAD, MIRA BHAYANDAR, THANE, MAHARASHTRA 401107",401107,19.237728,72.984314,Private-Self Financing,"Mumbai University, Mumbai",Approved,Approved,Not Accredited,No,,Tier 3,http://www.maeersmaharashtrathane.ac.in,info@maeersmaharashtrathane.ac.in,admissions@maeersmaharashtrathane.ac.in,placement@maeersmaharashtrathane.ac.in,+91-80-653-7255,Other Engineering Branches,B.Tech,60,240,2018,Urban,Yes,Yes
1-44754865813,1-44754865813,U-0847,MAEER'S MAHARASHTRA INSTITUTE OF TECHNOLOGY THANE,Active,Maharashtra,Thane,Thane,"MIT VISHWAJYOTI CAMPUS, NEAR GREEN VALLEY STUDIO, JARI MARI MANDIR RD, KASHIGAON MIRA ROAD, MIRA BHAYANDAR, THANE, MAHARASHTRA 401107",401107,19.237728,72.984314,Private-Self Financing,"Mumbai University, Mumbai",Approved,Approved,Not Accredited,No,,Tier 3,http://www.maeersmaharashtrathane.ac.in,info@maeersmaharashtrathane.ac.in,admissions@maeersmaharashtrathane.ac.in,placement@maeersmaharashtrathane.ac.in,+91-80-653-7255,Information Technology (IT),B.Tech,60,240,2018,Urban,Yes,Yes
1-44754865813,1-44754865813,U-0847,MAEER'S MAHARASHTRA INSTITUTE OF TECHNOLOGY THANE,Active,Maharashtra,Thane,Thane,"MIT VISHWAJYOTI CAMPUS, NEAR GREEN VALLEY STUDIO, JARI MARI MANDIR RD, KASHIGAON MIRA ROAD, MIRA BHAYANDAR, THANE, MAHARASHTRA 401107",401107,19.237728,72.984314,Private-Self Financing,"Mumbai University, Mumbai",Approved,Approved,Not Accredited,No,,Tier 3,http://www.maeersmaharashtrathane.ac.in,info@maeersmaharashtrathane.ac.in,admissions@maeersmaharashtrathane.ac.in,placement@maeersmaharashtrathane.ac.in,+91-80-653-7255,Artificial Intelligence & Machine Learning (AI & ML),B.Tech,60,240,2018,Urban,Yes,Yes
1-44753125343,1-44753125343,U-0640,THAKUR SHREE DPS COLLEGE OF ENGINEERING AND MANAGEMENT,Active,Maharashtra,Thane,Thane,"VILLAGE GOKHIWARE, TALUKA VASAI,DIST.PALGHAR,MAHARASHTRA",400136,19.216823,72.968563,Private-Self Financing,"University of Mumbai, Mumbai",Approved,Approved,A+,No,,Tier 3,http://www.thakurshreedps.ac.in,info@thakurshreedps.ac.in,admissions@thakurshreedps.ac.in,placement@thakurshreedps.ac.in,+91-80-776-9154,Information Technology (IT),B.Tech,120,360,1984,Rural,Yes,Yes
1-44753125343,1-44753125343,U-0640,THAKUR SHREE DPS COLLEGE OF ENGINEERING AND MANAGEMENT,Active,Maharashtra,Thane,Thane,"VILLAGE GOKHIWARE, TALUKA VASAI,DIST.PALGHAR,MAHARASHTRA",400136,19.216823,72.968563,Private-Self Financing,"University of Mumbai, Mumbai",Approved,Approved,A+,No,,Tier 3,http://www.thakurshreedps.ac.in,info@thakurshreedps.ac.in,admissions@thakurshreedps.ac.in,placement@thakurshreedps.ac.in,+91-80-776-9154,Computer Science Engineering (CSE),B.Tech,180,360,1984,Rural,Yes,Yes
1-44753125343,1-44753125343,U-0640,THAKUR SHREE DPS COLLEGE OF ENGINEERING AND MANAGEMENT,Active,Maharashtra,Thane,Thane,"VILLAGE GOKHIWARE, TALUKA VASAI,DIST.PALGHAR,MAHARASHTRA",400136,19.216823,72.968563,Private-Self Financing,"University of Mumbai, Mumbai",Approved,Approved,A+,No,,Tier 3,http://www.thakurshreedps.ac.in,info@thakurshreedps.ac.in,admissions@thakurshreedps.ac.in,placement@thakurshreedps.ac.in,+91-80-776-9154,Data Science,B.Tech,60,360,1984,Rural,Yes,Yes
1-44757534833,1-44757534833,U-0122,IMPERIAL COLLEGE OF ENGINEERING,Active,Maharashtra,Thane,Thane,"GHOTSAI, TAL. KALYAN",400136,19.209511,72.961386,Private-Self Financing,"Dr. Babasaheb Ambedkar Technological University, Lonere",Approved,Approved,B+,No,,Tier 3,http://www.imperial.ac.in,info@imperial.ac.in,admissions@imperial.ac.in,placement@imperial.ac.in,+91-80-470-2229,Data Science,B.Tech,60,240,2010,Rural,Yes,No
1-44757534833,1-44757534833,U-0122,IMPERIAL COLLEGE OF ENGINEERING,Active,Maharashtra,Thane,Thane,"GHOTSAI, TAL. KALYAN",400136,19.209511,72.961386,Private-Self Financing,"Dr. Babasaheb Ambedkar Technological University, Lonere",Approved,Approved,B+,No,,Tier 3,http://www.imperial.ac.in,info@imperial.ac.in,admissions@imperial.ac.in,placement@imperial.ac.in,+91-80-470-2229,Computer Science Engineering (CSE),B.Tech,60,240,2010,Rural,Yes,No
1-44757534833,1-44757534833,U-0122,IMPERIAL COLLEGE OF ENGINEERING,Active,Maharashtra,Thane,Thane,"GHOTSAI, TAL. KALYAN",400136,19.209511,72.961386,Private-Self Financing,"Dr. Babasaheb Ambedkar Technological University, Lonere",Approved,Approved,B+,No,,Tier 3,http://www.imperial.ac.in,info@imperial.ac.in,admissions@imperial.ac.in,placement@imperial.ac.in,+91-80-470-2229,Information Technology (IT),B.Tech,60,240,2010,Rural,Yes,No
1-44757534833,1-44757534833,U-0122,IMPERIAL COLLEGE OF ENGINEERING,Active,Maharashtra,Thane,Thane,"GHOTSAI, TAL. KALYAN",400136,19.209511,72.961386,Private-Self Financing,"Dr. Babasaheb Ambedkar Technological University, Lonere",Approved,Approved,B+,No,,Tier 3,http://www.imperial.ac.in,info@imperial.ac.in,admissions@imperial.ac.in,placement@imperial.ac.in,+91-80-470-2229,Electronics & Communication Engineering (ECE),B.Tech,60,240,2010,Rural,Yes,No
