College ID,AICTE Institute ID,UGC University ID,College Name,College Status,State,District,City,Full Address,Pincode,Latitude,Longitude,College Type,Affiliated University,AICTE Approval Status,UGC Approval Status,NAAC Grade,NBA Accreditation,NIRF Ranking,Tier Classification,Official Website,Official College Email,Admission Email,Placement Cell Email,Contact Phone Number,Engineering Branch Name,Degree Type,Branch Intake Capacity,Total Intake Capacity,Establishment Year,Campus Type,Hostel Available,Placement Available
1-44638534706,1-44638534706,U-0672,COLLEGE OF ENGINEERING MUTTATHARA,Active,Kerala,Thiruvananthapuram,Thiruvananthapuram,"ST:SEBASTIAN CHURCH ROAD,VALLAKADAVU. P. O,THIRUVANANTHAPURAM",682973,8.542582,76.955174,Government,"APJ Abdul Kalam Technological University, Kerala",Approved,Approved,B++,Yes,,Tier 3,http://www.muttathara.ac.in,info@muttathara.ac.in,admissions@muttathara.ac.in,placement@muttathara.ac.in,+91-80-614-0534,Mechanical Engineering,B.Tech,60,360,2007,Urban,Yes,Yes
1-44638534706,1-44638534706,U-0672,COLLEGE OF ENGINEERING MUTTATHARA,Active,Kerala,Thiruvananthapuram,Thiruvananthapuram,"ST:SEBASTIAN CHURCH ROAD,VALLAKADAVU. P. O,THIRUVANANTHAPURAM",682973,8.542582,76.955174,Government,"APJ Abdul Kalam Technological University, Kerala",Approved,Approved,B++,Yes,,Tier 3,http://www.muttathara.ac.in,info@muttathara.ac.in,admissions@muttathara.ac.in,placement@muttathara.ac.in,+91-80-614-0534,Civil Engineering,B.Tech,60,360,2007,Urban,Yes,Yes
1-44638534706,1-44638534706,U-0672,COLLEGE OF ENGINEERING MUTTATHARA,Active,Kerala,Thiruvananthapuram,Thiruvananthapuram,"ST:SEBASTIAN CHURCH ROAD,VALLAKADAVU. P. O,THIRUVANANTHAPURAM",682973,8.542582,76.955174,Government,"APJ Abdul Kalam Technological University, Kerala",Approved,Approved,B++,Yes,,Tier 3,http://www.muttathara.ac.in,info@muttathara.ac.in,admissions@muttathara.ac.in,placement@muttathara.ac.in,+91-80-614-0534,Electrical & Electronics Engineering (EEE),B.Tech,60,360,2007,Urban,Yes,Yes
1-44638534706,1-44638534706,U-0672,COLLEGE OF ENGINEERING MUTTATHARA,Active,Kerala,Thiruvananthapuram,Thiruvananthapuram,"ST:SEBASTIAN CHURCH ROAD,VALLAKADAVU. P. O,THIRUVANANTHAPURAM",682973,8.542582,76.955174,Government,"APJ Abdul Kalam Technological University, Kerala",Approved,Approved,B++,Yes,,Tier 3,http://www.muttathara.ac.in,info@muttathara.ac.in,admissions@muttathara.ac.in,placement@muttathara.ac.in,+91-80-614-0534,Electronics & Communication Engineering (ECE),B.Tech,60,360,2007,Urban,Yes,Yes
1-44638534706,1-44638534706,U-0672,COLLEGE OF ENGINEERING MUTTATHARA,Active,Kerala,Thiruvananthapuram,Thiruvananthapuram,"ST:SEBASTIAN CHURCH ROAD,VALLAKADAVU. P. O,THIRUVANANTHAPURAM",682973,8.542582,76.955174,Government,"APJ Abdul Kalam Technological University, Kerala",Approved,Approved,B++,Yes,,Tier 3,http://www.muttathara.ac.in,info@muttathara.ac.in,admissions@muttathara.ac.in,placement@muttathara.ac.in,+91-80-614-0534,Computer Science Engineering (CSE),B.Tech,120,360,2007,Urban,Yes,Yes
1-44638301355,1-44638301355,U-0672,ST THOMAS INSTITUTE FOR SCIENCE AND TECHNOLOGY,Active,Kerala,Thiruvananthapuram,Thiruvananthapuram,"MAR CHRYSOSTOM NAGAR, KATTAIKONAM P O",682973,8.527596,76.955533,Private-Self Financing,"APJ Abdul Kalam Technological University, Kerala",Approved,Approved,B+,No,,Tier 3,http://www.stthomasscience.ac.in,info@stthomasscience.ac.in,admissions@stthomasscience.ac.in,placement@stthomasscience.ac.in,+91-80-985-4969,Other Engineering Branches,M.Tech,12,372,2020,Rural,Yes,Yes
1-44638301355,1-44638301355,U-0672,ST THOMAS INSTITUTE FOR SCIENCE AND TECHNOLOGY,Active,Kerala,Thiruvananthapuram,Thiruvananthapuram,"MAR CHRYSOSTOM NAGAR, KATTAIKONAM P O",682973,8.527596,76.955533,Private-Self Financing,"APJ Abdul Kalam Technological University, Kerala",Approved,Approved,B+,No,,Tier 3,http://www.stthomasscience.ac.in,info@stthomasscience.ac.in,admissions@stthomasscience.ac.in,placement@stthomasscience.ac.in,+91-80-985-4969,Mechanical Engineering,B.Tech,30,372,2020,Rural,Yes,Yes
1-44638301355,1-44638301355,U-0672,ST THOMAS INSTITUTE FOR SCIENCE AND TECHNOLOGY,Active,Kerala,Thiruvananthapuram,Thiruvananthapuram,"MAR CHRYSOSTOM NAGAR, KATTAIKONAM P O",682973,8.527596,76.955533,Private-Self Financing,"APJ Abdul Kalam Technological University, Kerala",Approved,Approved,B+,No,,Tier 3,http://www.stthomasscience.ac.in,info@stthomasscience.ac.in,admissions@stthomasscience.ac.in,placement@stthomasscience.ac.in,+91-80-985-4969,Civil Engineering,B.Tech,60,372,2020,Rural,Yes,Yes
1-44638301355,1-44638301355,U-0672,ST THOMAS INSTITUTE FOR SCIENCE AND TECHNOLOGY,Active,Kerala,Thiruvananthapuram,Thiruvananthapuram,"MAR CHRYSOSTOM NAGAR, KATTAIKONAM P O",682973,8.527596,76.955533,Private-Self Financing,"APJ Abdul Kalam Technological University, Kerala",Approved,Approved,B+,No,,Tier 3,http://www.stthomasscience.ac.in,info@stthomasscience.ac.in,admissions@stthomasscience.ac.in,placement@stthomasscience.ac.in,+91-80-985-4969,Electrical & Electronics Engineering (EEE),B.Tech,30,372,2020,Rural,Yes,Yes
1-44638301355,1-44638301355,U-0672,ST THOMAS INSTITUTE FOR SCIENCE AND TECHNOLOGY,Active,Kerala,Thiruvananthapuram,Thiruvananthapuram,"MAR CHRYSOSTOM NAGAR, KATTAIKONAM P O",682973,8.527596,76.955533,Private-Self Financing,"APJ Abdul Kalam Technological University, Kerala",Approved,Approved,B+,No,,Tier 3,http://www.stthomasscience.ac.in,info@stthomasscience.ac.in,admissions@stthomasscience.ac.in,placement@stthomasscience.ac.in,+91-80-985-4969,Electronics & Communication Engineering (ECE),B.Tech,30,372,2020,Rural,Yes,Yes
1-44638301355,1-44638301355,U-0672,ST THOMAS INSTITUTE FOR SCIENCE AND TECHNOLOGY,Active,Kerala,Thiruvananthapuram,Thiruvananthapuram,"MAR CHRYSOSTOM NAGAR, KATTAIKONAM P O",682973,8.527596,76.955533,Private-Self Financing,"APJ Abdul Kalam Technological University, Kerala",Approved,Approved,B+,No,,Tier 3,http://www.stthomasscience.ac.in,info@stthomasscience.ac.in,admissions@stthomasscience.ac.in,placement@stthomasscience.ac.in,+91-80-985-4969,Computer Science Engineering (CSE),B.Tech,120,372,2020,Rural,Yes,Yes
1-44638301355,1-44638301355,U-0672,ST THOMAS INSTITUTE FOR SCIENCE AND TECHNOLOGY,Active,Kerala,Thiruvananthapuram,Thiruvananthapuram,"MAR CHRYSOSTOM NAGAR, KATTAIKONAM P O",682973,8.527596,76.955533,Private-Self Financing,"APJ Abdul Kalam Technological University, Kerala",Approved,Approved,B+,No,,Tier 3,http://www.stthomasscience.ac.in,info@stthomasscience.ac.in,admissions@stthomasscience.ac.in,placement@stthomasscience.ac.in,+91-80-985-4969,Data Science,B.Tech,30,372,2020,Rural,Yes,Yes
1-44638301355,1-44638301355,U-0672,ST THOMAS INSTITUTE FOR SCIENCE AND TECHNOLOGY,Active,Kerala,Thiruvananthapuram,Thiruvananthapuram,"MAR CHRYSOSTOM NAGAR, KATTAIKONAM P O",682973,8.527596,76.955533,Private-Self Financing,"APJ Abdul Kalam Technological University, Kerala",Approved,Approved,B+,No,,Tier 3,http://www.stthomasscience.ac.in,info@stthomasscience.ac.in,admissions@stthomasscience.ac.in,placement@stthomasscience.ac.in,+91-80-985-4969,Artificial Intelligence & Machine Learning (AI & ML),B.Tech,60,372,2020,Rural,Yes,Yes
1-44638313785,1-44638313785,U-0672,HEERA COLLEGE OF ENGINEERING AND TECHNOLOGY (HCET),Active,Kerala,Thiruvananthapuram,Thiruvananthapuram,"PANAVOOR.P.O, NEDUMANGAD,",682973,8.539715,76.932043,Private-Self Financing,"APJ Abdul Kalam Technological University, Kerala",Approved,Approved,B,No,,Tier 3,http://www.heerahcet.ac.in,info@heerahcet.ac.in,admissions@heerahcet.ac.in,placement@heerahcet.ac.in,+91-80-493-7698,Mechanical Engineering,B.Tech,60,360,2014,Urban,Yes,No
1-44638313785,1-44638313785,U-0672,HEERA COLLEGE OF ENGINEERING AND TECHNOLOGY (HCET),Active,Kerala,Thiruvananthapuram,Thiruvananthapuram,"PANAVOOR.P.O, NEDUMANGAD,",682973,8.539715,76.932043,Private-Self Financing,"APJ Abdul Kalam Technological University, Kerala",Approved,Approved,B,No,,Tier 3,http://www.heerahcet.ac.in,info@heerahcet.ac.in,admissions@heerahcet.ac.in,placement@heerahcet.ac.in,+91-80-493-7698,Civil Engineering,B.Tech,60,360,2014,Urban,Yes,No
1-44638313785,1-44638313785,U-0672,HEERA COLLEGE OF ENGINEERING AND TECHNOLOGY (HCET),Active,Kerala,Thiruvananthapuram,Thiruvananthapuram,"PANAVOOR.P.O, NEDUMANGAD,",682973,8.539715,76.932043,Private-Self Financing,"APJ Abdul Kalam Technological University, Kerala",Approved,Approved,B,No,,Tier 3,http://www.heerahcet.ac.in,info@heerahcet.ac.in,admissions@heerahcet.ac.in,placement@heerahcet.ac.in,+91-80-493-7698,Electrical & Electronics Engineering (EEE),B.Tech,30,360,2014,Urban,Yes,No
1-44638313785,1-44638313785,U-0672,HEERA COLLEGE OF ENGINEERING AND TECHNOLOGY (HCET),Active,Kerala,Thiruvananthapuram,Thiruvananthapuram,"PANAVOOR.P.O, NEDUMANGAD,",682973,8.539715,76.932043,Private-Self Financing,"APJ Abdul Kalam Technological University, Kerala",Approved,Approved,B,No,,Tier 3,http://www.heerahcet.ac.in,info@heerahcet.ac.in,admissions@heerahcet.ac.in,placement@heerahcet.ac.in,+91-80-493-7698,Electronics & Communication Engineering (ECE),B.Tech,30,360,2014,Urban,Yes,No
1-44638313785,1-44638313785,U-0672,HEERA COLLEGE OF ENGINEERING AND TECHNOLOGY (HCET),Active,Kerala,Thiruvananthapuram,Thiruvananthapuram,"PANAVOOR.P.O, NEDUMANGAD,",682973,8.539715,76.932043,Private-Self Financing,"APJ Abdul Kalam Technological University, Kerala",Approved,Approved,B,No,,Tier 3,http://www.heerahcet.ac.in,info@heerahcet.ac.in,admissions@heerahcet.ac.in,placement@heerahcet.ac.in,+91-80-493-7698,Computer Science Engineering (CSE),B.Tech,120,360,2014,Urban,Yes,No
1-44638313785,1-44638313785,U-0672,HEERA COLLEGE OF ENGINEERING AND TECHNOLOGY (HCET),Active,Kerala,Thiruvananthapuram,Thiruvananthapuram,"PANAVOOR.P.O, NEDUMANGAD,",682973,8.539715,76.932043,Private-Self Financing,"APJ Abdul Kalam Technological University, Kerala",Approved,Approved,B,No,,Tier 3,http://www.heerahcet.ac.in,info@heerahcet.ac.in,admissions@heerahcet.ac.in,placement@heerahcet.ac.in,+91-80-493-7698,Artificial Intelligence & Machine Learning (AI & ML),B.Tech,60,360,2014,Urban,Yes,No
1-44638293375,1-44638293375,U-0475,M G M POLYTECHNIC COLLEGE,Active,Kerala,Thiruvananthapuram,Thiruvananthapuram,PULIMATH P.O. KILIMANOOR,682973,8.528342,76.930632,Private-Self Financing,"Directorate of Technical Education, Kerala",Approved,Approved,A,No,,Tier 3,http://www.mgm.ac.in,info@mgm.ac.in,admissions@mgm.ac.in,placement@mgm.ac.in,+91-80-016-7641,Civil Engineering,Diploma,60,360,2011,Urban,Yes,Yes
1-44638293375,1-44638293375,U-0475,M G M POLYTECHNIC COLLEGE,Active,Kerala,Thiruvananthapuram,Thiruvananthapuram,PULIMATH P.O. KILIMANOOR,682973,8.528342,76.930632,Private-Self Financing,"Directorate of Technical Education, Kerala",Approved,Approved,A,No,,Tier 3,http://www.mgm.ac.in,info@mgm.ac.in,admissions@mgm.ac.in,placement@mgm.ac.in,+91-80-016-7641,Computer Science Engineering (CSE),Diploma,30,360,2011,Urban,Yes,Yes
1-44638293375,1-44638293375,U-0475,M G M POLYTECHNIC COLLEGE,Active,Kerala,Thiruvananthapuram,Thiruvananthapuram,PULIMATH P.O. KILIMANOOR,682973,8.528342,76.930632,Private-Self Financing,"Directorate of Technical Education, Kerala",Approved,Approved,A,No,,Tier 3,http://www.mgm.ac.in,info@mgm.ac.in,admissions@mgm.ac.in,placement@mgm.ac.in,+91-80-016-7641,Mechanical Engineering,Diploma,60,360,2011,Urban,Yes,Yes
1-44638293375,1-44638293375,U-0475,M G M POLYTECHNIC COLLEGE,Active,Kerala,Thiruvananthapuram,Thiruvananthapuram,PULIMATH P.O. KILIMANOOR,682973,8.528342,76.930632,Private-Self Financing,"Directorate of Technical Education, Kerala",Approved,Approved,A,No,,Tier 3,http://www.mgm.ac.in,info@mgm.ac.in,admissions@mgm.ac.in,placement@mgm.ac.in,+91-80-016-7641,Electronics & Communication Engineering (ECE),Diploma,60,360,2011,Urban,Yes,Yes
1-44638293375,1-44638293375,U-0475,M G M POLYTECHNIC COLLEGE,Active,Kerala,Thiruvananthapuram,Thiruvananthapuram,PULIMATH P.O. KILIMANOOR,682973,8.528342,76.930632,Private-Self Financing,"Directorate of Technical Education, Kerala",Approved,Approved,A,No,,Tier 3,http://www.mgm.ac.in,info@mgm.ac.in,admissions@mgm.ac.in,placement@mgm.ac.in,+91-80-016-7641,Automobile Engineering,Diploma,60,360,2011,Urban,Yes,Yes
1-44638293375,1-44638293375,U-0475,M G M POLYTECHNIC COLLEGE,Active,Kerala,Thiruvananthapuram,Thiruvananthapuram,PULIMATH P.O. KILIMANOOR,682973,8.528342,76.930632,Private-Self Financing,"Directorate of Technical Education, Kerala",Approved,Approved,A,No,,Tier 3,http://www.mgm.ac.in,info@mgm.ac.in,admissions@mgm.ac.in,placement@mgm.ac.in,+91-80-016-7641,Other Engineering Branches,Diploma,30,360,2011,Urban,Yes,Yes
1-44638293375,1-44638293375,U-0475,M G M POLYTECHNIC COLLEGE,Active,Kerala,Thiruvananthapuram,Thiruvananthapuram,PULIMATH P.O. KILIMANOOR,682973,8.528342,76.930632,Private-Self Financing,"Directorate of Technical Education, Kerala",Approved,Approved,A,No,,Tier 3,http://www.mgm.ac.in,info@mgm.ac.in,admissions@mgm.ac.in,placement@mgm.ac.in,+91-80-016-7641,Electrical Engineering,Diploma,30,360,2011,Urban,Yes,Yes
1-44638293375,1-44638293375,U-0475,M G M POLYTECHNIC COLLEGE,Active,Kerala,Thiruvananthapuram,Thiruvananthapuram,PULIMATH P.O. KILIMANOOR,682973,8.528342,76.930632,Private-Self Financing,"Directorate of Technical Education, Kerala",Approved,Approved,A,No,,Tier 3,http://www.mgm.ac.in,info@mgm.ac.in,admissions@mgm.ac.in,placement@mgm.ac.in,+91-80-016-7641,Electrical & Electronics Engineering (EEE),Diploma,30,360,2011,Urban,Yes,Yes
1-44637293361,1-44637293361,U-0992,KERALA UNIVERSITY OF DIGITAL SCIENCES INNOVATION AND TECHNOLOGY,Active,Kerala,Thiruvananthapuram,Thiruvananthapuram,TECHNOCITY CAMPUS MANGALAPURAM THONNAKKAL PO,682973,8.504933,76.949511,State Government University,NOT APPLICABLE,Approved,Approved,B,No,,Tier 3,http://www.keraladigitalsciences.ac.in,info@keraladigitalsciences.ac.in,admissions@keraladigitalsciences.ac.in,placement@keraladigitalsciences.ac.in,+91-80-034-9394,Other Engineering Branches,M.Tech,60,150,2022,Urban,Yes,Yes
1-44637293361,1-44637293361,U-0992,KERALA UNIVERSITY OF DIGITAL SCIENCES INNOVATION AND TECHNOLOGY,Active,Kerala,Thiruvananthapuram,Thiruvananthapuram,TECHNOCITY CAMPUS MANGALAPURAM THONNAKKAL PO,682973,8.504933,76.949511,State Government University,NOT APPLICABLE,Approved,Approved,B,No,,Tier 3,http://www.keraladigitalsciences.ac.in,info@keraladigitalsciences.ac.in,admissions@keraladigitalsciences.ac.in,placement@keraladigitalsciences.ac.in,+91-80-034-9394,Computer Science Engineering (CSE),M.Tech,90,150,2022,Urban,Yes,Yes
1-44638812067,1-44638812067,U-0992,INDIAN INSTITUTE OF SPACE SCIENCE AND TECHNOLOGY,Active,Kerala,Thiruvananthapuram,Thiruvananthapuram,VALIAMALA P.O.,682973,8.509419,76.924228,Deemed to be University(Govt),NOT APPLICABLE,Approved,Approved,B,Yes,,Tier 3,http://www.indianspacescience.ac.in,info@indianspacescience.ac.in,admissions@indianspacescience.ac.in,placement@indianspacescience.ac.in,+91-80-223-0832,Aeronautical Engineering,B.Tech,60,364,2008,Urban,Yes,Yes
1-44638812067,1-44638812067,U-0992,INDIAN INSTITUTE OF SPACE SCIENCE AND TECHNOLOGY,Active,Kerala,Thiruvananthapuram,Thiruvananthapuram,VALIAMALA P.O.,682973,8.509419,76.924228,Deemed to be University(Govt),NOT APPLICABLE,Approved,Approved,B,Yes,,Tier 3,http://www.indianspacescience.ac.in,info@indianspacescience.ac.in,admissions@indianspacescience.ac.in,placement@indianspacescience.ac.in,+91-80-223-0832,Other Engineering Branches,M.Tech,164,364,2008,Urban,Yes,Yes
1-44638812067,1-44638812067,U-0992,INDIAN INSTITUTE OF SPACE SCIENCE AND TECHNOLOGY,Active,Kerala,Thiruvananthapuram,Thiruvananthapuram,VALIAMALA P.O.,682973,8.509419,76.924228,Deemed to be University(Govt),NOT APPLICABLE,Approved,Approved,B,Yes,,Tier 3,http://www.indianspacescience.ac.in,info@indianspacescience.ac.in,admissions@indianspacescience.ac.in,placement@indianspacescience.ac.in,+91-80-223-0832,Information Technology (IT),M.Tech,12,364,2008,Urban,Yes,Yes
1-44638812067,1-44638812067,U-0992,INDIAN INSTITUTE OF SPACE SCIENCE AND TECHNOLOGY,Active,Kerala,Thiruvananthapuram,Thiruvananthapuram,VALIAMALA P.O.,682973,8.509419,76.924228,Deemed to be University(Govt),NOT APPLICABLE,Approved,Approved,B,Yes,,Tier 3,http://www.indianspacescience.ac.in,info@indianspacescience.ac.in,admissions@indianspacescience.ac.in,placement@indianspacescience.ac.in,+91-80-223-0832,Mechanical Engineering,M.Tech,18,364,2008,Urban,Yes,Yes
1-44638812067,1-44638812067,U-0992,INDIAN INSTITUTE OF SPACE SCIENCE AND TECHNOLOGY,Active,Kerala,Thiruvananthapuram,Thiruvananthapuram,VALIAMALA P.O.,682973,8.509419,76.924228,Deemed to be University(Govt),NOT APPLICABLE,Approved,Approved,B,Yes,,Tier 3,http://www.indianspacescience.ac.in,info@indianspacescience.ac.in,admissions@indianspacescience.ac.in,placement@indianspacescience.ac.in,+91-80-223-0832,Electronics & Communication Engineering (ECE),B.Tech,60,364,2008,Urban,Yes,Yes
1-44638812067,1-44638812067,U-0992,INDIAN INSTITUTE OF SPACE SCIENCE AND TECHNOLOGY,Active,Kerala,Thiruvananthapuram,Thiruvananthapuram,VALIAMALA P.O.,682973,8.509419,76.924228,Deemed to be University(Govt),NOT APPLICABLE,Approved,Approved,B,Yes,,Tier 3,http://www.indianspacescience.ac.in,info@indianspacescience.ac.in,admissions@indianspacescience.ac.in,placement@indianspacescience.ac.in,+91-80-223-0832,Other Engineering Branches,B.Tech,20,364,2008,Urban,Yes,Yes
1-44638812067,1-44638812067,U-0992,INDIAN INSTITUTE OF SPACE SCIENCE AND TECHNOLOGY,Active,Kerala,Thiruvananthapuram,Thiruvananthapuram,VALIAMALA P.O.,682973,8.509419,76.924228,Deemed to be University(Govt),NOT APPLICABLE,Approved,Approved,B,Yes,,Tier 3,http://www.indianspacescience.ac.in,info@indianspacescience.ac.in,admissions@indianspacescience.ac.in,placement@indianspacescience.ac.in,+91-80-223-0832,Data Science,B.Tech,30,364,2008,Urban,Yes,Yes
1-44640001690,1-44640001690,U-0672,TRINITY COLLEGE OF ENGINEERING,Active,Kerala,Thiruvananthapuram,Thiruvananthapuram,TRINITY HILL POOVADA NARUVAMOODU.P.O. TRIVANDRUM PIN 695020,695020,8.536081,76.942794,Private-Self Financing,"APJ Abdul Kalam Technological University, Kerala",Approved,Approved,B+,No,,Tier 3,http://www.trinity.ac.in,info@trinity.ac.in,admissions@trinity.ac.in,placement@trinity.ac.in,+91-80-341-3799,Civil Engineering,B.Tech,30,150,1986,Rural,No,Yes
1-44640001690,1-44640001690,U-0672,TRINITY COLLEGE OF ENGINEERING,Active,Kerala,Thiruvananthapuram,Thiruvananthapuram,TRINITY HILL POOVADA NARUVAMOODU.P.O. TRIVANDRUM PIN 695020,695020,8.536081,76.942794,Private-Self Financing,"APJ Abdul Kalam Technological University, Kerala",Approved,Approved,B+,No,,Tier 3,http://www.trinity.ac.in,info@trinity.ac.in,admissions@trinity.ac.in,placement@trinity.ac.in,+91-80-341-3799,Electronics & Communication Engineering (ECE),B.Tech,30,150,1986,Rural,No,Yes
1-44640001690,1-44640001690,U-0672,TRINITY COLLEGE OF ENGINEERING,Active,Kerala,Thiruvananthapuram,Thiruvananthapuram,TRINITY HILL POOVADA NARUVAMOODU.P.O. TRIVANDRUM PIN 695020,695020,8.536081,76.942794,Private-Self Financing,"APJ Abdul Kalam Technological University, Kerala",Approved,Approved,B+,No,,Tier 3,http://www.trinity.ac.in,info@trinity.ac.in,admissions@trinity.ac.in,placement@trinity.ac.in,+91-80-341-3799,Electrical & Electronics Engineering (EEE),B.Tech,30,150,1986,Rural,No,Yes
1-44640001690,1-44640001690,U-0672,TRINITY COLLEGE OF ENGINEERING,Active,Kerala,Thiruvananthapuram,Thiruvananthapuram,TRINITY HILL POOVADA NARUVAMOODU.P.O. TRIVANDRUM PIN 695020,695020,8.536081,76.942794,Private-Self Financing,"APJ Abdul Kalam Technological University, Kerala",Approved,Approved,B+,No,,Tier 3,http://www.trinity.ac.in,info@trinity.ac.in,admissions@trinity.ac.in,placement@trinity.ac.in,+91-80-341-3799,Mechanical Engineering,B.Tech,30,150,1986,Rural,No,Yes
1-44640001690,1-44640001690,U-0672,TRINITY COLLEGE OF ENGINEERING,Active,Kerala,Thiruvananthapuram,Thiruvananthapuram,TRINITY HILL POOVADA NARUVAMOODU.P.O. TRIVANDRUM PIN 695020,695020,8.536081,76.942794,Private-Self Financing,"APJ Abdul Kalam Technological University, Kerala",Approved,Approved,B+,No,,Tier 3,http://www.trinity.ac.in,info@trinity.ac.in,admissions@trinity.ac.in,placement@trinity.ac.in,+91-80-341-3799,Cyber Security,B.Tech,30,150,1986,Rural,No,Yes
1-44639838647,1-44639838647,U-0476,CENTRAL POLYTECHNIC COLLEGE,Active,Kerala,Thiruvananthapuram,Thiruvananthapuram,NETTAYAM VATTIYOORKAVU P O THIRUVANANTHAPURAM,682973,8.531552,76.925359,Government,"Board of Technical Examination, Thiruvananthapuram",Approved,Approved,A+,Yes,,Tier 2,http://www.inst4977.ac.in,info@inst4977.ac.in,admissions@inst4977.ac.in,placement@inst4977.ac.in,+91-80-151-4168,Other Engineering Branches,Diploma,120,360,1996,Rural,Yes,Yes
1-44639838647,1-44639838647,U-0476,CENTRAL POLYTECHNIC COLLEGE,Active,Kerala,Thiruvananthapuram,Thiruvananthapuram,NETTAYAM VATTIYOORKAVU P O THIRUVANANTHAPURAM,682973,8.531552,76.925359,Government,"Board of Technical Examination, Thiruvananthapuram",Approved,Approved,A+,Yes,,Tier 2,http://www.inst4977.ac.in,info@inst4977.ac.in,admissions@inst4977.ac.in,placement@inst4977.ac.in,+91-80-151-4168,Mechanical Engineering,Diploma,60,360,1996,Rural,Yes,Yes
1-44639838647,1-44639838647,U-0476,CENTRAL POLYTECHNIC COLLEGE,Active,Kerala,Thiruvananthapuram,Thiruvananthapuram,NETTAYAM VATTIYOORKAVU P O THIRUVANANTHAPURAM,682973,8.531552,76.925359,Government,"Board of Technical Examination, Thiruvananthapuram",Approved,Approved,A+,Yes,,Tier 2,http://www.inst4977.ac.in,info@inst4977.ac.in,admissions@inst4977.ac.in,placement@inst4977.ac.in,+91-80-151-4168,Electrical & Electronics Engineering (EEE),Diploma,60,360,1996,Rural,Yes,Yes
1-44639838647,1-44639838647,U-0476,CENTRAL POLYTECHNIC COLLEGE,Active,Kerala,Thiruvananthapuram,Thiruvananthapuram,NETTAYAM VATTIYOORKAVU P O THIRUVANANTHAPURAM,682973,8.531552,76.925359,Government,"Board of Technical Examination, Thiruvananthapuram",Approved,Approved,A+,Yes,,Tier 2,http://www.inst4977.ac.in,info@inst4977.ac.in,admissions@inst4977.ac.in,placement@inst4977.ac.in,+91-80-151-4168,Computer Science Engineering (CSE),Diploma,60,360,1996,Rural,Yes,Yes
1-44639838647,1-44639838647,U-0476,CENTRAL POLYTECHNIC COLLEGE,Active,Kerala,Thiruvananthapuram,Thiruvananthapuram,NETTAYAM VATTIYOORKAVU P O THIRUVANANTHAPURAM,682973,8.531552,76.925359,Government,"Board of Technical Examination, Thiruvananthapuram",Approved,Approved,A+,Yes,,Tier 2,http://www.inst4977.ac.in,info@inst4977.ac.in,admissions@inst4977.ac.in,placement@inst4977.ac.in,+91-80-151-4168,Civil Engineering,Diploma,60,360,1996,Rural,Yes,Yes
1-44639861483,1-44639861483,U-0992,"DEPARTMENT OF FUTURES STUDIES, UNIVERSITY OF KERALA",Active,Kerala,Thiruvananthapuram,Thiruvananthapuram,"DEPT OF FUTURES STUDIES, AQUATIC BIOLOGY BUILDING, KARIAVATTOM CAMPUS,UNIVERSITY OF KERALA, KARIAVATTOM-695581",695581,8.52277,76.943315,State Government University,NOT APPLICABLE,Approved,Approved,A+,No,,Tier 3,http://www.departmentfuturesstudies.ac.in,info@departmentfuturesstudies.ac.in,admissions@departmentfuturesstudies.ac.in,placement@departmentfuturesstudies.ac.in,+91-80-783-0954,Other Engineering Branches,M.Tech,15,15,1999,Rural,Yes,Yes
1-44639568078,1-44639568078,U-0317,GOVERNMENT WOMENS POLYTECHNIC COLLEGE,Active,Kerala,Thiruvananthapuram,Thiruvananthapuram,"GOVERNMENT WOMENS POLYTECHNIC COLLEGE, KAIMANAM, THIRUVANANTHAPURAM",682973,8.508773,76.940498,Government,"Board of Technical Examination, Kerala",Approved,Approved,A+,Yes,,Tier 2,http://www.inst7656.ac.in,info@inst7656.ac.in,admissions@inst7656.ac.in,placement@inst7656.ac.in,+91-80-196-0088,Computer Science Engineering (CSE),Diploma,75,255,1985,Urban,No,Yes
1-44639568078,1-44639568078,U-0317,GOVERNMENT WOMENS POLYTECHNIC COLLEGE,Active,Kerala,Thiruvananthapuram,Thiruvananthapuram,"GOVERNMENT WOMENS POLYTECHNIC COLLEGE, KAIMANAM, THIRUVANANTHAPURAM",682973,8.508773,76.940498,Government,"Board of Technical Examination, Kerala",Approved,Approved,A+,Yes,,Tier 2,http://www.inst7656.ac.in,info@inst7656.ac.in,admissions@inst7656.ac.in,placement@inst7656.ac.in,+91-80-196-0088,Other Engineering Branches,Diploma,180,255,1985,Urban,No,Yes
1-44640534847,1-44640534847,U-0672,JOHN COX MEMORIAL CSI INSTITUTE OF TECHNOLOGY,Active,Kerala,Thiruvananthapuram,Thiruvananthapuram,"JOHN COX MEMORIAL CSI INSTITUTE OF TECHNOLOGY, KANNAMMOOLA, THIRUVANANTHAPURAM , PIN 695011, KERALA. PHONE 0471 3075512 , FAX  0471-2446949.",695011,8.509473,76.934186,Private-Self Financing,"APJ Abdul Kalam Technological University, Kerala",Approved,Approved,B,Yes,,Tier 3,http://www.johncoxmemorial.ac.in,info@johncoxmemorial.ac.in,admissions@johncoxmemorial.ac.in,placement@johncoxmemorial.ac.in,+91-80-225-3680,Civil Engineering,B.Tech,60,420,2014,Urban,No,Yes
1-44640534847,1-44640534847,U-0672,JOHN COX MEMORIAL CSI INSTITUTE OF TECHNOLOGY,Active,Kerala,Thiruvananthapuram,Thiruvananthapuram,"JOHN COX MEMORIAL CSI INSTITUTE OF TECHNOLOGY, KANNAMMOOLA, THIRUVANANTHAPURAM , PIN 695011, KERALA. PHONE 0471 3075512 , FAX  0471-2446949.",695011,8.509473,76.934186,Private-Self Financing,"APJ Abdul Kalam Technological University, Kerala",Approved,Approved,B,Yes,,Tier 3,http://www.johncoxmemorial.ac.in,info@johncoxmemorial.ac.in,admissions@johncoxmemorial.ac.in,placement@johncoxmemorial.ac.in,+91-80-225-3680,Electrical & Electronics Engineering (EEE),B.Tech,30,420,2014,Urban,No,Yes
1-44640534847,1-44640534847,U-0672,JOHN COX MEMORIAL CSI INSTITUTE OF TECHNOLOGY,Active,Kerala,Thiruvananthapuram,Thiruvananthapuram,"JOHN COX MEMORIAL CSI INSTITUTE OF TECHNOLOGY, KANNAMMOOLA, THIRUVANANTHAPURAM , PIN 695011, KERALA. PHONE 0471 3075512 , FAX  0471-2446949.",695011,8.509473,76.934186,Private-Self Financing,"APJ Abdul Kalam Technological University, Kerala",Approved,Approved,B,Yes,,Tier 3,http://www.johncoxmemorial.ac.in,info@johncoxmemorial.ac.in,admissions@johncoxmemorial.ac.in,placement@johncoxmemorial.ac.in,+91-80-225-3680,Electronics & Communication Engineering (ECE),B.Tech,30,420,2014,Urban,No,Yes
1-44640534847,1-44640534847,U-0672,JOHN COX MEMORIAL CSI INSTITUTE OF TECHNOLOGY,Active,Kerala,Thiruvananthapuram,Thiruvananthapuram,"JOHN COX MEMORIAL CSI INSTITUTE OF TECHNOLOGY, KANNAMMOOLA, THIRUVANANTHAPURAM , PIN 695011, KERALA. PHONE 0471 3075512 , FAX  0471-2446949.",695011,8.509473,76.934186,Private-Self Financing,"APJ Abdul Kalam Technological University, Kerala",Approved,Approved,B,Yes,,Tier 3,http://www.johncoxmemorial.ac.in,info@johncoxmemorial.ac.in,admissions@johncoxmemorial.ac.in,placement@johncoxmemorial.ac.in,+91-80-225-3680,Mechanical Engineering,B.Tech,30,420,2014,Urban,No,Yes
1-44640534847,1-44640534847,U-0672,JOHN COX MEMORIAL CSI INSTITUTE OF TECHNOLOGY,Active,Kerala,Thiruvananthapuram,Thiruvananthapuram,"JOHN COX MEMORIAL CSI INSTITUTE OF TECHNOLOGY, KANNAMMOOLA, THIRUVANANTHAPURAM , PIN 695011, KERALA. PHONE 0471 3075512 , FAX  0471-2446949.",695011,8.509473,76.934186,Private-Self Financing,"APJ Abdul Kalam Technological University, Kerala",Approved,Approved,B,Yes,,Tier 3,http://www.johncoxmemorial.ac.in,info@johncoxmemorial.ac.in,admissions@johncoxmemorial.ac.in,placement@johncoxmemorial.ac.in,+91-80-225-3680,Computer Science Engineering (CSE),B.Tech,60,420,2014,Urban,No,Yes
1-44640534847,1-44640534847,U-0672,JOHN COX MEMORIAL CSI INSTITUTE OF TECHNOLOGY,Active,Kerala,Thiruvananthapuram,Thiruvananthapuram,"JOHN COX MEMORIAL CSI INSTITUTE OF TECHNOLOGY, KANNAMMOOLA, THIRUVANANTHAPURAM , PIN 695011, KERALA. PHONE 0471 3075512 , FAX  0471-2446949.",695011,8.509473,76.934186,Private-Self Financing,"APJ Abdul Kalam Technological University, Kerala",Approved,Approved,B,Yes,,Tier 3,http://www.johncoxmemorial.ac.in,info@johncoxmemorial.ac.in,admissions@johncoxmemorial.ac.in,placement@johncoxmemorial.ac.in,+91-80-225-3680,Other Engineering Branches,B.Tech,30,420,2014,Urban,No,Yes
1-44640534847,1-44640534847,U-0672,JOHN COX MEMORIAL CSI INSTITUTE OF TECHNOLOGY,Active,Kerala,Thiruvananthapuram,Thiruvananthapuram,"JOHN COX MEMORIAL CSI INSTITUTE OF TECHNOLOGY, KANNAMMOOLA, THIRUVANANTHAPURAM , PIN 695011, KERALA. PHONE 0471 3075512 , FAX  0471-2446949.",695011,8.509473,76.934186,Private-Self Financing,"APJ Abdul Kalam Technological University, Kerala",Approved,Approved,B,Yes,,Tier 3,http://www.johncoxmemorial.ac.in,info@johncoxmemorial.ac.in,admissions@johncoxmemorial.ac.in,placement@johncoxmemorial.ac.in,+91-80-225-3680,Artificial Intelligence & Machine Learning (AI & ML),B.Tech,30,420,2014,Urban,No,Yes
1-44640534847,1-44640534847,U-0672,JOHN COX MEMORIAL CSI INSTITUTE OF TECHNOLOGY,Active,Kerala,Thiruvananthapuram,Thiruvananthapuram,"JOHN COX MEMORIAL CSI INSTITUTE OF TECHNOLOGY, KANNAMMOOLA, THIRUVANANTHAPURAM , PIN 695011, KERALA. PHONE 0471 3075512 , FAX  0471-2446949.",695011,8.509473,76.934186,Private-Self Financing,"APJ Abdul Kalam Technological University, Kerala",Approved,Approved,B,Yes,,Tier 3,http://www.johncoxmemorial.ac.in,info@johncoxmemorial.ac.in,admissions@johncoxmemorial.ac.in,placement@johncoxmemorial.ac.in,+91-80-225-3680,Civil Engineering,Diploma,30,420,2014,Urban,No,Yes
1-44640534847,1-44640534847,U-0672,JOHN COX MEMORIAL CSI INSTITUTE OF TECHNOLOGY,Active,Kerala,Thiruvananthapuram,Thiruvananthapuram,"JOHN COX MEMORIAL CSI INSTITUTE OF TECHNOLOGY, KANNAMMOOLA, THIRUVANANTHAPURAM , PIN 695011, KERALA. PHONE 0471 3075512 , FAX  0471-2446949.",695011,8.509473,76.934186,Private-Self Financing,"APJ Abdul Kalam Technological University, Kerala",Approved,Approved,B,Yes,,Tier 3,http://www.johncoxmemorial.ac.in,info@johncoxmemorial.ac.in,admissions@johncoxmemorial.ac.in,placement@johncoxmemorial.ac.in,+91-80-225-3680,Computer Science Engineering (CSE),Diploma,30,420,2014,Urban,No,Yes
1-44640534847,1-44640534847,U-0672,JOHN COX MEMORIAL CSI INSTITUTE OF TECHNOLOGY,Active,Kerala,Thiruvananthapuram,Thiruvananthapuram,"JOHN COX MEMORIAL CSI INSTITUTE OF TECHNOLOGY, KANNAMMOOLA, THIRUVANANTHAPURAM , PIN 695011, KERALA. PHONE 0471 3075512 , FAX  0471-2446949.",695011,8.509473,76.934186,Private-Self Financing,"APJ Abdul Kalam Technological University, Kerala",Approved,Approved,B,Yes,,Tier 3,http://www.johncoxmemorial.ac.in,info@johncoxmemorial.ac.in,admissions@johncoxmemorial.ac.in,placement@johncoxmemorial.ac.in,+91-80-225-3680,Electrical Engineering,Diploma,30,420,2014,Urban,No,Yes
1-44640534847,1-44640534847,U-0672,JOHN COX MEMORIAL CSI INSTITUTE OF TECHNOLOGY,Active,Kerala,Thiruvananthapuram,Thiruvananthapuram,"JOHN COX MEMORIAL CSI INSTITUTE OF TECHNOLOGY, KANNAMMOOLA, THIRUVANANTHAPURAM , PIN 695011, KERALA. PHONE 0471 3075512 , FAX  0471-2446949.",695011,8.509473,76.934186,Private-Self Financing,"APJ Abdul Kalam Technological University, Kerala",Approved,Approved,B,Yes,,Tier 3,http://www.johncoxmemorial.ac.in,info@johncoxmemorial.ac.in,admissions@johncoxmemorial.ac.in,placement@johncoxmemorial.ac.in,+91-80-225-3680,Electronics & Communication Engineering (ECE),Diploma,30,420,2014,Urban,No,Yes
1-44640534847,1-44640534847,U-0672,JOHN COX MEMORIAL CSI INSTITUTE OF TECHNOLOGY,Active,Kerala,Thiruvananthapuram,Thiruvananthapuram,"JOHN COX MEMORIAL CSI INSTITUTE OF TECHNOLOGY, KANNAMMOOLA, THIRUVANANTHAPURAM , PIN 695011, KERALA. PHONE 0471 3075512 , FAX  0471-2446949.",695011,8.509473,76.934186,Private-Self Financing,"APJ Abdul Kalam Technological University, Kerala",Approved,Approved,B,Yes,,Tier 3,http://www.johncoxmemorial.ac.in,info@johncoxmemorial.ac.in,admissions@johncoxmemorial.ac.in,placement@johncoxmemorial.ac.in,+91-80-225-3680,Mechanical Engineering,Diploma,30,420,2014,Urban,No,Yes
1-44640711132,1-44640711132,U-0317,"GOVERMENT POLYTECHNIC COLLEGE, NEYYATTINKARA",Active,Kerala,Thiruvananthapuram,Thiruvananthapuram,"PERUMBAZHUTHUR P O, NEYYATTINKARA",682973,8.539232,76.935013,Government,"Board of Technical Examination, Kerala",Approved,Approved,A,No,,Tier 2,http://www.govermentneyyattinkara.ac.in,info@govermentneyyattinkara.ac.in,admissions@govermentneyyattinkara.ac.in,placement@govermentneyyattinkara.ac.in,+91-80-473-5221,Computer Science Engineering (CSE),Diploma,60,270,2008,Urban,Yes,Yes
1-44640711132,1-44640711132,U-0317,"GOVERMENT POLYTECHNIC COLLEGE, NEYYATTINKARA",Active,Kerala,Thiruvananthapuram,Thiruvananthapuram,"PERUMBAZHUTHUR P O, NEYYATTINKARA",682973,8.539232,76.935013,Government,"Board of Technical Examination, Kerala",Approved,Approved,A,No,,Tier 2,http://www.govermentneyyattinkara.ac.in,info@govermentneyyattinkara.ac.in,admissions@govermentneyyattinkara.ac.in,placement@govermentneyyattinkara.ac.in,+91-80-473-5221,Electronics & Communication Engineering (ECE),Diploma,60,270,2008,Urban,Yes,Yes
1-44640711132,1-44640711132,U-0317,"GOVERMENT POLYTECHNIC COLLEGE, NEYYATTINKARA",Active,Kerala,Thiruvananthapuram,Thiruvananthapuram,"PERUMBAZHUTHUR P O, NEYYATTINKARA",682973,8.539232,76.935013,Government,"Board of Technical Examination, Kerala",Approved,Approved,A,No,,Tier 2,http://www.govermentneyyattinkara.ac.in,info@govermentneyyattinkara.ac.in,admissions@govermentneyyattinkara.ac.in,placement@govermentneyyattinkara.ac.in,+91-80-473-5221,Other Engineering Branches,Diploma,150,270,2008,Urban,Yes,Yes
1-44640385962,1-44640385962,U-0672,VIDYA ACADEMY OF SCIENCE AND TECHNOLOGY TECHNICAL CAMPUS,Active,Kerala,Thiruvananthapuram,Thiruvananthapuram,MALACKAL PO KILIMANOOR TRIVANDRUM PIN 695602,695602,8.540912,76.920602,Private-Self Financing,"APJ Abdul Kalam Technological University, Kerala",Approved,Approved,B+,No,,Tier 3,http://www.vidyaacademyscience.ac.in,info@vidyaacademyscience.ac.in,admissions@vidyaacademyscience.ac.in,placement@vidyaacademyscience.ac.in,+91-80-543-9897,Civil Engineering,B.Tech,60,270,2008,Rural,Yes,Yes
1-44640385962,1-44640385962,U-0672,VIDYA ACADEMY OF SCIENCE AND TECHNOLOGY TECHNICAL CAMPUS,Active,Kerala,Thiruvananthapuram,Thiruvananthapuram,MALACKAL PO KILIMANOOR TRIVANDRUM PIN 695602,695602,8.540912,76.920602,Private-Self Financing,"APJ Abdul Kalam Technological University, Kerala",Approved,Approved,B+,No,,Tier 3,http://www.vidyaacademyscience.ac.in,info@vidyaacademyscience.ac.in,admissions@vidyaacademyscience.ac.in,placement@vidyaacademyscience.ac.in,+91-80-543-9897,Electronics & Communication Engineering (ECE),B.Tech,60,270,2008,Rural,Yes,Yes
1-44640385962,1-44640385962,U-0672,VIDYA ACADEMY OF SCIENCE AND TECHNOLOGY TECHNICAL CAMPUS,Active,Kerala,Thiruvananthapuram,Thiruvananthapuram,MALACKAL PO KILIMANOOR TRIVANDRUM PIN 695602,695602,8.540912,76.920602,Private-Self Financing,"APJ Abdul Kalam Technological University, Kerala",Approved,Approved,B+,No,,Tier 3,http://www.vidyaacademyscience.ac.in,info@vidyaacademyscience.ac.in,admissions@vidyaacademyscience.ac.in,placement@vidyaacademyscience.ac.in,+91-80-543-9897,Mechanical Engineering,B.Tech,30,270,2008,Rural,Yes,Yes
1-44640385962,1-44640385962,U-0672,VIDYA ACADEMY OF SCIENCE AND TECHNOLOGY TECHNICAL CAMPUS,Active,Kerala,Thiruvananthapuram,Thiruvananthapuram,MALACKAL PO KILIMANOOR TRIVANDRUM PIN 695602,695602,8.540912,76.920602,Private-Self Financing,"APJ Abdul Kalam Technological University, Kerala",Approved,Approved,B+,No,,Tier 3,http://www.vidyaacademyscience.ac.in,info@vidyaacademyscience.ac.in,admissions@vidyaacademyscience.ac.in,placement@vidyaacademyscience.ac.in,+91-80-543-9897,Computer Science Engineering (CSE),B.Tech,120,270,2008,Rural,Yes,Yes
1-44640486535,1-44640486535,U-0672,MUSALIAR COLLEGE OF ENGINEERING,Active,Kerala,Thiruvananthapuram,Thiruvananthapuram,KADAKOM. P.O CHIRAYINKEEZHU THIRUVANANTHAPURAM KERALA,682973,8.529618,76.946818,Private-Self Financing,"APJ Abdul Kalam Technological University, Kerala",Approved,Approved,A,No,,Tier 3,http://www.musaliar.ac.in,info@musaliar.ac.in,admissions@musaliar.ac.in,placement@musaliar.ac.in,+91-80-070-3041,Civil Engineering,B.Tech,30,390,2013,Urban,Yes,Yes
1-44640486535,1-44640486535,U-0672,MUSALIAR COLLEGE OF ENGINEERING,Active,Kerala,Thiruvananthapuram,Thiruvananthapuram,KADAKOM. P.O CHIRAYINKEEZHU THIRUVANANTHAPURAM KERALA,682973,8.529618,76.946818,Private-Self Financing,"APJ Abdul Kalam Technological University, Kerala",Approved,Approved,A,No,,Tier 3,http://www.musaliar.ac.in,info@musaliar.ac.in,admissions@musaliar.ac.in,placement@musaliar.ac.in,+91-80-070-3041,Electronics & Communication Engineering (ECE),B.Tech,30,390,2013,Urban,Yes,Yes
1-44640486535,1-44640486535,U-0672,MUSALIAR COLLEGE OF ENGINEERING,Active,Kerala,Thiruvananthapuram,Thiruvananthapuram,KADAKOM. P.O CHIRAYINKEEZHU THIRUVANANTHAPURAM KERALA,682973,8.529618,76.946818,Private-Self Financing,"APJ Abdul Kalam Technological University, Kerala",Approved,Approved,A,No,,Tier 3,http://www.musaliar.ac.in,info@musaliar.ac.in,admissions@musaliar.ac.in,placement@musaliar.ac.in,+91-80-070-3041,Computer Science Engineering (CSE),B.Tech,60,390,2013,Urban,Yes,Yes
1-44640486535,1-44640486535,U-0672,MUSALIAR COLLEGE OF ENGINEERING,Active,Kerala,Thiruvananthapuram,Thiruvananthapuram,KADAKOM. P.O CHIRAYINKEEZHU THIRUVANANTHAPURAM KERALA,682973,8.529618,76.946818,Private-Self Financing,"APJ Abdul Kalam Technological University, Kerala",Approved,Approved,A,No,,Tier 3,http://www.musaliar.ac.in,info@musaliar.ac.in,admissions@musaliar.ac.in,placement@musaliar.ac.in,+91-80-070-3041,Other Engineering Branches,B.Tech,90,390,2013,Urban,Yes,Yes
1-44640486535,1-44640486535,U-0672,MUSALIAR COLLEGE OF ENGINEERING,Active,Kerala,Thiruvananthapuram,Thiruvananthapuram,KADAKOM. P.O CHIRAYINKEEZHU THIRUVANANTHAPURAM KERALA,682973,8.529618,76.946818,Private-Self Financing,"APJ Abdul Kalam Technological University, Kerala",Approved,Approved,A,No,,Tier 3,http://www.musaliar.ac.in,info@musaliar.ac.in,admissions@musaliar.ac.in,placement@musaliar.ac.in,+91-80-070-3041,Artificial Intelligence & Machine Learning (AI & ML),Diploma,60,390,2013,Urban,Yes,Yes
1-44640486535,1-44640486535,U-0672,MUSALIAR COLLEGE OF ENGINEERING,Active,Kerala,Thiruvananthapuram,Thiruvananthapuram,KADAKOM. P.O CHIRAYINKEEZHU THIRUVANANTHAPURAM KERALA,682973,8.529618,76.946818,Private-Self Financing,"APJ Abdul Kalam Technological University, Kerala",Approved,Approved,A,No,,Tier 3,http://www.musaliar.ac.in,info@musaliar.ac.in,admissions@musaliar.ac.in,placement@musaliar.ac.in,+91-80-070-3041,Information Technology (IT),Diploma,60,390,2013,Urban,Yes,Yes
1-44640486535,1-44640486535,U-0672,MUSALIAR COLLEGE OF ENGINEERING,Active,Kerala,Thiruvananthapuram,Thiruvananthapuram,KADAKOM. P.O CHIRAYINKEEZHU THIRUVANANTHAPURAM KERALA,682973,8.529618,76.946818,Private-Self Financing,"APJ Abdul Kalam Technological University, Kerala",Approved,Approved,A,No,,Tier 3,http://www.musaliar.ac.in,info@musaliar.ac.in,admissions@musaliar.ac.in,placement@musaliar.ac.in,+91-80-070-3041,Civil Engineering,Diploma,60,390,2013,Urban,Yes,Yes
1-44641464996,1-44641464996,U-0317,GOVERNMENT POLYTECHNIC COLLEGE,Active,Kerala,Thiruvananthapuram,Thiruvananthapuram,ATTINGAL THIRUVANANTHAPURAM PIN 695101,695101,8.514425,76.944092,Government,"Board of Technical Examination, Kerala",Approved,Approved,B,No,,Tier 3,http://www.inst6916.ac.in,info@inst6916.ac.in,admissions@inst6916.ac.in,placement@inst6916.ac.in,+91-80-433-0671,Automobile Engineering,Diploma,60,240,2005,Urban,Yes,Yes
1-44641464996,1-44641464996,U-0317,GOVERNMENT POLYTECHNIC COLLEGE,Active,Kerala,Thiruvananthapuram,Thiruvananthapuram,ATTINGAL THIRUVANANTHAPURAM PIN 695101,695101,8.514425,76.944092,Government,"Board of Technical Examination, Kerala",Approved,Approved,B,No,,Tier 3,http://www.inst6916.ac.in,info@inst6916.ac.in,admissions@inst6916.ac.in,placement@inst6916.ac.in,+91-80-433-0671,Electrical & Electronics Engineering (EEE),Diploma,60,240,2005,Urban,Yes,Yes
1-44641464996,1-44641464996,U-0317,GOVERNMENT POLYTECHNIC COLLEGE,Active,Kerala,Thiruvananthapuram,Thiruvananthapuram,ATTINGAL THIRUVANANTHAPURAM PIN 695101,695101,8.514425,76.944092,Government,"Board of Technical Examination, Kerala",Approved,Approved,B,No,,Tier 3,http://www.inst6916.ac.in,info@inst6916.ac.in,admissions@inst6916.ac.in,placement@inst6916.ac.in,+91-80-433-0671,Mechanical Engineering,Diploma,60,240,2005,Urban,Yes,Yes
1-44641464996,1-44641464996,U-0317,GOVERNMENT POLYTECHNIC COLLEGE,Active,Kerala,Thiruvananthapuram,Thiruvananthapuram,ATTINGAL THIRUVANANTHAPURAM PIN 695101,695101,8.514425,76.944092,Government,"Board of Technical Examination, Kerala",Approved,Approved,B,No,,Tier 3,http://www.inst6916.ac.in,info@inst6916.ac.in,admissions@inst6916.ac.in,placement@inst6916.ac.in,+91-80-433-0671,Other Engineering Branches,Diploma,60,240,2005,Urban,Yes,Yes
1-44641225635,1-44641225635,U-0672,ACE COLLEGE OF ENGINEERING,Active,Kerala,Thiruvananthapuram,Thiruvananthapuram,"PLAPPATTIVILA,KARINKADAMUGAL, THIRUVALLAM, THIRUVANANTHAPURAM 695027",695027,8.543505,76.921056,Private-Self Financing,"APJ Abdul Kalam Technological University, Kerala",Approved,Approved,B,Yes,,Tier 3,http://www.ace.ac.in,info@ace.ac.in,admissions@ace.ac.in,placement@ace.ac.in,+91-80-652-7388,Electronics & Communication Engineering (ECE),B.Tech,60,450,2016,Urban,Yes,No
1-44641225635,1-44641225635,U-0672,ACE COLLEGE OF ENGINEERING,Active,Kerala,Thiruvananthapuram,Thiruvananthapuram,"PLAPPATTIVILA,KARINKADAMUGAL, THIRUVALLAM, THIRUVANANTHAPURAM 695027",695027,8.543505,76.921056,Private-Self Financing,"APJ Abdul Kalam Technological University, Kerala",Approved,Approved,B,Yes,,Tier 3,http://www.ace.ac.in,info@ace.ac.in,admissions@ace.ac.in,placement@ace.ac.in,+91-80-652-7388,Mechanical Engineering,B.Tech,120,450,2016,Urban,Yes,No
1-44641225635,1-44641225635,U-0672,ACE COLLEGE OF ENGINEERING,Active,Kerala,Thiruvananthapuram,Thiruvananthapuram,"PLAPPATTIVILA,KARINKADAMUGAL, THIRUVALLAM, THIRUVANANTHAPURAM 695027",695027,8.543505,76.921056,Private-Self Financing,"APJ Abdul Kalam Technological University, Kerala",Approved,Approved,B,Yes,,Tier 3,http://www.ace.ac.in,info@ace.ac.in,admissions@ace.ac.in,placement@ace.ac.in,+91-80-652-7388,Civil Engineering,B.Tech,60,450,2016,Urban,Yes,No
1-44641225635,1-44641225635,U-0672,ACE COLLEGE OF ENGINEERING,Active,Kerala,Thiruvananthapuram,Thiruvananthapuram,"PLAPPATTIVILA,KARINKADAMUGAL, THIRUVALLAM, THIRUVANANTHAPURAM 695027",695027,8.543505,76.921056,Private-Self Financing,"APJ Abdul Kalam Technological University, Kerala",Approved,Approved,B,Yes,,Tier 3,http://www.ace.ac.in,info@ace.ac.in,admissions@ace.ac.in,placement@ace.ac.in,+91-80-652-7388,Electrical & Electronics Engineering (EEE),B.Tech,30,450,2016,Urban,Yes,No
1-44641225635,1-44641225635,U-0672,ACE COLLEGE OF ENGINEERING,Active,Kerala,Thiruvananthapuram,Thiruvananthapuram,"PLAPPATTIVILA,KARINKADAMUGAL, THIRUVALLAM, THIRUVANANTHAPURAM 695027",695027,8.543505,76.921056,Private-Self Financing,"APJ Abdul Kalam Technological University, Kerala",Approved,Approved,B,Yes,,Tier 3,http://www.ace.ac.in,info@ace.ac.in,admissions@ace.ac.in,placement@ace.ac.in,+91-80-652-7388,Aeronautical Engineering,B.Tech,60,450,2016,Urban,Yes,No
1-44641225635,1-44641225635,U-0672,ACE COLLEGE OF ENGINEERING,Active,Kerala,Thiruvananthapuram,Thiruvananthapuram,"PLAPPATTIVILA,KARINKADAMUGAL, THIRUVALLAM, THIRUVANANTHAPURAM 695027",695027,8.543505,76.921056,Private-Self Financing,"APJ Abdul Kalam Technological University, Kerala",Approved,Approved,B,Yes,,Tier 3,http://www.ace.ac.in,info@ace.ac.in,admissions@ace.ac.in,placement@ace.ac.in,+91-80-652-7388,Artificial Intelligence & Machine Learning (AI & ML),B.Tech,60,450,2016,Urban,Yes,No
1-44641225635,1-44641225635,U-0672,ACE COLLEGE OF ENGINEERING,Active,Kerala,Thiruvananthapuram,Thiruvananthapuram,"PLAPPATTIVILA,KARINKADAMUGAL, THIRUVALLAM, THIRUVANANTHAPURAM 695027",695027,8.543505,76.921056,Private-Self Financing,"APJ Abdul Kalam Technological University, Kerala",Approved,Approved,B,Yes,,Tier 3,http://www.ace.ac.in,info@ace.ac.in,admissions@ace.ac.in,placement@ace.ac.in,+91-80-652-7388,Computer Science Engineering (CSE),B.Tech,60,450,2016,Urban,Yes,No
1-44641480101,1-44641480101,U-0672,P.A.AZIZ COLLEGE OF ENGINEERING AND TECHNOLOGY,Active,Kerala,Thiruvananthapuram,Thiruvananthapuram,"GREEN HILLS, KARAKULAM, TRIVANDRUM-695564 KERALA.",695564,8.543453,76.935861,Private-Self Financing,"APJ Abdul Kalam Technological University, Kerala",Approved,Approved,Not Accredited,No,,Tier 3,http://www.paaziz.ac.in,info@paaziz.ac.in,admissions@paaziz.ac.in,placement@paaziz.ac.in,+91-80-650-5723,Civil Engineering,B.Tech,30,630,2010,Urban,Yes,Yes
1-44641480101,1-44641480101,U-0672,P.A.AZIZ COLLEGE OF ENGINEERING AND TECHNOLOGY,Active,Kerala,Thiruvananthapuram,Thiruvananthapuram,"GREEN HILLS, KARAKULAM, TRIVANDRUM-695564 KERALA.",695564,8.543453,76.935861,Private-Self Financing,"APJ Abdul Kalam Technological University, Kerala",Approved,Approved,Not Accredited,No,,Tier 3,http://www.paaziz.ac.in,info@paaziz.ac.in,admissions@paaziz.ac.in,placement@paaziz.ac.in,+91-80-650-5723,Computer Science Engineering (CSE),B.Tech,30,630,2010,Urban,Yes,Yes
1-44641480101,1-44641480101,U-0672,P.A.AZIZ COLLEGE OF ENGINEERING AND TECHNOLOGY,Active,Kerala,Thiruvananthapuram,Thiruvananthapuram,"GREEN HILLS, KARAKULAM, TRIVANDRUM-695564 KERALA.",695564,8.543453,76.935861,Private-Self Financing,"APJ Abdul Kalam Technological University, Kerala",Approved,Approved,Not Accredited,No,,Tier 3,http://www.paaziz.ac.in,info@paaziz.ac.in,admissions@paaziz.ac.in,placement@paaziz.ac.in,+91-80-650-5723,Electrical & Electronics Engineering (EEE),B.Tech,30,630,2010,Urban,Yes,Yes
1-44641480101,1-44641480101,U-0672,P.A.AZIZ COLLEGE OF ENGINEERING AND TECHNOLOGY,Active,Kerala,Thiruvananthapuram,Thiruvananthapuram,"GREEN HILLS, KARAKULAM, TRIVANDRUM-695564 KERALA.",695564,8.543453,76.935861,Private-Self Financing,"APJ Abdul Kalam Technological University, Kerala",Approved,Approved,Not Accredited,No,,Tier 3,http://www.paaziz.ac.in,info@paaziz.ac.in,admissions@paaziz.ac.in,placement@paaziz.ac.in,+91-80-650-5723,Electronics & Communication Engineering (ECE),B.Tech,30,630,2010,Urban,Yes,Yes
1-44641480101,1-44641480101,U-0672,P.A.AZIZ COLLEGE OF ENGINEERING AND TECHNOLOGY,Active,Kerala,Thiruvananthapuram,Thiruvananthapuram,"GREEN HILLS, KARAKULAM, TRIVANDRUM-695564 KERALA.",695564,8.543453,76.935861,Private-Self Financing,"APJ Abdul Kalam Technological University, Kerala",Approved,Approved,Not Accredited,No,,Tier 3,http://www.paaziz.ac.in,info@paaziz.ac.in,admissions@paaziz.ac.in,placement@paaziz.ac.in,+91-80-650-5723,Mechanical Engineering,B.Tech,30,630,2010,Urban,Yes,Yes
1-44641480101,1-44641480101,U-0672,P.A.AZIZ COLLEGE OF ENGINEERING AND TECHNOLOGY,Active,Kerala,Thiruvananthapuram,Thiruvananthapuram,"GREEN HILLS, KARAKULAM, TRIVANDRUM-695564 KERALA.",695564,8.543453,76.935861,Private-Self Financing,"APJ Abdul Kalam Technological University, Kerala",Approved,Approved,Not Accredited,No,,Tier 3,http://www.paaziz.ac.in,info@paaziz.ac.in,admissions@paaziz.ac.in,placement@paaziz.ac.in,+91-80-650-5723,Civil Engineering,Diploma,60,630,2010,Urban,Yes,Yes
1-44641480101,1-44641480101,U-0672,P.A.AZIZ COLLEGE OF ENGINEERING AND TECHNOLOGY,Active,Kerala,Thiruvananthapuram,Thiruvananthapuram,"GREEN HILLS, KARAKULAM, TRIVANDRUM-695564 KERALA.",695564,8.543453,76.935861,Private-Self Financing,"APJ Abdul Kalam Technological University, Kerala",Approved,Approved,Not Accredited,No,,Tier 3,http://www.paaziz.ac.in,info@paaziz.ac.in,admissions@paaziz.ac.in,placement@paaziz.ac.in,+91-80-650-5723,Mechanical Engineering,Diploma,60,630,2010,Urban,Yes,Yes
1-44641480101,1-44641480101,U-0672,P.A.AZIZ COLLEGE OF ENGINEERING AND TECHNOLOGY,Active,Kerala,Thiruvananthapuram,Thiruvananthapuram,"GREEN HILLS, KARAKULAM, TRIVANDRUM-695564 KERALA.",695564,8.543453,76.935861,Private-Self Financing,"APJ Abdul Kalam Technological University, Kerala",Approved,Approved,Not Accredited,No,,Tier 3,http://www.paaziz.ac.in,info@paaziz.ac.in,admissions@paaziz.ac.in,placement@paaziz.ac.in,+91-80-650-5723,Automobile Engineering,Diploma,60,630,2010,Urban,Yes,Yes
1-44641480101,1-44641480101,U-0672,P.A.AZIZ COLLEGE OF ENGINEERING AND TECHNOLOGY,Active,Kerala,Thiruvananthapuram,Thiruvananthapuram,"GREEN HILLS, KARAKULAM, TRIVANDRUM-695564 KERALA.",695564,8.543453,76.935861,Private-Self Financing,"APJ Abdul Kalam Technological University, Kerala",Approved,Approved,Not Accredited,No,,Tier 3,http://www.paaziz.ac.in,info@paaziz.ac.in,admissions@paaziz.ac.in,placement@paaziz.ac.in,+91-80-650-5723,Other Engineering Branches,Diploma,120,630,2010,Urban,Yes,Yes
1-44641480101,1-44641480101,U-0672,P.A.AZIZ COLLEGE OF ENGINEERING AND TECHNOLOGY,Active,Kerala,Thiruvananthapuram,Thiruvananthapuram,"GREEN HILLS, KARAKULAM, TRIVANDRUM-695564 KERALA.",695564,8.543453,76.935861,Private-Self Financing,"APJ Abdul Kalam Technological University, Kerala",Approved,Approved,Not Accredited,No,,Tier 3,http://www.paaziz.ac.in,info@paaziz.ac.in,admissions@paaziz.ac.in,placement@paaziz.ac.in,+91-80-650-5723,Data Science,B.Tech,60,630,2010,Urban,Yes,Yes
1-44641480101,1-44641480101,U-0672,P.A.AZIZ COLLEGE OF ENGINEERING AND TECHNOLOGY,Active,Kerala,Thiruvananthapuram,Thiruvananthapuram,"GREEN HILLS, KARAKULAM, TRIVANDRUM-695564 KERALA.",695564,8.543453,76.935861,Private-Self Financing,"APJ Abdul Kalam Technological University, Kerala",Approved,Approved,Not Accredited,No,,Tier 3,http://www.paaziz.ac.in,info@paaziz.ac.in,admissions@paaziz.ac.in,placement@paaziz.ac.in,+91-80-650-5723,Artificial Intelligence & Machine Learning (AI & ML),B.Tech,60,630,2010,Urban,Yes,Yes
1-44641480101,1-44641480101,U-0672,P.A.AZIZ COLLEGE OF ENGINEERING AND TECHNOLOGY,Active,Kerala,Thiruvananthapuram,Thiruvananthapuram,"GREEN HILLS, KARAKULAM, TRIVANDRUM-695564 KERALA.",695564,8.543453,76.935861,Private-Self Financing,"APJ Abdul Kalam Technological University, Kerala",Approved,Approved,Not Accredited,No,,Tier 3,http://www.paaziz.ac.in,info@paaziz.ac.in,admissions@paaziz.ac.in,placement@paaziz.ac.in,+91-80-650-5723,Agricultural Engineering,B.Tech,60,630,2010,Urban,Yes,Yes
1-44640855223,1-44640855223,U-0672,COLLEGE OF ENGINEERING TRIVANDRUM,Active,Kerala,Thiruvananthapuram,Thiruvananthapuram,"COLLEGE OF ENGINEERING, TRIVANDRUM,    THIRUVANANTHAPURAM KERALA-695016",695016,8.50918,76.940377,Government,"APJ Abdul Kalam Technological University, Kerala",Approved,Approved,A+,Yes,,Tier 2,http://www.trivandrum.ac.in,info@trivandrum.ac.in,admissions@trivandrum.ac.in,placement@trivandrum.ac.in,+91-80-213-0840,Civil Engineering,B.Tech,120,1266,1984,Urban,No,Yes
1-44640855223,1-44640855223,U-0672,COLLEGE OF ENGINEERING TRIVANDRUM,Active,Kerala,Thiruvananthapuram,Thiruvananthapuram,"COLLEGE OF ENGINEERING, TRIVANDRUM,    THIRUVANANTHAPURAM KERALA-695016",695016,8.50918,76.940377,Government,"APJ Abdul Kalam Technological University, Kerala",Approved,Approved,A+,Yes,,Tier 2,http://www.trivandrum.ac.in,info@trivandrum.ac.in,admissions@trivandrum.ac.in,placement@trivandrum.ac.in,+91-80-213-0840,Other Engineering Branches,M.Tech,396,1266,1984,Urban,No,Yes
1-44640855223,1-44640855223,U-0672,COLLEGE OF ENGINEERING TRIVANDRUM,Active,Kerala,Thiruvananthapuram,Thiruvananthapuram,"COLLEGE OF ENGINEERING, TRIVANDRUM,    THIRUVANANTHAPURAM KERALA-695016",695016,8.50918,76.940377,Government,"APJ Abdul Kalam Technological University, Kerala",Approved,Approved,A+,Yes,,Tier 2,http://www.trivandrum.ac.in,info@trivandrum.ac.in,admissions@trivandrum.ac.in,placement@trivandrum.ac.in,+91-80-213-0840,Computer Science Engineering (CSE),M.Tech,18,1266,1984,Urban,No,Yes
1-44640855223,1-44640855223,U-0672,COLLEGE OF ENGINEERING TRIVANDRUM,Active,Kerala,Thiruvananthapuram,Thiruvananthapuram,"COLLEGE OF ENGINEERING, TRIVANDRUM,    THIRUVANANTHAPURAM KERALA-695016",695016,8.50918,76.940377,Government,"APJ Abdul Kalam Technological University, Kerala",Approved,Approved,A+,Yes,,Tier 2,http://www.trivandrum.ac.in,info@trivandrum.ac.in,admissions@trivandrum.ac.in,placement@trivandrum.ac.in,+91-80-213-0840,Electrical & Electronics Engineering (EEE),B.Tech,120,1266,1984,Urban,No,Yes
1-44640855223,1-44640855223,U-0672,COLLEGE OF ENGINEERING TRIVANDRUM,Active,Kerala,Thiruvananthapuram,Thiruvananthapuram,"COLLEGE OF ENGINEERING, TRIVANDRUM,    THIRUVANANTHAPURAM KERALA-695016",695016,8.50918,76.940377,Government,"APJ Abdul Kalam Technological University, Kerala",Approved,Approved,A+,Yes,,Tier 2,http://www.trivandrum.ac.in,info@trivandrum.ac.in,admissions@trivandrum.ac.in,placement@trivandrum.ac.in,+91-80-213-0840,Mechanical Engineering,B.Tech,120,1266,1984,Urban,No,Yes
1-44640855223,1-44640855223,U-0672,COLLEGE OF ENGINEERING TRIVANDRUM,Active,Kerala,Thiruvananthapuram,Thiruvananthapuram,"COLLEGE OF ENGINEERING, TRIVANDRUM,    THIRUVANANTHAPURAM KERALA-695016",695016,8.50918,76.940377,Government,"APJ Abdul Kalam Technological University, Kerala",Approved,Approved,A+,Yes,,Tier 2,http://www.trivandrum.ac.in,info@trivandrum.ac.in,admissions@trivandrum.ac.in,placement@trivandrum.ac.in,+91-80-213-0840,Other Engineering Branches,B.Tech,120,1266,1984,Urban,No,Yes
1-44640855223,1-44640855223,U-0672,COLLEGE OF ENGINEERING TRIVANDRUM,Active,Kerala,Thiruvananthapuram,Thiruvananthapuram,"COLLEGE OF ENGINEERING, TRIVANDRUM,    THIRUVANANTHAPURAM KERALA-695016",695016,8.50918,76.940377,Government,"APJ Abdul Kalam Technological University, Kerala",Approved,Approved,A+,Yes,,Tier 2,http://www.trivandrum.ac.in,info@trivandrum.ac.in,admissions@trivandrum.ac.in,placement@trivandrum.ac.in,+91-80-213-0840,Electrical Engineering,M.Tech,18,1266,1984,Urban,No,Yes
1-44640855223,1-44640855223,U-0672,COLLEGE OF ENGINEERING TRIVANDRUM,Active,Kerala,Thiruvananthapuram,Thiruvananthapuram,"COLLEGE OF ENGINEERING, TRIVANDRUM,    THIRUVANANTHAPURAM KERALA-695016",695016,8.50918,76.940377,Government,"APJ Abdul Kalam Technological University, Kerala",Approved,Approved,A+,Yes,,Tier 2,http://www.trivandrum.ac.in,info@trivandrum.ac.in,admissions@trivandrum.ac.in,placement@trivandrum.ac.in,+91-80-213-0840,Computer Science Engineering (CSE),B.Tech,180,1266,1984,Urban,No,Yes
1-44640855223,1-44640855223,U-0672,COLLEGE OF ENGINEERING TRIVANDRUM,Active,Kerala,Thiruvananthapuram,Thiruvananthapuram,"COLLEGE OF ENGINEERING, TRIVANDRUM,    THIRUVANANTHAPURAM KERALA-695016",695016,8.50918,76.940377,Government,"APJ Abdul Kalam Technological University, Kerala",Approved,Approved,A+,Yes,,Tier 2,http://www.trivandrum.ac.in,info@trivandrum.ac.in,admissions@trivandrum.ac.in,placement@trivandrum.ac.in,+91-80-213-0840,Electronics & Communication Engineering (ECE),B.Tech,120,1266,1984,Urban,No,Yes
1-44640855223,1-44640855223,U-0672,COLLEGE OF ENGINEERING TRIVANDRUM,Active,Kerala,Thiruvananthapuram,Thiruvananthapuram,"COLLEGE OF ENGINEERING, TRIVANDRUM,    THIRUVANANTHAPURAM KERALA-695016",695016,8.50918,76.940377,Government,"APJ Abdul Kalam Technological University, Kerala",Approved,Approved,A+,Yes,,Tier 2,http://www.trivandrum.ac.in,info@trivandrum.ac.in,admissions@trivandrum.ac.in,placement@trivandrum.ac.in,+91-80-213-0840,Information Technology (IT),M.Tech,18,1266,1984,Urban,No,Yes
1-44640855223,1-44640855223,U-0672,COLLEGE OF ENGINEERING TRIVANDRUM,Active,Kerala,Thiruvananthapuram,Thiruvananthapuram,"COLLEGE OF ENGINEERING, TRIVANDRUM,    THIRUVANANTHAPURAM KERALA-695016",695016,8.50918,76.940377,Government,"APJ Abdul Kalam Technological University, Kerala",Approved,Approved,A+,Yes,,Tier 2,http://www.trivandrum.ac.in,info@trivandrum.ac.in,admissions@trivandrum.ac.in,placement@trivandrum.ac.in,+91-80-213-0840,Robotics,M.Tech,36,1266,1984,Urban,No,Yes
1-44641365410,1-44641365410,U-0294,GOVT.POLYTECHNIC COLLEGE,Active,Kerala,Thiruvananthapuram,Thiruvananthapuram,MANCH P.O. NEDUMANGAD,682973,8.527784,76.944334,Government,Directorate of Technical Education,Approved,Approved,A,No,,Tier 2,http://www.govtpolytechnic.ac.in,info@govtpolytechnic.ac.in,admissions@govtpolytechnic.ac.in,placement@govtpolytechnic.ac.in,+91-80-993-4001,Computer Science Engineering (CSE),Diploma,50,150,1997,Urban,Yes,Yes
1-44641365410,1-44641365410,U-0294,GOVT.POLYTECHNIC COLLEGE,Active,Kerala,Thiruvananthapuram,Thiruvananthapuram,MANCH P.O. NEDUMANGAD,682973,8.527784,76.944334,Government,Directorate of Technical Education,Approved,Approved,A,No,,Tier 2,http://www.govtpolytechnic.ac.in,info@govtpolytechnic.ac.in,admissions@govtpolytechnic.ac.in,placement@govtpolytechnic.ac.in,+91-80-993-4001,Other Engineering Branches,Diploma,100,150,1997,Urban,Yes,Yes
1-44642370266,1-44642370266,U-0992,"DEPT. OF COMPUTER SCIENCE, UNIVERSITY OF KERALA",Active,Kerala,Thiruvananthapuram,Thiruvananthapuram,DEPT. OF COMPUTER SCIENCE UNIVERSITY OF KERALA KARIAVATTOM CAMPUS THIRUVANANTHAPURAM 695581,695581,8.532479,76.930286,State Government University,NOT APPLICABLE,Approved,Approved,B+,No,,Tier 3,http://www.deptcomputerscience.ac.in,info@deptcomputerscience.ac.in,admissions@deptcomputerscience.ac.in,placement@deptcomputerscience.ac.in,+91-80-190-2807,Computer Science Engineering (CSE),M.Tech,18,18,2004,Rural,Yes,No
1-44642011958,1-44642011958,U-0672,MUSLIM ASSOCIATION COLLEGE OF ENGINEERING,Active,Kerala,Thiruvananthapuram,Thiruvananthapuram,VENJARAMOODU TRIVANDRUM (DIST) KERALA,682973,8.527586,76.931722,Private-Self Financing,"APJ Abdul Kalam Technological University, Kerala",Approved,Approved,A+,Yes,,Tier 2,http://www.muslimassociation.ac.in,info@muslimassociation.ac.in,admissions@muslimassociation.ac.in,placement@muslimassociation.ac.in,+91-80-985-0720,Electrical & Electronics Engineering (EEE),B.Tech,30,420,2019,Rural,Yes,Yes
1-44642011958,1-44642011958,U-0672,MUSLIM ASSOCIATION COLLEGE OF ENGINEERING,Active,Kerala,Thiruvananthapuram,Thiruvananthapuram,VENJARAMOODU TRIVANDRUM (DIST) KERALA,682973,8.527586,76.931722,Private-Self Financing,"APJ Abdul Kalam Technological University, Kerala",Approved,Approved,A+,Yes,,Tier 2,http://www.muslimassociation.ac.in,info@muslimassociation.ac.in,admissions@muslimassociation.ac.in,placement@muslimassociation.ac.in,+91-80-985-0720,Electronics & Communication Engineering (ECE),B.Tech,30,420,2019,Rural,Yes,Yes
1-44642011958,1-44642011958,U-0672,MUSLIM ASSOCIATION COLLEGE OF ENGINEERING,Active,Kerala,Thiruvananthapuram,Thiruvananthapuram,VENJARAMOODU TRIVANDRUM (DIST) KERALA,682973,8.527586,76.931722,Private-Self Financing,"APJ Abdul Kalam Technological University, Kerala",Approved,Approved,A+,Yes,,Tier 2,http://www.muslimassociation.ac.in,info@muslimassociation.ac.in,admissions@muslimassociation.ac.in,placement@muslimassociation.ac.in,+91-80-985-0720,Mechanical Engineering,B.Tech,60,420,2019,Rural,Yes,Yes
1-44642011958,1-44642011958,U-0672,MUSLIM ASSOCIATION COLLEGE OF ENGINEERING,Active,Kerala,Thiruvananthapuram,Thiruvananthapuram,VENJARAMOODU TRIVANDRUM (DIST) KERALA,682973,8.527586,76.931722,Private-Self Financing,"APJ Abdul Kalam Technological University, Kerala",Approved,Approved,A+,Yes,,Tier 2,http://www.muslimassociation.ac.in,info@muslimassociation.ac.in,admissions@muslimassociation.ac.in,placement@muslimassociation.ac.in,+91-80-985-0720,Computer Science Engineering (CSE),B.Tech,60,420,2019,Rural,Yes,Yes
1-44642011958,1-44642011958,U-0672,MUSLIM ASSOCIATION COLLEGE OF ENGINEERING,Active,Kerala,Thiruvananthapuram,Thiruvananthapuram,VENJARAMOODU TRIVANDRUM (DIST) KERALA,682973,8.527586,76.931722,Private-Self Financing,"APJ Abdul Kalam Technological University, Kerala",Approved,Approved,A+,Yes,,Tier 2,http://www.muslimassociation.ac.in,info@muslimassociation.ac.in,admissions@muslimassociation.ac.in,placement@muslimassociation.ac.in,+91-80-985-0720,Civil Engineering,B.Tech,60,420,2019,Rural,Yes,Yes
1-44642011958,1-44642011958,U-0672,MUSLIM ASSOCIATION COLLEGE OF ENGINEERING,Active,Kerala,Thiruvananthapuram,Thiruvananthapuram,VENJARAMOODU TRIVANDRUM (DIST) KERALA,682973,8.527586,76.931722,Private-Self Financing,"APJ Abdul Kalam Technological University, Kerala",Approved,Approved,A+,Yes,,Tier 2,http://www.muslimassociation.ac.in,info@muslimassociation.ac.in,admissions@muslimassociation.ac.in,placement@muslimassociation.ac.in,+91-80-985-0720,Civil Engineering,Diploma,60,420,2019,Rural,Yes,Yes
1-44642011958,1-44642011958,U-0672,MUSLIM ASSOCIATION COLLEGE OF ENGINEERING,Active,Kerala,Thiruvananthapuram,Thiruvananthapuram,VENJARAMOODU TRIVANDRUM (DIST) KERALA,682973,8.527586,76.931722,Private-Self Financing,"APJ Abdul Kalam Technological University, Kerala",Approved,Approved,A+,Yes,,Tier 2,http://www.muslimassociation.ac.in,info@muslimassociation.ac.in,admissions@muslimassociation.ac.in,placement@muslimassociation.ac.in,+91-80-985-0720,Computer Science Engineering (CSE),Diploma,60,420,2019,Rural,Yes,Yes
1-44642011958,1-44642011958,U-0672,MUSLIM ASSOCIATION COLLEGE OF ENGINEERING,Active,Kerala,Thiruvananthapuram,Thiruvananthapuram,VENJARAMOODU TRIVANDRUM (DIST) KERALA,682973,8.527586,76.931722,Private-Self Financing,"APJ Abdul Kalam Technological University, Kerala",Approved,Approved,A+,Yes,,Tier 2,http://www.muslimassociation.ac.in,info@muslimassociation.ac.in,admissions@muslimassociation.ac.in,placement@muslimassociation.ac.in,+91-80-985-0720,Mechanical Engineering,Diploma,60,420,2019,Rural,Yes,Yes
1-44643785786,1-44643785786,U-0588,SREE CHITRA TIRUNAL INSTITUTE FOR MEDICAL SCIENCES AND TECHNOLOGY,Active,Kerala,Thiruvananthapuram,Thiruvananthapuram,"SREE CHITRA TIRUNAL INSTITUTE FOR MEDICAL SCIENCES & TECHNOLOGY THIRUVANANTHAPURAM - 695 011, KERALA, INDIA",682973,8.525045,76.937773,Government,"Sree Chitra Thirunal Institute of Medical Sciences and Technology, Thiruvananthapuram",Approved,Approved,B,No,,Tier 3,http://www.sreechitratirunal.ac.in,info@sreechitratirunal.ac.in,admissions@sreechitratirunal.ac.in,placement@sreechitratirunal.ac.in,+91-80-878-5031,Other Engineering Branches,M.Tech,10,10,2017,Rural,Yes,Yes
1-44643295667,1-44643295667,U-0114,"UNIVERSITY COLLEGE OF ENGINEERING, KARIAVATTOM",Active,Kerala,Thiruvananthapuram,Thiruvananthapuram,GOLDEN JUBILEE BUILDING KERALA UNIVERSITY CAMPUS KARIAVATTOM TRIVANDRUM-695 581,682973,8.517563,76.936746,Private-Self Financing,"Kerala University, Thiruvananthapuram",Approved,Approved,B++,Yes,,Tier 3,http://www.kariavattom.ac.in,info@kariavattom.ac.in,admissions@kariavattom.ac.in,placement@kariavattom.ac.in,+91-80-564-6720,Electronics & Communication Engineering (ECE),B.Tech,66,252,1982,Urban,Yes,Yes
1-44643295667,1-44643295667,U-0114,"UNIVERSITY COLLEGE OF ENGINEERING, KARIAVATTOM",Active,Kerala,Thiruvananthapuram,Thiruvananthapuram,GOLDEN JUBILEE BUILDING KERALA UNIVERSITY CAMPUS KARIAVATTOM TRIVANDRUM-695 581,682973,8.517563,76.936746,Private-Self Financing,"Kerala University, Thiruvananthapuram",Approved,Approved,B++,Yes,,Tier 3,http://www.kariavattom.ac.in,info@kariavattom.ac.in,admissions@kariavattom.ac.in,placement@kariavattom.ac.in,+91-80-564-6720,Computer Science Engineering (CSE),B.Tech,120,252,1982,Urban,Yes,Yes
1-44643295667,1-44643295667,U-0114,"UNIVERSITY COLLEGE OF ENGINEERING, KARIAVATTOM",Active,Kerala,Thiruvananthapuram,Thiruvananthapuram,GOLDEN JUBILEE BUILDING KERALA UNIVERSITY CAMPUS KARIAVATTOM TRIVANDRUM-695 581,682973,8.517563,76.936746,Private-Self Financing,"Kerala University, Thiruvananthapuram",Approved,Approved,B++,Yes,,Tier 3,http://www.kariavattom.ac.in,info@kariavattom.ac.in,admissions@kariavattom.ac.in,placement@kariavattom.ac.in,+91-80-564-6720,Information Technology (IT),B.Tech,66,252,1982,Urban,Yes,Yes
1-44643557501,1-44643557501,U-0114,"DEPT OF OPTOELECTRONICS, UNIVERSITY OF KERALA",Active,Kerala,Thiruvananthapuram,Thiruvananthapuram,"KARIAVATTOM,THIRUVANANTHAPURAM,KERALA",682973,8.535216,76.940049,Government,"Kerala University, Thiruvananthapuram",Approved,Approved,B++,Yes,,Tier 3,http://www.deptoptoelectronicskerala.ac.in,info@deptoptoelectronicskerala.ac.in,admissions@deptoptoelectronicskerala.ac.in,placement@deptoptoelectronicskerala.ac.in,+91-80-305-0774,Electronics & Communication Engineering (ECE),M.Tech,18,18,1984,Rural,Yes,Yes
1-44643119869,1-44643119869,U-0672,RAJADHANI INSTITUTE OF ENGINEERING AND TECHNOLOGY,Active,Kerala,Thiruvananthapuram,Thiruvananthapuram,"NEDUMPARAMBU P O, NAGAROOR, ATTINGAL, THIRUVANANTHAPURAM",682973,8.520103,76.946784,Private-Self Financing,"APJ Abdul Kalam Technological University, Kerala",Approved,Approved,B+,No,,Tier 3,http://www.rajadhani.ac.in,info@rajadhani.ac.in,admissions@rajadhani.ac.in,placement@rajadhani.ac.in,+91-80-671-2257,Other Engineering Branches,M.Tech,18,1056,1984,Rural,Yes,Yes
1-44643119869,1-44643119869,U-0672,RAJADHANI INSTITUTE OF ENGINEERING AND TECHNOLOGY,Active,Kerala,Thiruvananthapuram,Thiruvananthapuram,"NEDUMPARAMBU P O, NAGAROOR, ATTINGAL, THIRUVANANTHAPURAM",682973,8.520103,76.946784,Private-Self Financing,"APJ Abdul Kalam Technological University, Kerala",Approved,Approved,B+,No,,Tier 3,http://www.rajadhani.ac.in,info@rajadhani.ac.in,admissions@rajadhani.ac.in,placement@rajadhani.ac.in,+91-80-671-2257,Civil Engineering,B.Tech,30,1056,1984,Rural,Yes,Yes
1-44643119869,1-44643119869,U-0672,RAJADHANI INSTITUTE OF ENGINEERING AND TECHNOLOGY,Active,Kerala,Thiruvananthapuram,Thiruvananthapuram,"NEDUMPARAMBU P O, NAGAROOR, ATTINGAL, THIRUVANANTHAPURAM",682973,8.520103,76.946784,Private-Self Financing,"APJ Abdul Kalam Technological University, Kerala",Approved,Approved,B+,No,,Tier 3,http://www.rajadhani.ac.in,info@rajadhani.ac.in,admissions@rajadhani.ac.in,placement@rajadhani.ac.in,+91-80-671-2257,Mechanical Engineering,B.Tech,60,1056,1984,Rural,Yes,Yes
1-44643119869,1-44643119869,U-0672,RAJADHANI INSTITUTE OF ENGINEERING AND TECHNOLOGY,Active,Kerala,Thiruvananthapuram,Thiruvananthapuram,"NEDUMPARAMBU P O, NAGAROOR, ATTINGAL, THIRUVANANTHAPURAM",682973,8.520103,76.946784,Private-Self Financing,"APJ Abdul Kalam Technological University, Kerala",Approved,Approved,B+,No,,Tier 3,http://www.rajadhani.ac.in,info@rajadhani.ac.in,admissions@rajadhani.ac.in,placement@rajadhani.ac.in,+91-80-671-2257,Computer Science Engineering (CSE),B.Tech,180,1056,1984,Rural,Yes,Yes
1-44643119869,1-44643119869,U-0672,RAJADHANI INSTITUTE OF ENGINEERING AND TECHNOLOGY,Active,Kerala,Thiruvananthapuram,Thiruvananthapuram,"NEDUMPARAMBU P O, NAGAROOR, ATTINGAL, THIRUVANANTHAPURAM",682973,8.520103,76.946784,Private-Self Financing,"APJ Abdul Kalam Technological University, Kerala",Approved,Approved,B+,No,,Tier 3,http://www.rajadhani.ac.in,info@rajadhani.ac.in,admissions@rajadhani.ac.in,placement@rajadhani.ac.in,+91-80-671-2257,Electronics & Communication Engineering (ECE),B.Tech,30,1056,1984,Rural,Yes,Yes
1-44643119869,1-44643119869,U-0672,RAJADHANI INSTITUTE OF ENGINEERING AND TECHNOLOGY,Active,Kerala,Thiruvananthapuram,Thiruvananthapuram,"NEDUMPARAMBU P O, NAGAROOR, ATTINGAL, THIRUVANANTHAPURAM",682973,8.520103,76.946784,Private-Self Financing,"APJ Abdul Kalam Technological University, Kerala",Approved,Approved,B+,No,,Tier 3,http://www.rajadhani.ac.in,info@rajadhani.ac.in,admissions@rajadhani.ac.in,placement@rajadhani.ac.in,+91-80-671-2257,Electrical & Electronics Engineering (EEE),B.Tech,30,1056,1984,Rural,Yes,Yes
1-44643119869,1-44643119869,U-0672,RAJADHANI INSTITUTE OF ENGINEERING AND TECHNOLOGY,Active,Kerala,Thiruvananthapuram,Thiruvananthapuram,"NEDUMPARAMBU P O, NAGAROOR, ATTINGAL, THIRUVANANTHAPURAM",682973,8.520103,76.946784,Private-Self Financing,"APJ Abdul Kalam Technological University, Kerala",Approved,Approved,B+,No,,Tier 3,http://www.rajadhani.ac.in,info@rajadhani.ac.in,admissions@rajadhani.ac.in,placement@rajadhani.ac.in,+91-80-671-2257,Aeronautical Engineering,B.Tech,60,1056,1984,Rural,Yes,Yes
1-44643119869,1-44643119869,U-0672,RAJADHANI INSTITUTE OF ENGINEERING AND TECHNOLOGY,Active,Kerala,Thiruvananthapuram,Thiruvananthapuram,"NEDUMPARAMBU P O, NAGAROOR, ATTINGAL, THIRUVANANTHAPURAM",682973,8.520103,76.946784,Private-Self Financing,"APJ Abdul Kalam Technological University, Kerala",Approved,Approved,B+,No,,Tier 3,http://www.rajadhani.ac.in,info@rajadhani.ac.in,admissions@rajadhani.ac.in,placement@rajadhani.ac.in,+91-80-671-2257,Civil Engineering,Diploma,60,1056,1984,Rural,Yes,Yes
1-44643119869,1-44643119869,U-0672,RAJADHANI INSTITUTE OF ENGINEERING AND TECHNOLOGY,Active,Kerala,Thiruvananthapuram,Thiruvananthapuram,"NEDUMPARAMBU P O, NAGAROOR, ATTINGAL, THIRUVANANTHAPURAM",682973,8.520103,76.946784,Private-Self Financing,"APJ Abdul Kalam Technological University, Kerala",Approved,Approved,B+,No,,Tier 3,http://www.rajadhani.ac.in,info@rajadhani.ac.in,admissions@rajadhani.ac.in,placement@rajadhani.ac.in,+91-80-671-2257,Electrical & Electronics Engineering (EEE),Diploma,90,1056,1984,Rural,Yes,Yes
1-44643119869,1-44643119869,U-0672,RAJADHANI INSTITUTE OF ENGINEERING AND TECHNOLOGY,Active,Kerala,Thiruvananthapuram,Thiruvananthapuram,"NEDUMPARAMBU P O, NAGAROOR, ATTINGAL, THIRUVANANTHAPURAM",682973,8.520103,76.946784,Private-Self Financing,"APJ Abdul Kalam Technological University, Kerala",Approved,Approved,B+,No,,Tier 3,http://www.rajadhani.ac.in,info@rajadhani.ac.in,admissions@rajadhani.ac.in,placement@rajadhani.ac.in,+91-80-671-2257,Civil Engineering,M.Tech,18,1056,1984,Rural,Yes,Yes
1-44643119869,1-44643119869,U-0672,RAJADHANI INSTITUTE OF ENGINEERING AND TECHNOLOGY,Active,Kerala,Thiruvananthapuram,Thiruvananthapuram,"NEDUMPARAMBU P O, NAGAROOR, ATTINGAL, THIRUVANANTHAPURAM",682973,8.520103,76.946784,Private-Self Financing,"APJ Abdul Kalam Technological University, Kerala",Approved,Approved,B+,No,,Tier 3,http://www.rajadhani.ac.in,info@rajadhani.ac.in,admissions@rajadhani.ac.in,placement@rajadhani.ac.in,+91-80-671-2257,Cyber Security,B.Tech,60,1056,1984,Rural,Yes,Yes
1-44643119869,1-44643119869,U-0672,RAJADHANI INSTITUTE OF ENGINEERING AND TECHNOLOGY,Active,Kerala,Thiruvananthapuram,Thiruvananthapuram,"NEDUMPARAMBU P O, NAGAROOR, ATTINGAL, THIRUVANANTHAPURAM",682973,8.520103,76.946784,Private-Self Financing,"APJ Abdul Kalam Technological University, Kerala",Approved,Approved,B+,No,,Tier 3,http://www.rajadhani.ac.in,info@rajadhani.ac.in,admissions@rajadhani.ac.in,placement@rajadhani.ac.in,+91-80-671-2257,Robotics,B.Tech,30,1056,1984,Rural,Yes,Yes
1-44643119869,1-44643119869,U-0672,RAJADHANI INSTITUTE OF ENGINEERING AND TECHNOLOGY,Active,Kerala,Thiruvananthapuram,Thiruvananthapuram,"NEDUMPARAMBU P O, NAGAROOR, ATTINGAL, THIRUVANANTHAPURAM",682973,8.520103,76.946784,Private-Self Financing,"APJ Abdul Kalam Technological University, Kerala",Approved,Approved,B+,No,,Tier 3,http://www.rajadhani.ac.in,info@rajadhani.ac.in,admissions@rajadhani.ac.in,placement@rajadhani.ac.in,+91-80-671-2257,Automobile Engineering,Diploma,60,1056,1984,Rural,Yes,Yes
1-44643119869,1-44643119869,U-0672,RAJADHANI INSTITUTE OF ENGINEERING AND TECHNOLOGY,Active,Kerala,Thiruvananthapuram,Thiruvananthapuram,"NEDUMPARAMBU P O, NAGAROOR, ATTINGAL, THIRUVANANTHAPURAM",682973,8.520103,76.946784,Private-Self Financing,"APJ Abdul Kalam Technological University, Kerala",Approved,Approved,B+,No,,Tier 3,http://www.rajadhani.ac.in,info@rajadhani.ac.in,admissions@rajadhani.ac.in,placement@rajadhani.ac.in,+91-80-671-2257,Mechanical Engineering,Diploma,90,1056,1984,Rural,Yes,Yes
1-44643119869,1-44643119869,U-0672,RAJADHANI INSTITUTE OF ENGINEERING AND TECHNOLOGY,Active,Kerala,Thiruvananthapuram,Thiruvananthapuram,"NEDUMPARAMBU P O, NAGAROOR, ATTINGAL, THIRUVANANTHAPURAM",682973,8.520103,76.946784,Private-Self Financing,"APJ Abdul Kalam Technological University, Kerala",Approved,Approved,B+,No,,Tier 3,http://www.rajadhani.ac.in,info@rajadhani.ac.in,admissions@rajadhani.ac.in,placement@rajadhani.ac.in,+91-80-671-2257,Computer Science Engineering (CSE),Diploma,60,1056,1984,Rural,Yes,Yes
1-44643119869,1-44643119869,U-0672,RAJADHANI INSTITUTE OF ENGINEERING AND TECHNOLOGY,Active,Kerala,Thiruvananthapuram,Thiruvananthapuram,"NEDUMPARAMBU P O, NAGAROOR, ATTINGAL, THIRUVANANTHAPURAM",682973,8.520103,76.946784,Private-Self Financing,"APJ Abdul Kalam Technological University, Kerala",Approved,Approved,B+,No,,Tier 3,http://www.rajadhani.ac.in,info@rajadhani.ac.in,admissions@rajadhani.ac.in,placement@rajadhani.ac.in,+91-80-671-2257,Artificial Intelligence & Machine Learning (AI & ML),B.Tech,60,1056,1984,Rural,Yes,Yes
1-44643119869,1-44643119869,U-0672,RAJADHANI INSTITUTE OF ENGINEERING AND TECHNOLOGY,Active,Kerala,Thiruvananthapuram,Thiruvananthapuram,"NEDUMPARAMBU P O, NAGAROOR, ATTINGAL, THIRUVANANTHAPURAM",682973,8.520103,76.946784,Private-Self Financing,"APJ Abdul Kalam Technological University, Kerala",Approved,Approved,B+,No,,Tier 3,http://www.rajadhani.ac.in,info@rajadhani.ac.in,admissions@rajadhani.ac.in,placement@rajadhani.ac.in,+91-80-671-2257,Other Engineering Branches,B.Tech,60,1056,1984,Rural,Yes,Yes
1-44643119869,1-44643119869,U-0672,RAJADHANI INSTITUTE OF ENGINEERING AND TECHNOLOGY,Active,Kerala,Thiruvananthapuram,Thiruvananthapuram,"NEDUMPARAMBU P O, NAGAROOR, ATTINGAL, THIRUVANANTHAPURAM",682973,8.520103,76.946784,Private-Self Financing,"APJ Abdul Kalam Technological University, Kerala",Approved,Approved,B+,No,,Tier 3,http://www.rajadhani.ac.in,info@rajadhani.ac.in,admissions@rajadhani.ac.in,placement@rajadhani.ac.in,+91-80-671-2257,Electronics & Communication Engineering (ECE),Diploma,60,1056,1984,Rural,Yes,Yes
1-44643387106,1-44643387106,U-0672,ER&DCI INSTITUTE OF TECHNOLOGY,Active,Kerala,Thiruvananthapuram,Thiruvananthapuram,"CDAC CAMPUS, VELLAYAMBALAM, TRIVANDRUM 695033",695033,8.505186,76.931601,Government,"APJ Abdul Kalam Technological University, Kerala",Approved,Approved,A+,Yes,,Tier 2,http://www.erdci.ac.in,info@erdci.ac.in,admissions@erdci.ac.in,placement@erdci.ac.in,+91-80-045-5520,Other Engineering Branches,M.Tech,30,78,2005,Rural,Yes,Yes
1-44643387106,1-44643387106,U-0672,ER&DCI INSTITUTE OF TECHNOLOGY,Active,Kerala,Thiruvananthapuram,Thiruvananthapuram,"CDAC CAMPUS, VELLAYAMBALAM, TRIVANDRUM 695033",695033,8.505186,76.931601,Government,"APJ Abdul Kalam Technological University, Kerala",Approved,Approved,A+,Yes,,Tier 2,http://www.erdci.ac.in,info@erdci.ac.in,admissions@erdci.ac.in,placement@erdci.ac.in,+91-80-045-5520,Electronics & Communication Engineering (ECE),M.Tech,9,78,2005,Rural,Yes,Yes
1-44643387106,1-44643387106,U-0672,ER&DCI INSTITUTE OF TECHNOLOGY,Active,Kerala,Thiruvananthapuram,Thiruvananthapuram,"CDAC CAMPUS, VELLAYAMBALAM, TRIVANDRUM 695033",695033,8.505186,76.931601,Government,"APJ Abdul Kalam Technological University, Kerala",Approved,Approved,A+,Yes,,Tier 2,http://www.erdci.ac.in,info@erdci.ac.in,admissions@erdci.ac.in,placement@erdci.ac.in,+91-80-045-5520,Information Technology (IT),M.Tech,39,78,2005,Rural,Yes,Yes
1-44643225473,1-44643225473,U-0672,"GOVT. ENGINEERING COLLEGE, BARTON HILL",Active,Kerala,Thiruvananthapuram,Thiruvananthapuram,"BARTON HILL, VANCHIYOOR P.O.,  TRIVANDRUM - 695035",695035,8.51416,76.954441,Government,"APJ Abdul Kalam Technological University, Kerala",Approved,Approved,B++,Yes,,Tier 3,http://www.govtbartonhill.ac.in,info@govtbartonhill.ac.in,admissions@govtbartonhill.ac.in,placement@govtbartonhill.ac.in,+91-80-421-9634,Other Engineering Branches,M.Tech,108,444,2021,Urban,Yes,Yes
1-44643225473,1-44643225473,U-0672,"GOVT. ENGINEERING COLLEGE, BARTON HILL",Active,Kerala,Thiruvananthapuram,Thiruvananthapuram,"BARTON HILL, VANCHIYOOR P.O.,  TRIVANDRUM - 695035",695035,8.51416,76.954441,Government,"APJ Abdul Kalam Technological University, Kerala",Approved,Approved,B++,Yes,,Tier 3,http://www.govtbartonhill.ac.in,info@govtbartonhill.ac.in,admissions@govtbartonhill.ac.in,placement@govtbartonhill.ac.in,+91-80-421-9634,Electrical & Electronics Engineering (EEE),B.Tech,60,444,2021,Urban,Yes,Yes
1-44643225473,1-44643225473,U-0672,"GOVT. ENGINEERING COLLEGE, BARTON HILL",Active,Kerala,Thiruvananthapuram,Thiruvananthapuram,"BARTON HILL, VANCHIYOOR P.O.,  TRIVANDRUM - 695035",695035,8.51416,76.954441,Government,"APJ Abdul Kalam Technological University, Kerala",Approved,Approved,B++,Yes,,Tier 3,http://www.govtbartonhill.ac.in,info@govtbartonhill.ac.in,admissions@govtbartonhill.ac.in,placement@govtbartonhill.ac.in,+91-80-421-9634,Electronics & Communication Engineering (ECE),B.Tech,60,444,2021,Urban,Yes,Yes
1-44643225473,1-44643225473,U-0672,"GOVT. ENGINEERING COLLEGE, BARTON HILL",Active,Kerala,Thiruvananthapuram,Thiruvananthapuram,"BARTON HILL, VANCHIYOOR P.O.,  TRIVANDRUM - 695035",695035,8.51416,76.954441,Government,"APJ Abdul Kalam Technological University, Kerala",Approved,Approved,B++,Yes,,Tier 3,http://www.govtbartonhill.ac.in,info@govtbartonhill.ac.in,admissions@govtbartonhill.ac.in,placement@govtbartonhill.ac.in,+91-80-421-9634,Information Technology (IT),B.Tech,60,444,2021,Urban,Yes,Yes
1-44643225473,1-44643225473,U-0672,"GOVT. ENGINEERING COLLEGE, BARTON HILL",Active,Kerala,Thiruvananthapuram,Thiruvananthapuram,"BARTON HILL, VANCHIYOOR P.O.,  TRIVANDRUM - 695035",695035,8.51416,76.954441,Government,"APJ Abdul Kalam Technological University, Kerala",Approved,Approved,B++,Yes,,Tier 3,http://www.govtbartonhill.ac.in,info@govtbartonhill.ac.in,admissions@govtbartonhill.ac.in,placement@govtbartonhill.ac.in,+91-80-421-9634,Mechanical Engineering,B.Tech,60,444,2021,Urban,Yes,Yes
1-44643225473,1-44643225473,U-0672,"GOVT. ENGINEERING COLLEGE, BARTON HILL",Active,Kerala,Thiruvananthapuram,Thiruvananthapuram,"BARTON HILL, VANCHIYOOR P.O.,  TRIVANDRUM - 695035",695035,8.51416,76.954441,Government,"APJ Abdul Kalam Technological University, Kerala",Approved,Approved,B++,Yes,,Tier 3,http://www.govtbartonhill.ac.in,info@govtbartonhill.ac.in,admissions@govtbartonhill.ac.in,placement@govtbartonhill.ac.in,+91-80-421-9634,Civil Engineering,B.Tech,60,444,2021,Urban,Yes,Yes
1-44643225473,1-44643225473,U-0672,"GOVT. ENGINEERING COLLEGE, BARTON HILL",Active,Kerala,Thiruvananthapuram,Thiruvananthapuram,"BARTON HILL, VANCHIYOOR P.O.,  TRIVANDRUM - 695035",695035,8.51416,76.954441,Government,"APJ Abdul Kalam Technological University, Kerala",Approved,Approved,B++,Yes,,Tier 3,http://www.govtbartonhill.ac.in,info@govtbartonhill.ac.in,admissions@govtbartonhill.ac.in,placement@govtbartonhill.ac.in,+91-80-421-9634,Mechanical Engineering,M.Tech,18,444,2021,Urban,Yes,Yes
1-44643225473,1-44643225473,U-0672,"GOVT. ENGINEERING COLLEGE, BARTON HILL",Active,Kerala,Thiruvananthapuram,Thiruvananthapuram,"BARTON HILL, VANCHIYOOR P.O.,  TRIVANDRUM - 695035",695035,8.51416,76.954441,Government,"APJ Abdul Kalam Technological University, Kerala",Approved,Approved,B++,Yes,,Tier 3,http://www.govtbartonhill.ac.in,info@govtbartonhill.ac.in,admissions@govtbartonhill.ac.in,placement@govtbartonhill.ac.in,+91-80-421-9634,Data Science,M.Tech,18,444,2021,Urban,Yes,Yes
1-44643184794,1-44643184794,U-0672,MOHANDAS COLLEGE OF ENGINEERING AND TECHNOLOGY,Active,Kerala,Thiruvananthapuram,Thiruvananthapuram,"ANAD NEDUMANGAD, THIRUVANANTHAPURAM - 695544. KERALA STATE  PH: 0472-2814578/2802552/2813039 MOBILE: 9847064246 FAX: 0472-2814575 E-MAIL: CHAIRMAN@MCETONLINE.COM MAIL@MCETONLINE.COM WEBSITE:WWW.MCETONLINE.COM",695544,8.516014,76.925856,Private-Self Financing,"APJ Abdul Kalam Technological University, Kerala",Approved,Approved,Not Accredited,No,,Tier 3,http://www.mohandas.ac.in,info@mohandas.ac.in,admissions@mohandas.ac.in,placement@mohandas.ac.in,+91-80-499-7179,Electrical & Electronics Engineering (EEE),B.Tech,30,477,1996,Urban,Yes,Yes
1-44643184794,1-44643184794,U-0672,MOHANDAS COLLEGE OF ENGINEERING AND TECHNOLOGY,Active,Kerala,Thiruvananthapuram,Thiruvananthapuram,"ANAD NEDUMANGAD, THIRUVANANTHAPURAM - 695544. KERALA STATE  PH: 0472-2814578/2802552/2813039 MOBILE: 9847064246 FAX: 0472-2814575 E-MAIL: CHAIRMAN@MCETONLINE.COM MAIL@MCETONLINE.COM WEBSITE:WWW.MCETONLINE.COM",695544,8.516014,76.925856,Private-Self Financing,"APJ Abdul Kalam Technological University, Kerala",Approved,Approved,Not Accredited,No,,Tier 3,http://www.mohandas.ac.in,info@mohandas.ac.in,admissions@mohandas.ac.in,placement@mohandas.ac.in,+91-80-499-7179,Electronics & Communication Engineering (ECE),B.Tech,30,477,1996,Urban,Yes,Yes
1-44643184794,1-44643184794,U-0672,MOHANDAS COLLEGE OF ENGINEERING AND TECHNOLOGY,Active,Kerala,Thiruvananthapuram,Thiruvananthapuram,"ANAD NEDUMANGAD, THIRUVANANTHAPURAM - 695544. KERALA STATE  PH: 0472-2814578/2802552/2813039 MOBILE: 9847064246 FAX: 0472-2814575 E-MAIL: CHAIRMAN@MCETONLINE.COM MAIL@MCETONLINE.COM WEBSITE:WWW.MCETONLINE.COM",695544,8.516014,76.925856,Private-Self Financing,"APJ Abdul Kalam Technological University, Kerala",Approved,Approved,Not Accredited,No,,Tier 3,http://www.mohandas.ac.in,info@mohandas.ac.in,admissions@mohandas.ac.in,placement@mohandas.ac.in,+91-80-499-7179,Mechanical Engineering,B.Tech,30,477,1996,Urban,Yes,Yes
1-44643184794,1-44643184794,U-0672,MOHANDAS COLLEGE OF ENGINEERING AND TECHNOLOGY,Active,Kerala,Thiruvananthapuram,Thiruvananthapuram,"ANAD NEDUMANGAD, THIRUVANANTHAPURAM - 695544. KERALA STATE  PH: 0472-2814578/2802552/2813039 MOBILE: 9847064246 FAX: 0472-2814575 E-MAIL: CHAIRMAN@MCETONLINE.COM MAIL@MCETONLINE.COM WEBSITE:WWW.MCETONLINE.COM",695544,8.516014,76.925856,Private-Self Financing,"APJ Abdul Kalam Technological University, Kerala",Approved,Approved,Not Accredited,No,,Tier 3,http://www.mohandas.ac.in,info@mohandas.ac.in,admissions@mohandas.ac.in,placement@mohandas.ac.in,+91-80-499-7179,Other Engineering Branches,M.Tech,18,477,1996,Urban,Yes,Yes
1-44643184794,1-44643184794,U-0672,MOHANDAS COLLEGE OF ENGINEERING AND TECHNOLOGY,Active,Kerala,Thiruvananthapuram,Thiruvananthapuram,"ANAD NEDUMANGAD, THIRUVANANTHAPURAM - 695544. KERALA STATE  PH: 0472-2814578/2802552/2813039 MOBILE: 9847064246 FAX: 0472-2814575 E-MAIL: CHAIRMAN@MCETONLINE.COM MAIL@MCETONLINE.COM WEBSITE:WWW.MCETONLINE.COM",695544,8.516014,76.925856,Private-Self Financing,"APJ Abdul Kalam Technological University, Kerala",Approved,Approved,Not Accredited,No,,Tier 3,http://www.mohandas.ac.in,info@mohandas.ac.in,admissions@mohandas.ac.in,placement@mohandas.ac.in,+91-80-499-7179,Computer Science Engineering (CSE),M.Tech,9,477,1996,Urban,Yes,Yes
1-44643184794,1-44643184794,U-0672,MOHANDAS COLLEGE OF ENGINEERING AND TECHNOLOGY,Active,Kerala,Thiruvananthapuram,Thiruvananthapuram,"ANAD NEDUMANGAD, THIRUVANANTHAPURAM - 695544. KERALA STATE  PH: 0472-2814578/2802552/2813039 MOBILE: 9847064246 FAX: 0472-2814575 E-MAIL: CHAIRMAN@MCETONLINE.COM MAIL@MCETONLINE.COM WEBSITE:WWW.MCETONLINE.COM",695544,8.516014,76.925856,Private-Self Financing,"APJ Abdul Kalam Technological University, Kerala",Approved,Approved,Not Accredited,No,,Tier 3,http://www.mohandas.ac.in,info@mohandas.ac.in,admissions@mohandas.ac.in,placement@mohandas.ac.in,+91-80-499-7179,Civil Engineering,B.Tech,30,477,1996,Urban,Yes,Yes
1-44643184794,1-44643184794,U-0672,MOHANDAS COLLEGE OF ENGINEERING AND TECHNOLOGY,Active,Kerala,Thiruvananthapuram,Thiruvananthapuram,"ANAD NEDUMANGAD, THIRUVANANTHAPURAM - 695544. KERALA STATE  PH: 0472-2814578/2802552/2813039 MOBILE: 9847064246 FAX: 0472-2814575 E-MAIL: CHAIRMAN@MCETONLINE.COM MAIL@MCETONLINE.COM WEBSITE:WWW.MCETONLINE.COM",695544,8.516014,76.925856,Private-Self Financing,"APJ Abdul Kalam Technological University, Kerala",Approved,Approved,Not Accredited,No,,Tier 3,http://www.mohandas.ac.in,info@mohandas.ac.in,admissions@mohandas.ac.in,placement@mohandas.ac.in,+91-80-499-7179,Computer Science Engineering (CSE),B.Tech,150,477,1996,Urban,Yes,Yes
1-44643184794,1-44643184794,U-0672,MOHANDAS COLLEGE OF ENGINEERING AND TECHNOLOGY,Active,Kerala,Thiruvananthapuram,Thiruvananthapuram,"ANAD NEDUMANGAD, THIRUVANANTHAPURAM - 695544. KERALA STATE  PH: 0472-2814578/2802552/2813039 MOBILE: 9847064246 FAX: 0472-2814575 E-MAIL: CHAIRMAN@MCETONLINE.COM MAIL@MCETONLINE.COM WEBSITE:WWW.MCETONLINE.COM",695544,8.516014,76.925856,Private-Self Financing,"APJ Abdul Kalam Technological University, Kerala",Approved,Approved,Not Accredited,No,,Tier 3,http://www.mohandas.ac.in,info@mohandas.ac.in,admissions@mohandas.ac.in,placement@mohandas.ac.in,+91-80-499-7179,Chemical Engineering,B.Tech,60,477,1996,Urban,Yes,Yes
1-44643184794,1-44643184794,U-0672,MOHANDAS COLLEGE OF ENGINEERING AND TECHNOLOGY,Active,Kerala,Thiruvananthapuram,Thiruvananthapuram,"ANAD NEDUMANGAD, THIRUVANANTHAPURAM - 695544. KERALA STATE  PH: 0472-2814578/2802552/2813039 MOBILE: 9847064246 FAX: 0472-2814575 E-MAIL: CHAIRMAN@MCETONLINE.COM MAIL@MCETONLINE.COM WEBSITE:WWW.MCETONLINE.COM",695544,8.516014,76.925856,Private-Self Financing,"APJ Abdul Kalam Technological University, Kerala",Approved,Approved,Not Accredited,No,,Tier 3,http://www.mohandas.ac.in,info@mohandas.ac.in,admissions@mohandas.ac.in,placement@mohandas.ac.in,+91-80-499-7179,Artificial Intelligence & Machine Learning (AI & ML),B.Tech,60,477,1996,Urban,Yes,Yes
1-44643184794,1-44643184794,U-0672,MOHANDAS COLLEGE OF ENGINEERING AND TECHNOLOGY,Active,Kerala,Thiruvananthapuram,Thiruvananthapuram,"ANAD NEDUMANGAD, THIRUVANANTHAPURAM - 695544. KERALA STATE  PH: 0472-2814578/2802552/2813039 MOBILE: 9847064246 FAX: 0472-2814575 E-MAIL: CHAIRMAN@MCETONLINE.COM MAIL@MCETONLINE.COM WEBSITE:WWW.MCETONLINE.COM",695544,8.516014,76.925856,Private-Self Financing,"APJ Abdul Kalam Technological University, Kerala",Approved,Approved,Not Accredited,No,,Tier 3,http://www.mohandas.ac.in,info@mohandas.ac.in,admissions@mohandas.ac.in,placement@mohandas.ac.in,+91-80-499-7179,Other Engineering Branches,B.Tech,60,477,1996,Urban,Yes,Yes
1-44642398550,1-44642398550,U-0672,SARABHAI INSTITUTE OF SCIENCE AND TECHNOLOGY,Active,Kerala,Thiruvananthapuram,Thiruvananthapuram,"PB.NO.2,VELLANAD.P.O, VELLANAD,THIRUVANANTHAPURAM-695 543, KERALA.",682973,8.521149,76.917341,Private-Self Financing,"APJ Abdul Kalam Technological University, Kerala",Approved,Approved,B++,Yes,,Tier 3,http://www.sarabhaiscience.ac.in,info@sarabhaiscience.ac.in,admissions@sarabhaiscience.ac.in,placement@sarabhaiscience.ac.in,+91-80-715-0852,Other Engineering Branches,M.Tech,36,276,2005,Urban,Yes,No
1-44642398550,1-44642398550,U-0672,SARABHAI INSTITUTE OF SCIENCE AND TECHNOLOGY,Active,Kerala,Thiruvananthapuram,Thiruvananthapuram,"PB.NO.2,VELLANAD.P.O, VELLANAD,THIRUVANANTHAPURAM-695 543, KERALA.",682973,8.521149,76.917341,Private-Self Financing,"APJ Abdul Kalam Technological University, Kerala",Approved,Approved,B++,Yes,,Tier 3,http://www.sarabhaiscience.ac.in,info@sarabhaiscience.ac.in,admissions@sarabhaiscience.ac.in,placement@sarabhaiscience.ac.in,+91-80-715-0852,Mechanical Engineering,B.Tech,30,276,2005,Urban,Yes,No
1-44642398550,1-44642398550,U-0672,SARABHAI INSTITUTE OF SCIENCE AND TECHNOLOGY,Active,Kerala,Thiruvananthapuram,Thiruvananthapuram,"PB.NO.2,VELLANAD.P.O, VELLANAD,THIRUVANANTHAPURAM-695 543, KERALA.",682973,8.521149,76.917341,Private-Self Financing,"APJ Abdul Kalam Technological University, Kerala",Approved,Approved,B++,Yes,,Tier 3,http://www.sarabhaiscience.ac.in,info@sarabhaiscience.ac.in,admissions@sarabhaiscience.ac.in,placement@sarabhaiscience.ac.in,+91-80-715-0852,Civil Engineering,B.Tech,30,276,2005,Urban,Yes,No
1-44642398550,1-44642398550,U-0672,SARABHAI INSTITUTE OF SCIENCE AND TECHNOLOGY,Active,Kerala,Thiruvananthapuram,Thiruvananthapuram,"PB.NO.2,VELLANAD.P.O, VELLANAD,THIRUVANANTHAPURAM-695 543, KERALA.",682973,8.521149,76.917341,Private-Self Financing,"APJ Abdul Kalam Technological University, Kerala",Approved,Approved,B++,Yes,,Tier 3,http://www.sarabhaiscience.ac.in,info@sarabhaiscience.ac.in,admissions@sarabhaiscience.ac.in,placement@sarabhaiscience.ac.in,+91-80-715-0852,Computer Science Engineering (CSE),B.Tech,60,276,2005,Urban,Yes,No
1-44642398550,1-44642398550,U-0672,SARABHAI INSTITUTE OF SCIENCE AND TECHNOLOGY,Active,Kerala,Thiruvananthapuram,Thiruvananthapuram,"PB.NO.2,VELLANAD.P.O, VELLANAD,THIRUVANANTHAPURAM-695 543, KERALA.",682973,8.521149,76.917341,Private-Self Financing,"APJ Abdul Kalam Technological University, Kerala",Approved,Approved,B++,Yes,,Tier 3,http://www.sarabhaiscience.ac.in,info@sarabhaiscience.ac.in,admissions@sarabhaiscience.ac.in,placement@sarabhaiscience.ac.in,+91-80-715-0852,Electronics & Communication Engineering (ECE),B.Tech,30,276,2005,Urban,Yes,No
1-44642398550,1-44642398550,U-0672,SARABHAI INSTITUTE OF SCIENCE AND TECHNOLOGY,Active,Kerala,Thiruvananthapuram,Thiruvananthapuram,"PB.NO.2,VELLANAD.P.O, VELLANAD,THIRUVANANTHAPURAM-695 543, KERALA.",682973,8.521149,76.917341,Private-Self Financing,"APJ Abdul Kalam Technological University, Kerala",Approved,Approved,B++,Yes,,Tier 3,http://www.sarabhaiscience.ac.in,info@sarabhaiscience.ac.in,admissions@sarabhaiscience.ac.in,placement@sarabhaiscience.ac.in,+91-80-715-0852,Electrical & Electronics Engineering (EEE),B.Tech,30,276,2005,Urban,Yes,No
1-44642398550,1-44642398550,U-0672,SARABHAI INSTITUTE OF SCIENCE AND TECHNOLOGY,Active,Kerala,Thiruvananthapuram,Thiruvananthapuram,"PB.NO.2,VELLANAD.P.O, VELLANAD,THIRUVANANTHAPURAM-695 543, KERALA.",682973,8.521149,76.917341,Private-Self Financing,"APJ Abdul Kalam Technological University, Kerala",Approved,Approved,B++,Yes,,Tier 3,http://www.sarabhaiscience.ac.in,info@sarabhaiscience.ac.in,admissions@sarabhaiscience.ac.in,placement@sarabhaiscience.ac.in,+91-80-715-0852,Information Technology (IT),M.Tech,9,276,2005,Urban,Yes,No
1-44642398550,1-44642398550,U-0672,SARABHAI INSTITUTE OF SCIENCE AND TECHNOLOGY,Active,Kerala,Thiruvananthapuram,Thiruvananthapuram,"PB.NO.2,VELLANAD.P.O, VELLANAD,THIRUVANANTHAPURAM-695 543, KERALA.",682973,8.521149,76.917341,Private-Self Financing,"APJ Abdul Kalam Technological University, Kerala",Approved,Approved,B++,Yes,,Tier 3,http://www.sarabhaiscience.ac.in,info@sarabhaiscience.ac.in,admissions@sarabhaiscience.ac.in,placement@sarabhaiscience.ac.in,+91-80-715-0852,Computer Science Engineering (CSE),M.Tech,9,276,2005,Urban,Yes,No
1-44642398550,1-44642398550,U-0672,SARABHAI INSTITUTE OF SCIENCE AND TECHNOLOGY,Active,Kerala,Thiruvananthapuram,Thiruvananthapuram,"PB.NO.2,VELLANAD.P.O, VELLANAD,THIRUVANANTHAPURAM-695 543, KERALA.",682973,8.521149,76.917341,Private-Self Financing,"APJ Abdul Kalam Technological University, Kerala",Approved,Approved,B++,Yes,,Tier 3,http://www.sarabhaiscience.ac.in,info@sarabhaiscience.ac.in,admissions@sarabhaiscience.ac.in,placement@sarabhaiscience.ac.in,+91-80-715-0852,Other Engineering Branches,B.Tech,30,276,2005,Urban,Yes,No
1-44642398550,1-44642398550,U-0672,SARABHAI INSTITUTE OF SCIENCE AND TECHNOLOGY,Active,Kerala,Thiruvananthapuram,Thiruvananthapuram,"PB.NO.2,VELLANAD.P.O, VELLANAD,THIRUVANANTHAPURAM-695 543, KERALA.",682973,8.521149,76.917341,Private-Self Financing,"APJ Abdul Kalam Technological University, Kerala",Approved,Approved,B++,Yes,,Tier 3,http://www.sarabhaiscience.ac.in,info@sarabhaiscience.ac.in,admissions@sarabhaiscience.ac.in,placement@sarabhaiscience.ac.in,+91-80-715-0852,Electronics & Communication Engineering (ECE),M.Tech,12,276,2005,Urban,Yes,No
1-44642753824,1-44642753824,U-0672,"COLLEGE OF ENGINEERING, ATTINGAL",Active,Kerala,Thiruvananthapuram,Thiruvananthapuram,"COLLEGE OF ENGINEERING, ATTINGAL ATTINGAL P.O. PINCODE 695101, TRIVANDRUM, KERALA",695101,8.50998,76.938764,Government,"APJ Abdul Kalam Technological University, Kerala",Approved,Approved,A,No,,Tier 2,http://www.attingal.ac.in,info@attingal.ac.in,admissions@attingal.ac.in,placement@attingal.ac.in,+91-80-246-6189,Electronics & Communication Engineering (ECE),B.Tech,60,300,1980,Urban,Yes,Yes
1-44642753824,1-44642753824,U-0672,"COLLEGE OF ENGINEERING, ATTINGAL",Active,Kerala,Thiruvananthapuram,Thiruvananthapuram,"COLLEGE OF ENGINEERING, ATTINGAL ATTINGAL P.O. PINCODE 695101, TRIVANDRUM, KERALA",695101,8.50998,76.938764,Government,"APJ Abdul Kalam Technological University, Kerala",Approved,Approved,A,No,,Tier 2,http://www.attingal.ac.in,info@attingal.ac.in,admissions@attingal.ac.in,placement@attingal.ac.in,+91-80-246-6189,Computer Science Engineering (CSE),B.Tech,120,300,1980,Urban,Yes,Yes
1-44642753824,1-44642753824,U-0672,"COLLEGE OF ENGINEERING, ATTINGAL",Active,Kerala,Thiruvananthapuram,Thiruvananthapuram,"COLLEGE OF ENGINEERING, ATTINGAL ATTINGAL P.O. PINCODE 695101, TRIVANDRUM, KERALA",695101,8.50998,76.938764,Government,"APJ Abdul Kalam Technological University, Kerala",Approved,Approved,A,No,,Tier 2,http://www.attingal.ac.in,info@attingal.ac.in,admissions@attingal.ac.in,placement@attingal.ac.in,+91-80-246-6189,Electrical & Electronics Engineering (EEE),B.Tech,60,300,1980,Urban,Yes,Yes
1-44642753824,1-44642753824,U-0672,"COLLEGE OF ENGINEERING, ATTINGAL",Active,Kerala,Thiruvananthapuram,Thiruvananthapuram,"COLLEGE OF ENGINEERING, ATTINGAL ATTINGAL P.O. PINCODE 695101, TRIVANDRUM, KERALA",695101,8.50998,76.938764,Government,"APJ Abdul Kalam Technological University, Kerala",Approved,Approved,A,No,,Tier 2,http://www.attingal.ac.in,info@attingal.ac.in,admissions@attingal.ac.in,placement@attingal.ac.in,+91-80-246-6189,Artificial Intelligence & Machine Learning (AI & ML),B.Tech,60,300,1980,Urban,Yes,Yes
1-44643003812,1-44643003812,U-0672,VALIA KOONAMBAIKULATHAMMA COLLEGE OF ENGINEERING AND TECHNOLOGY,Active,Kerala,Thiruvananthapuram,Thiruvananthapuram,"CHAVARCODE,PARIPPALLY THIRUVANANTHAPURAM KERALA STATE",682973,8.541798,76.931318,Private-Self Financing,"APJ Abdul Kalam Technological University, Kerala",Approved,Approved,B++,No,,Tier 3,http://www.valiakoonambaikulathamma.ac.in,info@valiakoonambaikulathamma.ac.in,admissions@valiakoonambaikulathamma.ac.in,placement@valiakoonambaikulathamma.ac.in,+91-80-581-1678,Mechanical Engineering,B.Tech,60,360,2013,Urban,Yes,Yes
1-44643003812,1-44643003812,U-0672,VALIA KOONAMBAIKULATHAMMA COLLEGE OF ENGINEERING AND TECHNOLOGY,Active,Kerala,Thiruvananthapuram,Thiruvananthapuram,"CHAVARCODE,PARIPPALLY THIRUVANANTHAPURAM KERALA STATE",682973,8.541798,76.931318,Private-Self Financing,"APJ Abdul Kalam Technological University, Kerala",Approved,Approved,B++,No,,Tier 3,http://www.valiakoonambaikulathamma.ac.in,info@valiakoonambaikulathamma.ac.in,admissions@valiakoonambaikulathamma.ac.in,placement@valiakoonambaikulathamma.ac.in,+91-80-581-1678,Electrical & Electronics Engineering (EEE),B.Tech,60,360,2013,Urban,Yes,Yes
1-44643003812,1-44643003812,U-0672,VALIA KOONAMBAIKULATHAMMA COLLEGE OF ENGINEERING AND TECHNOLOGY,Active,Kerala,Thiruvananthapuram,Thiruvananthapuram,"CHAVARCODE,PARIPPALLY THIRUVANANTHAPURAM KERALA STATE",682973,8.541798,76.931318,Private-Self Financing,"APJ Abdul Kalam Technological University, Kerala",Approved,Approved,B++,No,,Tier 3,http://www.valiakoonambaikulathamma.ac.in,info@valiakoonambaikulathamma.ac.in,admissions@valiakoonambaikulathamma.ac.in,placement@valiakoonambaikulathamma.ac.in,+91-80-581-1678,Electronics & Communication Engineering (ECE),B.Tech,60,360,2013,Urban,Yes,Yes
1-44643003812,1-44643003812,U-0672,VALIA KOONAMBAIKULATHAMMA COLLEGE OF ENGINEERING AND TECHNOLOGY,Active,Kerala,Thiruvananthapuram,Thiruvananthapuram,"CHAVARCODE,PARIPPALLY THIRUVANANTHAPURAM KERALA STATE",682973,8.541798,76.931318,Private-Self Financing,"APJ Abdul Kalam Technological University, Kerala",Approved,Approved,B++,No,,Tier 3,http://www.valiakoonambaikulathamma.ac.in,info@valiakoonambaikulathamma.ac.in,admissions@valiakoonambaikulathamma.ac.in,placement@valiakoonambaikulathamma.ac.in,+91-80-581-1678,Computer Science Engineering (CSE),B.Tech,60,360,2013,Urban,Yes,Yes
1-44643003812,1-44643003812,U-0672,VALIA KOONAMBAIKULATHAMMA COLLEGE OF ENGINEERING AND TECHNOLOGY,Active,Kerala,Thiruvananthapuram,Thiruvananthapuram,"CHAVARCODE,PARIPPALLY THIRUVANANTHAPURAM KERALA STATE",682973,8.541798,76.931318,Private-Self Financing,"APJ Abdul Kalam Technological University, Kerala",Approved,Approved,B++,No,,Tier 3,http://www.valiakoonambaikulathamma.ac.in,info@valiakoonambaikulathamma.ac.in,admissions@valiakoonambaikulathamma.ac.in,placement@valiakoonambaikulathamma.ac.in,+91-80-581-1678,Civil Engineering,B.Tech,60,360,2013,Urban,Yes,Yes
1-44643003812,1-44643003812,U-0672,VALIA KOONAMBAIKULATHAMMA COLLEGE OF ENGINEERING AND TECHNOLOGY,Active,Kerala,Thiruvananthapuram,Thiruvananthapuram,"CHAVARCODE,PARIPPALLY THIRUVANANTHAPURAM KERALA STATE",682973,8.541798,76.931318,Private-Self Financing,"APJ Abdul Kalam Technological University, Kerala",Approved,Approved,B++,No,,Tier 3,http://www.valiakoonambaikulathamma.ac.in,info@valiakoonambaikulathamma.ac.in,admissions@valiakoonambaikulathamma.ac.in,placement@valiakoonambaikulathamma.ac.in,+91-80-581-1678,Cyber Security,B.Tech,60,360,2013,Urban,Yes,Yes
1-44642723751,1-44642723751,U-0672,M G COLLEGE OF ENGINEERING,Active,Kerala,Thiruvananthapuram,Thiruvananthapuram,"MG COLLEGE OF ENGINEERING, VANDITHADAM, THIRUVALLAM, THIRUVANANTHAPURAM -695027  TEL: 0471 - 2383185, 2383747, 2381517, 5582932,  FAX: 0471 - 2383747 E-MAIL: MGCET@DATAONE.IN",695027,8.528852,76.938571,Private-Self Financing,"APJ Abdul Kalam Technological University, Kerala",Approved,Approved,B++,Yes,,Tier 3,http://www.mg.ac.in,info@mg.ac.in,admissions@mg.ac.in,placement@mg.ac.in,+91-80-038-1708,Computer Science Engineering (CSE),B.Tech,60,480,2020,Urban,Yes,Yes
1-44642723751,1-44642723751,U-0672,M G COLLEGE OF ENGINEERING,Active,Kerala,Thiruvananthapuram,Thiruvananthapuram,"MG COLLEGE OF ENGINEERING, VANDITHADAM, THIRUVALLAM, THIRUVANANTHAPURAM -695027  TEL: 0471 - 2383185, 2383747, 2381517, 5582932,  FAX: 0471 - 2383747 E-MAIL: MGCET@DATAONE.IN",695027,8.528852,76.938571,Private-Self Financing,"APJ Abdul Kalam Technological University, Kerala",Approved,Approved,B++,Yes,,Tier 3,http://www.mg.ac.in,info@mg.ac.in,admissions@mg.ac.in,placement@mg.ac.in,+91-80-038-1708,Electrical & Electronics Engineering (EEE),B.Tech,30,480,2020,Urban,Yes,Yes
1-44642723751,1-44642723751,U-0672,M G COLLEGE OF ENGINEERING,Active,Kerala,Thiruvananthapuram,Thiruvananthapuram,"MG COLLEGE OF ENGINEERING, VANDITHADAM, THIRUVALLAM, THIRUVANANTHAPURAM -695027  TEL: 0471 - 2383185, 2383747, 2381517, 5582932,  FAX: 0471 - 2383747 E-MAIL: MGCET@DATAONE.IN",695027,8.528852,76.938571,Private-Self Financing,"APJ Abdul Kalam Technological University, Kerala",Approved,Approved,B++,Yes,,Tier 3,http://www.mg.ac.in,info@mg.ac.in,admissions@mg.ac.in,placement@mg.ac.in,+91-80-038-1708,Electronics & Communication Engineering (ECE),B.Tech,30,480,2020,Urban,Yes,Yes
1-44642723751,1-44642723751,U-0672,M G COLLEGE OF ENGINEERING,Active,Kerala,Thiruvananthapuram,Thiruvananthapuram,"MG COLLEGE OF ENGINEERING, VANDITHADAM, THIRUVALLAM, THIRUVANANTHAPURAM -695027  TEL: 0471 - 2383185, 2383747, 2381517, 5582932,  FAX: 0471 - 2383747 E-MAIL: MGCET@DATAONE.IN",695027,8.528852,76.938571,Private-Self Financing,"APJ Abdul Kalam Technological University, Kerala",Approved,Approved,B++,Yes,,Tier 3,http://www.mg.ac.in,info@mg.ac.in,admissions@mg.ac.in,placement@mg.ac.in,+91-80-038-1708,Electrical & Electronics Engineering (EEE),Diploma,60,480,2020,Urban,Yes,Yes
1-44642723751,1-44642723751,U-0672,M G COLLEGE OF ENGINEERING,Active,Kerala,Thiruvananthapuram,Thiruvananthapuram,"MG COLLEGE OF ENGINEERING, VANDITHADAM, THIRUVALLAM, THIRUVANANTHAPURAM -695027  TEL: 0471 - 2383185, 2383747, 2381517, 5582932,  FAX: 0471 - 2383747 E-MAIL: MGCET@DATAONE.IN",695027,8.528852,76.938571,Private-Self Financing,"APJ Abdul Kalam Technological University, Kerala",Approved,Approved,B++,Yes,,Tier 3,http://www.mg.ac.in,info@mg.ac.in,admissions@mg.ac.in,placement@mg.ac.in,+91-80-038-1708,Computer Science Engineering (CSE),Diploma,60,480,2020,Urban,Yes,Yes
1-44642723751,1-44642723751,U-0672,M G COLLEGE OF ENGINEERING,Active,Kerala,Thiruvananthapuram,Thiruvananthapuram,"MG COLLEGE OF ENGINEERING, VANDITHADAM, THIRUVALLAM, THIRUVANANTHAPURAM -695027  TEL: 0471 - 2383185, 2383747, 2381517, 5582932,  FAX: 0471 - 2383747 E-MAIL: MGCET@DATAONE.IN",695027,8.528852,76.938571,Private-Self Financing,"APJ Abdul Kalam Technological University, Kerala",Approved,Approved,B++,Yes,,Tier 3,http://www.mg.ac.in,info@mg.ac.in,admissions@mg.ac.in,placement@mg.ac.in,+91-80-038-1708,Civil Engineering,Diploma,60,480,2020,Urban,Yes,Yes
1-44642723751,1-44642723751,U-0672,M G COLLEGE OF ENGINEERING,Active,Kerala,Thiruvananthapuram,Thiruvananthapuram,"MG COLLEGE OF ENGINEERING, VANDITHADAM, THIRUVALLAM, THIRUVANANTHAPURAM -695027  TEL: 0471 - 2383185, 2383747, 2381517, 5582932,  FAX: 0471 - 2383747 E-MAIL: MGCET@DATAONE.IN",695027,8.528852,76.938571,Private-Self Financing,"APJ Abdul Kalam Technological University, Kerala",Approved,Approved,B++,Yes,,Tier 3,http://www.mg.ac.in,info@mg.ac.in,admissions@mg.ac.in,placement@mg.ac.in,+91-80-038-1708,Other Engineering Branches,Diploma,60,480,2020,Urban,Yes,Yes
1-44642723751,1-44642723751,U-0672,M G COLLEGE OF ENGINEERING,Active,Kerala,Thiruvananthapuram,Thiruvananthapuram,"MG COLLEGE OF ENGINEERING, VANDITHADAM, THIRUVALLAM, THIRUVANANTHAPURAM -695027  TEL: 0471 - 2383185, 2383747, 2381517, 5582932,  FAX: 0471 - 2383747 E-MAIL: MGCET@DATAONE.IN",695027,8.528852,76.938571,Private-Self Financing,"APJ Abdul Kalam Technological University, Kerala",Approved,Approved,B++,Yes,,Tier 3,http://www.mg.ac.in,info@mg.ac.in,admissions@mg.ac.in,placement@mg.ac.in,+91-80-038-1708,Mechanical Engineering,Diploma,60,480,2020,Urban,Yes,Yes
1-44642723751,1-44642723751,U-0672,M G COLLEGE OF ENGINEERING,Active,Kerala,Thiruvananthapuram,Thiruvananthapuram,"MG COLLEGE OF ENGINEERING, VANDITHADAM, THIRUVALLAM, THIRUVANANTHAPURAM -695027  TEL: 0471 - 2383185, 2383747, 2381517, 5582932,  FAX: 0471 - 2383747 E-MAIL: MGCET@DATAONE.IN",695027,8.528852,76.938571,Private-Self Financing,"APJ Abdul Kalam Technological University, Kerala",Approved,Approved,B++,Yes,,Tier 3,http://www.mg.ac.in,info@mg.ac.in,admissions@mg.ac.in,placement@mg.ac.in,+91-80-038-1708,Artificial Intelligence & Machine Learning (AI & ML),Diploma,60,480,2020,Urban,Yes,Yes
1-44642819595,1-44642819595,U-0672,MARIAN ENGINEERING COLLEGE,Active,Kerala,Thiruvananthapuram,Thiruvananthapuram,MENAMKULAM KAZHAKUTTOM,682973,8.533324,76.949026,Private-Self Financing,"APJ Abdul Kalam Technological University, Kerala",Approved,Approved,Not Accredited,No,,Tier 3,http://www.marian.ac.in,info@marian.ac.in,admissions@marian.ac.in,placement@marian.ac.in,+91-80-225-7487,Civil Engineering,B.Tech,60,558,2005,Urban,No,Yes
1-44642819595,1-44642819595,U-0672,MARIAN ENGINEERING COLLEGE,Active,Kerala,Thiruvananthapuram,Thiruvananthapuram,MENAMKULAM KAZHAKUTTOM,682973,8.533324,76.949026,Private-Self Financing,"APJ Abdul Kalam Technological University, Kerala",Approved,Approved,Not Accredited,No,,Tier 3,http://www.marian.ac.in,info@marian.ac.in,admissions@marian.ac.in,placement@marian.ac.in,+91-80-225-7487,Computer Science Engineering (CSE),B.Tech,240,558,2005,Urban,No,Yes
1-44642819595,1-44642819595,U-0672,MARIAN ENGINEERING COLLEGE,Active,Kerala,Thiruvananthapuram,Thiruvananthapuram,MENAMKULAM KAZHAKUTTOM,682973,8.533324,76.949026,Private-Self Financing,"APJ Abdul Kalam Technological University, Kerala",Approved,Approved,Not Accredited,No,,Tier 3,http://www.marian.ac.in,info@marian.ac.in,admissions@marian.ac.in,placement@marian.ac.in,+91-80-225-7487,Electronics & Communication Engineering (ECE),B.Tech,60,558,2005,Urban,No,Yes
1-44642819595,1-44642819595,U-0672,MARIAN ENGINEERING COLLEGE,Active,Kerala,Thiruvananthapuram,Thiruvananthapuram,MENAMKULAM KAZHAKUTTOM,682973,8.533324,76.949026,Private-Self Financing,"APJ Abdul Kalam Technological University, Kerala",Approved,Approved,Not Accredited,No,,Tier 3,http://www.marian.ac.in,info@marian.ac.in,admissions@marian.ac.in,placement@marian.ac.in,+91-80-225-7487,Mechanical Engineering,B.Tech,60,558,2005,Urban,No,Yes
1-44642819595,1-44642819595,U-0672,MARIAN ENGINEERING COLLEGE,Active,Kerala,Thiruvananthapuram,Thiruvananthapuram,MENAMKULAM KAZHAKUTTOM,682973,8.533324,76.949026,Private-Self Financing,"APJ Abdul Kalam Technological University, Kerala",Approved,Approved,Not Accredited,No,,Tier 3,http://www.marian.ac.in,info@marian.ac.in,admissions@marian.ac.in,placement@marian.ac.in,+91-80-225-7487,Electrical & Electronics Engineering (EEE),B.Tech,60,558,2005,Urban,No,Yes
1-44642819595,1-44642819595,U-0672,MARIAN ENGINEERING COLLEGE,Active,Kerala,Thiruvananthapuram,Thiruvananthapuram,MENAMKULAM KAZHAKUTTOM,682973,8.533324,76.949026,Private-Self Financing,"APJ Abdul Kalam Technological University, Kerala",Approved,Approved,Not Accredited,No,,Tier 3,http://www.marian.ac.in,info@marian.ac.in,admissions@marian.ac.in,placement@marian.ac.in,+91-80-225-7487,Other Engineering Branches,M.Tech,18,558,2005,Urban,No,Yes
1-44642819595,1-44642819595,U-0672,MARIAN ENGINEERING COLLEGE,Active,Kerala,Thiruvananthapuram,Thiruvananthapuram,MENAMKULAM KAZHAKUTTOM,682973,8.533324,76.949026,Private-Self Financing,"APJ Abdul Kalam Technological University, Kerala",Approved,Approved,Not Accredited,No,,Tier 3,http://www.marian.ac.in,info@marian.ac.in,admissions@marian.ac.in,placement@marian.ac.in,+91-80-225-7487,Artificial Intelligence & Machine Learning (AI & ML),B.Tech,60,558,2005,Urban,No,Yes
1-44642737286,1-44642737286,U-0672,LBS INSTITUTE OF TECHNOLOGY FOR WOMEN,Active,Kerala,Thiruvananthapuram,Thiruvananthapuram,"POOJAPPURA. P. O,  THIRUVANANTHAPURAM, KERALA - 695012",695012,8.505548,76.938768,Government,"APJ Abdul Kalam Technological University, Kerala",Approved,Approved,A,No,,Tier 2,http://www.lbswomen.ac.in,info@lbswomen.ac.in,admissions@lbswomen.ac.in,placement@lbswomen.ac.in,+91-80-060-7373,Computer Science Engineering (CSE),B.Tech,240,642,1999,Urban,No,Yes
1-44642737286,1-44642737286,U-0672,LBS INSTITUTE OF TECHNOLOGY FOR WOMEN,Active,Kerala,Thiruvananthapuram,Thiruvananthapuram,"POOJAPPURA. P. O,  THIRUVANANTHAPURAM, KERALA - 695012",695012,8.505548,76.938768,Government,"APJ Abdul Kalam Technological University, Kerala",Approved,Approved,A,No,,Tier 2,http://www.lbswomen.ac.in,info@lbswomen.ac.in,admissions@lbswomen.ac.in,placement@lbswomen.ac.in,+91-80-060-7373,Electronics & Communication Engineering (ECE),B.Tech,60,642,1999,Urban,No,Yes
1-44642737286,1-44642737286,U-0672,LBS INSTITUTE OF TECHNOLOGY FOR WOMEN,Active,Kerala,Thiruvananthapuram,Thiruvananthapuram,"POOJAPPURA. P. O,  THIRUVANANTHAPURAM, KERALA - 695012",695012,8.505548,76.938768,Government,"APJ Abdul Kalam Technological University, Kerala",Approved,Approved,A,No,,Tier 2,http://www.lbswomen.ac.in,info@lbswomen.ac.in,admissions@lbswomen.ac.in,placement@lbswomen.ac.in,+91-80-060-7373,Information Technology (IT),B.Tech,60,642,1999,Urban,No,Yes
1-44642737286,1-44642737286,U-0672,LBS INSTITUTE OF TECHNOLOGY FOR WOMEN,Active,Kerala,Thiruvananthapuram,Thiruvananthapuram,"POOJAPPURA. P. O,  THIRUVANANTHAPURAM, KERALA - 695012",695012,8.505548,76.938768,Government,"APJ Abdul Kalam Technological University, Kerala",Approved,Approved,A,No,,Tier 2,http://www.lbswomen.ac.in,info@lbswomen.ac.in,admissions@lbswomen.ac.in,placement@lbswomen.ac.in,+91-80-060-7373,Civil Engineering,B.Tech,60,642,1999,Urban,No,Yes
1-44642737286,1-44642737286,U-0672,LBS INSTITUTE OF TECHNOLOGY FOR WOMEN,Active,Kerala,Thiruvananthapuram,Thiruvananthapuram,"POOJAPPURA. P. O,  THIRUVANANTHAPURAM, KERALA - 695012",695012,8.505548,76.938768,Government,"APJ Abdul Kalam Technological University, Kerala",Approved,Approved,A,No,,Tier 2,http://www.lbswomen.ac.in,info@lbswomen.ac.in,admissions@lbswomen.ac.in,placement@lbswomen.ac.in,+91-80-060-7373,Computer Science Engineering (CSE),M.Tech,24,642,1999,Urban,No,Yes
1-44642737286,1-44642737286,U-0672,LBS INSTITUTE OF TECHNOLOGY FOR WOMEN,Active,Kerala,Thiruvananthapuram,Thiruvananthapuram,"POOJAPPURA. P. O,  THIRUVANANTHAPURAM, KERALA - 695012",695012,8.505548,76.938768,Government,"APJ Abdul Kalam Technological University, Kerala",Approved,Approved,A,No,,Tier 2,http://www.lbswomen.ac.in,info@lbswomen.ac.in,admissions@lbswomen.ac.in,placement@lbswomen.ac.in,+91-80-060-7373,Civil Engineering,Diploma,60,642,1999,Urban,No,Yes
1-44642737286,1-44642737286,U-0672,LBS INSTITUTE OF TECHNOLOGY FOR WOMEN,Active,Kerala,Thiruvananthapuram,Thiruvananthapuram,"POOJAPPURA. P. O,  THIRUVANANTHAPURAM, KERALA - 695012",695012,8.505548,76.938768,Government,"APJ Abdul Kalam Technological University, Kerala",Approved,Approved,A,No,,Tier 2,http://www.lbswomen.ac.in,info@lbswomen.ac.in,admissions@lbswomen.ac.in,placement@lbswomen.ac.in,+91-80-060-7373,Computer Science Engineering (CSE),Diploma,60,642,1999,Urban,No,Yes
1-44642737286,1-44642737286,U-0672,LBS INSTITUTE OF TECHNOLOGY FOR WOMEN,Active,Kerala,Thiruvananthapuram,Thiruvananthapuram,"POOJAPPURA. P. O,  THIRUVANANTHAPURAM, KERALA - 695012",695012,8.505548,76.938768,Government,"APJ Abdul Kalam Technological University, Kerala",Approved,Approved,A,No,,Tier 2,http://www.lbswomen.ac.in,info@lbswomen.ac.in,admissions@lbswomen.ac.in,placement@lbswomen.ac.in,+91-80-060-7373,Electronics & Communication Engineering (ECE),Diploma,60,642,1999,Urban,No,Yes
1-44642737286,1-44642737286,U-0672,LBS INSTITUTE OF TECHNOLOGY FOR WOMEN,Active,Kerala,Thiruvananthapuram,Thiruvananthapuram,"POOJAPPURA. P. O,  THIRUVANANTHAPURAM, KERALA - 695012",695012,8.505548,76.938768,Government,"APJ Abdul Kalam Technological University, Kerala",Approved,Approved,A,No,,Tier 2,http://www.lbswomen.ac.in,info@lbswomen.ac.in,admissions@lbswomen.ac.in,placement@lbswomen.ac.in,+91-80-060-7373,Robotics,M.Tech,18,642,1999,Urban,No,Yes
1-44642746607,1-44642746607,U-0672,SREE CHITRA THIRUNAL COLLEGE OF ENGINEERING,Active,Kerala,Thiruvananthapuram,Thiruvananthapuram,PAPPANAMCODE THIRUVANANTHAPURAM,682973,8.524391,76.941827,Government,"APJ Abdul Kalam Technological University, Kerala",Approved,Approved,A,No,,Tier 2,http://www.sreechitrathirunal.ac.in,info@sreechitrathirunal.ac.in,admissions@sreechitrathirunal.ac.in,placement@sreechitrathirunal.ac.in,+91-80-851-0881,Other Engineering Branches,M.Tech,18,606,1993,Rural,Yes,Yes
1-44642746607,1-44642746607,U-0672,SREE CHITRA THIRUNAL COLLEGE OF ENGINEERING,Active,Kerala,Thiruvananthapuram,Thiruvananthapuram,PAPPANAMCODE THIRUVANANTHAPURAM,682973,8.524391,76.941827,Government,"APJ Abdul Kalam Technological University, Kerala",Approved,Approved,A,No,,Tier 2,http://www.sreechitrathirunal.ac.in,info@sreechitrathirunal.ac.in,admissions@sreechitrathirunal.ac.in,placement@sreechitrathirunal.ac.in,+91-80-851-0881,Chemical Engineering,B.Tech,60,606,1993,Rural,Yes,Yes
1-44642746607,1-44642746607,U-0672,SREE CHITRA THIRUNAL COLLEGE OF ENGINEERING,Active,Kerala,Thiruvananthapuram,Thiruvananthapuram,PAPPANAMCODE THIRUVANANTHAPURAM,682973,8.524391,76.941827,Government,"APJ Abdul Kalam Technological University, Kerala",Approved,Approved,A,No,,Tier 2,http://www.sreechitrathirunal.ac.in,info@sreechitrathirunal.ac.in,admissions@sreechitrathirunal.ac.in,placement@sreechitrathirunal.ac.in,+91-80-851-0881,Computer Science Engineering (CSE),B.Tech,120,606,1993,Rural,Yes,Yes
1-44642746607,1-44642746607,U-0672,SREE CHITRA THIRUNAL COLLEGE OF ENGINEERING,Active,Kerala,Thiruvananthapuram,Thiruvananthapuram,PAPPANAMCODE THIRUVANANTHAPURAM,682973,8.524391,76.941827,Government,"APJ Abdul Kalam Technological University, Kerala",Approved,Approved,A,No,,Tier 2,http://www.sreechitrathirunal.ac.in,info@sreechitrathirunal.ac.in,admissions@sreechitrathirunal.ac.in,placement@sreechitrathirunal.ac.in,+91-80-851-0881,Computer Science Engineering (CSE),M.Tech,18,606,1993,Rural,Yes,Yes
1-44642746607,1-44642746607,U-0672,SREE CHITRA THIRUNAL COLLEGE OF ENGINEERING,Active,Kerala,Thiruvananthapuram,Thiruvananthapuram,PAPPANAMCODE THIRUVANANTHAPURAM,682973,8.524391,76.941827,Government,"APJ Abdul Kalam Technological University, Kerala",Approved,Approved,A,No,,Tier 2,http://www.sreechitrathirunal.ac.in,info@sreechitrathirunal.ac.in,admissions@sreechitrathirunal.ac.in,placement@sreechitrathirunal.ac.in,+91-80-851-0881,Electronics & Communication Engineering (ECE),B.Tech,120,606,1993,Rural,Yes,Yes
1-44642746607,1-44642746607,U-0672,SREE CHITRA THIRUNAL COLLEGE OF ENGINEERING,Active,Kerala,Thiruvananthapuram,Thiruvananthapuram,PAPPANAMCODE THIRUVANANTHAPURAM,682973,8.524391,76.941827,Government,"APJ Abdul Kalam Technological University, Kerala",Approved,Approved,A,No,,Tier 2,http://www.sreechitrathirunal.ac.in,info@sreechitrathirunal.ac.in,admissions@sreechitrathirunal.ac.in,placement@sreechitrathirunal.ac.in,+91-80-851-0881,Automobile Engineering,B.Tech,60,606,1993,Rural,Yes,Yes
1-44642746607,1-44642746607,U-0672,SREE CHITRA THIRUNAL COLLEGE OF ENGINEERING,Active,Kerala,Thiruvananthapuram,Thiruvananthapuram,PAPPANAMCODE THIRUVANANTHAPURAM,682973,8.524391,76.941827,Government,"APJ Abdul Kalam Technological University, Kerala",Approved,Approved,A,No,,Tier 2,http://www.sreechitrathirunal.ac.in,info@sreechitrathirunal.ac.in,admissions@sreechitrathirunal.ac.in,placement@sreechitrathirunal.ac.in,+91-80-851-0881,Mechanical Engineering,B.Tech,120,606,1993,Rural,Yes,Yes
1-44642746607,1-44642746607,U-0672,SREE CHITRA THIRUNAL COLLEGE OF ENGINEERING,Active,Kerala,Thiruvananthapuram,Thiruvananthapuram,PAPPANAMCODE THIRUVANANTHAPURAM,682973,8.524391,76.941827,Government,"APJ Abdul Kalam Technological University, Kerala",Approved,Approved,A,No,,Tier 2,http://www.sreechitrathirunal.ac.in,info@sreechitrathirunal.ac.in,admissions@sreechitrathirunal.ac.in,placement@sreechitrathirunal.ac.in,+91-80-851-0881,Artificial Intelligence & Machine Learning (AI & ML),B.Tech,60,606,1993,Rural,Yes,Yes
1-44642746607,1-44642746607,U-0672,SREE CHITRA THIRUNAL COLLEGE OF ENGINEERING,Active,Kerala,Thiruvananthapuram,Thiruvananthapuram,PAPPANAMCODE THIRUVANANTHAPURAM,682973,8.524391,76.941827,Government,"APJ Abdul Kalam Technological University, Kerala",Approved,Approved,A,No,,Tier 2,http://www.sreechitrathirunal.ac.in,info@sreechitrathirunal.ac.in,admissions@sreechitrathirunal.ac.in,placement@sreechitrathirunal.ac.in,+91-80-851-0881,Automobile Engineering,M.Tech,30,606,1993,Rural,Yes,Yes
1-44642915270,1-44642915270,U-0672,LOURDES MATHA COLLEGE OF SCIENCE AND TECHNOLOGY,Active,Kerala,Thiruvananthapuram,Thiruvananthapuram,"KUTTICHAL P O, TRIVANDRUM KERALA PIN 695 574",682973,8.527026,76.921339,Private-Self Financing,"APJ Abdul Kalam Technological University, Kerala",Approved,Approved,B,No,,Tier 3,http://www.lourdesmathascience.ac.in,info@lourdesmathascience.ac.in,admissions@lourdesmathascience.ac.in,placement@lourdesmathascience.ac.in,+91-80-961-5902,Electronics & Communication Engineering (ECE),B.Tech,60,396,2005,Urban,No,No
1-44642915270,1-44642915270,U-0672,LOURDES MATHA COLLEGE OF SCIENCE AND TECHNOLOGY,Active,Kerala,Thiruvananthapuram,Thiruvananthapuram,"KUTTICHAL P O, TRIVANDRUM KERALA PIN 695 574",682973,8.527026,76.921339,Private-Self Financing,"APJ Abdul Kalam Technological University, Kerala",Approved,Approved,B,No,,Tier 3,http://www.lourdesmathascience.ac.in,info@lourdesmathascience.ac.in,admissions@lourdesmathascience.ac.in,placement@lourdesmathascience.ac.in,+91-80-961-5902,Computer Science Engineering (CSE),B.Tech,150,396,2005,Urban,No,No
1-44642915270,1-44642915270,U-0672,LOURDES MATHA COLLEGE OF SCIENCE AND TECHNOLOGY,Active,Kerala,Thiruvananthapuram,Thiruvananthapuram,"KUTTICHAL P O, TRIVANDRUM KERALA PIN 695 574",682973,8.527026,76.921339,Private-Self Financing,"APJ Abdul Kalam Technological University, Kerala",Approved,Approved,B,No,,Tier 3,http://www.lourdesmathascience.ac.in,info@lourdesmathascience.ac.in,admissions@lourdesmathascience.ac.in,placement@lourdesmathascience.ac.in,+91-80-961-5902,Electrical & Electronics Engineering (EEE),B.Tech,30,396,2005,Urban,No,No
1-44642915270,1-44642915270,U-0672,LOURDES MATHA COLLEGE OF SCIENCE AND TECHNOLOGY,Active,Kerala,Thiruvananthapuram,Thiruvananthapuram,"KUTTICHAL P O, TRIVANDRUM KERALA PIN 695 574",682973,8.527026,76.921339,Private-Self Financing,"APJ Abdul Kalam Technological University, Kerala",Approved,Approved,B,No,,Tier 3,http://www.lourdesmathascience.ac.in,info@lourdesmathascience.ac.in,admissions@lourdesmathascience.ac.in,placement@lourdesmathascience.ac.in,+91-80-961-5902,Mechanical Engineering,B.Tech,60,396,2005,Urban,No,No
1-44642915270,1-44642915270,U-0672,LOURDES MATHA COLLEGE OF SCIENCE AND TECHNOLOGY,Active,Kerala,Thiruvananthapuram,Thiruvananthapuram,"KUTTICHAL P O, TRIVANDRUM KERALA PIN 695 574",682973,8.527026,76.921339,Private-Self Financing,"APJ Abdul Kalam Technological University, Kerala",Approved,Approved,B,No,,Tier 3,http://www.lourdesmathascience.ac.in,info@lourdesmathascience.ac.in,admissions@lourdesmathascience.ac.in,placement@lourdesmathascience.ac.in,+91-80-961-5902,Computer Science Engineering (CSE),M.Tech,18,396,2005,Urban,No,No
1-44642915270,1-44642915270,U-0672,LOURDES MATHA COLLEGE OF SCIENCE AND TECHNOLOGY,Active,Kerala,Thiruvananthapuram,Thiruvananthapuram,"KUTTICHAL P O, TRIVANDRUM KERALA PIN 695 574",682973,8.527026,76.921339,Private-Self Financing,"APJ Abdul Kalam Technological University, Kerala",Approved,Approved,B,No,,Tier 3,http://www.lourdesmathascience.ac.in,info@lourdesmathascience.ac.in,admissions@lourdesmathascience.ac.in,placement@lourdesmathascience.ac.in,+91-80-961-5902,Other Engineering Branches,M.Tech,18,396,2005,Urban,No,No
1-44642915270,1-44642915270,U-0672,LOURDES MATHA COLLEGE OF SCIENCE AND TECHNOLOGY,Active,Kerala,Thiruvananthapuram,Thiruvananthapuram,"KUTTICHAL P O, TRIVANDRUM KERALA PIN 695 574",682973,8.527026,76.921339,Private-Self Financing,"APJ Abdul Kalam Technological University, Kerala",Approved,Approved,B,No,,Tier 3,http://www.lourdesmathascience.ac.in,info@lourdesmathascience.ac.in,admissions@lourdesmathascience.ac.in,placement@lourdesmathascience.ac.in,+91-80-961-5902,Civil Engineering,B.Tech,60,396,2005,Urban,No,No
1-44643857638,1-44643857638,U-0672,APJ ABDUL KALAM TECHNOLOGICAL UNIVERSITY,Active,Kerala,Thiruvananthapuram,Thiruvananthapuram,"MBA BLOCK, CET CAMPUS, ENGINEERING COLLEGE PO, THIRUVANANANTHAPURAM",682973,8.53984,76.948652,Government,"APJ Abdul Kalam Technological University, Kerala",Approved,Approved,A,No,,Tier 2,http://www.apjabdulkalam.ac.in,info@apjabdulkalam.ac.in,admissions@apjabdulkalam.ac.in,placement@apjabdulkalam.ac.in,+91-80-499-0541,Other Engineering Branches,M.Tech,54,72,1984,Urban,Yes,Yes
1-44643857638,1-44643857638,U-0672,APJ ABDUL KALAM TECHNOLOGICAL UNIVERSITY,Active,Kerala,Thiruvananthapuram,Thiruvananthapuram,"MBA BLOCK, CET CAMPUS, ENGINEERING COLLEGE PO, THIRUVANANANTHAPURAM",682973,8.53984,76.948652,Government,"APJ Abdul Kalam Technological University, Kerala",Approved,Approved,A,No,,Tier 2,http://www.apjabdulkalam.ac.in,info@apjabdulkalam.ac.in,admissions@apjabdulkalam.ac.in,placement@apjabdulkalam.ac.in,+91-80-499-0541,Mechanical Engineering,M.Tech,18,72,1984,Urban,Yes,Yes
1-44642390663,1-44642390663,U-0672,MAR BASELIOS COLLEGE OF ENGINEERING AND TECHNOLOGY,Active,Kerala,Thiruvananthapuram,Thiruvananthapuram,BETHANY HILLS NALANCHIRA THIRUVANANTHAPURAM PIN CODE-695015,695015,8.531998,76.955435,Private-Self Financing,"APJ Abdul Kalam Technological University, Kerala",Approved,Approved,B++,Yes,,Tier 3,http://www.marbaselios.ac.in,info@marbaselios.ac.in,admissions@marbaselios.ac.in,placement@marbaselios.ac.in,+91-80-170-1496,Computer Science Engineering (CSE),B.Tech,240,747,1998,Urban,No,Yes
1-44642390663,1-44642390663,U-0672,MAR BASELIOS COLLEGE OF ENGINEERING AND TECHNOLOGY,Active,Kerala,Thiruvananthapuram,Thiruvananthapuram,BETHANY HILLS NALANCHIRA THIRUVANANTHAPURAM PIN CODE-695015,695015,8.531998,76.955435,Private-Self Financing,"APJ Abdul Kalam Technological University, Kerala",Approved,Approved,B++,Yes,,Tier 3,http://www.marbaselios.ac.in,info@marbaselios.ac.in,admissions@marbaselios.ac.in,placement@marbaselios.ac.in,+91-80-170-1496,Civil Engineering,B.Tech,120,747,1998,Urban,No,Yes
1-44642390663,1-44642390663,U-0672,MAR BASELIOS COLLEGE OF ENGINEERING AND TECHNOLOGY,Active,Kerala,Thiruvananthapuram,Thiruvananthapuram,BETHANY HILLS NALANCHIRA THIRUVANANTHAPURAM PIN CODE-695015,695015,8.531998,76.955435,Private-Self Financing,"APJ Abdul Kalam Technological University, Kerala",Approved,Approved,B++,Yes,,Tier 3,http://www.marbaselios.ac.in,info@marbaselios.ac.in,admissions@marbaselios.ac.in,placement@marbaselios.ac.in,+91-80-170-1496,Electrical & Electronics Engineering (EEE),B.Tech,60,747,1998,Urban,No,Yes
1-44642390663,1-44642390663,U-0672,MAR BASELIOS COLLEGE OF ENGINEERING AND TECHNOLOGY,Active,Kerala,Thiruvananthapuram,Thiruvananthapuram,BETHANY HILLS NALANCHIRA THIRUVANANTHAPURAM PIN CODE-695015,695015,8.531998,76.955435,Private-Self Financing,"APJ Abdul Kalam Technological University, Kerala",Approved,Approved,B++,Yes,,Tier 3,http://www.marbaselios.ac.in,info@marbaselios.ac.in,admissions@marbaselios.ac.in,placement@marbaselios.ac.in,+91-80-170-1496,Mechanical Engineering,B.Tech,90,747,1998,Urban,No,Yes
1-44642390663,1-44642390663,U-0672,MAR BASELIOS COLLEGE OF ENGINEERING AND TECHNOLOGY,Active,Kerala,Thiruvananthapuram,Thiruvananthapuram,BETHANY HILLS NALANCHIRA THIRUVANANTHAPURAM PIN CODE-695015,695015,8.531998,76.955435,Private-Self Financing,"APJ Abdul Kalam Technological University, Kerala",Approved,Approved,B++,Yes,,Tier 3,http://www.marbaselios.ac.in,info@marbaselios.ac.in,admissions@marbaselios.ac.in,placement@marbaselios.ac.in,+91-80-170-1496,Electronics & Communication Engineering (ECE),B.Tech,120,747,1998,Urban,No,Yes
1-44642390663,1-44642390663,U-0672,MAR BASELIOS COLLEGE OF ENGINEERING AND TECHNOLOGY,Active,Kerala,Thiruvananthapuram,Thiruvananthapuram,BETHANY HILLS NALANCHIRA THIRUVANANTHAPURAM PIN CODE-695015,695015,8.531998,76.955435,Private-Self Financing,"APJ Abdul Kalam Technological University, Kerala",Approved,Approved,B++,Yes,,Tier 3,http://www.marbaselios.ac.in,info@marbaselios.ac.in,admissions@marbaselios.ac.in,placement@marbaselios.ac.in,+91-80-170-1496,Other Engineering Branches,M.Tech,81,747,1998,Urban,No,Yes
1-44642390663,1-44642390663,U-0672,MAR BASELIOS COLLEGE OF ENGINEERING AND TECHNOLOGY,Active,Kerala,Thiruvananthapuram,Thiruvananthapuram,BETHANY HILLS NALANCHIRA THIRUVANANTHAPURAM PIN CODE-695015,695015,8.531998,76.955435,Private-Self Financing,"APJ Abdul Kalam Technological University, Kerala",Approved,Approved,B++,Yes,,Tier 3,http://www.marbaselios.ac.in,info@marbaselios.ac.in,admissions@marbaselios.ac.in,placement@marbaselios.ac.in,+91-80-170-1496,Computer Science Engineering (CSE),M.Tech,18,747,1998,Urban,No,Yes
1-44642390663,1-44642390663,U-0672,MAR BASELIOS COLLEGE OF ENGINEERING AND TECHNOLOGY,Active,Kerala,Thiruvananthapuram,Thiruvananthapuram,BETHANY HILLS NALANCHIRA THIRUVANANTHAPURAM PIN CODE-695015,695015,8.531998,76.955435,Private-Self Financing,"APJ Abdul Kalam Technological University, Kerala",Approved,Approved,B++,Yes,,Tier 3,http://www.marbaselios.ac.in,info@marbaselios.ac.in,admissions@marbaselios.ac.in,placement@marbaselios.ac.in,+91-80-170-1496,IoT,M.Tech,18,747,1998,Urban,No,Yes
