College ID,AICTE Institute ID,UGC University ID,College Name,College Status,State,District,City,Full Address,Pincode,Latitude,Longitude,College Type,Affiliated University,AICTE Approval Status,UGC Approval Status,NAAC Grade,NBA Accreditation,NIRF Ranking,Tier Classification,Official Website,Official College Email,Admission Email,Placement Cell Email,Contact Phone Number,Engineering Branch Name,Degree Type,Branch Intake Capacity,Total Intake Capacity,Establishment Year,Campus Type,Hostel Available,Placement Available
1-44638462874,1-44638462874,U-0846,"SERSHAH ENGINEERING COLLEGE, SASARAM",Active,Bihar,Rohtas,Rohtas,"SERSHAH ENGINEERING COLLEGE,SASARAM , VILL+POST - BARKI KHARARI, POLICE STATION - KARGAHAR, NEAR BY BARKI KHARARI NEW PANCHAYAT BHAWAN,SASARAM, DIST- ROHTAS(BIHAR), PIN - 821113",821113,25.105126,85.314498,Government,"Bihar Engineering University, Patna",Approved,Approved,A+,Yes,,Tier 2,http://www.sershahsasaram.ac.in,info@sershahsasaram.ac.in,admissions@sershahsasaram.ac.in,placement@sershahsasaram.ac.in,+91-80-217-4216,Mechanical Engineering,B.Tech,60,360,1985,Urban,Yes,Yes
1-44638462874,1-44638462874,U-0846,"SERSHAH ENGINEERING COLLEGE, SASARAM",Active,Bihar,Rohtas,Rohtas,"SERSHAH ENGINEERING COLLEGE,SASARAM , VILL+POST - BARKI KHARARI, POLICE STATION - KARGAHAR, NEAR BY BARKI KHARARI NEW PANCHAYAT BHAWAN,SASARAM, DIST- ROHTAS(BIHAR), PIN - 821113",821113,25.105126,85.314498,Government,"Bihar Engineering University, Patna",Approved,Approved,A+,Yes,,Tier 2,http://www.sershahsasaram.ac.in,info@sershahsasaram.ac.in,admissions@sershahsasaram.ac.in,placement@sershahsasaram.ac.in,+91-80-217-4216,Civil Engineering,B.Tech,60,360,1985,Urban,Yes,Yes
1-44638462874,1-44638462874,U-0846,"SERSHAH ENGINEERING COLLEGE, SASARAM",Active,Bihar,Rohtas,Rohtas,"SERSHAH ENGINEERING COLLEGE,SASARAM , VILL+POST - BARKI KHARARI, POLICE STATION - KARGAHAR, NEAR BY BARKI KHARARI NEW PANCHAYAT BHAWAN,SASARAM, DIST- ROHTAS(BIHAR), PIN - 821113",821113,25.105126,85.314498,Government,"Bihar Engineering University, Patna",Approved,Approved,A+,Yes,,Tier 2,http://www.sershahsasaram.ac.in,info@sershahsasaram.ac.in,admissions@sershahsasaram.ac.in,placement@sershahsasaram.ac.in,+91-80-217-4216,Computer Science Engineering (CSE),B.Tech,90,360,1985,Urban,Yes,Yes
1-44638462874,1-44638462874,U-0846,"SERSHAH ENGINEERING COLLEGE, SASARAM",Active,Bihar,Rohtas,Rohtas,"SERSHAH ENGINEERING COLLEGE,SASARAM , VILL+POST - BARKI KHARARI, POLICE STATION - KARGAHAR, NEAR BY BARKI KHARARI NEW PANCHAYAT BHAWAN,SASARAM, DIST- ROHTAS(BIHAR), PIN - 821113",821113,25.105126,85.314498,Government,"Bihar Engineering University, Patna",Approved,Approved,A+,Yes,,Tier 2,http://www.sershahsasaram.ac.in,info@sershahsasaram.ac.in,admissions@sershahsasaram.ac.in,placement@sershahsasaram.ac.in,+91-80-217-4216,Electrical & Electronics Engineering (EEE),B.Tech,60,360,1985,Urban,Yes,Yes
1-44638462874,1-44638462874,U-0846,"SERSHAH ENGINEERING COLLEGE, SASARAM",Active,Bihar,Rohtas,Rohtas,"SERSHAH ENGINEERING COLLEGE,SASARAM , VILL+POST - BARKI KHARARI, POLICE STATION - KARGAHAR, NEAR BY BARKI KHARARI NEW PANCHAYAT BHAWAN,SASARAM, DIST- ROHTAS(BIHAR), PIN - 821113",821113,25.105126,85.314498,Government,"Bihar Engineering University, Patna",Approved,Approved,A+,Yes,,Tier 2,http://www.sershahsasaram.ac.in,info@sershahsasaram.ac.in,admissions@sershahsasaram.ac.in,placement@sershahsasaram.ac.in,+91-80-217-4216,Mining Engineering,B.Tech,60,360,1985,Urban,Yes,Yes
1-44638462874,1-44638462874,U-0846,"SERSHAH ENGINEERING COLLEGE, SASARAM",Active,Bihar,Rohtas,Rohtas,"SERSHAH ENGINEERING COLLEGE,SASARAM , VILL+POST - BARKI KHARARI, POLICE STATION - KARGAHAR, NEAR BY BARKI KHARARI NEW PANCHAYAT BHAWAN,SASARAM, DIST- ROHTAS(BIHAR), PIN - 821113",821113,25.105126,85.314498,Government,"Bihar Engineering University, Patna",Approved,Approved,A+,Yes,,Tier 2,http://www.sershahsasaram.ac.in,info@sershahsasaram.ac.in,admissions@sershahsasaram.ac.in,placement@sershahsasaram.ac.in,+91-80-217-4216,Other Engineering Branches,B.Tech,30,360,1985,Urban,Yes,Yes
1-44638551196,1-44638551196,U-0698,GOVERNMENT POLYTECHNIC ARWAL,Active,Bihar,Nalanda,Nalanda,CAMPUS OF GOVT. POLYTECHNIC ASTHAWAN NALANDA,800534,25.11532,85.297127,Government,"State Board of Technical Education, Patna",Approved,Approved,A,No,,Tier 2,http://www.arwal.ac.in,info@arwal.ac.in,admissions@arwal.ac.in,placement@arwal.ac.in,+91-80-644-9817,Civil Engineering,Diploma,120,360,1997,Urban,Yes,Yes
1-44638551196,1-44638551196,U-0698,GOVERNMENT POLYTECHNIC ARWAL,Active,Bihar,Nalanda,Nalanda,CAMPUS OF GOVT. POLYTECHNIC ASTHAWAN NALANDA,800534,25.11532,85.297127,Government,"State Board of Technical Education, Patna",Approved,Approved,A,No,,Tier 2,http://www.arwal.ac.in,info@arwal.ac.in,admissions@arwal.ac.in,placement@arwal.ac.in,+91-80-644-9817,Mechanical Engineering,Diploma,60,360,1997,Urban,Yes,Yes
1-44638551196,1-44638551196,U-0698,GOVERNMENT POLYTECHNIC ARWAL,Active,Bihar,Nalanda,Nalanda,CAMPUS OF GOVT. POLYTECHNIC ASTHAWAN NALANDA,800534,25.11532,85.297127,Government,"State Board of Technical Education, Patna",Approved,Approved,A,No,,Tier 2,http://www.arwal.ac.in,info@arwal.ac.in,admissions@arwal.ac.in,placement@arwal.ac.in,+91-80-644-9817,Electrical Engineering,Diploma,60,360,1997,Urban,Yes,Yes
1-44638551196,1-44638551196,U-0698,GOVERNMENT POLYTECHNIC ARWAL,Active,Bihar,Nalanda,Nalanda,CAMPUS OF GOVT. POLYTECHNIC ASTHAWAN NALANDA,800534,25.11532,85.297127,Government,"State Board of Technical Education, Patna",Approved,Approved,A,No,,Tier 2,http://www.arwal.ac.in,info@arwal.ac.in,admissions@arwal.ac.in,placement@arwal.ac.in,+91-80-644-9817,Computer Science Engineering (CSE),Diploma,60,360,1997,Urban,Yes,Yes
1-44638551196,1-44638551196,U-0698,GOVERNMENT POLYTECHNIC ARWAL,Active,Bihar,Nalanda,Nalanda,CAMPUS OF GOVT. POLYTECHNIC ASTHAWAN NALANDA,800534,25.11532,85.297127,Government,"State Board of Technical Education, Patna",Approved,Approved,A,No,,Tier 2,http://www.arwal.ac.in,info@arwal.ac.in,admissions@arwal.ac.in,placement@arwal.ac.in,+91-80-644-9817,Other Engineering Branches,Diploma,60,360,1997,Urban,Yes,Yes
1-44638506831,1-44638506831,U-0272,GOVERNMENT ENGINEERING COLLEGE SIWAN,Active,Bihar,Siwan,Siwan,"GOVERNMENT ENGINEERING COLLEGE SIWAN, MAIRWA ROAD, OLD SUTA MILL FACTORY, BHADA KHURD, SIWAN 841226 (BIHAR)",841226,25.080302,85.300053,Government,"BIHAR ENGINEERING UNIVERSITY, PATNA",Approved,Approved,A+,Yes,,Tier 2,http://www.siwan.ac.in,info@siwan.ac.in,admissions@siwan.ac.in,placement@siwan.ac.in,+91-80-176-2604,Civil Engineering,B.Tech,60,360,1980,Urban,Yes,Yes
1-44638506831,1-44638506831,U-0272,GOVERNMENT ENGINEERING COLLEGE SIWAN,Active,Bihar,Siwan,Siwan,"GOVERNMENT ENGINEERING COLLEGE SIWAN, MAIRWA ROAD, OLD SUTA MILL FACTORY, BHADA KHURD, SIWAN 841226 (BIHAR)",841226,25.080302,85.300053,Government,"BIHAR ENGINEERING UNIVERSITY, PATNA",Approved,Approved,A+,Yes,,Tier 2,http://www.siwan.ac.in,info@siwan.ac.in,admissions@siwan.ac.in,placement@siwan.ac.in,+91-80-176-2604,Mechanical Engineering,B.Tech,60,360,1980,Urban,Yes,Yes
1-44638506831,1-44638506831,U-0272,GOVERNMENT ENGINEERING COLLEGE SIWAN,Active,Bihar,Siwan,Siwan,"GOVERNMENT ENGINEERING COLLEGE SIWAN, MAIRWA ROAD, OLD SUTA MILL FACTORY, BHADA KHURD, SIWAN 841226 (BIHAR)",841226,25.080302,85.300053,Government,"BIHAR ENGINEERING UNIVERSITY, PATNA",Approved,Approved,A+,Yes,,Tier 2,http://www.siwan.ac.in,info@siwan.ac.in,admissions@siwan.ac.in,placement@siwan.ac.in,+91-80-176-2604,Electrical Engineering,B.Tech,60,360,1980,Urban,Yes,Yes
1-44638506831,1-44638506831,U-0272,GOVERNMENT ENGINEERING COLLEGE SIWAN,Active,Bihar,Siwan,Siwan,"GOVERNMENT ENGINEERING COLLEGE SIWAN, MAIRWA ROAD, OLD SUTA MILL FACTORY, BHADA KHURD, SIWAN 841226 (BIHAR)",841226,25.080302,85.300053,Government,"BIHAR ENGINEERING UNIVERSITY, PATNA",Approved,Approved,A+,Yes,,Tier 2,http://www.siwan.ac.in,info@siwan.ac.in,admissions@siwan.ac.in,placement@siwan.ac.in,+91-80-176-2604,IoT,B.Tech,60,360,1980,Urban,Yes,Yes
1-44638506831,1-44638506831,U-0272,GOVERNMENT ENGINEERING COLLEGE SIWAN,Active,Bihar,Siwan,Siwan,"GOVERNMENT ENGINEERING COLLEGE SIWAN, MAIRWA ROAD, OLD SUTA MILL FACTORY, BHADA KHURD, SIWAN 841226 (BIHAR)",841226,25.080302,85.300053,Government,"BIHAR ENGINEERING UNIVERSITY, PATNA",Approved,Approved,A+,Yes,,Tier 2,http://www.siwan.ac.in,info@siwan.ac.in,admissions@siwan.ac.in,placement@siwan.ac.in,+91-80-176-2604,Computer Science Engineering (CSE),B.Tech,60,360,1980,Urban,Yes,Yes
1-44638506831,1-44638506831,U-0272,GOVERNMENT ENGINEERING COLLEGE SIWAN,Active,Bihar,Siwan,Siwan,"GOVERNMENT ENGINEERING COLLEGE SIWAN, MAIRWA ROAD, OLD SUTA MILL FACTORY, BHADA KHURD, SIWAN 841226 (BIHAR)",841226,25.080302,85.300053,Government,"BIHAR ENGINEERING UNIVERSITY, PATNA",Approved,Approved,A+,Yes,,Tier 2,http://www.siwan.ac.in,info@siwan.ac.in,admissions@siwan.ac.in,placement@siwan.ac.in,+91-80-176-2604,Other Engineering Branches,B.Tech,60,360,1980,Urban,Yes,Yes
1-44638507842,1-44638507842,U-0698,ARYABHATT POLYTECHNIC,Active,Bihar,Gaya,Gaya,"VILLAGE - HARIHARPUR, POST - AMWAN, P.S. - BODH GAYA, DISTRICT - GAYA",800898,25.076141,85.324318,Private-Self Financing,"State Board of Technical Education, Patna",Approved,Approved,A,No,,Tier 3,http://www.aryabhatt.ac.in,info@aryabhatt.ac.in,admissions@aryabhatt.ac.in,placement@aryabhatt.ac.in,+91-80-001-7351,Civil Engineering,Diploma,120,300,1984,Urban,Yes,Yes
1-44638507842,1-44638507842,U-0698,ARYABHATT POLYTECHNIC,Active,Bihar,Gaya,Gaya,"VILLAGE - HARIHARPUR, POST - AMWAN, P.S. - BODH GAYA, DISTRICT - GAYA",800898,25.076141,85.324318,Private-Self Financing,"State Board of Technical Education, Patna",Approved,Approved,A,No,,Tier 3,http://www.aryabhatt.ac.in,info@aryabhatt.ac.in,admissions@aryabhatt.ac.in,placement@aryabhatt.ac.in,+91-80-001-7351,Mechanical Engineering,Diploma,120,300,1984,Urban,Yes,Yes
1-44638507842,1-44638507842,U-0698,ARYABHATT POLYTECHNIC,Active,Bihar,Gaya,Gaya,"VILLAGE - HARIHARPUR, POST - AMWAN, P.S. - BODH GAYA, DISTRICT - GAYA",800898,25.076141,85.324318,Private-Self Financing,"State Board of Technical Education, Patna",Approved,Approved,A,No,,Tier 3,http://www.aryabhatt.ac.in,info@aryabhatt.ac.in,admissions@aryabhatt.ac.in,placement@aryabhatt.ac.in,+91-80-001-7351,Electrical Engineering,Diploma,60,300,1984,Urban,Yes,Yes
1-44638425424,1-44638425424,U-0698,"BRAJ KISHOR NARAYAN SINGH GOVERNMENT POLYTECHNIC, GOPALGANJ",Active,Bihar,Gopalganj,Gopalganj,"VILL-MANTENGRAHI, PO- MAHARANI, PS- MAHAMMADPUR, VIA- BAIKUNTHPUR, DIST-GOPALGANJ, BIHAR-841409",841409,25.111938,85.322325,Government,"State Board of Technical Education, Patna",Approved,Approved,B,No,,Tier 3,http://www.brajkishornarayan.ac.in,info@brajkishornarayan.ac.in,admissions@brajkishornarayan.ac.in,placement@brajkishornarayan.ac.in,+91-80-503-1483,Civil Engineering,Diploma,120,360,1994,Urban,Yes,Yes
1-44638425424,1-44638425424,U-0698,"BRAJ KISHOR NARAYAN SINGH GOVERNMENT POLYTECHNIC, GOPALGANJ",Active,Bihar,Gopalganj,Gopalganj,"VILL-MANTENGRAHI, PO- MAHARANI, PS- MAHAMMADPUR, VIA- BAIKUNTHPUR, DIST-GOPALGANJ, BIHAR-841409",841409,25.111938,85.322325,Government,"State Board of Technical Education, Patna",Approved,Approved,B,No,,Tier 3,http://www.brajkishornarayan.ac.in,info@brajkishornarayan.ac.in,admissions@brajkishornarayan.ac.in,placement@brajkishornarayan.ac.in,+91-80-503-1483,Mechanical Engineering,Diploma,60,360,1994,Urban,Yes,Yes
1-44638425424,1-44638425424,U-0698,"BRAJ KISHOR NARAYAN SINGH GOVERNMENT POLYTECHNIC, GOPALGANJ",Active,Bihar,Gopalganj,Gopalganj,"VILL-MANTENGRAHI, PO- MAHARANI, PS- MAHAMMADPUR, VIA- BAIKUNTHPUR, DIST-GOPALGANJ, BIHAR-841409",841409,25.111938,85.322325,Government,"State Board of Technical Education, Patna",Approved,Approved,B,No,,Tier 3,http://www.brajkishornarayan.ac.in,info@brajkishornarayan.ac.in,admissions@brajkishornarayan.ac.in,placement@brajkishornarayan.ac.in,+91-80-503-1483,Electrical Engineering,Diploma,60,360,1994,Urban,Yes,Yes
1-44638425424,1-44638425424,U-0698,"BRAJ KISHOR NARAYAN SINGH GOVERNMENT POLYTECHNIC, GOPALGANJ",Active,Bihar,Gopalganj,Gopalganj,"VILL-MANTENGRAHI, PO- MAHARANI, PS- MAHAMMADPUR, VIA- BAIKUNTHPUR, DIST-GOPALGANJ, BIHAR-841409",841409,25.111938,85.322325,Government,"State Board of Technical Education, Patna",Approved,Approved,B,No,,Tier 3,http://www.brajkishornarayan.ac.in,info@brajkishornarayan.ac.in,admissions@brajkishornarayan.ac.in,placement@brajkishornarayan.ac.in,+91-80-503-1483,Other Engineering Branches,Diploma,60,360,1994,Urban,Yes,Yes
1-44638425424,1-44638425424,U-0698,"BRAJ KISHOR NARAYAN SINGH GOVERNMENT POLYTECHNIC, GOPALGANJ",Active,Bihar,Gopalganj,Gopalganj,"VILL-MANTENGRAHI, PO- MAHARANI, PS- MAHAMMADPUR, VIA- BAIKUNTHPUR, DIST-GOPALGANJ, BIHAR-841409",841409,25.111938,85.322325,Government,"State Board of Technical Education, Patna",Approved,Approved,B,No,,Tier 3,http://www.brajkishornarayan.ac.in,info@brajkishornarayan.ac.in,admissions@brajkishornarayan.ac.in,placement@brajkishornarayan.ac.in,+91-80-503-1483,Computer Science Engineering (CSE),Diploma,60,360,1994,Urban,Yes,Yes
1-44638510444,1-44638510444,U-0846,GOVERNMENT ENGINEERING COLLEGE WEST  CHAMPARAN,Active,Bihar,West Champaran,West Champaran,"TEMPORARY CAMPUS MOTIHARI COLLEGE OF ENGINEERING, MOTIHARI,  NH 28A, FURSHATPUR BARIYARPUR, MOTIHARI, BIHAR 845401",845401,25.110684,85.318596,Government,"Bihar Engineering University, Patna",Approved,Approved,B,No,,Tier 3,http://www.westchamparan.ac.in,info@westchamparan.ac.in,admissions@westchamparan.ac.in,placement@westchamparan.ac.in,+91-80-450-5379,Civil Engineering,B.Tech,60,378,1995,Rural,Yes,Yes
1-44638510444,1-44638510444,U-0846,GOVERNMENT ENGINEERING COLLEGE WEST  CHAMPARAN,Active,Bihar,West Champaran,West Champaran,"TEMPORARY CAMPUS MOTIHARI COLLEGE OF ENGINEERING, MOTIHARI,  NH 28A, FURSHATPUR BARIYARPUR, MOTIHARI, BIHAR 845401",845401,25.110684,85.318596,Government,"Bihar Engineering University, Patna",Approved,Approved,B,No,,Tier 3,http://www.westchamparan.ac.in,info@westchamparan.ac.in,admissions@westchamparan.ac.in,placement@westchamparan.ac.in,+91-80-450-5379,Electrical Engineering,B.Tech,60,378,1995,Rural,Yes,Yes
1-44638510444,1-44638510444,U-0846,GOVERNMENT ENGINEERING COLLEGE WEST  CHAMPARAN,Active,Bihar,West Champaran,West Champaran,"TEMPORARY CAMPUS MOTIHARI COLLEGE OF ENGINEERING, MOTIHARI,  NH 28A, FURSHATPUR BARIYARPUR, MOTIHARI, BIHAR 845401",845401,25.110684,85.318596,Government,"Bihar Engineering University, Patna",Approved,Approved,B,No,,Tier 3,http://www.westchamparan.ac.in,info@westchamparan.ac.in,admissions@westchamparan.ac.in,placement@westchamparan.ac.in,+91-80-450-5379,Electronics & Communication Engineering (ECE),B.Tech,60,378,1995,Rural,Yes,Yes
1-44638510444,1-44638510444,U-0846,GOVERNMENT ENGINEERING COLLEGE WEST  CHAMPARAN,Active,Bihar,West Champaran,West Champaran,"TEMPORARY CAMPUS MOTIHARI COLLEGE OF ENGINEERING, MOTIHARI,  NH 28A, FURSHATPUR BARIYARPUR, MOTIHARI, BIHAR 845401",845401,25.110684,85.318596,Government,"Bihar Engineering University, Patna",Approved,Approved,B,No,,Tier 3,http://www.westchamparan.ac.in,info@westchamparan.ac.in,admissions@westchamparan.ac.in,placement@westchamparan.ac.in,+91-80-450-5379,Mechanical Engineering,B.Tech,60,378,1995,Rural,Yes,Yes
1-44638510444,1-44638510444,U-0846,GOVERNMENT ENGINEERING COLLEGE WEST  CHAMPARAN,Active,Bihar,West Champaran,West Champaran,"TEMPORARY CAMPUS MOTIHARI COLLEGE OF ENGINEERING, MOTIHARI,  NH 28A, FURSHATPUR BARIYARPUR, MOTIHARI, BIHAR 845401",845401,25.110684,85.318596,Government,"Bihar Engineering University, Patna",Approved,Approved,B,No,,Tier 3,http://www.westchamparan.ac.in,info@westchamparan.ac.in,admissions@westchamparan.ac.in,placement@westchamparan.ac.in,+91-80-450-5379,Cyber Security,B.Tech,60,378,1995,Rural,Yes,Yes
1-44638510444,1-44638510444,U-0846,GOVERNMENT ENGINEERING COLLEGE WEST  CHAMPARAN,Active,Bihar,West Champaran,West Champaran,"TEMPORARY CAMPUS MOTIHARI COLLEGE OF ENGINEERING, MOTIHARI,  NH 28A, FURSHATPUR BARIYARPUR, MOTIHARI, BIHAR 845401",845401,25.110684,85.318596,Government,"Bihar Engineering University, Patna",Approved,Approved,B,No,,Tier 3,http://www.westchamparan.ac.in,info@westchamparan.ac.in,admissions@westchamparan.ac.in,placement@westchamparan.ac.in,+91-80-450-5379,Computer Science Engineering (CSE),B.Tech,30,378,1995,Rural,Yes,Yes
1-44638510444,1-44638510444,U-0846,GOVERNMENT ENGINEERING COLLEGE WEST  CHAMPARAN,Active,Bihar,West Champaran,West Champaran,"TEMPORARY CAMPUS MOTIHARI COLLEGE OF ENGINEERING, MOTIHARI,  NH 28A, FURSHATPUR BARIYARPUR, MOTIHARI, BIHAR 845401",845401,25.110684,85.318596,Government,"Bihar Engineering University, Patna",Approved,Approved,B,No,,Tier 3,http://www.westchamparan.ac.in,info@westchamparan.ac.in,admissions@westchamparan.ac.in,placement@westchamparan.ac.in,+91-80-450-5379,Other Engineering Branches,B.Tech,30,378,1995,Rural,Yes,Yes
1-44638510444,1-44638510444,U-0846,GOVERNMENT ENGINEERING COLLEGE WEST  CHAMPARAN,Active,Bihar,West Champaran,West Champaran,"TEMPORARY CAMPUS MOTIHARI COLLEGE OF ENGINEERING, MOTIHARI,  NH 28A, FURSHATPUR BARIYARPUR, MOTIHARI, BIHAR 845401",845401,25.110684,85.318596,Government,"Bihar Engineering University, Patna",Approved,Approved,B,No,,Tier 3,http://www.westchamparan.ac.in,info@westchamparan.ac.in,admissions@westchamparan.ac.in,placement@westchamparan.ac.in,+91-80-450-5379,Electronics & Communication Engineering (ECE),M.Tech,18,378,1995,Rural,Yes,Yes
1-44638361027,1-44638361027,U-0272,"B. P. MANDAL COLLEGE OF ENGINEERING, MADHEPURA",Active,Bihar,Madhepura,Madhepura,"B.P. MANDAL COLLEGE OF ENGINEERING, MADHEPURA AT- MAJRAHAT PS- SINGHESHWAR, DIST- MADHEPURA, PIN- 852128, BIHAR",852128,25.080731,85.325879,Government,"BIHAR ENGINEERING UNIVERSITY, PATNA",Approved,Approved,A,No,,Tier 2,http://www.bpmandal.ac.in,info@bpmandal.ac.in,admissions@bpmandal.ac.in,placement@bpmandal.ac.in,+91-80-194-2737,Mechanical Engineering,B.Tech,60,360,1981,Rural,Yes,Yes
1-44638361027,1-44638361027,U-0272,"B. P. MANDAL COLLEGE OF ENGINEERING, MADHEPURA",Active,Bihar,Madhepura,Madhepura,"B.P. MANDAL COLLEGE OF ENGINEERING, MADHEPURA AT- MAJRAHAT PS- SINGHESHWAR, DIST- MADHEPURA, PIN- 852128, BIHAR",852128,25.080731,85.325879,Government,"BIHAR ENGINEERING UNIVERSITY, PATNA",Approved,Approved,A,No,,Tier 2,http://www.bpmandal.ac.in,info@bpmandal.ac.in,admissions@bpmandal.ac.in,placement@bpmandal.ac.in,+91-80-194-2737,Civil Engineering,B.Tech,60,360,1981,Rural,Yes,Yes
1-44638361027,1-44638361027,U-0272,"B. P. MANDAL COLLEGE OF ENGINEERING, MADHEPURA",Active,Bihar,Madhepura,Madhepura,"B.P. MANDAL COLLEGE OF ENGINEERING, MADHEPURA AT- MAJRAHAT PS- SINGHESHWAR, DIST- MADHEPURA, PIN- 852128, BIHAR",852128,25.080731,85.325879,Government,"BIHAR ENGINEERING UNIVERSITY, PATNA",Approved,Approved,A,No,,Tier 2,http://www.bpmandal.ac.in,info@bpmandal.ac.in,admissions@bpmandal.ac.in,placement@bpmandal.ac.in,+91-80-194-2737,Computer Science Engineering (CSE),B.Tech,60,360,1981,Rural,Yes,Yes
1-44638361027,1-44638361027,U-0272,"B. P. MANDAL COLLEGE OF ENGINEERING, MADHEPURA",Active,Bihar,Madhepura,Madhepura,"B.P. MANDAL COLLEGE OF ENGINEERING, MADHEPURA AT- MAJRAHAT PS- SINGHESHWAR, DIST- MADHEPURA, PIN- 852128, BIHAR",852128,25.080731,85.325879,Government,"BIHAR ENGINEERING UNIVERSITY, PATNA",Approved,Approved,A,No,,Tier 2,http://www.bpmandal.ac.in,info@bpmandal.ac.in,admissions@bpmandal.ac.in,placement@bpmandal.ac.in,+91-80-194-2737,Electrical & Electronics Engineering (EEE),B.Tech,60,360,1981,Rural,Yes,Yes
1-44638361027,1-44638361027,U-0272,"B. P. MANDAL COLLEGE OF ENGINEERING, MADHEPURA",Active,Bihar,Madhepura,Madhepura,"B.P. MANDAL COLLEGE OF ENGINEERING, MADHEPURA AT- MAJRAHAT PS- SINGHESHWAR, DIST- MADHEPURA, PIN- 852128, BIHAR",852128,25.080731,85.325879,Government,"BIHAR ENGINEERING UNIVERSITY, PATNA",Approved,Approved,A,No,,Tier 2,http://www.bpmandal.ac.in,info@bpmandal.ac.in,admissions@bpmandal.ac.in,placement@bpmandal.ac.in,+91-80-194-2737,Other Engineering Branches,B.Tech,30,360,1981,Rural,Yes,Yes
1-44638361027,1-44638361027,U-0272,"B. P. MANDAL COLLEGE OF ENGINEERING, MADHEPURA",Active,Bihar,Madhepura,Madhepura,"B.P. MANDAL COLLEGE OF ENGINEERING, MADHEPURA AT- MAJRAHAT PS- SINGHESHWAR, DIST- MADHEPURA, PIN- 852128, BIHAR",852128,25.080731,85.325879,Government,"BIHAR ENGINEERING UNIVERSITY, PATNA",Approved,Approved,A,No,,Tier 2,http://www.bpmandal.ac.in,info@bpmandal.ac.in,admissions@bpmandal.ac.in,placement@bpmandal.ac.in,+91-80-194-2737,Information Technology (IT),B.Tech,30,360,1981,Rural,Yes,Yes
1-44638361027,1-44638361027,U-0272,"B. P. MANDAL COLLEGE OF ENGINEERING, MADHEPURA",Active,Bihar,Madhepura,Madhepura,"B.P. MANDAL COLLEGE OF ENGINEERING, MADHEPURA AT- MAJRAHAT PS- SINGHESHWAR, DIST- MADHEPURA, PIN- 852128, BIHAR",852128,25.080731,85.325879,Government,"BIHAR ENGINEERING UNIVERSITY, PATNA",Approved,Approved,A,No,,Tier 2,http://www.bpmandal.ac.in,info@bpmandal.ac.in,admissions@bpmandal.ac.in,placement@bpmandal.ac.in,+91-80-194-2737,Artificial Intelligence & Machine Learning (AI & ML),B.Tech,60,360,1981,Rural,Yes,Yes
1-44638376795,1-44638376795,U-0057,GOVERNMENT ENGINEERING COLLEGE MUNGER,Active,Bihar,Munger,Munger,"GOVERNMENT ENGINEERING COLLEGE MUNGER, CHURAMBA ROAD, SAJAWALPUR, MUNGER, BIHAR 811201",811201,25.096183,85.323551,Government,Bihar Engineering University Patna,Approved,Approved,B++,Yes,,Tier 3,http://www.munger.ac.in,info@munger.ac.in,admissions@munger.ac.in,placement@munger.ac.in,+91-80-842-3362,Civil Engineering,B.Tech,120,360,2015,Rural,Yes,Yes
1-44638376795,1-44638376795,U-0057,GOVERNMENT ENGINEERING COLLEGE MUNGER,Active,Bihar,Munger,Munger,"GOVERNMENT ENGINEERING COLLEGE MUNGER, CHURAMBA ROAD, SAJAWALPUR, MUNGER, BIHAR 811201",811201,25.096183,85.323551,Government,Bihar Engineering University Patna,Approved,Approved,B++,Yes,,Tier 3,http://www.munger.ac.in,info@munger.ac.in,admissions@munger.ac.in,placement@munger.ac.in,+91-80-842-3362,Mechanical Engineering,B.Tech,60,360,2015,Rural,Yes,Yes
1-44638376795,1-44638376795,U-0057,GOVERNMENT ENGINEERING COLLEGE MUNGER,Active,Bihar,Munger,Munger,"GOVERNMENT ENGINEERING COLLEGE MUNGER, CHURAMBA ROAD, SAJAWALPUR, MUNGER, BIHAR 811201",811201,25.096183,85.323551,Government,Bihar Engineering University Patna,Approved,Approved,B++,Yes,,Tier 3,http://www.munger.ac.in,info@munger.ac.in,admissions@munger.ac.in,placement@munger.ac.in,+91-80-842-3362,Electrical Engineering,B.Tech,60,360,2015,Rural,Yes,Yes
1-44638376795,1-44638376795,U-0057,GOVERNMENT ENGINEERING COLLEGE MUNGER,Active,Bihar,Munger,Munger,"GOVERNMENT ENGINEERING COLLEGE MUNGER, CHURAMBA ROAD, SAJAWALPUR, MUNGER, BIHAR 811201",811201,25.096183,85.323551,Government,Bihar Engineering University Patna,Approved,Approved,B++,Yes,,Tier 3,http://www.munger.ac.in,info@munger.ac.in,admissions@munger.ac.in,placement@munger.ac.in,+91-80-842-3362,Computer Science Engineering (CSE),B.Tech,60,360,2015,Rural,Yes,Yes
1-44638376795,1-44638376795,U-0057,GOVERNMENT ENGINEERING COLLEGE MUNGER,Active,Bihar,Munger,Munger,"GOVERNMENT ENGINEERING COLLEGE MUNGER, CHURAMBA ROAD, SAJAWALPUR, MUNGER, BIHAR 811201",811201,25.096183,85.323551,Government,Bihar Engineering University Patna,Approved,Approved,B++,Yes,,Tier 3,http://www.munger.ac.in,info@munger.ac.in,admissions@munger.ac.in,placement@munger.ac.in,+91-80-842-3362,Data Science,B.Tech,60,360,2015,Rural,Yes,Yes
1-44638377325,1-44638377325,U-0440,GOVERNMENT ENGINEERING COLLEGE ARWAL,Active,Bihar,Gaya,Gaya,"GOVERNMENT ENGINEERING COLLEGE ARWAL, PATNA AURANGABAD ROAD, AT MEHANDIA MARKET, KOYAL BHUPAT ROAD AT SHIVPUR VILLAGE, PO- USARI, PS- MEHANDIA, BLOCK - KALER, ARWAL, BIHAR-804428",804428,25.106763,85.328053,Government,Bihar Engineering University,Approved,Approved,B,No,,Tier 3,http://www.arwal.ac.in,info@arwal.ac.in,admissions@arwal.ac.in,placement@arwal.ac.in,+91-80-286-1151,Civil Engineering,B.Tech,60,360,1980,Rural,Yes,Yes
1-44638377325,1-44638377325,U-0440,GOVERNMENT ENGINEERING COLLEGE ARWAL,Active,Bihar,Gaya,Gaya,"GOVERNMENT ENGINEERING COLLEGE ARWAL, PATNA AURANGABAD ROAD, AT MEHANDIA MARKET, KOYAL BHUPAT ROAD AT SHIVPUR VILLAGE, PO- USARI, PS- MEHANDIA, BLOCK - KALER, ARWAL, BIHAR-804428",804428,25.106763,85.328053,Government,Bihar Engineering University,Approved,Approved,B,No,,Tier 3,http://www.arwal.ac.in,info@arwal.ac.in,admissions@arwal.ac.in,placement@arwal.ac.in,+91-80-286-1151,Mechanical Engineering,B.Tech,30,360,1980,Rural,Yes,Yes
1-44638377325,1-44638377325,U-0440,GOVERNMENT ENGINEERING COLLEGE ARWAL,Active,Bihar,Gaya,Gaya,"GOVERNMENT ENGINEERING COLLEGE ARWAL, PATNA AURANGABAD ROAD, AT MEHANDIA MARKET, KOYAL BHUPAT ROAD AT SHIVPUR VILLAGE, PO- USARI, PS- MEHANDIA, BLOCK - KALER, ARWAL, BIHAR-804428",804428,25.106763,85.328053,Government,Bihar Engineering University,Approved,Approved,B,No,,Tier 3,http://www.arwal.ac.in,info@arwal.ac.in,admissions@arwal.ac.in,placement@arwal.ac.in,+91-80-286-1151,Electrical Engineering,B.Tech,120,360,1980,Rural,Yes,Yes
1-44638377325,1-44638377325,U-0440,GOVERNMENT ENGINEERING COLLEGE ARWAL,Active,Bihar,Gaya,Gaya,"GOVERNMENT ENGINEERING COLLEGE ARWAL, PATNA AURANGABAD ROAD, AT MEHANDIA MARKET, KOYAL BHUPAT ROAD AT SHIVPUR VILLAGE, PO- USARI, PS- MEHANDIA, BLOCK - KALER, ARWAL, BIHAR-804428",804428,25.106763,85.328053,Government,Bihar Engineering University,Approved,Approved,B,No,,Tier 3,http://www.arwal.ac.in,info@arwal.ac.in,admissions@arwal.ac.in,placement@arwal.ac.in,+91-80-286-1151,Data Science,B.Tech,60,360,1980,Rural,Yes,Yes
1-44638377325,1-44638377325,U-0440,GOVERNMENT ENGINEERING COLLEGE ARWAL,Active,Bihar,Gaya,Gaya,"GOVERNMENT ENGINEERING COLLEGE ARWAL, PATNA AURANGABAD ROAD, AT MEHANDIA MARKET, KOYAL BHUPAT ROAD AT SHIVPUR VILLAGE, PO- USARI, PS- MEHANDIA, BLOCK - KALER, ARWAL, BIHAR-804428",804428,25.106763,85.328053,Government,Bihar Engineering University,Approved,Approved,B,No,,Tier 3,http://www.arwal.ac.in,info@arwal.ac.in,admissions@arwal.ac.in,placement@arwal.ac.in,+91-80-286-1151,Computer Science Engineering (CSE),B.Tech,60,360,1980,Rural,Yes,Yes
1-44638377325,1-44638377325,U-0440,GOVERNMENT ENGINEERING COLLEGE ARWAL,Active,Bihar,Gaya,Gaya,"GOVERNMENT ENGINEERING COLLEGE ARWAL, PATNA AURANGABAD ROAD, AT MEHANDIA MARKET, KOYAL BHUPAT ROAD AT SHIVPUR VILLAGE, PO- USARI, PS- MEHANDIA, BLOCK - KALER, ARWAL, BIHAR-804428",804428,25.106763,85.328053,Government,Bihar Engineering University,Approved,Approved,B,No,,Tier 3,http://www.arwal.ac.in,info@arwal.ac.in,admissions@arwal.ac.in,placement@arwal.ac.in,+91-80-286-1151,Robotics,B.Tech,30,360,1980,Rural,Yes,Yes
1-44638516685,1-44638516685,U-0698,GOVERNMENT POLYTECHNIC NAWADA,Active,Bihar,Nawada,Nawada,"AT- KHANWAN P.S.- NARHAT, NAWADA",800784,25.115006,85.312146,Government,"State Board of Technical Education, Patna",Approved,Approved,A,No,,Tier 2,http://www.nawada.ac.in,info@nawada.ac.in,admissions@nawada.ac.in,placement@nawada.ac.in,+91-80-631-8073,Civil Engineering,Diploma,90,360,2007,Rural,No,Yes
1-44638516685,1-44638516685,U-0698,GOVERNMENT POLYTECHNIC NAWADA,Active,Bihar,Nawada,Nawada,"AT- KHANWAN P.S.- NARHAT, NAWADA",800784,25.115006,85.312146,Government,"State Board of Technical Education, Patna",Approved,Approved,A,No,,Tier 2,http://www.nawada.ac.in,info@nawada.ac.in,admissions@nawada.ac.in,placement@nawada.ac.in,+91-80-631-8073,Mechanical Engineering,Diploma,60,360,2007,Rural,No,Yes
1-44638516685,1-44638516685,U-0698,GOVERNMENT POLYTECHNIC NAWADA,Active,Bihar,Nawada,Nawada,"AT- KHANWAN P.S.- NARHAT, NAWADA",800784,25.115006,85.312146,Government,"State Board of Technical Education, Patna",Approved,Approved,A,No,,Tier 2,http://www.nawada.ac.in,info@nawada.ac.in,admissions@nawada.ac.in,placement@nawada.ac.in,+91-80-631-8073,Electrical Engineering,Diploma,60,360,2007,Rural,No,Yes
1-44638516685,1-44638516685,U-0698,GOVERNMENT POLYTECHNIC NAWADA,Active,Bihar,Nawada,Nawada,"AT- KHANWAN P.S.- NARHAT, NAWADA",800784,25.115006,85.312146,Government,"State Board of Technical Education, Patna",Approved,Approved,A,No,,Tier 2,http://www.nawada.ac.in,info@nawada.ac.in,admissions@nawada.ac.in,placement@nawada.ac.in,+91-80-631-8073,Other Engineering Branches,Diploma,60,360,2007,Rural,No,Yes
1-44638516685,1-44638516685,U-0698,GOVERNMENT POLYTECHNIC NAWADA,Active,Bihar,Nawada,Nawada,"AT- KHANWAN P.S.- NARHAT, NAWADA",800784,25.115006,85.312146,Government,"State Board of Technical Education, Patna",Approved,Approved,A,No,,Tier 2,http://www.nawada.ac.in,info@nawada.ac.in,admissions@nawada.ac.in,placement@nawada.ac.in,+91-80-631-8073,Mining Engineering,Diploma,60,360,2007,Rural,No,Yes
1-44638516685,1-44638516685,U-0698,GOVERNMENT POLYTECHNIC NAWADA,Active,Bihar,Nawada,Nawada,"AT- KHANWAN P.S.- NARHAT, NAWADA",800784,25.115006,85.312146,Government,"State Board of Technical Education, Patna",Approved,Approved,A,No,,Tier 2,http://www.nawada.ac.in,info@nawada.ac.in,admissions@nawada.ac.in,placement@nawada.ac.in,+91-80-631-8073,Computer Science Engineering (CSE),Diploma,30,360,2007,Rural,No,Yes
1-44638379083,1-44638379083,U-0831,BAKHTIYARPUR COLLEGE OF ENGINEERING,Active,Bihar,Patna,Patna,"BAKHTIYARPUR COLLEGE OF ENGINEERING, AT- CHAMPAPUR, DEDAUR, PO+PS- BAKHTIYARPUR, DISTRICT- PATNA, PIN - 803212",803212,25.580589,85.144289,Government,BIHAR ENGINEERING UNIVERSITY PATNA,Approved,Approved,B++,Yes,,Tier 3,http://www.bakhtiyarpur.ac.in,info@bakhtiyarpur.ac.in,admissions@bakhtiyarpur.ac.in,placement@bakhtiyarpur.ac.in,+91-80-272-1706,Electrical & Electronics Engineering (EEE),B.Tech,60,360,1999,Rural,Yes,Yes
1-44638379083,1-44638379083,U-0831,BAKHTIYARPUR COLLEGE OF ENGINEERING,Active,Bihar,Patna,Patna,"BAKHTIYARPUR COLLEGE OF ENGINEERING, AT- CHAMPAPUR, DEDAUR, PO+PS- BAKHTIYARPUR, DISTRICT- PATNA, PIN - 803212",803212,25.580589,85.144289,Government,BIHAR ENGINEERING UNIVERSITY PATNA,Approved,Approved,B++,Yes,,Tier 3,http://www.bakhtiyarpur.ac.in,info@bakhtiyarpur.ac.in,admissions@bakhtiyarpur.ac.in,placement@bakhtiyarpur.ac.in,+91-80-272-1706,Mechanical Engineering,B.Tech,60,360,1999,Rural,Yes,Yes
1-44638379083,1-44638379083,U-0831,BAKHTIYARPUR COLLEGE OF ENGINEERING,Active,Bihar,Patna,Patna,"BAKHTIYARPUR COLLEGE OF ENGINEERING, AT- CHAMPAPUR, DEDAUR, PO+PS- BAKHTIYARPUR, DISTRICT- PATNA, PIN - 803212",803212,25.580589,85.144289,Government,BIHAR ENGINEERING UNIVERSITY PATNA,Approved,Approved,B++,Yes,,Tier 3,http://www.bakhtiyarpur.ac.in,info@bakhtiyarpur.ac.in,admissions@bakhtiyarpur.ac.in,placement@bakhtiyarpur.ac.in,+91-80-272-1706,Civil Engineering,B.Tech,90,360,1999,Rural,Yes,Yes
1-44638379083,1-44638379083,U-0831,BAKHTIYARPUR COLLEGE OF ENGINEERING,Active,Bihar,Patna,Patna,"BAKHTIYARPUR COLLEGE OF ENGINEERING, AT- CHAMPAPUR, DEDAUR, PO+PS- BAKHTIYARPUR, DISTRICT- PATNA, PIN - 803212",803212,25.580589,85.144289,Government,BIHAR ENGINEERING UNIVERSITY PATNA,Approved,Approved,B++,Yes,,Tier 3,http://www.bakhtiyarpur.ac.in,info@bakhtiyarpur.ac.in,admissions@bakhtiyarpur.ac.in,placement@bakhtiyarpur.ac.in,+91-80-272-1706,Computer Science Engineering (CSE),B.Tech,60,360,1999,Rural,Yes,Yes
1-44638379083,1-44638379083,U-0831,BAKHTIYARPUR COLLEGE OF ENGINEERING,Active,Bihar,Patna,Patna,"BAKHTIYARPUR COLLEGE OF ENGINEERING, AT- CHAMPAPUR, DEDAUR, PO+PS- BAKHTIYARPUR, DISTRICT- PATNA, PIN - 803212",803212,25.580589,85.144289,Government,BIHAR ENGINEERING UNIVERSITY PATNA,Approved,Approved,B++,Yes,,Tier 3,http://www.bakhtiyarpur.ac.in,info@bakhtiyarpur.ac.in,admissions@bakhtiyarpur.ac.in,placement@bakhtiyarpur.ac.in,+91-80-272-1706,Other Engineering Branches,B.Tech,30,360,1999,Rural,Yes,Yes
1-44638379083,1-44638379083,U-0831,BAKHTIYARPUR COLLEGE OF ENGINEERING,Active,Bihar,Patna,Patna,"BAKHTIYARPUR COLLEGE OF ENGINEERING, AT- CHAMPAPUR, DEDAUR, PO+PS- BAKHTIYARPUR, DISTRICT- PATNA, PIN - 803212",803212,25.580589,85.144289,Government,BIHAR ENGINEERING UNIVERSITY PATNA,Approved,Approved,B++,Yes,,Tier 3,http://www.bakhtiyarpur.ac.in,info@bakhtiyarpur.ac.in,admissions@bakhtiyarpur.ac.in,placement@bakhtiyarpur.ac.in,+91-80-272-1706,IoT,B.Tech,60,360,1999,Rural,Yes,Yes
1-44638494709,1-44638494709,U-0698,"KAMESHWAR NARAYAN SINGH GOVERNMENT POLYTECHNIC, SAMASTIPUR",Active,Bihar,Samastipur,Samastipur,"KISHANPUR TABHKA, SAMASTIPUR",800822,25.095958,85.330616,Government,"State Board of Technical Education, Patna",Approved,Approved,A+,Yes,,Tier 2,http://www.kameshwarnarayansingh.ac.in,info@kameshwarnarayansingh.ac.in,admissions@kameshwarnarayansingh.ac.in,placement@kameshwarnarayansingh.ac.in,+91-80-832-9200,Mechanical Engineering,Diploma,60,360,1992,Urban,Yes,Yes
1-44638494709,1-44638494709,U-0698,"KAMESHWAR NARAYAN SINGH GOVERNMENT POLYTECHNIC, SAMASTIPUR",Active,Bihar,Samastipur,Samastipur,"KISHANPUR TABHKA, SAMASTIPUR",800822,25.095958,85.330616,Government,"State Board of Technical Education, Patna",Approved,Approved,A+,Yes,,Tier 2,http://www.kameshwarnarayansingh.ac.in,info@kameshwarnarayansingh.ac.in,admissions@kameshwarnarayansingh.ac.in,placement@kameshwarnarayansingh.ac.in,+91-80-832-9200,Electrical Engineering,Diploma,60,360,1992,Urban,Yes,Yes
1-44638494709,1-44638494709,U-0698,"KAMESHWAR NARAYAN SINGH GOVERNMENT POLYTECHNIC, SAMASTIPUR",Active,Bihar,Samastipur,Samastipur,"KISHANPUR TABHKA, SAMASTIPUR",800822,25.095958,85.330616,Government,"State Board of Technical Education, Patna",Approved,Approved,A+,Yes,,Tier 2,http://www.kameshwarnarayansingh.ac.in,info@kameshwarnarayansingh.ac.in,admissions@kameshwarnarayansingh.ac.in,placement@kameshwarnarayansingh.ac.in,+91-80-832-9200,Other Engineering Branches,Diploma,60,360,1992,Urban,Yes,Yes
1-44638494709,1-44638494709,U-0698,"KAMESHWAR NARAYAN SINGH GOVERNMENT POLYTECHNIC, SAMASTIPUR",Active,Bihar,Samastipur,Samastipur,"KISHANPUR TABHKA, SAMASTIPUR",800822,25.095958,85.330616,Government,"State Board of Technical Education, Patna",Approved,Approved,A+,Yes,,Tier 2,http://www.kameshwarnarayansingh.ac.in,info@kameshwarnarayansingh.ac.in,admissions@kameshwarnarayansingh.ac.in,placement@kameshwarnarayansingh.ac.in,+91-80-832-9200,Civil Engineering,Diploma,120,360,1992,Urban,Yes,Yes
1-44638494709,1-44638494709,U-0698,"KAMESHWAR NARAYAN SINGH GOVERNMENT POLYTECHNIC, SAMASTIPUR",Active,Bihar,Samastipur,Samastipur,"KISHANPUR TABHKA, SAMASTIPUR",800822,25.095958,85.330616,Government,"State Board of Technical Education, Patna",Approved,Approved,A+,Yes,,Tier 2,http://www.kameshwarnarayansingh.ac.in,info@kameshwarnarayansingh.ac.in,admissions@kameshwarnarayansingh.ac.in,placement@kameshwarnarayansingh.ac.in,+91-80-832-9200,Computer Science Engineering (CSE),Diploma,60,360,1992,Urban,Yes,Yes
1-44638442596,1-44638442596,U-0698,"GOVERNMENT POLYTECHNIC, MADHEPURA",Active,Bihar,Supaul,Supaul,"AT- DHURIA KALASAN, P.O.- DHURIA KALASAN, ANCHAL- CHOUSA, DIST- MADHEPURA, PIN- 852213",852213,25.100563,85.325668,Government,"State Board of Technical Education, Patna",Approved,Approved,A+,Yes,,Tier 2,http://www.madhepura.ac.in,info@madhepura.ac.in,admissions@madhepura.ac.in,placement@madhepura.ac.in,+91-80-026-0688,Civil Engineering,Diploma,120,360,1991,Urban,Yes,Yes
1-44638442596,1-44638442596,U-0698,"GOVERNMENT POLYTECHNIC, MADHEPURA",Active,Bihar,Supaul,Supaul,"AT- DHURIA KALASAN, P.O.- DHURIA KALASAN, ANCHAL- CHOUSA, DIST- MADHEPURA, PIN- 852213",852213,25.100563,85.325668,Government,"State Board of Technical Education, Patna",Approved,Approved,A+,Yes,,Tier 2,http://www.madhepura.ac.in,info@madhepura.ac.in,admissions@madhepura.ac.in,placement@madhepura.ac.in,+91-80-026-0688,Electrical Engineering,Diploma,60,360,1991,Urban,Yes,Yes
1-44638442596,1-44638442596,U-0698,"GOVERNMENT POLYTECHNIC, MADHEPURA",Active,Bihar,Supaul,Supaul,"AT- DHURIA KALASAN, P.O.- DHURIA KALASAN, ANCHAL- CHOUSA, DIST- MADHEPURA, PIN- 852213",852213,25.100563,85.325668,Government,"State Board of Technical Education, Patna",Approved,Approved,A+,Yes,,Tier 2,http://www.madhepura.ac.in,info@madhepura.ac.in,admissions@madhepura.ac.in,placement@madhepura.ac.in,+91-80-026-0688,Other Engineering Branches,Diploma,60,360,1991,Urban,Yes,Yes
1-44638442596,1-44638442596,U-0698,"GOVERNMENT POLYTECHNIC, MADHEPURA",Active,Bihar,Supaul,Supaul,"AT- DHURIA KALASAN, P.O.- DHURIA KALASAN, ANCHAL- CHOUSA, DIST- MADHEPURA, PIN- 852213",852213,25.100563,85.325668,Government,"State Board of Technical Education, Patna",Approved,Approved,A+,Yes,,Tier 2,http://www.madhepura.ac.in,info@madhepura.ac.in,admissions@madhepura.ac.in,placement@madhepura.ac.in,+91-80-026-0688,Mechanical Engineering,Diploma,60,360,1991,Urban,Yes,Yes
1-44638442596,1-44638442596,U-0698,"GOVERNMENT POLYTECHNIC, MADHEPURA",Active,Bihar,Supaul,Supaul,"AT- DHURIA KALASAN, P.O.- DHURIA KALASAN, ANCHAL- CHOUSA, DIST- MADHEPURA, PIN- 852213",852213,25.100563,85.325668,Government,"State Board of Technical Education, Patna",Approved,Approved,A+,Yes,,Tier 2,http://www.madhepura.ac.in,info@madhepura.ac.in,admissions@madhepura.ac.in,placement@madhepura.ac.in,+91-80-026-0688,Computer Science Engineering (CSE),Diploma,60,360,1991,Urban,Yes,Yes
1-44638443076,1-44638443076,U-0294,GIRIJA DEVI POLYTECHNIC COLLEGE,Active,Bihar,Bhojpur,Bhojpur,"PLOT NO-A-4(P) & A-5(P) INDUSTRIAL AREA, DISTRICT- BHOJPUR, BIHIYA, BIHAR- 802152",802152,25.108038,85.330588,Private-Self Financing,Directorate of Technical Education,Approved,Approved,Not Accredited,No,,Tier 3,http://www.girijadevi.ac.in,info@girijadevi.ac.in,admissions@girijadevi.ac.in,placement@girijadevi.ac.in,+91-80-339-5695,Mechanical Engineering,Diploma,120,300,1982,Urban,No,Yes
1-44638443076,1-44638443076,U-0294,GIRIJA DEVI POLYTECHNIC COLLEGE,Active,Bihar,Bhojpur,Bhojpur,"PLOT NO-A-4(P) & A-5(P) INDUSTRIAL AREA, DISTRICT- BHOJPUR, BIHIYA, BIHAR- 802152",802152,25.108038,85.330588,Private-Self Financing,Directorate of Technical Education,Approved,Approved,Not Accredited,No,,Tier 3,http://www.girijadevi.ac.in,info@girijadevi.ac.in,admissions@girijadevi.ac.in,placement@girijadevi.ac.in,+91-80-339-5695,Civil Engineering,Diploma,60,300,1982,Urban,No,Yes
1-44638443076,1-44638443076,U-0294,GIRIJA DEVI POLYTECHNIC COLLEGE,Active,Bihar,Bhojpur,Bhojpur,"PLOT NO-A-4(P) & A-5(P) INDUSTRIAL AREA, DISTRICT- BHOJPUR, BIHIYA, BIHAR- 802152",802152,25.108038,85.330588,Private-Self Financing,Directorate of Technical Education,Approved,Approved,Not Accredited,No,,Tier 3,http://www.girijadevi.ac.in,info@girijadevi.ac.in,admissions@girijadevi.ac.in,placement@girijadevi.ac.in,+91-80-339-5695,Electrical Engineering,Diploma,60,300,1982,Urban,No,Yes
1-44638443076,1-44638443076,U-0294,GIRIJA DEVI POLYTECHNIC COLLEGE,Active,Bihar,Bhojpur,Bhojpur,"PLOT NO-A-4(P) & A-5(P) INDUSTRIAL AREA, DISTRICT- BHOJPUR, BIHIYA, BIHAR- 802152",802152,25.108038,85.330588,Private-Self Financing,Directorate of Technical Education,Approved,Approved,Not Accredited,No,,Tier 3,http://www.girijadevi.ac.in,info@girijadevi.ac.in,admissions@girijadevi.ac.in,placement@girijadevi.ac.in,+91-80-339-5695,Computer Science Engineering (CSE),Diploma,60,300,1982,Urban,No,Yes
1-44638499386,1-44638499386,U-0698,GOVERNMENT POLYTECHNIC KHAGARIA,Active,Bihar,Katihar,Katihar,"GOVERNMENT POLYTECHNIC KHAGARIA, AT- MAHADDIPUR, PASRAHA, KHAGARIA, BIHAR, 851212",851212,25.078963,85.319333,Government,"State Board of Technical Education, Patna",Approved,Approved,B,No,,Tier 3,http://www.khagaria.ac.in,info@khagaria.ac.in,admissions@khagaria.ac.in,placement@khagaria.ac.in,+91-80-120-1063,Civil Engineering,Diploma,120,360,2015,Urban,No,Yes
1-44638499386,1-44638499386,U-0698,GOVERNMENT POLYTECHNIC KHAGARIA,Active,Bihar,Katihar,Katihar,"GOVERNMENT POLYTECHNIC KHAGARIA, AT- MAHADDIPUR, PASRAHA, KHAGARIA, BIHAR, 851212",851212,25.078963,85.319333,Government,"State Board of Technical Education, Patna",Approved,Approved,B,No,,Tier 3,http://www.khagaria.ac.in,info@khagaria.ac.in,admissions@khagaria.ac.in,placement@khagaria.ac.in,+91-80-120-1063,Mechanical Engineering,Diploma,60,360,2015,Urban,No,Yes
1-44638499386,1-44638499386,U-0698,GOVERNMENT POLYTECHNIC KHAGARIA,Active,Bihar,Katihar,Katihar,"GOVERNMENT POLYTECHNIC KHAGARIA, AT- MAHADDIPUR, PASRAHA, KHAGARIA, BIHAR, 851212",851212,25.078963,85.319333,Government,"State Board of Technical Education, Patna",Approved,Approved,B,No,,Tier 3,http://www.khagaria.ac.in,info@khagaria.ac.in,admissions@khagaria.ac.in,placement@khagaria.ac.in,+91-80-120-1063,Electrical Engineering,Diploma,60,360,2015,Urban,No,Yes
1-44638499386,1-44638499386,U-0698,GOVERNMENT POLYTECHNIC KHAGARIA,Active,Bihar,Katihar,Katihar,"GOVERNMENT POLYTECHNIC KHAGARIA, AT- MAHADDIPUR, PASRAHA, KHAGARIA, BIHAR, 851212",851212,25.078963,85.319333,Government,"State Board of Technical Education, Patna",Approved,Approved,B,No,,Tier 3,http://www.khagaria.ac.in,info@khagaria.ac.in,admissions@khagaria.ac.in,placement@khagaria.ac.in,+91-80-120-1063,Other Engineering Branches,Diploma,60,360,2015,Urban,No,Yes
1-44638499386,1-44638499386,U-0698,GOVERNMENT POLYTECHNIC KHAGARIA,Active,Bihar,Katihar,Katihar,"GOVERNMENT POLYTECHNIC KHAGARIA, AT- MAHADDIPUR, PASRAHA, KHAGARIA, BIHAR, 851212",851212,25.078963,85.319333,Government,"State Board of Technical Education, Patna",Approved,Approved,B,No,,Tier 3,http://www.khagaria.ac.in,info@khagaria.ac.in,admissions@khagaria.ac.in,placement@khagaria.ac.in,+91-80-120-1063,Computer Science Engineering (CSE),Diploma,60,360,2015,Urban,No,Yes
1-44638527070,1-44638527070,U-0846,MILLIA KISHANGANJ COLLEGE OF ENGINEERING & TECHNOLOGY,Active,Bihar,Kishanganj,Kishanganj,VERIADANGI,800188,25.108932,85.300211,Private-Self Financing,"Bihar Engineering University, Patna",Approved,Approved,B+,No,,Tier 3,http://www.milliakishanganj.ac.in,info@milliakishanganj.ac.in,admissions@milliakishanganj.ac.in,placement@milliakishanganj.ac.in,+91-80-377-0541,Electrical Engineering,B.Tech,60,300,1987,Rural,No,No
1-44638527070,1-44638527070,U-0846,MILLIA KISHANGANJ COLLEGE OF ENGINEERING & TECHNOLOGY,Active,Bihar,Kishanganj,Kishanganj,VERIADANGI,800188,25.108932,85.300211,Private-Self Financing,"Bihar Engineering University, Patna",Approved,Approved,B+,No,,Tier 3,http://www.milliakishanganj.ac.in,info@milliakishanganj.ac.in,admissions@milliakishanganj.ac.in,placement@milliakishanganj.ac.in,+91-80-377-0541,Civil Engineering,B.Tech,60,300,1987,Rural,No,No
1-44638527070,1-44638527070,U-0846,MILLIA KISHANGANJ COLLEGE OF ENGINEERING & TECHNOLOGY,Active,Bihar,Kishanganj,Kishanganj,VERIADANGI,800188,25.108932,85.300211,Private-Self Financing,"Bihar Engineering University, Patna",Approved,Approved,B+,No,,Tier 3,http://www.milliakishanganj.ac.in,info@milliakishanganj.ac.in,admissions@milliakishanganj.ac.in,placement@milliakishanganj.ac.in,+91-80-377-0541,Mechanical Engineering,B.Tech,60,300,1987,Rural,No,No
1-44638527070,1-44638527070,U-0846,MILLIA KISHANGANJ COLLEGE OF ENGINEERING & TECHNOLOGY,Active,Bihar,Kishanganj,Kishanganj,VERIADANGI,800188,25.108932,85.300211,Private-Self Financing,"Bihar Engineering University, Patna",Approved,Approved,B+,No,,Tier 3,http://www.milliakishanganj.ac.in,info@milliakishanganj.ac.in,admissions@milliakishanganj.ac.in,placement@milliakishanganj.ac.in,+91-80-377-0541,Computer Science Engineering (CSE),B.Tech,60,300,1987,Rural,No,No
1-44638527070,1-44638527070,U-0846,MILLIA KISHANGANJ COLLEGE OF ENGINEERING & TECHNOLOGY,Active,Bihar,Kishanganj,Kishanganj,VERIADANGI,800188,25.108932,85.300211,Private-Self Financing,"Bihar Engineering University, Patna",Approved,Approved,B+,No,,Tier 3,http://www.milliakishanganj.ac.in,info@milliakishanganj.ac.in,admissions@milliakishanganj.ac.in,placement@milliakishanganj.ac.in,+91-80-377-0541,Electronics & Communication Engineering (ECE),B.Tech,60,300,1987,Rural,No,No
1-44638372869,1-44638372869,U-0698,GOVERNMENT POLYTECHNIC OF TEXTILE TECHNOLOGY,Active,Bihar,Bhagalpur,Bhagalpur,"LOWER NATHNAGAR,LALMATIA CHOWK ,NATHNAGAR, BHAGALPUR",800675,25.080709,85.327655,Government,"State Board of Technical Education, Patna",Approved,Approved,A,No,,Tier 2,http://www.textile.ac.in,info@textile.ac.in,admissions@textile.ac.in,placement@textile.ac.in,+91-80-193-3277,Other Engineering Branches,Diploma,240,300,2021,Urban,Yes,Yes
1-44638372869,1-44638372869,U-0698,GOVERNMENT POLYTECHNIC OF TEXTILE TECHNOLOGY,Active,Bihar,Bhagalpur,Bhagalpur,"LOWER NATHNAGAR,LALMATIA CHOWK ,NATHNAGAR, BHAGALPUR",800675,25.080709,85.327655,Government,"State Board of Technical Education, Patna",Approved,Approved,A,No,,Tier 2,http://www.textile.ac.in,info@textile.ac.in,admissions@textile.ac.in,placement@textile.ac.in,+91-80-193-3277,Civil Engineering,Diploma,60,300,2021,Urban,Yes,Yes
1-44638459278,1-44638459278,U-0698,GOVERNMENT POLYTECHNIC BHOJPUR,Active,Bihar,Patna,Patna,"GOVERNMENT POLYTECHNIC BHOJPUR ,KAKILA, JAGDISHPUR, BHOJPUR, BIHAR, PIN-802158",802158,25.600132,85.12804,Government,"State Board of Technical Education, Patna",Approved,Approved,B++,Yes,,Tier 3,http://www.bhojpur.ac.in,info@bhojpur.ac.in,admissions@bhojpur.ac.in,placement@bhojpur.ac.in,+91-80-091-8466,Civil Engineering,Diploma,120,360,2022,Urban,Yes,Yes
1-44638459278,1-44638459278,U-0698,GOVERNMENT POLYTECHNIC BHOJPUR,Active,Bihar,Patna,Patna,"GOVERNMENT POLYTECHNIC BHOJPUR ,KAKILA, JAGDISHPUR, BHOJPUR, BIHAR, PIN-802158",802158,25.600132,85.12804,Government,"State Board of Technical Education, Patna",Approved,Approved,B++,Yes,,Tier 3,http://www.bhojpur.ac.in,info@bhojpur.ac.in,admissions@bhojpur.ac.in,placement@bhojpur.ac.in,+91-80-091-8466,Mechanical Engineering,Diploma,60,360,2022,Urban,Yes,Yes
1-44638459278,1-44638459278,U-0698,GOVERNMENT POLYTECHNIC BHOJPUR,Active,Bihar,Patna,Patna,"GOVERNMENT POLYTECHNIC BHOJPUR ,KAKILA, JAGDISHPUR, BHOJPUR, BIHAR, PIN-802158",802158,25.600132,85.12804,Government,"State Board of Technical Education, Patna",Approved,Approved,B++,Yes,,Tier 3,http://www.bhojpur.ac.in,info@bhojpur.ac.in,admissions@bhojpur.ac.in,placement@bhojpur.ac.in,+91-80-091-8466,Electrical Engineering,Diploma,60,360,2022,Urban,Yes,Yes
1-44638459278,1-44638459278,U-0698,GOVERNMENT POLYTECHNIC BHOJPUR,Active,Bihar,Patna,Patna,"GOVERNMENT POLYTECHNIC BHOJPUR ,KAKILA, JAGDISHPUR, BHOJPUR, BIHAR, PIN-802158",802158,25.600132,85.12804,Government,"State Board of Technical Education, Patna",Approved,Approved,B++,Yes,,Tier 3,http://www.bhojpur.ac.in,info@bhojpur.ac.in,admissions@bhojpur.ac.in,placement@bhojpur.ac.in,+91-80-091-8466,Computer Science Engineering (CSE),Diploma,60,360,2022,Urban,Yes,Yes
1-44638459278,1-44638459278,U-0698,GOVERNMENT POLYTECHNIC BHOJPUR,Active,Bihar,Patna,Patna,"GOVERNMENT POLYTECHNIC BHOJPUR ,KAKILA, JAGDISHPUR, BHOJPUR, BIHAR, PIN-802158",802158,25.600132,85.12804,Government,"State Board of Technical Education, Patna",Approved,Approved,B++,Yes,,Tier 3,http://www.bhojpur.ac.in,info@bhojpur.ac.in,admissions@bhojpur.ac.in,placement@bhojpur.ac.in,+91-80-091-8466,Other Engineering Branches,Diploma,60,360,2022,Urban,Yes,Yes
1-44638459763,1-44638459763,U-0831,GOVERNMENT ENGINEERING COLLEGE BUXAR,Active,Bihar,Buxar,Buxar,"GOVERNMENT ENGINEERING COLLEGE BUXAR, AT- MAHDAH, ITARHI ROAD, NEAR POLICE LINE, P.O.- GAJADHAR GANJ, BUXAR, PIN- 802103",802103,25.100757,85.325817,Government,BIHAR ENGINEERING UNIVERSITY PATNA,Approved,Approved,A,No,,Tier 2,http://www.buxar.ac.in,info@buxar.ac.in,admissions@buxar.ac.in,placement@buxar.ac.in,+91-80-034-1841,Civil Engineering,B.Tech,60,360,2010,Rural,Yes,Yes
1-44638459763,1-44638459763,U-0831,GOVERNMENT ENGINEERING COLLEGE BUXAR,Active,Bihar,Buxar,Buxar,"GOVERNMENT ENGINEERING COLLEGE BUXAR, AT- MAHDAH, ITARHI ROAD, NEAR POLICE LINE, P.O.- GAJADHAR GANJ, BUXAR, PIN- 802103",802103,25.100757,85.325817,Government,BIHAR ENGINEERING UNIVERSITY PATNA,Approved,Approved,A,No,,Tier 2,http://www.buxar.ac.in,info@buxar.ac.in,admissions@buxar.ac.in,placement@buxar.ac.in,+91-80-034-1841,Mechanical Engineering,B.Tech,60,360,2010,Rural,Yes,Yes
1-44638459763,1-44638459763,U-0831,GOVERNMENT ENGINEERING COLLEGE BUXAR,Active,Bihar,Buxar,Buxar,"GOVERNMENT ENGINEERING COLLEGE BUXAR, AT- MAHDAH, ITARHI ROAD, NEAR POLICE LINE, P.O.- GAJADHAR GANJ, BUXAR, PIN- 802103",802103,25.100757,85.325817,Government,BIHAR ENGINEERING UNIVERSITY PATNA,Approved,Approved,A,No,,Tier 2,http://www.buxar.ac.in,info@buxar.ac.in,admissions@buxar.ac.in,placement@buxar.ac.in,+91-80-034-1841,Electrical Engineering,B.Tech,60,360,2010,Rural,Yes,Yes
1-44638459763,1-44638459763,U-0831,GOVERNMENT ENGINEERING COLLEGE BUXAR,Active,Bihar,Buxar,Buxar,"GOVERNMENT ENGINEERING COLLEGE BUXAR, AT- MAHDAH, ITARHI ROAD, NEAR POLICE LINE, P.O.- GAJADHAR GANJ, BUXAR, PIN- 802103",802103,25.100757,85.325817,Government,BIHAR ENGINEERING UNIVERSITY PATNA,Approved,Approved,A,No,,Tier 2,http://www.buxar.ac.in,info@buxar.ac.in,admissions@buxar.ac.in,placement@buxar.ac.in,+91-80-034-1841,Electronics & Communication Engineering (ECE),B.Tech,60,360,2010,Rural,Yes,Yes
1-44638459763,1-44638459763,U-0831,GOVERNMENT ENGINEERING COLLEGE BUXAR,Active,Bihar,Buxar,Buxar,"GOVERNMENT ENGINEERING COLLEGE BUXAR, AT- MAHDAH, ITARHI ROAD, NEAR POLICE LINE, P.O.- GAJADHAR GANJ, BUXAR, PIN- 802103",802103,25.100757,85.325817,Government,BIHAR ENGINEERING UNIVERSITY PATNA,Approved,Approved,A,No,,Tier 2,http://www.buxar.ac.in,info@buxar.ac.in,admissions@buxar.ac.in,placement@buxar.ac.in,+91-80-034-1841,Computer Science Engineering (CSE),B.Tech,120,360,2010,Rural,Yes,Yes
1-44638460261,1-44638460261,U-0553,"RASHTRAKAVI RAMDHARI SINGH DINKAR COLLEGE OF ENGINEERING, BEGUSARAI",Active,Bihar,Begusarai,Begusarai,"RASHTRAKAVI RAMDHARI SINGH DINKAR COLLEGE OF ENGINEERING, POST-ULAO, SINGHAUL, BEGUSARAI, BIHAR, PIN - 851134",851134,25.094267,85.295301,Government,"Bihar Engineering University,Patna",Approved,Approved,B++,Yes,,Tier 3,http://www.rashtrakaviramdharisingh.ac.in,info@rashtrakaviramdharisingh.ac.in,admissions@rashtrakaviramdharisingh.ac.in,placement@rashtrakaviramdharisingh.ac.in,+91-80-761-9598,Civil Engineering,B.Tech,60,360,1991,Rural,Yes,Yes
1-44638460261,1-44638460261,U-0553,"RASHTRAKAVI RAMDHARI SINGH DINKAR COLLEGE OF ENGINEERING, BEGUSARAI",Active,Bihar,Begusarai,Begusarai,"RASHTRAKAVI RAMDHARI SINGH DINKAR COLLEGE OF ENGINEERING, POST-ULAO, SINGHAUL, BEGUSARAI, BIHAR, PIN - 851134",851134,25.094267,85.295301,Government,"Bihar Engineering University,Patna",Approved,Approved,B++,Yes,,Tier 3,http://www.rashtrakaviramdharisingh.ac.in,info@rashtrakaviramdharisingh.ac.in,admissions@rashtrakaviramdharisingh.ac.in,placement@rashtrakaviramdharisingh.ac.in,+91-80-761-9598,Computer Science Engineering (CSE),B.Tech,60,360,1991,Rural,Yes,Yes
1-44638460261,1-44638460261,U-0553,"RASHTRAKAVI RAMDHARI SINGH DINKAR COLLEGE OF ENGINEERING, BEGUSARAI",Active,Bihar,Begusarai,Begusarai,"RASHTRAKAVI RAMDHARI SINGH DINKAR COLLEGE OF ENGINEERING, POST-ULAO, SINGHAUL, BEGUSARAI, BIHAR, PIN - 851134",851134,25.094267,85.295301,Government,"Bihar Engineering University,Patna",Approved,Approved,B++,Yes,,Tier 3,http://www.rashtrakaviramdharisingh.ac.in,info@rashtrakaviramdharisingh.ac.in,admissions@rashtrakaviramdharisingh.ac.in,placement@rashtrakaviramdharisingh.ac.in,+91-80-761-9598,Electrical & Electronics Engineering (EEE),B.Tech,60,360,1991,Rural,Yes,Yes
1-44638460261,1-44638460261,U-0553,"RASHTRAKAVI RAMDHARI SINGH DINKAR COLLEGE OF ENGINEERING, BEGUSARAI",Active,Bihar,Begusarai,Begusarai,"RASHTRAKAVI RAMDHARI SINGH DINKAR COLLEGE OF ENGINEERING, POST-ULAO, SINGHAUL, BEGUSARAI, BIHAR, PIN - 851134",851134,25.094267,85.295301,Government,"Bihar Engineering University,Patna",Approved,Approved,B++,Yes,,Tier 3,http://www.rashtrakaviramdharisingh.ac.in,info@rashtrakaviramdharisingh.ac.in,admissions@rashtrakaviramdharisingh.ac.in,placement@rashtrakaviramdharisingh.ac.in,+91-80-761-9598,Mechanical Engineering,B.Tech,60,360,1991,Rural,Yes,Yes
1-44638460261,1-44638460261,U-0553,"RASHTRAKAVI RAMDHARI SINGH DINKAR COLLEGE OF ENGINEERING, BEGUSARAI",Active,Bihar,Begusarai,Begusarai,"RASHTRAKAVI RAMDHARI SINGH DINKAR COLLEGE OF ENGINEERING, POST-ULAO, SINGHAUL, BEGUSARAI, BIHAR, PIN - 851134",851134,25.094267,85.295301,Government,"Bihar Engineering University,Patna",Approved,Approved,B++,Yes,,Tier 3,http://www.rashtrakaviramdharisingh.ac.in,info@rashtrakaviramdharisingh.ac.in,admissions@rashtrakaviramdharisingh.ac.in,placement@rashtrakaviramdharisingh.ac.in,+91-80-761-9598,Chemical Engineering,B.Tech,60,360,1991,Rural,Yes,Yes
1-44638460261,1-44638460261,U-0553,"RASHTRAKAVI RAMDHARI SINGH DINKAR COLLEGE OF ENGINEERING, BEGUSARAI",Active,Bihar,Begusarai,Begusarai,"RASHTRAKAVI RAMDHARI SINGH DINKAR COLLEGE OF ENGINEERING, POST-ULAO, SINGHAUL, BEGUSARAI, BIHAR, PIN - 851134",851134,25.094267,85.295301,Government,"Bihar Engineering University,Patna",Approved,Approved,B++,Yes,,Tier 3,http://www.rashtrakaviramdharisingh.ac.in,info@rashtrakaviramdharisingh.ac.in,admissions@rashtrakaviramdharisingh.ac.in,placement@rashtrakaviramdharisingh.ac.in,+91-80-761-9598,Data Science,B.Tech,60,360,1991,Rural,Yes,Yes
1-44638504151,1-44638504151,U-0831,"SHRI PHANISHWAR NATH RENU ENGINEERING COLLEGE, ARARIA",Active,Bihar,Araria,Araria,"SRI PHANISHWAR NATH RENU ENGINEERING COLLEGE, ARARIA, AT + PO- SIMRAHA, BLOCK - FORBESGANJ",800469,25.092718,85.324643,Government,BIHAR ENGINEERING UNIVERSITY PATNA,Approved,Approved,A,No,,Tier 2,http://www.shriphanishwarnath.ac.in,info@shriphanishwarnath.ac.in,admissions@shriphanishwarnath.ac.in,placement@shriphanishwarnath.ac.in,+91-80-697-0057,Civil Engineering,B.Tech,60,420,2004,Urban,Yes,Yes
1-44638504151,1-44638504151,U-0831,"SHRI PHANISHWAR NATH RENU ENGINEERING COLLEGE, ARARIA",Active,Bihar,Araria,Araria,"SRI PHANISHWAR NATH RENU ENGINEERING COLLEGE, ARARIA, AT + PO- SIMRAHA, BLOCK - FORBESGANJ",800469,25.092718,85.324643,Government,BIHAR ENGINEERING UNIVERSITY PATNA,Approved,Approved,A,No,,Tier 2,http://www.shriphanishwarnath.ac.in,info@shriphanishwarnath.ac.in,admissions@shriphanishwarnath.ac.in,placement@shriphanishwarnath.ac.in,+91-80-697-0057,Mechanical Engineering,B.Tech,60,420,2004,Urban,Yes,Yes
1-44638504151,1-44638504151,U-0831,"SHRI PHANISHWAR NATH RENU ENGINEERING COLLEGE, ARARIA",Active,Bihar,Araria,Araria,"SRI PHANISHWAR NATH RENU ENGINEERING COLLEGE, ARARIA, AT + PO- SIMRAHA, BLOCK - FORBESGANJ",800469,25.092718,85.324643,Government,BIHAR ENGINEERING UNIVERSITY PATNA,Approved,Approved,A,No,,Tier 2,http://www.shriphanishwarnath.ac.in,info@shriphanishwarnath.ac.in,admissions@shriphanishwarnath.ac.in,placement@shriphanishwarnath.ac.in,+91-80-697-0057,Electrical Engineering,B.Tech,60,420,2004,Urban,Yes,Yes
1-44638504151,1-44638504151,U-0831,"SHRI PHANISHWAR NATH RENU ENGINEERING COLLEGE, ARARIA",Active,Bihar,Araria,Araria,"SRI PHANISHWAR NATH RENU ENGINEERING COLLEGE, ARARIA, AT + PO- SIMRAHA, BLOCK - FORBESGANJ",800469,25.092718,85.324643,Government,BIHAR ENGINEERING UNIVERSITY PATNA,Approved,Approved,A,No,,Tier 2,http://www.shriphanishwarnath.ac.in,info@shriphanishwarnath.ac.in,admissions@shriphanishwarnath.ac.in,placement@shriphanishwarnath.ac.in,+91-80-697-0057,Electronics & Communication Engineering (ECE),B.Tech,60,420,2004,Urban,Yes,Yes
1-44638504151,1-44638504151,U-0831,"SHRI PHANISHWAR NATH RENU ENGINEERING COLLEGE, ARARIA",Active,Bihar,Araria,Araria,"SRI PHANISHWAR NATH RENU ENGINEERING COLLEGE, ARARIA, AT + PO- SIMRAHA, BLOCK - FORBESGANJ",800469,25.092718,85.324643,Government,BIHAR ENGINEERING UNIVERSITY PATNA,Approved,Approved,A,No,,Tier 2,http://www.shriphanishwarnath.ac.in,info@shriphanishwarnath.ac.in,admissions@shriphanishwarnath.ac.in,placement@shriphanishwarnath.ac.in,+91-80-697-0057,Computer Science Engineering (CSE),B.Tech,120,420,2004,Urban,Yes,Yes
1-44638504151,1-44638504151,U-0831,"SHRI PHANISHWAR NATH RENU ENGINEERING COLLEGE, ARARIA",Active,Bihar,Araria,Araria,"SRI PHANISHWAR NATH RENU ENGINEERING COLLEGE, ARARIA, AT + PO- SIMRAHA, BLOCK - FORBESGANJ",800469,25.092718,85.324643,Government,BIHAR ENGINEERING UNIVERSITY PATNA,Approved,Approved,A,No,,Tier 2,http://www.shriphanishwarnath.ac.in,info@shriphanishwarnath.ac.in,admissions@shriphanishwarnath.ac.in,placement@shriphanishwarnath.ac.in,+91-80-697-0057,Electronics & Communication Engineering (ECE),M.Tech,30,420,2004,Urban,Yes,Yes
1-44638504151,1-44638504151,U-0831,"SHRI PHANISHWAR NATH RENU ENGINEERING COLLEGE, ARARIA",Active,Bihar,Araria,Araria,"SRI PHANISHWAR NATH RENU ENGINEERING COLLEGE, ARARIA, AT + PO- SIMRAHA, BLOCK - FORBESGANJ",800469,25.092718,85.324643,Government,BIHAR ENGINEERING UNIVERSITY PATNA,Approved,Approved,A,No,,Tier 2,http://www.shriphanishwarnath.ac.in,info@shriphanishwarnath.ac.in,admissions@shriphanishwarnath.ac.in,placement@shriphanishwarnath.ac.in,+91-80-697-0057,Electrical Engineering,M.Tech,30,420,2004,Urban,Yes,Yes
1-44638446450,1-44638446450,U-0698,"GOVERNMENT POLYTECHNIC, SHEIKHPURA",Active,Bihar,Lakhisarai,Lakhisarai,"GOVERNMENT POLYTECHNIC , SHEKHOPUR SARAI , KHURIA , DIST- SHEIKHPURA (BIHAR)",800074,25.108725,85.332175,Government,"State Board of Technical Education, Patna",Approved,Approved,B++,Yes,,Tier 3,http://www.sheikhpura.ac.in,info@sheikhpura.ac.in,admissions@sheikhpura.ac.in,placement@sheikhpura.ac.in,+91-80-368-3962,Mechanical Engineering,Diploma,60,240,2009,Urban,Yes,Yes
1-44638446450,1-44638446450,U-0698,"GOVERNMENT POLYTECHNIC, SHEIKHPURA",Active,Bihar,Lakhisarai,Lakhisarai,"GOVERNMENT POLYTECHNIC , SHEKHOPUR SARAI , KHURIA , DIST- SHEIKHPURA (BIHAR)",800074,25.108725,85.332175,Government,"State Board of Technical Education, Patna",Approved,Approved,B++,Yes,,Tier 3,http://www.sheikhpura.ac.in,info@sheikhpura.ac.in,admissions@sheikhpura.ac.in,placement@sheikhpura.ac.in,+91-80-368-3962,Electrical Engineering,Diploma,60,240,2009,Urban,Yes,Yes
1-44638446450,1-44638446450,U-0698,"GOVERNMENT POLYTECHNIC, SHEIKHPURA",Active,Bihar,Lakhisarai,Lakhisarai,"GOVERNMENT POLYTECHNIC , SHEKHOPUR SARAI , KHURIA , DIST- SHEIKHPURA (BIHAR)",800074,25.108725,85.332175,Government,"State Board of Technical Education, Patna",Approved,Approved,B++,Yes,,Tier 3,http://www.sheikhpura.ac.in,info@sheikhpura.ac.in,admissions@sheikhpura.ac.in,placement@sheikhpura.ac.in,+91-80-368-3962,Other Engineering Branches,Diploma,60,240,2009,Urban,Yes,Yes
1-44638446450,1-44638446450,U-0698,"GOVERNMENT POLYTECHNIC, SHEIKHPURA",Active,Bihar,Lakhisarai,Lakhisarai,"GOVERNMENT POLYTECHNIC , SHEKHOPUR SARAI , KHURIA , DIST- SHEIKHPURA (BIHAR)",800074,25.108725,85.332175,Government,"State Board of Technical Education, Patna",Approved,Approved,B++,Yes,,Tier 3,http://www.sheikhpura.ac.in,info@sheikhpura.ac.in,admissions@sheikhpura.ac.in,placement@sheikhpura.ac.in,+91-80-368-3962,Civil Engineering,Diploma,60,240,2009,Urban,Yes,Yes
1-44638461953,1-44638461953,U-0698,GOVERNMENT POLYTECHNIC JEHANABAD,Active,Bihar,Patna,Patna,"GOVERNMENT POLYTECHNIC JEHANABAD, AT - SULTANPUR, P.O.- MAKHDUMPUR,  JEHANABAD - 804405",804405,25.585262,85.129834,Government,"State Board of Technical Education, Patna",Approved,Approved,B++,Yes,,Tier 3,http://www.jehanabad.ac.in,info@jehanabad.ac.in,admissions@jehanabad.ac.in,placement@jehanabad.ac.in,+91-80-468-1806,Civil Engineering,Diploma,60,360,2005,Rural,Yes,Yes
1-44638461953,1-44638461953,U-0698,GOVERNMENT POLYTECHNIC JEHANABAD,Active,Bihar,Patna,Patna,"GOVERNMENT POLYTECHNIC JEHANABAD, AT - SULTANPUR, P.O.- MAKHDUMPUR,  JEHANABAD - 804405",804405,25.585262,85.129834,Government,"State Board of Technical Education, Patna",Approved,Approved,B++,Yes,,Tier 3,http://www.jehanabad.ac.in,info@jehanabad.ac.in,admissions@jehanabad.ac.in,placement@jehanabad.ac.in,+91-80-468-1806,Mechanical Engineering,Diploma,60,360,2005,Rural,Yes,Yes
1-44638461953,1-44638461953,U-0698,GOVERNMENT POLYTECHNIC JEHANABAD,Active,Bihar,Patna,Patna,"GOVERNMENT POLYTECHNIC JEHANABAD, AT - SULTANPUR, P.O.- MAKHDUMPUR,  JEHANABAD - 804405",804405,25.585262,85.129834,Government,"State Board of Technical Education, Patna",Approved,Approved,B++,Yes,,Tier 3,http://www.jehanabad.ac.in,info@jehanabad.ac.in,admissions@jehanabad.ac.in,placement@jehanabad.ac.in,+91-80-468-1806,Electrical Engineering,Diploma,120,360,2005,Rural,Yes,Yes
1-44638461953,1-44638461953,U-0698,GOVERNMENT POLYTECHNIC JEHANABAD,Active,Bihar,Patna,Patna,"GOVERNMENT POLYTECHNIC JEHANABAD, AT - SULTANPUR, P.O.- MAKHDUMPUR,  JEHANABAD - 804405",804405,25.585262,85.129834,Government,"State Board of Technical Education, Patna",Approved,Approved,B++,Yes,,Tier 3,http://www.jehanabad.ac.in,info@jehanabad.ac.in,admissions@jehanabad.ac.in,placement@jehanabad.ac.in,+91-80-468-1806,Computer Science Engineering (CSE),Diploma,60,360,2005,Rural,Yes,Yes
1-44638461953,1-44638461953,U-0698,GOVERNMENT POLYTECHNIC JEHANABAD,Active,Bihar,Patna,Patna,"GOVERNMENT POLYTECHNIC JEHANABAD, AT - SULTANPUR, P.O.- MAKHDUMPUR,  JEHANABAD - 804405",804405,25.585262,85.129834,Government,"State Board of Technical Education, Patna",Approved,Approved,B++,Yes,,Tier 3,http://www.jehanabad.ac.in,info@jehanabad.ac.in,admissions@jehanabad.ac.in,placement@jehanabad.ac.in,+91-80-468-1806,Other Engineering Branches,Diploma,60,360,2005,Rural,Yes,Yes
1-44638091094,1-44638091094,U-0522,TOOL ROOM & TRAINING CENTER,Active,Bihar,Patna,Patna,"PATLIPUTRA INDUSTRIAL ESTATE, PATNA",800155,25.589162,85.128085,Government,"Aryabhatta Knowledge University, Patna",Approved,Approved,B,No,,Tier 3,http://www.toolroomtraining.ac.in,info@toolroomtraining.ac.in,admissions@toolroomtraining.ac.in,placement@toolroomtraining.ac.in,+91-80-631-7635,Mechanical Engineering,Diploma,240,240,2017,Urban,Yes,No
1-44638095777,1-44638095777,U-0698,"GOVT.POLYTECHNIC ,RAGHOPUR (SUPAUL)",Active,Bihar,Supaul,Supaul,"AT- KARJAIN BAZAR, MANSAPUR RAGHOPUR,  DIST- SUPAUL PIN-8522215",800083,25.08326,85.306706,Government,"State Board of Technical Education, Patna",Approved,Approved,B,No,,Tier 3,http://www.govtpolytechnicraghopursupaul.ac.in,info@govtpolytechnicraghopursupaul.ac.in,admissions@govtpolytechnicraghopursupaul.ac.in,placement@govtpolytechnicraghopursupaul.ac.in,+91-80-300-3223,Civil Engineering,Diploma,120,360,1982,Rural,No,Yes
1-44638095777,1-44638095777,U-0698,"GOVT.POLYTECHNIC ,RAGHOPUR (SUPAUL)",Active,Bihar,Supaul,Supaul,"AT- KARJAIN BAZAR, MANSAPUR RAGHOPUR,  DIST- SUPAUL PIN-8522215",800083,25.08326,85.306706,Government,"State Board of Technical Education, Patna",Approved,Approved,B,No,,Tier 3,http://www.govtpolytechnicraghopursupaul.ac.in,info@govtpolytechnicraghopursupaul.ac.in,admissions@govtpolytechnicraghopursupaul.ac.in,placement@govtpolytechnicraghopursupaul.ac.in,+91-80-300-3223,Electrical Engineering,Diploma,60,360,1982,Rural,No,Yes
1-44638095777,1-44638095777,U-0698,"GOVT.POLYTECHNIC ,RAGHOPUR (SUPAUL)",Active,Bihar,Supaul,Supaul,"AT- KARJAIN BAZAR, MANSAPUR RAGHOPUR,  DIST- SUPAUL PIN-8522215",800083,25.08326,85.306706,Government,"State Board of Technical Education, Patna",Approved,Approved,B,No,,Tier 3,http://www.govtpolytechnicraghopursupaul.ac.in,info@govtpolytechnicraghopursupaul.ac.in,admissions@govtpolytechnicraghopursupaul.ac.in,placement@govtpolytechnicraghopursupaul.ac.in,+91-80-300-3223,Other Engineering Branches,Diploma,60,360,1982,Rural,No,Yes
1-44638095777,1-44638095777,U-0698,"GOVT.POLYTECHNIC ,RAGHOPUR (SUPAUL)",Active,Bihar,Supaul,Supaul,"AT- KARJAIN BAZAR, MANSAPUR RAGHOPUR,  DIST- SUPAUL PIN-8522215",800083,25.08326,85.306706,Government,"State Board of Technical Education, Patna",Approved,Approved,B,No,,Tier 3,http://www.govtpolytechnicraghopursupaul.ac.in,info@govtpolytechnicraghopursupaul.ac.in,admissions@govtpolytechnicraghopursupaul.ac.in,placement@govtpolytechnicraghopursupaul.ac.in,+91-80-300-3223,Mechanical Engineering,Diploma,60,360,1982,Rural,No,Yes
1-44638095777,1-44638095777,U-0698,"GOVT.POLYTECHNIC ,RAGHOPUR (SUPAUL)",Active,Bihar,Supaul,Supaul,"AT- KARJAIN BAZAR, MANSAPUR RAGHOPUR,  DIST- SUPAUL PIN-8522215",800083,25.08326,85.306706,Government,"State Board of Technical Education, Patna",Approved,Approved,B,No,,Tier 3,http://www.govtpolytechnicraghopursupaul.ac.in,info@govtpolytechnicraghopursupaul.ac.in,admissions@govtpolytechnicraghopursupaul.ac.in,placement@govtpolytechnicraghopursupaul.ac.in,+91-80-300-3223,Computer Science Engineering (CSE),Diploma,60,360,1982,Rural,No,Yes
1-44638172396,1-44638172396,U-0698,GOVERNMENT POLYTECHNIC WEST CHAMPARAN,Active,Bihar,East Champaran,East Champaran,"GOVERNMENT POLYTECHNIC, WEST CHAMPARAN, VILLAGE- MAHNAGANI, BLOCK+P.S +P.O - MAJHAULIYA, DISTRICT- WEST CHAMPARAN, PIN- 845438",845438,25.096366,85.308628,Government,"State Board of Technical Education, Patna",Approved,Approved,B,No,,Tier 3,http://www.westchamparan.ac.in,info@westchamparan.ac.in,admissions@westchamparan.ac.in,placement@westchamparan.ac.in,+91-80-850-0067,Electrical Engineering,Diploma,60,360,1991,Rural,Yes,Yes
1-44638172396,1-44638172396,U-0698,GOVERNMENT POLYTECHNIC WEST CHAMPARAN,Active,Bihar,East Champaran,East Champaran,"GOVERNMENT POLYTECHNIC, WEST CHAMPARAN, VILLAGE- MAHNAGANI, BLOCK+P.S +P.O - MAJHAULIYA, DISTRICT- WEST CHAMPARAN, PIN- 845438",845438,25.096366,85.308628,Government,"State Board of Technical Education, Patna",Approved,Approved,B,No,,Tier 3,http://www.westchamparan.ac.in,info@westchamparan.ac.in,admissions@westchamparan.ac.in,placement@westchamparan.ac.in,+91-80-850-0067,Other Engineering Branches,Diploma,60,360,1991,Rural,Yes,Yes
1-44638172396,1-44638172396,U-0698,GOVERNMENT POLYTECHNIC WEST CHAMPARAN,Active,Bihar,East Champaran,East Champaran,"GOVERNMENT POLYTECHNIC, WEST CHAMPARAN, VILLAGE- MAHNAGANI, BLOCK+P.S +P.O - MAJHAULIYA, DISTRICT- WEST CHAMPARAN, PIN- 845438",845438,25.096366,85.308628,Government,"State Board of Technical Education, Patna",Approved,Approved,B,No,,Tier 3,http://www.westchamparan.ac.in,info@westchamparan.ac.in,admissions@westchamparan.ac.in,placement@westchamparan.ac.in,+91-80-850-0067,Mechanical Engineering,Diploma,60,360,1991,Rural,Yes,Yes
1-44638172396,1-44638172396,U-0698,GOVERNMENT POLYTECHNIC WEST CHAMPARAN,Active,Bihar,East Champaran,East Champaran,"GOVERNMENT POLYTECHNIC, WEST CHAMPARAN, VILLAGE- MAHNAGANI, BLOCK+P.S +P.O - MAJHAULIYA, DISTRICT- WEST CHAMPARAN, PIN- 845438",845438,25.096366,85.308628,Government,"State Board of Technical Education, Patna",Approved,Approved,B,No,,Tier 3,http://www.westchamparan.ac.in,info@westchamparan.ac.in,admissions@westchamparan.ac.in,placement@westchamparan.ac.in,+91-80-850-0067,Civil Engineering,Diploma,120,360,1991,Rural,Yes,Yes
1-44638172396,1-44638172396,U-0698,GOVERNMENT POLYTECHNIC WEST CHAMPARAN,Active,Bihar,East Champaran,East Champaran,"GOVERNMENT POLYTECHNIC, WEST CHAMPARAN, VILLAGE- MAHNAGANI, BLOCK+P.S +P.O - MAJHAULIYA, DISTRICT- WEST CHAMPARAN, PIN- 845438",845438,25.096366,85.308628,Government,"State Board of Technical Education, Patna",Approved,Approved,B,No,,Tier 3,http://www.westchamparan.ac.in,info@westchamparan.ac.in,admissions@westchamparan.ac.in,placement@westchamparan.ac.in,+91-80-850-0067,Computer Science Engineering (CSE),Diploma,60,360,1991,Rural,Yes,Yes
1-44638172872,1-44638172872,U-0846,GOVERNMENT ENGINEERING COLLEGE JEHANABAD,Active,Bihar,Gaya,Gaya,"AT WALIPUR, PS + POST HULASGANJ JEHANABAD BIHAR 804407",804407,25.086921,85.328107,Government,"Bihar Engineering University, Patna",Approved,Approved,A+,Yes,,Tier 2,http://www.jehanabad.ac.in,info@jehanabad.ac.in,admissions@jehanabad.ac.in,placement@jehanabad.ac.in,+91-80-453-8848,Civil Engineering,B.Tech,120,360,2013,Rural,No,Yes
1-44638172872,1-44638172872,U-0846,GOVERNMENT ENGINEERING COLLEGE JEHANABAD,Active,Bihar,Gaya,Gaya,"AT WALIPUR, PS + POST HULASGANJ JEHANABAD BIHAR 804407",804407,25.086921,85.328107,Government,"Bihar Engineering University, Patna",Approved,Approved,A+,Yes,,Tier 2,http://www.jehanabad.ac.in,info@jehanabad.ac.in,admissions@jehanabad.ac.in,placement@jehanabad.ac.in,+91-80-453-8848,Mechanical Engineering,B.Tech,60,360,2013,Rural,No,Yes
1-44638172872,1-44638172872,U-0846,GOVERNMENT ENGINEERING COLLEGE JEHANABAD,Active,Bihar,Gaya,Gaya,"AT WALIPUR, PS + POST HULASGANJ JEHANABAD BIHAR 804407",804407,25.086921,85.328107,Government,"Bihar Engineering University, Patna",Approved,Approved,A+,Yes,,Tier 2,http://www.jehanabad.ac.in,info@jehanabad.ac.in,admissions@jehanabad.ac.in,placement@jehanabad.ac.in,+91-80-453-8848,Electrical Engineering,B.Tech,60,360,2013,Rural,No,Yes
1-44638172872,1-44638172872,U-0846,GOVERNMENT ENGINEERING COLLEGE JEHANABAD,Active,Bihar,Gaya,Gaya,"AT WALIPUR, PS + POST HULASGANJ JEHANABAD BIHAR 804407",804407,25.086921,85.328107,Government,"Bihar Engineering University, Patna",Approved,Approved,A+,Yes,,Tier 2,http://www.jehanabad.ac.in,info@jehanabad.ac.in,admissions@jehanabad.ac.in,placement@jehanabad.ac.in,+91-80-453-8848,Cyber Security,B.Tech,60,360,2013,Rural,No,Yes
1-44638172872,1-44638172872,U-0846,GOVERNMENT ENGINEERING COLLEGE JEHANABAD,Active,Bihar,Gaya,Gaya,"AT WALIPUR, PS + POST HULASGANJ JEHANABAD BIHAR 804407",804407,25.086921,85.328107,Government,"Bihar Engineering University, Patna",Approved,Approved,A+,Yes,,Tier 2,http://www.jehanabad.ac.in,info@jehanabad.ac.in,admissions@jehanabad.ac.in,placement@jehanabad.ac.in,+91-80-453-8848,Electronics & Communication Engineering (ECE),B.Tech,60,360,2013,Rural,No,Yes
1-44638173385,1-44638173385,U-0698,GOVERNMENT POLYTECHNIC AURANGABAD,Active,Bihar,Saran,Saran,"GOVERNMENT POLYTECHNIC AURANGABAD AT-DHANARI, DISTRICT - AURANGABAD  PINCODE -824102",824102,25.1033,85.306102,Government,"State Board of Technical Education, Patna",Approved,Approved,B,No,,Tier 3,http://www.aurangabad.ac.in,info@aurangabad.ac.in,admissions@aurangabad.ac.in,placement@aurangabad.ac.in,+91-80-140-8211,Civil Engineering,Diploma,120,360,2013,Urban,Yes,Yes
1-44638173385,1-44638173385,U-0698,GOVERNMENT POLYTECHNIC AURANGABAD,Active,Bihar,Saran,Saran,"GOVERNMENT POLYTECHNIC AURANGABAD AT-DHANARI, DISTRICT - AURANGABAD  PINCODE -824102",824102,25.1033,85.306102,Government,"State Board of Technical Education, Patna",Approved,Approved,B,No,,Tier 3,http://www.aurangabad.ac.in,info@aurangabad.ac.in,admissions@aurangabad.ac.in,placement@aurangabad.ac.in,+91-80-140-8211,Mechanical Engineering,Diploma,60,360,2013,Urban,Yes,Yes
1-44638173385,1-44638173385,U-0698,GOVERNMENT POLYTECHNIC AURANGABAD,Active,Bihar,Saran,Saran,"GOVERNMENT POLYTECHNIC AURANGABAD AT-DHANARI, DISTRICT - AURANGABAD  PINCODE -824102",824102,25.1033,85.306102,Government,"State Board of Technical Education, Patna",Approved,Approved,B,No,,Tier 3,http://www.aurangabad.ac.in,info@aurangabad.ac.in,admissions@aurangabad.ac.in,placement@aurangabad.ac.in,+91-80-140-8211,Electrical Engineering,Diploma,60,360,2013,Urban,Yes,Yes
1-44638173385,1-44638173385,U-0698,GOVERNMENT POLYTECHNIC AURANGABAD,Active,Bihar,Saran,Saran,"GOVERNMENT POLYTECHNIC AURANGABAD AT-DHANARI, DISTRICT - AURANGABAD  PINCODE -824102",824102,25.1033,85.306102,Government,"State Board of Technical Education, Patna",Approved,Approved,B,No,,Tier 3,http://www.aurangabad.ac.in,info@aurangabad.ac.in,admissions@aurangabad.ac.in,placement@aurangabad.ac.in,+91-80-140-8211,Other Engineering Branches,Diploma,60,360,2013,Urban,Yes,Yes
1-44638173385,1-44638173385,U-0698,GOVERNMENT POLYTECHNIC AURANGABAD,Active,Bihar,Saran,Saran,"GOVERNMENT POLYTECHNIC AURANGABAD AT-DHANARI, DISTRICT - AURANGABAD  PINCODE -824102",824102,25.1033,85.306102,Government,"State Board of Technical Education, Patna",Approved,Approved,B,No,,Tier 3,http://www.aurangabad.ac.in,info@aurangabad.ac.in,admissions@aurangabad.ac.in,placement@aurangabad.ac.in,+91-80-140-8211,Computer Science Engineering (CSE),Diploma,60,360,2013,Urban,Yes,Yes
1-44638206102,1-44638206102,U-0440,"KATIHAR ENGINEERING COLLEGE, KATIHAR",Active,Bihar,Katihar,Katihar,"KATIHAR ENGINEERING COLLEGE, KATIHAR NEAR PLY MIL CHAWK, HAJIPUR KATIHAR 854109",854109,25.076858,85.304686,Government,Bihar Engineering University,Approved,Approved,B++,Yes,,Tier 3,http://www.katiharkatihar.ac.in,info@katiharkatihar.ac.in,admissions@katiharkatihar.ac.in,placement@katiharkatihar.ac.in,+91-80-031-8026,Civil Engineering,B.Tech,60,378,2014,Rural,Yes,Yes
1-44638206102,1-44638206102,U-0440,"KATIHAR ENGINEERING COLLEGE, KATIHAR",Active,Bihar,Katihar,Katihar,"KATIHAR ENGINEERING COLLEGE, KATIHAR NEAR PLY MIL CHAWK, HAJIPUR KATIHAR 854109",854109,25.076858,85.304686,Government,Bihar Engineering University,Approved,Approved,B++,Yes,,Tier 3,http://www.katiharkatihar.ac.in,info@katiharkatihar.ac.in,admissions@katiharkatihar.ac.in,placement@katiharkatihar.ac.in,+91-80-031-8026,Mechanical Engineering,B.Tech,60,378,2014,Rural,Yes,Yes
1-44638206102,1-44638206102,U-0440,"KATIHAR ENGINEERING COLLEGE, KATIHAR",Active,Bihar,Katihar,Katihar,"KATIHAR ENGINEERING COLLEGE, KATIHAR NEAR PLY MIL CHAWK, HAJIPUR KATIHAR 854109",854109,25.076858,85.304686,Government,Bihar Engineering University,Approved,Approved,B++,Yes,,Tier 3,http://www.katiharkatihar.ac.in,info@katiharkatihar.ac.in,admissions@katiharkatihar.ac.in,placement@katiharkatihar.ac.in,+91-80-031-8026,Computer Science Engineering (CSE),B.Tech,120,378,2014,Rural,Yes,Yes
1-44638206102,1-44638206102,U-0440,"KATIHAR ENGINEERING COLLEGE, KATIHAR",Active,Bihar,Katihar,Katihar,"KATIHAR ENGINEERING COLLEGE, KATIHAR NEAR PLY MIL CHAWK, HAJIPUR KATIHAR 854109",854109,25.076858,85.304686,Government,Bihar Engineering University,Approved,Approved,B++,Yes,,Tier 3,http://www.katiharkatihar.ac.in,info@katiharkatihar.ac.in,admissions@katiharkatihar.ac.in,placement@katiharkatihar.ac.in,+91-80-031-8026,Electrical & Electronics Engineering (EEE),B.Tech,60,378,2014,Rural,Yes,Yes
1-44638206102,1-44638206102,U-0440,"KATIHAR ENGINEERING COLLEGE, KATIHAR",Active,Bihar,Katihar,Katihar,"KATIHAR ENGINEERING COLLEGE, KATIHAR NEAR PLY MIL CHAWK, HAJIPUR KATIHAR 854109",854109,25.076858,85.304686,Government,Bihar Engineering University,Approved,Approved,B++,Yes,,Tier 3,http://www.katiharkatihar.ac.in,info@katiharkatihar.ac.in,admissions@katiharkatihar.ac.in,placement@katiharkatihar.ac.in,+91-80-031-8026,Other Engineering Branches,B.Tech,30,378,2014,Rural,Yes,Yes
1-44638206102,1-44638206102,U-0440,"KATIHAR ENGINEERING COLLEGE, KATIHAR",Active,Bihar,Katihar,Katihar,"KATIHAR ENGINEERING COLLEGE, KATIHAR NEAR PLY MIL CHAWK, HAJIPUR KATIHAR 854109",854109,25.076858,85.304686,Government,Bihar Engineering University,Approved,Approved,B++,Yes,,Tier 3,http://www.katiharkatihar.ac.in,info@katiharkatihar.ac.in,admissions@katiharkatihar.ac.in,placement@katiharkatihar.ac.in,+91-80-031-8026,Electronics & Communication Engineering (ECE),M.Tech,18,378,2014,Rural,Yes,Yes
1-44638206102,1-44638206102,U-0440,"KATIHAR ENGINEERING COLLEGE, KATIHAR",Active,Bihar,Katihar,Katihar,"KATIHAR ENGINEERING COLLEGE, KATIHAR NEAR PLY MIL CHAWK, HAJIPUR KATIHAR 854109",854109,25.076858,85.304686,Government,Bihar Engineering University,Approved,Approved,B++,Yes,,Tier 3,http://www.katiharkatihar.ac.in,info@katiharkatihar.ac.in,admissions@katiharkatihar.ac.in,placement@katiharkatihar.ac.in,+91-80-031-8026,Other Engineering Branches,M.Tech,30,378,2014,Rural,Yes,Yes
1-44638216890,1-44638216890,U-0846,GOVERNMENT ENGINEERING COLLEGE JAMUI,Active,Bihar,Jamui,Jamui,"GOVERNMENT ENGINEERING  COLLEGE JAMUI, VILLAGE: AMRATH, PS: JAMUI SADAR, DIST: JAMUI, BIHAR, 811313",811313,25.096698,85.310533,Government,"Bihar Engineering University, Patna",Approved,Approved,B,No,,Tier 3,http://www.jamui.ac.in,info@jamui.ac.in,admissions@jamui.ac.in,placement@jamui.ac.in,+91-80-863-9343,Civil Engineering,B.Tech,60,360,1982,Rural,Yes,Yes
1-44638216890,1-44638216890,U-0846,GOVERNMENT ENGINEERING COLLEGE JAMUI,Active,Bihar,Jamui,Jamui,"GOVERNMENT ENGINEERING  COLLEGE JAMUI, VILLAGE: AMRATH, PS: JAMUI SADAR, DIST: JAMUI, BIHAR, 811313",811313,25.096698,85.310533,Government,"Bihar Engineering University, Patna",Approved,Approved,B,No,,Tier 3,http://www.jamui.ac.in,info@jamui.ac.in,admissions@jamui.ac.in,placement@jamui.ac.in,+91-80-863-9343,Mechanical Engineering,B.Tech,60,360,1982,Rural,Yes,Yes
1-44638216890,1-44638216890,U-0846,GOVERNMENT ENGINEERING COLLEGE JAMUI,Active,Bihar,Jamui,Jamui,"GOVERNMENT ENGINEERING  COLLEGE JAMUI, VILLAGE: AMRATH, PS: JAMUI SADAR, DIST: JAMUI, BIHAR, 811313",811313,25.096698,85.310533,Government,"Bihar Engineering University, Patna",Approved,Approved,B,No,,Tier 3,http://www.jamui.ac.in,info@jamui.ac.in,admissions@jamui.ac.in,placement@jamui.ac.in,+91-80-863-9343,Electrical Engineering,B.Tech,60,360,1982,Rural,Yes,Yes
1-44638216890,1-44638216890,U-0846,GOVERNMENT ENGINEERING COLLEGE JAMUI,Active,Bihar,Jamui,Jamui,"GOVERNMENT ENGINEERING  COLLEGE JAMUI, VILLAGE: AMRATH, PS: JAMUI SADAR, DIST: JAMUI, BIHAR, 811313",811313,25.096698,85.310533,Government,"Bihar Engineering University, Patna",Approved,Approved,B,No,,Tier 3,http://www.jamui.ac.in,info@jamui.ac.in,admissions@jamui.ac.in,placement@jamui.ac.in,+91-80-863-9343,Electronics & Communication Engineering (ECE),B.Tech,60,360,1982,Rural,Yes,Yes
1-44638216890,1-44638216890,U-0846,GOVERNMENT ENGINEERING COLLEGE JAMUI,Active,Bihar,Jamui,Jamui,"GOVERNMENT ENGINEERING  COLLEGE JAMUI, VILLAGE: AMRATH, PS: JAMUI SADAR, DIST: JAMUI, BIHAR, 811313",811313,25.096698,85.310533,Government,"Bihar Engineering University, Patna",Approved,Approved,B,No,,Tier 3,http://www.jamui.ac.in,info@jamui.ac.in,admissions@jamui.ac.in,placement@jamui.ac.in,+91-80-863-9343,Artificial Intelligence & Machine Learning (AI & ML),B.Tech,60,360,1982,Rural,Yes,Yes
1-44638216890,1-44638216890,U-0846,GOVERNMENT ENGINEERING COLLEGE JAMUI,Active,Bihar,Jamui,Jamui,"GOVERNMENT ENGINEERING  COLLEGE JAMUI, VILLAGE: AMRATH, PS: JAMUI SADAR, DIST: JAMUI, BIHAR, 811313",811313,25.096698,85.310533,Government,"Bihar Engineering University, Patna",Approved,Approved,B,No,,Tier 3,http://www.jamui.ac.in,info@jamui.ac.in,admissions@jamui.ac.in,placement@jamui.ac.in,+91-80-863-9343,Data Science,B.Tech,30,360,1982,Rural,Yes,Yes
1-44638216890,1-44638216890,U-0846,GOVERNMENT ENGINEERING COLLEGE JAMUI,Active,Bihar,Jamui,Jamui,"GOVERNMENT ENGINEERING  COLLEGE JAMUI, VILLAGE: AMRATH, PS: JAMUI SADAR, DIST: JAMUI, BIHAR, 811313",811313,25.096698,85.310533,Government,"Bihar Engineering University, Patna",Approved,Approved,B,No,,Tier 3,http://www.jamui.ac.in,info@jamui.ac.in,admissions@jamui.ac.in,placement@jamui.ac.in,+91-80-863-9343,IoT,B.Tech,30,360,1982,Rural,Yes,Yes
1-44638259822,1-44638259822,U-0057,GOVERNMENT ENGINEERING COLLEGE SHEIKHPURA,Active,Bihar,Sheikhpura,Sheikhpura,"GOVERNMENT ENGINEERING COLLEGE SHEIKHPURA, AT- BAJIDPUR, NEAR POLICE LINE, PO- SHEIKHPURA, DISTRICT - SHEIKHPURA, PINCODE - 811105",811105,25.076369,85.331346,Government,Bihar Engineering University Patna,Approved,Approved,A+,Yes,,Tier 2,http://www.sheikhpura.ac.in,info@sheikhpura.ac.in,admissions@sheikhpura.ac.in,placement@sheikhpura.ac.in,+91-80-011-2884,Civil Engineering,B.Tech,60,360,2007,Rural,Yes,Yes
1-44638259822,1-44638259822,U-0057,GOVERNMENT ENGINEERING COLLEGE SHEIKHPURA,Active,Bihar,Sheikhpura,Sheikhpura,"GOVERNMENT ENGINEERING COLLEGE SHEIKHPURA, AT- BAJIDPUR, NEAR POLICE LINE, PO- SHEIKHPURA, DISTRICT - SHEIKHPURA, PINCODE - 811105",811105,25.076369,85.331346,Government,Bihar Engineering University Patna,Approved,Approved,A+,Yes,,Tier 2,http://www.sheikhpura.ac.in,info@sheikhpura.ac.in,admissions@sheikhpura.ac.in,placement@sheikhpura.ac.in,+91-80-011-2884,Mechanical Engineering,B.Tech,60,360,2007,Rural,Yes,Yes
1-44638259822,1-44638259822,U-0057,GOVERNMENT ENGINEERING COLLEGE SHEIKHPURA,Active,Bihar,Sheikhpura,Sheikhpura,"GOVERNMENT ENGINEERING COLLEGE SHEIKHPURA, AT- BAJIDPUR, NEAR POLICE LINE, PO- SHEIKHPURA, DISTRICT - SHEIKHPURA, PINCODE - 811105",811105,25.076369,85.331346,Government,Bihar Engineering University Patna,Approved,Approved,A+,Yes,,Tier 2,http://www.sheikhpura.ac.in,info@sheikhpura.ac.in,admissions@sheikhpura.ac.in,placement@sheikhpura.ac.in,+91-80-011-2884,Electrical Engineering,B.Tech,60,360,2007,Rural,Yes,Yes
1-44638259822,1-44638259822,U-0057,GOVERNMENT ENGINEERING COLLEGE SHEIKHPURA,Active,Bihar,Sheikhpura,Sheikhpura,"GOVERNMENT ENGINEERING COLLEGE SHEIKHPURA, AT- BAJIDPUR, NEAR POLICE LINE, PO- SHEIKHPURA, DISTRICT - SHEIKHPURA, PINCODE - 811105",811105,25.076369,85.331346,Government,Bihar Engineering University Patna,Approved,Approved,A+,Yes,,Tier 2,http://www.sheikhpura.ac.in,info@sheikhpura.ac.in,admissions@sheikhpura.ac.in,placement@sheikhpura.ac.in,+91-80-011-2884,Electronics & Communication Engineering (ECE),B.Tech,60,360,2007,Rural,Yes,Yes
1-44638259822,1-44638259822,U-0057,GOVERNMENT ENGINEERING COLLEGE SHEIKHPURA,Active,Bihar,Sheikhpura,Sheikhpura,"GOVERNMENT ENGINEERING COLLEGE SHEIKHPURA, AT- BAJIDPUR, NEAR POLICE LINE, PO- SHEIKHPURA, DISTRICT - SHEIKHPURA, PINCODE - 811105",811105,25.076369,85.331346,Government,Bihar Engineering University Patna,Approved,Approved,A+,Yes,,Tier 2,http://www.sheikhpura.ac.in,info@sheikhpura.ac.in,admissions@sheikhpura.ac.in,placement@sheikhpura.ac.in,+91-80-011-2884,Computer Science Engineering (CSE),B.Tech,120,360,2007,Rural,Yes,Yes
1-44638124016,1-44638124016,U-0440,GOVERNMENT ENGINEERING COLLEGE MADHUBANI,Active,Bihar,Madhubani,Madhubani,"GOVERNMENT ENGINEERING COLLEGE, MADHUBANI; AT- SAGARPUR, PANDAUL, PS- SAKRI, PO- PANDAUL",800345,25.077529,85.316858,Government,Bihar Engineering University,Approved,Approved,A+,Yes,,Tier 2,http://www.madhubani.ac.in,info@madhubani.ac.in,admissions@madhubani.ac.in,placement@madhubani.ac.in,+91-80-059-9448,Civil Engineering,B.Tech,120,360,1997,Urban,Yes,Yes
1-44638124016,1-44638124016,U-0440,GOVERNMENT ENGINEERING COLLEGE MADHUBANI,Active,Bihar,Madhubani,Madhubani,"GOVERNMENT ENGINEERING COLLEGE, MADHUBANI; AT- SAGARPUR, PANDAUL, PS- SAKRI, PO- PANDAUL",800345,25.077529,85.316858,Government,Bihar Engineering University,Approved,Approved,A+,Yes,,Tier 2,http://www.madhubani.ac.in,info@madhubani.ac.in,admissions@madhubani.ac.in,placement@madhubani.ac.in,+91-80-059-9448,Mechanical Engineering,B.Tech,60,360,1997,Urban,Yes,Yes
1-44638124016,1-44638124016,U-0440,GOVERNMENT ENGINEERING COLLEGE MADHUBANI,Active,Bihar,Madhubani,Madhubani,"GOVERNMENT ENGINEERING COLLEGE, MADHUBANI; AT- SAGARPUR, PANDAUL, PS- SAKRI, PO- PANDAUL",800345,25.077529,85.316858,Government,Bihar Engineering University,Approved,Approved,A+,Yes,,Tier 2,http://www.madhubani.ac.in,info@madhubani.ac.in,admissions@madhubani.ac.in,placement@madhubani.ac.in,+91-80-059-9448,Electrical Engineering,B.Tech,60,360,1997,Urban,Yes,Yes
1-44638124016,1-44638124016,U-0440,GOVERNMENT ENGINEERING COLLEGE MADHUBANI,Active,Bihar,Madhubani,Madhubani,"GOVERNMENT ENGINEERING COLLEGE, MADHUBANI; AT- SAGARPUR, PANDAUL, PS- SAKRI, PO- PANDAUL",800345,25.077529,85.316858,Government,Bihar Engineering University,Approved,Approved,A+,Yes,,Tier 2,http://www.madhubani.ac.in,info@madhubani.ac.in,admissions@madhubani.ac.in,placement@madhubani.ac.in,+91-80-059-9448,Computer Science Engineering (CSE),B.Tech,60,360,1997,Urban,Yes,Yes
1-44638124016,1-44638124016,U-0440,GOVERNMENT ENGINEERING COLLEGE MADHUBANI,Active,Bihar,Madhubani,Madhubani,"GOVERNMENT ENGINEERING COLLEGE, MADHUBANI; AT- SAGARPUR, PANDAUL, PS- SAKRI, PO- PANDAUL",800345,25.077529,85.316858,Government,Bihar Engineering University,Approved,Approved,A+,Yes,,Tier 2,http://www.madhubani.ac.in,info@madhubani.ac.in,admissions@madhubani.ac.in,placement@madhubani.ac.in,+91-80-059-9448,IoT,B.Tech,60,360,1997,Urban,Yes,Yes
1-44638159683,1-44638159683,U-0440,GOVERNMENT ENGINEERING COLLEGE BANKA,Active,Bihar,Banka,Banka,"GOVERNMENT ENGINEERING COLLEGE BANKA, VILL- LAKRIKOLA, P.O.- MANJIRA, P.S.- BANKA, DIST- BANKA -",800424,25.093724,85.32578,Government,Bihar Engineering University,Approved,Approved,A,No,,Tier 2,http://www.banka.ac.in,info@banka.ac.in,admissions@banka.ac.in,placement@banka.ac.in,+91-80-739-1953,Civil Engineering,B.Tech,60,360,2021,Rural,Yes,Yes
1-44638159683,1-44638159683,U-0440,GOVERNMENT ENGINEERING COLLEGE BANKA,Active,Bihar,Banka,Banka,"GOVERNMENT ENGINEERING COLLEGE BANKA, VILL- LAKRIKOLA, P.O.- MANJIRA, P.S.- BANKA, DIST- BANKA -",800424,25.093724,85.32578,Government,Bihar Engineering University,Approved,Approved,A,No,,Tier 2,http://www.banka.ac.in,info@banka.ac.in,admissions@banka.ac.in,placement@banka.ac.in,+91-80-739-1953,Mechanical Engineering,B.Tech,60,360,2021,Rural,Yes,Yes
1-44638159683,1-44638159683,U-0440,GOVERNMENT ENGINEERING COLLEGE BANKA,Active,Bihar,Banka,Banka,"GOVERNMENT ENGINEERING COLLEGE BANKA, VILL- LAKRIKOLA, P.O.- MANJIRA, P.S.- BANKA, DIST- BANKA -",800424,25.093724,85.32578,Government,Bihar Engineering University,Approved,Approved,A,No,,Tier 2,http://www.banka.ac.in,info@banka.ac.in,admissions@banka.ac.in,placement@banka.ac.in,+91-80-739-1953,Electrical Engineering,B.Tech,60,360,2021,Rural,Yes,Yes
1-44638159683,1-44638159683,U-0440,GOVERNMENT ENGINEERING COLLEGE BANKA,Active,Bihar,Banka,Banka,"GOVERNMENT ENGINEERING COLLEGE BANKA, VILL- LAKRIKOLA, P.O.- MANJIRA, P.S.- BANKA, DIST- BANKA -",800424,25.093724,85.32578,Government,Bihar Engineering University,Approved,Approved,A,No,,Tier 2,http://www.banka.ac.in,info@banka.ac.in,admissions@banka.ac.in,placement@banka.ac.in,+91-80-739-1953,Electronics & Communication Engineering (ECE),B.Tech,60,360,2021,Rural,Yes,Yes
1-44638159683,1-44638159683,U-0440,GOVERNMENT ENGINEERING COLLEGE BANKA,Active,Bihar,Banka,Banka,"GOVERNMENT ENGINEERING COLLEGE BANKA, VILL- LAKRIKOLA, P.O.- MANJIRA, P.S.- BANKA, DIST- BANKA -",800424,25.093724,85.32578,Government,Bihar Engineering University,Approved,Approved,A,No,,Tier 2,http://www.banka.ac.in,info@banka.ac.in,admissions@banka.ac.in,placement@banka.ac.in,+91-80-739-1953,Computer Science Engineering (CSE),B.Tech,60,360,2021,Rural,Yes,Yes
1-44638159683,1-44638159683,U-0440,GOVERNMENT ENGINEERING COLLEGE BANKA,Active,Bihar,Banka,Banka,"GOVERNMENT ENGINEERING COLLEGE BANKA, VILL- LAKRIKOLA, P.O.- MANJIRA, P.S.- BANKA, DIST- BANKA -",800424,25.093724,85.32578,Government,Bihar Engineering University,Approved,Approved,A,No,,Tier 2,http://www.banka.ac.in,info@banka.ac.in,admissions@banka.ac.in,placement@banka.ac.in,+91-80-739-1953,IoT,B.Tech,60,360,2021,Rural,Yes,Yes
1-44638220187,1-44638220187,U-0272,GOVERNMENT ENGINEERING COLLEGE SHEOHAR,Active,Bihar,Sheohar,Sheohar,"TEMPORARY CAMPUS, GOVERNMENT POLYTECHNIC SHEOHAR,POST - CHAMAMPUR, P.S - PIPARAHI DISTRICT - SHEOHAR(843329), BIHAR",843329,25.109763,85.325757,Government,"BIHAR ENGINEERING UNIVERSITY, PATNA",Approved,Approved,A,No,,Tier 2,http://www.sheohar.ac.in,info@sheohar.ac.in,admissions@sheohar.ac.in,placement@sheohar.ac.in,+91-80-411-9377,Civil Engineering,B.Tech,60,360,1987,Rural,No,Yes
1-44638220187,1-44638220187,U-0272,GOVERNMENT ENGINEERING COLLEGE SHEOHAR,Active,Bihar,Sheohar,Sheohar,"TEMPORARY CAMPUS, GOVERNMENT POLYTECHNIC SHEOHAR,POST - CHAMAMPUR, P.S - PIPARAHI DISTRICT - SHEOHAR(843329), BIHAR",843329,25.109763,85.325757,Government,"BIHAR ENGINEERING UNIVERSITY, PATNA",Approved,Approved,A,No,,Tier 2,http://www.sheohar.ac.in,info@sheohar.ac.in,admissions@sheohar.ac.in,placement@sheohar.ac.in,+91-80-411-9377,Electrical Engineering,B.Tech,60,360,1987,Rural,No,Yes
1-44638220187,1-44638220187,U-0272,GOVERNMENT ENGINEERING COLLEGE SHEOHAR,Active,Bihar,Sheohar,Sheohar,"TEMPORARY CAMPUS, GOVERNMENT POLYTECHNIC SHEOHAR,POST - CHAMAMPUR, P.S - PIPARAHI DISTRICT - SHEOHAR(843329), BIHAR",843329,25.109763,85.325757,Government,"BIHAR ENGINEERING UNIVERSITY, PATNA",Approved,Approved,A,No,,Tier 2,http://www.sheohar.ac.in,info@sheohar.ac.in,admissions@sheohar.ac.in,placement@sheohar.ac.in,+91-80-411-9377,Electronics & Communication Engineering (ECE),B.Tech,60,360,1987,Rural,No,Yes
1-44638220187,1-44638220187,U-0272,GOVERNMENT ENGINEERING COLLEGE SHEOHAR,Active,Bihar,Sheohar,Sheohar,"TEMPORARY CAMPUS, GOVERNMENT POLYTECHNIC SHEOHAR,POST - CHAMAMPUR, P.S - PIPARAHI DISTRICT - SHEOHAR(843329), BIHAR",843329,25.109763,85.325757,Government,"BIHAR ENGINEERING UNIVERSITY, PATNA",Approved,Approved,A,No,,Tier 2,http://www.sheohar.ac.in,info@sheohar.ac.in,admissions@sheohar.ac.in,placement@sheohar.ac.in,+91-80-411-9377,Mechanical Engineering,B.Tech,60,360,1987,Rural,No,Yes
1-44638220187,1-44638220187,U-0272,GOVERNMENT ENGINEERING COLLEGE SHEOHAR,Active,Bihar,Sheohar,Sheohar,"TEMPORARY CAMPUS, GOVERNMENT POLYTECHNIC SHEOHAR,POST - CHAMAMPUR, P.S - PIPARAHI DISTRICT - SHEOHAR(843329), BIHAR",843329,25.109763,85.325757,Government,"BIHAR ENGINEERING UNIVERSITY, PATNA",Approved,Approved,A,No,,Tier 2,http://www.sheohar.ac.in,info@sheohar.ac.in,admissions@sheohar.ac.in,placement@sheohar.ac.in,+91-80-411-9377,Data Science,B.Tech,60,360,1987,Rural,No,Yes
1-44638220187,1-44638220187,U-0272,GOVERNMENT ENGINEERING COLLEGE SHEOHAR,Active,Bihar,Sheohar,Sheohar,"TEMPORARY CAMPUS, GOVERNMENT POLYTECHNIC SHEOHAR,POST - CHAMAMPUR, P.S - PIPARAHI DISTRICT - SHEOHAR(843329), BIHAR",843329,25.109763,85.325757,Government,"BIHAR ENGINEERING UNIVERSITY, PATNA",Approved,Approved,A,No,,Tier 2,http://www.sheohar.ac.in,info@sheohar.ac.in,admissions@sheohar.ac.in,placement@sheohar.ac.in,+91-80-411-9377,Information Technology (IT),B.Tech,60,360,1987,Rural,No,Yes
1-44638220667,1-44638220667,U-0057,GOVERNMENT ENGINEERING COLLEGE KISHANGANJ,Active,Bihar,Kishanganj,Kishanganj,"CAMPUS OF GOVERNMENT POLYTECHNIC KISHANGANJ, P.O- NAINAGACHHI, BLOCK- THAKURGANJ, PIN- 855116, MAHESH BATHNA, KISHANGANJ, BIHAR, 855116",855116,25.092174,85.328697,Government,Bihar Engineering University Patna,Approved,Approved,B,No,,Tier 3,http://www.kishanganj.ac.in,info@kishanganj.ac.in,admissions@kishanganj.ac.in,placement@kishanganj.ac.in,+91-80-674-2243,Civil Engineering,B.Tech,60,360,1992,Urban,Yes,Yes
1-44638220667,1-44638220667,U-0057,GOVERNMENT ENGINEERING COLLEGE KISHANGANJ,Active,Bihar,Kishanganj,Kishanganj,"CAMPUS OF GOVERNMENT POLYTECHNIC KISHANGANJ, P.O- NAINAGACHHI, BLOCK- THAKURGANJ, PIN- 855116, MAHESH BATHNA, KISHANGANJ, BIHAR, 855116",855116,25.092174,85.328697,Government,Bihar Engineering University Patna,Approved,Approved,B,No,,Tier 3,http://www.kishanganj.ac.in,info@kishanganj.ac.in,admissions@kishanganj.ac.in,placement@kishanganj.ac.in,+91-80-674-2243,Mechanical Engineering,B.Tech,60,360,1992,Urban,Yes,Yes
1-44638220667,1-44638220667,U-0057,GOVERNMENT ENGINEERING COLLEGE KISHANGANJ,Active,Bihar,Kishanganj,Kishanganj,"CAMPUS OF GOVERNMENT POLYTECHNIC KISHANGANJ, P.O- NAINAGACHHI, BLOCK- THAKURGANJ, PIN- 855116, MAHESH BATHNA, KISHANGANJ, BIHAR, 855116",855116,25.092174,85.328697,Government,Bihar Engineering University Patna,Approved,Approved,B,No,,Tier 3,http://www.kishanganj.ac.in,info@kishanganj.ac.in,admissions@kishanganj.ac.in,placement@kishanganj.ac.in,+91-80-674-2243,Electrical Engineering,B.Tech,60,360,1992,Urban,Yes,Yes
1-44638220667,1-44638220667,U-0057,GOVERNMENT ENGINEERING COLLEGE KISHANGANJ,Active,Bihar,Kishanganj,Kishanganj,"CAMPUS OF GOVERNMENT POLYTECHNIC KISHANGANJ, P.O- NAINAGACHHI, BLOCK- THAKURGANJ, PIN- 855116, MAHESH BATHNA, KISHANGANJ, BIHAR, 855116",855116,25.092174,85.328697,Government,Bihar Engineering University Patna,Approved,Approved,B,No,,Tier 3,http://www.kishanganj.ac.in,info@kishanganj.ac.in,admissions@kishanganj.ac.in,placement@kishanganj.ac.in,+91-80-674-2243,Electronics & Communication Engineering (ECE),B.Tech,60,360,1992,Urban,Yes,Yes
1-44638220667,1-44638220667,U-0057,GOVERNMENT ENGINEERING COLLEGE KISHANGANJ,Active,Bihar,Kishanganj,Kishanganj,"CAMPUS OF GOVERNMENT POLYTECHNIC KISHANGANJ, P.O- NAINAGACHHI, BLOCK- THAKURGANJ, PIN- 855116, MAHESH BATHNA, KISHANGANJ, BIHAR, 855116",855116,25.092174,85.328697,Government,Bihar Engineering University Patna,Approved,Approved,B,No,,Tier 3,http://www.kishanganj.ac.in,info@kishanganj.ac.in,admissions@kishanganj.ac.in,placement@kishanganj.ac.in,+91-80-674-2243,Computer Science Engineering (CSE),B.Tech,60,360,1992,Urban,Yes,Yes
1-44638220667,1-44638220667,U-0057,GOVERNMENT ENGINEERING COLLEGE KISHANGANJ,Active,Bihar,Kishanganj,Kishanganj,"CAMPUS OF GOVERNMENT POLYTECHNIC KISHANGANJ, P.O- NAINAGACHHI, BLOCK- THAKURGANJ, PIN- 855116, MAHESH BATHNA, KISHANGANJ, BIHAR, 855116",855116,25.092174,85.328697,Government,Bihar Engineering University Patna,Approved,Approved,B,No,,Tier 3,http://www.kishanganj.ac.in,info@kishanganj.ac.in,admissions@kishanganj.ac.in,placement@kishanganj.ac.in,+91-80-674-2243,Artificial Intelligence & Machine Learning (AI & ML),B.Tech,60,360,1992,Urban,Yes,Yes
1-44638137526,1-44638137526,U-0831,GOVERNMENT ENGINEERING COLLEGE BHOJPUR,Active,Bihar,Bhojpur,Bhojpur,"GOVERNMENT ENGINEERING COLLEGE BHOJPUR, SOUTH EAST RAMNA ROAD, NEAR MAHARAJA COLLEGE, ARA - 802301",802301,25.083321,85.324073,Government,BIHAR ENGINEERING UNIVERSITY PATNA,Approved,Approved,B++,Yes,,Tier 3,http://www.bhojpur.ac.in,info@bhojpur.ac.in,admissions@bhojpur.ac.in,placement@bhojpur.ac.in,+91-80-302-8934,Civil Engineering,B.Tech,60,360,1988,Urban,No,Yes
1-44638137526,1-44638137526,U-0831,GOVERNMENT ENGINEERING COLLEGE BHOJPUR,Active,Bihar,Bhojpur,Bhojpur,"GOVERNMENT ENGINEERING COLLEGE BHOJPUR, SOUTH EAST RAMNA ROAD, NEAR MAHARAJA COLLEGE, ARA - 802301",802301,25.083321,85.324073,Government,BIHAR ENGINEERING UNIVERSITY PATNA,Approved,Approved,B++,Yes,,Tier 3,http://www.bhojpur.ac.in,info@bhojpur.ac.in,admissions@bhojpur.ac.in,placement@bhojpur.ac.in,+91-80-302-8934,Mechanical Engineering,B.Tech,60,360,1988,Urban,No,Yes
1-44638137526,1-44638137526,U-0831,GOVERNMENT ENGINEERING COLLEGE BHOJPUR,Active,Bihar,Bhojpur,Bhojpur,"GOVERNMENT ENGINEERING COLLEGE BHOJPUR, SOUTH EAST RAMNA ROAD, NEAR MAHARAJA COLLEGE, ARA - 802301",802301,25.083321,85.324073,Government,BIHAR ENGINEERING UNIVERSITY PATNA,Approved,Approved,B++,Yes,,Tier 3,http://www.bhojpur.ac.in,info@bhojpur.ac.in,admissions@bhojpur.ac.in,placement@bhojpur.ac.in,+91-80-302-8934,Electrical Engineering,B.Tech,60,360,1988,Urban,No,Yes
1-44638137526,1-44638137526,U-0831,GOVERNMENT ENGINEERING COLLEGE BHOJPUR,Active,Bihar,Bhojpur,Bhojpur,"GOVERNMENT ENGINEERING COLLEGE BHOJPUR, SOUTH EAST RAMNA ROAD, NEAR MAHARAJA COLLEGE, ARA - 802301",802301,25.083321,85.324073,Government,BIHAR ENGINEERING UNIVERSITY PATNA,Approved,Approved,B++,Yes,,Tier 3,http://www.bhojpur.ac.in,info@bhojpur.ac.in,admissions@bhojpur.ac.in,placement@bhojpur.ac.in,+91-80-302-8934,Other Engineering Branches,B.Tech,30,360,1988,Urban,No,Yes
1-44638137526,1-44638137526,U-0831,GOVERNMENT ENGINEERING COLLEGE BHOJPUR,Active,Bihar,Bhojpur,Bhojpur,"GOVERNMENT ENGINEERING COLLEGE BHOJPUR, SOUTH EAST RAMNA ROAD, NEAR MAHARAJA COLLEGE, ARA - 802301",802301,25.083321,85.324073,Government,BIHAR ENGINEERING UNIVERSITY PATNA,Approved,Approved,B++,Yes,,Tier 3,http://www.bhojpur.ac.in,info@bhojpur.ac.in,admissions@bhojpur.ac.in,placement@bhojpur.ac.in,+91-80-302-8934,Electronics & Communication Engineering (ECE),B.Tech,60,360,1988,Urban,No,Yes
1-44638137526,1-44638137526,U-0831,GOVERNMENT ENGINEERING COLLEGE BHOJPUR,Active,Bihar,Bhojpur,Bhojpur,"GOVERNMENT ENGINEERING COLLEGE BHOJPUR, SOUTH EAST RAMNA ROAD, NEAR MAHARAJA COLLEGE, ARA - 802301",802301,25.083321,85.324073,Government,BIHAR ENGINEERING UNIVERSITY PATNA,Approved,Approved,B++,Yes,,Tier 3,http://www.bhojpur.ac.in,info@bhojpur.ac.in,admissions@bhojpur.ac.in,placement@bhojpur.ac.in,+91-80-302-8934,Computer Science Engineering (CSE),B.Tech,90,360,1988,Urban,No,Yes
1-44638138017,1-44638138017,U-0831,GOVERNMENT ENGINEERING COLLEGE NAWADA,Active,Bihar,Nawada,Nawada,"CAMPUS OF GOVT. POLYTECHNIC NAWADA, AT- KHANWAN, P.S.- NARHAT, NAWADA",800784,25.102786,85.327938,Government,BIHAR ENGINEERING UNIVERSITY PATNA,Approved,Approved,B++,Yes,,Tier 3,http://www.nawada.ac.in,info@nawada.ac.in,admissions@nawada.ac.in,placement@nawada.ac.in,+91-80-119-3054,Civil Engineering,B.Tech,120,360,2003,Urban,Yes,Yes
1-44638138017,1-44638138017,U-0831,GOVERNMENT ENGINEERING COLLEGE NAWADA,Active,Bihar,Nawada,Nawada,"CAMPUS OF GOVT. POLYTECHNIC NAWADA, AT- KHANWAN, P.S.- NARHAT, NAWADA",800784,25.102786,85.327938,Government,BIHAR ENGINEERING UNIVERSITY PATNA,Approved,Approved,B++,Yes,,Tier 3,http://www.nawada.ac.in,info@nawada.ac.in,admissions@nawada.ac.in,placement@nawada.ac.in,+91-80-119-3054,Mechanical Engineering,B.Tech,60,360,2003,Urban,Yes,Yes
1-44638138017,1-44638138017,U-0831,GOVERNMENT ENGINEERING COLLEGE NAWADA,Active,Bihar,Nawada,Nawada,"CAMPUS OF GOVT. POLYTECHNIC NAWADA, AT- KHANWAN, P.S.- NARHAT, NAWADA",800784,25.102786,85.327938,Government,BIHAR ENGINEERING UNIVERSITY PATNA,Approved,Approved,B++,Yes,,Tier 3,http://www.nawada.ac.in,info@nawada.ac.in,admissions@nawada.ac.in,placement@nawada.ac.in,+91-80-119-3054,Electrical Engineering,B.Tech,60,360,2003,Urban,Yes,Yes
1-44638138017,1-44638138017,U-0831,GOVERNMENT ENGINEERING COLLEGE NAWADA,Active,Bihar,Nawada,Nawada,"CAMPUS OF GOVT. POLYTECHNIC NAWADA, AT- KHANWAN, P.S.- NARHAT, NAWADA",800784,25.102786,85.327938,Government,BIHAR ENGINEERING UNIVERSITY PATNA,Approved,Approved,B++,Yes,,Tier 3,http://www.nawada.ac.in,info@nawada.ac.in,admissions@nawada.ac.in,placement@nawada.ac.in,+91-80-119-3054,Electronics & Communication Engineering (ECE),B.Tech,60,360,2003,Urban,Yes,Yes
1-44638138017,1-44638138017,U-0831,GOVERNMENT ENGINEERING COLLEGE NAWADA,Active,Bihar,Nawada,Nawada,"CAMPUS OF GOVT. POLYTECHNIC NAWADA, AT- KHANWAN, P.S.- NARHAT, NAWADA",800784,25.102786,85.327938,Government,BIHAR ENGINEERING UNIVERSITY PATNA,Approved,Approved,B++,Yes,,Tier 3,http://www.nawada.ac.in,info@nawada.ac.in,admissions@nawada.ac.in,placement@nawada.ac.in,+91-80-119-3054,Computer Science Engineering (CSE),B.Tech,60,360,2003,Urban,Yes,Yes
1-44638233936,1-44638233936,U-0992,DR. C. V. RAMAN UNIVERSITY,Active,Bihar,Vaishali,Vaishali,"BLOCK- BHAGWANPUR, NH-22(PATNA- MUZAFFARPUR HIGHWAY), DIST- VAISHALI",800990,25.101035,85.299056,State Private University,NOT APPLICABLE,Approved,Approved,B,No,,Tier 3,http://www.drcv.ac.in,info@drcv.ac.in,admissions@drcv.ac.in,placement@drcv.ac.in,+91-80-045-8406,Computer Science Engineering (CSE),Diploma,60,300,1996,Urban,Yes,Yes
1-44638233936,1-44638233936,U-0992,DR. C. V. RAMAN UNIVERSITY,Active,Bihar,Vaishali,Vaishali,"BLOCK- BHAGWANPUR, NH-22(PATNA- MUZAFFARPUR HIGHWAY), DIST- VAISHALI",800990,25.101035,85.299056,State Private University,NOT APPLICABLE,Approved,Approved,B,No,,Tier 3,http://www.drcv.ac.in,info@drcv.ac.in,admissions@drcv.ac.in,placement@drcv.ac.in,+91-80-045-8406,Civil Engineering,Diploma,60,300,1996,Urban,Yes,Yes
1-44638233936,1-44638233936,U-0992,DR. C. V. RAMAN UNIVERSITY,Active,Bihar,Vaishali,Vaishali,"BLOCK- BHAGWANPUR, NH-22(PATNA- MUZAFFARPUR HIGHWAY), DIST- VAISHALI",800990,25.101035,85.299056,State Private University,NOT APPLICABLE,Approved,Approved,B,No,,Tier 3,http://www.drcv.ac.in,info@drcv.ac.in,admissions@drcv.ac.in,placement@drcv.ac.in,+91-80-045-8406,Mechanical Engineering,Diploma,60,300,1996,Urban,Yes,Yes
1-44638233936,1-44638233936,U-0992,DR. C. V. RAMAN UNIVERSITY,Active,Bihar,Vaishali,Vaishali,"BLOCK- BHAGWANPUR, NH-22(PATNA- MUZAFFARPUR HIGHWAY), DIST- VAISHALI",800990,25.101035,85.299056,State Private University,NOT APPLICABLE,Approved,Approved,B,No,,Tier 3,http://www.drcv.ac.in,info@drcv.ac.in,admissions@drcv.ac.in,placement@drcv.ac.in,+91-80-045-8406,Electrical Engineering,Diploma,60,300,1996,Urban,Yes,Yes
1-44638233936,1-44638233936,U-0992,DR. C. V. RAMAN UNIVERSITY,Active,Bihar,Vaishali,Vaishali,"BLOCK- BHAGWANPUR, NH-22(PATNA- MUZAFFARPUR HIGHWAY), DIST- VAISHALI",800990,25.101035,85.299056,State Private University,NOT APPLICABLE,Approved,Approved,B,No,,Tier 3,http://www.drcv.ac.in,info@drcv.ac.in,admissions@drcv.ac.in,placement@drcv.ac.in,+91-80-045-8406,Agricultural Engineering,Diploma,60,300,1996,Urban,Yes,Yes
1-44638271836,1-44638271836,U-0698,GOVT. POLYTECHNIC ARARIA,Active,Bihar,Araria,Araria,RAMPUR KODARKATTI ARARIA,800469,25.081328,85.309013,Government,"State Board of Technical Education, Patna",Approved,Approved,A,No,,Tier 2,http://www.govtararia.ac.in,info@govtararia.ac.in,admissions@govtararia.ac.in,placement@govtararia.ac.in,+91-80-219-2997,Civil Engineering,Diploma,90,360,1999,Urban,Yes,Yes
1-44638271836,1-44638271836,U-0698,GOVT. POLYTECHNIC ARARIA,Active,Bihar,Araria,Araria,RAMPUR KODARKATTI ARARIA,800469,25.081328,85.309013,Government,"State Board of Technical Education, Patna",Approved,Approved,A,No,,Tier 2,http://www.govtararia.ac.in,info@govtararia.ac.in,admissions@govtararia.ac.in,placement@govtararia.ac.in,+91-80-219-2997,Mechanical Engineering,Diploma,60,360,1999,Urban,Yes,Yes
1-44638271836,1-44638271836,U-0698,GOVT. POLYTECHNIC ARARIA,Active,Bihar,Araria,Araria,RAMPUR KODARKATTI ARARIA,800469,25.081328,85.309013,Government,"State Board of Technical Education, Patna",Approved,Approved,A,No,,Tier 2,http://www.govtararia.ac.in,info@govtararia.ac.in,admissions@govtararia.ac.in,placement@govtararia.ac.in,+91-80-219-2997,Electrical Engineering,Diploma,90,360,1999,Urban,Yes,Yes
1-44638271836,1-44638271836,U-0698,GOVT. POLYTECHNIC ARARIA,Active,Bihar,Araria,Araria,RAMPUR KODARKATTI ARARIA,800469,25.081328,85.309013,Government,"State Board of Technical Education, Patna",Approved,Approved,A,No,,Tier 2,http://www.govtararia.ac.in,info@govtararia.ac.in,admissions@govtararia.ac.in,placement@govtararia.ac.in,+91-80-219-2997,Other Engineering Branches,Diploma,60,360,1999,Urban,Yes,Yes
1-44638271836,1-44638271836,U-0698,GOVT. POLYTECHNIC ARARIA,Active,Bihar,Araria,Araria,RAMPUR KODARKATTI ARARIA,800469,25.081328,85.309013,Government,"State Board of Technical Education, Patna",Approved,Approved,A,No,,Tier 2,http://www.govtararia.ac.in,info@govtararia.ac.in,admissions@govtararia.ac.in,placement@govtararia.ac.in,+91-80-219-2997,Computer Science Engineering (CSE),Diploma,60,360,1999,Urban,Yes,Yes
1-44638237016,1-44638237016,U-0846,"PURNEA COLLEGE OF ENGINEERING,  PURNIA",Active,Bihar,Purnia,Purnia,"PURNEA COLLEGE OF ENGINEERING PURNEA NEAR RAM NAGAR AND SUBHASH NAGAR, PURNEA-854303",854303,25.082276,85.30727,Government,"Bihar Engineering University, Patna",Approved,Approved,B++,Yes,,Tier 3,http://www.purneapurnia.ac.in,info@purneapurnia.ac.in,admissions@purneapurnia.ac.in,placement@purneapurnia.ac.in,+91-80-259-0554,Civil Engineering,B.Tech,60,360,2010,Urban,Yes,Yes
1-44638237016,1-44638237016,U-0846,"PURNEA COLLEGE OF ENGINEERING,  PURNIA",Active,Bihar,Purnia,Purnia,"PURNEA COLLEGE OF ENGINEERING PURNEA NEAR RAM NAGAR AND SUBHASH NAGAR, PURNEA-854303",854303,25.082276,85.30727,Government,"Bihar Engineering University, Patna",Approved,Approved,B++,Yes,,Tier 3,http://www.purneapurnia.ac.in,info@purneapurnia.ac.in,admissions@purneapurnia.ac.in,placement@purneapurnia.ac.in,+91-80-259-0554,Mechanical Engineering,B.Tech,60,360,2010,Urban,Yes,Yes
1-44638237016,1-44638237016,U-0846,"PURNEA COLLEGE OF ENGINEERING,  PURNIA",Active,Bihar,Purnia,Purnia,"PURNEA COLLEGE OF ENGINEERING PURNEA NEAR RAM NAGAR AND SUBHASH NAGAR, PURNEA-854303",854303,25.082276,85.30727,Government,"Bihar Engineering University, Patna",Approved,Approved,B++,Yes,,Tier 3,http://www.purneapurnia.ac.in,info@purneapurnia.ac.in,admissions@purneapurnia.ac.in,placement@purneapurnia.ac.in,+91-80-259-0554,Electrical Engineering,B.Tech,60,360,2010,Urban,Yes,Yes
1-44638237016,1-44638237016,U-0846,"PURNEA COLLEGE OF ENGINEERING,  PURNIA",Active,Bihar,Purnia,Purnia,"PURNEA COLLEGE OF ENGINEERING PURNEA NEAR RAM NAGAR AND SUBHASH NAGAR, PURNEA-854303",854303,25.082276,85.30727,Government,"Bihar Engineering University, Patna",Approved,Approved,B++,Yes,,Tier 3,http://www.purneapurnia.ac.in,info@purneapurnia.ac.in,admissions@purneapurnia.ac.in,placement@purneapurnia.ac.in,+91-80-259-0554,Electronics & Communication Engineering (ECE),B.Tech,60,360,2010,Urban,Yes,Yes
1-44638237016,1-44638237016,U-0846,"PURNEA COLLEGE OF ENGINEERING,  PURNIA",Active,Bihar,Purnia,Purnia,"PURNEA COLLEGE OF ENGINEERING PURNEA NEAR RAM NAGAR AND SUBHASH NAGAR, PURNEA-854303",854303,25.082276,85.30727,Government,"Bihar Engineering University, Patna",Approved,Approved,B++,Yes,,Tier 3,http://www.purneapurnia.ac.in,info@purneapurnia.ac.in,admissions@purneapurnia.ac.in,placement@purneapurnia.ac.in,+91-80-259-0554,Computer Science Engineering (CSE),B.Tech,120,360,2010,Urban,Yes,Yes
1-44638237538,1-44638237538,U-0698,"GOVT. POLYTECHNIC, BANKA",Active,Bihar,Banka,Banka,"PRINCIPAL GOVT. POLYTECHNIC, BANKA VILL- KOTWALI, PO-HARCHANDI DIST- BANKA PIN-813105",813105,25.085789,85.314439,Government,"State Board of Technical Education, Patna",Approved,Approved,A+,Yes,,Tier 2,http://www.govtbanka.ac.in,info@govtbanka.ac.in,admissions@govtbanka.ac.in,placement@govtbanka.ac.in,+91-80-406-3880,Civil Engineering,Diploma,120,360,1983,Rural,Yes,Yes
1-44638237538,1-44638237538,U-0698,"GOVT. POLYTECHNIC, BANKA",Active,Bihar,Banka,Banka,"PRINCIPAL GOVT. POLYTECHNIC, BANKA VILL- KOTWALI, PO-HARCHANDI DIST- BANKA PIN-813105",813105,25.085789,85.314439,Government,"State Board of Technical Education, Patna",Approved,Approved,A+,Yes,,Tier 2,http://www.govtbanka.ac.in,info@govtbanka.ac.in,admissions@govtbanka.ac.in,placement@govtbanka.ac.in,+91-80-406-3880,Electrical Engineering,Diploma,60,360,1983,Rural,Yes,Yes
1-44638237538,1-44638237538,U-0698,"GOVT. POLYTECHNIC, BANKA",Active,Bihar,Banka,Banka,"PRINCIPAL GOVT. POLYTECHNIC, BANKA VILL- KOTWALI, PO-HARCHANDI DIST- BANKA PIN-813105",813105,25.085789,85.314439,Government,"State Board of Technical Education, Patna",Approved,Approved,A+,Yes,,Tier 2,http://www.govtbanka.ac.in,info@govtbanka.ac.in,admissions@govtbanka.ac.in,placement@govtbanka.ac.in,+91-80-406-3880,Other Engineering Branches,Diploma,60,360,1983,Rural,Yes,Yes
1-44638237538,1-44638237538,U-0698,"GOVT. POLYTECHNIC, BANKA",Active,Bihar,Banka,Banka,"PRINCIPAL GOVT. POLYTECHNIC, BANKA VILL- KOTWALI, PO-HARCHANDI DIST- BANKA PIN-813105",813105,25.085789,85.314439,Government,"State Board of Technical Education, Patna",Approved,Approved,A+,Yes,,Tier 2,http://www.govtbanka.ac.in,info@govtbanka.ac.in,admissions@govtbanka.ac.in,placement@govtbanka.ac.in,+91-80-406-3880,Mechanical Engineering,Diploma,60,360,1983,Rural,Yes,Yes
1-44638237538,1-44638237538,U-0698,"GOVT. POLYTECHNIC, BANKA",Active,Bihar,Banka,Banka,"PRINCIPAL GOVT. POLYTECHNIC, BANKA VILL- KOTWALI, PO-HARCHANDI DIST- BANKA PIN-813105",813105,25.085789,85.314439,Government,"State Board of Technical Education, Patna",Approved,Approved,A+,Yes,,Tier 2,http://www.govtbanka.ac.in,info@govtbanka.ac.in,admissions@govtbanka.ac.in,placement@govtbanka.ac.in,+91-80-406-3880,Computer Science Engineering (CSE),Diploma,60,360,1983,Rural,Yes,Yes
1-44638689423,1-44638689423,U-0057,GOVERNMENT ENGINEERING COLLEGE GOPALGANJ,Active,Bihar,Gopalganj,Gopalganj,"GOVERNMENT ENGINEERING COLLEGE GOPALGANJ, AT- TOLA SIPAYA, PS- BISHMBHARPUR, KUCHAIKOT, DIST- GOPALGANJ",800713,25.096326,85.318053,Government,Bihar Engineering University Patna,Approved,Approved,B,No,,Tier 3,http://www.gopalganj.ac.in,info@gopalganj.ac.in,admissions@gopalganj.ac.in,placement@gopalganj.ac.in,+91-80-848-3487,Civil Engineering,B.Tech,60,360,1987,Urban,Yes,Yes
1-44638689423,1-44638689423,U-0057,GOVERNMENT ENGINEERING COLLEGE GOPALGANJ,Active,Bihar,Gopalganj,Gopalganj,"GOVERNMENT ENGINEERING COLLEGE GOPALGANJ, AT- TOLA SIPAYA, PS- BISHMBHARPUR, KUCHAIKOT, DIST- GOPALGANJ",800713,25.096326,85.318053,Government,Bihar Engineering University Patna,Approved,Approved,B,No,,Tier 3,http://www.gopalganj.ac.in,info@gopalganj.ac.in,admissions@gopalganj.ac.in,placement@gopalganj.ac.in,+91-80-848-3487,Mechanical Engineering,B.Tech,30,360,1987,Urban,Yes,Yes
1-44638689423,1-44638689423,U-0057,GOVERNMENT ENGINEERING COLLEGE GOPALGANJ,Active,Bihar,Gopalganj,Gopalganj,"GOVERNMENT ENGINEERING COLLEGE GOPALGANJ, AT- TOLA SIPAYA, PS- BISHMBHARPUR, KUCHAIKOT, DIST- GOPALGANJ",800713,25.096326,85.318053,Government,Bihar Engineering University Patna,Approved,Approved,B,No,,Tier 3,http://www.gopalganj.ac.in,info@gopalganj.ac.in,admissions@gopalganj.ac.in,placement@gopalganj.ac.in,+91-80-848-3487,Electrical Engineering,B.Tech,60,360,1987,Urban,Yes,Yes
1-44638689423,1-44638689423,U-0057,GOVERNMENT ENGINEERING COLLEGE GOPALGANJ,Active,Bihar,Gopalganj,Gopalganj,"GOVERNMENT ENGINEERING COLLEGE GOPALGANJ, AT- TOLA SIPAYA, PS- BISHMBHARPUR, KUCHAIKOT, DIST- GOPALGANJ",800713,25.096326,85.318053,Government,Bihar Engineering University Patna,Approved,Approved,B,No,,Tier 3,http://www.gopalganj.ac.in,info@gopalganj.ac.in,admissions@gopalganj.ac.in,placement@gopalganj.ac.in,+91-80-848-3487,Cyber Security,B.Tech,60,360,1987,Urban,Yes,Yes
1-44638689423,1-44638689423,U-0057,GOVERNMENT ENGINEERING COLLEGE GOPALGANJ,Active,Bihar,Gopalganj,Gopalganj,"GOVERNMENT ENGINEERING COLLEGE GOPALGANJ, AT- TOLA SIPAYA, PS- BISHMBHARPUR, KUCHAIKOT, DIST- GOPALGANJ",800713,25.096326,85.318053,Government,Bihar Engineering University Patna,Approved,Approved,B,No,,Tier 3,http://www.gopalganj.ac.in,info@gopalganj.ac.in,admissions@gopalganj.ac.in,placement@gopalganj.ac.in,+91-80-848-3487,Aeronautical Engineering,B.Tech,30,360,1987,Urban,Yes,Yes
1-44638689423,1-44638689423,U-0057,GOVERNMENT ENGINEERING COLLEGE GOPALGANJ,Active,Bihar,Gopalganj,Gopalganj,"GOVERNMENT ENGINEERING COLLEGE GOPALGANJ, AT- TOLA SIPAYA, PS- BISHMBHARPUR, KUCHAIKOT, DIST- GOPALGANJ",800713,25.096326,85.318053,Government,Bihar Engineering University Patna,Approved,Approved,B,No,,Tier 3,http://www.gopalganj.ac.in,info@gopalganj.ac.in,admissions@gopalganj.ac.in,placement@gopalganj.ac.in,+91-80-848-3487,Other Engineering Branches,B.Tech,60,360,1987,Urban,Yes,Yes
1-44638689423,1-44638689423,U-0057,GOVERNMENT ENGINEERING COLLEGE GOPALGANJ,Active,Bihar,Gopalganj,Gopalganj,"GOVERNMENT ENGINEERING COLLEGE GOPALGANJ, AT- TOLA SIPAYA, PS- BISHMBHARPUR, KUCHAIKOT, DIST- GOPALGANJ",800713,25.096326,85.318053,Government,Bihar Engineering University Patna,Approved,Approved,B,No,,Tier 3,http://www.gopalganj.ac.in,info@gopalganj.ac.in,admissions@gopalganj.ac.in,placement@gopalganj.ac.in,+91-80-848-3487,Computer Science Engineering (CSE),B.Tech,60,360,1987,Urban,Yes,Yes
1-44638689953,1-44638689953,U-0831,GOVERNMENT ENGINEERING COLLEGE LAKHISARAI,Active,Bihar,Purnia,Purnia,"GOVERNMENT ENGINEERING COLLEGE LAKHISARAI, SHIVSONA, HALSI, LAKHISARAI, BIHAR 811311",811311,25.079468,85.332923,Government,BIHAR ENGINEERING UNIVERSITY PATNA,Approved,Approved,B++,Yes,,Tier 3,http://www.lakhisarai.ac.in,info@lakhisarai.ac.in,admissions@lakhisarai.ac.in,placement@lakhisarai.ac.in,+91-80-141-2862,Civil Engineering,B.Tech,120,360,1980,Urban,Yes,Yes
1-44638689953,1-44638689953,U-0831,GOVERNMENT ENGINEERING COLLEGE LAKHISARAI,Active,Bihar,Purnia,Purnia,"GOVERNMENT ENGINEERING COLLEGE LAKHISARAI, SHIVSONA, HALSI, LAKHISARAI, BIHAR 811311",811311,25.079468,85.332923,Government,BIHAR ENGINEERING UNIVERSITY PATNA,Approved,Approved,B++,Yes,,Tier 3,http://www.lakhisarai.ac.in,info@lakhisarai.ac.in,admissions@lakhisarai.ac.in,placement@lakhisarai.ac.in,+91-80-141-2862,Mechanical Engineering,B.Tech,60,360,1980,Urban,Yes,Yes
1-44638689953,1-44638689953,U-0831,GOVERNMENT ENGINEERING COLLEGE LAKHISARAI,Active,Bihar,Purnia,Purnia,"GOVERNMENT ENGINEERING COLLEGE LAKHISARAI, SHIVSONA, HALSI, LAKHISARAI, BIHAR 811311",811311,25.079468,85.332923,Government,BIHAR ENGINEERING UNIVERSITY PATNA,Approved,Approved,B++,Yes,,Tier 3,http://www.lakhisarai.ac.in,info@lakhisarai.ac.in,admissions@lakhisarai.ac.in,placement@lakhisarai.ac.in,+91-80-141-2862,Electrical Engineering,B.Tech,60,360,1980,Urban,Yes,Yes
1-44638689953,1-44638689953,U-0831,GOVERNMENT ENGINEERING COLLEGE LAKHISARAI,Active,Bihar,Purnia,Purnia,"GOVERNMENT ENGINEERING COLLEGE LAKHISARAI, SHIVSONA, HALSI, LAKHISARAI, BIHAR 811311",811311,25.079468,85.332923,Government,BIHAR ENGINEERING UNIVERSITY PATNA,Approved,Approved,B++,Yes,,Tier 3,http://www.lakhisarai.ac.in,info@lakhisarai.ac.in,admissions@lakhisarai.ac.in,placement@lakhisarai.ac.in,+91-80-141-2862,Computer Science Engineering (CSE),B.Tech,60,360,1980,Urban,Yes,Yes
1-44638689953,1-44638689953,U-0831,GOVERNMENT ENGINEERING COLLEGE LAKHISARAI,Active,Bihar,Purnia,Purnia,"GOVERNMENT ENGINEERING COLLEGE LAKHISARAI, SHIVSONA, HALSI, LAKHISARAI, BIHAR 811311",811311,25.079468,85.332923,Government,BIHAR ENGINEERING UNIVERSITY PATNA,Approved,Approved,B++,Yes,,Tier 3,http://www.lakhisarai.ac.in,info@lakhisarai.ac.in,admissions@lakhisarai.ac.in,placement@lakhisarai.ac.in,+91-80-141-2862,Data Science,B.Tech,60,360,1980,Urban,Yes,Yes
1-44638690506,1-44638690506,U-0831,GOVERNMENT ENGINEERING COLLEGE VAISHALI,Active,Bihar,Vaishali,Vaishali,"GOVERNMENT ENGINEERING COLLEGE VAISHALI, SHYAMPUR MANSURPUR, POST- CHAKSIKANDAR, DIST- VAISHALI, PIN-844115",844115,25.116087,85.312354,Government,BIHAR ENGINEERING UNIVERSITY PATNA,Approved,Approved,B,No,,Tier 3,http://www.vaishali.ac.in,info@vaishali.ac.in,admissions@vaishali.ac.in,placement@vaishali.ac.in,+91-80-677-1451,Mechanical Engineering,B.Tech,60,552,1989,Rural,Yes,Yes
1-44638690506,1-44638690506,U-0831,GOVERNMENT ENGINEERING COLLEGE VAISHALI,Active,Bihar,Vaishali,Vaishali,"GOVERNMENT ENGINEERING COLLEGE VAISHALI, SHYAMPUR MANSURPUR, POST- CHAKSIKANDAR, DIST- VAISHALI, PIN-844115",844115,25.116087,85.312354,Government,BIHAR ENGINEERING UNIVERSITY PATNA,Approved,Approved,B,No,,Tier 3,http://www.vaishali.ac.in,info@vaishali.ac.in,admissions@vaishali.ac.in,placement@vaishali.ac.in,+91-80-677-1451,Civil Engineering,B.Tech,60,552,1989,Rural,Yes,Yes
1-44638690506,1-44638690506,U-0831,GOVERNMENT ENGINEERING COLLEGE VAISHALI,Active,Bihar,Vaishali,Vaishali,"GOVERNMENT ENGINEERING COLLEGE VAISHALI, SHYAMPUR MANSURPUR, POST- CHAKSIKANDAR, DIST- VAISHALI, PIN-844115",844115,25.116087,85.312354,Government,BIHAR ENGINEERING UNIVERSITY PATNA,Approved,Approved,B,No,,Tier 3,http://www.vaishali.ac.in,info@vaishali.ac.in,admissions@vaishali.ac.in,placement@vaishali.ac.in,+91-80-677-1451,Electrical Engineering,B.Tech,60,552,1989,Rural,Yes,Yes
1-44638690506,1-44638690506,U-0831,GOVERNMENT ENGINEERING COLLEGE VAISHALI,Active,Bihar,Vaishali,Vaishali,"GOVERNMENT ENGINEERING COLLEGE VAISHALI, SHYAMPUR MANSURPUR, POST- CHAKSIKANDAR, DIST- VAISHALI, PIN-844115",844115,25.116087,85.312354,Government,BIHAR ENGINEERING UNIVERSITY PATNA,Approved,Approved,B,No,,Tier 3,http://www.vaishali.ac.in,info@vaishali.ac.in,admissions@vaishali.ac.in,placement@vaishali.ac.in,+91-80-677-1451,Electronics & Communication Engineering (ECE),B.Tech,120,552,1989,Rural,Yes,Yes
1-44638690506,1-44638690506,U-0831,GOVERNMENT ENGINEERING COLLEGE VAISHALI,Active,Bihar,Vaishali,Vaishali,"GOVERNMENT ENGINEERING COLLEGE VAISHALI, SHYAMPUR MANSURPUR, POST- CHAKSIKANDAR, DIST- VAISHALI, PIN-844115",844115,25.116087,85.312354,Government,BIHAR ENGINEERING UNIVERSITY PATNA,Approved,Approved,B,No,,Tier 3,http://www.vaishali.ac.in,info@vaishali.ac.in,admissions@vaishali.ac.in,placement@vaishali.ac.in,+91-80-677-1451,IoT,B.Tech,60,552,1989,Rural,Yes,Yes
1-44638690506,1-44638690506,U-0831,GOVERNMENT ENGINEERING COLLEGE VAISHALI,Active,Bihar,Vaishali,Vaishali,"GOVERNMENT ENGINEERING COLLEGE VAISHALI, SHYAMPUR MANSURPUR, POST- CHAKSIKANDAR, DIST- VAISHALI, PIN-844115",844115,25.116087,85.312354,Government,BIHAR ENGINEERING UNIVERSITY PATNA,Approved,Approved,B,No,,Tier 3,http://www.vaishali.ac.in,info@vaishali.ac.in,admissions@vaishali.ac.in,placement@vaishali.ac.in,+91-80-677-1451,Computer Science Engineering (CSE),B.Tech,60,552,1989,Rural,Yes,Yes
1-44638690506,1-44638690506,U-0831,GOVERNMENT ENGINEERING COLLEGE VAISHALI,Active,Bihar,Vaishali,Vaishali,"GOVERNMENT ENGINEERING COLLEGE VAISHALI, SHYAMPUR MANSURPUR, POST- CHAKSIKANDAR, DIST- VAISHALI, PIN-844115",844115,25.116087,85.312354,Government,BIHAR ENGINEERING UNIVERSITY PATNA,Approved,Approved,B,No,,Tier 3,http://www.vaishali.ac.in,info@vaishali.ac.in,admissions@vaishali.ac.in,placement@vaishali.ac.in,+91-80-677-1451,Electronics & Communication Engineering (ECE),M.Tech,30,552,1989,Rural,Yes,Yes
1-44638690506,1-44638690506,U-0831,GOVERNMENT ENGINEERING COLLEGE VAISHALI,Active,Bihar,Vaishali,Vaishali,"GOVERNMENT ENGINEERING COLLEGE VAISHALI, SHYAMPUR MANSURPUR, POST- CHAKSIKANDAR, DIST- VAISHALI, PIN-844115",844115,25.116087,85.312354,Government,BIHAR ENGINEERING UNIVERSITY PATNA,Approved,Approved,B,No,,Tier 3,http://www.vaishali.ac.in,info@vaishali.ac.in,admissions@vaishali.ac.in,placement@vaishali.ac.in,+91-80-677-1451,Electrical Engineering,M.Tech,18,552,1989,Rural,Yes,Yes
1-44638690506,1-44638690506,U-0831,GOVERNMENT ENGINEERING COLLEGE VAISHALI,Active,Bihar,Vaishali,Vaishali,"GOVERNMENT ENGINEERING COLLEGE VAISHALI, SHYAMPUR MANSURPUR, POST- CHAKSIKANDAR, DIST- VAISHALI, PIN-844115",844115,25.116087,85.312354,Government,BIHAR ENGINEERING UNIVERSITY PATNA,Approved,Approved,B,No,,Tier 3,http://www.vaishali.ac.in,info@vaishali.ac.in,admissions@vaishali.ac.in,placement@vaishali.ac.in,+91-80-677-1451,Civil Engineering,M.Tech,18,552,1989,Rural,Yes,Yes
1-44638690506,1-44638690506,U-0831,GOVERNMENT ENGINEERING COLLEGE VAISHALI,Active,Bihar,Vaishali,Vaishali,"GOVERNMENT ENGINEERING COLLEGE VAISHALI, SHYAMPUR MANSURPUR, POST- CHAKSIKANDAR, DIST- VAISHALI, PIN-844115",844115,25.116087,85.312354,Government,BIHAR ENGINEERING UNIVERSITY PATNA,Approved,Approved,B,No,,Tier 3,http://www.vaishali.ac.in,info@vaishali.ac.in,admissions@vaishali.ac.in,placement@vaishali.ac.in,+91-80-677-1451,Cyber Security,M.Tech,18,552,1989,Rural,Yes,Yes
1-44638690506,1-44638690506,U-0831,GOVERNMENT ENGINEERING COLLEGE VAISHALI,Active,Bihar,Vaishali,Vaishali,"GOVERNMENT ENGINEERING COLLEGE VAISHALI, SHYAMPUR MANSURPUR, POST- CHAKSIKANDAR, DIST- VAISHALI, PIN-844115",844115,25.116087,85.312354,Government,BIHAR ENGINEERING UNIVERSITY PATNA,Approved,Approved,B,No,,Tier 3,http://www.vaishali.ac.in,info@vaishali.ac.in,admissions@vaishali.ac.in,placement@vaishali.ac.in,+91-80-677-1451,Mechanical Engineering,M.Tech,18,552,1989,Rural,Yes,Yes
1-44638690506,1-44638690506,U-0831,GOVERNMENT ENGINEERING COLLEGE VAISHALI,Active,Bihar,Vaishali,Vaishali,"GOVERNMENT ENGINEERING COLLEGE VAISHALI, SHYAMPUR MANSURPUR, POST- CHAKSIKANDAR, DIST- VAISHALI, PIN-844115",844115,25.116087,85.312354,Government,BIHAR ENGINEERING UNIVERSITY PATNA,Approved,Approved,B,No,,Tier 3,http://www.vaishali.ac.in,info@vaishali.ac.in,admissions@vaishali.ac.in,placement@vaishali.ac.in,+91-80-677-1451,Other Engineering Branches,B.Tech,30,552,1989,Rural,Yes,Yes
1-44638585201,1-44638585201,U-0698,"GOVT.POLYTECHNIC,KISHANGANJ",Active,Bihar,Kishanganj,Kishanganj,"NEZAGACHHA,PO-NAINAGACHHI,VIA-THAKURGANJ,PS-KURLIKOT",800188,25.102598,85.315885,Government,"State Board of Technical Education, Patna",Approved,Approved,A,No,,Tier 2,http://www.govtpolytechnickishanganj.ac.in,info@govtpolytechnickishanganj.ac.in,admissions@govtpolytechnickishanganj.ac.in,placement@govtpolytechnickishanganj.ac.in,+91-80-111-4129,Civil Engineering,Diploma,120,360,1984,Urban,Yes,Yes
1-44638585201,1-44638585201,U-0698,"GOVT.POLYTECHNIC,KISHANGANJ",Active,Bihar,Kishanganj,Kishanganj,"NEZAGACHHA,PO-NAINAGACHHI,VIA-THAKURGANJ,PS-KURLIKOT",800188,25.102598,85.315885,Government,"State Board of Technical Education, Patna",Approved,Approved,A,No,,Tier 2,http://www.govtpolytechnickishanganj.ac.in,info@govtpolytechnickishanganj.ac.in,admissions@govtpolytechnickishanganj.ac.in,placement@govtpolytechnickishanganj.ac.in,+91-80-111-4129,Electrical Engineering,Diploma,90,360,1984,Urban,Yes,Yes
1-44638585201,1-44638585201,U-0698,"GOVT.POLYTECHNIC,KISHANGANJ",Active,Bihar,Kishanganj,Kishanganj,"NEZAGACHHA,PO-NAINAGACHHI,VIA-THAKURGANJ,PS-KURLIKOT",800188,25.102598,85.315885,Government,"State Board of Technical Education, Patna",Approved,Approved,A,No,,Tier 2,http://www.govtpolytechnickishanganj.ac.in,info@govtpolytechnickishanganj.ac.in,admissions@govtpolytechnickishanganj.ac.in,placement@govtpolytechnickishanganj.ac.in,+91-80-111-4129,Other Engineering Branches,Diploma,60,360,1984,Urban,Yes,Yes
1-44638585201,1-44638585201,U-0698,"GOVT.POLYTECHNIC,KISHANGANJ",Active,Bihar,Kishanganj,Kishanganj,"NEZAGACHHA,PO-NAINAGACHHI,VIA-THAKURGANJ,PS-KURLIKOT",800188,25.102598,85.315885,Government,"State Board of Technical Education, Patna",Approved,Approved,A,No,,Tier 2,http://www.govtpolytechnickishanganj.ac.in,info@govtpolytechnickishanganj.ac.in,admissions@govtpolytechnickishanganj.ac.in,placement@govtpolytechnickishanganj.ac.in,+91-80-111-4129,Mechanical Engineering,Diploma,60,360,1984,Urban,Yes,Yes
1-44638585201,1-44638585201,U-0698,"GOVT.POLYTECHNIC,KISHANGANJ",Active,Bihar,Kishanganj,Kishanganj,"NEZAGACHHA,PO-NAINAGACHHI,VIA-THAKURGANJ,PS-KURLIKOT",800188,25.102598,85.315885,Government,"State Board of Technical Education, Patna",Approved,Approved,A,No,,Tier 2,http://www.govtpolytechnickishanganj.ac.in,info@govtpolytechnickishanganj.ac.in,admissions@govtpolytechnickishanganj.ac.in,placement@govtpolytechnickishanganj.ac.in,+91-80-111-4129,Computer Science Engineering (CSE),Diploma,30,360,1984,Urban,Yes,Yes
1-44637346046,1-44637346046,U-0522,INSTITUTE OF MANAGEMENT AND PLANNING AND ADVANCED COMPUTER TRAINING,Active,Bihar,Patna,Patna,"LANKA KACHHUARA, ALABAKSHPUR, SAMPATCHAK, GAURICHAK, PATNA",800155,25.605443,85.12455,Private-Self Financing,"Aryabhatta Knowledge University, Patna",Approved,Approved,B,Yes,,Tier 3,http://www.managementplanningadvanced.ac.in,info@managementplanningadvanced.ac.in,admissions@managementplanningadvanced.ac.in,placement@managementplanningadvanced.ac.in,+91-80-314-6156,Computer Science Engineering (CSE),B.Tech,180,360,2007,Urban,Yes,Yes
1-44637346046,1-44637346046,U-0522,INSTITUTE OF MANAGEMENT AND PLANNING AND ADVANCED COMPUTER TRAINING,Active,Bihar,Patna,Patna,"LANKA KACHHUARA, ALABAKSHPUR, SAMPATCHAK, GAURICHAK, PATNA",800155,25.605443,85.12455,Private-Self Financing,"Aryabhatta Knowledge University, Patna",Approved,Approved,B,Yes,,Tier 3,http://www.managementplanningadvanced.ac.in,info@managementplanningadvanced.ac.in,admissions@managementplanningadvanced.ac.in,placement@managementplanningadvanced.ac.in,+91-80-314-6156,Artificial Intelligence & Machine Learning (AI & ML),B.Tech,60,360,2007,Urban,Yes,Yes
1-44637346046,1-44637346046,U-0522,INSTITUTE OF MANAGEMENT AND PLANNING AND ADVANCED COMPUTER TRAINING,Active,Bihar,Patna,Patna,"LANKA KACHHUARA, ALABAKSHPUR, SAMPATCHAK, GAURICHAK, PATNA",800155,25.605443,85.12455,Private-Self Financing,"Aryabhatta Knowledge University, Patna",Approved,Approved,B,Yes,,Tier 3,http://www.managementplanningadvanced.ac.in,info@managementplanningadvanced.ac.in,admissions@managementplanningadvanced.ac.in,placement@managementplanningadvanced.ac.in,+91-80-314-6156,Civil Engineering,B.Tech,60,360,2007,Urban,Yes,Yes
1-44637346046,1-44637346046,U-0522,INSTITUTE OF MANAGEMENT AND PLANNING AND ADVANCED COMPUTER TRAINING,Active,Bihar,Patna,Patna,"LANKA KACHHUARA, ALABAKSHPUR, SAMPATCHAK, GAURICHAK, PATNA",800155,25.605443,85.12455,Private-Self Financing,"Aryabhatta Knowledge University, Patna",Approved,Approved,B,Yes,,Tier 3,http://www.managementplanningadvanced.ac.in,info@managementplanningadvanced.ac.in,admissions@managementplanningadvanced.ac.in,placement@managementplanningadvanced.ac.in,+91-80-314-6156,Information Technology (IT),B.Tech,60,360,2007,Urban,Yes,Yes
1-44638779245,1-44638779245,U-0698,GOVERNMENT POLYTECHNIC MUNGER,Active,Bihar,Munger,Munger,"GOVERNMENT POLYTECHNIC MUNGER, RAMANKABAD, HAWELI KHARAGPUR",800685,25.0806,85.302421,Government,"State Board of Technical Education, Patna",Approved,Approved,B,No,,Tier 3,http://www.munger.ac.in,info@munger.ac.in,admissions@munger.ac.in,placement@munger.ac.in,+91-80-188-7291,Electrical Engineering,Diploma,60,360,2010,Urban,Yes,Yes
1-44638779245,1-44638779245,U-0698,GOVERNMENT POLYTECHNIC MUNGER,Active,Bihar,Munger,Munger,"GOVERNMENT POLYTECHNIC MUNGER, RAMANKABAD, HAWELI KHARAGPUR",800685,25.0806,85.302421,Government,"State Board of Technical Education, Patna",Approved,Approved,B,No,,Tier 3,http://www.munger.ac.in,info@munger.ac.in,admissions@munger.ac.in,placement@munger.ac.in,+91-80-188-7291,Mechanical Engineering,Diploma,60,360,2010,Urban,Yes,Yes
1-44638779245,1-44638779245,U-0698,GOVERNMENT POLYTECHNIC MUNGER,Active,Bihar,Munger,Munger,"GOVERNMENT POLYTECHNIC MUNGER, RAMANKABAD, HAWELI KHARAGPUR",800685,25.0806,85.302421,Government,"State Board of Technical Education, Patna",Approved,Approved,B,No,,Tier 3,http://www.munger.ac.in,info@munger.ac.in,admissions@munger.ac.in,placement@munger.ac.in,+91-80-188-7291,Other Engineering Branches,Diploma,120,360,2010,Urban,Yes,Yes
1-44638779245,1-44638779245,U-0698,GOVERNMENT POLYTECHNIC MUNGER,Active,Bihar,Munger,Munger,"GOVERNMENT POLYTECHNIC MUNGER, RAMANKABAD, HAWELI KHARAGPUR",800685,25.0806,85.302421,Government,"State Board of Technical Education, Patna",Approved,Approved,B,No,,Tier 3,http://www.munger.ac.in,info@munger.ac.in,admissions@munger.ac.in,placement@munger.ac.in,+91-80-188-7291,Computer Science Engineering (CSE),Diploma,60,360,2010,Urban,Yes,Yes
1-44638779245,1-44638779245,U-0698,GOVERNMENT POLYTECHNIC MUNGER,Active,Bihar,Munger,Munger,"GOVERNMENT POLYTECHNIC MUNGER, RAMANKABAD, HAWELI KHARAGPUR",800685,25.0806,85.302421,Government,"State Board of Technical Education, Patna",Approved,Approved,B,No,,Tier 3,http://www.munger.ac.in,info@munger.ac.in,admissions@munger.ac.in,placement@munger.ac.in,+91-80-188-7291,Civil Engineering,Diploma,60,360,2010,Urban,Yes,Yes
1-44638614927,1-44638614927,U-0698,CHANAKYA INSTITUTE OF POLYTECHNIC AND TECHNOLOGY,Active,Bihar,Bhojpur,Bhojpur,"CHANAKYA NAGAR, PO- KOILWAR, BHOJPUR",800032,25.110071,85.307281,Private-Self Financing,"State Board of Technical Education, Patna",Approved,Approved,B,No,,Tier 3,http://www.chanakya.ac.in,info@chanakya.ac.in,admissions@chanakya.ac.in,placement@chanakya.ac.in,+91-80-424-8538,Mechanical Engineering,Diploma,60,300,2018,Urban,No,Yes
1-44638614927,1-44638614927,U-0698,CHANAKYA INSTITUTE OF POLYTECHNIC AND TECHNOLOGY,Active,Bihar,Bhojpur,Bhojpur,"CHANAKYA NAGAR, PO- KOILWAR, BHOJPUR",800032,25.110071,85.307281,Private-Self Financing,"State Board of Technical Education, Patna",Approved,Approved,B,No,,Tier 3,http://www.chanakya.ac.in,info@chanakya.ac.in,admissions@chanakya.ac.in,placement@chanakya.ac.in,+91-80-424-8538,Civil Engineering,Diploma,120,300,2018,Urban,No,Yes
1-44638614927,1-44638614927,U-0698,CHANAKYA INSTITUTE OF POLYTECHNIC AND TECHNOLOGY,Active,Bihar,Bhojpur,Bhojpur,"CHANAKYA NAGAR, PO- KOILWAR, BHOJPUR",800032,25.110071,85.307281,Private-Self Financing,"State Board of Technical Education, Patna",Approved,Approved,B,No,,Tier 3,http://www.chanakya.ac.in,info@chanakya.ac.in,admissions@chanakya.ac.in,placement@chanakya.ac.in,+91-80-424-8538,Electrical Engineering,Diploma,60,300,2018,Urban,No,Yes
1-44638614927,1-44638614927,U-0698,CHANAKYA INSTITUTE OF POLYTECHNIC AND TECHNOLOGY,Active,Bihar,Bhojpur,Bhojpur,"CHANAKYA NAGAR, PO- KOILWAR, BHOJPUR",800032,25.110071,85.307281,Private-Self Financing,"State Board of Technical Education, Patna",Approved,Approved,B,No,,Tier 3,http://www.chanakya.ac.in,info@chanakya.ac.in,admissions@chanakya.ac.in,placement@chanakya.ac.in,+91-80-424-8538,Computer Science Engineering (CSE),Diploma,60,300,2018,Urban,No,Yes
1-44637273900,1-44637273900,U-0698,SUBHASH INSTITUTE OF TECHNOLOGY JAMUI,Active,Bihar,Jamui,Jamui,VILLAGE-DADHWA,800061,25.091151,85.310964,Private-Self Financing,"State Board of Technical Education, Patna",Approved,Approved,B,No,,Tier 3,http://www.subhashjamui.ac.in,info@subhashjamui.ac.in,admissions@subhashjamui.ac.in,placement@subhashjamui.ac.in,+91-80-631-3074,Mechanical Engineering,Diploma,60,360,2016,Urban,Yes,Yes
1-44637273900,1-44637273900,U-0698,SUBHASH INSTITUTE OF TECHNOLOGY JAMUI,Active,Bihar,Jamui,Jamui,VILLAGE-DADHWA,800061,25.091151,85.310964,Private-Self Financing,"State Board of Technical Education, Patna",Approved,Approved,B,No,,Tier 3,http://www.subhashjamui.ac.in,info@subhashjamui.ac.in,admissions@subhashjamui.ac.in,placement@subhashjamui.ac.in,+91-80-631-3074,Civil Engineering,Diploma,120,360,2016,Urban,Yes,Yes
1-44637273900,1-44637273900,U-0698,SUBHASH INSTITUTE OF TECHNOLOGY JAMUI,Active,Bihar,Jamui,Jamui,VILLAGE-DADHWA,800061,25.091151,85.310964,Private-Self Financing,"State Board of Technical Education, Patna",Approved,Approved,B,No,,Tier 3,http://www.subhashjamui.ac.in,info@subhashjamui.ac.in,admissions@subhashjamui.ac.in,placement@subhashjamui.ac.in,+91-80-631-3074,Electrical Engineering,Diploma,60,360,2016,Urban,Yes,Yes
1-44637273900,1-44637273900,U-0698,SUBHASH INSTITUTE OF TECHNOLOGY JAMUI,Active,Bihar,Jamui,Jamui,VILLAGE-DADHWA,800061,25.091151,85.310964,Private-Self Financing,"State Board of Technical Education, Patna",Approved,Approved,B,No,,Tier 3,http://www.subhashjamui.ac.in,info@subhashjamui.ac.in,admissions@subhashjamui.ac.in,placement@subhashjamui.ac.in,+91-80-631-3074,Electrical & Electronics Engineering (EEE),Diploma,30,360,2016,Urban,Yes,Yes
1-44637273900,1-44637273900,U-0698,SUBHASH INSTITUTE OF TECHNOLOGY JAMUI,Active,Bihar,Jamui,Jamui,VILLAGE-DADHWA,800061,25.091151,85.310964,Private-Self Financing,"State Board of Technical Education, Patna",Approved,Approved,B,No,,Tier 3,http://www.subhashjamui.ac.in,info@subhashjamui.ac.in,admissions@subhashjamui.ac.in,placement@subhashjamui.ac.in,+91-80-631-3074,Computer Science Engineering (CSE),Diploma,60,360,2016,Urban,Yes,Yes
1-44637273900,1-44637273900,U-0698,SUBHASH INSTITUTE OF TECHNOLOGY JAMUI,Active,Bihar,Jamui,Jamui,VILLAGE-DADHWA,800061,25.091151,85.310964,Private-Self Financing,"State Board of Technical Education, Patna",Approved,Approved,B,No,,Tier 3,http://www.subhashjamui.ac.in,info@subhashjamui.ac.in,admissions@subhashjamui.ac.in,placement@subhashjamui.ac.in,+91-80-631-3074,Other Engineering Branches,Diploma,30,360,2016,Urban,Yes,Yes
1-44638756698,1-44638756698,U-0698,GOVERNMENT POLYTECHNIC SITAMARHI,Active,Bihar,Sitamarhi,Sitamarhi,"BIRPUR, SURSAND DISTT-SITAMARHI BIHAR - 843331",843331,25.090601,85.317355,Government,"State Board of Technical Education, Patna",Approved,Approved,B,No,,Tier 3,http://www.sitamarhi.ac.in,info@sitamarhi.ac.in,admissions@sitamarhi.ac.in,placement@sitamarhi.ac.in,+91-80-608-2203,Civil Engineering,Diploma,120,360,2002,Urban,Yes,Yes
1-44638756698,1-44638756698,U-0698,GOVERNMENT POLYTECHNIC SITAMARHI,Active,Bihar,Sitamarhi,Sitamarhi,"BIRPUR, SURSAND DISTT-SITAMARHI BIHAR - 843331",843331,25.090601,85.317355,Government,"State Board of Technical Education, Patna",Approved,Approved,B,No,,Tier 3,http://www.sitamarhi.ac.in,info@sitamarhi.ac.in,admissions@sitamarhi.ac.in,placement@sitamarhi.ac.in,+91-80-608-2203,Mechanical Engineering,Diploma,60,360,2002,Urban,Yes,Yes
1-44638756698,1-44638756698,U-0698,GOVERNMENT POLYTECHNIC SITAMARHI,Active,Bihar,Sitamarhi,Sitamarhi,"BIRPUR, SURSAND DISTT-SITAMARHI BIHAR - 843331",843331,25.090601,85.317355,Government,"State Board of Technical Education, Patna",Approved,Approved,B,No,,Tier 3,http://www.sitamarhi.ac.in,info@sitamarhi.ac.in,admissions@sitamarhi.ac.in,placement@sitamarhi.ac.in,+91-80-608-2203,Electrical Engineering,Diploma,60,360,2002,Urban,Yes,Yes
1-44638756698,1-44638756698,U-0698,GOVERNMENT POLYTECHNIC SITAMARHI,Active,Bihar,Sitamarhi,Sitamarhi,"BIRPUR, SURSAND DISTT-SITAMARHI BIHAR - 843331",843331,25.090601,85.317355,Government,"State Board of Technical Education, Patna",Approved,Approved,B,No,,Tier 3,http://www.sitamarhi.ac.in,info@sitamarhi.ac.in,admissions@sitamarhi.ac.in,placement@sitamarhi.ac.in,+91-80-608-2203,Other Engineering Branches,Diploma,60,360,2002,Urban,Yes,Yes
1-44638756698,1-44638756698,U-0698,GOVERNMENT POLYTECHNIC SITAMARHI,Active,Bihar,Sitamarhi,Sitamarhi,"BIRPUR, SURSAND DISTT-SITAMARHI BIHAR - 843331",843331,25.090601,85.317355,Government,"State Board of Technical Education, Patna",Approved,Approved,B,No,,Tier 3,http://www.sitamarhi.ac.in,info@sitamarhi.ac.in,admissions@sitamarhi.ac.in,placement@sitamarhi.ac.in,+91-80-608-2203,Computer Science Engineering (CSE),Diploma,60,360,2002,Urban,Yes,Yes
1-44638758060,1-44638758060,U-0698,"GOVERNMENT POLYTECHNIC, KAIMUR",Active,Bihar,Kaimur,Kaimur,AT- MACHHANHATTA P.O.- MUJAN KAIMUR,800433,25.089428,85.29895,Government,"State Board of Technical Education, Patna",Approved,Approved,A,No,,Tier 2,http://www.kaimur.ac.in,info@kaimur.ac.in,admissions@kaimur.ac.in,placement@kaimur.ac.in,+91-80-559-0053,Electrical Engineering,Diploma,60,360,2011,Urban,Yes,Yes
1-44638758060,1-44638758060,U-0698,"GOVERNMENT POLYTECHNIC, KAIMUR",Active,Bihar,Kaimur,Kaimur,AT- MACHHANHATTA P.O.- MUJAN KAIMUR,800433,25.089428,85.29895,Government,"State Board of Technical Education, Patna",Approved,Approved,A,No,,Tier 2,http://www.kaimur.ac.in,info@kaimur.ac.in,admissions@kaimur.ac.in,placement@kaimur.ac.in,+91-80-559-0053,Mechanical Engineering,Diploma,60,360,2011,Urban,Yes,Yes
1-44638758060,1-44638758060,U-0698,"GOVERNMENT POLYTECHNIC, KAIMUR",Active,Bihar,Kaimur,Kaimur,AT- MACHHANHATTA P.O.- MUJAN KAIMUR,800433,25.089428,85.29895,Government,"State Board of Technical Education, Patna",Approved,Approved,A,No,,Tier 2,http://www.kaimur.ac.in,info@kaimur.ac.in,admissions@kaimur.ac.in,placement@kaimur.ac.in,+91-80-559-0053,Other Engineering Branches,Diploma,60,360,2011,Urban,Yes,Yes
1-44638758060,1-44638758060,U-0698,"GOVERNMENT POLYTECHNIC, KAIMUR",Active,Bihar,Kaimur,Kaimur,AT- MACHHANHATTA P.O.- MUJAN KAIMUR,800433,25.089428,85.29895,Government,"State Board of Technical Education, Patna",Approved,Approved,A,No,,Tier 2,http://www.kaimur.ac.in,info@kaimur.ac.in,admissions@kaimur.ac.in,placement@kaimur.ac.in,+91-80-559-0053,Civil Engineering,Diploma,120,360,2011,Urban,Yes,Yes
1-44638758060,1-44638758060,U-0698,"GOVERNMENT POLYTECHNIC, KAIMUR",Active,Bihar,Kaimur,Kaimur,AT- MACHHANHATTA P.O.- MUJAN KAIMUR,800433,25.089428,85.29895,Government,"State Board of Technical Education, Patna",Approved,Approved,A,No,,Tier 2,http://www.kaimur.ac.in,info@kaimur.ac.in,admissions@kaimur.ac.in,placement@kaimur.ac.in,+91-80-559-0053,Computer Science Engineering (CSE),Diploma,60,360,2011,Urban,Yes,Yes
1-44638777716,1-44638777716,U-0440,"SUPAUL COLLEGE OF ENGINEERING, SUPAUL",Active,Bihar,Supaul,Supaul,"THANA NO-215, WARD N0-07, NAGARPARISHAD WARD N0-24 SUPAUL-852131",852131,25.102807,85.324826,Government,Bihar Engineering University,Approved,Approved,B,No,,Tier 3,http://www.supaulsupaul.ac.in,info@supaulsupaul.ac.in,admissions@supaulsupaul.ac.in,placement@supaulsupaul.ac.in,+91-80-120-1739,Civil Engineering,B.Tech,90,378,2005,Urban,No,Yes
1-44638777716,1-44638777716,U-0440,"SUPAUL COLLEGE OF ENGINEERING, SUPAUL",Active,Bihar,Supaul,Supaul,"THANA NO-215, WARD N0-07, NAGARPARISHAD WARD N0-24 SUPAUL-852131",852131,25.102807,85.324826,Government,Bihar Engineering University,Approved,Approved,B,No,,Tier 3,http://www.supaulsupaul.ac.in,info@supaulsupaul.ac.in,admissions@supaulsupaul.ac.in,placement@supaulsupaul.ac.in,+91-80-120-1739,Electrical Engineering,B.Tech,60,378,2005,Urban,No,Yes
1-44638777716,1-44638777716,U-0440,"SUPAUL COLLEGE OF ENGINEERING, SUPAUL",Active,Bihar,Supaul,Supaul,"THANA NO-215, WARD N0-07, NAGARPARISHAD WARD N0-24 SUPAUL-852131",852131,25.102807,85.324826,Government,Bihar Engineering University,Approved,Approved,B,No,,Tier 3,http://www.supaulsupaul.ac.in,info@supaulsupaul.ac.in,admissions@supaulsupaul.ac.in,placement@supaulsupaul.ac.in,+91-80-120-1739,Electronics & Communication Engineering (ECE),B.Tech,60,378,2005,Urban,No,Yes
1-44638777716,1-44638777716,U-0440,"SUPAUL COLLEGE OF ENGINEERING, SUPAUL",Active,Bihar,Supaul,Supaul,"THANA NO-215, WARD N0-07, NAGARPARISHAD WARD N0-24 SUPAUL-852131",852131,25.102807,85.324826,Government,Bihar Engineering University,Approved,Approved,B,No,,Tier 3,http://www.supaulsupaul.ac.in,info@supaulsupaul.ac.in,admissions@supaulsupaul.ac.in,placement@supaulsupaul.ac.in,+91-80-120-1739,Mechanical Engineering,B.Tech,60,378,2005,Urban,No,Yes
1-44638777716,1-44638777716,U-0440,"SUPAUL COLLEGE OF ENGINEERING, SUPAUL",Active,Bihar,Supaul,Supaul,"THANA NO-215, WARD N0-07, NAGARPARISHAD WARD N0-24 SUPAUL-852131",852131,25.102807,85.324826,Government,Bihar Engineering University,Approved,Approved,B,No,,Tier 3,http://www.supaulsupaul.ac.in,info@supaulsupaul.ac.in,admissions@supaulsupaul.ac.in,placement@supaulsupaul.ac.in,+91-80-120-1739,Computer Science Engineering (CSE),B.Tech,90,378,2005,Urban,No,Yes
1-44638777716,1-44638777716,U-0440,"SUPAUL COLLEGE OF ENGINEERING, SUPAUL",Active,Bihar,Supaul,Supaul,"THANA NO-215, WARD N0-07, NAGARPARISHAD WARD N0-24 SUPAUL-852131",852131,25.102807,85.324826,Government,Bihar Engineering University,Approved,Approved,B,No,,Tier 3,http://www.supaulsupaul.ac.in,info@supaulsupaul.ac.in,admissions@supaulsupaul.ac.in,placement@supaulsupaul.ac.in,+91-80-120-1739,Other Engineering Branches,M.Tech,18,378,2005,Urban,No,Yes
1-44637350058,1-44637350058,U-0698,JAMUI INSTITUTE OF TECHNOLOGY,Active,Bihar,Jamui,Jamui,"AT- STATION ROAD, KHAIRMA, PO-PS-JAMUI",800061,25.08013,85.31176,Private-Self Financing,"State Board of Technical Education, Patna",Approved,Approved,A,No,,Tier 3,http://www.jamui.ac.in,info@jamui.ac.in,admissions@jamui.ac.in,placement@jamui.ac.in,+91-80-169-0487,Electrical Engineering,Diploma,60,300,2005,Urban,No,Yes
1-44637350058,1-44637350058,U-0698,JAMUI INSTITUTE OF TECHNOLOGY,Active,Bihar,Jamui,Jamui,"AT- STATION ROAD, KHAIRMA, PO-PS-JAMUI",800061,25.08013,85.31176,Private-Self Financing,"State Board of Technical Education, Patna",Approved,Approved,A,No,,Tier 3,http://www.jamui.ac.in,info@jamui.ac.in,admissions@jamui.ac.in,placement@jamui.ac.in,+91-80-169-0487,Other Engineering Branches,Diploma,60,300,2005,Urban,No,Yes
1-44637350058,1-44637350058,U-0698,JAMUI INSTITUTE OF TECHNOLOGY,Active,Bihar,Jamui,Jamui,"AT- STATION ROAD, KHAIRMA, PO-PS-JAMUI",800061,25.08013,85.31176,Private-Self Financing,"State Board of Technical Education, Patna",Approved,Approved,A,No,,Tier 3,http://www.jamui.ac.in,info@jamui.ac.in,admissions@jamui.ac.in,placement@jamui.ac.in,+91-80-169-0487,Civil Engineering,Diploma,60,300,2005,Urban,No,Yes
1-44637350058,1-44637350058,U-0698,JAMUI INSTITUTE OF TECHNOLOGY,Active,Bihar,Jamui,Jamui,"AT- STATION ROAD, KHAIRMA, PO-PS-JAMUI",800061,25.08013,85.31176,Private-Self Financing,"State Board of Technical Education, Patna",Approved,Approved,A,No,,Tier 3,http://www.jamui.ac.in,info@jamui.ac.in,admissions@jamui.ac.in,placement@jamui.ac.in,+91-80-169-0487,Computer Science Engineering (CSE),Diploma,60,300,2005,Urban,No,Yes
1-44637350058,1-44637350058,U-0698,JAMUI INSTITUTE OF TECHNOLOGY,Active,Bihar,Jamui,Jamui,"AT- STATION ROAD, KHAIRMA, PO-PS-JAMUI",800061,25.08013,85.31176,Private-Self Financing,"State Board of Technical Education, Patna",Approved,Approved,A,No,,Tier 3,http://www.jamui.ac.in,info@jamui.ac.in,admissions@jamui.ac.in,placement@jamui.ac.in,+91-80-169-0487,Mechanical Engineering,Diploma,60,300,2005,Urban,No,Yes
1-44638759039,1-44638759039,U-0698,HI TECH POLYTECHNIC COLLEGE,Active,Bihar,West Champaran,West Champaran,"VILL SENUARIA NH-28B BETTIAH,MOTIHARI ROAD WEST CHAMPARAN BIHAR",800487,25.078761,85.327244,Private-Self Financing,"State Board of Technical Education, Patna",Approved,Approved,B,No,,Tier 3,http://www.hitech.ac.in,info@hitech.ac.in,admissions@hitech.ac.in,placement@hitech.ac.in,+91-80-111-6378,Civil Engineering,Diploma,60,480,1994,Urban,Yes,Yes
1-44638759039,1-44638759039,U-0698,HI TECH POLYTECHNIC COLLEGE,Active,Bihar,West Champaran,West Champaran,"VILL SENUARIA NH-28B BETTIAH,MOTIHARI ROAD WEST CHAMPARAN BIHAR",800487,25.078761,85.327244,Private-Self Financing,"State Board of Technical Education, Patna",Approved,Approved,B,No,,Tier 3,http://www.hitech.ac.in,info@hitech.ac.in,admissions@hitech.ac.in,placement@hitech.ac.in,+91-80-111-6378,Electrical Engineering,Diploma,60,480,1994,Urban,Yes,Yes
1-44638759039,1-44638759039,U-0698,HI TECH POLYTECHNIC COLLEGE,Active,Bihar,West Champaran,West Champaran,"VILL SENUARIA NH-28B BETTIAH,MOTIHARI ROAD WEST CHAMPARAN BIHAR",800487,25.078761,85.327244,Private-Self Financing,"State Board of Technical Education, Patna",Approved,Approved,B,No,,Tier 3,http://www.hitech.ac.in,info@hitech.ac.in,admissions@hitech.ac.in,placement@hitech.ac.in,+91-80-111-6378,Mechanical Engineering,Diploma,60,480,1994,Urban,Yes,Yes
1-44638759039,1-44638759039,U-0698,HI TECH POLYTECHNIC COLLEGE,Active,Bihar,West Champaran,West Champaran,"VILL SENUARIA NH-28B BETTIAH,MOTIHARI ROAD WEST CHAMPARAN BIHAR",800487,25.078761,85.327244,Private-Self Financing,"State Board of Technical Education, Patna",Approved,Approved,B,No,,Tier 3,http://www.hitech.ac.in,info@hitech.ac.in,admissions@hitech.ac.in,placement@hitech.ac.in,+91-80-111-6378,Computer Science Engineering (CSE),Diploma,60,480,1994,Urban,Yes,Yes
1-44638759039,1-44638759039,U-0698,HI TECH POLYTECHNIC COLLEGE,Active,Bihar,West Champaran,West Champaran,"VILL SENUARIA NH-28B BETTIAH,MOTIHARI ROAD WEST CHAMPARAN BIHAR",800487,25.078761,85.327244,Private-Self Financing,"State Board of Technical Education, Patna",Approved,Approved,B,No,,Tier 3,http://www.hitech.ac.in,info@hitech.ac.in,admissions@hitech.ac.in,placement@hitech.ac.in,+91-80-111-6378,Electronics & Communication Engineering (ECE),Diploma,60,480,1994,Urban,Yes,Yes
1-44638759039,1-44638759039,U-0698,HI TECH POLYTECHNIC COLLEGE,Active,Bihar,West Champaran,West Champaran,"VILL SENUARIA NH-28B BETTIAH,MOTIHARI ROAD WEST CHAMPARAN BIHAR",800487,25.078761,85.327244,Private-Self Financing,"State Board of Technical Education, Patna",Approved,Approved,B,No,,Tier 3,http://www.hitech.ac.in,info@hitech.ac.in,admissions@hitech.ac.in,placement@hitech.ac.in,+91-80-111-6378,Computer Science Engineering (CSE),B.Tech,60,480,1994,Urban,Yes,Yes
1-44638759039,1-44638759039,U-0698,HI TECH POLYTECHNIC COLLEGE,Active,Bihar,West Champaran,West Champaran,"VILL SENUARIA NH-28B BETTIAH,MOTIHARI ROAD WEST CHAMPARAN BIHAR",800487,25.078761,85.327244,Private-Self Financing,"State Board of Technical Education, Patna",Approved,Approved,B,No,,Tier 3,http://www.hitech.ac.in,info@hitech.ac.in,admissions@hitech.ac.in,placement@hitech.ac.in,+91-80-111-6378,Electrical Engineering,B.Tech,60,480,1994,Urban,Yes,Yes
1-44638759039,1-44638759039,U-0698,HI TECH POLYTECHNIC COLLEGE,Active,Bihar,West Champaran,West Champaran,"VILL SENUARIA NH-28B BETTIAH,MOTIHARI ROAD WEST CHAMPARAN BIHAR",800487,25.078761,85.327244,Private-Self Financing,"State Board of Technical Education, Patna",Approved,Approved,B,No,,Tier 3,http://www.hitech.ac.in,info@hitech.ac.in,admissions@hitech.ac.in,placement@hitech.ac.in,+91-80-111-6378,Civil Engineering,B.Tech,60,480,1994,Urban,Yes,Yes
1-44638599241,1-44638599241,U-0698,GOVERNMENT POLYTECHNIC BUXAR,Active,Bihar,Kaimur,Kaimur,"CAMPUS OF GOVT. POLYTECHNIC KAIMUR, AT- MACHHANHATTA, P.O.- SAHWAZPUR",800433,25.104921,85.322673,Government,"State Board of Technical Education, Patna",Approved,Approved,A,No,,Tier 2,http://www.buxar.ac.in,info@buxar.ac.in,admissions@buxar.ac.in,placement@buxar.ac.in,+91-80-208-8509,Mechanical Engineering,Diploma,60,360,2007,Urban,Yes,Yes
1-44638599241,1-44638599241,U-0698,GOVERNMENT POLYTECHNIC BUXAR,Active,Bihar,Kaimur,Kaimur,"CAMPUS OF GOVT. POLYTECHNIC KAIMUR, AT- MACHHANHATTA, P.O.- SAHWAZPUR",800433,25.104921,85.322673,Government,"State Board of Technical Education, Patna",Approved,Approved,A,No,,Tier 2,http://www.buxar.ac.in,info@buxar.ac.in,admissions@buxar.ac.in,placement@buxar.ac.in,+91-80-208-8509,Electrical Engineering,Diploma,60,360,2007,Urban,Yes,Yes
1-44638599241,1-44638599241,U-0698,GOVERNMENT POLYTECHNIC BUXAR,Active,Bihar,Kaimur,Kaimur,"CAMPUS OF GOVT. POLYTECHNIC KAIMUR, AT- MACHHANHATTA, P.O.- SAHWAZPUR",800433,25.104921,85.322673,Government,"State Board of Technical Education, Patna",Approved,Approved,A,No,,Tier 2,http://www.buxar.ac.in,info@buxar.ac.in,admissions@buxar.ac.in,placement@buxar.ac.in,+91-80-208-8509,Other Engineering Branches,Diploma,60,360,2007,Urban,Yes,Yes
1-44638599241,1-44638599241,U-0698,GOVERNMENT POLYTECHNIC BUXAR,Active,Bihar,Kaimur,Kaimur,"CAMPUS OF GOVT. POLYTECHNIC KAIMUR, AT- MACHHANHATTA, P.O.- SAHWAZPUR",800433,25.104921,85.322673,Government,"State Board of Technical Education, Patna",Approved,Approved,A,No,,Tier 2,http://www.buxar.ac.in,info@buxar.ac.in,admissions@buxar.ac.in,placement@buxar.ac.in,+91-80-208-8509,Civil Engineering,Diploma,120,360,2007,Urban,Yes,Yes
1-44638599241,1-44638599241,U-0698,GOVERNMENT POLYTECHNIC BUXAR,Active,Bihar,Kaimur,Kaimur,"CAMPUS OF GOVT. POLYTECHNIC KAIMUR, AT- MACHHANHATTA, P.O.- SAHWAZPUR",800433,25.104921,85.322673,Government,"State Board of Technical Education, Patna",Approved,Approved,A,No,,Tier 2,http://www.buxar.ac.in,info@buxar.ac.in,admissions@buxar.ac.in,placement@buxar.ac.in,+91-80-208-8509,Computer Science Engineering (CSE),Diploma,60,360,2007,Urban,Yes,Yes
1-44638765626,1-44638765626,U-0440,MOTHER'S INSTITUTE OF TECHNOLOGY,Active,Bihar,Patna,Patna,"A-4, MEGA INDUSTRIAL PARK, BIHTA, PATNA",800155,25.603017,85.120475,Private-Self Financing,Bihar Engineering University,Approved,Approved,B,No,,Tier 3,http://www.mothers.ac.in,info@mothers.ac.in,admissions@mothers.ac.in,placement@mothers.ac.in,+91-80-212-8530,Civil Engineering,B.Tech,45,420,2017,Urban,Yes,Yes
1-44638765626,1-44638765626,U-0440,MOTHER'S INSTITUTE OF TECHNOLOGY,Active,Bihar,Patna,Patna,"A-4, MEGA INDUSTRIAL PARK, BIHTA, PATNA",800155,25.603017,85.120475,Private-Self Financing,Bihar Engineering University,Approved,Approved,B,No,,Tier 3,http://www.mothers.ac.in,info@mothers.ac.in,admissions@mothers.ac.in,placement@mothers.ac.in,+91-80-212-8530,Computer Science Engineering (CSE),B.Tech,45,420,2017,Urban,Yes,Yes
1-44638765626,1-44638765626,U-0440,MOTHER'S INSTITUTE OF TECHNOLOGY,Active,Bihar,Patna,Patna,"A-4, MEGA INDUSTRIAL PARK, BIHTA, PATNA",800155,25.603017,85.120475,Private-Self Financing,Bihar Engineering University,Approved,Approved,B,No,,Tier 3,http://www.mothers.ac.in,info@mothers.ac.in,admissions@mothers.ac.in,placement@mothers.ac.in,+91-80-212-8530,Mechanical Engineering,B.Tech,45,420,2017,Urban,Yes,Yes
1-44638765626,1-44638765626,U-0440,MOTHER'S INSTITUTE OF TECHNOLOGY,Active,Bihar,Patna,Patna,"A-4, MEGA INDUSTRIAL PARK, BIHTA, PATNA",800155,25.603017,85.120475,Private-Self Financing,Bihar Engineering University,Approved,Approved,B,No,,Tier 3,http://www.mothers.ac.in,info@mothers.ac.in,admissions@mothers.ac.in,placement@mothers.ac.in,+91-80-212-8530,Electrical & Electronics Engineering (EEE),B.Tech,45,420,2017,Urban,Yes,Yes
1-44638765626,1-44638765626,U-0440,MOTHER'S INSTITUTE OF TECHNOLOGY,Active,Bihar,Patna,Patna,"A-4, MEGA INDUSTRIAL PARK, BIHTA, PATNA",800155,25.603017,85.120475,Private-Self Financing,Bihar Engineering University,Approved,Approved,B,No,,Tier 3,http://www.mothers.ac.in,info@mothers.ac.in,admissions@mothers.ac.in,placement@mothers.ac.in,+91-80-212-8530,Civil Engineering,Diploma,60,420,2017,Urban,Yes,Yes
1-44638765626,1-44638765626,U-0440,MOTHER'S INSTITUTE OF TECHNOLOGY,Active,Bihar,Patna,Patna,"A-4, MEGA INDUSTRIAL PARK, BIHTA, PATNA",800155,25.603017,85.120475,Private-Self Financing,Bihar Engineering University,Approved,Approved,B,No,,Tier 3,http://www.mothers.ac.in,info@mothers.ac.in,admissions@mothers.ac.in,placement@mothers.ac.in,+91-80-212-8530,Mechanical Engineering,Diploma,60,420,2017,Urban,Yes,Yes
1-44638765626,1-44638765626,U-0440,MOTHER'S INSTITUTE OF TECHNOLOGY,Active,Bihar,Patna,Patna,"A-4, MEGA INDUSTRIAL PARK, BIHTA, PATNA",800155,25.603017,85.120475,Private-Self Financing,Bihar Engineering University,Approved,Approved,B,No,,Tier 3,http://www.mothers.ac.in,info@mothers.ac.in,admissions@mothers.ac.in,placement@mothers.ac.in,+91-80-212-8530,Computer Science Engineering (CSE),Diploma,60,420,2017,Urban,Yes,Yes
1-44638765626,1-44638765626,U-0440,MOTHER'S INSTITUTE OF TECHNOLOGY,Active,Bihar,Patna,Patna,"A-4, MEGA INDUSTRIAL PARK, BIHTA, PATNA",800155,25.603017,85.120475,Private-Self Financing,Bihar Engineering University,Approved,Approved,B,No,,Tier 3,http://www.mothers.ac.in,info@mothers.ac.in,admissions@mothers.ac.in,placement@mothers.ac.in,+91-80-212-8530,Electrical & Electronics Engineering (EEE),Diploma,60,420,2017,Urban,Yes,Yes
1-44638766160,1-44638766160,U-0272,SAHARSA COLLEGE OF ENGINEERING,Active,Bihar,Saharsa,Saharsa,"SAHARSA COLLEGE OF ENGINEERING, SAHARSA, HATIYA GACHHI, PIN CODE: 852201, SAHARSA, BIHAR",852201,25.109847,85.331461,Government,"BIHAR ENGINEERING UNIVERSITY, PATNA",Approved,Approved,A,No,,Tier 2,http://www.saharsa.ac.in,info@saharsa.ac.in,admissions@saharsa.ac.in,placement@saharsa.ac.in,+91-80-415-4741,Civil Engineering,B.Tech,60,360,1995,Urban,Yes,Yes
1-44638766160,1-44638766160,U-0272,SAHARSA COLLEGE OF ENGINEERING,Active,Bihar,Saharsa,Saharsa,"SAHARSA COLLEGE OF ENGINEERING, SAHARSA, HATIYA GACHHI, PIN CODE: 852201, SAHARSA, BIHAR",852201,25.109847,85.331461,Government,"BIHAR ENGINEERING UNIVERSITY, PATNA",Approved,Approved,A,No,,Tier 2,http://www.saharsa.ac.in,info@saharsa.ac.in,admissions@saharsa.ac.in,placement@saharsa.ac.in,+91-80-415-4741,Mechanical Engineering,B.Tech,60,360,1995,Urban,Yes,Yes
1-44638766160,1-44638766160,U-0272,SAHARSA COLLEGE OF ENGINEERING,Active,Bihar,Saharsa,Saharsa,"SAHARSA COLLEGE OF ENGINEERING, SAHARSA, HATIYA GACHHI, PIN CODE: 852201, SAHARSA, BIHAR",852201,25.109847,85.331461,Government,"BIHAR ENGINEERING UNIVERSITY, PATNA",Approved,Approved,A,No,,Tier 2,http://www.saharsa.ac.in,info@saharsa.ac.in,admissions@saharsa.ac.in,placement@saharsa.ac.in,+91-80-415-4741,Electrical Engineering,B.Tech,60,360,1995,Urban,Yes,Yes
1-44638766160,1-44638766160,U-0272,SAHARSA COLLEGE OF ENGINEERING,Active,Bihar,Saharsa,Saharsa,"SAHARSA COLLEGE OF ENGINEERING, SAHARSA, HATIYA GACHHI, PIN CODE: 852201, SAHARSA, BIHAR",852201,25.109847,85.331461,Government,"BIHAR ENGINEERING UNIVERSITY, PATNA",Approved,Approved,A,No,,Tier 2,http://www.saharsa.ac.in,info@saharsa.ac.in,admissions@saharsa.ac.in,placement@saharsa.ac.in,+91-80-415-4741,Electronics & Communication Engineering (ECE),B.Tech,60,360,1995,Urban,Yes,Yes
1-44638766160,1-44638766160,U-0272,SAHARSA COLLEGE OF ENGINEERING,Active,Bihar,Saharsa,Saharsa,"SAHARSA COLLEGE OF ENGINEERING, SAHARSA, HATIYA GACHHI, PIN CODE: 852201, SAHARSA, BIHAR",852201,25.109847,85.331461,Government,"BIHAR ENGINEERING UNIVERSITY, PATNA",Approved,Approved,A,No,,Tier 2,http://www.saharsa.ac.in,info@saharsa.ac.in,admissions@saharsa.ac.in,placement@saharsa.ac.in,+91-80-415-4741,Data Science,B.Tech,60,360,1995,Urban,Yes,Yes
1-44638766160,1-44638766160,U-0272,SAHARSA COLLEGE OF ENGINEERING,Active,Bihar,Saharsa,Saharsa,"SAHARSA COLLEGE OF ENGINEERING, SAHARSA, HATIYA GACHHI, PIN CODE: 852201, SAHARSA, BIHAR",852201,25.109847,85.331461,Government,"BIHAR ENGINEERING UNIVERSITY, PATNA",Approved,Approved,A,No,,Tier 2,http://www.saharsa.ac.in,info@saharsa.ac.in,admissions@saharsa.ac.in,placement@saharsa.ac.in,+91-80-415-4741,Computer Science Engineering (CSE),B.Tech,60,360,1995,Urban,Yes,Yes
1-44638688511,1-44638688511,U-0698,JAMUI POLYTECHNIC,Active,Bihar,Jamui,Jamui,"STATION ROAD, KHAIRMA,JAMUI, BIHAR",800061,25.089208,85.322435,Private-Self Financing,"State Board of Technical Education, Patna",Approved,Approved,Not Accredited,No,,Tier 3,http://www.jamui.ac.in,info@jamui.ac.in,admissions@jamui.ac.in,placement@jamui.ac.in,+91-80-549-8043,Mechanical Engineering,Diploma,60,240,1989,Urban,Yes,No
1-44638688511,1-44638688511,U-0698,JAMUI POLYTECHNIC,Active,Bihar,Jamui,Jamui,"STATION ROAD, KHAIRMA,JAMUI, BIHAR",800061,25.089208,85.322435,Private-Self Financing,"State Board of Technical Education, Patna",Approved,Approved,Not Accredited,No,,Tier 3,http://www.jamui.ac.in,info@jamui.ac.in,admissions@jamui.ac.in,placement@jamui.ac.in,+91-80-549-8043,Civil Engineering,Diploma,120,240,1989,Urban,Yes,No
1-44638688511,1-44638688511,U-0698,JAMUI POLYTECHNIC,Active,Bihar,Jamui,Jamui,"STATION ROAD, KHAIRMA,JAMUI, BIHAR",800061,25.089208,85.322435,Private-Self Financing,"State Board of Technical Education, Patna",Approved,Approved,Not Accredited,No,,Tier 3,http://www.jamui.ac.in,info@jamui.ac.in,admissions@jamui.ac.in,placement@jamui.ac.in,+91-80-549-8043,Electrical Engineering,Diploma,60,240,1989,Urban,Yes,No
1-44638782368,1-44638782368,U-0992,K K UNIVERSITY,Active,Bihar,Nalanda,Nalanda,"AT BERAUTI, POST- NEPURA, PS-DEEPNAGAR, BIHARSHARIF ,NALANDA, BIHAR-803115",803115,25.078558,85.301756,State Private University,NOT APPLICABLE,Approved,Approved,B+,No,,Tier 3,http://www.kk.ac.in,info@kk.ac.in,admissions@kk.ac.in,placement@kk.ac.in,+91-80-103-0967,Mechanical Engineering,Diploma,60,240,2016,Rural,Yes,Yes
1-44638782368,1-44638782368,U-0992,K K UNIVERSITY,Active,Bihar,Nalanda,Nalanda,"AT BERAUTI, POST- NEPURA, PS-DEEPNAGAR, BIHARSHARIF ,NALANDA, BIHAR-803115",803115,25.078558,85.301756,State Private University,NOT APPLICABLE,Approved,Approved,B+,No,,Tier 3,http://www.kk.ac.in,info@kk.ac.in,admissions@kk.ac.in,placement@kk.ac.in,+91-80-103-0967,Civil Engineering,Diploma,120,240,2016,Rural,Yes,Yes
1-44638782368,1-44638782368,U-0992,K K UNIVERSITY,Active,Bihar,Nalanda,Nalanda,"AT BERAUTI, POST- NEPURA, PS-DEEPNAGAR, BIHARSHARIF ,NALANDA, BIHAR-803115",803115,25.078558,85.301756,State Private University,NOT APPLICABLE,Approved,Approved,B+,No,,Tier 3,http://www.kk.ac.in,info@kk.ac.in,admissions@kk.ac.in,placement@kk.ac.in,+91-80-103-0967,Electrical Engineering,Diploma,60,240,2016,Rural,Yes,Yes
1-44638918997,1-44638918997,U-0846,GOVERNMENT ENGINEERING COLLEGE AURANGABAD,Active,Bihar,Gaya,Gaya,"GOVERNMENT ENGINEERING COLLEGE AURANGABAD, ARTHUA, PO+PS -KASMA, RAFIGANJ, AURANGABAD, BIHAR-824125",824125,25.092636,85.295246,Government,"Bihar Engineering University, Patna",Approved,Approved,A,No,,Tier 2,http://www.aurangabad.ac.in,info@aurangabad.ac.in,admissions@aurangabad.ac.in,placement@aurangabad.ac.in,+91-80-693-5565,Civil Engineering,B.Tech,60,360,1996,Urban,Yes,Yes
1-44638918997,1-44638918997,U-0846,GOVERNMENT ENGINEERING COLLEGE AURANGABAD,Active,Bihar,Gaya,Gaya,"GOVERNMENT ENGINEERING COLLEGE AURANGABAD, ARTHUA, PO+PS -KASMA, RAFIGANJ, AURANGABAD, BIHAR-824125",824125,25.092636,85.295246,Government,"Bihar Engineering University, Patna",Approved,Approved,A,No,,Tier 2,http://www.aurangabad.ac.in,info@aurangabad.ac.in,admissions@aurangabad.ac.in,placement@aurangabad.ac.in,+91-80-693-5565,Mechanical Engineering,B.Tech,60,360,1996,Urban,Yes,Yes
1-44638918997,1-44638918997,U-0846,GOVERNMENT ENGINEERING COLLEGE AURANGABAD,Active,Bihar,Gaya,Gaya,"GOVERNMENT ENGINEERING COLLEGE AURANGABAD, ARTHUA, PO+PS -KASMA, RAFIGANJ, AURANGABAD, BIHAR-824125",824125,25.092636,85.295246,Government,"Bihar Engineering University, Patna",Approved,Approved,A,No,,Tier 2,http://www.aurangabad.ac.in,info@aurangabad.ac.in,admissions@aurangabad.ac.in,placement@aurangabad.ac.in,+91-80-693-5565,Electrical Engineering,B.Tech,60,360,1996,Urban,Yes,Yes
1-44638918997,1-44638918997,U-0846,GOVERNMENT ENGINEERING COLLEGE AURANGABAD,Active,Bihar,Gaya,Gaya,"GOVERNMENT ENGINEERING COLLEGE AURANGABAD, ARTHUA, PO+PS -KASMA, RAFIGANJ, AURANGABAD, BIHAR-824125",824125,25.092636,85.295246,Government,"Bihar Engineering University, Patna",Approved,Approved,A,No,,Tier 2,http://www.aurangabad.ac.in,info@aurangabad.ac.in,admissions@aurangabad.ac.in,placement@aurangabad.ac.in,+91-80-693-5565,Electronics & Communication Engineering (ECE),B.Tech,60,360,1996,Urban,Yes,Yes
1-44638918997,1-44638918997,U-0846,GOVERNMENT ENGINEERING COLLEGE AURANGABAD,Active,Bihar,Gaya,Gaya,"GOVERNMENT ENGINEERING COLLEGE AURANGABAD, ARTHUA, PO+PS -KASMA, RAFIGANJ, AURANGABAD, BIHAR-824125",824125,25.092636,85.295246,Government,"Bihar Engineering University, Patna",Approved,Approved,A,No,,Tier 2,http://www.aurangabad.ac.in,info@aurangabad.ac.in,admissions@aurangabad.ac.in,placement@aurangabad.ac.in,+91-80-693-5565,Artificial Intelligence & Machine Learning (AI & ML),B.Tech,60,360,1996,Urban,Yes,Yes
1-44638918997,1-44638918997,U-0846,GOVERNMENT ENGINEERING COLLEGE AURANGABAD,Active,Bihar,Gaya,Gaya,"GOVERNMENT ENGINEERING COLLEGE AURANGABAD, ARTHUA, PO+PS -KASMA, RAFIGANJ, AURANGABAD, BIHAR-824125",824125,25.092636,85.295246,Government,"Bihar Engineering University, Patna",Approved,Approved,A,No,,Tier 2,http://www.aurangabad.ac.in,info@aurangabad.ac.in,admissions@aurangabad.ac.in,placement@aurangabad.ac.in,+91-80-693-5565,Data Science,B.Tech,60,360,1996,Urban,Yes,Yes
1-44638919526,1-44638919526,U-0831,GOVERNMENT ENGINEERING COLLEGE KAIMUR,Active,Bihar,Saran,Saran,"GOVERNMENT ENGINEERING COLLEGE, JAITPUR KALAN BHAGWANPUR, KAIMUR-821102 (BHABUA) BIHAR",821102,25.103466,85.323173,Government,BIHAR ENGINEERING UNIVERSITY PATNA,Approved,Approved,A+,Yes,,Tier 2,http://www.kaimur.ac.in,info@kaimur.ac.in,admissions@kaimur.ac.in,placement@kaimur.ac.in,+91-80-147-7952,Civil Engineering,B.Tech,90,360,1987,Rural,No,Yes
1-44638919526,1-44638919526,U-0831,GOVERNMENT ENGINEERING COLLEGE KAIMUR,Active,Bihar,Saran,Saran,"GOVERNMENT ENGINEERING COLLEGE, JAITPUR KALAN BHAGWANPUR, KAIMUR-821102 (BHABUA) BIHAR",821102,25.103466,85.323173,Government,BIHAR ENGINEERING UNIVERSITY PATNA,Approved,Approved,A+,Yes,,Tier 2,http://www.kaimur.ac.in,info@kaimur.ac.in,admissions@kaimur.ac.in,placement@kaimur.ac.in,+91-80-147-7952,Mechanical Engineering,B.Tech,60,360,1987,Rural,No,Yes
1-44638919526,1-44638919526,U-0831,GOVERNMENT ENGINEERING COLLEGE KAIMUR,Active,Bihar,Saran,Saran,"GOVERNMENT ENGINEERING COLLEGE, JAITPUR KALAN BHAGWANPUR, KAIMUR-821102 (BHABUA) BIHAR",821102,25.103466,85.323173,Government,BIHAR ENGINEERING UNIVERSITY PATNA,Approved,Approved,A+,Yes,,Tier 2,http://www.kaimur.ac.in,info@kaimur.ac.in,admissions@kaimur.ac.in,placement@kaimur.ac.in,+91-80-147-7952,Electrical Engineering,B.Tech,60,360,1987,Rural,No,Yes
1-44638919526,1-44638919526,U-0831,GOVERNMENT ENGINEERING COLLEGE KAIMUR,Active,Bihar,Saran,Saran,"GOVERNMENT ENGINEERING COLLEGE, JAITPUR KALAN BHAGWANPUR, KAIMUR-821102 (BHABUA) BIHAR",821102,25.103466,85.323173,Government,BIHAR ENGINEERING UNIVERSITY PATNA,Approved,Approved,A+,Yes,,Tier 2,http://www.kaimur.ac.in,info@kaimur.ac.in,admissions@kaimur.ac.in,placement@kaimur.ac.in,+91-80-147-7952,Electronics & Communication Engineering (ECE),B.Tech,60,360,1987,Rural,No,Yes
1-44638919526,1-44638919526,U-0831,GOVERNMENT ENGINEERING COLLEGE KAIMUR,Active,Bihar,Saran,Saran,"GOVERNMENT ENGINEERING COLLEGE, JAITPUR KALAN BHAGWANPUR, KAIMUR-821102 (BHABUA) BIHAR",821102,25.103466,85.323173,Government,BIHAR ENGINEERING UNIVERSITY PATNA,Approved,Approved,A+,Yes,,Tier 2,http://www.kaimur.ac.in,info@kaimur.ac.in,admissions@kaimur.ac.in,placement@kaimur.ac.in,+91-80-147-7952,Computer Science Engineering (CSE),B.Tech,60,360,1987,Rural,No,Yes
1-44638919526,1-44638919526,U-0831,GOVERNMENT ENGINEERING COLLEGE KAIMUR,Active,Bihar,Saran,Saran,"GOVERNMENT ENGINEERING COLLEGE, JAITPUR KALAN BHAGWANPUR, KAIMUR-821102 (BHABUA) BIHAR",821102,25.103466,85.323173,Government,BIHAR ENGINEERING UNIVERSITY PATNA,Approved,Approved,A+,Yes,,Tier 2,http://www.kaimur.ac.in,info@kaimur.ac.in,admissions@kaimur.ac.in,placement@kaimur.ac.in,+91-80-147-7952,Cyber Security,B.Tech,30,360,1987,Rural,No,Yes
1-44638941584,1-44638941584,U-0698,MUZAFFARPUR COLLEGE OF PROFESSIONAL EDUCATION,Active,Bihar,Muzaffarpur,Muzaffarpur,"VPO-NARSINGHPUR VIA-RAMNA PO,PS-MUSHARI MUZAFFARPUR BIHAR 842002",842002,25.105818,85.317219,Private-Self Financing,"State Board of Technical Education, Patna",Approved,Approved,B++,No,,Tier 3,http://www.muzaffarpurprofessionaleducation.ac.in,info@muzaffarpurprofessionaleducation.ac.in,admissions@muzaffarpurprofessionaleducation.ac.in,placement@muzaffarpurprofessionaleducation.ac.in,+91-80-246-4538,Civil Engineering,Diploma,60,360,2013,Urban,No,Yes
1-44638941584,1-44638941584,U-0698,MUZAFFARPUR COLLEGE OF PROFESSIONAL EDUCATION,Active,Bihar,Muzaffarpur,Muzaffarpur,"VPO-NARSINGHPUR VIA-RAMNA PO,PS-MUSHARI MUZAFFARPUR BIHAR 842002",842002,25.105818,85.317219,Private-Self Financing,"State Board of Technical Education, Patna",Approved,Approved,B++,No,,Tier 3,http://www.muzaffarpurprofessionaleducation.ac.in,info@muzaffarpurprofessionaleducation.ac.in,admissions@muzaffarpurprofessionaleducation.ac.in,placement@muzaffarpurprofessionaleducation.ac.in,+91-80-246-4538,Mechanical Engineering,Diploma,60,360,2013,Urban,No,Yes
1-44638941584,1-44638941584,U-0698,MUZAFFARPUR COLLEGE OF PROFESSIONAL EDUCATION,Active,Bihar,Muzaffarpur,Muzaffarpur,"VPO-NARSINGHPUR VIA-RAMNA PO,PS-MUSHARI MUZAFFARPUR BIHAR 842002",842002,25.105818,85.317219,Private-Self Financing,"State Board of Technical Education, Patna",Approved,Approved,B++,No,,Tier 3,http://www.muzaffarpurprofessionaleducation.ac.in,info@muzaffarpurprofessionaleducation.ac.in,admissions@muzaffarpurprofessionaleducation.ac.in,placement@muzaffarpurprofessionaleducation.ac.in,+91-80-246-4538,Other Engineering Branches,Diploma,120,360,2013,Urban,No,Yes
1-44638941584,1-44638941584,U-0698,MUZAFFARPUR COLLEGE OF PROFESSIONAL EDUCATION,Active,Bihar,Muzaffarpur,Muzaffarpur,"VPO-NARSINGHPUR VIA-RAMNA PO,PS-MUSHARI MUZAFFARPUR BIHAR 842002",842002,25.105818,85.317219,Private-Self Financing,"State Board of Technical Education, Patna",Approved,Approved,B++,No,,Tier 3,http://www.muzaffarpurprofessionaleducation.ac.in,info@muzaffarpurprofessionaleducation.ac.in,admissions@muzaffarpurprofessionaleducation.ac.in,placement@muzaffarpurprofessionaleducation.ac.in,+91-80-246-4538,Electrical Engineering,Diploma,60,360,2013,Urban,No,Yes
1-44638941584,1-44638941584,U-0698,MUZAFFARPUR COLLEGE OF PROFESSIONAL EDUCATION,Active,Bihar,Muzaffarpur,Muzaffarpur,"VPO-NARSINGHPUR VIA-RAMNA PO,PS-MUSHARI MUZAFFARPUR BIHAR 842002",842002,25.105818,85.317219,Private-Self Financing,"State Board of Technical Education, Patna",Approved,Approved,B++,No,,Tier 3,http://www.muzaffarpurprofessionaleducation.ac.in,info@muzaffarpurprofessionaleducation.ac.in,admissions@muzaffarpurprofessionaleducation.ac.in,placement@muzaffarpurprofessionaleducation.ac.in,+91-80-246-4538,Computer Science Engineering (CSE),Diploma,60,360,2013,Urban,No,Yes
1-44639397006,1-44639397006,U-0698,J.P.INSTITUTE OF TECHNOLOGY,Active,Bihar,Nalanda,Nalanda,"AT-BIYABANI,PO-MAGHRA,PS-DEEPNAGAR,TAHSIL-BIHARSHARIF",800534,25.092953,85.298049,Private-Self Financing,"State Board of Technical Education, Patna",Approved,Approved,B+,No,,Tier 3,http://www.jpinstitute.ac.in,info@jpinstitute.ac.in,admissions@jpinstitute.ac.in,placement@jpinstitute.ac.in,+91-80-706-8447,Mechanical Engineering,Diploma,60,300,1985,Rural,Yes,Yes
1-44639397006,1-44639397006,U-0698,J.P.INSTITUTE OF TECHNOLOGY,Active,Bihar,Nalanda,Nalanda,"AT-BIYABANI,PO-MAGHRA,PS-DEEPNAGAR,TAHSIL-BIHARSHARIF",800534,25.092953,85.298049,Private-Self Financing,"State Board of Technical Education, Patna",Approved,Approved,B+,No,,Tier 3,http://www.jpinstitute.ac.in,info@jpinstitute.ac.in,admissions@jpinstitute.ac.in,placement@jpinstitute.ac.in,+91-80-706-8447,Electrical Engineering,Diploma,60,300,1985,Rural,Yes,Yes
1-44639397006,1-44639397006,U-0698,J.P.INSTITUTE OF TECHNOLOGY,Active,Bihar,Nalanda,Nalanda,"AT-BIYABANI,PO-MAGHRA,PS-DEEPNAGAR,TAHSIL-BIHARSHARIF",800534,25.092953,85.298049,Private-Self Financing,"State Board of Technical Education, Patna",Approved,Approved,B+,No,,Tier 3,http://www.jpinstitute.ac.in,info@jpinstitute.ac.in,admissions@jpinstitute.ac.in,placement@jpinstitute.ac.in,+91-80-706-8447,Civil Engineering,Diploma,90,300,1985,Rural,Yes,Yes
1-44639397006,1-44639397006,U-0698,J.P.INSTITUTE OF TECHNOLOGY,Active,Bihar,Nalanda,Nalanda,"AT-BIYABANI,PO-MAGHRA,PS-DEEPNAGAR,TAHSIL-BIHARSHARIF",800534,25.092953,85.298049,Private-Self Financing,"State Board of Technical Education, Patna",Approved,Approved,B+,No,,Tier 3,http://www.jpinstitute.ac.in,info@jpinstitute.ac.in,admissions@jpinstitute.ac.in,placement@jpinstitute.ac.in,+91-80-706-8447,Computer Science Engineering (CSE),Diploma,60,300,1985,Rural,Yes,Yes
1-44639397006,1-44639397006,U-0698,J.P.INSTITUTE OF TECHNOLOGY,Active,Bihar,Nalanda,Nalanda,"AT-BIYABANI,PO-MAGHRA,PS-DEEPNAGAR,TAHSIL-BIHARSHARIF",800534,25.092953,85.298049,Private-Self Financing,"State Board of Technical Education, Patna",Approved,Approved,B+,No,,Tier 3,http://www.jpinstitute.ac.in,info@jpinstitute.ac.in,admissions@jpinstitute.ac.in,placement@jpinstitute.ac.in,+91-80-706-8447,Electrical & Electronics Engineering (EEE),Diploma,30,300,1985,Rural,Yes,Yes
1-44638807972,1-44638807972,U-0272,GOVERNMENT ENGINEERING COLLEGE SAMASTIPUR,Active,Bihar,Samastipur,Samastipur,"NEAR SARAIRANJAN, BLOCK- NARGHOGHI, SAMASTIPUR, BIHAR-848127",848127,25.094728,85.308787,Government,"BIHAR ENGINEERING UNIVERSITY, PATNA",Approved,Approved,A+,Yes,,Tier 2,http://www.samastipur.ac.in,info@samastipur.ac.in,admissions@samastipur.ac.in,placement@samastipur.ac.in,+91-80-781-2964,Mechanical Engineering,B.Tech,60,360,1995,Urban,Yes,Yes
1-44638807972,1-44638807972,U-0272,GOVERNMENT ENGINEERING COLLEGE SAMASTIPUR,Active,Bihar,Samastipur,Samastipur,"NEAR SARAIRANJAN, BLOCK- NARGHOGHI, SAMASTIPUR, BIHAR-848127",848127,25.094728,85.308787,Government,"BIHAR ENGINEERING UNIVERSITY, PATNA",Approved,Approved,A+,Yes,,Tier 2,http://www.samastipur.ac.in,info@samastipur.ac.in,admissions@samastipur.ac.in,placement@samastipur.ac.in,+91-80-781-2964,Civil Engineering,B.Tech,60,360,1995,Urban,Yes,Yes
1-44638807972,1-44638807972,U-0272,GOVERNMENT ENGINEERING COLLEGE SAMASTIPUR,Active,Bihar,Samastipur,Samastipur,"NEAR SARAIRANJAN, BLOCK- NARGHOGHI, SAMASTIPUR, BIHAR-848127",848127,25.094728,85.308787,Government,"BIHAR ENGINEERING UNIVERSITY, PATNA",Approved,Approved,A+,Yes,,Tier 2,http://www.samastipur.ac.in,info@samastipur.ac.in,admissions@samastipur.ac.in,placement@samastipur.ac.in,+91-80-781-2964,Electrical Engineering,B.Tech,60,360,1995,Urban,Yes,Yes
1-44638807972,1-44638807972,U-0272,GOVERNMENT ENGINEERING COLLEGE SAMASTIPUR,Active,Bihar,Samastipur,Samastipur,"NEAR SARAIRANJAN, BLOCK- NARGHOGHI, SAMASTIPUR, BIHAR-848127",848127,25.094728,85.308787,Government,"BIHAR ENGINEERING UNIVERSITY, PATNA",Approved,Approved,A+,Yes,,Tier 2,http://www.samastipur.ac.in,info@samastipur.ac.in,admissions@samastipur.ac.in,placement@samastipur.ac.in,+91-80-781-2964,Cyber Security,B.Tech,60,360,1995,Urban,Yes,Yes
1-44638807972,1-44638807972,U-0272,GOVERNMENT ENGINEERING COLLEGE SAMASTIPUR,Active,Bihar,Samastipur,Samastipur,"NEAR SARAIRANJAN, BLOCK- NARGHOGHI, SAMASTIPUR, BIHAR-848127",848127,25.094728,85.308787,Government,"BIHAR ENGINEERING UNIVERSITY, PATNA",Approved,Approved,A+,Yes,,Tier 2,http://www.samastipur.ac.in,info@samastipur.ac.in,admissions@samastipur.ac.in,placement@samastipur.ac.in,+91-80-781-2964,Artificial Intelligence & Machine Learning (AI & ML),B.Tech,60,360,1995,Urban,Yes,Yes
1-44638807972,1-44638807972,U-0272,GOVERNMENT ENGINEERING COLLEGE SAMASTIPUR,Active,Bihar,Samastipur,Samastipur,"NEAR SARAIRANJAN, BLOCK- NARGHOGHI, SAMASTIPUR, BIHAR-848127",848127,25.094728,85.308787,Government,"BIHAR ENGINEERING UNIVERSITY, PATNA",Approved,Approved,A+,Yes,,Tier 2,http://www.samastipur.ac.in,info@samastipur.ac.in,admissions@samastipur.ac.in,placement@samastipur.ac.in,+91-80-781-2964,Electronics & Communication Engineering (ECE),B.Tech,60,360,1995,Urban,Yes,Yes
1-44639394828,1-44639394828,U-0698,MILLIA INSTITUTE OF TECHNOLOGY,Active,Bihar,Purnia,Purnia,"RAMBAGH, PURNEA",800196,25.079466,85.323667,Private-Self Financing,"State Board of Technical Education, Patna",Approved,Approved,Not Accredited,No,,Tier 3,http://www.millia.ac.in,info@millia.ac.in,admissions@millia.ac.in,placement@millia.ac.in,+91-80-141-2035,Mechanical Engineering,Diploma,60,540,1980,Urban,Yes,Yes
1-44639394828,1-44639394828,U-0698,MILLIA INSTITUTE OF TECHNOLOGY,Active,Bihar,Purnia,Purnia,"RAMBAGH, PURNEA",800196,25.079466,85.323667,Private-Self Financing,"State Board of Technical Education, Patna",Approved,Approved,Not Accredited,No,,Tier 3,http://www.millia.ac.in,info@millia.ac.in,admissions@millia.ac.in,placement@millia.ac.in,+91-80-141-2035,Civil Engineering,Diploma,60,540,1980,Urban,Yes,Yes
1-44639394828,1-44639394828,U-0698,MILLIA INSTITUTE OF TECHNOLOGY,Active,Bihar,Purnia,Purnia,"RAMBAGH, PURNEA",800196,25.079466,85.323667,Private-Self Financing,"State Board of Technical Education, Patna",Approved,Approved,Not Accredited,No,,Tier 3,http://www.millia.ac.in,info@millia.ac.in,admissions@millia.ac.in,placement@millia.ac.in,+91-80-141-2035,Mechanical Engineering,B.Tech,120,540,1980,Urban,Yes,Yes
1-44639394828,1-44639394828,U-0698,MILLIA INSTITUTE OF TECHNOLOGY,Active,Bihar,Purnia,Purnia,"RAMBAGH, PURNEA",800196,25.079466,85.323667,Private-Self Financing,"State Board of Technical Education, Patna",Approved,Approved,Not Accredited,No,,Tier 3,http://www.millia.ac.in,info@millia.ac.in,admissions@millia.ac.in,placement@millia.ac.in,+91-80-141-2035,Civil Engineering,B.Tech,120,540,1980,Urban,Yes,Yes
1-44639394828,1-44639394828,U-0698,MILLIA INSTITUTE OF TECHNOLOGY,Active,Bihar,Purnia,Purnia,"RAMBAGH, PURNEA",800196,25.079466,85.323667,Private-Self Financing,"State Board of Technical Education, Patna",Approved,Approved,Not Accredited,No,,Tier 3,http://www.millia.ac.in,info@millia.ac.in,admissions@millia.ac.in,placement@millia.ac.in,+91-80-141-2035,Electrical Engineering,B.Tech,60,540,1980,Urban,Yes,Yes
1-44639394828,1-44639394828,U-0698,MILLIA INSTITUTE OF TECHNOLOGY,Active,Bihar,Purnia,Purnia,"RAMBAGH, PURNEA",800196,25.079466,85.323667,Private-Self Financing,"State Board of Technical Education, Patna",Approved,Approved,Not Accredited,No,,Tier 3,http://www.millia.ac.in,info@millia.ac.in,admissions@millia.ac.in,placement@millia.ac.in,+91-80-141-2035,Electronics & Communication Engineering (ECE),B.Tech,60,540,1980,Urban,Yes,Yes
1-44639394828,1-44639394828,U-0698,MILLIA INSTITUTE OF TECHNOLOGY,Active,Bihar,Purnia,Purnia,"RAMBAGH, PURNEA",800196,25.079466,85.323667,Private-Self Financing,"State Board of Technical Education, Patna",Approved,Approved,Not Accredited,No,,Tier 3,http://www.millia.ac.in,info@millia.ac.in,admissions@millia.ac.in,placement@millia.ac.in,+91-80-141-2035,Computer Science Engineering (CSE),B.Tech,60,540,1980,Urban,Yes,Yes
1-44638790163,1-44638790163,U-0057,GOVERNMENT ENGINEERING COLLEGE KHAGARIA,Active,Bihar,Khagaria,Khagaria,"GOVERNMENT ENGINEERING COLLEGE KHAGARIA, AT- RANU, POST- ALAULI, BLOCK- ALAULI, DISTRICT- KHAGARIA",800773,25.103993,85.29632,Government,Bihar Engineering University Patna,Approved,Approved,A+,Yes,,Tier 2,http://www.khagaria.ac.in,info@khagaria.ac.in,admissions@khagaria.ac.in,placement@khagaria.ac.in,+91-80-169-8964,Civil Engineering,B.Tech,120,360,1998,Urban,Yes,Yes
1-44638790163,1-44638790163,U-0057,GOVERNMENT ENGINEERING COLLEGE KHAGARIA,Active,Bihar,Khagaria,Khagaria,"GOVERNMENT ENGINEERING COLLEGE KHAGARIA, AT- RANU, POST- ALAULI, BLOCK- ALAULI, DISTRICT- KHAGARIA",800773,25.103993,85.29632,Government,Bihar Engineering University Patna,Approved,Approved,A+,Yes,,Tier 2,http://www.khagaria.ac.in,info@khagaria.ac.in,admissions@khagaria.ac.in,placement@khagaria.ac.in,+91-80-169-8964,Mechanical Engineering,B.Tech,60,360,1998,Urban,Yes,Yes
1-44638790163,1-44638790163,U-0057,GOVERNMENT ENGINEERING COLLEGE KHAGARIA,Active,Bihar,Khagaria,Khagaria,"GOVERNMENT ENGINEERING COLLEGE KHAGARIA, AT- RANU, POST- ALAULI, BLOCK- ALAULI, DISTRICT- KHAGARIA",800773,25.103993,85.29632,Government,Bihar Engineering University Patna,Approved,Approved,A+,Yes,,Tier 2,http://www.khagaria.ac.in,info@khagaria.ac.in,admissions@khagaria.ac.in,placement@khagaria.ac.in,+91-80-169-8964,Electrical Engineering,B.Tech,60,360,1998,Urban,Yes,Yes
1-44638790163,1-44638790163,U-0057,GOVERNMENT ENGINEERING COLLEGE KHAGARIA,Active,Bihar,Khagaria,Khagaria,"GOVERNMENT ENGINEERING COLLEGE KHAGARIA, AT- RANU, POST- ALAULI, BLOCK- ALAULI, DISTRICT- KHAGARIA",800773,25.103993,85.29632,Government,Bihar Engineering University Patna,Approved,Approved,A+,Yes,,Tier 2,http://www.khagaria.ac.in,info@khagaria.ac.in,admissions@khagaria.ac.in,placement@khagaria.ac.in,+91-80-169-8964,IoT,B.Tech,60,360,1998,Urban,Yes,Yes
1-44638790163,1-44638790163,U-0057,GOVERNMENT ENGINEERING COLLEGE KHAGARIA,Active,Bihar,Khagaria,Khagaria,"GOVERNMENT ENGINEERING COLLEGE KHAGARIA, AT- RANU, POST- ALAULI, BLOCK- ALAULI, DISTRICT- KHAGARIA",800773,25.103993,85.29632,Government,Bihar Engineering University Patna,Approved,Approved,A+,Yes,,Tier 2,http://www.khagaria.ac.in,info@khagaria.ac.in,admissions@khagaria.ac.in,placement@khagaria.ac.in,+91-80-169-8964,Artificial Intelligence & Machine Learning (AI & ML),B.Tech,60,360,1998,Urban,Yes,Yes
1-44638868500,1-44638868500,U-0698,"GOVT. POLYTECHNIC, TEKARI, GAYA",Active,Bihar,Gaya,Gaya,"GOVERNMENT POLYTECHNIC TEKARI, GAYA AT- MAKHDUMPUR , TEKARI, GAYA (BIHAR-824236)",824236,25.086761,85.300673,Government,"State Board of Technical Education, Patna",Approved,Approved,A+,Yes,,Tier 2,http://www.govttekarigaya.ac.in,info@govttekarigaya.ac.in,admissions@govttekarigaya.ac.in,placement@govttekarigaya.ac.in,+91-80-447-1600,Civil Engineering,Diploma,120,360,1996,Urban,Yes,Yes
1-44638868500,1-44638868500,U-0698,"GOVT. POLYTECHNIC, TEKARI, GAYA",Active,Bihar,Gaya,Gaya,"GOVERNMENT POLYTECHNIC TEKARI, GAYA AT- MAKHDUMPUR , TEKARI, GAYA (BIHAR-824236)",824236,25.086761,85.300673,Government,"State Board of Technical Education, Patna",Approved,Approved,A+,Yes,,Tier 2,http://www.govttekarigaya.ac.in,info@govttekarigaya.ac.in,admissions@govttekarigaya.ac.in,placement@govttekarigaya.ac.in,+91-80-447-1600,Electrical Engineering,Diploma,60,360,1996,Urban,Yes,Yes
1-44638868500,1-44638868500,U-0698,"GOVT. POLYTECHNIC, TEKARI, GAYA",Active,Bihar,Gaya,Gaya,"GOVERNMENT POLYTECHNIC TEKARI, GAYA AT- MAKHDUMPUR , TEKARI, GAYA (BIHAR-824236)",824236,25.086761,85.300673,Government,"State Board of Technical Education, Patna",Approved,Approved,A+,Yes,,Tier 2,http://www.govttekarigaya.ac.in,info@govttekarigaya.ac.in,admissions@govttekarigaya.ac.in,placement@govttekarigaya.ac.in,+91-80-447-1600,Other Engineering Branches,Diploma,60,360,1996,Urban,Yes,Yes
1-44638868500,1-44638868500,U-0698,"GOVT. POLYTECHNIC, TEKARI, GAYA",Active,Bihar,Gaya,Gaya,"GOVERNMENT POLYTECHNIC TEKARI, GAYA AT- MAKHDUMPUR , TEKARI, GAYA (BIHAR-824236)",824236,25.086761,85.300673,Government,"State Board of Technical Education, Patna",Approved,Approved,A+,Yes,,Tier 2,http://www.govttekarigaya.ac.in,info@govttekarigaya.ac.in,admissions@govttekarigaya.ac.in,placement@govttekarigaya.ac.in,+91-80-447-1600,Mechanical Engineering,Diploma,60,360,1996,Urban,Yes,Yes
1-44638868500,1-44638868500,U-0698,"GOVT. POLYTECHNIC, TEKARI, GAYA",Active,Bihar,Gaya,Gaya,"GOVERNMENT POLYTECHNIC TEKARI, GAYA AT- MAKHDUMPUR , TEKARI, GAYA (BIHAR-824236)",824236,25.086761,85.300673,Government,"State Board of Technical Education, Patna",Approved,Approved,A+,Yes,,Tier 2,http://www.govttekarigaya.ac.in,info@govttekarigaya.ac.in,admissions@govttekarigaya.ac.in,placement@govttekarigaya.ac.in,+91-80-447-1600,Computer Science Engineering (CSE),Diploma,60,360,1996,Urban,Yes,Yes
1-44638903370,1-44638903370,U-0846,SITAMARHI INSTITUTE OF TECHNOLOGY,Active,Bihar,Sitamarhi,Sitamarhi,"SITAMARHI INSTITUTE OF TECHNOLOGY, DUMRA, VILLAGE: GOSAINPUR, PO: RASULPUR, SITAMARHI 843302",843302,25.091675,85.313972,Government,"Bihar Engineering University, Patna",Approved,Approved,A,No,,Tier 2,http://www.sitamarhi.ac.in,info@sitamarhi.ac.in,admissions@sitamarhi.ac.in,placement@sitamarhi.ac.in,+91-80-653-2741,Electrical Engineering,B.Tech,60,360,1983,Rural,Yes,No
1-44638903370,1-44638903370,U-0846,SITAMARHI INSTITUTE OF TECHNOLOGY,Active,Bihar,Sitamarhi,Sitamarhi,"SITAMARHI INSTITUTE OF TECHNOLOGY, DUMRA, VILLAGE: GOSAINPUR, PO: RASULPUR, SITAMARHI 843302",843302,25.091675,85.313972,Government,"Bihar Engineering University, Patna",Approved,Approved,A,No,,Tier 2,http://www.sitamarhi.ac.in,info@sitamarhi.ac.in,admissions@sitamarhi.ac.in,placement@sitamarhi.ac.in,+91-80-653-2741,Computer Science Engineering (CSE),B.Tech,60,360,1983,Rural,Yes,No
1-44638903370,1-44638903370,U-0846,SITAMARHI INSTITUTE OF TECHNOLOGY,Active,Bihar,Sitamarhi,Sitamarhi,"SITAMARHI INSTITUTE OF TECHNOLOGY, DUMRA, VILLAGE: GOSAINPUR, PO: RASULPUR, SITAMARHI 843302",843302,25.091675,85.313972,Government,"Bihar Engineering University, Patna",Approved,Approved,A,No,,Tier 2,http://www.sitamarhi.ac.in,info@sitamarhi.ac.in,admissions@sitamarhi.ac.in,placement@sitamarhi.ac.in,+91-80-653-2741,Mechanical Engineering,B.Tech,60,360,1983,Rural,Yes,No
1-44638903370,1-44638903370,U-0846,SITAMARHI INSTITUTE OF TECHNOLOGY,Active,Bihar,Sitamarhi,Sitamarhi,"SITAMARHI INSTITUTE OF TECHNOLOGY, DUMRA, VILLAGE: GOSAINPUR, PO: RASULPUR, SITAMARHI 843302",843302,25.091675,85.313972,Government,"Bihar Engineering University, Patna",Approved,Approved,A,No,,Tier 2,http://www.sitamarhi.ac.in,info@sitamarhi.ac.in,admissions@sitamarhi.ac.in,placement@sitamarhi.ac.in,+91-80-653-2741,Civil Engineering,B.Tech,60,360,1983,Rural,Yes,No
1-44638903370,1-44638903370,U-0846,SITAMARHI INSTITUTE OF TECHNOLOGY,Active,Bihar,Sitamarhi,Sitamarhi,"SITAMARHI INSTITUTE OF TECHNOLOGY, DUMRA, VILLAGE: GOSAINPUR, PO: RASULPUR, SITAMARHI 843302",843302,25.091675,85.313972,Government,"Bihar Engineering University, Patna",Approved,Approved,A,No,,Tier 2,http://www.sitamarhi.ac.in,info@sitamarhi.ac.in,admissions@sitamarhi.ac.in,placement@sitamarhi.ac.in,+91-80-653-2741,Artificial Intelligence & Machine Learning (AI & ML),B.Tech,60,360,1983,Rural,Yes,No
1-44638903370,1-44638903370,U-0846,SITAMARHI INSTITUTE OF TECHNOLOGY,Active,Bihar,Sitamarhi,Sitamarhi,"SITAMARHI INSTITUTE OF TECHNOLOGY, DUMRA, VILLAGE: GOSAINPUR, PO: RASULPUR, SITAMARHI 843302",843302,25.091675,85.313972,Government,"Bihar Engineering University, Patna",Approved,Approved,A,No,,Tier 2,http://www.sitamarhi.ac.in,info@sitamarhi.ac.in,admissions@sitamarhi.ac.in,placement@sitamarhi.ac.in,+91-80-653-2741,Information Technology (IT),B.Tech,60,360,1983,Rural,Yes,No
1-44638796293,1-44638796293,U-0698,GOVERNMENT POLYTECHNIC SIWAN,Active,Bihar,Siwan,Siwan,AT- BAWANDIH P.O.- CHAINPUR SIWAN,800873,25.097956,85.323685,Government,"State Board of Technical Education, Patna",Approved,Approved,B,No,,Tier 3,http://www.siwan.ac.in,info@siwan.ac.in,admissions@siwan.ac.in,placement@siwan.ac.in,+91-80-916-7043,Civil Engineering,Diploma,120,360,1982,Rural,No,Yes
1-44638796293,1-44638796293,U-0698,GOVERNMENT POLYTECHNIC SIWAN,Active,Bihar,Siwan,Siwan,AT- BAWANDIH P.O.- CHAINPUR SIWAN,800873,25.097956,85.323685,Government,"State Board of Technical Education, Patna",Approved,Approved,B,No,,Tier 3,http://www.siwan.ac.in,info@siwan.ac.in,admissions@siwan.ac.in,placement@siwan.ac.in,+91-80-916-7043,Mechanical Engineering,Diploma,60,360,1982,Rural,No,Yes
1-44638796293,1-44638796293,U-0698,GOVERNMENT POLYTECHNIC SIWAN,Active,Bihar,Siwan,Siwan,AT- BAWANDIH P.O.- CHAINPUR SIWAN,800873,25.097956,85.323685,Government,"State Board of Technical Education, Patna",Approved,Approved,B,No,,Tier 3,http://www.siwan.ac.in,info@siwan.ac.in,admissions@siwan.ac.in,placement@siwan.ac.in,+91-80-916-7043,Electrical Engineering,Diploma,60,360,1982,Rural,No,Yes
1-44638796293,1-44638796293,U-0698,GOVERNMENT POLYTECHNIC SIWAN,Active,Bihar,Siwan,Siwan,AT- BAWANDIH P.O.- CHAINPUR SIWAN,800873,25.097956,85.323685,Government,"State Board of Technical Education, Patna",Approved,Approved,B,No,,Tier 3,http://www.siwan.ac.in,info@siwan.ac.in,admissions@siwan.ac.in,placement@siwan.ac.in,+91-80-916-7043,Other Engineering Branches,Diploma,60,360,1982,Rural,No,Yes
1-44638796293,1-44638796293,U-0698,GOVERNMENT POLYTECHNIC SIWAN,Active,Bihar,Siwan,Siwan,AT- BAWANDIH P.O.- CHAINPUR SIWAN,800873,25.097956,85.323685,Government,"State Board of Technical Education, Patna",Approved,Approved,B,No,,Tier 3,http://www.siwan.ac.in,info@siwan.ac.in,admissions@siwan.ac.in,placement@siwan.ac.in,+91-80-916-7043,Computer Science Engineering (CSE),Diploma,60,360,1982,Rural,No,Yes
1-44639376874,1-44639376874,U-0698,EXALT COLLEGE OF POLYTECHNIC,Active,Bihar,Vaishali,Vaishali,"KAHAULI TEH.GARAUL, MAHUA",800990,25.089631,85.327372,Private-Self Financing,"State Board of Technical Education, Patna",Approved,Approved,B+,No,,Tier 3,http://www.exalt.ac.in,info@exalt.ac.in,admissions@exalt.ac.in,placement@exalt.ac.in,+91-80-567-5483,Civil Engineering,Diploma,120,360,1989,Rural,Yes,Yes
1-44639376874,1-44639376874,U-0698,EXALT COLLEGE OF POLYTECHNIC,Active,Bihar,Vaishali,Vaishali,"KAHAULI TEH.GARAUL, MAHUA",800990,25.089631,85.327372,Private-Self Financing,"State Board of Technical Education, Patna",Approved,Approved,B+,No,,Tier 3,http://www.exalt.ac.in,info@exalt.ac.in,admissions@exalt.ac.in,placement@exalt.ac.in,+91-80-567-5483,Mechanical Engineering,Diploma,60,360,1989,Rural,Yes,Yes
1-44639376874,1-44639376874,U-0698,EXALT COLLEGE OF POLYTECHNIC,Active,Bihar,Vaishali,Vaishali,"KAHAULI TEH.GARAUL, MAHUA",800990,25.089631,85.327372,Private-Self Financing,"State Board of Technical Education, Patna",Approved,Approved,B+,No,,Tier 3,http://www.exalt.ac.in,info@exalt.ac.in,admissions@exalt.ac.in,placement@exalt.ac.in,+91-80-567-5483,Electrical Engineering,Diploma,60,360,1989,Rural,Yes,Yes
1-44639376874,1-44639376874,U-0698,EXALT COLLEGE OF POLYTECHNIC,Active,Bihar,Vaishali,Vaishali,"KAHAULI TEH.GARAUL, MAHUA",800990,25.089631,85.327372,Private-Self Financing,"State Board of Technical Education, Patna",Approved,Approved,B+,No,,Tier 3,http://www.exalt.ac.in,info@exalt.ac.in,admissions@exalt.ac.in,placement@exalt.ac.in,+91-80-567-5483,Computer Science Engineering (CSE),Diploma,120,360,1989,Rural,Yes,Yes
1-44638959370,1-44638959370,U-0698,GOVERNMENT POLYTECHNIC BARH,Active,Bihar,Patna,Patna,"HAJIPUR ENGLISH, RANABIGHA, BARH",800155,25.578919,85.136513,Government,"State Board of Technical Education, Patna",Approved,Approved,A,No,,Tier 2,http://www.barh.ac.in,info@barh.ac.in,admissions@barh.ac.in,placement@barh.ac.in,+91-80-202-1497,Artificial Intelligence & Machine Learning (AI & ML),Diploma,60,240,2000,Rural,Yes,Yes
1-44638959370,1-44638959370,U-0698,GOVERNMENT POLYTECHNIC BARH,Active,Bihar,Patna,Patna,"HAJIPUR ENGLISH, RANABIGHA, BARH",800155,25.578919,85.136513,Government,"State Board of Technical Education, Patna",Approved,Approved,A,No,,Tier 2,http://www.barh.ac.in,info@barh.ac.in,admissions@barh.ac.in,placement@barh.ac.in,+91-80-202-1497,Civil Engineering,Diploma,60,240,2000,Rural,Yes,Yes
1-44638959370,1-44638959370,U-0698,GOVERNMENT POLYTECHNIC BARH,Active,Bihar,Patna,Patna,"HAJIPUR ENGLISH, RANABIGHA, BARH",800155,25.578919,85.136513,Government,"State Board of Technical Education, Patna",Approved,Approved,A,No,,Tier 2,http://www.barh.ac.in,info@barh.ac.in,admissions@barh.ac.in,placement@barh.ac.in,+91-80-202-1497,Robotics,Diploma,60,240,2000,Rural,Yes,Yes
1-44638959370,1-44638959370,U-0698,GOVERNMENT POLYTECHNIC BARH,Active,Bihar,Patna,Patna,"HAJIPUR ENGLISH, RANABIGHA, BARH",800155,25.578919,85.136513,Government,"State Board of Technical Education, Patna",Approved,Approved,A,No,,Tier 2,http://www.barh.ac.in,info@barh.ac.in,admissions@barh.ac.in,placement@barh.ac.in,+91-80-202-1497,Mechanical Engineering,Diploma,60,240,2000,Rural,Yes,Yes
1-44638781308,1-44638781308,U-0698,"GOVERNMENT POLYTECHNIC, JAMUI",Active,Bihar,Jamui,Jamui,"KALYANPUR ROAD, POST- JAMUI P.S.- JAMUI DISTRICT- JAMUI",800061,25.076247,85.296983,Government,"State Board of Technical Education, Patna",Approved,Approved,A+,Yes,,Tier 2,http://www.jamui.ac.in,info@jamui.ac.in,admissions@jamui.ac.in,placement@jamui.ac.in,+91-80-006-1720,Mechanical Engineering,Diploma,60,360,1995,Urban,No,No
1-44638781308,1-44638781308,U-0698,"GOVERNMENT POLYTECHNIC, JAMUI",Active,Bihar,Jamui,Jamui,"KALYANPUR ROAD, POST- JAMUI P.S.- JAMUI DISTRICT- JAMUI",800061,25.076247,85.296983,Government,"State Board of Technical Education, Patna",Approved,Approved,A+,Yes,,Tier 2,http://www.jamui.ac.in,info@jamui.ac.in,admissions@jamui.ac.in,placement@jamui.ac.in,+91-80-006-1720,Electrical Engineering,Diploma,90,360,1995,Urban,No,No
1-44638781308,1-44638781308,U-0698,"GOVERNMENT POLYTECHNIC, JAMUI",Active,Bihar,Jamui,Jamui,"KALYANPUR ROAD, POST- JAMUI P.S.- JAMUI DISTRICT- JAMUI",800061,25.076247,85.296983,Government,"State Board of Technical Education, Patna",Approved,Approved,A+,Yes,,Tier 2,http://www.jamui.ac.in,info@jamui.ac.in,admissions@jamui.ac.in,placement@jamui.ac.in,+91-80-006-1720,Civil Engineering,Diploma,90,360,1995,Urban,No,No
1-44638781308,1-44638781308,U-0698,"GOVERNMENT POLYTECHNIC, JAMUI",Active,Bihar,Jamui,Jamui,"KALYANPUR ROAD, POST- JAMUI P.S.- JAMUI DISTRICT- JAMUI",800061,25.076247,85.296983,Government,"State Board of Technical Education, Patna",Approved,Approved,A+,Yes,,Tier 2,http://www.jamui.ac.in,info@jamui.ac.in,admissions@jamui.ac.in,placement@jamui.ac.in,+91-80-006-1720,Other Engineering Branches,Diploma,60,360,1995,Urban,No,No
1-44638781308,1-44638781308,U-0698,"GOVERNMENT POLYTECHNIC, JAMUI",Active,Bihar,Jamui,Jamui,"KALYANPUR ROAD, POST- JAMUI P.S.- JAMUI DISTRICT- JAMUI",800061,25.076247,85.296983,Government,"State Board of Technical Education, Patna",Approved,Approved,A+,Yes,,Tier 2,http://www.jamui.ac.in,info@jamui.ac.in,admissions@jamui.ac.in,placement@jamui.ac.in,+91-80-006-1720,Computer Science Engineering (CSE),Diploma,60,360,1995,Urban,No,No
1-44639734199,1-44639734199,U-0698,GOVT. POLYTECHNIC,Active,Bihar,Muzaffarpur,Muzaffarpur,NAYATOLA,800310,25.087827,85.296932,Government,"State Board of Technical Education, Patna",Approved,Approved,A+,Yes,,Tier 2,http://www.govt.ac.in,info@govt.ac.in,admissions@govt.ac.in,placement@govt.ac.in,+91-80-491-8808,Civil Engineering,Diploma,120,390,2019,Urban,Yes,Yes
1-44639734199,1-44639734199,U-0698,GOVT. POLYTECHNIC,Active,Bihar,Muzaffarpur,Muzaffarpur,NAYATOLA,800310,25.087827,85.296932,Government,"State Board of Technical Education, Patna",Approved,Approved,A+,Yes,,Tier 2,http://www.govt.ac.in,info@govt.ac.in,admissions@govt.ac.in,placement@govt.ac.in,+91-80-491-8808,Mechanical Engineering,Diploma,60,390,2019,Urban,Yes,Yes
1-44639734199,1-44639734199,U-0698,GOVT. POLYTECHNIC,Active,Bihar,Muzaffarpur,Muzaffarpur,NAYATOLA,800310,25.087827,85.296932,Government,"State Board of Technical Education, Patna",Approved,Approved,A+,Yes,,Tier 2,http://www.govt.ac.in,info@govt.ac.in,admissions@govt.ac.in,placement@govt.ac.in,+91-80-491-8808,Electrical Engineering,Diploma,60,390,2019,Urban,Yes,Yes
1-44639734199,1-44639734199,U-0698,GOVT. POLYTECHNIC,Active,Bihar,Muzaffarpur,Muzaffarpur,NAYATOLA,800310,25.087827,85.296932,Government,"State Board of Technical Education, Patna",Approved,Approved,A+,Yes,,Tier 2,http://www.govt.ac.in,info@govt.ac.in,admissions@govt.ac.in,placement@govt.ac.in,+91-80-491-8808,Other Engineering Branches,Diploma,90,390,2019,Urban,Yes,Yes
1-44639734199,1-44639734199,U-0698,GOVT. POLYTECHNIC,Active,Bihar,Muzaffarpur,Muzaffarpur,NAYATOLA,800310,25.087827,85.296932,Government,"State Board of Technical Education, Patna",Approved,Approved,A+,Yes,,Tier 2,http://www.govt.ac.in,info@govt.ac.in,admissions@govt.ac.in,placement@govt.ac.in,+91-80-491-8808,Computer Science Engineering (CSE),Diploma,60,390,2019,Urban,Yes,Yes
1-44640134602,1-44640134602,U-0440,ADWAITA MISSION INSTITUTE OF TECHNOLOGY,Active,Bihar,Banka,Banka,"AT-SHIVDHAM,PO-MANIYARPUR VIA-BOUNSI,DIST-BANKA,BIHAR-813104",813104,25.107386,85.303864,Private-Self Financing,Bihar Engineering University,Approved,Approved,A+,Yes,,Tier 2,http://www.adwaitamission.ac.in,info@adwaitamission.ac.in,admissions@adwaitamission.ac.in,placement@adwaitamission.ac.in,+91-80-312-2116,Electronics & Communication Engineering (ECE),B.Tech,30,246,2001,Rural,Yes,Yes
1-44640134602,1-44640134602,U-0440,ADWAITA MISSION INSTITUTE OF TECHNOLOGY,Active,Bihar,Banka,Banka,"AT-SHIVDHAM,PO-MANIYARPUR VIA-BOUNSI,DIST-BANKA,BIHAR-813104",813104,25.107386,85.303864,Private-Self Financing,Bihar Engineering University,Approved,Approved,A+,Yes,,Tier 2,http://www.adwaitamission.ac.in,info@adwaitamission.ac.in,admissions@adwaitamission.ac.in,placement@adwaitamission.ac.in,+91-80-312-2116,Computer Science Engineering (CSE),B.Tech,54,246,2001,Rural,Yes,Yes
1-44640134602,1-44640134602,U-0440,ADWAITA MISSION INSTITUTE OF TECHNOLOGY,Active,Bihar,Banka,Banka,"AT-SHIVDHAM,PO-MANIYARPUR VIA-BOUNSI,DIST-BANKA,BIHAR-813104",813104,25.107386,85.303864,Private-Self Financing,Bihar Engineering University,Approved,Approved,A+,Yes,,Tier 2,http://www.adwaitamission.ac.in,info@adwaitamission.ac.in,admissions@adwaitamission.ac.in,placement@adwaitamission.ac.in,+91-80-312-2116,Civil Engineering,B.Tech,54,246,2001,Rural,Yes,Yes
1-44640134602,1-44640134602,U-0440,ADWAITA MISSION INSTITUTE OF TECHNOLOGY,Active,Bihar,Banka,Banka,"AT-SHIVDHAM,PO-MANIYARPUR VIA-BOUNSI,DIST-BANKA,BIHAR-813104",813104,25.107386,85.303864,Private-Self Financing,Bihar Engineering University,Approved,Approved,A+,Yes,,Tier 2,http://www.adwaitamission.ac.in,info@adwaitamission.ac.in,admissions@adwaitamission.ac.in,placement@adwaitamission.ac.in,+91-80-312-2116,Mechanical Engineering,B.Tech,54,246,2001,Rural,Yes,Yes
1-44640134602,1-44640134602,U-0440,ADWAITA MISSION INSTITUTE OF TECHNOLOGY,Active,Bihar,Banka,Banka,"AT-SHIVDHAM,PO-MANIYARPUR VIA-BOUNSI,DIST-BANKA,BIHAR-813104",813104,25.107386,85.303864,Private-Self Financing,Bihar Engineering University,Approved,Approved,A+,Yes,,Tier 2,http://www.adwaitamission.ac.in,info@adwaitamission.ac.in,admissions@adwaitamission.ac.in,placement@adwaitamission.ac.in,+91-80-312-2116,Electrical Engineering,B.Tech,54,246,2001,Rural,Yes,Yes
1-44639783664,1-44639783664,U-0109,PATNA SAHIB TECHNICAL CAMPUS,Active,Bihar,Vaishali,Vaishali,"BAFAPUR BANTHU, BLOCK-BHAGWANPUR, DISTT-VAISHALI",800990,25.087833,85.29801,Private-Self Financing,"DR. C. V. RAMAN UNIVERSITY, VAISHALI, BIHAR",Approved,Approved,Not Accredited,No,,Tier 3,http://www.patnasahibtechnical.ac.in,info@patnasahibtechnical.ac.in,admissions@patnasahibtechnical.ac.in,placement@patnasahibtechnical.ac.in,+91-80-492-1119,Computer Science Engineering (CSE),B.Tech,60,330,2020,Urban,Yes,Yes
1-44639783664,1-44639783664,U-0109,PATNA SAHIB TECHNICAL CAMPUS,Active,Bihar,Vaishali,Vaishali,"BAFAPUR BANTHU, BLOCK-BHAGWANPUR, DISTT-VAISHALI",800990,25.087833,85.29801,Private-Self Financing,"DR. C. V. RAMAN UNIVERSITY, VAISHALI, BIHAR",Approved,Approved,Not Accredited,No,,Tier 3,http://www.patnasahibtechnical.ac.in,info@patnasahibtechnical.ac.in,admissions@patnasahibtechnical.ac.in,placement@patnasahibtechnical.ac.in,+91-80-492-1119,Electronics & Communication Engineering (ECE),B.Tech,30,330,2020,Urban,Yes,Yes
1-44639783664,1-44639783664,U-0109,PATNA SAHIB TECHNICAL CAMPUS,Active,Bihar,Vaishali,Vaishali,"BAFAPUR BANTHU, BLOCK-BHAGWANPUR, DISTT-VAISHALI",800990,25.087833,85.29801,Private-Self Financing,"DR. C. V. RAMAN UNIVERSITY, VAISHALI, BIHAR",Approved,Approved,Not Accredited,No,,Tier 3,http://www.patnasahibtechnical.ac.in,info@patnasahibtechnical.ac.in,admissions@patnasahibtechnical.ac.in,placement@patnasahibtechnical.ac.in,+91-80-492-1119,Civil Engineering,B.Tech,120,330,2020,Urban,Yes,Yes
1-44639783664,1-44639783664,U-0109,PATNA SAHIB TECHNICAL CAMPUS,Active,Bihar,Vaishali,Vaishali,"BAFAPUR BANTHU, BLOCK-BHAGWANPUR, DISTT-VAISHALI",800990,25.087833,85.29801,Private-Self Financing,"DR. C. V. RAMAN UNIVERSITY, VAISHALI, BIHAR",Approved,Approved,Not Accredited,No,,Tier 3,http://www.patnasahibtechnical.ac.in,info@patnasahibtechnical.ac.in,admissions@patnasahibtechnical.ac.in,placement@patnasahibtechnical.ac.in,+91-80-492-1119,Mechanical Engineering,B.Tech,60,330,2020,Urban,Yes,Yes
1-44639783664,1-44639783664,U-0109,PATNA SAHIB TECHNICAL CAMPUS,Active,Bihar,Vaishali,Vaishali,"BAFAPUR BANTHU, BLOCK-BHAGWANPUR, DISTT-VAISHALI",800990,25.087833,85.29801,Private-Self Financing,"DR. C. V. RAMAN UNIVERSITY, VAISHALI, BIHAR",Approved,Approved,Not Accredited,No,,Tier 3,http://www.patnasahibtechnical.ac.in,info@patnasahibtechnical.ac.in,admissions@patnasahibtechnical.ac.in,placement@patnasahibtechnical.ac.in,+91-80-492-1119,Electrical Engineering,B.Tech,60,330,2020,Urban,Yes,Yes
1-44640137281,1-44640137281,U-0698,"GOVT. POLYTECHNIC, VAISHALI",Active,Bihar,Vaishali,Vaishali,"FATEHPUR, AFZALPUR ROAD,  P.O.- CHAKMARUF, VIA- GARAUL DISTRICT- VAISHALI PIN 844118",844118,25.10524,85.314237,Government,"State Board of Technical Education, Patna",Approved,Approved,B,No,,Tier 3,http://www.govtvaishali.ac.in,info@govtvaishali.ac.in,admissions@govtvaishali.ac.in,placement@govtvaishali.ac.in,+91-80-222-2343,Other Engineering Branches,Diploma,90,390,1996,Rural,No,Yes
1-44640137281,1-44640137281,U-0698,"GOVT. POLYTECHNIC, VAISHALI",Active,Bihar,Vaishali,Vaishali,"FATEHPUR, AFZALPUR ROAD,  P.O.- CHAKMARUF, VIA- GARAUL DISTRICT- VAISHALI PIN 844118",844118,25.10524,85.314237,Government,"State Board of Technical Education, Patna",Approved,Approved,B,No,,Tier 3,http://www.govtvaishali.ac.in,info@govtvaishali.ac.in,admissions@govtvaishali.ac.in,placement@govtvaishali.ac.in,+91-80-222-2343,Electrical Engineering,Diploma,60,390,1996,Rural,No,Yes
1-44640137281,1-44640137281,U-0698,"GOVT. POLYTECHNIC, VAISHALI",Active,Bihar,Vaishali,Vaishali,"FATEHPUR, AFZALPUR ROAD,  P.O.- CHAKMARUF, VIA- GARAUL DISTRICT- VAISHALI PIN 844118",844118,25.10524,85.314237,Government,"State Board of Technical Education, Patna",Approved,Approved,B,No,,Tier 3,http://www.govtvaishali.ac.in,info@govtvaishali.ac.in,admissions@govtvaishali.ac.in,placement@govtvaishali.ac.in,+91-80-222-2343,Mechanical Engineering,Diploma,60,390,1996,Rural,No,Yes
1-44640137281,1-44640137281,U-0698,"GOVT. POLYTECHNIC, VAISHALI",Active,Bihar,Vaishali,Vaishali,"FATEHPUR, AFZALPUR ROAD,  P.O.- CHAKMARUF, VIA- GARAUL DISTRICT- VAISHALI PIN 844118",844118,25.10524,85.314237,Government,"State Board of Technical Education, Patna",Approved,Approved,B,No,,Tier 3,http://www.govtvaishali.ac.in,info@govtvaishali.ac.in,admissions@govtvaishali.ac.in,placement@govtvaishali.ac.in,+91-80-222-2343,Civil Engineering,Diploma,120,390,1996,Rural,No,Yes
1-44640137281,1-44640137281,U-0698,"GOVT. POLYTECHNIC, VAISHALI",Active,Bihar,Vaishali,Vaishali,"FATEHPUR, AFZALPUR ROAD,  P.O.- CHAKMARUF, VIA- GARAUL DISTRICT- VAISHALI PIN 844118",844118,25.10524,85.314237,Government,"State Board of Technical Education, Patna",Approved,Approved,B,No,,Tier 3,http://www.govtvaishali.ac.in,info@govtvaishali.ac.in,admissions@govtvaishali.ac.in,placement@govtvaishali.ac.in,+91-80-222-2343,Computer Science Engineering (CSE),Diploma,60,390,1996,Rural,No,Yes
1-44639789455,1-44639789455,U-0698,AZMET COLLEGE OF ENGINEERING & TECHNOLOGY,Active,Bihar,Kishanganj,Kishanganj,"AT-SALKI TENGARMARI, PO-GACHHPARA DIST-KISHANGANJ",800188,25.105419,85.328519,Private-Self Financing,"State Board of Technical Education, Patna",Approved,Approved,B,No,,Tier 3,http://www.azmet.ac.in,info@azmet.ac.in,admissions@azmet.ac.in,placement@azmet.ac.in,+91-80-229-7186,Civil Engineering,Diploma,120,300,2015,Urban,Yes,No
1-44639789455,1-44639789455,U-0698,AZMET COLLEGE OF ENGINEERING & TECHNOLOGY,Active,Bihar,Kishanganj,Kishanganj,"AT-SALKI TENGARMARI, PO-GACHHPARA DIST-KISHANGANJ",800188,25.105419,85.328519,Private-Self Financing,"State Board of Technical Education, Patna",Approved,Approved,B,No,,Tier 3,http://www.azmet.ac.in,info@azmet.ac.in,admissions@azmet.ac.in,placement@azmet.ac.in,+91-80-229-7186,Mechanical Engineering,Diploma,90,300,2015,Urban,Yes,No
1-44639789455,1-44639789455,U-0698,AZMET COLLEGE OF ENGINEERING & TECHNOLOGY,Active,Bihar,Kishanganj,Kishanganj,"AT-SALKI TENGARMARI, PO-GACHHPARA DIST-KISHANGANJ",800188,25.105419,85.328519,Private-Self Financing,"State Board of Technical Education, Patna",Approved,Approved,B,No,,Tier 3,http://www.azmet.ac.in,info@azmet.ac.in,admissions@azmet.ac.in,placement@azmet.ac.in,+91-80-229-7186,Electrical Engineering,Diploma,90,300,2015,Urban,Yes,No
1-44639742038,1-44639742038,U-0698,GOVERNMENT POLYTECHNIC GOPALGANJ,Active,Bihar,Gopalganj,Gopalganj,GOPALGANJ,800713,25.094328,85.312033,Government,"State Board of Technical Education, Patna",Approved,Approved,A,No,,Tier 2,http://www.gopalganj.ac.in,info@gopalganj.ac.in,admissions@gopalganj.ac.in,placement@gopalganj.ac.in,+91-80-764-5305,Civil Engineering,Diploma,120,360,1997,Rural,Yes,Yes
1-44639742038,1-44639742038,U-0698,GOVERNMENT POLYTECHNIC GOPALGANJ,Active,Bihar,Gopalganj,Gopalganj,GOPALGANJ,800713,25.094328,85.312033,Government,"State Board of Technical Education, Patna",Approved,Approved,A,No,,Tier 2,http://www.gopalganj.ac.in,info@gopalganj.ac.in,admissions@gopalganj.ac.in,placement@gopalganj.ac.in,+91-80-764-5305,Mechanical Engineering,Diploma,60,360,1997,Rural,Yes,Yes
1-44639742038,1-44639742038,U-0698,GOVERNMENT POLYTECHNIC GOPALGANJ,Active,Bihar,Gopalganj,Gopalganj,GOPALGANJ,800713,25.094328,85.312033,Government,"State Board of Technical Education, Patna",Approved,Approved,A,No,,Tier 2,http://www.gopalganj.ac.in,info@gopalganj.ac.in,admissions@gopalganj.ac.in,placement@gopalganj.ac.in,+91-80-764-5305,Electrical Engineering,Diploma,60,360,1997,Rural,Yes,Yes
1-44639742038,1-44639742038,U-0698,GOVERNMENT POLYTECHNIC GOPALGANJ,Active,Bihar,Gopalganj,Gopalganj,GOPALGANJ,800713,25.094328,85.312033,Government,"State Board of Technical Education, Patna",Approved,Approved,A,No,,Tier 2,http://www.gopalganj.ac.in,info@gopalganj.ac.in,admissions@gopalganj.ac.in,placement@gopalganj.ac.in,+91-80-764-5305,Other Engineering Branches,Diploma,60,360,1997,Rural,Yes,Yes
1-44639742038,1-44639742038,U-0698,GOVERNMENT POLYTECHNIC GOPALGANJ,Active,Bihar,Gopalganj,Gopalganj,GOPALGANJ,800713,25.094328,85.312033,Government,"State Board of Technical Education, Patna",Approved,Approved,A,No,,Tier 2,http://www.gopalganj.ac.in,info@gopalganj.ac.in,admissions@gopalganj.ac.in,placement@gopalganj.ac.in,+91-80-764-5305,Computer Science Engineering (CSE),Diploma,60,360,1997,Rural,Yes,Yes
1-44639903034,1-44639903034,U-0698,NETAJI SUBHAS INSTITUTE OF POLYTECHNIC,Active,Bihar,Patna,Patna,"NSIT,AMHARA, BIHTA, PATNA-801118",801118,25.597075,85.124759,Private-Self Financing,"State Board of Technical Education, Patna",Approved,Approved,B+,No,,Tier 3,http://www.netajisubhas.ac.in,info@netajisubhas.ac.in,admissions@netajisubhas.ac.in,placement@netajisubhas.ac.in,+91-80-963-6141,Electrical Engineering,Diploma,60,300,2010,Rural,Yes,Yes
1-44639903034,1-44639903034,U-0698,NETAJI SUBHAS INSTITUTE OF POLYTECHNIC,Active,Bihar,Patna,Patna,"NSIT,AMHARA, BIHTA, PATNA-801118",801118,25.597075,85.124759,Private-Self Financing,"State Board of Technical Education, Patna",Approved,Approved,B+,No,,Tier 3,http://www.netajisubhas.ac.in,info@netajisubhas.ac.in,admissions@netajisubhas.ac.in,placement@netajisubhas.ac.in,+91-80-963-6141,Mechanical Engineering,Diploma,120,300,2010,Rural,Yes,Yes
1-44639903034,1-44639903034,U-0698,NETAJI SUBHAS INSTITUTE OF POLYTECHNIC,Active,Bihar,Patna,Patna,"NSIT,AMHARA, BIHTA, PATNA-801118",801118,25.597075,85.124759,Private-Self Financing,"State Board of Technical Education, Patna",Approved,Approved,B+,No,,Tier 3,http://www.netajisubhas.ac.in,info@netajisubhas.ac.in,admissions@netajisubhas.ac.in,placement@netajisubhas.ac.in,+91-80-963-6141,Civil Engineering,Diploma,60,300,2010,Rural,Yes,Yes
1-44639903034,1-44639903034,U-0698,NETAJI SUBHAS INSTITUTE OF POLYTECHNIC,Active,Bihar,Patna,Patna,"NSIT,AMHARA, BIHTA, PATNA-801118",801118,25.597075,85.124759,Private-Self Financing,"State Board of Technical Education, Patna",Approved,Approved,B+,No,,Tier 3,http://www.netajisubhas.ac.in,info@netajisubhas.ac.in,admissions@netajisubhas.ac.in,placement@netajisubhas.ac.in,+91-80-963-6141,Computer Science Engineering (CSE),Diploma,60,300,2010,Rural,Yes,Yes
1-44639708780,1-44639708780,U-0698,GEMS POLYTECHNIC COLLEGE,Active,Bihar,Aurangabad,Aurangabad,"VILLAGE- RATANPURA, AURANGABAD BIHAR-824121",824121,19.867708,75.360533,Private-Self Financing,"State Board of Technical Education, Patna",Approved,Approved,B++,No,,Tier 3,http://www.gems.ac.in,info@gems.ac.in,admissions@gems.ac.in,placement@gems.ac.in,+91-80-482-7118,Mechanical Engineering,Diploma,60,300,1997,Urban,No,No
1-44639708780,1-44639708780,U-0698,GEMS POLYTECHNIC COLLEGE,Active,Bihar,Aurangabad,Aurangabad,"VILLAGE- RATANPURA, AURANGABAD BIHAR-824121",824121,19.867708,75.360533,Private-Self Financing,"State Board of Technical Education, Patna",Approved,Approved,B++,No,,Tier 3,http://www.gems.ac.in,info@gems.ac.in,admissions@gems.ac.in,placement@gems.ac.in,+91-80-482-7118,Civil Engineering,Diploma,60,300,1997,Urban,No,No
1-44639708780,1-44639708780,U-0698,GEMS POLYTECHNIC COLLEGE,Active,Bihar,Aurangabad,Aurangabad,"VILLAGE- RATANPURA, AURANGABAD BIHAR-824121",824121,19.867708,75.360533,Private-Self Financing,"State Board of Technical Education, Patna",Approved,Approved,B++,No,,Tier 3,http://www.gems.ac.in,info@gems.ac.in,admissions@gems.ac.in,placement@gems.ac.in,+91-80-482-7118,Electrical Engineering,Diploma,60,300,1997,Urban,No,No
1-44639708780,1-44639708780,U-0698,GEMS POLYTECHNIC COLLEGE,Active,Bihar,Aurangabad,Aurangabad,"VILLAGE- RATANPURA, AURANGABAD BIHAR-824121",824121,19.867708,75.360533,Private-Self Financing,"State Board of Technical Education, Patna",Approved,Approved,B++,No,,Tier 3,http://www.gems.ac.in,info@gems.ac.in,admissions@gems.ac.in,placement@gems.ac.in,+91-80-482-7118,Electrical & Electronics Engineering (EEE),Diploma,60,300,1997,Urban,No,No
1-44639708780,1-44639708780,U-0698,GEMS POLYTECHNIC COLLEGE,Active,Bihar,Aurangabad,Aurangabad,"VILLAGE- RATANPURA, AURANGABAD BIHAR-824121",824121,19.867708,75.360533,Private-Self Financing,"State Board of Technical Education, Patna",Approved,Approved,B++,No,,Tier 3,http://www.gems.ac.in,info@gems.ac.in,admissions@gems.ac.in,placement@gems.ac.in,+91-80-482-7118,Computer Science Engineering (CSE),Diploma,60,300,1997,Urban,No,No
1-44639713768,1-44639713768,U-0698,GOVERNMENT POLYTECHNIC MOTIHARI,Active,Bihar,East Champaran,East Champaran,"AT- LUATHAHAN, BEHIND ITI, NEAR COURT P.O.- MOTIHARI COURT DIST- EAST CHAMPARAN",800628,25.112265,85.323517,Government,"State Board of Technical Education, Patna",Approved,Approved,B++,Yes,,Tier 3,http://www.motihari.ac.in,info@motihari.ac.in,admissions@motihari.ac.in,placement@motihari.ac.in,+91-80-516-8706,Civil Engineering,Diploma,120,360,1985,Rural,Yes,No
1-44639713768,1-44639713768,U-0698,GOVERNMENT POLYTECHNIC MOTIHARI,Active,Bihar,East Champaran,East Champaran,"AT- LUATHAHAN, BEHIND ITI, NEAR COURT P.O.- MOTIHARI COURT DIST- EAST CHAMPARAN",800628,25.112265,85.323517,Government,"State Board of Technical Education, Patna",Approved,Approved,B++,Yes,,Tier 3,http://www.motihari.ac.in,info@motihari.ac.in,admissions@motihari.ac.in,placement@motihari.ac.in,+91-80-516-8706,Electrical Engineering,Diploma,60,360,1985,Rural,Yes,No
1-44639713768,1-44639713768,U-0698,GOVERNMENT POLYTECHNIC MOTIHARI,Active,Bihar,East Champaran,East Champaran,"AT- LUATHAHAN, BEHIND ITI, NEAR COURT P.O.- MOTIHARI COURT DIST- EAST CHAMPARAN",800628,25.112265,85.323517,Government,"State Board of Technical Education, Patna",Approved,Approved,B++,Yes,,Tier 3,http://www.motihari.ac.in,info@motihari.ac.in,admissions@motihari.ac.in,placement@motihari.ac.in,+91-80-516-8706,Other Engineering Branches,Diploma,60,360,1985,Rural,Yes,No
1-44639713768,1-44639713768,U-0698,GOVERNMENT POLYTECHNIC MOTIHARI,Active,Bihar,East Champaran,East Champaran,"AT- LUATHAHAN, BEHIND ITI, NEAR COURT P.O.- MOTIHARI COURT DIST- EAST CHAMPARAN",800628,25.112265,85.323517,Government,"State Board of Technical Education, Patna",Approved,Approved,B++,Yes,,Tier 3,http://www.motihari.ac.in,info@motihari.ac.in,admissions@motihari.ac.in,placement@motihari.ac.in,+91-80-516-8706,Mechanical Engineering,Diploma,60,360,1985,Rural,Yes,No
1-44639713768,1-44639713768,U-0698,GOVERNMENT POLYTECHNIC MOTIHARI,Active,Bihar,East Champaran,East Champaran,"AT- LUATHAHAN, BEHIND ITI, NEAR COURT P.O.- MOTIHARI COURT DIST- EAST CHAMPARAN",800628,25.112265,85.323517,Government,"State Board of Technical Education, Patna",Approved,Approved,B++,Yes,,Tier 3,http://www.motihari.ac.in,info@motihari.ac.in,admissions@motihari.ac.in,placement@motihari.ac.in,+91-80-516-8706,Computer Science Engineering (CSE),Diploma,60,360,1985,Rural,Yes,No
1-44639666970,1-44639666970,U-0698,"GOVT. POLYTECHNIC, DEHRIONSONE",Active,Bihar,Rohtas,Rohtas,DEHRIONSONE DIST- ROHTASH,800087,25.091709,85.326957,Government,"State Board of Technical Education, Patna",Approved,Approved,A+,Yes,,Tier 2,http://www.govtdehrionsone.ac.in,info@govtdehrionsone.ac.in,admissions@govtdehrionsone.ac.in,placement@govtdehrionsone.ac.in,+91-80-654-6904,Civil Engineering,Diploma,120,360,1987,Urban,Yes,Yes
1-44639666970,1-44639666970,U-0698,"GOVT. POLYTECHNIC, DEHRIONSONE",Active,Bihar,Rohtas,Rohtas,DEHRIONSONE DIST- ROHTASH,800087,25.091709,85.326957,Government,"State Board of Technical Education, Patna",Approved,Approved,A+,Yes,,Tier 2,http://www.govtdehrionsone.ac.in,info@govtdehrionsone.ac.in,admissions@govtdehrionsone.ac.in,placement@govtdehrionsone.ac.in,+91-80-654-6904,Electrical Engineering,Diploma,60,360,1987,Urban,Yes,Yes
1-44639666970,1-44639666970,U-0698,"GOVT. POLYTECHNIC, DEHRIONSONE",Active,Bihar,Rohtas,Rohtas,DEHRIONSONE DIST- ROHTASH,800087,25.091709,85.326957,Government,"State Board of Technical Education, Patna",Approved,Approved,A+,Yes,,Tier 2,http://www.govtdehrionsone.ac.in,info@govtdehrionsone.ac.in,admissions@govtdehrionsone.ac.in,placement@govtdehrionsone.ac.in,+91-80-654-6904,Mechanical Engineering,Diploma,60,360,1987,Urban,Yes,Yes
1-44639666970,1-44639666970,U-0698,"GOVT. POLYTECHNIC, DEHRIONSONE",Active,Bihar,Rohtas,Rohtas,DEHRIONSONE DIST- ROHTASH,800087,25.091709,85.326957,Government,"State Board of Technical Education, Patna",Approved,Approved,A+,Yes,,Tier 2,http://www.govtdehrionsone.ac.in,info@govtdehrionsone.ac.in,admissions@govtdehrionsone.ac.in,placement@govtdehrionsone.ac.in,+91-80-654-6904,Other Engineering Branches,Diploma,60,360,1987,Urban,Yes,Yes
1-44639666970,1-44639666970,U-0698,"GOVT. POLYTECHNIC, DEHRIONSONE",Active,Bihar,Rohtas,Rohtas,DEHRIONSONE DIST- ROHTASH,800087,25.091709,85.326957,Government,"State Board of Technical Education, Patna",Approved,Approved,A+,Yes,,Tier 2,http://www.govtdehrionsone.ac.in,info@govtdehrionsone.ac.in,admissions@govtdehrionsone.ac.in,placement@govtdehrionsone.ac.in,+91-80-654-6904,Computer Science Engineering (CSE),Diploma,60,360,1987,Urban,Yes,Yes
1-44639871601,1-44639871601,U-0698,"GOVERNMENT POLYTECHNIC, ASTHAWAN NALANDA",Active,Bihar,Nalanda,Nalanda,"GOVERNMENT POLYTECHNIC, ASTHAWAN, DIST - NALANDA, BIHAR",800534,25.093526,85.298565,Government,"State Board of Technical Education, Patna",Approved,Approved,B++,Yes,,Tier 3,http://www.asthawannalanda.ac.in,info@asthawannalanda.ac.in,admissions@asthawannalanda.ac.in,placement@asthawannalanda.ac.in,+91-80-730-8834,Civil Engineering,Diploma,120,360,2001,Urban,No,Yes
1-44639871601,1-44639871601,U-0698,"GOVERNMENT POLYTECHNIC, ASTHAWAN NALANDA",Active,Bihar,Nalanda,Nalanda,"GOVERNMENT POLYTECHNIC, ASTHAWAN, DIST - NALANDA, BIHAR",800534,25.093526,85.298565,Government,"State Board of Technical Education, Patna",Approved,Approved,B++,Yes,,Tier 3,http://www.asthawannalanda.ac.in,info@asthawannalanda.ac.in,admissions@asthawannalanda.ac.in,placement@asthawannalanda.ac.in,+91-80-730-8834,Electrical Engineering,Diploma,60,360,2001,Urban,No,Yes
1-44639871601,1-44639871601,U-0698,"GOVERNMENT POLYTECHNIC, ASTHAWAN NALANDA",Active,Bihar,Nalanda,Nalanda,"GOVERNMENT POLYTECHNIC, ASTHAWAN, DIST - NALANDA, BIHAR",800534,25.093526,85.298565,Government,"State Board of Technical Education, Patna",Approved,Approved,B++,Yes,,Tier 3,http://www.asthawannalanda.ac.in,info@asthawannalanda.ac.in,admissions@asthawannalanda.ac.in,placement@asthawannalanda.ac.in,+91-80-730-8834,Other Engineering Branches,Diploma,60,360,2001,Urban,No,Yes
1-44639871601,1-44639871601,U-0698,"GOVERNMENT POLYTECHNIC, ASTHAWAN NALANDA",Active,Bihar,Nalanda,Nalanda,"GOVERNMENT POLYTECHNIC, ASTHAWAN, DIST - NALANDA, BIHAR",800534,25.093526,85.298565,Government,"State Board of Technical Education, Patna",Approved,Approved,B++,Yes,,Tier 3,http://www.asthawannalanda.ac.in,info@asthawannalanda.ac.in,admissions@asthawannalanda.ac.in,placement@asthawannalanda.ac.in,+91-80-730-8834,Mechanical Engineering,Diploma,60,360,2001,Urban,No,Yes
1-44639871601,1-44639871601,U-0698,"GOVERNMENT POLYTECHNIC, ASTHAWAN NALANDA",Active,Bihar,Nalanda,Nalanda,"GOVERNMENT POLYTECHNIC, ASTHAWAN, DIST - NALANDA, BIHAR",800534,25.093526,85.298565,Government,"State Board of Technical Education, Patna",Approved,Approved,B++,Yes,,Tier 3,http://www.asthawannalanda.ac.in,info@asthawannalanda.ac.in,admissions@asthawannalanda.ac.in,placement@asthawannalanda.ac.in,+91-80-730-8834,Computer Science Engineering (CSE),Diploma,60,360,2001,Urban,No,Yes
1-44639490188,1-44639490188,U-0508,K.K. COLLEGE OF ENGINEERING & MANAGEMENT,Active,Bihar,Nalanda,Nalanda,VILLAGE+AT: BERAUTI POST OFF: NEPURA THANA: DEEPNAGAR BIHARSHARIF DIST-NALANDA BIHAR,800534,25.106415,85.322553,Private-Self Financing,K. K. UNIVERSITY,Approved,Approved,A+,Yes,,Tier 2,http://www.kkmanagement.ac.in,info@kkmanagement.ac.in,admissions@kkmanagement.ac.in,placement@kkmanagement.ac.in,+91-80-271-5196,Computer Science Engineering (CSE),B.Tech,60,210,1988,Rural,Yes,Yes
1-44639490188,1-44639490188,U-0508,K.K. COLLEGE OF ENGINEERING & MANAGEMENT,Active,Bihar,Nalanda,Nalanda,VILLAGE+AT: BERAUTI POST OFF: NEPURA THANA: DEEPNAGAR BIHARSHARIF DIST-NALANDA BIHAR,800534,25.106415,85.322553,Private-Self Financing,K. K. UNIVERSITY,Approved,Approved,A+,Yes,,Tier 2,http://www.kkmanagement.ac.in,info@kkmanagement.ac.in,admissions@kkmanagement.ac.in,placement@kkmanagement.ac.in,+91-80-271-5196,Civil Engineering,B.Tech,60,210,1988,Rural,Yes,Yes
1-44639490188,1-44639490188,U-0508,K.K. COLLEGE OF ENGINEERING & MANAGEMENT,Active,Bihar,Nalanda,Nalanda,VILLAGE+AT: BERAUTI POST OFF: NEPURA THANA: DEEPNAGAR BIHARSHARIF DIST-NALANDA BIHAR,800534,25.106415,85.322553,Private-Self Financing,K. K. UNIVERSITY,Approved,Approved,A+,Yes,,Tier 2,http://www.kkmanagement.ac.in,info@kkmanagement.ac.in,admissions@kkmanagement.ac.in,placement@kkmanagement.ac.in,+91-80-271-5196,Electrical Engineering,B.Tech,30,210,1988,Rural,Yes,Yes
1-44639490188,1-44639490188,U-0508,K.K. COLLEGE OF ENGINEERING & MANAGEMENT,Active,Bihar,Nalanda,Nalanda,VILLAGE+AT: BERAUTI POST OFF: NEPURA THANA: DEEPNAGAR BIHARSHARIF DIST-NALANDA BIHAR,800534,25.106415,85.322553,Private-Self Financing,K. K. UNIVERSITY,Approved,Approved,A+,Yes,,Tier 2,http://www.kkmanagement.ac.in,info@kkmanagement.ac.in,admissions@kkmanagement.ac.in,placement@kkmanagement.ac.in,+91-80-271-5196,Mechanical Engineering,B.Tech,60,210,1988,Rural,Yes,Yes
1-44639672839,1-44639672839,U-0698,GOVERNMENT WOMENS POLYTECHNIC,Active,Bihar,Muzaffarpur,Muzaffarpur,"GOVT. WOMEN'S POLYTECHNIC,MIC,INDUSTRIAL AREA,PHASE-II,BELA,MUZAFFARPUR",800310,25.088202,85.29398,Government,"State Board of Technical Education, Patna",Approved,Approved,A,No,,Tier 2,http://www.inst9827.ac.in,info@inst9827.ac.in,admissions@inst9827.ac.in,placement@inst9827.ac.in,+91-80-507-5717,Other Engineering Branches,Diploma,90,360,2015,Urban,Yes,Yes
1-44639672839,1-44639672839,U-0698,GOVERNMENT WOMENS POLYTECHNIC,Active,Bihar,Muzaffarpur,Muzaffarpur,"GOVT. WOMEN'S POLYTECHNIC,MIC,INDUSTRIAL AREA,PHASE-II,BELA,MUZAFFARPUR",800310,25.088202,85.29398,Government,"State Board of Technical Education, Patna",Approved,Approved,A,No,,Tier 2,http://www.inst9827.ac.in,info@inst9827.ac.in,admissions@inst9827.ac.in,placement@inst9827.ac.in,+91-80-507-5717,Computer Science Engineering (CSE),Diploma,90,360,2015,Urban,Yes,Yes
1-44639672839,1-44639672839,U-0698,GOVERNMENT WOMENS POLYTECHNIC,Active,Bihar,Muzaffarpur,Muzaffarpur,"GOVT. WOMEN'S POLYTECHNIC,MIC,INDUSTRIAL AREA,PHASE-II,BELA,MUZAFFARPUR",800310,25.088202,85.29398,Government,"State Board of Technical Education, Patna",Approved,Approved,A,No,,Tier 2,http://www.inst9827.ac.in,info@inst9827.ac.in,admissions@inst9827.ac.in,placement@inst9827.ac.in,+91-80-507-5717,Civil Engineering,Diploma,90,360,2015,Urban,Yes,Yes
1-44639672839,1-44639672839,U-0698,GOVERNMENT WOMENS POLYTECHNIC,Active,Bihar,Muzaffarpur,Muzaffarpur,"GOVT. WOMEN'S POLYTECHNIC,MIC,INDUSTRIAL AREA,PHASE-II,BELA,MUZAFFARPUR",800310,25.088202,85.29398,Government,"State Board of Technical Education, Patna",Approved,Approved,A,No,,Tier 2,http://www.inst9827.ac.in,info@inst9827.ac.in,admissions@inst9827.ac.in,placement@inst9827.ac.in,+91-80-507-5717,Electrical Engineering,Diploma,90,360,2015,Urban,Yes,Yes
1-44639918834,1-44639918834,U-0698,"GOVT. POLYTECHNIC, GULZARBAGH",Active,Bihar,Patna,Patna,P.O.- GULZARBAGH PATNA,800155,25.579627,85.134846,Government,"State Board of Technical Education, Patna",Approved,Approved,B++,Yes,,Tier 3,http://www.govtgulzarbagh.ac.in,info@govtgulzarbagh.ac.in,admissions@govtgulzarbagh.ac.in,placement@govtgulzarbagh.ac.in,+91-80-231-8446,Mechanical Engineering,Diploma,60,390,1987,Urban,No,Yes
1-44639918834,1-44639918834,U-0698,"GOVT. POLYTECHNIC, GULZARBAGH",Active,Bihar,Patna,Patna,P.O.- GULZARBAGH PATNA,800155,25.579627,85.134846,Government,"State Board of Technical Education, Patna",Approved,Approved,B++,Yes,,Tier 3,http://www.govtgulzarbagh.ac.in,info@govtgulzarbagh.ac.in,admissions@govtgulzarbagh.ac.in,placement@govtgulzarbagh.ac.in,+91-80-231-8446,Electrical Engineering,Diploma,60,390,1987,Urban,No,Yes
1-44639918834,1-44639918834,U-0698,"GOVT. POLYTECHNIC, GULZARBAGH",Active,Bihar,Patna,Patna,P.O.- GULZARBAGH PATNA,800155,25.579627,85.134846,Government,"State Board of Technical Education, Patna",Approved,Approved,B++,Yes,,Tier 3,http://www.govtgulzarbagh.ac.in,info@govtgulzarbagh.ac.in,admissions@govtgulzarbagh.ac.in,placement@govtgulzarbagh.ac.in,+91-80-231-8446,Other Engineering Branches,Diploma,150,390,1987,Urban,No,Yes
1-44639918834,1-44639918834,U-0698,"GOVT. POLYTECHNIC, GULZARBAGH",Active,Bihar,Patna,Patna,P.O.- GULZARBAGH PATNA,800155,25.579627,85.134846,Government,"State Board of Technical Education, Patna",Approved,Approved,B++,Yes,,Tier 3,http://www.govtgulzarbagh.ac.in,info@govtgulzarbagh.ac.in,admissions@govtgulzarbagh.ac.in,placement@govtgulzarbagh.ac.in,+91-80-231-8446,Civil Engineering,Diploma,60,390,1987,Urban,No,Yes
1-44639918834,1-44639918834,U-0698,"GOVT. POLYTECHNIC, GULZARBAGH",Active,Bihar,Patna,Patna,P.O.- GULZARBAGH PATNA,800155,25.579627,85.134846,Government,"State Board of Technical Education, Patna",Approved,Approved,B++,Yes,,Tier 3,http://www.govtgulzarbagh.ac.in,info@govtgulzarbagh.ac.in,admissions@govtgulzarbagh.ac.in,placement@govtgulzarbagh.ac.in,+91-80-231-8446,Computer Science Engineering (CSE),Diploma,60,390,1987,Urban,No,Yes
1-44639571599,1-44639571599,U-0698,GOVERNMENT POLYTECHNIC GAYA,Active,Bihar,Gaya,Gaya,"GHUGHRITAND, BODHGAYA ROAD, NEAR ITI, GAYA",800898,25.090173,85.297191,Government,"State Board of Technical Education, Patna",Approved,Approved,B++,Yes,,Tier 3,http://www.gaya.ac.in,info@gaya.ac.in,admissions@gaya.ac.in,placement@gaya.ac.in,+91-80-590-2618,Civil Engineering,Diploma,60,390,2002,Rural,Yes,Yes
1-44639571599,1-44639571599,U-0698,GOVERNMENT POLYTECHNIC GAYA,Active,Bihar,Gaya,Gaya,"GHUGHRITAND, BODHGAYA ROAD, NEAR ITI, GAYA",800898,25.090173,85.297191,Government,"State Board of Technical Education, Patna",Approved,Approved,B++,Yes,,Tier 3,http://www.gaya.ac.in,info@gaya.ac.in,admissions@gaya.ac.in,placement@gaya.ac.in,+91-80-590-2618,Computer Science Engineering (CSE),Diploma,60,390,2002,Rural,Yes,Yes
1-44639571599,1-44639571599,U-0698,GOVERNMENT POLYTECHNIC GAYA,Active,Bihar,Gaya,Gaya,"GHUGHRITAND, BODHGAYA ROAD, NEAR ITI, GAYA",800898,25.090173,85.297191,Government,"State Board of Technical Education, Patna",Approved,Approved,B++,Yes,,Tier 3,http://www.gaya.ac.in,info@gaya.ac.in,admissions@gaya.ac.in,placement@gaya.ac.in,+91-80-590-2618,Electrical Engineering,Diploma,60,390,2002,Rural,Yes,Yes
1-44639571599,1-44639571599,U-0698,GOVERNMENT POLYTECHNIC GAYA,Active,Bihar,Gaya,Gaya,"GHUGHRITAND, BODHGAYA ROAD, NEAR ITI, GAYA",800898,25.090173,85.297191,Government,"State Board of Technical Education, Patna",Approved,Approved,B++,Yes,,Tier 3,http://www.gaya.ac.in,info@gaya.ac.in,admissions@gaya.ac.in,placement@gaya.ac.in,+91-80-590-2618,Other Engineering Branches,Diploma,90,390,2002,Rural,Yes,Yes
1-44639571599,1-44639571599,U-0698,GOVERNMENT POLYTECHNIC GAYA,Active,Bihar,Gaya,Gaya,"GHUGHRITAND, BODHGAYA ROAD, NEAR ITI, GAYA",800898,25.090173,85.297191,Government,"State Board of Technical Education, Patna",Approved,Approved,B++,Yes,,Tier 3,http://www.gaya.ac.in,info@gaya.ac.in,admissions@gaya.ac.in,placement@gaya.ac.in,+91-80-590-2618,Mechanical Engineering,Diploma,60,390,2002,Rural,Yes,Yes
1-44639571599,1-44639571599,U-0698,GOVERNMENT POLYTECHNIC GAYA,Active,Bihar,Gaya,Gaya,"GHUGHRITAND, BODHGAYA ROAD, NEAR ITI, GAYA",800898,25.090173,85.297191,Government,"State Board of Technical Education, Patna",Approved,Approved,B++,Yes,,Tier 3,http://www.gaya.ac.in,info@gaya.ac.in,admissions@gaya.ac.in,placement@gaya.ac.in,+91-80-590-2618,Information Technology (IT),Diploma,60,390,2002,Rural,Yes,Yes
1-44640362720,1-44640362720,U-0698,"GOVERNMENT POLYTECHNIC, BARAUNI, BEGUSARAI,BIHAR",Active,Bihar,Begusarai,Begusarai,"PO- ULAO DIST- BEGUSARAI,BIHAR",800869,25.103069,85.315981,Government,"State Board of Technical Education, Patna",Approved,Approved,B++,Yes,,Tier 3,http://www.baraunibegusaraibihar.ac.in,info@baraunibegusaraibihar.ac.in,admissions@baraunibegusaraibihar.ac.in,placement@baraunibegusaraibihar.ac.in,+91-80-131-1506,Civil Engineering,Diploma,120,360,1989,Urban,No,No
1-44640362720,1-44640362720,U-0698,"GOVERNMENT POLYTECHNIC, BARAUNI, BEGUSARAI,BIHAR",Active,Bihar,Begusarai,Begusarai,"PO- ULAO DIST- BEGUSARAI,BIHAR",800869,25.103069,85.315981,Government,"State Board of Technical Education, Patna",Approved,Approved,B++,Yes,,Tier 3,http://www.baraunibegusaraibihar.ac.in,info@baraunibegusaraibihar.ac.in,admissions@baraunibegusaraibihar.ac.in,placement@baraunibegusaraibihar.ac.in,+91-80-131-1506,Computer Science Engineering (CSE),Diploma,60,360,1989,Urban,No,No
1-44640362720,1-44640362720,U-0698,"GOVERNMENT POLYTECHNIC, BARAUNI, BEGUSARAI,BIHAR",Active,Bihar,Begusarai,Begusarai,"PO- ULAO DIST- BEGUSARAI,BIHAR",800869,25.103069,85.315981,Government,"State Board of Technical Education, Patna",Approved,Approved,B++,Yes,,Tier 3,http://www.baraunibegusaraibihar.ac.in,info@baraunibegusaraibihar.ac.in,admissions@baraunibegusaraibihar.ac.in,placement@baraunibegusaraibihar.ac.in,+91-80-131-1506,Other Engineering Branches,Diploma,120,360,1989,Urban,No,No
1-44640362720,1-44640362720,U-0698,"GOVERNMENT POLYTECHNIC, BARAUNI, BEGUSARAI,BIHAR",Active,Bihar,Begusarai,Begusarai,"PO- ULAO DIST- BEGUSARAI,BIHAR",800869,25.103069,85.315981,Government,"State Board of Technical Education, Patna",Approved,Approved,B++,Yes,,Tier 3,http://www.baraunibegusaraibihar.ac.in,info@baraunibegusaraibihar.ac.in,admissions@baraunibegusaraibihar.ac.in,placement@baraunibegusaraibihar.ac.in,+91-80-131-1506,Chemical Engineering,Diploma,60,360,1989,Urban,No,No
1-44640275709,1-44640275709,U-0698,"SANDIP FOUNDATIONS, SHRI RAM POLYTECHNIC",Active,Bihar,Madhubani,Madhubani,"NEELAM VIDYAVIHAR, , VILLAGE: SIJOUL, AT POST: MAILAM, DIST: MADHUBANI",800345,25.08447,85.300089,Private-Self Financing,"State Board of Technical Education, Patna",Approved,Approved,A+,Yes,,Tier 2,http://www.sandipfoundationsshri.ac.in,info@sandipfoundationsshri.ac.in,admissions@sandipfoundationsshri.ac.in,placement@sandipfoundationsshri.ac.in,+91-80-351-0572,Mechanical Engineering,Diploma,60,300,2020,Rural,No,Yes
1-44640275709,1-44640275709,U-0698,"SANDIP FOUNDATIONS, SHRI RAM POLYTECHNIC",Active,Bihar,Madhubani,Madhubani,"NEELAM VIDYAVIHAR, , VILLAGE: SIJOUL, AT POST: MAILAM, DIST: MADHUBANI",800345,25.08447,85.300089,Private-Self Financing,"State Board of Technical Education, Patna",Approved,Approved,A+,Yes,,Tier 2,http://www.sandipfoundationsshri.ac.in,info@sandipfoundationsshri.ac.in,admissions@sandipfoundationsshri.ac.in,placement@sandipfoundationsshri.ac.in,+91-80-351-0572,Electrical Engineering,Diploma,60,300,2020,Rural,No,Yes
1-44640275709,1-44640275709,U-0698,"SANDIP FOUNDATIONS, SHRI RAM POLYTECHNIC",Active,Bihar,Madhubani,Madhubani,"NEELAM VIDYAVIHAR, , VILLAGE: SIJOUL, AT POST: MAILAM, DIST: MADHUBANI",800345,25.08447,85.300089,Private-Self Financing,"State Board of Technical Education, Patna",Approved,Approved,A+,Yes,,Tier 2,http://www.sandipfoundationsshri.ac.in,info@sandipfoundationsshri.ac.in,admissions@sandipfoundationsshri.ac.in,placement@sandipfoundationsshri.ac.in,+91-80-351-0572,Civil Engineering,Diploma,60,300,2020,Rural,No,Yes
1-44640275709,1-44640275709,U-0698,"SANDIP FOUNDATIONS, SHRI RAM POLYTECHNIC",Active,Bihar,Madhubani,Madhubani,"NEELAM VIDYAVIHAR, , VILLAGE: SIJOUL, AT POST: MAILAM, DIST: MADHUBANI",800345,25.08447,85.300089,Private-Self Financing,"State Board of Technical Education, Patna",Approved,Approved,A+,Yes,,Tier 2,http://www.sandipfoundationsshri.ac.in,info@sandipfoundationsshri.ac.in,admissions@sandipfoundationsshri.ac.in,placement@sandipfoundationsshri.ac.in,+91-80-351-0572,Computer Science Engineering (CSE),Diploma,120,300,2020,Rural,No,Yes
1-44640323157,1-44640323157,U-0698,GOVERNMENT POLYTECHNIC KATIHAR,Active,Bihar,Katihar,Katihar,GOVERNMENT POLYTECHNIC KATIHAR BHERIYA RAHIKA P.O-BMP-7 KATIHAR,800059,25.106047,85.332474,Government,"State Board of Technical Education, Patna",Approved,Approved,B,No,,Tier 3,http://www.katihar.ac.in,info@katihar.ac.in,admissions@katihar.ac.in,placement@katihar.ac.in,+91-80-256-0891,Mechanical Engineering,Diploma,60,360,1993,Urban,No,No
1-44640323157,1-44640323157,U-0698,GOVERNMENT POLYTECHNIC KATIHAR,Active,Bihar,Katihar,Katihar,GOVERNMENT POLYTECHNIC KATIHAR BHERIYA RAHIKA P.O-BMP-7 KATIHAR,800059,25.106047,85.332474,Government,"State Board of Technical Education, Patna",Approved,Approved,B,No,,Tier 3,http://www.katihar.ac.in,info@katihar.ac.in,admissions@katihar.ac.in,placement@katihar.ac.in,+91-80-256-0891,Electrical Engineering,Diploma,60,360,1993,Urban,No,No
1-44640323157,1-44640323157,U-0698,GOVERNMENT POLYTECHNIC KATIHAR,Active,Bihar,Katihar,Katihar,GOVERNMENT POLYTECHNIC KATIHAR BHERIYA RAHIKA P.O-BMP-7 KATIHAR,800059,25.106047,85.332474,Government,"State Board of Technical Education, Patna",Approved,Approved,B,No,,Tier 3,http://www.katihar.ac.in,info@katihar.ac.in,admissions@katihar.ac.in,placement@katihar.ac.in,+91-80-256-0891,Other Engineering Branches,Diploma,60,360,1993,Urban,No,No
1-44640323157,1-44640323157,U-0698,GOVERNMENT POLYTECHNIC KATIHAR,Active,Bihar,Katihar,Katihar,GOVERNMENT POLYTECHNIC KATIHAR BHERIYA RAHIKA P.O-BMP-7 KATIHAR,800059,25.106047,85.332474,Government,"State Board of Technical Education, Patna",Approved,Approved,B,No,,Tier 3,http://www.katihar.ac.in,info@katihar.ac.in,admissions@katihar.ac.in,placement@katihar.ac.in,+91-80-256-0891,Civil Engineering,Diploma,120,360,1993,Urban,No,No
1-44640323157,1-44640323157,U-0698,GOVERNMENT POLYTECHNIC KATIHAR,Active,Bihar,Katihar,Katihar,GOVERNMENT POLYTECHNIC KATIHAR BHERIYA RAHIKA P.O-BMP-7 KATIHAR,800059,25.106047,85.332474,Government,"State Board of Technical Education, Patna",Approved,Approved,B,No,,Tier 3,http://www.katihar.ac.in,info@katihar.ac.in,admissions@katihar.ac.in,placement@katihar.ac.in,+91-80-256-0891,Computer Science Engineering (CSE),Diploma,60,360,1993,Urban,No,No
1-44640334929,1-44640334929,U-0698,GOVERNMENT POLYTECHNIC PURNEA,Active,Bihar,Purnia,Purnia,"GOOVERNMENT POLYTECHNIC PURNEA, P.O- POLYTECHNIC PURNEA",800196,25.102107,85.317967,Government,"State Board of Technical Education, Patna",Approved,Approved,B,No,,Tier 3,http://www.purnea.ac.in,info@purnea.ac.in,admissions@purnea.ac.in,placement@purnea.ac.in,+91-80-090-8063,Civil Engineering,Diploma,120,360,2020,Urban,No,Yes
1-44640334929,1-44640334929,U-0698,GOVERNMENT POLYTECHNIC PURNEA,Active,Bihar,Purnia,Purnia,"GOOVERNMENT POLYTECHNIC PURNEA, P.O- POLYTECHNIC PURNEA",800196,25.102107,85.317967,Government,"State Board of Technical Education, Patna",Approved,Approved,B,No,,Tier 3,http://www.purnea.ac.in,info@purnea.ac.in,admissions@purnea.ac.in,placement@purnea.ac.in,+91-80-090-8063,Computer Science Engineering (CSE),Diploma,60,360,2020,Urban,No,Yes
1-44640334929,1-44640334929,U-0698,GOVERNMENT POLYTECHNIC PURNEA,Active,Bihar,Purnia,Purnia,"GOOVERNMENT POLYTECHNIC PURNEA, P.O- POLYTECHNIC PURNEA",800196,25.102107,85.317967,Government,"State Board of Technical Education, Patna",Approved,Approved,B,No,,Tier 3,http://www.purnea.ac.in,info@purnea.ac.in,admissions@purnea.ac.in,placement@purnea.ac.in,+91-80-090-8063,Electrical Engineering,Diploma,60,360,2020,Urban,No,Yes
1-44640334929,1-44640334929,U-0698,GOVERNMENT POLYTECHNIC PURNEA,Active,Bihar,Purnia,Purnia,"GOOVERNMENT POLYTECHNIC PURNEA, P.O- POLYTECHNIC PURNEA",800196,25.102107,85.317967,Government,"State Board of Technical Education, Patna",Approved,Approved,B,No,,Tier 3,http://www.purnea.ac.in,info@purnea.ac.in,admissions@purnea.ac.in,placement@purnea.ac.in,+91-80-090-8063,Other Engineering Branches,Diploma,60,360,2020,Urban,No,Yes
1-44640334929,1-44640334929,U-0698,GOVERNMENT POLYTECHNIC PURNEA,Active,Bihar,Purnia,Purnia,"GOOVERNMENT POLYTECHNIC PURNEA, P.O- POLYTECHNIC PURNEA",800196,25.102107,85.317967,Government,"State Board of Technical Education, Patna",Approved,Approved,B,No,,Tier 3,http://www.purnea.ac.in,info@purnea.ac.in,admissions@purnea.ac.in,placement@purnea.ac.in,+91-80-090-8063,Mechanical Engineering,Diploma,60,360,2020,Urban,No,Yes
1-44640417086,1-44640417086,U-0440,AZMET INSTITUTE OF TECHNOLOGY,Active,Bihar,Kishanganj,Kishanganj,"ZAFARNAGAR, ANARKALI  KISHANGUNJ",800188,25.107542,85.297885,Private-Self Financing,Bihar Engineering University,Approved,Approved,A+,No,,Tier 3,http://www.azmet.ac.in,info@azmet.ac.in,admissions@azmet.ac.in,placement@azmet.ac.in,+91-80-318-7358,Civil Engineering,B.Tech,120,210,2017,Rural,Yes,Yes
1-44640417086,1-44640417086,U-0440,AZMET INSTITUTE OF TECHNOLOGY,Active,Bihar,Kishanganj,Kishanganj,"ZAFARNAGAR, ANARKALI  KISHANGUNJ",800188,25.107542,85.297885,Private-Self Financing,Bihar Engineering University,Approved,Approved,A+,No,,Tier 3,http://www.azmet.ac.in,info@azmet.ac.in,admissions@azmet.ac.in,placement@azmet.ac.in,+91-80-318-7358,Electrical Engineering,B.Tech,45,210,2017,Rural,Yes,Yes
1-44640417086,1-44640417086,U-0440,AZMET INSTITUTE OF TECHNOLOGY,Active,Bihar,Kishanganj,Kishanganj,"ZAFARNAGAR, ANARKALI  KISHANGUNJ",800188,25.107542,85.297885,Private-Self Financing,Bihar Engineering University,Approved,Approved,A+,No,,Tier 3,http://www.azmet.ac.in,info@azmet.ac.in,admissions@azmet.ac.in,placement@azmet.ac.in,+91-80-318-7358,Mechanical Engineering,B.Tech,45,210,2017,Rural,Yes,Yes
1-44640637205,1-44640637205,U-0698,BUDDHA INSTITUTE OF TECHNOLOGY,Active,Bihar,Gaya,Gaya,"INDUSTRIAL AREA, GAYA BEHIND RITURAJ COLD STORAGE, GAYA-DOBHI ROAD",800898,25.079718,85.316991,Private-Self Financing,"State Board of Technical Education, Patna",Approved,Approved,B,Yes,,Tier 3,http://www.buddha.ac.in,info@buddha.ac.in,admissions@buddha.ac.in,placement@buddha.ac.in,+91-80-151-7720,Electrical Engineering,Diploma,90,260,2006,Urban,No,Yes
1-44640637205,1-44640637205,U-0698,BUDDHA INSTITUTE OF TECHNOLOGY,Active,Bihar,Gaya,Gaya,"INDUSTRIAL AREA, GAYA BEHIND RITURAJ COLD STORAGE, GAYA-DOBHI ROAD",800898,25.079718,85.316991,Private-Self Financing,"State Board of Technical Education, Patna",Approved,Approved,B,Yes,,Tier 3,http://www.buddha.ac.in,info@buddha.ac.in,admissions@buddha.ac.in,placement@buddha.ac.in,+91-80-151-7720,Civil Engineering,Diploma,120,260,2006,Urban,No,Yes
1-44640637205,1-44640637205,U-0698,BUDDHA INSTITUTE OF TECHNOLOGY,Active,Bihar,Gaya,Gaya,"INDUSTRIAL AREA, GAYA BEHIND RITURAJ COLD STORAGE, GAYA-DOBHI ROAD",800898,25.079718,85.316991,Private-Self Financing,"State Board of Technical Education, Patna",Approved,Approved,B,Yes,,Tier 3,http://www.buddha.ac.in,info@buddha.ac.in,admissions@buddha.ac.in,placement@buddha.ac.in,+91-80-151-7720,Computer Science Engineering (CSE),Diploma,50,260,2006,Urban,No,Yes
1-44640758529,1-44640758529,U-0698,C R K POLYTECHNIC,Active,Bihar,Vaishali,Vaishali,"MAUZA- DHANAUTI JAUNPURI/CHAKAFJAL, HAJIPUR MUNICIPLITY, P.S.- HAJIPUR INDUSTRIAL AREA, ANCHAL  HAJIPUR, DISTRICT- VAISHALI, PIN CODE- 844101 STATE- BIHAR",844101,25.106906,85.319507,Private-Self Financing,"State Board of Technical Education, Patna",Approved,Approved,B+,No,,Tier 3,http://www.crk.ac.in,info@crk.ac.in,admissions@crk.ac.in,placement@crk.ac.in,+91-80-292-1001,Civil Engineering,Diploma,60,300,1995,Rural,Yes,Yes
1-44640758529,1-44640758529,U-0698,C R K POLYTECHNIC,Active,Bihar,Vaishali,Vaishali,"MAUZA- DHANAUTI JAUNPURI/CHAKAFJAL, HAJIPUR MUNICIPLITY, P.S.- HAJIPUR INDUSTRIAL AREA, ANCHAL  HAJIPUR, DISTRICT- VAISHALI, PIN CODE- 844101 STATE- BIHAR",844101,25.106906,85.319507,Private-Self Financing,"State Board of Technical Education, Patna",Approved,Approved,B+,No,,Tier 3,http://www.crk.ac.in,info@crk.ac.in,admissions@crk.ac.in,placement@crk.ac.in,+91-80-292-1001,Computer Science Engineering (CSE),Diploma,60,300,1995,Rural,Yes,Yes
1-44640758529,1-44640758529,U-0698,C R K POLYTECHNIC,Active,Bihar,Vaishali,Vaishali,"MAUZA- DHANAUTI JAUNPURI/CHAKAFJAL, HAJIPUR MUNICIPLITY, P.S.- HAJIPUR INDUSTRIAL AREA, ANCHAL  HAJIPUR, DISTRICT- VAISHALI, PIN CODE- 844101 STATE- BIHAR",844101,25.106906,85.319507,Private-Self Financing,"State Board of Technical Education, Patna",Approved,Approved,B+,No,,Tier 3,http://www.crk.ac.in,info@crk.ac.in,admissions@crk.ac.in,placement@crk.ac.in,+91-80-292-1001,Electrical Engineering,Diploma,60,300,1995,Rural,Yes,Yes
1-44640758529,1-44640758529,U-0698,C R K POLYTECHNIC,Active,Bihar,Vaishali,Vaishali,"MAUZA- DHANAUTI JAUNPURI/CHAKAFJAL, HAJIPUR MUNICIPLITY, P.S.- HAJIPUR INDUSTRIAL AREA, ANCHAL  HAJIPUR, DISTRICT- VAISHALI, PIN CODE- 844101 STATE- BIHAR",844101,25.106906,85.319507,Private-Self Financing,"State Board of Technical Education, Patna",Approved,Approved,B+,No,,Tier 3,http://www.crk.ac.in,info@crk.ac.in,admissions@crk.ac.in,placement@crk.ac.in,+91-80-292-1001,Mechanical Engineering,Diploma,60,300,1995,Rural,Yes,Yes
1-44640758529,1-44640758529,U-0698,C R K POLYTECHNIC,Active,Bihar,Vaishali,Vaishali,"MAUZA- DHANAUTI JAUNPURI/CHAKAFJAL, HAJIPUR MUNICIPLITY, P.S.- HAJIPUR INDUSTRIAL AREA, ANCHAL  HAJIPUR, DISTRICT- VAISHALI, PIN CODE- 844101 STATE- BIHAR",844101,25.106906,85.319507,Private-Self Financing,"State Board of Technical Education, Patna",Approved,Approved,B+,No,,Tier 3,http://www.crk.ac.in,info@crk.ac.in,admissions@crk.ac.in,placement@crk.ac.in,+91-80-292-1001,Other Engineering Branches,Diploma,60,300,1995,Rural,Yes,Yes
1-44640300951,1-44640300951,U-0698,GOVERNMENT POLYTECHNIC,Active,Bihar,Darbhanga,Darbhanga,"GOVERNMENT POLYTECHNIC, KADIRABAD,DARBHANGA",800350,25.111101,85.329604,Government,"State Board of Technical Education, Patna",Approved,Approved,A,No,,Tier 2,http://www.inst7345.ac.in,info@inst7345.ac.in,admissions@inst7345.ac.in,placement@inst7345.ac.in,+91-80-468-0553,Computer Science Engineering (CSE),Diploma,60,360,1995,Rural,Yes,Yes
1-44640300951,1-44640300951,U-0698,GOVERNMENT POLYTECHNIC,Active,Bihar,Darbhanga,Darbhanga,"GOVERNMENT POLYTECHNIC, KADIRABAD,DARBHANGA",800350,25.111101,85.329604,Government,"State Board of Technical Education, Patna",Approved,Approved,A,No,,Tier 2,http://www.inst7345.ac.in,info@inst7345.ac.in,admissions@inst7345.ac.in,placement@inst7345.ac.in,+91-80-468-0553,Mechanical Engineering,Diploma,60,360,1995,Rural,Yes,Yes
1-44640300951,1-44640300951,U-0698,GOVERNMENT POLYTECHNIC,Active,Bihar,Darbhanga,Darbhanga,"GOVERNMENT POLYTECHNIC, KADIRABAD,DARBHANGA",800350,25.111101,85.329604,Government,"State Board of Technical Education, Patna",Approved,Approved,A,No,,Tier 2,http://www.inst7345.ac.in,info@inst7345.ac.in,admissions@inst7345.ac.in,placement@inst7345.ac.in,+91-80-468-0553,Electrical Engineering,Diploma,90,360,1995,Rural,Yes,Yes
1-44640300951,1-44640300951,U-0698,GOVERNMENT POLYTECHNIC,Active,Bihar,Darbhanga,Darbhanga,"GOVERNMENT POLYTECHNIC, KADIRABAD,DARBHANGA",800350,25.111101,85.329604,Government,"State Board of Technical Education, Patna",Approved,Approved,A,No,,Tier 2,http://www.inst7345.ac.in,info@inst7345.ac.in,admissions@inst7345.ac.in,placement@inst7345.ac.in,+91-80-468-0553,Other Engineering Branches,Diploma,60,360,1995,Rural,Yes,Yes
1-44640300951,1-44640300951,U-0698,GOVERNMENT POLYTECHNIC,Active,Bihar,Darbhanga,Darbhanga,"GOVERNMENT POLYTECHNIC, KADIRABAD,DARBHANGA",800350,25.111101,85.329604,Government,"State Board of Technical Education, Patna",Approved,Approved,A,No,,Tier 2,http://www.inst7345.ac.in,info@inst7345.ac.in,admissions@inst7345.ac.in,placement@inst7345.ac.in,+91-80-468-0553,Civil Engineering,Diploma,90,360,1995,Rural,Yes,Yes
1-44640595402,1-44640595402,U-0698,"NEW GOVERNMENT POLYTECHNIC, PATNA-13",Active,Bihar,Patna,Patna,"PATLIPUTRA COLONY, PATNA-13",800155,25.585336,85.130612,Government,"State Board of Technical Education, Patna",Approved,Approved,B,No,,Tier 3,http://www.newpatna13.ac.in,info@newpatna13.ac.in,admissions@newpatna13.ac.in,placement@newpatna13.ac.in,+91-80-471-2787,Civil Engineering,Diploma,120,570,2012,Urban,Yes,No
1-44640595402,1-44640595402,U-0698,"NEW GOVERNMENT POLYTECHNIC, PATNA-13",Active,Bihar,Patna,Patna,"PATLIPUTRA COLONY, PATNA-13",800155,25.585336,85.130612,Government,"State Board of Technical Education, Patna",Approved,Approved,B,No,,Tier 3,http://www.newpatna13.ac.in,info@newpatna13.ac.in,admissions@newpatna13.ac.in,placement@newpatna13.ac.in,+91-80-471-2787,Mechanical Engineering,Diploma,180,570,2012,Urban,Yes,No
1-44640595402,1-44640595402,U-0698,"NEW GOVERNMENT POLYTECHNIC, PATNA-13",Active,Bihar,Patna,Patna,"PATLIPUTRA COLONY, PATNA-13",800155,25.585336,85.130612,Government,"State Board of Technical Education, Patna",Approved,Approved,B,No,,Tier 3,http://www.newpatna13.ac.in,info@newpatna13.ac.in,admissions@newpatna13.ac.in,placement@newpatna13.ac.in,+91-80-471-2787,Electrical Engineering,Diploma,90,570,2012,Urban,Yes,No
1-44640595402,1-44640595402,U-0698,"NEW GOVERNMENT POLYTECHNIC, PATNA-13",Active,Bihar,Patna,Patna,"PATLIPUTRA COLONY, PATNA-13",800155,25.585336,85.130612,Government,"State Board of Technical Education, Patna",Approved,Approved,B,No,,Tier 3,http://www.newpatna13.ac.in,info@newpatna13.ac.in,admissions@newpatna13.ac.in,placement@newpatna13.ac.in,+91-80-471-2787,Other Engineering Branches,Diploma,120,570,2012,Urban,Yes,No
1-44640595402,1-44640595402,U-0698,"NEW GOVERNMENT POLYTECHNIC, PATNA-13",Active,Bihar,Patna,Patna,"PATLIPUTRA COLONY, PATNA-13",800155,25.585336,85.130612,Government,"State Board of Technical Education, Patna",Approved,Approved,B,No,,Tier 3,http://www.newpatna13.ac.in,info@newpatna13.ac.in,admissions@newpatna13.ac.in,placement@newpatna13.ac.in,+91-80-471-2787,Computer Science Engineering (CSE),Diploma,60,570,2012,Urban,Yes,No
1-44640345426,1-44640345426,U-0698,"GOVERNMENT POLYTECHNIC, SHEOHAR",Active,Bihar,Sheohar,Sheohar,"AT- PARIHARA POST- CHAMANPUR P.S.- PIPARAHI DISTRICT- SHEOHAR PIN CODE - 843329 BIHAR, INDIA",843329,25.095751,85.32665,Government,"State Board of Technical Education, Patna",Approved,Approved,B++,Yes,,Tier 3,http://www.sheohar.ac.in,info@sheohar.ac.in,admissions@sheohar.ac.in,placement@sheohar.ac.in,+91-80-824-2134,Civil Engineering,Diploma,120,360,2014,Urban,Yes,Yes
1-44640345426,1-44640345426,U-0698,"GOVERNMENT POLYTECHNIC, SHEOHAR",Active,Bihar,Sheohar,Sheohar,"AT- PARIHARA POST- CHAMANPUR P.S.- PIPARAHI DISTRICT- SHEOHAR PIN CODE - 843329 BIHAR, INDIA",843329,25.095751,85.32665,Government,"State Board of Technical Education, Patna",Approved,Approved,B++,Yes,,Tier 3,http://www.sheohar.ac.in,info@sheohar.ac.in,admissions@sheohar.ac.in,placement@sheohar.ac.in,+91-80-824-2134,Mechanical Engineering,Diploma,60,360,2014,Urban,Yes,Yes
1-44640345426,1-44640345426,U-0698,"GOVERNMENT POLYTECHNIC, SHEOHAR",Active,Bihar,Sheohar,Sheohar,"AT- PARIHARA POST- CHAMANPUR P.S.- PIPARAHI DISTRICT- SHEOHAR PIN CODE - 843329 BIHAR, INDIA",843329,25.095751,85.32665,Government,"State Board of Technical Education, Patna",Approved,Approved,B++,Yes,,Tier 3,http://www.sheohar.ac.in,info@sheohar.ac.in,admissions@sheohar.ac.in,placement@sheohar.ac.in,+91-80-824-2134,Electrical Engineering,Diploma,60,360,2014,Urban,Yes,Yes
1-44640345426,1-44640345426,U-0698,"GOVERNMENT POLYTECHNIC, SHEOHAR",Active,Bihar,Sheohar,Sheohar,"AT- PARIHARA POST- CHAMANPUR P.S.- PIPARAHI DISTRICT- SHEOHAR PIN CODE - 843329 BIHAR, INDIA",843329,25.095751,85.32665,Government,"State Board of Technical Education, Patna",Approved,Approved,B++,Yes,,Tier 3,http://www.sheohar.ac.in,info@sheohar.ac.in,admissions@sheohar.ac.in,placement@sheohar.ac.in,+91-80-824-2134,Other Engineering Branches,Diploma,60,360,2014,Urban,Yes,Yes
1-44640345426,1-44640345426,U-0698,"GOVERNMENT POLYTECHNIC, SHEOHAR",Active,Bihar,Sheohar,Sheohar,"AT- PARIHARA POST- CHAMANPUR P.S.- PIPARAHI DISTRICT- SHEOHAR PIN CODE - 843329 BIHAR, INDIA",843329,25.095751,85.32665,Government,"State Board of Technical Education, Patna",Approved,Approved,B++,Yes,,Tier 3,http://www.sheohar.ac.in,info@sheohar.ac.in,admissions@sheohar.ac.in,placement@sheohar.ac.in,+91-80-824-2134,Computer Science Engineering (CSE),Diploma,60,360,2014,Urban,Yes,Yes
1-44640348559,1-44640348559,U-0698,GOVERNMENT POLYTECHNIC MADHUBANI,Active,Bihar,Madhubani,Madhubani,"GOVERNMENT POLYTECHNIC MADHUBANI,AT-ARARIA SANGRAM,PO-TULAPATGANJ,VIA JHANJHARPUR,DIST- MADHUBANI,BIHAR, PIN-847109",847109,25.111386,85.315138,Government,"State Board of Technical Education, Patna",Approved,Approved,A,No,,Tier 2,http://www.madhubani.ac.in,info@madhubani.ac.in,admissions@madhubani.ac.in,placement@madhubani.ac.in,+91-80-480-0013,Civil Engineering,Diploma,120,360,1981,Urban,No,Yes
1-44640348559,1-44640348559,U-0698,GOVERNMENT POLYTECHNIC MADHUBANI,Active,Bihar,Madhubani,Madhubani,"GOVERNMENT POLYTECHNIC MADHUBANI,AT-ARARIA SANGRAM,PO-TULAPATGANJ,VIA JHANJHARPUR,DIST- MADHUBANI,BIHAR, PIN-847109",847109,25.111386,85.315138,Government,"State Board of Technical Education, Patna",Approved,Approved,A,No,,Tier 2,http://www.madhubani.ac.in,info@madhubani.ac.in,admissions@madhubani.ac.in,placement@madhubani.ac.in,+91-80-480-0013,Electrical Engineering,Diploma,60,360,1981,Urban,No,Yes
1-44640348559,1-44640348559,U-0698,GOVERNMENT POLYTECHNIC MADHUBANI,Active,Bihar,Madhubani,Madhubani,"GOVERNMENT POLYTECHNIC MADHUBANI,AT-ARARIA SANGRAM,PO-TULAPATGANJ,VIA JHANJHARPUR,DIST- MADHUBANI,BIHAR, PIN-847109",847109,25.111386,85.315138,Government,"State Board of Technical Education, Patna",Approved,Approved,A,No,,Tier 2,http://www.madhubani.ac.in,info@madhubani.ac.in,admissions@madhubani.ac.in,placement@madhubani.ac.in,+91-80-480-0013,Mechanical Engineering,Diploma,60,360,1981,Urban,No,Yes
1-44640348559,1-44640348559,U-0698,GOVERNMENT POLYTECHNIC MADHUBANI,Active,Bihar,Madhubani,Madhubani,"GOVERNMENT POLYTECHNIC MADHUBANI,AT-ARARIA SANGRAM,PO-TULAPATGANJ,VIA JHANJHARPUR,DIST- MADHUBANI,BIHAR, PIN-847109",847109,25.111386,85.315138,Government,"State Board of Technical Education, Patna",Approved,Approved,A,No,,Tier 2,http://www.madhubani.ac.in,info@madhubani.ac.in,admissions@madhubani.ac.in,placement@madhubani.ac.in,+91-80-480-0013,Other Engineering Branches,Diploma,60,360,1981,Urban,No,Yes
1-44640348559,1-44640348559,U-0698,GOVERNMENT POLYTECHNIC MADHUBANI,Active,Bihar,Madhubani,Madhubani,"GOVERNMENT POLYTECHNIC MADHUBANI,AT-ARARIA SANGRAM,PO-TULAPATGANJ,VIA JHANJHARPUR,DIST- MADHUBANI,BIHAR, PIN-847109",847109,25.111386,85.315138,Government,"State Board of Technical Education, Patna",Approved,Approved,A,No,,Tier 2,http://www.madhubani.ac.in,info@madhubani.ac.in,admissions@madhubani.ac.in,placement@madhubani.ac.in,+91-80-480-0013,Computer Science Engineering (CSE),Diploma,60,360,1981,Urban,No,Yes
1-44640433185,1-44640433185,U-0698,MILLIA POLYTECHNIC,Active,Bihar,Kishanganj,Kishanganj,VERIADANGI KISHANGANJ,800188,25.078357,85.294074,Private-Self Financing,"State Board of Technical Education, Patna",Approved,Approved,B++,No,,Tier 3,http://www.millia.ac.in,info@millia.ac.in,admissions@millia.ac.in,placement@millia.ac.in,+91-80-094-6694,Civil Engineering,Diploma,60,180,1996,Urban,Yes,No
1-44640433185,1-44640433185,U-0698,MILLIA POLYTECHNIC,Active,Bihar,Kishanganj,Kishanganj,VERIADANGI KISHANGANJ,800188,25.078357,85.294074,Private-Self Financing,"State Board of Technical Education, Patna",Approved,Approved,B++,No,,Tier 3,http://www.millia.ac.in,info@millia.ac.in,admissions@millia.ac.in,placement@millia.ac.in,+91-80-094-6694,Electrical Engineering,Diploma,60,180,1996,Urban,Yes,No
1-44640433185,1-44640433185,U-0698,MILLIA POLYTECHNIC,Active,Bihar,Kishanganj,Kishanganj,VERIADANGI KISHANGANJ,800188,25.078357,85.294074,Private-Self Financing,"State Board of Technical Education, Patna",Approved,Approved,B++,No,,Tier 3,http://www.millia.ac.in,info@millia.ac.in,admissions@millia.ac.in,placement@millia.ac.in,+91-80-094-6694,Mechanical Engineering,Diploma,60,180,1996,Urban,Yes,No
1-44640265236,1-44640265236,U-0698,MILLIA POLYTECHNIC,Active,Bihar,Purnia,Purnia,"RAMBAGH, PURNEA",800196,25.078357,85.294074,Private-Self Financing,"State Board of Technical Education, Patna",Approved,Approved,B++,No,,Tier 3,http://www.millia.ac.in,info@millia.ac.in,admissions@millia.ac.in,placement@millia.ac.in,+91-80-094-6694,Mechanical Engineering,Diploma,120,420,1996,Urban,Yes,No
1-44640265236,1-44640265236,U-0698,MILLIA POLYTECHNIC,Active,Bihar,Purnia,Purnia,"RAMBAGH, PURNEA",800196,25.078357,85.294074,Private-Self Financing,"State Board of Technical Education, Patna",Approved,Approved,B++,No,,Tier 3,http://www.millia.ac.in,info@millia.ac.in,admissions@millia.ac.in,placement@millia.ac.in,+91-80-094-6694,Civil Engineering,Diploma,120,420,1996,Urban,Yes,No
1-44640265236,1-44640265236,U-0698,MILLIA POLYTECHNIC,Active,Bihar,Purnia,Purnia,"RAMBAGH, PURNEA",800196,25.078357,85.294074,Private-Self Financing,"State Board of Technical Education, Patna",Approved,Approved,B++,No,,Tier 3,http://www.millia.ac.in,info@millia.ac.in,admissions@millia.ac.in,placement@millia.ac.in,+91-80-094-6694,Electrical Engineering,Diploma,60,420,1996,Urban,Yes,No
1-44640265236,1-44640265236,U-0698,MILLIA POLYTECHNIC,Active,Bihar,Purnia,Purnia,"RAMBAGH, PURNEA",800196,25.078357,85.294074,Private-Self Financing,"State Board of Technical Education, Patna",Approved,Approved,B++,No,,Tier 3,http://www.millia.ac.in,info@millia.ac.in,admissions@millia.ac.in,placement@millia.ac.in,+91-80-094-6694,Other Engineering Branches,Diploma,60,420,1996,Urban,Yes,No
1-44640265236,1-44640265236,U-0698,MILLIA POLYTECHNIC,Active,Bihar,Purnia,Purnia,"RAMBAGH, PURNEA",800196,25.078357,85.294074,Private-Self Financing,"State Board of Technical Education, Patna",Approved,Approved,B++,No,,Tier 3,http://www.millia.ac.in,info@millia.ac.in,admissions@millia.ac.in,placement@millia.ac.in,+91-80-094-6694,Computer Science Engineering (CSE),Diploma,60,420,1996,Urban,Yes,No
1-44640353439,1-44640353439,U-0698,SITYOG INSTITUTEOF TECHNOLOGY,Active,Bihar,Aurangabad,Aurangabad,GROWTH CENTER JASOIYA MORE AURANGABAD BIHAR,800520,19.889183,75.328813,Private-Self Financing,"State Board of Technical Education, Patna",Approved,Approved,Not Accredited,No,,Tier 3,http://www.sityoginstituteof.ac.in,info@sityoginstituteof.ac.in,admissions@sityoginstituteof.ac.in,placement@sityoginstituteof.ac.in,+91-80-383-3763,Electrical Engineering,Diploma,120,720,2003,Urban,Yes,Yes
1-44640353439,1-44640353439,U-0698,SITYOG INSTITUTEOF TECHNOLOGY,Active,Bihar,Aurangabad,Aurangabad,GROWTH CENTER JASOIYA MORE AURANGABAD BIHAR,800520,19.889183,75.328813,Private-Self Financing,"State Board of Technical Education, Patna",Approved,Approved,Not Accredited,No,,Tier 3,http://www.sityoginstituteof.ac.in,info@sityoginstituteof.ac.in,admissions@sityoginstituteof.ac.in,placement@sityoginstituteof.ac.in,+91-80-383-3763,Civil Engineering,B.Tech,60,720,2003,Urban,Yes,Yes
1-44640353439,1-44640353439,U-0698,SITYOG INSTITUTEOF TECHNOLOGY,Active,Bihar,Aurangabad,Aurangabad,GROWTH CENTER JASOIYA MORE AURANGABAD BIHAR,800520,19.889183,75.328813,Private-Self Financing,"State Board of Technical Education, Patna",Approved,Approved,Not Accredited,No,,Tier 3,http://www.sityoginstituteof.ac.in,info@sityoginstituteof.ac.in,admissions@sityoginstituteof.ac.in,placement@sityoginstituteof.ac.in,+91-80-383-3763,Electrical Engineering,B.Tech,60,720,2003,Urban,Yes,Yes
1-44640353439,1-44640353439,U-0698,SITYOG INSTITUTEOF TECHNOLOGY,Active,Bihar,Aurangabad,Aurangabad,GROWTH CENTER JASOIYA MORE AURANGABAD BIHAR,800520,19.889183,75.328813,Private-Self Financing,"State Board of Technical Education, Patna",Approved,Approved,Not Accredited,No,,Tier 3,http://www.sityoginstituteof.ac.in,info@sityoginstituteof.ac.in,admissions@sityoginstituteof.ac.in,placement@sityoginstituteof.ac.in,+91-80-383-3763,Mechanical Engineering,B.Tech,60,720,2003,Urban,Yes,Yes
1-44640353439,1-44640353439,U-0698,SITYOG INSTITUTEOF TECHNOLOGY,Active,Bihar,Aurangabad,Aurangabad,GROWTH CENTER JASOIYA MORE AURANGABAD BIHAR,800520,19.889183,75.328813,Private-Self Financing,"State Board of Technical Education, Patna",Approved,Approved,Not Accredited,No,,Tier 3,http://www.sityoginstituteof.ac.in,info@sityoginstituteof.ac.in,admissions@sityoginstituteof.ac.in,placement@sityoginstituteof.ac.in,+91-80-383-3763,Computer Science Engineering (CSE),B.Tech,180,720,2003,Urban,Yes,Yes
1-44640353439,1-44640353439,U-0698,SITYOG INSTITUTEOF TECHNOLOGY,Active,Bihar,Aurangabad,Aurangabad,GROWTH CENTER JASOIYA MORE AURANGABAD BIHAR,800520,19.889183,75.328813,Private-Self Financing,"State Board of Technical Education, Patna",Approved,Approved,Not Accredited,No,,Tier 3,http://www.sityoginstituteof.ac.in,info@sityoginstituteof.ac.in,admissions@sityoginstituteof.ac.in,placement@sityoginstituteof.ac.in,+91-80-383-3763,Civil Engineering,Diploma,120,720,2003,Urban,Yes,Yes
1-44640353439,1-44640353439,U-0698,SITYOG INSTITUTEOF TECHNOLOGY,Active,Bihar,Aurangabad,Aurangabad,GROWTH CENTER JASOIYA MORE AURANGABAD BIHAR,800520,19.889183,75.328813,Private-Self Financing,"State Board of Technical Education, Patna",Approved,Approved,Not Accredited,No,,Tier 3,http://www.sityoginstituteof.ac.in,info@sityoginstituteof.ac.in,admissions@sityoginstituteof.ac.in,placement@sityoginstituteof.ac.in,+91-80-383-3763,Mechanical Engineering,Diploma,60,720,2003,Urban,Yes,Yes
1-44640353439,1-44640353439,U-0698,SITYOG INSTITUTEOF TECHNOLOGY,Active,Bihar,Aurangabad,Aurangabad,GROWTH CENTER JASOIYA MORE AURANGABAD BIHAR,800520,19.889183,75.328813,Private-Self Financing,"State Board of Technical Education, Patna",Approved,Approved,Not Accredited,No,,Tier 3,http://www.sityoginstituteof.ac.in,info@sityoginstituteof.ac.in,admissions@sityoginstituteof.ac.in,placement@sityoginstituteof.ac.in,+91-80-383-3763,Computer Science Engineering (CSE),Diploma,60,720,2003,Urban,Yes,Yes
1-44640567866,1-44640567866,U-0825,"BIRLA INSTITUTE OF TECHNOLOGY, PATNA",Active,Bihar,Patna,Patna,PO B V COLLEGE  NEAR JPN INTERNATIONAL AIRPORT PATNA,800155,25.596833,85.142056,Private-Self Financing,"Birla Institute of Technology, Ranchi",Approved,Approved,B,Yes,,Tier 3,http://www.birlapatna.ac.in,info@birlapatna.ac.in,admissions@birlapatna.ac.in,placement@birlapatna.ac.in,+91-80-953-4876,Computer Science Engineering (CSE),B.Tech,60,387,1985,Urban,Yes,Yes
1-44640567866,1-44640567866,U-0825,"BIRLA INSTITUTE OF TECHNOLOGY, PATNA",Active,Bihar,Patna,Patna,PO B V COLLEGE  NEAR JPN INTERNATIONAL AIRPORT PATNA,800155,25.596833,85.142056,Private-Self Financing,"Birla Institute of Technology, Ranchi",Approved,Approved,B,Yes,,Tier 3,http://www.birlapatna.ac.in,info@birlapatna.ac.in,admissions@birlapatna.ac.in,placement@birlapatna.ac.in,+91-80-953-4876,Electronics & Communication Engineering (ECE),B.Tech,60,387,1985,Urban,Yes,Yes
1-44640567866,1-44640567866,U-0825,"BIRLA INSTITUTE OF TECHNOLOGY, PATNA",Active,Bihar,Patna,Patna,PO B V COLLEGE  NEAR JPN INTERNATIONAL AIRPORT PATNA,800155,25.596833,85.142056,Private-Self Financing,"Birla Institute of Technology, Ranchi",Approved,Approved,B,Yes,,Tier 3,http://www.birlapatna.ac.in,info@birlapatna.ac.in,admissions@birlapatna.ac.in,placement@birlapatna.ac.in,+91-80-953-4876,Mechanical Engineering,B.Tech,60,387,1985,Urban,Yes,Yes
1-44640567866,1-44640567866,U-0825,"BIRLA INSTITUTE OF TECHNOLOGY, PATNA",Active,Bihar,Patna,Patna,PO B V COLLEGE  NEAR JPN INTERNATIONAL AIRPORT PATNA,800155,25.596833,85.142056,Private-Self Financing,"Birla Institute of Technology, Ranchi",Approved,Approved,B,Yes,,Tier 3,http://www.birlapatna.ac.in,info@birlapatna.ac.in,admissions@birlapatna.ac.in,placement@birlapatna.ac.in,+91-80-953-4876,Electrical & Electronics Engineering (EEE),B.Tech,60,387,1985,Urban,Yes,Yes
1-44640567866,1-44640567866,U-0825,"BIRLA INSTITUTE OF TECHNOLOGY, PATNA",Active,Bihar,Patna,Patna,PO B V COLLEGE  NEAR JPN INTERNATIONAL AIRPORT PATNA,800155,25.596833,85.142056,Private-Self Financing,"Birla Institute of Technology, Ranchi",Approved,Approved,B,Yes,,Tier 3,http://www.birlapatna.ac.in,info@birlapatna.ac.in,admissions@birlapatna.ac.in,placement@birlapatna.ac.in,+91-80-953-4876,Civil Engineering,B.Tech,60,387,1985,Urban,Yes,Yes
1-44640567866,1-44640567866,U-0825,"BIRLA INSTITUTE OF TECHNOLOGY, PATNA",Active,Bihar,Patna,Patna,PO B V COLLEGE  NEAR JPN INTERNATIONAL AIRPORT PATNA,800155,25.596833,85.142056,Private-Self Financing,"Birla Institute of Technology, Ranchi",Approved,Approved,B,Yes,,Tier 3,http://www.birlapatna.ac.in,info@birlapatna.ac.in,admissions@birlapatna.ac.in,placement@birlapatna.ac.in,+91-80-953-4876,Computer Science Engineering (CSE),M.Tech,18,387,1985,Urban,Yes,Yes
1-44640567866,1-44640567866,U-0825,"BIRLA INSTITUTE OF TECHNOLOGY, PATNA",Active,Bihar,Patna,Patna,PO B V COLLEGE  NEAR JPN INTERNATIONAL AIRPORT PATNA,800155,25.596833,85.142056,Private-Self Financing,"Birla Institute of Technology, Ranchi",Approved,Approved,B,Yes,,Tier 3,http://www.birlapatna.ac.in,info@birlapatna.ac.in,admissions@birlapatna.ac.in,placement@birlapatna.ac.in,+91-80-953-4876,Other Engineering Branches,M.Tech,9,387,1985,Urban,Yes,Yes
1-44640567866,1-44640567866,U-0825,"BIRLA INSTITUTE OF TECHNOLOGY, PATNA",Active,Bihar,Patna,Patna,PO B V COLLEGE  NEAR JPN INTERNATIONAL AIRPORT PATNA,800155,25.596833,85.142056,Private-Self Financing,"Birla Institute of Technology, Ranchi",Approved,Approved,B,Yes,,Tier 3,http://www.birlapatna.ac.in,info@birlapatna.ac.in,admissions@birlapatna.ac.in,placement@birlapatna.ac.in,+91-80-953-4876,Artificial Intelligence & Machine Learning (AI & ML),B.Tech,60,387,1985,Urban,Yes,Yes
1-44640316326,1-44640316326,U-0698,BADDIUZAMA KHAN POLYTECHNIC INSTITUTE,Active,Bihar,Sitamarhi,Sitamarhi,"BADDIUZAMA KHAN POLYTECHNIC INSTITUTE AT+PO-JANIPUR,PS-NANPUR,PUPRI, DIST-SITAMARHI,BIHAR,PIN-843333",843333,25.102958,85.317312,Government,"State Board of Technical Education, Patna",Approved,Approved,B++,Yes,,Tier 3,http://www.baddiuzamakhan.ac.in,info@baddiuzamakhan.ac.in,admissions@baddiuzamakhan.ac.in,placement@baddiuzamakhan.ac.in,+91-80-126-5178,Civil Engineering,Diploma,120,360,2021,Urban,Yes,Yes
1-44640316326,1-44640316326,U-0698,BADDIUZAMA KHAN POLYTECHNIC INSTITUTE,Active,Bihar,Sitamarhi,Sitamarhi,"BADDIUZAMA KHAN POLYTECHNIC INSTITUTE AT+PO-JANIPUR,PS-NANPUR,PUPRI, DIST-SITAMARHI,BIHAR,PIN-843333",843333,25.102958,85.317312,Government,"State Board of Technical Education, Patna",Approved,Approved,B++,Yes,,Tier 3,http://www.baddiuzamakhan.ac.in,info@baddiuzamakhan.ac.in,admissions@baddiuzamakhan.ac.in,placement@baddiuzamakhan.ac.in,+91-80-126-5178,Electrical Engineering,Diploma,60,360,2021,Urban,Yes,Yes
1-44640316326,1-44640316326,U-0698,BADDIUZAMA KHAN POLYTECHNIC INSTITUTE,Active,Bihar,Sitamarhi,Sitamarhi,"BADDIUZAMA KHAN POLYTECHNIC INSTITUTE AT+PO-JANIPUR,PS-NANPUR,PUPRI, DIST-SITAMARHI,BIHAR,PIN-843333",843333,25.102958,85.317312,Government,"State Board of Technical Education, Patna",Approved,Approved,B++,Yes,,Tier 3,http://www.baddiuzamakhan.ac.in,info@baddiuzamakhan.ac.in,admissions@baddiuzamakhan.ac.in,placement@baddiuzamakhan.ac.in,+91-80-126-5178,Mechanical Engineering,Diploma,60,360,2021,Urban,Yes,Yes
1-44640316326,1-44640316326,U-0698,BADDIUZAMA KHAN POLYTECHNIC INSTITUTE,Active,Bihar,Sitamarhi,Sitamarhi,"BADDIUZAMA KHAN POLYTECHNIC INSTITUTE AT+PO-JANIPUR,PS-NANPUR,PUPRI, DIST-SITAMARHI,BIHAR,PIN-843333",843333,25.102958,85.317312,Government,"State Board of Technical Education, Patna",Approved,Approved,B++,Yes,,Tier 3,http://www.baddiuzamakhan.ac.in,info@baddiuzamakhan.ac.in,admissions@baddiuzamakhan.ac.in,placement@baddiuzamakhan.ac.in,+91-80-126-5178,Other Engineering Branches,Diploma,60,360,2021,Urban,Yes,Yes
1-44640316326,1-44640316326,U-0698,BADDIUZAMA KHAN POLYTECHNIC INSTITUTE,Active,Bihar,Sitamarhi,Sitamarhi,"BADDIUZAMA KHAN POLYTECHNIC INSTITUTE AT+PO-JANIPUR,PS-NANPUR,PUPRI, DIST-SITAMARHI,BIHAR,PIN-843333",843333,25.102958,85.317312,Government,"State Board of Technical Education, Patna",Approved,Approved,B++,Yes,,Tier 3,http://www.baddiuzamakhan.ac.in,info@baddiuzamakhan.ac.in,admissions@baddiuzamakhan.ac.in,placement@baddiuzamakhan.ac.in,+91-80-126-5178,Computer Science Engineering (CSE),Diploma,60,360,2021,Urban,Yes,Yes
1-44640952574,1-44640952574,U-0846,"BHAGALPUR COLLEGE OF ENGINEERING , BHAGALPUR",Active,Bihar,Bhagalpur,Bhagalpur,P.O SABOUR DIST:BHAGALPUR,800675,25.089804,85.311537,Government,"Bihar Engineering University, Patna",Approved,Approved,A,No,,Tier 2,http://www.bhagalpurbhagalpur.ac.in,info@bhagalpurbhagalpur.ac.in,admissions@bhagalpurbhagalpur.ac.in,placement@bhagalpurbhagalpur.ac.in,+91-80-574-8085,Mechanical Engineering,B.Tech,60,444,2007,Urban,Yes,Yes
1-44640952574,1-44640952574,U-0846,"BHAGALPUR COLLEGE OF ENGINEERING , BHAGALPUR",Active,Bihar,Bhagalpur,Bhagalpur,P.O SABOUR DIST:BHAGALPUR,800675,25.089804,85.311537,Government,"Bihar Engineering University, Patna",Approved,Approved,A,No,,Tier 2,http://www.bhagalpurbhagalpur.ac.in,info@bhagalpurbhagalpur.ac.in,admissions@bhagalpurbhagalpur.ac.in,placement@bhagalpurbhagalpur.ac.in,+91-80-574-8085,Civil Engineering,B.Tech,120,444,2007,Urban,Yes,Yes
1-44640952574,1-44640952574,U-0846,"BHAGALPUR COLLEGE OF ENGINEERING , BHAGALPUR",Active,Bihar,Bhagalpur,Bhagalpur,P.O SABOUR DIST:BHAGALPUR,800675,25.089804,85.311537,Government,"Bihar Engineering University, Patna",Approved,Approved,A,No,,Tier 2,http://www.bhagalpurbhagalpur.ac.in,info@bhagalpurbhagalpur.ac.in,admissions@bhagalpurbhagalpur.ac.in,placement@bhagalpurbhagalpur.ac.in,+91-80-574-8085,Electrical Engineering,B.Tech,60,444,2007,Urban,Yes,Yes
1-44640952574,1-44640952574,U-0846,"BHAGALPUR COLLEGE OF ENGINEERING , BHAGALPUR",Active,Bihar,Bhagalpur,Bhagalpur,P.O SABOUR DIST:BHAGALPUR,800675,25.089804,85.311537,Government,"Bihar Engineering University, Patna",Approved,Approved,A,No,,Tier 2,http://www.bhagalpurbhagalpur.ac.in,info@bhagalpurbhagalpur.ac.in,admissions@bhagalpurbhagalpur.ac.in,placement@bhagalpurbhagalpur.ac.in,+91-80-574-8085,Computer Science Engineering (CSE),B.Tech,60,444,2007,Urban,Yes,Yes
1-44640952574,1-44640952574,U-0846,"BHAGALPUR COLLEGE OF ENGINEERING , BHAGALPUR",Active,Bihar,Bhagalpur,Bhagalpur,P.O SABOUR DIST:BHAGALPUR,800675,25.089804,85.311537,Government,"Bihar Engineering University, Patna",Approved,Approved,A,No,,Tier 2,http://www.bhagalpurbhagalpur.ac.in,info@bhagalpurbhagalpur.ac.in,admissions@bhagalpurbhagalpur.ac.in,placement@bhagalpurbhagalpur.ac.in,+91-80-574-8085,Electronics & Communication Engineering (ECE),B.Tech,60,444,2007,Urban,Yes,Yes
1-44640952574,1-44640952574,U-0846,"BHAGALPUR COLLEGE OF ENGINEERING , BHAGALPUR",Active,Bihar,Bhagalpur,Bhagalpur,P.O SABOUR DIST:BHAGALPUR,800675,25.089804,85.311537,Government,"Bihar Engineering University, Patna",Approved,Approved,A,No,,Tier 2,http://www.bhagalpurbhagalpur.ac.in,info@bhagalpurbhagalpur.ac.in,admissions@bhagalpurbhagalpur.ac.in,placement@bhagalpurbhagalpur.ac.in,+91-80-574-8085,Other Engineering Branches,M.Tech,84,444,2007,Urban,Yes,Yes
1-44641082754,1-44641082754,U-0698,GOVT. POLYTECHNIC BHAGALPUR,Active,Bihar,Bhagalpur,Bhagalpur,"GOVT. POLYTECHNIC, BHAGALPUR  AT+PO-BARARI BHAGALPUR",800675,25.10688,85.326527,Government,"State Board of Technical Education, Patna",Approved,Approved,A,No,,Tier 2,http://www.govtbhagalpur.ac.in,info@govtbhagalpur.ac.in,admissions@govtbhagalpur.ac.in,placement@govtbhagalpur.ac.in,+91-80-291-0037,Agricultural Engineering,Diploma,60,360,1992,Urban,Yes,Yes
1-44641082754,1-44641082754,U-0698,GOVT. POLYTECHNIC BHAGALPUR,Active,Bihar,Bhagalpur,Bhagalpur,"GOVT. POLYTECHNIC, BHAGALPUR  AT+PO-BARARI BHAGALPUR",800675,25.10688,85.326527,Government,"State Board of Technical Education, Patna",Approved,Approved,A,No,,Tier 2,http://www.govtbhagalpur.ac.in,info@govtbhagalpur.ac.in,admissions@govtbhagalpur.ac.in,placement@govtbhagalpur.ac.in,+91-80-291-0037,Civil Engineering,Diploma,60,360,1992,Urban,Yes,Yes
1-44641082754,1-44641082754,U-0698,GOVT. POLYTECHNIC BHAGALPUR,Active,Bihar,Bhagalpur,Bhagalpur,"GOVT. POLYTECHNIC, BHAGALPUR  AT+PO-BARARI BHAGALPUR",800675,25.10688,85.326527,Government,"State Board of Technical Education, Patna",Approved,Approved,A,No,,Tier 2,http://www.govtbhagalpur.ac.in,info@govtbhagalpur.ac.in,admissions@govtbhagalpur.ac.in,placement@govtbhagalpur.ac.in,+91-80-291-0037,Computer Science Engineering (CSE),Diploma,60,360,1992,Urban,Yes,Yes
1-44641082754,1-44641082754,U-0698,GOVT. POLYTECHNIC BHAGALPUR,Active,Bihar,Bhagalpur,Bhagalpur,"GOVT. POLYTECHNIC, BHAGALPUR  AT+PO-BARARI BHAGALPUR",800675,25.10688,85.326527,Government,"State Board of Technical Education, Patna",Approved,Approved,A,No,,Tier 2,http://www.govtbhagalpur.ac.in,info@govtbhagalpur.ac.in,admissions@govtbhagalpur.ac.in,placement@govtbhagalpur.ac.in,+91-80-291-0037,Other Engineering Branches,Diploma,120,360,1992,Urban,Yes,Yes
1-44641082754,1-44641082754,U-0698,GOVT. POLYTECHNIC BHAGALPUR,Active,Bihar,Bhagalpur,Bhagalpur,"GOVT. POLYTECHNIC, BHAGALPUR  AT+PO-BARARI BHAGALPUR",800675,25.10688,85.326527,Government,"State Board of Technical Education, Patna",Approved,Approved,A,No,,Tier 2,http://www.govtbhagalpur.ac.in,info@govtbhagalpur.ac.in,admissions@govtbhagalpur.ac.in,placement@govtbhagalpur.ac.in,+91-80-291-0037,Electrical Engineering,Diploma,60,360,1992,Urban,Yes,Yes
1-44640961829,1-44640961829,U-0831,"LOKNAYAK JAI PRAKASH INSTITUTE OF TECHNOLOGY, CHHAPRA",Active,Bihar,Saran,Saran,"IN THE CAMPUS OF  LNJP UNIVERSITY, CHHAPRA",800389,25.099798,85.320104,Government,BIHAR ENGINEERING UNIVERSITY PATNA,Approved,Approved,A+,Yes,,Tier 2,http://www.loknayakjaiprakash.ac.in,info@loknayakjaiprakash.ac.in,admissions@loknayakjaiprakash.ac.in,placement@loknayakjaiprakash.ac.in,+91-80-993-9884,Computer Science Engineering (CSE),B.Tech,120,360,1998,Rural,Yes,Yes
1-44640961829,1-44640961829,U-0831,"LOKNAYAK JAI PRAKASH INSTITUTE OF TECHNOLOGY, CHHAPRA",Active,Bihar,Saran,Saran,"IN THE CAMPUS OF  LNJP UNIVERSITY, CHHAPRA",800389,25.099798,85.320104,Government,BIHAR ENGINEERING UNIVERSITY PATNA,Approved,Approved,A+,Yes,,Tier 2,http://www.loknayakjaiprakash.ac.in,info@loknayakjaiprakash.ac.in,admissions@loknayakjaiprakash.ac.in,placement@loknayakjaiprakash.ac.in,+91-80-993-9884,Mechanical Engineering,B.Tech,60,360,1998,Rural,Yes,Yes
1-44640961829,1-44640961829,U-0831,"LOKNAYAK JAI PRAKASH INSTITUTE OF TECHNOLOGY, CHHAPRA",Active,Bihar,Saran,Saran,"IN THE CAMPUS OF  LNJP UNIVERSITY, CHHAPRA",800389,25.099798,85.320104,Government,BIHAR ENGINEERING UNIVERSITY PATNA,Approved,Approved,A+,Yes,,Tier 2,http://www.loknayakjaiprakash.ac.in,info@loknayakjaiprakash.ac.in,admissions@loknayakjaiprakash.ac.in,placement@loknayakjaiprakash.ac.in,+91-80-993-9884,Civil Engineering,B.Tech,60,360,1998,Rural,Yes,Yes
1-44640961829,1-44640961829,U-0831,"LOKNAYAK JAI PRAKASH INSTITUTE OF TECHNOLOGY, CHHAPRA",Active,Bihar,Saran,Saran,"IN THE CAMPUS OF  LNJP UNIVERSITY, CHHAPRA",800389,25.099798,85.320104,Government,BIHAR ENGINEERING UNIVERSITY PATNA,Approved,Approved,A+,Yes,,Tier 2,http://www.loknayakjaiprakash.ac.in,info@loknayakjaiprakash.ac.in,admissions@loknayakjaiprakash.ac.in,placement@loknayakjaiprakash.ac.in,+91-80-993-9884,Electrical & Electronics Engineering (EEE),B.Tech,60,360,1998,Rural,Yes,Yes
1-44640961829,1-44640961829,U-0831,"LOKNAYAK JAI PRAKASH INSTITUTE OF TECHNOLOGY, CHHAPRA",Active,Bihar,Saran,Saran,"IN THE CAMPUS OF  LNJP UNIVERSITY, CHHAPRA",800389,25.099798,85.320104,Government,BIHAR ENGINEERING UNIVERSITY PATNA,Approved,Approved,A+,Yes,,Tier 2,http://www.loknayakjaiprakash.ac.in,info@loknayakjaiprakash.ac.in,admissions@loknayakjaiprakash.ac.in,placement@loknayakjaiprakash.ac.in,+91-80-993-9884,Other Engineering Branches,B.Tech,60,360,1998,Rural,Yes,Yes
1-44640965029,1-44640965029,U-0698,PRABHU KAILASH POLYTECHNIC,Active,Bihar,Aurangabad,Aurangabad,SANATHUA MORE AURANGABAD BIHAR,800520,19.894135,75.360972,Private-Self Financing,"State Board of Technical Education, Patna",Approved,Approved,Not Accredited,No,,Tier 3,http://www.prabhukailash.ac.in,info@prabhukailash.ac.in,admissions@prabhukailash.ac.in,placement@prabhukailash.ac.in,+91-80-591-0897,Civil Engineering,Diploma,120,360,1994,Urban,Yes,Yes
1-44640965029,1-44640965029,U-0698,PRABHU KAILASH POLYTECHNIC,Active,Bihar,Aurangabad,Aurangabad,SANATHUA MORE AURANGABAD BIHAR,800520,19.894135,75.360972,Private-Self Financing,"State Board of Technical Education, Patna",Approved,Approved,Not Accredited,No,,Tier 3,http://www.prabhukailash.ac.in,info@prabhukailash.ac.in,admissions@prabhukailash.ac.in,placement@prabhukailash.ac.in,+91-80-591-0897,Computer Science Engineering (CSE),Diploma,60,360,1994,Urban,Yes,Yes
1-44640965029,1-44640965029,U-0698,PRABHU KAILASH POLYTECHNIC,Active,Bihar,Aurangabad,Aurangabad,SANATHUA MORE AURANGABAD BIHAR,800520,19.894135,75.360972,Private-Self Financing,"State Board of Technical Education, Patna",Approved,Approved,Not Accredited,No,,Tier 3,http://www.prabhukailash.ac.in,info@prabhukailash.ac.in,admissions@prabhukailash.ac.in,placement@prabhukailash.ac.in,+91-80-591-0897,Mechanical Engineering,Diploma,60,360,1994,Urban,Yes,Yes
1-44640965029,1-44640965029,U-0698,PRABHU KAILASH POLYTECHNIC,Active,Bihar,Aurangabad,Aurangabad,SANATHUA MORE AURANGABAD BIHAR,800520,19.894135,75.360972,Private-Self Financing,"State Board of Technical Education, Patna",Approved,Approved,Not Accredited,No,,Tier 3,http://www.prabhukailash.ac.in,info@prabhukailash.ac.in,admissions@prabhukailash.ac.in,placement@prabhukailash.ac.in,+91-80-591-0897,Electrical & Electronics Engineering (EEE),Diploma,60,360,1994,Urban,Yes,Yes
1-44640965029,1-44640965029,U-0698,PRABHU KAILASH POLYTECHNIC,Active,Bihar,Aurangabad,Aurangabad,SANATHUA MORE AURANGABAD BIHAR,800520,19.894135,75.360972,Private-Self Financing,"State Board of Technical Education, Patna",Approved,Approved,Not Accredited,No,,Tier 3,http://www.prabhukailash.ac.in,info@prabhukailash.ac.in,admissions@prabhukailash.ac.in,placement@prabhukailash.ac.in,+91-80-591-0897,Electrical Engineering,Diploma,60,360,1994,Urban,Yes,Yes
1-44641051789,1-44641051789,U-0698,SATYAM INTERNATIONAL INSTITUTE OF TECHNOLOGY,Active,Bihar,Patna,Patna,"GAURICHAK, PATNA, 800007",800007,25.577503,85.144209,Private-Self Financing,"State Board of Technical Education, Patna",Approved,Approved,A+,No,,Tier 3,http://www.satyaminternational.ac.in,info@satyaminternational.ac.in,admissions@satyaminternational.ac.in,placement@satyaminternational.ac.in,+91-80-142-7370,Mechanical Engineering,Diploma,60,360,1984,Rural,Yes,Yes
1-44641051789,1-44641051789,U-0698,SATYAM INTERNATIONAL INSTITUTE OF TECHNOLOGY,Active,Bihar,Patna,Patna,"GAURICHAK, PATNA, 800007",800007,25.577503,85.144209,Private-Self Financing,"State Board of Technical Education, Patna",Approved,Approved,A+,No,,Tier 3,http://www.satyaminternational.ac.in,info@satyaminternational.ac.in,admissions@satyaminternational.ac.in,placement@satyaminternational.ac.in,+91-80-142-7370,Electrical & Electronics Engineering (EEE),Diploma,60,360,1984,Rural,Yes,Yes
1-44641051789,1-44641051789,U-0698,SATYAM INTERNATIONAL INSTITUTE OF TECHNOLOGY,Active,Bihar,Patna,Patna,"GAURICHAK, PATNA, 800007",800007,25.577503,85.144209,Private-Self Financing,"State Board of Technical Education, Patna",Approved,Approved,A+,No,,Tier 3,http://www.satyaminternational.ac.in,info@satyaminternational.ac.in,admissions@satyaminternational.ac.in,placement@satyaminternational.ac.in,+91-80-142-7370,Computer Science Engineering (CSE),Diploma,60,360,1984,Rural,Yes,Yes
1-44641051789,1-44641051789,U-0698,SATYAM INTERNATIONAL INSTITUTE OF TECHNOLOGY,Active,Bihar,Patna,Patna,"GAURICHAK, PATNA, 800007",800007,25.577503,85.144209,Private-Self Financing,"State Board of Technical Education, Patna",Approved,Approved,A+,No,,Tier 3,http://www.satyaminternational.ac.in,info@satyaminternational.ac.in,admissions@satyaminternational.ac.in,placement@satyaminternational.ac.in,+91-80-142-7370,Civil Engineering,Diploma,90,360,1984,Rural,Yes,Yes
1-44641051789,1-44641051789,U-0698,SATYAM INTERNATIONAL INSTITUTE OF TECHNOLOGY,Active,Bihar,Patna,Patna,"GAURICHAK, PATNA, 800007",800007,25.577503,85.144209,Private-Self Financing,"State Board of Technical Education, Patna",Approved,Approved,A+,No,,Tier 3,http://www.satyaminternational.ac.in,info@satyaminternational.ac.in,admissions@satyaminternational.ac.in,placement@satyaminternational.ac.in,+91-80-142-7370,Electrical Engineering,Diploma,90,360,1984,Rural,Yes,Yes
1-44641053437,1-44641053437,U-0698,GOVT. WOMEN'S POLYTECHNIC,Active,Bihar,Patna,Patna,P.O.- SAHAI NAGAR PHULWARISHARIF,800155,25.604393,85.146904,Government,"State Board of Technical Education, Patna",Approved,Approved,B,No,,Tier 3,http://www.govt.ac.in,info@govt.ac.in,admissions@govt.ac.in,placement@govt.ac.in,+91-80-270-5723,Information Technology (IT),Diploma,90,360,1985,Urban,Yes,Yes
1-44641053437,1-44641053437,U-0698,GOVT. WOMEN'S POLYTECHNIC,Active,Bihar,Patna,Patna,P.O.- SAHAI NAGAR PHULWARISHARIF,800155,25.604393,85.146904,Government,"State Board of Technical Education, Patna",Approved,Approved,B,No,,Tier 3,http://www.govt.ac.in,info@govt.ac.in,admissions@govt.ac.in,placement@govt.ac.in,+91-80-270-5723,Computer Science Engineering (CSE),Diploma,60,360,1985,Urban,Yes,Yes
1-44641053437,1-44641053437,U-0698,GOVT. WOMEN'S POLYTECHNIC,Active,Bihar,Patna,Patna,P.O.- SAHAI NAGAR PHULWARISHARIF,800155,25.604393,85.146904,Government,"State Board of Technical Education, Patna",Approved,Approved,B,No,,Tier 3,http://www.govt.ac.in,info@govt.ac.in,admissions@govt.ac.in,placement@govt.ac.in,+91-80-270-5723,Other Engineering Branches,Diploma,90,360,1985,Urban,Yes,Yes
1-44641053437,1-44641053437,U-0698,GOVT. WOMEN'S POLYTECHNIC,Active,Bihar,Patna,Patna,P.O.- SAHAI NAGAR PHULWARISHARIF,800155,25.604393,85.146904,Government,"State Board of Technical Education, Patna",Approved,Approved,B,No,,Tier 3,http://www.govt.ac.in,info@govt.ac.in,admissions@govt.ac.in,placement@govt.ac.in,+91-80-270-5723,Electrical Engineering,Diploma,60,360,1985,Urban,Yes,Yes
1-44641053437,1-44641053437,U-0698,GOVT. WOMEN'S POLYTECHNIC,Active,Bihar,Patna,Patna,P.O.- SAHAI NAGAR PHULWARISHARIF,800155,25.604393,85.146904,Government,"State Board of Technical Education, Patna",Approved,Approved,B,No,,Tier 3,http://www.govt.ac.in,info@govt.ac.in,admissions@govt.ac.in,placement@govt.ac.in,+91-80-270-5723,Civil Engineering,Diploma,60,360,1985,Urban,Yes,Yes
1-44641473840,1-44641473840,U-0698,GOVT. POLYTECHNIC,Active,Bihar,Saran,Saran,MAIN ROAD MARHOWARH,800389,25.087827,85.296932,Government,"State Board of Technical Education, Patna",Approved,Approved,A+,Yes,,Tier 2,http://www.govt.ac.in,info@govt.ac.in,admissions@govt.ac.in,placement@govt.ac.in,+91-80-491-8808,Computer Science Engineering (CSE),Diploma,60,360,2019,Urban,Yes,Yes
1-44641473840,1-44641473840,U-0698,GOVT. POLYTECHNIC,Active,Bihar,Saran,Saran,MAIN ROAD MARHOWARH,800389,25.087827,85.296932,Government,"State Board of Technical Education, Patna",Approved,Approved,A+,Yes,,Tier 2,http://www.govt.ac.in,info@govt.ac.in,admissions@govt.ac.in,placement@govt.ac.in,+91-80-491-8808,Civil Engineering,Diploma,60,360,2019,Urban,Yes,Yes
1-44641473840,1-44641473840,U-0698,GOVT. POLYTECHNIC,Active,Bihar,Saran,Saran,MAIN ROAD MARHOWARH,800389,25.087827,85.296932,Government,"State Board of Technical Education, Patna",Approved,Approved,A+,Yes,,Tier 2,http://www.govt.ac.in,info@govt.ac.in,admissions@govt.ac.in,placement@govt.ac.in,+91-80-491-8808,Mechanical Engineering,Diploma,60,360,2019,Urban,Yes,Yes
1-44641473840,1-44641473840,U-0698,GOVT. POLYTECHNIC,Active,Bihar,Saran,Saran,MAIN ROAD MARHOWARH,800389,25.087827,85.296932,Government,"State Board of Technical Education, Patna",Approved,Approved,A+,Yes,,Tier 2,http://www.govt.ac.in,info@govt.ac.in,admissions@govt.ac.in,placement@govt.ac.in,+91-80-491-8808,Automobile Engineering,Diploma,60,360,2019,Urban,Yes,Yes
1-44641473840,1-44641473840,U-0698,GOVT. POLYTECHNIC,Active,Bihar,Saran,Saran,MAIN ROAD MARHOWARH,800389,25.087827,85.296932,Government,"State Board of Technical Education, Patna",Approved,Approved,A+,Yes,,Tier 2,http://www.govt.ac.in,info@govt.ac.in,admissions@govt.ac.in,placement@govt.ac.in,+91-80-491-8808,Electrical Engineering,Diploma,60,360,2019,Urban,Yes,Yes
1-44641473840,1-44641473840,U-0698,GOVT. POLYTECHNIC,Active,Bihar,Saran,Saran,MAIN ROAD MARHOWARH,800389,25.087827,85.296932,Government,"State Board of Technical Education, Patna",Approved,Approved,A+,Yes,,Tier 2,http://www.govt.ac.in,info@govt.ac.in,admissions@govt.ac.in,placement@govt.ac.in,+91-80-491-8808,Other Engineering Branches,Diploma,60,360,2019,Urban,Yes,Yes
1-44641059372,1-44641059372,U-0845,EXALT COLLEGE OF ENGINEERING & TECHNOLOGY,Active,Bihar,Vaishali,Vaishali,KAHAULI TEH. GARAUL MAHUA,800990,25.103795,85.317219,Private-Self Financing,"Bihar Engineering University (BEU), Patna",Approved,Approved,B,No,,Tier 3,http://www.exalt.ac.in,info@exalt.ac.in,admissions@exalt.ac.in,placement@exalt.ac.in,+91-80-161-6154,Civil Engineering,B.Tech,60,360,2020,Urban,Yes,Yes
1-44641059372,1-44641059372,U-0845,EXALT COLLEGE OF ENGINEERING & TECHNOLOGY,Active,Bihar,Vaishali,Vaishali,KAHAULI TEH. GARAUL MAHUA,800990,25.103795,85.317219,Private-Self Financing,"Bihar Engineering University (BEU), Patna",Approved,Approved,B,No,,Tier 3,http://www.exalt.ac.in,info@exalt.ac.in,admissions@exalt.ac.in,placement@exalt.ac.in,+91-80-161-6154,Mechanical Engineering,B.Tech,30,360,2020,Urban,Yes,Yes
1-44641059372,1-44641059372,U-0845,EXALT COLLEGE OF ENGINEERING & TECHNOLOGY,Active,Bihar,Vaishali,Vaishali,KAHAULI TEH. GARAUL MAHUA,800990,25.103795,85.317219,Private-Self Financing,"Bihar Engineering University (BEU), Patna",Approved,Approved,B,No,,Tier 3,http://www.exalt.ac.in,info@exalt.ac.in,admissions@exalt.ac.in,placement@exalt.ac.in,+91-80-161-6154,Electrical Engineering,B.Tech,60,360,2020,Urban,Yes,Yes
1-44641059372,1-44641059372,U-0845,EXALT COLLEGE OF ENGINEERING & TECHNOLOGY,Active,Bihar,Vaishali,Vaishali,KAHAULI TEH. GARAUL MAHUA,800990,25.103795,85.317219,Private-Self Financing,"Bihar Engineering University (BEU), Patna",Approved,Approved,B,No,,Tier 3,http://www.exalt.ac.in,info@exalt.ac.in,admissions@exalt.ac.in,placement@exalt.ac.in,+91-80-161-6154,Electronics & Communication Engineering (ECE),B.Tech,60,360,2020,Urban,Yes,Yes
1-44641059372,1-44641059372,U-0845,EXALT COLLEGE OF ENGINEERING & TECHNOLOGY,Active,Bihar,Vaishali,Vaishali,KAHAULI TEH. GARAUL MAHUA,800990,25.103795,85.317219,Private-Self Financing,"Bihar Engineering University (BEU), Patna",Approved,Approved,B,No,,Tier 3,http://www.exalt.ac.in,info@exalt.ac.in,admissions@exalt.ac.in,placement@exalt.ac.in,+91-80-161-6154,Other Engineering Branches,B.Tech,30,360,2020,Urban,Yes,Yes
1-44641059372,1-44641059372,U-0845,EXALT COLLEGE OF ENGINEERING & TECHNOLOGY,Active,Bihar,Vaishali,Vaishali,KAHAULI TEH. GARAUL MAHUA,800990,25.103795,85.317219,Private-Self Financing,"Bihar Engineering University (BEU), Patna",Approved,Approved,B,No,,Tier 3,http://www.exalt.ac.in,info@exalt.ac.in,admissions@exalt.ac.in,placement@exalt.ac.in,+91-80-161-6154,Computer Science Engineering (CSE),B.Tech,120,360,2020,Urban,Yes,Yes
1-44641267955,1-44641267955,U-0846,BUDDHA INSTITUTE OF TECHNOLOGY,Active,Bihar,Gaya,Gaya,"INDUSTRIAL AREA, GAYA, BEHIND RITURAJ COLD STORAGE, GAYA-DOBHI ROAD",800898,25.079718,85.316991,Private-Self Financing,"Bihar Engineering University, Patna",Approved,Approved,B,Yes,,Tier 3,http://www.buddha.ac.in,info@buddha.ac.in,admissions@buddha.ac.in,placement@buddha.ac.in,+91-80-151-7720,Computer Science Engineering (CSE),B.Tech,60,180,2006,Urban,No,Yes
1-44641267955,1-44641267955,U-0846,BUDDHA INSTITUTE OF TECHNOLOGY,Active,Bihar,Gaya,Gaya,"INDUSTRIAL AREA, GAYA, BEHIND RITURAJ COLD STORAGE, GAYA-DOBHI ROAD",800898,25.079718,85.316991,Private-Self Financing,"Bihar Engineering University, Patna",Approved,Approved,B,Yes,,Tier 3,http://www.buddha.ac.in,info@buddha.ac.in,admissions@buddha.ac.in,placement@buddha.ac.in,+91-80-151-7720,Civil Engineering,B.Tech,60,180,2006,Urban,No,Yes
1-44641267955,1-44641267955,U-0846,BUDDHA INSTITUTE OF TECHNOLOGY,Active,Bihar,Gaya,Gaya,"INDUSTRIAL AREA, GAYA, BEHIND RITURAJ COLD STORAGE, GAYA-DOBHI ROAD",800898,25.079718,85.316991,Private-Self Financing,"Bihar Engineering University, Patna",Approved,Approved,B,Yes,,Tier 3,http://www.buddha.ac.in,info@buddha.ac.in,admissions@buddha.ac.in,placement@buddha.ac.in,+91-80-151-7720,Electrical Engineering,B.Tech,60,180,2006,Urban,No,Yes
1-44641109685,1-44641109685,U-0698,"GOVERMENT POLYTECHNIC,SAHARSA",Active,Bihar,Saharsa,Saharsa,"GANGJALA,SAHARSA",800078,25.106441,85.313072,Government,"State Board of Technical Education, Patna",Approved,Approved,B,No,,Tier 3,http://www.govermentpolytechnicsaharsa.ac.in,info@govermentpolytechnicsaharsa.ac.in,admissions@govermentpolytechnicsaharsa.ac.in,placement@govermentpolytechnicsaharsa.ac.in,+91-80-272-5887,Mechanical Engineering,Diploma,60,360,1990,Rural,Yes,Yes
1-44641109685,1-44641109685,U-0698,"GOVERMENT POLYTECHNIC,SAHARSA",Active,Bihar,Saharsa,Saharsa,"GANGJALA,SAHARSA",800078,25.106441,85.313072,Government,"State Board of Technical Education, Patna",Approved,Approved,B,No,,Tier 3,http://www.govermentpolytechnicsaharsa.ac.in,info@govermentpolytechnicsaharsa.ac.in,admissions@govermentpolytechnicsaharsa.ac.in,placement@govermentpolytechnicsaharsa.ac.in,+91-80-272-5887,Other Engineering Branches,Diploma,60,360,1990,Rural,Yes,Yes
1-44641109685,1-44641109685,U-0698,"GOVERMENT POLYTECHNIC,SAHARSA",Active,Bihar,Saharsa,Saharsa,"GANGJALA,SAHARSA",800078,25.106441,85.313072,Government,"State Board of Technical Education, Patna",Approved,Approved,B,No,,Tier 3,http://www.govermentpolytechnicsaharsa.ac.in,info@govermentpolytechnicsaharsa.ac.in,admissions@govermentpolytechnicsaharsa.ac.in,placement@govermentpolytechnicsaharsa.ac.in,+91-80-272-5887,Electrical Engineering,Diploma,60,360,1990,Rural,Yes,Yes
1-44641109685,1-44641109685,U-0698,"GOVERMENT POLYTECHNIC,SAHARSA",Active,Bihar,Saharsa,Saharsa,"GANGJALA,SAHARSA",800078,25.106441,85.313072,Government,"State Board of Technical Education, Patna",Approved,Approved,B,No,,Tier 3,http://www.govermentpolytechnicsaharsa.ac.in,info@govermentpolytechnicsaharsa.ac.in,admissions@govermentpolytechnicsaharsa.ac.in,placement@govermentpolytechnicsaharsa.ac.in,+91-80-272-5887,Computer Science Engineering (CSE),Diploma,60,360,1990,Rural,Yes,Yes
1-44641109685,1-44641109685,U-0698,"GOVERMENT POLYTECHNIC,SAHARSA",Active,Bihar,Saharsa,Saharsa,"GANGJALA,SAHARSA",800078,25.106441,85.313072,Government,"State Board of Technical Education, Patna",Approved,Approved,B,No,,Tier 3,http://www.govermentpolytechnicsaharsa.ac.in,info@govermentpolytechnicsaharsa.ac.in,admissions@govermentpolytechnicsaharsa.ac.in,placement@govermentpolytechnicsaharsa.ac.in,+91-80-272-5887,Civil Engineering,Diploma,90,360,1990,Rural,Yes,Yes
1-44641109685,1-44641109685,U-0698,"GOVERMENT POLYTECHNIC,SAHARSA",Active,Bihar,Saharsa,Saharsa,"GANGJALA,SAHARSA",800078,25.106441,85.313072,Government,"State Board of Technical Education, Patna",Approved,Approved,B,No,,Tier 3,http://www.govermentpolytechnicsaharsa.ac.in,info@govermentpolytechnicsaharsa.ac.in,admissions@govermentpolytechnicsaharsa.ac.in,placement@govermentpolytechnicsaharsa.ac.in,+91-80-272-5887,Automobile Engineering,Diploma,30,360,1990,Rural,Yes,Yes
1-44641155400,1-44641155400,U-0508,K. K. POLYTECHNIC,Active,Bihar,Nalanda,Nalanda,AT - BERAUTI PO - NEPURA PS - DEEP NAGAR BIHARSHARIF DIST - NALANDA,800534,25.078601,85.330785,Private-Self Financing,K. K. UNIVERSITY,Approved,Approved,B+,No,,Tier 3,http://www.kk.ac.in,info@kk.ac.in,admissions@kk.ac.in,placement@kk.ac.in,+91-80-104-9329,Electrical Engineering,Diploma,120,480,2021,Rural,Yes,Yes
1-44641155400,1-44641155400,U-0508,K. K. POLYTECHNIC,Active,Bihar,Nalanda,Nalanda,AT - BERAUTI PO - NEPURA PS - DEEP NAGAR BIHARSHARIF DIST - NALANDA,800534,25.078601,85.330785,Private-Self Financing,K. K. UNIVERSITY,Approved,Approved,B+,No,,Tier 3,http://www.kk.ac.in,info@kk.ac.in,admissions@kk.ac.in,placement@kk.ac.in,+91-80-104-9329,Civil Engineering,Diploma,120,480,2021,Rural,Yes,Yes
1-44641155400,1-44641155400,U-0508,K. K. POLYTECHNIC,Active,Bihar,Nalanda,Nalanda,AT - BERAUTI PO - NEPURA PS - DEEP NAGAR BIHARSHARIF DIST - NALANDA,800534,25.078601,85.330785,Private-Self Financing,K. K. UNIVERSITY,Approved,Approved,B+,No,,Tier 3,http://www.kk.ac.in,info@kk.ac.in,admissions@kk.ac.in,placement@kk.ac.in,+91-80-104-9329,Other Engineering Branches,Diploma,30,480,2021,Rural,Yes,Yes
1-44641155400,1-44641155400,U-0508,K. K. POLYTECHNIC,Active,Bihar,Nalanda,Nalanda,AT - BERAUTI PO - NEPURA PS - DEEP NAGAR BIHARSHARIF DIST - NALANDA,800534,25.078601,85.330785,Private-Self Financing,K. K. UNIVERSITY,Approved,Approved,B+,No,,Tier 3,http://www.kk.ac.in,info@kk.ac.in,admissions@kk.ac.in,placement@kk.ac.in,+91-80-104-9329,Automobile Engineering,Diploma,30,480,2021,Rural,Yes,Yes
1-44641155400,1-44641155400,U-0508,K. K. POLYTECHNIC,Active,Bihar,Nalanda,Nalanda,AT - BERAUTI PO - NEPURA PS - DEEP NAGAR BIHARSHARIF DIST - NALANDA,800534,25.078601,85.330785,Private-Self Financing,K. K. UNIVERSITY,Approved,Approved,B+,No,,Tier 3,http://www.kk.ac.in,info@kk.ac.in,admissions@kk.ac.in,placement@kk.ac.in,+91-80-104-9329,Mechanical Engineering,Diploma,180,480,2021,Rural,Yes,Yes
1-44641036739,1-44641036739,U-0698,"GOVT. POLYTECHNIC, LAKHISARAI",Active,Bihar,Lakhisarai,Lakhisarai,NORTH OF VIDYA PEETH CHOWK LAKHISARAI,800074,25.082798,85.308604,Government,"State Board of Technical Education, Patna",Approved,Approved,B,No,,Tier 3,http://www.govtlakhisarai.ac.in,info@govtlakhisarai.ac.in,admissions@govtlakhisarai.ac.in,placement@govtlakhisarai.ac.in,+91-80-280-9443,Civil Engineering,Diploma,30,120,2020,Urban,Yes,Yes
1-44641036739,1-44641036739,U-0698,"GOVT. POLYTECHNIC, LAKHISARAI",Active,Bihar,Lakhisarai,Lakhisarai,NORTH OF VIDYA PEETH CHOWK LAKHISARAI,800074,25.082798,85.308604,Government,"State Board of Technical Education, Patna",Approved,Approved,B,No,,Tier 3,http://www.govtlakhisarai.ac.in,info@govtlakhisarai.ac.in,admissions@govtlakhisarai.ac.in,placement@govtlakhisarai.ac.in,+91-80-280-9443,Other Engineering Branches,Diploma,30,120,2020,Urban,Yes,Yes
1-44641036739,1-44641036739,U-0698,"GOVT. POLYTECHNIC, LAKHISARAI",Active,Bihar,Lakhisarai,Lakhisarai,NORTH OF VIDYA PEETH CHOWK LAKHISARAI,800074,25.082798,85.308604,Government,"State Board of Technical Education, Patna",Approved,Approved,B,No,,Tier 3,http://www.govtlakhisarai.ac.in,info@govtlakhisarai.ac.in,admissions@govtlakhisarai.ac.in,placement@govtlakhisarai.ac.in,+91-80-280-9443,Electrical Engineering,Diploma,30,120,2020,Urban,Yes,Yes
1-44641036739,1-44641036739,U-0698,"GOVT. POLYTECHNIC, LAKHISARAI",Active,Bihar,Lakhisarai,Lakhisarai,NORTH OF VIDYA PEETH CHOWK LAKHISARAI,800074,25.082798,85.308604,Government,"State Board of Technical Education, Patna",Approved,Approved,B,No,,Tier 3,http://www.govtlakhisarai.ac.in,info@govtlakhisarai.ac.in,admissions@govtlakhisarai.ac.in,placement@govtlakhisarai.ac.in,+91-80-280-9443,Mechanical Engineering,Diploma,30,120,2020,Urban,Yes,Yes
1-44640904234,1-44640904234,U-0698,GANGA MEMORIAL COLLEGE OF POLYTECHNIC,Active,Bihar,Nalanda,Nalanda,"AT- NH 31, VILLAGE - KHARUARA PO- HARHAUT PS- HARNAUT DIST. - NALANDA",800534,25.111517,85.328478,Private-Self Financing,"State Board of Technical Education, Patna",Approved,Approved,A+,No,,Tier 3,http://www.gangamemorial.ac.in,info@gangamemorial.ac.in,admissions@gangamemorial.ac.in,placement@gangamemorial.ac.in,+91-80-485-5138,Civil Engineering,Diploma,90,360,1994,Rural,Yes,Yes
1-44640904234,1-44640904234,U-0698,GANGA MEMORIAL COLLEGE OF POLYTECHNIC,Active,Bihar,Nalanda,Nalanda,"AT- NH 31, VILLAGE - KHARUARA PO- HARHAUT PS- HARNAUT DIST. - NALANDA",800534,25.111517,85.328478,Private-Self Financing,"State Board of Technical Education, Patna",Approved,Approved,A+,No,,Tier 3,http://www.gangamemorial.ac.in,info@gangamemorial.ac.in,admissions@gangamemorial.ac.in,placement@gangamemorial.ac.in,+91-80-485-5138,Mechanical Engineering,Diploma,60,360,1994,Rural,Yes,Yes
1-44640904234,1-44640904234,U-0698,GANGA MEMORIAL COLLEGE OF POLYTECHNIC,Active,Bihar,Nalanda,Nalanda,"AT- NH 31, VILLAGE - KHARUARA PO- HARHAUT PS- HARNAUT DIST. - NALANDA",800534,25.111517,85.328478,Private-Self Financing,"State Board of Technical Education, Patna",Approved,Approved,A+,No,,Tier 3,http://www.gangamemorial.ac.in,info@gangamemorial.ac.in,admissions@gangamemorial.ac.in,placement@gangamemorial.ac.in,+91-80-485-5138,Electrical Engineering,Diploma,90,360,1994,Rural,Yes,Yes
1-44640904234,1-44640904234,U-0698,GANGA MEMORIAL COLLEGE OF POLYTECHNIC,Active,Bihar,Nalanda,Nalanda,"AT- NH 31, VILLAGE - KHARUARA PO- HARHAUT PS- HARNAUT DIST. - NALANDA",800534,25.111517,85.328478,Private-Self Financing,"State Board of Technical Education, Patna",Approved,Approved,A+,No,,Tier 3,http://www.gangamemorial.ac.in,info@gangamemorial.ac.in,admissions@gangamemorial.ac.in,placement@gangamemorial.ac.in,+91-80-485-5138,Other Engineering Branches,Diploma,30,360,1994,Rural,Yes,Yes
1-44640904234,1-44640904234,U-0698,GANGA MEMORIAL COLLEGE OF POLYTECHNIC,Active,Bihar,Nalanda,Nalanda,"AT- NH 31, VILLAGE - KHARUARA PO- HARHAUT PS- HARNAUT DIST. - NALANDA",800534,25.111517,85.328478,Private-Self Financing,"State Board of Technical Education, Patna",Approved,Approved,A+,No,,Tier 3,http://www.gangamemorial.ac.in,info@gangamemorial.ac.in,admissions@gangamemorial.ac.in,placement@gangamemorial.ac.in,+91-80-485-5138,Computer Science Engineering (CSE),Diploma,90,360,1994,Rural,Yes,Yes
1-44642319793,1-44642319793,U-0846,SIWAN COLLEGE OF ENGINEERING AND MANAGEMENT,Active,Bihar,Siwan,Siwan,ISLAMIA NAGAR SURAPUR SIWAN,800873,25.105015,85.312357,Private-Self Financing,"Bihar Engineering University, Patna",Approved,Approved,A,No,,Tier 3,http://www.siwanmanagement.ac.in,info@siwanmanagement.ac.in,admissions@siwanmanagement.ac.in,placement@siwanmanagement.ac.in,+91-80-212-7611,Mechanical Engineering,B.Tech,45,225,2016,Urban,Yes,No
1-44642319793,1-44642319793,U-0846,SIWAN COLLEGE OF ENGINEERING AND MANAGEMENT,Active,Bihar,Siwan,Siwan,ISLAMIA NAGAR SURAPUR SIWAN,800873,25.105015,85.312357,Private-Self Financing,"Bihar Engineering University, Patna",Approved,Approved,A,No,,Tier 3,http://www.siwanmanagement.ac.in,info@siwanmanagement.ac.in,admissions@siwanmanagement.ac.in,placement@siwanmanagement.ac.in,+91-80-212-7611,Electronics & Communication Engineering (ECE),B.Tech,45,225,2016,Urban,Yes,No
1-44642319793,1-44642319793,U-0846,SIWAN COLLEGE OF ENGINEERING AND MANAGEMENT,Active,Bihar,Siwan,Siwan,ISLAMIA NAGAR SURAPUR SIWAN,800873,25.105015,85.312357,Private-Self Financing,"Bihar Engineering University, Patna",Approved,Approved,A,No,,Tier 3,http://www.siwanmanagement.ac.in,info@siwanmanagement.ac.in,admissions@siwanmanagement.ac.in,placement@siwanmanagement.ac.in,+91-80-212-7611,Computer Science Engineering (CSE),B.Tech,45,225,2016,Urban,Yes,No
1-44642319793,1-44642319793,U-0846,SIWAN COLLEGE OF ENGINEERING AND MANAGEMENT,Active,Bihar,Siwan,Siwan,ISLAMIA NAGAR SURAPUR SIWAN,800873,25.105015,85.312357,Private-Self Financing,"Bihar Engineering University, Patna",Approved,Approved,A,No,,Tier 3,http://www.siwanmanagement.ac.in,info@siwanmanagement.ac.in,admissions@siwanmanagement.ac.in,placement@siwanmanagement.ac.in,+91-80-212-7611,Electrical Engineering,B.Tech,45,225,2016,Urban,Yes,No
1-44642319793,1-44642319793,U-0846,SIWAN COLLEGE OF ENGINEERING AND MANAGEMENT,Active,Bihar,Siwan,Siwan,ISLAMIA NAGAR SURAPUR SIWAN,800873,25.105015,85.312357,Private-Self Financing,"Bihar Engineering University, Patna",Approved,Approved,A,No,,Tier 3,http://www.siwanmanagement.ac.in,info@siwanmanagement.ac.in,admissions@siwanmanagement.ac.in,placement@siwanmanagement.ac.in,+91-80-212-7611,Civil Engineering,B.Tech,45,225,2016,Urban,Yes,No
1-44642338742,1-44642338742,U-0992,CENTRAL INSTITUTE OF PETROCHEMICALS ENGINEERING & TECHNOLOGY (CIPET),Active,Bihar,Vaishali,Vaishali,(DEPARTMENT OF CHEMICALS & PETROCHEMICALS MINISTRY OF CHEMICALS & FERTILISERS GOVT. OF INDIA) INDUSTRIAL AREA HAJIPUR VAISHALI - 844101 BIHAR,844101,25.08918,85.294974,Government,NOT APPLICABLE,Approved,Approved,B,No,,Tier 3,http://www.petrochemicalscipet.ac.in,info@petrochemicalscipet.ac.in,admissions@petrochemicalscipet.ac.in,placement@petrochemicalscipet.ac.in,+91-80-548-6091,Other Engineering Branches,Diploma,240,300,1986,Urban,Yes,No
1-44642338742,1-44642338742,U-0992,CENTRAL INSTITUTE OF PETROCHEMICALS ENGINEERING & TECHNOLOGY (CIPET),Active,Bihar,Vaishali,Vaishali,(DEPARTMENT OF CHEMICALS & PETROCHEMICALS MINISTRY OF CHEMICALS & FERTILISERS GOVT. OF INDIA) INDUSTRIAL AREA HAJIPUR VAISHALI - 844101 BIHAR,844101,25.08918,85.294974,Government,NOT APPLICABLE,Approved,Approved,B,No,,Tier 3,http://www.petrochemicalscipet.ac.in,info@petrochemicalscipet.ac.in,admissions@petrochemicalscipet.ac.in,placement@petrochemicalscipet.ac.in,+91-80-548-6091,Other Engineering Branches,M.Tech,60,300,1986,Urban,Yes,No
1-44641972864,1-44641972864,U-0992,DR. APJ ABDUL KALAM WOMENS INSTITUTE OF TECHNOLOGY,Active,Bihar,Darbhanga,Darbhanga,"NAVODAYA COMPLEX, KAMESHWAR NAGAR, L.N.MITHILA UNIVERSITY, DARBHANGA",800350,25.093249,85.331959,State Government University,NOT APPLICABLE,Approved,Approved,B++,Yes,,Tier 3,http://www.drapjabdul.ac.in,info@drapjabdul.ac.in,admissions@drapjabdul.ac.in,placement@drapjabdul.ac.in,+91-80-719-2824,Information Technology (IT),B.Tech,30,120,2016,Urban,Yes,Yes
1-44641972864,1-44641972864,U-0992,DR. APJ ABDUL KALAM WOMENS INSTITUTE OF TECHNOLOGY,Active,Bihar,Darbhanga,Darbhanga,"NAVODAYA COMPLEX, KAMESHWAR NAGAR, L.N.MITHILA UNIVERSITY, DARBHANGA",800350,25.093249,85.331959,State Government University,NOT APPLICABLE,Approved,Approved,B++,Yes,,Tier 3,http://www.drapjabdul.ac.in,info@drapjabdul.ac.in,admissions@drapjabdul.ac.in,placement@drapjabdul.ac.in,+91-80-719-2824,Computer Science Engineering (CSE),B.Tech,60,120,2016,Urban,Yes,Yes
1-44641972864,1-44641972864,U-0992,DR. APJ ABDUL KALAM WOMENS INSTITUTE OF TECHNOLOGY,Active,Bihar,Darbhanga,Darbhanga,"NAVODAYA COMPLEX, KAMESHWAR NAGAR, L.N.MITHILA UNIVERSITY, DARBHANGA",800350,25.093249,85.331959,State Government University,NOT APPLICABLE,Approved,Approved,B++,Yes,,Tier 3,http://www.drapjabdul.ac.in,info@drapjabdul.ac.in,admissions@drapjabdul.ac.in,placement@drapjabdul.ac.in,+91-80-719-2824,Other Engineering Branches,B.Tech,30,120,2016,Urban,Yes,Yes
1-44643138119,1-44643138119,U-0846,"NALANDA COLLEGE OF ENGINEERING, CHANDI",Active,Bihar,Nalanda,Nalanda,"NALANDA COLLEGE OF ENGINEERING, CHANDI, NALANDA",800534,25.083141,85.326655,Government,"Bihar Engineering University, Patna",Approved,Approved,B++,Yes,,Tier 3,http://www.nalandachandi.ac.in,info@nalandachandi.ac.in,admissions@nalandachandi.ac.in,placement@nalandachandi.ac.in,+91-80-295-3174,Mechanical Engineering,B.Tech,60,420,2012,Urban,Yes,Yes
1-44643138119,1-44643138119,U-0846,"NALANDA COLLEGE OF ENGINEERING, CHANDI",Active,Bihar,Nalanda,Nalanda,"NALANDA COLLEGE OF ENGINEERING, CHANDI, NALANDA",800534,25.083141,85.326655,Government,"Bihar Engineering University, Patna",Approved,Approved,B++,Yes,,Tier 3,http://www.nalandachandi.ac.in,info@nalandachandi.ac.in,admissions@nalandachandi.ac.in,placement@nalandachandi.ac.in,+91-80-295-3174,Civil Engineering,B.Tech,60,420,2012,Urban,Yes,Yes
1-44643138119,1-44643138119,U-0846,"NALANDA COLLEGE OF ENGINEERING, CHANDI",Active,Bihar,Nalanda,Nalanda,"NALANDA COLLEGE OF ENGINEERING, CHANDI, NALANDA",800534,25.083141,85.326655,Government,"Bihar Engineering University, Patna",Approved,Approved,B++,Yes,,Tier 3,http://www.nalandachandi.ac.in,info@nalandachandi.ac.in,admissions@nalandachandi.ac.in,placement@nalandachandi.ac.in,+91-80-295-3174,Electrical & Electronics Engineering (EEE),B.Tech,60,420,2012,Urban,Yes,Yes
1-44643138119,1-44643138119,U-0846,"NALANDA COLLEGE OF ENGINEERING, CHANDI",Active,Bihar,Nalanda,Nalanda,"NALANDA COLLEGE OF ENGINEERING, CHANDI, NALANDA",800534,25.083141,85.326655,Government,"Bihar Engineering University, Patna",Approved,Approved,B++,Yes,,Tier 3,http://www.nalandachandi.ac.in,info@nalandachandi.ac.in,admissions@nalandachandi.ac.in,placement@nalandachandi.ac.in,+91-80-295-3174,Computer Science Engineering (CSE),B.Tech,60,420,2012,Urban,Yes,Yes
1-44643138119,1-44643138119,U-0846,"NALANDA COLLEGE OF ENGINEERING, CHANDI",Active,Bihar,Nalanda,Nalanda,"NALANDA COLLEGE OF ENGINEERING, CHANDI, NALANDA",800534,25.083141,85.326655,Government,"Bihar Engineering University, Patna",Approved,Approved,B++,Yes,,Tier 3,http://www.nalandachandi.ac.in,info@nalandachandi.ac.in,admissions@nalandachandi.ac.in,placement@nalandachandi.ac.in,+91-80-295-3174,Other Engineering Branches,M.Tech,30,420,2012,Urban,Yes,Yes
1-44643138119,1-44643138119,U-0846,"NALANDA COLLEGE OF ENGINEERING, CHANDI",Active,Bihar,Nalanda,Nalanda,"NALANDA COLLEGE OF ENGINEERING, CHANDI, NALANDA",800534,25.083141,85.326655,Government,"Bihar Engineering University, Patna",Approved,Approved,B++,Yes,,Tier 3,http://www.nalandachandi.ac.in,info@nalandachandi.ac.in,admissions@nalandachandi.ac.in,placement@nalandachandi.ac.in,+91-80-295-3174,Aeronautical Engineering,B.Tech,60,420,2012,Urban,Yes,Yes
1-44643138119,1-44643138119,U-0846,"NALANDA COLLEGE OF ENGINEERING, CHANDI",Active,Bihar,Nalanda,Nalanda,"NALANDA COLLEGE OF ENGINEERING, CHANDI, NALANDA",800534,25.083141,85.326655,Government,"Bihar Engineering University, Patna",Approved,Approved,B++,Yes,,Tier 3,http://www.nalandachandi.ac.in,info@nalandachandi.ac.in,admissions@nalandachandi.ac.in,placement@nalandachandi.ac.in,+91-80-295-3174,Artificial Intelligence & Machine Learning (AI & ML),B.Tech,60,420,2012,Urban,Yes,Yes
1-44643138119,1-44643138119,U-0846,"NALANDA COLLEGE OF ENGINEERING, CHANDI",Active,Bihar,Nalanda,Nalanda,"NALANDA COLLEGE OF ENGINEERING, CHANDI, NALANDA",800534,25.083141,85.326655,Government,"Bihar Engineering University, Patna",Approved,Approved,B++,Yes,,Tier 3,http://www.nalandachandi.ac.in,info@nalandachandi.ac.in,admissions@nalandachandi.ac.in,placement@nalandachandi.ac.in,+91-80-295-3174,Computer Science Engineering (CSE),M.Tech,30,420,2012,Urban,Yes,Yes
1-44643189457,1-44643189457,U-0698,MAALIK INSTITUTE OF TECHNOLOGY,Active,Bihar,Gaya,Gaya,"GAYA DOBHI ROAD, BAZAURA",800898,25.083231,85.323231,Private-Self Financing,"State Board of Technical Education, Patna",Approved,Approved,A+,Yes,,Tier 2,http://www.maalik.ac.in,info@maalik.ac.in,admissions@maalik.ac.in,placement@maalik.ac.in,+91-80-299-1040,Civil Engineering,Diploma,120,360,2022,Rural,No,Yes
1-44643189457,1-44643189457,U-0698,MAALIK INSTITUTE OF TECHNOLOGY,Active,Bihar,Gaya,Gaya,"GAYA DOBHI ROAD, BAZAURA",800898,25.083231,85.323231,Private-Self Financing,"State Board of Technical Education, Patna",Approved,Approved,A+,Yes,,Tier 2,http://www.maalik.ac.in,info@maalik.ac.in,admissions@maalik.ac.in,placement@maalik.ac.in,+91-80-299-1040,Electrical Engineering,Diploma,120,360,2022,Rural,No,Yes
1-44643189457,1-44643189457,U-0698,MAALIK INSTITUTE OF TECHNOLOGY,Active,Bihar,Gaya,Gaya,"GAYA DOBHI ROAD, BAZAURA",800898,25.083231,85.323231,Private-Self Financing,"State Board of Technical Education, Patna",Approved,Approved,A+,Yes,,Tier 2,http://www.maalik.ac.in,info@maalik.ac.in,admissions@maalik.ac.in,placement@maalik.ac.in,+91-80-299-1040,Mechanical Engineering,Diploma,60,360,2022,Rural,No,Yes
1-44643189457,1-44643189457,U-0698,MAALIK INSTITUTE OF TECHNOLOGY,Active,Bihar,Gaya,Gaya,"GAYA DOBHI ROAD, BAZAURA",800898,25.083231,85.323231,Private-Self Financing,"State Board of Technical Education, Patna",Approved,Approved,A+,Yes,,Tier 2,http://www.maalik.ac.in,info@maalik.ac.in,admissions@maalik.ac.in,placement@maalik.ac.in,+91-80-299-1040,Other Engineering Branches,Diploma,60,360,2022,Rural,No,Yes
1-44643402742,1-44643402742,U-0440,NETAJI SUBHAS INSTITUTE OF TECHNOLOGY,Active,Bihar,Patna,Patna,"AT + PO: AMHARA, BIHTA, PATNA",800155,25.592223,85.134303,Private-Self Financing,Bihar Engineering University,Approved,Approved,B++,No,,Tier 3,http://www.netajisubhas.ac.in,info@netajisubhas.ac.in,admissions@netajisubhas.ac.in,placement@netajisubhas.ac.in,+91-80-760-1514,Computer Science Engineering (CSE),B.Tech,60,840,1986,Urban,Yes,Yes
1-44643402742,1-44643402742,U-0440,NETAJI SUBHAS INSTITUTE OF TECHNOLOGY,Active,Bihar,Patna,Patna,"AT + PO: AMHARA, BIHTA, PATNA",800155,25.592223,85.134303,Private-Self Financing,Bihar Engineering University,Approved,Approved,B++,No,,Tier 3,http://www.netajisubhas.ac.in,info@netajisubhas.ac.in,admissions@netajisubhas.ac.in,placement@netajisubhas.ac.in,+91-80-760-1514,Electronics & Communication Engineering (ECE),B.Tech,60,840,1986,Urban,Yes,Yes
1-44643402742,1-44643402742,U-0440,NETAJI SUBHAS INSTITUTE OF TECHNOLOGY,Active,Bihar,Patna,Patna,"AT + PO: AMHARA, BIHTA, PATNA",800155,25.592223,85.134303,Private-Self Financing,Bihar Engineering University,Approved,Approved,B++,No,,Tier 3,http://www.netajisubhas.ac.in,info@netajisubhas.ac.in,admissions@netajisubhas.ac.in,placement@netajisubhas.ac.in,+91-80-760-1514,Mechanical Engineering,B.Tech,180,840,1986,Urban,Yes,Yes
1-44643402742,1-44643402742,U-0440,NETAJI SUBHAS INSTITUTE OF TECHNOLOGY,Active,Bihar,Patna,Patna,"AT + PO: AMHARA, BIHTA, PATNA",800155,25.592223,85.134303,Private-Self Financing,Bihar Engineering University,Approved,Approved,B++,No,,Tier 3,http://www.netajisubhas.ac.in,info@netajisubhas.ac.in,admissions@netajisubhas.ac.in,placement@netajisubhas.ac.in,+91-80-760-1514,Electrical & Electronics Engineering (EEE),B.Tech,120,840,1986,Urban,Yes,Yes
1-44643402742,1-44643402742,U-0440,NETAJI SUBHAS INSTITUTE OF TECHNOLOGY,Active,Bihar,Patna,Patna,"AT + PO: AMHARA, BIHTA, PATNA",800155,25.592223,85.134303,Private-Self Financing,Bihar Engineering University,Approved,Approved,B++,No,,Tier 3,http://www.netajisubhas.ac.in,info@netajisubhas.ac.in,admissions@netajisubhas.ac.in,placement@netajisubhas.ac.in,+91-80-760-1514,Civil Engineering,B.Tech,180,840,1986,Urban,Yes,Yes
1-44643402742,1-44643402742,U-0440,NETAJI SUBHAS INSTITUTE OF TECHNOLOGY,Active,Bihar,Patna,Patna,"AT + PO: AMHARA, BIHTA, PATNA",800155,25.592223,85.134303,Private-Self Financing,Bihar Engineering University,Approved,Approved,B++,No,,Tier 3,http://www.netajisubhas.ac.in,info@netajisubhas.ac.in,admissions@netajisubhas.ac.in,placement@netajisubhas.ac.in,+91-80-760-1514,Electrical & Electronics Engineering (EEE),Diploma,60,840,1986,Urban,Yes,Yes
1-44643402742,1-44643402742,U-0440,NETAJI SUBHAS INSTITUTE OF TECHNOLOGY,Active,Bihar,Patna,Patna,"AT + PO: AMHARA, BIHTA, PATNA",800155,25.592223,85.134303,Private-Self Financing,Bihar Engineering University,Approved,Approved,B++,No,,Tier 3,http://www.netajisubhas.ac.in,info@netajisubhas.ac.in,admissions@netajisubhas.ac.in,placement@netajisubhas.ac.in,+91-80-760-1514,Mechanical Engineering,Diploma,120,840,1986,Urban,Yes,Yes
1-44643402742,1-44643402742,U-0440,NETAJI SUBHAS INSTITUTE OF TECHNOLOGY,Active,Bihar,Patna,Patna,"AT + PO: AMHARA, BIHTA, PATNA",800155,25.592223,85.134303,Private-Self Financing,Bihar Engineering University,Approved,Approved,B++,No,,Tier 3,http://www.netajisubhas.ac.in,info@netajisubhas.ac.in,admissions@netajisubhas.ac.in,placement@netajisubhas.ac.in,+91-80-760-1514,Civil Engineering,Diploma,60,840,1986,Urban,Yes,Yes
1-44643793160,1-44643793160,U-0339,CENTRAL INSTITUTE OF PETROCHEMICALS ENGINEERING AND TECHNOLOGY BHAGALPUR,Active,Bihar,Bhagalpur,Bhagalpur,"CIPET:CSTS BHAGALPUR, NEAR HANUMAN  TEMPLE, ANAND MARG COLONY, DVC COLONY, ALIGANJ, BHAGALPUR",800675,25.100329,85.328526,Government,NONE,Approved,Approved,B++,Yes,,Tier 3,http://www.petrochemicalsbhagalpur.ac.in,info@petrochemicalsbhagalpur.ac.in,admissions@petrochemicalsbhagalpur.ac.in,placement@petrochemicalsbhagalpur.ac.in,+91-80-016-2658,Other Engineering Branches,Diploma,120,120,2010,Urban,Yes,Yes
1-44643102175,1-44643102175,U-0440,"MUZAFFARPUR INSTITUTE OF TECHNOLOGY, MUZAFFARPUR",Active,Bihar,Muzaffarpur,Muzaffarpur,PRINCIPAL MUZAFFARPUR INSTITUTE OF TECHNOLOGY MUZAFFARPUR AT LAKSHMI CHOWCK PO MIT MUZAFFARPUR BIHAR MUZAFFARPUR-842003,842003,25.080294,85.29956,Government,Bihar Engineering University,Approved,Approved,A,No,,Tier 2,http://www.muzaffarpurmuzaffarpur.ac.in,info@muzaffarpurmuzaffarpur.ac.in,admissions@muzaffarpurmuzaffarpur.ac.in,placement@muzaffarpurmuzaffarpur.ac.in,+91-80-175-9017,Civil Engineering,B.Tech,60,600,2022,Rural,Yes,Yes
1-44643102175,1-44643102175,U-0440,"MUZAFFARPUR INSTITUTE OF TECHNOLOGY, MUZAFFARPUR",Active,Bihar,Muzaffarpur,Muzaffarpur,PRINCIPAL MUZAFFARPUR INSTITUTE OF TECHNOLOGY MUZAFFARPUR AT LAKSHMI CHOWCK PO MIT MUZAFFARPUR BIHAR MUZAFFARPUR-842003,842003,25.080294,85.29956,Government,Bihar Engineering University,Approved,Approved,A,No,,Tier 2,http://www.muzaffarpurmuzaffarpur.ac.in,info@muzaffarpurmuzaffarpur.ac.in,admissions@muzaffarpurmuzaffarpur.ac.in,placement@muzaffarpurmuzaffarpur.ac.in,+91-80-175-9017,Mechanical Engineering,B.Tech,60,600,2022,Rural,Yes,Yes
1-44643102175,1-44643102175,U-0440,"MUZAFFARPUR INSTITUTE OF TECHNOLOGY, MUZAFFARPUR",Active,Bihar,Muzaffarpur,Muzaffarpur,PRINCIPAL MUZAFFARPUR INSTITUTE OF TECHNOLOGY MUZAFFARPUR AT LAKSHMI CHOWCK PO MIT MUZAFFARPUR BIHAR MUZAFFARPUR-842003,842003,25.080294,85.29956,Government,Bihar Engineering University,Approved,Approved,A,No,,Tier 2,http://www.muzaffarpurmuzaffarpur.ac.in,info@muzaffarpurmuzaffarpur.ac.in,admissions@muzaffarpurmuzaffarpur.ac.in,placement@muzaffarpurmuzaffarpur.ac.in,+91-80-175-9017,Electrical Engineering,B.Tech,60,600,2022,Rural,Yes,Yes
1-44643102175,1-44643102175,U-0440,"MUZAFFARPUR INSTITUTE OF TECHNOLOGY, MUZAFFARPUR",Active,Bihar,Muzaffarpur,Muzaffarpur,PRINCIPAL MUZAFFARPUR INSTITUTE OF TECHNOLOGY MUZAFFARPUR AT LAKSHMI CHOWCK PO MIT MUZAFFARPUR BIHAR MUZAFFARPUR-842003,842003,25.080294,85.29956,Government,Bihar Engineering University,Approved,Approved,A,No,,Tier 2,http://www.muzaffarpurmuzaffarpur.ac.in,info@muzaffarpurmuzaffarpur.ac.in,admissions@muzaffarpurmuzaffarpur.ac.in,placement@muzaffarpurmuzaffarpur.ac.in,+91-80-175-9017,Electronics & Communication Engineering (ECE),B.Tech,60,600,2022,Rural,Yes,Yes
1-44643102175,1-44643102175,U-0440,"MUZAFFARPUR INSTITUTE OF TECHNOLOGY, MUZAFFARPUR",Active,Bihar,Muzaffarpur,Muzaffarpur,PRINCIPAL MUZAFFARPUR INSTITUTE OF TECHNOLOGY MUZAFFARPUR AT LAKSHMI CHOWCK PO MIT MUZAFFARPUR BIHAR MUZAFFARPUR-842003,842003,25.080294,85.29956,Government,Bihar Engineering University,Approved,Approved,A,No,,Tier 2,http://www.muzaffarpurmuzaffarpur.ac.in,info@muzaffarpurmuzaffarpur.ac.in,admissions@muzaffarpurmuzaffarpur.ac.in,placement@muzaffarpurmuzaffarpur.ac.in,+91-80-175-9017,Information Technology (IT),B.Tech,60,600,2022,Rural,Yes,Yes
1-44643102175,1-44643102175,U-0440,"MUZAFFARPUR INSTITUTE OF TECHNOLOGY, MUZAFFARPUR",Active,Bihar,Muzaffarpur,Muzaffarpur,PRINCIPAL MUZAFFARPUR INSTITUTE OF TECHNOLOGY MUZAFFARPUR AT LAKSHMI CHOWCK PO MIT MUZAFFARPUR BIHAR MUZAFFARPUR-842003,842003,25.080294,85.29956,Government,Bihar Engineering University,Approved,Approved,A,No,,Tier 2,http://www.muzaffarpurmuzaffarpur.ac.in,info@muzaffarpurmuzaffarpur.ac.in,admissions@muzaffarpurmuzaffarpur.ac.in,placement@muzaffarpurmuzaffarpur.ac.in,+91-80-175-9017,Chemical Engineering,B.Tech,60,600,2022,Rural,Yes,Yes
1-44643102175,1-44643102175,U-0440,"MUZAFFARPUR INSTITUTE OF TECHNOLOGY, MUZAFFARPUR",Active,Bihar,Muzaffarpur,Muzaffarpur,PRINCIPAL MUZAFFARPUR INSTITUTE OF TECHNOLOGY MUZAFFARPUR AT LAKSHMI CHOWCK PO MIT MUZAFFARPUR BIHAR MUZAFFARPUR-842003,842003,25.080294,85.29956,Government,Bihar Engineering University,Approved,Approved,A,No,,Tier 2,http://www.muzaffarpurmuzaffarpur.ac.in,info@muzaffarpurmuzaffarpur.ac.in,admissions@muzaffarpurmuzaffarpur.ac.in,placement@muzaffarpurmuzaffarpur.ac.in,+91-80-175-9017,Other Engineering Branches,M.Tech,84,600,2022,Rural,Yes,Yes
1-44643102175,1-44643102175,U-0440,"MUZAFFARPUR INSTITUTE OF TECHNOLOGY, MUZAFFARPUR",Active,Bihar,Muzaffarpur,Muzaffarpur,PRINCIPAL MUZAFFARPUR INSTITUTE OF TECHNOLOGY MUZAFFARPUR AT LAKSHMI CHOWCK PO MIT MUZAFFARPUR BIHAR MUZAFFARPUR-842003,842003,25.080294,85.29956,Government,Bihar Engineering University,Approved,Approved,A,No,,Tier 2,http://www.muzaffarpurmuzaffarpur.ac.in,info@muzaffarpurmuzaffarpur.ac.in,admissions@muzaffarpurmuzaffarpur.ac.in,placement@muzaffarpurmuzaffarpur.ac.in,+91-80-175-9017,Other Engineering Branches,B.Tech,60,600,2022,Rural,Yes,Yes
1-44643102175,1-44643102175,U-0440,"MUZAFFARPUR INSTITUTE OF TECHNOLOGY, MUZAFFARPUR",Active,Bihar,Muzaffarpur,Muzaffarpur,PRINCIPAL MUZAFFARPUR INSTITUTE OF TECHNOLOGY MUZAFFARPUR AT LAKSHMI CHOWCK PO MIT MUZAFFARPUR BIHAR MUZAFFARPUR-842003,842003,25.080294,85.29956,Government,Bihar Engineering University,Approved,Approved,A,No,,Tier 2,http://www.muzaffarpurmuzaffarpur.ac.in,info@muzaffarpurmuzaffarpur.ac.in,admissions@muzaffarpurmuzaffarpur.ac.in,placement@muzaffarpurmuzaffarpur.ac.in,+91-80-175-9017,Electronics & Communication Engineering (ECE),M.Tech,18,600,2022,Rural,Yes,Yes
1-44643102175,1-44643102175,U-0440,"MUZAFFARPUR INSTITUTE OF TECHNOLOGY, MUZAFFARPUR",Active,Bihar,Muzaffarpur,Muzaffarpur,PRINCIPAL MUZAFFARPUR INSTITUTE OF TECHNOLOGY MUZAFFARPUR AT LAKSHMI CHOWCK PO MIT MUZAFFARPUR BIHAR MUZAFFARPUR-842003,842003,25.080294,85.29956,Government,Bihar Engineering University,Approved,Approved,A,No,,Tier 2,http://www.muzaffarpurmuzaffarpur.ac.in,info@muzaffarpurmuzaffarpur.ac.in,admissions@muzaffarpurmuzaffarpur.ac.in,placement@muzaffarpurmuzaffarpur.ac.in,+91-80-175-9017,Electrical Engineering,M.Tech,18,600,2022,Rural,Yes,Yes
1-44643102175,1-44643102175,U-0440,"MUZAFFARPUR INSTITUTE OF TECHNOLOGY, MUZAFFARPUR",Active,Bihar,Muzaffarpur,Muzaffarpur,PRINCIPAL MUZAFFARPUR INSTITUTE OF TECHNOLOGY MUZAFFARPUR AT LAKSHMI CHOWCK PO MIT MUZAFFARPUR BIHAR MUZAFFARPUR-842003,842003,25.080294,85.29956,Government,Bihar Engineering University,Approved,Approved,A,No,,Tier 2,http://www.muzaffarpurmuzaffarpur.ac.in,info@muzaffarpurmuzaffarpur.ac.in,admissions@muzaffarpurmuzaffarpur.ac.in,placement@muzaffarpurmuzaffarpur.ac.in,+91-80-175-9017,Computer Science Engineering (CSE),B.Tech,60,600,2022,Rural,Yes,Yes
1-44643206036,1-44643206036,U-0440,PRABHU KAILASH ENGINEERING COLLEGE,Active,Bihar,Aurangabad,Aurangabad,"SANATHUA MORE, AURANAGABAD, BIHAR",800520,19.867553,75.353075,Private-Self Financing,Bihar Engineering University,Approved,Approved,A+,No,,Tier 3,http://www.prabhukailash.ac.in,info@prabhukailash.ac.in,admissions@prabhukailash.ac.in,placement@prabhukailash.ac.in,+91-80-476-1790,Computer Science Engineering (CSE),B.Tech,60,360,1981,Rural,Yes,Yes
1-44643206036,1-44643206036,U-0440,PRABHU KAILASH ENGINEERING COLLEGE,Active,Bihar,Aurangabad,Aurangabad,"SANATHUA MORE, AURANAGABAD, BIHAR",800520,19.867553,75.353075,Private-Self Financing,Bihar Engineering University,Approved,Approved,A+,No,,Tier 3,http://www.prabhukailash.ac.in,info@prabhukailash.ac.in,admissions@prabhukailash.ac.in,placement@prabhukailash.ac.in,+91-80-476-1790,Electrical Engineering,B.Tech,60,360,1981,Rural,Yes,Yes
1-44643206036,1-44643206036,U-0440,PRABHU KAILASH ENGINEERING COLLEGE,Active,Bihar,Aurangabad,Aurangabad,"SANATHUA MORE, AURANAGABAD, BIHAR",800520,19.867553,75.353075,Private-Self Financing,Bihar Engineering University,Approved,Approved,A+,No,,Tier 3,http://www.prabhukailash.ac.in,info@prabhukailash.ac.in,admissions@prabhukailash.ac.in,placement@prabhukailash.ac.in,+91-80-476-1790,Mechanical Engineering,B.Tech,60,360,1981,Rural,Yes,Yes
1-44643206036,1-44643206036,U-0440,PRABHU KAILASH ENGINEERING COLLEGE,Active,Bihar,Aurangabad,Aurangabad,"SANATHUA MORE, AURANAGABAD, BIHAR",800520,19.867553,75.353075,Private-Self Financing,Bihar Engineering University,Approved,Approved,A+,No,,Tier 3,http://www.prabhukailash.ac.in,info@prabhukailash.ac.in,admissions@prabhukailash.ac.in,placement@prabhukailash.ac.in,+91-80-476-1790,Other Engineering Branches,B.Tech,60,360,1981,Rural,Yes,Yes
1-44643206036,1-44643206036,U-0440,PRABHU KAILASH ENGINEERING COLLEGE,Active,Bihar,Aurangabad,Aurangabad,"SANATHUA MORE, AURANAGABAD, BIHAR",800520,19.867553,75.353075,Private-Self Financing,Bihar Engineering University,Approved,Approved,A+,No,,Tier 3,http://www.prabhukailash.ac.in,info@prabhukailash.ac.in,admissions@prabhukailash.ac.in,placement@prabhukailash.ac.in,+91-80-476-1790,Civil Engineering,B.Tech,60,360,1981,Rural,Yes,Yes
1-44643206036,1-44643206036,U-0440,PRABHU KAILASH ENGINEERING COLLEGE,Active,Bihar,Aurangabad,Aurangabad,"SANATHUA MORE, AURANAGABAD, BIHAR",800520,19.867553,75.353075,Private-Self Financing,Bihar Engineering University,Approved,Approved,A+,No,,Tier 3,http://www.prabhukailash.ac.in,info@prabhukailash.ac.in,admissions@prabhukailash.ac.in,placement@prabhukailash.ac.in,+91-80-476-1790,Agricultural Engineering,B.Tech,60,360,1981,Rural,Yes,Yes
1-44643207278,1-44643207278,U-0522,MAMTA INSTITUTE OF EDUCATION,Active,Bihar,Siwan,Siwan,CHINTAMANPUR DARAUNDHA SIWAN,800873,25.093877,85.297467,Private-Self Financing,"Aryabhatta Knowledge University, Patna",Approved,Approved,Not Accredited,No,,Tier 3,http://www.mamtaeducation.ac.in,info@mamtaeducation.ac.in,admissions@mamtaeducation.ac.in,placement@mamtaeducation.ac.in,+91-80-745-6027,Civil Engineering,Diploma,180,360,1994,Urban,Yes,Yes
1-44643207278,1-44643207278,U-0522,MAMTA INSTITUTE OF EDUCATION,Active,Bihar,Siwan,Siwan,CHINTAMANPUR DARAUNDHA SIWAN,800873,25.093877,85.297467,Private-Self Financing,"Aryabhatta Knowledge University, Patna",Approved,Approved,Not Accredited,No,,Tier 3,http://www.mamtaeducation.ac.in,info@mamtaeducation.ac.in,admissions@mamtaeducation.ac.in,placement@mamtaeducation.ac.in,+91-80-745-6027,Electrical Engineering,Diploma,60,360,1994,Urban,Yes,Yes
1-44643207278,1-44643207278,U-0522,MAMTA INSTITUTE OF EDUCATION,Active,Bihar,Siwan,Siwan,CHINTAMANPUR DARAUNDHA SIWAN,800873,25.093877,85.297467,Private-Self Financing,"Aryabhatta Knowledge University, Patna",Approved,Approved,Not Accredited,No,,Tier 3,http://www.mamtaeducation.ac.in,info@mamtaeducation.ac.in,admissions@mamtaeducation.ac.in,placement@mamtaeducation.ac.in,+91-80-745-6027,Mechanical Engineering,Diploma,60,360,1994,Urban,Yes,Yes
1-44643207278,1-44643207278,U-0522,MAMTA INSTITUTE OF EDUCATION,Active,Bihar,Siwan,Siwan,CHINTAMANPUR DARAUNDHA SIWAN,800873,25.093877,85.297467,Private-Self Financing,"Aryabhatta Knowledge University, Patna",Approved,Approved,Not Accredited,No,,Tier 3,http://www.mamtaeducation.ac.in,info@mamtaeducation.ac.in,admissions@mamtaeducation.ac.in,placement@mamtaeducation.ac.in,+91-80-745-6027,Other Engineering Branches,Diploma,60,360,1994,Urban,Yes,Yes
1-44643641608,1-44643641608,U-0440,GAYA COLLEGE OF ENGINEERING,Active,Bihar,Gaya,Gaya,SHRIKRISHN NAGAR VIA BUNIYAD GANJ KHIJAR SARAI GAYA,800898,25.102577,85.295377,Government,Bihar Engineering University,Approved,Approved,B++,Yes,,Tier 3,http://www.gaya.ac.in,info@gaya.ac.in,admissions@gaya.ac.in,placement@gaya.ac.in,+91-80-110-5038,Mechanical Engineering,B.Tech,60,432,1982,Urban,Yes,Yes
1-44643641608,1-44643641608,U-0440,GAYA COLLEGE OF ENGINEERING,Active,Bihar,Gaya,Gaya,SHRIKRISHN NAGAR VIA BUNIYAD GANJ KHIJAR SARAI GAYA,800898,25.102577,85.295377,Government,Bihar Engineering University,Approved,Approved,B++,Yes,,Tier 3,http://www.gaya.ac.in,info@gaya.ac.in,admissions@gaya.ac.in,placement@gaya.ac.in,+91-80-110-5038,Computer Science Engineering (CSE),B.Tech,120,432,1982,Urban,Yes,Yes
1-44643641608,1-44643641608,U-0440,GAYA COLLEGE OF ENGINEERING,Active,Bihar,Gaya,Gaya,SHRIKRISHN NAGAR VIA BUNIYAD GANJ KHIJAR SARAI GAYA,800898,25.102577,85.295377,Government,Bihar Engineering University,Approved,Approved,B++,Yes,,Tier 3,http://www.gaya.ac.in,info@gaya.ac.in,admissions@gaya.ac.in,placement@gaya.ac.in,+91-80-110-5038,Civil Engineering,B.Tech,90,432,1982,Urban,Yes,Yes
1-44643641608,1-44643641608,U-0440,GAYA COLLEGE OF ENGINEERING,Active,Bihar,Gaya,Gaya,SHRIKRISHN NAGAR VIA BUNIYAD GANJ KHIJAR SARAI GAYA,800898,25.102577,85.295377,Government,Bihar Engineering University,Approved,Approved,B++,Yes,,Tier 3,http://www.gaya.ac.in,info@gaya.ac.in,admissions@gaya.ac.in,placement@gaya.ac.in,+91-80-110-5038,Electrical & Electronics Engineering (EEE),B.Tech,90,432,1982,Urban,Yes,Yes
1-44643641608,1-44643641608,U-0440,GAYA COLLEGE OF ENGINEERING,Active,Bihar,Gaya,Gaya,SHRIKRISHN NAGAR VIA BUNIYAD GANJ KHIJAR SARAI GAYA,800898,25.102577,85.295377,Government,Bihar Engineering University,Approved,Approved,B++,Yes,,Tier 3,http://www.gaya.ac.in,info@gaya.ac.in,admissions@gaya.ac.in,placement@gaya.ac.in,+91-80-110-5038,Information Technology (IT),M.Tech,18,432,1982,Urban,Yes,Yes
1-44643641608,1-44643641608,U-0440,GAYA COLLEGE OF ENGINEERING,Active,Bihar,Gaya,Gaya,SHRIKRISHN NAGAR VIA BUNIYAD GANJ KHIJAR SARAI GAYA,800898,25.102577,85.295377,Government,Bihar Engineering University,Approved,Approved,B++,Yes,,Tier 3,http://www.gaya.ac.in,info@gaya.ac.in,admissions@gaya.ac.in,placement@gaya.ac.in,+91-80-110-5038,Electronics & Communication Engineering (ECE),M.Tech,18,432,1982,Urban,Yes,Yes
1-44643641608,1-44643641608,U-0440,GAYA COLLEGE OF ENGINEERING,Active,Bihar,Gaya,Gaya,SHRIKRISHN NAGAR VIA BUNIYAD GANJ KHIJAR SARAI GAYA,800898,25.102577,85.295377,Government,Bihar Engineering University,Approved,Approved,B++,Yes,,Tier 3,http://www.gaya.ac.in,info@gaya.ac.in,admissions@gaya.ac.in,placement@gaya.ac.in,+91-80-110-5038,Civil Engineering,M.Tech,18,432,1982,Urban,Yes,Yes
1-44643641608,1-44643641608,U-0440,GAYA COLLEGE OF ENGINEERING,Active,Bihar,Gaya,Gaya,SHRIKRISHN NAGAR VIA BUNIYAD GANJ KHIJAR SARAI GAYA,800898,25.102577,85.295377,Government,Bihar Engineering University,Approved,Approved,B++,Yes,,Tier 3,http://www.gaya.ac.in,info@gaya.ac.in,admissions@gaya.ac.in,placement@gaya.ac.in,+91-80-110-5038,Mechanical Engineering,M.Tech,18,432,1982,Urban,Yes,Yes
1-44643208196,1-44643208196,U-0698,SNS VIDYAPEETH,Active,Bihar,East Champaran,East Champaran,"RAGHUNATHPUR, BALGANGA, MOTIHARI, EAST CHAMPARAN, BIHAR, PIN-845437",845437,25.112146,85.331052,Private-Self Financing,"State Board of Technical Education, Patna",Approved,Approved,A+,No,,Tier 3,http://www.snsvidyapeeth.ac.in,info@snsvidyapeeth.ac.in,admissions@snsvidyapeeth.ac.in,placement@snsvidyapeeth.ac.in,+91-80-511-8834,Mechanical Engineering,Diploma,60,360,2016,Rural,Yes,Yes
1-44643208196,1-44643208196,U-0698,SNS VIDYAPEETH,Active,Bihar,East Champaran,East Champaran,"RAGHUNATHPUR, BALGANGA, MOTIHARI, EAST CHAMPARAN, BIHAR, PIN-845437",845437,25.112146,85.331052,Private-Self Financing,"State Board of Technical Education, Patna",Approved,Approved,A+,No,,Tier 3,http://www.snsvidyapeeth.ac.in,info@snsvidyapeeth.ac.in,admissions@snsvidyapeeth.ac.in,placement@snsvidyapeeth.ac.in,+91-80-511-8834,Civil Engineering,Diploma,60,360,2016,Rural,Yes,Yes
1-44643208196,1-44643208196,U-0698,SNS VIDYAPEETH,Active,Bihar,East Champaran,East Champaran,"RAGHUNATHPUR, BALGANGA, MOTIHARI, EAST CHAMPARAN, BIHAR, PIN-845437",845437,25.112146,85.331052,Private-Self Financing,"State Board of Technical Education, Patna",Approved,Approved,A+,No,,Tier 3,http://www.snsvidyapeeth.ac.in,info@snsvidyapeeth.ac.in,admissions@snsvidyapeeth.ac.in,placement@snsvidyapeeth.ac.in,+91-80-511-8834,Electrical Engineering,Diploma,90,360,2016,Rural,Yes,Yes
1-44643208196,1-44643208196,U-0698,SNS VIDYAPEETH,Active,Bihar,East Champaran,East Champaran,"RAGHUNATHPUR, BALGANGA, MOTIHARI, EAST CHAMPARAN, BIHAR, PIN-845437",845437,25.112146,85.331052,Private-Self Financing,"State Board of Technical Education, Patna",Approved,Approved,A+,No,,Tier 3,http://www.snsvidyapeeth.ac.in,info@snsvidyapeeth.ac.in,admissions@snsvidyapeeth.ac.in,placement@snsvidyapeeth.ac.in,+91-80-511-8834,Computer Science Engineering (CSE),Diploma,90,360,2016,Rural,Yes,Yes
1-44643208196,1-44643208196,U-0698,SNS VIDYAPEETH,Active,Bihar,East Champaran,East Champaran,"RAGHUNATHPUR, BALGANGA, MOTIHARI, EAST CHAMPARAN, BIHAR, PIN-845437",845437,25.112146,85.331052,Private-Self Financing,"State Board of Technical Education, Patna",Approved,Approved,A+,No,,Tier 3,http://www.snsvidyapeeth.ac.in,info@snsvidyapeeth.ac.in,admissions@snsvidyapeeth.ac.in,placement@snsvidyapeeth.ac.in,+91-80-511-8834,Other Engineering Branches,Diploma,60,360,2016,Rural,Yes,Yes
1-44643209999,1-44643209999,U-0678,RAJEEV COLLEGE OF PROFESSIONAL EDUCATION,Active,Bihar,Sitamarhi,Sitamarhi,"VILL-DHANHARA, PO-MANIK CHOWK,PS-RUNNISAIDPUR,DIST-SITAMARHI BIHAR 843323",843323,25.082944,85.327904,Private-Self Financing,STATE BOARD OF TECHNICAL EDUCATION PATNA,Approved,Approved,B,No,,Tier 3,http://www.rajeevprofessionaleducation.ac.in,info@rajeevprofessionaleducation.ac.in,admissions@rajeevprofessionaleducation.ac.in,placement@rajeevprofessionaleducation.ac.in,+91-80-287-0750,Computer Science Engineering (CSE),Diploma,60,720,1992,Urban,No,Yes
1-44643209999,1-44643209999,U-0678,RAJEEV COLLEGE OF PROFESSIONAL EDUCATION,Active,Bihar,Sitamarhi,Sitamarhi,"VILL-DHANHARA, PO-MANIK CHOWK,PS-RUNNISAIDPUR,DIST-SITAMARHI BIHAR 843323",843323,25.082944,85.327904,Private-Self Financing,STATE BOARD OF TECHNICAL EDUCATION PATNA,Approved,Approved,B,No,,Tier 3,http://www.rajeevprofessionaleducation.ac.in,info@rajeevprofessionaleducation.ac.in,admissions@rajeevprofessionaleducation.ac.in,placement@rajeevprofessionaleducation.ac.in,+91-80-287-0750,Civil Engineering,Diploma,60,720,1992,Urban,No,Yes
1-44643209999,1-44643209999,U-0678,RAJEEV COLLEGE OF PROFESSIONAL EDUCATION,Active,Bihar,Sitamarhi,Sitamarhi,"VILL-DHANHARA, PO-MANIK CHOWK,PS-RUNNISAIDPUR,DIST-SITAMARHI BIHAR 843323",843323,25.082944,85.327904,Private-Self Financing,STATE BOARD OF TECHNICAL EDUCATION PATNA,Approved,Approved,B,No,,Tier 3,http://www.rajeevprofessionaleducation.ac.in,info@rajeevprofessionaleducation.ac.in,admissions@rajeevprofessionaleducation.ac.in,placement@rajeevprofessionaleducation.ac.in,+91-80-287-0750,Electrical Engineering,Diploma,60,720,1992,Urban,No,Yes
1-44643209999,1-44643209999,U-0678,RAJEEV COLLEGE OF PROFESSIONAL EDUCATION,Active,Bihar,Sitamarhi,Sitamarhi,"VILL-DHANHARA, PO-MANIK CHOWK,PS-RUNNISAIDPUR,DIST-SITAMARHI BIHAR 843323",843323,25.082944,85.327904,Private-Self Financing,STATE BOARD OF TECHNICAL EDUCATION PATNA,Approved,Approved,B,No,,Tier 3,http://www.rajeevprofessionaleducation.ac.in,info@rajeevprofessionaleducation.ac.in,admissions@rajeevprofessionaleducation.ac.in,placement@rajeevprofessionaleducation.ac.in,+91-80-287-0750,Mechanical Engineering,Diploma,60,720,1992,Urban,No,Yes
1-44643209999,1-44643209999,U-0678,RAJEEV COLLEGE OF PROFESSIONAL EDUCATION,Active,Bihar,Sitamarhi,Sitamarhi,"VILL-DHANHARA, PO-MANIK CHOWK,PS-RUNNISAIDPUR,DIST-SITAMARHI BIHAR 843323",843323,25.082944,85.327904,Private-Self Financing,STATE BOARD OF TECHNICAL EDUCATION PATNA,Approved,Approved,B,No,,Tier 3,http://www.rajeevprofessionaleducation.ac.in,info@rajeevprofessionaleducation.ac.in,admissions@rajeevprofessionaleducation.ac.in,placement@rajeevprofessionaleducation.ac.in,+91-80-287-0750,Other Engineering Branches,Diploma,120,720,1992,Urban,No,Yes
1-44643209999,1-44643209999,U-0678,RAJEEV COLLEGE OF PROFESSIONAL EDUCATION,Active,Bihar,Sitamarhi,Sitamarhi,"VILL-DHANHARA, PO-MANIK CHOWK,PS-RUNNISAIDPUR,DIST-SITAMARHI BIHAR 843323",843323,25.082944,85.327904,Private-Self Financing,STATE BOARD OF TECHNICAL EDUCATION PATNA,Approved,Approved,B,No,,Tier 3,http://www.rajeevprofessionaleducation.ac.in,info@rajeevprofessionaleducation.ac.in,admissions@rajeevprofessionaleducation.ac.in,placement@rajeevprofessionaleducation.ac.in,+91-80-287-0750,Civil Engineering,B.Tech,120,720,1992,Urban,No,Yes
1-44643209999,1-44643209999,U-0678,RAJEEV COLLEGE OF PROFESSIONAL EDUCATION,Active,Bihar,Sitamarhi,Sitamarhi,"VILL-DHANHARA, PO-MANIK CHOWK,PS-RUNNISAIDPUR,DIST-SITAMARHI BIHAR 843323",843323,25.082944,85.327904,Private-Self Financing,STATE BOARD OF TECHNICAL EDUCATION PATNA,Approved,Approved,B,No,,Tier 3,http://www.rajeevprofessionaleducation.ac.in,info@rajeevprofessionaleducation.ac.in,admissions@rajeevprofessionaleducation.ac.in,placement@rajeevprofessionaleducation.ac.in,+91-80-287-0750,Mechanical Engineering,B.Tech,60,720,1992,Urban,No,Yes
1-44643209999,1-44643209999,U-0678,RAJEEV COLLEGE OF PROFESSIONAL EDUCATION,Active,Bihar,Sitamarhi,Sitamarhi,"VILL-DHANHARA, PO-MANIK CHOWK,PS-RUNNISAIDPUR,DIST-SITAMARHI BIHAR 843323",843323,25.082944,85.327904,Private-Self Financing,STATE BOARD OF TECHNICAL EDUCATION PATNA,Approved,Approved,B,No,,Tier 3,http://www.rajeevprofessionaleducation.ac.in,info@rajeevprofessionaleducation.ac.in,admissions@rajeevprofessionaleducation.ac.in,placement@rajeevprofessionaleducation.ac.in,+91-80-287-0750,Other Engineering Branches,B.Tech,60,720,1992,Urban,No,Yes
1-44643209999,1-44643209999,U-0678,RAJEEV COLLEGE OF PROFESSIONAL EDUCATION,Active,Bihar,Sitamarhi,Sitamarhi,"VILL-DHANHARA, PO-MANIK CHOWK,PS-RUNNISAIDPUR,DIST-SITAMARHI BIHAR 843323",843323,25.082944,85.327904,Private-Self Financing,STATE BOARD OF TECHNICAL EDUCATION PATNA,Approved,Approved,B,No,,Tier 3,http://www.rajeevprofessionaleducation.ac.in,info@rajeevprofessionaleducation.ac.in,admissions@rajeevprofessionaleducation.ac.in,placement@rajeevprofessionaleducation.ac.in,+91-80-287-0750,Computer Science Engineering (CSE),B.Tech,60,720,1992,Urban,No,Yes
1-44643209999,1-44643209999,U-0678,RAJEEV COLLEGE OF PROFESSIONAL EDUCATION,Active,Bihar,Sitamarhi,Sitamarhi,"VILL-DHANHARA, PO-MANIK CHOWK,PS-RUNNISAIDPUR,DIST-SITAMARHI BIHAR 843323",843323,25.082944,85.327904,Private-Self Financing,STATE BOARD OF TECHNICAL EDUCATION PATNA,Approved,Approved,B,No,,Tier 3,http://www.rajeevprofessionaleducation.ac.in,info@rajeevprofessionaleducation.ac.in,admissions@rajeevprofessionaleducation.ac.in,placement@rajeevprofessionaleducation.ac.in,+91-80-287-0750,Electrical Engineering,B.Tech,60,720,1992,Urban,No,Yes
1-44643647687,1-44643647687,U-0440,DARBHANGA COLLEGE OF ENGINEERING,Active,Bihar,Darbhanga,Darbhanga,MABBI PO LALSAHPUR VIA PTC DARBHANGA,800350,25.115247,85.306007,Government,Bihar Engineering University,Approved,Approved,B++,Yes,,Tier 3,http://www.darbhanga.ac.in,info@darbhanga.ac.in,admissions@darbhanga.ac.in,placement@darbhanga.ac.in,+91-80-641-9154,Electrical & Electronics Engineering (EEE),B.Tech,60,390,1989,Urban,Yes,Yes
1-44643647687,1-44643647687,U-0440,DARBHANGA COLLEGE OF ENGINEERING,Active,Bihar,Darbhanga,Darbhanga,MABBI PO LALSAHPUR VIA PTC DARBHANGA,800350,25.115247,85.306007,Government,Bihar Engineering University,Approved,Approved,B++,Yes,,Tier 3,http://www.darbhanga.ac.in,info@darbhanga.ac.in,admissions@darbhanga.ac.in,placement@darbhanga.ac.in,+91-80-641-9154,Civil Engineering,B.Tech,90,390,1989,Urban,Yes,Yes
1-44643647687,1-44643647687,U-0440,DARBHANGA COLLEGE OF ENGINEERING,Active,Bihar,Darbhanga,Darbhanga,MABBI PO LALSAHPUR VIA PTC DARBHANGA,800350,25.115247,85.306007,Government,Bihar Engineering University,Approved,Approved,B++,Yes,,Tier 3,http://www.darbhanga.ac.in,info@darbhanga.ac.in,admissions@darbhanga.ac.in,placement@darbhanga.ac.in,+91-80-641-9154,Mechanical Engineering,B.Tech,60,390,1989,Urban,Yes,Yes
1-44643647687,1-44643647687,U-0440,DARBHANGA COLLEGE OF ENGINEERING,Active,Bihar,Darbhanga,Darbhanga,MABBI PO LALSAHPUR VIA PTC DARBHANGA,800350,25.115247,85.306007,Government,Bihar Engineering University,Approved,Approved,B++,Yes,,Tier 3,http://www.darbhanga.ac.in,info@darbhanga.ac.in,admissions@darbhanga.ac.in,placement@darbhanga.ac.in,+91-80-641-9154,Computer Science Engineering (CSE),B.Tech,60,390,1989,Urban,Yes,Yes
1-44643647687,1-44643647687,U-0440,DARBHANGA COLLEGE OF ENGINEERING,Active,Bihar,Darbhanga,Darbhanga,MABBI PO LALSAHPUR VIA PTC DARBHANGA,800350,25.115247,85.306007,Government,Bihar Engineering University,Approved,Approved,B++,Yes,,Tier 3,http://www.darbhanga.ac.in,info@darbhanga.ac.in,admissions@darbhanga.ac.in,placement@darbhanga.ac.in,+91-80-641-9154,Other Engineering Branches,M.Tech,30,390,1989,Urban,Yes,Yes
1-44643647687,1-44643647687,U-0440,DARBHANGA COLLEGE OF ENGINEERING,Active,Bihar,Darbhanga,Darbhanga,MABBI PO LALSAHPUR VIA PTC DARBHANGA,800350,25.115247,85.306007,Government,Bihar Engineering University,Approved,Approved,B++,Yes,,Tier 3,http://www.darbhanga.ac.in,info@darbhanga.ac.in,admissions@darbhanga.ac.in,placement@darbhanga.ac.in,+91-80-641-9154,Other Engineering Branches,B.Tech,30,390,1989,Urban,Yes,Yes
1-44643647687,1-44643647687,U-0440,DARBHANGA COLLEGE OF ENGINEERING,Active,Bihar,Darbhanga,Darbhanga,MABBI PO LALSAHPUR VIA PTC DARBHANGA,800350,25.115247,85.306007,Government,Bihar Engineering University,Approved,Approved,B++,Yes,,Tier 3,http://www.darbhanga.ac.in,info@darbhanga.ac.in,admissions@darbhanga.ac.in,placement@darbhanga.ac.in,+91-80-641-9154,Cyber Security,B.Tech,60,390,1989,Urban,Yes,Yes
1-44643394793,1-44643394793,U-0440,VIDYA VIHAR INSTITUTE OF TECHNOLOGY,Active,Bihar,Purnia,Purnia,INDUSTRIAL GROWTH CENTRE MARANGA PURNIA,800196,25.077056,85.331539,Private-Self Financing,Bihar Engineering University,Approved,Approved,B++,No,,Tier 3,http://www.vidyavihar.ac.in,info@vidyavihar.ac.in,admissions@vidyavihar.ac.in,placement@vidyavihar.ac.in,+91-80-040-1142,Electronics & Communication Engineering (ECE),B.Tech,30,150,1991,Urban,No,Yes
1-44643394793,1-44643394793,U-0440,VIDYA VIHAR INSTITUTE OF TECHNOLOGY,Active,Bihar,Purnia,Purnia,INDUSTRIAL GROWTH CENTRE MARANGA PURNIA,800196,25.077056,85.331539,Private-Self Financing,Bihar Engineering University,Approved,Approved,B++,No,,Tier 3,http://www.vidyavihar.ac.in,info@vidyavihar.ac.in,admissions@vidyavihar.ac.in,placement@vidyavihar.ac.in,+91-80-040-1142,Computer Science Engineering (CSE),B.Tech,60,150,1991,Urban,No,Yes
1-44643394793,1-44643394793,U-0440,VIDYA VIHAR INSTITUTE OF TECHNOLOGY,Active,Bihar,Purnia,Purnia,INDUSTRIAL GROWTH CENTRE MARANGA PURNIA,800196,25.077056,85.331539,Private-Self Financing,Bihar Engineering University,Approved,Approved,B++,No,,Tier 3,http://www.vidyavihar.ac.in,info@vidyavihar.ac.in,admissions@vidyavihar.ac.in,placement@vidyavihar.ac.in,+91-80-040-1142,Electrical & Electronics Engineering (EEE),B.Tech,30,150,1991,Urban,No,Yes
1-44643394793,1-44643394793,U-0440,VIDYA VIHAR INSTITUTE OF TECHNOLOGY,Active,Bihar,Purnia,Purnia,INDUSTRIAL GROWTH CENTRE MARANGA PURNIA,800196,25.077056,85.331539,Private-Self Financing,Bihar Engineering University,Approved,Approved,B++,No,,Tier 3,http://www.vidyavihar.ac.in,info@vidyavihar.ac.in,admissions@vidyavihar.ac.in,placement@vidyavihar.ac.in,+91-80-040-1142,Mechanical Engineering,B.Tech,30,150,1991,Urban,No,Yes
1-44643272634,1-44643272634,U-0698,R.P.SHARMA INSTITUTE OF TECHNOLOGY,Active,Bihar,Patna,Patna,RAGHUNATH PH WEST BAILEY ROAD DANAPUR PATNA,800155,25.602285,85.152796,Private-Self Financing,"State Board of Technical Education, Patna",Approved,Approved,A,No,,Tier 3,http://www.rpsharma.ac.in,info@rpsharma.ac.in,admissions@rpsharma.ac.in,placement@rpsharma.ac.in,+91-80-182-1537,Mechanical Engineering,Diploma,60,660,1985,Urban,Yes,Yes
1-44643272634,1-44643272634,U-0698,R.P.SHARMA INSTITUTE OF TECHNOLOGY,Active,Bihar,Patna,Patna,RAGHUNATH PH WEST BAILEY ROAD DANAPUR PATNA,800155,25.602285,85.152796,Private-Self Financing,"State Board of Technical Education, Patna",Approved,Approved,A,No,,Tier 3,http://www.rpsharma.ac.in,info@rpsharma.ac.in,admissions@rpsharma.ac.in,placement@rpsharma.ac.in,+91-80-182-1537,Civil Engineering,Diploma,120,660,1985,Urban,Yes,Yes
1-44643272634,1-44643272634,U-0698,R.P.SHARMA INSTITUTE OF TECHNOLOGY,Active,Bihar,Patna,Patna,RAGHUNATH PH WEST BAILEY ROAD DANAPUR PATNA,800155,25.602285,85.152796,Private-Self Financing,"State Board of Technical Education, Patna",Approved,Approved,A,No,,Tier 3,http://www.rpsharma.ac.in,info@rpsharma.ac.in,admissions@rpsharma.ac.in,placement@rpsharma.ac.in,+91-80-182-1537,Computer Science Engineering (CSE),B.Tech,120,660,1985,Urban,Yes,Yes
1-44643272634,1-44643272634,U-0698,R.P.SHARMA INSTITUTE OF TECHNOLOGY,Active,Bihar,Patna,Patna,RAGHUNATH PH WEST BAILEY ROAD DANAPUR PATNA,800155,25.602285,85.152796,Private-Self Financing,"State Board of Technical Education, Patna",Approved,Approved,A,No,,Tier 3,http://www.rpsharma.ac.in,info@rpsharma.ac.in,admissions@rpsharma.ac.in,placement@rpsharma.ac.in,+91-80-182-1537,Electrical & Electronics Engineering (EEE),B.Tech,60,660,1985,Urban,Yes,Yes
1-44643272634,1-44643272634,U-0698,R.P.SHARMA INSTITUTE OF TECHNOLOGY,Active,Bihar,Patna,Patna,RAGHUNATH PH WEST BAILEY ROAD DANAPUR PATNA,800155,25.602285,85.152796,Private-Self Financing,"State Board of Technical Education, Patna",Approved,Approved,A,No,,Tier 3,http://www.rpsharma.ac.in,info@rpsharma.ac.in,admissions@rpsharma.ac.in,placement@rpsharma.ac.in,+91-80-182-1537,Electronics & Communication Engineering (ECE),B.Tech,30,660,1985,Urban,Yes,Yes
1-44643272634,1-44643272634,U-0698,R.P.SHARMA INSTITUTE OF TECHNOLOGY,Active,Bihar,Patna,Patna,RAGHUNATH PH WEST BAILEY ROAD DANAPUR PATNA,800155,25.602285,85.152796,Private-Self Financing,"State Board of Technical Education, Patna",Approved,Approved,A,No,,Tier 3,http://www.rpsharma.ac.in,info@rpsharma.ac.in,admissions@rpsharma.ac.in,placement@rpsharma.ac.in,+91-80-182-1537,Mechanical Engineering,B.Tech,60,660,1985,Urban,Yes,Yes
1-44643272634,1-44643272634,U-0698,R.P.SHARMA INSTITUTE OF TECHNOLOGY,Active,Bihar,Patna,Patna,RAGHUNATH PH WEST BAILEY ROAD DANAPUR PATNA,800155,25.602285,85.152796,Private-Self Financing,"State Board of Technical Education, Patna",Approved,Approved,A,No,,Tier 3,http://www.rpsharma.ac.in,info@rpsharma.ac.in,admissions@rpsharma.ac.in,placement@rpsharma.ac.in,+91-80-182-1537,Civil Engineering,B.Tech,90,660,1985,Urban,Yes,Yes
1-44643272634,1-44643272634,U-0698,R.P.SHARMA INSTITUTE OF TECHNOLOGY,Active,Bihar,Patna,Patna,RAGHUNATH PH WEST BAILEY ROAD DANAPUR PATNA,800155,25.602285,85.152796,Private-Self Financing,"State Board of Technical Education, Patna",Approved,Approved,A,No,,Tier 3,http://www.rpsharma.ac.in,info@rpsharma.ac.in,admissions@rpsharma.ac.in,placement@rpsharma.ac.in,+91-80-182-1537,Electrical Engineering,Diploma,60,660,1985,Urban,Yes,Yes
1-44643272634,1-44643272634,U-0698,R.P.SHARMA INSTITUTE OF TECHNOLOGY,Active,Bihar,Patna,Patna,RAGHUNATH PH WEST BAILEY ROAD DANAPUR PATNA,800155,25.602285,85.152796,Private-Self Financing,"State Board of Technical Education, Patna",Approved,Approved,A,No,,Tier 3,http://www.rpsharma.ac.in,info@rpsharma.ac.in,admissions@rpsharma.ac.in,placement@rpsharma.ac.in,+91-80-182-1537,Computer Science Engineering (CSE),Diploma,60,660,1985,Urban,Yes,Yes
1-44642442781,1-44642442781,U-0846,"MOTIHARI COLLEGE OF ENGINEERING, MOTIHARI",Active,Bihar,East Champaran,East Champaran,"AT/P.O -PHURSATPUR BAIRIYA P.S -MUFASSIL (MOTIHARI) DIST.-EAST CHAMPARAN,BIHAR-845401",845401,25.082414,85.323972,Government,"Bihar Engineering University, Patna",Approved,Approved,A,No,,Tier 2,http://www.motiharimotihari.ac.in,info@motiharimotihari.ac.in,admissions@motiharimotihari.ac.in,placement@motiharimotihari.ac.in,+91-80-264-8517,Mechanical Engineering,B.Tech,60,360,1981,Urban,Yes,Yes
1-44642442781,1-44642442781,U-0846,"MOTIHARI COLLEGE OF ENGINEERING, MOTIHARI",Active,Bihar,East Champaran,East Champaran,"AT/P.O -PHURSATPUR BAIRIYA P.S -MUFASSIL (MOTIHARI) DIST.-EAST CHAMPARAN,BIHAR-845401",845401,25.082414,85.323972,Government,"Bihar Engineering University, Patna",Approved,Approved,A,No,,Tier 2,http://www.motiharimotihari.ac.in,info@motiharimotihari.ac.in,admissions@motiharimotihari.ac.in,placement@motiharimotihari.ac.in,+91-80-264-8517,Computer Science Engineering (CSE),B.Tech,120,360,1981,Urban,Yes,Yes
1-44642442781,1-44642442781,U-0846,"MOTIHARI COLLEGE OF ENGINEERING, MOTIHARI",Active,Bihar,East Champaran,East Champaran,"AT/P.O -PHURSATPUR BAIRIYA P.S -MUFASSIL (MOTIHARI) DIST.-EAST CHAMPARAN,BIHAR-845401",845401,25.082414,85.323972,Government,"Bihar Engineering University, Patna",Approved,Approved,A,No,,Tier 2,http://www.motiharimotihari.ac.in,info@motiharimotihari.ac.in,admissions@motiharimotihari.ac.in,placement@motiharimotihari.ac.in,+91-80-264-8517,Electrical & Electronics Engineering (EEE),B.Tech,60,360,1981,Urban,Yes,Yes
1-44642442781,1-44642442781,U-0846,"MOTIHARI COLLEGE OF ENGINEERING, MOTIHARI",Active,Bihar,East Champaran,East Champaran,"AT/P.O -PHURSATPUR BAIRIYA P.S -MUFASSIL (MOTIHARI) DIST.-EAST CHAMPARAN,BIHAR-845401",845401,25.082414,85.323972,Government,"Bihar Engineering University, Patna",Approved,Approved,A,No,,Tier 2,http://www.motiharimotihari.ac.in,info@motiharimotihari.ac.in,admissions@motiharimotihari.ac.in,placement@motiharimotihari.ac.in,+91-80-264-8517,Civil Engineering,B.Tech,60,360,1981,Urban,Yes,Yes
1-44642442781,1-44642442781,U-0846,"MOTIHARI COLLEGE OF ENGINEERING, MOTIHARI",Active,Bihar,East Champaran,East Champaran,"AT/P.O -PHURSATPUR BAIRIYA P.S -MUFASSIL (MOTIHARI) DIST.-EAST CHAMPARAN,BIHAR-845401",845401,25.082414,85.323972,Government,"Bihar Engineering University, Patna",Approved,Approved,A,No,,Tier 2,http://www.motiharimotihari.ac.in,info@motiharimotihari.ac.in,admissions@motiharimotihari.ac.in,placement@motiharimotihari.ac.in,+91-80-264-8517,Information Technology (IT),B.Tech,60,360,1981,Urban,Yes,Yes
1-44642401260,1-44642401260,U-0440,MAULANA AZAD COLLEGE OF ENGINEERING AND TECHNOLOGY,Active,Bihar,Patna,Patna,NEORAGANJ GHORNA NEORA PATNA,800155,25.581533,85.146842,Private-Self Financing,Bihar Engineering University,Approved,Approved,B+,No,,Tier 3,http://www.maulanaazad.ac.in,info@maulanaazad.ac.in,admissions@maulanaazad.ac.in,placement@maulanaazad.ac.in,+91-80-311-7755,Mechanical Engineering,B.Tech,60,480,2010,Rural,Yes,Yes
1-44642401260,1-44642401260,U-0440,MAULANA AZAD COLLEGE OF ENGINEERING AND TECHNOLOGY,Active,Bihar,Patna,Patna,NEORAGANJ GHORNA NEORA PATNA,800155,25.581533,85.146842,Private-Self Financing,Bihar Engineering University,Approved,Approved,B+,No,,Tier 3,http://www.maulanaazad.ac.in,info@maulanaazad.ac.in,admissions@maulanaazad.ac.in,placement@maulanaazad.ac.in,+91-80-311-7755,Computer Science Engineering (CSE),B.Tech,60,480,2010,Rural,Yes,Yes
1-44642401260,1-44642401260,U-0440,MAULANA AZAD COLLEGE OF ENGINEERING AND TECHNOLOGY,Active,Bihar,Patna,Patna,NEORAGANJ GHORNA NEORA PATNA,800155,25.581533,85.146842,Private-Self Financing,Bihar Engineering University,Approved,Approved,B+,No,,Tier 3,http://www.maulanaazad.ac.in,info@maulanaazad.ac.in,admissions@maulanaazad.ac.in,placement@maulanaazad.ac.in,+91-80-311-7755,Civil Engineering,B.Tech,60,480,2010,Rural,Yes,Yes
1-44642401260,1-44642401260,U-0440,MAULANA AZAD COLLEGE OF ENGINEERING AND TECHNOLOGY,Active,Bihar,Patna,Patna,NEORAGANJ GHORNA NEORA PATNA,800155,25.581533,85.146842,Private-Self Financing,Bihar Engineering University,Approved,Approved,B+,No,,Tier 3,http://www.maulanaazad.ac.in,info@maulanaazad.ac.in,admissions@maulanaazad.ac.in,placement@maulanaazad.ac.in,+91-80-311-7755,Electrical & Electronics Engineering (EEE),B.Tech,30,480,2010,Rural,Yes,Yes
1-44642401260,1-44642401260,U-0440,MAULANA AZAD COLLEGE OF ENGINEERING AND TECHNOLOGY,Active,Bihar,Patna,Patna,NEORAGANJ GHORNA NEORA PATNA,800155,25.581533,85.146842,Private-Self Financing,Bihar Engineering University,Approved,Approved,B+,No,,Tier 3,http://www.maulanaazad.ac.in,info@maulanaazad.ac.in,admissions@maulanaazad.ac.in,placement@maulanaazad.ac.in,+91-80-311-7755,Artificial Intelligence & Machine Learning (AI & ML),B.Tech,30,480,2010,Rural,Yes,Yes
1-44642401260,1-44642401260,U-0440,MAULANA AZAD COLLEGE OF ENGINEERING AND TECHNOLOGY,Active,Bihar,Patna,Patna,NEORAGANJ GHORNA NEORA PATNA,800155,25.581533,85.146842,Private-Self Financing,Bihar Engineering University,Approved,Approved,B+,No,,Tier 3,http://www.maulanaazad.ac.in,info@maulanaazad.ac.in,admissions@maulanaazad.ac.in,placement@maulanaazad.ac.in,+91-80-311-7755,Data Science,B.Tech,60,480,2010,Rural,Yes,Yes
1-44642401260,1-44642401260,U-0440,MAULANA AZAD COLLEGE OF ENGINEERING AND TECHNOLOGY,Active,Bihar,Patna,Patna,NEORAGANJ GHORNA NEORA PATNA,800155,25.581533,85.146842,Private-Self Financing,Bihar Engineering University,Approved,Approved,B+,No,,Tier 3,http://www.maulanaazad.ac.in,info@maulanaazad.ac.in,admissions@maulanaazad.ac.in,placement@maulanaazad.ac.in,+91-80-311-7755,Civil Engineering,Diploma,60,480,2010,Rural,Yes,Yes
1-44642401260,1-44642401260,U-0440,MAULANA AZAD COLLEGE OF ENGINEERING AND TECHNOLOGY,Active,Bihar,Patna,Patna,NEORAGANJ GHORNA NEORA PATNA,800155,25.581533,85.146842,Private-Self Financing,Bihar Engineering University,Approved,Approved,B+,No,,Tier 3,http://www.maulanaazad.ac.in,info@maulanaazad.ac.in,admissions@maulanaazad.ac.in,placement@maulanaazad.ac.in,+91-80-311-7755,Electrical Engineering,Diploma,60,480,2010,Rural,Yes,Yes
1-44642401260,1-44642401260,U-0440,MAULANA AZAD COLLEGE OF ENGINEERING AND TECHNOLOGY,Active,Bihar,Patna,Patna,NEORAGANJ GHORNA NEORA PATNA,800155,25.581533,85.146842,Private-Self Financing,Bihar Engineering University,Approved,Approved,B+,No,,Tier 3,http://www.maulanaazad.ac.in,info@maulanaazad.ac.in,admissions@maulanaazad.ac.in,placement@maulanaazad.ac.in,+91-80-311-7755,Computer Science Engineering (CSE),Diploma,60,480,2010,Rural,Yes,Yes
1-44643854717,1-44643854717,U-0724,NATIONAL INSTITUTE OF ELECTRONICS AND INFORMATION TECHNOLOGY NIELIT PATNA,Active,Bihar,Patna,Patna,NIELIT PATNA  NEAR IIT PATNA AMHARA BIHTA PATNA 801106,801106,25.592332,85.123659,Government,SELF,Approved,Approved,B++,Yes,,Tier 3,http://www.nationalelectronicsinformation.ac.in,info@nationalelectronicsinformation.ac.in,admissions@nationalelectronicsinformation.ac.in,placement@nationalelectronicsinformation.ac.in,+91-80-764-7014,Electronics & Communication Engineering (ECE),B.Tech,30,180,1997,Urban,Yes,No
1-44643854717,1-44643854717,U-0724,NATIONAL INSTITUTE OF ELECTRONICS AND INFORMATION TECHNOLOGY NIELIT PATNA,Active,Bihar,Patna,Patna,NIELIT PATNA  NEAR IIT PATNA AMHARA BIHTA PATNA 801106,801106,25.592332,85.123659,Government,SELF,Approved,Approved,B++,Yes,,Tier 3,http://www.nationalelectronicsinformation.ac.in,info@nationalelectronicsinformation.ac.in,admissions@nationalelectronicsinformation.ac.in,placement@nationalelectronicsinformation.ac.in,+91-80-764-7014,Computer Science Engineering (CSE),B.Tech,90,180,1997,Urban,Yes,No
1-44643854717,1-44643854717,U-0724,NATIONAL INSTITUTE OF ELECTRONICS AND INFORMATION TECHNOLOGY NIELIT PATNA,Active,Bihar,Patna,Patna,NIELIT PATNA  NEAR IIT PATNA AMHARA BIHTA PATNA 801106,801106,25.592332,85.123659,Government,SELF,Approved,Approved,B++,Yes,,Tier 3,http://www.nationalelectronicsinformation.ac.in,info@nationalelectronicsinformation.ac.in,admissions@nationalelectronicsinformation.ac.in,placement@nationalelectronicsinformation.ac.in,+91-80-764-7014,IoT,B.Tech,60,180,1997,Urban,Yes,No
1-44643837407,1-44643837407,U-0698,MAA KAMAKHYA POLYTECHNIC,Active,Bihar,Rohtas,Rohtas,TILOUTHU,800087,25.100322,85.323394,Private-Self Financing,"State Board of Technical Education, Patna",Approved,Approved,Not Accredited,No,,Tier 3,http://www.maakamakhya.ac.in,info@maakamakhya.ac.in,admissions@maakamakhya.ac.in,placement@maakamakhya.ac.in,+91-80-015-9297,Civil Engineering,Diploma,60,360,2009,Urban,Yes,Yes
1-44643837407,1-44643837407,U-0698,MAA KAMAKHYA POLYTECHNIC,Active,Bihar,Rohtas,Rohtas,TILOUTHU,800087,25.100322,85.323394,Private-Self Financing,"State Board of Technical Education, Patna",Approved,Approved,Not Accredited,No,,Tier 3,http://www.maakamakhya.ac.in,info@maakamakhya.ac.in,admissions@maakamakhya.ac.in,placement@maakamakhya.ac.in,+91-80-015-9297,Mechanical Engineering,Diploma,60,360,2009,Urban,Yes,Yes
1-44643837407,1-44643837407,U-0698,MAA KAMAKHYA POLYTECHNIC,Active,Bihar,Rohtas,Rohtas,TILOUTHU,800087,25.100322,85.323394,Private-Self Financing,"State Board of Technical Education, Patna",Approved,Approved,Not Accredited,No,,Tier 3,http://www.maakamakhya.ac.in,info@maakamakhya.ac.in,admissions@maakamakhya.ac.in,placement@maakamakhya.ac.in,+91-80-015-9297,Electrical Engineering,Diploma,60,360,2009,Urban,Yes,Yes
1-44643837407,1-44643837407,U-0698,MAA KAMAKHYA POLYTECHNIC,Active,Bihar,Rohtas,Rohtas,TILOUTHU,800087,25.100322,85.323394,Private-Self Financing,"State Board of Technical Education, Patna",Approved,Approved,Not Accredited,No,,Tier 3,http://www.maakamakhya.ac.in,info@maakamakhya.ac.in,admissions@maakamakhya.ac.in,placement@maakamakhya.ac.in,+91-80-015-9297,Computer Science Engineering (CSE),Diploma,60,360,2009,Urban,Yes,Yes
1-44643837407,1-44643837407,U-0698,MAA KAMAKHYA POLYTECHNIC,Active,Bihar,Rohtas,Rohtas,TILOUTHU,800087,25.100322,85.323394,Private-Self Financing,"State Board of Technical Education, Patna",Approved,Approved,Not Accredited,No,,Tier 3,http://www.maakamakhya.ac.in,info@maakamakhya.ac.in,admissions@maakamakhya.ac.in,placement@maakamakhya.ac.in,+91-80-015-9297,Other Engineering Branches,Diploma,60,360,2009,Urban,Yes,Yes
1-44643837407,1-44643837407,U-0698,MAA KAMAKHYA POLYTECHNIC,Active,Bihar,Rohtas,Rohtas,TILOUTHU,800087,25.100322,85.323394,Private-Self Financing,"State Board of Technical Education, Patna",Approved,Approved,Not Accredited,No,,Tier 3,http://www.maakamakhya.ac.in,info@maakamakhya.ac.in,admissions@maakamakhya.ac.in,placement@maakamakhya.ac.in,+91-80-015-9297,Electrical & Electronics Engineering (EEE),Diploma,30,360,2009,Urban,Yes,Yes
1-44643837407,1-44643837407,U-0698,MAA KAMAKHYA POLYTECHNIC,Active,Bihar,Rohtas,Rohtas,TILOUTHU,800087,25.100322,85.323394,Private-Self Financing,"State Board of Technical Education, Patna",Approved,Approved,Not Accredited,No,,Tier 3,http://www.maakamakhya.ac.in,info@maakamakhya.ac.in,admissions@maakamakhya.ac.in,placement@maakamakhya.ac.in,+91-80-015-9297,Information Technology (IT),Diploma,30,360,2009,Urban,Yes,Yes
1-44643864643,1-44643864643,U-0698,LICHAVI INSTITUTE OF PROFESSIONAL STUDIES,Active,Bihar,Muzaffarpur,Muzaffarpur,"VILLAGE- JAMHARUA, PS- MANIYARI, ANCHAL- KUDHANI",800310,25.110187,85.320892,Private-Self Financing,"State Board of Technical Education, Patna",Approved,Approved,A,No,,Tier 3,http://www.lichaviprofessionalstudies.ac.in,info@lichaviprofessionalstudies.ac.in,admissions@lichaviprofessionalstudies.ac.in,placement@lichaviprofessionalstudies.ac.in,+91-80-429-7009,Civil Engineering,Diploma,60,360,1987,Urban,Yes,Yes
1-44643864643,1-44643864643,U-0698,LICHAVI INSTITUTE OF PROFESSIONAL STUDIES,Active,Bihar,Muzaffarpur,Muzaffarpur,"VILLAGE- JAMHARUA, PS- MANIYARI, ANCHAL- KUDHANI",800310,25.110187,85.320892,Private-Self Financing,"State Board of Technical Education, Patna",Approved,Approved,A,No,,Tier 3,http://www.lichaviprofessionalstudies.ac.in,info@lichaviprofessionalstudies.ac.in,admissions@lichaviprofessionalstudies.ac.in,placement@lichaviprofessionalstudies.ac.in,+91-80-429-7009,Mechanical Engineering,Diploma,60,360,1987,Urban,Yes,Yes
1-44643864643,1-44643864643,U-0698,LICHAVI INSTITUTE OF PROFESSIONAL STUDIES,Active,Bihar,Muzaffarpur,Muzaffarpur,"VILLAGE- JAMHARUA, PS- MANIYARI, ANCHAL- KUDHANI",800310,25.110187,85.320892,Private-Self Financing,"State Board of Technical Education, Patna",Approved,Approved,A,No,,Tier 3,http://www.lichaviprofessionalstudies.ac.in,info@lichaviprofessionalstudies.ac.in,admissions@lichaviprofessionalstudies.ac.in,placement@lichaviprofessionalstudies.ac.in,+91-80-429-7009,Electrical Engineering,Diploma,60,360,1987,Urban,Yes,Yes
1-44643864643,1-44643864643,U-0698,LICHAVI INSTITUTE OF PROFESSIONAL STUDIES,Active,Bihar,Muzaffarpur,Muzaffarpur,"VILLAGE- JAMHARUA, PS- MANIYARI, ANCHAL- KUDHANI",800310,25.110187,85.320892,Private-Self Financing,"State Board of Technical Education, Patna",Approved,Approved,A,No,,Tier 3,http://www.lichaviprofessionalstudies.ac.in,info@lichaviprofessionalstudies.ac.in,admissions@lichaviprofessionalstudies.ac.in,placement@lichaviprofessionalstudies.ac.in,+91-80-429-7009,Other Engineering Branches,Diploma,120,360,1987,Urban,Yes,Yes
1-44643864643,1-44643864643,U-0698,LICHAVI INSTITUTE OF PROFESSIONAL STUDIES,Active,Bihar,Muzaffarpur,Muzaffarpur,"VILLAGE- JAMHARUA, PS- MANIYARI, ANCHAL- KUDHANI",800310,25.110187,85.320892,Private-Self Financing,"State Board of Technical Education, Patna",Approved,Approved,A,No,,Tier 3,http://www.lichaviprofessionalstudies.ac.in,info@lichaviprofessionalstudies.ac.in,admissions@lichaviprofessionalstudies.ac.in,placement@lichaviprofessionalstudies.ac.in,+91-80-429-7009,Computer Science Engineering (CSE),Diploma,60,360,1987,Urban,Yes,Yes
1-44643816371,1-44643816371,U-0440,DR. ASHOK GAGAN COLLEGE,Active,Bihar,Patna,Patna,"AMHARA, PS- BIHTA, PATNA, BIHAR - 801118",801118,25.579329,85.145044,Private-Self Financing,Bihar Engineering University,Approved,Approved,Not Accredited,No,,Tier 3,http://www.drashokgagan.ac.in,info@drashokgagan.ac.in,admissions@drashokgagan.ac.in,placement@drashokgagan.ac.in,+91-80-219-3327,Civil Engineering,B.Tech,30,495,1999,Urban,Yes,No
1-44643816371,1-44643816371,U-0440,DR. ASHOK GAGAN COLLEGE,Active,Bihar,Patna,Patna,"AMHARA, PS- BIHTA, PATNA, BIHAR - 801118",801118,25.579329,85.145044,Private-Self Financing,Bihar Engineering University,Approved,Approved,Not Accredited,No,,Tier 3,http://www.drashokgagan.ac.in,info@drashokgagan.ac.in,admissions@drashokgagan.ac.in,placement@drashokgagan.ac.in,+91-80-219-3327,Electrical Engineering,B.Tech,30,495,1999,Urban,Yes,No
1-44643816371,1-44643816371,U-0440,DR. ASHOK GAGAN COLLEGE,Active,Bihar,Patna,Patna,"AMHARA, PS- BIHTA, PATNA, BIHAR - 801118",801118,25.579329,85.145044,Private-Self Financing,Bihar Engineering University,Approved,Approved,Not Accredited,No,,Tier 3,http://www.drashokgagan.ac.in,info@drashokgagan.ac.in,admissions@drashokgagan.ac.in,placement@drashokgagan.ac.in,+91-80-219-3327,Computer Science Engineering (CSE),B.Tech,60,495,1999,Urban,Yes,No
1-44643816371,1-44643816371,U-0440,DR. ASHOK GAGAN COLLEGE,Active,Bihar,Patna,Patna,"AMHARA, PS- BIHTA, PATNA, BIHAR - 801118",801118,25.579329,85.145044,Private-Self Financing,Bihar Engineering University,Approved,Approved,Not Accredited,No,,Tier 3,http://www.drashokgagan.ac.in,info@drashokgagan.ac.in,admissions@drashokgagan.ac.in,placement@drashokgagan.ac.in,+91-80-219-3327,Electronics & Communication Engineering (ECE),B.Tech,30,495,1999,Urban,Yes,No
1-44643816371,1-44643816371,U-0440,DR. ASHOK GAGAN COLLEGE,Active,Bihar,Patna,Patna,"AMHARA, PS- BIHTA, PATNA, BIHAR - 801118",801118,25.579329,85.145044,Private-Self Financing,Bihar Engineering University,Approved,Approved,Not Accredited,No,,Tier 3,http://www.drashokgagan.ac.in,info@drashokgagan.ac.in,admissions@drashokgagan.ac.in,placement@drashokgagan.ac.in,+91-80-219-3327,Other Engineering Branches,B.Tech,30,495,1999,Urban,Yes,No
1-44643816371,1-44643816371,U-0440,DR. ASHOK GAGAN COLLEGE,Active,Bihar,Patna,Patna,"AMHARA, PS- BIHTA, PATNA, BIHAR - 801118",801118,25.579329,85.145044,Private-Self Financing,Bihar Engineering University,Approved,Approved,Not Accredited,No,,Tier 3,http://www.drashokgagan.ac.in,info@drashokgagan.ac.in,admissions@drashokgagan.ac.in,placement@drashokgagan.ac.in,+91-80-219-3327,Civil Engineering,Diploma,120,495,1999,Urban,Yes,No
1-44643816371,1-44643816371,U-0440,DR. ASHOK GAGAN COLLEGE,Active,Bihar,Patna,Patna,"AMHARA, PS- BIHTA, PATNA, BIHAR - 801118",801118,25.579329,85.145044,Private-Self Financing,Bihar Engineering University,Approved,Approved,Not Accredited,No,,Tier 3,http://www.drashokgagan.ac.in,info@drashokgagan.ac.in,admissions@drashokgagan.ac.in,placement@drashokgagan.ac.in,+91-80-219-3327,Electrical Engineering,Diploma,90,495,1999,Urban,Yes,No
1-44643816371,1-44643816371,U-0440,DR. ASHOK GAGAN COLLEGE,Active,Bihar,Patna,Patna,"AMHARA, PS- BIHTA, PATNA, BIHAR - 801118",801118,25.579329,85.145044,Private-Self Financing,Bihar Engineering University,Approved,Approved,Not Accredited,No,,Tier 3,http://www.drashokgagan.ac.in,info@drashokgagan.ac.in,admissions@drashokgagan.ac.in,placement@drashokgagan.ac.in,+91-80-219-3327,Computer Science Engineering (CSE),Diploma,60,495,1999,Urban,Yes,No
1-44643816371,1-44643816371,U-0440,DR. ASHOK GAGAN COLLEGE,Active,Bihar,Patna,Patna,"AMHARA, PS- BIHTA, PATNA, BIHAR - 801118",801118,25.579329,85.145044,Private-Self Financing,Bihar Engineering University,Approved,Approved,Not Accredited,No,,Tier 3,http://www.drashokgagan.ac.in,info@drashokgagan.ac.in,admissions@drashokgagan.ac.in,placement@drashokgagan.ac.in,+91-80-219-3327,Electronics & Communication Engineering (ECE),Diploma,30,495,1999,Urban,Yes,No
1-44643816371,1-44643816371,U-0440,DR. ASHOK GAGAN COLLEGE,Active,Bihar,Patna,Patna,"AMHARA, PS- BIHTA, PATNA, BIHAR - 801118",801118,25.579329,85.145044,Private-Self Financing,Bihar Engineering University,Approved,Approved,Not Accredited,No,,Tier 3,http://www.drashokgagan.ac.in,info@drashokgagan.ac.in,admissions@drashokgagan.ac.in,placement@drashokgagan.ac.in,+91-80-219-3327,Other Engineering Branches,Diploma,15,495,1999,Urban,Yes,No
1-44643820533,1-44643820533,U-0698,SITYOG INSTITUTE OF POLYTECHNIC,Active,Bihar,Aurangabad,Aurangabad,"JASOIYA MORE, AURANGABAD, BIHAR",800520,19.859806,75.324709,Private-Self Financing,"State Board of Technical Education, Patna",Approved,Approved,A,No,,Tier 3,http://www.sityog.ac.in,info@sityog.ac.in,admissions@sityog.ac.in,placement@sityog.ac.in,+91-80-151-2457,Mechanical Engineering,Diploma,30,360,2005,Urban,Yes,Yes
1-44643820533,1-44643820533,U-0698,SITYOG INSTITUTE OF POLYTECHNIC,Active,Bihar,Aurangabad,Aurangabad,"JASOIYA MORE, AURANGABAD, BIHAR",800520,19.859806,75.324709,Private-Self Financing,"State Board of Technical Education, Patna",Approved,Approved,A,No,,Tier 3,http://www.sityog.ac.in,info@sityog.ac.in,admissions@sityog.ac.in,placement@sityog.ac.in,+91-80-151-2457,Civil Engineering,Diploma,90,360,2005,Urban,Yes,Yes
1-44643820533,1-44643820533,U-0698,SITYOG INSTITUTE OF POLYTECHNIC,Active,Bihar,Aurangabad,Aurangabad,"JASOIYA MORE, AURANGABAD, BIHAR",800520,19.859806,75.324709,Private-Self Financing,"State Board of Technical Education, Patna",Approved,Approved,A,No,,Tier 3,http://www.sityog.ac.in,info@sityog.ac.in,admissions@sityog.ac.in,placement@sityog.ac.in,+91-80-151-2457,Electrical Engineering,Diploma,90,360,2005,Urban,Yes,Yes
1-44643820533,1-44643820533,U-0698,SITYOG INSTITUTE OF POLYTECHNIC,Active,Bihar,Aurangabad,Aurangabad,"JASOIYA MORE, AURANGABAD, BIHAR",800520,19.859806,75.324709,Private-Self Financing,"State Board of Technical Education, Patna",Approved,Approved,A,No,,Tier 3,http://www.sityog.ac.in,info@sityog.ac.in,admissions@sityog.ac.in,placement@sityog.ac.in,+91-80-151-2457,Computer Science Engineering (CSE),Diploma,90,360,2005,Urban,Yes,Yes
1-44643820533,1-44643820533,U-0698,SITYOG INSTITUTE OF POLYTECHNIC,Active,Bihar,Aurangabad,Aurangabad,"JASOIYA MORE, AURANGABAD, BIHAR",800520,19.859806,75.324709,Private-Self Financing,"State Board of Technical Education, Patna",Approved,Approved,A,No,,Tier 3,http://www.sityog.ac.in,info@sityog.ac.in,admissions@sityog.ac.in,placement@sityog.ac.in,+91-80-151-2457,Other Engineering Branches,Diploma,30,360,2005,Urban,Yes,Yes
1-44643820533,1-44643820533,U-0698,SITYOG INSTITUTE OF POLYTECHNIC,Active,Bihar,Aurangabad,Aurangabad,"JASOIYA MORE, AURANGABAD, BIHAR",800520,19.859806,75.324709,Private-Self Financing,"State Board of Technical Education, Patna",Approved,Approved,A,No,,Tier 3,http://www.sityog.ac.in,info@sityog.ac.in,admissions@sityog.ac.in,placement@sityog.ac.in,+91-80-151-2457,Mining Engineering,Diploma,30,360,2005,Urban,Yes,Yes
1-44643803190,1-44643803190,U-0698,CHAMPARAN GROUP OF INSTITUTIONS,Active,Bihar,West Champaran,West Champaran,"SALIM NAGAR, MARJADWA-PARSA, MAINATAND, DIST- WEST CHAMPARAN (BETTIAH)-845306",845306,25.110118,85.295354,Private-Self Financing,"State Board of Technical Education, Patna",Approved,Approved,A+,No,,Tier 3,http://www.champaran.ac.in,info@champaran.ac.in,admissions@champaran.ac.in,placement@champaran.ac.in,+91-80-426-8174,Mechanical Engineering,Diploma,60,360,1980,Rural,Yes,No
1-44643803190,1-44643803190,U-0698,CHAMPARAN GROUP OF INSTITUTIONS,Active,Bihar,West Champaran,West Champaran,"SALIM NAGAR, MARJADWA-PARSA, MAINATAND, DIST- WEST CHAMPARAN (BETTIAH)-845306",845306,25.110118,85.295354,Private-Self Financing,"State Board of Technical Education, Patna",Approved,Approved,A+,No,,Tier 3,http://www.champaran.ac.in,info@champaran.ac.in,admissions@champaran.ac.in,placement@champaran.ac.in,+91-80-426-8174,Civil Engineering,Diploma,90,360,1980,Rural,Yes,No
1-44643803190,1-44643803190,U-0698,CHAMPARAN GROUP OF INSTITUTIONS,Active,Bihar,West Champaran,West Champaran,"SALIM NAGAR, MARJADWA-PARSA, MAINATAND, DIST- WEST CHAMPARAN (BETTIAH)-845306",845306,25.110118,85.295354,Private-Self Financing,"State Board of Technical Education, Patna",Approved,Approved,A+,No,,Tier 3,http://www.champaran.ac.in,info@champaran.ac.in,admissions@champaran.ac.in,placement@champaran.ac.in,+91-80-426-8174,Electrical Engineering,Diploma,60,360,1980,Rural,Yes,No
1-44643803190,1-44643803190,U-0698,CHAMPARAN GROUP OF INSTITUTIONS,Active,Bihar,West Champaran,West Champaran,"SALIM NAGAR, MARJADWA-PARSA, MAINATAND, DIST- WEST CHAMPARAN (BETTIAH)-845306",845306,25.110118,85.295354,Private-Self Financing,"State Board of Technical Education, Patna",Approved,Approved,A+,No,,Tier 3,http://www.champaran.ac.in,info@champaran.ac.in,admissions@champaran.ac.in,placement@champaran.ac.in,+91-80-426-8174,Other Engineering Branches,Diploma,60,360,1980,Rural,Yes,No
1-44643803190,1-44643803190,U-0698,CHAMPARAN GROUP OF INSTITUTIONS,Active,Bihar,West Champaran,West Champaran,"SALIM NAGAR, MARJADWA-PARSA, MAINATAND, DIST- WEST CHAMPARAN (BETTIAH)-845306",845306,25.110118,85.295354,Private-Self Financing,"State Board of Technical Education, Patna",Approved,Approved,A+,No,,Tier 3,http://www.champaran.ac.in,info@champaran.ac.in,admissions@champaran.ac.in,placement@champaran.ac.in,+91-80-426-8174,Computer Science Engineering (CSE),Diploma,90,360,1980,Rural,Yes,No
1-44643918239,1-44643918239,U-0698,RIMU INSTITUTE OF TECHNOLOGY,Active,Bihar,Gaya,Gaya,PANTNAGAR,800898,25.082535,85.295684,Private-Self Financing,"State Board of Technical Education, Patna",Approved,Approved,B,Yes,,Tier 3,http://www.rimu.ac.in,info@rimu.ac.in,admissions@rimu.ac.in,placement@rimu.ac.in,+91-80-269-9024,Civil Engineering,Diploma,120,330,1993,Urban,Yes,Yes
1-44643918239,1-44643918239,U-0698,RIMU INSTITUTE OF TECHNOLOGY,Active,Bihar,Gaya,Gaya,PANTNAGAR,800898,25.082535,85.295684,Private-Self Financing,"State Board of Technical Education, Patna",Approved,Approved,B,Yes,,Tier 3,http://www.rimu.ac.in,info@rimu.ac.in,admissions@rimu.ac.in,placement@rimu.ac.in,+91-80-269-9024,Mechanical Engineering,Diploma,60,330,1993,Urban,Yes,Yes
1-44643918239,1-44643918239,U-0698,RIMU INSTITUTE OF TECHNOLOGY,Active,Bihar,Gaya,Gaya,PANTNAGAR,800898,25.082535,85.295684,Private-Self Financing,"State Board of Technical Education, Patna",Approved,Approved,B,Yes,,Tier 3,http://www.rimu.ac.in,info@rimu.ac.in,admissions@rimu.ac.in,placement@rimu.ac.in,+91-80-269-9024,Electrical Engineering,Diploma,60,330,1993,Urban,Yes,Yes
1-44643918239,1-44643918239,U-0698,RIMU INSTITUTE OF TECHNOLOGY,Active,Bihar,Gaya,Gaya,PANTNAGAR,800898,25.082535,85.295684,Private-Self Financing,"State Board of Technical Education, Patna",Approved,Approved,B,Yes,,Tier 3,http://www.rimu.ac.in,info@rimu.ac.in,admissions@rimu.ac.in,placement@rimu.ac.in,+91-80-269-9024,Computer Science Engineering (CSE),Diploma,30,330,1993,Urban,Yes,Yes
1-44643918239,1-44643918239,U-0698,RIMU INSTITUTE OF TECHNOLOGY,Active,Bihar,Gaya,Gaya,PANTNAGAR,800898,25.082535,85.295684,Private-Self Financing,"State Board of Technical Education, Patna",Approved,Approved,B,Yes,,Tier 3,http://www.rimu.ac.in,info@rimu.ac.in,admissions@rimu.ac.in,placement@rimu.ac.in,+91-80-269-9024,Other Engineering Branches,Diploma,60,330,1993,Urban,Yes,Yes
1-44643823922,1-44643823922,U-0440,CENTRAL INSTITUTE OF PETOCHEMICALS ENGINNERING AND TECHNOLOGY IPT BIHTA,Active,Bihar,Patna,Patna,"PLOT NO. 2(A), SIKANDARPUR, INDUSTRIAL AREA, BIHTA , PATNA - 801103",801103,25.601699,85.156326,Government,Bihar Engineering University,Approved,Approved,B,No,,Tier 3,http://www.petochemicalsenginneringipt.ac.in,info@petochemicalsenginneringipt.ac.in,admissions@petochemicalsenginneringipt.ac.in,placement@petochemicalsenginneringipt.ac.in,+91-80-157-6055,Chemical Engineering,B.Tech,90,180,2011,Rural,Yes,Yes
1-44643823922,1-44643823922,U-0440,CENTRAL INSTITUTE OF PETOCHEMICALS ENGINNERING AND TECHNOLOGY IPT BIHTA,Active,Bihar,Patna,Patna,"PLOT NO. 2(A), SIKANDARPUR, INDUSTRIAL AREA, BIHTA , PATNA - 801103",801103,25.601699,85.156326,Government,Bihar Engineering University,Approved,Approved,B,No,,Tier 3,http://www.petochemicalsenginneringipt.ac.in,info@petochemicalsenginneringipt.ac.in,admissions@petochemicalsenginneringipt.ac.in,placement@petochemicalsenginneringipt.ac.in,+91-80-157-6055,Mechanical Engineering,B.Tech,60,180,2011,Rural,Yes,Yes
1-44643823922,1-44643823922,U-0440,CENTRAL INSTITUTE OF PETOCHEMICALS ENGINNERING AND TECHNOLOGY IPT BIHTA,Active,Bihar,Patna,Patna,"PLOT NO. 2(A), SIKANDARPUR, INDUSTRIAL AREA, BIHTA , PATNA - 801103",801103,25.601699,85.156326,Government,Bihar Engineering University,Approved,Approved,B,No,,Tier 3,http://www.petochemicalsenginneringipt.ac.in,info@petochemicalsenginneringipt.ac.in,admissions@petochemicalsenginneringipt.ac.in,placement@petochemicalsenginneringipt.ac.in,+91-80-157-6055,Other Engineering Branches,B.Tech,30,180,2011,Rural,Yes,Yes
1-44643809643,1-44643809643,U-0698,MAHARANA PRATAP INSTITUTE OF TECHNOLOGY,Active,Bihar,Buxar,Buxar,"VILL-CHILHARI,POST OFFICE-PURANA BHOJPUR, BLOCK-DUMRAON,DISTT-BUXAR(BIHAR)-802133",802133,25.08635,85.306224,Private-Self Financing,"State Board of Technical Education, Patna",Approved,Approved,Not Accredited,No,,Tier 3,http://www.maharanapratap.ac.in,info@maharanapratap.ac.in,admissions@maharanapratap.ac.in,placement@maharanapratap.ac.in,+91-80-429-9091,Civil Engineering,Diploma,120,360,1997,Urban,Yes,No
1-44643809643,1-44643809643,U-0698,MAHARANA PRATAP INSTITUTE OF TECHNOLOGY,Active,Bihar,Buxar,Buxar,"VILL-CHILHARI,POST OFFICE-PURANA BHOJPUR, BLOCK-DUMRAON,DISTT-BUXAR(BIHAR)-802133",802133,25.08635,85.306224,Private-Self Financing,"State Board of Technical Education, Patna",Approved,Approved,Not Accredited,No,,Tier 3,http://www.maharanapratap.ac.in,info@maharanapratap.ac.in,admissions@maharanapratap.ac.in,placement@maharanapratap.ac.in,+91-80-429-9091,Mechanical Engineering,Diploma,120,360,1997,Urban,Yes,No
1-44643809643,1-44643809643,U-0698,MAHARANA PRATAP INSTITUTE OF TECHNOLOGY,Active,Bihar,Buxar,Buxar,"VILL-CHILHARI,POST OFFICE-PURANA BHOJPUR, BLOCK-DUMRAON,DISTT-BUXAR(BIHAR)-802133",802133,25.08635,85.306224,Private-Self Financing,"State Board of Technical Education, Patna",Approved,Approved,Not Accredited,No,,Tier 3,http://www.maharanapratap.ac.in,info@maharanapratap.ac.in,admissions@maharanapratap.ac.in,placement@maharanapratap.ac.in,+91-80-429-9091,Other Engineering Branches,Diploma,30,360,1997,Urban,Yes,No
1-44643809643,1-44643809643,U-0698,MAHARANA PRATAP INSTITUTE OF TECHNOLOGY,Active,Bihar,Buxar,Buxar,"VILL-CHILHARI,POST OFFICE-PURANA BHOJPUR, BLOCK-DUMRAON,DISTT-BUXAR(BIHAR)-802133",802133,25.08635,85.306224,Private-Self Financing,"State Board of Technical Education, Patna",Approved,Approved,Not Accredited,No,,Tier 3,http://www.maharanapratap.ac.in,info@maharanapratap.ac.in,admissions@maharanapratap.ac.in,placement@maharanapratap.ac.in,+91-80-429-9091,Electrical Engineering,Diploma,90,360,1997,Urban,Yes,No
1-44643830194,1-44643830194,U-0698,CHAMPARAN COLLEGE OF PROFESSIONAL EDUCATION,Active,Bihar,East Champaran,East Champaran,"PURNAHIYA,GHORASAHAN",800628,25.109374,85.315139,Private-Self Financing,"State Board of Technical Education, Patna",Approved,Approved,A,No,,Tier 3,http://www.champaranprofessionaleducation.ac.in,info@champaranprofessionaleducation.ac.in,admissions@champaranprofessionaleducation.ac.in,placement@champaranprofessionaleducation.ac.in,+91-80-395-6237,Civil Engineering,Diploma,120,360,1990,Urban,No,Yes
1-44643830194,1-44643830194,U-0698,CHAMPARAN COLLEGE OF PROFESSIONAL EDUCATION,Active,Bihar,East Champaran,East Champaran,"PURNAHIYA,GHORASAHAN",800628,25.109374,85.315139,Private-Self Financing,"State Board of Technical Education, Patna",Approved,Approved,A,No,,Tier 3,http://www.champaranprofessionaleducation.ac.in,info@champaranprofessionaleducation.ac.in,admissions@champaranprofessionaleducation.ac.in,placement@champaranprofessionaleducation.ac.in,+91-80-395-6237,Mechanical Engineering,Diploma,60,360,1990,Urban,No,Yes
1-44643830194,1-44643830194,U-0698,CHAMPARAN COLLEGE OF PROFESSIONAL EDUCATION,Active,Bihar,East Champaran,East Champaran,"PURNAHIYA,GHORASAHAN",800628,25.109374,85.315139,Private-Self Financing,"State Board of Technical Education, Patna",Approved,Approved,A,No,,Tier 3,http://www.champaranprofessionaleducation.ac.in,info@champaranprofessionaleducation.ac.in,admissions@champaranprofessionaleducation.ac.in,placement@champaranprofessionaleducation.ac.in,+91-80-395-6237,Electrical Engineering,Diploma,60,360,1990,Urban,No,Yes
1-44643830194,1-44643830194,U-0698,CHAMPARAN COLLEGE OF PROFESSIONAL EDUCATION,Active,Bihar,East Champaran,East Champaran,"PURNAHIYA,GHORASAHAN",800628,25.109374,85.315139,Private-Self Financing,"State Board of Technical Education, Patna",Approved,Approved,A,No,,Tier 3,http://www.champaranprofessionaleducation.ac.in,info@champaranprofessionaleducation.ac.in,admissions@champaranprofessionaleducation.ac.in,placement@champaranprofessionaleducation.ac.in,+91-80-395-6237,Computer Science Engineering (CSE),Diploma,60,360,1990,Urban,No,Yes
1-44643830194,1-44643830194,U-0698,CHAMPARAN COLLEGE OF PROFESSIONAL EDUCATION,Active,Bihar,East Champaran,East Champaran,"PURNAHIYA,GHORASAHAN",800628,25.109374,85.315139,Private-Self Financing,"State Board of Technical Education, Patna",Approved,Approved,A,No,,Tier 3,http://www.champaranprofessionaleducation.ac.in,info@champaranprofessionaleducation.ac.in,admissions@champaranprofessionaleducation.ac.in,placement@champaranprofessionaleducation.ac.in,+91-80-395-6237,Other Engineering Branches,Diploma,60,360,1990,Urban,No,Yes
1-44643813604,1-44643813604,U-0698,MAGADH INSTITUTE OF TECHNOLOGY,Active,Bihar,Patna,Patna,NASRIGANJ,800155,25.602564,85.139749,Private-Self Financing,"State Board of Technical Education, Patna",Approved,Approved,A,No,,Tier 3,http://www.magadh.ac.in,info@magadh.ac.in,admissions@magadh.ac.in,placement@magadh.ac.in,+91-80-193-8445,Civil Engineering,Diploma,120,300,2013,Urban,Yes,Yes
1-44643813604,1-44643813604,U-0698,MAGADH INSTITUTE OF TECHNOLOGY,Active,Bihar,Patna,Patna,NASRIGANJ,800155,25.602564,85.139749,Private-Self Financing,"State Board of Technical Education, Patna",Approved,Approved,A,No,,Tier 3,http://www.magadh.ac.in,info@magadh.ac.in,admissions@magadh.ac.in,placement@magadh.ac.in,+91-80-193-8445,Electrical Engineering,Diploma,60,300,2013,Urban,Yes,Yes
1-44643813604,1-44643813604,U-0698,MAGADH INSTITUTE OF TECHNOLOGY,Active,Bihar,Patna,Patna,NASRIGANJ,800155,25.602564,85.139749,Private-Self Financing,"State Board of Technical Education, Patna",Approved,Approved,A,No,,Tier 3,http://www.magadh.ac.in,info@magadh.ac.in,admissions@magadh.ac.in,placement@magadh.ac.in,+91-80-193-8445,Mechanical Engineering,Diploma,30,300,2013,Urban,Yes,Yes
1-44643813604,1-44643813604,U-0698,MAGADH INSTITUTE OF TECHNOLOGY,Active,Bihar,Patna,Patna,NASRIGANJ,800155,25.602564,85.139749,Private-Self Financing,"State Board of Technical Education, Patna",Approved,Approved,A,No,,Tier 3,http://www.magadh.ac.in,info@magadh.ac.in,admissions@magadh.ac.in,placement@magadh.ac.in,+91-80-193-8445,Other Engineering Branches,Diploma,30,300,2013,Urban,Yes,Yes
1-44643813604,1-44643813604,U-0698,MAGADH INSTITUTE OF TECHNOLOGY,Active,Bihar,Patna,Patna,NASRIGANJ,800155,25.602564,85.139749,Private-Self Financing,"State Board of Technical Education, Patna",Approved,Approved,A,No,,Tier 3,http://www.magadh.ac.in,info@magadh.ac.in,admissions@magadh.ac.in,placement@magadh.ac.in,+91-80-193-8445,Computer Science Engineering (CSE),Diploma,60,300,2013,Urban,Yes,Yes
1-44755082473,1-44755082473,U-0440,BIHAR ENGINEERING UNIVERSITY PATNA,Active,Bihar,Patna,Patna,MITHAPUR FARM AREA,800155,25.583152,85.157154,State Government University,Bihar Engineering University,Approved,Approved,A,No,,Tier 3,http://www.biharpatna.ac.in,info@biharpatna.ac.in,admissions@biharpatna.ac.in,placement@biharpatna.ac.in,+91-80-379-6989,Other Engineering Branches,M.Tech,18,18,2003,Urban,Yes,Yes
1-44755246243,1-44755246243,U-0698,SATYAM INSTITUTE OF TECHNOLOGY,Active,Bihar,Patna,Patna,"SOHGI, GAURICHAK",800155,25.608573,85.137476,Private-Self Financing,"State Board of Technical Education, Patna",Approved,Approved,A,No,,Tier 3,http://www.satyam.ac.in,info@satyam.ac.in,admissions@satyam.ac.in,placement@satyam.ac.in,+91-80-445-8751,Mechanical Engineering,Diploma,60,300,1983,Urban,Yes,Yes
1-44755246243,1-44755246243,U-0698,SATYAM INSTITUTE OF TECHNOLOGY,Active,Bihar,Patna,Patna,"SOHGI, GAURICHAK",800155,25.608573,85.137476,Private-Self Financing,"State Board of Technical Education, Patna",Approved,Approved,A,No,,Tier 3,http://www.satyam.ac.in,info@satyam.ac.in,admissions@satyam.ac.in,placement@satyam.ac.in,+91-80-445-8751,Civil Engineering,Diploma,60,300,1983,Urban,Yes,Yes
1-44755246243,1-44755246243,U-0698,SATYAM INSTITUTE OF TECHNOLOGY,Active,Bihar,Patna,Patna,"SOHGI, GAURICHAK",800155,25.608573,85.137476,Private-Self Financing,"State Board of Technical Education, Patna",Approved,Approved,A,No,,Tier 3,http://www.satyam.ac.in,info@satyam.ac.in,admissions@satyam.ac.in,placement@satyam.ac.in,+91-80-445-8751,Electrical Engineering,Diploma,60,300,1983,Urban,Yes,Yes
1-44755246243,1-44755246243,U-0698,SATYAM INSTITUTE OF TECHNOLOGY,Active,Bihar,Patna,Patna,"SOHGI, GAURICHAK",800155,25.608573,85.137476,Private-Self Financing,"State Board of Technical Education, Patna",Approved,Approved,A,No,,Tier 3,http://www.satyam.ac.in,info@satyam.ac.in,admissions@satyam.ac.in,placement@satyam.ac.in,+91-80-445-8751,Computer Science Engineering (CSE),Diploma,60,300,1983,Urban,Yes,Yes
1-44755246243,1-44755246243,U-0698,SATYAM INSTITUTE OF TECHNOLOGY,Active,Bihar,Patna,Patna,"SOHGI, GAURICHAK",800155,25.608573,85.137476,Private-Self Financing,"State Board of Technical Education, Patna",Approved,Approved,A,No,,Tier 3,http://www.satyam.ac.in,info@satyam.ac.in,admissions@satyam.ac.in,placement@satyam.ac.in,+91-80-445-8751,Electrical & Electronics Engineering (EEE),Diploma,60,300,1983,Urban,Yes,Yes
1-44754348273,1-44754348273,U-0698,MONA POLYTECHNIC COLLEGE,Active,Bihar,Patna,Patna,"KASHINAGAR, BELDARICHAK",800155,25.579934,85.124211,Private-Self Financing,"State Board of Technical Education, Patna",Approved,Approved,A+,No,,Tier 3,http://www.mona.ac.in,info@mona.ac.in,admissions@mona.ac.in,placement@mona.ac.in,+91-80-244-6890,Computer Science Engineering (CSE),Diploma,120,360,2018,Rural,Yes,Yes
1-44754348273,1-44754348273,U-0698,MONA POLYTECHNIC COLLEGE,Active,Bihar,Patna,Patna,"KASHINAGAR, BELDARICHAK",800155,25.579934,85.124211,Private-Self Financing,"State Board of Technical Education, Patna",Approved,Approved,A+,No,,Tier 3,http://www.mona.ac.in,info@mona.ac.in,admissions@mona.ac.in,placement@mona.ac.in,+91-80-244-6890,Electrical Engineering,Diploma,60,360,2018,Rural,Yes,Yes
1-44754348273,1-44754348273,U-0698,MONA POLYTECHNIC COLLEGE,Active,Bihar,Patna,Patna,"KASHINAGAR, BELDARICHAK",800155,25.579934,85.124211,Private-Self Financing,"State Board of Technical Education, Patna",Approved,Approved,A+,No,,Tier 3,http://www.mona.ac.in,info@mona.ac.in,admissions@mona.ac.in,placement@mona.ac.in,+91-80-244-6890,Mechanical Engineering,Diploma,60,360,2018,Rural,Yes,Yes
1-44754348273,1-44754348273,U-0698,MONA POLYTECHNIC COLLEGE,Active,Bihar,Patna,Patna,"KASHINAGAR, BELDARICHAK",800155,25.579934,85.124211,Private-Self Financing,"State Board of Technical Education, Patna",Approved,Approved,A+,No,,Tier 3,http://www.mona.ac.in,info@mona.ac.in,admissions@mona.ac.in,placement@mona.ac.in,+91-80-244-6890,Civil Engineering,Diploma,120,360,2018,Rural,Yes,Yes
1-44753822013,1-44753822013,U-0698,GYANSAROVER INSTITUTE OF MANAGEMENT AND TECHNOLOGY,Active,Bihar,Patna,Patna,"SURENDRA VIHAR, ARAP",800155,25.593983,85.1365,Private-Self Financing,"State Board of Technical Education, Patna",Approved,Approved,A+,Yes,,Tier 2,http://www.gyansarovermanagement.ac.in,info@gyansarovermanagement.ac.in,admissions@gyansarovermanagement.ac.in,placement@gyansarovermanagement.ac.in,+91-80-833-9320,Civil Engineering,Diploma,180,360,1994,Rural,No,Yes
1-44753822013,1-44753822013,U-0698,GYANSAROVER INSTITUTE OF MANAGEMENT AND TECHNOLOGY,Active,Bihar,Patna,Patna,"SURENDRA VIHAR, ARAP",800155,25.593983,85.1365,Private-Self Financing,"State Board of Technical Education, Patna",Approved,Approved,A+,Yes,,Tier 2,http://www.gyansarovermanagement.ac.in,info@gyansarovermanagement.ac.in,admissions@gyansarovermanagement.ac.in,placement@gyansarovermanagement.ac.in,+91-80-833-9320,Computer Science Engineering (CSE),Diploma,60,360,1994,Rural,No,Yes
1-44753822013,1-44753822013,U-0698,GYANSAROVER INSTITUTE OF MANAGEMENT AND TECHNOLOGY,Active,Bihar,Patna,Patna,"SURENDRA VIHAR, ARAP",800155,25.593983,85.1365,Private-Self Financing,"State Board of Technical Education, Patna",Approved,Approved,A+,Yes,,Tier 2,http://www.gyansarovermanagement.ac.in,info@gyansarovermanagement.ac.in,admissions@gyansarovermanagement.ac.in,placement@gyansarovermanagement.ac.in,+91-80-833-9320,Electrical Engineering,Diploma,60,360,1994,Rural,No,Yes
1-44753822013,1-44753822013,U-0698,GYANSAROVER INSTITUTE OF MANAGEMENT AND TECHNOLOGY,Active,Bihar,Patna,Patna,"SURENDRA VIHAR, ARAP",800155,25.593983,85.1365,Private-Self Financing,"State Board of Technical Education, Patna",Approved,Approved,A+,Yes,,Tier 2,http://www.gyansarovermanagement.ac.in,info@gyansarovermanagement.ac.in,admissions@gyansarovermanagement.ac.in,placement@gyansarovermanagement.ac.in,+91-80-833-9320,Other Engineering Branches,Diploma,60,360,1994,Rural,No,Yes
1-44753866603,1-44753866603,U-0698,PATLIPUTRA INSTITUTE OF MANAGEMENT AND TECHNOLOGY,Active,Bihar,Patna,Patna,"SHAHPUR, DANAPUR CANNT",800155,25.612423,85.155511,Private-Self Financing,"State Board of Technical Education, Patna",Approved,Approved,A+,No,,Tier 3,http://www.patliputramanagement.ac.in,info@patliputramanagement.ac.in,admissions@patliputramanagement.ac.in,placement@patliputramanagement.ac.in,+91-80-607-3970,Civil Engineering,Diploma,120,360,1991,Rural,Yes,Yes
1-44753866603,1-44753866603,U-0698,PATLIPUTRA INSTITUTE OF MANAGEMENT AND TECHNOLOGY,Active,Bihar,Patna,Patna,"SHAHPUR, DANAPUR CANNT",800155,25.612423,85.155511,Private-Self Financing,"State Board of Technical Education, Patna",Approved,Approved,A+,No,,Tier 3,http://www.patliputramanagement.ac.in,info@patliputramanagement.ac.in,admissions@patliputramanagement.ac.in,placement@patliputramanagement.ac.in,+91-80-607-3970,Mechanical Engineering,Diploma,60,360,1991,Rural,Yes,Yes
1-44753866603,1-44753866603,U-0698,PATLIPUTRA INSTITUTE OF MANAGEMENT AND TECHNOLOGY,Active,Bihar,Patna,Patna,"SHAHPUR, DANAPUR CANNT",800155,25.612423,85.155511,Private-Self Financing,"State Board of Technical Education, Patna",Approved,Approved,A+,No,,Tier 3,http://www.patliputramanagement.ac.in,info@patliputramanagement.ac.in,admissions@patliputramanagement.ac.in,placement@patliputramanagement.ac.in,+91-80-607-3970,Computer Science Engineering (CSE),Diploma,60,360,1991,Rural,Yes,Yes
1-44753866603,1-44753866603,U-0698,PATLIPUTRA INSTITUTE OF MANAGEMENT AND TECHNOLOGY,Active,Bihar,Patna,Patna,"SHAHPUR, DANAPUR CANNT",800155,25.612423,85.155511,Private-Self Financing,"State Board of Technical Education, Patna",Approved,Approved,A+,No,,Tier 3,http://www.patliputramanagement.ac.in,info@patliputramanagement.ac.in,admissions@patliputramanagement.ac.in,placement@patliputramanagement.ac.in,+91-80-607-3970,Electrical Engineering,Diploma,60,360,1991,Rural,Yes,Yes
1-44753866603,1-44753866603,U-0698,PATLIPUTRA INSTITUTE OF MANAGEMENT AND TECHNOLOGY,Active,Bihar,Patna,Patna,"SHAHPUR, DANAPUR CANNT",800155,25.612423,85.155511,Private-Self Financing,"State Board of Technical Education, Patna",Approved,Approved,A+,No,,Tier 3,http://www.patliputramanagement.ac.in,info@patliputramanagement.ac.in,admissions@patliputramanagement.ac.in,placement@patliputramanagement.ac.in,+91-80-607-3970,Other Engineering Branches,Diploma,60,360,1991,Rural,Yes,Yes
1-44754378323,1-44754378323,U-0698,SIR BD SINGH INSTITUTE OF TECHNOLOGY,Active,Bihar,Patna,Patna,"GAURICHAK,PATNA-800007 NEAR IMPACT COLLEGE MAIN CAMPUS",800007,25.610885,85.140263,Private-Self Financing,"State Board of Technical Education, Patna",Approved,Approved,A,No,,Tier 3,http://www.sirbdsingh.ac.in,info@sirbdsingh.ac.in,admissions@sirbdsingh.ac.in,placement@sirbdsingh.ac.in,+91-80-542-8753,Computer Science Engineering (CSE),Diploma,60,360,2005,Urban,Yes,Yes
1-44754378323,1-44754378323,U-0698,SIR BD SINGH INSTITUTE OF TECHNOLOGY,Active,Bihar,Patna,Patna,"GAURICHAK,PATNA-800007 NEAR IMPACT COLLEGE MAIN CAMPUS",800007,25.610885,85.140263,Private-Self Financing,"State Board of Technical Education, Patna",Approved,Approved,A,No,,Tier 3,http://www.sirbdsingh.ac.in,info@sirbdsingh.ac.in,admissions@sirbdsingh.ac.in,placement@sirbdsingh.ac.in,+91-80-542-8753,Civil Engineering,Diploma,120,360,2005,Urban,Yes,Yes
1-44754378323,1-44754378323,U-0698,SIR BD SINGH INSTITUTE OF TECHNOLOGY,Active,Bihar,Patna,Patna,"GAURICHAK,PATNA-800007 NEAR IMPACT COLLEGE MAIN CAMPUS",800007,25.610885,85.140263,Private-Self Financing,"State Board of Technical Education, Patna",Approved,Approved,A,No,,Tier 3,http://www.sirbdsingh.ac.in,info@sirbdsingh.ac.in,admissions@sirbdsingh.ac.in,placement@sirbdsingh.ac.in,+91-80-542-8753,Electrical Engineering,Diploma,60,360,2005,Urban,Yes,Yes
1-44754378323,1-44754378323,U-0698,SIR BD SINGH INSTITUTE OF TECHNOLOGY,Active,Bihar,Patna,Patna,"GAURICHAK,PATNA-800007 NEAR IMPACT COLLEGE MAIN CAMPUS",800007,25.610885,85.140263,Private-Self Financing,"State Board of Technical Education, Patna",Approved,Approved,A,No,,Tier 3,http://www.sirbdsingh.ac.in,info@sirbdsingh.ac.in,admissions@sirbdsingh.ac.in,placement@sirbdsingh.ac.in,+91-80-542-8753,Mechanical Engineering,Diploma,60,360,2005,Urban,Yes,Yes
1-44754378323,1-44754378323,U-0698,SIR BD SINGH INSTITUTE OF TECHNOLOGY,Active,Bihar,Patna,Patna,"GAURICHAK,PATNA-800007 NEAR IMPACT COLLEGE MAIN CAMPUS",800007,25.610885,85.140263,Private-Self Financing,"State Board of Technical Education, Patna",Approved,Approved,A,No,,Tier 3,http://www.sirbdsingh.ac.in,info@sirbdsingh.ac.in,admissions@sirbdsingh.ac.in,placement@sirbdsingh.ac.in,+91-80-542-8753,Other Engineering Branches,Diploma,60,360,2005,Urban,Yes,Yes
1-44754599119,1-44754599119,U-0698,RDS INSTITUTE OF TECHNOLOGY,Active,Bihar,Gaya,Gaya,PANER,800898,25.082497,85.312449,Private-Self Financing,"State Board of Technical Education, Patna",Approved,Approved,B+,No,,Tier 3,http://www.rds.ac.in,info@rds.ac.in,admissions@rds.ac.in,placement@rds.ac.in,+91-80-268-3003,Civil Engineering,Diploma,150,360,1990,Rural,Yes,Yes
1-44754599119,1-44754599119,U-0698,RDS INSTITUTE OF TECHNOLOGY,Active,Bihar,Gaya,Gaya,PANER,800898,25.082497,85.312449,Private-Self Financing,"State Board of Technical Education, Patna",Approved,Approved,B+,No,,Tier 3,http://www.rds.ac.in,info@rds.ac.in,admissions@rds.ac.in,placement@rds.ac.in,+91-80-268-3003,Electrical Engineering,Diploma,60,360,1990,Rural,Yes,Yes
1-44754599119,1-44754599119,U-0698,RDS INSTITUTE OF TECHNOLOGY,Active,Bihar,Gaya,Gaya,PANER,800898,25.082497,85.312449,Private-Self Financing,"State Board of Technical Education, Patna",Approved,Approved,B+,No,,Tier 3,http://www.rds.ac.in,info@rds.ac.in,admissions@rds.ac.in,placement@rds.ac.in,+91-80-268-3003,Mechanical Engineering,Diploma,60,360,1990,Rural,Yes,Yes
1-44754599119,1-44754599119,U-0698,RDS INSTITUTE OF TECHNOLOGY,Active,Bihar,Gaya,Gaya,PANER,800898,25.082497,85.312449,Private-Self Financing,"State Board of Technical Education, Patna",Approved,Approved,B+,No,,Tier 3,http://www.rds.ac.in,info@rds.ac.in,admissions@rds.ac.in,placement@rds.ac.in,+91-80-268-3003,Computer Science Engineering (CSE),Diploma,30,360,1990,Rural,Yes,Yes
1-44754599119,1-44754599119,U-0698,RDS INSTITUTE OF TECHNOLOGY,Active,Bihar,Gaya,Gaya,PANER,800898,25.082497,85.312449,Private-Self Financing,"State Board of Technical Education, Patna",Approved,Approved,B+,No,,Tier 3,http://www.rds.ac.in,info@rds.ac.in,admissions@rds.ac.in,placement@rds.ac.in,+91-80-268-3003,Mining Engineering,Diploma,30,360,1990,Rural,Yes,Yes
1-44754599119,1-44754599119,U-0698,RDS INSTITUTE OF TECHNOLOGY,Active,Bihar,Gaya,Gaya,PANER,800898,25.082497,85.312449,Private-Self Financing,"State Board of Technical Education, Patna",Approved,Approved,B+,No,,Tier 3,http://www.rds.ac.in,info@rds.ac.in,admissions@rds.ac.in,placement@rds.ac.in,+91-80-268-3003,Chemical Engineering,Diploma,30,360,1990,Rural,Yes,Yes
1-44754969393,1-44754969393,U-0698,CHAMPARAN COLLEGE,Active,Bihar,West Champaran,West Champaran,"BHAIROGANJ, BAGAHA, WEST CHAMPARAN",800487,25.115997,85.309939,Private-Self Financing,"State Board of Technical Education, Patna",Approved,Approved,Not Accredited,No,,Tier 3,http://www.champaran.ac.in,info@champaran.ac.in,admissions@champaran.ac.in,placement@champaran.ac.in,+91-80-673-3803,Computer Science Engineering (CSE),Diploma,60,360,1980,Urban,Yes,Yes
1-44754969393,1-44754969393,U-0698,CHAMPARAN COLLEGE,Active,Bihar,West Champaran,West Champaran,"BHAIROGANJ, BAGAHA, WEST CHAMPARAN",800487,25.115997,85.309939,Private-Self Financing,"State Board of Technical Education, Patna",Approved,Approved,Not Accredited,No,,Tier 3,http://www.champaran.ac.in,info@champaran.ac.in,admissions@champaran.ac.in,placement@champaran.ac.in,+91-80-673-3803,Civil Engineering,Diploma,60,360,1980,Urban,Yes,Yes
1-44754969393,1-44754969393,U-0698,CHAMPARAN COLLEGE,Active,Bihar,West Champaran,West Champaran,"BHAIROGANJ, BAGAHA, WEST CHAMPARAN",800487,25.115997,85.309939,Private-Self Financing,"State Board of Technical Education, Patna",Approved,Approved,Not Accredited,No,,Tier 3,http://www.champaran.ac.in,info@champaran.ac.in,admissions@champaran.ac.in,placement@champaran.ac.in,+91-80-673-3803,Mechanical Engineering,Diploma,90,360,1980,Urban,Yes,Yes
1-44754969393,1-44754969393,U-0698,CHAMPARAN COLLEGE,Active,Bihar,West Champaran,West Champaran,"BHAIROGANJ, BAGAHA, WEST CHAMPARAN",800487,25.115997,85.309939,Private-Self Financing,"State Board of Technical Education, Patna",Approved,Approved,Not Accredited,No,,Tier 3,http://www.champaran.ac.in,info@champaran.ac.in,admissions@champaran.ac.in,placement@champaran.ac.in,+91-80-673-3803,Electrical & Electronics Engineering (EEE),Diploma,90,360,1980,Urban,Yes,Yes
1-44754969393,1-44754969393,U-0698,CHAMPARAN COLLEGE,Active,Bihar,West Champaran,West Champaran,"BHAIROGANJ, BAGAHA, WEST CHAMPARAN",800487,25.115997,85.309939,Private-Self Financing,"State Board of Technical Education, Patna",Approved,Approved,Not Accredited,No,,Tier 3,http://www.champaran.ac.in,info@champaran.ac.in,admissions@champaran.ac.in,placement@champaran.ac.in,+91-80-673-3803,Other Engineering Branches,Diploma,60,360,1980,Urban,Yes,Yes
1-44755705313,1-44755705313,U-0698,R L POLYTECHNIC COLLEGE,Active,Bihar,Nalanda,Nalanda,"AT- CHOTKI DHAWA, EKANGAR SARAI",800534,25.088984,85.315495,Private-Self Financing,"State Board of Technical Education, Patna",Approved,Approved,A,No,,Tier 3,http://www.rl.ac.in,info@rl.ac.in,admissions@rl.ac.in,placement@rl.ac.in,+91-80-540-4047,Civil Engineering,Diploma,120,360,2009,Urban,Yes,Yes
1-44755705313,1-44755705313,U-0698,R L POLYTECHNIC COLLEGE,Active,Bihar,Nalanda,Nalanda,"AT- CHOTKI DHAWA, EKANGAR SARAI",800534,25.088984,85.315495,Private-Self Financing,"State Board of Technical Education, Patna",Approved,Approved,A,No,,Tier 3,http://www.rl.ac.in,info@rl.ac.in,admissions@rl.ac.in,placement@rl.ac.in,+91-80-540-4047,Mechanical Engineering,Diploma,60,360,2009,Urban,Yes,Yes
1-44755705313,1-44755705313,U-0698,R L POLYTECHNIC COLLEGE,Active,Bihar,Nalanda,Nalanda,"AT- CHOTKI DHAWA, EKANGAR SARAI",800534,25.088984,85.315495,Private-Self Financing,"State Board of Technical Education, Patna",Approved,Approved,A,No,,Tier 3,http://www.rl.ac.in,info@rl.ac.in,admissions@rl.ac.in,placement@rl.ac.in,+91-80-540-4047,Computer Science Engineering (CSE),Diploma,60,360,2009,Urban,Yes,Yes
1-44755705313,1-44755705313,U-0698,R L POLYTECHNIC COLLEGE,Active,Bihar,Nalanda,Nalanda,"AT- CHOTKI DHAWA, EKANGAR SARAI",800534,25.088984,85.315495,Private-Self Financing,"State Board of Technical Education, Patna",Approved,Approved,A,No,,Tier 3,http://www.rl.ac.in,info@rl.ac.in,admissions@rl.ac.in,placement@rl.ac.in,+91-80-540-4047,Electrical Engineering,Diploma,60,360,2009,Urban,Yes,Yes
1-44755705313,1-44755705313,U-0698,R L POLYTECHNIC COLLEGE,Active,Bihar,Nalanda,Nalanda,"AT- CHOTKI DHAWA, EKANGAR SARAI",800534,25.088984,85.315495,Private-Self Financing,"State Board of Technical Education, Patna",Approved,Approved,A,No,,Tier 3,http://www.rl.ac.in,info@rl.ac.in,admissions@rl.ac.in,placement@rl.ac.in,+91-80-540-4047,Other Engineering Branches,Diploma,60,360,2009,Urban,Yes,Yes
1-44753492003,1-44753492003,U-0698,VIVEKANAND INSTITIUTE OF TECHNOLOGY,Active,Bihar,Patna,Patna,"GAURA JAGDISHPUR, NAUBATPUR, DARIAPUR, THANA NO - 93",800155,25.60542,85.119168,Private-Self Financing,"State Board of Technical Education, Patna",Approved,Approved,A+,No,,Tier 3,http://www.vivekanandinstitiute.ac.in,info@vivekanandinstitiute.ac.in,admissions@vivekanandinstitiute.ac.in,placement@vivekanandinstitiute.ac.in,+91-80-313-6394,Electrical Engineering,Diploma,60,360,2005,Rural,Yes,Yes
1-44753492003,1-44753492003,U-0698,VIVEKANAND INSTITIUTE OF TECHNOLOGY,Active,Bihar,Patna,Patna,"GAURA JAGDISHPUR, NAUBATPUR, DARIAPUR, THANA NO - 93",800155,25.60542,85.119168,Private-Self Financing,"State Board of Technical Education, Patna",Approved,Approved,A+,No,,Tier 3,http://www.vivekanandinstitiute.ac.in,info@vivekanandinstitiute.ac.in,admissions@vivekanandinstitiute.ac.in,placement@vivekanandinstitiute.ac.in,+91-80-313-6394,Civil Engineering,Diploma,120,360,2005,Rural,Yes,Yes
1-44753492003,1-44753492003,U-0698,VIVEKANAND INSTITIUTE OF TECHNOLOGY,Active,Bihar,Patna,Patna,"GAURA JAGDISHPUR, NAUBATPUR, DARIAPUR, THANA NO - 93",800155,25.60542,85.119168,Private-Self Financing,"State Board of Technical Education, Patna",Approved,Approved,A+,No,,Tier 3,http://www.vivekanandinstitiute.ac.in,info@vivekanandinstitiute.ac.in,admissions@vivekanandinstitiute.ac.in,placement@vivekanandinstitiute.ac.in,+91-80-313-6394,Computer Science Engineering (CSE),Diploma,120,360,2005,Rural,Yes,Yes
1-44753492003,1-44753492003,U-0698,VIVEKANAND INSTITIUTE OF TECHNOLOGY,Active,Bihar,Patna,Patna,"GAURA JAGDISHPUR, NAUBATPUR, DARIAPUR, THANA NO - 93",800155,25.60542,85.119168,Private-Self Financing,"State Board of Technical Education, Patna",Approved,Approved,A+,No,,Tier 3,http://www.vivekanandinstitiute.ac.in,info@vivekanandinstitiute.ac.in,admissions@vivekanandinstitiute.ac.in,placement@vivekanandinstitiute.ac.in,+91-80-313-6394,Other Engineering Branches,Diploma,60,360,2005,Rural,Yes,Yes
1-44753536273,1-44753536273,U-0440,J P COLLEGE OF ENGINEERING,Active,Bihar,Nalanda,Nalanda,"AT-BIYABANI, PO-MAGHRA, PS-DEEPNAGAR, NEAR GOLAPUR AIRPORT",800534,25.112158,85.326923,Private-Self Financing,Bihar Engineering University,Approved,Approved,B++,Yes,,Tier 3,http://www.jp.ac.in,info@jp.ac.in,admissions@jp.ac.in,placement@jp.ac.in,+91-80-512-3928,Artificial Intelligence & Machine Learning (AI & ML),B.Tech,60,360,2017,Urban,Yes,Yes
1-44753536273,1-44753536273,U-0440,J P COLLEGE OF ENGINEERING,Active,Bihar,Nalanda,Nalanda,"AT-BIYABANI, PO-MAGHRA, PS-DEEPNAGAR, NEAR GOLAPUR AIRPORT",800534,25.112158,85.326923,Private-Self Financing,Bihar Engineering University,Approved,Approved,B++,Yes,,Tier 3,http://www.jp.ac.in,info@jp.ac.in,admissions@jp.ac.in,placement@jp.ac.in,+91-80-512-3928,Civil Engineering,B.Tech,60,360,2017,Urban,Yes,Yes
1-44753536273,1-44753536273,U-0440,J P COLLEGE OF ENGINEERING,Active,Bihar,Nalanda,Nalanda,"AT-BIYABANI, PO-MAGHRA, PS-DEEPNAGAR, NEAR GOLAPUR AIRPORT",800534,25.112158,85.326923,Private-Self Financing,Bihar Engineering University,Approved,Approved,B++,Yes,,Tier 3,http://www.jp.ac.in,info@jp.ac.in,admissions@jp.ac.in,placement@jp.ac.in,+91-80-512-3928,Electrical Engineering,B.Tech,60,360,2017,Urban,Yes,Yes
1-44753536273,1-44753536273,U-0440,J P COLLEGE OF ENGINEERING,Active,Bihar,Nalanda,Nalanda,"AT-BIYABANI, PO-MAGHRA, PS-DEEPNAGAR, NEAR GOLAPUR AIRPORT",800534,25.112158,85.326923,Private-Self Financing,Bihar Engineering University,Approved,Approved,B++,Yes,,Tier 3,http://www.jp.ac.in,info@jp.ac.in,admissions@jp.ac.in,placement@jp.ac.in,+91-80-512-3928,Mechanical Engineering,B.Tech,60,360,2017,Urban,Yes,Yes
1-44753536273,1-44753536273,U-0440,J P COLLEGE OF ENGINEERING,Active,Bihar,Nalanda,Nalanda,"AT-BIYABANI, PO-MAGHRA, PS-DEEPNAGAR, NEAR GOLAPUR AIRPORT",800534,25.112158,85.326923,Private-Self Financing,Bihar Engineering University,Approved,Approved,B++,Yes,,Tier 3,http://www.jp.ac.in,info@jp.ac.in,admissions@jp.ac.in,placement@jp.ac.in,+91-80-512-3928,Computer Science Engineering (CSE),B.Tech,90,360,2017,Urban,Yes,Yes
1-44753536273,1-44753536273,U-0440,J P COLLEGE OF ENGINEERING,Active,Bihar,Nalanda,Nalanda,"AT-BIYABANI, PO-MAGHRA, PS-DEEPNAGAR, NEAR GOLAPUR AIRPORT",800534,25.112158,85.326923,Private-Self Financing,Bihar Engineering University,Approved,Approved,B++,Yes,,Tier 3,http://www.jp.ac.in,info@jp.ac.in,admissions@jp.ac.in,placement@jp.ac.in,+91-80-512-3928,Information Technology (IT),B.Tech,30,360,2017,Urban,Yes,Yes
1-44754796763,1-44754796763,U-0339,DENALI COLLEGE OF MANAGEMENT AND TECHNOLOGY,Active,Bihar,Vaishali,Vaishali,"VILL. KANHAULI, HAJIPUR-MAHUA ROAD",800990,25.101283,85.328326,Private-Self Financing,NONE,Approved,Approved,B+,No,,Tier 3,http://www.denalimanagement.ac.in,info@denalimanagement.ac.in,admissions@denalimanagement.ac.in,placement@denalimanagement.ac.in,+91-80-056-2785,Civil Engineering,Diploma,120,360,2021,Rural,Yes,No
1-44754796763,1-44754796763,U-0339,DENALI COLLEGE OF MANAGEMENT AND TECHNOLOGY,Active,Bihar,Vaishali,Vaishali,"VILL. KANHAULI, HAJIPUR-MAHUA ROAD",800990,25.101283,85.328326,Private-Self Financing,NONE,Approved,Approved,B+,No,,Tier 3,http://www.denalimanagement.ac.in,info@denalimanagement.ac.in,admissions@denalimanagement.ac.in,placement@denalimanagement.ac.in,+91-80-056-2785,Computer Science Engineering (CSE),Diploma,60,360,2021,Rural,Yes,No
1-44754796763,1-44754796763,U-0339,DENALI COLLEGE OF MANAGEMENT AND TECHNOLOGY,Active,Bihar,Vaishali,Vaishali,"VILL. KANHAULI, HAJIPUR-MAHUA ROAD",800990,25.101283,85.328326,Private-Self Financing,NONE,Approved,Approved,B+,No,,Tier 3,http://www.denalimanagement.ac.in,info@denalimanagement.ac.in,admissions@denalimanagement.ac.in,placement@denalimanagement.ac.in,+91-80-056-2785,Other Engineering Branches,Diploma,60,360,2021,Rural,Yes,No
1-44754796763,1-44754796763,U-0339,DENALI COLLEGE OF MANAGEMENT AND TECHNOLOGY,Active,Bihar,Vaishali,Vaishali,"VILL. KANHAULI, HAJIPUR-MAHUA ROAD",800990,25.101283,85.328326,Private-Self Financing,NONE,Approved,Approved,B+,No,,Tier 3,http://www.denalimanagement.ac.in,info@denalimanagement.ac.in,admissions@denalimanagement.ac.in,placement@denalimanagement.ac.in,+91-80-056-2785,Electrical Engineering,Diploma,120,360,2021,Rural,Yes,No
1-44754511223,1-44754511223,U-0698,KUSUMRAJ EDUCATIONAL INSTITUTION,Active,Bihar,Patna,Patna,"VILLAGE-MORIAWAN, P.O-DATIYAN, BIKRAM, DIST: PATNA, BIHAR-801104",801104,25.610849,85.138261,Private-Self Financing,"State Board of Technical Education, Patna",Approved,Approved,B,Yes,,Tier 3,http://www.kusumrajeducationalinstitution.ac.in,info@kusumrajeducationalinstitution.ac.in,admissions@kusumrajeducationalinstitution.ac.in,placement@kusumrajeducationalinstitution.ac.in,+91-80-541-3636,Computer Science Engineering (CSE),Diploma,60,240,2002,Urban,Yes,Yes
1-44754511223,1-44754511223,U-0698,KUSUMRAJ EDUCATIONAL INSTITUTION,Active,Bihar,Patna,Patna,"VILLAGE-MORIAWAN, P.O-DATIYAN, BIKRAM, DIST: PATNA, BIHAR-801104",801104,25.610849,85.138261,Private-Self Financing,"State Board of Technical Education, Patna",Approved,Approved,B,Yes,,Tier 3,http://www.kusumrajeducationalinstitution.ac.in,info@kusumrajeducationalinstitution.ac.in,admissions@kusumrajeducationalinstitution.ac.in,placement@kusumrajeducationalinstitution.ac.in,+91-80-541-3636,Civil Engineering,Diploma,60,240,2002,Urban,Yes,Yes
1-44754511223,1-44754511223,U-0698,KUSUMRAJ EDUCATIONAL INSTITUTION,Active,Bihar,Patna,Patna,"VILLAGE-MORIAWAN, P.O-DATIYAN, BIKRAM, DIST: PATNA, BIHAR-801104",801104,25.610849,85.138261,Private-Self Financing,"State Board of Technical Education, Patna",Approved,Approved,B,Yes,,Tier 3,http://www.kusumrajeducationalinstitution.ac.in,info@kusumrajeducationalinstitution.ac.in,admissions@kusumrajeducationalinstitution.ac.in,placement@kusumrajeducationalinstitution.ac.in,+91-80-541-3636,Electrical Engineering,Diploma,60,240,2002,Urban,Yes,Yes
1-44754511223,1-44754511223,U-0698,KUSUMRAJ EDUCATIONAL INSTITUTION,Active,Bihar,Patna,Patna,"VILLAGE-MORIAWAN, P.O-DATIYAN, BIKRAM, DIST: PATNA, BIHAR-801104",801104,25.610849,85.138261,Private-Self Financing,"State Board of Technical Education, Patna",Approved,Approved,B,Yes,,Tier 3,http://www.kusumrajeducationalinstitution.ac.in,info@kusumrajeducationalinstitution.ac.in,admissions@kusumrajeducationalinstitution.ac.in,placement@kusumrajeducationalinstitution.ac.in,+91-80-541-3636,Mechanical Engineering,Diploma,60,240,2002,Urban,Yes,Yes
1-44756685247,1-44756685247,U-0698,HIMALAYA INSTITUTE OF TECHNOLOGY,Active,Bihar,Patna,Patna,"EBRAHIMPUR, AWADHARA, PATNA, BIHAR",800155,25.609976,85.155024,Private-Self Financing,"State Board of Technical Education, Patna",Approved,Approved,A,No,,Tier 3,http://www.himalaya.ac.in,info@himalaya.ac.in,admissions@himalaya.ac.in,placement@himalaya.ac.in,+91-80-504-7663,Civil Engineering,Diploma,180,360,1998,Urban,No,Yes
1-44756685247,1-44756685247,U-0698,HIMALAYA INSTITUTE OF TECHNOLOGY,Active,Bihar,Patna,Patna,"EBRAHIMPUR, AWADHARA, PATNA, BIHAR",800155,25.609976,85.155024,Private-Self Financing,"State Board of Technical Education, Patna",Approved,Approved,A,No,,Tier 3,http://www.himalaya.ac.in,info@himalaya.ac.in,admissions@himalaya.ac.in,placement@himalaya.ac.in,+91-80-504-7663,Electrical Engineering,Diploma,60,360,1998,Urban,No,Yes
1-44756685247,1-44756685247,U-0698,HIMALAYA INSTITUTE OF TECHNOLOGY,Active,Bihar,Patna,Patna,"EBRAHIMPUR, AWADHARA, PATNA, BIHAR",800155,25.609976,85.155024,Private-Self Financing,"State Board of Technical Education, Patna",Approved,Approved,A,No,,Tier 3,http://www.himalaya.ac.in,info@himalaya.ac.in,admissions@himalaya.ac.in,placement@himalaya.ac.in,+91-80-504-7663,Mechanical Engineering,Diploma,60,360,1998,Urban,No,Yes
1-44756685247,1-44756685247,U-0698,HIMALAYA INSTITUTE OF TECHNOLOGY,Active,Bihar,Patna,Patna,"EBRAHIMPUR, AWADHARA, PATNA, BIHAR",800155,25.609976,85.155024,Private-Self Financing,"State Board of Technical Education, Patna",Approved,Approved,A,No,,Tier 3,http://www.himalaya.ac.in,info@himalaya.ac.in,admissions@himalaya.ac.in,placement@himalaya.ac.in,+91-80-504-7663,Computer Science Engineering (CSE),Diploma,60,360,1998,Urban,No,Yes
1-44753821483,1-44753821483,U-0057,FACULTY OF INFORMATION TECHNOLOGY AND ENGINEERING,Active,Bihar,Rohtas,Rohtas,"VILLAGE+PO-JAMUHAR, PS-DEHRI",800087,25.091569,85.297833,State Private University,GOPAL NARAYAN SINGH UNIVERSITY,Approved,Approved,A+,No,,Tier 3,http://www.facultyinformation.ac.in,info@facultyinformation.ac.in,admissions@facultyinformation.ac.in,placement@facultyinformation.ac.in,+91-80-648-8094,Computer Science Engineering (CSE),B.Tech,120,300,2016,Rural,No,Yes
1-44753821483,1-44753821483,U-0057,FACULTY OF INFORMATION TECHNOLOGY AND ENGINEERING,Active,Bihar,Rohtas,Rohtas,"VILLAGE+PO-JAMUHAR, PS-DEHRI",800087,25.091569,85.297833,State Private University,GOPAL NARAYAN SINGH UNIVERSITY,Approved,Approved,A+,No,,Tier 3,http://www.facultyinformation.ac.in,info@facultyinformation.ac.in,admissions@facultyinformation.ac.in,placement@facultyinformation.ac.in,+91-80-648-8094,Artificial Intelligence & Machine Learning (AI & ML),B.Tech,60,300,2016,Rural,No,Yes
1-44753821483,1-44753821483,U-0057,FACULTY OF INFORMATION TECHNOLOGY AND ENGINEERING,Active,Bihar,Rohtas,Rohtas,"VILLAGE+PO-JAMUHAR, PS-DEHRI",800087,25.091569,85.297833,State Private University,GOPAL NARAYAN SINGH UNIVERSITY,Approved,Approved,A+,No,,Tier 3,http://www.facultyinformation.ac.in,info@facultyinformation.ac.in,admissions@facultyinformation.ac.in,placement@facultyinformation.ac.in,+91-80-648-8094,Electronics & Communication Engineering (ECE),B.Tech,60,300,2016,Rural,No,Yes
1-44753821483,1-44753821483,U-0057,FACULTY OF INFORMATION TECHNOLOGY AND ENGINEERING,Active,Bihar,Rohtas,Rohtas,"VILLAGE+PO-JAMUHAR, PS-DEHRI",800087,25.091569,85.297833,State Private University,GOPAL NARAYAN SINGH UNIVERSITY,Approved,Approved,A+,No,,Tier 3,http://www.facultyinformation.ac.in,info@facultyinformation.ac.in,admissions@facultyinformation.ac.in,placement@facultyinformation.ac.in,+91-80-648-8094,Agricultural Engineering,B.Tech,60,300,2016,Rural,No,Yes
1-44754830773,1-44754830773,U-0698,ARYAMAN HIGHER EDUCATION,Active,Bihar,Nalanda,Nalanda,"ARVIND MARG, LACHHUBIGHA, MAHANANDPUR, NAGARNAUSA, NALANDA-801305",801305,25.094419,85.294741,Private-Self Financing,"State Board of Technical Education, Patna",Approved,Approved,B++,No,,Tier 3,http://www.aryamanhighereducation.ac.in,info@aryamanhighereducation.ac.in,admissions@aryamanhighereducation.ac.in,placement@aryamanhighereducation.ac.in,+91-80-768-3338,Civil Engineering,Diploma,120,360,2006,Urban,Yes,Yes
1-44754830773,1-44754830773,U-0698,ARYAMAN HIGHER EDUCATION,Active,Bihar,Nalanda,Nalanda,"ARVIND MARG, LACHHUBIGHA, MAHANANDPUR, NAGARNAUSA, NALANDA-801305",801305,25.094419,85.294741,Private-Self Financing,"State Board of Technical Education, Patna",Approved,Approved,B++,No,,Tier 3,http://www.aryamanhighereducation.ac.in,info@aryamanhighereducation.ac.in,admissions@aryamanhighereducation.ac.in,placement@aryamanhighereducation.ac.in,+91-80-768-3338,Electrical Engineering,Diploma,60,360,2006,Urban,Yes,Yes
1-44754830773,1-44754830773,U-0698,ARYAMAN HIGHER EDUCATION,Active,Bihar,Nalanda,Nalanda,"ARVIND MARG, LACHHUBIGHA, MAHANANDPUR, NAGARNAUSA, NALANDA-801305",801305,25.094419,85.294741,Private-Self Financing,"State Board of Technical Education, Patna",Approved,Approved,B++,No,,Tier 3,http://www.aryamanhighereducation.ac.in,info@aryamanhighereducation.ac.in,admissions@aryamanhighereducation.ac.in,placement@aryamanhighereducation.ac.in,+91-80-768-3338,Computer Science Engineering (CSE),Diploma,60,360,2006,Urban,Yes,Yes
1-44754830773,1-44754830773,U-0698,ARYAMAN HIGHER EDUCATION,Active,Bihar,Nalanda,Nalanda,"ARVIND MARG, LACHHUBIGHA, MAHANANDPUR, NAGARNAUSA, NALANDA-801305",801305,25.094419,85.294741,Private-Self Financing,"State Board of Technical Education, Patna",Approved,Approved,B++,No,,Tier 3,http://www.aryamanhighereducation.ac.in,info@aryamanhighereducation.ac.in,admissions@aryamanhighereducation.ac.in,placement@aryamanhighereducation.ac.in,+91-80-768-3338,Other Engineering Branches,Diploma,120,360,2006,Urban,Yes,Yes
1-44754391303,1-44754391303,U-0698,VIDYA EDUCATION GROUP,Active,Bihar,Patna,Patna,"VILLAGE- HASADIH, P.O-MASAURHI",800155,25.591583,85.118872,Private-Self Financing,"State Board of Technical Education, Patna",Approved,Approved,A+,Yes,,Tier 2,http://www.vidyaeducation.ac.in,info@vidyaeducation.ac.in,admissions@vidyaeducation.ac.in,placement@vidyaeducation.ac.in,+91-80-733-2872,Computer Science Engineering (CSE),Diploma,120,300,2007,Rural,Yes,Yes
1-44754391303,1-44754391303,U-0698,VIDYA EDUCATION GROUP,Active,Bihar,Patna,Patna,"VILLAGE- HASADIH, P.O-MASAURHI",800155,25.591583,85.118872,Private-Self Financing,"State Board of Technical Education, Patna",Approved,Approved,A+,Yes,,Tier 2,http://www.vidyaeducation.ac.in,info@vidyaeducation.ac.in,admissions@vidyaeducation.ac.in,placement@vidyaeducation.ac.in,+91-80-733-2872,Civil Engineering,Diploma,60,300,2007,Rural,Yes,Yes
1-44754391303,1-44754391303,U-0698,VIDYA EDUCATION GROUP,Active,Bihar,Patna,Patna,"VILLAGE- HASADIH, P.O-MASAURHI",800155,25.591583,85.118872,Private-Self Financing,"State Board of Technical Education, Patna",Approved,Approved,A+,Yes,,Tier 2,http://www.vidyaeducation.ac.in,info@vidyaeducation.ac.in,admissions@vidyaeducation.ac.in,placement@vidyaeducation.ac.in,+91-80-733-2872,Electrical Engineering,Diploma,60,300,2007,Rural,Yes,Yes
1-44754391303,1-44754391303,U-0698,VIDYA EDUCATION GROUP,Active,Bihar,Patna,Patna,"VILLAGE- HASADIH, P.O-MASAURHI",800155,25.591583,85.118872,Private-Self Financing,"State Board of Technical Education, Patna",Approved,Approved,A+,Yes,,Tier 2,http://www.vidyaeducation.ac.in,info@vidyaeducation.ac.in,admissions@vidyaeducation.ac.in,placement@vidyaeducation.ac.in,+91-80-733-2872,Mechanical Engineering,Diploma,60,300,2007,Rural,Yes,Yes
1-44753839623,1-44753839623,U-0698,KRISHNA POLYTECHNIC COLLEGE,Active,Bihar,Gaya,Gaya,"CHOOTKI CHERKI ,DARIYAPUR,SHERGHATI ROAD",800898,25.11223,85.30351,Private-Self Financing,"State Board of Technical Education, Patna",Approved,Approved,B,No,,Tier 3,http://www.krishna.ac.in,info@krishna.ac.in,admissions@krishna.ac.in,placement@krishna.ac.in,+91-80-515-3730,Civil Engineering,Diploma,120,360,1981,Urban,Yes,Yes
1-44753839623,1-44753839623,U-0698,KRISHNA POLYTECHNIC COLLEGE,Active,Bihar,Gaya,Gaya,"CHOOTKI CHERKI ,DARIYAPUR,SHERGHATI ROAD",800898,25.11223,85.30351,Private-Self Financing,"State Board of Technical Education, Patna",Approved,Approved,B,No,,Tier 3,http://www.krishna.ac.in,info@krishna.ac.in,admissions@krishna.ac.in,placement@krishna.ac.in,+91-80-515-3730,Mechanical Engineering,Diploma,60,360,1981,Urban,Yes,Yes
1-44753839623,1-44753839623,U-0698,KRISHNA POLYTECHNIC COLLEGE,Active,Bihar,Gaya,Gaya,"CHOOTKI CHERKI ,DARIYAPUR,SHERGHATI ROAD",800898,25.11223,85.30351,Private-Self Financing,"State Board of Technical Education, Patna",Approved,Approved,B,No,,Tier 3,http://www.krishna.ac.in,info@krishna.ac.in,admissions@krishna.ac.in,placement@krishna.ac.in,+91-80-515-3730,Electrical Engineering,Diploma,60,360,1981,Urban,Yes,Yes
1-44753839623,1-44753839623,U-0698,KRISHNA POLYTECHNIC COLLEGE,Active,Bihar,Gaya,Gaya,"CHOOTKI CHERKI ,DARIYAPUR,SHERGHATI ROAD",800898,25.11223,85.30351,Private-Self Financing,"State Board of Technical Education, Patna",Approved,Approved,B,No,,Tier 3,http://www.krishna.ac.in,info@krishna.ac.in,admissions@krishna.ac.in,placement@krishna.ac.in,+91-80-515-3730,Other Engineering Branches,Diploma,60,360,1981,Urban,Yes,Yes
1-44753839623,1-44753839623,U-0698,KRISHNA POLYTECHNIC COLLEGE,Active,Bihar,Gaya,Gaya,"CHOOTKI CHERKI ,DARIYAPUR,SHERGHATI ROAD",800898,25.11223,85.30351,Private-Self Financing,"State Board of Technical Education, Patna",Approved,Approved,B,No,,Tier 3,http://www.krishna.ac.in,info@krishna.ac.in,admissions@krishna.ac.in,placement@krishna.ac.in,+91-80-515-3730,Computer Science Engineering (CSE),Diploma,60,360,1981,Urban,Yes,Yes
1-44755585323,1-44755585323,U-0698,MAA KANTI COLLEGE OF HIGHER EDUCATION,Active,Bihar,Patna,Patna,"VILLAGE-MAHAMMADPUR, NEAR GOVT. MIDDLE SCHOOL, GANGAPUR, PS-FATUWA ,",800155,25.598563,85.123729,Private-Self Financing,"State Board of Technical Education, Patna",Approved,Approved,B+,No,,Tier 3,http://www.maakantihigher.ac.in,info@maakantihigher.ac.in,admissions@maakantihigher.ac.in,placement@maakantihigher.ac.in,+91-80-026-0263,Computer Science Engineering (CSE),Diploma,60,240,1990,Rural,Yes,Yes
1-44755585323,1-44755585323,U-0698,MAA KANTI COLLEGE OF HIGHER EDUCATION,Active,Bihar,Patna,Patna,"VILLAGE-MAHAMMADPUR, NEAR GOVT. MIDDLE SCHOOL, GANGAPUR, PS-FATUWA ,",800155,25.598563,85.123729,Private-Self Financing,"State Board of Technical Education, Patna",Approved,Approved,B+,No,,Tier 3,http://www.maakantihigher.ac.in,info@maakantihigher.ac.in,admissions@maakantihigher.ac.in,placement@maakantihigher.ac.in,+91-80-026-0263,Civil Engineering,Diploma,60,240,1990,Rural,Yes,Yes
1-44755585323,1-44755585323,U-0698,MAA KANTI COLLEGE OF HIGHER EDUCATION,Active,Bihar,Patna,Patna,"VILLAGE-MAHAMMADPUR, NEAR GOVT. MIDDLE SCHOOL, GANGAPUR, PS-FATUWA ,",800155,25.598563,85.123729,Private-Self Financing,"State Board of Technical Education, Patna",Approved,Approved,B+,No,,Tier 3,http://www.maakantihigher.ac.in,info@maakantihigher.ac.in,admissions@maakantihigher.ac.in,placement@maakantihigher.ac.in,+91-80-026-0263,Electrical Engineering,Diploma,60,240,1990,Rural,Yes,Yes
1-44755585323,1-44755585323,U-0698,MAA KANTI COLLEGE OF HIGHER EDUCATION,Active,Bihar,Patna,Patna,"VILLAGE-MAHAMMADPUR, NEAR GOVT. MIDDLE SCHOOL, GANGAPUR, PS-FATUWA ,",800155,25.598563,85.123729,Private-Self Financing,"State Board of Technical Education, Patna",Approved,Approved,B+,No,,Tier 3,http://www.maakantihigher.ac.in,info@maakantihigher.ac.in,admissions@maakantihigher.ac.in,placement@maakantihigher.ac.in,+91-80-026-0263,Mechanical Engineering,Diploma,60,240,1990,Rural,Yes,Yes
1-44754329483,1-44754329483,U-0698,DAMYANTI DEVI POLYTECHNIC COLLEGE,Active,Bihar,Gaya,Gaya,DOBHI,800898,25.110693,85.319328,Private-Self Financing,"State Board of Technical Education, Patna",Approved,Approved,A,No,,Tier 3,http://www.damyantidevi.ac.in,info@damyantidevi.ac.in,admissions@damyantidevi.ac.in,placement@damyantidevi.ac.in,+91-80-450-9479,Civil Engineering,Diploma,180,360,1996,Urban,Yes,Yes
1-44754329483,1-44754329483,U-0698,DAMYANTI DEVI POLYTECHNIC COLLEGE,Active,Bihar,Gaya,Gaya,DOBHI,800898,25.110693,85.319328,Private-Self Financing,"State Board of Technical Education, Patna",Approved,Approved,A,No,,Tier 3,http://www.damyantidevi.ac.in,info@damyantidevi.ac.in,admissions@damyantidevi.ac.in,placement@damyantidevi.ac.in,+91-80-450-9479,Electrical Engineering,Diploma,60,360,1996,Urban,Yes,Yes
1-44754329483,1-44754329483,U-0698,DAMYANTI DEVI POLYTECHNIC COLLEGE,Active,Bihar,Gaya,Gaya,DOBHI,800898,25.110693,85.319328,Private-Self Financing,"State Board of Technical Education, Patna",Approved,Approved,A,No,,Tier 3,http://www.damyantidevi.ac.in,info@damyantidevi.ac.in,admissions@damyantidevi.ac.in,placement@damyantidevi.ac.in,+91-80-450-9479,Electrical & Electronics Engineering (EEE),Diploma,30,360,1996,Urban,Yes,Yes
1-44754329483,1-44754329483,U-0698,DAMYANTI DEVI POLYTECHNIC COLLEGE,Active,Bihar,Gaya,Gaya,DOBHI,800898,25.110693,85.319328,Private-Self Financing,"State Board of Technical Education, Patna",Approved,Approved,A,No,,Tier 3,http://www.damyantidevi.ac.in,info@damyantidevi.ac.in,admissions@damyantidevi.ac.in,placement@damyantidevi.ac.in,+91-80-450-9479,Mechanical Engineering,Diploma,30,360,1996,Urban,Yes,Yes
1-44754329483,1-44754329483,U-0698,DAMYANTI DEVI POLYTECHNIC COLLEGE,Active,Bihar,Gaya,Gaya,DOBHI,800898,25.110693,85.319328,Private-Self Financing,"State Board of Technical Education, Patna",Approved,Approved,A,No,,Tier 3,http://www.damyantidevi.ac.in,info@damyantidevi.ac.in,admissions@damyantidevi.ac.in,placement@damyantidevi.ac.in,+91-80-450-9479,Computer Science Engineering (CSE),Diploma,30,360,1996,Urban,Yes,Yes
1-44754329483,1-44754329483,U-0698,DAMYANTI DEVI POLYTECHNIC COLLEGE,Active,Bihar,Gaya,Gaya,DOBHI,800898,25.110693,85.319328,Private-Self Financing,"State Board of Technical Education, Patna",Approved,Approved,A,No,,Tier 3,http://www.damyantidevi.ac.in,info@damyantidevi.ac.in,admissions@damyantidevi.ac.in,placement@damyantidevi.ac.in,+91-80-450-9479,Other Engineering Branches,Diploma,30,360,1996,Urban,Yes,Yes
1-44753992963,1-44753992963,U-0698,RAM PRATAP INSTITUTE OF HIGHER EDUCATION,Active,Bihar,Gaya,Gaya,"VILL-GHUJJI, PO & PS- SHERGHATI, GAYA",800898,25.083282,85.297669,Private-Self Financing,"State Board of Technical Education, Patna",Approved,Approved,Not Accredited,No,,Tier 3,http://www.ramprataphigher.ac.in,info@ramprataphigher.ac.in,admissions@ramprataphigher.ac.in,placement@ramprataphigher.ac.in,+91-80-301-2125,Civil Engineering,Diploma,120,360,1984,Urban,No,Yes
1-44753992963,1-44753992963,U-0698,RAM PRATAP INSTITUTE OF HIGHER EDUCATION,Active,Bihar,Gaya,Gaya,"VILL-GHUJJI, PO & PS- SHERGHATI, GAYA",800898,25.083282,85.297669,Private-Self Financing,"State Board of Technical Education, Patna",Approved,Approved,Not Accredited,No,,Tier 3,http://www.ramprataphigher.ac.in,info@ramprataphigher.ac.in,admissions@ramprataphigher.ac.in,placement@ramprataphigher.ac.in,+91-80-301-2125,Electrical & Electronics Engineering (EEE),Diploma,60,360,1984,Urban,No,Yes
1-44753992963,1-44753992963,U-0698,RAM PRATAP INSTITUTE OF HIGHER EDUCATION,Active,Bihar,Gaya,Gaya,"VILL-GHUJJI, PO & PS- SHERGHATI, GAYA",800898,25.083282,85.297669,Private-Self Financing,"State Board of Technical Education, Patna",Approved,Approved,Not Accredited,No,,Tier 3,http://www.ramprataphigher.ac.in,info@ramprataphigher.ac.in,admissions@ramprataphigher.ac.in,placement@ramprataphigher.ac.in,+91-80-301-2125,Computer Science Engineering (CSE),Diploma,60,360,1984,Urban,No,Yes
1-44753992963,1-44753992963,U-0698,RAM PRATAP INSTITUTE OF HIGHER EDUCATION,Active,Bihar,Gaya,Gaya,"VILL-GHUJJI, PO & PS- SHERGHATI, GAYA",800898,25.083282,85.297669,Private-Self Financing,"State Board of Technical Education, Patna",Approved,Approved,Not Accredited,No,,Tier 3,http://www.ramprataphigher.ac.in,info@ramprataphigher.ac.in,admissions@ramprataphigher.ac.in,placement@ramprataphigher.ac.in,+91-80-301-2125,Other Engineering Branches,Diploma,60,360,1984,Urban,No,Yes
1-44753992963,1-44753992963,U-0698,RAM PRATAP INSTITUTE OF HIGHER EDUCATION,Active,Bihar,Gaya,Gaya,"VILL-GHUJJI, PO & PS- SHERGHATI, GAYA",800898,25.083282,85.297669,Private-Self Financing,"State Board of Technical Education, Patna",Approved,Approved,Not Accredited,No,,Tier 3,http://www.ramprataphigher.ac.in,info@ramprataphigher.ac.in,admissions@ramprataphigher.ac.in,placement@ramprataphigher.ac.in,+91-80-301-2125,Mechanical Engineering,Diploma,60,360,1984,Urban,No,Yes
1-44754313803,1-44754313803,U-0698,AKASH POLYTECHNIC COLLEGE,Active,Bihar,Gaya,Gaya,"MARANPUR BYPASS, GAYA",800898,25.101266,85.320541,Private-Self Financing,"State Board of Technical Education, Patna",Approved,Approved,A,No,,Tier 3,http://www.akash.ac.in,info@akash.ac.in,admissions@akash.ac.in,placement@akash.ac.in,+91-80-055-5567,Civil Engineering,Diploma,180,360,2020,Urban,No,No
1-44754313803,1-44754313803,U-0698,AKASH POLYTECHNIC COLLEGE,Active,Bihar,Gaya,Gaya,"MARANPUR BYPASS, GAYA",800898,25.101266,85.320541,Private-Self Financing,"State Board of Technical Education, Patna",Approved,Approved,A,No,,Tier 3,http://www.akash.ac.in,info@akash.ac.in,admissions@akash.ac.in,placement@akash.ac.in,+91-80-055-5567,Electrical Engineering,Diploma,60,360,2020,Urban,No,No
1-44754313803,1-44754313803,U-0698,AKASH POLYTECHNIC COLLEGE,Active,Bihar,Gaya,Gaya,"MARANPUR BYPASS, GAYA",800898,25.101266,85.320541,Private-Self Financing,"State Board of Technical Education, Patna",Approved,Approved,A,No,,Tier 3,http://www.akash.ac.in,info@akash.ac.in,admissions@akash.ac.in,placement@akash.ac.in,+91-80-055-5567,Mechanical Engineering,Diploma,30,360,2020,Urban,No,No
1-44754313803,1-44754313803,U-0698,AKASH POLYTECHNIC COLLEGE,Active,Bihar,Gaya,Gaya,"MARANPUR BYPASS, GAYA",800898,25.101266,85.320541,Private-Self Financing,"State Board of Technical Education, Patna",Approved,Approved,A,No,,Tier 3,http://www.akash.ac.in,info@akash.ac.in,admissions@akash.ac.in,placement@akash.ac.in,+91-80-055-5567,Computer Science Engineering (CSE),Diploma,30,360,2020,Urban,No,No
1-44754313803,1-44754313803,U-0698,AKASH POLYTECHNIC COLLEGE,Active,Bihar,Gaya,Gaya,"MARANPUR BYPASS, GAYA",800898,25.101266,85.320541,Private-Self Financing,"State Board of Technical Education, Patna",Approved,Approved,A,No,,Tier 3,http://www.akash.ac.in,info@akash.ac.in,admissions@akash.ac.in,placement@akash.ac.in,+91-80-055-5567,Other Engineering Branches,Diploma,30,360,2020,Urban,No,No
1-44754313803,1-44754313803,U-0698,AKASH POLYTECHNIC COLLEGE,Active,Bihar,Gaya,Gaya,"MARANPUR BYPASS, GAYA",800898,25.101266,85.320541,Private-Self Financing,"State Board of Technical Education, Patna",Approved,Approved,A,No,,Tier 3,http://www.akash.ac.in,info@akash.ac.in,admissions@akash.ac.in,placement@akash.ac.in,+91-80-055-5567,Electrical & Electronics Engineering (EEE),Diploma,30,360,2020,Urban,No,No
1-44754524333,1-44754524333,U-0698,KRISHNA INSTITUTE OF TECHNOLOGY,Active,Bihar,Samastipur,Samastipur,"AT-SINGHIA KHURD, P.O.-SINGHIA KHURD, P.S.-KARPOORIGRAM, DIST.-SAMASTIPUR-848113",848113,25.087831,85.321593,Private-Self Financing,"State Board of Technical Education, Patna",Approved,Approved,B++,No,,Tier 3,http://www.krishna.ac.in,info@krishna.ac.in,admissions@krishna.ac.in,placement@krishna.ac.in,+91-80-492-0246,Civil Engineering,Diploma,120,360,2020,Urban,No,Yes
1-44754524333,1-44754524333,U-0698,KRISHNA INSTITUTE OF TECHNOLOGY,Active,Bihar,Samastipur,Samastipur,"AT-SINGHIA KHURD, P.O.-SINGHIA KHURD, P.S.-KARPOORIGRAM, DIST.-SAMASTIPUR-848113",848113,25.087831,85.321593,Private-Self Financing,"State Board of Technical Education, Patna",Approved,Approved,B++,No,,Tier 3,http://www.krishna.ac.in,info@krishna.ac.in,admissions@krishna.ac.in,placement@krishna.ac.in,+91-80-492-0246,Computer Science Engineering (CSE),Diploma,60,360,2020,Urban,No,Yes
1-44754524333,1-44754524333,U-0698,KRISHNA INSTITUTE OF TECHNOLOGY,Active,Bihar,Samastipur,Samastipur,"AT-SINGHIA KHURD, P.O.-SINGHIA KHURD, P.S.-KARPOORIGRAM, DIST.-SAMASTIPUR-848113",848113,25.087831,85.321593,Private-Self Financing,"State Board of Technical Education, Patna",Approved,Approved,B++,No,,Tier 3,http://www.krishna.ac.in,info@krishna.ac.in,admissions@krishna.ac.in,placement@krishna.ac.in,+91-80-492-0246,Other Engineering Branches,Diploma,120,360,2020,Urban,No,Yes
1-44754524333,1-44754524333,U-0698,KRISHNA INSTITUTE OF TECHNOLOGY,Active,Bihar,Samastipur,Samastipur,"AT-SINGHIA KHURD, P.O.-SINGHIA KHURD, P.S.-KARPOORIGRAM, DIST.-SAMASTIPUR-848113",848113,25.087831,85.321593,Private-Self Financing,"State Board of Technical Education, Patna",Approved,Approved,B++,No,,Tier 3,http://www.krishna.ac.in,info@krishna.ac.in,admissions@krishna.ac.in,placement@krishna.ac.in,+91-80-492-0246,Mechanical Engineering,Diploma,60,360,2020,Urban,No,Yes
1-44754898648,1-44754898648,U-0698,SUNAINA POLYTECHNIC COLLEGE,Active,Bihar,Lakhisarai,Lakhisarai,"BYPASS ROAD, LAKHISARAI, BIHAR, 811311",811311,25.096544,85.306104,Private-Self Financing,"State Board of Technical Education, Patna",Approved,Approved,B+,No,,Tier 3,http://www.sunaina.ac.in,info@sunaina.ac.in,admissions@sunaina.ac.in,placement@sunaina.ac.in,+91-80-857-4803,Civil Engineering,Diploma,60,330,2009,Rural,No,Yes
1-44754898648,1-44754898648,U-0698,SUNAINA POLYTECHNIC COLLEGE,Active,Bihar,Lakhisarai,Lakhisarai,"BYPASS ROAD, LAKHISARAI, BIHAR, 811311",811311,25.096544,85.306104,Private-Self Financing,"State Board of Technical Education, Patna",Approved,Approved,B+,No,,Tier 3,http://www.sunaina.ac.in,info@sunaina.ac.in,admissions@sunaina.ac.in,placement@sunaina.ac.in,+91-80-857-4803,Electrical Engineering,Diploma,60,330,2009,Rural,No,Yes
1-44754898648,1-44754898648,U-0698,SUNAINA POLYTECHNIC COLLEGE,Active,Bihar,Lakhisarai,Lakhisarai,"BYPASS ROAD, LAKHISARAI, BIHAR, 811311",811311,25.096544,85.306104,Private-Self Financing,"State Board of Technical Education, Patna",Approved,Approved,B+,No,,Tier 3,http://www.sunaina.ac.in,info@sunaina.ac.in,admissions@sunaina.ac.in,placement@sunaina.ac.in,+91-80-857-4803,Other Engineering Branches,Diploma,150,330,2009,Rural,No,Yes
1-44754898648,1-44754898648,U-0698,SUNAINA POLYTECHNIC COLLEGE,Active,Bihar,Lakhisarai,Lakhisarai,"BYPASS ROAD, LAKHISARAI, BIHAR, 811311",811311,25.096544,85.306104,Private-Self Financing,"State Board of Technical Education, Patna",Approved,Approved,B+,No,,Tier 3,http://www.sunaina.ac.in,info@sunaina.ac.in,admissions@sunaina.ac.in,placement@sunaina.ac.in,+91-80-857-4803,Computer Science Engineering (CSE),Diploma,60,330,2009,Rural,No,Yes
1-44753559123,1-44753559123,U-0698,ARJUN COLLEGE OF TECHNICAL EDUCATION,Active,Bihar,Bhagalpur,Bhagalpur,"NEAR RANGRA CHOWCK, NAUGACHIA",800675,25.113092,85.326941,Private-Self Financing,"State Board of Technical Education, Patna",Approved,Approved,B++,Yes,,Tier 3,http://www.arjuntechnicaleducation.ac.in,info@arjuntechnicaleducation.ac.in,admissions@arjuntechnicaleducation.ac.in,placement@arjuntechnicaleducation.ac.in,+91-80-551-5352,Mechanical Engineering,Diploma,60,360,1983,Urban,No,Yes
1-44753559123,1-44753559123,U-0698,ARJUN COLLEGE OF TECHNICAL EDUCATION,Active,Bihar,Bhagalpur,Bhagalpur,"NEAR RANGRA CHOWCK, NAUGACHIA",800675,25.113092,85.326941,Private-Self Financing,"State Board of Technical Education, Patna",Approved,Approved,B++,Yes,,Tier 3,http://www.arjuntechnicaleducation.ac.in,info@arjuntechnicaleducation.ac.in,admissions@arjuntechnicaleducation.ac.in,placement@arjuntechnicaleducation.ac.in,+91-80-551-5352,Electronics & Communication Engineering (ECE),Diploma,30,360,1983,Urban,No,Yes
1-44753559123,1-44753559123,U-0698,ARJUN COLLEGE OF TECHNICAL EDUCATION,Active,Bihar,Bhagalpur,Bhagalpur,"NEAR RANGRA CHOWCK, NAUGACHIA",800675,25.113092,85.326941,Private-Self Financing,"State Board of Technical Education, Patna",Approved,Approved,B++,Yes,,Tier 3,http://www.arjuntechnicaleducation.ac.in,info@arjuntechnicaleducation.ac.in,admissions@arjuntechnicaleducation.ac.in,placement@arjuntechnicaleducation.ac.in,+91-80-551-5352,Other Engineering Branches,Diploma,30,360,1983,Urban,No,Yes
1-44753559123,1-44753559123,U-0698,ARJUN COLLEGE OF TECHNICAL EDUCATION,Active,Bihar,Bhagalpur,Bhagalpur,"NEAR RANGRA CHOWCK, NAUGACHIA",800675,25.113092,85.326941,Private-Self Financing,"State Board of Technical Education, Patna",Approved,Approved,B++,Yes,,Tier 3,http://www.arjuntechnicaleducation.ac.in,info@arjuntechnicaleducation.ac.in,admissions@arjuntechnicaleducation.ac.in,placement@arjuntechnicaleducation.ac.in,+91-80-551-5352,Civil Engineering,Diploma,120,360,1983,Urban,No,Yes
1-44753559123,1-44753559123,U-0698,ARJUN COLLEGE OF TECHNICAL EDUCATION,Active,Bihar,Bhagalpur,Bhagalpur,"NEAR RANGRA CHOWCK, NAUGACHIA",800675,25.113092,85.326941,Private-Self Financing,"State Board of Technical Education, Patna",Approved,Approved,B++,Yes,,Tier 3,http://www.arjuntechnicaleducation.ac.in,info@arjuntechnicaleducation.ac.in,admissions@arjuntechnicaleducation.ac.in,placement@arjuntechnicaleducation.ac.in,+91-80-551-5352,Electrical Engineering,Diploma,120,360,1983,Urban,No,Yes
1-44753817843,1-44753817843,U-0440,RUNGTA INSTITUTE OF TECHNOLOGY AND MANAGEMENT,Active,Bihar,Araria,Araria,"NEAR BLOCK OFFICE FORBESGANJ, ARARIA, BIHAR, PIN-854318",854318,25.099955,85.317269,Private-Self Financing,Bihar Engineering University,Approved,Approved,A+,No,,Tier 3,http://www.rungtamanagement.ac.in,info@rungtamanagement.ac.in,admissions@rungtamanagement.ac.in,placement@rungtamanagement.ac.in,+91-80-000-5402,Electronics & Communication Engineering (ECE),B.Tech,60,720,2014,Rural,No,Yes
1-44753817843,1-44753817843,U-0440,RUNGTA INSTITUTE OF TECHNOLOGY AND MANAGEMENT,Active,Bihar,Araria,Araria,"NEAR BLOCK OFFICE FORBESGANJ, ARARIA, BIHAR, PIN-854318",854318,25.099955,85.317269,Private-Self Financing,Bihar Engineering University,Approved,Approved,A+,No,,Tier 3,http://www.rungtamanagement.ac.in,info@rungtamanagement.ac.in,admissions@rungtamanagement.ac.in,placement@rungtamanagement.ac.in,+91-80-000-5402,Mechanical Engineering,B.Tech,60,720,2014,Rural,No,Yes
1-44753817843,1-44753817843,U-0440,RUNGTA INSTITUTE OF TECHNOLOGY AND MANAGEMENT,Active,Bihar,Araria,Araria,"NEAR BLOCK OFFICE FORBESGANJ, ARARIA, BIHAR, PIN-854318",854318,25.099955,85.317269,Private-Self Financing,Bihar Engineering University,Approved,Approved,A+,No,,Tier 3,http://www.rungtamanagement.ac.in,info@rungtamanagement.ac.in,admissions@rungtamanagement.ac.in,placement@rungtamanagement.ac.in,+91-80-000-5402,Artificial Intelligence & Machine Learning (AI & ML),B.Tech,60,720,2014,Rural,No,Yes
1-44753817843,1-44753817843,U-0440,RUNGTA INSTITUTE OF TECHNOLOGY AND MANAGEMENT,Active,Bihar,Araria,Araria,"NEAR BLOCK OFFICE FORBESGANJ, ARARIA, BIHAR, PIN-854318",854318,25.099955,85.317269,Private-Self Financing,Bihar Engineering University,Approved,Approved,A+,No,,Tier 3,http://www.rungtamanagement.ac.in,info@rungtamanagement.ac.in,admissions@rungtamanagement.ac.in,placement@rungtamanagement.ac.in,+91-80-000-5402,Civil Engineering,B.Tech,60,720,2014,Rural,No,Yes
1-44753817843,1-44753817843,U-0440,RUNGTA INSTITUTE OF TECHNOLOGY AND MANAGEMENT,Active,Bihar,Araria,Araria,"NEAR BLOCK OFFICE FORBESGANJ, ARARIA, BIHAR, PIN-854318",854318,25.099955,85.317269,Private-Self Financing,Bihar Engineering University,Approved,Approved,A+,No,,Tier 3,http://www.rungtamanagement.ac.in,info@rungtamanagement.ac.in,admissions@rungtamanagement.ac.in,placement@rungtamanagement.ac.in,+91-80-000-5402,Electrical & Electronics Engineering (EEE),B.Tech,60,720,2014,Rural,No,Yes
1-44753817843,1-44753817843,U-0440,RUNGTA INSTITUTE OF TECHNOLOGY AND MANAGEMENT,Active,Bihar,Araria,Araria,"NEAR BLOCK OFFICE FORBESGANJ, ARARIA, BIHAR, PIN-854318",854318,25.099955,85.317269,Private-Self Financing,Bihar Engineering University,Approved,Approved,A+,No,,Tier 3,http://www.rungtamanagement.ac.in,info@rungtamanagement.ac.in,admissions@rungtamanagement.ac.in,placement@rungtamanagement.ac.in,+91-80-000-5402,Computer Science Engineering (CSE),Diploma,60,720,2014,Rural,No,Yes
1-44753817843,1-44753817843,U-0440,RUNGTA INSTITUTE OF TECHNOLOGY AND MANAGEMENT,Active,Bihar,Araria,Araria,"NEAR BLOCK OFFICE FORBESGANJ, ARARIA, BIHAR, PIN-854318",854318,25.099955,85.317269,Private-Self Financing,Bihar Engineering University,Approved,Approved,A+,No,,Tier 3,http://www.rungtamanagement.ac.in,info@rungtamanagement.ac.in,admissions@rungtamanagement.ac.in,placement@rungtamanagement.ac.in,+91-80-000-5402,Data Science,B.Tech,60,720,2014,Rural,No,Yes
1-44753817843,1-44753817843,U-0440,RUNGTA INSTITUTE OF TECHNOLOGY AND MANAGEMENT,Active,Bihar,Araria,Araria,"NEAR BLOCK OFFICE FORBESGANJ, ARARIA, BIHAR, PIN-854318",854318,25.099955,85.317269,Private-Self Financing,Bihar Engineering University,Approved,Approved,A+,No,,Tier 3,http://www.rungtamanagement.ac.in,info@rungtamanagement.ac.in,admissions@rungtamanagement.ac.in,placement@rungtamanagement.ac.in,+91-80-000-5402,Civil Engineering,Diploma,60,720,2014,Rural,No,Yes
1-44753817843,1-44753817843,U-0440,RUNGTA INSTITUTE OF TECHNOLOGY AND MANAGEMENT,Active,Bihar,Araria,Araria,"NEAR BLOCK OFFICE FORBESGANJ, ARARIA, BIHAR, PIN-854318",854318,25.099955,85.317269,Private-Self Financing,Bihar Engineering University,Approved,Approved,A+,No,,Tier 3,http://www.rungtamanagement.ac.in,info@rungtamanagement.ac.in,admissions@rungtamanagement.ac.in,placement@rungtamanagement.ac.in,+91-80-000-5402,Mechanical Engineering,Diploma,60,720,2014,Rural,No,Yes
1-44753817843,1-44753817843,U-0440,RUNGTA INSTITUTE OF TECHNOLOGY AND MANAGEMENT,Active,Bihar,Araria,Araria,"NEAR BLOCK OFFICE FORBESGANJ, ARARIA, BIHAR, PIN-854318",854318,25.099955,85.317269,Private-Self Financing,Bihar Engineering University,Approved,Approved,A+,No,,Tier 3,http://www.rungtamanagement.ac.in,info@rungtamanagement.ac.in,admissions@rungtamanagement.ac.in,placement@rungtamanagement.ac.in,+91-80-000-5402,Agricultural Engineering,Diploma,60,720,2014,Rural,No,Yes
1-44753817843,1-44753817843,U-0440,RUNGTA INSTITUTE OF TECHNOLOGY AND MANAGEMENT,Active,Bihar,Araria,Araria,"NEAR BLOCK OFFICE FORBESGANJ, ARARIA, BIHAR, PIN-854318",854318,25.099955,85.317269,Private-Self Financing,Bihar Engineering University,Approved,Approved,A+,No,,Tier 3,http://www.rungtamanagement.ac.in,info@rungtamanagement.ac.in,admissions@rungtamanagement.ac.in,placement@rungtamanagement.ac.in,+91-80-000-5402,Electrical Engineering,Diploma,60,720,2014,Rural,No,Yes
1-44753817843,1-44753817843,U-0440,RUNGTA INSTITUTE OF TECHNOLOGY AND MANAGEMENT,Active,Bihar,Araria,Araria,"NEAR BLOCK OFFICE FORBESGANJ, ARARIA, BIHAR, PIN-854318",854318,25.099955,85.317269,Private-Self Financing,Bihar Engineering University,Approved,Approved,A+,No,,Tier 3,http://www.rungtamanagement.ac.in,info@rungtamanagement.ac.in,admissions@rungtamanagement.ac.in,placement@rungtamanagement.ac.in,+91-80-000-5402,Artificial Intelligence & Machine Learning (AI & ML),Diploma,60,720,2014,Rural,No,Yes
1-44754867204,1-44754867204,U-0522,ARYABHATTA KNOWLEDGE UNIVERSITY,Active,Bihar,Patna,Patna,GAYAN PARISAR MITHAPUR,800155,25.591851,85.137437,State Government University,"Aryabhatta Knowledge University, Patna",Approved,Approved,B++,No,,Tier 3,http://www.aryabhattaknowledge.ac.in,info@aryabhattaknowledge.ac.in,admissions@aryabhattaknowledge.ac.in,placement@aryabhattaknowledge.ac.in,+91-80-744-5374,Other Engineering Branches,M.Tech,48,48,1991,Urban,Yes,Yes
1-44754987293,1-44754987293,U-0698,DIVINE INSTITUTE OF TECHNOLOGY,Active,Bihar,Siwan,Siwan,"AT-DIVINE CAMPUS P.O & PS- ZIRADEI,  DIST: SIWAN, BIHAR-",800873,25.094889,85.319159,Private-Self Financing,"State Board of Technical Education, Patna",Approved,Approved,B,No,,Tier 3,http://www.divine.ac.in,info@divine.ac.in,admissions@divine.ac.in,placement@divine.ac.in,+91-80-788-0614,Electrical Engineering,Diploma,60,240,2011,Urban,Yes,Yes
1-44754987293,1-44754987293,U-0698,DIVINE INSTITUTE OF TECHNOLOGY,Active,Bihar,Siwan,Siwan,"AT-DIVINE CAMPUS P.O & PS- ZIRADEI,  DIST: SIWAN, BIHAR-",800873,25.094889,85.319159,Private-Self Financing,"State Board of Technical Education, Patna",Approved,Approved,B,No,,Tier 3,http://www.divine.ac.in,info@divine.ac.in,admissions@divine.ac.in,placement@divine.ac.in,+91-80-788-0614,Mechanical Engineering,Diploma,60,240,2011,Urban,Yes,Yes
1-44754987293,1-44754987293,U-0698,DIVINE INSTITUTE OF TECHNOLOGY,Active,Bihar,Siwan,Siwan,"AT-DIVINE CAMPUS P.O & PS- ZIRADEI,  DIST: SIWAN, BIHAR-",800873,25.094889,85.319159,Private-Self Financing,"State Board of Technical Education, Patna",Approved,Approved,B,No,,Tier 3,http://www.divine.ac.in,info@divine.ac.in,admissions@divine.ac.in,placement@divine.ac.in,+91-80-788-0614,Computer Science Engineering (CSE),Diploma,60,240,2011,Urban,Yes,Yes
1-44754987293,1-44754987293,U-0698,DIVINE INSTITUTE OF TECHNOLOGY,Active,Bihar,Siwan,Siwan,"AT-DIVINE CAMPUS P.O & PS- ZIRADEI,  DIST: SIWAN, BIHAR-",800873,25.094889,85.319159,Private-Self Financing,"State Board of Technical Education, Patna",Approved,Approved,B,No,,Tier 3,http://www.divine.ac.in,info@divine.ac.in,admissions@divine.ac.in,placement@divine.ac.in,+91-80-788-0614,Civil Engineering,Diploma,60,240,2011,Urban,Yes,Yes
1-44755581203,1-44755581203,U-0161,BABA HEERA SINGH DEEPA SINGH JEE COLLEGE OF HIGHER EDCUATION,Active,Bihar,Bhojpur,Bhojpur,"KOTHUAN, PIRO",800032,25.093252,85.314224,Private-Self Financing,"State Board of Technical Education (SBTE), Bihar",Approved,Approved,Not Accredited,No,,Tier 3,http://www.babaheerasingh.ac.in,info@babaheerasingh.ac.in,admissions@babaheerasingh.ac.in,placement@babaheerasingh.ac.in,+91-80-719-3991,Civil Engineering,Diploma,120,360,2016,Urban,No,Yes
1-44755581203,1-44755581203,U-0161,BABA HEERA SINGH DEEPA SINGH JEE COLLEGE OF HIGHER EDCUATION,Active,Bihar,Bhojpur,Bhojpur,"KOTHUAN, PIRO",800032,25.093252,85.314224,Private-Self Financing,"State Board of Technical Education (SBTE), Bihar",Approved,Approved,Not Accredited,No,,Tier 3,http://www.babaheerasingh.ac.in,info@babaheerasingh.ac.in,admissions@babaheerasingh.ac.in,placement@babaheerasingh.ac.in,+91-80-719-3991,Computer Science Engineering (CSE),Diploma,120,360,2016,Urban,No,Yes
1-44755581203,1-44755581203,U-0161,BABA HEERA SINGH DEEPA SINGH JEE COLLEGE OF HIGHER EDCUATION,Active,Bihar,Bhojpur,Bhojpur,"KOTHUAN, PIRO",800032,25.093252,85.314224,Private-Self Financing,"State Board of Technical Education (SBTE), Bihar",Approved,Approved,Not Accredited,No,,Tier 3,http://www.babaheerasingh.ac.in,info@babaheerasingh.ac.in,admissions@babaheerasingh.ac.in,placement@babaheerasingh.ac.in,+91-80-719-3991,Electrical Engineering,Diploma,60,360,2016,Urban,No,Yes
1-44755581203,1-44755581203,U-0161,BABA HEERA SINGH DEEPA SINGH JEE COLLEGE OF HIGHER EDCUATION,Active,Bihar,Bhojpur,Bhojpur,"KOTHUAN, PIRO",800032,25.093252,85.314224,Private-Self Financing,"State Board of Technical Education (SBTE), Bihar",Approved,Approved,Not Accredited,No,,Tier 3,http://www.babaheerasingh.ac.in,info@babaheerasingh.ac.in,admissions@babaheerasingh.ac.in,placement@babaheerasingh.ac.in,+91-80-719-3991,Mechanical Engineering,Diploma,60,360,2016,Urban,No,Yes
1-44754241844,1-44754241844,U-0698,GURUDEO COLLEGE OF TECHNOLOGY AND MANAGEMENT,Active,Bihar,Vaishali,Vaishali,"FATEPUR CHIRIMARA KAJIPUR, P.O-THATHAN BUJURGE, & P.S-HAJIPUR",800990,25.109439,85.329438,Private-Self Financing,"State Board of Technical Education, Patna",Approved,Approved,B++,Yes,,Tier 3,http://www.gurudeomanagement.ac.in,info@gurudeomanagement.ac.in,admissions@gurudeomanagement.ac.in,placement@gurudeomanagement.ac.in,+91-80-398-3208,Electronics & Communication Engineering (ECE),Diploma,60,360,1996,Urban,No,Yes
1-44754241844,1-44754241844,U-0698,GURUDEO COLLEGE OF TECHNOLOGY AND MANAGEMENT,Active,Bihar,Vaishali,Vaishali,"FATEPUR CHIRIMARA KAJIPUR, P.O-THATHAN BUJURGE, & P.S-HAJIPUR",800990,25.109439,85.329438,Private-Self Financing,"State Board of Technical Education, Patna",Approved,Approved,B++,Yes,,Tier 3,http://www.gurudeomanagement.ac.in,info@gurudeomanagement.ac.in,admissions@gurudeomanagement.ac.in,placement@gurudeomanagement.ac.in,+91-80-398-3208,Civil Engineering,Diploma,60,360,1996,Urban,No,Yes
1-44754241844,1-44754241844,U-0698,GURUDEO COLLEGE OF TECHNOLOGY AND MANAGEMENT,Active,Bihar,Vaishali,Vaishali,"FATEPUR CHIRIMARA KAJIPUR, P.O-THATHAN BUJURGE, & P.S-HAJIPUR",800990,25.109439,85.329438,Private-Self Financing,"State Board of Technical Education, Patna",Approved,Approved,B++,Yes,,Tier 3,http://www.gurudeomanagement.ac.in,info@gurudeomanagement.ac.in,admissions@gurudeomanagement.ac.in,placement@gurudeomanagement.ac.in,+91-80-398-3208,Electrical & Electronics Engineering (EEE),Diploma,60,360,1996,Urban,No,Yes
1-44754241844,1-44754241844,U-0698,GURUDEO COLLEGE OF TECHNOLOGY AND MANAGEMENT,Active,Bihar,Vaishali,Vaishali,"FATEPUR CHIRIMARA KAJIPUR, P.O-THATHAN BUJURGE, & P.S-HAJIPUR",800990,25.109439,85.329438,Private-Self Financing,"State Board of Technical Education, Patna",Approved,Approved,B++,Yes,,Tier 3,http://www.gurudeomanagement.ac.in,info@gurudeomanagement.ac.in,admissions@gurudeomanagement.ac.in,placement@gurudeomanagement.ac.in,+91-80-398-3208,Mechanical Engineering,Diploma,60,360,1996,Urban,No,Yes
1-44754241844,1-44754241844,U-0698,GURUDEO COLLEGE OF TECHNOLOGY AND MANAGEMENT,Active,Bihar,Vaishali,Vaishali,"FATEPUR CHIRIMARA KAJIPUR, P.O-THATHAN BUJURGE, & P.S-HAJIPUR",800990,25.109439,85.329438,Private-Self Financing,"State Board of Technical Education, Patna",Approved,Approved,B++,Yes,,Tier 3,http://www.gurudeomanagement.ac.in,info@gurudeomanagement.ac.in,admissions@gurudeomanagement.ac.in,placement@gurudeomanagement.ac.in,+91-80-398-3208,Computer Science Engineering (CSE),Diploma,60,360,1996,Urban,No,Yes
1-44754241844,1-44754241844,U-0698,GURUDEO COLLEGE OF TECHNOLOGY AND MANAGEMENT,Active,Bihar,Vaishali,Vaishali,"FATEPUR CHIRIMARA KAJIPUR, P.O-THATHAN BUJURGE, & P.S-HAJIPUR",800990,25.109439,85.329438,Private-Self Financing,"State Board of Technical Education, Patna",Approved,Approved,B++,Yes,,Tier 3,http://www.gurudeomanagement.ac.in,info@gurudeomanagement.ac.in,admissions@gurudeomanagement.ac.in,placement@gurudeomanagement.ac.in,+91-80-398-3208,Artificial Intelligence & Machine Learning (AI & ML),Diploma,60,360,1996,Urban,No,Yes
1-44753634435,1-44753634435,U-0698,MAA KAMLA CHANDRIKA JEE VIDYAPEETH MANAGEMENT AND TECHNOLOGY,Active,Bihar,Jehanabad,Jehanabad,"KASHIYAMA, HULASGANJ,JEHANABAD",800911,25.114652,85.314828,Private-Self Financing,"State Board of Technical Education, Patna",Approved,Approved,Not Accredited,No,,Tier 3,http://www.maakamlachandrika.ac.in,info@maakamlachandrika.ac.in,admissions@maakamlachandrika.ac.in,placement@maakamlachandrika.ac.in,+91-80-616-9611,Civil Engineering,Diploma,180,360,2014,Urban,Yes,Yes
1-44753634435,1-44753634435,U-0698,MAA KAMLA CHANDRIKA JEE VIDYAPEETH MANAGEMENT AND TECHNOLOGY,Active,Bihar,Jehanabad,Jehanabad,"KASHIYAMA, HULASGANJ,JEHANABAD",800911,25.114652,85.314828,Private-Self Financing,"State Board of Technical Education, Patna",Approved,Approved,Not Accredited,No,,Tier 3,http://www.maakamlachandrika.ac.in,info@maakamlachandrika.ac.in,admissions@maakamlachandrika.ac.in,placement@maakamlachandrika.ac.in,+91-80-616-9611,Computer Science Engineering (CSE),Diploma,60,360,2014,Urban,Yes,Yes
1-44753634435,1-44753634435,U-0698,MAA KAMLA CHANDRIKA JEE VIDYAPEETH MANAGEMENT AND TECHNOLOGY,Active,Bihar,Jehanabad,Jehanabad,"KASHIYAMA, HULASGANJ,JEHANABAD",800911,25.114652,85.314828,Private-Self Financing,"State Board of Technical Education, Patna",Approved,Approved,Not Accredited,No,,Tier 3,http://www.maakamlachandrika.ac.in,info@maakamlachandrika.ac.in,admissions@maakamlachandrika.ac.in,placement@maakamlachandrika.ac.in,+91-80-616-9611,Electrical Engineering,Diploma,60,360,2014,Urban,Yes,Yes
1-44753634435,1-44753634435,U-0698,MAA KAMLA CHANDRIKA JEE VIDYAPEETH MANAGEMENT AND TECHNOLOGY,Active,Bihar,Jehanabad,Jehanabad,"KASHIYAMA, HULASGANJ,JEHANABAD",800911,25.114652,85.314828,Private-Self Financing,"State Board of Technical Education, Patna",Approved,Approved,Not Accredited,No,,Tier 3,http://www.maakamlachandrika.ac.in,info@maakamlachandrika.ac.in,admissions@maakamlachandrika.ac.in,placement@maakamlachandrika.ac.in,+91-80-616-9611,Electronics & Communication Engineering (ECE),Diploma,30,360,2014,Urban,Yes,Yes
1-44753634435,1-44753634435,U-0698,MAA KAMLA CHANDRIKA JEE VIDYAPEETH MANAGEMENT AND TECHNOLOGY,Active,Bihar,Jehanabad,Jehanabad,"KASHIYAMA, HULASGANJ,JEHANABAD",800911,25.114652,85.314828,Private-Self Financing,"State Board of Technical Education, Patna",Approved,Approved,Not Accredited,No,,Tier 3,http://www.maakamlachandrika.ac.in,info@maakamlachandrika.ac.in,admissions@maakamlachandrika.ac.in,placement@maakamlachandrika.ac.in,+91-80-616-9611,Other Engineering Branches,Diploma,30,360,2014,Urban,Yes,Yes
1-44754886003,1-44754886003,U-0161,EKALAVYA INSTITUTE OF HIGHER EDUCATION,Active,Bihar,Madhepura,Madhepura,"MISSION ROAD, NEAR MADHEPURA CHRISTIAN HOSPITAL",800315,25.115968,85.314884,Private-Self Financing,"State Board of Technical Education (SBTE), Bihar",Approved,Approved,Not Accredited,No,,Tier 3,http://www.ekalavyahighereducation.ac.in,info@ekalavyahighereducation.ac.in,admissions@ekalavyahighereducation.ac.in,placement@ekalavyahighereducation.ac.in,+91-80-672-1803,Civil Engineering,Diploma,120,360,2020,Urban,Yes,Yes
1-44754886003,1-44754886003,U-0161,EKALAVYA INSTITUTE OF HIGHER EDUCATION,Active,Bihar,Madhepura,Madhepura,"MISSION ROAD, NEAR MADHEPURA CHRISTIAN HOSPITAL",800315,25.115968,85.314884,Private-Self Financing,"State Board of Technical Education (SBTE), Bihar",Approved,Approved,Not Accredited,No,,Tier 3,http://www.ekalavyahighereducation.ac.in,info@ekalavyahighereducation.ac.in,admissions@ekalavyahighereducation.ac.in,placement@ekalavyahighereducation.ac.in,+91-80-672-1803,Mechanical Engineering,Diploma,60,360,2020,Urban,Yes,Yes
1-44754886003,1-44754886003,U-0161,EKALAVYA INSTITUTE OF HIGHER EDUCATION,Active,Bihar,Madhepura,Madhepura,"MISSION ROAD, NEAR MADHEPURA CHRISTIAN HOSPITAL",800315,25.115968,85.314884,Private-Self Financing,"State Board of Technical Education (SBTE), Bihar",Approved,Approved,Not Accredited,No,,Tier 3,http://www.ekalavyahighereducation.ac.in,info@ekalavyahighereducation.ac.in,admissions@ekalavyahighereducation.ac.in,placement@ekalavyahighereducation.ac.in,+91-80-672-1803,Electrical Engineering,Diploma,120,360,2020,Urban,Yes,Yes
1-44754886003,1-44754886003,U-0161,EKALAVYA INSTITUTE OF HIGHER EDUCATION,Active,Bihar,Madhepura,Madhepura,"MISSION ROAD, NEAR MADHEPURA CHRISTIAN HOSPITAL",800315,25.115968,85.314884,Private-Self Financing,"State Board of Technical Education (SBTE), Bihar",Approved,Approved,Not Accredited,No,,Tier 3,http://www.ekalavyahighereducation.ac.in,info@ekalavyahighereducation.ac.in,admissions@ekalavyahighereducation.ac.in,placement@ekalavyahighereducation.ac.in,+91-80-672-1803,Computer Science Engineering (CSE),Diploma,60,360,2020,Urban,Yes,Yes
1-44797985353,1-44797985353,U-0698,KINESIS INSTITUTE OF TECHNOLOGY,Active,Bihar,Patna,Patna,SH -1  SHANKAR NAGAR PO  BARNI PS DHANRUA,800155,25.600489,85.126536,Private-Self Financing,"State Board of Technical Education, Patna",Approved,Approved,B+,No,,Tier 3,http://www.kinesis.ac.in,info@kinesis.ac.in,admissions@kinesis.ac.in,placement@kinesis.ac.in,+91-80-106-8217,Computer Science Engineering (CSE),Diploma,60,360,2016,Rural,No,Yes
1-44797985353,1-44797985353,U-0698,KINESIS INSTITUTE OF TECHNOLOGY,Active,Bihar,Patna,Patna,SH -1  SHANKAR NAGAR PO  BARNI PS DHANRUA,800155,25.600489,85.126536,Private-Self Financing,"State Board of Technical Education, Patna",Approved,Approved,B+,No,,Tier 3,http://www.kinesis.ac.in,info@kinesis.ac.in,admissions@kinesis.ac.in,placement@kinesis.ac.in,+91-80-106-8217,Civil Engineering,Diploma,120,360,2016,Rural,No,Yes
1-44797985353,1-44797985353,U-0698,KINESIS INSTITUTE OF TECHNOLOGY,Active,Bihar,Patna,Patna,SH -1  SHANKAR NAGAR PO  BARNI PS DHANRUA,800155,25.600489,85.126536,Private-Self Financing,"State Board of Technical Education, Patna",Approved,Approved,B+,No,,Tier 3,http://www.kinesis.ac.in,info@kinesis.ac.in,admissions@kinesis.ac.in,placement@kinesis.ac.in,+91-80-106-8217,Other Engineering Branches,Diploma,60,360,2016,Rural,No,Yes
1-44797985353,1-44797985353,U-0698,KINESIS INSTITUTE OF TECHNOLOGY,Active,Bihar,Patna,Patna,SH -1  SHANKAR NAGAR PO  BARNI PS DHANRUA,800155,25.600489,85.126536,Private-Self Financing,"State Board of Technical Education, Patna",Approved,Approved,B+,No,,Tier 3,http://www.kinesis.ac.in,info@kinesis.ac.in,admissions@kinesis.ac.in,placement@kinesis.ac.in,+91-80-106-8217,Electrical Engineering,Diploma,60,360,2016,Rural,No,Yes
1-44797985353,1-44797985353,U-0698,KINESIS INSTITUTE OF TECHNOLOGY,Active,Bihar,Patna,Patna,SH -1  SHANKAR NAGAR PO  BARNI PS DHANRUA,800155,25.600489,85.126536,Private-Self Financing,"State Board of Technical Education, Patna",Approved,Approved,B+,No,,Tier 3,http://www.kinesis.ac.in,info@kinesis.ac.in,admissions@kinesis.ac.in,placement@kinesis.ac.in,+91-80-106-8217,Mechanical Engineering,Diploma,60,360,2016,Rural,No,Yes
1-44799062693,1-44799062693,U-0011,AWADHESH SHARMA INSTITUTE OF TECHNOLOGY,Active,Bihar,Patna,Patna,AWADHESHM KNOWLEDGE PARK DULHIN BAZAR NABUATPUR  ROAD SARARI PIPLAWAN,800155,25.584852,85.149899,Private-Self Financing,"STATE BOARD OF TECHNICAL EDUCATION, PATNA",Approved,Approved,B++,No,,Tier 3,http://www.awadheshsharma.ac.in,info@awadheshsharma.ac.in,admissions@awadheshsharma.ac.in,placement@awadheshsharma.ac.in,+91-80-450-9646,Computer Science Engineering (CSE),Diploma,120,360,2005,Urban,Yes,No
1-44799062693,1-44799062693,U-0011,AWADHESH SHARMA INSTITUTE OF TECHNOLOGY,Active,Bihar,Patna,Patna,AWADHESHM KNOWLEDGE PARK DULHIN BAZAR NABUATPUR  ROAD SARARI PIPLAWAN,800155,25.584852,85.149899,Private-Self Financing,"STATE BOARD OF TECHNICAL EDUCATION, PATNA",Approved,Approved,B++,No,,Tier 3,http://www.awadheshsharma.ac.in,info@awadheshsharma.ac.in,admissions@awadheshsharma.ac.in,placement@awadheshsharma.ac.in,+91-80-450-9646,Civil Engineering,Diploma,120,360,2005,Urban,Yes,No
1-44799062693,1-44799062693,U-0011,AWADHESH SHARMA INSTITUTE OF TECHNOLOGY,Active,Bihar,Patna,Patna,AWADHESHM KNOWLEDGE PARK DULHIN BAZAR NABUATPUR  ROAD SARARI PIPLAWAN,800155,25.584852,85.149899,Private-Self Financing,"STATE BOARD OF TECHNICAL EDUCATION, PATNA",Approved,Approved,B++,No,,Tier 3,http://www.awadheshsharma.ac.in,info@awadheshsharma.ac.in,admissions@awadheshsharma.ac.in,placement@awadheshsharma.ac.in,+91-80-450-9646,Mechanical Engineering,Diploma,60,360,2005,Urban,Yes,No
1-44799062693,1-44799062693,U-0011,AWADHESH SHARMA INSTITUTE OF TECHNOLOGY,Active,Bihar,Patna,Patna,AWADHESHM KNOWLEDGE PARK DULHIN BAZAR NABUATPUR  ROAD SARARI PIPLAWAN,800155,25.584852,85.149899,Private-Self Financing,"STATE BOARD OF TECHNICAL EDUCATION, PATNA",Approved,Approved,B++,No,,Tier 3,http://www.awadheshsharma.ac.in,info@awadheshsharma.ac.in,admissions@awadheshsharma.ac.in,placement@awadheshsharma.ac.in,+91-80-450-9646,Electrical Engineering,Diploma,60,360,2005,Urban,Yes,No
1-44772197863,1-44772197863,U-0698,KANHAIYA MEMORIAL COLLEGE OF HIGHER EDUCATION,Active,Bihar,Gaya,Gaya,"VILLAGE- KARMAUNI ANGANDA, P.O-DOBHI, DIST: GAYA, BIHAR-824201",824201,25.114875,85.310917,Private-Self Financing,"State Board of Technical Education, Patna",Approved,Approved,B++,No,,Tier 3,http://www.kanhaiyamemorialhigher.ac.in,info@kanhaiyamemorialhigher.ac.in,admissions@kanhaiyamemorialhigher.ac.in,placement@kanhaiyamemorialhigher.ac.in,+91-80-626-3282,Civil Engineering,Diploma,60,240,1994,Urban,Yes,Yes
1-44772197863,1-44772197863,U-0698,KANHAIYA MEMORIAL COLLEGE OF HIGHER EDUCATION,Active,Bihar,Gaya,Gaya,"VILLAGE- KARMAUNI ANGANDA, P.O-DOBHI, DIST: GAYA, BIHAR-824201",824201,25.114875,85.310917,Private-Self Financing,"State Board of Technical Education, Patna",Approved,Approved,B++,No,,Tier 3,http://www.kanhaiyamemorialhigher.ac.in,info@kanhaiyamemorialhigher.ac.in,admissions@kanhaiyamemorialhigher.ac.in,placement@kanhaiyamemorialhigher.ac.in,+91-80-626-3282,Computer Science Engineering (CSE),Diploma,60,240,1994,Urban,Yes,Yes
1-44772197863,1-44772197863,U-0698,KANHAIYA MEMORIAL COLLEGE OF HIGHER EDUCATION,Active,Bihar,Gaya,Gaya,"VILLAGE- KARMAUNI ANGANDA, P.O-DOBHI, DIST: GAYA, BIHAR-824201",824201,25.114875,85.310917,Private-Self Financing,"State Board of Technical Education, Patna",Approved,Approved,B++,No,,Tier 3,http://www.kanhaiyamemorialhigher.ac.in,info@kanhaiyamemorialhigher.ac.in,admissions@kanhaiyamemorialhigher.ac.in,placement@kanhaiyamemorialhigher.ac.in,+91-80-626-3282,Electrical Engineering,Diploma,60,240,1994,Urban,Yes,Yes
1-44772197863,1-44772197863,U-0698,KANHAIYA MEMORIAL COLLEGE OF HIGHER EDUCATION,Active,Bihar,Gaya,Gaya,"VILLAGE- KARMAUNI ANGANDA, P.O-DOBHI, DIST: GAYA, BIHAR-824201",824201,25.114875,85.310917,Private-Self Financing,"State Board of Technical Education, Patna",Approved,Approved,B++,No,,Tier 3,http://www.kanhaiyamemorialhigher.ac.in,info@kanhaiyamemorialhigher.ac.in,admissions@kanhaiyamemorialhigher.ac.in,placement@kanhaiyamemorialhigher.ac.in,+91-80-626-3282,Mechanical Engineering,Diploma,60,240,1994,Urban,Yes,Yes
1-44798478908,1-44798478908,U-0011,SHANTI NIKETAN INSTITUTE OF TECHNOLOGY,Active,Bihar,Gaya,Gaya,GOVINDPURAN RAUNA CHAKAN,800898,25.101988,85.324631,Private-Self Financing,"STATE BOARD OF TECHNICAL EDUCATION, PATNA",Approved,Approved,B+,No,,Tier 3,http://www.shantiniketan.ac.in,info@shantiniketan.ac.in,admissions@shantiniketan.ac.in,placement@shantiniketan.ac.in,+91-80-085-8441,Civil Engineering,Diploma,120,360,2007,Rural,Yes,Yes
1-44798478908,1-44798478908,U-0011,SHANTI NIKETAN INSTITUTE OF TECHNOLOGY,Active,Bihar,Gaya,Gaya,GOVINDPURAN RAUNA CHAKAN,800898,25.101988,85.324631,Private-Self Financing,"STATE BOARD OF TECHNICAL EDUCATION, PATNA",Approved,Approved,B+,No,,Tier 3,http://www.shantiniketan.ac.in,info@shantiniketan.ac.in,admissions@shantiniketan.ac.in,placement@shantiniketan.ac.in,+91-80-085-8441,Electrical Engineering,Diploma,60,360,2007,Rural,Yes,Yes
1-44798478908,1-44798478908,U-0011,SHANTI NIKETAN INSTITUTE OF TECHNOLOGY,Active,Bihar,Gaya,Gaya,GOVINDPURAN RAUNA CHAKAN,800898,25.101988,85.324631,Private-Self Financing,"STATE BOARD OF TECHNICAL EDUCATION, PATNA",Approved,Approved,B+,No,,Tier 3,http://www.shantiniketan.ac.in,info@shantiniketan.ac.in,admissions@shantiniketan.ac.in,placement@shantiniketan.ac.in,+91-80-085-8441,Mechanical Engineering,Diploma,60,360,2007,Rural,Yes,Yes
1-44798478908,1-44798478908,U-0011,SHANTI NIKETAN INSTITUTE OF TECHNOLOGY,Active,Bihar,Gaya,Gaya,GOVINDPURAN RAUNA CHAKAN,800898,25.101988,85.324631,Private-Self Financing,"STATE BOARD OF TECHNICAL EDUCATION, PATNA",Approved,Approved,B+,No,,Tier 3,http://www.shantiniketan.ac.in,info@shantiniketan.ac.in,admissions@shantiniketan.ac.in,placement@shantiniketan.ac.in,+91-80-085-8441,Computer Science Engineering (CSE),Diploma,120,360,2007,Rural,Yes,Yes
1-44797513644,1-44797513644,U-0698,AMRATH TECHNICAL COLLEGE,Active,Bihar,Gaya,Gaya,"KAIYA PO-BUDHGERE, PS-MUFASSIL",800898,25.101636,85.305938,Private-Self Financing,"State Board of Technical Education, Patna",Approved,Approved,A+,No,,Tier 3,http://www.amrathtechnical.ac.in,info@amrathtechnical.ac.in,admissions@amrathtechnical.ac.in,placement@amrathtechnical.ac.in,+91-80-071-0610,Civil Engineering,Diploma,120,360,2014,Rural,Yes,Yes
1-44797513644,1-44797513644,U-0698,AMRATH TECHNICAL COLLEGE,Active,Bihar,Gaya,Gaya,"KAIYA PO-BUDHGERE, PS-MUFASSIL",800898,25.101636,85.305938,Private-Self Financing,"State Board of Technical Education, Patna",Approved,Approved,A+,No,,Tier 3,http://www.amrathtechnical.ac.in,info@amrathtechnical.ac.in,admissions@amrathtechnical.ac.in,placement@amrathtechnical.ac.in,+91-80-071-0610,Electrical Engineering,Diploma,120,360,2014,Rural,Yes,Yes
1-44797513644,1-44797513644,U-0698,AMRATH TECHNICAL COLLEGE,Active,Bihar,Gaya,Gaya,"KAIYA PO-BUDHGERE, PS-MUFASSIL",800898,25.101636,85.305938,Private-Self Financing,"State Board of Technical Education, Patna",Approved,Approved,A+,No,,Tier 3,http://www.amrathtechnical.ac.in,info@amrathtechnical.ac.in,admissions@amrathtechnical.ac.in,placement@amrathtechnical.ac.in,+91-80-071-0610,Computer Science Engineering (CSE),Diploma,60,360,2014,Rural,Yes,Yes
1-44797513644,1-44797513644,U-0698,AMRATH TECHNICAL COLLEGE,Active,Bihar,Gaya,Gaya,"KAIYA PO-BUDHGERE, PS-MUFASSIL",800898,25.101636,85.305938,Private-Self Financing,"State Board of Technical Education, Patna",Approved,Approved,A+,No,,Tier 3,http://www.amrathtechnical.ac.in,info@amrathtechnical.ac.in,admissions@amrathtechnical.ac.in,placement@amrathtechnical.ac.in,+91-80-071-0610,Mechanical Engineering,Diploma,30,360,2014,Rural,Yes,Yes
1-44797513644,1-44797513644,U-0698,AMRATH TECHNICAL COLLEGE,Active,Bihar,Gaya,Gaya,"KAIYA PO-BUDHGERE, PS-MUFASSIL",800898,25.101636,85.305938,Private-Self Financing,"State Board of Technical Education, Patna",Approved,Approved,A+,No,,Tier 3,http://www.amrathtechnical.ac.in,info@amrathtechnical.ac.in,admissions@amrathtechnical.ac.in,placement@amrathtechnical.ac.in,+91-80-071-0610,Other Engineering Branches,Diploma,30,360,2014,Rural,Yes,Yes
1-44782651774,1-44782651774,U-0698,LILA MANDAL COLLEGE OF ENGINEERING AND TECHNOLOGY,Active,Bihar,Gaya,Gaya,TADWA BARTARA BAZAR TANKUPPA,800898,25.093077,85.313576,Private-Self Financing,"State Board of Technical Education, Patna",Approved,Approved,B+,No,,Tier 3,http://www.lilamandal.ac.in,info@lilamandal.ac.in,admissions@lilamandal.ac.in,placement@lilamandal.ac.in,+91-80-712-0771,Civil Engineering,Diploma,120,330,1998,Rural,Yes,Yes
1-44782651774,1-44782651774,U-0698,LILA MANDAL COLLEGE OF ENGINEERING AND TECHNOLOGY,Active,Bihar,Gaya,Gaya,TADWA BARTARA BAZAR TANKUPPA,800898,25.093077,85.313576,Private-Self Financing,"State Board of Technical Education, Patna",Approved,Approved,B+,No,,Tier 3,http://www.lilamandal.ac.in,info@lilamandal.ac.in,admissions@lilamandal.ac.in,placement@lilamandal.ac.in,+91-80-712-0771,Mechanical Engineering,Diploma,30,330,1998,Rural,Yes,Yes
1-44782651774,1-44782651774,U-0698,LILA MANDAL COLLEGE OF ENGINEERING AND TECHNOLOGY,Active,Bihar,Gaya,Gaya,TADWA BARTARA BAZAR TANKUPPA,800898,25.093077,85.313576,Private-Self Financing,"State Board of Technical Education, Patna",Approved,Approved,B+,No,,Tier 3,http://www.lilamandal.ac.in,info@lilamandal.ac.in,admissions@lilamandal.ac.in,placement@lilamandal.ac.in,+91-80-712-0771,Electrical Engineering,Diploma,60,330,1998,Rural,Yes,Yes
1-44782651774,1-44782651774,U-0698,LILA MANDAL COLLEGE OF ENGINEERING AND TECHNOLOGY,Active,Bihar,Gaya,Gaya,TADWA BARTARA BAZAR TANKUPPA,800898,25.093077,85.313576,Private-Self Financing,"State Board of Technical Education, Patna",Approved,Approved,B+,No,,Tier 3,http://www.lilamandal.ac.in,info@lilamandal.ac.in,admissions@lilamandal.ac.in,placement@lilamandal.ac.in,+91-80-712-0771,Computer Science Engineering (CSE),Diploma,60,330,1998,Rural,Yes,Yes
1-44782651774,1-44782651774,U-0698,LILA MANDAL COLLEGE OF ENGINEERING AND TECHNOLOGY,Active,Bihar,Gaya,Gaya,TADWA BARTARA BAZAR TANKUPPA,800898,25.093077,85.313576,Private-Self Financing,"State Board of Technical Education, Patna",Approved,Approved,B+,No,,Tier 3,http://www.lilamandal.ac.in,info@lilamandal.ac.in,admissions@lilamandal.ac.in,placement@lilamandal.ac.in,+91-80-712-0771,Other Engineering Branches,Diploma,60,330,1998,Rural,Yes,Yes
1-44795589683,1-44795589683,U-0698,NEXUS INSTITUTE OF TECHNOLOGY,Active,Bihar,West Champaran,West Champaran,"AT-KATAHARI, P.O & P.S. SATHI BLOCK NARKATIAGANJ",800487,25.079043,85.297074,Private-Self Financing,"State Board of Technical Education, Patna",Approved,Approved,A,No,,Tier 3,http://www.nexus.ac.in,info@nexus.ac.in,admissions@nexus.ac.in,placement@nexus.ac.in,+91-80-123-4457,Civil Engineering,Diploma,60,240,1980,Urban,Yes,No
1-44795589683,1-44795589683,U-0698,NEXUS INSTITUTE OF TECHNOLOGY,Active,Bihar,West Champaran,West Champaran,"AT-KATAHARI, P.O & P.S. SATHI BLOCK NARKATIAGANJ",800487,25.079043,85.297074,Private-Self Financing,"State Board of Technical Education, Patna",Approved,Approved,A,No,,Tier 3,http://www.nexus.ac.in,info@nexus.ac.in,admissions@nexus.ac.in,placement@nexus.ac.in,+91-80-123-4457,Electrical Engineering,Diploma,60,240,1980,Urban,Yes,No
1-44795589683,1-44795589683,U-0698,NEXUS INSTITUTE OF TECHNOLOGY,Active,Bihar,West Champaran,West Champaran,"AT-KATAHARI, P.O & P.S. SATHI BLOCK NARKATIAGANJ",800487,25.079043,85.297074,Private-Self Financing,"State Board of Technical Education, Patna",Approved,Approved,A,No,,Tier 3,http://www.nexus.ac.in,info@nexus.ac.in,admissions@nexus.ac.in,placement@nexus.ac.in,+91-80-123-4457,Mechanical Engineering,Diploma,60,240,1980,Urban,Yes,No
1-44795589683,1-44795589683,U-0698,NEXUS INSTITUTE OF TECHNOLOGY,Active,Bihar,West Champaran,West Champaran,"AT-KATAHARI, P.O & P.S. SATHI BLOCK NARKATIAGANJ",800487,25.079043,85.297074,Private-Self Financing,"State Board of Technical Education, Patna",Approved,Approved,A,No,,Tier 3,http://www.nexus.ac.in,info@nexus.ac.in,admissions@nexus.ac.in,placement@nexus.ac.in,+91-80-123-4457,Computer Science Engineering (CSE),Diploma,30,240,1980,Urban,Yes,No
1-44795589683,1-44795589683,U-0698,NEXUS INSTITUTE OF TECHNOLOGY,Active,Bihar,West Champaran,West Champaran,"AT-KATAHARI, P.O & P.S. SATHI BLOCK NARKATIAGANJ",800487,25.079043,85.297074,Private-Self Financing,"State Board of Technical Education, Patna",Approved,Approved,A,No,,Tier 3,http://www.nexus.ac.in,info@nexus.ac.in,admissions@nexus.ac.in,placement@nexus.ac.in,+91-80-123-4457,Artificial Intelligence & Machine Learning (AI & ML),Diploma,30,240,1980,Urban,Yes,No
1-44792995237,1-44792995237,U-0698,RAM SHARAM ROY COLLEGE OF TECHNOLOGY,Active,Bihar,Vaishali,Vaishali,MAHAMDPUR PO PARMANANDPUR MANHAR,800990,25.108955,85.320143,Private-Self Financing,"State Board of Technical Education, Patna",Approved,Approved,A,No,,Tier 3,http://www.ramsharamroy.ac.in,info@ramsharamroy.ac.in,admissions@ramsharamroy.ac.in,placement@ramsharamroy.ac.in,+91-80-378-0397,Computer Science Engineering (CSE),Diploma,180,360,1990,Urban,Yes,Yes
1-44792995237,1-44792995237,U-0698,RAM SHARAM ROY COLLEGE OF TECHNOLOGY,Active,Bihar,Vaishali,Vaishali,MAHAMDPUR PO PARMANANDPUR MANHAR,800990,25.108955,85.320143,Private-Self Financing,"State Board of Technical Education, Patna",Approved,Approved,A,No,,Tier 3,http://www.ramsharamroy.ac.in,info@ramsharamroy.ac.in,admissions@ramsharamroy.ac.in,placement@ramsharamroy.ac.in,+91-80-378-0397,Civil Engineering,Diploma,60,360,1990,Urban,Yes,Yes
1-44792995237,1-44792995237,U-0698,RAM SHARAM ROY COLLEGE OF TECHNOLOGY,Active,Bihar,Vaishali,Vaishali,MAHAMDPUR PO PARMANANDPUR MANHAR,800990,25.108955,85.320143,Private-Self Financing,"State Board of Technical Education, Patna",Approved,Approved,A,No,,Tier 3,http://www.ramsharamroy.ac.in,info@ramsharamroy.ac.in,admissions@ramsharamroy.ac.in,placement@ramsharamroy.ac.in,+91-80-378-0397,Electrical Engineering,Diploma,60,360,1990,Urban,Yes,Yes
1-44792995237,1-44792995237,U-0698,RAM SHARAM ROY COLLEGE OF TECHNOLOGY,Active,Bihar,Vaishali,Vaishali,MAHAMDPUR PO PARMANANDPUR MANHAR,800990,25.108955,85.320143,Private-Self Financing,"State Board of Technical Education, Patna",Approved,Approved,A,No,,Tier 3,http://www.ramsharamroy.ac.in,info@ramsharamroy.ac.in,admissions@ramsharamroy.ac.in,placement@ramsharamroy.ac.in,+91-80-378-0397,Electronics & Communication Engineering (ECE),Diploma,60,360,1990,Urban,Yes,Yes
