College ID,AICTE Institute ID,UGC University ID,College Name,College Status,State,District,City,Full Address,Pincode,Latitude,Longitude,College Type,Affiliated University,AICTE Approval Status,UGC Approval Status,NAAC Grade,NBA Accreditation,NIRF Ranking,Tier Classification,Official Website,Official College Email,Admission Email,Placement Cell Email,Contact Phone Number,Engineering Branch Name,Degree Type,Branch Intake Capacity,Total Intake Capacity,Establishment Year,Campus Type,Hostel Available,Placement Available
1-44638482322,1-44638482322,U-0539,VERGHESE KURIEN INSTITUTE OF DAIRY AND FOOD TECHNOLOGY,Active,Kerala,Thrissur,Thrissur,"COLLEGE OF DAIRY SCIENCE AND TECHNOLOGY, MANNUTHY, THRISSUR",682330,10.535025,76.2106,Government,KERALA VETERINARY AND ANIMAL SCIENCES UNIVERSITY,Approved,Approved,B,No,,Tier 3,http://www.verghesekuriendairy.ac.in,info@verghesekuriendairy.ac.in,admissions@verghesekuriendairy.ac.in,placement@verghesekuriendairy.ac.in,+91-80-150-2951,Other Engineering Branches,B.Tech,90,90,1993,Rural,Yes,Yes
1-44638340342,1-44638340342,U-0317,"MALABAR POLYTECHNIC COLLEGE, KOTTAKKAL",Active,Kerala,Malappuram,Malappuram,"MARAVATTAM, PO:KADAMPUZHA DIST: MALAPPURAM",682347,10.858877,76.288181,Private-Self Financing,"Board of Technical Examination, Kerala",Approved,Approved,B+,No,,Tier 3,http://www.malabarkottakkal.ac.in,info@malabarkottakkal.ac.in,admissions@malabarkottakkal.ac.in,placement@malabarkottakkal.ac.in,+91-80-190-2189,Information Technology (IT),Diploma,60,300,2004,Rural,Yes,Yes
1-44638340342,1-44638340342,U-0317,"MALABAR POLYTECHNIC COLLEGE, KOTTAKKAL",Active,Kerala,Malappuram,Malappuram,"MARAVATTAM, PO:KADAMPUZHA DIST: MALAPPURAM",682347,10.858877,76.288181,Private-Self Financing,"Board of Technical Examination, Kerala",Approved,Approved,B+,No,,Tier 3,http://www.malabarkottakkal.ac.in,info@malabarkottakkal.ac.in,admissions@malabarkottakkal.ac.in,placement@malabarkottakkal.ac.in,+91-80-190-2189,Civil Engineering,Diploma,60,300,2004,Rural,Yes,Yes
1-44638340342,1-44638340342,U-0317,"MALABAR POLYTECHNIC COLLEGE, KOTTAKKAL",Active,Kerala,Malappuram,Malappuram,"MARAVATTAM, PO:KADAMPUZHA DIST: MALAPPURAM",682347,10.858877,76.288181,Private-Self Financing,"Board of Technical Examination, Kerala",Approved,Approved,B+,No,,Tier 3,http://www.malabarkottakkal.ac.in,info@malabarkottakkal.ac.in,admissions@malabarkottakkal.ac.in,placement@malabarkottakkal.ac.in,+91-80-190-2189,Mechanical Engineering,Diploma,60,300,2004,Rural,Yes,Yes
1-44638340342,1-44638340342,U-0317,"MALABAR POLYTECHNIC COLLEGE, KOTTAKKAL",Active,Kerala,Malappuram,Malappuram,"MARAVATTAM, PO:KADAMPUZHA DIST: MALAPPURAM",682347,10.858877,76.288181,Private-Self Financing,"Board of Technical Examination, Kerala",Approved,Approved,B+,No,,Tier 3,http://www.malabarkottakkal.ac.in,info@malabarkottakkal.ac.in,admissions@malabarkottakkal.ac.in,placement@malabarkottakkal.ac.in,+91-80-190-2189,Automobile Engineering,Diploma,60,300,2004,Rural,Yes,Yes
1-44638340342,1-44638340342,U-0317,"MALABAR POLYTECHNIC COLLEGE, KOTTAKKAL",Active,Kerala,Malappuram,Malappuram,"MARAVATTAM, PO:KADAMPUZHA DIST: MALAPPURAM",682347,10.858877,76.288181,Private-Self Financing,"Board of Technical Examination, Kerala",Approved,Approved,B+,No,,Tier 3,http://www.malabarkottakkal.ac.in,info@malabarkottakkal.ac.in,admissions@malabarkottakkal.ac.in,placement@malabarkottakkal.ac.in,+91-80-190-2189,Electrical & Electronics Engineering (EEE),Diploma,60,300,2004,Rural,Yes,Yes
1-44638534706,1-44638534706,U-0672,COLLEGE OF ENGINEERING MUTTATHARA,Active,Kerala,Thiruvananthapuram,Thiruvananthapuram,"ST:SEBASTIAN CHURCH ROAD,VALLAKADAVU. P. O,THIRUVANANTHAPURAM",682973,8.542582,76.955174,Government,"APJ Abdul Kalam Technological University, Kerala",Approved,Approved,B++,Yes,,Tier 3,http://www.muttathara.ac.in,info@muttathara.ac.in,admissions@muttathara.ac.in,placement@muttathara.ac.in,+91-80-614-0534,Mechanical Engineering,B.Tech,60,360,2007,Urban,Yes,Yes
1-44638534706,1-44638534706,U-0672,COLLEGE OF ENGINEERING MUTTATHARA,Active,Kerala,Thiruvananthapuram,Thiruvananthapuram,"ST:SEBASTIAN CHURCH ROAD,VALLAKADAVU. P. O,THIRUVANANTHAPURAM",682973,8.542582,76.955174,Government,"APJ Abdul Kalam Technological University, Kerala",Approved,Approved,B++,Yes,,Tier 3,http://www.muttathara.ac.in,info@muttathara.ac.in,admissions@muttathara.ac.in,placement@muttathara.ac.in,+91-80-614-0534,Civil Engineering,B.Tech,60,360,2007,Urban,Yes,Yes
1-44638534706,1-44638534706,U-0672,COLLEGE OF ENGINEERING MUTTATHARA,Active,Kerala,Thiruvananthapuram,Thiruvananthapuram,"ST:SEBASTIAN CHURCH ROAD,VALLAKADAVU. P. O,THIRUVANANTHAPURAM",682973,8.542582,76.955174,Government,"APJ Abdul Kalam Technological University, Kerala",Approved,Approved,B++,Yes,,Tier 3,http://www.muttathara.ac.in,info@muttathara.ac.in,admissions@muttathara.ac.in,placement@muttathara.ac.in,+91-80-614-0534,Electrical & Electronics Engineering (EEE),B.Tech,60,360,2007,Urban,Yes,Yes
1-44638534706,1-44638534706,U-0672,COLLEGE OF ENGINEERING MUTTATHARA,Active,Kerala,Thiruvananthapuram,Thiruvananthapuram,"ST:SEBASTIAN CHURCH ROAD,VALLAKADAVU. P. O,THIRUVANANTHAPURAM",682973,8.542582,76.955174,Government,"APJ Abdul Kalam Technological University, Kerala",Approved,Approved,B++,Yes,,Tier 3,http://www.muttathara.ac.in,info@muttathara.ac.in,admissions@muttathara.ac.in,placement@muttathara.ac.in,+91-80-614-0534,Electronics & Communication Engineering (ECE),B.Tech,60,360,2007,Urban,Yes,Yes
1-44638534706,1-44638534706,U-0672,COLLEGE OF ENGINEERING MUTTATHARA,Active,Kerala,Thiruvananthapuram,Thiruvananthapuram,"ST:SEBASTIAN CHURCH ROAD,VALLAKADAVU. P. O,THIRUVANANTHAPURAM",682973,8.542582,76.955174,Government,"APJ Abdul Kalam Technological University, Kerala",Approved,Approved,B++,Yes,,Tier 3,http://www.muttathara.ac.in,info@muttathara.ac.in,admissions@muttathara.ac.in,placement@muttathara.ac.in,+91-80-614-0534,Computer Science Engineering (CSE),B.Tech,120,360,2007,Urban,Yes,Yes
1-44638491375,1-44638491375,U-0672,ST.THOMAS COLLEGE OF ENGINEERING & TECHNOLOGY,Active,Kerala,Alappuzha,Alappuzha,"KOZHUVALOOR P.O, VENMONEY, CHENGANNUR, ALAPPUZHA (DIST.), KERALA, PIN : 689 521",682427,9.507298,76.337719,Private-Self Financing,"APJ Abdul Kalam Technological University, Kerala",Approved,Approved,B+,No,,Tier 3,http://www.stthomas.ac.in,info@stthomas.ac.in,admissions@stthomas.ac.in,placement@stthomas.ac.in,+91-80-224-6649,Civil Engineering,B.Tech,30,360,2002,Rural,No,Yes
1-44638491375,1-44638491375,U-0672,ST.THOMAS COLLEGE OF ENGINEERING & TECHNOLOGY,Active,Kerala,Alappuzha,Alappuzha,"KOZHUVALOOR P.O, VENMONEY, CHENGANNUR, ALAPPUZHA (DIST.), KERALA, PIN : 689 521",682427,9.507298,76.337719,Private-Self Financing,"APJ Abdul Kalam Technological University, Kerala",Approved,Approved,B+,No,,Tier 3,http://www.stthomas.ac.in,info@stthomas.ac.in,admissions@stthomas.ac.in,placement@stthomas.ac.in,+91-80-224-6649,Mechanical Engineering,B.Tech,30,360,2002,Rural,No,Yes
1-44638491375,1-44638491375,U-0672,ST.THOMAS COLLEGE OF ENGINEERING & TECHNOLOGY,Active,Kerala,Alappuzha,Alappuzha,"KOZHUVALOOR P.O, VENMONEY, CHENGANNUR, ALAPPUZHA (DIST.), KERALA, PIN : 689 521",682427,9.507298,76.337719,Private-Self Financing,"APJ Abdul Kalam Technological University, Kerala",Approved,Approved,B+,No,,Tier 3,http://www.stthomas.ac.in,info@stthomas.ac.in,admissions@stthomas.ac.in,placement@stthomas.ac.in,+91-80-224-6649,Electrical & Electronics Engineering (EEE),B.Tech,30,360,2002,Rural,No,Yes
1-44638491375,1-44638491375,U-0672,ST.THOMAS COLLEGE OF ENGINEERING & TECHNOLOGY,Active,Kerala,Alappuzha,Alappuzha,"KOZHUVALOOR P.O, VENMONEY, CHENGANNUR, ALAPPUZHA (DIST.), KERALA, PIN : 689 521",682427,9.507298,76.337719,Private-Self Financing,"APJ Abdul Kalam Technological University, Kerala",Approved,Approved,B+,No,,Tier 3,http://www.stthomas.ac.in,info@stthomas.ac.in,admissions@stthomas.ac.in,placement@stthomas.ac.in,+91-80-224-6649,Electronics & Communication Engineering (ECE),B.Tech,30,360,2002,Rural,No,Yes
1-44638491375,1-44638491375,U-0672,ST.THOMAS COLLEGE OF ENGINEERING & TECHNOLOGY,Active,Kerala,Alappuzha,Alappuzha,"KOZHUVALOOR P.O, VENMONEY, CHENGANNUR, ALAPPUZHA (DIST.), KERALA, PIN : 689 521",682427,9.507298,76.337719,Private-Self Financing,"APJ Abdul Kalam Technological University, Kerala",Approved,Approved,B+,No,,Tier 3,http://www.stthomas.ac.in,info@stthomas.ac.in,admissions@stthomas.ac.in,placement@stthomas.ac.in,+91-80-224-6649,Computer Science Engineering (CSE),B.Tech,120,360,2002,Rural,No,Yes
1-44638491375,1-44638491375,U-0672,ST.THOMAS COLLEGE OF ENGINEERING & TECHNOLOGY,Active,Kerala,Alappuzha,Alappuzha,"KOZHUVALOOR P.O, VENMONEY, CHENGANNUR, ALAPPUZHA (DIST.), KERALA, PIN : 689 521",682427,9.507298,76.337719,Private-Self Financing,"APJ Abdul Kalam Technological University, Kerala",Approved,Approved,B+,No,,Tier 3,http://www.stthomas.ac.in,info@stthomas.ac.in,admissions@stthomas.ac.in,placement@stthomas.ac.in,+91-80-224-6649,Agricultural Engineering,B.Tech,60,360,2002,Rural,No,Yes
1-44638491375,1-44638491375,U-0672,ST.THOMAS COLLEGE OF ENGINEERING & TECHNOLOGY,Active,Kerala,Alappuzha,Alappuzha,"KOZHUVALOOR P.O, VENMONEY, CHENGANNUR, ALAPPUZHA (DIST.), KERALA, PIN : 689 521",682427,9.507298,76.337719,Private-Self Financing,"APJ Abdul Kalam Technological University, Kerala",Approved,Approved,B+,No,,Tier 3,http://www.stthomas.ac.in,info@stthomas.ac.in,admissions@stthomas.ac.in,placement@stthomas.ac.in,+91-80-224-6649,Artificial Intelligence & Machine Learning (AI & ML),B.Tech,60,360,2002,Rural,No,Yes
1-44638541499,1-44638541499,U-0317,GOVERNMENT POLYTECHNIC COLLEGE MANANTHAVADY,Active,Kerala,Wayanad,Wayanad,NALLOORNADU (PO) DWARAKA WAYANAD KERALA,682314,10.866405,76.251615,Government,"Board of Technical Examination, Kerala",Approved,Approved,B,No,,Tier 3,http://www.mananthavady.ac.in,info@mananthavady.ac.in,admissions@mananthavady.ac.in,placement@mananthavady.ac.in,+91-80-505-9459,Civil Engineering,Diploma,60,180,2001,Urban,Yes,Yes
1-44638541499,1-44638541499,U-0317,GOVERNMENT POLYTECHNIC COLLEGE MANANTHAVADY,Active,Kerala,Wayanad,Wayanad,NALLOORNADU (PO) DWARAKA WAYANAD KERALA,682314,10.866405,76.251615,Government,"Board of Technical Examination, Kerala",Approved,Approved,B,No,,Tier 3,http://www.mananthavady.ac.in,info@mananthavady.ac.in,admissions@mananthavady.ac.in,placement@mananthavady.ac.in,+91-80-505-9459,Mechanical Engineering,Diploma,60,180,2001,Urban,Yes,Yes
1-44638541499,1-44638541499,U-0317,GOVERNMENT POLYTECHNIC COLLEGE MANANTHAVADY,Active,Kerala,Wayanad,Wayanad,NALLOORNADU (PO) DWARAKA WAYANAD KERALA,682314,10.866405,76.251615,Government,"Board of Technical Examination, Kerala",Approved,Approved,B,No,,Tier 3,http://www.mananthavady.ac.in,info@mananthavady.ac.in,admissions@mananthavady.ac.in,placement@mananthavady.ac.in,+91-80-505-9459,Computer Science Engineering (CSE),Diploma,60,180,2001,Urban,Yes,Yes
1-44638495185,1-44638495185,U-0672,MALABAR INSTITUTE OF TECHNOLOGY,Active,Kerala,Kannur,Kannur,"PRESTIGE EDUCATIONAL TRUST,ANJARAKANDY INTEGRATED CAMPUS ANJARAKANDY POST - 670612",670612,10.856845,76.276452,Private-Self Financing,"APJ Abdul Kalam Technological University, Kerala",Approved,Approved,B++,No,,Tier 3,http://www.malabar.ac.in,info@malabar.ac.in,admissions@malabar.ac.in,placement@malabar.ac.in,+91-80-104-9890,Civil Engineering,B.Tech,30,333,2011,Urban,Yes,Yes
1-44638495185,1-44638495185,U-0672,MALABAR INSTITUTE OF TECHNOLOGY,Active,Kerala,Kannur,Kannur,"PRESTIGE EDUCATIONAL TRUST,ANJARAKANDY INTEGRATED CAMPUS ANJARAKANDY POST - 670612",670612,10.856845,76.276452,Private-Self Financing,"APJ Abdul Kalam Technological University, Kerala",Approved,Approved,B++,No,,Tier 3,http://www.malabar.ac.in,info@malabar.ac.in,admissions@malabar.ac.in,placement@malabar.ac.in,+91-80-104-9890,Electronics & Communication Engineering (ECE),B.Tech,30,333,2011,Urban,Yes,Yes
1-44638495185,1-44638495185,U-0672,MALABAR INSTITUTE OF TECHNOLOGY,Active,Kerala,Kannur,Kannur,"PRESTIGE EDUCATIONAL TRUST,ANJARAKANDY INTEGRATED CAMPUS ANJARAKANDY POST - 670612",670612,10.856845,76.276452,Private-Self Financing,"APJ Abdul Kalam Technological University, Kerala",Approved,Approved,B++,No,,Tier 3,http://www.malabar.ac.in,info@malabar.ac.in,admissions@malabar.ac.in,placement@malabar.ac.in,+91-80-104-9890,Mechanical Engineering,B.Tech,60,333,2011,Urban,Yes,Yes
1-44638495185,1-44638495185,U-0672,MALABAR INSTITUTE OF TECHNOLOGY,Active,Kerala,Kannur,Kannur,"PRESTIGE EDUCATIONAL TRUST,ANJARAKANDY INTEGRATED CAMPUS ANJARAKANDY POST - 670612",670612,10.856845,76.276452,Private-Self Financing,"APJ Abdul Kalam Technological University, Kerala",Approved,Approved,B++,No,,Tier 3,http://www.malabar.ac.in,info@malabar.ac.in,admissions@malabar.ac.in,placement@malabar.ac.in,+91-80-104-9890,Electrical & Electronics Engineering (EEE),B.Tech,15,333,2011,Urban,Yes,Yes
1-44638495185,1-44638495185,U-0672,MALABAR INSTITUTE OF TECHNOLOGY,Active,Kerala,Kannur,Kannur,"PRESTIGE EDUCATIONAL TRUST,ANJARAKANDY INTEGRATED CAMPUS ANJARAKANDY POST - 670612",670612,10.856845,76.276452,Private-Self Financing,"APJ Abdul Kalam Technological University, Kerala",Approved,Approved,B++,No,,Tier 3,http://www.malabar.ac.in,info@malabar.ac.in,admissions@malabar.ac.in,placement@malabar.ac.in,+91-80-104-9890,Computer Science Engineering (CSE),B.Tech,120,333,2011,Urban,Yes,Yes
1-44638495185,1-44638495185,U-0672,MALABAR INSTITUTE OF TECHNOLOGY,Active,Kerala,Kannur,Kannur,"PRESTIGE EDUCATIONAL TRUST,ANJARAKANDY INTEGRATED CAMPUS ANJARAKANDY POST - 670612",670612,10.856845,76.276452,Private-Self Financing,"APJ Abdul Kalam Technological University, Kerala",Approved,Approved,B++,No,,Tier 3,http://www.malabar.ac.in,info@malabar.ac.in,admissions@malabar.ac.in,placement@malabar.ac.in,+91-80-104-9890,Computer Science Engineering (CSE),M.Tech,9,333,2011,Urban,Yes,Yes
1-44638495185,1-44638495185,U-0672,MALABAR INSTITUTE OF TECHNOLOGY,Active,Kerala,Kannur,Kannur,"PRESTIGE EDUCATIONAL TRUST,ANJARAKANDY INTEGRATED CAMPUS ANJARAKANDY POST - 670612",670612,10.856845,76.276452,Private-Self Financing,"APJ Abdul Kalam Technological University, Kerala",Approved,Approved,B++,No,,Tier 3,http://www.malabar.ac.in,info@malabar.ac.in,admissions@malabar.ac.in,placement@malabar.ac.in,+91-80-104-9890,Information Technology (IT),M.Tech,9,333,2011,Urban,Yes,Yes
1-44638495185,1-44638495185,U-0672,MALABAR INSTITUTE OF TECHNOLOGY,Active,Kerala,Kannur,Kannur,"PRESTIGE EDUCATIONAL TRUST,ANJARAKANDY INTEGRATED CAMPUS ANJARAKANDY POST - 670612",670612,10.856845,76.276452,Private-Self Financing,"APJ Abdul Kalam Technological University, Kerala",Approved,Approved,B++,No,,Tier 3,http://www.malabar.ac.in,info@malabar.ac.in,admissions@malabar.ac.in,placement@malabar.ac.in,+91-80-104-9890,Cyber Security,B.Tech,60,333,2011,Urban,Yes,Yes
1-44638496328,1-44638496328,U-0561,SCHOOL OF OCEAN ENGINEERING AND UNDERWATER TECHNOLOGY,Active,Kerala,Ernakulam,Ernakulam,"KERALA UNIVERSITY OF FISHERIES AND OCEAN STUDIES CAMPUS, PANANGAD P.O,",682234,9.973136,76.283623,State Government University,KERALA UNIVERSITY OF FISHERIES AND OCEANSTUDIES,Approved,Approved,A,No,,Tier 3,http://www.schooloceanunderwater.ac.in,info@schooloceanunderwater.ac.in,admissions@schooloceanunderwater.ac.in,placement@schooloceanunderwater.ac.in,+91-80-483-8679,Other Engineering Branches,B.Tech,60,90,2000,Urban,Yes,Yes
1-44638496328,1-44638496328,U-0561,SCHOOL OF OCEAN ENGINEERING AND UNDERWATER TECHNOLOGY,Active,Kerala,Ernakulam,Ernakulam,"KERALA UNIVERSITY OF FISHERIES AND OCEAN STUDIES CAMPUS, PANANGAD P.O,",682234,9.973136,76.283623,State Government University,KERALA UNIVERSITY OF FISHERIES AND OCEANSTUDIES,Approved,Approved,A,No,,Tier 3,http://www.schooloceanunderwater.ac.in,info@schooloceanunderwater.ac.in,admissions@schooloceanunderwater.ac.in,placement@schooloceanunderwater.ac.in,+91-80-483-8679,Other Engineering Branches,M.Tech,30,90,2000,Urban,Yes,Yes
1-44638369691,1-44638369691,U-0992,DEPARTMENT OF STATISTICS COCHIN UNIVERSITY OF SCIENCE AND TECHNOLOGY,Active,Kerala,Ernakulam,Ernakulam,COCHIN UNIVERSITY P O KALAMASSERY,682234,9.969912,76.310982,State Government University,NOT APPLICABLE,Approved,Approved,B++,No,,Tier 3,http://www.departmentstatisticscochin.ac.in,info@departmentstatisticscochin.ac.in,admissions@departmentstatisticscochin.ac.in,placement@departmentstatisticscochin.ac.in,+91-80-348-6406,Data Science,M.Tech,18,18,2014,Urban,No,Yes
1-44638370058,1-44638370058,U-0317,GOVERNMENT POLYTECHNIC COLLEGE NADUVIL,Active,Kerala,Kannur,Kannur,NADUVIL,682328,10.831375,76.252572,Government,"Board of Technical Examination, Kerala",Approved,Approved,A,No,,Tier 2,http://www.naduvil.ac.in,info@naduvil.ac.in,admissions@naduvil.ac.in,placement@naduvil.ac.in,+91-80-036-7113,Automobile Engineering,Diploma,60,180,1983,Urban,Yes,No
1-44638370058,1-44638370058,U-0317,GOVERNMENT POLYTECHNIC COLLEGE NADUVIL,Active,Kerala,Kannur,Kannur,NADUVIL,682328,10.831375,76.252572,Government,"Board of Technical Examination, Kerala",Approved,Approved,A,No,,Tier 2,http://www.naduvil.ac.in,info@naduvil.ac.in,admissions@naduvil.ac.in,placement@naduvil.ac.in,+91-80-036-7113,Civil Engineering,Diploma,60,180,1983,Urban,Yes,No
1-44638370058,1-44638370058,U-0317,GOVERNMENT POLYTECHNIC COLLEGE NADUVIL,Active,Kerala,Kannur,Kannur,NADUVIL,682328,10.831375,76.252572,Government,"Board of Technical Examination, Kerala",Approved,Approved,A,No,,Tier 2,http://www.naduvil.ac.in,info@naduvil.ac.in,admissions@naduvil.ac.in,placement@naduvil.ac.in,+91-80-036-7113,Electrical & Electronics Engineering (EEE),Diploma,60,180,1983,Urban,Yes,No
1-44638386025,1-44638386025,U-0992,AMRITA VISHWA VIDYAPEETHAM AMRITAPURI CAMPUS,Active,Kerala,Kollam,Kollam,"CLAPPANA P O, KARUNAGAPALLY, KOLLAM, KERALA. INDIA",682952,8.883273,76.599372,Deemed to be University(Pvt),NOT APPLICABLE,Approved,Approved,Not Accredited,No,,Tier 3,http://www.amritavishwavidyapeetham.ac.in,info@amritavishwavidyapeetham.ac.in,admissions@amritavishwavidyapeetham.ac.in,placement@amritavishwavidyapeetham.ac.in,+91-80-422-5057,Computer Science Engineering (CSE),B.Tech,480,1068,2022,Urban,Yes,Yes
1-44638386025,1-44638386025,U-0992,AMRITA VISHWA VIDYAPEETHAM AMRITAPURI CAMPUS,Active,Kerala,Kollam,Kollam,"CLAPPANA P O, KARUNAGAPALLY, KOLLAM, KERALA. INDIA",682952,8.883273,76.599372,Deemed to be University(Pvt),NOT APPLICABLE,Approved,Approved,Not Accredited,No,,Tier 3,http://www.amritavishwavidyapeetham.ac.in,info@amritavishwavidyapeetham.ac.in,admissions@amritavishwavidyapeetham.ac.in,placement@amritavishwavidyapeetham.ac.in,+91-80-422-5057,Electronics & Communication Engineering (ECE),B.Tech,120,1068,2022,Urban,Yes,Yes
1-44638386025,1-44638386025,U-0992,AMRITA VISHWA VIDYAPEETHAM AMRITAPURI CAMPUS,Active,Kerala,Kollam,Kollam,"CLAPPANA P O, KARUNAGAPALLY, KOLLAM, KERALA. INDIA",682952,8.883273,76.599372,Deemed to be University(Pvt),NOT APPLICABLE,Approved,Approved,Not Accredited,No,,Tier 3,http://www.amritavishwavidyapeetham.ac.in,info@amritavishwavidyapeetham.ac.in,admissions@amritavishwavidyapeetham.ac.in,placement@amritavishwavidyapeetham.ac.in,+91-80-422-5057,Electrical & Electronics Engineering (EEE),B.Tech,60,1068,2022,Urban,Yes,Yes
1-44638386025,1-44638386025,U-0992,AMRITA VISHWA VIDYAPEETHAM AMRITAPURI CAMPUS,Active,Kerala,Kollam,Kollam,"CLAPPANA P O, KARUNAGAPALLY, KOLLAM, KERALA. INDIA",682952,8.883273,76.599372,Deemed to be University(Pvt),NOT APPLICABLE,Approved,Approved,Not Accredited,No,,Tier 3,http://www.amritavishwavidyapeetham.ac.in,info@amritavishwavidyapeetham.ac.in,admissions@amritavishwavidyapeetham.ac.in,placement@amritavishwavidyapeetham.ac.in,+91-80-422-5057,Mechanical Engineering,B.Tech,60,1068,2022,Urban,Yes,Yes
1-44638386025,1-44638386025,U-0992,AMRITA VISHWA VIDYAPEETHAM AMRITAPURI CAMPUS,Active,Kerala,Kollam,Kollam,"CLAPPANA P O, KARUNAGAPALLY, KOLLAM, KERALA. INDIA",682952,8.883273,76.599372,Deemed to be University(Pvt),NOT APPLICABLE,Approved,Approved,Not Accredited,No,,Tier 3,http://www.amritavishwavidyapeetham.ac.in,info@amritavishwavidyapeetham.ac.in,admissions@amritavishwavidyapeetham.ac.in,placement@amritavishwavidyapeetham.ac.in,+91-80-422-5057,Other Engineering Branches,M.Tech,102,1068,2022,Urban,Yes,Yes
1-44638386025,1-44638386025,U-0992,AMRITA VISHWA VIDYAPEETHAM AMRITAPURI CAMPUS,Active,Kerala,Kollam,Kollam,"CLAPPANA P O, KARUNAGAPALLY, KOLLAM, KERALA. INDIA",682952,8.883273,76.599372,Deemed to be University(Pvt),NOT APPLICABLE,Approved,Approved,Not Accredited,No,,Tier 3,http://www.amritavishwavidyapeetham.ac.in,info@amritavishwavidyapeetham.ac.in,admissions@amritavishwavidyapeetham.ac.in,placement@amritavishwavidyapeetham.ac.in,+91-80-422-5057,Robotics,M.Tech,12,1068,2022,Urban,Yes,Yes
1-44638386025,1-44638386025,U-0992,AMRITA VISHWA VIDYAPEETHAM AMRITAPURI CAMPUS,Active,Kerala,Kollam,Kollam,"CLAPPANA P O, KARUNAGAPALLY, KOLLAM, KERALA. INDIA",682952,8.883273,76.599372,Deemed to be University(Pvt),NOT APPLICABLE,Approved,Approved,Not Accredited,No,,Tier 3,http://www.amritavishwavidyapeetham.ac.in,info@amritavishwavidyapeetham.ac.in,admissions@amritavishwavidyapeetham.ac.in,placement@amritavishwavidyapeetham.ac.in,+91-80-422-5057,Information Technology (IT),M.Tech,24,1068,2022,Urban,Yes,Yes
1-44638386025,1-44638386025,U-0992,AMRITA VISHWA VIDYAPEETHAM AMRITAPURI CAMPUS,Active,Kerala,Kollam,Kollam,"CLAPPANA P O, KARUNAGAPALLY, KOLLAM, KERALA. INDIA",682952,8.883273,76.599372,Deemed to be University(Pvt),NOT APPLICABLE,Approved,Approved,Not Accredited,No,,Tier 3,http://www.amritavishwavidyapeetham.ac.in,info@amritavishwavidyapeetham.ac.in,admissions@amritavishwavidyapeetham.ac.in,placement@amritavishwavidyapeetham.ac.in,+91-80-422-5057,Artificial Intelligence & Machine Learning (AI & ML),M.Tech,18,1068,2022,Urban,Yes,Yes
1-44638386025,1-44638386025,U-0992,AMRITA VISHWA VIDYAPEETHAM AMRITAPURI CAMPUS,Active,Kerala,Kollam,Kollam,"CLAPPANA P O, KARUNAGAPALLY, KOLLAM, KERALA. INDIA",682952,8.883273,76.599372,Deemed to be University(Pvt),NOT APPLICABLE,Approved,Approved,Not Accredited,No,,Tier 3,http://www.amritavishwavidyapeetham.ac.in,info@amritavishwavidyapeetham.ac.in,admissions@amritavishwavidyapeetham.ac.in,placement@amritavishwavidyapeetham.ac.in,+91-80-422-5057,Mechanical Engineering,M.Tech,12,1068,2022,Urban,Yes,Yes
1-44638386025,1-44638386025,U-0992,AMRITA VISHWA VIDYAPEETHAM AMRITAPURI CAMPUS,Active,Kerala,Kollam,Kollam,"CLAPPANA P O, KARUNAGAPALLY, KOLLAM, KERALA. INDIA",682952,8.883273,76.599372,Deemed to be University(Pvt),NOT APPLICABLE,Approved,Approved,Not Accredited,No,,Tier 3,http://www.amritavishwavidyapeetham.ac.in,info@amritavishwavidyapeetham.ac.in,admissions@amritavishwavidyapeetham.ac.in,placement@amritavishwavidyapeetham.ac.in,+91-80-422-5057,Data Science,B.Tech,60,1068,2022,Urban,Yes,Yes
1-44638386025,1-44638386025,U-0992,AMRITA VISHWA VIDYAPEETHAM AMRITAPURI CAMPUS,Active,Kerala,Kollam,Kollam,"CLAPPANA P O, KARUNAGAPALLY, KOLLAM, KERALA. INDIA",682952,8.883273,76.599372,Deemed to be University(Pvt),NOT APPLICABLE,Approved,Approved,Not Accredited,No,,Tier 3,http://www.amritavishwavidyapeetham.ac.in,info@amritavishwavidyapeetham.ac.in,admissions@amritavishwavidyapeetham.ac.in,placement@amritavishwavidyapeetham.ac.in,+91-80-422-5057,Cyber Security,B.Tech,60,1068,2022,Urban,Yes,Yes
1-44638386025,1-44638386025,U-0992,AMRITA VISHWA VIDYAPEETHAM AMRITAPURI CAMPUS,Active,Kerala,Kollam,Kollam,"CLAPPANA P O, KARUNAGAPALLY, KOLLAM, KERALA. INDIA",682952,8.883273,76.599372,Deemed to be University(Pvt),NOT APPLICABLE,Approved,Approved,Not Accredited,No,,Tier 3,http://www.amritavishwavidyapeetham.ac.in,info@amritavishwavidyapeetham.ac.in,admissions@amritavishwavidyapeetham.ac.in,placement@amritavishwavidyapeetham.ac.in,+91-80-422-5057,Robotics,B.Tech,60,1068,2022,Urban,Yes,Yes
1-44638301355,1-44638301355,U-0672,ST THOMAS INSTITUTE FOR SCIENCE AND TECHNOLOGY,Active,Kerala,Thiruvananthapuram,Thiruvananthapuram,"MAR CHRYSOSTOM NAGAR, KATTAIKONAM P O",682973,8.527596,76.955533,Private-Self Financing,"APJ Abdul Kalam Technological University, Kerala",Approved,Approved,B+,No,,Tier 3,http://www.stthomasscience.ac.in,info@stthomasscience.ac.in,admissions@stthomasscience.ac.in,placement@stthomasscience.ac.in,+91-80-985-4969,Other Engineering Branches,M.Tech,12,372,2020,Rural,Yes,Yes
1-44638301355,1-44638301355,U-0672,ST THOMAS INSTITUTE FOR SCIENCE AND TECHNOLOGY,Active,Kerala,Thiruvananthapuram,Thiruvananthapuram,"MAR CHRYSOSTOM NAGAR, KATTAIKONAM P O",682973,8.527596,76.955533,Private-Self Financing,"APJ Abdul Kalam Technological University, Kerala",Approved,Approved,B+,No,,Tier 3,http://www.stthomasscience.ac.in,info@stthomasscience.ac.in,admissions@stthomasscience.ac.in,placement@stthomasscience.ac.in,+91-80-985-4969,Mechanical Engineering,B.Tech,30,372,2020,Rural,Yes,Yes
1-44638301355,1-44638301355,U-0672,ST THOMAS INSTITUTE FOR SCIENCE AND TECHNOLOGY,Active,Kerala,Thiruvananthapuram,Thiruvananthapuram,"MAR CHRYSOSTOM NAGAR, KATTAIKONAM P O",682973,8.527596,76.955533,Private-Self Financing,"APJ Abdul Kalam Technological University, Kerala",Approved,Approved,B+,No,,Tier 3,http://www.stthomasscience.ac.in,info@stthomasscience.ac.in,admissions@stthomasscience.ac.in,placement@stthomasscience.ac.in,+91-80-985-4969,Civil Engineering,B.Tech,60,372,2020,Rural,Yes,Yes
1-44638301355,1-44638301355,U-0672,ST THOMAS INSTITUTE FOR SCIENCE AND TECHNOLOGY,Active,Kerala,Thiruvananthapuram,Thiruvananthapuram,"MAR CHRYSOSTOM NAGAR, KATTAIKONAM P O",682973,8.527596,76.955533,Private-Self Financing,"APJ Abdul Kalam Technological University, Kerala",Approved,Approved,B+,No,,Tier 3,http://www.stthomasscience.ac.in,info@stthomasscience.ac.in,admissions@stthomasscience.ac.in,placement@stthomasscience.ac.in,+91-80-985-4969,Electrical & Electronics Engineering (EEE),B.Tech,30,372,2020,Rural,Yes,Yes
1-44638301355,1-44638301355,U-0672,ST THOMAS INSTITUTE FOR SCIENCE AND TECHNOLOGY,Active,Kerala,Thiruvananthapuram,Thiruvananthapuram,"MAR CHRYSOSTOM NAGAR, KATTAIKONAM P O",682973,8.527596,76.955533,Private-Self Financing,"APJ Abdul Kalam Technological University, Kerala",Approved,Approved,B+,No,,Tier 3,http://www.stthomasscience.ac.in,info@stthomasscience.ac.in,admissions@stthomasscience.ac.in,placement@stthomasscience.ac.in,+91-80-985-4969,Electronics & Communication Engineering (ECE),B.Tech,30,372,2020,Rural,Yes,Yes
1-44638301355,1-44638301355,U-0672,ST THOMAS INSTITUTE FOR SCIENCE AND TECHNOLOGY,Active,Kerala,Thiruvananthapuram,Thiruvananthapuram,"MAR CHRYSOSTOM NAGAR, KATTAIKONAM P O",682973,8.527596,76.955533,Private-Self Financing,"APJ Abdul Kalam Technological University, Kerala",Approved,Approved,B+,No,,Tier 3,http://www.stthomasscience.ac.in,info@stthomasscience.ac.in,admissions@stthomasscience.ac.in,placement@stthomasscience.ac.in,+91-80-985-4969,Computer Science Engineering (CSE),B.Tech,120,372,2020,Rural,Yes,Yes
1-44638301355,1-44638301355,U-0672,ST THOMAS INSTITUTE FOR SCIENCE AND TECHNOLOGY,Active,Kerala,Thiruvananthapuram,Thiruvananthapuram,"MAR CHRYSOSTOM NAGAR, KATTAIKONAM P O",682973,8.527596,76.955533,Private-Self Financing,"APJ Abdul Kalam Technological University, Kerala",Approved,Approved,B+,No,,Tier 3,http://www.stthomasscience.ac.in,info@stthomasscience.ac.in,admissions@stthomasscience.ac.in,placement@stthomasscience.ac.in,+91-80-985-4969,Data Science,B.Tech,30,372,2020,Rural,Yes,Yes
1-44638301355,1-44638301355,U-0672,ST THOMAS INSTITUTE FOR SCIENCE AND TECHNOLOGY,Active,Kerala,Thiruvananthapuram,Thiruvananthapuram,"MAR CHRYSOSTOM NAGAR, KATTAIKONAM P O",682973,8.527596,76.955533,Private-Self Financing,"APJ Abdul Kalam Technological University, Kerala",Approved,Approved,B+,No,,Tier 3,http://www.stthomasscience.ac.in,info@stthomasscience.ac.in,admissions@stthomasscience.ac.in,placement@stthomasscience.ac.in,+91-80-985-4969,Artificial Intelligence & Machine Learning (AI & ML),B.Tech,60,372,2020,Rural,Yes,Yes
1-44638289459,1-44638289459,U-0317,GREGORIAN INSTITUTE OF TECHNOLOGY,Active,Kerala,Kottayam,Kottayam,KANJIRAPPARA (PO) KOTTAYAM KANGAZHA,682045,9.581961,76.527002,Private-Self Financing,"Board of Technical Examination, Kerala",Approved,Approved,B++,No,,Tier 3,http://www.gregorian.ac.in,info@gregorian.ac.in,admissions@gregorian.ac.in,placement@gregorian.ac.in,+91-80-434-5758,Automobile Engineering,Diploma,120,780,2008,Urban,Yes,Yes
1-44638289459,1-44638289459,U-0317,GREGORIAN INSTITUTE OF TECHNOLOGY,Active,Kerala,Kottayam,Kottayam,KANJIRAPPARA (PO) KOTTAYAM KANGAZHA,682045,9.581961,76.527002,Private-Self Financing,"Board of Technical Examination, Kerala",Approved,Approved,B++,No,,Tier 3,http://www.gregorian.ac.in,info@gregorian.ac.in,admissions@gregorian.ac.in,placement@gregorian.ac.in,+91-80-434-5758,Civil Engineering,Diploma,60,780,2008,Urban,Yes,Yes
1-44638289459,1-44638289459,U-0317,GREGORIAN INSTITUTE OF TECHNOLOGY,Active,Kerala,Kottayam,Kottayam,KANJIRAPPARA (PO) KOTTAYAM KANGAZHA,682045,9.581961,76.527002,Private-Self Financing,"Board of Technical Examination, Kerala",Approved,Approved,B++,No,,Tier 3,http://www.gregorian.ac.in,info@gregorian.ac.in,admissions@gregorian.ac.in,placement@gregorian.ac.in,+91-80-434-5758,Electrical & Electronics Engineering (EEE),Diploma,120,780,2008,Urban,Yes,Yes
1-44638289459,1-44638289459,U-0317,GREGORIAN INSTITUTE OF TECHNOLOGY,Active,Kerala,Kottayam,Kottayam,KANJIRAPPARA (PO) KOTTAYAM KANGAZHA,682045,9.581961,76.527002,Private-Self Financing,"Board of Technical Examination, Kerala",Approved,Approved,B++,No,,Tier 3,http://www.gregorian.ac.in,info@gregorian.ac.in,admissions@gregorian.ac.in,placement@gregorian.ac.in,+91-80-434-5758,Mechanical Engineering,Diploma,120,780,2008,Urban,Yes,Yes
1-44638289459,1-44638289459,U-0317,GREGORIAN INSTITUTE OF TECHNOLOGY,Active,Kerala,Kottayam,Kottayam,KANJIRAPPARA (PO) KOTTAYAM KANGAZHA,682045,9.581961,76.527002,Private-Self Financing,"Board of Technical Examination, Kerala",Approved,Approved,B++,No,,Tier 3,http://www.gregorian.ac.in,info@gregorian.ac.in,admissions@gregorian.ac.in,placement@gregorian.ac.in,+91-80-434-5758,Other Engineering Branches,Diploma,60,780,2008,Urban,Yes,Yes
1-44638289459,1-44638289459,U-0317,GREGORIAN INSTITUTE OF TECHNOLOGY,Active,Kerala,Kottayam,Kottayam,KANJIRAPPARA (PO) KOTTAYAM KANGAZHA,682045,9.581961,76.527002,Private-Self Financing,"Board of Technical Examination, Kerala",Approved,Approved,B++,No,,Tier 3,http://www.gregorian.ac.in,info@gregorian.ac.in,admissions@gregorian.ac.in,placement@gregorian.ac.in,+91-80-434-5758,Computer Science Engineering (CSE),B.Tech,120,780,2008,Urban,Yes,Yes
1-44638289459,1-44638289459,U-0317,GREGORIAN INSTITUTE OF TECHNOLOGY,Active,Kerala,Kottayam,Kottayam,KANJIRAPPARA (PO) KOTTAYAM KANGAZHA,682045,9.581961,76.527002,Private-Self Financing,"Board of Technical Examination, Kerala",Approved,Approved,B++,No,,Tier 3,http://www.gregorian.ac.in,info@gregorian.ac.in,admissions@gregorian.ac.in,placement@gregorian.ac.in,+91-80-434-5758,Data Science,B.Tech,60,780,2008,Urban,Yes,Yes
1-44638289459,1-44638289459,U-0317,GREGORIAN INSTITUTE OF TECHNOLOGY,Active,Kerala,Kottayam,Kottayam,KANJIRAPPARA (PO) KOTTAYAM KANGAZHA,682045,9.581961,76.527002,Private-Self Financing,"Board of Technical Examination, Kerala",Approved,Approved,B++,No,,Tier 3,http://www.gregorian.ac.in,info@gregorian.ac.in,admissions@gregorian.ac.in,placement@gregorian.ac.in,+91-80-434-5758,Artificial Intelligence & Machine Learning (AI & ML),B.Tech,60,780,2008,Urban,Yes,Yes
1-44638289459,1-44638289459,U-0317,GREGORIAN INSTITUTE OF TECHNOLOGY,Active,Kerala,Kottayam,Kottayam,KANJIRAPPARA (PO) KOTTAYAM KANGAZHA,682045,9.581961,76.527002,Private-Self Financing,"Board of Technical Examination, Kerala",Approved,Approved,B++,No,,Tier 3,http://www.gregorian.ac.in,info@gregorian.ac.in,admissions@gregorian.ac.in,placement@gregorian.ac.in,+91-80-434-5758,Electronics & Communication Engineering (ECE),B.Tech,60,780,2008,Urban,Yes,Yes
1-44638258779,1-44638258779,U-0475,M-DIT POLYTECHNIC COLLEGE,Active,Kerala,Kozhikode,Kozhikode,ULLIYERI P.O,682606,11.253198,75.799641,Private-Self Financing,"Directorate of Technical Education, Kerala",Approved,Approved,A,No,,Tier 3,http://www.mdit.ac.in,info@mdit.ac.in,admissions@mdit.ac.in,placement@mdit.ac.in,+91-80-603-9035,Civil Engineering,Diploma,60,300,1992,Urban,Yes,Yes
1-44638258779,1-44638258779,U-0475,M-DIT POLYTECHNIC COLLEGE,Active,Kerala,Kozhikode,Kozhikode,ULLIYERI P.O,682606,11.253198,75.799641,Private-Self Financing,"Directorate of Technical Education, Kerala",Approved,Approved,A,No,,Tier 3,http://www.mdit.ac.in,info@mdit.ac.in,admissions@mdit.ac.in,placement@mdit.ac.in,+91-80-603-9035,Automobile Engineering,Diploma,60,300,1992,Urban,Yes,Yes
1-44638258779,1-44638258779,U-0475,M-DIT POLYTECHNIC COLLEGE,Active,Kerala,Kozhikode,Kozhikode,ULLIYERI P.O,682606,11.253198,75.799641,Private-Self Financing,"Directorate of Technical Education, Kerala",Approved,Approved,A,No,,Tier 3,http://www.mdit.ac.in,info@mdit.ac.in,admissions@mdit.ac.in,placement@mdit.ac.in,+91-80-603-9035,Mechanical Engineering,Diploma,60,300,1992,Urban,Yes,Yes
1-44638258779,1-44638258779,U-0475,M-DIT POLYTECHNIC COLLEGE,Active,Kerala,Kozhikode,Kozhikode,ULLIYERI P.O,682606,11.253198,75.799641,Private-Self Financing,"Directorate of Technical Education, Kerala",Approved,Approved,A,No,,Tier 3,http://www.mdit.ac.in,info@mdit.ac.in,admissions@mdit.ac.in,placement@mdit.ac.in,+91-80-603-9035,Electronics & Communication Engineering (ECE),Diploma,60,300,1992,Urban,Yes,Yes
1-44638258779,1-44638258779,U-0475,M-DIT POLYTECHNIC COLLEGE,Active,Kerala,Kozhikode,Kozhikode,ULLIYERI P.O,682606,11.253198,75.799641,Private-Self Financing,"Directorate of Technical Education, Kerala",Approved,Approved,A,No,,Tier 3,http://www.mdit.ac.in,info@mdit.ac.in,admissions@mdit.ac.in,placement@mdit.ac.in,+91-80-603-9035,Computer Science Engineering (CSE),Diploma,60,300,1992,Urban,Yes,Yes
1-44638313785,1-44638313785,U-0672,HEERA COLLEGE OF ENGINEERING AND TECHNOLOGY (HCET),Active,Kerala,Thiruvananthapuram,Thiruvananthapuram,"PANAVOOR.P.O, NEDUMANGAD,",682973,8.539715,76.932043,Private-Self Financing,"APJ Abdul Kalam Technological University, Kerala",Approved,Approved,B,No,,Tier 3,http://www.heerahcet.ac.in,info@heerahcet.ac.in,admissions@heerahcet.ac.in,placement@heerahcet.ac.in,+91-80-493-7698,Mechanical Engineering,B.Tech,60,360,2014,Urban,Yes,No
1-44638313785,1-44638313785,U-0672,HEERA COLLEGE OF ENGINEERING AND TECHNOLOGY (HCET),Active,Kerala,Thiruvananthapuram,Thiruvananthapuram,"PANAVOOR.P.O, NEDUMANGAD,",682973,8.539715,76.932043,Private-Self Financing,"APJ Abdul Kalam Technological University, Kerala",Approved,Approved,B,No,,Tier 3,http://www.heerahcet.ac.in,info@heerahcet.ac.in,admissions@heerahcet.ac.in,placement@heerahcet.ac.in,+91-80-493-7698,Civil Engineering,B.Tech,60,360,2014,Urban,Yes,No
1-44638313785,1-44638313785,U-0672,HEERA COLLEGE OF ENGINEERING AND TECHNOLOGY (HCET),Active,Kerala,Thiruvananthapuram,Thiruvananthapuram,"PANAVOOR.P.O, NEDUMANGAD,",682973,8.539715,76.932043,Private-Self Financing,"APJ Abdul Kalam Technological University, Kerala",Approved,Approved,B,No,,Tier 3,http://www.heerahcet.ac.in,info@heerahcet.ac.in,admissions@heerahcet.ac.in,placement@heerahcet.ac.in,+91-80-493-7698,Electrical & Electronics Engineering (EEE),B.Tech,30,360,2014,Urban,Yes,No
1-44638313785,1-44638313785,U-0672,HEERA COLLEGE OF ENGINEERING AND TECHNOLOGY (HCET),Active,Kerala,Thiruvananthapuram,Thiruvananthapuram,"PANAVOOR.P.O, NEDUMANGAD,",682973,8.539715,76.932043,Private-Self Financing,"APJ Abdul Kalam Technological University, Kerala",Approved,Approved,B,No,,Tier 3,http://www.heerahcet.ac.in,info@heerahcet.ac.in,admissions@heerahcet.ac.in,placement@heerahcet.ac.in,+91-80-493-7698,Electronics & Communication Engineering (ECE),B.Tech,30,360,2014,Urban,Yes,No
1-44638313785,1-44638313785,U-0672,HEERA COLLEGE OF ENGINEERING AND TECHNOLOGY (HCET),Active,Kerala,Thiruvananthapuram,Thiruvananthapuram,"PANAVOOR.P.O, NEDUMANGAD,",682973,8.539715,76.932043,Private-Self Financing,"APJ Abdul Kalam Technological University, Kerala",Approved,Approved,B,No,,Tier 3,http://www.heerahcet.ac.in,info@heerahcet.ac.in,admissions@heerahcet.ac.in,placement@heerahcet.ac.in,+91-80-493-7698,Computer Science Engineering (CSE),B.Tech,120,360,2014,Urban,Yes,No
1-44638313785,1-44638313785,U-0672,HEERA COLLEGE OF ENGINEERING AND TECHNOLOGY (HCET),Active,Kerala,Thiruvananthapuram,Thiruvananthapuram,"PANAVOOR.P.O, NEDUMANGAD,",682973,8.539715,76.932043,Private-Self Financing,"APJ Abdul Kalam Technological University, Kerala",Approved,Approved,B,No,,Tier 3,http://www.heerahcet.ac.in,info@heerahcet.ac.in,admissions@heerahcet.ac.in,placement@heerahcet.ac.in,+91-80-493-7698,Artificial Intelligence & Machine Learning (AI & ML),B.Tech,60,360,2014,Urban,Yes,No
1-44638102021,1-44638102021,U-0317,MGM SILVER JUBILEE POLYTECHNIC COLLEGE,Active,Kerala,Kannur,Kannur,"MGM TECHNOLOGICAL CAMPUS,  PILATHARA, VILAYANCODE P.O",682328,10.837561,76.262859,Private-Self Financing,"Board of Technical Examination, Kerala",Approved,Approved,B+,No,,Tier 3,http://www.mgmsilverjubilee.ac.in,info@mgmsilverjubilee.ac.in,admissions@mgmsilverjubilee.ac.in,placement@mgmsilverjubilee.ac.in,+91-80-296-1483,Automobile Engineering,Diploma,60,360,2015,Rural,No,Yes
1-44638102021,1-44638102021,U-0317,MGM SILVER JUBILEE POLYTECHNIC COLLEGE,Active,Kerala,Kannur,Kannur,"MGM TECHNOLOGICAL CAMPUS,  PILATHARA, VILAYANCODE P.O",682328,10.837561,76.262859,Private-Self Financing,"Board of Technical Examination, Kerala",Approved,Approved,B+,No,,Tier 3,http://www.mgmsilverjubilee.ac.in,info@mgmsilverjubilee.ac.in,admissions@mgmsilverjubilee.ac.in,placement@mgmsilverjubilee.ac.in,+91-80-296-1483,Chemical Engineering,Diploma,30,360,2015,Rural,No,Yes
1-44638102021,1-44638102021,U-0317,MGM SILVER JUBILEE POLYTECHNIC COLLEGE,Active,Kerala,Kannur,Kannur,"MGM TECHNOLOGICAL CAMPUS,  PILATHARA, VILAYANCODE P.O",682328,10.837561,76.262859,Private-Self Financing,"Board of Technical Examination, Kerala",Approved,Approved,B+,No,,Tier 3,http://www.mgmsilverjubilee.ac.in,info@mgmsilverjubilee.ac.in,admissions@mgmsilverjubilee.ac.in,placement@mgmsilverjubilee.ac.in,+91-80-296-1483,Mechanical Engineering,Diploma,60,360,2015,Rural,No,Yes
1-44638102021,1-44638102021,U-0317,MGM SILVER JUBILEE POLYTECHNIC COLLEGE,Active,Kerala,Kannur,Kannur,"MGM TECHNOLOGICAL CAMPUS,  PILATHARA, VILAYANCODE P.O",682328,10.837561,76.262859,Private-Self Financing,"Board of Technical Examination, Kerala",Approved,Approved,B+,No,,Tier 3,http://www.mgmsilverjubilee.ac.in,info@mgmsilverjubilee.ac.in,admissions@mgmsilverjubilee.ac.in,placement@mgmsilverjubilee.ac.in,+91-80-296-1483,Civil Engineering,Diploma,60,360,2015,Rural,No,Yes
1-44638102021,1-44638102021,U-0317,MGM SILVER JUBILEE POLYTECHNIC COLLEGE,Active,Kerala,Kannur,Kannur,"MGM TECHNOLOGICAL CAMPUS,  PILATHARA, VILAYANCODE P.O",682328,10.837561,76.262859,Private-Self Financing,"Board of Technical Examination, Kerala",Approved,Approved,B+,No,,Tier 3,http://www.mgmsilverjubilee.ac.in,info@mgmsilverjubilee.ac.in,admissions@mgmsilverjubilee.ac.in,placement@mgmsilverjubilee.ac.in,+91-80-296-1483,Electrical & Electronics Engineering (EEE),Diploma,30,360,2015,Rural,No,Yes
1-44638102021,1-44638102021,U-0317,MGM SILVER JUBILEE POLYTECHNIC COLLEGE,Active,Kerala,Kannur,Kannur,"MGM TECHNOLOGICAL CAMPUS,  PILATHARA, VILAYANCODE P.O",682328,10.837561,76.262859,Private-Self Financing,"Board of Technical Examination, Kerala",Approved,Approved,B+,No,,Tier 3,http://www.mgmsilverjubilee.ac.in,info@mgmsilverjubilee.ac.in,admissions@mgmsilverjubilee.ac.in,placement@mgmsilverjubilee.ac.in,+91-80-296-1483,Other Engineering Branches,Diploma,30,360,2015,Rural,No,Yes
1-44638102021,1-44638102021,U-0317,MGM SILVER JUBILEE POLYTECHNIC COLLEGE,Active,Kerala,Kannur,Kannur,"MGM TECHNOLOGICAL CAMPUS,  PILATHARA, VILAYANCODE P.O",682328,10.837561,76.262859,Private-Self Financing,"Board of Technical Examination, Kerala",Approved,Approved,B+,No,,Tier 3,http://www.mgmsilverjubilee.ac.in,info@mgmsilverjubilee.ac.in,admissions@mgmsilverjubilee.ac.in,placement@mgmsilverjubilee.ac.in,+91-80-296-1483,Computer Science Engineering (CSE),Diploma,30,360,2015,Rural,No,Yes
1-44638102021,1-44638102021,U-0317,MGM SILVER JUBILEE POLYTECHNIC COLLEGE,Active,Kerala,Kannur,Kannur,"MGM TECHNOLOGICAL CAMPUS,  PILATHARA, VILAYANCODE P.O",682328,10.837561,76.262859,Private-Self Financing,"Board of Technical Examination, Kerala",Approved,Approved,B+,No,,Tier 3,http://www.mgmsilverjubilee.ac.in,info@mgmsilverjubilee.ac.in,admissions@mgmsilverjubilee.ac.in,placement@mgmsilverjubilee.ac.in,+91-80-296-1483,Electrical Engineering,Diploma,30,360,2015,Rural,No,Yes
1-44638102021,1-44638102021,U-0317,MGM SILVER JUBILEE POLYTECHNIC COLLEGE,Active,Kerala,Kannur,Kannur,"MGM TECHNOLOGICAL CAMPUS,  PILATHARA, VILAYANCODE P.O",682328,10.837561,76.262859,Private-Self Financing,"Board of Technical Examination, Kerala",Approved,Approved,B+,No,,Tier 3,http://www.mgmsilverjubilee.ac.in,info@mgmsilverjubilee.ac.in,admissions@mgmsilverjubilee.ac.in,placement@mgmsilverjubilee.ac.in,+91-80-296-1483,Information Technology (IT),Diploma,30,360,2015,Rural,No,Yes
1-44638293375,1-44638293375,U-0475,M G M POLYTECHNIC COLLEGE,Active,Kerala,Thiruvananthapuram,Thiruvananthapuram,PULIMATH P.O. KILIMANOOR,682973,8.528342,76.930632,Private-Self Financing,"Directorate of Technical Education, Kerala",Approved,Approved,A,No,,Tier 3,http://www.mgm.ac.in,info@mgm.ac.in,admissions@mgm.ac.in,placement@mgm.ac.in,+91-80-016-7641,Civil Engineering,Diploma,60,360,2011,Urban,Yes,Yes
1-44638293375,1-44638293375,U-0475,M G M POLYTECHNIC COLLEGE,Active,Kerala,Thiruvananthapuram,Thiruvananthapuram,PULIMATH P.O. KILIMANOOR,682973,8.528342,76.930632,Private-Self Financing,"Directorate of Technical Education, Kerala",Approved,Approved,A,No,,Tier 3,http://www.mgm.ac.in,info@mgm.ac.in,admissions@mgm.ac.in,placement@mgm.ac.in,+91-80-016-7641,Computer Science Engineering (CSE),Diploma,30,360,2011,Urban,Yes,Yes
1-44638293375,1-44638293375,U-0475,M G M POLYTECHNIC COLLEGE,Active,Kerala,Thiruvananthapuram,Thiruvananthapuram,PULIMATH P.O. KILIMANOOR,682973,8.528342,76.930632,Private-Self Financing,"Directorate of Technical Education, Kerala",Approved,Approved,A,No,,Tier 3,http://www.mgm.ac.in,info@mgm.ac.in,admissions@mgm.ac.in,placement@mgm.ac.in,+91-80-016-7641,Mechanical Engineering,Diploma,60,360,2011,Urban,Yes,Yes
1-44638293375,1-44638293375,U-0475,M G M POLYTECHNIC COLLEGE,Active,Kerala,Thiruvananthapuram,Thiruvananthapuram,PULIMATH P.O. KILIMANOOR,682973,8.528342,76.930632,Private-Self Financing,"Directorate of Technical Education, Kerala",Approved,Approved,A,No,,Tier 3,http://www.mgm.ac.in,info@mgm.ac.in,admissions@mgm.ac.in,placement@mgm.ac.in,+91-80-016-7641,Electronics & Communication Engineering (ECE),Diploma,60,360,2011,Urban,Yes,Yes
1-44638293375,1-44638293375,U-0475,M G M POLYTECHNIC COLLEGE,Active,Kerala,Thiruvananthapuram,Thiruvananthapuram,PULIMATH P.O. KILIMANOOR,682973,8.528342,76.930632,Private-Self Financing,"Directorate of Technical Education, Kerala",Approved,Approved,A,No,,Tier 3,http://www.mgm.ac.in,info@mgm.ac.in,admissions@mgm.ac.in,placement@mgm.ac.in,+91-80-016-7641,Automobile Engineering,Diploma,60,360,2011,Urban,Yes,Yes
1-44638293375,1-44638293375,U-0475,M G M POLYTECHNIC COLLEGE,Active,Kerala,Thiruvananthapuram,Thiruvananthapuram,PULIMATH P.O. KILIMANOOR,682973,8.528342,76.930632,Private-Self Financing,"Directorate of Technical Education, Kerala",Approved,Approved,A,No,,Tier 3,http://www.mgm.ac.in,info@mgm.ac.in,admissions@mgm.ac.in,placement@mgm.ac.in,+91-80-016-7641,Other Engineering Branches,Diploma,30,360,2011,Urban,Yes,Yes
1-44638293375,1-44638293375,U-0475,M G M POLYTECHNIC COLLEGE,Active,Kerala,Thiruvananthapuram,Thiruvananthapuram,PULIMATH P.O. KILIMANOOR,682973,8.528342,76.930632,Private-Self Financing,"Directorate of Technical Education, Kerala",Approved,Approved,A,No,,Tier 3,http://www.mgm.ac.in,info@mgm.ac.in,admissions@mgm.ac.in,placement@mgm.ac.in,+91-80-016-7641,Electrical Engineering,Diploma,30,360,2011,Urban,Yes,Yes
1-44638293375,1-44638293375,U-0475,M G M POLYTECHNIC COLLEGE,Active,Kerala,Thiruvananthapuram,Thiruvananthapuram,PULIMATH P.O. KILIMANOOR,682973,8.528342,76.930632,Private-Self Financing,"Directorate of Technical Education, Kerala",Approved,Approved,A,No,,Tier 3,http://www.mgm.ac.in,info@mgm.ac.in,admissions@mgm.ac.in,placement@mgm.ac.in,+91-80-016-7641,Electrical & Electronics Engineering (EEE),Diploma,30,360,2011,Urban,Yes,Yes
1-44638126894,1-44638126894,U-0475,YOUNUS COLLEGE OF POLYTECHNIC,Active,Kerala,Kollam,Kollam,"THALACHIRA..P.OKOTTARAKKARA, KOLLAM",682952,8.899966,76.606172,Private-Self Financing,"Directorate of Technical Education, Kerala",Approved,Approved,B+,No,,Tier 3,http://www.younus.ac.in,info@younus.ac.in,admissions@younus.ac.in,placement@younus.ac.in,+91-80-122-6445,Civil Engineering,Diploma,60,240,2011,Rural,No,Yes
1-44638126894,1-44638126894,U-0475,YOUNUS COLLEGE OF POLYTECHNIC,Active,Kerala,Kollam,Kollam,"THALACHIRA..P.OKOTTARAKKARA, KOLLAM",682952,8.899966,76.606172,Private-Self Financing,"Directorate of Technical Education, Kerala",Approved,Approved,B+,No,,Tier 3,http://www.younus.ac.in,info@younus.ac.in,admissions@younus.ac.in,placement@younus.ac.in,+91-80-122-6445,Electrical & Electronics Engineering (EEE),Diploma,60,240,2011,Rural,No,Yes
1-44638126894,1-44638126894,U-0475,YOUNUS COLLEGE OF POLYTECHNIC,Active,Kerala,Kollam,Kollam,"THALACHIRA..P.OKOTTARAKKARA, KOLLAM",682952,8.899966,76.606172,Private-Self Financing,"Directorate of Technical Education, Kerala",Approved,Approved,B+,No,,Tier 3,http://www.younus.ac.in,info@younus.ac.in,admissions@younus.ac.in,placement@younus.ac.in,+91-80-122-6445,Electronics & Communication Engineering (ECE),Diploma,60,240,2011,Rural,No,Yes
1-44638126894,1-44638126894,U-0475,YOUNUS COLLEGE OF POLYTECHNIC,Active,Kerala,Kollam,Kollam,"THALACHIRA..P.OKOTTARAKKARA, KOLLAM",682952,8.899966,76.606172,Private-Self Financing,"Directorate of Technical Education, Kerala",Approved,Approved,B+,No,,Tier 3,http://www.younus.ac.in,info@younus.ac.in,admissions@younus.ac.in,placement@younus.ac.in,+91-80-122-6445,Computer Science Engineering (CSE),Diploma,60,240,2011,Rural,No,Yes
1-44638182873,1-44638182873,U-0992,AMRITA VISHWA VIDYAPEETHAM. KOCHI CAMPUS,Active,Kerala,Ernakulam,Ernakulam,"AMRITA VISHWA VIDYAPEETHAM, AIMS PONEKKARA PO KOCHI 682041 KERALA",682041,9.976059,76.293754,Deemed to be University(Pvt),NOT APPLICABLE,Approved,Approved,B,Yes,,Tier 3,http://www.amritavishwavidyapeetham.ac.in,info@amritavishwavidyapeetham.ac.in,admissions@amritavishwavidyapeetham.ac.in,placement@amritavishwavidyapeetham.ac.in,+91-80-606-4472,Other Engineering Branches,M.Tech,48,66,1998,Urban,Yes,Yes
1-44638182873,1-44638182873,U-0992,AMRITA VISHWA VIDYAPEETHAM. KOCHI CAMPUS,Active,Kerala,Ernakulam,Ernakulam,"AMRITA VISHWA VIDYAPEETHAM, AIMS PONEKKARA PO KOCHI 682041 KERALA",682041,9.976059,76.293754,Deemed to be University(Pvt),NOT APPLICABLE,Approved,Approved,B,Yes,,Tier 3,http://www.amritavishwavidyapeetham.ac.in,info@amritavishwavidyapeetham.ac.in,admissions@amritavishwavidyapeetham.ac.in,placement@amritavishwavidyapeetham.ac.in,+91-80-606-4472,Biotechnology,M.Tech,18,66,1998,Urban,Yes,Yes
1-44638281720,1-44638281720,U-0294,MAJLIS POLYTECHNIC COLLEGE,Active,Kerala,Malappuram,Malappuram,"MAJLIS NAGAR,PURAMANNUR(P O),MOORKANAD PANCHAYATH,PERINTHALMANNA(TALUK),MANKADA (BLOCK),MANKADA LEGISLATIVE CONSTITUENCY,  VALANCHERY  MALAPPURAM DIST KERALA 676552",676552,10.834318,76.262458,Private-Self Financing,Directorate of Technical Education,Approved,Approved,A+,Yes,,Tier 2,http://www.majlis.ac.in,info@majlis.ac.in,admissions@majlis.ac.in,placement@majlis.ac.in,+91-80-160-1352,Mechanical Engineering,Diploma,60,300,1983,Rural,Yes,Yes
1-44638281720,1-44638281720,U-0294,MAJLIS POLYTECHNIC COLLEGE,Active,Kerala,Malappuram,Malappuram,"MAJLIS NAGAR,PURAMANNUR(P O),MOORKANAD PANCHAYATH,PERINTHALMANNA(TALUK),MANKADA (BLOCK),MANKADA LEGISLATIVE CONSTITUENCY,  VALANCHERY  MALAPPURAM DIST KERALA 676552",676552,10.834318,76.262458,Private-Self Financing,Directorate of Technical Education,Approved,Approved,A+,Yes,,Tier 2,http://www.majlis.ac.in,info@majlis.ac.in,admissions@majlis.ac.in,placement@majlis.ac.in,+91-80-160-1352,Civil Engineering,Diploma,60,300,1983,Rural,Yes,Yes
1-44638281720,1-44638281720,U-0294,MAJLIS POLYTECHNIC COLLEGE,Active,Kerala,Malappuram,Malappuram,"MAJLIS NAGAR,PURAMANNUR(P O),MOORKANAD PANCHAYATH,PERINTHALMANNA(TALUK),MANKADA (BLOCK),MANKADA LEGISLATIVE CONSTITUENCY,  VALANCHERY  MALAPPURAM DIST KERALA 676552",676552,10.834318,76.262458,Private-Self Financing,Directorate of Technical Education,Approved,Approved,A+,Yes,,Tier 2,http://www.majlis.ac.in,info@majlis.ac.in,admissions@majlis.ac.in,placement@majlis.ac.in,+91-80-160-1352,Computer Science Engineering (CSE),Diploma,60,300,1983,Rural,Yes,Yes
1-44638281720,1-44638281720,U-0294,MAJLIS POLYTECHNIC COLLEGE,Active,Kerala,Malappuram,Malappuram,"MAJLIS NAGAR,PURAMANNUR(P O),MOORKANAD PANCHAYATH,PERINTHALMANNA(TALUK),MANKADA (BLOCK),MANKADA LEGISLATIVE CONSTITUENCY,  VALANCHERY  MALAPPURAM DIST KERALA 676552",676552,10.834318,76.262458,Private-Self Financing,Directorate of Technical Education,Approved,Approved,A+,Yes,,Tier 2,http://www.majlis.ac.in,info@majlis.ac.in,admissions@majlis.ac.in,placement@majlis.ac.in,+91-80-160-1352,Automobile Engineering,Diploma,60,300,1983,Rural,Yes,Yes
1-44638281720,1-44638281720,U-0294,MAJLIS POLYTECHNIC COLLEGE,Active,Kerala,Malappuram,Malappuram,"MAJLIS NAGAR,PURAMANNUR(P O),MOORKANAD PANCHAYATH,PERINTHALMANNA(TALUK),MANKADA (BLOCK),MANKADA LEGISLATIVE CONSTITUENCY,  VALANCHERY  MALAPPURAM DIST KERALA 676552",676552,10.834318,76.262458,Private-Self Financing,Directorate of Technical Education,Approved,Approved,A+,Yes,,Tier 2,http://www.majlis.ac.in,info@majlis.ac.in,admissions@majlis.ac.in,placement@majlis.ac.in,+91-80-160-1352,Electrical & Electronics Engineering (EEE),Diploma,60,300,1983,Rural,Yes,Yes
1-44638275246,1-44638275246,U-0672,RAJADHANI INSTITUTE OF SCIENCE AND TECHNOLOGY,Active,Kerala,Palakkad,Palakkad,KANNAMPARIYARAM POST MANKARA,682263,10.805994,76.658194,Private-Self Financing,"APJ Abdul Kalam Technological University, Kerala",Approved,Approved,B++,No,,Tier 3,http://www.rajadhaniscience.ac.in,info@rajadhaniscience.ac.in,admissions@rajadhaniscience.ac.in,placement@rajadhaniscience.ac.in,+91-80-648-1174,Civil Engineering,B.Tech,60,720,2004,Urban,Yes,Yes
1-44638275246,1-44638275246,U-0672,RAJADHANI INSTITUTE OF SCIENCE AND TECHNOLOGY,Active,Kerala,Palakkad,Palakkad,KANNAMPARIYARAM POST MANKARA,682263,10.805994,76.658194,Private-Self Financing,"APJ Abdul Kalam Technological University, Kerala",Approved,Approved,B++,No,,Tier 3,http://www.rajadhaniscience.ac.in,info@rajadhaniscience.ac.in,admissions@rajadhaniscience.ac.in,placement@rajadhaniscience.ac.in,+91-80-648-1174,Mechanical Engineering,B.Tech,60,720,2004,Urban,Yes,Yes
1-44638275246,1-44638275246,U-0672,RAJADHANI INSTITUTE OF SCIENCE AND TECHNOLOGY,Active,Kerala,Palakkad,Palakkad,KANNAMPARIYARAM POST MANKARA,682263,10.805994,76.658194,Private-Self Financing,"APJ Abdul Kalam Technological University, Kerala",Approved,Approved,B++,No,,Tier 3,http://www.rajadhaniscience.ac.in,info@rajadhaniscience.ac.in,admissions@rajadhaniscience.ac.in,placement@rajadhaniscience.ac.in,+91-80-648-1174,Electrical & Electronics Engineering (EEE),B.Tech,30,720,2004,Urban,Yes,Yes
1-44638275246,1-44638275246,U-0672,RAJADHANI INSTITUTE OF SCIENCE AND TECHNOLOGY,Active,Kerala,Palakkad,Palakkad,KANNAMPARIYARAM POST MANKARA,682263,10.805994,76.658194,Private-Self Financing,"APJ Abdul Kalam Technological University, Kerala",Approved,Approved,B++,No,,Tier 3,http://www.rajadhaniscience.ac.in,info@rajadhaniscience.ac.in,admissions@rajadhaniscience.ac.in,placement@rajadhaniscience.ac.in,+91-80-648-1174,Electronics & Communication Engineering (ECE),B.Tech,30,720,2004,Urban,Yes,Yes
1-44638275246,1-44638275246,U-0672,RAJADHANI INSTITUTE OF SCIENCE AND TECHNOLOGY,Active,Kerala,Palakkad,Palakkad,KANNAMPARIYARAM POST MANKARA,682263,10.805994,76.658194,Private-Self Financing,"APJ Abdul Kalam Technological University, Kerala",Approved,Approved,B++,No,,Tier 3,http://www.rajadhaniscience.ac.in,info@rajadhaniscience.ac.in,admissions@rajadhaniscience.ac.in,placement@rajadhaniscience.ac.in,+91-80-648-1174,Computer Science Engineering (CSE),B.Tech,60,720,2004,Urban,Yes,Yes
1-44638275246,1-44638275246,U-0672,RAJADHANI INSTITUTE OF SCIENCE AND TECHNOLOGY,Active,Kerala,Palakkad,Palakkad,KANNAMPARIYARAM POST MANKARA,682263,10.805994,76.658194,Private-Self Financing,"APJ Abdul Kalam Technological University, Kerala",Approved,Approved,B++,No,,Tier 3,http://www.rajadhaniscience.ac.in,info@rajadhaniscience.ac.in,admissions@rajadhaniscience.ac.in,placement@rajadhaniscience.ac.in,+91-80-648-1174,Cyber Security,B.Tech,60,720,2004,Urban,Yes,Yes
1-44638275246,1-44638275246,U-0672,RAJADHANI INSTITUTE OF SCIENCE AND TECHNOLOGY,Active,Kerala,Palakkad,Palakkad,KANNAMPARIYARAM POST MANKARA,682263,10.805994,76.658194,Private-Self Financing,"APJ Abdul Kalam Technological University, Kerala",Approved,Approved,B++,No,,Tier 3,http://www.rajadhaniscience.ac.in,info@rajadhaniscience.ac.in,admissions@rajadhaniscience.ac.in,placement@rajadhaniscience.ac.in,+91-80-648-1174,Artificial Intelligence & Machine Learning (AI & ML),B.Tech,60,720,2004,Urban,Yes,Yes
1-44638275246,1-44638275246,U-0672,RAJADHANI INSTITUTE OF SCIENCE AND TECHNOLOGY,Active,Kerala,Palakkad,Palakkad,KANNAMPARIYARAM POST MANKARA,682263,10.805994,76.658194,Private-Self Financing,"APJ Abdul Kalam Technological University, Kerala",Approved,Approved,B++,No,,Tier 3,http://www.rajadhaniscience.ac.in,info@rajadhaniscience.ac.in,admissions@rajadhaniscience.ac.in,placement@rajadhaniscience.ac.in,+91-80-648-1174,Civil Engineering,Diploma,60,720,2004,Urban,Yes,Yes
1-44638275246,1-44638275246,U-0672,RAJADHANI INSTITUTE OF SCIENCE AND TECHNOLOGY,Active,Kerala,Palakkad,Palakkad,KANNAMPARIYARAM POST MANKARA,682263,10.805994,76.658194,Private-Self Financing,"APJ Abdul Kalam Technological University, Kerala",Approved,Approved,B++,No,,Tier 3,http://www.rajadhaniscience.ac.in,info@rajadhaniscience.ac.in,admissions@rajadhaniscience.ac.in,placement@rajadhaniscience.ac.in,+91-80-648-1174,Mechanical Engineering,Diploma,60,720,2004,Urban,Yes,Yes
1-44638275246,1-44638275246,U-0672,RAJADHANI INSTITUTE OF SCIENCE AND TECHNOLOGY,Active,Kerala,Palakkad,Palakkad,KANNAMPARIYARAM POST MANKARA,682263,10.805994,76.658194,Private-Self Financing,"APJ Abdul Kalam Technological University, Kerala",Approved,Approved,B++,No,,Tier 3,http://www.rajadhaniscience.ac.in,info@rajadhaniscience.ac.in,admissions@rajadhaniscience.ac.in,placement@rajadhaniscience.ac.in,+91-80-648-1174,Electrical & Electronics Engineering (EEE),Diploma,60,720,2004,Urban,Yes,Yes
1-44638275246,1-44638275246,U-0672,RAJADHANI INSTITUTE OF SCIENCE AND TECHNOLOGY,Active,Kerala,Palakkad,Palakkad,KANNAMPARIYARAM POST MANKARA,682263,10.805994,76.658194,Private-Self Financing,"APJ Abdul Kalam Technological University, Kerala",Approved,Approved,B++,No,,Tier 3,http://www.rajadhaniscience.ac.in,info@rajadhaniscience.ac.in,admissions@rajadhaniscience.ac.in,placement@rajadhaniscience.ac.in,+91-80-648-1174,Electronics & Communication Engineering (ECE),Diploma,60,720,2004,Urban,Yes,Yes
1-44638275246,1-44638275246,U-0672,RAJADHANI INSTITUTE OF SCIENCE AND TECHNOLOGY,Active,Kerala,Palakkad,Palakkad,KANNAMPARIYARAM POST MANKARA,682263,10.805994,76.658194,Private-Self Financing,"APJ Abdul Kalam Technological University, Kerala",Approved,Approved,B++,No,,Tier 3,http://www.rajadhaniscience.ac.in,info@rajadhaniscience.ac.in,admissions@rajadhaniscience.ac.in,placement@rajadhaniscience.ac.in,+91-80-648-1174,Computer Science Engineering (CSE),Diploma,60,720,2004,Urban,Yes,Yes
1-44638275246,1-44638275246,U-0672,RAJADHANI INSTITUTE OF SCIENCE AND TECHNOLOGY,Active,Kerala,Palakkad,Palakkad,KANNAMPARIYARAM POST MANKARA,682263,10.805994,76.658194,Private-Self Financing,"APJ Abdul Kalam Technological University, Kerala",Approved,Approved,B++,No,,Tier 3,http://www.rajadhaniscience.ac.in,info@rajadhaniscience.ac.in,admissions@rajadhaniscience.ac.in,placement@rajadhaniscience.ac.in,+91-80-648-1174,Automobile Engineering,Diploma,60,720,2004,Urban,Yes,Yes
1-44638287877,1-44638287877,U-0317,"GOVT. POLYTECHNIC COLLEGE,MANJERI",Active,Kerala,Malappuram,Malappuram,"KARUVAMBRAM WEST PO, MANJERI, MALAPPURAM DIST",682347,10.847547,76.269336,Government,"Board of Technical Examination, Kerala",Approved,Approved,A+,Yes,,Tier 2,http://www.govtcollegemanjeri.ac.in,info@govtcollegemanjeri.ac.in,admissions@govtcollegemanjeri.ac.in,placement@govtcollegemanjeri.ac.in,+91-80-714-9940,Civil Engineering,Diploma,60,180,2005,Urban,No,Yes
1-44638287877,1-44638287877,U-0317,"GOVT. POLYTECHNIC COLLEGE,MANJERI",Active,Kerala,Malappuram,Malappuram,"KARUVAMBRAM WEST PO, MANJERI, MALAPPURAM DIST",682347,10.847547,76.269336,Government,"Board of Technical Examination, Kerala",Approved,Approved,A+,Yes,,Tier 2,http://www.govtcollegemanjeri.ac.in,info@govtcollegemanjeri.ac.in,admissions@govtcollegemanjeri.ac.in,placement@govtcollegemanjeri.ac.in,+91-80-714-9940,Mechanical Engineering,Diploma,60,180,2005,Urban,No,Yes
1-44638287877,1-44638287877,U-0317,"GOVT. POLYTECHNIC COLLEGE,MANJERI",Active,Kerala,Malappuram,Malappuram,"KARUVAMBRAM WEST PO, MANJERI, MALAPPURAM DIST",682347,10.847547,76.269336,Government,"Board of Technical Examination, Kerala",Approved,Approved,A+,Yes,,Tier 2,http://www.govtcollegemanjeri.ac.in,info@govtcollegemanjeri.ac.in,admissions@govtcollegemanjeri.ac.in,placement@govtcollegemanjeri.ac.in,+91-80-714-9940,Other Engineering Branches,Diploma,60,180,2005,Urban,No,Yes
1-44638629196,1-44638629196,U-0339,CENTRAL INSTITUTE OF PETROCHEMICALS ENGINEERING & TECHNOLOGY,Active,Kerala,Ernakulam,Ernakulam,"HIL COLONY, EDAYAAR ROAD, PATHALAM, UDYOGAMANDAL P.O., ELOOR, ERNAKULAM",682234,9.976217,76.296279,Government,NONE,Approved,Approved,A+,Yes,,Tier 2,http://www.petrochemicals.ac.in,info@petrochemicals.ac.in,admissions@petrochemicals.ac.in,placement@petrochemicals.ac.in,+91-80-613-0792,Other Engineering Branches,Diploma,120,120,2014,Urban,Yes,Yes
1-44638630954,1-44638630954,U-0672,CHRIST KNOWLEDGE CITY,Active,Kerala,Ernakulam,Ernakulam,"CHRIST NAGAR,KUZHOOR,AIRAPURAM POST",682234,9.965182,76.297532,Private-Self Financing,"APJ Abdul Kalam Technological University, Kerala",Approved,Approved,B++,Yes,,Tier 3,http://www.christknowledgecity.ac.in,info@christknowledgecity.ac.in,admissions@christknowledgecity.ac.in,placement@christknowledgecity.ac.in,+91-80-150-2576,Civil Engineering,B.Tech,30,204,2002,Urban,No,Yes
1-44638630954,1-44638630954,U-0672,CHRIST KNOWLEDGE CITY,Active,Kerala,Ernakulam,Ernakulam,"CHRIST NAGAR,KUZHOOR,AIRAPURAM POST",682234,9.965182,76.297532,Private-Self Financing,"APJ Abdul Kalam Technological University, Kerala",Approved,Approved,B++,Yes,,Tier 3,http://www.christknowledgecity.ac.in,info@christknowledgecity.ac.in,admissions@christknowledgecity.ac.in,placement@christknowledgecity.ac.in,+91-80-150-2576,Electronics & Communication Engineering (ECE),B.Tech,21,204,2002,Urban,No,Yes
1-44638630954,1-44638630954,U-0672,CHRIST KNOWLEDGE CITY,Active,Kerala,Ernakulam,Ernakulam,"CHRIST NAGAR,KUZHOOR,AIRAPURAM POST",682234,9.965182,76.297532,Private-Self Financing,"APJ Abdul Kalam Technological University, Kerala",Approved,Approved,B++,Yes,,Tier 3,http://www.christknowledgecity.ac.in,info@christknowledgecity.ac.in,admissions@christknowledgecity.ac.in,placement@christknowledgecity.ac.in,+91-80-150-2576,Computer Science Engineering (CSE),B.Tech,30,204,2002,Urban,No,Yes
1-44638630954,1-44638630954,U-0672,CHRIST KNOWLEDGE CITY,Active,Kerala,Ernakulam,Ernakulam,"CHRIST NAGAR,KUZHOOR,AIRAPURAM POST",682234,9.965182,76.297532,Private-Self Financing,"APJ Abdul Kalam Technological University, Kerala",Approved,Approved,B++,Yes,,Tier 3,http://www.christknowledgecity.ac.in,info@christknowledgecity.ac.in,admissions@christknowledgecity.ac.in,placement@christknowledgecity.ac.in,+91-80-150-2576,Mechanical Engineering,B.Tech,21,204,2002,Urban,No,Yes
1-44638630954,1-44638630954,U-0672,CHRIST KNOWLEDGE CITY,Active,Kerala,Ernakulam,Ernakulam,"CHRIST NAGAR,KUZHOOR,AIRAPURAM POST",682234,9.965182,76.297532,Private-Self Financing,"APJ Abdul Kalam Technological University, Kerala",Approved,Approved,B++,Yes,,Tier 3,http://www.christknowledgecity.ac.in,info@christknowledgecity.ac.in,admissions@christknowledgecity.ac.in,placement@christknowledgecity.ac.in,+91-80-150-2576,Information Technology (IT),B.Tech,42,204,2002,Urban,No,Yes
1-44638630954,1-44638630954,U-0672,CHRIST KNOWLEDGE CITY,Active,Kerala,Ernakulam,Ernakulam,"CHRIST NAGAR,KUZHOOR,AIRAPURAM POST",682234,9.965182,76.297532,Private-Self Financing,"APJ Abdul Kalam Technological University, Kerala",Approved,Approved,B++,Yes,,Tier 3,http://www.christknowledgecity.ac.in,info@christknowledgecity.ac.in,admissions@christknowledgecity.ac.in,placement@christknowledgecity.ac.in,+91-80-150-2576,Artificial Intelligence & Machine Learning (AI & ML),B.Tech,30,204,2002,Urban,No,Yes
1-44638630954,1-44638630954,U-0672,CHRIST KNOWLEDGE CITY,Active,Kerala,Ernakulam,Ernakulam,"CHRIST NAGAR,KUZHOOR,AIRAPURAM POST",682234,9.965182,76.297532,Private-Self Financing,"APJ Abdul Kalam Technological University, Kerala",Approved,Approved,B++,Yes,,Tier 3,http://www.christknowledgecity.ac.in,info@christknowledgecity.ac.in,admissions@christknowledgecity.ac.in,placement@christknowledgecity.ac.in,+91-80-150-2576,Other Engineering Branches,B.Tech,30,204,2002,Urban,No,Yes
1-44637293361,1-44637293361,U-0992,KERALA UNIVERSITY OF DIGITAL SCIENCES INNOVATION AND TECHNOLOGY,Active,Kerala,Thiruvananthapuram,Thiruvananthapuram,TECHNOCITY CAMPUS MANGALAPURAM THONNAKKAL PO,682973,8.504933,76.949511,State Government University,NOT APPLICABLE,Approved,Approved,B,No,,Tier 3,http://www.keraladigitalsciences.ac.in,info@keraladigitalsciences.ac.in,admissions@keraladigitalsciences.ac.in,placement@keraladigitalsciences.ac.in,+91-80-034-9394,Other Engineering Branches,M.Tech,60,150,2022,Urban,Yes,Yes
1-44637293361,1-44637293361,U-0992,KERALA UNIVERSITY OF DIGITAL SCIENCES INNOVATION AND TECHNOLOGY,Active,Kerala,Thiruvananthapuram,Thiruvananthapuram,TECHNOCITY CAMPUS MANGALAPURAM THONNAKKAL PO,682973,8.504933,76.949511,State Government University,NOT APPLICABLE,Approved,Approved,B,No,,Tier 3,http://www.keraladigitalsciences.ac.in,info@keraladigitalsciences.ac.in,admissions@keraladigitalsciences.ac.in,placement@keraladigitalsciences.ac.in,+91-80-034-9394,Computer Science Engineering (CSE),M.Tech,90,150,2022,Urban,Yes,Yes
1-44638632273,1-44638632273,U-0672,AL-AZHAR COLLEGE OF ENGINEERING AND POLYTECHNIC,Active,Kerala,Idukki,Idukki,"PERUMPILLICHIRA P.O,THODUPUZHA,PIN-685605,IDUKKI (DT), KERALA STATE",685605,10.869364,76.269402,Private-Self Financing,"APJ Abdul Kalam Technological University, Kerala",Approved,Approved,B+,No,,Tier 3,http://www.alazhar.ac.in,info@alazhar.ac.in,admissions@alazhar.ac.in,placement@alazhar.ac.in,+91-80-630-0405,Automobile Engineering,B.Tech,30,840,2003,Rural,Yes,Yes
1-44638632273,1-44638632273,U-0672,AL-AZHAR COLLEGE OF ENGINEERING AND POLYTECHNIC,Active,Kerala,Idukki,Idukki,"PERUMPILLICHIRA P.O,THODUPUZHA,PIN-685605,IDUKKI (DT), KERALA STATE",685605,10.869364,76.269402,Private-Self Financing,"APJ Abdul Kalam Technological University, Kerala",Approved,Approved,B+,No,,Tier 3,http://www.alazhar.ac.in,info@alazhar.ac.in,admissions@alazhar.ac.in,placement@alazhar.ac.in,+91-80-630-0405,Mechanical Engineering,B.Tech,60,840,2003,Rural,Yes,Yes
1-44638632273,1-44638632273,U-0672,AL-AZHAR COLLEGE OF ENGINEERING AND POLYTECHNIC,Active,Kerala,Idukki,Idukki,"PERUMPILLICHIRA P.O,THODUPUZHA,PIN-685605,IDUKKI (DT), KERALA STATE",685605,10.869364,76.269402,Private-Self Financing,"APJ Abdul Kalam Technological University, Kerala",Approved,Approved,B+,No,,Tier 3,http://www.alazhar.ac.in,info@alazhar.ac.in,admissions@alazhar.ac.in,placement@alazhar.ac.in,+91-80-630-0405,Civil Engineering,B.Tech,60,840,2003,Rural,Yes,Yes
1-44638632273,1-44638632273,U-0672,AL-AZHAR COLLEGE OF ENGINEERING AND POLYTECHNIC,Active,Kerala,Idukki,Idukki,"PERUMPILLICHIRA P.O,THODUPUZHA,PIN-685605,IDUKKI (DT), KERALA STATE",685605,10.869364,76.269402,Private-Self Financing,"APJ Abdul Kalam Technological University, Kerala",Approved,Approved,B+,No,,Tier 3,http://www.alazhar.ac.in,info@alazhar.ac.in,admissions@alazhar.ac.in,placement@alazhar.ac.in,+91-80-630-0405,Electronics & Communication Engineering (ECE),B.Tech,30,840,2003,Rural,Yes,Yes
1-44638632273,1-44638632273,U-0672,AL-AZHAR COLLEGE OF ENGINEERING AND POLYTECHNIC,Active,Kerala,Idukki,Idukki,"PERUMPILLICHIRA P.O,THODUPUZHA,PIN-685605,IDUKKI (DT), KERALA STATE",685605,10.869364,76.269402,Private-Self Financing,"APJ Abdul Kalam Technological University, Kerala",Approved,Approved,B+,No,,Tier 3,http://www.alazhar.ac.in,info@alazhar.ac.in,admissions@alazhar.ac.in,placement@alazhar.ac.in,+91-80-630-0405,Computer Science Engineering (CSE),B.Tech,60,840,2003,Rural,Yes,Yes
1-44638632273,1-44638632273,U-0672,AL-AZHAR COLLEGE OF ENGINEERING AND POLYTECHNIC,Active,Kerala,Idukki,Idukki,"PERUMPILLICHIRA P.O,THODUPUZHA,PIN-685605,IDUKKI (DT), KERALA STATE",685605,10.869364,76.269402,Private-Self Financing,"APJ Abdul Kalam Technological University, Kerala",Approved,Approved,B+,No,,Tier 3,http://www.alazhar.ac.in,info@alazhar.ac.in,admissions@alazhar.ac.in,placement@alazhar.ac.in,+91-80-630-0405,Mechanical Engineering,Diploma,60,840,2003,Rural,Yes,Yes
1-44638632273,1-44638632273,U-0672,AL-AZHAR COLLEGE OF ENGINEERING AND POLYTECHNIC,Active,Kerala,Idukki,Idukki,"PERUMPILLICHIRA P.O,THODUPUZHA,PIN-685605,IDUKKI (DT), KERALA STATE",685605,10.869364,76.269402,Private-Self Financing,"APJ Abdul Kalam Technological University, Kerala",Approved,Approved,B+,No,,Tier 3,http://www.alazhar.ac.in,info@alazhar.ac.in,admissions@alazhar.ac.in,placement@alazhar.ac.in,+91-80-630-0405,Automobile Engineering,Diploma,60,840,2003,Rural,Yes,Yes
1-44638632273,1-44638632273,U-0672,AL-AZHAR COLLEGE OF ENGINEERING AND POLYTECHNIC,Active,Kerala,Idukki,Idukki,"PERUMPILLICHIRA P.O,THODUPUZHA,PIN-685605,IDUKKI (DT), KERALA STATE",685605,10.869364,76.269402,Private-Self Financing,"APJ Abdul Kalam Technological University, Kerala",Approved,Approved,B+,No,,Tier 3,http://www.alazhar.ac.in,info@alazhar.ac.in,admissions@alazhar.ac.in,placement@alazhar.ac.in,+91-80-630-0405,Civil Engineering,Diploma,60,840,2003,Rural,Yes,Yes
1-44638632273,1-44638632273,U-0672,AL-AZHAR COLLEGE OF ENGINEERING AND POLYTECHNIC,Active,Kerala,Idukki,Idukki,"PERUMPILLICHIRA P.O,THODUPUZHA,PIN-685605,IDUKKI (DT), KERALA STATE",685605,10.869364,76.269402,Private-Self Financing,"APJ Abdul Kalam Technological University, Kerala",Approved,Approved,B+,No,,Tier 3,http://www.alazhar.ac.in,info@alazhar.ac.in,admissions@alazhar.ac.in,placement@alazhar.ac.in,+91-80-630-0405,Computer Science Engineering (CSE),Diploma,60,840,2003,Rural,Yes,Yes
1-44638632273,1-44638632273,U-0672,AL-AZHAR COLLEGE OF ENGINEERING AND POLYTECHNIC,Active,Kerala,Idukki,Idukki,"PERUMPILLICHIRA P.O,THODUPUZHA,PIN-685605,IDUKKI (DT), KERALA STATE",685605,10.869364,76.269402,Private-Self Financing,"APJ Abdul Kalam Technological University, Kerala",Approved,Approved,B+,No,,Tier 3,http://www.alazhar.ac.in,info@alazhar.ac.in,admissions@alazhar.ac.in,placement@alazhar.ac.in,+91-80-630-0405,Electronics & Communication Engineering (ECE),Diploma,30,840,2003,Rural,Yes,Yes
1-44638632273,1-44638632273,U-0672,AL-AZHAR COLLEGE OF ENGINEERING AND POLYTECHNIC,Active,Kerala,Idukki,Idukki,"PERUMPILLICHIRA P.O,THODUPUZHA,PIN-685605,IDUKKI (DT), KERALA STATE",685605,10.869364,76.269402,Private-Self Financing,"APJ Abdul Kalam Technological University, Kerala",Approved,Approved,B+,No,,Tier 3,http://www.alazhar.ac.in,info@alazhar.ac.in,admissions@alazhar.ac.in,placement@alazhar.ac.in,+91-80-630-0405,Electrical & Electronics Engineering (EEE),Diploma,60,840,2003,Rural,Yes,Yes
1-44638632273,1-44638632273,U-0672,AL-AZHAR COLLEGE OF ENGINEERING AND POLYTECHNIC,Active,Kerala,Idukki,Idukki,"PERUMPILLICHIRA P.O,THODUPUZHA,PIN-685605,IDUKKI (DT), KERALA STATE",685605,10.869364,76.269402,Private-Self Financing,"APJ Abdul Kalam Technological University, Kerala",Approved,Approved,B+,No,,Tier 3,http://www.alazhar.ac.in,info@alazhar.ac.in,admissions@alazhar.ac.in,placement@alazhar.ac.in,+91-80-630-0405,Artificial Intelligence & Machine Learning (AI & ML),B.Tech,60,840,2003,Rural,Yes,Yes
1-44638632273,1-44638632273,U-0672,AL-AZHAR COLLEGE OF ENGINEERING AND POLYTECHNIC,Active,Kerala,Idukki,Idukki,"PERUMPILLICHIRA P.O,THODUPUZHA,PIN-685605,IDUKKI (DT), KERALA STATE",685605,10.869364,76.269402,Private-Self Financing,"APJ Abdul Kalam Technological University, Kerala",Approved,Approved,B+,No,,Tier 3,http://www.alazhar.ac.in,info@alazhar.ac.in,admissions@alazhar.ac.in,placement@alazhar.ac.in,+91-80-630-0405,Cyber Security,B.Tech,60,840,2003,Rural,Yes,Yes
1-44638632273,1-44638632273,U-0672,AL-AZHAR COLLEGE OF ENGINEERING AND POLYTECHNIC,Active,Kerala,Idukki,Idukki,"PERUMPILLICHIRA P.O,THODUPUZHA,PIN-685605,IDUKKI (DT), KERALA STATE",685605,10.869364,76.269402,Private-Self Financing,"APJ Abdul Kalam Technological University, Kerala",Approved,Approved,B+,No,,Tier 3,http://www.alazhar.ac.in,info@alazhar.ac.in,admissions@alazhar.ac.in,placement@alazhar.ac.in,+91-80-630-0405,Artificial Intelligence & Machine Learning (AI & ML),Diploma,60,840,2003,Rural,Yes,Yes
1-44638632273,1-44638632273,U-0672,AL-AZHAR COLLEGE OF ENGINEERING AND POLYTECHNIC,Active,Kerala,Idukki,Idukki,"PERUMPILLICHIRA P.O,THODUPUZHA,PIN-685605,IDUKKI (DT), KERALA STATE",685605,10.869364,76.269402,Private-Self Financing,"APJ Abdul Kalam Technological University, Kerala",Approved,Approved,B+,No,,Tier 3,http://www.alazhar.ac.in,info@alazhar.ac.in,admissions@alazhar.ac.in,placement@alazhar.ac.in,+91-80-630-0405,Information Technology (IT),Diploma,30,840,2003,Rural,Yes,Yes
1-44638632273,1-44638632273,U-0672,AL-AZHAR COLLEGE OF ENGINEERING AND POLYTECHNIC,Active,Kerala,Idukki,Idukki,"PERUMPILLICHIRA P.O,THODUPUZHA,PIN-685605,IDUKKI (DT), KERALA STATE",685605,10.869364,76.269402,Private-Self Financing,"APJ Abdul Kalam Technological University, Kerala",Approved,Approved,B+,No,,Tier 3,http://www.alazhar.ac.in,info@alazhar.ac.in,admissions@alazhar.ac.in,placement@alazhar.ac.in,+91-80-630-0405,Other Engineering Branches,B.Tech,60,840,2003,Rural,Yes,Yes
1-44638633492,1-44638633492,U-0672,HOLY GRACE ACADEMY OF ENGINEERING,Active,Kerala,Thrissur,Thrissur,"KURUVILASSERY PO,",682330,10.536542,76.228763,Private-Self Financing,"APJ Abdul Kalam Technological University, Kerala",Approved,Approved,A,No,,Tier 3,http://www.holygraceacademy.ac.in,info@holygraceacademy.ac.in,admissions@holygraceacademy.ac.in,placement@holygraceacademy.ac.in,+91-80-213-9227,Electronics & Communication Engineering (ECE),B.Tech,30,720,2019,Urban,Yes,No
1-44638633492,1-44638633492,U-0672,HOLY GRACE ACADEMY OF ENGINEERING,Active,Kerala,Thrissur,Thrissur,"KURUVILASSERY PO,",682330,10.536542,76.228763,Private-Self Financing,"APJ Abdul Kalam Technological University, Kerala",Approved,Approved,A,No,,Tier 3,http://www.holygraceacademy.ac.in,info@holygraceacademy.ac.in,admissions@holygraceacademy.ac.in,placement@holygraceacademy.ac.in,+91-80-213-9227,Electrical & Electronics Engineering (EEE),B.Tech,30,720,2019,Urban,Yes,No
1-44638633492,1-44638633492,U-0672,HOLY GRACE ACADEMY OF ENGINEERING,Active,Kerala,Thrissur,Thrissur,"KURUVILASSERY PO,",682330,10.536542,76.228763,Private-Self Financing,"APJ Abdul Kalam Technological University, Kerala",Approved,Approved,A,No,,Tier 3,http://www.holygraceacademy.ac.in,info@holygraceacademy.ac.in,admissions@holygraceacademy.ac.in,placement@holygraceacademy.ac.in,+91-80-213-9227,Computer Science Engineering (CSE),B.Tech,60,720,2019,Urban,Yes,No
1-44638633492,1-44638633492,U-0672,HOLY GRACE ACADEMY OF ENGINEERING,Active,Kerala,Thrissur,Thrissur,"KURUVILASSERY PO,",682330,10.536542,76.228763,Private-Self Financing,"APJ Abdul Kalam Technological University, Kerala",Approved,Approved,A,No,,Tier 3,http://www.holygraceacademy.ac.in,info@holygraceacademy.ac.in,admissions@holygraceacademy.ac.in,placement@holygraceacademy.ac.in,+91-80-213-9227,Civil Engineering,B.Tech,60,720,2019,Urban,Yes,No
1-44638633492,1-44638633492,U-0672,HOLY GRACE ACADEMY OF ENGINEERING,Active,Kerala,Thrissur,Thrissur,"KURUVILASSERY PO,",682330,10.536542,76.228763,Private-Self Financing,"APJ Abdul Kalam Technological University, Kerala",Approved,Approved,A,No,,Tier 3,http://www.holygraceacademy.ac.in,info@holygraceacademy.ac.in,admissions@holygraceacademy.ac.in,placement@holygraceacademy.ac.in,+91-80-213-9227,Mechanical Engineering,B.Tech,30,720,2019,Urban,Yes,No
1-44638633492,1-44638633492,U-0672,HOLY GRACE ACADEMY OF ENGINEERING,Active,Kerala,Thrissur,Thrissur,"KURUVILASSERY PO,",682330,10.536542,76.228763,Private-Self Financing,"APJ Abdul Kalam Technological University, Kerala",Approved,Approved,A,No,,Tier 3,http://www.holygraceacademy.ac.in,info@holygraceacademy.ac.in,admissions@holygraceacademy.ac.in,placement@holygraceacademy.ac.in,+91-80-213-9227,Civil Engineering,Diploma,60,720,2019,Urban,Yes,No
1-44638633492,1-44638633492,U-0672,HOLY GRACE ACADEMY OF ENGINEERING,Active,Kerala,Thrissur,Thrissur,"KURUVILASSERY PO,",682330,10.536542,76.228763,Private-Self Financing,"APJ Abdul Kalam Technological University, Kerala",Approved,Approved,A,No,,Tier 3,http://www.holygraceacademy.ac.in,info@holygraceacademy.ac.in,admissions@holygraceacademy.ac.in,placement@holygraceacademy.ac.in,+91-80-213-9227,Mechanical Engineering,Diploma,120,720,2019,Urban,Yes,No
1-44638633492,1-44638633492,U-0672,HOLY GRACE ACADEMY OF ENGINEERING,Active,Kerala,Thrissur,Thrissur,"KURUVILASSERY PO,",682330,10.536542,76.228763,Private-Self Financing,"APJ Abdul Kalam Technological University, Kerala",Approved,Approved,A,No,,Tier 3,http://www.holygraceacademy.ac.in,info@holygraceacademy.ac.in,admissions@holygraceacademy.ac.in,placement@holygraceacademy.ac.in,+91-80-213-9227,Electrical & Electronics Engineering (EEE),Diploma,60,720,2019,Urban,Yes,No
1-44638633492,1-44638633492,U-0672,HOLY GRACE ACADEMY OF ENGINEERING,Active,Kerala,Thrissur,Thrissur,"KURUVILASSERY PO,",682330,10.536542,76.228763,Private-Self Financing,"APJ Abdul Kalam Technological University, Kerala",Approved,Approved,A,No,,Tier 3,http://www.holygraceacademy.ac.in,info@holygraceacademy.ac.in,admissions@holygraceacademy.ac.in,placement@holygraceacademy.ac.in,+91-80-213-9227,Automobile Engineering,Diploma,60,720,2019,Urban,Yes,No
1-44638633492,1-44638633492,U-0672,HOLY GRACE ACADEMY OF ENGINEERING,Active,Kerala,Thrissur,Thrissur,"KURUVILASSERY PO,",682330,10.536542,76.228763,Private-Self Financing,"APJ Abdul Kalam Technological University, Kerala",Approved,Approved,A,No,,Tier 3,http://www.holygraceacademy.ac.in,info@holygraceacademy.ac.in,admissions@holygraceacademy.ac.in,placement@holygraceacademy.ac.in,+91-80-213-9227,Data Science,B.Tech,120,720,2019,Urban,Yes,No
1-44638633492,1-44638633492,U-0672,HOLY GRACE ACADEMY OF ENGINEERING,Active,Kerala,Thrissur,Thrissur,"KURUVILASSERY PO,",682330,10.536542,76.228763,Private-Self Financing,"APJ Abdul Kalam Technological University, Kerala",Approved,Approved,A,No,,Tier 3,http://www.holygraceacademy.ac.in,info@holygraceacademy.ac.in,admissions@holygraceacademy.ac.in,placement@holygraceacademy.ac.in,+91-80-213-9227,Computer Science Engineering (CSE),Diploma,60,720,2019,Urban,Yes,No
1-44638633492,1-44638633492,U-0672,HOLY GRACE ACADEMY OF ENGINEERING,Active,Kerala,Thrissur,Thrissur,"KURUVILASSERY PO,",682330,10.536542,76.228763,Private-Self Financing,"APJ Abdul Kalam Technological University, Kerala",Approved,Approved,A,No,,Tier 3,http://www.holygraceacademy.ac.in,info@holygraceacademy.ac.in,admissions@holygraceacademy.ac.in,placement@holygraceacademy.ac.in,+91-80-213-9227,Cyber Security,B.Tech,30,720,2019,Urban,Yes,No
1-44638635605,1-44638635605,U-0672,KMCT INSTITUTE OF EMERGING TECHNOLOGY AND MANAGEMENT,Active,Kerala,Kozhikode,Kozhikode,"MANASSERY, MUKKAM, KOZHIKODE",682606,11.275137,75.763835,Private-Self Financing,"APJ Abdul Kalam Technological University, Kerala",Approved,Approved,A,No,,Tier 3,http://www.kmctemergingmanagement.ac.in,info@kmctemergingmanagement.ac.in,admissions@kmctemergingmanagement.ac.in,placement@kmctemergingmanagement.ac.in,+91-80-524-0469,Computer Science Engineering (CSE),B.Tech,180,480,2002,Urban,Yes,Yes
1-44638635605,1-44638635605,U-0672,KMCT INSTITUTE OF EMERGING TECHNOLOGY AND MANAGEMENT,Active,Kerala,Kozhikode,Kozhikode,"MANASSERY, MUKKAM, KOZHIKODE",682606,11.275137,75.763835,Private-Self Financing,"APJ Abdul Kalam Technological University, Kerala",Approved,Approved,A,No,,Tier 3,http://www.kmctemergingmanagement.ac.in,info@kmctemergingmanagement.ac.in,admissions@kmctemergingmanagement.ac.in,placement@kmctemergingmanagement.ac.in,+91-80-524-0469,Data Science,B.Tech,90,480,2002,Urban,Yes,Yes
1-44638635605,1-44638635605,U-0672,KMCT INSTITUTE OF EMERGING TECHNOLOGY AND MANAGEMENT,Active,Kerala,Kozhikode,Kozhikode,"MANASSERY, MUKKAM, KOZHIKODE",682606,11.275137,75.763835,Private-Self Financing,"APJ Abdul Kalam Technological University, Kerala",Approved,Approved,A,No,,Tier 3,http://www.kmctemergingmanagement.ac.in,info@kmctemergingmanagement.ac.in,admissions@kmctemergingmanagement.ac.in,placement@kmctemergingmanagement.ac.in,+91-80-524-0469,Cyber Security,B.Tech,60,480,2002,Urban,Yes,Yes
1-44638635605,1-44638635605,U-0672,KMCT INSTITUTE OF EMERGING TECHNOLOGY AND MANAGEMENT,Active,Kerala,Kozhikode,Kozhikode,"MANASSERY, MUKKAM, KOZHIKODE",682606,11.275137,75.763835,Private-Self Financing,"APJ Abdul Kalam Technological University, Kerala",Approved,Approved,A,No,,Tier 3,http://www.kmctemergingmanagement.ac.in,info@kmctemergingmanagement.ac.in,admissions@kmctemergingmanagement.ac.in,placement@kmctemergingmanagement.ac.in,+91-80-524-0469,Electronics & Communication Engineering (ECE),B.Tech,30,480,2002,Urban,Yes,Yes
1-44638635605,1-44638635605,U-0672,KMCT INSTITUTE OF EMERGING TECHNOLOGY AND MANAGEMENT,Active,Kerala,Kozhikode,Kozhikode,"MANASSERY, MUKKAM, KOZHIKODE",682606,11.275137,75.763835,Private-Self Financing,"APJ Abdul Kalam Technological University, Kerala",Approved,Approved,A,No,,Tier 3,http://www.kmctemergingmanagement.ac.in,info@kmctemergingmanagement.ac.in,admissions@kmctemergingmanagement.ac.in,placement@kmctemergingmanagement.ac.in,+91-80-524-0469,Artificial Intelligence & Machine Learning (AI & ML),Diploma,60,480,2002,Urban,Yes,Yes
1-44638635605,1-44638635605,U-0672,KMCT INSTITUTE OF EMERGING TECHNOLOGY AND MANAGEMENT,Active,Kerala,Kozhikode,Kozhikode,"MANASSERY, MUKKAM, KOZHIKODE",682606,11.275137,75.763835,Private-Self Financing,"APJ Abdul Kalam Technological University, Kerala",Approved,Approved,A,No,,Tier 3,http://www.kmctemergingmanagement.ac.in,info@kmctemergingmanagement.ac.in,admissions@kmctemergingmanagement.ac.in,placement@kmctemergingmanagement.ac.in,+91-80-524-0469,Computer Science Engineering (CSE),Diploma,60,480,2002,Urban,Yes,Yes
1-44638709074,1-44638709074,U-0672,BISHOP JEROME INSTITUTE,Active,Kerala,Kollam,Kollam,"FATIMA COLLEGE ROAD, KOLLAM - 691001",691001,8.90817,76.61719,Private-Self Financing,"APJ Abdul Kalam Technological University, Kerala",Approved,Approved,Not Accredited,No,,Tier 3,http://www.bishopjerome.ac.in,info@bishopjerome.ac.in,admissions@bishopjerome.ac.in,placement@bishopjerome.ac.in,+91-80-466-7411,Civil Engineering,B.Tech,60,330,1991,Urban,Yes,No
1-44638709074,1-44638709074,U-0672,BISHOP JEROME INSTITUTE,Active,Kerala,Kollam,Kollam,"FATIMA COLLEGE ROAD, KOLLAM - 691001",691001,8.90817,76.61719,Private-Self Financing,"APJ Abdul Kalam Technological University, Kerala",Approved,Approved,Not Accredited,No,,Tier 3,http://www.bishopjerome.ac.in,info@bishopjerome.ac.in,admissions@bishopjerome.ac.in,placement@bishopjerome.ac.in,+91-80-466-7411,Mechanical Engineering,B.Tech,30,330,1991,Urban,Yes,No
1-44638709074,1-44638709074,U-0672,BISHOP JEROME INSTITUTE,Active,Kerala,Kollam,Kollam,"FATIMA COLLEGE ROAD, KOLLAM - 691001",691001,8.90817,76.61719,Private-Self Financing,"APJ Abdul Kalam Technological University, Kerala",Approved,Approved,Not Accredited,No,,Tier 3,http://www.bishopjerome.ac.in,info@bishopjerome.ac.in,admissions@bishopjerome.ac.in,placement@bishopjerome.ac.in,+91-80-466-7411,Electronics & Communication Engineering (ECE),B.Tech,30,330,1991,Urban,Yes,No
1-44638709074,1-44638709074,U-0672,BISHOP JEROME INSTITUTE,Active,Kerala,Kollam,Kollam,"FATIMA COLLEGE ROAD, KOLLAM - 691001",691001,8.90817,76.61719,Private-Self Financing,"APJ Abdul Kalam Technological University, Kerala",Approved,Approved,Not Accredited,No,,Tier 3,http://www.bishopjerome.ac.in,info@bishopjerome.ac.in,admissions@bishopjerome.ac.in,placement@bishopjerome.ac.in,+91-80-466-7411,Electrical & Electronics Engineering (EEE),B.Tech,30,330,1991,Urban,Yes,No
1-44638709074,1-44638709074,U-0672,BISHOP JEROME INSTITUTE,Active,Kerala,Kollam,Kollam,"FATIMA COLLEGE ROAD, KOLLAM - 691001",691001,8.90817,76.61719,Private-Self Financing,"APJ Abdul Kalam Technological University, Kerala",Approved,Approved,Not Accredited,No,,Tier 3,http://www.bishopjerome.ac.in,info@bishopjerome.ac.in,admissions@bishopjerome.ac.in,placement@bishopjerome.ac.in,+91-80-466-7411,Computer Science Engineering (CSE),B.Tech,120,330,1991,Urban,Yes,No
1-44638709074,1-44638709074,U-0672,BISHOP JEROME INSTITUTE,Active,Kerala,Kollam,Kollam,"FATIMA COLLEGE ROAD, KOLLAM - 691001",691001,8.90817,76.61719,Private-Self Financing,"APJ Abdul Kalam Technological University, Kerala",Approved,Approved,Not Accredited,No,,Tier 3,http://www.bishopjerome.ac.in,info@bishopjerome.ac.in,admissions@bishopjerome.ac.in,placement@bishopjerome.ac.in,+91-80-466-7411,Data Science,B.Tech,60,330,1991,Urban,Yes,No
1-44638739280,1-44638739280,U-0672,NIRMALA COLLEGE OF ENGINEERING TECHNOLOGY AND MANAGEMENT,Active,Kerala,Thrissur,Thrissur,KUNNAPPILLY PO,682330,10.536523,76.209749,Private-Self Financing,"APJ Abdul Kalam Technological University, Kerala",Approved,Approved,A+,No,,Tier 3,http://www.nirmalamanagement.ac.in,info@nirmalamanagement.ac.in,admissions@nirmalamanagement.ac.in,placement@nirmalamanagement.ac.in,+91-80-213-0914,Civil Engineering,B.Tech,30,720,2017,Rural,Yes,Yes
1-44638739280,1-44638739280,U-0672,NIRMALA COLLEGE OF ENGINEERING TECHNOLOGY AND MANAGEMENT,Active,Kerala,Thrissur,Thrissur,KUNNAPPILLY PO,682330,10.536523,76.209749,Private-Self Financing,"APJ Abdul Kalam Technological University, Kerala",Approved,Approved,A+,No,,Tier 3,http://www.nirmalamanagement.ac.in,info@nirmalamanagement.ac.in,admissions@nirmalamanagement.ac.in,placement@nirmalamanagement.ac.in,+91-80-213-0914,Mechanical Engineering,B.Tech,90,720,2017,Rural,Yes,Yes
1-44638739280,1-44638739280,U-0672,NIRMALA COLLEGE OF ENGINEERING TECHNOLOGY AND MANAGEMENT,Active,Kerala,Thrissur,Thrissur,KUNNAPPILLY PO,682330,10.536523,76.209749,Private-Self Financing,"APJ Abdul Kalam Technological University, Kerala",Approved,Approved,A+,No,,Tier 3,http://www.nirmalamanagement.ac.in,info@nirmalamanagement.ac.in,admissions@nirmalamanagement.ac.in,placement@nirmalamanagement.ac.in,+91-80-213-0914,Computer Science Engineering (CSE),B.Tech,120,720,2017,Rural,Yes,Yes
1-44638739280,1-44638739280,U-0672,NIRMALA COLLEGE OF ENGINEERING TECHNOLOGY AND MANAGEMENT,Active,Kerala,Thrissur,Thrissur,KUNNAPPILLY PO,682330,10.536523,76.209749,Private-Self Financing,"APJ Abdul Kalam Technological University, Kerala",Approved,Approved,A+,No,,Tier 3,http://www.nirmalamanagement.ac.in,info@nirmalamanagement.ac.in,admissions@nirmalamanagement.ac.in,placement@nirmalamanagement.ac.in,+91-80-213-0914,Chemical Engineering,Diploma,60,720,2017,Rural,Yes,Yes
1-44638739280,1-44638739280,U-0672,NIRMALA COLLEGE OF ENGINEERING TECHNOLOGY AND MANAGEMENT,Active,Kerala,Thrissur,Thrissur,KUNNAPPILLY PO,682330,10.536523,76.209749,Private-Self Financing,"APJ Abdul Kalam Technological University, Kerala",Approved,Approved,A+,No,,Tier 3,http://www.nirmalamanagement.ac.in,info@nirmalamanagement.ac.in,admissions@nirmalamanagement.ac.in,placement@nirmalamanagement.ac.in,+91-80-213-0914,Civil Engineering,Diploma,60,720,2017,Rural,Yes,Yes
1-44638739280,1-44638739280,U-0672,NIRMALA COLLEGE OF ENGINEERING TECHNOLOGY AND MANAGEMENT,Active,Kerala,Thrissur,Thrissur,KUNNAPPILLY PO,682330,10.536523,76.209749,Private-Self Financing,"APJ Abdul Kalam Technological University, Kerala",Approved,Approved,A+,No,,Tier 3,http://www.nirmalamanagement.ac.in,info@nirmalamanagement.ac.in,admissions@nirmalamanagement.ac.in,placement@nirmalamanagement.ac.in,+91-80-213-0914,Mechanical Engineering,Diploma,60,720,2017,Rural,Yes,Yes
1-44638739280,1-44638739280,U-0672,NIRMALA COLLEGE OF ENGINEERING TECHNOLOGY AND MANAGEMENT,Active,Kerala,Thrissur,Thrissur,KUNNAPPILLY PO,682330,10.536523,76.209749,Private-Self Financing,"APJ Abdul Kalam Technological University, Kerala",Approved,Approved,A+,No,,Tier 3,http://www.nirmalamanagement.ac.in,info@nirmalamanagement.ac.in,admissions@nirmalamanagement.ac.in,placement@nirmalamanagement.ac.in,+91-80-213-0914,Automobile Engineering,Diploma,60,720,2017,Rural,Yes,Yes
1-44638739280,1-44638739280,U-0672,NIRMALA COLLEGE OF ENGINEERING TECHNOLOGY AND MANAGEMENT,Active,Kerala,Thrissur,Thrissur,KUNNAPPILLY PO,682330,10.536523,76.209749,Private-Self Financing,"APJ Abdul Kalam Technological University, Kerala",Approved,Approved,A+,No,,Tier 3,http://www.nirmalamanagement.ac.in,info@nirmalamanagement.ac.in,admissions@nirmalamanagement.ac.in,placement@nirmalamanagement.ac.in,+91-80-213-0914,Electrical & Electronics Engineering (EEE),Diploma,60,720,2017,Rural,Yes,Yes
1-44638739280,1-44638739280,U-0672,NIRMALA COLLEGE OF ENGINEERING TECHNOLOGY AND MANAGEMENT,Active,Kerala,Thrissur,Thrissur,KUNNAPPILLY PO,682330,10.536523,76.209749,Private-Self Financing,"APJ Abdul Kalam Technological University, Kerala",Approved,Approved,A+,No,,Tier 3,http://www.nirmalamanagement.ac.in,info@nirmalamanagement.ac.in,admissions@nirmalamanagement.ac.in,placement@nirmalamanagement.ac.in,+91-80-213-0914,Data Science,B.Tech,60,720,2017,Rural,Yes,Yes
1-44638739280,1-44638739280,U-0672,NIRMALA COLLEGE OF ENGINEERING TECHNOLOGY AND MANAGEMENT,Active,Kerala,Thrissur,Thrissur,KUNNAPPILLY PO,682330,10.536523,76.209749,Private-Self Financing,"APJ Abdul Kalam Technological University, Kerala",Approved,Approved,A+,No,,Tier 3,http://www.nirmalamanagement.ac.in,info@nirmalamanagement.ac.in,admissions@nirmalamanagement.ac.in,placement@nirmalamanagement.ac.in,+91-80-213-0914,Computer Science Engineering (CSE),Diploma,60,720,2017,Rural,Yes,Yes
1-44638739280,1-44638739280,U-0672,NIRMALA COLLEGE OF ENGINEERING TECHNOLOGY AND MANAGEMENT,Active,Kerala,Thrissur,Thrissur,KUNNAPPILLY PO,682330,10.536523,76.209749,Private-Self Financing,"APJ Abdul Kalam Technological University, Kerala",Approved,Approved,A+,No,,Tier 3,http://www.nirmalamanagement.ac.in,info@nirmalamanagement.ac.in,admissions@nirmalamanagement.ac.in,placement@nirmalamanagement.ac.in,+91-80-213-0914,Electronics & Communication Engineering (ECE),B.Tech,60,720,2017,Rural,Yes,Yes
1-44638600755,1-44638600755,U-0508,KELAPPAJI COLLEGE OF AGRICULTURAL ENGINEERING AND FOOD TECHNOLOGY,Active,Kerala,Malappuram,Malappuram,"KELAPPAJI COLLEGE OG AGRICULTURAL ENGINEERING & TECHNOLOGY, TAVANUR, KUTTIPPURAM,MALAPPURAM(DT), PIN-679573, KERALA",679573,10.852587,76.267644,Government,"Kerala Agricultural University, Thrissur",Approved,Approved,A,No,,Tier 2,http://www.kelappajiagriculturalfood.ac.in,info@kelappajiagriculturalfood.ac.in,admissions@kelappajiagriculturalfood.ac.in,placement@kelappajiagriculturalfood.ac.in,+91-80-926-3977,Other Engineering Branches,B.Tech,60,120,2005,Urban,Yes,Yes
1-44638600755,1-44638600755,U-0508,KELAPPAJI COLLEGE OF AGRICULTURAL ENGINEERING AND FOOD TECHNOLOGY,Active,Kerala,Malappuram,Malappuram,"KELAPPAJI COLLEGE OG AGRICULTURAL ENGINEERING & TECHNOLOGY, TAVANUR, KUTTIPPURAM,MALAPPURAM(DT), PIN-679573, KERALA",679573,10.852587,76.267644,Government,"Kerala Agricultural University, Thrissur",Approved,Approved,A,No,,Tier 2,http://www.kelappajiagriculturalfood.ac.in,info@kelappajiagriculturalfood.ac.in,admissions@kelappajiagriculturalfood.ac.in,placement@kelappajiagriculturalfood.ac.in,+91-80-926-3977,Agricultural Engineering,B.Tech,60,120,2005,Urban,Yes,Yes
1-44638714280,1-44638714280,U-0672,ICCS COLLEGE OF ENGINEERING AND MANAGEMENT,Active,Kerala,Thrissur,Thrissur,"INJIKUNDU.P.O., MUPPLIYAM,  MUKUNDAPURAM, THRISSUR (DIST)",682330,10.521167,76.222605,Private-Self Financing,"APJ Abdul Kalam Technological University, Kerala",Approved,Approved,B,Yes,,Tier 3,http://www.iccsmanagement.ac.in,info@iccsmanagement.ac.in,admissions@iccsmanagement.ac.in,placement@iccsmanagement.ac.in,+91-80-569-0548,Mechanical Engineering,B.Tech,30,450,1993,Urban,Yes,No
1-44638714280,1-44638714280,U-0672,ICCS COLLEGE OF ENGINEERING AND MANAGEMENT,Active,Kerala,Thrissur,Thrissur,"INJIKUNDU.P.O., MUPPLIYAM,  MUKUNDAPURAM, THRISSUR (DIST)",682330,10.521167,76.222605,Private-Self Financing,"APJ Abdul Kalam Technological University, Kerala",Approved,Approved,B,Yes,,Tier 3,http://www.iccsmanagement.ac.in,info@iccsmanagement.ac.in,admissions@iccsmanagement.ac.in,placement@iccsmanagement.ac.in,+91-80-569-0548,Civil Engineering,B.Tech,30,450,1993,Urban,Yes,No
1-44638714280,1-44638714280,U-0672,ICCS COLLEGE OF ENGINEERING AND MANAGEMENT,Active,Kerala,Thrissur,Thrissur,"INJIKUNDU.P.O., MUPPLIYAM,  MUKUNDAPURAM, THRISSUR (DIST)",682330,10.521167,76.222605,Private-Self Financing,"APJ Abdul Kalam Technological University, Kerala",Approved,Approved,B,Yes,,Tier 3,http://www.iccsmanagement.ac.in,info@iccsmanagement.ac.in,admissions@iccsmanagement.ac.in,placement@iccsmanagement.ac.in,+91-80-569-0548,Computer Science Engineering (CSE),B.Tech,30,450,1993,Urban,Yes,No
1-44638714280,1-44638714280,U-0672,ICCS COLLEGE OF ENGINEERING AND MANAGEMENT,Active,Kerala,Thrissur,Thrissur,"INJIKUNDU.P.O., MUPPLIYAM,  MUKUNDAPURAM, THRISSUR (DIST)",682330,10.521167,76.222605,Private-Self Financing,"APJ Abdul Kalam Technological University, Kerala",Approved,Approved,B,Yes,,Tier 3,http://www.iccsmanagement.ac.in,info@iccsmanagement.ac.in,admissions@iccsmanagement.ac.in,placement@iccsmanagement.ac.in,+91-80-569-0548,Civil Engineering,Diploma,60,450,1993,Urban,Yes,No
1-44638714280,1-44638714280,U-0672,ICCS COLLEGE OF ENGINEERING AND MANAGEMENT,Active,Kerala,Thrissur,Thrissur,"INJIKUNDU.P.O., MUPPLIYAM,  MUKUNDAPURAM, THRISSUR (DIST)",682330,10.521167,76.222605,Private-Self Financing,"APJ Abdul Kalam Technological University, Kerala",Approved,Approved,B,Yes,,Tier 3,http://www.iccsmanagement.ac.in,info@iccsmanagement.ac.in,admissions@iccsmanagement.ac.in,placement@iccsmanagement.ac.in,+91-80-569-0548,Mechanical Engineering,Diploma,60,450,1993,Urban,Yes,No
1-44638714280,1-44638714280,U-0672,ICCS COLLEGE OF ENGINEERING AND MANAGEMENT,Active,Kerala,Thrissur,Thrissur,"INJIKUNDU.P.O., MUPPLIYAM,  MUKUNDAPURAM, THRISSUR (DIST)",682330,10.521167,76.222605,Private-Self Financing,"APJ Abdul Kalam Technological University, Kerala",Approved,Approved,B,Yes,,Tier 3,http://www.iccsmanagement.ac.in,info@iccsmanagement.ac.in,admissions@iccsmanagement.ac.in,placement@iccsmanagement.ac.in,+91-80-569-0548,Electrical & Electronics Engineering (EEE),Diploma,60,450,1993,Urban,Yes,No
1-44638714280,1-44638714280,U-0672,ICCS COLLEGE OF ENGINEERING AND MANAGEMENT,Active,Kerala,Thrissur,Thrissur,"INJIKUNDU.P.O., MUPPLIYAM,  MUKUNDAPURAM, THRISSUR (DIST)",682330,10.521167,76.222605,Private-Self Financing,"APJ Abdul Kalam Technological University, Kerala",Approved,Approved,B,Yes,,Tier 3,http://www.iccsmanagement.ac.in,info@iccsmanagement.ac.in,admissions@iccsmanagement.ac.in,placement@iccsmanagement.ac.in,+91-80-569-0548,Data Science,B.Tech,30,450,1993,Urban,Yes,No
1-44638714280,1-44638714280,U-0672,ICCS COLLEGE OF ENGINEERING AND MANAGEMENT,Active,Kerala,Thrissur,Thrissur,"INJIKUNDU.P.O., MUPPLIYAM,  MUKUNDAPURAM, THRISSUR (DIST)",682330,10.521167,76.222605,Private-Self Financing,"APJ Abdul Kalam Technological University, Kerala",Approved,Approved,B,Yes,,Tier 3,http://www.iccsmanagement.ac.in,info@iccsmanagement.ac.in,admissions@iccsmanagement.ac.in,placement@iccsmanagement.ac.in,+91-80-569-0548,Other Engineering Branches,B.Tech,30,450,1993,Urban,Yes,No
1-44638714280,1-44638714280,U-0672,ICCS COLLEGE OF ENGINEERING AND MANAGEMENT,Active,Kerala,Thrissur,Thrissur,"INJIKUNDU.P.O., MUPPLIYAM,  MUKUNDAPURAM, THRISSUR (DIST)",682330,10.521167,76.222605,Private-Self Financing,"APJ Abdul Kalam Technological University, Kerala",Approved,Approved,B,Yes,,Tier 3,http://www.iccsmanagement.ac.in,info@iccsmanagement.ac.in,admissions@iccsmanagement.ac.in,placement@iccsmanagement.ac.in,+91-80-569-0548,Automobile Engineering,Diploma,60,450,1993,Urban,Yes,No
1-44638714280,1-44638714280,U-0672,ICCS COLLEGE OF ENGINEERING AND MANAGEMENT,Active,Kerala,Thrissur,Thrissur,"INJIKUNDU.P.O., MUPPLIYAM,  MUKUNDAPURAM, THRISSUR (DIST)",682330,10.521167,76.222605,Private-Self Financing,"APJ Abdul Kalam Technological University, Kerala",Approved,Approved,B,Yes,,Tier 3,http://www.iccsmanagement.ac.in,info@iccsmanagement.ac.in,admissions@iccsmanagement.ac.in,placement@iccsmanagement.ac.in,+91-80-569-0548,Other Engineering Branches,Diploma,60,450,1993,Urban,Yes,No
1-44637281589,1-44637281589,U-0208,CHINMAYA VISHWAVIDYAPEETH,Active,Kerala,Ernakulam,Ernakulam,"CVV-IST, PERIYAPPURAM, ONAKKOOR VILLAGE, ONAKKOOR P.O.,",682234,9.998411,76.318014,Private-Self Financing,Chinmaya Vishwavidyapeeth,Approved,Approved,A,No,,Tier 3,http://www.chinmayavishwavidyapeeth.ac.in,info@chinmayavishwavidyapeeth.ac.in,admissions@chinmayavishwavidyapeeth.ac.in,placement@chinmayavishwavidyapeeth.ac.in,+91-80-543-9859,Computer Science Engineering (CSE),B.Tech,300,660,2008,Urban,No,Yes
1-44637281589,1-44637281589,U-0208,CHINMAYA VISHWAVIDYAPEETH,Active,Kerala,Ernakulam,Ernakulam,"CVV-IST, PERIYAPPURAM, ONAKKOOR VILLAGE, ONAKKOOR P.O.,",682234,9.998411,76.318014,Private-Self Financing,Chinmaya Vishwavidyapeeth,Approved,Approved,A,No,,Tier 3,http://www.chinmayavishwavidyapeeth.ac.in,info@chinmayavishwavidyapeeth.ac.in,admissions@chinmayavishwavidyapeeth.ac.in,placement@chinmayavishwavidyapeeth.ac.in,+91-80-543-9859,Electronics & Communication Engineering (ECE),B.Tech,30,660,2008,Urban,No,Yes
1-44637281589,1-44637281589,U-0208,CHINMAYA VISHWAVIDYAPEETH,Active,Kerala,Ernakulam,Ernakulam,"CVV-IST, PERIYAPPURAM, ONAKKOOR VILLAGE, ONAKKOOR P.O.,",682234,9.998411,76.318014,Private-Self Financing,Chinmaya Vishwavidyapeeth,Approved,Approved,A,No,,Tier 3,http://www.chinmayavishwavidyapeeth.ac.in,info@chinmayavishwavidyapeeth.ac.in,admissions@chinmayavishwavidyapeeth.ac.in,placement@chinmayavishwavidyapeeth.ac.in,+91-80-543-9859,Mechanical Engineering,B.Tech,30,660,2008,Urban,No,Yes
1-44637281589,1-44637281589,U-0208,CHINMAYA VISHWAVIDYAPEETH,Active,Kerala,Ernakulam,Ernakulam,"CVV-IST, PERIYAPPURAM, ONAKKOOR VILLAGE, ONAKKOOR P.O.,",682234,9.998411,76.318014,Private-Self Financing,Chinmaya Vishwavidyapeeth,Approved,Approved,A,No,,Tier 3,http://www.chinmayavishwavidyapeeth.ac.in,info@chinmayavishwavidyapeeth.ac.in,admissions@chinmayavishwavidyapeeth.ac.in,placement@chinmayavishwavidyapeeth.ac.in,+91-80-543-9859,Data Science,B.Tech,60,660,2008,Urban,No,Yes
1-44637281589,1-44637281589,U-0208,CHINMAYA VISHWAVIDYAPEETH,Active,Kerala,Ernakulam,Ernakulam,"CVV-IST, PERIYAPPURAM, ONAKKOOR VILLAGE, ONAKKOOR P.O.,",682234,9.998411,76.318014,Private-Self Financing,Chinmaya Vishwavidyapeeth,Approved,Approved,A,No,,Tier 3,http://www.chinmayavishwavidyapeeth.ac.in,info@chinmayavishwavidyapeeth.ac.in,admissions@chinmayavishwavidyapeeth.ac.in,placement@chinmayavishwavidyapeeth.ac.in,+91-80-543-9859,Artificial Intelligence & Machine Learning (AI & ML),B.Tech,180,660,2008,Urban,No,Yes
1-44637281589,1-44637281589,U-0208,CHINMAYA VISHWAVIDYAPEETH,Active,Kerala,Ernakulam,Ernakulam,"CVV-IST, PERIYAPPURAM, ONAKKOOR VILLAGE, ONAKKOOR P.O.,",682234,9.998411,76.318014,Private-Self Financing,Chinmaya Vishwavidyapeeth,Approved,Approved,A,No,,Tier 3,http://www.chinmayavishwavidyapeeth.ac.in,info@chinmayavishwavidyapeeth.ac.in,admissions@chinmayavishwavidyapeeth.ac.in,placement@chinmayavishwavidyapeeth.ac.in,+91-80-543-9859,Cyber Security,B.Tech,60,660,2008,Urban,No,Yes
1-44638800226,1-44638800226,U-0928,"DEPARTMENT OF COMPUTER SCIENCE, COCHIN UNIVERSITY OF SCIENCE AND TECHNOLOGY",Active,Kerala,Ernakulam,Ernakulam,CUSAT KOCHI 682022,682022,9.992664,76.294255,Government,"Cochin University of Science and Technology, Kochi",Approved,Approved,B,No,,Tier 3,http://www.departmentcomputerscience.ac.in,info@departmentcomputerscience.ac.in,admissions@departmentcomputerscience.ac.in,placement@departmentcomputerscience.ac.in,+91-80-302-8955,Data Science,M.Tech,18,36,2021,Rural,No,No
1-44638800226,1-44638800226,U-0928,"DEPARTMENT OF COMPUTER SCIENCE, COCHIN UNIVERSITY OF SCIENCE AND TECHNOLOGY",Active,Kerala,Ernakulam,Ernakulam,CUSAT KOCHI 682022,682022,9.992664,76.294255,Government,"Cochin University of Science and Technology, Kochi",Approved,Approved,B,No,,Tier 3,http://www.departmentcomputerscience.ac.in,info@departmentcomputerscience.ac.in,admissions@departmentcomputerscience.ac.in,placement@departmentcomputerscience.ac.in,+91-80-302-8955,Computer Science Engineering (CSE),M.Tech,18,36,2021,Rural,No,No
1-44638940161,1-44638940161,U-0294,SCMS INSTITUTE OF MULTIDISCIPLINARY STUDIES,Active,Kerala,Ernakulam,Ernakulam,"NEAR U.P.SCHOOL, VAIAKKARA,",682234,9.964239,76.3011,Private-Self Financing,Directorate of Technical Education,Approved,Approved,A,No,,Tier 3,http://www.scmsmultidisciplinarystudies.ac.in,info@scmsmultidisciplinarystudies.ac.in,admissions@scmsmultidisciplinarystudies.ac.in,placement@scmsmultidisciplinarystudies.ac.in,+91-80-110-7079,Mechanical Engineering,Diploma,30,30,1992,Urban,Yes,Yes
1-44638812067,1-44638812067,U-0992,INDIAN INSTITUTE OF SPACE SCIENCE AND TECHNOLOGY,Active,Kerala,Thiruvananthapuram,Thiruvananthapuram,VALIAMALA P.O.,682973,8.509419,76.924228,Deemed to be University(Govt),NOT APPLICABLE,Approved,Approved,B,Yes,,Tier 3,http://www.indianspacescience.ac.in,info@indianspacescience.ac.in,admissions@indianspacescience.ac.in,placement@indianspacescience.ac.in,+91-80-223-0832,Aeronautical Engineering,B.Tech,60,364,2008,Urban,Yes,Yes
1-44638812067,1-44638812067,U-0992,INDIAN INSTITUTE OF SPACE SCIENCE AND TECHNOLOGY,Active,Kerala,Thiruvananthapuram,Thiruvananthapuram,VALIAMALA P.O.,682973,8.509419,76.924228,Deemed to be University(Govt),NOT APPLICABLE,Approved,Approved,B,Yes,,Tier 3,http://www.indianspacescience.ac.in,info@indianspacescience.ac.in,admissions@indianspacescience.ac.in,placement@indianspacescience.ac.in,+91-80-223-0832,Other Engineering Branches,M.Tech,164,364,2008,Urban,Yes,Yes
1-44638812067,1-44638812067,U-0992,INDIAN INSTITUTE OF SPACE SCIENCE AND TECHNOLOGY,Active,Kerala,Thiruvananthapuram,Thiruvananthapuram,VALIAMALA P.O.,682973,8.509419,76.924228,Deemed to be University(Govt),NOT APPLICABLE,Approved,Approved,B,Yes,,Tier 3,http://www.indianspacescience.ac.in,info@indianspacescience.ac.in,admissions@indianspacescience.ac.in,placement@indianspacescience.ac.in,+91-80-223-0832,Information Technology (IT),M.Tech,12,364,2008,Urban,Yes,Yes
1-44638812067,1-44638812067,U-0992,INDIAN INSTITUTE OF SPACE SCIENCE AND TECHNOLOGY,Active,Kerala,Thiruvananthapuram,Thiruvananthapuram,VALIAMALA P.O.,682973,8.509419,76.924228,Deemed to be University(Govt),NOT APPLICABLE,Approved,Approved,B,Yes,,Tier 3,http://www.indianspacescience.ac.in,info@indianspacescience.ac.in,admissions@indianspacescience.ac.in,placement@indianspacescience.ac.in,+91-80-223-0832,Mechanical Engineering,M.Tech,18,364,2008,Urban,Yes,Yes
1-44638812067,1-44638812067,U-0992,INDIAN INSTITUTE OF SPACE SCIENCE AND TECHNOLOGY,Active,Kerala,Thiruvananthapuram,Thiruvananthapuram,VALIAMALA P.O.,682973,8.509419,76.924228,Deemed to be University(Govt),NOT APPLICABLE,Approved,Approved,B,Yes,,Tier 3,http://www.indianspacescience.ac.in,info@indianspacescience.ac.in,admissions@indianspacescience.ac.in,placement@indianspacescience.ac.in,+91-80-223-0832,Electronics & Communication Engineering (ECE),B.Tech,60,364,2008,Urban,Yes,Yes
1-44638812067,1-44638812067,U-0992,INDIAN INSTITUTE OF SPACE SCIENCE AND TECHNOLOGY,Active,Kerala,Thiruvananthapuram,Thiruvananthapuram,VALIAMALA P.O.,682973,8.509419,76.924228,Deemed to be University(Govt),NOT APPLICABLE,Approved,Approved,B,Yes,,Tier 3,http://www.indianspacescience.ac.in,info@indianspacescience.ac.in,admissions@indianspacescience.ac.in,placement@indianspacescience.ac.in,+91-80-223-0832,Other Engineering Branches,B.Tech,20,364,2008,Urban,Yes,Yes
1-44638812067,1-44638812067,U-0992,INDIAN INSTITUTE OF SPACE SCIENCE AND TECHNOLOGY,Active,Kerala,Thiruvananthapuram,Thiruvananthapuram,VALIAMALA P.O.,682973,8.509419,76.924228,Deemed to be University(Govt),NOT APPLICABLE,Approved,Approved,B,Yes,,Tier 3,http://www.indianspacescience.ac.in,info@indianspacescience.ac.in,admissions@indianspacescience.ac.in,placement@indianspacescience.ac.in,+91-80-223-0832,Data Science,B.Tech,30,364,2008,Urban,Yes,Yes
1-44638814923,1-44638814923,U-0672,M.DASAN INSTITUTE OF TECHNOLOGY,Active,Kerala,Kozhikode,Kozhikode,ULLIYERI ULLIYERI P.O KOZHIKODE DIST. KERALA,682606,11.26603,75.793736,Private-Self Financing,"APJ Abdul Kalam Technological University, Kerala",Approved,Approved,Not Accredited,No,,Tier 3,http://www.mdasan.ac.in,info@mdasan.ac.in,admissions@mdasan.ac.in,placement@mdasan.ac.in,+91-80-142-1141,Mechanical Engineering,B.Tech,30,294,2016,Urban,Yes,Yes
1-44638814923,1-44638814923,U-0672,M.DASAN INSTITUTE OF TECHNOLOGY,Active,Kerala,Kozhikode,Kozhikode,ULLIYERI ULLIYERI P.O KOZHIKODE DIST. KERALA,682606,11.26603,75.793736,Private-Self Financing,"APJ Abdul Kalam Technological University, Kerala",Approved,Approved,Not Accredited,No,,Tier 3,http://www.mdasan.ac.in,info@mdasan.ac.in,admissions@mdasan.ac.in,placement@mdasan.ac.in,+91-80-142-1141,Civil Engineering,B.Tech,30,294,2016,Urban,Yes,Yes
1-44638814923,1-44638814923,U-0672,M.DASAN INSTITUTE OF TECHNOLOGY,Active,Kerala,Kozhikode,Kozhikode,ULLIYERI ULLIYERI P.O KOZHIKODE DIST. KERALA,682606,11.26603,75.793736,Private-Self Financing,"APJ Abdul Kalam Technological University, Kerala",Approved,Approved,Not Accredited,No,,Tier 3,http://www.mdasan.ac.in,info@mdasan.ac.in,admissions@mdasan.ac.in,placement@mdasan.ac.in,+91-80-142-1141,Computer Science Engineering (CSE),B.Tech,90,294,2016,Urban,Yes,Yes
1-44638814923,1-44638814923,U-0672,M.DASAN INSTITUTE OF TECHNOLOGY,Active,Kerala,Kozhikode,Kozhikode,ULLIYERI ULLIYERI P.O KOZHIKODE DIST. KERALA,682606,11.26603,75.793736,Private-Self Financing,"APJ Abdul Kalam Technological University, Kerala",Approved,Approved,Not Accredited,No,,Tier 3,http://www.mdasan.ac.in,info@mdasan.ac.in,admissions@mdasan.ac.in,placement@mdasan.ac.in,+91-80-142-1141,Electronics & Communication Engineering (ECE),B.Tech,30,294,2016,Urban,Yes,Yes
1-44638814923,1-44638814923,U-0672,M.DASAN INSTITUTE OF TECHNOLOGY,Active,Kerala,Kozhikode,Kozhikode,ULLIYERI ULLIYERI P.O KOZHIKODE DIST. KERALA,682606,11.26603,75.793736,Private-Self Financing,"APJ Abdul Kalam Technological University, Kerala",Approved,Approved,Not Accredited,No,,Tier 3,http://www.mdasan.ac.in,info@mdasan.ac.in,admissions@mdasan.ac.in,placement@mdasan.ac.in,+91-80-142-1141,Electrical & Electronics Engineering (EEE),B.Tech,30,294,2016,Urban,Yes,Yes
1-44638814923,1-44638814923,U-0672,M.DASAN INSTITUTE OF TECHNOLOGY,Active,Kerala,Kozhikode,Kozhikode,ULLIYERI ULLIYERI P.O KOZHIKODE DIST. KERALA,682606,11.26603,75.793736,Private-Self Financing,"APJ Abdul Kalam Technological University, Kerala",Approved,Approved,Not Accredited,No,,Tier 3,http://www.mdasan.ac.in,info@mdasan.ac.in,admissions@mdasan.ac.in,placement@mdasan.ac.in,+91-80-142-1141,Cyber Security,B.Tech,30,294,2016,Urban,Yes,Yes
1-44638814923,1-44638814923,U-0672,M.DASAN INSTITUTE OF TECHNOLOGY,Active,Kerala,Kozhikode,Kozhikode,ULLIYERI ULLIYERI P.O KOZHIKODE DIST. KERALA,682606,11.26603,75.793736,Private-Self Financing,"APJ Abdul Kalam Technological University, Kerala",Approved,Approved,Not Accredited,No,,Tier 3,http://www.mdasan.ac.in,info@mdasan.ac.in,admissions@mdasan.ac.in,placement@mdasan.ac.in,+91-80-142-1141,Artificial Intelligence & Machine Learning (AI & ML),B.Tech,30,294,2016,Urban,Yes,Yes
1-44638814923,1-44638814923,U-0672,M.DASAN INSTITUTE OF TECHNOLOGY,Active,Kerala,Kozhikode,Kozhikode,ULLIYERI ULLIYERI P.O KOZHIKODE DIST. KERALA,682606,11.26603,75.793736,Private-Self Financing,"APJ Abdul Kalam Technological University, Kerala",Approved,Approved,Not Accredited,No,,Tier 3,http://www.mdasan.ac.in,info@mdasan.ac.in,admissions@mdasan.ac.in,placement@mdasan.ac.in,+91-80-142-1141,Other Engineering Branches,M.Tech,24,294,2016,Urban,Yes,Yes
1-44639429796,1-44639429796,U-0317,MODEL RESIDENTIAL POLYTECHNIC COLLEGE KUZHALMANNAM,Active,Kerala,Palakkad,Palakkad,KUZHALMANNAM P.O,682263,10.770821,76.647538,Government,"Board of Technical Examination, Kerala",Approved,Approved,B++,Yes,,Tier 3,http://www.modelresidentialkuzhalmannam.ac.in,info@modelresidentialkuzhalmannam.ac.in,admissions@modelresidentialkuzhalmannam.ac.in,placement@modelresidentialkuzhalmannam.ac.in,+91-80-172-8338,Civil Engineering,Diploma,120,180,2014,Urban,Yes,Yes
1-44639429796,1-44639429796,U-0317,MODEL RESIDENTIAL POLYTECHNIC COLLEGE KUZHALMANNAM,Active,Kerala,Palakkad,Palakkad,KUZHALMANNAM P.O,682263,10.770821,76.647538,Government,"Board of Technical Examination, Kerala",Approved,Approved,B++,Yes,,Tier 3,http://www.modelresidentialkuzhalmannam.ac.in,info@modelresidentialkuzhalmannam.ac.in,admissions@modelresidentialkuzhalmannam.ac.in,placement@modelresidentialkuzhalmannam.ac.in,+91-80-172-8338,Computer Science Engineering (CSE),Diploma,60,180,2014,Urban,Yes,Yes
1-44639371595,1-44639371595,U-0317,"GOVERNMENT POLYTECHNIC COLLEGE,ADOOR",Active,Kerala,Pathanamthitta,Pathanamthitta,"MANAKALA.P.O, ADOOR, PATHANAMTHITTAKERALA(STATE) PIN:691551",691551,10.847239,76.277325,Government,"Board of Technical Examination, Kerala",Approved,Approved,B,No,,Tier 3,http://www.collegeadoor.ac.in,info@collegeadoor.ac.in,admissions@collegeadoor.ac.in,placement@collegeadoor.ac.in,+91-80-702-0967,Other Engineering Branches,Diploma,60,120,2017,Rural,Yes,Yes
1-44639371595,1-44639371595,U-0317,"GOVERNMENT POLYTECHNIC COLLEGE,ADOOR",Active,Kerala,Pathanamthitta,Pathanamthitta,"MANAKALA.P.O, ADOOR, PATHANAMTHITTAKERALA(STATE) PIN:691551",691551,10.847239,76.277325,Government,"Board of Technical Examination, Kerala",Approved,Approved,B,No,,Tier 3,http://www.collegeadoor.ac.in,info@collegeadoor.ac.in,admissions@collegeadoor.ac.in,placement@collegeadoor.ac.in,+91-80-702-0967,Mechanical Engineering,Diploma,60,120,2017,Rural,Yes,Yes
1-44638798648,1-44638798648,U-0992,"DEPARTMENT OF INSTRUMENTATION, COCHIN UNIVERSITY OF SCIENCE AND TECHNOLOGY",Active,Kerala,Ernakulam,Ernakulam,COCHIN UNIVERSITY P.O. KALAMASSERY COCHIN - 682022,682022,9.962755,76.317503,State Government University,NOT APPLICABLE,Approved,Approved,B++,Yes,,Tier 3,http://www.departmentinstrumentationcochin.ac.in,info@departmentinstrumentationcochin.ac.in,admissions@departmentinstrumentationcochin.ac.in,placement@departmentinstrumentationcochin.ac.in,+91-80-048-4848,Other Engineering Branches,M.Tech,18,18,2012,Urban,No,Yes
1-44640074292,1-44640074292,U-0672,COLLEGE OF ENGINEERING MUNNAR,Active,Kerala,Idukki,Idukki,P.B.NO.45 COUNTY HILLS MUNNAR,682695,10.842597,76.264007,Government,"APJ Abdul Kalam Technological University, Kerala",Approved,Approved,B++,Yes,,Tier 3,http://www.munnar.ac.in,info@munnar.ac.in,admissions@munnar.ac.in,placement@munnar.ac.in,+91-80-507-4002,Other Engineering Branches,M.Tech,18,267,2014,Urban,Yes,Yes
1-44640074292,1-44640074292,U-0672,COLLEGE OF ENGINEERING MUNNAR,Active,Kerala,Idukki,Idukki,P.B.NO.45 COUNTY HILLS MUNNAR,682695,10.842597,76.264007,Government,"APJ Abdul Kalam Technological University, Kerala",Approved,Approved,B++,Yes,,Tier 3,http://www.munnar.ac.in,info@munnar.ac.in,admissions@munnar.ac.in,placement@munnar.ac.in,+91-80-507-4002,Computer Science Engineering (CSE),B.Tech,60,267,2014,Urban,Yes,Yes
1-44640074292,1-44640074292,U-0672,COLLEGE OF ENGINEERING MUNNAR,Active,Kerala,Idukki,Idukki,P.B.NO.45 COUNTY HILLS MUNNAR,682695,10.842597,76.264007,Government,"APJ Abdul Kalam Technological University, Kerala",Approved,Approved,B++,Yes,,Tier 3,http://www.munnar.ac.in,info@munnar.ac.in,admissions@munnar.ac.in,placement@munnar.ac.in,+91-80-507-4002,Electronics & Communication Engineering (ECE),B.Tech,60,267,2014,Urban,Yes,Yes
1-44640074292,1-44640074292,U-0672,COLLEGE OF ENGINEERING MUNNAR,Active,Kerala,Idukki,Idukki,P.B.NO.45 COUNTY HILLS MUNNAR,682695,10.842597,76.264007,Government,"APJ Abdul Kalam Technological University, Kerala",Approved,Approved,B++,Yes,,Tier 3,http://www.munnar.ac.in,info@munnar.ac.in,admissions@munnar.ac.in,placement@munnar.ac.in,+91-80-507-4002,Electrical & Electronics Engineering (EEE),B.Tech,60,267,2014,Urban,Yes,Yes
1-44640074292,1-44640074292,U-0672,COLLEGE OF ENGINEERING MUNNAR,Active,Kerala,Idukki,Idukki,P.B.NO.45 COUNTY HILLS MUNNAR,682695,10.842597,76.264007,Government,"APJ Abdul Kalam Technological University, Kerala",Approved,Approved,B++,Yes,,Tier 3,http://www.munnar.ac.in,info@munnar.ac.in,admissions@munnar.ac.in,placement@munnar.ac.in,+91-80-507-4002,Mechanical Engineering,B.Tech,60,267,2014,Urban,Yes,Yes
1-44640074292,1-44640074292,U-0672,COLLEGE OF ENGINEERING MUNNAR,Active,Kerala,Idukki,Idukki,P.B.NO.45 COUNTY HILLS MUNNAR,682695,10.842597,76.264007,Government,"APJ Abdul Kalam Technological University, Kerala",Approved,Approved,B++,Yes,,Tier 3,http://www.munnar.ac.in,info@munnar.ac.in,admissions@munnar.ac.in,placement@munnar.ac.in,+91-80-507-4002,Information Technology (IT),M.Tech,9,267,2014,Urban,Yes,Yes
1-44640078158,1-44640078158,U-0672,VISAT ENGINEERING COLLEGE,Active,Kerala,Ernakulam,Ernakulam,"NELLOORUPARA,ELANJI, MUTHOLAPURAM P. O, ERNAKULAM DIST. KERALA. PIN-686665",686665,9.986511,76.281088,Private-Self Financing,"APJ Abdul Kalam Technological University, Kerala",Approved,Approved,B+,No,,Tier 3,http://www.visat.ac.in,info@visat.ac.in,admissions@visat.ac.in,placement@visat.ac.in,+91-80-044-8391,Civil Engineering,B.Tech,30,300,1993,Rural,Yes,No
1-44640078158,1-44640078158,U-0672,VISAT ENGINEERING COLLEGE,Active,Kerala,Ernakulam,Ernakulam,"NELLOORUPARA,ELANJI, MUTHOLAPURAM P. O, ERNAKULAM DIST. KERALA. PIN-686665",686665,9.986511,76.281088,Private-Self Financing,"APJ Abdul Kalam Technological University, Kerala",Approved,Approved,B+,No,,Tier 3,http://www.visat.ac.in,info@visat.ac.in,admissions@visat.ac.in,placement@visat.ac.in,+91-80-044-8391,Computer Science Engineering (CSE),B.Tech,60,300,1993,Rural,Yes,No
1-44640078158,1-44640078158,U-0672,VISAT ENGINEERING COLLEGE,Active,Kerala,Ernakulam,Ernakulam,"NELLOORUPARA,ELANJI, MUTHOLAPURAM P. O, ERNAKULAM DIST. KERALA. PIN-686665",686665,9.986511,76.281088,Private-Self Financing,"APJ Abdul Kalam Technological University, Kerala",Approved,Approved,B+,No,,Tier 3,http://www.visat.ac.in,info@visat.ac.in,admissions@visat.ac.in,placement@visat.ac.in,+91-80-044-8391,Electrical & Electronics Engineering (EEE),B.Tech,30,300,1993,Rural,Yes,No
1-44640078158,1-44640078158,U-0672,VISAT ENGINEERING COLLEGE,Active,Kerala,Ernakulam,Ernakulam,"NELLOORUPARA,ELANJI, MUTHOLAPURAM P. O, ERNAKULAM DIST. KERALA. PIN-686665",686665,9.986511,76.281088,Private-Self Financing,"APJ Abdul Kalam Technological University, Kerala",Approved,Approved,B+,No,,Tier 3,http://www.visat.ac.in,info@visat.ac.in,admissions@visat.ac.in,placement@visat.ac.in,+91-80-044-8391,Electronics & Communication Engineering (ECE),B.Tech,60,300,1993,Rural,Yes,No
1-44640078158,1-44640078158,U-0672,VISAT ENGINEERING COLLEGE,Active,Kerala,Ernakulam,Ernakulam,"NELLOORUPARA,ELANJI, MUTHOLAPURAM P. O, ERNAKULAM DIST. KERALA. PIN-686665",686665,9.986511,76.281088,Private-Self Financing,"APJ Abdul Kalam Technological University, Kerala",Approved,Approved,B+,No,,Tier 3,http://www.visat.ac.in,info@visat.ac.in,admissions@visat.ac.in,placement@visat.ac.in,+91-80-044-8391,Mechanical Engineering,B.Tech,30,300,1993,Rural,Yes,No
1-44640078158,1-44640078158,U-0672,VISAT ENGINEERING COLLEGE,Active,Kerala,Ernakulam,Ernakulam,"NELLOORUPARA,ELANJI, MUTHOLAPURAM P. O, ERNAKULAM DIST. KERALA. PIN-686665",686665,9.986511,76.281088,Private-Self Financing,"APJ Abdul Kalam Technological University, Kerala",Approved,Approved,B+,No,,Tier 3,http://www.visat.ac.in,info@visat.ac.in,admissions@visat.ac.in,placement@visat.ac.in,+91-80-044-8391,Data Science,B.Tech,30,300,1993,Rural,Yes,No
1-44640078158,1-44640078158,U-0672,VISAT ENGINEERING COLLEGE,Active,Kerala,Ernakulam,Ernakulam,"NELLOORUPARA,ELANJI, MUTHOLAPURAM P. O, ERNAKULAM DIST. KERALA. PIN-686665",686665,9.986511,76.281088,Private-Self Financing,"APJ Abdul Kalam Technological University, Kerala",Approved,Approved,B+,No,,Tier 3,http://www.visat.ac.in,info@visat.ac.in,admissions@visat.ac.in,placement@visat.ac.in,+91-80-044-8391,Artificial Intelligence & Machine Learning (AI & ML),B.Tech,60,300,1993,Rural,Yes,No
1-44640168593,1-44640168593,U-0992,COCHIN UNIVERSITY OF SCIENCE AND TECHNOLOGY,Active,Kerala,Ernakulam,Ernakulam,"COCHIN UNIVERSITY OF SCIENCE AND TECHNOLOGY,COCHIN UNIVERSITY P.O., KOCHI-682022",682022,10.001041,76.303233,State Government University,NOT APPLICABLE,Approved,Approved,A,No,,Tier 3,http://www.cochinscience.ac.in,info@cochinscience.ac.in,admissions@cochinscience.ac.in,placement@cochinscience.ac.in,+91-80-654-2613,Computer Science Engineering (CSE),B.Tech,90,933,2019,Urban,No,Yes
1-44640168593,1-44640168593,U-0992,COCHIN UNIVERSITY OF SCIENCE AND TECHNOLOGY,Active,Kerala,Ernakulam,Ernakulam,"COCHIN UNIVERSITY OF SCIENCE AND TECHNOLOGY,COCHIN UNIVERSITY P.O., KOCHI-682022",682022,10.001041,76.303233,State Government University,NOT APPLICABLE,Approved,Approved,A,No,,Tier 3,http://www.cochinscience.ac.in,info@cochinscience.ac.in,admissions@cochinscience.ac.in,placement@cochinscience.ac.in,+91-80-654-2613,Electrical & Electronics Engineering (EEE),B.Tech,60,933,2019,Urban,No,Yes
1-44640168593,1-44640168593,U-0992,COCHIN UNIVERSITY OF SCIENCE AND TECHNOLOGY,Active,Kerala,Ernakulam,Ernakulam,"COCHIN UNIVERSITY OF SCIENCE AND TECHNOLOGY,COCHIN UNIVERSITY P.O., KOCHI-682022",682022,10.001041,76.303233,State Government University,NOT APPLICABLE,Approved,Approved,A,No,,Tier 3,http://www.cochinscience.ac.in,info@cochinscience.ac.in,admissions@cochinscience.ac.in,placement@cochinscience.ac.in,+91-80-654-2613,Other Engineering Branches,M.Tech,149,933,2019,Urban,No,Yes
1-44640168593,1-44640168593,U-0992,COCHIN UNIVERSITY OF SCIENCE AND TECHNOLOGY,Active,Kerala,Ernakulam,Ernakulam,"COCHIN UNIVERSITY OF SCIENCE AND TECHNOLOGY,COCHIN UNIVERSITY P.O., KOCHI-682022",682022,10.001041,76.303233,State Government University,NOT APPLICABLE,Approved,Approved,A,No,,Tier 3,http://www.cochinscience.ac.in,info@cochinscience.ac.in,admissions@cochinscience.ac.in,placement@cochinscience.ac.in,+91-80-654-2613,Other Engineering Branches,B.Tech,220,933,2019,Urban,No,Yes
1-44640168593,1-44640168593,U-0992,COCHIN UNIVERSITY OF SCIENCE AND TECHNOLOGY,Active,Kerala,Ernakulam,Ernakulam,"COCHIN UNIVERSITY OF SCIENCE AND TECHNOLOGY,COCHIN UNIVERSITY P.O., KOCHI-682022",682022,10.001041,76.303233,State Government University,NOT APPLICABLE,Approved,Approved,A,No,,Tier 3,http://www.cochinscience.ac.in,info@cochinscience.ac.in,admissions@cochinscience.ac.in,placement@cochinscience.ac.in,+91-80-654-2613,Civil Engineering,B.Tech,90,933,2019,Urban,No,Yes
1-44640168593,1-44640168593,U-0992,COCHIN UNIVERSITY OF SCIENCE AND TECHNOLOGY,Active,Kerala,Ernakulam,Ernakulam,"COCHIN UNIVERSITY OF SCIENCE AND TECHNOLOGY,COCHIN UNIVERSITY P.O., KOCHI-682022",682022,10.001041,76.303233,State Government University,NOT APPLICABLE,Approved,Approved,A,No,,Tier 3,http://www.cochinscience.ac.in,info@cochinscience.ac.in,admissions@cochinscience.ac.in,placement@cochinscience.ac.in,+91-80-654-2613,Information Technology (IT),B.Tech,90,933,2019,Urban,No,Yes
1-44640168593,1-44640168593,U-0992,COCHIN UNIVERSITY OF SCIENCE AND TECHNOLOGY,Active,Kerala,Ernakulam,Ernakulam,"COCHIN UNIVERSITY OF SCIENCE AND TECHNOLOGY,COCHIN UNIVERSITY P.O., KOCHI-682022",682022,10.001041,76.303233,State Government University,NOT APPLICABLE,Approved,Approved,A,No,,Tier 3,http://www.cochinscience.ac.in,info@cochinscience.ac.in,admissions@cochinscience.ac.in,placement@cochinscience.ac.in,+91-80-654-2613,Mechanical Engineering,B.Tech,90,933,2019,Urban,No,Yes
1-44640168593,1-44640168593,U-0992,COCHIN UNIVERSITY OF SCIENCE AND TECHNOLOGY,Active,Kerala,Ernakulam,Ernakulam,"COCHIN UNIVERSITY OF SCIENCE AND TECHNOLOGY,COCHIN UNIVERSITY P.O., KOCHI-682022",682022,10.001041,76.303233,State Government University,NOT APPLICABLE,Approved,Approved,A,No,,Tier 3,http://www.cochinscience.ac.in,info@cochinscience.ac.in,admissions@cochinscience.ac.in,placement@cochinscience.ac.in,+91-80-654-2613,Mechanical Engineering,M.Tech,18,933,2019,Urban,No,Yes
1-44640168593,1-44640168593,U-0992,COCHIN UNIVERSITY OF SCIENCE AND TECHNOLOGY,Active,Kerala,Ernakulam,Ernakulam,"COCHIN UNIVERSITY OF SCIENCE AND TECHNOLOGY,COCHIN UNIVERSITY P.O., KOCHI-682022",682022,10.001041,76.303233,State Government University,NOT APPLICABLE,Approved,Approved,A,No,,Tier 3,http://www.cochinscience.ac.in,info@cochinscience.ac.in,admissions@cochinscience.ac.in,placement@cochinscience.ac.in,+91-80-654-2613,Electronics & Communication Engineering (ECE),B.Tech,90,933,2019,Urban,No,Yes
1-44640168593,1-44640168593,U-0992,COCHIN UNIVERSITY OF SCIENCE AND TECHNOLOGY,Active,Kerala,Ernakulam,Ernakulam,"COCHIN UNIVERSITY OF SCIENCE AND TECHNOLOGY,COCHIN UNIVERSITY P.O., KOCHI-682022",682022,10.001041,76.303233,State Government University,NOT APPLICABLE,Approved,Approved,A,No,,Tier 3,http://www.cochinscience.ac.in,info@cochinscience.ac.in,admissions@cochinscience.ac.in,placement@cochinscience.ac.in,+91-80-654-2613,Cyber Security,M.Tech,18,933,2019,Urban,No,Yes
1-44640168593,1-44640168593,U-0992,COCHIN UNIVERSITY OF SCIENCE AND TECHNOLOGY,Active,Kerala,Ernakulam,Ernakulam,"COCHIN UNIVERSITY OF SCIENCE AND TECHNOLOGY,COCHIN UNIVERSITY P.O., KOCHI-682022",682022,10.001041,76.303233,State Government University,NOT APPLICABLE,Approved,Approved,A,No,,Tier 3,http://www.cochinscience.ac.in,info@cochinscience.ac.in,admissions@cochinscience.ac.in,placement@cochinscience.ac.in,+91-80-654-2613,Information Technology (IT),M.Tech,18,933,2019,Urban,No,Yes
1-44639459888,1-44639459888,U-0294,NSS POLYTECHNIC COLLEGE,Active,Kerala,Pathanamthitta,Pathanamthitta,MANNAM NAGAR PANDALAM KERALA,682000,10.834503,76.280931,Govt aided,Directorate of Technical Education,Approved,Approved,A+,No,,Tier 3,http://www.nss.ac.in,info@nss.ac.in,admissions@nss.ac.in,placement@nss.ac.in,+91-80-167-9038,Civil Engineering,Diploma,60,300,2002,Rural,Yes,Yes
1-44639459888,1-44639459888,U-0294,NSS POLYTECHNIC COLLEGE,Active,Kerala,Pathanamthitta,Pathanamthitta,MANNAM NAGAR PANDALAM KERALA,682000,10.834503,76.280931,Govt aided,Directorate of Technical Education,Approved,Approved,A+,No,,Tier 3,http://www.nss.ac.in,info@nss.ac.in,admissions@nss.ac.in,placement@nss.ac.in,+91-80-167-9038,Mechanical Engineering,Diploma,60,300,2002,Rural,Yes,Yes
1-44639459888,1-44639459888,U-0294,NSS POLYTECHNIC COLLEGE,Active,Kerala,Pathanamthitta,Pathanamthitta,MANNAM NAGAR PANDALAM KERALA,682000,10.834503,76.280931,Govt aided,Directorate of Technical Education,Approved,Approved,A+,No,,Tier 3,http://www.nss.ac.in,info@nss.ac.in,admissions@nss.ac.in,placement@nss.ac.in,+91-80-167-9038,Computer Science Engineering (CSE),Diploma,60,300,2002,Rural,Yes,Yes
1-44639459888,1-44639459888,U-0294,NSS POLYTECHNIC COLLEGE,Active,Kerala,Pathanamthitta,Pathanamthitta,MANNAM NAGAR PANDALAM KERALA,682000,10.834503,76.280931,Govt aided,Directorate of Technical Education,Approved,Approved,A+,No,,Tier 3,http://www.nss.ac.in,info@nss.ac.in,admissions@nss.ac.in,placement@nss.ac.in,+91-80-167-9038,Electronics & Communication Engineering (ECE),Diploma,60,300,2002,Rural,Yes,Yes
1-44639459888,1-44639459888,U-0294,NSS POLYTECHNIC COLLEGE,Active,Kerala,Pathanamthitta,Pathanamthitta,MANNAM NAGAR PANDALAM KERALA,682000,10.834503,76.280931,Govt aided,Directorate of Technical Education,Approved,Approved,A+,No,,Tier 3,http://www.nss.ac.in,info@nss.ac.in,admissions@nss.ac.in,placement@nss.ac.in,+91-80-167-9038,Electrical & Electronics Engineering (EEE),Diploma,60,300,2002,Rural,Yes,Yes
1-44640001690,1-44640001690,U-0672,TRINITY COLLEGE OF ENGINEERING,Active,Kerala,Thiruvananthapuram,Thiruvananthapuram,TRINITY HILL POOVADA NARUVAMOODU.P.O. TRIVANDRUM PIN 695020,695020,8.536081,76.942794,Private-Self Financing,"APJ Abdul Kalam Technological University, Kerala",Approved,Approved,B+,No,,Tier 3,http://www.trinity.ac.in,info@trinity.ac.in,admissions@trinity.ac.in,placement@trinity.ac.in,+91-80-341-3799,Civil Engineering,B.Tech,30,150,1986,Rural,No,Yes
1-44640001690,1-44640001690,U-0672,TRINITY COLLEGE OF ENGINEERING,Active,Kerala,Thiruvananthapuram,Thiruvananthapuram,TRINITY HILL POOVADA NARUVAMOODU.P.O. TRIVANDRUM PIN 695020,695020,8.536081,76.942794,Private-Self Financing,"APJ Abdul Kalam Technological University, Kerala",Approved,Approved,B+,No,,Tier 3,http://www.trinity.ac.in,info@trinity.ac.in,admissions@trinity.ac.in,placement@trinity.ac.in,+91-80-341-3799,Electronics & Communication Engineering (ECE),B.Tech,30,150,1986,Rural,No,Yes
1-44640001690,1-44640001690,U-0672,TRINITY COLLEGE OF ENGINEERING,Active,Kerala,Thiruvananthapuram,Thiruvananthapuram,TRINITY HILL POOVADA NARUVAMOODU.P.O. TRIVANDRUM PIN 695020,695020,8.536081,76.942794,Private-Self Financing,"APJ Abdul Kalam Technological University, Kerala",Approved,Approved,B+,No,,Tier 3,http://www.trinity.ac.in,info@trinity.ac.in,admissions@trinity.ac.in,placement@trinity.ac.in,+91-80-341-3799,Electrical & Electronics Engineering (EEE),B.Tech,30,150,1986,Rural,No,Yes
1-44640001690,1-44640001690,U-0672,TRINITY COLLEGE OF ENGINEERING,Active,Kerala,Thiruvananthapuram,Thiruvananthapuram,TRINITY HILL POOVADA NARUVAMOODU.P.O. TRIVANDRUM PIN 695020,695020,8.536081,76.942794,Private-Self Financing,"APJ Abdul Kalam Technological University, Kerala",Approved,Approved,B+,No,,Tier 3,http://www.trinity.ac.in,info@trinity.ac.in,admissions@trinity.ac.in,placement@trinity.ac.in,+91-80-341-3799,Mechanical Engineering,B.Tech,30,150,1986,Rural,No,Yes
1-44640001690,1-44640001690,U-0672,TRINITY COLLEGE OF ENGINEERING,Active,Kerala,Thiruvananthapuram,Thiruvananthapuram,TRINITY HILL POOVADA NARUVAMOODU.P.O. TRIVANDRUM PIN 695020,695020,8.536081,76.942794,Private-Self Financing,"APJ Abdul Kalam Technological University, Kerala",Approved,Approved,B+,No,,Tier 3,http://www.trinity.ac.in,info@trinity.ac.in,admissions@trinity.ac.in,placement@trinity.ac.in,+91-80-341-3799,Cyber Security,B.Tech,30,150,1986,Rural,No,Yes
1-44640059718,1-44640059718,U-0317,GOVERNMENT POLYTECHNIC COLLEGE,Active,Kerala,Kottayam,Kottayam,KANATTUPARA PALA.P.O,682045,9.581925,76.529692,Government,"Board of Technical Examination, Kerala",Approved,Approved,B,No,,Tier 3,http://www.inst6916.ac.in,info@inst6916.ac.in,admissions@inst6916.ac.in,placement@inst6916.ac.in,+91-80-433-0671,Computer Science Engineering (CSE),Diploma,60,240,2005,Urban,Yes,Yes
1-44640059718,1-44640059718,U-0317,GOVERNMENT POLYTECHNIC COLLEGE,Active,Kerala,Kottayam,Kottayam,KANATTUPARA PALA.P.O,682045,9.581925,76.529692,Government,"Board of Technical Examination, Kerala",Approved,Approved,B,No,,Tier 3,http://www.inst6916.ac.in,info@inst6916.ac.in,admissions@inst6916.ac.in,placement@inst6916.ac.in,+91-80-433-0671,Other Engineering Branches,Diploma,120,240,2005,Urban,Yes,Yes
1-44640059718,1-44640059718,U-0317,GOVERNMENT POLYTECHNIC COLLEGE,Active,Kerala,Kottayam,Kottayam,KANATTUPARA PALA.P.O,682045,9.581925,76.529692,Government,"Board of Technical Examination, Kerala",Approved,Approved,B,No,,Tier 3,http://www.inst6916.ac.in,info@inst6916.ac.in,admissions@inst6916.ac.in,placement@inst6916.ac.in,+91-80-433-0671,Electrical & Electronics Engineering (EEE),Diploma,60,240,2005,Urban,Yes,Yes
1-44640079344,1-44640079344,U-0317,"GOVERMENT POLYTECHNIC COLLEGE, CHELAKKARA",Active,Kerala,Thrissur,Thrissur,CHELAKKARA THONOORKKARA P.O,682330,10.522769,76.209306,Government,"Board of Technical Examination, Kerala",Approved,Approved,B,No,,Tier 3,http://www.govermentchelakkara.ac.in,info@govermentchelakkara.ac.in,admissions@govermentchelakkara.ac.in,placement@govermentchelakkara.ac.in,+91-80-636-2207,Other Engineering Branches,Diploma,120,300,1985,Rural,Yes,Yes
1-44640079344,1-44640079344,U-0317,"GOVERMENT POLYTECHNIC COLLEGE, CHELAKKARA",Active,Kerala,Thrissur,Thrissur,CHELAKKARA THONOORKKARA P.O,682330,10.522769,76.209306,Government,"Board of Technical Examination, Kerala",Approved,Approved,B,No,,Tier 3,http://www.govermentchelakkara.ac.in,info@govermentchelakkara.ac.in,admissions@govermentchelakkara.ac.in,placement@govermentchelakkara.ac.in,+91-80-636-2207,Computer Science Engineering (CSE),Diploma,60,300,1985,Rural,Yes,Yes
1-44640079344,1-44640079344,U-0317,"GOVERMENT POLYTECHNIC COLLEGE, CHELAKKARA",Active,Kerala,Thrissur,Thrissur,CHELAKKARA THONOORKKARA P.O,682330,10.522769,76.209306,Government,"Board of Technical Examination, Kerala",Approved,Approved,B,No,,Tier 3,http://www.govermentchelakkara.ac.in,info@govermentchelakkara.ac.in,admissions@govermentchelakkara.ac.in,placement@govermentchelakkara.ac.in,+91-80-636-2207,Mechanical Engineering,Diploma,60,300,1985,Rural,Yes,Yes
1-44640079344,1-44640079344,U-0317,"GOVERMENT POLYTECHNIC COLLEGE, CHELAKKARA",Active,Kerala,Thrissur,Thrissur,CHELAKKARA THONOORKKARA P.O,682330,10.522769,76.209306,Government,"Board of Technical Examination, Kerala",Approved,Approved,B,No,,Tier 3,http://www.govermentchelakkara.ac.in,info@govermentchelakkara.ac.in,admissions@govermentchelakkara.ac.in,placement@govermentchelakkara.ac.in,+91-80-636-2207,Civil Engineering,Diploma,60,300,1985,Rural,Yes,Yes
1-44639830960,1-44639830960,U-0672,MES INSTITUTE OF TECHNOLOGY & MANAGEMENT,Active,Kerala,Kollam,Kollam,CHATHANNOOR PO KOLLAM,682952,8.910824,76.612909,Private-Self Financing,"APJ Abdul Kalam Technological University, Kerala",Approved,Approved,B,Yes,,Tier 3,http://www.mesmanagement.ac.in,info@mesmanagement.ac.in,admissions@mesmanagement.ac.in,placement@mesmanagement.ac.in,+91-80-578-0472,Electronics & Communication Engineering (ECE),B.Tech,30,288,2005,Urban,No,Yes
1-44639830960,1-44639830960,U-0672,MES INSTITUTE OF TECHNOLOGY & MANAGEMENT,Active,Kerala,Kollam,Kollam,CHATHANNOOR PO KOLLAM,682952,8.910824,76.612909,Private-Self Financing,"APJ Abdul Kalam Technological University, Kerala",Approved,Approved,B,Yes,,Tier 3,http://www.mesmanagement.ac.in,info@mesmanagement.ac.in,admissions@mesmanagement.ac.in,placement@mesmanagement.ac.in,+91-80-578-0472,Civil Engineering,B.Tech,54,288,2005,Urban,No,Yes
1-44639830960,1-44639830960,U-0672,MES INSTITUTE OF TECHNOLOGY & MANAGEMENT,Active,Kerala,Kollam,Kollam,CHATHANNOOR PO KOLLAM,682952,8.910824,76.612909,Private-Self Financing,"APJ Abdul Kalam Technological University, Kerala",Approved,Approved,B,Yes,,Tier 3,http://www.mesmanagement.ac.in,info@mesmanagement.ac.in,admissions@mesmanagement.ac.in,placement@mesmanagement.ac.in,+91-80-578-0472,Electrical & Electronics Engineering (EEE),B.Tech,30,288,2005,Urban,No,Yes
1-44639830960,1-44639830960,U-0672,MES INSTITUTE OF TECHNOLOGY & MANAGEMENT,Active,Kerala,Kollam,Kollam,CHATHANNOOR PO KOLLAM,682952,8.910824,76.612909,Private-Self Financing,"APJ Abdul Kalam Technological University, Kerala",Approved,Approved,B,Yes,,Tier 3,http://www.mesmanagement.ac.in,info@mesmanagement.ac.in,admissions@mesmanagement.ac.in,placement@mesmanagement.ac.in,+91-80-578-0472,Computer Science Engineering (CSE),B.Tech,120,288,2005,Urban,No,Yes
1-44639830960,1-44639830960,U-0672,MES INSTITUTE OF TECHNOLOGY & MANAGEMENT,Active,Kerala,Kollam,Kollam,CHATHANNOOR PO KOLLAM,682952,8.910824,76.612909,Private-Self Financing,"APJ Abdul Kalam Technological University, Kerala",Approved,Approved,B,Yes,,Tier 3,http://www.mesmanagement.ac.in,info@mesmanagement.ac.in,admissions@mesmanagement.ac.in,placement@mesmanagement.ac.in,+91-80-578-0472,Mechanical Engineering,B.Tech,54,288,2005,Urban,No,Yes
1-44640065799,1-44640065799,U-0317,"MODEL POLYTECHNIC COLLEGE,VADAKARA",Active,Kerala,Kozhikode,Kozhikode,"CHERUSSERY ROAD, NUT STREET P.O, VADAKARA",682606,11.247302,75.762395,Government,"Board of Technical Examination, Kerala",Approved,Approved,A+,Yes,,Tier 2,http://www.modelcollegevadakara.ac.in,info@modelcollegevadakara.ac.in,admissions@modelcollegevadakara.ac.in,placement@modelcollegevadakara.ac.in,+91-80-356-6092,Other Engineering Branches,Diploma,180,300,1990,Urban,Yes,Yes
1-44640065799,1-44640065799,U-0317,"MODEL POLYTECHNIC COLLEGE,VADAKARA",Active,Kerala,Kozhikode,Kozhikode,"CHERUSSERY ROAD, NUT STREET P.O, VADAKARA",682606,11.247302,75.762395,Government,"Board of Technical Examination, Kerala",Approved,Approved,A+,Yes,,Tier 2,http://www.modelcollegevadakara.ac.in,info@modelcollegevadakara.ac.in,admissions@modelcollegevadakara.ac.in,placement@modelcollegevadakara.ac.in,+91-80-356-6092,Electrical & Electronics Engineering (EEE),Diploma,60,300,1990,Urban,Yes,Yes
1-44640065799,1-44640065799,U-0317,"MODEL POLYTECHNIC COLLEGE,VADAKARA",Active,Kerala,Kozhikode,Kozhikode,"CHERUSSERY ROAD, NUT STREET P.O, VADAKARA",682606,11.247302,75.762395,Government,"Board of Technical Examination, Kerala",Approved,Approved,A+,Yes,,Tier 2,http://www.modelcollegevadakara.ac.in,info@modelcollegevadakara.ac.in,admissions@modelcollegevadakara.ac.in,placement@modelcollegevadakara.ac.in,+91-80-356-6092,Computer Science Engineering (CSE),Diploma,60,300,1990,Urban,Yes,Yes
1-44640153837,1-44640153837,U-0672,UNIVERSITY COLLEGE OF ENGINEERING.,Active,Kerala,Idukki,Idukki,UNIVERSITY COLLEGE OF ENGINEERNG MUTTOM P.O. THODUPUZPHA IDUKKI (DIST) KERALA PIN 685 587,682695,10.868346,76.274671,Government,"APJ Abdul Kalam Technological University, Kerala",Approved,Approved,B++,Yes,,Tier 3,http://www.inst2006.ac.in,info@inst2006.ac.in,admissions@inst2006.ac.in,placement@inst2006.ac.in,+91-80-587-3686,Electrical & Electronics Engineering (EEE),B.Tech,60,360,1985,Rural,Yes,Yes
1-44640153837,1-44640153837,U-0672,UNIVERSITY COLLEGE OF ENGINEERING.,Active,Kerala,Idukki,Idukki,UNIVERSITY COLLEGE OF ENGINEERNG MUTTOM P.O. THODUPUZPHA IDUKKI (DIST) KERALA PIN 685 587,682695,10.868346,76.274671,Government,"APJ Abdul Kalam Technological University, Kerala",Approved,Approved,B++,Yes,,Tier 3,http://www.inst2006.ac.in,info@inst2006.ac.in,admissions@inst2006.ac.in,placement@inst2006.ac.in,+91-80-587-3686,Computer Science Engineering (CSE),B.Tech,60,360,1985,Rural,Yes,Yes
1-44640153837,1-44640153837,U-0672,UNIVERSITY COLLEGE OF ENGINEERING.,Active,Kerala,Idukki,Idukki,UNIVERSITY COLLEGE OF ENGINEERNG MUTTOM P.O. THODUPUZPHA IDUKKI (DIST) KERALA PIN 685 587,682695,10.868346,76.274671,Government,"APJ Abdul Kalam Technological University, Kerala",Approved,Approved,B++,Yes,,Tier 3,http://www.inst2006.ac.in,info@inst2006.ac.in,admissions@inst2006.ac.in,placement@inst2006.ac.in,+91-80-587-3686,Other Engineering Branches,B.Tech,60,360,1985,Rural,Yes,Yes
1-44640153837,1-44640153837,U-0672,UNIVERSITY COLLEGE OF ENGINEERING.,Active,Kerala,Idukki,Idukki,UNIVERSITY COLLEGE OF ENGINEERNG MUTTOM P.O. THODUPUZPHA IDUKKI (DIST) KERALA PIN 685 587,682695,10.868346,76.274671,Government,"APJ Abdul Kalam Technological University, Kerala",Approved,Approved,B++,Yes,,Tier 3,http://www.inst2006.ac.in,info@inst2006.ac.in,admissions@inst2006.ac.in,placement@inst2006.ac.in,+91-80-587-3686,Electronics & Communication Engineering (ECE),B.Tech,60,360,1985,Rural,Yes,Yes
1-44640153837,1-44640153837,U-0672,UNIVERSITY COLLEGE OF ENGINEERING.,Active,Kerala,Idukki,Idukki,UNIVERSITY COLLEGE OF ENGINEERNG MUTTOM P.O. THODUPUZPHA IDUKKI (DIST) KERALA PIN 685 587,682695,10.868346,76.274671,Government,"APJ Abdul Kalam Technological University, Kerala",Approved,Approved,B++,Yes,,Tier 3,http://www.inst2006.ac.in,info@inst2006.ac.in,admissions@inst2006.ac.in,placement@inst2006.ac.in,+91-80-587-3686,Cyber Security,B.Tech,60,360,1985,Rural,Yes,Yes
1-44640153837,1-44640153837,U-0672,UNIVERSITY COLLEGE OF ENGINEERING.,Active,Kerala,Idukki,Idukki,UNIVERSITY COLLEGE OF ENGINEERNG MUTTOM P.O. THODUPUZPHA IDUKKI (DIST) KERALA PIN 685 587,682695,10.868346,76.274671,Government,"APJ Abdul Kalam Technological University, Kerala",Approved,Approved,B++,Yes,,Tier 3,http://www.inst2006.ac.in,info@inst2006.ac.in,admissions@inst2006.ac.in,placement@inst2006.ac.in,+91-80-587-3686,Data Science,B.Tech,60,360,1985,Rural,Yes,Yes
1-44639854498,1-44639854498,U-0317,"RESIDENTIAL WOMEN'S POLYTECHNIC COLLEGE, PAYYANUR",Active,Kerala,Kannur,Kannur,KOROM P.O PAYYANUR,682328,10.859348,76.283421,Government,"Board of Technical Examination, Kerala",Approved,Approved,B++,Yes,,Tier 3,http://www.residentialpayyanur.ac.in,info@residentialpayyanur.ac.in,admissions@residentialpayyanur.ac.in,placement@residentialpayyanur.ac.in,+91-80-209-9790,Computer Science Engineering (CSE),Diploma,60,230,2010,Urban,Yes,Yes
1-44639854498,1-44639854498,U-0317,"RESIDENTIAL WOMEN'S POLYTECHNIC COLLEGE, PAYYANUR",Active,Kerala,Kannur,Kannur,KOROM P.O PAYYANUR,682328,10.859348,76.283421,Government,"Board of Technical Examination, Kerala",Approved,Approved,B++,Yes,,Tier 3,http://www.residentialpayyanur.ac.in,info@residentialpayyanur.ac.in,admissions@residentialpayyanur.ac.in,placement@residentialpayyanur.ac.in,+91-80-209-9790,Electronics & Communication Engineering (ECE),Diploma,60,230,2010,Urban,Yes,Yes
1-44639854498,1-44639854498,U-0317,"RESIDENTIAL WOMEN'S POLYTECHNIC COLLEGE, PAYYANUR",Active,Kerala,Kannur,Kannur,KOROM P.O PAYYANUR,682328,10.859348,76.283421,Government,"Board of Technical Examination, Kerala",Approved,Approved,B++,Yes,,Tier 3,http://www.residentialpayyanur.ac.in,info@residentialpayyanur.ac.in,admissions@residentialpayyanur.ac.in,placement@residentialpayyanur.ac.in,+91-80-209-9790,Other Engineering Branches,Diploma,110,230,2010,Urban,Yes,Yes
1-44639856711,1-44639856711,U-0672,GOVERNMENT COLLEGE OF ENGINEERING KANNUR,Active,Kerala,Kannur,Kannur,PARASSINIKADAVU P.O KANNUR KERALA,682328,10.835587,76.288784,Government,"APJ Abdul Kalam Technological University, Kerala",Approved,Approved,A,No,,Tier 2,http://www.kannur.ac.in,info@kannur.ac.in,admissions@kannur.ac.in,placement@kannur.ac.in,+91-80-213-4001,Civil Engineering,B.Tech,60,492,1984,Urban,Yes,No
1-44639856711,1-44639856711,U-0672,GOVERNMENT COLLEGE OF ENGINEERING KANNUR,Active,Kerala,Kannur,Kannur,PARASSINIKADAVU P.O KANNUR KERALA,682328,10.835587,76.288784,Government,"APJ Abdul Kalam Technological University, Kerala",Approved,Approved,A,No,,Tier 2,http://www.kannur.ac.in,info@kannur.ac.in,admissions@kannur.ac.in,placement@kannur.ac.in,+91-80-213-4001,Computer Science Engineering (CSE),B.Tech,60,492,1984,Urban,Yes,No
1-44639856711,1-44639856711,U-0672,GOVERNMENT COLLEGE OF ENGINEERING KANNUR,Active,Kerala,Kannur,Kannur,PARASSINIKADAVU P.O KANNUR KERALA,682328,10.835587,76.288784,Government,"APJ Abdul Kalam Technological University, Kerala",Approved,Approved,A,No,,Tier 2,http://www.kannur.ac.in,info@kannur.ac.in,admissions@kannur.ac.in,placement@kannur.ac.in,+91-80-213-4001,Electrical & Electronics Engineering (EEE),B.Tech,60,492,1984,Urban,Yes,No
1-44639856711,1-44639856711,U-0672,GOVERNMENT COLLEGE OF ENGINEERING KANNUR,Active,Kerala,Kannur,Kannur,PARASSINIKADAVU P.O KANNUR KERALA,682328,10.835587,76.288784,Government,"APJ Abdul Kalam Technological University, Kerala",Approved,Approved,A,No,,Tier 2,http://www.kannur.ac.in,info@kannur.ac.in,admissions@kannur.ac.in,placement@kannur.ac.in,+91-80-213-4001,Electronics & Communication Engineering (ECE),B.Tech,90,492,1984,Urban,Yes,No
1-44639856711,1-44639856711,U-0672,GOVERNMENT COLLEGE OF ENGINEERING KANNUR,Active,Kerala,Kannur,Kannur,PARASSINIKADAVU P.O KANNUR KERALA,682328,10.835587,76.288784,Government,"APJ Abdul Kalam Technological University, Kerala",Approved,Approved,A,No,,Tier 2,http://www.kannur.ac.in,info@kannur.ac.in,admissions@kannur.ac.in,placement@kannur.ac.in,+91-80-213-4001,Mechanical Engineering,B.Tech,60,492,1984,Urban,Yes,No
1-44639856711,1-44639856711,U-0672,GOVERNMENT COLLEGE OF ENGINEERING KANNUR,Active,Kerala,Kannur,Kannur,PARASSINIKADAVU P.O KANNUR KERALA,682328,10.835587,76.288784,Government,"APJ Abdul Kalam Technological University, Kerala",Approved,Approved,A,No,,Tier 2,http://www.kannur.ac.in,info@kannur.ac.in,admissions@kannur.ac.in,placement@kannur.ac.in,+91-80-213-4001,Other Engineering Branches,M.Tech,102,492,1984,Urban,Yes,No
1-44639856711,1-44639856711,U-0672,GOVERNMENT COLLEGE OF ENGINEERING KANNUR,Active,Kerala,Kannur,Kannur,PARASSINIKADAVU P.O KANNUR KERALA,682328,10.835587,76.288784,Government,"APJ Abdul Kalam Technological University, Kerala",Approved,Approved,A,No,,Tier 2,http://www.kannur.ac.in,info@kannur.ac.in,admissions@kannur.ac.in,placement@kannur.ac.in,+91-80-213-4001,Mechanical Engineering,M.Tech,12,492,1984,Urban,Yes,No
1-44639856711,1-44639856711,U-0672,GOVERNMENT COLLEGE OF ENGINEERING KANNUR,Active,Kerala,Kannur,Kannur,PARASSINIKADAVU P.O KANNUR KERALA,682328,10.835587,76.288784,Government,"APJ Abdul Kalam Technological University, Kerala",Approved,Approved,A,No,,Tier 2,http://www.kannur.ac.in,info@kannur.ac.in,admissions@kannur.ac.in,placement@kannur.ac.in,+91-80-213-4001,IoT,M.Tech,18,492,1984,Urban,Yes,No
1-44639856711,1-44639856711,U-0672,GOVERNMENT COLLEGE OF ENGINEERING KANNUR,Active,Kerala,Kannur,Kannur,PARASSINIKADAVU P.O KANNUR KERALA,682328,10.835587,76.288784,Government,"APJ Abdul Kalam Technological University, Kerala",Approved,Approved,A,No,,Tier 2,http://www.kannur.ac.in,info@kannur.ac.in,admissions@kannur.ac.in,placement@kannur.ac.in,+91-80-213-4001,Data Science,M.Tech,18,492,1984,Urban,Yes,No
1-44639856711,1-44639856711,U-0672,GOVERNMENT COLLEGE OF ENGINEERING KANNUR,Active,Kerala,Kannur,Kannur,PARASSINIKADAVU P.O KANNUR KERALA,682328,10.835587,76.288784,Government,"APJ Abdul Kalam Technological University, Kerala",Approved,Approved,A,No,,Tier 2,http://www.kannur.ac.in,info@kannur.ac.in,admissions@kannur.ac.in,placement@kannur.ac.in,+91-80-213-4001,Robotics,M.Tech,12,492,1984,Urban,Yes,No
1-44639882432,1-44639882432,U-0294,"GOVERNMENT POLYTECHNIC COLLEGE, KALAMASRERY",Active,Kerala,Ernakulam,Ernakulam,HMT JUNCTION KALAMASSERRY,682234,9.98614,76.306197,Government,Directorate of Technical Education,Approved,Approved,A+,Yes,,Tier 2,http://www.kalamasrery.ac.in,info@kalamasrery.ac.in,admissions@kalamasrery.ac.in,placement@kalamasrery.ac.in,+91-80-029-2648,Automobile Engineering,Diploma,60,430,1998,Urban,Yes,Yes
1-44639882432,1-44639882432,U-0294,"GOVERNMENT POLYTECHNIC COLLEGE, KALAMASRERY",Active,Kerala,Ernakulam,Ernakulam,HMT JUNCTION KALAMASSERRY,682234,9.98614,76.306197,Government,Directorate of Technical Education,Approved,Approved,A+,Yes,,Tier 2,http://www.kalamasrery.ac.in,info@kalamasrery.ac.in,admissions@kalamasrery.ac.in,placement@kalamasrery.ac.in,+91-80-029-2648,Chemical Engineering,Diploma,60,430,1998,Urban,Yes,Yes
1-44639882432,1-44639882432,U-0294,"GOVERNMENT POLYTECHNIC COLLEGE, KALAMASRERY",Active,Kerala,Ernakulam,Ernakulam,HMT JUNCTION KALAMASSERRY,682234,9.98614,76.306197,Government,Directorate of Technical Education,Approved,Approved,A+,Yes,,Tier 2,http://www.kalamasrery.ac.in,info@kalamasrery.ac.in,admissions@kalamasrery.ac.in,placement@kalamasrery.ac.in,+91-80-029-2648,Civil Engineering,Diploma,70,430,1998,Urban,Yes,Yes
1-44639882432,1-44639882432,U-0294,"GOVERNMENT POLYTECHNIC COLLEGE, KALAMASRERY",Active,Kerala,Ernakulam,Ernakulam,HMT JUNCTION KALAMASSERRY,682234,9.98614,76.306197,Government,Directorate of Technical Education,Approved,Approved,A+,Yes,,Tier 2,http://www.kalamasrery.ac.in,info@kalamasrery.ac.in,admissions@kalamasrery.ac.in,placement@kalamasrery.ac.in,+91-80-029-2648,Computer Science Engineering (CSE),Diploma,60,430,1998,Urban,Yes,Yes
1-44639882432,1-44639882432,U-0294,"GOVERNMENT POLYTECHNIC COLLEGE, KALAMASRERY",Active,Kerala,Ernakulam,Ernakulam,HMT JUNCTION KALAMASSERRY,682234,9.98614,76.306197,Government,Directorate of Technical Education,Approved,Approved,A+,Yes,,Tier 2,http://www.kalamasrery.ac.in,info@kalamasrery.ac.in,admissions@kalamasrery.ac.in,placement@kalamasrery.ac.in,+91-80-029-2648,Electrical & Electronics Engineering (EEE),Diploma,60,430,1998,Urban,Yes,Yes
1-44639882432,1-44639882432,U-0294,"GOVERNMENT POLYTECHNIC COLLEGE, KALAMASRERY",Active,Kerala,Ernakulam,Ernakulam,HMT JUNCTION KALAMASSERRY,682234,9.98614,76.306197,Government,Directorate of Technical Education,Approved,Approved,A+,Yes,,Tier 2,http://www.kalamasrery.ac.in,info@kalamasrery.ac.in,admissions@kalamasrery.ac.in,placement@kalamasrery.ac.in,+91-80-029-2648,Electronics & Communication Engineering (ECE),Diploma,60,430,1998,Urban,Yes,Yes
1-44639882432,1-44639882432,U-0294,"GOVERNMENT POLYTECHNIC COLLEGE, KALAMASRERY",Active,Kerala,Ernakulam,Ernakulam,HMT JUNCTION KALAMASSERRY,682234,9.98614,76.306197,Government,Directorate of Technical Education,Approved,Approved,A+,Yes,,Tier 2,http://www.kalamasrery.ac.in,info@kalamasrery.ac.in,admissions@kalamasrery.ac.in,placement@kalamasrery.ac.in,+91-80-029-2648,Mechanical Engineering,Diploma,60,430,1998,Urban,Yes,Yes
1-44639468982,1-44639468982,U-0317,GOVT PLOYTECHNIC COLLEGE,Active,Kerala,Idukki,Idukki,MANJAPETTY NEDUMKANDAM IIDUKKI DIST KERLALA,682695,10.848277,76.271343,Government,"Board of Technical Examination, Kerala",Approved,Approved,A,No,,Tier 2,http://www.govtploytechnic.ac.in,info@govtploytechnic.ac.in,admissions@govtploytechnic.ac.in,placement@govtploytechnic.ac.in,+91-80-745-6385,Computer Science Engineering (CSE),Diploma,60,180,1994,Rural,No,Yes
1-44639468982,1-44639468982,U-0317,GOVT PLOYTECHNIC COLLEGE,Active,Kerala,Idukki,Idukki,MANJAPETTY NEDUMKANDAM IIDUKKI DIST KERLALA,682695,10.848277,76.271343,Government,"Board of Technical Examination, Kerala",Approved,Approved,A,No,,Tier 2,http://www.govtploytechnic.ac.in,info@govtploytechnic.ac.in,admissions@govtploytechnic.ac.in,placement@govtploytechnic.ac.in,+91-80-745-6385,Other Engineering Branches,Diploma,120,180,1994,Rural,No,Yes
1-44640145632,1-44640145632,U-0672,SREE NARAYANA INSTITUTE OF TECHNOLOGY,Active,Kerala,Pathanamthitta,Pathanamthitta,"THEPPUPARA, EZHAMKULAM",682000,10.830678,76.274219,Private-Self Financing,"APJ Abdul Kalam Technological University, Kerala",Approved,Approved,B+,No,,Tier 3,http://www.sreenarayana.ac.in,info@sreenarayana.ac.in,admissions@sreenarayana.ac.in,placement@sreenarayana.ac.in,+91-80-007-4643,Other Engineering Branches,M.Tech,18,738,1998,Rural,No,Yes
1-44640145632,1-44640145632,U-0672,SREE NARAYANA INSTITUTE OF TECHNOLOGY,Active,Kerala,Pathanamthitta,Pathanamthitta,"THEPPUPARA, EZHAMKULAM",682000,10.830678,76.274219,Private-Self Financing,"APJ Abdul Kalam Technological University, Kerala",Approved,Approved,B+,No,,Tier 3,http://www.sreenarayana.ac.in,info@sreenarayana.ac.in,admissions@sreenarayana.ac.in,placement@sreenarayana.ac.in,+91-80-007-4643,Mechanical Engineering,B.Tech,60,738,1998,Rural,No,Yes
1-44640145632,1-44640145632,U-0672,SREE NARAYANA INSTITUTE OF TECHNOLOGY,Active,Kerala,Pathanamthitta,Pathanamthitta,"THEPPUPARA, EZHAMKULAM",682000,10.830678,76.274219,Private-Self Financing,"APJ Abdul Kalam Technological University, Kerala",Approved,Approved,B+,No,,Tier 3,http://www.sreenarayana.ac.in,info@sreenarayana.ac.in,admissions@sreenarayana.ac.in,placement@sreenarayana.ac.in,+91-80-007-4643,Automobile Engineering,B.Tech,30,738,1998,Rural,No,Yes
1-44640145632,1-44640145632,U-0672,SREE NARAYANA INSTITUTE OF TECHNOLOGY,Active,Kerala,Pathanamthitta,Pathanamthitta,"THEPPUPARA, EZHAMKULAM",682000,10.830678,76.274219,Private-Self Financing,"APJ Abdul Kalam Technological University, Kerala",Approved,Approved,B+,No,,Tier 3,http://www.sreenarayana.ac.in,info@sreenarayana.ac.in,admissions@sreenarayana.ac.in,placement@sreenarayana.ac.in,+91-80-007-4643,Electronics & Communication Engineering (ECE),B.Tech,30,738,1998,Rural,No,Yes
1-44640145632,1-44640145632,U-0672,SREE NARAYANA INSTITUTE OF TECHNOLOGY,Active,Kerala,Pathanamthitta,Pathanamthitta,"THEPPUPARA, EZHAMKULAM",682000,10.830678,76.274219,Private-Self Financing,"APJ Abdul Kalam Technological University, Kerala",Approved,Approved,B+,No,,Tier 3,http://www.sreenarayana.ac.in,info@sreenarayana.ac.in,admissions@sreenarayana.ac.in,placement@sreenarayana.ac.in,+91-80-007-4643,Electrical & Electronics Engineering (EEE),B.Tech,30,738,1998,Rural,No,Yes
1-44640145632,1-44640145632,U-0672,SREE NARAYANA INSTITUTE OF TECHNOLOGY,Active,Kerala,Pathanamthitta,Pathanamthitta,"THEPPUPARA, EZHAMKULAM",682000,10.830678,76.274219,Private-Self Financing,"APJ Abdul Kalam Technological University, Kerala",Approved,Approved,B+,No,,Tier 3,http://www.sreenarayana.ac.in,info@sreenarayana.ac.in,admissions@sreenarayana.ac.in,placement@sreenarayana.ac.in,+91-80-007-4643,Civil Engineering,B.Tech,30,738,1998,Rural,No,Yes
1-44640145632,1-44640145632,U-0672,SREE NARAYANA INSTITUTE OF TECHNOLOGY,Active,Kerala,Pathanamthitta,Pathanamthitta,"THEPPUPARA, EZHAMKULAM",682000,10.830678,76.274219,Private-Self Financing,"APJ Abdul Kalam Technological University, Kerala",Approved,Approved,B+,No,,Tier 3,http://www.sreenarayana.ac.in,info@sreenarayana.ac.in,admissions@sreenarayana.ac.in,placement@sreenarayana.ac.in,+91-80-007-4643,Artificial Intelligence & Machine Learning (AI & ML),Diploma,60,738,1998,Rural,No,Yes
1-44640145632,1-44640145632,U-0672,SREE NARAYANA INSTITUTE OF TECHNOLOGY,Active,Kerala,Pathanamthitta,Pathanamthitta,"THEPPUPARA, EZHAMKULAM",682000,10.830678,76.274219,Private-Self Financing,"APJ Abdul Kalam Technological University, Kerala",Approved,Approved,B+,No,,Tier 3,http://www.sreenarayana.ac.in,info@sreenarayana.ac.in,admissions@sreenarayana.ac.in,placement@sreenarayana.ac.in,+91-80-007-4643,Civil Engineering,Diploma,60,738,1998,Rural,No,Yes
1-44640145632,1-44640145632,U-0672,SREE NARAYANA INSTITUTE OF TECHNOLOGY,Active,Kerala,Pathanamthitta,Pathanamthitta,"THEPPUPARA, EZHAMKULAM",682000,10.830678,76.274219,Private-Self Financing,"APJ Abdul Kalam Technological University, Kerala",Approved,Approved,B+,No,,Tier 3,http://www.sreenarayana.ac.in,info@sreenarayana.ac.in,admissions@sreenarayana.ac.in,placement@sreenarayana.ac.in,+91-80-007-4643,Information Technology (IT),Diploma,60,738,1998,Rural,No,Yes
1-44640145632,1-44640145632,U-0672,SREE NARAYANA INSTITUTE OF TECHNOLOGY,Active,Kerala,Pathanamthitta,Pathanamthitta,"THEPPUPARA, EZHAMKULAM",682000,10.830678,76.274219,Private-Self Financing,"APJ Abdul Kalam Technological University, Kerala",Approved,Approved,B+,No,,Tier 3,http://www.sreenarayana.ac.in,info@sreenarayana.ac.in,admissions@sreenarayana.ac.in,placement@sreenarayana.ac.in,+91-80-007-4643,Mechanical Engineering,Diploma,90,738,1998,Rural,No,Yes
1-44640145632,1-44640145632,U-0672,SREE NARAYANA INSTITUTE OF TECHNOLOGY,Active,Kerala,Pathanamthitta,Pathanamthitta,"THEPPUPARA, EZHAMKULAM",682000,10.830678,76.274219,Private-Self Financing,"APJ Abdul Kalam Technological University, Kerala",Approved,Approved,B+,No,,Tier 3,http://www.sreenarayana.ac.in,info@sreenarayana.ac.in,admissions@sreenarayana.ac.in,placement@sreenarayana.ac.in,+91-80-007-4643,Robotics,Diploma,60,738,1998,Rural,No,Yes
1-44640145632,1-44640145632,U-0672,SREE NARAYANA INSTITUTE OF TECHNOLOGY,Active,Kerala,Pathanamthitta,Pathanamthitta,"THEPPUPARA, EZHAMKULAM",682000,10.830678,76.274219,Private-Self Financing,"APJ Abdul Kalam Technological University, Kerala",Approved,Approved,B+,No,,Tier 3,http://www.sreenarayana.ac.in,info@sreenarayana.ac.in,admissions@sreenarayana.ac.in,placement@sreenarayana.ac.in,+91-80-007-4643,Data Science,B.Tech,30,738,1998,Rural,No,Yes
1-44640145632,1-44640145632,U-0672,SREE NARAYANA INSTITUTE OF TECHNOLOGY,Active,Kerala,Pathanamthitta,Pathanamthitta,"THEPPUPARA, EZHAMKULAM",682000,10.830678,76.274219,Private-Self Financing,"APJ Abdul Kalam Technological University, Kerala",Approved,Approved,B+,No,,Tier 3,http://www.sreenarayana.ac.in,info@sreenarayana.ac.in,admissions@sreenarayana.ac.in,placement@sreenarayana.ac.in,+91-80-007-4643,Computer Science Engineering (CSE),B.Tech,90,738,1998,Rural,No,Yes
1-44640145632,1-44640145632,U-0672,SREE NARAYANA INSTITUTE OF TECHNOLOGY,Active,Kerala,Pathanamthitta,Pathanamthitta,"THEPPUPARA, EZHAMKULAM",682000,10.830678,76.274219,Private-Self Financing,"APJ Abdul Kalam Technological University, Kerala",Approved,Approved,B+,No,,Tier 3,http://www.sreenarayana.ac.in,info@sreenarayana.ac.in,admissions@sreenarayana.ac.in,placement@sreenarayana.ac.in,+91-80-007-4643,Artificial Intelligence & Machine Learning (AI & ML),B.Tech,30,738,1998,Rural,No,Yes
1-44640145632,1-44640145632,U-0672,SREE NARAYANA INSTITUTE OF TECHNOLOGY,Active,Kerala,Pathanamthitta,Pathanamthitta,"THEPPUPARA, EZHAMKULAM",682000,10.830678,76.274219,Private-Self Financing,"APJ Abdul Kalam Technological University, Kerala",Approved,Approved,B+,No,,Tier 3,http://www.sreenarayana.ac.in,info@sreenarayana.ac.in,admissions@sreenarayana.ac.in,placement@sreenarayana.ac.in,+91-80-007-4643,Other Engineering Branches,B.Tech,30,738,1998,Rural,No,Yes
1-44640145632,1-44640145632,U-0672,SREE NARAYANA INSTITUTE OF TECHNOLOGY,Active,Kerala,Pathanamthitta,Pathanamthitta,"THEPPUPARA, EZHAMKULAM",682000,10.830678,76.274219,Private-Self Financing,"APJ Abdul Kalam Technological University, Kerala",Approved,Approved,B+,No,,Tier 3,http://www.sreenarayana.ac.in,info@sreenarayana.ac.in,admissions@sreenarayana.ac.in,placement@sreenarayana.ac.in,+91-80-007-4643,Automobile Engineering,Diploma,30,738,1998,Rural,No,Yes
1-44639838647,1-44639838647,U-0476,CENTRAL POLYTECHNIC COLLEGE,Active,Kerala,Thiruvananthapuram,Thiruvananthapuram,NETTAYAM VATTIYOORKAVU P O THIRUVANANTHAPURAM,682973,8.531552,76.925359,Government,"Board of Technical Examination, Thiruvananthapuram",Approved,Approved,A+,Yes,,Tier 2,http://www.inst4977.ac.in,info@inst4977.ac.in,admissions@inst4977.ac.in,placement@inst4977.ac.in,+91-80-151-4168,Other Engineering Branches,Diploma,120,360,1996,Rural,Yes,Yes
1-44639838647,1-44639838647,U-0476,CENTRAL POLYTECHNIC COLLEGE,Active,Kerala,Thiruvananthapuram,Thiruvananthapuram,NETTAYAM VATTIYOORKAVU P O THIRUVANANTHAPURAM,682973,8.531552,76.925359,Government,"Board of Technical Examination, Thiruvananthapuram",Approved,Approved,A+,Yes,,Tier 2,http://www.inst4977.ac.in,info@inst4977.ac.in,admissions@inst4977.ac.in,placement@inst4977.ac.in,+91-80-151-4168,Mechanical Engineering,Diploma,60,360,1996,Rural,Yes,Yes
1-44639838647,1-44639838647,U-0476,CENTRAL POLYTECHNIC COLLEGE,Active,Kerala,Thiruvananthapuram,Thiruvananthapuram,NETTAYAM VATTIYOORKAVU P O THIRUVANANTHAPURAM,682973,8.531552,76.925359,Government,"Board of Technical Examination, Thiruvananthapuram",Approved,Approved,A+,Yes,,Tier 2,http://www.inst4977.ac.in,info@inst4977.ac.in,admissions@inst4977.ac.in,placement@inst4977.ac.in,+91-80-151-4168,Electrical & Electronics Engineering (EEE),Diploma,60,360,1996,Rural,Yes,Yes
1-44639838647,1-44639838647,U-0476,CENTRAL POLYTECHNIC COLLEGE,Active,Kerala,Thiruvananthapuram,Thiruvananthapuram,NETTAYAM VATTIYOORKAVU P O THIRUVANANTHAPURAM,682973,8.531552,76.925359,Government,"Board of Technical Examination, Thiruvananthapuram",Approved,Approved,A+,Yes,,Tier 2,http://www.inst4977.ac.in,info@inst4977.ac.in,admissions@inst4977.ac.in,placement@inst4977.ac.in,+91-80-151-4168,Computer Science Engineering (CSE),Diploma,60,360,1996,Rural,Yes,Yes
1-44639838647,1-44639838647,U-0476,CENTRAL POLYTECHNIC COLLEGE,Active,Kerala,Thiruvananthapuram,Thiruvananthapuram,NETTAYAM VATTIYOORKAVU P O THIRUVANANTHAPURAM,682973,8.531552,76.925359,Government,"Board of Technical Examination, Thiruvananthapuram",Approved,Approved,A+,Yes,,Tier 2,http://www.inst4977.ac.in,info@inst4977.ac.in,admissions@inst4977.ac.in,placement@inst4977.ac.in,+91-80-151-4168,Civil Engineering,Diploma,60,360,1996,Rural,Yes,Yes
1-44639857949,1-44639857949,U-0672,THEJUS ENGINEERING COLLEGE,Active,Kerala,Thrissur,Thrissur,"VELLARAKKAD P O, THRISSUR KERALA PIN:680584",680584,10.508772,76.225442,Private-Self Financing,"APJ Abdul Kalam Technological University, Kerala",Approved,Approved,A+,No,,Tier 3,http://www.thejus.ac.in,info@thejus.ac.in,admissions@thejus.ac.in,placement@thejus.ac.in,+91-80-049-1718,Other Engineering Branches,M.Tech,18,258,2014,Rural,Yes,Yes
1-44639857949,1-44639857949,U-0672,THEJUS ENGINEERING COLLEGE,Active,Kerala,Thrissur,Thrissur,"VELLARAKKAD P O, THRISSUR KERALA PIN:680584",680584,10.508772,76.225442,Private-Self Financing,"APJ Abdul Kalam Technological University, Kerala",Approved,Approved,A+,No,,Tier 3,http://www.thejus.ac.in,info@thejus.ac.in,admissions@thejus.ac.in,placement@thejus.ac.in,+91-80-049-1718,Civil Engineering,B.Tech,30,258,2014,Rural,Yes,Yes
1-44639857949,1-44639857949,U-0672,THEJUS ENGINEERING COLLEGE,Active,Kerala,Thrissur,Thrissur,"VELLARAKKAD P O, THRISSUR KERALA PIN:680584",680584,10.508772,76.225442,Private-Self Financing,"APJ Abdul Kalam Technological University, Kerala",Approved,Approved,A+,No,,Tier 3,http://www.thejus.ac.in,info@thejus.ac.in,admissions@thejus.ac.in,placement@thejus.ac.in,+91-80-049-1718,Electrical & Electronics Engineering (EEE),B.Tech,30,258,2014,Rural,Yes,Yes
1-44639857949,1-44639857949,U-0672,THEJUS ENGINEERING COLLEGE,Active,Kerala,Thrissur,Thrissur,"VELLARAKKAD P O, THRISSUR KERALA PIN:680584",680584,10.508772,76.225442,Private-Self Financing,"APJ Abdul Kalam Technological University, Kerala",Approved,Approved,A+,No,,Tier 3,http://www.thejus.ac.in,info@thejus.ac.in,admissions@thejus.ac.in,placement@thejus.ac.in,+91-80-049-1718,Computer Science Engineering (CSE),B.Tech,150,258,2014,Rural,Yes,Yes
1-44639857949,1-44639857949,U-0672,THEJUS ENGINEERING COLLEGE,Active,Kerala,Thrissur,Thrissur,"VELLARAKKAD P O, THRISSUR KERALA PIN:680584",680584,10.508772,76.225442,Private-Self Financing,"APJ Abdul Kalam Technological University, Kerala",Approved,Approved,A+,No,,Tier 3,http://www.thejus.ac.in,info@thejus.ac.in,admissions@thejus.ac.in,placement@thejus.ac.in,+91-80-049-1718,Mechanical Engineering,B.Tech,30,258,2014,Rural,Yes,Yes
1-44639517879,1-44639517879,U-0317,"GOVERNMENT POLYTECHNIC COLLEGE,PALAKKAD",Active,Kerala,Palakkad,Palakkad,"GOVERNMENT POLYTECHNIC COLLEGE, KODUMBU.P.O PALAKKAD PIN-678551",678551,10.794147,76.643934,Government,"Board of Technical Examination, Kerala",Approved,Approved,B,No,,Tier 3,http://www.collegepalakkad.ac.in,info@collegepalakkad.ac.in,admissions@collegepalakkad.ac.in,placement@collegepalakkad.ac.in,+91-80-151-2123,Civil Engineering,Diploma,110,460,1995,Urban,Yes,Yes
1-44639517879,1-44639517879,U-0317,"GOVERNMENT POLYTECHNIC COLLEGE,PALAKKAD",Active,Kerala,Palakkad,Palakkad,"GOVERNMENT POLYTECHNIC COLLEGE, KODUMBU.P.O PALAKKAD PIN-678551",678551,10.794147,76.643934,Government,"Board of Technical Examination, Kerala",Approved,Approved,B,No,,Tier 3,http://www.collegepalakkad.ac.in,info@collegepalakkad.ac.in,admissions@collegepalakkad.ac.in,placement@collegepalakkad.ac.in,+91-80-151-2123,Other Engineering Branches,Diploma,180,460,1995,Urban,Yes,Yes
1-44639517879,1-44639517879,U-0317,"GOVERNMENT POLYTECHNIC COLLEGE,PALAKKAD",Active,Kerala,Palakkad,Palakkad,"GOVERNMENT POLYTECHNIC COLLEGE, KODUMBU.P.O PALAKKAD PIN-678551",678551,10.794147,76.643934,Government,"Board of Technical Examination, Kerala",Approved,Approved,B,No,,Tier 3,http://www.collegepalakkad.ac.in,info@collegepalakkad.ac.in,admissions@collegepalakkad.ac.in,placement@collegepalakkad.ac.in,+91-80-151-2123,Mechanical Engineering,Diploma,110,460,1995,Urban,Yes,Yes
1-44639517879,1-44639517879,U-0317,"GOVERNMENT POLYTECHNIC COLLEGE,PALAKKAD",Active,Kerala,Palakkad,Palakkad,"GOVERNMENT POLYTECHNIC COLLEGE, KODUMBU.P.O PALAKKAD PIN-678551",678551,10.794147,76.643934,Government,"Board of Technical Examination, Kerala",Approved,Approved,B,No,,Tier 3,http://www.collegepalakkad.ac.in,info@collegepalakkad.ac.in,admissions@collegepalakkad.ac.in,placement@collegepalakkad.ac.in,+91-80-151-2123,Electrical & Electronics Engineering (EEE),Diploma,60,460,1995,Urban,Yes,Yes
1-44639601845,1-44639601845,U-0672,VIMAL JYOTHI ENGINEERING COLLEGE,Active,Kerala,Kannur,Kannur,"CHEMPERI P.O., KANNUR - 670632, KERALA STATE",670632,10.851689,76.25898,Private-Self Financing,"APJ Abdul Kalam Technological University, Kerala",Approved,Approved,B,No,,Tier 3,http://www.vimaljyothi.ac.in,info@vimaljyothi.ac.in,admissions@vimaljyothi.ac.in,placement@vimaljyothi.ac.in,+91-80-888-7090,Other Engineering Branches,M.Tech,12,648,1999,Urban,Yes,Yes
1-44639601845,1-44639601845,U-0672,VIMAL JYOTHI ENGINEERING COLLEGE,Active,Kerala,Kannur,Kannur,"CHEMPERI P.O., KANNUR - 670632, KERALA STATE",670632,10.851689,76.25898,Private-Self Financing,"APJ Abdul Kalam Technological University, Kerala",Approved,Approved,B,No,,Tier 3,http://www.vimaljyothi.ac.in,info@vimaljyothi.ac.in,admissions@vimaljyothi.ac.in,placement@vimaljyothi.ac.in,+91-80-888-7090,Civil Engineering,B.Tech,30,648,1999,Urban,Yes,Yes
1-44639601845,1-44639601845,U-0672,VIMAL JYOTHI ENGINEERING COLLEGE,Active,Kerala,Kannur,Kannur,"CHEMPERI P.O., KANNUR - 670632, KERALA STATE",670632,10.851689,76.25898,Private-Self Financing,"APJ Abdul Kalam Technological University, Kerala",Approved,Approved,B,No,,Tier 3,http://www.vimaljyothi.ac.in,info@vimaljyothi.ac.in,admissions@vimaljyothi.ac.in,placement@vimaljyothi.ac.in,+91-80-888-7090,Computer Science Engineering (CSE),B.Tech,300,648,1999,Urban,Yes,Yes
1-44639601845,1-44639601845,U-0672,VIMAL JYOTHI ENGINEERING COLLEGE,Active,Kerala,Kannur,Kannur,"CHEMPERI P.O., KANNUR - 670632, KERALA STATE",670632,10.851689,76.25898,Private-Self Financing,"APJ Abdul Kalam Technological University, Kerala",Approved,Approved,B,No,,Tier 3,http://www.vimaljyothi.ac.in,info@vimaljyothi.ac.in,admissions@vimaljyothi.ac.in,placement@vimaljyothi.ac.in,+91-80-888-7090,Electronics & Communication Engineering (ECE),B.Tech,60,648,1999,Urban,Yes,Yes
1-44639601845,1-44639601845,U-0672,VIMAL JYOTHI ENGINEERING COLLEGE,Active,Kerala,Kannur,Kannur,"CHEMPERI P.O., KANNUR - 670632, KERALA STATE",670632,10.851689,76.25898,Private-Self Financing,"APJ Abdul Kalam Technological University, Kerala",Approved,Approved,B,No,,Tier 3,http://www.vimaljyothi.ac.in,info@vimaljyothi.ac.in,admissions@vimaljyothi.ac.in,placement@vimaljyothi.ac.in,+91-80-888-7090,Electrical & Electronics Engineering (EEE),B.Tech,30,648,1999,Urban,Yes,Yes
1-44639601845,1-44639601845,U-0672,VIMAL JYOTHI ENGINEERING COLLEGE,Active,Kerala,Kannur,Kannur,"CHEMPERI P.O., KANNUR - 670632, KERALA STATE",670632,10.851689,76.25898,Private-Self Financing,"APJ Abdul Kalam Technological University, Kerala",Approved,Approved,B,No,,Tier 3,http://www.vimaljyothi.ac.in,info@vimaljyothi.ac.in,admissions@vimaljyothi.ac.in,placement@vimaljyothi.ac.in,+91-80-888-7090,Mechanical Engineering,B.Tech,30,648,1999,Urban,Yes,Yes
1-44639601845,1-44639601845,U-0672,VIMAL JYOTHI ENGINEERING COLLEGE,Active,Kerala,Kannur,Kannur,"CHEMPERI P.O., KANNUR - 670632, KERALA STATE",670632,10.851689,76.25898,Private-Self Financing,"APJ Abdul Kalam Technological University, Kerala",Approved,Approved,B,No,,Tier 3,http://www.vimaljyothi.ac.in,info@vimaljyothi.ac.in,admissions@vimaljyothi.ac.in,placement@vimaljyothi.ac.in,+91-80-888-7090,Computer Science Engineering (CSE),M.Tech,6,648,1999,Urban,Yes,Yes
1-44639601845,1-44639601845,U-0672,VIMAL JYOTHI ENGINEERING COLLEGE,Active,Kerala,Kannur,Kannur,"CHEMPERI P.O., KANNUR - 670632, KERALA STATE",670632,10.851689,76.25898,Private-Self Financing,"APJ Abdul Kalam Technological University, Kerala",Approved,Approved,B,No,,Tier 3,http://www.vimaljyothi.ac.in,info@vimaljyothi.ac.in,admissions@vimaljyothi.ac.in,placement@vimaljyothi.ac.in,+91-80-888-7090,Data Science,B.Tech,120,648,1999,Urban,Yes,Yes
1-44639601845,1-44639601845,U-0672,VIMAL JYOTHI ENGINEERING COLLEGE,Active,Kerala,Kannur,Kannur,"CHEMPERI P.O., KANNUR - 670632, KERALA STATE",670632,10.851689,76.25898,Private-Self Financing,"APJ Abdul Kalam Technological University, Kerala",Approved,Approved,B,No,,Tier 3,http://www.vimaljyothi.ac.in,info@vimaljyothi.ac.in,admissions@vimaljyothi.ac.in,placement@vimaljyothi.ac.in,+91-80-888-7090,Cyber Security,B.Tech,60,648,1999,Urban,Yes,Yes
1-44639840155,1-44639840155,U-0992,"DEPARTMENT OF ELECTRONICS, COCHIN UNIVERSITY OF SCIENCE AND TECHNOLOGY",Active,Kerala,Ernakulam,Ernakulam,COCHIN UNIVERSITY TRIKKAKARA CAMPUS,682234,10.000158,76.284455,State Government University,NOT APPLICABLE,Approved,Approved,A,No,,Tier 3,http://www.departmentelectronicscochin.ac.in,info@departmentelectronicscochin.ac.in,admissions@departmentelectronicscochin.ac.in,placement@departmentelectronicscochin.ac.in,+91-80-617-2317,Other Engineering Branches,M.Tech,36,36,2015,Urban,Yes,No
1-44639860741,1-44639860741,U-0672,MES COLLEGE OF ENGINEERING & TECHNOLOGY,Active,Kerala,Ernakulam,Ernakulam,KUNNUKARA,682234,9.965726,76.282497,Private-Self Financing,"APJ Abdul Kalam Technological University, Kerala",Approved,Approved,A+,Yes,,Tier 2,http://www.mes.ac.in,info@mes.ac.in,admissions@mes.ac.in,placement@mes.ac.in,+91-80-173-0576,Electronics & Communication Engineering (ECE),B.Tech,30,210,2015,Rural,Yes,Yes
1-44639860741,1-44639860741,U-0672,MES COLLEGE OF ENGINEERING & TECHNOLOGY,Active,Kerala,Ernakulam,Ernakulam,KUNNUKARA,682234,9.965726,76.282497,Private-Self Financing,"APJ Abdul Kalam Technological University, Kerala",Approved,Approved,A+,Yes,,Tier 2,http://www.mes.ac.in,info@mes.ac.in,admissions@mes.ac.in,placement@mes.ac.in,+91-80-173-0576,Mechanical Engineering,B.Tech,30,210,2015,Rural,Yes,Yes
1-44639860741,1-44639860741,U-0672,MES COLLEGE OF ENGINEERING & TECHNOLOGY,Active,Kerala,Ernakulam,Ernakulam,KUNNUKARA,682234,9.965726,76.282497,Private-Self Financing,"APJ Abdul Kalam Technological University, Kerala",Approved,Approved,A+,Yes,,Tier 2,http://www.mes.ac.in,info@mes.ac.in,admissions@mes.ac.in,placement@mes.ac.in,+91-80-173-0576,Computer Science Engineering (CSE),B.Tech,60,210,2015,Rural,Yes,Yes
1-44639860741,1-44639860741,U-0672,MES COLLEGE OF ENGINEERING & TECHNOLOGY,Active,Kerala,Ernakulam,Ernakulam,KUNNUKARA,682234,9.965726,76.282497,Private-Self Financing,"APJ Abdul Kalam Technological University, Kerala",Approved,Approved,A+,Yes,,Tier 2,http://www.mes.ac.in,info@mes.ac.in,admissions@mes.ac.in,placement@mes.ac.in,+91-80-173-0576,Civil Engineering,B.Tech,30,210,2015,Rural,Yes,Yes
1-44639860741,1-44639860741,U-0672,MES COLLEGE OF ENGINEERING & TECHNOLOGY,Active,Kerala,Ernakulam,Ernakulam,KUNNUKARA,682234,9.965726,76.282497,Private-Self Financing,"APJ Abdul Kalam Technological University, Kerala",Approved,Approved,A+,Yes,,Tier 2,http://www.mes.ac.in,info@mes.ac.in,admissions@mes.ac.in,placement@mes.ac.in,+91-80-173-0576,Data Science,B.Tech,60,210,2015,Rural,Yes,Yes
1-44639861483,1-44639861483,U-0992,"DEPARTMENT OF FUTURES STUDIES, UNIVERSITY OF KERALA",Active,Kerala,Thiruvananthapuram,Thiruvananthapuram,"DEPT OF FUTURES STUDIES, AQUATIC BIOLOGY BUILDING, KARIAVATTOM CAMPUS,UNIVERSITY OF KERALA, KARIAVATTOM-695581",695581,8.52277,76.943315,State Government University,NOT APPLICABLE,Approved,Approved,A+,No,,Tier 3,http://www.departmentfuturesstudies.ac.in,info@departmentfuturesstudies.ac.in,admissions@departmentfuturesstudies.ac.in,placement@departmentfuturesstudies.ac.in,+91-80-783-0954,Other Engineering Branches,M.Tech,15,15,1999,Rural,Yes,Yes
1-44639604301,1-44639604301,U-0294,GOVT. POLYTECHNIC COLLEGE PUNALUR,Active,Kerala,Kollam,Kollam,GOVT. POLYTECHNIC COLLEGE PUNALUR NELLIPPALLY P O PUNALUR PIN:691305,691305,8.897692,76.607248,Government,Directorate of Technical Education,Approved,Approved,A+,Yes,,Tier 2,http://www.govtpunalur.ac.in,info@govtpunalur.ac.in,admissions@govtpunalur.ac.in,placement@govtpunalur.ac.in,+91-80-027-2596,Computer Science Engineering (CSE),Diploma,60,180,1993,Rural,Yes,Yes
1-44639604301,1-44639604301,U-0294,GOVT. POLYTECHNIC COLLEGE PUNALUR,Active,Kerala,Kollam,Kollam,GOVT. POLYTECHNIC COLLEGE PUNALUR NELLIPPALLY P O PUNALUR PIN:691305,691305,8.897692,76.607248,Government,Directorate of Technical Education,Approved,Approved,A+,Yes,,Tier 2,http://www.govtpunalur.ac.in,info@govtpunalur.ac.in,admissions@govtpunalur.ac.in,placement@govtpunalur.ac.in,+91-80-027-2596,Other Engineering Branches,Diploma,60,180,1993,Rural,Yes,Yes
1-44639604301,1-44639604301,U-0294,GOVT. POLYTECHNIC COLLEGE PUNALUR,Active,Kerala,Kollam,Kollam,GOVT. POLYTECHNIC COLLEGE PUNALUR NELLIPPALLY P O PUNALUR PIN:691305,691305,8.897692,76.607248,Government,Directorate of Technical Education,Approved,Approved,A+,Yes,,Tier 2,http://www.govtpunalur.ac.in,info@govtpunalur.ac.in,admissions@govtpunalur.ac.in,placement@govtpunalur.ac.in,+91-80-027-2596,Electrical & Electronics Engineering (EEE),Diploma,60,180,1993,Rural,Yes,Yes
1-44639842555,1-44639842555,U-0317,"MODEL POLYTECHNIC COLLEGE,MATTAKKARA",Active,Kerala,Kottayam,Kottayam,"MODEL POLYTECHNIC COLLEGE, MATTAKKARA.P.O, KOTTAYAM KERALA",682045,9.603931,76.538811,Government,"Board of Technical Examination, Kerala",Approved,Approved,B++,Yes,,Tier 3,http://www.modelcollegemattakkara.ac.in,info@modelcollegemattakkara.ac.in,admissions@modelcollegemattakkara.ac.in,placement@modelcollegemattakkara.ac.in,+91-80-356-0554,Other Engineering Branches,Diploma,120,240,2022,Urban,Yes,Yes
1-44639842555,1-44639842555,U-0317,"MODEL POLYTECHNIC COLLEGE,MATTAKKARA",Active,Kerala,Kottayam,Kottayam,"MODEL POLYTECHNIC COLLEGE, MATTAKKARA.P.O, KOTTAYAM KERALA",682045,9.603931,76.538811,Government,"Board of Technical Examination, Kerala",Approved,Approved,B++,Yes,,Tier 3,http://www.modelcollegemattakkara.ac.in,info@modelcollegemattakkara.ac.in,admissions@modelcollegemattakkara.ac.in,placement@modelcollegemattakkara.ac.in,+91-80-356-0554,Computer Science Engineering (CSE),Diploma,60,240,2022,Urban,Yes,Yes
1-44639842555,1-44639842555,U-0317,"MODEL POLYTECHNIC COLLEGE,MATTAKKARA",Active,Kerala,Kottayam,Kottayam,"MODEL POLYTECHNIC COLLEGE, MATTAKKARA.P.O, KOTTAYAM KERALA",682045,9.603931,76.538811,Government,"Board of Technical Examination, Kerala",Approved,Approved,B++,Yes,,Tier 3,http://www.modelcollegemattakkara.ac.in,info@modelcollegemattakkara.ac.in,admissions@modelcollegemattakkara.ac.in,placement@modelcollegemattakkara.ac.in,+91-80-356-0554,Electrical & Electronics Engineering (EEE),Diploma,60,240,2022,Urban,Yes,Yes
1-44639758042,1-44639758042,U-0672,VEDAVYASA INSTITUTE OF TECHNOLOGY,Active,Kerala,Malappuram,Malappuram,"VEDAVYASA INSTITUTE OF TECHNOLOGY VEDAVYASA HILLS,PONNENPADAM,KARAD PARAMBA, MALAPPURAM",682347,10.832569,76.260819,Private-Self Financing,"APJ Abdul Kalam Technological University, Kerala",Approved,Approved,B,No,,Tier 3,http://www.vedavyasa.ac.in,info@vedavyasa.ac.in,admissions@vedavyasa.ac.in,placement@vedavyasa.ac.in,+91-80-086-7902,Other Engineering Branches,M.Tech,45,213,2019,Urban,Yes,Yes
1-44639758042,1-44639758042,U-0672,VEDAVYASA INSTITUTE OF TECHNOLOGY,Active,Kerala,Malappuram,Malappuram,"VEDAVYASA INSTITUTE OF TECHNOLOGY VEDAVYASA HILLS,PONNENPADAM,KARAD PARAMBA, MALAPPURAM",682347,10.832569,76.260819,Private-Self Financing,"APJ Abdul Kalam Technological University, Kerala",Approved,Approved,B,No,,Tier 3,http://www.vedavyasa.ac.in,info@vedavyasa.ac.in,admissions@vedavyasa.ac.in,placement@vedavyasa.ac.in,+91-80-086-7902,Mechanical Engineering,B.Tech,30,213,2019,Urban,Yes,Yes
1-44639758042,1-44639758042,U-0672,VEDAVYASA INSTITUTE OF TECHNOLOGY,Active,Kerala,Malappuram,Malappuram,"VEDAVYASA INSTITUTE OF TECHNOLOGY VEDAVYASA HILLS,PONNENPADAM,KARAD PARAMBA, MALAPPURAM",682347,10.832569,76.260819,Private-Self Financing,"APJ Abdul Kalam Technological University, Kerala",Approved,Approved,B,No,,Tier 3,http://www.vedavyasa.ac.in,info@vedavyasa.ac.in,admissions@vedavyasa.ac.in,placement@vedavyasa.ac.in,+91-80-086-7902,Computer Science Engineering (CSE),B.Tech,60,213,2019,Urban,Yes,Yes
1-44639758042,1-44639758042,U-0672,VEDAVYASA INSTITUTE OF TECHNOLOGY,Active,Kerala,Malappuram,Malappuram,"VEDAVYASA INSTITUTE OF TECHNOLOGY VEDAVYASA HILLS,PONNENPADAM,KARAD PARAMBA, MALAPPURAM",682347,10.832569,76.260819,Private-Self Financing,"APJ Abdul Kalam Technological University, Kerala",Approved,Approved,B,No,,Tier 3,http://www.vedavyasa.ac.in,info@vedavyasa.ac.in,admissions@vedavyasa.ac.in,placement@vedavyasa.ac.in,+91-80-086-7902,Computer Science Engineering (CSE),M.Tech,18,213,2019,Urban,Yes,Yes
1-44639758042,1-44639758042,U-0672,VEDAVYASA INSTITUTE OF TECHNOLOGY,Active,Kerala,Malappuram,Malappuram,"VEDAVYASA INSTITUTE OF TECHNOLOGY VEDAVYASA HILLS,PONNENPADAM,KARAD PARAMBA, MALAPPURAM",682347,10.832569,76.260819,Private-Self Financing,"APJ Abdul Kalam Technological University, Kerala",Approved,Approved,B,No,,Tier 3,http://www.vedavyasa.ac.in,info@vedavyasa.ac.in,admissions@vedavyasa.ac.in,placement@vedavyasa.ac.in,+91-80-086-7902,Civil Engineering,B.Tech,30,213,2019,Urban,Yes,Yes
1-44639758042,1-44639758042,U-0672,VEDAVYASA INSTITUTE OF TECHNOLOGY,Active,Kerala,Malappuram,Malappuram,"VEDAVYASA INSTITUTE OF TECHNOLOGY VEDAVYASA HILLS,PONNENPADAM,KARAD PARAMBA, MALAPPURAM",682347,10.832569,76.260819,Private-Self Financing,"APJ Abdul Kalam Technological University, Kerala",Approved,Approved,B,No,,Tier 3,http://www.vedavyasa.ac.in,info@vedavyasa.ac.in,admissions@vedavyasa.ac.in,placement@vedavyasa.ac.in,+91-80-086-7902,Electronics & Communication Engineering (ECE),B.Tech,30,213,2019,Urban,Yes,Yes
1-44639847237,1-44639847237,U-0317,"GOVERNMENT POLYTECHNIC COLLEGE, PERINTHALMANNA",Active,Kerala,Malappuram,Malappuram,ANGADIPPURAM POST PERINTHALMANNA MALAPPURAM DISTRICT,682347,10.861843,76.265962,Government,"Board of Technical Examination, Kerala",Approved,Approved,B,No,,Tier 3,http://www.perinthalmanna.ac.in,info@perinthalmanna.ac.in,admissions@perinthalmanna.ac.in,placement@perinthalmanna.ac.in,+91-80-314-5951,Civil Engineering,Diploma,60,240,2007,Rural,Yes,Yes
1-44639847237,1-44639847237,U-0317,"GOVERNMENT POLYTECHNIC COLLEGE, PERINTHALMANNA",Active,Kerala,Malappuram,Malappuram,ANGADIPPURAM POST PERINTHALMANNA MALAPPURAM DISTRICT,682347,10.861843,76.265962,Government,"Board of Technical Examination, Kerala",Approved,Approved,B,No,,Tier 3,http://www.perinthalmanna.ac.in,info@perinthalmanna.ac.in,admissions@perinthalmanna.ac.in,placement@perinthalmanna.ac.in,+91-80-314-5951,Mechanical Engineering,Diploma,60,240,2007,Rural,Yes,Yes
1-44639847237,1-44639847237,U-0317,"GOVERNMENT POLYTECHNIC COLLEGE, PERINTHALMANNA",Active,Kerala,Malappuram,Malappuram,ANGADIPPURAM POST PERINTHALMANNA MALAPPURAM DISTRICT,682347,10.861843,76.265962,Government,"Board of Technical Examination, Kerala",Approved,Approved,B,No,,Tier 3,http://www.perinthalmanna.ac.in,info@perinthalmanna.ac.in,admissions@perinthalmanna.ac.in,placement@perinthalmanna.ac.in,+91-80-314-5951,Electrical & Electronics Engineering (EEE),Diploma,60,240,2007,Rural,Yes,Yes
1-44639847237,1-44639847237,U-0317,"GOVERNMENT POLYTECHNIC COLLEGE, PERINTHALMANNA",Active,Kerala,Malappuram,Malappuram,ANGADIPPURAM POST PERINTHALMANNA MALAPPURAM DISTRICT,682347,10.861843,76.265962,Government,"Board of Technical Examination, Kerala",Approved,Approved,B,No,,Tier 3,http://www.perinthalmanna.ac.in,info@perinthalmanna.ac.in,admissions@perinthalmanna.ac.in,placement@perinthalmanna.ac.in,+91-80-314-5951,Other Engineering Branches,Diploma,60,240,2007,Rural,Yes,Yes
1-44639982245,1-44639982245,U-0317,KMCT POLYTECHNIC COLLEGE,Active,Kerala,Kozhikode,Kozhikode,"KALLANTHODE, MANASSERY POST, MUKKAOM, KOZHIKODE.",682606,11.240079,75.764303,Private-Self Financing,"Board of Technical Examination, Kerala",Approved,Approved,A+,Yes,,Tier 2,http://www.kmct.ac.in,info@kmct.ac.in,admissions@kmct.ac.in,placement@kmct.ac.in,+91-80-053-6600,Automobile Engineering,Diploma,60,660,1982,Rural,Yes,Yes
1-44639982245,1-44639982245,U-0317,KMCT POLYTECHNIC COLLEGE,Active,Kerala,Kozhikode,Kozhikode,"KALLANTHODE, MANASSERY POST, MUKKAOM, KOZHIKODE.",682606,11.240079,75.764303,Private-Self Financing,"Board of Technical Examination, Kerala",Approved,Approved,A+,Yes,,Tier 2,http://www.kmct.ac.in,info@kmct.ac.in,admissions@kmct.ac.in,placement@kmct.ac.in,+91-80-053-6600,Other Engineering Branches,Diploma,240,660,1982,Rural,Yes,Yes
1-44639982245,1-44639982245,U-0317,KMCT POLYTECHNIC COLLEGE,Active,Kerala,Kozhikode,Kozhikode,"KALLANTHODE, MANASSERY POST, MUKKAOM, KOZHIKODE.",682606,11.240079,75.764303,Private-Self Financing,"Board of Technical Examination, Kerala",Approved,Approved,A+,Yes,,Tier 2,http://www.kmct.ac.in,info@kmct.ac.in,admissions@kmct.ac.in,placement@kmct.ac.in,+91-80-053-6600,Mechanical Engineering,Diploma,120,660,1982,Rural,Yes,Yes
1-44639982245,1-44639982245,U-0317,KMCT POLYTECHNIC COLLEGE,Active,Kerala,Kozhikode,Kozhikode,"KALLANTHODE, MANASSERY POST, MUKKAOM, KOZHIKODE.",682606,11.240079,75.764303,Private-Self Financing,"Board of Technical Examination, Kerala",Approved,Approved,A+,Yes,,Tier 2,http://www.kmct.ac.in,info@kmct.ac.in,admissions@kmct.ac.in,placement@kmct.ac.in,+91-80-053-6600,Electronics & Communication Engineering (ECE),Diploma,60,660,1982,Rural,Yes,Yes
1-44639982245,1-44639982245,U-0317,KMCT POLYTECHNIC COLLEGE,Active,Kerala,Kozhikode,Kozhikode,"KALLANTHODE, MANASSERY POST, MUKKAOM, KOZHIKODE.",682606,11.240079,75.764303,Private-Self Financing,"Board of Technical Examination, Kerala",Approved,Approved,A+,Yes,,Tier 2,http://www.kmct.ac.in,info@kmct.ac.in,admissions@kmct.ac.in,placement@kmct.ac.in,+91-80-053-6600,Civil Engineering,Diploma,60,660,1982,Rural,Yes,Yes
1-44639982245,1-44639982245,U-0317,KMCT POLYTECHNIC COLLEGE,Active,Kerala,Kozhikode,Kozhikode,"KALLANTHODE, MANASSERY POST, MUKKAOM, KOZHIKODE.",682606,11.240079,75.764303,Private-Self Financing,"Board of Technical Examination, Kerala",Approved,Approved,A+,Yes,,Tier 2,http://www.kmct.ac.in,info@kmct.ac.in,admissions@kmct.ac.in,placement@kmct.ac.in,+91-80-053-6600,Electrical & Electronics Engineering (EEE),Diploma,60,660,1982,Rural,Yes,Yes
1-44639982245,1-44639982245,U-0317,KMCT POLYTECHNIC COLLEGE,Active,Kerala,Kozhikode,Kozhikode,"KALLANTHODE, MANASSERY POST, MUKKAOM, KOZHIKODE.",682606,11.240079,75.764303,Private-Self Financing,"Board of Technical Examination, Kerala",Approved,Approved,A+,Yes,,Tier 2,http://www.kmct.ac.in,info@kmct.ac.in,admissions@kmct.ac.in,placement@kmct.ac.in,+91-80-053-6600,Information Technology (IT),Diploma,60,660,1982,Rural,Yes,Yes
1-44639488554,1-44639488554,U-0317,"GOVERNMENT POLYTECHNIC COLLEGE, KASARAGOD",Active,Kerala,Kasaragod,Kasaragod,"PERIYE  POST; BEKAL FORT VIA,",682236,10.834624,76.261339,Government,"Board of Technical Examination, Kerala",Approved,Approved,A,No,,Tier 2,http://www.kasaragod.ac.in,info@kasaragod.ac.in,admissions@kasaragod.ac.in,placement@kasaragod.ac.in,+91-80-172-9601,Electrical & Electronics Engineering (EEE),Diploma,60,280,2015,Rural,Yes,Yes
1-44639488554,1-44639488554,U-0317,"GOVERNMENT POLYTECHNIC COLLEGE, KASARAGOD",Active,Kerala,Kasaragod,Kasaragod,"PERIYE  POST; BEKAL FORT VIA,",682236,10.834624,76.261339,Government,"Board of Technical Examination, Kerala",Approved,Approved,A,No,,Tier 2,http://www.kasaragod.ac.in,info@kasaragod.ac.in,admissions@kasaragod.ac.in,placement@kasaragod.ac.in,+91-80-172-9601,Computer Science Engineering (CSE),Diploma,60,280,2015,Rural,Yes,Yes
1-44639488554,1-44639488554,U-0317,"GOVERNMENT POLYTECHNIC COLLEGE, KASARAGOD",Active,Kerala,Kasaragod,Kasaragod,"PERIYE  POST; BEKAL FORT VIA,",682236,10.834624,76.261339,Government,"Board of Technical Examination, Kerala",Approved,Approved,A,No,,Tier 2,http://www.kasaragod.ac.in,info@kasaragod.ac.in,admissions@kasaragod.ac.in,placement@kasaragod.ac.in,+91-80-172-9601,Mechanical Engineering,Diploma,60,280,2015,Rural,Yes,Yes
1-44639488554,1-44639488554,U-0317,"GOVERNMENT POLYTECHNIC COLLEGE, KASARAGOD",Active,Kerala,Kasaragod,Kasaragod,"PERIYE  POST; BEKAL FORT VIA,",682236,10.834624,76.261339,Government,"Board of Technical Examination, Kerala",Approved,Approved,A,No,,Tier 2,http://www.kasaragod.ac.in,info@kasaragod.ac.in,admissions@kasaragod.ac.in,placement@kasaragod.ac.in,+91-80-172-9601,Other Engineering Branches,Diploma,60,280,2015,Rural,Yes,Yes
1-44639488554,1-44639488554,U-0317,"GOVERNMENT POLYTECHNIC COLLEGE, KASARAGOD",Active,Kerala,Kasaragod,Kasaragod,"PERIYE  POST; BEKAL FORT VIA,",682236,10.834624,76.261339,Government,"Board of Technical Examination, Kerala",Approved,Approved,A,No,,Tier 2,http://www.kasaragod.ac.in,info@kasaragod.ac.in,admissions@kasaragod.ac.in,placement@kasaragod.ac.in,+91-80-172-9601,Civil Engineering,Diploma,40,280,2015,Rural,Yes,Yes
1-44639568078,1-44639568078,U-0317,GOVERNMENT WOMENS POLYTECHNIC COLLEGE,Active,Kerala,Thiruvananthapuram,Thiruvananthapuram,"GOVERNMENT WOMENS POLYTECHNIC COLLEGE, KAIMANAM, THIRUVANANTHAPURAM",682973,8.508773,76.940498,Government,"Board of Technical Examination, Kerala",Approved,Approved,A+,Yes,,Tier 2,http://www.inst7656.ac.in,info@inst7656.ac.in,admissions@inst7656.ac.in,placement@inst7656.ac.in,+91-80-196-0088,Computer Science Engineering (CSE),Diploma,75,255,1985,Urban,No,Yes
1-44639568078,1-44639568078,U-0317,GOVERNMENT WOMENS POLYTECHNIC COLLEGE,Active,Kerala,Thiruvananthapuram,Thiruvananthapuram,"GOVERNMENT WOMENS POLYTECHNIC COLLEGE, KAIMANAM, THIRUVANANTHAPURAM",682973,8.508773,76.940498,Government,"Board of Technical Examination, Kerala",Approved,Approved,A+,Yes,,Tier 2,http://www.inst7656.ac.in,info@inst7656.ac.in,admissions@inst7656.ac.in,placement@inst7656.ac.in,+91-80-196-0088,Other Engineering Branches,Diploma,180,255,1985,Urban,No,Yes
1-44639960742,1-44639960742,U-0317,GOVERNMENT POLYTECHNIC COLLEGE PURAPPUZHA,Active,Kerala,Idukki,Idukki,"PURAPPUZHA (P. O), THODUPUZHA, IDUKKI - 685583 KERALA.",685583,10.853573,76.252429,Government,"Board of Technical Examination, Kerala",Approved,Approved,A+,Yes,,Tier 2,http://www.purappuzha.ac.in,info@purappuzha.ac.in,admissions@purappuzha.ac.in,placement@purappuzha.ac.in,+91-80-967-7320,Information Technology (IT),Diploma,60,180,2020,Rural,Yes,Yes
1-44639960742,1-44639960742,U-0317,GOVERNMENT POLYTECHNIC COLLEGE PURAPPUZHA,Active,Kerala,Idukki,Idukki,"PURAPPUZHA (P. O), THODUPUZHA, IDUKKI - 685583 KERALA.",685583,10.853573,76.252429,Government,"Board of Technical Examination, Kerala",Approved,Approved,A+,Yes,,Tier 2,http://www.purappuzha.ac.in,info@purappuzha.ac.in,admissions@purappuzha.ac.in,placement@purappuzha.ac.in,+91-80-967-7320,Computer Science Engineering (CSE),Diploma,60,180,2020,Rural,Yes,Yes
1-44639960742,1-44639960742,U-0317,GOVERNMENT POLYTECHNIC COLLEGE PURAPPUZHA,Active,Kerala,Idukki,Idukki,"PURAPPUZHA (P. O), THODUPUZHA, IDUKKI - 685583 KERALA.",685583,10.853573,76.252429,Government,"Board of Technical Examination, Kerala",Approved,Approved,A+,Yes,,Tier 2,http://www.purappuzha.ac.in,info@purappuzha.ac.in,admissions@purappuzha.ac.in,placement@purappuzha.ac.in,+91-80-967-7320,Mechanical Engineering,Diploma,60,180,2020,Rural,Yes,Yes
1-44640104244,1-44640104244,U-0672,KOTTAYAM INSTITUTE OF TECHNOLOGY AND SCIENCE,Active,Kerala,Kottayam,Kottayam,"CHANGALLAM EAST VILLAGE, KOTTAYAM",682045,9.590604,76.531029,Private-Self Financing,"APJ Abdul Kalam Technological University, Kerala",Approved,Approved,B,Yes,,Tier 3,http://www.kottayamscience.ac.in,info@kottayamscience.ac.in,admissions@kottayamscience.ac.in,placement@kottayamscience.ac.in,+91-80-797-1000,Computer Science Engineering (CSE),B.Tech,60,456,1991,Urban,Yes,Yes
1-44640104244,1-44640104244,U-0672,KOTTAYAM INSTITUTE OF TECHNOLOGY AND SCIENCE,Active,Kerala,Kottayam,Kottayam,"CHANGALLAM EAST VILLAGE, KOTTAYAM",682045,9.590604,76.531029,Private-Self Financing,"APJ Abdul Kalam Technological University, Kerala",Approved,Approved,B,Yes,,Tier 3,http://www.kottayamscience.ac.in,info@kottayamscience.ac.in,admissions@kottayamscience.ac.in,placement@kottayamscience.ac.in,+91-80-797-1000,Other Engineering Branches,M.Tech,36,456,1991,Urban,Yes,Yes
1-44640104244,1-44640104244,U-0672,KOTTAYAM INSTITUTE OF TECHNOLOGY AND SCIENCE,Active,Kerala,Kottayam,Kottayam,"CHANGALLAM EAST VILLAGE, KOTTAYAM",682045,9.590604,76.531029,Private-Self Financing,"APJ Abdul Kalam Technological University, Kerala",Approved,Approved,B,Yes,,Tier 3,http://www.kottayamscience.ac.in,info@kottayamscience.ac.in,admissions@kottayamscience.ac.in,placement@kottayamscience.ac.in,+91-80-797-1000,Civil Engineering,B.Tech,60,456,1991,Urban,Yes,Yes
1-44640104244,1-44640104244,U-0672,KOTTAYAM INSTITUTE OF TECHNOLOGY AND SCIENCE,Active,Kerala,Kottayam,Kottayam,"CHANGALLAM EAST VILLAGE, KOTTAYAM",682045,9.590604,76.531029,Private-Self Financing,"APJ Abdul Kalam Technological University, Kerala",Approved,Approved,B,Yes,,Tier 3,http://www.kottayamscience.ac.in,info@kottayamscience.ac.in,admissions@kottayamscience.ac.in,placement@kottayamscience.ac.in,+91-80-797-1000,Mechanical Engineering,B.Tech,60,456,1991,Urban,Yes,Yes
1-44640104244,1-44640104244,U-0672,KOTTAYAM INSTITUTE OF TECHNOLOGY AND SCIENCE,Active,Kerala,Kottayam,Kottayam,"CHANGALLAM EAST VILLAGE, KOTTAYAM",682045,9.590604,76.531029,Private-Self Financing,"APJ Abdul Kalam Technological University, Kerala",Approved,Approved,B,Yes,,Tier 3,http://www.kottayamscience.ac.in,info@kottayamscience.ac.in,admissions@kottayamscience.ac.in,placement@kottayamscience.ac.in,+91-80-797-1000,Electronics & Communication Engineering (ECE),B.Tech,60,456,1991,Urban,Yes,Yes
1-44640104244,1-44640104244,U-0672,KOTTAYAM INSTITUTE OF TECHNOLOGY AND SCIENCE,Active,Kerala,Kottayam,Kottayam,"CHANGALLAM EAST VILLAGE, KOTTAYAM",682045,9.590604,76.531029,Private-Self Financing,"APJ Abdul Kalam Technological University, Kerala",Approved,Approved,B,Yes,,Tier 3,http://www.kottayamscience.ac.in,info@kottayamscience.ac.in,admissions@kottayamscience.ac.in,placement@kottayamscience.ac.in,+91-80-797-1000,Electrical & Electronics Engineering (EEE),B.Tech,60,456,1991,Urban,Yes,Yes
1-44640104244,1-44640104244,U-0672,KOTTAYAM INSTITUTE OF TECHNOLOGY AND SCIENCE,Active,Kerala,Kottayam,Kottayam,"CHANGALLAM EAST VILLAGE, KOTTAYAM",682045,9.590604,76.531029,Private-Self Financing,"APJ Abdul Kalam Technological University, Kerala",Approved,Approved,B,Yes,,Tier 3,http://www.kottayamscience.ac.in,info@kottayamscience.ac.in,admissions@kottayamscience.ac.in,placement@kottayamscience.ac.in,+91-80-797-1000,Automobile Engineering,B.Tech,60,456,1991,Urban,Yes,Yes
1-44640104244,1-44640104244,U-0672,KOTTAYAM INSTITUTE OF TECHNOLOGY AND SCIENCE,Active,Kerala,Kottayam,Kottayam,"CHANGALLAM EAST VILLAGE, KOTTAYAM",682045,9.590604,76.531029,Private-Self Financing,"APJ Abdul Kalam Technological University, Kerala",Approved,Approved,B,Yes,,Tier 3,http://www.kottayamscience.ac.in,info@kottayamscience.ac.in,admissions@kottayamscience.ac.in,placement@kottayamscience.ac.in,+91-80-797-1000,Other Engineering Branches,B.Tech,60,456,1991,Urban,Yes,Yes
1-44639944527,1-44639944527,U-0317,"GOVERNMENT POLYTECHNIC COLLEGE, VECHOOCHIRA",Active,Kerala,Pathanamthitta,Pathanamthitta,"VARKKALAMUKKU, MANNADISALA P O, VECHOOCHIRA, PATHANAMTHITTA DISTRICT KERALA PIN: 686511",686511,10.84106,76.252565,Government,"Board of Technical Examination, Kerala",Approved,Approved,A,No,,Tier 2,http://www.vechoochira.ac.in,info@vechoochira.ac.in,admissions@vechoochira.ac.in,placement@vechoochira.ac.in,+91-80-442-9065,Computer Science Engineering (CSE),Diploma,60,180,1986,Urban,Yes,Yes
1-44639944527,1-44639944527,U-0317,"GOVERNMENT POLYTECHNIC COLLEGE, VECHOOCHIRA",Active,Kerala,Pathanamthitta,Pathanamthitta,"VARKKALAMUKKU, MANNADISALA P O, VECHOOCHIRA, PATHANAMTHITTA DISTRICT KERALA PIN: 686511",686511,10.84106,76.252565,Government,"Board of Technical Examination, Kerala",Approved,Approved,A,No,,Tier 2,http://www.vechoochira.ac.in,info@vechoochira.ac.in,admissions@vechoochira.ac.in,placement@vechoochira.ac.in,+91-80-442-9065,Other Engineering Branches,Diploma,120,180,1986,Urban,Yes,Yes
1-44639946835,1-44639946835,U-0317,THIAGARAJAR POLYTECHNIC COLLEGE,Active,Kerala,Thrissur,Thrissur,ALAGAPPANAGAR P.O,682330,10.527987,76.216565,Govt aided,"Board of Technical Examination, Kerala",Approved,Approved,B+,No,,Tier 3,http://www.thiagarajar.ac.in,info@thiagarajar.ac.in,admissions@thiagarajar.ac.in,placement@thiagarajar.ac.in,+91-80-855-0797,Civil Engineering,Diploma,60,180,2003,Rural,No,Yes
1-44639946835,1-44639946835,U-0317,THIAGARAJAR POLYTECHNIC COLLEGE,Active,Kerala,Thrissur,Thrissur,ALAGAPPANAGAR P.O,682330,10.527987,76.216565,Govt aided,"Board of Technical Examination, Kerala",Approved,Approved,B+,No,,Tier 3,http://www.thiagarajar.ac.in,info@thiagarajar.ac.in,admissions@thiagarajar.ac.in,placement@thiagarajar.ac.in,+91-80-855-0797,Mechanical Engineering,Diploma,60,180,2003,Rural,No,Yes
1-44639946835,1-44639946835,U-0317,THIAGARAJAR POLYTECHNIC COLLEGE,Active,Kerala,Thrissur,Thrissur,ALAGAPPANAGAR P.O,682330,10.527987,76.216565,Govt aided,"Board of Technical Examination, Kerala",Approved,Approved,B+,No,,Tier 3,http://www.thiagarajar.ac.in,info@thiagarajar.ac.in,admissions@thiagarajar.ac.in,placement@thiagarajar.ac.in,+91-80-855-0797,Electrical & Electronics Engineering (EEE),Diploma,60,180,2003,Rural,No,Yes
1-44640782229,1-44640782229,U-0317,MAHARAJA'S TECHNOLOGICAL INSTITUTE,Active,Kerala,Thrissur,Thrissur,"CHEMBUKKAVU, THRISSUR",682330,10.533299,76.203439,Government,"Board of Technical Examination, Kerala",Approved,Approved,A,No,,Tier 2,http://www.maharajastechnological.ac.in,info@maharajastechnological.ac.in,admissions@maharajastechnological.ac.in,placement@maharajastechnological.ac.in,+91-80-077-8681,Electrical & Electronics Engineering (EEE),Diploma,60,300,1988,Urban,No,Yes
1-44640782229,1-44640782229,U-0317,MAHARAJA'S TECHNOLOGICAL INSTITUTE,Active,Kerala,Thrissur,Thrissur,"CHEMBUKKAVU, THRISSUR",682330,10.533299,76.203439,Government,"Board of Technical Examination, Kerala",Approved,Approved,A,No,,Tier 2,http://www.maharajastechnological.ac.in,info@maharajastechnological.ac.in,admissions@maharajastechnological.ac.in,placement@maharajastechnological.ac.in,+91-80-077-8681,Other Engineering Branches,Diploma,60,300,1988,Urban,No,Yes
1-44640782229,1-44640782229,U-0317,MAHARAJA'S TECHNOLOGICAL INSTITUTE,Active,Kerala,Thrissur,Thrissur,"CHEMBUKKAVU, THRISSUR",682330,10.533299,76.203439,Government,"Board of Technical Examination, Kerala",Approved,Approved,A,No,,Tier 2,http://www.maharajastechnological.ac.in,info@maharajastechnological.ac.in,admissions@maharajastechnological.ac.in,placement@maharajastechnological.ac.in,+91-80-077-8681,Computer Science Engineering (CSE),Diploma,60,300,1988,Urban,No,Yes
1-44640782229,1-44640782229,U-0317,MAHARAJA'S TECHNOLOGICAL INSTITUTE,Active,Kerala,Thrissur,Thrissur,"CHEMBUKKAVU, THRISSUR",682330,10.533299,76.203439,Government,"Board of Technical Examination, Kerala",Approved,Approved,A,No,,Tier 2,http://www.maharajastechnological.ac.in,info@maharajastechnological.ac.in,admissions@maharajastechnological.ac.in,placement@maharajastechnological.ac.in,+91-80-077-8681,Civil Engineering,Diploma,60,300,1988,Urban,No,Yes
1-44640782229,1-44640782229,U-0317,MAHARAJA'S TECHNOLOGICAL INSTITUTE,Active,Kerala,Thrissur,Thrissur,"CHEMBUKKAVU, THRISSUR",682330,10.533299,76.203439,Government,"Board of Technical Examination, Kerala",Approved,Approved,A,No,,Tier 2,http://www.maharajastechnological.ac.in,info@maharajastechnological.ac.in,admissions@maharajastechnological.ac.in,placement@maharajastechnological.ac.in,+91-80-077-8681,Mechanical Engineering,Diploma,60,300,1988,Urban,No,Yes
1-44640495805,1-44640495805,U-0672,CARMEL COLLEGE OF ENGINEERING AND TECHNOLOGY,Active,Kerala,Alappuzha,Alappuzha,"PUNNAPRA, ALAPPUZHA 688004, KERALA",688004,9.484718,76.347485,Private-Self Financing,"APJ Abdul Kalam Technological University, Kerala",Approved,Approved,Not Accredited,No,,Tier 3,http://www.carmel.ac.in,info@carmel.ac.in,admissions@carmel.ac.in,placement@carmel.ac.in,+91-80-277-5991,Mechanical Engineering,B.Tech,60,300,2012,Urban,Yes,Yes
1-44640495805,1-44640495805,U-0672,CARMEL COLLEGE OF ENGINEERING AND TECHNOLOGY,Active,Kerala,Alappuzha,Alappuzha,"PUNNAPRA, ALAPPUZHA 688004, KERALA",688004,9.484718,76.347485,Private-Self Financing,"APJ Abdul Kalam Technological University, Kerala",Approved,Approved,Not Accredited,No,,Tier 3,http://www.carmel.ac.in,info@carmel.ac.in,admissions@carmel.ac.in,placement@carmel.ac.in,+91-80-277-5991,Civil Engineering,B.Tech,60,300,2012,Urban,Yes,Yes
1-44640495805,1-44640495805,U-0672,CARMEL COLLEGE OF ENGINEERING AND TECHNOLOGY,Active,Kerala,Alappuzha,Alappuzha,"PUNNAPRA, ALAPPUZHA 688004, KERALA",688004,9.484718,76.347485,Private-Self Financing,"APJ Abdul Kalam Technological University, Kerala",Approved,Approved,Not Accredited,No,,Tier 3,http://www.carmel.ac.in,info@carmel.ac.in,admissions@carmel.ac.in,placement@carmel.ac.in,+91-80-277-5991,Electrical & Electronics Engineering (EEE),B.Tech,60,300,2012,Urban,Yes,Yes
1-44640495805,1-44640495805,U-0672,CARMEL COLLEGE OF ENGINEERING AND TECHNOLOGY,Active,Kerala,Alappuzha,Alappuzha,"PUNNAPRA, ALAPPUZHA 688004, KERALA",688004,9.484718,76.347485,Private-Self Financing,"APJ Abdul Kalam Technological University, Kerala",Approved,Approved,Not Accredited,No,,Tier 3,http://www.carmel.ac.in,info@carmel.ac.in,admissions@carmel.ac.in,placement@carmel.ac.in,+91-80-277-5991,Computer Science Engineering (CSE),B.Tech,120,300,2012,Urban,Yes,Yes
1-44640534847,1-44640534847,U-0672,JOHN COX MEMORIAL CSI INSTITUTE OF TECHNOLOGY,Active,Kerala,Thiruvananthapuram,Thiruvananthapuram,"JOHN COX MEMORIAL CSI INSTITUTE OF TECHNOLOGY, KANNAMMOOLA, THIRUVANANTHAPURAM , PIN 695011, KERALA. PHONE 0471 3075512 , FAX  0471-2446949.",695011,8.509473,76.934186,Private-Self Financing,"APJ Abdul Kalam Technological University, Kerala",Approved,Approved,B,Yes,,Tier 3,http://www.johncoxmemorial.ac.in,info@johncoxmemorial.ac.in,admissions@johncoxmemorial.ac.in,placement@johncoxmemorial.ac.in,+91-80-225-3680,Civil Engineering,B.Tech,60,420,2014,Urban,No,Yes
1-44640534847,1-44640534847,U-0672,JOHN COX MEMORIAL CSI INSTITUTE OF TECHNOLOGY,Active,Kerala,Thiruvananthapuram,Thiruvananthapuram,"JOHN COX MEMORIAL CSI INSTITUTE OF TECHNOLOGY, KANNAMMOOLA, THIRUVANANTHAPURAM , PIN 695011, KERALA. PHONE 0471 3075512 , FAX  0471-2446949.",695011,8.509473,76.934186,Private-Self Financing,"APJ Abdul Kalam Technological University, Kerala",Approved,Approved,B,Yes,,Tier 3,http://www.johncoxmemorial.ac.in,info@johncoxmemorial.ac.in,admissions@johncoxmemorial.ac.in,placement@johncoxmemorial.ac.in,+91-80-225-3680,Electrical & Electronics Engineering (EEE),B.Tech,30,420,2014,Urban,No,Yes
1-44640534847,1-44640534847,U-0672,JOHN COX MEMORIAL CSI INSTITUTE OF TECHNOLOGY,Active,Kerala,Thiruvananthapuram,Thiruvananthapuram,"JOHN COX MEMORIAL CSI INSTITUTE OF TECHNOLOGY, KANNAMMOOLA, THIRUVANANTHAPURAM , PIN 695011, KERALA. PHONE 0471 3075512 , FAX  0471-2446949.",695011,8.509473,76.934186,Private-Self Financing,"APJ Abdul Kalam Technological University, Kerala",Approved,Approved,B,Yes,,Tier 3,http://www.johncoxmemorial.ac.in,info@johncoxmemorial.ac.in,admissions@johncoxmemorial.ac.in,placement@johncoxmemorial.ac.in,+91-80-225-3680,Electronics & Communication Engineering (ECE),B.Tech,30,420,2014,Urban,No,Yes
1-44640534847,1-44640534847,U-0672,JOHN COX MEMORIAL CSI INSTITUTE OF TECHNOLOGY,Active,Kerala,Thiruvananthapuram,Thiruvananthapuram,"JOHN COX MEMORIAL CSI INSTITUTE OF TECHNOLOGY, KANNAMMOOLA, THIRUVANANTHAPURAM , PIN 695011, KERALA. PHONE 0471 3075512 , FAX  0471-2446949.",695011,8.509473,76.934186,Private-Self Financing,"APJ Abdul Kalam Technological University, Kerala",Approved,Approved,B,Yes,,Tier 3,http://www.johncoxmemorial.ac.in,info@johncoxmemorial.ac.in,admissions@johncoxmemorial.ac.in,placement@johncoxmemorial.ac.in,+91-80-225-3680,Mechanical Engineering,B.Tech,30,420,2014,Urban,No,Yes
1-44640534847,1-44640534847,U-0672,JOHN COX MEMORIAL CSI INSTITUTE OF TECHNOLOGY,Active,Kerala,Thiruvananthapuram,Thiruvananthapuram,"JOHN COX MEMORIAL CSI INSTITUTE OF TECHNOLOGY, KANNAMMOOLA, THIRUVANANTHAPURAM , PIN 695011, KERALA. PHONE 0471 3075512 , FAX  0471-2446949.",695011,8.509473,76.934186,Private-Self Financing,"APJ Abdul Kalam Technological University, Kerala",Approved,Approved,B,Yes,,Tier 3,http://www.johncoxmemorial.ac.in,info@johncoxmemorial.ac.in,admissions@johncoxmemorial.ac.in,placement@johncoxmemorial.ac.in,+91-80-225-3680,Computer Science Engineering (CSE),B.Tech,60,420,2014,Urban,No,Yes
1-44640534847,1-44640534847,U-0672,JOHN COX MEMORIAL CSI INSTITUTE OF TECHNOLOGY,Active,Kerala,Thiruvananthapuram,Thiruvananthapuram,"JOHN COX MEMORIAL CSI INSTITUTE OF TECHNOLOGY, KANNAMMOOLA, THIRUVANANTHAPURAM , PIN 695011, KERALA. PHONE 0471 3075512 , FAX  0471-2446949.",695011,8.509473,76.934186,Private-Self Financing,"APJ Abdul Kalam Technological University, Kerala",Approved,Approved,B,Yes,,Tier 3,http://www.johncoxmemorial.ac.in,info@johncoxmemorial.ac.in,admissions@johncoxmemorial.ac.in,placement@johncoxmemorial.ac.in,+91-80-225-3680,Other Engineering Branches,B.Tech,30,420,2014,Urban,No,Yes
1-44640534847,1-44640534847,U-0672,JOHN COX MEMORIAL CSI INSTITUTE OF TECHNOLOGY,Active,Kerala,Thiruvananthapuram,Thiruvananthapuram,"JOHN COX MEMORIAL CSI INSTITUTE OF TECHNOLOGY, KANNAMMOOLA, THIRUVANANTHAPURAM , PIN 695011, KERALA. PHONE 0471 3075512 , FAX  0471-2446949.",695011,8.509473,76.934186,Private-Self Financing,"APJ Abdul Kalam Technological University, Kerala",Approved,Approved,B,Yes,,Tier 3,http://www.johncoxmemorial.ac.in,info@johncoxmemorial.ac.in,admissions@johncoxmemorial.ac.in,placement@johncoxmemorial.ac.in,+91-80-225-3680,Artificial Intelligence & Machine Learning (AI & ML),B.Tech,30,420,2014,Urban,No,Yes
1-44640534847,1-44640534847,U-0672,JOHN COX MEMORIAL CSI INSTITUTE OF TECHNOLOGY,Active,Kerala,Thiruvananthapuram,Thiruvananthapuram,"JOHN COX MEMORIAL CSI INSTITUTE OF TECHNOLOGY, KANNAMMOOLA, THIRUVANANTHAPURAM , PIN 695011, KERALA. PHONE 0471 3075512 , FAX  0471-2446949.",695011,8.509473,76.934186,Private-Self Financing,"APJ Abdul Kalam Technological University, Kerala",Approved,Approved,B,Yes,,Tier 3,http://www.johncoxmemorial.ac.in,info@johncoxmemorial.ac.in,admissions@johncoxmemorial.ac.in,placement@johncoxmemorial.ac.in,+91-80-225-3680,Civil Engineering,Diploma,30,420,2014,Urban,No,Yes
1-44640534847,1-44640534847,U-0672,JOHN COX MEMORIAL CSI INSTITUTE OF TECHNOLOGY,Active,Kerala,Thiruvananthapuram,Thiruvananthapuram,"JOHN COX MEMORIAL CSI INSTITUTE OF TECHNOLOGY, KANNAMMOOLA, THIRUVANANTHAPURAM , PIN 695011, KERALA. PHONE 0471 3075512 , FAX  0471-2446949.",695011,8.509473,76.934186,Private-Self Financing,"APJ Abdul Kalam Technological University, Kerala",Approved,Approved,B,Yes,,Tier 3,http://www.johncoxmemorial.ac.in,info@johncoxmemorial.ac.in,admissions@johncoxmemorial.ac.in,placement@johncoxmemorial.ac.in,+91-80-225-3680,Computer Science Engineering (CSE),Diploma,30,420,2014,Urban,No,Yes
1-44640534847,1-44640534847,U-0672,JOHN COX MEMORIAL CSI INSTITUTE OF TECHNOLOGY,Active,Kerala,Thiruvananthapuram,Thiruvananthapuram,"JOHN COX MEMORIAL CSI INSTITUTE OF TECHNOLOGY, KANNAMMOOLA, THIRUVANANTHAPURAM , PIN 695011, KERALA. PHONE 0471 3075512 , FAX  0471-2446949.",695011,8.509473,76.934186,Private-Self Financing,"APJ Abdul Kalam Technological University, Kerala",Approved,Approved,B,Yes,,Tier 3,http://www.johncoxmemorial.ac.in,info@johncoxmemorial.ac.in,admissions@johncoxmemorial.ac.in,placement@johncoxmemorial.ac.in,+91-80-225-3680,Electrical Engineering,Diploma,30,420,2014,Urban,No,Yes
1-44640534847,1-44640534847,U-0672,JOHN COX MEMORIAL CSI INSTITUTE OF TECHNOLOGY,Active,Kerala,Thiruvananthapuram,Thiruvananthapuram,"JOHN COX MEMORIAL CSI INSTITUTE OF TECHNOLOGY, KANNAMMOOLA, THIRUVANANTHAPURAM , PIN 695011, KERALA. PHONE 0471 3075512 , FAX  0471-2446949.",695011,8.509473,76.934186,Private-Self Financing,"APJ Abdul Kalam Technological University, Kerala",Approved,Approved,B,Yes,,Tier 3,http://www.johncoxmemorial.ac.in,info@johncoxmemorial.ac.in,admissions@johncoxmemorial.ac.in,placement@johncoxmemorial.ac.in,+91-80-225-3680,Electronics & Communication Engineering (ECE),Diploma,30,420,2014,Urban,No,Yes
1-44640534847,1-44640534847,U-0672,JOHN COX MEMORIAL CSI INSTITUTE OF TECHNOLOGY,Active,Kerala,Thiruvananthapuram,Thiruvananthapuram,"JOHN COX MEMORIAL CSI INSTITUTE OF TECHNOLOGY, KANNAMMOOLA, THIRUVANANTHAPURAM , PIN 695011, KERALA. PHONE 0471 3075512 , FAX  0471-2446949.",695011,8.509473,76.934186,Private-Self Financing,"APJ Abdul Kalam Technological University, Kerala",Approved,Approved,B,Yes,,Tier 3,http://www.johncoxmemorial.ac.in,info@johncoxmemorial.ac.in,admissions@johncoxmemorial.ac.in,placement@johncoxmemorial.ac.in,+91-80-225-3680,Mechanical Engineering,Diploma,30,420,2014,Urban,No,Yes
1-44640456631,1-44640456631,U-0672,ST.THOMAS COLLEGE OF ENGINEERING & TECHNOLOGY,Active,Kerala,Kannur,Kannur,"SIVAPURAM P.O, MATTANNUR (VIA),  KANNUR",682328,10.859698,76.270019,Private-Self Financing,"APJ Abdul Kalam Technological University, Kerala",Approved,Approved,B+,No,,Tier 3,http://www.stthomas.ac.in,info@stthomas.ac.in,admissions@stthomas.ac.in,placement@stthomas.ac.in,+91-80-224-6649,Civil Engineering,B.Tech,30,210,2002,Rural,No,Yes
1-44640456631,1-44640456631,U-0672,ST.THOMAS COLLEGE OF ENGINEERING & TECHNOLOGY,Active,Kerala,Kannur,Kannur,"SIVAPURAM P.O, MATTANNUR (VIA),  KANNUR",682328,10.859698,76.270019,Private-Self Financing,"APJ Abdul Kalam Technological University, Kerala",Approved,Approved,B+,No,,Tier 3,http://www.stthomas.ac.in,info@stthomas.ac.in,admissions@stthomas.ac.in,placement@stthomas.ac.in,+91-80-224-6649,Mechanical Engineering,B.Tech,30,210,2002,Rural,No,Yes
1-44640456631,1-44640456631,U-0672,ST.THOMAS COLLEGE OF ENGINEERING & TECHNOLOGY,Active,Kerala,Kannur,Kannur,"SIVAPURAM P.O, MATTANNUR (VIA),  KANNUR",682328,10.859698,76.270019,Private-Self Financing,"APJ Abdul Kalam Technological University, Kerala",Approved,Approved,B+,No,,Tier 3,http://www.stthomas.ac.in,info@stthomas.ac.in,admissions@stthomas.ac.in,placement@stthomas.ac.in,+91-80-224-6649,Electronics & Communication Engineering (ECE),B.Tech,30,210,2002,Rural,No,Yes
1-44640456631,1-44640456631,U-0672,ST.THOMAS COLLEGE OF ENGINEERING & TECHNOLOGY,Active,Kerala,Kannur,Kannur,"SIVAPURAM P.O, MATTANNUR (VIA),  KANNUR",682328,10.859698,76.270019,Private-Self Financing,"APJ Abdul Kalam Technological University, Kerala",Approved,Approved,B+,No,,Tier 3,http://www.stthomas.ac.in,info@stthomas.ac.in,admissions@stthomas.ac.in,placement@stthomas.ac.in,+91-80-224-6649,Computer Science Engineering (CSE),B.Tech,60,210,2002,Rural,No,Yes
1-44640456631,1-44640456631,U-0672,ST.THOMAS COLLEGE OF ENGINEERING & TECHNOLOGY,Active,Kerala,Kannur,Kannur,"SIVAPURAM P.O, MATTANNUR (VIA),  KANNUR",682328,10.859698,76.270019,Private-Self Financing,"APJ Abdul Kalam Technological University, Kerala",Approved,Approved,B+,No,,Tier 3,http://www.stthomas.ac.in,info@stthomas.ac.in,admissions@stthomas.ac.in,placement@stthomas.ac.in,+91-80-224-6649,Data Science,B.Tech,60,210,2002,Rural,No,Yes
1-44640707501,1-44640707501,U-0317,"GOVERNMENT POLYTECHNIC COLLEGE,VANDIPERIYAR",Active,Kerala,Idukki,Idukki,VANDIPERIYAR P.O KUMILY IDUKKI PIN -685533,685533,10.847393,76.252954,Government,"Board of Technical Examination, Kerala",Approved,Approved,B,No,,Tier 3,http://www.collegevandiperiyar.ac.in,info@collegevandiperiyar.ac.in,admissions@collegevandiperiyar.ac.in,placement@collegevandiperiyar.ac.in,+91-80-708-5323,Computer Science Engineering (CSE),Diploma,60,164,1989,Rural,Yes,No
1-44640707501,1-44640707501,U-0317,"GOVERNMENT POLYTECHNIC COLLEGE,VANDIPERIYAR",Active,Kerala,Idukki,Idukki,VANDIPERIYAR P.O KUMILY IDUKKI PIN -685533,685533,10.847393,76.252954,Government,"Board of Technical Examination, Kerala",Approved,Approved,B,No,,Tier 3,http://www.collegevandiperiyar.ac.in,info@collegevandiperiyar.ac.in,admissions@collegevandiperiyar.ac.in,placement@collegevandiperiyar.ac.in,+91-80-708-5323,Other Engineering Branches,Diploma,104,164,1989,Rural,Yes,No
1-44640841195,1-44640841195,U-0317,ARIES POLYTECHNIC COLLEGE,Active,Kerala,Palakkad,Palakkad,"CHINNATHADAGAM- MANNARKAD ROAD, MATTATHGUD KOTTATHARA",682263,10.770877,76.643683,Private-Self Financing,"Board of Technical Examination, Kerala",Approved,Approved,Not Accredited,No,,Tier 3,http://www.aries.ac.in,info@aries.ac.in,admissions@aries.ac.in,placement@aries.ac.in,+91-80-175-1865,Civil Engineering,Diploma,60,300,2020,Urban,Yes,Yes
1-44640841195,1-44640841195,U-0317,ARIES POLYTECHNIC COLLEGE,Active,Kerala,Palakkad,Palakkad,"CHINNATHADAGAM- MANNARKAD ROAD, MATTATHGUD KOTTATHARA",682263,10.770877,76.643683,Private-Self Financing,"Board of Technical Examination, Kerala",Approved,Approved,Not Accredited,No,,Tier 3,http://www.aries.ac.in,info@aries.ac.in,admissions@aries.ac.in,placement@aries.ac.in,+91-80-175-1865,Automobile Engineering,Diploma,60,300,2020,Urban,Yes,Yes
1-44640841195,1-44640841195,U-0317,ARIES POLYTECHNIC COLLEGE,Active,Kerala,Palakkad,Palakkad,"CHINNATHADAGAM- MANNARKAD ROAD, MATTATHGUD KOTTATHARA",682263,10.770877,76.643683,Private-Self Financing,"Board of Technical Examination, Kerala",Approved,Approved,Not Accredited,No,,Tier 3,http://www.aries.ac.in,info@aries.ac.in,admissions@aries.ac.in,placement@aries.ac.in,+91-80-175-1865,Mechanical Engineering,Diploma,60,300,2020,Urban,Yes,Yes
1-44640841195,1-44640841195,U-0317,ARIES POLYTECHNIC COLLEGE,Active,Kerala,Palakkad,Palakkad,"CHINNATHADAGAM- MANNARKAD ROAD, MATTATHGUD KOTTATHARA",682263,10.770877,76.643683,Private-Self Financing,"Board of Technical Examination, Kerala",Approved,Approved,Not Accredited,No,,Tier 3,http://www.aries.ac.in,info@aries.ac.in,admissions@aries.ac.in,placement@aries.ac.in,+91-80-175-1865,Electrical & Electronics Engineering (EEE),Diploma,60,300,2020,Urban,Yes,Yes
1-44640841195,1-44640841195,U-0317,ARIES POLYTECHNIC COLLEGE,Active,Kerala,Palakkad,Palakkad,"CHINNATHADAGAM- MANNARKAD ROAD, MATTATHGUD KOTTATHARA",682263,10.770877,76.643683,Private-Self Financing,"Board of Technical Examination, Kerala",Approved,Approved,Not Accredited,No,,Tier 3,http://www.aries.ac.in,info@aries.ac.in,admissions@aries.ac.in,placement@aries.ac.in,+91-80-175-1865,Other Engineering Branches,Diploma,60,300,2020,Urban,Yes,Yes
1-44640368037,1-44640368037,U-0317,"SREE RAMA GOVT POLYTECHNIC COLLEGE,THRIPRAYAR",Active,Kerala,Thrissur,Thrissur,"VALAPAD P O, THRISSUR DISTRICT",682330,10.538148,76.205533,Government,"Board of Technical Examination, Kerala",Approved,Approved,B,No,,Tier 3,http://www.sreeramagovt.ac.in,info@sreeramagovt.ac.in,admissions@sreeramagovt.ac.in,placement@sreeramagovt.ac.in,+91-80-281-2615,Civil Engineering,Diploma,60,300,2012,Rural,Yes,Yes
1-44640368037,1-44640368037,U-0317,"SREE RAMA GOVT POLYTECHNIC COLLEGE,THRIPRAYAR",Active,Kerala,Thrissur,Thrissur,"VALAPAD P O, THRISSUR DISTRICT",682330,10.538148,76.205533,Government,"Board of Technical Examination, Kerala",Approved,Approved,B,No,,Tier 3,http://www.sreeramagovt.ac.in,info@sreeramagovt.ac.in,admissions@sreeramagovt.ac.in,placement@sreeramagovt.ac.in,+91-80-281-2615,Mechanical Engineering,Diploma,60,300,2012,Rural,Yes,Yes
1-44640368037,1-44640368037,U-0317,"SREE RAMA GOVT POLYTECHNIC COLLEGE,THRIPRAYAR",Active,Kerala,Thrissur,Thrissur,"VALAPAD P O, THRISSUR DISTRICT",682330,10.538148,76.205533,Government,"Board of Technical Examination, Kerala",Approved,Approved,B,No,,Tier 3,http://www.sreeramagovt.ac.in,info@sreeramagovt.ac.in,admissions@sreeramagovt.ac.in,placement@sreeramagovt.ac.in,+91-80-281-2615,Electrical & Electronics Engineering (EEE),Diploma,60,300,2012,Rural,Yes,Yes
1-44640368037,1-44640368037,U-0317,"SREE RAMA GOVT POLYTECHNIC COLLEGE,THRIPRAYAR",Active,Kerala,Thrissur,Thrissur,"VALAPAD P O, THRISSUR DISTRICT",682330,10.538148,76.205533,Government,"Board of Technical Examination, Kerala",Approved,Approved,B,No,,Tier 3,http://www.sreeramagovt.ac.in,info@sreeramagovt.ac.in,admissions@sreeramagovt.ac.in,placement@sreeramagovt.ac.in,+91-80-281-2615,Other Engineering Branches,Diploma,60,300,2012,Rural,Yes,Yes
1-44640368037,1-44640368037,U-0317,"SREE RAMA GOVT POLYTECHNIC COLLEGE,THRIPRAYAR",Active,Kerala,Thrissur,Thrissur,"VALAPAD P O, THRISSUR DISTRICT",682330,10.538148,76.205533,Government,"Board of Technical Examination, Kerala",Approved,Approved,B,No,,Tier 3,http://www.sreeramagovt.ac.in,info@sreeramagovt.ac.in,admissions@sreeramagovt.ac.in,placement@sreeramagovt.ac.in,+91-80-281-2615,Computer Science Engineering (CSE),Diploma,60,300,2012,Rural,Yes,Yes
1-44640541293,1-44640541293,U-0317,HASSAN HAJI MEMORIAL JDT ISLAM POLYTECHNIC COLLEGE,Active,Kerala,Kozhikode,Kozhikode,P.B NO 1702 JAMIATH HILL MARIKUNNU,682606,11.273225,75.772176,Private-Self Financing,"Board of Technical Examination, Kerala",Approved,Approved,A,No,,Tier 3,http://www.hassanhajimemorial.ac.in,info@hassanhajimemorial.ac.in,admissions@hassanhajimemorial.ac.in,placement@hassanhajimemorial.ac.in,+91-80-443-8731,Computer Science Engineering (CSE),Diploma,60,600,2022,Urban,Yes,Yes
1-44640541293,1-44640541293,U-0317,HASSAN HAJI MEMORIAL JDT ISLAM POLYTECHNIC COLLEGE,Active,Kerala,Kozhikode,Kozhikode,P.B NO 1702 JAMIATH HILL MARIKUNNU,682606,11.273225,75.772176,Private-Self Financing,"Board of Technical Examination, Kerala",Approved,Approved,A,No,,Tier 3,http://www.hassanhajimemorial.ac.in,info@hassanhajimemorial.ac.in,admissions@hassanhajimemorial.ac.in,placement@hassanhajimemorial.ac.in,+91-80-443-8731,Other Engineering Branches,Diploma,180,600,2022,Urban,Yes,Yes
1-44640541293,1-44640541293,U-0317,HASSAN HAJI MEMORIAL JDT ISLAM POLYTECHNIC COLLEGE,Active,Kerala,Kozhikode,Kozhikode,P.B NO 1702 JAMIATH HILL MARIKUNNU,682606,11.273225,75.772176,Private-Self Financing,"Board of Technical Examination, Kerala",Approved,Approved,A,No,,Tier 3,http://www.hassanhajimemorial.ac.in,info@hassanhajimemorial.ac.in,admissions@hassanhajimemorial.ac.in,placement@hassanhajimemorial.ac.in,+91-80-443-8731,Automobile Engineering,Diploma,60,600,2022,Urban,Yes,Yes
1-44640541293,1-44640541293,U-0317,HASSAN HAJI MEMORIAL JDT ISLAM POLYTECHNIC COLLEGE,Active,Kerala,Kozhikode,Kozhikode,P.B NO 1702 JAMIATH HILL MARIKUNNU,682606,11.273225,75.772176,Private-Self Financing,"Board of Technical Examination, Kerala",Approved,Approved,A,No,,Tier 3,http://www.hassanhajimemorial.ac.in,info@hassanhajimemorial.ac.in,admissions@hassanhajimemorial.ac.in,placement@hassanhajimemorial.ac.in,+91-80-443-8731,Civil Engineering,Diploma,60,600,2022,Urban,Yes,Yes
1-44640541293,1-44640541293,U-0317,HASSAN HAJI MEMORIAL JDT ISLAM POLYTECHNIC COLLEGE,Active,Kerala,Kozhikode,Kozhikode,P.B NO 1702 JAMIATH HILL MARIKUNNU,682606,11.273225,75.772176,Private-Self Financing,"Board of Technical Examination, Kerala",Approved,Approved,A,No,,Tier 3,http://www.hassanhajimemorial.ac.in,info@hassanhajimemorial.ac.in,admissions@hassanhajimemorial.ac.in,placement@hassanhajimemorial.ac.in,+91-80-443-8731,Mechanical Engineering,Diploma,60,600,2022,Urban,Yes,Yes
1-44640541293,1-44640541293,U-0317,HASSAN HAJI MEMORIAL JDT ISLAM POLYTECHNIC COLLEGE,Active,Kerala,Kozhikode,Kozhikode,P.B NO 1702 JAMIATH HILL MARIKUNNU,682606,11.273225,75.772176,Private-Self Financing,"Board of Technical Examination, Kerala",Approved,Approved,A,No,,Tier 3,http://www.hassanhajimemorial.ac.in,info@hassanhajimemorial.ac.in,admissions@hassanhajimemorial.ac.in,placement@hassanhajimemorial.ac.in,+91-80-443-8731,Electrical & Electronics Engineering (EEE),Diploma,60,600,2022,Urban,Yes,Yes
1-44640541293,1-44640541293,U-0317,HASSAN HAJI MEMORIAL JDT ISLAM POLYTECHNIC COLLEGE,Active,Kerala,Kozhikode,Kozhikode,P.B NO 1702 JAMIATH HILL MARIKUNNU,682606,11.273225,75.772176,Private-Self Financing,"Board of Technical Examination, Kerala",Approved,Approved,A,No,,Tier 3,http://www.hassanhajimemorial.ac.in,info@hassanhajimemorial.ac.in,admissions@hassanhajimemorial.ac.in,placement@hassanhajimemorial.ac.in,+91-80-443-8731,Information Technology (IT),Diploma,60,600,2022,Urban,Yes,Yes
1-44640541293,1-44640541293,U-0317,HASSAN HAJI MEMORIAL JDT ISLAM POLYTECHNIC COLLEGE,Active,Kerala,Kozhikode,Kozhikode,P.B NO 1702 JAMIATH HILL MARIKUNNU,682606,11.273225,75.772176,Private-Self Financing,"Board of Technical Examination, Kerala",Approved,Approved,A,No,,Tier 3,http://www.hassanhajimemorial.ac.in,info@hassanhajimemorial.ac.in,admissions@hassanhajimemorial.ac.in,placement@hassanhajimemorial.ac.in,+91-80-443-8731,Artificial Intelligence & Machine Learning (AI & ML),Diploma,60,600,2022,Urban,Yes,Yes
1-44640582248,1-44640582248,U-0672,ILAHIA COLLEGE OF ENGINEERING AND TECHNOLOGY,Active,Kerala,Ernakulam,Ernakulam,"MULAVOOR P.O MUVATTUPUZHA, ERNAKULAM DIST. KERALA.",682234,9.997188,76.306379,Private-Self Financing,"APJ Abdul Kalam Technological University, Kerala",Approved,Approved,B+,No,,Tier 3,http://www.ilahia.ac.in,info@ilahia.ac.in,admissions@ilahia.ac.in,placement@ilahia.ac.in,+91-80-492-6505,Electrical & Electronics Engineering (EEE),B.Tech,30,477,2012,Rural,Yes,Yes
1-44640582248,1-44640582248,U-0672,ILAHIA COLLEGE OF ENGINEERING AND TECHNOLOGY,Active,Kerala,Ernakulam,Ernakulam,"MULAVOOR P.O MUVATTUPUZHA, ERNAKULAM DIST. KERALA.",682234,9.997188,76.306379,Private-Self Financing,"APJ Abdul Kalam Technological University, Kerala",Approved,Approved,B+,No,,Tier 3,http://www.ilahia.ac.in,info@ilahia.ac.in,admissions@ilahia.ac.in,placement@ilahia.ac.in,+91-80-492-6505,Electronics & Communication Engineering (ECE),B.Tech,30,477,2012,Rural,Yes,Yes
1-44640582248,1-44640582248,U-0672,ILAHIA COLLEGE OF ENGINEERING AND TECHNOLOGY,Active,Kerala,Ernakulam,Ernakulam,"MULAVOOR P.O MUVATTUPUZHA, ERNAKULAM DIST. KERALA.",682234,9.997188,76.306379,Private-Self Financing,"APJ Abdul Kalam Technological University, Kerala",Approved,Approved,B+,No,,Tier 3,http://www.ilahia.ac.in,info@ilahia.ac.in,admissions@ilahia.ac.in,placement@ilahia.ac.in,+91-80-492-6505,Computer Science Engineering (CSE),B.Tech,120,477,2012,Rural,Yes,Yes
1-44640582248,1-44640582248,U-0672,ILAHIA COLLEGE OF ENGINEERING AND TECHNOLOGY,Active,Kerala,Ernakulam,Ernakulam,"MULAVOOR P.O MUVATTUPUZHA, ERNAKULAM DIST. KERALA.",682234,9.997188,76.306379,Private-Self Financing,"APJ Abdul Kalam Technological University, Kerala",Approved,Approved,B+,No,,Tier 3,http://www.ilahia.ac.in,info@ilahia.ac.in,admissions@ilahia.ac.in,placement@ilahia.ac.in,+91-80-492-6505,Mechanical Engineering,B.Tech,30,477,2012,Rural,Yes,Yes
1-44640582248,1-44640582248,U-0672,ILAHIA COLLEGE OF ENGINEERING AND TECHNOLOGY,Active,Kerala,Ernakulam,Ernakulam,"MULAVOOR P.O MUVATTUPUZHA, ERNAKULAM DIST. KERALA.",682234,9.997188,76.306379,Private-Self Financing,"APJ Abdul Kalam Technological University, Kerala",Approved,Approved,B+,No,,Tier 3,http://www.ilahia.ac.in,info@ilahia.ac.in,admissions@ilahia.ac.in,placement@ilahia.ac.in,+91-80-492-6505,Civil Engineering,B.Tech,30,477,2012,Rural,Yes,Yes
1-44640582248,1-44640582248,U-0672,ILAHIA COLLEGE OF ENGINEERING AND TECHNOLOGY,Active,Kerala,Ernakulam,Ernakulam,"MULAVOOR P.O MUVATTUPUZHA, ERNAKULAM DIST. KERALA.",682234,9.997188,76.306379,Private-Self Financing,"APJ Abdul Kalam Technological University, Kerala",Approved,Approved,B+,No,,Tier 3,http://www.ilahia.ac.in,info@ilahia.ac.in,admissions@ilahia.ac.in,placement@ilahia.ac.in,+91-80-492-6505,Computer Science Engineering (CSE),M.Tech,9,477,2012,Rural,Yes,Yes
1-44640582248,1-44640582248,U-0672,ILAHIA COLLEGE OF ENGINEERING AND TECHNOLOGY,Active,Kerala,Ernakulam,Ernakulam,"MULAVOOR P.O MUVATTUPUZHA, ERNAKULAM DIST. KERALA.",682234,9.997188,76.306379,Private-Self Financing,"APJ Abdul Kalam Technological University, Kerala",Approved,Approved,B+,No,,Tier 3,http://www.ilahia.ac.in,info@ilahia.ac.in,admissions@ilahia.ac.in,placement@ilahia.ac.in,+91-80-492-6505,Other Engineering Branches,M.Tech,18,477,2012,Rural,Yes,Yes
1-44640582248,1-44640582248,U-0672,ILAHIA COLLEGE OF ENGINEERING AND TECHNOLOGY,Active,Kerala,Ernakulam,Ernakulam,"MULAVOOR P.O MUVATTUPUZHA, ERNAKULAM DIST. KERALA.",682234,9.997188,76.306379,Private-Self Financing,"APJ Abdul Kalam Technological University, Kerala",Approved,Approved,B+,No,,Tier 3,http://www.ilahia.ac.in,info@ilahia.ac.in,admissions@ilahia.ac.in,placement@ilahia.ac.in,+91-80-492-6505,Data Science,B.Tech,60,477,2012,Rural,Yes,Yes
1-44640582248,1-44640582248,U-0672,ILAHIA COLLEGE OF ENGINEERING AND TECHNOLOGY,Active,Kerala,Ernakulam,Ernakulam,"MULAVOOR P.O MUVATTUPUZHA, ERNAKULAM DIST. KERALA.",682234,9.997188,76.306379,Private-Self Financing,"APJ Abdul Kalam Technological University, Kerala",Approved,Approved,B+,No,,Tier 3,http://www.ilahia.ac.in,info@ilahia.ac.in,admissions@ilahia.ac.in,placement@ilahia.ac.in,+91-80-492-6505,Cyber Security,B.Tech,60,477,2012,Rural,Yes,Yes
1-44640582248,1-44640582248,U-0672,ILAHIA COLLEGE OF ENGINEERING AND TECHNOLOGY,Active,Kerala,Ernakulam,Ernakulam,"MULAVOOR P.O MUVATTUPUZHA, ERNAKULAM DIST. KERALA.",682234,9.997188,76.306379,Private-Self Financing,"APJ Abdul Kalam Technological University, Kerala",Approved,Approved,B+,No,,Tier 3,http://www.ilahia.ac.in,info@ilahia.ac.in,admissions@ilahia.ac.in,placement@ilahia.ac.in,+91-80-492-6505,Other Engineering Branches,B.Tech,60,477,2012,Rural,Yes,Yes
1-44640582248,1-44640582248,U-0672,ILAHIA COLLEGE OF ENGINEERING AND TECHNOLOGY,Active,Kerala,Ernakulam,Ernakulam,"MULAVOOR P.O MUVATTUPUZHA, ERNAKULAM DIST. KERALA.",682234,9.997188,76.306379,Private-Self Financing,"APJ Abdul Kalam Technological University, Kerala",Approved,Approved,B+,No,,Tier 3,http://www.ilahia.ac.in,info@ilahia.ac.in,admissions@ilahia.ac.in,placement@ilahia.ac.in,+91-80-492-6505,Agricultural Engineering,B.Tech,30,477,2012,Rural,Yes,Yes
1-44640749712,1-44640749712,U-0672,MUTHOOT INSTITUTE OF TECHNOLOGY AND SCIENCE,Active,Kerala,Ernakulam,Ernakulam,VARIKOLI P.O. PUTHENCRUZ PIN 682308 ERNAKULAM DISTRICT,682308,9.997801,76.297541,Private-Self Financing,"APJ Abdul Kalam Technological University, Kerala",Approved,Approved,A+,Yes,,Tier 2,http://www.muthootscience.ac.in,info@muthootscience.ac.in,admissions@muthootscience.ac.in,placement@muthootscience.ac.in,+91-80-518-3472,Civil Engineering,B.Tech,60,564,1988,Rural,Yes,No
1-44640749712,1-44640749712,U-0672,MUTHOOT INSTITUTE OF TECHNOLOGY AND SCIENCE,Active,Kerala,Ernakulam,Ernakulam,VARIKOLI P.O. PUTHENCRUZ PIN 682308 ERNAKULAM DISTRICT,682308,9.997801,76.297541,Private-Self Financing,"APJ Abdul Kalam Technological University, Kerala",Approved,Approved,A+,Yes,,Tier 2,http://www.muthootscience.ac.in,info@muthootscience.ac.in,admissions@muthootscience.ac.in,placement@muthootscience.ac.in,+91-80-518-3472,Mechanical Engineering,B.Tech,60,564,1988,Rural,Yes,No
1-44640749712,1-44640749712,U-0672,MUTHOOT INSTITUTE OF TECHNOLOGY AND SCIENCE,Active,Kerala,Ernakulam,Ernakulam,VARIKOLI P.O. PUTHENCRUZ PIN 682308 ERNAKULAM DISTRICT,682308,9.997801,76.297541,Private-Self Financing,"APJ Abdul Kalam Technological University, Kerala",Approved,Approved,A+,Yes,,Tier 2,http://www.muthootscience.ac.in,info@muthootscience.ac.in,admissions@muthootscience.ac.in,placement@muthootscience.ac.in,+91-80-518-3472,Electronics & Communication Engineering (ECE),B.Tech,60,564,1988,Rural,Yes,No
1-44640749712,1-44640749712,U-0672,MUTHOOT INSTITUTE OF TECHNOLOGY AND SCIENCE,Active,Kerala,Ernakulam,Ernakulam,VARIKOLI P.O. PUTHENCRUZ PIN 682308 ERNAKULAM DISTRICT,682308,9.997801,76.297541,Private-Self Financing,"APJ Abdul Kalam Technological University, Kerala",Approved,Approved,A+,Yes,,Tier 2,http://www.muthootscience.ac.in,info@muthootscience.ac.in,admissions@muthootscience.ac.in,placement@muthootscience.ac.in,+91-80-518-3472,Electrical & Electronics Engineering (EEE),B.Tech,60,564,1988,Rural,Yes,No
1-44640749712,1-44640749712,U-0672,MUTHOOT INSTITUTE OF TECHNOLOGY AND SCIENCE,Active,Kerala,Ernakulam,Ernakulam,VARIKOLI P.O. PUTHENCRUZ PIN 682308 ERNAKULAM DISTRICT,682308,9.997801,76.297541,Private-Self Financing,"APJ Abdul Kalam Technological University, Kerala",Approved,Approved,A+,Yes,,Tier 2,http://www.muthootscience.ac.in,info@muthootscience.ac.in,admissions@muthootscience.ac.in,placement@muthootscience.ac.in,+91-80-518-3472,Computer Science Engineering (CSE),B.Tech,180,564,1988,Rural,Yes,No
1-44640749712,1-44640749712,U-0672,MUTHOOT INSTITUTE OF TECHNOLOGY AND SCIENCE,Active,Kerala,Ernakulam,Ernakulam,VARIKOLI P.O. PUTHENCRUZ PIN 682308 ERNAKULAM DISTRICT,682308,9.997801,76.297541,Private-Self Financing,"APJ Abdul Kalam Technological University, Kerala",Approved,Approved,A+,Yes,,Tier 2,http://www.muthootscience.ac.in,info@muthootscience.ac.in,admissions@muthootscience.ac.in,placement@muthootscience.ac.in,+91-80-518-3472,Data Science,M.Tech,12,564,1988,Rural,Yes,No
1-44640749712,1-44640749712,U-0672,MUTHOOT INSTITUTE OF TECHNOLOGY AND SCIENCE,Active,Kerala,Ernakulam,Ernakulam,VARIKOLI P.O. PUTHENCRUZ PIN 682308 ERNAKULAM DISTRICT,682308,9.997801,76.297541,Private-Self Financing,"APJ Abdul Kalam Technological University, Kerala",Approved,Approved,A+,Yes,,Tier 2,http://www.muthootscience.ac.in,info@muthootscience.ac.in,admissions@muthootscience.ac.in,placement@muthootscience.ac.in,+91-80-518-3472,Cyber Security,M.Tech,12,564,1988,Rural,Yes,No
1-44640749712,1-44640749712,U-0672,MUTHOOT INSTITUTE OF TECHNOLOGY AND SCIENCE,Active,Kerala,Ernakulam,Ernakulam,VARIKOLI P.O. PUTHENCRUZ PIN 682308 ERNAKULAM DISTRICT,682308,9.997801,76.297541,Private-Self Financing,"APJ Abdul Kalam Technological University, Kerala",Approved,Approved,A+,Yes,,Tier 2,http://www.muthootscience.ac.in,info@muthootscience.ac.in,admissions@muthootscience.ac.in,placement@muthootscience.ac.in,+91-80-518-3472,Data Science,B.Tech,60,564,1988,Rural,Yes,No
1-44640749712,1-44640749712,U-0672,MUTHOOT INSTITUTE OF TECHNOLOGY AND SCIENCE,Active,Kerala,Ernakulam,Ernakulam,VARIKOLI P.O. PUTHENCRUZ PIN 682308 ERNAKULAM DISTRICT,682308,9.997801,76.297541,Private-Self Financing,"APJ Abdul Kalam Technological University, Kerala",Approved,Approved,A+,Yes,,Tier 2,http://www.muthootscience.ac.in,info@muthootscience.ac.in,admissions@muthootscience.ac.in,placement@muthootscience.ac.in,+91-80-518-3472,Cyber Security,B.Tech,60,564,1988,Rural,Yes,No
1-44640795780,1-44640795780,U-0317,"K KARUNAKARAN MEMORIAL MODEL POLYTECHNIC COLLEGE, KALLETTUMKARA",Active,Kerala,Thrissur,Thrissur,"KALLETTUMKARA P.O, THRISSUR (DIST), KERALA -680683",680683,10.537328,76.206797,Government,"Board of Technical Examination, Kerala",Approved,Approved,B,No,,Tier 3,http://www.kkarunakaranmemorial.ac.in,info@kkarunakaranmemorial.ac.in,admissions@kkarunakaranmemorial.ac.in,placement@kkarunakaranmemorial.ac.in,+91-80-246-8815,Computer Science Engineering (CSE),Diploma,60,360,2014,Rural,Yes,Yes
1-44640795780,1-44640795780,U-0317,"K KARUNAKARAN MEMORIAL MODEL POLYTECHNIC COLLEGE, KALLETTUMKARA",Active,Kerala,Thrissur,Thrissur,"KALLETTUMKARA P.O, THRISSUR (DIST), KERALA -680683",680683,10.537328,76.206797,Government,"Board of Technical Examination, Kerala",Approved,Approved,B,No,,Tier 3,http://www.kkarunakaranmemorial.ac.in,info@kkarunakaranmemorial.ac.in,admissions@kkarunakaranmemorial.ac.in,placement@kkarunakaranmemorial.ac.in,+91-80-246-8815,Other Engineering Branches,Diploma,180,360,2014,Rural,Yes,Yes
1-44640795780,1-44640795780,U-0317,"K KARUNAKARAN MEMORIAL MODEL POLYTECHNIC COLLEGE, KALLETTUMKARA",Active,Kerala,Thrissur,Thrissur,"KALLETTUMKARA P.O, THRISSUR (DIST), KERALA -680683",680683,10.537328,76.206797,Government,"Board of Technical Examination, Kerala",Approved,Approved,B,No,,Tier 3,http://www.kkarunakaranmemorial.ac.in,info@kkarunakaranmemorial.ac.in,admissions@kkarunakaranmemorial.ac.in,placement@kkarunakaranmemorial.ac.in,+91-80-246-8815,Electrical & Electronics Engineering (EEE),Diploma,60,360,2014,Rural,Yes,Yes
1-44640795780,1-44640795780,U-0317,"K KARUNAKARAN MEMORIAL MODEL POLYTECHNIC COLLEGE, KALLETTUMKARA",Active,Kerala,Thrissur,Thrissur,"KALLETTUMKARA P.O, THRISSUR (DIST), KERALA -680683",680683,10.537328,76.206797,Government,"Board of Technical Examination, Kerala",Approved,Approved,B,No,,Tier 3,http://www.kkarunakaranmemorial.ac.in,info@kkarunakaranmemorial.ac.in,admissions@kkarunakaranmemorial.ac.in,placement@kkarunakaranmemorial.ac.in,+91-80-246-8815,Robotics,Diploma,60,360,2014,Rural,Yes,Yes
1-44640711132,1-44640711132,U-0317,"GOVERMENT POLYTECHNIC COLLEGE, NEYYATTINKARA",Active,Kerala,Thiruvananthapuram,Thiruvananthapuram,"PERUMBAZHUTHUR P O, NEYYATTINKARA",682973,8.539232,76.935013,Government,"Board of Technical Examination, Kerala",Approved,Approved,A,No,,Tier 2,http://www.govermentneyyattinkara.ac.in,info@govermentneyyattinkara.ac.in,admissions@govermentneyyattinkara.ac.in,placement@govermentneyyattinkara.ac.in,+91-80-473-5221,Computer Science Engineering (CSE),Diploma,60,270,2008,Urban,Yes,Yes
1-44640711132,1-44640711132,U-0317,"GOVERMENT POLYTECHNIC COLLEGE, NEYYATTINKARA",Active,Kerala,Thiruvananthapuram,Thiruvananthapuram,"PERUMBAZHUTHUR P O, NEYYATTINKARA",682973,8.539232,76.935013,Government,"Board of Technical Examination, Kerala",Approved,Approved,A,No,,Tier 2,http://www.govermentneyyattinkara.ac.in,info@govermentneyyattinkara.ac.in,admissions@govermentneyyattinkara.ac.in,placement@govermentneyyattinkara.ac.in,+91-80-473-5221,Electronics & Communication Engineering (ECE),Diploma,60,270,2008,Urban,Yes,Yes
1-44640711132,1-44640711132,U-0317,"GOVERMENT POLYTECHNIC COLLEGE, NEYYATTINKARA",Active,Kerala,Thiruvananthapuram,Thiruvananthapuram,"PERUMBAZHUTHUR P O, NEYYATTINKARA",682973,8.539232,76.935013,Government,"Board of Technical Examination, Kerala",Approved,Approved,A,No,,Tier 2,http://www.govermentneyyattinkara.ac.in,info@govermentneyyattinkara.ac.in,admissions@govermentneyyattinkara.ac.in,placement@govermentneyyattinkara.ac.in,+91-80-473-5221,Other Engineering Branches,Diploma,150,270,2008,Urban,Yes,Yes
1-44640752413,1-44640752413,U-0992,"DEPARTMENT OF SHIP TECHNOLOGY,COCHIN UNIVERSITY OF SCIENCE AND TECHNOLOGY",Active,Kerala,Ernakulam,Ernakulam,CUSAT COCHIN UNIVERSITY P.O,682234,9.983185,76.282626,State Government University,NOT APPLICABLE,Approved,Approved,A,No,,Tier 3,http://www.departmentshiptechnologycochin.ac.in,info@departmentshiptechnologycochin.ac.in,admissions@departmentshiptechnologycochin.ac.in,placement@departmentshiptechnologycochin.ac.in,+91-80-905-3457,Other Engineering Branches,M.Tech,18,58,1997,Urban,Yes,Yes
1-44640752413,1-44640752413,U-0992,"DEPARTMENT OF SHIP TECHNOLOGY,COCHIN UNIVERSITY OF SCIENCE AND TECHNOLOGY",Active,Kerala,Ernakulam,Ernakulam,CUSAT COCHIN UNIVERSITY P.O,682234,9.983185,76.282626,State Government University,NOT APPLICABLE,Approved,Approved,A,No,,Tier 3,http://www.departmentshiptechnologycochin.ac.in,info@departmentshiptechnologycochin.ac.in,admissions@departmentshiptechnologycochin.ac.in,placement@departmentshiptechnologycochin.ac.in,+91-80-905-3457,Information Technology (IT),B.Tech,40,58,1997,Urban,Yes,Yes
1-44640417623,1-44640417623,U-0317,GOVERNMENT WOMEN'S POLYTECHNIC COLLEGE,Active,Kerala,Malappuram,Malappuram,PUTHUPARAMBA KOTTAKKAL MALAPPURAM KERALA,682347,10.859752,76.284797,Government,"Board of Technical Examination, Kerala",Approved,Approved,B,No,,Tier 3,http://www.inst7925.ac.in,info@inst7925.ac.in,admissions@inst7925.ac.in,placement@inst7925.ac.in,+91-80-226-9015,Other Engineering Branches,Diploma,160,220,2008,Urban,No,Yes
1-44640417623,1-44640417623,U-0317,GOVERNMENT WOMEN'S POLYTECHNIC COLLEGE,Active,Kerala,Malappuram,Malappuram,PUTHUPARAMBA KOTTAKKAL MALAPPURAM KERALA,682347,10.859752,76.284797,Government,"Board of Technical Examination, Kerala",Approved,Approved,B,No,,Tier 3,http://www.inst7925.ac.in,info@inst7925.ac.in,admissions@inst7925.ac.in,placement@inst7925.ac.in,+91-80-226-9015,Electronics & Communication Engineering (ECE),Diploma,60,220,2008,Urban,No,Yes
1-44640801793,1-44640801793,U-0317,CARMEL POLYTECHNIC COLLEGE,Active,Kerala,Alappuzha,Alappuzha,"PUNNAPARA,",682427,9.50804,76.336157,Govt aided,"Board of Technical Examination, Kerala",Approved,Approved,A,No,,Tier 3,http://www.carmel.ac.in,info@carmel.ac.in,admissions@carmel.ac.in,placement@carmel.ac.in,+91-80-255-7679,Civil Engineering,Diploma,60,360,1992,Urban,Yes,Yes
1-44640801793,1-44640801793,U-0317,CARMEL POLYTECHNIC COLLEGE,Active,Kerala,Alappuzha,Alappuzha,"PUNNAPARA,",682427,9.50804,76.336157,Govt aided,"Board of Technical Examination, Kerala",Approved,Approved,A,No,,Tier 3,http://www.carmel.ac.in,info@carmel.ac.in,admissions@carmel.ac.in,placement@carmel.ac.in,+91-80-255-7679,Mechanical Engineering,Diploma,60,360,1992,Urban,Yes,Yes
1-44640801793,1-44640801793,U-0317,CARMEL POLYTECHNIC COLLEGE,Active,Kerala,Alappuzha,Alappuzha,"PUNNAPARA,",682427,9.50804,76.336157,Govt aided,"Board of Technical Examination, Kerala",Approved,Approved,A,No,,Tier 3,http://www.carmel.ac.in,info@carmel.ac.in,admissions@carmel.ac.in,placement@carmel.ac.in,+91-80-255-7679,Electrical & Electronics Engineering (EEE),Diploma,60,360,1992,Urban,Yes,Yes
1-44640801793,1-44640801793,U-0317,CARMEL POLYTECHNIC COLLEGE,Active,Kerala,Alappuzha,Alappuzha,"PUNNAPARA,",682427,9.50804,76.336157,Govt aided,"Board of Technical Examination, Kerala",Approved,Approved,A,No,,Tier 3,http://www.carmel.ac.in,info@carmel.ac.in,admissions@carmel.ac.in,placement@carmel.ac.in,+91-80-255-7679,Computer Science Engineering (CSE),Diploma,60,360,1992,Urban,Yes,Yes
1-44640801793,1-44640801793,U-0317,CARMEL POLYTECHNIC COLLEGE,Active,Kerala,Alappuzha,Alappuzha,"PUNNAPARA,",682427,9.50804,76.336157,Govt aided,"Board of Technical Examination, Kerala",Approved,Approved,A,No,,Tier 3,http://www.carmel.ac.in,info@carmel.ac.in,admissions@carmel.ac.in,placement@carmel.ac.in,+91-80-255-7679,Other Engineering Branches,Diploma,60,360,1992,Urban,Yes,Yes
1-44640801793,1-44640801793,U-0317,CARMEL POLYTECHNIC COLLEGE,Active,Kerala,Alappuzha,Alappuzha,"PUNNAPARA,",682427,9.50804,76.336157,Govt aided,"Board of Technical Examination, Kerala",Approved,Approved,A,No,,Tier 3,http://www.carmel.ac.in,info@carmel.ac.in,admissions@carmel.ac.in,placement@carmel.ac.in,+91-80-255-7679,Automobile Engineering,Diploma,60,360,1992,Urban,Yes,Yes
1-44640507472,1-44640507472,U-0317,INSTITUTE OF PRINTING TECHNOLOGY AND GOVERNMENT POLYTECHNIC COLLEGE,Active,Kerala,Palakkad,Palakkad,INSTITUTE OF PRINTING TECHNOLOGY AND GOVERNMENT POLYTECHNIC COLLEGE SHORANUR -2 PALAKKAD DISTRICT KERALA STATE,682263,10.770754,76.652861,Government,"Board of Technical Examination, Kerala",Approved,Approved,A+,Yes,,Tier 2,http://www.printing.ac.in,info@printing.ac.in,admissions@printing.ac.in,placement@printing.ac.in,+91-80-170-0468,Other Engineering Branches,Diploma,180,240,2008,Urban,Yes,Yes
1-44640507472,1-44640507472,U-0317,INSTITUTE OF PRINTING TECHNOLOGY AND GOVERNMENT POLYTECHNIC COLLEGE,Active,Kerala,Palakkad,Palakkad,INSTITUTE OF PRINTING TECHNOLOGY AND GOVERNMENT POLYTECHNIC COLLEGE SHORANUR -2 PALAKKAD DISTRICT KERALA STATE,682263,10.770754,76.652861,Government,"Board of Technical Examination, Kerala",Approved,Approved,A+,Yes,,Tier 2,http://www.printing.ac.in,info@printing.ac.in,admissions@printing.ac.in,placement@printing.ac.in,+91-80-170-0468,Computer Science Engineering (CSE),Diploma,60,240,2008,Urban,Yes,Yes
1-44640507963,1-44640507963,U-0992,INTERNATIONAL SCHOOL OF PHOTONICS COCHIN UNIVERSITY OF SCIENCE AND TECHNOLOGY,Active,Kerala,Ernakulam,Ernakulam,"COCHIN UNIVERSITY OF SCIENCE AND TECHNOLOGY, COCHIN UNIVERSITY P.O KOCHI-682022",682022,9.979208,76.30345,State Government University,NOT APPLICABLE,Approved,Approved,B,No,,Tier 3,http://www.internationalschoolphotonics.ac.in,info@internationalschoolphotonics.ac.in,admissions@internationalschoolphotonics.ac.in,placement@internationalschoolphotonics.ac.in,+91-80-738-5494,Other Engineering Branches,M.Tech,18,18,2020,Urban,Yes,No
1-44640547852,1-44640547852,U-0317,"GOVERNMENT POLYTECHNIC COLLEGE, MUTTOM",Active,Kerala,Idukki,Idukki,MUTTOM THODUPUZHA,682695,10.835488,76.285395,Government,"Board of Technical Examination, Kerala",Approved,Approved,B,No,,Tier 3,http://www.muttom.ac.in,info@muttom.ac.in,admissions@muttom.ac.in,placement@muttom.ac.in,+91-80-209-2507,Civil Engineering,Diploma,60,300,2017,Urban,Yes,Yes
1-44640547852,1-44640547852,U-0317,"GOVERNMENT POLYTECHNIC COLLEGE, MUTTOM",Active,Kerala,Idukki,Idukki,MUTTOM THODUPUZHA,682695,10.835488,76.285395,Government,"Board of Technical Examination, Kerala",Approved,Approved,B,No,,Tier 3,http://www.muttom.ac.in,info@muttom.ac.in,admissions@muttom.ac.in,placement@muttom.ac.in,+91-80-209-2507,Mechanical Engineering,Diploma,60,300,2017,Urban,Yes,Yes
1-44640547852,1-44640547852,U-0317,"GOVERNMENT POLYTECHNIC COLLEGE, MUTTOM",Active,Kerala,Idukki,Idukki,MUTTOM THODUPUZHA,682695,10.835488,76.285395,Government,"Board of Technical Examination, Kerala",Approved,Approved,B,No,,Tier 3,http://www.muttom.ac.in,info@muttom.ac.in,admissions@muttom.ac.in,placement@muttom.ac.in,+91-80-209-2507,Electrical & Electronics Engineering (EEE),Diploma,60,300,2017,Urban,Yes,Yes
1-44640547852,1-44640547852,U-0317,"GOVERNMENT POLYTECHNIC COLLEGE, MUTTOM",Active,Kerala,Idukki,Idukki,MUTTOM THODUPUZHA,682695,10.835488,76.285395,Government,"Board of Technical Examination, Kerala",Approved,Approved,B,No,,Tier 3,http://www.muttom.ac.in,info@muttom.ac.in,admissions@muttom.ac.in,placement@muttom.ac.in,+91-80-209-2507,Other Engineering Branches,Diploma,60,300,2017,Urban,Yes,Yes
1-44640547852,1-44640547852,U-0317,"GOVERNMENT POLYTECHNIC COLLEGE, MUTTOM",Active,Kerala,Idukki,Idukki,MUTTOM THODUPUZHA,682695,10.835488,76.285395,Government,"Board of Technical Examination, Kerala",Approved,Approved,B,No,,Tier 3,http://www.muttom.ac.in,info@muttom.ac.in,admissions@muttom.ac.in,placement@muttom.ac.in,+91-80-209-2507,Computer Science Engineering (CSE),Diploma,60,300,2017,Urban,Yes,Yes
1-44640549002,1-44640549002,U-0317,"GOVERNMENT POLYTECHNIC COLLEGE, KOTHAMANGALAM",Active,Kerala,Ernakulam,Ernakulam,CHELAD P.O KOTHAMANGALAM ERNAKULAM DISTRICT KERALA,682234,9.988423,76.287632,Government,"Board of Technical Examination, Kerala",Approved,Approved,A,No,,Tier 2,http://www.kothamangalam.ac.in,info@kothamangalam.ac.in,admissions@kothamangalam.ac.in,placement@kothamangalam.ac.in,+91-80-125-0225,Civil Engineering,Diploma,60,240,2017,Urban,Yes,Yes
1-44640549002,1-44640549002,U-0317,"GOVERNMENT POLYTECHNIC COLLEGE, KOTHAMANGALAM",Active,Kerala,Ernakulam,Ernakulam,CHELAD P.O KOTHAMANGALAM ERNAKULAM DISTRICT KERALA,682234,9.988423,76.287632,Government,"Board of Technical Examination, Kerala",Approved,Approved,A,No,,Tier 2,http://www.kothamangalam.ac.in,info@kothamangalam.ac.in,admissions@kothamangalam.ac.in,placement@kothamangalam.ac.in,+91-80-125-0225,Mechanical Engineering,Diploma,60,240,2017,Urban,Yes,Yes
1-44640549002,1-44640549002,U-0317,"GOVERNMENT POLYTECHNIC COLLEGE, KOTHAMANGALAM",Active,Kerala,Ernakulam,Ernakulam,CHELAD P.O KOTHAMANGALAM ERNAKULAM DISTRICT KERALA,682234,9.988423,76.287632,Government,"Board of Technical Examination, Kerala",Approved,Approved,A,No,,Tier 2,http://www.kothamangalam.ac.in,info@kothamangalam.ac.in,admissions@kothamangalam.ac.in,placement@kothamangalam.ac.in,+91-80-125-0225,Other Engineering Branches,Diploma,60,240,2017,Urban,Yes,Yes
1-44640549002,1-44640549002,U-0317,"GOVERNMENT POLYTECHNIC COLLEGE, KOTHAMANGALAM",Active,Kerala,Ernakulam,Ernakulam,CHELAD P.O KOTHAMANGALAM ERNAKULAM DISTRICT KERALA,682234,9.988423,76.287632,Government,"Board of Technical Examination, Kerala",Approved,Approved,A,No,,Tier 2,http://www.kothamangalam.ac.in,info@kothamangalam.ac.in,admissions@kothamangalam.ac.in,placement@kothamangalam.ac.in,+91-80-125-0225,Computer Science Engineering (CSE),Diploma,60,240,2017,Urban,Yes,Yes
1-44640835547,1-44640835547,U-0672,COLLEGE OF ENGINEERING & TECHNOLOGY-PAYYANUR,Active,Kerala,Kannur,Kannur,"NEAR THRIKKUTTERY TEMPLE, KAITHAPPURAM P.O, MATHAMANGALAM, KANNUR DISTRICT",682328,10.855271,76.272945,Private-Self Financing,"APJ Abdul Kalam Technological University, Kerala",Approved,Approved,A,No,,Tier 3,http://www.technologypayyanur.ac.in,info@technologypayyanur.ac.in,admissions@technologypayyanur.ac.in,placement@technologypayyanur.ac.in,+91-80-038-9899,Mechanical Engineering,B.Tech,30,225,2022,Urban,Yes,No
1-44640835547,1-44640835547,U-0672,COLLEGE OF ENGINEERING & TECHNOLOGY-PAYYANUR,Active,Kerala,Kannur,Kannur,"NEAR THRIKKUTTERY TEMPLE, KAITHAPPURAM P.O, MATHAMANGALAM, KANNUR DISTRICT",682328,10.855271,76.272945,Private-Self Financing,"APJ Abdul Kalam Technological University, Kerala",Approved,Approved,A,No,,Tier 3,http://www.technologypayyanur.ac.in,info@technologypayyanur.ac.in,admissions@technologypayyanur.ac.in,placement@technologypayyanur.ac.in,+91-80-038-9899,Civil Engineering,B.Tech,30,225,2022,Urban,Yes,No
1-44640835547,1-44640835547,U-0672,COLLEGE OF ENGINEERING & TECHNOLOGY-PAYYANUR,Active,Kerala,Kannur,Kannur,"NEAR THRIKKUTTERY TEMPLE, KAITHAPPURAM P.O, MATHAMANGALAM, KANNUR DISTRICT",682328,10.855271,76.272945,Private-Self Financing,"APJ Abdul Kalam Technological University, Kerala",Approved,Approved,A,No,,Tier 3,http://www.technologypayyanur.ac.in,info@technologypayyanur.ac.in,admissions@technologypayyanur.ac.in,placement@technologypayyanur.ac.in,+91-80-038-9899,Electrical & Electronics Engineering (EEE),B.Tech,15,225,2022,Urban,Yes,No
1-44640835547,1-44640835547,U-0672,COLLEGE OF ENGINEERING & TECHNOLOGY-PAYYANUR,Active,Kerala,Kannur,Kannur,"NEAR THRIKKUTTERY TEMPLE, KAITHAPPURAM P.O, MATHAMANGALAM, KANNUR DISTRICT",682328,10.855271,76.272945,Private-Self Financing,"APJ Abdul Kalam Technological University, Kerala",Approved,Approved,A,No,,Tier 3,http://www.technologypayyanur.ac.in,info@technologypayyanur.ac.in,admissions@technologypayyanur.ac.in,placement@technologypayyanur.ac.in,+91-80-038-9899,Electronics & Communication Engineering (ECE),B.Tech,30,225,2022,Urban,Yes,No
1-44640835547,1-44640835547,U-0672,COLLEGE OF ENGINEERING & TECHNOLOGY-PAYYANUR,Active,Kerala,Kannur,Kannur,"NEAR THRIKKUTTERY TEMPLE, KAITHAPPURAM P.O, MATHAMANGALAM, KANNUR DISTRICT",682328,10.855271,76.272945,Private-Self Financing,"APJ Abdul Kalam Technological University, Kerala",Approved,Approved,A,No,,Tier 3,http://www.technologypayyanur.ac.in,info@technologypayyanur.ac.in,admissions@technologypayyanur.ac.in,placement@technologypayyanur.ac.in,+91-80-038-9899,Data Science,B.Tech,60,225,2022,Urban,Yes,No
1-44640835547,1-44640835547,U-0672,COLLEGE OF ENGINEERING & TECHNOLOGY-PAYYANUR,Active,Kerala,Kannur,Kannur,"NEAR THRIKKUTTERY TEMPLE, KAITHAPPURAM P.O, MATHAMANGALAM, KANNUR DISTRICT",682328,10.855271,76.272945,Private-Self Financing,"APJ Abdul Kalam Technological University, Kerala",Approved,Approved,A,No,,Tier 3,http://www.technologypayyanur.ac.in,info@technologypayyanur.ac.in,admissions@technologypayyanur.ac.in,placement@technologypayyanur.ac.in,+91-80-038-9899,Artificial Intelligence & Machine Learning (AI & ML),B.Tech,60,225,2022,Urban,Yes,No
1-44640836123,1-44640836123,U-0317,GOVT. POLYTECHNIC COLLEGE MEPPADI,Active,Kerala,Wayanad,Wayanad,MEPPADI P.O WAYANAD DIST KERALA,682314,10.845087,76.267711,Government,"Board of Technical Examination, Kerala",Approved,Approved,B++,Yes,,Tier 3,http://www.govtmeppadi.ac.in,info@govtmeppadi.ac.in,admissions@govtmeppadi.ac.in,placement@govtmeppadi.ac.in,+91-80-611-8250,Computer Science Engineering (CSE),Diploma,60,180,2011,Rural,Yes,Yes
1-44640836123,1-44640836123,U-0317,GOVT. POLYTECHNIC COLLEGE MEPPADI,Active,Kerala,Wayanad,Wayanad,MEPPADI P.O WAYANAD DIST KERALA,682314,10.845087,76.267711,Government,"Board of Technical Examination, Kerala",Approved,Approved,B++,Yes,,Tier 3,http://www.govtmeppadi.ac.in,info@govtmeppadi.ac.in,admissions@govtmeppadi.ac.in,placement@govtmeppadi.ac.in,+91-80-611-8250,Other Engineering Branches,Diploma,120,180,2011,Rural,Yes,Yes
1-44640838012,1-44640838012,U-0672,JYOTHI ENGINEERING COLLEGE,Active,Kerala,Thrissur,Thrissur,"JYOTHI HILLS,  PANJAL ROAD,  VETTIKKATTIRI(PO),  CHERUTHURUTHY,",682330,10.530836,76.223818,Private-Self Financing,"APJ Abdul Kalam Technological University, Kerala",Approved,Approved,B++,Yes,,Tier 3,http://www.jyothi.ac.in,info@jyothi.ac.in,admissions@jyothi.ac.in,placement@jyothi.ac.in,+91-80-974-6108,Electrical & Electronics Engineering (EEE),B.Tech,30,630,1994,Urban,Yes,Yes
1-44640838012,1-44640838012,U-0672,JYOTHI ENGINEERING COLLEGE,Active,Kerala,Thrissur,Thrissur,"JYOTHI HILLS,  PANJAL ROAD,  VETTIKKATTIRI(PO),  CHERUTHURUTHY,",682330,10.530836,76.223818,Private-Self Financing,"APJ Abdul Kalam Technological University, Kerala",Approved,Approved,B++,Yes,,Tier 3,http://www.jyothi.ac.in,info@jyothi.ac.in,admissions@jyothi.ac.in,placement@jyothi.ac.in,+91-80-974-6108,Mechanical Engineering,B.Tech,120,630,1994,Urban,Yes,Yes
1-44640838012,1-44640838012,U-0672,JYOTHI ENGINEERING COLLEGE,Active,Kerala,Thrissur,Thrissur,"JYOTHI HILLS,  PANJAL ROAD,  VETTIKKATTIRI(PO),  CHERUTHURUTHY,",682330,10.530836,76.223818,Private-Self Financing,"APJ Abdul Kalam Technological University, Kerala",Approved,Approved,B++,Yes,,Tier 3,http://www.jyothi.ac.in,info@jyothi.ac.in,admissions@jyothi.ac.in,placement@jyothi.ac.in,+91-80-974-6108,Civil Engineering,B.Tech,30,630,1994,Urban,Yes,Yes
1-44640838012,1-44640838012,U-0672,JYOTHI ENGINEERING COLLEGE,Active,Kerala,Thrissur,Thrissur,"JYOTHI HILLS,  PANJAL ROAD,  VETTIKKATTIRI(PO),  CHERUTHURUTHY,",682330,10.530836,76.223818,Private-Self Financing,"APJ Abdul Kalam Technological University, Kerala",Approved,Approved,B++,Yes,,Tier 3,http://www.jyothi.ac.in,info@jyothi.ac.in,admissions@jyothi.ac.in,placement@jyothi.ac.in,+91-80-974-6108,Computer Science Engineering (CSE),B.Tech,180,630,1994,Urban,Yes,Yes
1-44640838012,1-44640838012,U-0672,JYOTHI ENGINEERING COLLEGE,Active,Kerala,Thrissur,Thrissur,"JYOTHI HILLS,  PANJAL ROAD,  VETTIKKATTIRI(PO),  CHERUTHURUTHY,",682330,10.530836,76.223818,Private-Self Financing,"APJ Abdul Kalam Technological University, Kerala",Approved,Approved,B++,Yes,,Tier 3,http://www.jyothi.ac.in,info@jyothi.ac.in,admissions@jyothi.ac.in,placement@jyothi.ac.in,+91-80-974-6108,Electronics & Communication Engineering (ECE),B.Tech,60,630,1994,Urban,Yes,Yes
1-44640838012,1-44640838012,U-0672,JYOTHI ENGINEERING COLLEGE,Active,Kerala,Thrissur,Thrissur,"JYOTHI HILLS,  PANJAL ROAD,  VETTIKKATTIRI(PO),  CHERUTHURUTHY,",682330,10.530836,76.223818,Private-Self Financing,"APJ Abdul Kalam Technological University, Kerala",Approved,Approved,B++,Yes,,Tier 3,http://www.jyothi.ac.in,info@jyothi.ac.in,admissions@jyothi.ac.in,placement@jyothi.ac.in,+91-80-974-6108,Computer Science Engineering (CSE),M.Tech,6,630,1994,Urban,Yes,Yes
1-44640838012,1-44640838012,U-0672,JYOTHI ENGINEERING COLLEGE,Active,Kerala,Thrissur,Thrissur,"JYOTHI HILLS,  PANJAL ROAD,  VETTIKKATTIRI(PO),  CHERUTHURUTHY,",682330,10.530836,76.223818,Private-Self Financing,"APJ Abdul Kalam Technological University, Kerala",Approved,Approved,B++,Yes,,Tier 3,http://www.jyothi.ac.in,info@jyothi.ac.in,admissions@jyothi.ac.in,placement@jyothi.ac.in,+91-80-974-6108,Other Engineering Branches,M.Tech,6,630,1994,Urban,Yes,Yes
1-44640838012,1-44640838012,U-0672,JYOTHI ENGINEERING COLLEGE,Active,Kerala,Thrissur,Thrissur,"JYOTHI HILLS,  PANJAL ROAD,  VETTIKKATTIRI(PO),  CHERUTHURUTHY,",682330,10.530836,76.223818,Private-Self Financing,"APJ Abdul Kalam Technological University, Kerala",Approved,Approved,B++,Yes,,Tier 3,http://www.jyothi.ac.in,info@jyothi.ac.in,admissions@jyothi.ac.in,placement@jyothi.ac.in,+91-80-974-6108,Robotics,M.Tech,6,630,1994,Urban,Yes,Yes
1-44640838012,1-44640838012,U-0672,JYOTHI ENGINEERING COLLEGE,Active,Kerala,Thrissur,Thrissur,"JYOTHI HILLS,  PANJAL ROAD,  VETTIKKATTIRI(PO),  CHERUTHURUTHY,",682330,10.530836,76.223818,Private-Self Financing,"APJ Abdul Kalam Technological University, Kerala",Approved,Approved,B++,Yes,,Tier 3,http://www.jyothi.ac.in,info@jyothi.ac.in,admissions@jyothi.ac.in,placement@jyothi.ac.in,+91-80-974-6108,Data Science,B.Tech,120,630,1994,Urban,Yes,Yes
1-44640838012,1-44640838012,U-0672,JYOTHI ENGINEERING COLLEGE,Active,Kerala,Thrissur,Thrissur,"JYOTHI HILLS,  PANJAL ROAD,  VETTIKKATTIRI(PO),  CHERUTHURUTHY,",682330,10.530836,76.223818,Private-Self Financing,"APJ Abdul Kalam Technological University, Kerala",Approved,Approved,B++,Yes,,Tier 3,http://www.jyothi.ac.in,info@jyothi.ac.in,admissions@jyothi.ac.in,placement@jyothi.ac.in,+91-80-974-6108,Cyber Security,B.Tech,60,630,1994,Urban,Yes,Yes
1-44640838012,1-44640838012,U-0672,JYOTHI ENGINEERING COLLEGE,Active,Kerala,Thrissur,Thrissur,"JYOTHI HILLS,  PANJAL ROAD,  VETTIKKATTIRI(PO),  CHERUTHURUTHY,",682330,10.530836,76.223818,Private-Self Financing,"APJ Abdul Kalam Technological University, Kerala",Approved,Approved,B++,Yes,,Tier 3,http://www.jyothi.ac.in,info@jyothi.ac.in,admissions@jyothi.ac.in,placement@jyothi.ac.in,+91-80-974-6108,Data Science,M.Tech,12,630,1994,Urban,Yes,Yes
1-44640471490,1-44640471490,U-0317,GOVERNMENT POLYTECHNIC COLLEGE KANNUR,Active,Kerala,Kannur,Kannur,GOVERNMENT POLYTECHNIC COLLEGE KANNUR THOTTADA PO KANNUR-670621 KERALA,670621,10.844881,76.252592,Government,"Board of Technical Examination, Kerala",Approved,Approved,A,No,,Tier 2,http://www.kannur.ac.in,info@kannur.ac.in,admissions@kannur.ac.in,placement@kannur.ac.in,+91-80-603-1625,Civil Engineering,Diploma,60,344,1990,Rural,Yes,Yes
1-44640471490,1-44640471490,U-0317,GOVERNMENT POLYTECHNIC COLLEGE KANNUR,Active,Kerala,Kannur,Kannur,GOVERNMENT POLYTECHNIC COLLEGE KANNUR THOTTADA PO KANNUR-670621 KERALA,670621,10.844881,76.252592,Government,"Board of Technical Examination, Kerala",Approved,Approved,A,No,,Tier 2,http://www.kannur.ac.in,info@kannur.ac.in,admissions@kannur.ac.in,placement@kannur.ac.in,+91-80-603-1625,Mechanical Engineering,Diploma,60,344,1990,Rural,Yes,Yes
1-44640471490,1-44640471490,U-0317,GOVERNMENT POLYTECHNIC COLLEGE KANNUR,Active,Kerala,Kannur,Kannur,GOVERNMENT POLYTECHNIC COLLEGE KANNUR THOTTADA PO KANNUR-670621 KERALA,670621,10.844881,76.252592,Government,"Board of Technical Examination, Kerala",Approved,Approved,A,No,,Tier 2,http://www.kannur.ac.in,info@kannur.ac.in,admissions@kannur.ac.in,placement@kannur.ac.in,+91-80-603-1625,Electrical & Electronics Engineering (EEE),Diploma,60,344,1990,Rural,Yes,Yes
1-44640471490,1-44640471490,U-0317,GOVERNMENT POLYTECHNIC COLLEGE KANNUR,Active,Kerala,Kannur,Kannur,GOVERNMENT POLYTECHNIC COLLEGE KANNUR THOTTADA PO KANNUR-670621 KERALA,670621,10.844881,76.252592,Government,"Board of Technical Examination, Kerala",Approved,Approved,A,No,,Tier 2,http://www.kannur.ac.in,info@kannur.ac.in,admissions@kannur.ac.in,placement@kannur.ac.in,+91-80-603-1625,Other Engineering Branches,Diploma,164,344,1990,Rural,Yes,Yes
1-44640473131,1-44640473131,U-0317,MODEL POLYTECHNIC COLLEGE,Active,Kerala,Kollam,Kollam,MODEL POLYTECHNIC MALIAKEL JUN EDAKULANGARA PO PIN:690562,690562,8.908462,76.60826,Government,"Board of Technical Examination, Kerala",Approved,Approved,B++,Yes,,Tier 3,http://www.model.ac.in,info@model.ac.in,admissions@model.ac.in,placement@model.ac.in,+91-80-478-9722,Other Engineering Branches,Diploma,120,360,2021,Rural,Yes,Yes
1-44640473131,1-44640473131,U-0317,MODEL POLYTECHNIC COLLEGE,Active,Kerala,Kollam,Kollam,MODEL POLYTECHNIC MALIAKEL JUN EDAKULANGARA PO PIN:690562,690562,8.908462,76.60826,Government,"Board of Technical Examination, Kerala",Approved,Approved,B++,Yes,,Tier 3,http://www.model.ac.in,info@model.ac.in,admissions@model.ac.in,placement@model.ac.in,+91-80-478-9722,Electronics & Communication Engineering (ECE),Diploma,60,360,2021,Rural,Yes,Yes
1-44640473131,1-44640473131,U-0317,MODEL POLYTECHNIC COLLEGE,Active,Kerala,Kollam,Kollam,MODEL POLYTECHNIC MALIAKEL JUN EDAKULANGARA PO PIN:690562,690562,8.908462,76.60826,Government,"Board of Technical Examination, Kerala",Approved,Approved,B++,Yes,,Tier 3,http://www.model.ac.in,info@model.ac.in,admissions@model.ac.in,placement@model.ac.in,+91-80-478-9722,Computer Science Engineering (CSE),Diploma,60,360,2021,Rural,Yes,Yes
1-44640473131,1-44640473131,U-0317,MODEL POLYTECHNIC COLLEGE,Active,Kerala,Kollam,Kollam,MODEL POLYTECHNIC MALIAKEL JUN EDAKULANGARA PO PIN:690562,690562,8.908462,76.60826,Government,"Board of Technical Examination, Kerala",Approved,Approved,B++,Yes,,Tier 3,http://www.model.ac.in,info@model.ac.in,admissions@model.ac.in,placement@model.ac.in,+91-80-478-9722,Electrical & Electronics Engineering (EEE),Diploma,60,360,2021,Rural,Yes,Yes
1-44640473131,1-44640473131,U-0317,MODEL POLYTECHNIC COLLEGE,Active,Kerala,Kollam,Kollam,MODEL POLYTECHNIC MALIAKEL JUN EDAKULANGARA PO PIN:690562,690562,8.908462,76.60826,Government,"Board of Technical Examination, Kerala",Approved,Approved,B++,Yes,,Tier 3,http://www.model.ac.in,info@model.ac.in,admissions@model.ac.in,placement@model.ac.in,+91-80-478-9722,Mechanical Engineering,Diploma,60,360,2021,Rural,Yes,Yes
1-44640511530,1-44640511530,U-0672,SAHRDAYA COLLEGE OF ENGINEERING & TECHNOLOGY,Active,Kerala,Thrissur,Thrissur,PB NO. 17 KODAKARA THRISSUR KERALA - 680 684,682330,10.537174,76.205974,Private-Self Financing,"APJ Abdul Kalam Technological University, Kerala",Approved,Approved,B++,No,,Tier 3,http://www.sahrdaya.ac.in,info@sahrdaya.ac.in,admissions@sahrdaya.ac.in,placement@sahrdaya.ac.in,+91-80-240-4298,Computer Science Engineering (CSE),M.Tech,6,534,1998,Urban,No,No
1-44640511530,1-44640511530,U-0672,SAHRDAYA COLLEGE OF ENGINEERING & TECHNOLOGY,Active,Kerala,Thrissur,Thrissur,PB NO. 17 KODAKARA THRISSUR KERALA - 680 684,682330,10.537174,76.205974,Private-Self Financing,"APJ Abdul Kalam Technological University, Kerala",Approved,Approved,B++,No,,Tier 3,http://www.sahrdaya.ac.in,info@sahrdaya.ac.in,admissions@sahrdaya.ac.in,placement@sahrdaya.ac.in,+91-80-240-4298,Other Engineering Branches,B.Tech,60,534,1998,Urban,No,No
1-44640511530,1-44640511530,U-0672,SAHRDAYA COLLEGE OF ENGINEERING & TECHNOLOGY,Active,Kerala,Thrissur,Thrissur,PB NO. 17 KODAKARA THRISSUR KERALA - 680 684,682330,10.537174,76.205974,Private-Self Financing,"APJ Abdul Kalam Technological University, Kerala",Approved,Approved,B++,No,,Tier 3,http://www.sahrdaya.ac.in,info@sahrdaya.ac.in,admissions@sahrdaya.ac.in,placement@sahrdaya.ac.in,+91-80-240-4298,Biotechnology,B.Tech,60,534,1998,Urban,No,No
1-44640511530,1-44640511530,U-0672,SAHRDAYA COLLEGE OF ENGINEERING & TECHNOLOGY,Active,Kerala,Thrissur,Thrissur,PB NO. 17 KODAKARA THRISSUR KERALA - 680 684,682330,10.537174,76.205974,Private-Self Financing,"APJ Abdul Kalam Technological University, Kerala",Approved,Approved,B++,No,,Tier 3,http://www.sahrdaya.ac.in,info@sahrdaya.ac.in,admissions@sahrdaya.ac.in,placement@sahrdaya.ac.in,+91-80-240-4298,Computer Science Engineering (CSE),B.Tech,240,534,1998,Urban,No,No
1-44640511530,1-44640511530,U-0672,SAHRDAYA COLLEGE OF ENGINEERING & TECHNOLOGY,Active,Kerala,Thrissur,Thrissur,PB NO. 17 KODAKARA THRISSUR KERALA - 680 684,682330,10.537174,76.205974,Private-Self Financing,"APJ Abdul Kalam Technological University, Kerala",Approved,Approved,B++,No,,Tier 3,http://www.sahrdaya.ac.in,info@sahrdaya.ac.in,admissions@sahrdaya.ac.in,placement@sahrdaya.ac.in,+91-80-240-4298,Electronics & Communication Engineering (ECE),B.Tech,60,534,1998,Urban,No,No
1-44640511530,1-44640511530,U-0672,SAHRDAYA COLLEGE OF ENGINEERING & TECHNOLOGY,Active,Kerala,Thrissur,Thrissur,PB NO. 17 KODAKARA THRISSUR KERALA - 680 684,682330,10.537174,76.205974,Private-Self Financing,"APJ Abdul Kalam Technological University, Kerala",Approved,Approved,B++,No,,Tier 3,http://www.sahrdaya.ac.in,info@sahrdaya.ac.in,admissions@sahrdaya.ac.in,placement@sahrdaya.ac.in,+91-80-240-4298,Electrical & Electronics Engineering (EEE),B.Tech,60,534,1998,Urban,No,No
1-44640511530,1-44640511530,U-0672,SAHRDAYA COLLEGE OF ENGINEERING & TECHNOLOGY,Active,Kerala,Thrissur,Thrissur,PB NO. 17 KODAKARA THRISSUR KERALA - 680 684,682330,10.537174,76.205974,Private-Self Financing,"APJ Abdul Kalam Technological University, Kerala",Approved,Approved,B++,No,,Tier 3,http://www.sahrdaya.ac.in,info@sahrdaya.ac.in,admissions@sahrdaya.ac.in,placement@sahrdaya.ac.in,+91-80-240-4298,Civil Engineering,B.Tech,30,534,1998,Urban,No,No
1-44640511530,1-44640511530,U-0672,SAHRDAYA COLLEGE OF ENGINEERING & TECHNOLOGY,Active,Kerala,Thrissur,Thrissur,PB NO. 17 KODAKARA THRISSUR KERALA - 680 684,682330,10.537174,76.205974,Private-Self Financing,"APJ Abdul Kalam Technological University, Kerala",Approved,Approved,B++,No,,Tier 3,http://www.sahrdaya.ac.in,info@sahrdaya.ac.in,admissions@sahrdaya.ac.in,placement@sahrdaya.ac.in,+91-80-240-4298,Other Engineering Branches,M.Tech,12,534,1998,Urban,No,No
1-44640511530,1-44640511530,U-0672,SAHRDAYA COLLEGE OF ENGINEERING & TECHNOLOGY,Active,Kerala,Thrissur,Thrissur,PB NO. 17 KODAKARA THRISSUR KERALA - 680 684,682330,10.537174,76.205974,Private-Self Financing,"APJ Abdul Kalam Technological University, Kerala",Approved,Approved,B++,No,,Tier 3,http://www.sahrdaya.ac.in,info@sahrdaya.ac.in,admissions@sahrdaya.ac.in,placement@sahrdaya.ac.in,+91-80-240-4298,Biotechnology,M.Tech,6,534,1998,Urban,No,No
1-44640512866,1-44640512866,U-0672,AHALIA SCHOOL OF ENGINEERING & TECHNOLOGY,Active,Kerala,Palakkad,Palakkad,KOZHIPPARA(PO) PALAKKAD,682263,10.777911,76.666915,Private-Self Financing,"APJ Abdul Kalam Technological University, Kerala",Approved,Approved,B++,No,,Tier 3,http://www.ahaliaschool.ac.in,info@ahaliaschool.ac.in,admissions@ahaliaschool.ac.in,placement@ahaliaschool.ac.in,+91-80-470-2414,Computer Science Engineering (CSE),B.Tech,120,360,2010,Urban,Yes,Yes
1-44640512866,1-44640512866,U-0672,AHALIA SCHOOL OF ENGINEERING & TECHNOLOGY,Active,Kerala,Palakkad,Palakkad,KOZHIPPARA(PO) PALAKKAD,682263,10.777911,76.666915,Private-Self Financing,"APJ Abdul Kalam Technological University, Kerala",Approved,Approved,B++,No,,Tier 3,http://www.ahaliaschool.ac.in,info@ahaliaschool.ac.in,admissions@ahaliaschool.ac.in,placement@ahaliaschool.ac.in,+91-80-470-2414,Mechanical Engineering,B.Tech,30,360,2010,Urban,Yes,Yes
1-44640512866,1-44640512866,U-0672,AHALIA SCHOOL OF ENGINEERING & TECHNOLOGY,Active,Kerala,Palakkad,Palakkad,KOZHIPPARA(PO) PALAKKAD,682263,10.777911,76.666915,Private-Self Financing,"APJ Abdul Kalam Technological University, Kerala",Approved,Approved,B++,No,,Tier 3,http://www.ahaliaschool.ac.in,info@ahaliaschool.ac.in,admissions@ahaliaschool.ac.in,placement@ahaliaschool.ac.in,+91-80-470-2414,Civil Engineering,B.Tech,30,360,2010,Urban,Yes,Yes
1-44640512866,1-44640512866,U-0672,AHALIA SCHOOL OF ENGINEERING & TECHNOLOGY,Active,Kerala,Palakkad,Palakkad,KOZHIPPARA(PO) PALAKKAD,682263,10.777911,76.666915,Private-Self Financing,"APJ Abdul Kalam Technological University, Kerala",Approved,Approved,B++,No,,Tier 3,http://www.ahaliaschool.ac.in,info@ahaliaschool.ac.in,admissions@ahaliaschool.ac.in,placement@ahaliaschool.ac.in,+91-80-470-2414,Electronics & Communication Engineering (ECE),B.Tech,60,360,2010,Urban,Yes,Yes
1-44640512866,1-44640512866,U-0672,AHALIA SCHOOL OF ENGINEERING & TECHNOLOGY,Active,Kerala,Palakkad,Palakkad,KOZHIPPARA(PO) PALAKKAD,682263,10.777911,76.666915,Private-Self Financing,"APJ Abdul Kalam Technological University, Kerala",Approved,Approved,B++,No,,Tier 3,http://www.ahaliaschool.ac.in,info@ahaliaschool.ac.in,admissions@ahaliaschool.ac.in,placement@ahaliaschool.ac.in,+91-80-470-2414,Electrical & Electronics Engineering (EEE),B.Tech,60,360,2010,Urban,Yes,Yes
1-44640512866,1-44640512866,U-0672,AHALIA SCHOOL OF ENGINEERING & TECHNOLOGY,Active,Kerala,Palakkad,Palakkad,KOZHIPPARA(PO) PALAKKAD,682263,10.777911,76.666915,Private-Self Financing,"APJ Abdul Kalam Technological University, Kerala",Approved,Approved,B++,No,,Tier 3,http://www.ahaliaschool.ac.in,info@ahaliaschool.ac.in,admissions@ahaliaschool.ac.in,placement@ahaliaschool.ac.in,+91-80-470-2414,Artificial Intelligence & Machine Learning (AI & ML),B.Tech,60,360,2010,Urban,Yes,Yes
1-44640721356,1-44640721356,U-0317,"WOMEN'S POLYTECHNIC COLLEGE, ERNAKULAM",Active,Kerala,Ernakulam,Ernakulam,"KALAMASSERY P.O., ERNAKULAM,  KERALA STATE",682234,9.970151,76.305578,Government,"Board of Technical Examination, Kerala",Approved,Approved,A+,Yes,,Tier 2,http://www.ernakulam.ac.in,info@ernakulam.ac.in,admissions@ernakulam.ac.in,placement@ernakulam.ac.in,+91-80-358-6468,Computer Science Engineering (CSE),Diploma,60,200,1995,Urban,Yes,Yes
1-44640721356,1-44640721356,U-0317,"WOMEN'S POLYTECHNIC COLLEGE, ERNAKULAM",Active,Kerala,Ernakulam,Ernakulam,"KALAMASSERY P.O., ERNAKULAM,  KERALA STATE",682234,9.970151,76.305578,Government,"Board of Technical Examination, Kerala",Approved,Approved,A+,Yes,,Tier 2,http://www.ernakulam.ac.in,info@ernakulam.ac.in,admissions@ernakulam.ac.in,placement@ernakulam.ac.in,+91-80-358-6468,Other Engineering Branches,Diploma,110,200,1995,Urban,Yes,Yes
1-44640721356,1-44640721356,U-0317,"WOMEN'S POLYTECHNIC COLLEGE, ERNAKULAM",Active,Kerala,Ernakulam,Ernakulam,"KALAMASSERY P.O., ERNAKULAM,  KERALA STATE",682234,9.970151,76.305578,Government,"Board of Technical Examination, Kerala",Approved,Approved,A+,Yes,,Tier 2,http://www.ernakulam.ac.in,info@ernakulam.ac.in,admissions@ernakulam.ac.in,placement@ernakulam.ac.in,+91-80-358-6468,Information Technology (IT),Diploma,30,200,1995,Urban,Yes,Yes
1-44640385962,1-44640385962,U-0672,VIDYA ACADEMY OF SCIENCE AND TECHNOLOGY TECHNICAL CAMPUS,Active,Kerala,Thiruvananthapuram,Thiruvananthapuram,MALACKAL PO KILIMANOOR TRIVANDRUM PIN 695602,695602,8.540912,76.920602,Private-Self Financing,"APJ Abdul Kalam Technological University, Kerala",Approved,Approved,B+,No,,Tier 3,http://www.vidyaacademyscience.ac.in,info@vidyaacademyscience.ac.in,admissions@vidyaacademyscience.ac.in,placement@vidyaacademyscience.ac.in,+91-80-543-9897,Civil Engineering,B.Tech,60,270,2008,Rural,Yes,Yes
1-44640385962,1-44640385962,U-0672,VIDYA ACADEMY OF SCIENCE AND TECHNOLOGY TECHNICAL CAMPUS,Active,Kerala,Thiruvananthapuram,Thiruvananthapuram,MALACKAL PO KILIMANOOR TRIVANDRUM PIN 695602,695602,8.540912,76.920602,Private-Self Financing,"APJ Abdul Kalam Technological University, Kerala",Approved,Approved,B+,No,,Tier 3,http://www.vidyaacademyscience.ac.in,info@vidyaacademyscience.ac.in,admissions@vidyaacademyscience.ac.in,placement@vidyaacademyscience.ac.in,+91-80-543-9897,Electronics & Communication Engineering (ECE),B.Tech,60,270,2008,Rural,Yes,Yes
1-44640385962,1-44640385962,U-0672,VIDYA ACADEMY OF SCIENCE AND TECHNOLOGY TECHNICAL CAMPUS,Active,Kerala,Thiruvananthapuram,Thiruvananthapuram,MALACKAL PO KILIMANOOR TRIVANDRUM PIN 695602,695602,8.540912,76.920602,Private-Self Financing,"APJ Abdul Kalam Technological University, Kerala",Approved,Approved,B+,No,,Tier 3,http://www.vidyaacademyscience.ac.in,info@vidyaacademyscience.ac.in,admissions@vidyaacademyscience.ac.in,placement@vidyaacademyscience.ac.in,+91-80-543-9897,Mechanical Engineering,B.Tech,30,270,2008,Rural,Yes,Yes
1-44640385962,1-44640385962,U-0672,VIDYA ACADEMY OF SCIENCE AND TECHNOLOGY TECHNICAL CAMPUS,Active,Kerala,Thiruvananthapuram,Thiruvananthapuram,MALACKAL PO KILIMANOOR TRIVANDRUM PIN 695602,695602,8.540912,76.920602,Private-Self Financing,"APJ Abdul Kalam Technological University, Kerala",Approved,Approved,B+,No,,Tier 3,http://www.vidyaacademyscience.ac.in,info@vidyaacademyscience.ac.in,admissions@vidyaacademyscience.ac.in,placement@vidyaacademyscience.ac.in,+91-80-543-9897,Computer Science Engineering (CSE),B.Tech,120,270,2008,Rural,Yes,Yes
1-44640557923,1-44640557923,U-0317,MAHAKAVI VENNIKULAM GOPALAKURUP MEMMORIAL GOVERNMENT POLYTECHNIC COLLEGE VENNIKULAM,Active,Kerala,Pathanamthitta,Pathanamthitta,VENNIKULAM P O VENNIKULAM PATHANAMTHITTA(DIST),682000,10.842081,76.280577,Government,"Board of Technical Examination, Kerala",Approved,Approved,A+,Yes,,Tier 2,http://www.mahakavivennikulamgopalakurup.ac.in,info@mahakavivennikulamgopalakurup.ac.in,admissions@mahakavivennikulamgopalakurup.ac.in,placement@mahakavivennikulamgopalakurup.ac.in,+91-80-485-7532,Automobile Engineering,Diploma,60,240,2004,Urban,Yes,Yes
1-44640557923,1-44640557923,U-0317,MAHAKAVI VENNIKULAM GOPALAKURUP MEMMORIAL GOVERNMENT POLYTECHNIC COLLEGE VENNIKULAM,Active,Kerala,Pathanamthitta,Pathanamthitta,VENNIKULAM P O VENNIKULAM PATHANAMTHITTA(DIST),682000,10.842081,76.280577,Government,"Board of Technical Examination, Kerala",Approved,Approved,A+,Yes,,Tier 2,http://www.mahakavivennikulamgopalakurup.ac.in,info@mahakavivennikulamgopalakurup.ac.in,admissions@mahakavivennikulamgopalakurup.ac.in,placement@mahakavivennikulamgopalakurup.ac.in,+91-80-485-7532,Civil Engineering,Diploma,60,240,2004,Urban,Yes,Yes
1-44640557923,1-44640557923,U-0317,MAHAKAVI VENNIKULAM GOPALAKURUP MEMMORIAL GOVERNMENT POLYTECHNIC COLLEGE VENNIKULAM,Active,Kerala,Pathanamthitta,Pathanamthitta,VENNIKULAM P O VENNIKULAM PATHANAMTHITTA(DIST),682000,10.842081,76.280577,Government,"Board of Technical Examination, Kerala",Approved,Approved,A+,Yes,,Tier 2,http://www.mahakavivennikulamgopalakurup.ac.in,info@mahakavivennikulamgopalakurup.ac.in,admissions@mahakavivennikulamgopalakurup.ac.in,placement@mahakavivennikulamgopalakurup.ac.in,+91-80-485-7532,Computer Science Engineering (CSE),Diploma,60,240,2004,Urban,Yes,Yes
1-44640557923,1-44640557923,U-0317,MAHAKAVI VENNIKULAM GOPALAKURUP MEMMORIAL GOVERNMENT POLYTECHNIC COLLEGE VENNIKULAM,Active,Kerala,Pathanamthitta,Pathanamthitta,VENNIKULAM P O VENNIKULAM PATHANAMTHITTA(DIST),682000,10.842081,76.280577,Government,"Board of Technical Examination, Kerala",Approved,Approved,A+,Yes,,Tier 2,http://www.mahakavivennikulamgopalakurup.ac.in,info@mahakavivennikulamgopalakurup.ac.in,admissions@mahakavivennikulamgopalakurup.ac.in,placement@mahakavivennikulamgopalakurup.ac.in,+91-80-485-7532,Other Engineering Branches,Diploma,60,240,2004,Urban,Yes,Yes
1-44640762153,1-44640762153,U-0672,MGM  COLLEGE OF ENGINEERING AND TECHNOLOGY,Active,Kerala,Ernakulam,Ernakulam,PAMPAKUDA,682234,9.998186,76.29731,Private-Self Financing,"APJ Abdul Kalam Technological University, Kerala",Approved,Approved,B+,No,,Tier 3,http://www.mgm.ac.in,info@mgm.ac.in,admissions@mgm.ac.in,placement@mgm.ac.in,+91-80-534-5263,Other Engineering Branches,M.Tech,36,606,1985,Rural,Yes,Yes
1-44640762153,1-44640762153,U-0672,MGM  COLLEGE OF ENGINEERING AND TECHNOLOGY,Active,Kerala,Ernakulam,Ernakulam,PAMPAKUDA,682234,9.998186,76.29731,Private-Self Financing,"APJ Abdul Kalam Technological University, Kerala",Approved,Approved,B+,No,,Tier 3,http://www.mgm.ac.in,info@mgm.ac.in,admissions@mgm.ac.in,placement@mgm.ac.in,+91-80-534-5263,Computer Science Engineering (CSE),B.Tech,60,606,1985,Rural,Yes,Yes
1-44640762153,1-44640762153,U-0672,MGM  COLLEGE OF ENGINEERING AND TECHNOLOGY,Active,Kerala,Ernakulam,Ernakulam,PAMPAKUDA,682234,9.998186,76.29731,Private-Self Financing,"APJ Abdul Kalam Technological University, Kerala",Approved,Approved,B+,No,,Tier 3,http://www.mgm.ac.in,info@mgm.ac.in,admissions@mgm.ac.in,placement@mgm.ac.in,+91-80-534-5263,Electronics & Communication Engineering (ECE),B.Tech,30,606,1985,Rural,Yes,Yes
1-44640762153,1-44640762153,U-0672,MGM  COLLEGE OF ENGINEERING AND TECHNOLOGY,Active,Kerala,Ernakulam,Ernakulam,PAMPAKUDA,682234,9.998186,76.29731,Private-Self Financing,"APJ Abdul Kalam Technological University, Kerala",Approved,Approved,B+,No,,Tier 3,http://www.mgm.ac.in,info@mgm.ac.in,admissions@mgm.ac.in,placement@mgm.ac.in,+91-80-534-5263,Mechanical Engineering,B.Tech,30,606,1985,Rural,Yes,Yes
1-44640762153,1-44640762153,U-0672,MGM  COLLEGE OF ENGINEERING AND TECHNOLOGY,Active,Kerala,Ernakulam,Ernakulam,PAMPAKUDA,682234,9.998186,76.29731,Private-Self Financing,"APJ Abdul Kalam Technological University, Kerala",Approved,Approved,B+,No,,Tier 3,http://www.mgm.ac.in,info@mgm.ac.in,admissions@mgm.ac.in,placement@mgm.ac.in,+91-80-534-5263,Artificial Intelligence & Machine Learning (AI & ML),B.Tech,60,606,1985,Rural,Yes,Yes
1-44640762153,1-44640762153,U-0672,MGM  COLLEGE OF ENGINEERING AND TECHNOLOGY,Active,Kerala,Ernakulam,Ernakulam,PAMPAKUDA,682234,9.998186,76.29731,Private-Self Financing,"APJ Abdul Kalam Technological University, Kerala",Approved,Approved,B+,No,,Tier 3,http://www.mgm.ac.in,info@mgm.ac.in,admissions@mgm.ac.in,placement@mgm.ac.in,+91-80-534-5263,Cyber Security,B.Tech,60,606,1985,Rural,Yes,Yes
1-44640762153,1-44640762153,U-0672,MGM  COLLEGE OF ENGINEERING AND TECHNOLOGY,Active,Kerala,Ernakulam,Ernakulam,PAMPAKUDA,682234,9.998186,76.29731,Private-Self Financing,"APJ Abdul Kalam Technological University, Kerala",Approved,Approved,B+,No,,Tier 3,http://www.mgm.ac.in,info@mgm.ac.in,admissions@mgm.ac.in,placement@mgm.ac.in,+91-80-534-5263,Automobile Engineering,Diploma,60,606,1985,Rural,Yes,Yes
1-44640762153,1-44640762153,U-0672,MGM  COLLEGE OF ENGINEERING AND TECHNOLOGY,Active,Kerala,Ernakulam,Ernakulam,PAMPAKUDA,682234,9.998186,76.29731,Private-Self Financing,"APJ Abdul Kalam Technological University, Kerala",Approved,Approved,B+,No,,Tier 3,http://www.mgm.ac.in,info@mgm.ac.in,admissions@mgm.ac.in,placement@mgm.ac.in,+91-80-534-5263,Civil Engineering,Diploma,30,606,1985,Rural,Yes,Yes
1-44640762153,1-44640762153,U-0672,MGM  COLLEGE OF ENGINEERING AND TECHNOLOGY,Active,Kerala,Ernakulam,Ernakulam,PAMPAKUDA,682234,9.998186,76.29731,Private-Self Financing,"APJ Abdul Kalam Technological University, Kerala",Approved,Approved,B+,No,,Tier 3,http://www.mgm.ac.in,info@mgm.ac.in,admissions@mgm.ac.in,placement@mgm.ac.in,+91-80-534-5263,Mechanical Engineering,Diploma,60,606,1985,Rural,Yes,Yes
1-44640762153,1-44640762153,U-0672,MGM  COLLEGE OF ENGINEERING AND TECHNOLOGY,Active,Kerala,Ernakulam,Ernakulam,PAMPAKUDA,682234,9.998186,76.29731,Private-Self Financing,"APJ Abdul Kalam Technological University, Kerala",Approved,Approved,B+,No,,Tier 3,http://www.mgm.ac.in,info@mgm.ac.in,admissions@mgm.ac.in,placement@mgm.ac.in,+91-80-534-5263,Electronics & Communication Engineering (ECE),Diploma,30,606,1985,Rural,Yes,Yes
1-44640762153,1-44640762153,U-0672,MGM  COLLEGE OF ENGINEERING AND TECHNOLOGY,Active,Kerala,Ernakulam,Ernakulam,PAMPAKUDA,682234,9.998186,76.29731,Private-Self Financing,"APJ Abdul Kalam Technological University, Kerala",Approved,Approved,B+,No,,Tier 3,http://www.mgm.ac.in,info@mgm.ac.in,admissions@mgm.ac.in,placement@mgm.ac.in,+91-80-534-5263,Electrical & Electronics Engineering (EEE),Diploma,60,606,1985,Rural,Yes,Yes
1-44640762153,1-44640762153,U-0672,MGM  COLLEGE OF ENGINEERING AND TECHNOLOGY,Active,Kerala,Ernakulam,Ernakulam,PAMPAKUDA,682234,9.998186,76.29731,Private-Self Financing,"APJ Abdul Kalam Technological University, Kerala",Approved,Approved,B+,No,,Tier 3,http://www.mgm.ac.in,info@mgm.ac.in,admissions@mgm.ac.in,placement@mgm.ac.in,+91-80-534-5263,Computer Science Engineering (CSE),Diploma,30,606,1985,Rural,Yes,Yes
1-44640762153,1-44640762153,U-0672,MGM  COLLEGE OF ENGINEERING AND TECHNOLOGY,Active,Kerala,Ernakulam,Ernakulam,PAMPAKUDA,682234,9.998186,76.29731,Private-Self Financing,"APJ Abdul Kalam Technological University, Kerala",Approved,Approved,B+,No,,Tier 3,http://www.mgm.ac.in,info@mgm.ac.in,admissions@mgm.ac.in,placement@mgm.ac.in,+91-80-534-5263,Electrical Engineering,Diploma,30,606,1985,Rural,Yes,Yes
1-44640762153,1-44640762153,U-0672,MGM  COLLEGE OF ENGINEERING AND TECHNOLOGY,Active,Kerala,Ernakulam,Ernakulam,PAMPAKUDA,682234,9.998186,76.29731,Private-Self Financing,"APJ Abdul Kalam Technological University, Kerala",Approved,Approved,B+,No,,Tier 3,http://www.mgm.ac.in,info@mgm.ac.in,admissions@mgm.ac.in,placement@mgm.ac.in,+91-80-534-5263,Other Engineering Branches,Diploma,30,606,1985,Rural,Yes,Yes
1-44640763751,1-44640763751,U-0928,"DEPARTMENT OF COMPUTER APPLICATION, COCHIN UNIVERSITY OF SCIENCE AND TECHNOLOGY",Active,Kerala,Ernakulam,Ernakulam,"COCHIN UNIVERSITY OF SCIENCE AND TECHNOLOGY, COCHIN UNIVERSITY P.O., SOUTH KALAMASSERY, ERNAKULAM, KERALA",682234,9.976684,76.291019,State Government University,"Cochin University of Science and Technology, Kochi",Approved,Approved,B+,No,,Tier 3,http://www.departmentcomputerapplication.ac.in,info@departmentcomputerapplication.ac.in,admissions@departmentcomputerapplication.ac.in,placement@departmentcomputerapplication.ac.in,+91-80-632-6855,Computer Science Engineering (CSE),M.Tech,24,24,2019,Rural,Yes,Yes
1-44640518360,1-44640518360,U-0257,ILAHIA POLYTECHNIC COLLEGE,Active,Kerala,Ernakulam,Ernakulam,"PEZHAKKAPILLY P.O, MUVATTUPUZHA",682234,9.990795,76.281694,Private-Self Financing,"STATE BOARD OF TECHNICAL EDUCATION, KERALA",Approved,Approved,Not Accredited,No,,Tier 3,http://www.ilahia.ac.in,info@ilahia.ac.in,admissions@ilahia.ac.in,placement@ilahia.ac.in,+91-80-224-5259,Electronics & Communication Engineering (ECE),Diploma,30,300,2002,Urban,No,Yes
1-44640518360,1-44640518360,U-0257,ILAHIA POLYTECHNIC COLLEGE,Active,Kerala,Ernakulam,Ernakulam,"PEZHAKKAPILLY P.O, MUVATTUPUZHA",682234,9.990795,76.281694,Private-Self Financing,"STATE BOARD OF TECHNICAL EDUCATION, KERALA",Approved,Approved,Not Accredited,No,,Tier 3,http://www.ilahia.ac.in,info@ilahia.ac.in,admissions@ilahia.ac.in,placement@ilahia.ac.in,+91-80-224-5259,Computer Science Engineering (CSE),Diploma,60,300,2002,Urban,No,Yes
1-44640518360,1-44640518360,U-0257,ILAHIA POLYTECHNIC COLLEGE,Active,Kerala,Ernakulam,Ernakulam,"PEZHAKKAPILLY P.O, MUVATTUPUZHA",682234,9.990795,76.281694,Private-Self Financing,"STATE BOARD OF TECHNICAL EDUCATION, KERALA",Approved,Approved,Not Accredited,No,,Tier 3,http://www.ilahia.ac.in,info@ilahia.ac.in,admissions@ilahia.ac.in,placement@ilahia.ac.in,+91-80-224-5259,Mechanical Engineering,Diploma,60,300,2002,Urban,No,Yes
1-44640518360,1-44640518360,U-0257,ILAHIA POLYTECHNIC COLLEGE,Active,Kerala,Ernakulam,Ernakulam,"PEZHAKKAPILLY P.O, MUVATTUPUZHA",682234,9.990795,76.281694,Private-Self Financing,"STATE BOARD OF TECHNICAL EDUCATION, KERALA",Approved,Approved,Not Accredited,No,,Tier 3,http://www.ilahia.ac.in,info@ilahia.ac.in,admissions@ilahia.ac.in,placement@ilahia.ac.in,+91-80-224-5259,Civil Engineering,Diploma,30,300,2002,Urban,No,Yes
1-44640518360,1-44640518360,U-0257,ILAHIA POLYTECHNIC COLLEGE,Active,Kerala,Ernakulam,Ernakulam,"PEZHAKKAPILLY P.O, MUVATTUPUZHA",682234,9.990795,76.281694,Private-Self Financing,"STATE BOARD OF TECHNICAL EDUCATION, KERALA",Approved,Approved,Not Accredited,No,,Tier 3,http://www.ilahia.ac.in,info@ilahia.ac.in,admissions@ilahia.ac.in,placement@ilahia.ac.in,+91-80-224-5259,Electrical & Electronics Engineering (EEE),Diploma,60,300,2002,Urban,No,Yes
1-44640518360,1-44640518360,U-0257,ILAHIA POLYTECHNIC COLLEGE,Active,Kerala,Ernakulam,Ernakulam,"PEZHAKKAPILLY P.O, MUVATTUPUZHA",682234,9.990795,76.281694,Private-Self Financing,"STATE BOARD OF TECHNICAL EDUCATION, KERALA",Approved,Approved,Not Accredited,No,,Tier 3,http://www.ilahia.ac.in,info@ilahia.ac.in,admissions@ilahia.ac.in,placement@ilahia.ac.in,+91-80-224-5259,Automobile Engineering,Diploma,30,300,2002,Urban,No,Yes
1-44640518360,1-44640518360,U-0257,ILAHIA POLYTECHNIC COLLEGE,Active,Kerala,Ernakulam,Ernakulam,"PEZHAKKAPILLY P.O, MUVATTUPUZHA",682234,9.990795,76.281694,Private-Self Financing,"STATE BOARD OF TECHNICAL EDUCATION, KERALA",Approved,Approved,Not Accredited,No,,Tier 3,http://www.ilahia.ac.in,info@ilahia.ac.in,admissions@ilahia.ac.in,placement@ilahia.ac.in,+91-80-224-5259,Other Engineering Branches,Diploma,30,300,2002,Urban,No,Yes
1-44640686707,1-44640686707,U-0672,"COLLEGE OF ENGINEERING,ARANMULA",Active,Kerala,Pathanamthitta,Pathanamthitta,ARANMULA P.O PATHANAMTHITTA PIN 689533,689533,10.833409,76.290962,Government,"APJ Abdul Kalam Technological University, Kerala",Approved,Approved,B,No,,Tier 3,http://www.engineeringaranmula.ac.in,info@engineeringaranmula.ac.in,admissions@engineeringaranmula.ac.in,placement@engineeringaranmula.ac.in,+91-80-122-0351,Computer Science Engineering (CSE),B.Tech,60,300,2019,Urban,Yes,Yes
1-44640686707,1-44640686707,U-0672,"COLLEGE OF ENGINEERING,ARANMULA",Active,Kerala,Pathanamthitta,Pathanamthitta,ARANMULA P.O PATHANAMTHITTA PIN 689533,689533,10.833409,76.290962,Government,"APJ Abdul Kalam Technological University, Kerala",Approved,Approved,B,No,,Tier 3,http://www.engineeringaranmula.ac.in,info@engineeringaranmula.ac.in,admissions@engineeringaranmula.ac.in,placement@engineeringaranmula.ac.in,+91-80-122-0351,Civil Engineering,B.Tech,60,300,2019,Urban,Yes,Yes
1-44640686707,1-44640686707,U-0672,"COLLEGE OF ENGINEERING,ARANMULA",Active,Kerala,Pathanamthitta,Pathanamthitta,ARANMULA P.O PATHANAMTHITTA PIN 689533,689533,10.833409,76.290962,Government,"APJ Abdul Kalam Technological University, Kerala",Approved,Approved,B,No,,Tier 3,http://www.engineeringaranmula.ac.in,info@engineeringaranmula.ac.in,admissions@engineeringaranmula.ac.in,placement@engineeringaranmula.ac.in,+91-80-122-0351,Information Technology (IT),Diploma,60,300,2019,Urban,Yes,Yes
1-44640686707,1-44640686707,U-0672,"COLLEGE OF ENGINEERING,ARANMULA",Active,Kerala,Pathanamthitta,Pathanamthitta,ARANMULA P.O PATHANAMTHITTA PIN 689533,689533,10.833409,76.290962,Government,"APJ Abdul Kalam Technological University, Kerala",Approved,Approved,B,No,,Tier 3,http://www.engineeringaranmula.ac.in,info@engineeringaranmula.ac.in,admissions@engineeringaranmula.ac.in,placement@engineeringaranmula.ac.in,+91-80-122-0351,Electrical & Electronics Engineering (EEE),Diploma,60,300,2019,Urban,Yes,Yes
1-44640686707,1-44640686707,U-0672,"COLLEGE OF ENGINEERING,ARANMULA",Active,Kerala,Pathanamthitta,Pathanamthitta,ARANMULA P.O PATHANAMTHITTA PIN 689533,689533,10.833409,76.290962,Government,"APJ Abdul Kalam Technological University, Kerala",Approved,Approved,B,No,,Tier 3,http://www.engineeringaranmula.ac.in,info@engineeringaranmula.ac.in,admissions@engineeringaranmula.ac.in,placement@engineeringaranmula.ac.in,+91-80-122-0351,Electronics & Communication Engineering (ECE),Diploma,60,300,2019,Urban,Yes,Yes
1-44640480329,1-44640480329,U-0672,ERANAD KNOWLEDGECITY TECHNICAL CAMPUS,Active,Kerala,Malappuram,Malappuram,CHERUKULAM ELANKUR.P.O MANJER (VIA),682347,10.839813,76.252473,Private-Self Financing,"APJ Abdul Kalam Technological University, Kerala",Approved,Approved,A+,Yes,,Tier 2,http://www.eranadknowledgecitytechnical.ac.in,info@eranadknowledgecitytechnical.ac.in,admissions@eranadknowledgecitytechnical.ac.in,placement@eranadknowledgecitytechnical.ac.in,+91-80-390-6056,Computer Science Engineering (CSE),B.Tech,90,360,1987,Rural,Yes,Yes
1-44640480329,1-44640480329,U-0672,ERANAD KNOWLEDGECITY TECHNICAL CAMPUS,Active,Kerala,Malappuram,Malappuram,CHERUKULAM ELANKUR.P.O MANJER (VIA),682347,10.839813,76.252473,Private-Self Financing,"APJ Abdul Kalam Technological University, Kerala",Approved,Approved,A+,Yes,,Tier 2,http://www.eranadknowledgecitytechnical.ac.in,info@eranadknowledgecitytechnical.ac.in,admissions@eranadknowledgecitytechnical.ac.in,placement@eranadknowledgecitytechnical.ac.in,+91-80-390-6056,Civil Engineering,B.Tech,60,360,1987,Rural,Yes,Yes
1-44640480329,1-44640480329,U-0672,ERANAD KNOWLEDGECITY TECHNICAL CAMPUS,Active,Kerala,Malappuram,Malappuram,CHERUKULAM ELANKUR.P.O MANJER (VIA),682347,10.839813,76.252473,Private-Self Financing,"APJ Abdul Kalam Technological University, Kerala",Approved,Approved,A+,Yes,,Tier 2,http://www.eranadknowledgecitytechnical.ac.in,info@eranadknowledgecitytechnical.ac.in,admissions@eranadknowledgecitytechnical.ac.in,placement@eranadknowledgecitytechnical.ac.in,+91-80-390-6056,Mechanical Engineering,B.Tech,30,360,1987,Rural,Yes,Yes
1-44640480329,1-44640480329,U-0672,ERANAD KNOWLEDGECITY TECHNICAL CAMPUS,Active,Kerala,Malappuram,Malappuram,CHERUKULAM ELANKUR.P.O MANJER (VIA),682347,10.839813,76.252473,Private-Self Financing,"APJ Abdul Kalam Technological University, Kerala",Approved,Approved,A+,Yes,,Tier 2,http://www.eranadknowledgecitytechnical.ac.in,info@eranadknowledgecitytechnical.ac.in,admissions@eranadknowledgecitytechnical.ac.in,placement@eranadknowledgecitytechnical.ac.in,+91-80-390-6056,Electronics & Communication Engineering (ECE),B.Tech,60,360,1987,Rural,Yes,Yes
1-44640480329,1-44640480329,U-0672,ERANAD KNOWLEDGECITY TECHNICAL CAMPUS,Active,Kerala,Malappuram,Malappuram,CHERUKULAM ELANKUR.P.O MANJER (VIA),682347,10.839813,76.252473,Private-Self Financing,"APJ Abdul Kalam Technological University, Kerala",Approved,Approved,A+,Yes,,Tier 2,http://www.eranadknowledgecitytechnical.ac.in,info@eranadknowledgecitytechnical.ac.in,admissions@eranadknowledgecitytechnical.ac.in,placement@eranadknowledgecitytechnical.ac.in,+91-80-390-6056,Other Engineering Branches,B.Tech,30,360,1987,Rural,Yes,Yes
1-44640480329,1-44640480329,U-0672,ERANAD KNOWLEDGECITY TECHNICAL CAMPUS,Active,Kerala,Malappuram,Malappuram,CHERUKULAM ELANKUR.P.O MANJER (VIA),682347,10.839813,76.252473,Private-Self Financing,"APJ Abdul Kalam Technological University, Kerala",Approved,Approved,A+,Yes,,Tier 2,http://www.eranadknowledgecitytechnical.ac.in,info@eranadknowledgecitytechnical.ac.in,admissions@eranadknowledgecitytechnical.ac.in,placement@eranadknowledgecitytechnical.ac.in,+91-80-390-6056,Data Science,B.Tech,30,360,1987,Rural,Yes,Yes
1-44640480329,1-44640480329,U-0672,ERANAD KNOWLEDGECITY TECHNICAL CAMPUS,Active,Kerala,Malappuram,Malappuram,CHERUKULAM ELANKUR.P.O MANJER (VIA),682347,10.839813,76.252473,Private-Self Financing,"APJ Abdul Kalam Technological University, Kerala",Approved,Approved,A+,Yes,,Tier 2,http://www.eranadknowledgecitytechnical.ac.in,info@eranadknowledgecitytechnical.ac.in,admissions@eranadknowledgecitytechnical.ac.in,placement@eranadknowledgecitytechnical.ac.in,+91-80-390-6056,Cyber Security,B.Tech,60,360,1987,Rural,Yes,Yes
1-44640523864,1-44640523864,U-0672,UNIVERSAL ENGINEERING COLLEGE,Active,Kerala,Thrissur,Thrissur,"PAINGODE,  PO. VALLIVATTOM, VIA. KONATHAKUNNU, THRISSUR DT, KERALA, INDIA.",682330,10.53315,76.215784,Private-Self Financing,"APJ Abdul Kalam Technological University, Kerala",Approved,Approved,A+,Yes,,Tier 2,http://www.universal.ac.in,info@universal.ac.in,admissions@universal.ac.in,placement@universal.ac.in,+91-80-071-6552,Computer Science Engineering (CSE),B.Tech,120,387,2016,Rural,Yes,Yes
1-44640523864,1-44640523864,U-0672,UNIVERSAL ENGINEERING COLLEGE,Active,Kerala,Thrissur,Thrissur,"PAINGODE,  PO. VALLIVATTOM, VIA. KONATHAKUNNU, THRISSUR DT, KERALA, INDIA.",682330,10.53315,76.215784,Private-Self Financing,"APJ Abdul Kalam Technological University, Kerala",Approved,Approved,A+,Yes,,Tier 2,http://www.universal.ac.in,info@universal.ac.in,admissions@universal.ac.in,placement@universal.ac.in,+91-80-071-6552,Civil Engineering,B.Tech,60,387,2016,Rural,Yes,Yes
1-44640523864,1-44640523864,U-0672,UNIVERSAL ENGINEERING COLLEGE,Active,Kerala,Thrissur,Thrissur,"PAINGODE,  PO. VALLIVATTOM, VIA. KONATHAKUNNU, THRISSUR DT, KERALA, INDIA.",682330,10.53315,76.215784,Private-Self Financing,"APJ Abdul Kalam Technological University, Kerala",Approved,Approved,A+,Yes,,Tier 2,http://www.universal.ac.in,info@universal.ac.in,admissions@universal.ac.in,placement@universal.ac.in,+91-80-071-6552,Electrical & Electronics Engineering (EEE),B.Tech,60,387,2016,Rural,Yes,Yes
1-44640523864,1-44640523864,U-0672,UNIVERSAL ENGINEERING COLLEGE,Active,Kerala,Thrissur,Thrissur,"PAINGODE,  PO. VALLIVATTOM, VIA. KONATHAKUNNU, THRISSUR DT, KERALA, INDIA.",682330,10.53315,76.215784,Private-Self Financing,"APJ Abdul Kalam Technological University, Kerala",Approved,Approved,A+,Yes,,Tier 2,http://www.universal.ac.in,info@universal.ac.in,admissions@universal.ac.in,placement@universal.ac.in,+91-80-071-6552,Electronics & Communication Engineering (ECE),B.Tech,30,387,2016,Rural,Yes,Yes
1-44640523864,1-44640523864,U-0672,UNIVERSAL ENGINEERING COLLEGE,Active,Kerala,Thrissur,Thrissur,"PAINGODE,  PO. VALLIVATTOM, VIA. KONATHAKUNNU, THRISSUR DT, KERALA, INDIA.",682330,10.53315,76.215784,Private-Self Financing,"APJ Abdul Kalam Technological University, Kerala",Approved,Approved,A+,Yes,,Tier 2,http://www.universal.ac.in,info@universal.ac.in,admissions@universal.ac.in,placement@universal.ac.in,+91-80-071-6552,Mechanical Engineering,B.Tech,90,387,2016,Rural,Yes,Yes
1-44640523864,1-44640523864,U-0672,UNIVERSAL ENGINEERING COLLEGE,Active,Kerala,Thrissur,Thrissur,"PAINGODE,  PO. VALLIVATTOM, VIA. KONATHAKUNNU, THRISSUR DT, KERALA, INDIA.",682330,10.53315,76.215784,Private-Self Financing,"APJ Abdul Kalam Technological University, Kerala",Approved,Approved,A+,Yes,,Tier 2,http://www.universal.ac.in,info@universal.ac.in,admissions@universal.ac.in,placement@universal.ac.in,+91-80-071-6552,Other Engineering Branches,M.Tech,27,387,2016,Rural,Yes,Yes
1-44640728922,1-44640728922,U-0317,"GOVERNMENT WOMEN'S POLYTECHNIC COLLEGE, NEDUPUZHA, THRISSUR",Active,Kerala,Thrissur,Thrissur,"PRINCIPAL, GOVERNMENT WOMEN'S POLYTECHNIC COLLEGE, THRISSUR, KERALA PIN 680007",680007,10.535047,76.196522,Government,"Board of Technical Examination, Kerala",Approved,Approved,A,No,,Tier 2,http://www.nedupuzhathrissur.ac.in,info@nedupuzhathrissur.ac.in,admissions@nedupuzhathrissur.ac.in,placement@nedupuzhathrissur.ac.in,+91-80-151-1821,Other Engineering Branches,Diploma,120,240,1995,Rural,Yes,Yes
1-44640728922,1-44640728922,U-0317,"GOVERNMENT WOMEN'S POLYTECHNIC COLLEGE, NEDUPUZHA, THRISSUR",Active,Kerala,Thrissur,Thrissur,"PRINCIPAL, GOVERNMENT WOMEN'S POLYTECHNIC COLLEGE, THRISSUR, KERALA PIN 680007",680007,10.535047,76.196522,Government,"Board of Technical Examination, Kerala",Approved,Approved,A,No,,Tier 2,http://www.nedupuzhathrissur.ac.in,info@nedupuzhathrissur.ac.in,admissions@nedupuzhathrissur.ac.in,placement@nedupuzhathrissur.ac.in,+91-80-151-1821,Computer Science Engineering (CSE),Diploma,60,240,1995,Rural,Yes,Yes
1-44640728922,1-44640728922,U-0317,"GOVERNMENT WOMEN'S POLYTECHNIC COLLEGE, NEDUPUZHA, THRISSUR",Active,Kerala,Thrissur,Thrissur,"PRINCIPAL, GOVERNMENT WOMEN'S POLYTECHNIC COLLEGE, THRISSUR, KERALA PIN 680007",680007,10.535047,76.196522,Government,"Board of Technical Examination, Kerala",Approved,Approved,A,No,,Tier 2,http://www.nedupuzhathrissur.ac.in,info@nedupuzhathrissur.ac.in,admissions@nedupuzhathrissur.ac.in,placement@nedupuzhathrissur.ac.in,+91-80-151-1821,Civil Engineering,Diploma,60,240,1995,Rural,Yes,Yes
1-44640186173,1-44640186173,U-0317,GOVERNMENT POLYTECHNIC COLLEGE MEENANGADI,Active,Kerala,Wayanad,Wayanad,"MEENANGADI(P.O) MEENANGADI, WAYANAD DISTRICT, KERALA STATE.",682314,10.851172,76.256149,Government,"Board of Technical Examination, Kerala",Approved,Approved,A+,Yes,,Tier 2,http://www.meenangadi.ac.in,info@meenangadi.ac.in,admissions@meenangadi.ac.in,placement@meenangadi.ac.in,+91-80-867-0496,Civil Engineering,Diploma,60,240,1989,Rural,No,No
1-44640186173,1-44640186173,U-0317,GOVERNMENT POLYTECHNIC COLLEGE MEENANGADI,Active,Kerala,Wayanad,Wayanad,"MEENANGADI(P.O) MEENANGADI, WAYANAD DISTRICT, KERALA STATE.",682314,10.851172,76.256149,Government,"Board of Technical Examination, Kerala",Approved,Approved,A+,Yes,,Tier 2,http://www.meenangadi.ac.in,info@meenangadi.ac.in,admissions@meenangadi.ac.in,placement@meenangadi.ac.in,+91-80-867-0496,Mechanical Engineering,Diploma,60,240,1989,Rural,No,No
1-44640186173,1-44640186173,U-0317,GOVERNMENT POLYTECHNIC COLLEGE MEENANGADI,Active,Kerala,Wayanad,Wayanad,"MEENANGADI(P.O) MEENANGADI, WAYANAD DISTRICT, KERALA STATE.",682314,10.851172,76.256149,Government,"Board of Technical Examination, Kerala",Approved,Approved,A+,Yes,,Tier 2,http://www.meenangadi.ac.in,info@meenangadi.ac.in,admissions@meenangadi.ac.in,placement@meenangadi.ac.in,+91-80-867-0496,Electrical & Electronics Engineering (EEE),Diploma,60,240,1989,Rural,No,No
1-44640186173,1-44640186173,U-0317,GOVERNMENT POLYTECHNIC COLLEGE MEENANGADI,Active,Kerala,Wayanad,Wayanad,"MEENANGADI(P.O) MEENANGADI, WAYANAD DISTRICT, KERALA STATE.",682314,10.851172,76.256149,Government,"Board of Technical Examination, Kerala",Approved,Approved,A+,Yes,,Tier 2,http://www.meenangadi.ac.in,info@meenangadi.ac.in,admissions@meenangadi.ac.in,placement@meenangadi.ac.in,+91-80-867-0496,Other Engineering Branches,Diploma,60,240,1989,Rural,No,No
1-44640188039,1-44640188039,U-0672,FEDERAL INSTITUTE OF SCIENCE AND TECHNOLOGY (FISAT),Active,Kerala,Ernakulam,Ernakulam,"HORMIS NAGAR, MOOKKANNOOR P.O, ANGAMALY",682234,9.997778,76.305667,Private-Self Financing,"APJ Abdul Kalam Technological University, Kerala",Approved,Approved,B++,Yes,,Tier 3,http://www.federalsciencefisat.ac.in,info@federalsciencefisat.ac.in,admissions@federalsciencefisat.ac.in,placement@federalsciencefisat.ac.in,+91-80-517-4052,Other Engineering Branches,M.Tech,60,792,1986,Urban,Yes,Yes
1-44640188039,1-44640188039,U-0672,FEDERAL INSTITUTE OF SCIENCE AND TECHNOLOGY (FISAT),Active,Kerala,Ernakulam,Ernakulam,"HORMIS NAGAR, MOOKKANNOOR P.O, ANGAMALY",682234,9.997778,76.305667,Private-Self Financing,"APJ Abdul Kalam Technological University, Kerala",Approved,Approved,B++,Yes,,Tier 3,http://www.federalsciencefisat.ac.in,info@federalsciencefisat.ac.in,admissions@federalsciencefisat.ac.in,placement@federalsciencefisat.ac.in,+91-80-517-4052,Civil Engineering,B.Tech,120,792,1986,Urban,Yes,Yes
1-44640188039,1-44640188039,U-0672,FEDERAL INSTITUTE OF SCIENCE AND TECHNOLOGY (FISAT),Active,Kerala,Ernakulam,Ernakulam,"HORMIS NAGAR, MOOKKANNOOR P.O, ANGAMALY",682234,9.997778,76.305667,Private-Self Financing,"APJ Abdul Kalam Technological University, Kerala",Approved,Approved,B++,Yes,,Tier 3,http://www.federalsciencefisat.ac.in,info@federalsciencefisat.ac.in,admissions@federalsciencefisat.ac.in,placement@federalsciencefisat.ac.in,+91-80-517-4052,Computer Science Engineering (CSE),B.Tech,240,792,1986,Urban,Yes,Yes
1-44640188039,1-44640188039,U-0672,FEDERAL INSTITUTE OF SCIENCE AND TECHNOLOGY (FISAT),Active,Kerala,Ernakulam,Ernakulam,"HORMIS NAGAR, MOOKKANNOOR P.O, ANGAMALY",682234,9.997778,76.305667,Private-Self Financing,"APJ Abdul Kalam Technological University, Kerala",Approved,Approved,B++,Yes,,Tier 3,http://www.federalsciencefisat.ac.in,info@federalsciencefisat.ac.in,admissions@federalsciencefisat.ac.in,placement@federalsciencefisat.ac.in,+91-80-517-4052,Electronics & Communication Engineering (ECE),B.Tech,120,792,1986,Urban,Yes,Yes
1-44640188039,1-44640188039,U-0672,FEDERAL INSTITUTE OF SCIENCE AND TECHNOLOGY (FISAT),Active,Kerala,Ernakulam,Ernakulam,"HORMIS NAGAR, MOOKKANNOOR P.O, ANGAMALY",682234,9.997778,76.305667,Private-Self Financing,"APJ Abdul Kalam Technological University, Kerala",Approved,Approved,B++,Yes,,Tier 3,http://www.federalsciencefisat.ac.in,info@federalsciencefisat.ac.in,admissions@federalsciencefisat.ac.in,placement@federalsciencefisat.ac.in,+91-80-517-4052,Electrical & Electronics Engineering (EEE),B.Tech,60,792,1986,Urban,Yes,Yes
1-44640188039,1-44640188039,U-0672,FEDERAL INSTITUTE OF SCIENCE AND TECHNOLOGY (FISAT),Active,Kerala,Ernakulam,Ernakulam,"HORMIS NAGAR, MOOKKANNOOR P.O, ANGAMALY",682234,9.997778,76.305667,Private-Self Financing,"APJ Abdul Kalam Technological University, Kerala",Approved,Approved,B++,Yes,,Tier 3,http://www.federalsciencefisat.ac.in,info@federalsciencefisat.ac.in,admissions@federalsciencefisat.ac.in,placement@federalsciencefisat.ac.in,+91-80-517-4052,Other Engineering Branches,B.Tech,60,792,1986,Urban,Yes,Yes
1-44640188039,1-44640188039,U-0672,FEDERAL INSTITUTE OF SCIENCE AND TECHNOLOGY (FISAT),Active,Kerala,Ernakulam,Ernakulam,"HORMIS NAGAR, MOOKKANNOOR P.O, ANGAMALY",682234,9.997778,76.305667,Private-Self Financing,"APJ Abdul Kalam Technological University, Kerala",Approved,Approved,B++,Yes,,Tier 3,http://www.federalsciencefisat.ac.in,info@federalsciencefisat.ac.in,admissions@federalsciencefisat.ac.in,placement@federalsciencefisat.ac.in,+91-80-517-4052,Mechanical Engineering,B.Tech,120,792,1986,Urban,Yes,Yes
1-44640188039,1-44640188039,U-0672,FEDERAL INSTITUTE OF SCIENCE AND TECHNOLOGY (FISAT),Active,Kerala,Ernakulam,Ernakulam,"HORMIS NAGAR, MOOKKANNOOR P.O, ANGAMALY",682234,9.997778,76.305667,Private-Self Financing,"APJ Abdul Kalam Technological University, Kerala",Approved,Approved,B++,Yes,,Tier 3,http://www.federalsciencefisat.ac.in,info@federalsciencefisat.ac.in,admissions@federalsciencefisat.ac.in,placement@federalsciencefisat.ac.in,+91-80-517-4052,Data Science,M.Tech,12,792,1986,Urban,Yes,Yes
1-44640355455,1-44640355455,U-0317,"WOMEN'S POLYTECHNIC COLLEGE,KOZHIKODE",Active,Kerala,Kozhikode,Kozhikode,"MALAPPARAMBA,CALICUT",682606,11.268121,75.774388,Government,"Board of Technical Examination, Kerala",Approved,Approved,A,No,,Tier 2,http://www.collegekozhikode.ac.in,info@collegekozhikode.ac.in,admissions@collegekozhikode.ac.in,placement@collegekozhikode.ac.in,+91-80-229-8073,Other Engineering Branches,Diploma,120,120,2015,Rural,Yes,Yes
1-44640526482,1-44640526482,U-0317,MADIN COLLEGE OF ENGINEERING AND MANAGEMENT,Active,Kerala,Malappuram,Malappuram,"SWALATH NAGAR, MELMURI POST",682347,10.868967,76.289772,Private-Self Financing,"Board of Technical Examination, Kerala",Approved,Approved,A,No,,Tier 3,http://www.madinmanagement.ac.in,info@madinmanagement.ac.in,admissions@madinmanagement.ac.in,placement@madinmanagement.ac.in,+91-80-613-4391,Civil Engineering,Diploma,60,420,2006,Urban,Yes,Yes
1-44640526482,1-44640526482,U-0317,MADIN COLLEGE OF ENGINEERING AND MANAGEMENT,Active,Kerala,Malappuram,Malappuram,"SWALATH NAGAR, MELMURI POST",682347,10.868967,76.289772,Private-Self Financing,"Board of Technical Examination, Kerala",Approved,Approved,A,No,,Tier 3,http://www.madinmanagement.ac.in,info@madinmanagement.ac.in,admissions@madinmanagement.ac.in,placement@madinmanagement.ac.in,+91-80-613-4391,Mechanical Engineering,Diploma,60,420,2006,Urban,Yes,Yes
1-44640526482,1-44640526482,U-0317,MADIN COLLEGE OF ENGINEERING AND MANAGEMENT,Active,Kerala,Malappuram,Malappuram,"SWALATH NAGAR, MELMURI POST",682347,10.868967,76.289772,Private-Self Financing,"Board of Technical Examination, Kerala",Approved,Approved,A,No,,Tier 3,http://www.madinmanagement.ac.in,info@madinmanagement.ac.in,admissions@madinmanagement.ac.in,placement@madinmanagement.ac.in,+91-80-613-4391,Computer Science Engineering (CSE),Diploma,60,420,2006,Urban,Yes,Yes
1-44640526482,1-44640526482,U-0317,MADIN COLLEGE OF ENGINEERING AND MANAGEMENT,Active,Kerala,Malappuram,Malappuram,"SWALATH NAGAR, MELMURI POST",682347,10.868967,76.289772,Private-Self Financing,"Board of Technical Examination, Kerala",Approved,Approved,A,No,,Tier 3,http://www.madinmanagement.ac.in,info@madinmanagement.ac.in,admissions@madinmanagement.ac.in,placement@madinmanagement.ac.in,+91-80-613-4391,Electrical & Electronics Engineering (EEE),Diploma,120,420,2006,Urban,Yes,Yes
1-44640526482,1-44640526482,U-0317,MADIN COLLEGE OF ENGINEERING AND MANAGEMENT,Active,Kerala,Malappuram,Malappuram,"SWALATH NAGAR, MELMURI POST",682347,10.868967,76.289772,Private-Self Financing,"Board of Technical Examination, Kerala",Approved,Approved,A,No,,Tier 3,http://www.madinmanagement.ac.in,info@madinmanagement.ac.in,admissions@madinmanagement.ac.in,placement@madinmanagement.ac.in,+91-80-613-4391,Automobile Engineering,Diploma,60,420,2006,Urban,Yes,Yes
1-44640526482,1-44640526482,U-0317,MADIN COLLEGE OF ENGINEERING AND MANAGEMENT,Active,Kerala,Malappuram,Malappuram,"SWALATH NAGAR, MELMURI POST",682347,10.868967,76.289772,Private-Self Financing,"Board of Technical Examination, Kerala",Approved,Approved,A,No,,Tier 3,http://www.madinmanagement.ac.in,info@madinmanagement.ac.in,admissions@madinmanagement.ac.in,placement@madinmanagement.ac.in,+91-80-613-4391,Information Technology (IT),Diploma,60,420,2006,Urban,Yes,Yes
1-44640441717,1-44640441717,U-0317,"GOVERNMENT WOMEN'S POLYTECHNIC COLLEGE,KAYAMKULAM",Active,Kerala,Alappuzha,Alappuzha,"GOVERNMENT WOMEN'S POLYTECHNIC COLLEGE,KAYAMKULAM.P.O KERALA",682427,9.483528,76.329192,Government,"Board of Technical Examination, Kerala",Approved,Approved,B++,Yes,,Tier 3,http://www.collegekayamkulam.ac.in,info@collegekayamkulam.ac.in,admissions@collegekayamkulam.ac.in,placement@collegekayamkulam.ac.in,+91-80-227-6674,Other Engineering Branches,Diploma,120,180,2019,Urban,Yes,Yes
1-44640441717,1-44640441717,U-0317,"GOVERNMENT WOMEN'S POLYTECHNIC COLLEGE,KAYAMKULAM",Active,Kerala,Alappuzha,Alappuzha,"GOVERNMENT WOMEN'S POLYTECHNIC COLLEGE,KAYAMKULAM.P.O KERALA",682427,9.483528,76.329192,Government,"Board of Technical Examination, Kerala",Approved,Approved,B++,Yes,,Tier 3,http://www.collegekayamkulam.ac.in,info@collegekayamkulam.ac.in,admissions@collegekayamkulam.ac.in,placement@collegekayamkulam.ac.in,+91-80-227-6674,Computer Science Engineering (CSE),Diploma,60,180,2019,Urban,Yes,Yes
1-44640486535,1-44640486535,U-0672,MUSALIAR COLLEGE OF ENGINEERING,Active,Kerala,Thiruvananthapuram,Thiruvananthapuram,KADAKOM. P.O CHIRAYINKEEZHU THIRUVANANTHAPURAM KERALA,682973,8.529618,76.946818,Private-Self Financing,"APJ Abdul Kalam Technological University, Kerala",Approved,Approved,A,No,,Tier 3,http://www.musaliar.ac.in,info@musaliar.ac.in,admissions@musaliar.ac.in,placement@musaliar.ac.in,+91-80-070-3041,Civil Engineering,B.Tech,30,390,2013,Urban,Yes,Yes
1-44640486535,1-44640486535,U-0672,MUSALIAR COLLEGE OF ENGINEERING,Active,Kerala,Thiruvananthapuram,Thiruvananthapuram,KADAKOM. P.O CHIRAYINKEEZHU THIRUVANANTHAPURAM KERALA,682973,8.529618,76.946818,Private-Self Financing,"APJ Abdul Kalam Technological University, Kerala",Approved,Approved,A,No,,Tier 3,http://www.musaliar.ac.in,info@musaliar.ac.in,admissions@musaliar.ac.in,placement@musaliar.ac.in,+91-80-070-3041,Electronics & Communication Engineering (ECE),B.Tech,30,390,2013,Urban,Yes,Yes
1-44640486535,1-44640486535,U-0672,MUSALIAR COLLEGE OF ENGINEERING,Active,Kerala,Thiruvananthapuram,Thiruvananthapuram,KADAKOM. P.O CHIRAYINKEEZHU THIRUVANANTHAPURAM KERALA,682973,8.529618,76.946818,Private-Self Financing,"APJ Abdul Kalam Technological University, Kerala",Approved,Approved,A,No,,Tier 3,http://www.musaliar.ac.in,info@musaliar.ac.in,admissions@musaliar.ac.in,placement@musaliar.ac.in,+91-80-070-3041,Computer Science Engineering (CSE),B.Tech,60,390,2013,Urban,Yes,Yes
1-44640486535,1-44640486535,U-0672,MUSALIAR COLLEGE OF ENGINEERING,Active,Kerala,Thiruvananthapuram,Thiruvananthapuram,KADAKOM. P.O CHIRAYINKEEZHU THIRUVANANTHAPURAM KERALA,682973,8.529618,76.946818,Private-Self Financing,"APJ Abdul Kalam Technological University, Kerala",Approved,Approved,A,No,,Tier 3,http://www.musaliar.ac.in,info@musaliar.ac.in,admissions@musaliar.ac.in,placement@musaliar.ac.in,+91-80-070-3041,Other Engineering Branches,B.Tech,90,390,2013,Urban,Yes,Yes
1-44640486535,1-44640486535,U-0672,MUSALIAR COLLEGE OF ENGINEERING,Active,Kerala,Thiruvananthapuram,Thiruvananthapuram,KADAKOM. P.O CHIRAYINKEEZHU THIRUVANANTHAPURAM KERALA,682973,8.529618,76.946818,Private-Self Financing,"APJ Abdul Kalam Technological University, Kerala",Approved,Approved,A,No,,Tier 3,http://www.musaliar.ac.in,info@musaliar.ac.in,admissions@musaliar.ac.in,placement@musaliar.ac.in,+91-80-070-3041,Artificial Intelligence & Machine Learning (AI & ML),Diploma,60,390,2013,Urban,Yes,Yes
1-44640486535,1-44640486535,U-0672,MUSALIAR COLLEGE OF ENGINEERING,Active,Kerala,Thiruvananthapuram,Thiruvananthapuram,KADAKOM. P.O CHIRAYINKEEZHU THIRUVANANTHAPURAM KERALA,682973,8.529618,76.946818,Private-Self Financing,"APJ Abdul Kalam Technological University, Kerala",Approved,Approved,A,No,,Tier 3,http://www.musaliar.ac.in,info@musaliar.ac.in,admissions@musaliar.ac.in,placement@musaliar.ac.in,+91-80-070-3041,Information Technology (IT),Diploma,60,390,2013,Urban,Yes,Yes
1-44640486535,1-44640486535,U-0672,MUSALIAR COLLEGE OF ENGINEERING,Active,Kerala,Thiruvananthapuram,Thiruvananthapuram,KADAKOM. P.O CHIRAYINKEEZHU THIRUVANANTHAPURAM KERALA,682973,8.529618,76.946818,Private-Self Financing,"APJ Abdul Kalam Technological University, Kerala",Approved,Approved,A,No,,Tier 3,http://www.musaliar.ac.in,info@musaliar.ac.in,admissions@musaliar.ac.in,placement@musaliar.ac.in,+91-80-070-3041,Civil Engineering,Diploma,60,390,2013,Urban,Yes,Yes
1-44640954126,1-44640954126,U-0672,"MET'S SCHOOL OF ENGINEERING, MALA",Active,Kerala,Thrissur,Thrissur,MET'S SCHOOL OF ENGINEERING PO. KURUVILASSERY MALA-680735 THRISSUR DISTRICT KERALA STATE,680735,10.509968,76.233226,Private-Self Financing,"APJ Abdul Kalam Technological University, Kerala",Approved,Approved,B,Yes,,Tier 3,http://www.metsschoolmala.ac.in,info@metsschoolmala.ac.in,admissions@metsschoolmala.ac.in,placement@metsschoolmala.ac.in,+91-80-099-3528,Information Technology (IT),M.Tech,18,567,2007,Urban,Yes,No
1-44640954126,1-44640954126,U-0672,"MET'S SCHOOL OF ENGINEERING, MALA",Active,Kerala,Thrissur,Thrissur,MET'S SCHOOL OF ENGINEERING PO. KURUVILASSERY MALA-680735 THRISSUR DISTRICT KERALA STATE,680735,10.509968,76.233226,Private-Self Financing,"APJ Abdul Kalam Technological University, Kerala",Approved,Approved,B,Yes,,Tier 3,http://www.metsschoolmala.ac.in,info@metsschoolmala.ac.in,admissions@metsschoolmala.ac.in,placement@metsschoolmala.ac.in,+91-80-099-3528,Biotechnology,B.Tech,60,567,2007,Urban,Yes,No
1-44640954126,1-44640954126,U-0672,"MET'S SCHOOL OF ENGINEERING, MALA",Active,Kerala,Thrissur,Thrissur,MET'S SCHOOL OF ENGINEERING PO. KURUVILASSERY MALA-680735 THRISSUR DISTRICT KERALA STATE,680735,10.509968,76.233226,Private-Self Financing,"APJ Abdul Kalam Technological University, Kerala",Approved,Approved,B,Yes,,Tier 3,http://www.metsschoolmala.ac.in,info@metsschoolmala.ac.in,admissions@metsschoolmala.ac.in,placement@metsschoolmala.ac.in,+91-80-099-3528,Mechanical Engineering,B.Tech,30,567,2007,Urban,Yes,No
1-44640954126,1-44640954126,U-0672,"MET'S SCHOOL OF ENGINEERING, MALA",Active,Kerala,Thrissur,Thrissur,MET'S SCHOOL OF ENGINEERING PO. KURUVILASSERY MALA-680735 THRISSUR DISTRICT KERALA STATE,680735,10.509968,76.233226,Private-Self Financing,"APJ Abdul Kalam Technological University, Kerala",Approved,Approved,B,Yes,,Tier 3,http://www.metsschoolmala.ac.in,info@metsschoolmala.ac.in,admissions@metsschoolmala.ac.in,placement@metsschoolmala.ac.in,+91-80-099-3528,Computer Science Engineering (CSE),B.Tech,60,567,2007,Urban,Yes,No
1-44640954126,1-44640954126,U-0672,"MET'S SCHOOL OF ENGINEERING, MALA",Active,Kerala,Thrissur,Thrissur,MET'S SCHOOL OF ENGINEERING PO. KURUVILASSERY MALA-680735 THRISSUR DISTRICT KERALA STATE,680735,10.509968,76.233226,Private-Self Financing,"APJ Abdul Kalam Technological University, Kerala",Approved,Approved,B,Yes,,Tier 3,http://www.metsschoolmala.ac.in,info@metsschoolmala.ac.in,admissions@metsschoolmala.ac.in,placement@metsschoolmala.ac.in,+91-80-099-3528,Civil Engineering,B.Tech,30,567,2007,Urban,Yes,No
1-44640954126,1-44640954126,U-0672,"MET'S SCHOOL OF ENGINEERING, MALA",Active,Kerala,Thrissur,Thrissur,MET'S SCHOOL OF ENGINEERING PO. KURUVILASSERY MALA-680735 THRISSUR DISTRICT KERALA STATE,680735,10.509968,76.233226,Private-Self Financing,"APJ Abdul Kalam Technological University, Kerala",Approved,Approved,B,Yes,,Tier 3,http://www.metsschoolmala.ac.in,info@metsschoolmala.ac.in,admissions@metsschoolmala.ac.in,placement@metsschoolmala.ac.in,+91-80-099-3528,Biotechnology,M.Tech,9,567,2007,Urban,Yes,No
1-44640954126,1-44640954126,U-0672,"MET'S SCHOOL OF ENGINEERING, MALA",Active,Kerala,Thrissur,Thrissur,MET'S SCHOOL OF ENGINEERING PO. KURUVILASSERY MALA-680735 THRISSUR DISTRICT KERALA STATE,680735,10.509968,76.233226,Private-Self Financing,"APJ Abdul Kalam Technological University, Kerala",Approved,Approved,B,Yes,,Tier 3,http://www.metsschoolmala.ac.in,info@metsschoolmala.ac.in,admissions@metsschoolmala.ac.in,placement@metsschoolmala.ac.in,+91-80-099-3528,Mechanical Engineering,Diploma,60,567,2007,Urban,Yes,No
1-44640954126,1-44640954126,U-0672,"MET'S SCHOOL OF ENGINEERING, MALA",Active,Kerala,Thrissur,Thrissur,MET'S SCHOOL OF ENGINEERING PO. KURUVILASSERY MALA-680735 THRISSUR DISTRICT KERALA STATE,680735,10.509968,76.233226,Private-Self Financing,"APJ Abdul Kalam Technological University, Kerala",Approved,Approved,B,Yes,,Tier 3,http://www.metsschoolmala.ac.in,info@metsschoolmala.ac.in,admissions@metsschoolmala.ac.in,placement@metsschoolmala.ac.in,+91-80-099-3528,Electrical & Electronics Engineering (EEE),Diploma,60,567,2007,Urban,Yes,No
1-44640954126,1-44640954126,U-0672,"MET'S SCHOOL OF ENGINEERING, MALA",Active,Kerala,Thrissur,Thrissur,MET'S SCHOOL OF ENGINEERING PO. KURUVILASSERY MALA-680735 THRISSUR DISTRICT KERALA STATE,680735,10.509968,76.233226,Private-Self Financing,"APJ Abdul Kalam Technological University, Kerala",Approved,Approved,B,Yes,,Tier 3,http://www.metsschoolmala.ac.in,info@metsschoolmala.ac.in,admissions@metsschoolmala.ac.in,placement@metsschoolmala.ac.in,+91-80-099-3528,Computer Science Engineering (CSE),Diploma,60,567,2007,Urban,Yes,No
1-44640954126,1-44640954126,U-0672,"MET'S SCHOOL OF ENGINEERING, MALA",Active,Kerala,Thrissur,Thrissur,MET'S SCHOOL OF ENGINEERING PO. KURUVILASSERY MALA-680735 THRISSUR DISTRICT KERALA STATE,680735,10.509968,76.233226,Private-Self Financing,"APJ Abdul Kalam Technological University, Kerala",Approved,Approved,B,Yes,,Tier 3,http://www.metsschoolmala.ac.in,info@metsschoolmala.ac.in,admissions@metsschoolmala.ac.in,placement@metsschoolmala.ac.in,+91-80-099-3528,Data Science,B.Tech,60,567,2007,Urban,Yes,No
1-44640954126,1-44640954126,U-0672,"MET'S SCHOOL OF ENGINEERING, MALA",Active,Kerala,Thrissur,Thrissur,MET'S SCHOOL OF ENGINEERING PO. KURUVILASSERY MALA-680735 THRISSUR DISTRICT KERALA STATE,680735,10.509968,76.233226,Private-Self Financing,"APJ Abdul Kalam Technological University, Kerala",Approved,Approved,B,Yes,,Tier 3,http://www.metsschoolmala.ac.in,info@metsschoolmala.ac.in,admissions@metsschoolmala.ac.in,placement@metsschoolmala.ac.in,+91-80-099-3528,Artificial Intelligence & Machine Learning (AI & ML),Diploma,60,567,2007,Urban,Yes,No
1-44640954126,1-44640954126,U-0672,"MET'S SCHOOL OF ENGINEERING, MALA",Active,Kerala,Thrissur,Thrissur,MET'S SCHOOL OF ENGINEERING PO. KURUVILASSERY MALA-680735 THRISSUR DISTRICT KERALA STATE,680735,10.509968,76.233226,Private-Self Financing,"APJ Abdul Kalam Technological University, Kerala",Approved,Approved,B,Yes,,Tier 3,http://www.metsschoolmala.ac.in,info@metsschoolmala.ac.in,admissions@metsschoolmala.ac.in,placement@metsschoolmala.ac.in,+91-80-099-3528,Civil Engineering,Diploma,60,567,2007,Urban,Yes,No
1-44641376841,1-44641376841,U-0317,"EKNAYANAR MEMORIAL MODEL POLYTECHNIC COLLEGE,KALLYASSERY",Active,Kerala,Kannur,Kannur,KALLYASSERY KALLYASSERY.P.O KANNUR KERALA,682328,10.848706,76.257057,Government,"Board of Technical Examination, Kerala",Approved,Approved,B++,Yes,,Tier 3,http://www.eknayanarmemorialmodel.ac.in,info@eknayanarmemorialmodel.ac.in,admissions@eknayanarmemorialmodel.ac.in,placement@eknayanarmemorialmodel.ac.in,+91-80-763-6006,Other Engineering Branches,Diploma,120,300,1995,Rural,Yes,Yes
1-44641376841,1-44641376841,U-0317,"EKNAYANAR MEMORIAL MODEL POLYTECHNIC COLLEGE,KALLYASSERY",Active,Kerala,Kannur,Kannur,KALLYASSERY KALLYASSERY.P.O KANNUR KERALA,682328,10.848706,76.257057,Government,"Board of Technical Examination, Kerala",Approved,Approved,B++,Yes,,Tier 3,http://www.eknayanarmemorialmodel.ac.in,info@eknayanarmemorialmodel.ac.in,admissions@eknayanarmemorialmodel.ac.in,placement@eknayanarmemorialmodel.ac.in,+91-80-763-6006,Electronics & Communication Engineering (ECE),Diploma,60,300,1995,Rural,Yes,Yes
1-44641376841,1-44641376841,U-0317,"EKNAYANAR MEMORIAL MODEL POLYTECHNIC COLLEGE,KALLYASSERY",Active,Kerala,Kannur,Kannur,KALLYASSERY KALLYASSERY.P.O KANNUR KERALA,682328,10.848706,76.257057,Government,"Board of Technical Examination, Kerala",Approved,Approved,B++,Yes,,Tier 3,http://www.eknayanarmemorialmodel.ac.in,info@eknayanarmemorialmodel.ac.in,admissions@eknayanarmemorialmodel.ac.in,placement@eknayanarmemorialmodel.ac.in,+91-80-763-6006,Electrical & Electronics Engineering (EEE),Diploma,60,300,1995,Rural,Yes,Yes
1-44641376841,1-44641376841,U-0317,"EKNAYANAR MEMORIAL MODEL POLYTECHNIC COLLEGE,KALLYASSERY",Active,Kerala,Kannur,Kannur,KALLYASSERY KALLYASSERY.P.O KANNUR KERALA,682328,10.848706,76.257057,Government,"Board of Technical Examination, Kerala",Approved,Approved,B++,Yes,,Tier 3,http://www.eknayanarmemorialmodel.ac.in,info@eknayanarmemorialmodel.ac.in,admissions@eknayanarmemorialmodel.ac.in,placement@eknayanarmemorialmodel.ac.in,+91-80-763-6006,Computer Science Engineering (CSE),Diploma,60,300,1995,Rural,Yes,Yes
1-44641457333,1-44641457333,U-0672,IES COLLEGE OF ENGINEERING,Active,Kerala,Thrissur,Thrissur,P.O. CHITTILAPPILLY,682330,10.5462,76.230109,Private-Self Financing,"APJ Abdul Kalam Technological University, Kerala",Approved,Approved,A+,Yes,,Tier 2,http://www.ies.ac.in,info@ies.ac.in,admissions@ies.ac.in,placement@ies.ac.in,+91-80-618-9924,Civil Engineering,B.Tech,30,270,2019,Rural,Yes,Yes
1-44641457333,1-44641457333,U-0672,IES COLLEGE OF ENGINEERING,Active,Kerala,Thrissur,Thrissur,P.O. CHITTILAPPILLY,682330,10.5462,76.230109,Private-Self Financing,"APJ Abdul Kalam Technological University, Kerala",Approved,Approved,A+,Yes,,Tier 2,http://www.ies.ac.in,info@ies.ac.in,admissions@ies.ac.in,placement@ies.ac.in,+91-80-618-9924,Computer Science Engineering (CSE),B.Tech,60,270,2019,Rural,Yes,Yes
1-44641457333,1-44641457333,U-0672,IES COLLEGE OF ENGINEERING,Active,Kerala,Thrissur,Thrissur,P.O. CHITTILAPPILLY,682330,10.5462,76.230109,Private-Self Financing,"APJ Abdul Kalam Technological University, Kerala",Approved,Approved,A+,Yes,,Tier 2,http://www.ies.ac.in,info@ies.ac.in,admissions@ies.ac.in,placement@ies.ac.in,+91-80-618-9924,Electronics & Communication Engineering (ECE),B.Tech,30,270,2019,Rural,Yes,Yes
1-44641457333,1-44641457333,U-0672,IES COLLEGE OF ENGINEERING,Active,Kerala,Thrissur,Thrissur,P.O. CHITTILAPPILLY,682330,10.5462,76.230109,Private-Self Financing,"APJ Abdul Kalam Technological University, Kerala",Approved,Approved,A+,Yes,,Tier 2,http://www.ies.ac.in,info@ies.ac.in,admissions@ies.ac.in,placement@ies.ac.in,+91-80-618-9924,Electrical & Electronics Engineering (EEE),B.Tech,30,270,2019,Rural,Yes,Yes
1-44641457333,1-44641457333,U-0672,IES COLLEGE OF ENGINEERING,Active,Kerala,Thrissur,Thrissur,P.O. CHITTILAPPILLY,682330,10.5462,76.230109,Private-Self Financing,"APJ Abdul Kalam Technological University, Kerala",Approved,Approved,A+,Yes,,Tier 2,http://www.ies.ac.in,info@ies.ac.in,admissions@ies.ac.in,placement@ies.ac.in,+91-80-618-9924,Mechanical Engineering,B.Tech,30,270,2019,Rural,Yes,Yes
1-44641457333,1-44641457333,U-0672,IES COLLEGE OF ENGINEERING,Active,Kerala,Thrissur,Thrissur,P.O. CHITTILAPPILLY,682330,10.5462,76.230109,Private-Self Financing,"APJ Abdul Kalam Technological University, Kerala",Approved,Approved,A+,Yes,,Tier 2,http://www.ies.ac.in,info@ies.ac.in,admissions@ies.ac.in,placement@ies.ac.in,+91-80-618-9924,Data Science,B.Tech,60,270,2019,Rural,Yes,Yes
1-44641457333,1-44641457333,U-0672,IES COLLEGE OF ENGINEERING,Active,Kerala,Thrissur,Thrissur,P.O. CHITTILAPPILLY,682330,10.5462,76.230109,Private-Self Financing,"APJ Abdul Kalam Technological University, Kerala",Approved,Approved,A+,Yes,,Tier 2,http://www.ies.ac.in,info@ies.ac.in,admissions@ies.ac.in,placement@ies.ac.in,+91-80-618-9924,Robotics,B.Tech,30,270,2019,Rural,Yes,Yes
1-44641214148,1-44641214148,U-0294,"GOVERNMENT POLYTECHNIC COLLEGE, KUNNAMKULAM",Active,Kerala,Thrissur,Thrissur,KUNNAMKULAM KIZHOOR (P.O) THRISSUR(D.T) KERALA,682330,10.534572,76.219035,Government,Directorate of Technical Education,Approved,Approved,A,No,,Tier 2,http://www.kunnamkulam.ac.in,info@kunnamkulam.ac.in,admissions@kunnamkulam.ac.in,placement@kunnamkulam.ac.in,+91-80-131-3053,Computer Science Engineering (CSE),Diploma,60,180,1989,Urban,Yes,No
1-44641214148,1-44641214148,U-0294,"GOVERNMENT POLYTECHNIC COLLEGE, KUNNAMKULAM",Active,Kerala,Thrissur,Thrissur,KUNNAMKULAM KIZHOOR (P.O) THRISSUR(D.T) KERALA,682330,10.534572,76.219035,Government,Directorate of Technical Education,Approved,Approved,A,No,,Tier 2,http://www.kunnamkulam.ac.in,info@kunnamkulam.ac.in,admissions@kunnamkulam.ac.in,placement@kunnamkulam.ac.in,+91-80-131-3053,Electronics & Communication Engineering (ECE),Diploma,60,180,1989,Urban,Yes,No
1-44641214148,1-44641214148,U-0294,"GOVERNMENT POLYTECHNIC COLLEGE, KUNNAMKULAM",Active,Kerala,Thrissur,Thrissur,KUNNAMKULAM KIZHOOR (P.O) THRISSUR(D.T) KERALA,682330,10.534572,76.219035,Government,Directorate of Technical Education,Approved,Approved,A,No,,Tier 2,http://www.kunnamkulam.ac.in,info@kunnamkulam.ac.in,admissions@kunnamkulam.ac.in,placement@kunnamkulam.ac.in,+91-80-131-3053,Other Engineering Branches,Diploma,60,180,1989,Urban,Yes,No
1-44641464044,1-44641464044,U-0672,GOVERNMENTENGINEERINGCOLLEGETHRISSUR,Active,Kerala,Thrissur,Thrissur,RAMAVARMAPURAM THRISSUR,682330,10.547538,76.226202,Government,"APJ Abdul Kalam Technological University, Kerala",Approved,Approved,B,No,,Tier 3,http://www.governmentengineeringcollegethrissur.ac.in,info@governmentengineeringcollegethrissur.ac.in,admissions@governmentengineeringcollegethrissur.ac.in,placement@governmentengineeringcollegethrissur.ac.in,+91-80-675-1307,Computer Science Engineering (CSE),M.Tech,18,1173,1984,Rural,Yes,Yes
1-44641464044,1-44641464044,U-0672,GOVERNMENTENGINEERINGCOLLEGETHRISSUR,Active,Kerala,Thrissur,Thrissur,RAMAVARMAPURAM THRISSUR,682330,10.547538,76.226202,Government,"APJ Abdul Kalam Technological University, Kerala",Approved,Approved,B,No,,Tier 3,http://www.governmentengineeringcollegethrissur.ac.in,info@governmentengineeringcollegethrissur.ac.in,admissions@governmentengineeringcollegethrissur.ac.in,placement@governmentengineeringcollegethrissur.ac.in,+91-80-675-1307,Other Engineering Branches,M.Tech,261,1173,1984,Rural,Yes,Yes
1-44641464044,1-44641464044,U-0672,GOVERNMENTENGINEERINGCOLLEGETHRISSUR,Active,Kerala,Thrissur,Thrissur,RAMAVARMAPURAM THRISSUR,682330,10.547538,76.226202,Government,"APJ Abdul Kalam Technological University, Kerala",Approved,Approved,B,No,,Tier 3,http://www.governmentengineeringcollegethrissur.ac.in,info@governmentengineeringcollegethrissur.ac.in,admissions@governmentengineeringcollegethrissur.ac.in,placement@governmentengineeringcollegethrissur.ac.in,+91-80-675-1307,Civil Engineering,B.Tech,120,1173,1984,Rural,Yes,Yes
1-44641464044,1-44641464044,U-0672,GOVERNMENTENGINEERINGCOLLEGETHRISSUR,Active,Kerala,Thrissur,Thrissur,RAMAVARMAPURAM THRISSUR,682330,10.547538,76.226202,Government,"APJ Abdul Kalam Technological University, Kerala",Approved,Approved,B,No,,Tier 3,http://www.governmentengineeringcollegethrissur.ac.in,info@governmentengineeringcollegethrissur.ac.in,admissions@governmentengineeringcollegethrissur.ac.in,placement@governmentengineeringcollegethrissur.ac.in,+91-80-675-1307,Mechanical Engineering,B.Tech,120,1173,1984,Rural,Yes,Yes
1-44641464044,1-44641464044,U-0672,GOVERNMENTENGINEERINGCOLLEGETHRISSUR,Active,Kerala,Thrissur,Thrissur,RAMAVARMAPURAM THRISSUR,682330,10.547538,76.226202,Government,"APJ Abdul Kalam Technological University, Kerala",Approved,Approved,B,No,,Tier 3,http://www.governmentengineeringcollegethrissur.ac.in,info@governmentengineeringcollegethrissur.ac.in,admissions@governmentengineeringcollegethrissur.ac.in,placement@governmentengineeringcollegethrissur.ac.in,+91-80-675-1307,Electrical & Electronics Engineering (EEE),B.Tech,120,1173,1984,Rural,Yes,Yes
1-44641464044,1-44641464044,U-0672,GOVERNMENTENGINEERINGCOLLEGETHRISSUR,Active,Kerala,Thrissur,Thrissur,RAMAVARMAPURAM THRISSUR,682330,10.547538,76.226202,Government,"APJ Abdul Kalam Technological University, Kerala",Approved,Approved,B,No,,Tier 3,http://www.governmentengineeringcollegethrissur.ac.in,info@governmentengineeringcollegethrissur.ac.in,admissions@governmentengineeringcollegethrissur.ac.in,placement@governmentengineeringcollegethrissur.ac.in,+91-80-675-1307,Chemical Engineering,B.Tech,120,1173,1984,Rural,Yes,Yes
1-44641464044,1-44641464044,U-0672,GOVERNMENTENGINEERINGCOLLEGETHRISSUR,Active,Kerala,Thrissur,Thrissur,RAMAVARMAPURAM THRISSUR,682330,10.547538,76.226202,Government,"APJ Abdul Kalam Technological University, Kerala",Approved,Approved,B,No,,Tier 3,http://www.governmentengineeringcollegethrissur.ac.in,info@governmentengineeringcollegethrissur.ac.in,admissions@governmentengineeringcollegethrissur.ac.in,placement@governmentengineeringcollegethrissur.ac.in,+91-80-675-1307,Other Engineering Branches,B.Tech,60,1173,1984,Rural,Yes,Yes
1-44641464044,1-44641464044,U-0672,GOVERNMENTENGINEERINGCOLLEGETHRISSUR,Active,Kerala,Thrissur,Thrissur,RAMAVARMAPURAM THRISSUR,682330,10.547538,76.226202,Government,"APJ Abdul Kalam Technological University, Kerala",Approved,Approved,B,No,,Tier 3,http://www.governmentengineeringcollegethrissur.ac.in,info@governmentengineeringcollegethrissur.ac.in,admissions@governmentengineeringcollegethrissur.ac.in,placement@governmentengineeringcollegethrissur.ac.in,+91-80-675-1307,Electronics & Communication Engineering (ECE),B.Tech,120,1173,1984,Rural,Yes,Yes
1-44641464044,1-44641464044,U-0672,GOVERNMENTENGINEERINGCOLLEGETHRISSUR,Active,Kerala,Thrissur,Thrissur,RAMAVARMAPURAM THRISSUR,682330,10.547538,76.226202,Government,"APJ Abdul Kalam Technological University, Kerala",Approved,Approved,B,No,,Tier 3,http://www.governmentengineeringcollegethrissur.ac.in,info@governmentengineeringcollegethrissur.ac.in,admissions@governmentengineeringcollegethrissur.ac.in,placement@governmentengineeringcollegethrissur.ac.in,+91-80-675-1307,Computer Science Engineering (CSE),B.Tech,60,1173,1984,Rural,Yes,Yes
1-44641464044,1-44641464044,U-0672,GOVERNMENTENGINEERINGCOLLEGETHRISSUR,Active,Kerala,Thrissur,Thrissur,RAMAVARMAPURAM THRISSUR,682330,10.547538,76.226202,Government,"APJ Abdul Kalam Technological University, Kerala",Approved,Approved,B,No,,Tier 3,http://www.governmentengineeringcollegethrissur.ac.in,info@governmentengineeringcollegethrissur.ac.in,admissions@governmentengineeringcollegethrissur.ac.in,placement@governmentengineeringcollegethrissur.ac.in,+91-80-675-1307,Electrical Engineering,M.Tech,18,1173,1984,Rural,Yes,Yes
1-44641464044,1-44641464044,U-0672,GOVERNMENTENGINEERINGCOLLEGETHRISSUR,Active,Kerala,Thrissur,Thrissur,RAMAVARMAPURAM THRISSUR,682330,10.547538,76.226202,Government,"APJ Abdul Kalam Technological University, Kerala",Approved,Approved,B,No,,Tier 3,http://www.governmentengineeringcollegethrissur.ac.in,info@governmentengineeringcollegethrissur.ac.in,admissions@governmentengineeringcollegethrissur.ac.in,placement@governmentengineeringcollegethrissur.ac.in,+91-80-675-1307,Data Science,B.Tech,60,1173,1984,Rural,Yes,Yes
1-44641464044,1-44641464044,U-0672,GOVERNMENTENGINEERINGCOLLEGETHRISSUR,Active,Kerala,Thrissur,Thrissur,RAMAVARMAPURAM THRISSUR,682330,10.547538,76.226202,Government,"APJ Abdul Kalam Technological University, Kerala",Approved,Approved,B,No,,Tier 3,http://www.governmentengineeringcollegethrissur.ac.in,info@governmentengineeringcollegethrissur.ac.in,admissions@governmentengineeringcollegethrissur.ac.in,placement@governmentengineeringcollegethrissur.ac.in,+91-80-675-1307,Data Science,M.Tech,18,1173,1984,Rural,Yes,Yes
1-44641464044,1-44641464044,U-0672,GOVERNMENTENGINEERINGCOLLEGETHRISSUR,Active,Kerala,Thrissur,Thrissur,RAMAVARMAPURAM THRISSUR,682330,10.547538,76.226202,Government,"APJ Abdul Kalam Technological University, Kerala",Approved,Approved,B,No,,Tier 3,http://www.governmentengineeringcollegethrissur.ac.in,info@governmentengineeringcollegethrissur.ac.in,admissions@governmentengineeringcollegethrissur.ac.in,placement@governmentengineeringcollegethrissur.ac.in,+91-80-675-1307,Cyber Security,B.Tech,60,1173,1984,Rural,Yes,Yes
1-44641464044,1-44641464044,U-0672,GOVERNMENTENGINEERINGCOLLEGETHRISSUR,Active,Kerala,Thrissur,Thrissur,RAMAVARMAPURAM THRISSUR,682330,10.547538,76.226202,Government,"APJ Abdul Kalam Technological University, Kerala",Approved,Approved,B,No,,Tier 3,http://www.governmentengineeringcollegethrissur.ac.in,info@governmentengineeringcollegethrissur.ac.in,admissions@governmentengineeringcollegethrissur.ac.in,placement@governmentengineeringcollegethrissur.ac.in,+91-80-675-1307,Robotics,M.Tech,18,1173,1984,Rural,Yes,Yes
1-44641464996,1-44641464996,U-0317,GOVERNMENT POLYTECHNIC COLLEGE,Active,Kerala,Thiruvananthapuram,Thiruvananthapuram,ATTINGAL THIRUVANANTHAPURAM PIN 695101,695101,8.514425,76.944092,Government,"Board of Technical Examination, Kerala",Approved,Approved,B,No,,Tier 3,http://www.inst6916.ac.in,info@inst6916.ac.in,admissions@inst6916.ac.in,placement@inst6916.ac.in,+91-80-433-0671,Automobile Engineering,Diploma,60,240,2005,Urban,Yes,Yes
1-44641464996,1-44641464996,U-0317,GOVERNMENT POLYTECHNIC COLLEGE,Active,Kerala,Thiruvananthapuram,Thiruvananthapuram,ATTINGAL THIRUVANANTHAPURAM PIN 695101,695101,8.514425,76.944092,Government,"Board of Technical Examination, Kerala",Approved,Approved,B,No,,Tier 3,http://www.inst6916.ac.in,info@inst6916.ac.in,admissions@inst6916.ac.in,placement@inst6916.ac.in,+91-80-433-0671,Electrical & Electronics Engineering (EEE),Diploma,60,240,2005,Urban,Yes,Yes
1-44641464996,1-44641464996,U-0317,GOVERNMENT POLYTECHNIC COLLEGE,Active,Kerala,Thiruvananthapuram,Thiruvananthapuram,ATTINGAL THIRUVANANTHAPURAM PIN 695101,695101,8.514425,76.944092,Government,"Board of Technical Examination, Kerala",Approved,Approved,B,No,,Tier 3,http://www.inst6916.ac.in,info@inst6916.ac.in,admissions@inst6916.ac.in,placement@inst6916.ac.in,+91-80-433-0671,Mechanical Engineering,Diploma,60,240,2005,Urban,Yes,Yes
1-44641464996,1-44641464996,U-0317,GOVERNMENT POLYTECHNIC COLLEGE,Active,Kerala,Thiruvananthapuram,Thiruvananthapuram,ATTINGAL THIRUVANANTHAPURAM PIN 695101,695101,8.514425,76.944092,Government,"Board of Technical Examination, Kerala",Approved,Approved,B,No,,Tier 3,http://www.inst6916.ac.in,info@inst6916.ac.in,admissions@inst6916.ac.in,placement@inst6916.ac.in,+91-80-433-0671,Other Engineering Branches,Diploma,60,240,2005,Urban,Yes,Yes
1-44640871874,1-44640871874,U-0317,"GOVERNMENT POLYTECHNIC COLLEGE,MATTANUR",Active,Kerala,Kannur,Kannur,MATTANUR POST KANNUR,682328,10.841103,76.289114,Government,"Board of Technical Examination, Kerala",Approved,Approved,B,No,,Tier 3,http://www.collegemattanur.ac.in,info@collegemattanur.ac.in,admissions@collegemattanur.ac.in,placement@collegemattanur.ac.in,+91-80-444-7475,Mechanical Engineering,Diploma,60,240,1990,Rural,No,Yes
1-44640871874,1-44640871874,U-0317,"GOVERNMENT POLYTECHNIC COLLEGE,MATTANUR",Active,Kerala,Kannur,Kannur,MATTANUR POST KANNUR,682328,10.841103,76.289114,Government,"Board of Technical Examination, Kerala",Approved,Approved,B,No,,Tier 3,http://www.collegemattanur.ac.in,info@collegemattanur.ac.in,admissions@collegemattanur.ac.in,placement@collegemattanur.ac.in,+91-80-444-7475,Other Engineering Branches,Diploma,120,240,1990,Rural,No,Yes
1-44640871874,1-44640871874,U-0317,"GOVERNMENT POLYTECHNIC COLLEGE,MATTANUR",Active,Kerala,Kannur,Kannur,MATTANUR POST KANNUR,682328,10.841103,76.289114,Government,"Board of Technical Examination, Kerala",Approved,Approved,B,No,,Tier 3,http://www.collegemattanur.ac.in,info@collegemattanur.ac.in,admissions@collegemattanur.ac.in,placement@collegemattanur.ac.in,+91-80-444-7475,Civil Engineering,Diploma,30,240,1990,Rural,No,Yes
1-44640871874,1-44640871874,U-0317,"GOVERNMENT POLYTECHNIC COLLEGE,MATTANUR",Active,Kerala,Kannur,Kannur,MATTANUR POST KANNUR,682328,10.841103,76.289114,Government,"Board of Technical Examination, Kerala",Approved,Approved,B,No,,Tier 3,http://www.collegemattanur.ac.in,info@collegemattanur.ac.in,admissions@collegemattanur.ac.in,placement@collegemattanur.ac.in,+91-80-444-7475,Electrical & Electronics Engineering (EEE),Diploma,30,240,1990,Rural,No,Yes
1-44641255895,1-44641255895,U-0992,INSTITUTE OF ENGINEERING AND TECHNOLOGY,Active,Kerala,Malappuram,Malappuram,"KOHINOOR, THENHIPALAM P.O., MALAPPURAM ,KERALA , PIN 673 636",682347,10.866373,76.266737,State Government University,NOT APPLICABLE,Approved,Approved,B,Yes,,Tier 3,http://www.inst8774.ac.in,info@inst8774.ac.in,admissions@inst8774.ac.in,placement@inst8774.ac.in,+91-80-504-6244,Electronics & Communication Engineering (ECE),B.Tech,30,270,1998,Urban,Yes,Yes
1-44641255895,1-44641255895,U-0992,INSTITUTE OF ENGINEERING AND TECHNOLOGY,Active,Kerala,Malappuram,Malappuram,"KOHINOOR, THENHIPALAM P.O., MALAPPURAM ,KERALA , PIN 673 636",682347,10.866373,76.266737,State Government University,NOT APPLICABLE,Approved,Approved,B,Yes,,Tier 3,http://www.inst8774.ac.in,info@inst8774.ac.in,admissions@inst8774.ac.in,placement@inst8774.ac.in,+91-80-504-6244,Electrical & Electronics Engineering (EEE),B.Tech,60,270,1998,Urban,Yes,Yes
1-44641255895,1-44641255895,U-0992,INSTITUTE OF ENGINEERING AND TECHNOLOGY,Active,Kerala,Malappuram,Malappuram,"KOHINOOR, THENHIPALAM P.O., MALAPPURAM ,KERALA , PIN 673 636",682347,10.866373,76.266737,State Government University,NOT APPLICABLE,Approved,Approved,B,Yes,,Tier 3,http://www.inst8774.ac.in,info@inst8774.ac.in,admissions@inst8774.ac.in,placement@inst8774.ac.in,+91-80-504-6244,Other Engineering Branches,B.Tech,90,270,1998,Urban,Yes,Yes
1-44641255895,1-44641255895,U-0992,INSTITUTE OF ENGINEERING AND TECHNOLOGY,Active,Kerala,Malappuram,Malappuram,"KOHINOOR, THENHIPALAM P.O., MALAPPURAM ,KERALA , PIN 673 636",682347,10.866373,76.266737,State Government University,NOT APPLICABLE,Approved,Approved,B,Yes,,Tier 3,http://www.inst8774.ac.in,info@inst8774.ac.in,admissions@inst8774.ac.in,placement@inst8774.ac.in,+91-80-504-6244,Mechanical Engineering,B.Tech,60,270,1998,Urban,Yes,Yes
1-44641255895,1-44641255895,U-0992,INSTITUTE OF ENGINEERING AND TECHNOLOGY,Active,Kerala,Malappuram,Malappuram,"KOHINOOR, THENHIPALAM P.O., MALAPPURAM ,KERALA , PIN 673 636",682347,10.866373,76.266737,State Government University,NOT APPLICABLE,Approved,Approved,B,Yes,,Tier 3,http://www.inst8774.ac.in,info@inst8774.ac.in,admissions@inst8774.ac.in,placement@inst8774.ac.in,+91-80-504-6244,Computer Science Engineering (CSE),B.Tech,30,270,1998,Urban,Yes,Yes
1-44641465994,1-44641465994,U-0317,SEETHI SAHIB MEMORIAL POLYTECHNIC COLLEGE,Active,Kerala,Malappuram,Malappuram,"PB#1, THEKKUMMURI PO TIRUR MALAPPURAM DT. KERALA STATE PIN : 676105",676105,10.844139,76.267008,Govt aided,"Board of Technical Examination, Kerala",Approved,Approved,B+,No,,Tier 3,http://www.seethisahibmemorial.ac.in,info@seethisahibmemorial.ac.in,admissions@seethisahibmemorial.ac.in,placement@seethisahibmemorial.ac.in,+91-80-572-0677,Civil Engineering,Diploma,120,600,2000,Rural,Yes,Yes
1-44641465994,1-44641465994,U-0317,SEETHI SAHIB MEMORIAL POLYTECHNIC COLLEGE,Active,Kerala,Malappuram,Malappuram,"PB#1, THEKKUMMURI PO TIRUR MALAPPURAM DT. KERALA STATE PIN : 676105",676105,10.844139,76.267008,Govt aided,"Board of Technical Examination, Kerala",Approved,Approved,B+,No,,Tier 3,http://www.seethisahibmemorial.ac.in,info@seethisahibmemorial.ac.in,admissions@seethisahibmemorial.ac.in,placement@seethisahibmemorial.ac.in,+91-80-572-0677,Mechanical Engineering,Diploma,60,600,2000,Rural,Yes,Yes
1-44641465994,1-44641465994,U-0317,SEETHI SAHIB MEMORIAL POLYTECHNIC COLLEGE,Active,Kerala,Malappuram,Malappuram,"PB#1, THEKKUMMURI PO TIRUR MALAPPURAM DT. KERALA STATE PIN : 676105",676105,10.844139,76.267008,Govt aided,"Board of Technical Examination, Kerala",Approved,Approved,B+,No,,Tier 3,http://www.seethisahibmemorial.ac.in,info@seethisahibmemorial.ac.in,admissions@seethisahibmemorial.ac.in,placement@seethisahibmemorial.ac.in,+91-80-572-0677,Electrical & Electronics Engineering (EEE),Diploma,60,600,2000,Rural,Yes,Yes
1-44641465994,1-44641465994,U-0317,SEETHI SAHIB MEMORIAL POLYTECHNIC COLLEGE,Active,Kerala,Malappuram,Malappuram,"PB#1, THEKKUMMURI PO TIRUR MALAPPURAM DT. KERALA STATE PIN : 676105",676105,10.844139,76.267008,Govt aided,"Board of Technical Examination, Kerala",Approved,Approved,B+,No,,Tier 3,http://www.seethisahibmemorial.ac.in,info@seethisahibmemorial.ac.in,admissions@seethisahibmemorial.ac.in,placement@seethisahibmemorial.ac.in,+91-80-572-0677,Other Engineering Branches,Diploma,60,600,2000,Rural,Yes,Yes
1-44641465994,1-44641465994,U-0317,SEETHI SAHIB MEMORIAL POLYTECHNIC COLLEGE,Active,Kerala,Malappuram,Malappuram,"PB#1, THEKKUMMURI PO TIRUR MALAPPURAM DT. KERALA STATE PIN : 676105",676105,10.844139,76.267008,Govt aided,"Board of Technical Examination, Kerala",Approved,Approved,B+,No,,Tier 3,http://www.seethisahibmemorial.ac.in,info@seethisahibmemorial.ac.in,admissions@seethisahibmemorial.ac.in,placement@seethisahibmemorial.ac.in,+91-80-572-0677,Automobile Engineering,Diploma,60,600,2000,Rural,Yes,Yes
1-44641465994,1-44641465994,U-0317,SEETHI SAHIB MEMORIAL POLYTECHNIC COLLEGE,Active,Kerala,Malappuram,Malappuram,"PB#1, THEKKUMMURI PO TIRUR MALAPPURAM DT. KERALA STATE PIN : 676105",676105,10.844139,76.267008,Govt aided,"Board of Technical Examination, Kerala",Approved,Approved,B+,No,,Tier 3,http://www.seethisahibmemorial.ac.in,info@seethisahibmemorial.ac.in,admissions@seethisahibmemorial.ac.in,placement@seethisahibmemorial.ac.in,+91-80-572-0677,Computer Science Engineering (CSE),Diploma,120,600,2000,Rural,Yes,Yes
1-44641465994,1-44641465994,U-0317,SEETHI SAHIB MEMORIAL POLYTECHNIC COLLEGE,Active,Kerala,Malappuram,Malappuram,"PB#1, THEKKUMMURI PO TIRUR MALAPPURAM DT. KERALA STATE PIN : 676105",676105,10.844139,76.267008,Govt aided,"Board of Technical Examination, Kerala",Approved,Approved,B+,No,,Tier 3,http://www.seethisahibmemorial.ac.in,info@seethisahibmemorial.ac.in,admissions@seethisahibmemorial.ac.in,placement@seethisahibmemorial.ac.in,+91-80-572-0677,Chemical Engineering,Diploma,60,600,2000,Rural,Yes,Yes
1-44641465994,1-44641465994,U-0317,SEETHI SAHIB MEMORIAL POLYTECHNIC COLLEGE,Active,Kerala,Malappuram,Malappuram,"PB#1, THEKKUMMURI PO TIRUR MALAPPURAM DT. KERALA STATE PIN : 676105",676105,10.844139,76.267008,Govt aided,"Board of Technical Examination, Kerala",Approved,Approved,B+,No,,Tier 3,http://www.seethisahibmemorial.ac.in,info@seethisahibmemorial.ac.in,admissions@seethisahibmemorial.ac.in,placement@seethisahibmemorial.ac.in,+91-80-572-0677,Electrical Engineering,Diploma,60,600,2000,Rural,Yes,Yes
1-44641524483,1-44641524483,U-0672,UKF COLLEGE OF ENGINEERING & TECHNOLOGY,Active,Kerala,Kollam,Kollam," MEENAMBALAM,   PUTHENKULAM P.O.   PARIPPALLY (VIA)   KOLLAM - 691 302   KERALA STATE",682952,8.883619,76.628522,Private-Self Financing,"APJ Abdul Kalam Technological University, Kerala",Approved,Approved,B,Yes,,Tier 3,http://www.ukf.ac.in,info@ukf.ac.in,admissions@ukf.ac.in,placement@ukf.ac.in,+91-80-437-0396,Civil Engineering,B.Tech,60,654,2014,Urban,No,No
1-44641524483,1-44641524483,U-0672,UKF COLLEGE OF ENGINEERING & TECHNOLOGY,Active,Kerala,Kollam,Kollam," MEENAMBALAM,   PUTHENKULAM P.O.   PARIPPALLY (VIA)   KOLLAM - 691 302   KERALA STATE",682952,8.883619,76.628522,Private-Self Financing,"APJ Abdul Kalam Technological University, Kerala",Approved,Approved,B,Yes,,Tier 3,http://www.ukf.ac.in,info@ukf.ac.in,admissions@ukf.ac.in,placement@ukf.ac.in,+91-80-437-0396,Computer Science Engineering (CSE),B.Tech,120,654,2014,Urban,No,No
1-44641524483,1-44641524483,U-0672,UKF COLLEGE OF ENGINEERING & TECHNOLOGY,Active,Kerala,Kollam,Kollam," MEENAMBALAM,   PUTHENKULAM P.O.   PARIPPALLY (VIA)   KOLLAM - 691 302   KERALA STATE",682952,8.883619,76.628522,Private-Self Financing,"APJ Abdul Kalam Technological University, Kerala",Approved,Approved,B,Yes,,Tier 3,http://www.ukf.ac.in,info@ukf.ac.in,admissions@ukf.ac.in,placement@ukf.ac.in,+91-80-437-0396,Electrical & Electronics Engineering (EEE),B.Tech,60,654,2014,Urban,No,No
1-44641524483,1-44641524483,U-0672,UKF COLLEGE OF ENGINEERING & TECHNOLOGY,Active,Kerala,Kollam,Kollam," MEENAMBALAM,   PUTHENKULAM P.O.   PARIPPALLY (VIA)   KOLLAM - 691 302   KERALA STATE",682952,8.883619,76.628522,Private-Self Financing,"APJ Abdul Kalam Technological University, Kerala",Approved,Approved,B,Yes,,Tier 3,http://www.ukf.ac.in,info@ukf.ac.in,admissions@ukf.ac.in,placement@ukf.ac.in,+91-80-437-0396,Electronics & Communication Engineering (ECE),B.Tech,60,654,2014,Urban,No,No
1-44641524483,1-44641524483,U-0672,UKF COLLEGE OF ENGINEERING & TECHNOLOGY,Active,Kerala,Kollam,Kollam," MEENAMBALAM,   PUTHENKULAM P.O.   PARIPPALLY (VIA)   KOLLAM - 691 302   KERALA STATE",682952,8.883619,76.628522,Private-Self Financing,"APJ Abdul Kalam Technological University, Kerala",Approved,Approved,B,Yes,,Tier 3,http://www.ukf.ac.in,info@ukf.ac.in,admissions@ukf.ac.in,placement@ukf.ac.in,+91-80-437-0396,Mechanical Engineering,B.Tech,60,654,2014,Urban,No,No
1-44641524483,1-44641524483,U-0672,UKF COLLEGE OF ENGINEERING & TECHNOLOGY,Active,Kerala,Kollam,Kollam," MEENAMBALAM,   PUTHENKULAM P.O.   PARIPPALLY (VIA)   KOLLAM - 691 302   KERALA STATE",682952,8.883619,76.628522,Private-Self Financing,"APJ Abdul Kalam Technological University, Kerala",Approved,Approved,B,Yes,,Tier 3,http://www.ukf.ac.in,info@ukf.ac.in,admissions@ukf.ac.in,placement@ukf.ac.in,+91-80-437-0396,Other Engineering Branches,M.Tech,24,654,2014,Urban,No,No
1-44641524483,1-44641524483,U-0672,UKF COLLEGE OF ENGINEERING & TECHNOLOGY,Active,Kerala,Kollam,Kollam," MEENAMBALAM,   PUTHENKULAM P.O.   PARIPPALLY (VIA)   KOLLAM - 691 302   KERALA STATE",682952,8.883619,76.628522,Private-Self Financing,"APJ Abdul Kalam Technological University, Kerala",Approved,Approved,B,Yes,,Tier 3,http://www.ukf.ac.in,info@ukf.ac.in,admissions@ukf.ac.in,placement@ukf.ac.in,+91-80-437-0396,Civil Engineering,Diploma,60,654,2014,Urban,No,No
1-44641524483,1-44641524483,U-0672,UKF COLLEGE OF ENGINEERING & TECHNOLOGY,Active,Kerala,Kollam,Kollam," MEENAMBALAM,   PUTHENKULAM P.O.   PARIPPALLY (VIA)   KOLLAM - 691 302   KERALA STATE",682952,8.883619,76.628522,Private-Self Financing,"APJ Abdul Kalam Technological University, Kerala",Approved,Approved,B,Yes,,Tier 3,http://www.ukf.ac.in,info@ukf.ac.in,admissions@ukf.ac.in,placement@ukf.ac.in,+91-80-437-0396,Robotics,Diploma,60,654,2014,Urban,No,No
1-44641524483,1-44641524483,U-0672,UKF COLLEGE OF ENGINEERING & TECHNOLOGY,Active,Kerala,Kollam,Kollam," MEENAMBALAM,   PUTHENKULAM P.O.   PARIPPALLY (VIA)   KOLLAM - 691 302   KERALA STATE",682952,8.883619,76.628522,Private-Self Financing,"APJ Abdul Kalam Technological University, Kerala",Approved,Approved,B,Yes,,Tier 3,http://www.ukf.ac.in,info@ukf.ac.in,admissions@ukf.ac.in,placement@ukf.ac.in,+91-80-437-0396,Other Engineering Branches,Diploma,60,654,2014,Urban,No,No
1-44641524483,1-44641524483,U-0672,UKF COLLEGE OF ENGINEERING & TECHNOLOGY,Active,Kerala,Kollam,Kollam," MEENAMBALAM,   PUTHENKULAM P.O.   PARIPPALLY (VIA)   KOLLAM - 691 302   KERALA STATE",682952,8.883619,76.628522,Private-Self Financing,"APJ Abdul Kalam Technological University, Kerala",Approved,Approved,B,Yes,,Tier 3,http://www.ukf.ac.in,info@ukf.ac.in,admissions@ukf.ac.in,placement@ukf.ac.in,+91-80-437-0396,Data Science,B.Tech,60,654,2014,Urban,No,No
1-44641524483,1-44641524483,U-0672,UKF COLLEGE OF ENGINEERING & TECHNOLOGY,Active,Kerala,Kollam,Kollam," MEENAMBALAM,   PUTHENKULAM P.O.   PARIPPALLY (VIA)   KOLLAM - 691 302   KERALA STATE",682952,8.883619,76.628522,Private-Self Financing,"APJ Abdul Kalam Technological University, Kerala",Approved,Approved,B,Yes,,Tier 3,http://www.ukf.ac.in,info@ukf.ac.in,admissions@ukf.ac.in,placement@ukf.ac.in,+91-80-437-0396,Cyber Security,B.Tech,30,654,2014,Urban,No,No
1-44641525184,1-44641525184,U-0672,"COLLEGE OF ENGINEERING, PATHANAPURAM",Active,Kerala,Kollam,Kollam,"ELIKATTOOR P.O., PIRAVANTHOOR KOLLAM - 689 696",682952,8.912451,76.617152,Government,"APJ Abdul Kalam Technological University, Kerala",Approved,Approved,B,No,,Tier 3,http://www.pathanapuram.ac.in,info@pathanapuram.ac.in,admissions@pathanapuram.ac.in,placement@pathanapuram.ac.in,+91-80-646-2995,Computer Science Engineering (CSE),B.Tech,60,360,2000,Urban,Yes,Yes
1-44641525184,1-44641525184,U-0672,"COLLEGE OF ENGINEERING, PATHANAPURAM",Active,Kerala,Kollam,Kollam,"ELIKATTOOR P.O., PIRAVANTHOOR KOLLAM - 689 696",682952,8.912451,76.617152,Government,"APJ Abdul Kalam Technological University, Kerala",Approved,Approved,B,No,,Tier 3,http://www.pathanapuram.ac.in,info@pathanapuram.ac.in,admissions@pathanapuram.ac.in,placement@pathanapuram.ac.in,+91-80-646-2995,Civil Engineering,B.Tech,60,360,2000,Urban,Yes,Yes
1-44641525184,1-44641525184,U-0672,"COLLEGE OF ENGINEERING, PATHANAPURAM",Active,Kerala,Kollam,Kollam,"ELIKATTOOR P.O., PIRAVANTHOOR KOLLAM - 689 696",682952,8.912451,76.617152,Government,"APJ Abdul Kalam Technological University, Kerala",Approved,Approved,B,No,,Tier 3,http://www.pathanapuram.ac.in,info@pathanapuram.ac.in,admissions@pathanapuram.ac.in,placement@pathanapuram.ac.in,+91-80-646-2995,Mechanical Engineering,B.Tech,60,360,2000,Urban,Yes,Yes
1-44641525184,1-44641525184,U-0672,"COLLEGE OF ENGINEERING, PATHANAPURAM",Active,Kerala,Kollam,Kollam,"ELIKATTOOR P.O., PIRAVANTHOOR KOLLAM - 689 696",682952,8.912451,76.617152,Government,"APJ Abdul Kalam Technological University, Kerala",Approved,Approved,B,No,,Tier 3,http://www.pathanapuram.ac.in,info@pathanapuram.ac.in,admissions@pathanapuram.ac.in,placement@pathanapuram.ac.in,+91-80-646-2995,Robotics,Diploma,60,360,2000,Urban,Yes,Yes
1-44641525184,1-44641525184,U-0672,"COLLEGE OF ENGINEERING, PATHANAPURAM",Active,Kerala,Kollam,Kollam,"ELIKATTOOR P.O., PIRAVANTHOOR KOLLAM - 689 696",682952,8.912451,76.617152,Government,"APJ Abdul Kalam Technological University, Kerala",Approved,Approved,B,No,,Tier 3,http://www.pathanapuram.ac.in,info@pathanapuram.ac.in,admissions@pathanapuram.ac.in,placement@pathanapuram.ac.in,+91-80-646-2995,Electrical & Electronics Engineering (EEE),Diploma,60,360,2000,Urban,Yes,Yes
1-44641525184,1-44641525184,U-0672,"COLLEGE OF ENGINEERING, PATHANAPURAM",Active,Kerala,Kollam,Kollam,"ELIKATTOOR P.O., PIRAVANTHOOR KOLLAM - 689 696",682952,8.912451,76.617152,Government,"APJ Abdul Kalam Technological University, Kerala",Approved,Approved,B,No,,Tier 3,http://www.pathanapuram.ac.in,info@pathanapuram.ac.in,admissions@pathanapuram.ac.in,placement@pathanapuram.ac.in,+91-80-646-2995,Electronics & Communication Engineering (ECE),Diploma,60,360,2000,Urban,Yes,Yes
1-44641133761,1-44641133761,U-0672,PROVIDENCE COLLEGE OF ENGINEERING,Active,Kerala,Alappuzha,Alappuzha,"VATTAMALA, PERISSERI EAST, ANGADIKKAL, CHENGANNUR",682427,9.511955,76.347267,Private-Self Financing,"APJ Abdul Kalam Technological University, Kerala",Approved,Approved,B,No,,Tier 3,http://www.providence.ac.in,info@providence.ac.in,admissions@providence.ac.in,placement@providence.ac.in,+91-80-419-9734,Civil Engineering,B.Tech,30,300,2006,Urban,Yes,Yes
1-44641133761,1-44641133761,U-0672,PROVIDENCE COLLEGE OF ENGINEERING,Active,Kerala,Alappuzha,Alappuzha,"VATTAMALA, PERISSERI EAST, ANGADIKKAL, CHENGANNUR",682427,9.511955,76.347267,Private-Self Financing,"APJ Abdul Kalam Technological University, Kerala",Approved,Approved,B,No,,Tier 3,http://www.providence.ac.in,info@providence.ac.in,admissions@providence.ac.in,placement@providence.ac.in,+91-80-419-9734,Electronics & Communication Engineering (ECE),B.Tech,30,300,2006,Urban,Yes,Yes
1-44641133761,1-44641133761,U-0672,PROVIDENCE COLLEGE OF ENGINEERING,Active,Kerala,Alappuzha,Alappuzha,"VATTAMALA, PERISSERI EAST, ANGADIKKAL, CHENGANNUR",682427,9.511955,76.347267,Private-Self Financing,"APJ Abdul Kalam Technological University, Kerala",Approved,Approved,B,No,,Tier 3,http://www.providence.ac.in,info@providence.ac.in,admissions@providence.ac.in,placement@providence.ac.in,+91-80-419-9734,Electrical & Electronics Engineering (EEE),B.Tech,30,300,2006,Urban,Yes,Yes
1-44641133761,1-44641133761,U-0672,PROVIDENCE COLLEGE OF ENGINEERING,Active,Kerala,Alappuzha,Alappuzha,"VATTAMALA, PERISSERI EAST, ANGADIKKAL, CHENGANNUR",682427,9.511955,76.347267,Private-Self Financing,"APJ Abdul Kalam Technological University, Kerala",Approved,Approved,B,No,,Tier 3,http://www.providence.ac.in,info@providence.ac.in,admissions@providence.ac.in,placement@providence.ac.in,+91-80-419-9734,Mechanical Engineering,B.Tech,30,300,2006,Urban,Yes,Yes
1-44641133761,1-44641133761,U-0672,PROVIDENCE COLLEGE OF ENGINEERING,Active,Kerala,Alappuzha,Alappuzha,"VATTAMALA, PERISSERI EAST, ANGADIKKAL, CHENGANNUR",682427,9.511955,76.347267,Private-Self Financing,"APJ Abdul Kalam Technological University, Kerala",Approved,Approved,B,No,,Tier 3,http://www.providence.ac.in,info@providence.ac.in,admissions@providence.ac.in,placement@providence.ac.in,+91-80-419-9734,Computer Science Engineering (CSE),B.Tech,150,300,2006,Urban,Yes,Yes
1-44641133761,1-44641133761,U-0672,PROVIDENCE COLLEGE OF ENGINEERING,Active,Kerala,Alappuzha,Alappuzha,"VATTAMALA, PERISSERI EAST, ANGADIKKAL, CHENGANNUR",682427,9.511955,76.347267,Private-Self Financing,"APJ Abdul Kalam Technological University, Kerala",Approved,Approved,B,No,,Tier 3,http://www.providence.ac.in,info@providence.ac.in,admissions@providence.ac.in,placement@providence.ac.in,+91-80-419-9734,Cyber Security,B.Tech,30,300,2006,Urban,Yes,Yes
1-44641218257,1-44641218257,U-0317,SREE NARAYANA POLYTECHNIC COLLEGE,Active,Kerala,Kollam,Kollam,SREE NARAYANA POLYTECHNIC COLLEGE  KOTTIYAM KOLLAM KERALA,682952,8.884524,76.628601,Govt aided,"Board of Technical Examination, Kerala",Approved,Approved,B,Yes,,Tier 3,http://www.sreenarayana.ac.in,info@sreenarayana.ac.in,admissions@sreenarayana.ac.in,placement@sreenarayana.ac.in,+91-80-474-9788,Civil Engineering,Diploma,120,420,2021,Urban,Yes,Yes
1-44641218257,1-44641218257,U-0317,SREE NARAYANA POLYTECHNIC COLLEGE,Active,Kerala,Kollam,Kollam,SREE NARAYANA POLYTECHNIC COLLEGE  KOTTIYAM KOLLAM KERALA,682952,8.884524,76.628601,Govt aided,"Board of Technical Examination, Kerala",Approved,Approved,B,Yes,,Tier 3,http://www.sreenarayana.ac.in,info@sreenarayana.ac.in,admissions@sreenarayana.ac.in,placement@sreenarayana.ac.in,+91-80-474-9788,Mechanical Engineering,Diploma,120,420,2021,Urban,Yes,Yes
1-44641218257,1-44641218257,U-0317,SREE NARAYANA POLYTECHNIC COLLEGE,Active,Kerala,Kollam,Kollam,SREE NARAYANA POLYTECHNIC COLLEGE  KOTTIYAM KOLLAM KERALA,682952,8.884524,76.628601,Govt aided,"Board of Technical Examination, Kerala",Approved,Approved,B,Yes,,Tier 3,http://www.sreenarayana.ac.in,info@sreenarayana.ac.in,admissions@sreenarayana.ac.in,placement@sreenarayana.ac.in,+91-80-474-9788,Electrical & Electronics Engineering (EEE),Diploma,120,420,2021,Urban,Yes,Yes
1-44641218257,1-44641218257,U-0317,SREE NARAYANA POLYTECHNIC COLLEGE,Active,Kerala,Kollam,Kollam,SREE NARAYANA POLYTECHNIC COLLEGE  KOTTIYAM KOLLAM KERALA,682952,8.884524,76.628601,Govt aided,"Board of Technical Examination, Kerala",Approved,Approved,B,Yes,,Tier 3,http://www.sreenarayana.ac.in,info@sreenarayana.ac.in,admissions@sreenarayana.ac.in,placement@sreenarayana.ac.in,+91-80-474-9788,Other Engineering Branches,Diploma,60,420,2021,Urban,Yes,Yes
1-44641220678,1-44641220678,U-0294,MALABAR POLYTECHNIC CAMPUS,Active,Kerala,Palakkad,Palakkad,CHERPULASSERY -POST PALAKKAD - DIST,682263,10.806667,76.6552,Private-Self Financing,Directorate of Technical Education,Approved,Approved,Not Accredited,No,,Tier 3,http://www.malabarcampus.ac.in,info@malabarcampus.ac.in,admissions@malabarcampus.ac.in,placement@malabarcampus.ac.in,+91-80-676-3267,Civil Engineering,Diploma,60,300,1987,Urban,No,Yes
1-44641220678,1-44641220678,U-0294,MALABAR POLYTECHNIC CAMPUS,Active,Kerala,Palakkad,Palakkad,CHERPULASSERY -POST PALAKKAD - DIST,682263,10.806667,76.6552,Private-Self Financing,Directorate of Technical Education,Approved,Approved,Not Accredited,No,,Tier 3,http://www.malabarcampus.ac.in,info@malabarcampus.ac.in,admissions@malabarcampus.ac.in,placement@malabarcampus.ac.in,+91-80-676-3267,Electrical & Electronics Engineering (EEE),Diploma,60,300,1987,Urban,No,Yes
1-44641220678,1-44641220678,U-0294,MALABAR POLYTECHNIC CAMPUS,Active,Kerala,Palakkad,Palakkad,CHERPULASSERY -POST PALAKKAD - DIST,682263,10.806667,76.6552,Private-Self Financing,Directorate of Technical Education,Approved,Approved,Not Accredited,No,,Tier 3,http://www.malabarcampus.ac.in,info@malabarcampus.ac.in,admissions@malabarcampus.ac.in,placement@malabarcampus.ac.in,+91-80-676-3267,Mechanical Engineering,Diploma,120,300,1987,Urban,No,Yes
1-44641220678,1-44641220678,U-0294,MALABAR POLYTECHNIC CAMPUS,Active,Kerala,Palakkad,Palakkad,CHERPULASSERY -POST PALAKKAD - DIST,682263,10.806667,76.6552,Private-Self Financing,Directorate of Technical Education,Approved,Approved,Not Accredited,No,,Tier 3,http://www.malabarcampus.ac.in,info@malabarcampus.ac.in,admissions@malabarcampus.ac.in,placement@malabarcampus.ac.in,+91-80-676-3267,Artificial Intelligence & Machine Learning (AI & ML),Diploma,60,300,1987,Urban,No,Yes
1-44641387498,1-44641387498,U-0294,GOVERNMENT POLYTECHNIC COLLEGE PERUMBAVOOR,Active,Kerala,Ernakulam,Ernakulam,"KOOVAPADY P.O, PERUMBAVOOR",682234,9.976045,76.282446,Government,Directorate of Technical Education,Approved,Approved,A+,Yes,,Tier 2,http://www.perumbavoor.ac.in,info@perumbavoor.ac.in,admissions@perumbavoor.ac.in,placement@perumbavoor.ac.in,+91-80-605-8512,Computer Science Engineering (CSE),Diploma,60,180,1997,Rural,Yes,Yes
1-44641387498,1-44641387498,U-0294,GOVERNMENT POLYTECHNIC COLLEGE PERUMBAVOOR,Active,Kerala,Ernakulam,Ernakulam,"KOOVAPADY P.O, PERUMBAVOOR",682234,9.976045,76.282446,Government,Directorate of Technical Education,Approved,Approved,A+,Yes,,Tier 2,http://www.perumbavoor.ac.in,info@perumbavoor.ac.in,admissions@perumbavoor.ac.in,placement@perumbavoor.ac.in,+91-80-605-8512,Electronics & Communication Engineering (ECE),Diploma,60,180,1997,Rural,Yes,Yes
1-44641387498,1-44641387498,U-0294,GOVERNMENT POLYTECHNIC COLLEGE PERUMBAVOOR,Active,Kerala,Ernakulam,Ernakulam,"KOOVAPADY P.O, PERUMBAVOOR",682234,9.976045,76.282446,Government,Directorate of Technical Education,Approved,Approved,A+,Yes,,Tier 2,http://www.perumbavoor.ac.in,info@perumbavoor.ac.in,admissions@perumbavoor.ac.in,placement@perumbavoor.ac.in,+91-80-605-8512,Mechanical Engineering,Diploma,60,180,1997,Rural,Yes,Yes
1-44640924864,1-44640924864,U-0672,MGM TECHNOLOGICAL CAMPUS,Active,Kerala,Malappuram,Malappuram,"VALIYAPARAMBU, EDAYUR P.O, VALANCHERY (VIA) MALAPURAM DIST. PINCODE 676552",676552,10.849723,76.277471,Private-Self Financing,"APJ Abdul Kalam Technological University, Kerala",Approved,Approved,A+,Yes,,Tier 2,http://www.mgmtechnologicalcampus.ac.in,info@mgmtechnologicalcampus.ac.in,admissions@mgmtechnologicalcampus.ac.in,placement@mgmtechnologicalcampus.ac.in,+91-80-806-2632,Other Engineering Branches,M.Tech,27,435,2013,Rural,Yes,Yes
1-44640924864,1-44640924864,U-0672,MGM TECHNOLOGICAL CAMPUS,Active,Kerala,Malappuram,Malappuram,"VALIYAPARAMBU, EDAYUR P.O, VALANCHERY (VIA) MALAPURAM DIST. PINCODE 676552",676552,10.849723,76.277471,Private-Self Financing,"APJ Abdul Kalam Technological University, Kerala",Approved,Approved,A+,Yes,,Tier 2,http://www.mgmtechnologicalcampus.ac.in,info@mgmtechnologicalcampus.ac.in,admissions@mgmtechnologicalcampus.ac.in,placement@mgmtechnologicalcampus.ac.in,+91-80-806-2632,Mechanical Engineering,B.Tech,30,435,2013,Rural,Yes,Yes
1-44640924864,1-44640924864,U-0672,MGM TECHNOLOGICAL CAMPUS,Active,Kerala,Malappuram,Malappuram,"VALIYAPARAMBU, EDAYUR P.O, VALANCHERY (VIA) MALAPURAM DIST. PINCODE 676552",676552,10.849723,76.277471,Private-Self Financing,"APJ Abdul Kalam Technological University, Kerala",Approved,Approved,A+,Yes,,Tier 2,http://www.mgmtechnologicalcampus.ac.in,info@mgmtechnologicalcampus.ac.in,admissions@mgmtechnologicalcampus.ac.in,placement@mgmtechnologicalcampus.ac.in,+91-80-806-2632,Computer Science Engineering (CSE),B.Tech,60,435,2013,Rural,Yes,Yes
1-44640924864,1-44640924864,U-0672,MGM TECHNOLOGICAL CAMPUS,Active,Kerala,Malappuram,Malappuram,"VALIYAPARAMBU, EDAYUR P.O, VALANCHERY (VIA) MALAPURAM DIST. PINCODE 676552",676552,10.849723,76.277471,Private-Self Financing,"APJ Abdul Kalam Technological University, Kerala",Approved,Approved,A+,Yes,,Tier 2,http://www.mgmtechnologicalcampus.ac.in,info@mgmtechnologicalcampus.ac.in,admissions@mgmtechnologicalcampus.ac.in,placement@mgmtechnologicalcampus.ac.in,+91-80-806-2632,Electronics & Communication Engineering (ECE),B.Tech,30,435,2013,Rural,Yes,Yes
1-44640924864,1-44640924864,U-0672,MGM TECHNOLOGICAL CAMPUS,Active,Kerala,Malappuram,Malappuram,"VALIYAPARAMBU, EDAYUR P.O, VALANCHERY (VIA) MALAPURAM DIST. PINCODE 676552",676552,10.849723,76.277471,Private-Self Financing,"APJ Abdul Kalam Technological University, Kerala",Approved,Approved,A+,Yes,,Tier 2,http://www.mgmtechnologicalcampus.ac.in,info@mgmtechnologicalcampus.ac.in,admissions@mgmtechnologicalcampus.ac.in,placement@mgmtechnologicalcampus.ac.in,+91-80-806-2632,Computer Science Engineering (CSE),M.Tech,18,435,2013,Rural,Yes,Yes
1-44640924864,1-44640924864,U-0672,MGM TECHNOLOGICAL CAMPUS,Active,Kerala,Malappuram,Malappuram,"VALIYAPARAMBU, EDAYUR P.O, VALANCHERY (VIA) MALAPURAM DIST. PINCODE 676552",676552,10.849723,76.277471,Private-Self Financing,"APJ Abdul Kalam Technological University, Kerala",Approved,Approved,A+,Yes,,Tier 2,http://www.mgmtechnologicalcampus.ac.in,info@mgmtechnologicalcampus.ac.in,admissions@mgmtechnologicalcampus.ac.in,placement@mgmtechnologicalcampus.ac.in,+91-80-806-2632,Cyber Security,B.Tech,30,435,2013,Rural,Yes,Yes
1-44640924864,1-44640924864,U-0672,MGM TECHNOLOGICAL CAMPUS,Active,Kerala,Malappuram,Malappuram,"VALIYAPARAMBU, EDAYUR P.O, VALANCHERY (VIA) MALAPURAM DIST. PINCODE 676552",676552,10.849723,76.277471,Private-Self Financing,"APJ Abdul Kalam Technological University, Kerala",Approved,Approved,A+,Yes,,Tier 2,http://www.mgmtechnologicalcampus.ac.in,info@mgmtechnologicalcampus.ac.in,admissions@mgmtechnologicalcampus.ac.in,placement@mgmtechnologicalcampus.ac.in,+91-80-806-2632,Artificial Intelligence & Machine Learning (AI & ML),B.Tech,30,435,2013,Rural,Yes,Yes
1-44640924864,1-44640924864,U-0672,MGM TECHNOLOGICAL CAMPUS,Active,Kerala,Malappuram,Malappuram,"VALIYAPARAMBU, EDAYUR P.O, VALANCHERY (VIA) MALAPURAM DIST. PINCODE 676552",676552,10.849723,76.277471,Private-Self Financing,"APJ Abdul Kalam Technological University, Kerala",Approved,Approved,A+,Yes,,Tier 2,http://www.mgmtechnologicalcampus.ac.in,info@mgmtechnologicalcampus.ac.in,admissions@mgmtechnologicalcampus.ac.in,placement@mgmtechnologicalcampus.ac.in,+91-80-806-2632,Mechanical Engineering,Diploma,30,435,2013,Rural,Yes,Yes
1-44640924864,1-44640924864,U-0672,MGM TECHNOLOGICAL CAMPUS,Active,Kerala,Malappuram,Malappuram,"VALIYAPARAMBU, EDAYUR P.O, VALANCHERY (VIA) MALAPURAM DIST. PINCODE 676552",676552,10.849723,76.277471,Private-Self Financing,"APJ Abdul Kalam Technological University, Kerala",Approved,Approved,A+,Yes,,Tier 2,http://www.mgmtechnologicalcampus.ac.in,info@mgmtechnologicalcampus.ac.in,admissions@mgmtechnologicalcampus.ac.in,placement@mgmtechnologicalcampus.ac.in,+91-80-806-2632,Electrical & Electronics Engineering (EEE),Diploma,30,435,2013,Rural,Yes,Yes
1-44640924864,1-44640924864,U-0672,MGM TECHNOLOGICAL CAMPUS,Active,Kerala,Malappuram,Malappuram,"VALIYAPARAMBU, EDAYUR P.O, VALANCHERY (VIA) MALAPURAM DIST. PINCODE 676552",676552,10.849723,76.277471,Private-Self Financing,"APJ Abdul Kalam Technological University, Kerala",Approved,Approved,A+,Yes,,Tier 2,http://www.mgmtechnologicalcampus.ac.in,info@mgmtechnologicalcampus.ac.in,admissions@mgmtechnologicalcampus.ac.in,placement@mgmtechnologicalcampus.ac.in,+91-80-806-2632,Computer Science Engineering (CSE),Diploma,30,435,2013,Rural,Yes,Yes
1-44640924864,1-44640924864,U-0672,MGM TECHNOLOGICAL CAMPUS,Active,Kerala,Malappuram,Malappuram,"VALIYAPARAMBU, EDAYUR P.O, VALANCHERY (VIA) MALAPURAM DIST. PINCODE 676552",676552,10.849723,76.277471,Private-Self Financing,"APJ Abdul Kalam Technological University, Kerala",Approved,Approved,A+,Yes,,Tier 2,http://www.mgmtechnologicalcampus.ac.in,info@mgmtechnologicalcampus.ac.in,admissions@mgmtechnologicalcampus.ac.in,placement@mgmtechnologicalcampus.ac.in,+91-80-806-2632,Electronics & Communication Engineering (ECE),Diploma,30,435,2013,Rural,Yes,Yes
1-44640924864,1-44640924864,U-0672,MGM TECHNOLOGICAL CAMPUS,Active,Kerala,Malappuram,Malappuram,"VALIYAPARAMBU, EDAYUR P.O, VALANCHERY (VIA) MALAPURAM DIST. PINCODE 676552",676552,10.849723,76.277471,Private-Self Financing,"APJ Abdul Kalam Technological University, Kerala",Approved,Approved,A+,Yes,,Tier 2,http://www.mgmtechnologicalcampus.ac.in,info@mgmtechnologicalcampus.ac.in,admissions@mgmtechnologicalcampus.ac.in,placement@mgmtechnologicalcampus.ac.in,+91-80-806-2632,Civil Engineering,Diploma,30,435,2013,Rural,Yes,Yes
1-44640924864,1-44640924864,U-0672,MGM TECHNOLOGICAL CAMPUS,Active,Kerala,Malappuram,Malappuram,"VALIYAPARAMBU, EDAYUR P.O, VALANCHERY (VIA) MALAPURAM DIST. PINCODE 676552",676552,10.849723,76.277471,Private-Self Financing,"APJ Abdul Kalam Technological University, Kerala",Approved,Approved,A+,Yes,,Tier 2,http://www.mgmtechnologicalcampus.ac.in,info@mgmtechnologicalcampus.ac.in,admissions@mgmtechnologicalcampus.ac.in,placement@mgmtechnologicalcampus.ac.in,+91-80-806-2632,Automobile Engineering,Diploma,60,435,2013,Rural,Yes,Yes
1-44640925431,1-44640925431,U-0672,MALABAR COLLEGE OF  ENGINEERING AND TECHNOLOGY,Active,Kerala,Thrissur,Thrissur,"DESAMANGALAM, PALLUR.P.O., CHERUTHURUTHY (VIA),  THRISSUR (DIST),  KERALA, 679 532",682330,10.518762,76.224893,Private-Self Financing,"APJ Abdul Kalam Technological University, Kerala",Approved,Approved,B+,No,,Tier 3,http://www.malabar.ac.in,info@malabar.ac.in,admissions@malabar.ac.in,placement@malabar.ac.in,+91-80-468-1923,Mechanical Engineering,B.Tech,60,216,2005,Rural,No,Yes
1-44640925431,1-44640925431,U-0672,MALABAR COLLEGE OF  ENGINEERING AND TECHNOLOGY,Active,Kerala,Thrissur,Thrissur,"DESAMANGALAM, PALLUR.P.O., CHERUTHURUTHY (VIA),  THRISSUR (DIST),  KERALA, 679 532",682330,10.518762,76.224893,Private-Self Financing,"APJ Abdul Kalam Technological University, Kerala",Approved,Approved,B+,No,,Tier 3,http://www.malabar.ac.in,info@malabar.ac.in,admissions@malabar.ac.in,placement@malabar.ac.in,+91-80-468-1923,Computer Science Engineering (CSE),B.Tech,60,216,2005,Rural,No,Yes
1-44640925431,1-44640925431,U-0672,MALABAR COLLEGE OF  ENGINEERING AND TECHNOLOGY,Active,Kerala,Thrissur,Thrissur,"DESAMANGALAM, PALLUR.P.O., CHERUTHURUTHY (VIA),  THRISSUR (DIST),  KERALA, 679 532",682330,10.518762,76.224893,Private-Self Financing,"APJ Abdul Kalam Technological University, Kerala",Approved,Approved,B+,No,,Tier 3,http://www.malabar.ac.in,info@malabar.ac.in,admissions@malabar.ac.in,placement@malabar.ac.in,+91-80-468-1923,Computer Science Engineering (CSE),M.Tech,18,216,2005,Rural,No,Yes
1-44640925431,1-44640925431,U-0672,MALABAR COLLEGE OF  ENGINEERING AND TECHNOLOGY,Active,Kerala,Thrissur,Thrissur,"DESAMANGALAM, PALLUR.P.O., CHERUTHURUTHY (VIA),  THRISSUR (DIST),  KERALA, 679 532",682330,10.518762,76.224893,Private-Self Financing,"APJ Abdul Kalam Technological University, Kerala",Approved,Approved,B+,No,,Tier 3,http://www.malabar.ac.in,info@malabar.ac.in,admissions@malabar.ac.in,placement@malabar.ac.in,+91-80-468-1923,Other Engineering Branches,M.Tech,18,216,2005,Rural,No,Yes
1-44640925431,1-44640925431,U-0672,MALABAR COLLEGE OF  ENGINEERING AND TECHNOLOGY,Active,Kerala,Thrissur,Thrissur,"DESAMANGALAM, PALLUR.P.O., CHERUTHURUTHY (VIA),  THRISSUR (DIST),  KERALA, 679 532",682330,10.518762,76.224893,Private-Self Financing,"APJ Abdul Kalam Technological University, Kerala",Approved,Approved,B+,No,,Tier 3,http://www.malabar.ac.in,info@malabar.ac.in,admissions@malabar.ac.in,placement@malabar.ac.in,+91-80-468-1923,Other Engineering Branches,B.Tech,30,216,2005,Rural,No,Yes
1-44640925431,1-44640925431,U-0672,MALABAR COLLEGE OF  ENGINEERING AND TECHNOLOGY,Active,Kerala,Thrissur,Thrissur,"DESAMANGALAM, PALLUR.P.O., CHERUTHURUTHY (VIA),  THRISSUR (DIST),  KERALA, 679 532",682330,10.518762,76.224893,Private-Self Financing,"APJ Abdul Kalam Technological University, Kerala",Approved,Approved,B+,No,,Tier 3,http://www.malabar.ac.in,info@malabar.ac.in,admissions@malabar.ac.in,placement@malabar.ac.in,+91-80-468-1923,Artificial Intelligence & Machine Learning (AI & ML),B.Tech,30,216,2005,Rural,No,Yes
1-44641222789,1-44641222789,U-0672,MAR BASELIOS INSTITUTE OF TECHNOLOGY AND SCIENCE,Active,Kerala,Ernakulam,Ernakulam,"NELLIMATTOM P.O. KOTHAMANGALAM, ERNAKULAM DISTRICT., KERALA - 686693",686693,9.964286,76.29471,Private-Self Financing,"APJ Abdul Kalam Technological University, Kerala",Approved,Approved,B++,No,,Tier 3,http://www.marbaseliosscience.ac.in,info@marbaseliosscience.ac.in,admissions@marbaseliosscience.ac.in,placement@marbaseliosscience.ac.in,+91-80-112-6750,Cyber Security,M.Tech,6,618,1997,Urban,No,No
1-44641222789,1-44641222789,U-0672,MAR BASELIOS INSTITUTE OF TECHNOLOGY AND SCIENCE,Active,Kerala,Ernakulam,Ernakulam,"NELLIMATTOM P.O. KOTHAMANGALAM, ERNAKULAM DISTRICT., KERALA - 686693",686693,9.964286,76.29471,Private-Self Financing,"APJ Abdul Kalam Technological University, Kerala",Approved,Approved,B++,No,,Tier 3,http://www.marbaseliosscience.ac.in,info@marbaseliosscience.ac.in,admissions@marbaseliosscience.ac.in,placement@marbaseliosscience.ac.in,+91-80-112-6750,Civil Engineering,B.Tech,30,618,1997,Urban,No,No
1-44641222789,1-44641222789,U-0672,MAR BASELIOS INSTITUTE OF TECHNOLOGY AND SCIENCE,Active,Kerala,Ernakulam,Ernakulam,"NELLIMATTOM P.O. KOTHAMANGALAM, ERNAKULAM DISTRICT., KERALA - 686693",686693,9.964286,76.29471,Private-Self Financing,"APJ Abdul Kalam Technological University, Kerala",Approved,Approved,B++,No,,Tier 3,http://www.marbaseliosscience.ac.in,info@marbaseliosscience.ac.in,admissions@marbaseliosscience.ac.in,placement@marbaseliosscience.ac.in,+91-80-112-6750,Mechanical Engineering,B.Tech,30,618,1997,Urban,No,No
1-44641222789,1-44641222789,U-0672,MAR BASELIOS INSTITUTE OF TECHNOLOGY AND SCIENCE,Active,Kerala,Ernakulam,Ernakulam,"NELLIMATTOM P.O. KOTHAMANGALAM, ERNAKULAM DISTRICT., KERALA - 686693",686693,9.964286,76.29471,Private-Self Financing,"APJ Abdul Kalam Technological University, Kerala",Approved,Approved,B++,No,,Tier 3,http://www.marbaseliosscience.ac.in,info@marbaseliosscience.ac.in,admissions@marbaseliosscience.ac.in,placement@marbaseliosscience.ac.in,+91-80-112-6750,Electronics & Communication Engineering (ECE),B.Tech,30,618,1997,Urban,No,No
1-44641222789,1-44641222789,U-0672,MAR BASELIOS INSTITUTE OF TECHNOLOGY AND SCIENCE,Active,Kerala,Ernakulam,Ernakulam,"NELLIMATTOM P.O. KOTHAMANGALAM, ERNAKULAM DISTRICT., KERALA - 686693",686693,9.964286,76.29471,Private-Self Financing,"APJ Abdul Kalam Technological University, Kerala",Approved,Approved,B++,No,,Tier 3,http://www.marbaseliosscience.ac.in,info@marbaseliosscience.ac.in,admissions@marbaseliosscience.ac.in,placement@marbaseliosscience.ac.in,+91-80-112-6750,Computer Science Engineering (CSE),B.Tech,180,618,1997,Urban,No,No
1-44641222789,1-44641222789,U-0672,MAR BASELIOS INSTITUTE OF TECHNOLOGY AND SCIENCE,Active,Kerala,Ernakulam,Ernakulam,"NELLIMATTOM P.O. KOTHAMANGALAM, ERNAKULAM DISTRICT., KERALA - 686693",686693,9.964286,76.29471,Private-Self Financing,"APJ Abdul Kalam Technological University, Kerala",Approved,Approved,B++,No,,Tier 3,http://www.marbaseliosscience.ac.in,info@marbaseliosscience.ac.in,admissions@marbaseliosscience.ac.in,placement@marbaseliosscience.ac.in,+91-80-112-6750,Electrical & Electronics Engineering (EEE),B.Tech,30,618,1997,Urban,No,No
1-44641222789,1-44641222789,U-0672,MAR BASELIOS INSTITUTE OF TECHNOLOGY AND SCIENCE,Active,Kerala,Ernakulam,Ernakulam,"NELLIMATTOM P.O. KOTHAMANGALAM, ERNAKULAM DISTRICT., KERALA - 686693",686693,9.964286,76.29471,Private-Self Financing,"APJ Abdul Kalam Technological University, Kerala",Approved,Approved,B++,No,,Tier 3,http://www.marbaseliosscience.ac.in,info@marbaseliosscience.ac.in,admissions@marbaseliosscience.ac.in,placement@marbaseliosscience.ac.in,+91-80-112-6750,Other Engineering Branches,M.Tech,12,618,1997,Urban,No,No
1-44641222789,1-44641222789,U-0672,MAR BASELIOS INSTITUTE OF TECHNOLOGY AND SCIENCE,Active,Kerala,Ernakulam,Ernakulam,"NELLIMATTOM P.O. KOTHAMANGALAM, ERNAKULAM DISTRICT., KERALA - 686693",686693,9.964286,76.29471,Private-Self Financing,"APJ Abdul Kalam Technological University, Kerala",Approved,Approved,B++,No,,Tier 3,http://www.marbaseliosscience.ac.in,info@marbaseliosscience.ac.in,admissions@marbaseliosscience.ac.in,placement@marbaseliosscience.ac.in,+91-80-112-6750,Civil Engineering,Diploma,30,618,1997,Urban,No,No
1-44641222789,1-44641222789,U-0672,MAR BASELIOS INSTITUTE OF TECHNOLOGY AND SCIENCE,Active,Kerala,Ernakulam,Ernakulam,"NELLIMATTOM P.O. KOTHAMANGALAM, ERNAKULAM DISTRICT., KERALA - 686693",686693,9.964286,76.29471,Private-Self Financing,"APJ Abdul Kalam Technological University, Kerala",Approved,Approved,B++,No,,Tier 3,http://www.marbaseliosscience.ac.in,info@marbaseliosscience.ac.in,admissions@marbaseliosscience.ac.in,placement@marbaseliosscience.ac.in,+91-80-112-6750,Mechanical Engineering,Diploma,60,618,1997,Urban,No,No
1-44641222789,1-44641222789,U-0672,MAR BASELIOS INSTITUTE OF TECHNOLOGY AND SCIENCE,Active,Kerala,Ernakulam,Ernakulam,"NELLIMATTOM P.O. KOTHAMANGALAM, ERNAKULAM DISTRICT., KERALA - 686693",686693,9.964286,76.29471,Private-Self Financing,"APJ Abdul Kalam Technological University, Kerala",Approved,Approved,B++,No,,Tier 3,http://www.marbaseliosscience.ac.in,info@marbaseliosscience.ac.in,admissions@marbaseliosscience.ac.in,placement@marbaseliosscience.ac.in,+91-80-112-6750,Electrical & Electronics Engineering (EEE),Diploma,30,618,1997,Urban,No,No
1-44641222789,1-44641222789,U-0672,MAR BASELIOS INSTITUTE OF TECHNOLOGY AND SCIENCE,Active,Kerala,Ernakulam,Ernakulam,"NELLIMATTOM P.O. KOTHAMANGALAM, ERNAKULAM DISTRICT., KERALA - 686693",686693,9.964286,76.29471,Private-Self Financing,"APJ Abdul Kalam Technological University, Kerala",Approved,Approved,B++,No,,Tier 3,http://www.marbaseliosscience.ac.in,info@marbaseliosscience.ac.in,admissions@marbaseliosscience.ac.in,placement@marbaseliosscience.ac.in,+91-80-112-6750,Data Science,B.Tech,60,618,1997,Urban,No,No
1-44641222789,1-44641222789,U-0672,MAR BASELIOS INSTITUTE OF TECHNOLOGY AND SCIENCE,Active,Kerala,Ernakulam,Ernakulam,"NELLIMATTOM P.O. KOTHAMANGALAM, ERNAKULAM DISTRICT., KERALA - 686693",686693,9.964286,76.29471,Private-Self Financing,"APJ Abdul Kalam Technological University, Kerala",Approved,Approved,B++,No,,Tier 3,http://www.marbaseliosscience.ac.in,info@marbaseliosscience.ac.in,admissions@marbaseliosscience.ac.in,placement@marbaseliosscience.ac.in,+91-80-112-6750,Automobile Engineering,Diploma,60,618,1997,Urban,No,No
1-44641222789,1-44641222789,U-0672,MAR BASELIOS INSTITUTE OF TECHNOLOGY AND SCIENCE,Active,Kerala,Ernakulam,Ernakulam,"NELLIMATTOM P.O. KOTHAMANGALAM, ERNAKULAM DISTRICT., KERALA - 686693",686693,9.964286,76.29471,Private-Self Financing,"APJ Abdul Kalam Technological University, Kerala",Approved,Approved,B++,No,,Tier 3,http://www.marbaseliosscience.ac.in,info@marbaseliosscience.ac.in,admissions@marbaseliosscience.ac.in,placement@marbaseliosscience.ac.in,+91-80-112-6750,Artificial Intelligence & Machine Learning (AI & ML),B.Tech,60,618,1997,Urban,No,No
1-44641224002,1-44641224002,U-0317,KMCT INSTITUTE OF TECHNOLOGY AND MANAGEMENT,Active,Kerala,Malappuram,Malappuram,MAMPARA PAZHUR-P.O KUTTIPPURAM MALAPPURAM KERALA,682347,10.85618,76.274905,Private-Self Financing,"Board of Technical Examination, Kerala",Approved,Approved,A+,Yes,,Tier 2,http://www.kmctmanagement.ac.in,info@kmctmanagement.ac.in,admissions@kmctmanagement.ac.in,placement@kmctmanagement.ac.in,+91-80-077-1096,Mechanical Engineering,Diploma,120,840,1986,Rural,Yes,Yes
1-44641224002,1-44641224002,U-0317,KMCT INSTITUTE OF TECHNOLOGY AND MANAGEMENT,Active,Kerala,Malappuram,Malappuram,MAMPARA PAZHUR-P.O KUTTIPPURAM MALAPPURAM KERALA,682347,10.85618,76.274905,Private-Self Financing,"Board of Technical Examination, Kerala",Approved,Approved,A+,Yes,,Tier 2,http://www.kmctmanagement.ac.in,info@kmctmanagement.ac.in,admissions@kmctmanagement.ac.in,placement@kmctmanagement.ac.in,+91-80-077-1096,Civil Engineering,Diploma,60,840,1986,Rural,Yes,Yes
1-44641224002,1-44641224002,U-0317,KMCT INSTITUTE OF TECHNOLOGY AND MANAGEMENT,Active,Kerala,Malappuram,Malappuram,MAMPARA PAZHUR-P.O KUTTIPPURAM MALAPPURAM KERALA,682347,10.85618,76.274905,Private-Self Financing,"Board of Technical Examination, Kerala",Approved,Approved,A+,Yes,,Tier 2,http://www.kmctmanagement.ac.in,info@kmctmanagement.ac.in,admissions@kmctmanagement.ac.in,placement@kmctmanagement.ac.in,+91-80-077-1096,Automobile Engineering,Diploma,60,840,1986,Rural,Yes,Yes
1-44641224002,1-44641224002,U-0317,KMCT INSTITUTE OF TECHNOLOGY AND MANAGEMENT,Active,Kerala,Malappuram,Malappuram,MAMPARA PAZHUR-P.O KUTTIPPURAM MALAPPURAM KERALA,682347,10.85618,76.274905,Private-Self Financing,"Board of Technical Examination, Kerala",Approved,Approved,A+,Yes,,Tier 2,http://www.kmctmanagement.ac.in,info@kmctmanagement.ac.in,admissions@kmctmanagement.ac.in,placement@kmctmanagement.ac.in,+91-80-077-1096,Computer Science Engineering (CSE),Diploma,60,840,1986,Rural,Yes,Yes
1-44641224002,1-44641224002,U-0317,KMCT INSTITUTE OF TECHNOLOGY AND MANAGEMENT,Active,Kerala,Malappuram,Malappuram,MAMPARA PAZHUR-P.O KUTTIPPURAM MALAPPURAM KERALA,682347,10.85618,76.274905,Private-Self Financing,"Board of Technical Examination, Kerala",Approved,Approved,A+,Yes,,Tier 2,http://www.kmctmanagement.ac.in,info@kmctmanagement.ac.in,admissions@kmctmanagement.ac.in,placement@kmctmanagement.ac.in,+91-80-077-1096,Computer Science Engineering (CSE),B.Tech,180,840,1986,Rural,Yes,Yes
1-44641224002,1-44641224002,U-0317,KMCT INSTITUTE OF TECHNOLOGY AND MANAGEMENT,Active,Kerala,Malappuram,Malappuram,MAMPARA PAZHUR-P.O KUTTIPPURAM MALAPPURAM KERALA,682347,10.85618,76.274905,Private-Self Financing,"Board of Technical Examination, Kerala",Approved,Approved,A+,Yes,,Tier 2,http://www.kmctmanagement.ac.in,info@kmctmanagement.ac.in,admissions@kmctmanagement.ac.in,placement@kmctmanagement.ac.in,+91-80-077-1096,Data Science,B.Tech,120,840,1986,Rural,Yes,Yes
1-44641224002,1-44641224002,U-0317,KMCT INSTITUTE OF TECHNOLOGY AND MANAGEMENT,Active,Kerala,Malappuram,Malappuram,MAMPARA PAZHUR-P.O KUTTIPPURAM MALAPPURAM KERALA,682347,10.85618,76.274905,Private-Self Financing,"Board of Technical Examination, Kerala",Approved,Approved,A+,Yes,,Tier 2,http://www.kmctmanagement.ac.in,info@kmctmanagement.ac.in,admissions@kmctmanagement.ac.in,placement@kmctmanagement.ac.in,+91-80-077-1096,Electronics & Communication Engineering (ECE),B.Tech,30,840,1986,Rural,Yes,Yes
1-44641224002,1-44641224002,U-0317,KMCT INSTITUTE OF TECHNOLOGY AND MANAGEMENT,Active,Kerala,Malappuram,Malappuram,MAMPARA PAZHUR-P.O KUTTIPPURAM MALAPPURAM KERALA,682347,10.85618,76.274905,Private-Self Financing,"Board of Technical Examination, Kerala",Approved,Approved,A+,Yes,,Tier 2,http://www.kmctmanagement.ac.in,info@kmctmanagement.ac.in,admissions@kmctmanagement.ac.in,placement@kmctmanagement.ac.in,+91-80-077-1096,Electronics & Communication Engineering (ECE),Diploma,60,840,1986,Rural,Yes,Yes
1-44641224002,1-44641224002,U-0317,KMCT INSTITUTE OF TECHNOLOGY AND MANAGEMENT,Active,Kerala,Malappuram,Malappuram,MAMPARA PAZHUR-P.O KUTTIPPURAM MALAPPURAM KERALA,682347,10.85618,76.274905,Private-Self Financing,"Board of Technical Examination, Kerala",Approved,Approved,A+,Yes,,Tier 2,http://www.kmctmanagement.ac.in,info@kmctmanagement.ac.in,admissions@kmctmanagement.ac.in,placement@kmctmanagement.ac.in,+91-80-077-1096,Other Engineering Branches,Diploma,60,840,1986,Rural,Yes,Yes
1-44641224002,1-44641224002,U-0317,KMCT INSTITUTE OF TECHNOLOGY AND MANAGEMENT,Active,Kerala,Malappuram,Malappuram,MAMPARA PAZHUR-P.O KUTTIPPURAM MALAPPURAM KERALA,682347,10.85618,76.274905,Private-Self Financing,"Board of Technical Examination, Kerala",Approved,Approved,A+,Yes,,Tier 2,http://www.kmctmanagement.ac.in,info@kmctmanagement.ac.in,admissions@kmctmanagement.ac.in,placement@kmctmanagement.ac.in,+91-80-077-1096,Artificial Intelligence & Machine Learning (AI & ML),Diploma,60,840,1986,Rural,Yes,Yes
1-44641224002,1-44641224002,U-0317,KMCT INSTITUTE OF TECHNOLOGY AND MANAGEMENT,Active,Kerala,Malappuram,Malappuram,MAMPARA PAZHUR-P.O KUTTIPPURAM MALAPPURAM KERALA,682347,10.85618,76.274905,Private-Self Financing,"Board of Technical Examination, Kerala",Approved,Approved,A+,Yes,,Tier 2,http://www.kmctmanagement.ac.in,info@kmctmanagement.ac.in,admissions@kmctmanagement.ac.in,placement@kmctmanagement.ac.in,+91-80-077-1096,Information Technology (IT),B.Tech,30,840,1986,Rural,Yes,Yes
1-44641224585,1-44641224585,U-0317,"GOVERNMENT POLYTECHNIC COLLEGE, KADUTHURUTHY",Active,Kerala,Kottayam,Kottayam,"GOVERNMENT POLYTECHNIC COLLEGE POOZHIKKOL P O, APPANCHIRA, KADUTHURUTHY, KOTTAYAM 686604",686604,9.607606,76.52541,Government,"Board of Technical Examination, Kerala",Approved,Approved,A+,Yes,,Tier 2,http://www.kaduthuruthy.ac.in,info@kaduthuruthy.ac.in,admissions@kaduthuruthy.ac.in,placement@kaduthuruthy.ac.in,+91-80-510-1844,Other Engineering Branches,Diploma,120,180,2011,Urban,Yes,Yes
1-44641224585,1-44641224585,U-0317,"GOVERNMENT POLYTECHNIC COLLEGE, KADUTHURUTHY",Active,Kerala,Kottayam,Kottayam,"GOVERNMENT POLYTECHNIC COLLEGE POOZHIKKOL P O, APPANCHIRA, KADUTHURUTHY, KOTTAYAM 686604",686604,9.607606,76.52541,Government,"Board of Technical Examination, Kerala",Approved,Approved,A+,Yes,,Tier 2,http://www.kaduthuruthy.ac.in,info@kaduthuruthy.ac.in,admissions@kaduthuruthy.ac.in,placement@kaduthuruthy.ac.in,+91-80-510-1844,Computer Science Engineering (CSE),Diploma,60,180,2011,Urban,Yes,Yes
1-44641225635,1-44641225635,U-0672,ACE COLLEGE OF ENGINEERING,Active,Kerala,Thiruvananthapuram,Thiruvananthapuram,"PLAPPATTIVILA,KARINKADAMUGAL, THIRUVALLAM, THIRUVANANTHAPURAM 695027",695027,8.543505,76.921056,Private-Self Financing,"APJ Abdul Kalam Technological University, Kerala",Approved,Approved,B,Yes,,Tier 3,http://www.ace.ac.in,info@ace.ac.in,admissions@ace.ac.in,placement@ace.ac.in,+91-80-652-7388,Electronics & Communication Engineering (ECE),B.Tech,60,450,2016,Urban,Yes,No
1-44641225635,1-44641225635,U-0672,ACE COLLEGE OF ENGINEERING,Active,Kerala,Thiruvananthapuram,Thiruvananthapuram,"PLAPPATTIVILA,KARINKADAMUGAL, THIRUVALLAM, THIRUVANANTHAPURAM 695027",695027,8.543505,76.921056,Private-Self Financing,"APJ Abdul Kalam Technological University, Kerala",Approved,Approved,B,Yes,,Tier 3,http://www.ace.ac.in,info@ace.ac.in,admissions@ace.ac.in,placement@ace.ac.in,+91-80-652-7388,Mechanical Engineering,B.Tech,120,450,2016,Urban,Yes,No
1-44641225635,1-44641225635,U-0672,ACE COLLEGE OF ENGINEERING,Active,Kerala,Thiruvananthapuram,Thiruvananthapuram,"PLAPPATTIVILA,KARINKADAMUGAL, THIRUVALLAM, THIRUVANANTHAPURAM 695027",695027,8.543505,76.921056,Private-Self Financing,"APJ Abdul Kalam Technological University, Kerala",Approved,Approved,B,Yes,,Tier 3,http://www.ace.ac.in,info@ace.ac.in,admissions@ace.ac.in,placement@ace.ac.in,+91-80-652-7388,Civil Engineering,B.Tech,60,450,2016,Urban,Yes,No
1-44641225635,1-44641225635,U-0672,ACE COLLEGE OF ENGINEERING,Active,Kerala,Thiruvananthapuram,Thiruvananthapuram,"PLAPPATTIVILA,KARINKADAMUGAL, THIRUVALLAM, THIRUVANANTHAPURAM 695027",695027,8.543505,76.921056,Private-Self Financing,"APJ Abdul Kalam Technological University, Kerala",Approved,Approved,B,Yes,,Tier 3,http://www.ace.ac.in,info@ace.ac.in,admissions@ace.ac.in,placement@ace.ac.in,+91-80-652-7388,Electrical & Electronics Engineering (EEE),B.Tech,30,450,2016,Urban,Yes,No
1-44641225635,1-44641225635,U-0672,ACE COLLEGE OF ENGINEERING,Active,Kerala,Thiruvananthapuram,Thiruvananthapuram,"PLAPPATTIVILA,KARINKADAMUGAL, THIRUVALLAM, THIRUVANANTHAPURAM 695027",695027,8.543505,76.921056,Private-Self Financing,"APJ Abdul Kalam Technological University, Kerala",Approved,Approved,B,Yes,,Tier 3,http://www.ace.ac.in,info@ace.ac.in,admissions@ace.ac.in,placement@ace.ac.in,+91-80-652-7388,Aeronautical Engineering,B.Tech,60,450,2016,Urban,Yes,No
1-44641225635,1-44641225635,U-0672,ACE COLLEGE OF ENGINEERING,Active,Kerala,Thiruvananthapuram,Thiruvananthapuram,"PLAPPATTIVILA,KARINKADAMUGAL, THIRUVALLAM, THIRUVANANTHAPURAM 695027",695027,8.543505,76.921056,Private-Self Financing,"APJ Abdul Kalam Technological University, Kerala",Approved,Approved,B,Yes,,Tier 3,http://www.ace.ac.in,info@ace.ac.in,admissions@ace.ac.in,placement@ace.ac.in,+91-80-652-7388,Artificial Intelligence & Machine Learning (AI & ML),B.Tech,60,450,2016,Urban,Yes,No
1-44641225635,1-44641225635,U-0672,ACE COLLEGE OF ENGINEERING,Active,Kerala,Thiruvananthapuram,Thiruvananthapuram,"PLAPPATTIVILA,KARINKADAMUGAL, THIRUVALLAM, THIRUVANANTHAPURAM 695027",695027,8.543505,76.921056,Private-Self Financing,"APJ Abdul Kalam Technological University, Kerala",Approved,Approved,B,Yes,,Tier 3,http://www.ace.ac.in,info@ace.ac.in,admissions@ace.ac.in,placement@ace.ac.in,+91-80-652-7388,Computer Science Engineering (CSE),B.Tech,60,450,2016,Urban,Yes,No
1-44641227608,1-44641227608,U-0317,AWH POLYTECHNIC COLLEGE,Active,Kerala,Kozhikode,Kozhikode,"PATTAYAD KUNNU, KUTTIKKATTOOR.",682606,11.25015,75.766074,Private-Self Financing,"Board of Technical Examination, Kerala",Approved,Approved,A+,Yes,,Tier 2,http://www.awh.ac.in,info@awh.ac.in,admissions@awh.ac.in,placement@awh.ac.in,+91-80-476-0356,Electronics & Communication Engineering (ECE),Diploma,60,240,1981,Rural,Yes,Yes
1-44641227608,1-44641227608,U-0317,AWH POLYTECHNIC COLLEGE,Active,Kerala,Kozhikode,Kozhikode,"PATTAYAD KUNNU, KUTTIKKATTOOR.",682606,11.25015,75.766074,Private-Self Financing,"Board of Technical Examination, Kerala",Approved,Approved,A+,Yes,,Tier 2,http://www.awh.ac.in,info@awh.ac.in,admissions@awh.ac.in,placement@awh.ac.in,+91-80-476-0356,Other Engineering Branches,Diploma,120,240,1981,Rural,Yes,Yes
1-44641227608,1-44641227608,U-0317,AWH POLYTECHNIC COLLEGE,Active,Kerala,Kozhikode,Kozhikode,"PATTAYAD KUNNU, KUTTIKKATTOOR.",682606,11.25015,75.766074,Private-Self Financing,"Board of Technical Examination, Kerala",Approved,Approved,A+,Yes,,Tier 2,http://www.awh.ac.in,info@awh.ac.in,admissions@awh.ac.in,placement@awh.ac.in,+91-80-476-0356,Mechanical Engineering,Diploma,60,240,1981,Rural,Yes,Yes
1-44641433020,1-44641433020,U-0317,"GOVERNMENT POLYTECHNIC COLLEGE, EZHUKONE",Active,Kerala,Kollam,Kollam,IRUMPANANGADU EZHUKONE,682952,8.89538,76.612733,Government,"Board of Technical Examination, Kerala",Approved,Approved,B,No,,Tier 3,http://www.ezhukone.ac.in,info@ezhukone.ac.in,admissions@ezhukone.ac.in,placement@ezhukone.ac.in,+91-80-930-2903,Electronics & Communication Engineering (ECE),Diploma,60,180,2015,Urban,Yes,Yes
1-44641433020,1-44641433020,U-0317,"GOVERNMENT POLYTECHNIC COLLEGE, EZHUKONE",Active,Kerala,Kollam,Kollam,IRUMPANANGADU EZHUKONE,682952,8.89538,76.612733,Government,"Board of Technical Examination, Kerala",Approved,Approved,B,No,,Tier 3,http://www.ezhukone.ac.in,info@ezhukone.ac.in,admissions@ezhukone.ac.in,placement@ezhukone.ac.in,+91-80-930-2903,Other Engineering Branches,Diploma,60,180,2015,Urban,Yes,Yes
1-44641433020,1-44641433020,U-0317,"GOVERNMENT POLYTECHNIC COLLEGE, EZHUKONE",Active,Kerala,Kollam,Kollam,IRUMPANANGADU EZHUKONE,682952,8.89538,76.612733,Government,"Board of Technical Examination, Kerala",Approved,Approved,B,No,,Tier 3,http://www.ezhukone.ac.in,info@ezhukone.ac.in,admissions@ezhukone.ac.in,placement@ezhukone.ac.in,+91-80-930-2903,Mechanical Engineering,Diploma,60,180,2015,Urban,Yes,Yes
1-44641480101,1-44641480101,U-0672,P.A.AZIZ COLLEGE OF ENGINEERING AND TECHNOLOGY,Active,Kerala,Thiruvananthapuram,Thiruvananthapuram,"GREEN HILLS, KARAKULAM, TRIVANDRUM-695564 KERALA.",695564,8.543453,76.935861,Private-Self Financing,"APJ Abdul Kalam Technological University, Kerala",Approved,Approved,Not Accredited,No,,Tier 3,http://www.paaziz.ac.in,info@paaziz.ac.in,admissions@paaziz.ac.in,placement@paaziz.ac.in,+91-80-650-5723,Civil Engineering,B.Tech,30,630,2010,Urban,Yes,Yes
1-44641480101,1-44641480101,U-0672,P.A.AZIZ COLLEGE OF ENGINEERING AND TECHNOLOGY,Active,Kerala,Thiruvananthapuram,Thiruvananthapuram,"GREEN HILLS, KARAKULAM, TRIVANDRUM-695564 KERALA.",695564,8.543453,76.935861,Private-Self Financing,"APJ Abdul Kalam Technological University, Kerala",Approved,Approved,Not Accredited,No,,Tier 3,http://www.paaziz.ac.in,info@paaziz.ac.in,admissions@paaziz.ac.in,placement@paaziz.ac.in,+91-80-650-5723,Computer Science Engineering (CSE),B.Tech,30,630,2010,Urban,Yes,Yes
1-44641480101,1-44641480101,U-0672,P.A.AZIZ COLLEGE OF ENGINEERING AND TECHNOLOGY,Active,Kerala,Thiruvananthapuram,Thiruvananthapuram,"GREEN HILLS, KARAKULAM, TRIVANDRUM-695564 KERALA.",695564,8.543453,76.935861,Private-Self Financing,"APJ Abdul Kalam Technological University, Kerala",Approved,Approved,Not Accredited,No,,Tier 3,http://www.paaziz.ac.in,info@paaziz.ac.in,admissions@paaziz.ac.in,placement@paaziz.ac.in,+91-80-650-5723,Electrical & Electronics Engineering (EEE),B.Tech,30,630,2010,Urban,Yes,Yes
1-44641480101,1-44641480101,U-0672,P.A.AZIZ COLLEGE OF ENGINEERING AND TECHNOLOGY,Active,Kerala,Thiruvananthapuram,Thiruvananthapuram,"GREEN HILLS, KARAKULAM, TRIVANDRUM-695564 KERALA.",695564,8.543453,76.935861,Private-Self Financing,"APJ Abdul Kalam Technological University, Kerala",Approved,Approved,Not Accredited,No,,Tier 3,http://www.paaziz.ac.in,info@paaziz.ac.in,admissions@paaziz.ac.in,placement@paaziz.ac.in,+91-80-650-5723,Electronics & Communication Engineering (ECE),B.Tech,30,630,2010,Urban,Yes,Yes
1-44641480101,1-44641480101,U-0672,P.A.AZIZ COLLEGE OF ENGINEERING AND TECHNOLOGY,Active,Kerala,Thiruvananthapuram,Thiruvananthapuram,"GREEN HILLS, KARAKULAM, TRIVANDRUM-695564 KERALA.",695564,8.543453,76.935861,Private-Self Financing,"APJ Abdul Kalam Technological University, Kerala",Approved,Approved,Not Accredited,No,,Tier 3,http://www.paaziz.ac.in,info@paaziz.ac.in,admissions@paaziz.ac.in,placement@paaziz.ac.in,+91-80-650-5723,Mechanical Engineering,B.Tech,30,630,2010,Urban,Yes,Yes
1-44641480101,1-44641480101,U-0672,P.A.AZIZ COLLEGE OF ENGINEERING AND TECHNOLOGY,Active,Kerala,Thiruvananthapuram,Thiruvananthapuram,"GREEN HILLS, KARAKULAM, TRIVANDRUM-695564 KERALA.",695564,8.543453,76.935861,Private-Self Financing,"APJ Abdul Kalam Technological University, Kerala",Approved,Approved,Not Accredited,No,,Tier 3,http://www.paaziz.ac.in,info@paaziz.ac.in,admissions@paaziz.ac.in,placement@paaziz.ac.in,+91-80-650-5723,Civil Engineering,Diploma,60,630,2010,Urban,Yes,Yes
1-44641480101,1-44641480101,U-0672,P.A.AZIZ COLLEGE OF ENGINEERING AND TECHNOLOGY,Active,Kerala,Thiruvananthapuram,Thiruvananthapuram,"GREEN HILLS, KARAKULAM, TRIVANDRUM-695564 KERALA.",695564,8.543453,76.935861,Private-Self Financing,"APJ Abdul Kalam Technological University, Kerala",Approved,Approved,Not Accredited,No,,Tier 3,http://www.paaziz.ac.in,info@paaziz.ac.in,admissions@paaziz.ac.in,placement@paaziz.ac.in,+91-80-650-5723,Mechanical Engineering,Diploma,60,630,2010,Urban,Yes,Yes
1-44641480101,1-44641480101,U-0672,P.A.AZIZ COLLEGE OF ENGINEERING AND TECHNOLOGY,Active,Kerala,Thiruvananthapuram,Thiruvananthapuram,"GREEN HILLS, KARAKULAM, TRIVANDRUM-695564 KERALA.",695564,8.543453,76.935861,Private-Self Financing,"APJ Abdul Kalam Technological University, Kerala",Approved,Approved,Not Accredited,No,,Tier 3,http://www.paaziz.ac.in,info@paaziz.ac.in,admissions@paaziz.ac.in,placement@paaziz.ac.in,+91-80-650-5723,Automobile Engineering,Diploma,60,630,2010,Urban,Yes,Yes
1-44641480101,1-44641480101,U-0672,P.A.AZIZ COLLEGE OF ENGINEERING AND TECHNOLOGY,Active,Kerala,Thiruvananthapuram,Thiruvananthapuram,"GREEN HILLS, KARAKULAM, TRIVANDRUM-695564 KERALA.",695564,8.543453,76.935861,Private-Self Financing,"APJ Abdul Kalam Technological University, Kerala",Approved,Approved,Not Accredited,No,,Tier 3,http://www.paaziz.ac.in,info@paaziz.ac.in,admissions@paaziz.ac.in,placement@paaziz.ac.in,+91-80-650-5723,Other Engineering Branches,Diploma,120,630,2010,Urban,Yes,Yes
1-44641480101,1-44641480101,U-0672,P.A.AZIZ COLLEGE OF ENGINEERING AND TECHNOLOGY,Active,Kerala,Thiruvananthapuram,Thiruvananthapuram,"GREEN HILLS, KARAKULAM, TRIVANDRUM-695564 KERALA.",695564,8.543453,76.935861,Private-Self Financing,"APJ Abdul Kalam Technological University, Kerala",Approved,Approved,Not Accredited,No,,Tier 3,http://www.paaziz.ac.in,info@paaziz.ac.in,admissions@paaziz.ac.in,placement@paaziz.ac.in,+91-80-650-5723,Data Science,B.Tech,60,630,2010,Urban,Yes,Yes
1-44641480101,1-44641480101,U-0672,P.A.AZIZ COLLEGE OF ENGINEERING AND TECHNOLOGY,Active,Kerala,Thiruvananthapuram,Thiruvananthapuram,"GREEN HILLS, KARAKULAM, TRIVANDRUM-695564 KERALA.",695564,8.543453,76.935861,Private-Self Financing,"APJ Abdul Kalam Technological University, Kerala",Approved,Approved,Not Accredited,No,,Tier 3,http://www.paaziz.ac.in,info@paaziz.ac.in,admissions@paaziz.ac.in,placement@paaziz.ac.in,+91-80-650-5723,Artificial Intelligence & Machine Learning (AI & ML),B.Tech,60,630,2010,Urban,Yes,Yes
1-44641480101,1-44641480101,U-0672,P.A.AZIZ COLLEGE OF ENGINEERING AND TECHNOLOGY,Active,Kerala,Thiruvananthapuram,Thiruvananthapuram,"GREEN HILLS, KARAKULAM, TRIVANDRUM-695564 KERALA.",695564,8.543453,76.935861,Private-Self Financing,"APJ Abdul Kalam Technological University, Kerala",Approved,Approved,Not Accredited,No,,Tier 3,http://www.paaziz.ac.in,info@paaziz.ac.in,admissions@paaziz.ac.in,placement@paaziz.ac.in,+91-80-650-5723,Agricultural Engineering,B.Tech,60,630,2010,Urban,Yes,Yes
1-44641396927,1-44641396927,U-0672,MANGALAM COLLEGE OF ENGINEERING,Active,Kerala,Kottayam,Kottayam,MANGALAM HILLS VETTIMUKAL .P.O ETTUMANOOR,682045,9.58661,76.523665,Private-Self Financing,"APJ Abdul Kalam Technological University, Kerala",Approved,Approved,Not Accredited,No,,Tier 3,http://www.mangalam.ac.in,info@mangalam.ac.in,admissions@mangalam.ac.in,placement@mangalam.ac.in,+91-80-629-5689,Other Engineering Branches,M.Tech,63,981,2012,Urban,Yes,Yes
1-44641396927,1-44641396927,U-0672,MANGALAM COLLEGE OF ENGINEERING,Active,Kerala,Kottayam,Kottayam,MANGALAM HILLS VETTIMUKAL .P.O ETTUMANOOR,682045,9.58661,76.523665,Private-Self Financing,"APJ Abdul Kalam Technological University, Kerala",Approved,Approved,Not Accredited,No,,Tier 3,http://www.mangalam.ac.in,info@mangalam.ac.in,admissions@mangalam.ac.in,placement@mangalam.ac.in,+91-80-629-5689,Computer Science Engineering (CSE),B.Tech,240,981,2012,Urban,Yes,Yes
1-44641396927,1-44641396927,U-0672,MANGALAM COLLEGE OF ENGINEERING,Active,Kerala,Kottayam,Kottayam,MANGALAM HILLS VETTIMUKAL .P.O ETTUMANOOR,682045,9.58661,76.523665,Private-Self Financing,"APJ Abdul Kalam Technological University, Kerala",Approved,Approved,Not Accredited,No,,Tier 3,http://www.mangalam.ac.in,info@mangalam.ac.in,admissions@mangalam.ac.in,placement@mangalam.ac.in,+91-80-629-5689,Electronics & Communication Engineering (ECE),B.Tech,60,981,2012,Urban,Yes,Yes
1-44641396927,1-44641396927,U-0672,MANGALAM COLLEGE OF ENGINEERING,Active,Kerala,Kottayam,Kottayam,MANGALAM HILLS VETTIMUKAL .P.O ETTUMANOOR,682045,9.58661,76.523665,Private-Self Financing,"APJ Abdul Kalam Technological University, Kerala",Approved,Approved,Not Accredited,No,,Tier 3,http://www.mangalam.ac.in,info@mangalam.ac.in,admissions@mangalam.ac.in,placement@mangalam.ac.in,+91-80-629-5689,Electrical & Electronics Engineering (EEE),B.Tech,30,981,2012,Urban,Yes,Yes
1-44641396927,1-44641396927,U-0672,MANGALAM COLLEGE OF ENGINEERING,Active,Kerala,Kottayam,Kottayam,MANGALAM HILLS VETTIMUKAL .P.O ETTUMANOOR,682045,9.58661,76.523665,Private-Self Financing,"APJ Abdul Kalam Technological University, Kerala",Approved,Approved,Not Accredited,No,,Tier 3,http://www.mangalam.ac.in,info@mangalam.ac.in,admissions@mangalam.ac.in,placement@mangalam.ac.in,+91-80-629-5689,Mechanical Engineering,B.Tech,60,981,2012,Urban,Yes,Yes
1-44641396927,1-44641396927,U-0672,MANGALAM COLLEGE OF ENGINEERING,Active,Kerala,Kottayam,Kottayam,MANGALAM HILLS VETTIMUKAL .P.O ETTUMANOOR,682045,9.58661,76.523665,Private-Self Financing,"APJ Abdul Kalam Technological University, Kerala",Approved,Approved,Not Accredited,No,,Tier 3,http://www.mangalam.ac.in,info@mangalam.ac.in,admissions@mangalam.ac.in,placement@mangalam.ac.in,+91-80-629-5689,Civil Engineering,B.Tech,60,981,2012,Urban,Yes,Yes
1-44641396927,1-44641396927,U-0672,MANGALAM COLLEGE OF ENGINEERING,Active,Kerala,Kottayam,Kottayam,MANGALAM HILLS VETTIMUKAL .P.O ETTUMANOOR,682045,9.58661,76.523665,Private-Self Financing,"APJ Abdul Kalam Technological University, Kerala",Approved,Approved,Not Accredited,No,,Tier 3,http://www.mangalam.ac.in,info@mangalam.ac.in,admissions@mangalam.ac.in,placement@mangalam.ac.in,+91-80-629-5689,Computer Science Engineering (CSE),M.Tech,18,981,2012,Urban,Yes,Yes
1-44641396927,1-44641396927,U-0672,MANGALAM COLLEGE OF ENGINEERING,Active,Kerala,Kottayam,Kottayam,MANGALAM HILLS VETTIMUKAL .P.O ETTUMANOOR,682045,9.58661,76.523665,Private-Self Financing,"APJ Abdul Kalam Technological University, Kerala",Approved,Approved,Not Accredited,No,,Tier 3,http://www.mangalam.ac.in,info@mangalam.ac.in,admissions@mangalam.ac.in,placement@mangalam.ac.in,+91-80-629-5689,Chemical Engineering,B.Tech,30,981,2012,Urban,Yes,Yes
1-44641396927,1-44641396927,U-0672,MANGALAM COLLEGE OF ENGINEERING,Active,Kerala,Kottayam,Kottayam,MANGALAM HILLS VETTIMUKAL .P.O ETTUMANOOR,682045,9.58661,76.523665,Private-Self Financing,"APJ Abdul Kalam Technological University, Kerala",Approved,Approved,Not Accredited,No,,Tier 3,http://www.mangalam.ac.in,info@mangalam.ac.in,admissions@mangalam.ac.in,placement@mangalam.ac.in,+91-80-629-5689,Artificial Intelligence & Machine Learning (AI & ML),B.Tech,60,981,2012,Urban,Yes,Yes
1-44641396927,1-44641396927,U-0672,MANGALAM COLLEGE OF ENGINEERING,Active,Kerala,Kottayam,Kottayam,MANGALAM HILLS VETTIMUKAL .P.O ETTUMANOOR,682045,9.58661,76.523665,Private-Self Financing,"APJ Abdul Kalam Technological University, Kerala",Approved,Approved,Not Accredited,No,,Tier 3,http://www.mangalam.ac.in,info@mangalam.ac.in,admissions@mangalam.ac.in,placement@mangalam.ac.in,+91-80-629-5689,Mechanical Engineering,Diploma,60,981,2012,Urban,Yes,Yes
1-44641396927,1-44641396927,U-0672,MANGALAM COLLEGE OF ENGINEERING,Active,Kerala,Kottayam,Kottayam,MANGALAM HILLS VETTIMUKAL .P.O ETTUMANOOR,682045,9.58661,76.523665,Private-Self Financing,"APJ Abdul Kalam Technological University, Kerala",Approved,Approved,Not Accredited,No,,Tier 3,http://www.mangalam.ac.in,info@mangalam.ac.in,admissions@mangalam.ac.in,placement@mangalam.ac.in,+91-80-629-5689,Civil Engineering,Diploma,60,981,2012,Urban,Yes,Yes
1-44641396927,1-44641396927,U-0672,MANGALAM COLLEGE OF ENGINEERING,Active,Kerala,Kottayam,Kottayam,MANGALAM HILLS VETTIMUKAL .P.O ETTUMANOOR,682045,9.58661,76.523665,Private-Self Financing,"APJ Abdul Kalam Technological University, Kerala",Approved,Approved,Not Accredited,No,,Tier 3,http://www.mangalam.ac.in,info@mangalam.ac.in,admissions@mangalam.ac.in,placement@mangalam.ac.in,+91-80-629-5689,Electrical & Electronics Engineering (EEE),Diploma,60,981,2012,Urban,Yes,Yes
1-44641396927,1-44641396927,U-0672,MANGALAM COLLEGE OF ENGINEERING,Active,Kerala,Kottayam,Kottayam,MANGALAM HILLS VETTIMUKAL .P.O ETTUMANOOR,682045,9.58661,76.523665,Private-Self Financing,"APJ Abdul Kalam Technological University, Kerala",Approved,Approved,Not Accredited,No,,Tier 3,http://www.mangalam.ac.in,info@mangalam.ac.in,admissions@mangalam.ac.in,placement@mangalam.ac.in,+91-80-629-5689,Computer Science Engineering (CSE),Diploma,60,981,2012,Urban,Yes,Yes
1-44641396927,1-44641396927,U-0672,MANGALAM COLLEGE OF ENGINEERING,Active,Kerala,Kottayam,Kottayam,MANGALAM HILLS VETTIMUKAL .P.O ETTUMANOOR,682045,9.58661,76.523665,Private-Self Financing,"APJ Abdul Kalam Technological University, Kerala",Approved,Approved,Not Accredited,No,,Tier 3,http://www.mangalam.ac.in,info@mangalam.ac.in,admissions@mangalam.ac.in,placement@mangalam.ac.in,+91-80-629-5689,Other Engineering Branches,Diploma,60,981,2012,Urban,Yes,Yes
1-44641396927,1-44641396927,U-0672,MANGALAM COLLEGE OF ENGINEERING,Active,Kerala,Kottayam,Kottayam,MANGALAM HILLS VETTIMUKAL .P.O ETTUMANOOR,682045,9.58661,76.523665,Private-Self Financing,"APJ Abdul Kalam Technological University, Kerala",Approved,Approved,Not Accredited,No,,Tier 3,http://www.mangalam.ac.in,info@mangalam.ac.in,admissions@mangalam.ac.in,placement@mangalam.ac.in,+91-80-629-5689,Other Engineering Branches,B.Tech,60,981,2012,Urban,Yes,Yes
1-44641435157,1-44641435157,U-0317,GOVT POLYTECHNIC COLLEGE KOTTAYAM,Active,Kerala,Kottayam,Kottayam,GOVERNMENT POLYTECNIC COLLEGE NATTAKOM P O  KOTTAYAM,682045,9.605304,76.538303,Government,"Board of Technical Examination, Kerala",Approved,Approved,B,No,,Tier 3,http://www.govtkottayam.ac.in,info@govtkottayam.ac.in,admissions@govtkottayam.ac.in,placement@govtkottayam.ac.in,+91-80-413-6295,Civil Engineering,Diploma,60,350,1991,Rural,Yes,Yes
1-44641435157,1-44641435157,U-0317,GOVT POLYTECHNIC COLLEGE KOTTAYAM,Active,Kerala,Kottayam,Kottayam,GOVERNMENT POLYTECNIC COLLEGE NATTAKOM P O  KOTTAYAM,682045,9.605304,76.538303,Government,"Board of Technical Examination, Kerala",Approved,Approved,B,No,,Tier 3,http://www.govtkottayam.ac.in,info@govtkottayam.ac.in,admissions@govtkottayam.ac.in,placement@govtkottayam.ac.in,+91-80-413-6295,Mechanical Engineering,Diploma,60,350,1991,Rural,Yes,Yes
1-44641435157,1-44641435157,U-0317,GOVT POLYTECHNIC COLLEGE KOTTAYAM,Active,Kerala,Kottayam,Kottayam,GOVERNMENT POLYTECNIC COLLEGE NATTAKOM P O  KOTTAYAM,682045,9.605304,76.538303,Government,"Board of Technical Examination, Kerala",Approved,Approved,B,No,,Tier 3,http://www.govtkottayam.ac.in,info@govtkottayam.ac.in,admissions@govtkottayam.ac.in,placement@govtkottayam.ac.in,+91-80-413-6295,Electrical & Electronics Engineering (EEE),Diploma,60,350,1991,Rural,Yes,Yes
1-44641435157,1-44641435157,U-0317,GOVT POLYTECHNIC COLLEGE KOTTAYAM,Active,Kerala,Kottayam,Kottayam,GOVERNMENT POLYTECNIC COLLEGE NATTAKOM P O  KOTTAYAM,682045,9.605304,76.538303,Government,"Board of Technical Examination, Kerala",Approved,Approved,B,No,,Tier 3,http://www.govtkottayam.ac.in,info@govtkottayam.ac.in,admissions@govtkottayam.ac.in,placement@govtkottayam.ac.in,+91-80-413-6295,Other Engineering Branches,Diploma,170,350,1991,Rural,Yes,Yes
1-44640849239,1-44640849239,U-0317,ORPHANAGE POLYTECHNIC COLLEGE EDAVANNA,Active,Kerala,Malappuram,Malappuram,"EDAVANNA YATHEEMKHANA(ORPHANAGE), EDAVANNA POST",682347,10.846282,76.265898,Private-Self Financing,"Board of Technical Examination, Kerala",Approved,Approved,B++,No,,Tier 3,http://www.orphanageedavanna.ac.in,info@orphanageedavanna.ac.in,admissions@orphanageedavanna.ac.in,placement@orphanageedavanna.ac.in,+91-80-661-9486,Civil Engineering,Diploma,60,240,2005,Urban,No,No
1-44640849239,1-44640849239,U-0317,ORPHANAGE POLYTECHNIC COLLEGE EDAVANNA,Active,Kerala,Malappuram,Malappuram,"EDAVANNA YATHEEMKHANA(ORPHANAGE), EDAVANNA POST",682347,10.846282,76.265898,Private-Self Financing,"Board of Technical Examination, Kerala",Approved,Approved,B++,No,,Tier 3,http://www.orphanageedavanna.ac.in,info@orphanageedavanna.ac.in,admissions@orphanageedavanna.ac.in,placement@orphanageedavanna.ac.in,+91-80-661-9486,Mechanical Engineering,Diploma,60,240,2005,Urban,No,No
1-44640849239,1-44640849239,U-0317,ORPHANAGE POLYTECHNIC COLLEGE EDAVANNA,Active,Kerala,Malappuram,Malappuram,"EDAVANNA YATHEEMKHANA(ORPHANAGE), EDAVANNA POST",682347,10.846282,76.265898,Private-Self Financing,"Board of Technical Examination, Kerala",Approved,Approved,B++,No,,Tier 3,http://www.orphanageedavanna.ac.in,info@orphanageedavanna.ac.in,admissions@orphanageedavanna.ac.in,placement@orphanageedavanna.ac.in,+91-80-661-9486,Electrical & Electronics Engineering (EEE),Diploma,60,240,2005,Urban,No,No
1-44640849239,1-44640849239,U-0317,ORPHANAGE POLYTECHNIC COLLEGE EDAVANNA,Active,Kerala,Malappuram,Malappuram,"EDAVANNA YATHEEMKHANA(ORPHANAGE), EDAVANNA POST",682347,10.846282,76.265898,Private-Self Financing,"Board of Technical Examination, Kerala",Approved,Approved,B++,No,,Tier 3,http://www.orphanageedavanna.ac.in,info@orphanageedavanna.ac.in,admissions@orphanageedavanna.ac.in,placement@orphanageedavanna.ac.in,+91-80-661-9486,Automobile Engineering,Diploma,60,240,2005,Urban,No,No
1-44641192012,1-44641192012,U-0992,"NATIONAL CENTRE FOR AQUATIC ANIMAL HEALTH, COCHIN UNIVERSITY OF SCIENCE AND TECHNOLOGY",Active,Kerala,Ernakulam,Ernakulam,"LAKE SIDE CAMPUS, FINE ARTS AVENUE",682234,9.972999,76.308703,State Government University,NOT APPLICABLE,Approved,Approved,B++,Yes,,Tier 3,http://www.nationalcentreaquatic.ac.in,info@nationalcentreaquatic.ac.in,admissions@nationalcentreaquatic.ac.in,placement@nationalcentreaquatic.ac.in,+91-80-478-1240,Biotechnology,M.Tech,6,6,1986,Urban,Yes,Yes
1-44641233316,1-44641233316,U-0317,A.K.M.POLYTECHNIC COLLEGE,Active,Kerala,Kollam,Kollam,"NEDUMBANA,",682952,8.905512,76.605975,Private-Self Financing,"Board of Technical Examination, Kerala",Approved,Approved,A+,Yes,,Tier 2,http://www.akmpolytechnic.ac.in,info@akmpolytechnic.ac.in,admissions@akmpolytechnic.ac.in,placement@akmpolytechnic.ac.in,+91-80-355-2460,Civil Engineering,Diploma,60,300,2020,Rural,Yes,Yes
1-44641233316,1-44641233316,U-0317,A.K.M.POLYTECHNIC COLLEGE,Active,Kerala,Kollam,Kollam,"NEDUMBANA,",682952,8.905512,76.605975,Private-Self Financing,"Board of Technical Examination, Kerala",Approved,Approved,A+,Yes,,Tier 2,http://www.akmpolytechnic.ac.in,info@akmpolytechnic.ac.in,admissions@akmpolytechnic.ac.in,placement@akmpolytechnic.ac.in,+91-80-355-2460,Mechanical Engineering,Diploma,60,300,2020,Rural,Yes,Yes
1-44641233316,1-44641233316,U-0317,A.K.M.POLYTECHNIC COLLEGE,Active,Kerala,Kollam,Kollam,"NEDUMBANA,",682952,8.905512,76.605975,Private-Self Financing,"Board of Technical Examination, Kerala",Approved,Approved,A+,Yes,,Tier 2,http://www.akmpolytechnic.ac.in,info@akmpolytechnic.ac.in,admissions@akmpolytechnic.ac.in,placement@akmpolytechnic.ac.in,+91-80-355-2460,Electrical & Electronics Engineering (EEE),Diploma,60,300,2020,Rural,Yes,Yes
1-44641233316,1-44641233316,U-0317,A.K.M.POLYTECHNIC COLLEGE,Active,Kerala,Kollam,Kollam,"NEDUMBANA,",682952,8.905512,76.605975,Private-Self Financing,"Board of Technical Examination, Kerala",Approved,Approved,A+,Yes,,Tier 2,http://www.akmpolytechnic.ac.in,info@akmpolytechnic.ac.in,admissions@akmpolytechnic.ac.in,placement@akmpolytechnic.ac.in,+91-80-355-2460,Electronics & Communication Engineering (ECE),Diploma,60,300,2020,Rural,Yes,Yes
1-44641233316,1-44641233316,U-0317,A.K.M.POLYTECHNIC COLLEGE,Active,Kerala,Kollam,Kollam,"NEDUMBANA,",682952,8.905512,76.605975,Private-Self Financing,"Board of Technical Examination, Kerala",Approved,Approved,A+,Yes,,Tier 2,http://www.akmpolytechnic.ac.in,info@akmpolytechnic.ac.in,admissions@akmpolytechnic.ac.in,placement@akmpolytechnic.ac.in,+91-80-355-2460,Computer Science Engineering (CSE),Diploma,60,300,2020,Rural,Yes,Yes
1-44641233873,1-44641233873,U-0317,KERALA GOVERNMENT POLYTECHNIC COLLEGE KOZHIKODE,Active,Kerala,Kozhikode,Kozhikode,WESTHILL,682606,11.272168,75.773116,Government,"Board of Technical Examination, Kerala",Approved,Approved,A,No,,Tier 2,http://www.keralakozhikode.ac.in,info@keralakozhikode.ac.in,admissions@keralakozhikode.ac.in,placement@keralakozhikode.ac.in,+91-80-399-5601,Computer Science Engineering (CSE),Diploma,75,555,1999,Urban,No,Yes
1-44641233873,1-44641233873,U-0317,KERALA GOVERNMENT POLYTECHNIC COLLEGE KOZHIKODE,Active,Kerala,Kozhikode,Kozhikode,WESTHILL,682606,11.272168,75.773116,Government,"Board of Technical Examination, Kerala",Approved,Approved,A,No,,Tier 2,http://www.keralakozhikode.ac.in,info@keralakozhikode.ac.in,admissions@keralakozhikode.ac.in,placement@keralakozhikode.ac.in,+91-80-399-5601,Other Engineering Branches,Diploma,60,555,1999,Urban,No,Yes
1-44641233873,1-44641233873,U-0317,KERALA GOVERNMENT POLYTECHNIC COLLEGE KOZHIKODE,Active,Kerala,Kozhikode,Kozhikode,WESTHILL,682606,11.272168,75.773116,Government,"Board of Technical Examination, Kerala",Approved,Approved,A,No,,Tier 2,http://www.keralakozhikode.ac.in,info@keralakozhikode.ac.in,admissions@keralakozhikode.ac.in,placement@keralakozhikode.ac.in,+91-80-399-5601,Electrical & Electronics Engineering (EEE),Diploma,120,555,1999,Urban,No,Yes
1-44641233873,1-44641233873,U-0317,KERALA GOVERNMENT POLYTECHNIC COLLEGE KOZHIKODE,Active,Kerala,Kozhikode,Kozhikode,WESTHILL,682606,11.272168,75.773116,Government,"Board of Technical Examination, Kerala",Approved,Approved,A,No,,Tier 2,http://www.keralakozhikode.ac.in,info@keralakozhikode.ac.in,admissions@keralakozhikode.ac.in,placement@keralakozhikode.ac.in,+91-80-399-5601,Civil Engineering,Diploma,120,555,1999,Urban,No,Yes
1-44641233873,1-44641233873,U-0317,KERALA GOVERNMENT POLYTECHNIC COLLEGE KOZHIKODE,Active,Kerala,Kozhikode,Kozhikode,WESTHILL,682606,11.272168,75.773116,Government,"Board of Technical Examination, Kerala",Approved,Approved,A,No,,Tier 2,http://www.keralakozhikode.ac.in,info@keralakozhikode.ac.in,admissions@keralakozhikode.ac.in,placement@keralakozhikode.ac.in,+91-80-399-5601,Chemical Engineering,Diploma,60,555,1999,Urban,No,Yes
1-44641233873,1-44641233873,U-0317,KERALA GOVERNMENT POLYTECHNIC COLLEGE KOZHIKODE,Active,Kerala,Kozhikode,Kozhikode,WESTHILL,682606,11.272168,75.773116,Government,"Board of Technical Examination, Kerala",Approved,Approved,A,No,,Tier 2,http://www.keralakozhikode.ac.in,info@keralakozhikode.ac.in,admissions@keralakozhikode.ac.in,placement@keralakozhikode.ac.in,+91-80-399-5601,Mechanical Engineering,Diploma,120,555,1999,Urban,No,Yes
1-44640980839,1-44640980839,U-0672,SREE NARAYANA GURUKULAM COLLEGE OF ENGINEERING,Active,Kerala,Ernakulam,Ernakulam,"KADAYIRIPPU, KOLENCHERY, ERNAKULAM DISTRICT, KERALA",682234,9.98884,76.29018,Private-Self Financing,"APJ Abdul Kalam Technological University, Kerala",Approved,Approved,Not Accredited,No,,Tier 3,http://www.sreenarayanagurukulam.ac.in,info@sreenarayanagurukulam.ac.in,admissions@sreenarayanagurukulam.ac.in,placement@sreenarayanagurukulam.ac.in,+91-80-142-5345,Other Engineering Branches,M.Tech,12,648,2017,Urban,Yes,Yes
1-44640980839,1-44640980839,U-0672,SREE NARAYANA GURUKULAM COLLEGE OF ENGINEERING,Active,Kerala,Ernakulam,Ernakulam,"KADAYIRIPPU, KOLENCHERY, ERNAKULAM DISTRICT, KERALA",682234,9.98884,76.29018,Private-Self Financing,"APJ Abdul Kalam Technological University, Kerala",Approved,Approved,Not Accredited,No,,Tier 3,http://www.sreenarayanagurukulam.ac.in,info@sreenarayanagurukulam.ac.in,admissions@sreenarayanagurukulam.ac.in,placement@sreenarayanagurukulam.ac.in,+91-80-142-5345,Computer Science Engineering (CSE),B.Tech,180,648,2017,Urban,Yes,Yes
1-44640980839,1-44640980839,U-0672,SREE NARAYANA GURUKULAM COLLEGE OF ENGINEERING,Active,Kerala,Ernakulam,Ernakulam,"KADAYIRIPPU, KOLENCHERY, ERNAKULAM DISTRICT, KERALA",682234,9.98884,76.29018,Private-Self Financing,"APJ Abdul Kalam Technological University, Kerala",Approved,Approved,Not Accredited,No,,Tier 3,http://www.sreenarayanagurukulam.ac.in,info@sreenarayanagurukulam.ac.in,admissions@sreenarayanagurukulam.ac.in,placement@sreenarayanagurukulam.ac.in,+91-80-142-5345,Electronics & Communication Engineering (ECE),B.Tech,60,648,2017,Urban,Yes,Yes
1-44640980839,1-44640980839,U-0672,SREE NARAYANA GURUKULAM COLLEGE OF ENGINEERING,Active,Kerala,Ernakulam,Ernakulam,"KADAYIRIPPU, KOLENCHERY, ERNAKULAM DISTRICT, KERALA",682234,9.98884,76.29018,Private-Self Financing,"APJ Abdul Kalam Technological University, Kerala",Approved,Approved,Not Accredited,No,,Tier 3,http://www.sreenarayanagurukulam.ac.in,info@sreenarayanagurukulam.ac.in,admissions@sreenarayanagurukulam.ac.in,placement@sreenarayanagurukulam.ac.in,+91-80-142-5345,Electrical & Electronics Engineering (EEE),B.Tech,30,648,2017,Urban,Yes,Yes
1-44640980839,1-44640980839,U-0672,SREE NARAYANA GURUKULAM COLLEGE OF ENGINEERING,Active,Kerala,Ernakulam,Ernakulam,"KADAYIRIPPU, KOLENCHERY, ERNAKULAM DISTRICT, KERALA",682234,9.98884,76.29018,Private-Self Financing,"APJ Abdul Kalam Technological University, Kerala",Approved,Approved,Not Accredited,No,,Tier 3,http://www.sreenarayanagurukulam.ac.in,info@sreenarayanagurukulam.ac.in,admissions@sreenarayanagurukulam.ac.in,placement@sreenarayanagurukulam.ac.in,+91-80-142-5345,Mechanical Engineering,B.Tech,60,648,2017,Urban,Yes,Yes
1-44640980839,1-44640980839,U-0672,SREE NARAYANA GURUKULAM COLLEGE OF ENGINEERING,Active,Kerala,Ernakulam,Ernakulam,"KADAYIRIPPU, KOLENCHERY, ERNAKULAM DISTRICT, KERALA",682234,9.98884,76.29018,Private-Self Financing,"APJ Abdul Kalam Technological University, Kerala",Approved,Approved,Not Accredited,No,,Tier 3,http://www.sreenarayanagurukulam.ac.in,info@sreenarayanagurukulam.ac.in,admissions@sreenarayanagurukulam.ac.in,placement@sreenarayanagurukulam.ac.in,+91-80-142-5345,Civil Engineering,B.Tech,30,648,2017,Urban,Yes,Yes
1-44640980839,1-44640980839,U-0672,SREE NARAYANA GURUKULAM COLLEGE OF ENGINEERING,Active,Kerala,Ernakulam,Ernakulam,"KADAYIRIPPU, KOLENCHERY, ERNAKULAM DISTRICT, KERALA",682234,9.98884,76.29018,Private-Self Financing,"APJ Abdul Kalam Technological University, Kerala",Approved,Approved,Not Accredited,No,,Tier 3,http://www.sreenarayanagurukulam.ac.in,info@sreenarayanagurukulam.ac.in,admissions@sreenarayanagurukulam.ac.in,placement@sreenarayanagurukulam.ac.in,+91-80-142-5345,Information Technology (IT),M.Tech,6,648,2017,Urban,Yes,Yes
1-44640980839,1-44640980839,U-0672,SREE NARAYANA GURUKULAM COLLEGE OF ENGINEERING,Active,Kerala,Ernakulam,Ernakulam,"KADAYIRIPPU, KOLENCHERY, ERNAKULAM DISTRICT, KERALA",682234,9.98884,76.29018,Private-Self Financing,"APJ Abdul Kalam Technological University, Kerala",Approved,Approved,Not Accredited,No,,Tier 3,http://www.sreenarayanagurukulam.ac.in,info@sreenarayanagurukulam.ac.in,admissions@sreenarayanagurukulam.ac.in,placement@sreenarayanagurukulam.ac.in,+91-80-142-5345,Information Technology (IT),B.Tech,120,648,2017,Urban,Yes,Yes
1-44640980839,1-44640980839,U-0672,SREE NARAYANA GURUKULAM COLLEGE OF ENGINEERING,Active,Kerala,Ernakulam,Ernakulam,"KADAYIRIPPU, KOLENCHERY, ERNAKULAM DISTRICT, KERALA",682234,9.98884,76.29018,Private-Self Financing,"APJ Abdul Kalam Technological University, Kerala",Approved,Approved,Not Accredited,No,,Tier 3,http://www.sreenarayanagurukulam.ac.in,info@sreenarayanagurukulam.ac.in,admissions@sreenarayanagurukulam.ac.in,placement@sreenarayanagurukulam.ac.in,+91-80-142-5345,Other Engineering Branches,B.Tech,30,648,2017,Urban,Yes,Yes
1-44640980839,1-44640980839,U-0672,SREE NARAYANA GURUKULAM COLLEGE OF ENGINEERING,Active,Kerala,Ernakulam,Ernakulam,"KADAYIRIPPU, KOLENCHERY, ERNAKULAM DISTRICT, KERALA",682234,9.98884,76.29018,Private-Self Financing,"APJ Abdul Kalam Technological University, Kerala",Approved,Approved,Not Accredited,No,,Tier 3,http://www.sreenarayanagurukulam.ac.in,info@sreenarayanagurukulam.ac.in,admissions@sreenarayanagurukulam.ac.in,placement@sreenarayanagurukulam.ac.in,+91-80-142-5345,Artificial Intelligence & Machine Learning (AI & ML),B.Tech,60,648,2017,Urban,Yes,Yes
1-44640980839,1-44640980839,U-0672,SREE NARAYANA GURUKULAM COLLEGE OF ENGINEERING,Active,Kerala,Ernakulam,Ernakulam,"KADAYIRIPPU, KOLENCHERY, ERNAKULAM DISTRICT, KERALA",682234,9.98884,76.29018,Private-Self Financing,"APJ Abdul Kalam Technological University, Kerala",Approved,Approved,Not Accredited,No,,Tier 3,http://www.sreenarayanagurukulam.ac.in,info@sreenarayanagurukulam.ac.in,admissions@sreenarayanagurukulam.ac.in,placement@sreenarayanagurukulam.ac.in,+91-80-142-5345,Cyber Security,B.Tech,60,648,2017,Urban,Yes,Yes
1-44641153837,1-44641153837,U-0672,CHRIST COLLEGE OF ENGINEERING,Active,Kerala,Thrissur,Thrissur,"CHRIST COLLEGE OF ENGINEERING IRINJALAKUDA THRISSUR 680125 KERALA, INDIA",680125,10.511019,76.203455,Private-Self Financing,"APJ Abdul Kalam Technological University, Kerala",Approved,Approved,A,No,,Tier 3,http://www.christ.ac.in,info@christ.ac.in,admissions@christ.ac.in,placement@christ.ac.in,+91-80-143-3913,Mechanical Engineering,B.Tech,60,624,1986,Urban,Yes,Yes
1-44641153837,1-44641153837,U-0672,CHRIST COLLEGE OF ENGINEERING,Active,Kerala,Thrissur,Thrissur,"CHRIST COLLEGE OF ENGINEERING IRINJALAKUDA THRISSUR 680125 KERALA, INDIA",680125,10.511019,76.203455,Private-Self Financing,"APJ Abdul Kalam Technological University, Kerala",Approved,Approved,A,No,,Tier 3,http://www.christ.ac.in,info@christ.ac.in,admissions@christ.ac.in,placement@christ.ac.in,+91-80-143-3913,Civil Engineering,B.Tech,60,624,1986,Urban,Yes,Yes
1-44641153837,1-44641153837,U-0672,CHRIST COLLEGE OF ENGINEERING,Active,Kerala,Thrissur,Thrissur,"CHRIST COLLEGE OF ENGINEERING IRINJALAKUDA THRISSUR 680125 KERALA, INDIA",680125,10.511019,76.203455,Private-Self Financing,"APJ Abdul Kalam Technological University, Kerala",Approved,Approved,A,No,,Tier 3,http://www.christ.ac.in,info@christ.ac.in,admissions@christ.ac.in,placement@christ.ac.in,+91-80-143-3913,Electrical & Electronics Engineering (EEE),B.Tech,60,624,1986,Urban,Yes,Yes
1-44641153837,1-44641153837,U-0672,CHRIST COLLEGE OF ENGINEERING,Active,Kerala,Thrissur,Thrissur,"CHRIST COLLEGE OF ENGINEERING IRINJALAKUDA THRISSUR 680125 KERALA, INDIA",680125,10.511019,76.203455,Private-Self Financing,"APJ Abdul Kalam Technological University, Kerala",Approved,Approved,A,No,,Tier 3,http://www.christ.ac.in,info@christ.ac.in,admissions@christ.ac.in,placement@christ.ac.in,+91-80-143-3913,Computer Science Engineering (CSE),B.Tech,300,624,1986,Urban,Yes,Yes
1-44641153837,1-44641153837,U-0672,CHRIST COLLEGE OF ENGINEERING,Active,Kerala,Thrissur,Thrissur,"CHRIST COLLEGE OF ENGINEERING IRINJALAKUDA THRISSUR 680125 KERALA, INDIA",680125,10.511019,76.203455,Private-Self Financing,"APJ Abdul Kalam Technological University, Kerala",Approved,Approved,A,No,,Tier 3,http://www.christ.ac.in,info@christ.ac.in,admissions@christ.ac.in,placement@christ.ac.in,+91-80-143-3913,Electronics & Communication Engineering (ECE),B.Tech,60,624,1986,Urban,Yes,Yes
1-44641153837,1-44641153837,U-0672,CHRIST COLLEGE OF ENGINEERING,Active,Kerala,Thrissur,Thrissur,"CHRIST COLLEGE OF ENGINEERING IRINJALAKUDA THRISSUR 680125 KERALA, INDIA",680125,10.511019,76.203455,Private-Self Financing,"APJ Abdul Kalam Technological University, Kerala",Approved,Approved,A,No,,Tier 3,http://www.christ.ac.in,info@christ.ac.in,admissions@christ.ac.in,placement@christ.ac.in,+91-80-143-3913,Data Science,B.Tech,60,624,1986,Urban,Yes,Yes
1-44641153837,1-44641153837,U-0672,CHRIST COLLEGE OF ENGINEERING,Active,Kerala,Thrissur,Thrissur,"CHRIST COLLEGE OF ENGINEERING IRINJALAKUDA THRISSUR 680125 KERALA, INDIA",680125,10.511019,76.203455,Private-Self Financing,"APJ Abdul Kalam Technological University, Kerala",Approved,Approved,A,No,,Tier 3,http://www.christ.ac.in,info@christ.ac.in,admissions@christ.ac.in,placement@christ.ac.in,+91-80-143-3913,Other Engineering Branches,M.Tech,12,624,1986,Urban,Yes,Yes
1-44641153837,1-44641153837,U-0672,CHRIST COLLEGE OF ENGINEERING,Active,Kerala,Thrissur,Thrissur,"CHRIST COLLEGE OF ENGINEERING IRINJALAKUDA THRISSUR 680125 KERALA, INDIA",680125,10.511019,76.203455,Private-Self Financing,"APJ Abdul Kalam Technological University, Kerala",Approved,Approved,A,No,,Tier 3,http://www.christ.ac.in,info@christ.ac.in,admissions@christ.ac.in,placement@christ.ac.in,+91-80-143-3913,Computer Science Engineering (CSE),M.Tech,12,624,1986,Urban,Yes,Yes
1-44640855223,1-44640855223,U-0672,COLLEGE OF ENGINEERING TRIVANDRUM,Active,Kerala,Thiruvananthapuram,Thiruvananthapuram,"COLLEGE OF ENGINEERING, TRIVANDRUM,    THIRUVANANTHAPURAM KERALA-695016",695016,8.50918,76.940377,Government,"APJ Abdul Kalam Technological University, Kerala",Approved,Approved,A+,Yes,,Tier 2,http://www.trivandrum.ac.in,info@trivandrum.ac.in,admissions@trivandrum.ac.in,placement@trivandrum.ac.in,+91-80-213-0840,Civil Engineering,B.Tech,120,1266,1984,Urban,No,Yes
1-44640855223,1-44640855223,U-0672,COLLEGE OF ENGINEERING TRIVANDRUM,Active,Kerala,Thiruvananthapuram,Thiruvananthapuram,"COLLEGE OF ENGINEERING, TRIVANDRUM,    THIRUVANANTHAPURAM KERALA-695016",695016,8.50918,76.940377,Government,"APJ Abdul Kalam Technological University, Kerala",Approved,Approved,A+,Yes,,Tier 2,http://www.trivandrum.ac.in,info@trivandrum.ac.in,admissions@trivandrum.ac.in,placement@trivandrum.ac.in,+91-80-213-0840,Other Engineering Branches,M.Tech,396,1266,1984,Urban,No,Yes
1-44640855223,1-44640855223,U-0672,COLLEGE OF ENGINEERING TRIVANDRUM,Active,Kerala,Thiruvananthapuram,Thiruvananthapuram,"COLLEGE OF ENGINEERING, TRIVANDRUM,    THIRUVANANTHAPURAM KERALA-695016",695016,8.50918,76.940377,Government,"APJ Abdul Kalam Technological University, Kerala",Approved,Approved,A+,Yes,,Tier 2,http://www.trivandrum.ac.in,info@trivandrum.ac.in,admissions@trivandrum.ac.in,placement@trivandrum.ac.in,+91-80-213-0840,Computer Science Engineering (CSE),M.Tech,18,1266,1984,Urban,No,Yes
1-44640855223,1-44640855223,U-0672,COLLEGE OF ENGINEERING TRIVANDRUM,Active,Kerala,Thiruvananthapuram,Thiruvananthapuram,"COLLEGE OF ENGINEERING, TRIVANDRUM,    THIRUVANANTHAPURAM KERALA-695016",695016,8.50918,76.940377,Government,"APJ Abdul Kalam Technological University, Kerala",Approved,Approved,A+,Yes,,Tier 2,http://www.trivandrum.ac.in,info@trivandrum.ac.in,admissions@trivandrum.ac.in,placement@trivandrum.ac.in,+91-80-213-0840,Electrical & Electronics Engineering (EEE),B.Tech,120,1266,1984,Urban,No,Yes
1-44640855223,1-44640855223,U-0672,COLLEGE OF ENGINEERING TRIVANDRUM,Active,Kerala,Thiruvananthapuram,Thiruvananthapuram,"COLLEGE OF ENGINEERING, TRIVANDRUM,    THIRUVANANTHAPURAM KERALA-695016",695016,8.50918,76.940377,Government,"APJ Abdul Kalam Technological University, Kerala",Approved,Approved,A+,Yes,,Tier 2,http://www.trivandrum.ac.in,info@trivandrum.ac.in,admissions@trivandrum.ac.in,placement@trivandrum.ac.in,+91-80-213-0840,Mechanical Engineering,B.Tech,120,1266,1984,Urban,No,Yes
1-44640855223,1-44640855223,U-0672,COLLEGE OF ENGINEERING TRIVANDRUM,Active,Kerala,Thiruvananthapuram,Thiruvananthapuram,"COLLEGE OF ENGINEERING, TRIVANDRUM,    THIRUVANANTHAPURAM KERALA-695016",695016,8.50918,76.940377,Government,"APJ Abdul Kalam Technological University, Kerala",Approved,Approved,A+,Yes,,Tier 2,http://www.trivandrum.ac.in,info@trivandrum.ac.in,admissions@trivandrum.ac.in,placement@trivandrum.ac.in,+91-80-213-0840,Other Engineering Branches,B.Tech,120,1266,1984,Urban,No,Yes
1-44640855223,1-44640855223,U-0672,COLLEGE OF ENGINEERING TRIVANDRUM,Active,Kerala,Thiruvananthapuram,Thiruvananthapuram,"COLLEGE OF ENGINEERING, TRIVANDRUM,    THIRUVANANTHAPURAM KERALA-695016",695016,8.50918,76.940377,Government,"APJ Abdul Kalam Technological University, Kerala",Approved,Approved,A+,Yes,,Tier 2,http://www.trivandrum.ac.in,info@trivandrum.ac.in,admissions@trivandrum.ac.in,placement@trivandrum.ac.in,+91-80-213-0840,Electrical Engineering,M.Tech,18,1266,1984,Urban,No,Yes
1-44640855223,1-44640855223,U-0672,COLLEGE OF ENGINEERING TRIVANDRUM,Active,Kerala,Thiruvananthapuram,Thiruvananthapuram,"COLLEGE OF ENGINEERING, TRIVANDRUM,    THIRUVANANTHAPURAM KERALA-695016",695016,8.50918,76.940377,Government,"APJ Abdul Kalam Technological University, Kerala",Approved,Approved,A+,Yes,,Tier 2,http://www.trivandrum.ac.in,info@trivandrum.ac.in,admissions@trivandrum.ac.in,placement@trivandrum.ac.in,+91-80-213-0840,Computer Science Engineering (CSE),B.Tech,180,1266,1984,Urban,No,Yes
1-44640855223,1-44640855223,U-0672,COLLEGE OF ENGINEERING TRIVANDRUM,Active,Kerala,Thiruvananthapuram,Thiruvananthapuram,"COLLEGE OF ENGINEERING, TRIVANDRUM,    THIRUVANANTHAPURAM KERALA-695016",695016,8.50918,76.940377,Government,"APJ Abdul Kalam Technological University, Kerala",Approved,Approved,A+,Yes,,Tier 2,http://www.trivandrum.ac.in,info@trivandrum.ac.in,admissions@trivandrum.ac.in,placement@trivandrum.ac.in,+91-80-213-0840,Electronics & Communication Engineering (ECE),B.Tech,120,1266,1984,Urban,No,Yes
1-44640855223,1-44640855223,U-0672,COLLEGE OF ENGINEERING TRIVANDRUM,Active,Kerala,Thiruvananthapuram,Thiruvananthapuram,"COLLEGE OF ENGINEERING, TRIVANDRUM,    THIRUVANANTHAPURAM KERALA-695016",695016,8.50918,76.940377,Government,"APJ Abdul Kalam Technological University, Kerala",Approved,Approved,A+,Yes,,Tier 2,http://www.trivandrum.ac.in,info@trivandrum.ac.in,admissions@trivandrum.ac.in,placement@trivandrum.ac.in,+91-80-213-0840,Information Technology (IT),M.Tech,18,1266,1984,Urban,No,Yes
1-44640855223,1-44640855223,U-0672,COLLEGE OF ENGINEERING TRIVANDRUM,Active,Kerala,Thiruvananthapuram,Thiruvananthapuram,"COLLEGE OF ENGINEERING, TRIVANDRUM,    THIRUVANANTHAPURAM KERALA-695016",695016,8.50918,76.940377,Government,"APJ Abdul Kalam Technological University, Kerala",Approved,Approved,A+,Yes,,Tier 2,http://www.trivandrum.ac.in,info@trivandrum.ac.in,admissions@trivandrum.ac.in,placement@trivandrum.ac.in,+91-80-213-0840,Robotics,M.Tech,36,1266,1984,Urban,No,Yes
1-44640985097,1-44640985097,U-0317,AKNM  GOVERNMENT  POLYTECHNIC  COLLEGE   THIRURANGADI,Active,Kerala,Malappuram,Malappuram,TIRURANGADI VELIMUKKU P.O CHELARI MALAPPURAM DT KERALA INDIA,682347,10.834306,76.266033,Government,"Board of Technical Examination, Kerala",Approved,Approved,B,No,,Tier 3,http://www.aknmthirurangadi.ac.in,info@aknmthirurangadi.ac.in,admissions@aknmthirurangadi.ac.in,placement@aknmthirurangadi.ac.in,+91-80-159-6511,Other Engineering Branches,Diploma,60,180,1982,Urban,Yes,Yes
1-44640985097,1-44640985097,U-0317,AKNM  GOVERNMENT  POLYTECHNIC  COLLEGE   THIRURANGADI,Active,Kerala,Malappuram,Malappuram,TIRURANGADI VELIMUKKU P.O CHELARI MALAPPURAM DT KERALA INDIA,682347,10.834306,76.266033,Government,"Board of Technical Examination, Kerala",Approved,Approved,B,No,,Tier 3,http://www.aknmthirurangadi.ac.in,info@aknmthirurangadi.ac.in,admissions@aknmthirurangadi.ac.in,placement@aknmthirurangadi.ac.in,+91-80-159-6511,Computer Science Engineering (CSE),Diploma,60,180,1982,Urban,Yes,Yes
1-44640985097,1-44640985097,U-0317,AKNM  GOVERNMENT  POLYTECHNIC  COLLEGE   THIRURANGADI,Active,Kerala,Malappuram,Malappuram,TIRURANGADI VELIMUKKU P.O CHELARI MALAPPURAM DT KERALA INDIA,682347,10.834306,76.266033,Government,"Board of Technical Examination, Kerala",Approved,Approved,B,No,,Tier 3,http://www.aknmthirurangadi.ac.in,info@aknmthirurangadi.ac.in,admissions@aknmthirurangadi.ac.in,placement@aknmthirurangadi.ac.in,+91-80-159-6511,Electronics & Communication Engineering (ECE),Diploma,60,180,1982,Urban,Yes,Yes
1-44641326203,1-44641326203,U-0672,"GOVERNMENT ENGINEERING COLLEGE, WAYANAD",Active,Kerala,Wayanad,Wayanad,"GOVERNMENT ENGINEERING COLLEGE WAYNAD, THALAPPUZHA P.O, MANATHAVADY,  WAYANAD DISTRICT, KERALA STATE. PIN-670644",670644,10.832876,76.259279,Government,"APJ Abdul Kalam Technological University, Kerala",Approved,Approved,A+,Yes,,Tier 2,http://www.wayanad.ac.in,info@wayanad.ac.in,admissions@wayanad.ac.in,placement@wayanad.ac.in,+91-80-099-6404,Computer Science Engineering (CSE),B.Tech,60,396,2008,Urban,Yes,Yes
1-44641326203,1-44641326203,U-0672,"GOVERNMENT ENGINEERING COLLEGE, WAYANAD",Active,Kerala,Wayanad,Wayanad,"GOVERNMENT ENGINEERING COLLEGE WAYNAD, THALAPPUZHA P.O, MANATHAVADY,  WAYANAD DISTRICT, KERALA STATE. PIN-670644",670644,10.832876,76.259279,Government,"APJ Abdul Kalam Technological University, Kerala",Approved,Approved,A+,Yes,,Tier 2,http://www.wayanad.ac.in,info@wayanad.ac.in,admissions@wayanad.ac.in,placement@wayanad.ac.in,+91-80-099-6404,Electronics & Communication Engineering (ECE),B.Tech,120,396,2008,Urban,Yes,Yes
1-44641326203,1-44641326203,U-0672,"GOVERNMENT ENGINEERING COLLEGE, WAYANAD",Active,Kerala,Wayanad,Wayanad,"GOVERNMENT ENGINEERING COLLEGE WAYNAD, THALAPPUZHA P.O, MANATHAVADY,  WAYANAD DISTRICT, KERALA STATE. PIN-670644",670644,10.832876,76.259279,Government,"APJ Abdul Kalam Technological University, Kerala",Approved,Approved,A+,Yes,,Tier 2,http://www.wayanad.ac.in,info@wayanad.ac.in,admissions@wayanad.ac.in,placement@wayanad.ac.in,+91-80-099-6404,Electrical & Electronics Engineering (EEE),B.Tech,60,396,2008,Urban,Yes,Yes
1-44641326203,1-44641326203,U-0672,"GOVERNMENT ENGINEERING COLLEGE, WAYANAD",Active,Kerala,Wayanad,Wayanad,"GOVERNMENT ENGINEERING COLLEGE WAYNAD, THALAPPUZHA P.O, MANATHAVADY,  WAYANAD DISTRICT, KERALA STATE. PIN-670644",670644,10.832876,76.259279,Government,"APJ Abdul Kalam Technological University, Kerala",Approved,Approved,A+,Yes,,Tier 2,http://www.wayanad.ac.in,info@wayanad.ac.in,admissions@wayanad.ac.in,placement@wayanad.ac.in,+91-80-099-6404,Other Engineering Branches,M.Tech,18,396,2008,Urban,Yes,Yes
1-44641326203,1-44641326203,U-0672,"GOVERNMENT ENGINEERING COLLEGE, WAYANAD",Active,Kerala,Wayanad,Wayanad,"GOVERNMENT ENGINEERING COLLEGE WAYNAD, THALAPPUZHA P.O, MANATHAVADY,  WAYANAD DISTRICT, KERALA STATE. PIN-670644",670644,10.832876,76.259279,Government,"APJ Abdul Kalam Technological University, Kerala",Approved,Approved,A+,Yes,,Tier 2,http://www.wayanad.ac.in,info@wayanad.ac.in,admissions@wayanad.ac.in,placement@wayanad.ac.in,+91-80-099-6404,Cyber Security,M.Tech,18,396,2008,Urban,Yes,Yes
1-44641326203,1-44641326203,U-0672,"GOVERNMENT ENGINEERING COLLEGE, WAYANAD",Active,Kerala,Wayanad,Wayanad,"GOVERNMENT ENGINEERING COLLEGE WAYNAD, THALAPPUZHA P.O, MANATHAVADY,  WAYANAD DISTRICT, KERALA STATE. PIN-670644",670644,10.832876,76.259279,Government,"APJ Abdul Kalam Technological University, Kerala",Approved,Approved,A+,Yes,,Tier 2,http://www.wayanad.ac.in,info@wayanad.ac.in,admissions@wayanad.ac.in,placement@wayanad.ac.in,+91-80-099-6404,Mechanical Engineering,B.Tech,60,396,2008,Urban,Yes,Yes
1-44641326203,1-44641326203,U-0672,"GOVERNMENT ENGINEERING COLLEGE, WAYANAD",Active,Kerala,Wayanad,Wayanad,"GOVERNMENT ENGINEERING COLLEGE WAYNAD, THALAPPUZHA P.O, MANATHAVADY,  WAYANAD DISTRICT, KERALA STATE. PIN-670644",670644,10.832876,76.259279,Government,"APJ Abdul Kalam Technological University, Kerala",Approved,Approved,A+,Yes,,Tier 2,http://www.wayanad.ac.in,info@wayanad.ac.in,admissions@wayanad.ac.in,placement@wayanad.ac.in,+91-80-099-6404,Civil Engineering,B.Tech,30,396,2008,Urban,Yes,Yes
1-44641326203,1-44641326203,U-0672,"GOVERNMENT ENGINEERING COLLEGE, WAYANAD",Active,Kerala,Wayanad,Wayanad,"GOVERNMENT ENGINEERING COLLEGE WAYNAD, THALAPPUZHA P.O, MANATHAVADY,  WAYANAD DISTRICT, KERALA STATE. PIN-670644",670644,10.832876,76.259279,Government,"APJ Abdul Kalam Technological University, Kerala",Approved,Approved,A+,Yes,,Tier 2,http://www.wayanad.ac.in,info@wayanad.ac.in,admissions@wayanad.ac.in,placement@wayanad.ac.in,+91-80-099-6404,Data Science,B.Tech,30,396,2008,Urban,Yes,Yes
1-44641365410,1-44641365410,U-0294,GOVT.POLYTECHNIC COLLEGE,Active,Kerala,Thiruvananthapuram,Thiruvananthapuram,MANCH P.O. NEDUMANGAD,682973,8.527784,76.944334,Government,Directorate of Technical Education,Approved,Approved,A,No,,Tier 2,http://www.govtpolytechnic.ac.in,info@govtpolytechnic.ac.in,admissions@govtpolytechnic.ac.in,placement@govtpolytechnic.ac.in,+91-80-993-4001,Computer Science Engineering (CSE),Diploma,50,150,1997,Urban,Yes,Yes
1-44641365410,1-44641365410,U-0294,GOVT.POLYTECHNIC COLLEGE,Active,Kerala,Thiruvananthapuram,Thiruvananthapuram,MANCH P.O. NEDUMANGAD,682973,8.527784,76.944334,Government,Directorate of Technical Education,Approved,Approved,A,No,,Tier 2,http://www.govtpolytechnic.ac.in,info@govtpolytechnic.ac.in,admissions@govtpolytechnic.ac.in,placement@govtpolytechnic.ac.in,+91-80-993-4001,Other Engineering Branches,Diploma,100,150,1997,Urban,Yes,Yes
1-44640989369,1-44640989369,U-0672,VIDYA ACADEMY OF SCIENCE & TECHNOLOGY,Active,Kerala,Thrissur,Thrissur,KURUMAL THALAKKOTTUKARA P O THRISSUR PIN CODE- 680501 KERALA,680501,10.529408,76.223896,Private-Self Financing,"APJ Abdul Kalam Technological University, Kerala",Approved,Approved,A+,Yes,,Tier 2,http://www.vidyaacademyscience.ac.in,info@vidyaacademyscience.ac.in,admissions@vidyaacademyscience.ac.in,placement@vidyaacademyscience.ac.in,+91-80-914-6812,Civil Engineering,B.Tech,60,558,2020,Rural,Yes,Yes
1-44640989369,1-44640989369,U-0672,VIDYA ACADEMY OF SCIENCE & TECHNOLOGY,Active,Kerala,Thrissur,Thrissur,KURUMAL THALAKKOTTUKARA P O THRISSUR PIN CODE- 680501 KERALA,680501,10.529408,76.223896,Private-Self Financing,"APJ Abdul Kalam Technological University, Kerala",Approved,Approved,A+,Yes,,Tier 2,http://www.vidyaacademyscience.ac.in,info@vidyaacademyscience.ac.in,admissions@vidyaacademyscience.ac.in,placement@vidyaacademyscience.ac.in,+91-80-914-6812,Computer Science Engineering (CSE),B.Tech,240,558,2020,Rural,Yes,Yes
1-44640989369,1-44640989369,U-0672,VIDYA ACADEMY OF SCIENCE & TECHNOLOGY,Active,Kerala,Thrissur,Thrissur,KURUMAL THALAKKOTTUKARA P O THRISSUR PIN CODE- 680501 KERALA,680501,10.529408,76.223896,Private-Self Financing,"APJ Abdul Kalam Technological University, Kerala",Approved,Approved,A+,Yes,,Tier 2,http://www.vidyaacademyscience.ac.in,info@vidyaacademyscience.ac.in,admissions@vidyaacademyscience.ac.in,placement@vidyaacademyscience.ac.in,+91-80-914-6812,Electrical & Electronics Engineering (EEE),B.Tech,60,558,2020,Rural,Yes,Yes
1-44640989369,1-44640989369,U-0672,VIDYA ACADEMY OF SCIENCE & TECHNOLOGY,Active,Kerala,Thrissur,Thrissur,KURUMAL THALAKKOTTUKARA P O THRISSUR PIN CODE- 680501 KERALA,680501,10.529408,76.223896,Private-Self Financing,"APJ Abdul Kalam Technological University, Kerala",Approved,Approved,A+,Yes,,Tier 2,http://www.vidyaacademyscience.ac.in,info@vidyaacademyscience.ac.in,admissions@vidyaacademyscience.ac.in,placement@vidyaacademyscience.ac.in,+91-80-914-6812,Electronics & Communication Engineering (ECE),B.Tech,60,558,2020,Rural,Yes,Yes
1-44640989369,1-44640989369,U-0672,VIDYA ACADEMY OF SCIENCE & TECHNOLOGY,Active,Kerala,Thrissur,Thrissur,KURUMAL THALAKKOTTUKARA P O THRISSUR PIN CODE- 680501 KERALA,680501,10.529408,76.223896,Private-Self Financing,"APJ Abdul Kalam Technological University, Kerala",Approved,Approved,A+,Yes,,Tier 2,http://www.vidyaacademyscience.ac.in,info@vidyaacademyscience.ac.in,admissions@vidyaacademyscience.ac.in,placement@vidyaacademyscience.ac.in,+91-80-914-6812,Mechanical Engineering,B.Tech,60,558,2020,Rural,Yes,Yes
1-44640989369,1-44640989369,U-0672,VIDYA ACADEMY OF SCIENCE & TECHNOLOGY,Active,Kerala,Thrissur,Thrissur,KURUMAL THALAKKOTTUKARA P O THRISSUR PIN CODE- 680501 KERALA,680501,10.529408,76.223896,Private-Self Financing,"APJ Abdul Kalam Technological University, Kerala",Approved,Approved,A+,Yes,,Tier 2,http://www.vidyaacademyscience.ac.in,info@vidyaacademyscience.ac.in,admissions@vidyaacademyscience.ac.in,placement@vidyaacademyscience.ac.in,+91-80-914-6812,Other Engineering Branches,M.Tech,18,558,2020,Rural,Yes,Yes
1-44640989369,1-44640989369,U-0672,VIDYA ACADEMY OF SCIENCE & TECHNOLOGY,Active,Kerala,Thrissur,Thrissur,KURUMAL THALAKKOTTUKARA P O THRISSUR PIN CODE- 680501 KERALA,680501,10.529408,76.223896,Private-Self Financing,"APJ Abdul Kalam Technological University, Kerala",Approved,Approved,A+,Yes,,Tier 2,http://www.vidyaacademyscience.ac.in,info@vidyaacademyscience.ac.in,admissions@vidyaacademyscience.ac.in,placement@vidyaacademyscience.ac.in,+91-80-914-6812,Artificial Intelligence & Machine Learning (AI & ML),B.Tech,60,558,2020,Rural,Yes,Yes
1-44641203282,1-44641203282,U-0359,INDIAN INSTITUTE OF HANDLOOM TECHNOLOGY - KANNUR,Active,Kerala,Kannur,Kannur,THOTTADA  KIZHUNNA PO KANNUR-07 KERALA,682328,10.866748,76.275554,Government,None,Approved,Approved,A+,Yes,,Tier 2,http://www.indianhandloomkannur.ac.in,info@indianhandloomkannur.ac.in,admissions@indianhandloomkannur.ac.in,placement@indianhandloomkannur.ac.in,+91-80-520-3228,Other Engineering Branches,Diploma,60,60,1993,Urban,Yes,Yes
1-44641365898,1-44641365898,U-0928,"DEPARTMENT OF POLYMER SCIENCE AND RUBBER TECHNOLOGY, COCHIN UNIVERSITY OF SCIENCE AND TECHNOLOGY",Active,Kerala,Ernakulam,Ernakulam,"COCHIN UNIVERSITY P.O., SOUTH  KALAMASSERY",682234,9.971637,76.295407,Government,"Cochin University of Science and Technology, Kochi",Approved,Approved,B,No,,Tier 3,http://www.departmentpolymerscience.ac.in,info@departmentpolymerscience.ac.in,admissions@departmentpolymerscience.ac.in,placement@departmentpolymerscience.ac.in,+91-80-420-9763,Other Engineering Branches,B.Tech,20,30,2018,Rural,Yes,No
1-44641365898,1-44641365898,U-0928,"DEPARTMENT OF POLYMER SCIENCE AND RUBBER TECHNOLOGY, COCHIN UNIVERSITY OF SCIENCE AND TECHNOLOGY",Active,Kerala,Ernakulam,Ernakulam,"COCHIN UNIVERSITY P.O., SOUTH  KALAMASSERY",682234,9.971637,76.295407,Government,"Cochin University of Science and Technology, Kochi",Approved,Approved,B,No,,Tier 3,http://www.departmentpolymerscience.ac.in,info@departmentpolymerscience.ac.in,admissions@departmentpolymerscience.ac.in,placement@departmentpolymerscience.ac.in,+91-80-420-9763,Other Engineering Branches,M.Tech,10,30,2018,Rural,Yes,No
1-44641246408,1-44641246408,U-0317,"GOVT. POLYTECHNIC COLLEGE, CHERTHALA",Active,Kerala,Alappuzha,Alappuzha,MARUTHORVATTOM P.O,682427,9.489337,76.331188,Government,"Board of Technical Examination, Kerala",Approved,Approved,B,No,,Tier 3,http://www.govtcherthala.ac.in,info@govtcherthala.ac.in,admissions@govtcherthala.ac.in,placement@govtcherthala.ac.in,+91-80-471-3039,Other Engineering Branches,Diploma,120,300,2012,Urban,Yes,No
1-44641246408,1-44641246408,U-0317,"GOVT. POLYTECHNIC COLLEGE, CHERTHALA",Active,Kerala,Alappuzha,Alappuzha,MARUTHORVATTOM P.O,682427,9.489337,76.331188,Government,"Board of Technical Examination, Kerala",Approved,Approved,B,No,,Tier 3,http://www.govtcherthala.ac.in,info@govtcherthala.ac.in,admissions@govtcherthala.ac.in,placement@govtcherthala.ac.in,+91-80-471-3039,Electronics & Communication Engineering (ECE),Diploma,60,300,2012,Urban,Yes,No
1-44641246408,1-44641246408,U-0317,"GOVT. POLYTECHNIC COLLEGE, CHERTHALA",Active,Kerala,Alappuzha,Alappuzha,MARUTHORVATTOM P.O,682427,9.489337,76.331188,Government,"Board of Technical Examination, Kerala",Approved,Approved,B,No,,Tier 3,http://www.govtcherthala.ac.in,info@govtcherthala.ac.in,admissions@govtcherthala.ac.in,placement@govtcherthala.ac.in,+91-80-471-3039,Mechanical Engineering,Diploma,60,300,2012,Urban,Yes,No
1-44641246408,1-44641246408,U-0317,"GOVT. POLYTECHNIC COLLEGE, CHERTHALA",Active,Kerala,Alappuzha,Alappuzha,MARUTHORVATTOM P.O,682427,9.489337,76.331188,Government,"Board of Technical Examination, Kerala",Approved,Approved,B,No,,Tier 3,http://www.govtcherthala.ac.in,info@govtcherthala.ac.in,admissions@govtcherthala.ac.in,placement@govtcherthala.ac.in,+91-80-471-3039,Computer Science Engineering (CSE),Diploma,60,300,2012,Urban,Yes,No
1-44641410176,1-44641410176,U-0672,ALBERTIAN INSTITUTE OF SCIENCE AND TECHNOLOGY (AISAT)- TECHNICAL CAMPUS,Active,Kerala,Ernakulam,Ernakulam,"ARCHBISHOP ANGEL MARY NAGAR, COCHIN UNIVERSITY P. O., KALAMASSERY -  KOCHI-682022, KERALA.",682022,9.972132,76.315633,Private-Self Financing,"APJ Abdul Kalam Technological University, Kerala",Approved,Approved,B,Yes,,Tier 3,http://www.albertianscienceaisat.ac.in,info@albertianscienceaisat.ac.in,admissions@albertianscienceaisat.ac.in,placement@albertianscienceaisat.ac.in,+91-80-441-7508,Mechanical Engineering,M.Tech,18,678,1983,Urban,No,Yes
1-44641410176,1-44641410176,U-0672,ALBERTIAN INSTITUTE OF SCIENCE AND TECHNOLOGY (AISAT)- TECHNICAL CAMPUS,Active,Kerala,Ernakulam,Ernakulam,"ARCHBISHOP ANGEL MARY NAGAR, COCHIN UNIVERSITY P. O., KALAMASSERY -  KOCHI-682022, KERALA.",682022,9.972132,76.315633,Private-Self Financing,"APJ Abdul Kalam Technological University, Kerala",Approved,Approved,B,Yes,,Tier 3,http://www.albertianscienceaisat.ac.in,info@albertianscienceaisat.ac.in,admissions@albertianscienceaisat.ac.in,placement@albertianscienceaisat.ac.in,+91-80-441-7508,Mechanical Engineering,B.Tech,60,678,1983,Urban,No,Yes
1-44641410176,1-44641410176,U-0672,ALBERTIAN INSTITUTE OF SCIENCE AND TECHNOLOGY (AISAT)- TECHNICAL CAMPUS,Active,Kerala,Ernakulam,Ernakulam,"ARCHBISHOP ANGEL MARY NAGAR, COCHIN UNIVERSITY P. O., KALAMASSERY -  KOCHI-682022, KERALA.",682022,9.972132,76.315633,Private-Self Financing,"APJ Abdul Kalam Technological University, Kerala",Approved,Approved,B,Yes,,Tier 3,http://www.albertianscienceaisat.ac.in,info@albertianscienceaisat.ac.in,admissions@albertianscienceaisat.ac.in,placement@albertianscienceaisat.ac.in,+91-80-441-7508,Computer Science Engineering (CSE),B.Tech,120,678,1983,Urban,No,Yes
1-44641410176,1-44641410176,U-0672,ALBERTIAN INSTITUTE OF SCIENCE AND TECHNOLOGY (AISAT)- TECHNICAL CAMPUS,Active,Kerala,Ernakulam,Ernakulam,"ARCHBISHOP ANGEL MARY NAGAR, COCHIN UNIVERSITY P. O., KALAMASSERY -  KOCHI-682022, KERALA.",682022,9.972132,76.315633,Private-Self Financing,"APJ Abdul Kalam Technological University, Kerala",Approved,Approved,B,Yes,,Tier 3,http://www.albertianscienceaisat.ac.in,info@albertianscienceaisat.ac.in,admissions@albertianscienceaisat.ac.in,placement@albertianscienceaisat.ac.in,+91-80-441-7508,Electronics & Communication Engineering (ECE),B.Tech,60,678,1983,Urban,No,Yes
1-44641410176,1-44641410176,U-0672,ALBERTIAN INSTITUTE OF SCIENCE AND TECHNOLOGY (AISAT)- TECHNICAL CAMPUS,Active,Kerala,Ernakulam,Ernakulam,"ARCHBISHOP ANGEL MARY NAGAR, COCHIN UNIVERSITY P. O., KALAMASSERY -  KOCHI-682022, KERALA.",682022,9.972132,76.315633,Private-Self Financing,"APJ Abdul Kalam Technological University, Kerala",Approved,Approved,B,Yes,,Tier 3,http://www.albertianscienceaisat.ac.in,info@albertianscienceaisat.ac.in,admissions@albertianscienceaisat.ac.in,placement@albertianscienceaisat.ac.in,+91-80-441-7508,Civil Engineering,B.Tech,60,678,1983,Urban,No,Yes
1-44641410176,1-44641410176,U-0672,ALBERTIAN INSTITUTE OF SCIENCE AND TECHNOLOGY (AISAT)- TECHNICAL CAMPUS,Active,Kerala,Ernakulam,Ernakulam,"ARCHBISHOP ANGEL MARY NAGAR, COCHIN UNIVERSITY P. O., KALAMASSERY -  KOCHI-682022, KERALA.",682022,9.972132,76.315633,Private-Self Financing,"APJ Abdul Kalam Technological University, Kerala",Approved,Approved,B,Yes,,Tier 3,http://www.albertianscienceaisat.ac.in,info@albertianscienceaisat.ac.in,admissions@albertianscienceaisat.ac.in,placement@albertianscienceaisat.ac.in,+91-80-441-7508,Electrical & Electronics Engineering (EEE),B.Tech,60,678,1983,Urban,No,Yes
1-44641410176,1-44641410176,U-0672,ALBERTIAN INSTITUTE OF SCIENCE AND TECHNOLOGY (AISAT)- TECHNICAL CAMPUS,Active,Kerala,Ernakulam,Ernakulam,"ARCHBISHOP ANGEL MARY NAGAR, COCHIN UNIVERSITY P. O., KALAMASSERY -  KOCHI-682022, KERALA.",682022,9.972132,76.315633,Private-Self Financing,"APJ Abdul Kalam Technological University, Kerala",Approved,Approved,B,Yes,,Tier 3,http://www.albertianscienceaisat.ac.in,info@albertianscienceaisat.ac.in,admissions@albertianscienceaisat.ac.in,placement@albertianscienceaisat.ac.in,+91-80-441-7508,Artificial Intelligence & Machine Learning (AI & ML),Diploma,60,678,1983,Urban,No,Yes
1-44641410176,1-44641410176,U-0672,ALBERTIAN INSTITUTE OF SCIENCE AND TECHNOLOGY (AISAT)- TECHNICAL CAMPUS,Active,Kerala,Ernakulam,Ernakulam,"ARCHBISHOP ANGEL MARY NAGAR, COCHIN UNIVERSITY P. O., KALAMASSERY -  KOCHI-682022, KERALA.",682022,9.972132,76.315633,Private-Self Financing,"APJ Abdul Kalam Technological University, Kerala",Approved,Approved,B,Yes,,Tier 3,http://www.albertianscienceaisat.ac.in,info@albertianscienceaisat.ac.in,admissions@albertianscienceaisat.ac.in,placement@albertianscienceaisat.ac.in,+91-80-441-7508,Other Engineering Branches,Diploma,60,678,1983,Urban,No,Yes
1-44641410176,1-44641410176,U-0672,ALBERTIAN INSTITUTE OF SCIENCE AND TECHNOLOGY (AISAT)- TECHNICAL CAMPUS,Active,Kerala,Ernakulam,Ernakulam,"ARCHBISHOP ANGEL MARY NAGAR, COCHIN UNIVERSITY P. O., KALAMASSERY -  KOCHI-682022, KERALA.",682022,9.972132,76.315633,Private-Self Financing,"APJ Abdul Kalam Technological University, Kerala",Approved,Approved,B,Yes,,Tier 3,http://www.albertianscienceaisat.ac.in,info@albertianscienceaisat.ac.in,admissions@albertianscienceaisat.ac.in,placement@albertianscienceaisat.ac.in,+91-80-441-7508,Computer Science Engineering (CSE),Diploma,120,678,1983,Urban,No,Yes
1-44641410176,1-44641410176,U-0672,ALBERTIAN INSTITUTE OF SCIENCE AND TECHNOLOGY (AISAT)- TECHNICAL CAMPUS,Active,Kerala,Ernakulam,Ernakulam,"ARCHBISHOP ANGEL MARY NAGAR, COCHIN UNIVERSITY P. O., KALAMASSERY -  KOCHI-682022, KERALA.",682022,9.972132,76.315633,Private-Self Financing,"APJ Abdul Kalam Technological University, Kerala",Approved,Approved,B,Yes,,Tier 3,http://www.albertianscienceaisat.ac.in,info@albertianscienceaisat.ac.in,admissions@albertianscienceaisat.ac.in,placement@albertianscienceaisat.ac.in,+91-80-441-7508,Artificial Intelligence & Machine Learning (AI & ML),B.Tech,60,678,1983,Urban,No,Yes
1-44641207194,1-44641207194,U-0317,"E K NAYANAR MEMORIAL GOVERNMENT POLYTECHNIC COLLEGE, THRIKKARIPPUR",Active,Kerala,Kasaragod,Kasaragod,TRIKARIPUR UDINUR PO KASARAGOD,682236,10.860569,76.272165,Government,"Board of Technical Examination, Kerala",Approved,Approved,B++,Yes,,Tier 3,http://www.eknayanar.ac.in,info@eknayanar.ac.in,admissions@eknayanar.ac.in,placement@eknayanar.ac.in,+91-80-261-1974,Computer Science Engineering (CSE),Diploma,60,220,2006,Rural,No,Yes
1-44641207194,1-44641207194,U-0317,"E K NAYANAR MEMORIAL GOVERNMENT POLYTECHNIC COLLEGE, THRIKKARIPPUR",Active,Kerala,Kasaragod,Kasaragod,TRIKARIPUR UDINUR PO KASARAGOD,682236,10.860569,76.272165,Government,"Board of Technical Examination, Kerala",Approved,Approved,B++,Yes,,Tier 3,http://www.eknayanar.ac.in,info@eknayanar.ac.in,admissions@eknayanar.ac.in,placement@eknayanar.ac.in,+91-80-261-1974,Other Engineering Branches,Diploma,160,220,2006,Rural,No,Yes
1-44641208158,1-44641208158,U-0317,MODEL POLYTECHNIC COLLEGE PAINAVU,Active,Kerala,Idukki,Idukki,PAINAVU P O  KUYILIMALA IDUKKI,682695,10.845594,76.274789,Government,"Board of Technical Examination, Kerala",Approved,Approved,B,No,,Tier 3,http://www.modelpainavu.ac.in,info@modelpainavu.ac.in,admissions@modelpainavu.ac.in,placement@modelpainavu.ac.in,+91-80-633-1031,Other Engineering Branches,Diploma,120,300,2020,Urban,Yes,Yes
1-44641208158,1-44641208158,U-0317,MODEL POLYTECHNIC COLLEGE PAINAVU,Active,Kerala,Idukki,Idukki,PAINAVU P O  KUYILIMALA IDUKKI,682695,10.845594,76.274789,Government,"Board of Technical Examination, Kerala",Approved,Approved,B,No,,Tier 3,http://www.modelpainavu.ac.in,info@modelpainavu.ac.in,admissions@modelpainavu.ac.in,placement@modelpainavu.ac.in,+91-80-633-1031,Electronics & Communication Engineering (ECE),Diploma,60,300,2020,Urban,Yes,Yes
1-44641208158,1-44641208158,U-0317,MODEL POLYTECHNIC COLLEGE PAINAVU,Active,Kerala,Idukki,Idukki,PAINAVU P O  KUYILIMALA IDUKKI,682695,10.845594,76.274789,Government,"Board of Technical Examination, Kerala",Approved,Approved,B,No,,Tier 3,http://www.modelpainavu.ac.in,info@modelpainavu.ac.in,admissions@modelpainavu.ac.in,placement@modelpainavu.ac.in,+91-80-633-1031,Mechanical Engineering,Diploma,60,300,2020,Urban,Yes,Yes
1-44641208158,1-44641208158,U-0317,MODEL POLYTECHNIC COLLEGE PAINAVU,Active,Kerala,Idukki,Idukki,PAINAVU P O  KUYILIMALA IDUKKI,682695,10.845594,76.274789,Government,"Board of Technical Examination, Kerala",Approved,Approved,B,No,,Tier 3,http://www.modelpainavu.ac.in,info@modelpainavu.ac.in,admissions@modelpainavu.ac.in,placement@modelpainavu.ac.in,+91-80-633-1031,Information Technology (IT),Diploma,60,300,2020,Urban,Yes,Yes
1-44641332266,1-44641332266,U-0317,GOVERNMENT POLYTECHNIC COLLEGE,Active,Kerala,Thrissur,Thrissur,KORATTY P O,682330,10.517925,76.221892,Government,"Board of Technical Examination, Kerala",Approved,Approved,B,No,,Tier 3,http://www.inst6916.ac.in,info@inst6916.ac.in,admissions@inst6916.ac.in,placement@inst6916.ac.in,+91-80-433-0671,Other Engineering Branches,Diploma,180,180,2005,Urban,Yes,Yes
1-44641550237,1-44641550237,U-0317,ST. MARY'S POLYTECHNIC COLLEGE,Active,Kerala,Palakkad,Palakkad,"VALLIYODE, MUDAPPALLUR P.O",682263,10.777882,76.636276,Private-Self Financing,"Board of Technical Examination, Kerala",Approved,Approved,B++,No,,Tier 3,http://www.stmarys.ac.in,info@stmarys.ac.in,admissions@stmarys.ac.in,placement@stmarys.ac.in,+91-80-469-0186,Civil Engineering,Diploma,30,360,2007,Urban,Yes,No
1-44641550237,1-44641550237,U-0317,ST. MARY'S POLYTECHNIC COLLEGE,Active,Kerala,Palakkad,Palakkad,"VALLIYODE, MUDAPPALLUR P.O",682263,10.777882,76.636276,Private-Self Financing,"Board of Technical Examination, Kerala",Approved,Approved,B++,No,,Tier 3,http://www.stmarys.ac.in,info@stmarys.ac.in,admissions@stmarys.ac.in,placement@stmarys.ac.in,+91-80-469-0186,Mechanical Engineering,Diploma,120,360,2007,Urban,Yes,No
1-44641550237,1-44641550237,U-0317,ST. MARY'S POLYTECHNIC COLLEGE,Active,Kerala,Palakkad,Palakkad,"VALLIYODE, MUDAPPALLUR P.O",682263,10.777882,76.636276,Private-Self Financing,"Board of Technical Examination, Kerala",Approved,Approved,B++,No,,Tier 3,http://www.stmarys.ac.in,info@stmarys.ac.in,admissions@stmarys.ac.in,placement@stmarys.ac.in,+91-80-469-0186,Electrical & Electronics Engineering (EEE),Diploma,60,360,2007,Urban,Yes,No
1-44641550237,1-44641550237,U-0317,ST. MARY'S POLYTECHNIC COLLEGE,Active,Kerala,Palakkad,Palakkad,"VALLIYODE, MUDAPPALLUR P.O",682263,10.777882,76.636276,Private-Self Financing,"Board of Technical Examination, Kerala",Approved,Approved,B++,No,,Tier 3,http://www.stmarys.ac.in,info@stmarys.ac.in,admissions@stmarys.ac.in,placement@stmarys.ac.in,+91-80-469-0186,Automobile Engineering,Diploma,60,360,2007,Urban,Yes,No
1-44641550237,1-44641550237,U-0317,ST. MARY'S POLYTECHNIC COLLEGE,Active,Kerala,Palakkad,Palakkad,"VALLIYODE, MUDAPPALLUR P.O",682263,10.777882,76.636276,Private-Self Financing,"Board of Technical Examination, Kerala",Approved,Approved,B++,No,,Tier 3,http://www.stmarys.ac.in,info@stmarys.ac.in,admissions@stmarys.ac.in,placement@stmarys.ac.in,+91-80-469-0186,Computer Science Engineering (CSE),Diploma,60,360,2007,Urban,Yes,No
1-44641550237,1-44641550237,U-0317,ST. MARY'S POLYTECHNIC COLLEGE,Active,Kerala,Palakkad,Palakkad,"VALLIYODE, MUDAPPALLUR P.O",682263,10.777882,76.636276,Private-Self Financing,"Board of Technical Examination, Kerala",Approved,Approved,B++,No,,Tier 3,http://www.stmarys.ac.in,info@stmarys.ac.in,admissions@stmarys.ac.in,placement@stmarys.ac.in,+91-80-469-0186,Other Engineering Branches,Diploma,30,360,2007,Urban,Yes,No
1-44641551346,1-44641551346,U-0672,TOMS COLLEGE OF ENGINEERING,Active,Kerala,Kottayam,Kottayam,"MATTAKARA P.O., KOTTAYAM, KERALA, PIN - 686564",686564,9.598115,76.516306,Private-Self Financing,"APJ Abdul Kalam Technological University, Kerala",Approved,Approved,B++,No,,Tier 3,http://www.toms.ac.in,info@toms.ac.in,admissions@toms.ac.in,placement@toms.ac.in,+91-80-112-1242,Civil Engineering,B.Tech,30,780,1986,Urban,Yes,No
1-44641551346,1-44641551346,U-0672,TOMS COLLEGE OF ENGINEERING,Active,Kerala,Kottayam,Kottayam,"MATTAKARA P.O., KOTTAYAM, KERALA, PIN - 686564",686564,9.598115,76.516306,Private-Self Financing,"APJ Abdul Kalam Technological University, Kerala",Approved,Approved,B++,No,,Tier 3,http://www.toms.ac.in,info@toms.ac.in,admissions@toms.ac.in,placement@toms.ac.in,+91-80-112-1242,Chemical Engineering,B.Tech,60,780,1986,Urban,Yes,No
1-44641551346,1-44641551346,U-0672,TOMS COLLEGE OF ENGINEERING,Active,Kerala,Kottayam,Kottayam,"MATTAKARA P.O., KOTTAYAM, KERALA, PIN - 686564",686564,9.598115,76.516306,Private-Self Financing,"APJ Abdul Kalam Technological University, Kerala",Approved,Approved,B++,No,,Tier 3,http://www.toms.ac.in,info@toms.ac.in,admissions@toms.ac.in,placement@toms.ac.in,+91-80-112-1242,Computer Science Engineering (CSE),B.Tech,60,780,1986,Urban,Yes,No
1-44641551346,1-44641551346,U-0672,TOMS COLLEGE OF ENGINEERING,Active,Kerala,Kottayam,Kottayam,"MATTAKARA P.O., KOTTAYAM, KERALA, PIN - 686564",686564,9.598115,76.516306,Private-Self Financing,"APJ Abdul Kalam Technological University, Kerala",Approved,Approved,B++,No,,Tier 3,http://www.toms.ac.in,info@toms.ac.in,admissions@toms.ac.in,placement@toms.ac.in,+91-80-112-1242,Mechanical Engineering,B.Tech,30,780,1986,Urban,Yes,No
1-44641551346,1-44641551346,U-0672,TOMS COLLEGE OF ENGINEERING,Active,Kerala,Kottayam,Kottayam,"MATTAKARA P.O., KOTTAYAM, KERALA, PIN - 686564",686564,9.598115,76.516306,Private-Self Financing,"APJ Abdul Kalam Technological University, Kerala",Approved,Approved,B++,No,,Tier 3,http://www.toms.ac.in,info@toms.ac.in,admissions@toms.ac.in,placement@toms.ac.in,+91-80-112-1242,Aeronautical Engineering,B.Tech,60,780,1986,Urban,Yes,No
1-44641551346,1-44641551346,U-0672,TOMS COLLEGE OF ENGINEERING,Active,Kerala,Kottayam,Kottayam,"MATTAKARA P.O., KOTTAYAM, KERALA, PIN - 686564",686564,9.598115,76.516306,Private-Self Financing,"APJ Abdul Kalam Technological University, Kerala",Approved,Approved,B++,No,,Tier 3,http://www.toms.ac.in,info@toms.ac.in,admissions@toms.ac.in,placement@toms.ac.in,+91-80-112-1242,Civil Engineering,Diploma,60,780,1986,Urban,Yes,No
1-44641551346,1-44641551346,U-0672,TOMS COLLEGE OF ENGINEERING,Active,Kerala,Kottayam,Kottayam,"MATTAKARA P.O., KOTTAYAM, KERALA, PIN - 686564",686564,9.598115,76.516306,Private-Self Financing,"APJ Abdul Kalam Technological University, Kerala",Approved,Approved,B++,No,,Tier 3,http://www.toms.ac.in,info@toms.ac.in,admissions@toms.ac.in,placement@toms.ac.in,+91-80-112-1242,Chemical Engineering,Diploma,60,780,1986,Urban,Yes,No
1-44641551346,1-44641551346,U-0672,TOMS COLLEGE OF ENGINEERING,Active,Kerala,Kottayam,Kottayam,"MATTAKARA P.O., KOTTAYAM, KERALA, PIN - 686564",686564,9.598115,76.516306,Private-Self Financing,"APJ Abdul Kalam Technological University, Kerala",Approved,Approved,B++,No,,Tier 3,http://www.toms.ac.in,info@toms.ac.in,admissions@toms.ac.in,placement@toms.ac.in,+91-80-112-1242,Mechanical Engineering,Diploma,60,780,1986,Urban,Yes,No
1-44641551346,1-44641551346,U-0672,TOMS COLLEGE OF ENGINEERING,Active,Kerala,Kottayam,Kottayam,"MATTAKARA P.O., KOTTAYAM, KERALA, PIN - 686564",686564,9.598115,76.516306,Private-Self Financing,"APJ Abdul Kalam Technological University, Kerala",Approved,Approved,B++,No,,Tier 3,http://www.toms.ac.in,info@toms.ac.in,admissions@toms.ac.in,placement@toms.ac.in,+91-80-112-1242,Automobile Engineering,Diploma,60,780,1986,Urban,Yes,No
1-44641551346,1-44641551346,U-0672,TOMS COLLEGE OF ENGINEERING,Active,Kerala,Kottayam,Kottayam,"MATTAKARA P.O., KOTTAYAM, KERALA, PIN - 686564",686564,9.598115,76.516306,Private-Self Financing,"APJ Abdul Kalam Technological University, Kerala",Approved,Approved,B++,No,,Tier 3,http://www.toms.ac.in,info@toms.ac.in,admissions@toms.ac.in,placement@toms.ac.in,+91-80-112-1242,Electrical & Electronics Engineering (EEE),Diploma,60,780,1986,Urban,Yes,No
1-44641551346,1-44641551346,U-0672,TOMS COLLEGE OF ENGINEERING,Active,Kerala,Kottayam,Kottayam,"MATTAKARA P.O., KOTTAYAM, KERALA, PIN - 686564",686564,9.598115,76.516306,Private-Self Financing,"APJ Abdul Kalam Technological University, Kerala",Approved,Approved,B++,No,,Tier 3,http://www.toms.ac.in,info@toms.ac.in,admissions@toms.ac.in,placement@toms.ac.in,+91-80-112-1242,Information Technology (IT),Diploma,60,780,1986,Urban,Yes,No
1-44641551346,1-44641551346,U-0672,TOMS COLLEGE OF ENGINEERING,Active,Kerala,Kottayam,Kottayam,"MATTAKARA P.O., KOTTAYAM, KERALA, PIN - 686564",686564,9.598115,76.516306,Private-Self Financing,"APJ Abdul Kalam Technological University, Kerala",Approved,Approved,B++,No,,Tier 3,http://www.toms.ac.in,info@toms.ac.in,admissions@toms.ac.in,placement@toms.ac.in,+91-80-112-1242,Data Science,B.Tech,60,780,1986,Urban,Yes,No
1-44641551346,1-44641551346,U-0672,TOMS COLLEGE OF ENGINEERING,Active,Kerala,Kottayam,Kottayam,"MATTAKARA P.O., KOTTAYAM, KERALA, PIN - 686564",686564,9.598115,76.516306,Private-Self Financing,"APJ Abdul Kalam Technological University, Kerala",Approved,Approved,B++,No,,Tier 3,http://www.toms.ac.in,info@toms.ac.in,admissions@toms.ac.in,placement@toms.ac.in,+91-80-112-1242,Electrical & Electronics Engineering (EEE),B.Tech,30,780,1986,Urban,Yes,No
1-44641551346,1-44641551346,U-0672,TOMS COLLEGE OF ENGINEERING,Active,Kerala,Kottayam,Kottayam,"MATTAKARA P.O., KOTTAYAM, KERALA, PIN - 686564",686564,9.598115,76.516306,Private-Self Financing,"APJ Abdul Kalam Technological University, Kerala",Approved,Approved,B++,No,,Tier 3,http://www.toms.ac.in,info@toms.ac.in,admissions@toms.ac.in,placement@toms.ac.in,+91-80-112-1242,Electronics & Communication Engineering (ECE),B.Tech,30,780,1986,Urban,Yes,No
1-44641551346,1-44641551346,U-0672,TOMS COLLEGE OF ENGINEERING,Active,Kerala,Kottayam,Kottayam,"MATTAKARA P.O., KOTTAYAM, KERALA, PIN - 686564",686564,9.598115,76.516306,Private-Self Financing,"APJ Abdul Kalam Technological University, Kerala",Approved,Approved,B++,No,,Tier 3,http://www.toms.ac.in,info@toms.ac.in,admissions@toms.ac.in,placement@toms.ac.in,+91-80-112-1242,Computer Science Engineering (CSE),Diploma,60,780,1986,Urban,Yes,No
1-44641742078,1-44641742078,U-0672,TKM COLLEGE OF ENGINEERING,Active,Kerala,Kollam,Kollam,TKM COLLEGE OF ENGINEERING KARICODE KILIKOLLOOR KOLLAM- 691005 KERALA,691005,8.893465,76.601596,Govt aided,"APJ Abdul Kalam Technological University, Kerala",Approved,Approved,A,No,,Tier 3,http://www.tkm.ac.in,info@tkm.ac.in,admissions@tkm.ac.in,placement@tkm.ac.in,+91-80-849-9759,Mechanical Engineering,B.Tech,180,1008,1991,Urban,Yes,Yes
1-44641742078,1-44641742078,U-0672,TKM COLLEGE OF ENGINEERING,Active,Kerala,Kollam,Kollam,TKM COLLEGE OF ENGINEERING KARICODE KILIKOLLOOR KOLLAM- 691005 KERALA,691005,8.893465,76.601596,Govt aided,"APJ Abdul Kalam Technological University, Kerala",Approved,Approved,A,No,,Tier 3,http://www.tkm.ac.in,info@tkm.ac.in,admissions@tkm.ac.in,placement@tkm.ac.in,+91-80-849-9759,Civil Engineering,B.Tech,120,1008,1991,Urban,Yes,Yes
1-44641742078,1-44641742078,U-0672,TKM COLLEGE OF ENGINEERING,Active,Kerala,Kollam,Kollam,TKM COLLEGE OF ENGINEERING KARICODE KILIKOLLOOR KOLLAM- 691005 KERALA,691005,8.893465,76.601596,Govt aided,"APJ Abdul Kalam Technological University, Kerala",Approved,Approved,A,No,,Tier 3,http://www.tkm.ac.in,info@tkm.ac.in,admissions@tkm.ac.in,placement@tkm.ac.in,+91-80-849-9759,Electrical & Electronics Engineering (EEE),B.Tech,120,1008,1991,Urban,Yes,Yes
1-44641742078,1-44641742078,U-0672,TKM COLLEGE OF ENGINEERING,Active,Kerala,Kollam,Kollam,TKM COLLEGE OF ENGINEERING KARICODE KILIKOLLOOR KOLLAM- 691005 KERALA,691005,8.893465,76.601596,Govt aided,"APJ Abdul Kalam Technological University, Kerala",Approved,Approved,A,No,,Tier 3,http://www.tkm.ac.in,info@tkm.ac.in,admissions@tkm.ac.in,placement@tkm.ac.in,+91-80-849-9759,Electronics & Communication Engineering (ECE),B.Tech,120,1008,1991,Urban,Yes,Yes
1-44641742078,1-44641742078,U-0672,TKM COLLEGE OF ENGINEERING,Active,Kerala,Kollam,Kollam,TKM COLLEGE OF ENGINEERING KARICODE KILIKOLLOOR KOLLAM- 691005 KERALA,691005,8.893465,76.601596,Govt aided,"APJ Abdul Kalam Technological University, Kerala",Approved,Approved,A,No,,Tier 3,http://www.tkm.ac.in,info@tkm.ac.in,admissions@tkm.ac.in,placement@tkm.ac.in,+91-80-849-9759,Chemical Engineering,B.Tech,60,1008,1991,Urban,Yes,Yes
1-44641742078,1-44641742078,U-0672,TKM COLLEGE OF ENGINEERING,Active,Kerala,Kollam,Kollam,TKM COLLEGE OF ENGINEERING KARICODE KILIKOLLOOR KOLLAM- 691005 KERALA,691005,8.893465,76.601596,Govt aided,"APJ Abdul Kalam Technological University, Kerala",Approved,Approved,A,No,,Tier 3,http://www.tkm.ac.in,info@tkm.ac.in,admissions@tkm.ac.in,placement@tkm.ac.in,+91-80-849-9759,Computer Science Engineering (CSE),B.Tech,240,1008,1991,Urban,Yes,Yes
1-44641742078,1-44641742078,U-0672,TKM COLLEGE OF ENGINEERING,Active,Kerala,Kollam,Kollam,TKM COLLEGE OF ENGINEERING KARICODE KILIKOLLOOR KOLLAM- 691005 KERALA,691005,8.893465,76.601596,Govt aided,"APJ Abdul Kalam Technological University, Kerala",Approved,Approved,A,No,,Tier 3,http://www.tkm.ac.in,info@tkm.ac.in,admissions@tkm.ac.in,placement@tkm.ac.in,+91-80-849-9759,Other Engineering Branches,M.Tech,150,1008,1991,Urban,Yes,Yes
1-44641742078,1-44641742078,U-0672,TKM COLLEGE OF ENGINEERING,Active,Kerala,Kollam,Kollam,TKM COLLEGE OF ENGINEERING KARICODE KILIKOLLOOR KOLLAM- 691005 KERALA,691005,8.893465,76.601596,Govt aided,"APJ Abdul Kalam Technological University, Kerala",Approved,Approved,A,No,,Tier 3,http://www.tkm.ac.in,info@tkm.ac.in,admissions@tkm.ac.in,placement@tkm.ac.in,+91-80-849-9759,Computer Science Engineering (CSE),M.Tech,18,1008,1991,Urban,Yes,Yes
1-44642069122,1-44642069122,U-0672,MOUNT ZION COLLEGE OF ENGINEERING,Active,Kerala,Pathanamthitta,Pathanamthitta,"KADAMMANITTA, NARANGANAM,  KOZHANCHERRY,  PATHANAMTHITTA",682000,10.832826,76.254901,Private-Self Financing,"APJ Abdul Kalam Technological University, Kerala",Approved,Approved,A+,Yes,,Tier 2,http://www.mountzion.ac.in,info@mountzion.ac.in,admissions@mountzion.ac.in,placement@mountzion.ac.in,+91-80-097-5640,Civil Engineering,B.Tech,30,189,2003,Rural,Yes,Yes
1-44642069122,1-44642069122,U-0672,MOUNT ZION COLLEGE OF ENGINEERING,Active,Kerala,Pathanamthitta,Pathanamthitta,"KADAMMANITTA, NARANGANAM,  KOZHANCHERRY,  PATHANAMTHITTA",682000,10.832826,76.254901,Private-Self Financing,"APJ Abdul Kalam Technological University, Kerala",Approved,Approved,A+,Yes,,Tier 2,http://www.mountzion.ac.in,info@mountzion.ac.in,admissions@mountzion.ac.in,placement@mountzion.ac.in,+91-80-097-5640,Mechanical Engineering,B.Tech,30,189,2003,Rural,Yes,Yes
1-44642069122,1-44642069122,U-0672,MOUNT ZION COLLEGE OF ENGINEERING,Active,Kerala,Pathanamthitta,Pathanamthitta,"KADAMMANITTA, NARANGANAM,  KOZHANCHERRY,  PATHANAMTHITTA",682000,10.832826,76.254901,Private-Self Financing,"APJ Abdul Kalam Technological University, Kerala",Approved,Approved,A+,Yes,,Tier 2,http://www.mountzion.ac.in,info@mountzion.ac.in,admissions@mountzion.ac.in,placement@mountzion.ac.in,+91-80-097-5640,Computer Science Engineering (CSE),B.Tech,60,189,2003,Rural,Yes,Yes
1-44642069122,1-44642069122,U-0672,MOUNT ZION COLLEGE OF ENGINEERING,Active,Kerala,Pathanamthitta,Pathanamthitta,"KADAMMANITTA, NARANGANAM,  KOZHANCHERRY,  PATHANAMTHITTA",682000,10.832826,76.254901,Private-Self Financing,"APJ Abdul Kalam Technological University, Kerala",Approved,Approved,A+,Yes,,Tier 2,http://www.mountzion.ac.in,info@mountzion.ac.in,admissions@mountzion.ac.in,placement@mountzion.ac.in,+91-80-097-5640,Electronics & Communication Engineering (ECE),B.Tech,15,189,2003,Rural,Yes,Yes
1-44642069122,1-44642069122,U-0672,MOUNT ZION COLLEGE OF ENGINEERING,Active,Kerala,Pathanamthitta,Pathanamthitta,"KADAMMANITTA, NARANGANAM,  KOZHANCHERRY,  PATHANAMTHITTA",682000,10.832826,76.254901,Private-Self Financing,"APJ Abdul Kalam Technological University, Kerala",Approved,Approved,A+,Yes,,Tier 2,http://www.mountzion.ac.in,info@mountzion.ac.in,admissions@mountzion.ac.in,placement@mountzion.ac.in,+91-80-097-5640,Aeronautical Engineering,B.Tech,30,189,2003,Rural,Yes,Yes
1-44642069122,1-44642069122,U-0672,MOUNT ZION COLLEGE OF ENGINEERING,Active,Kerala,Pathanamthitta,Pathanamthitta,"KADAMMANITTA, NARANGANAM,  KOZHANCHERRY,  PATHANAMTHITTA",682000,10.832826,76.254901,Private-Self Financing,"APJ Abdul Kalam Technological University, Kerala",Approved,Approved,A+,Yes,,Tier 2,http://www.mountzion.ac.in,info@mountzion.ac.in,admissions@mountzion.ac.in,placement@mountzion.ac.in,+91-80-097-5640,Computer Science Engineering (CSE),M.Tech,12,189,2003,Rural,Yes,Yes
1-44642069122,1-44642069122,U-0672,MOUNT ZION COLLEGE OF ENGINEERING,Active,Kerala,Pathanamthitta,Pathanamthitta,"KADAMMANITTA, NARANGANAM,  KOZHANCHERRY,  PATHANAMTHITTA",682000,10.832826,76.254901,Private-Self Financing,"APJ Abdul Kalam Technological University, Kerala",Approved,Approved,A+,Yes,,Tier 2,http://www.mountzion.ac.in,info@mountzion.ac.in,admissions@mountzion.ac.in,placement@mountzion.ac.in,+91-80-097-5640,Other Engineering Branches,M.Tech,12,189,2003,Rural,Yes,Yes
1-44642226319,1-44642226319,U-0672,KMEA ENGINEERING COLLEGE,Active,Kerala,Ernakulam,Ernakulam,KUZHIVELIPADY EDATHALA.P.O ALUVA ERNAKULAM (DIST) KERALA.683561,683561,9.96649,76.300386,Private-Self Financing,"APJ Abdul Kalam Technological University, Kerala",Approved,Approved,A,No,,Tier 3,http://www.kmea.ac.in,info@kmea.ac.in,admissions@kmea.ac.in,placement@kmea.ac.in,+91-80-205-0947,Civil Engineering,B.Tech,60,540,2007,Urban,Yes,No
1-44642226319,1-44642226319,U-0672,KMEA ENGINEERING COLLEGE,Active,Kerala,Ernakulam,Ernakulam,KUZHIVELIPADY EDATHALA.P.O ALUVA ERNAKULAM (DIST) KERALA.683561,683561,9.96649,76.300386,Private-Self Financing,"APJ Abdul Kalam Technological University, Kerala",Approved,Approved,A,No,,Tier 3,http://www.kmea.ac.in,info@kmea.ac.in,admissions@kmea.ac.in,placement@kmea.ac.in,+91-80-205-0947,Computer Science Engineering (CSE),B.Tech,180,540,2007,Urban,Yes,No
1-44642226319,1-44642226319,U-0672,KMEA ENGINEERING COLLEGE,Active,Kerala,Ernakulam,Ernakulam,KUZHIVELIPADY EDATHALA.P.O ALUVA ERNAKULAM (DIST) KERALA.683561,683561,9.96649,76.300386,Private-Self Financing,"APJ Abdul Kalam Technological University, Kerala",Approved,Approved,A,No,,Tier 3,http://www.kmea.ac.in,info@kmea.ac.in,admissions@kmea.ac.in,placement@kmea.ac.in,+91-80-205-0947,Electronics & Communication Engineering (ECE),B.Tech,60,540,2007,Urban,Yes,No
1-44642226319,1-44642226319,U-0672,KMEA ENGINEERING COLLEGE,Active,Kerala,Ernakulam,Ernakulam,KUZHIVELIPADY EDATHALA.P.O ALUVA ERNAKULAM (DIST) KERALA.683561,683561,9.96649,76.300386,Private-Self Financing,"APJ Abdul Kalam Technological University, Kerala",Approved,Approved,A,No,,Tier 3,http://www.kmea.ac.in,info@kmea.ac.in,admissions@kmea.ac.in,placement@kmea.ac.in,+91-80-205-0947,Mechanical Engineering,B.Tech,60,540,2007,Urban,Yes,No
1-44642226319,1-44642226319,U-0672,KMEA ENGINEERING COLLEGE,Active,Kerala,Ernakulam,Ernakulam,KUZHIVELIPADY EDATHALA.P.O ALUVA ERNAKULAM (DIST) KERALA.683561,683561,9.96649,76.300386,Private-Self Financing,"APJ Abdul Kalam Technological University, Kerala",Approved,Approved,A,No,,Tier 3,http://www.kmea.ac.in,info@kmea.ac.in,admissions@kmea.ac.in,placement@kmea.ac.in,+91-80-205-0947,Other Engineering Branches,M.Tech,48,540,2007,Urban,Yes,No
1-44642226319,1-44642226319,U-0672,KMEA ENGINEERING COLLEGE,Active,Kerala,Ernakulam,Ernakulam,KUZHIVELIPADY EDATHALA.P.O ALUVA ERNAKULAM (DIST) KERALA.683561,683561,9.96649,76.300386,Private-Self Financing,"APJ Abdul Kalam Technological University, Kerala",Approved,Approved,A,No,,Tier 3,http://www.kmea.ac.in,info@kmea.ac.in,admissions@kmea.ac.in,placement@kmea.ac.in,+91-80-205-0947,Electrical & Electronics Engineering (EEE),B.Tech,30,540,2007,Urban,Yes,No
1-44642226319,1-44642226319,U-0672,KMEA ENGINEERING COLLEGE,Active,Kerala,Ernakulam,Ernakulam,KUZHIVELIPADY EDATHALA.P.O ALUVA ERNAKULAM (DIST) KERALA.683561,683561,9.96649,76.300386,Private-Self Financing,"APJ Abdul Kalam Technological University, Kerala",Approved,Approved,A,No,,Tier 3,http://www.kmea.ac.in,info@kmea.ac.in,admissions@kmea.ac.in,placement@kmea.ac.in,+91-80-205-0947,Computer Science Engineering (CSE),M.Tech,12,540,2007,Urban,Yes,No
1-44642226319,1-44642226319,U-0672,KMEA ENGINEERING COLLEGE,Active,Kerala,Ernakulam,Ernakulam,KUZHIVELIPADY EDATHALA.P.O ALUVA ERNAKULAM (DIST) KERALA.683561,683561,9.96649,76.300386,Private-Self Financing,"APJ Abdul Kalam Technological University, Kerala",Approved,Approved,A,No,,Tier 3,http://www.kmea.ac.in,info@kmea.ac.in,admissions@kmea.ac.in,placement@kmea.ac.in,+91-80-205-0947,Robotics,B.Tech,30,540,2007,Urban,Yes,No
1-44642226319,1-44642226319,U-0672,KMEA ENGINEERING COLLEGE,Active,Kerala,Ernakulam,Ernakulam,KUZHIVELIPADY EDATHALA.P.O ALUVA ERNAKULAM (DIST) KERALA.683561,683561,9.96649,76.300386,Private-Self Financing,"APJ Abdul Kalam Technological University, Kerala",Approved,Approved,A,No,,Tier 3,http://www.kmea.ac.in,info@kmea.ac.in,admissions@kmea.ac.in,placement@kmea.ac.in,+91-80-205-0947,Other Engineering Branches,B.Tech,30,540,2007,Urban,Yes,No
1-44642226319,1-44642226319,U-0672,KMEA ENGINEERING COLLEGE,Active,Kerala,Ernakulam,Ernakulam,KUZHIVELIPADY EDATHALA.P.O ALUVA ERNAKULAM (DIST) KERALA.683561,683561,9.96649,76.300386,Private-Self Financing,"APJ Abdul Kalam Technological University, Kerala",Approved,Approved,A,No,,Tier 3,http://www.kmea.ac.in,info@kmea.ac.in,admissions@kmea.ac.in,placement@kmea.ac.in,+91-80-205-0947,Data Science,B.Tech,30,540,2007,Urban,Yes,No
1-44641750115,1-44641750115,U-0672,RAJAGIRI SCHOOL OF ENGINEERING & TECHNOLOGY,Active,Kerala,Ernakulam,Ernakulam,RAJAGIRI VALLEY P.O KAKKANAD KOCHI-682039 KERALA STATE,682039,9.981136,76.291943,Private-Self Financing,"APJ Abdul Kalam Technological University, Kerala",Approved,Approved,B+,No,,Tier 3,http://www.rajagirischool.ac.in,info@rajagirischool.ac.in,admissions@rajagirischool.ac.in,placement@rajagirischool.ac.in,+91-80-819-3869,Other Engineering Branches,B.Tech,60,972,2002,Rural,Yes,No
1-44641750115,1-44641750115,U-0672,RAJAGIRI SCHOOL OF ENGINEERING & TECHNOLOGY,Active,Kerala,Ernakulam,Ernakulam,RAJAGIRI VALLEY P.O KAKKANAD KOCHI-682039 KERALA STATE,682039,9.981136,76.291943,Private-Self Financing,"APJ Abdul Kalam Technological University, Kerala",Approved,Approved,B+,No,,Tier 3,http://www.rajagirischool.ac.in,info@rajagirischool.ac.in,admissions@rajagirischool.ac.in,placement@rajagirischool.ac.in,+91-80-819-3869,Computer Science Engineering (CSE),B.Tech,300,972,2002,Rural,Yes,No
1-44641750115,1-44641750115,U-0672,RAJAGIRI SCHOOL OF ENGINEERING & TECHNOLOGY,Active,Kerala,Ernakulam,Ernakulam,RAJAGIRI VALLEY P.O KAKKANAD KOCHI-682039 KERALA STATE,682039,9.981136,76.291943,Private-Self Financing,"APJ Abdul Kalam Technological University, Kerala",Approved,Approved,B+,No,,Tier 3,http://www.rajagirischool.ac.in,info@rajagirischool.ac.in,admissions@rajagirischool.ac.in,placement@rajagirischool.ac.in,+91-80-819-3869,Electrical & Electronics Engineering (EEE),B.Tech,60,972,2002,Rural,Yes,No
1-44641750115,1-44641750115,U-0672,RAJAGIRI SCHOOL OF ENGINEERING & TECHNOLOGY,Active,Kerala,Ernakulam,Ernakulam,RAJAGIRI VALLEY P.O KAKKANAD KOCHI-682039 KERALA STATE,682039,9.981136,76.291943,Private-Self Financing,"APJ Abdul Kalam Technological University, Kerala",Approved,Approved,B+,No,,Tier 3,http://www.rajagirischool.ac.in,info@rajagirischool.ac.in,admissions@rajagirischool.ac.in,placement@rajagirischool.ac.in,+91-80-819-3869,Electronics & Communication Engineering (ECE),B.Tech,180,972,2002,Rural,Yes,No
1-44641750115,1-44641750115,U-0672,RAJAGIRI SCHOOL OF ENGINEERING & TECHNOLOGY,Active,Kerala,Ernakulam,Ernakulam,RAJAGIRI VALLEY P.O KAKKANAD KOCHI-682039 KERALA STATE,682039,9.981136,76.291943,Private-Self Financing,"APJ Abdul Kalam Technological University, Kerala",Approved,Approved,B+,No,,Tier 3,http://www.rajagirischool.ac.in,info@rajagirischool.ac.in,admissions@rajagirischool.ac.in,placement@rajagirischool.ac.in,+91-80-819-3869,Information Technology (IT),B.Tech,60,972,2002,Rural,Yes,No
1-44641750115,1-44641750115,U-0672,RAJAGIRI SCHOOL OF ENGINEERING & TECHNOLOGY,Active,Kerala,Ernakulam,Ernakulam,RAJAGIRI VALLEY P.O KAKKANAD KOCHI-682039 KERALA STATE,682039,9.981136,76.291943,Private-Self Financing,"APJ Abdul Kalam Technological University, Kerala",Approved,Approved,B+,No,,Tier 3,http://www.rajagirischool.ac.in,info@rajagirischool.ac.in,admissions@rajagirischool.ac.in,placement@rajagirischool.ac.in,+91-80-819-3869,Computer Science Engineering (CSE),M.Tech,30,972,2002,Rural,Yes,No
1-44641750115,1-44641750115,U-0672,RAJAGIRI SCHOOL OF ENGINEERING & TECHNOLOGY,Active,Kerala,Ernakulam,Ernakulam,RAJAGIRI VALLEY P.O KAKKANAD KOCHI-682039 KERALA STATE,682039,9.981136,76.291943,Private-Self Financing,"APJ Abdul Kalam Technological University, Kerala",Approved,Approved,B+,No,,Tier 3,http://www.rajagirischool.ac.in,info@rajagirischool.ac.in,admissions@rajagirischool.ac.in,placement@rajagirischool.ac.in,+91-80-819-3869,Other Engineering Branches,M.Tech,18,972,2002,Rural,Yes,No
1-44641750115,1-44641750115,U-0672,RAJAGIRI SCHOOL OF ENGINEERING & TECHNOLOGY,Active,Kerala,Ernakulam,Ernakulam,RAJAGIRI VALLEY P.O KAKKANAD KOCHI-682039 KERALA STATE,682039,9.981136,76.291943,Private-Self Financing,"APJ Abdul Kalam Technological University, Kerala",Approved,Approved,B+,No,,Tier 3,http://www.rajagirischool.ac.in,info@rajagirischool.ac.in,admissions@rajagirischool.ac.in,placement@rajagirischool.ac.in,+91-80-819-3869,Mechanical Engineering,B.Tech,120,972,2002,Rural,Yes,No
1-44641750115,1-44641750115,U-0672,RAJAGIRI SCHOOL OF ENGINEERING & TECHNOLOGY,Active,Kerala,Ernakulam,Ernakulam,RAJAGIRI VALLEY P.O KAKKANAD KOCHI-682039 KERALA STATE,682039,9.981136,76.291943,Private-Self Financing,"APJ Abdul Kalam Technological University, Kerala",Approved,Approved,B+,No,,Tier 3,http://www.rajagirischool.ac.in,info@rajagirischool.ac.in,admissions@rajagirischool.ac.in,placement@rajagirischool.ac.in,+91-80-819-3869,Civil Engineering,B.Tech,60,972,2002,Rural,Yes,No
1-44641750115,1-44641750115,U-0672,RAJAGIRI SCHOOL OF ENGINEERING & TECHNOLOGY,Active,Kerala,Ernakulam,Ernakulam,RAJAGIRI VALLEY P.O KAKKANAD KOCHI-682039 KERALA STATE,682039,9.981136,76.291943,Private-Self Financing,"APJ Abdul Kalam Technological University, Kerala",Approved,Approved,B+,No,,Tier 3,http://www.rajagirischool.ac.in,info@rajagirischool.ac.in,admissions@rajagirischool.ac.in,placement@rajagirischool.ac.in,+91-80-819-3869,Data Science,B.Tech,60,972,2002,Rural,Yes,No
1-44641750115,1-44641750115,U-0672,RAJAGIRI SCHOOL OF ENGINEERING & TECHNOLOGY,Active,Kerala,Ernakulam,Ernakulam,RAJAGIRI VALLEY P.O KAKKANAD KOCHI-682039 KERALA STATE,682039,9.981136,76.291943,Private-Self Financing,"APJ Abdul Kalam Technological University, Kerala",Approved,Approved,B+,No,,Tier 3,http://www.rajagirischool.ac.in,info@rajagirischool.ac.in,admissions@rajagirischool.ac.in,placement@rajagirischool.ac.in,+91-80-819-3869,Data Science,M.Tech,12,972,2002,Rural,Yes,No
1-44641750115,1-44641750115,U-0672,RAJAGIRI SCHOOL OF ENGINEERING & TECHNOLOGY,Active,Kerala,Ernakulam,Ernakulam,RAJAGIRI VALLEY P.O KAKKANAD KOCHI-682039 KERALA STATE,682039,9.981136,76.291943,Private-Self Financing,"APJ Abdul Kalam Technological University, Kerala",Approved,Approved,B+,No,,Tier 3,http://www.rajagirischool.ac.in,info@rajagirischool.ac.in,admissions@rajagirischool.ac.in,placement@rajagirischool.ac.in,+91-80-819-3869,Artificial Intelligence & Machine Learning (AI & ML),M.Tech,12,972,2002,Rural,Yes,No
1-44641751471,1-44641751471,U-0672,MAHAGURU INSTITUTE OF TECHNOLOGY,Active,Kerala,Alappuzha,Alappuzha,KATTACHIRA PALLICKAL PO MAVELIKARA,682427,9.483734,76.323084,Private-Self Financing,"APJ Abdul Kalam Technological University, Kerala",Approved,Approved,B+,No,,Tier 3,http://www.mahaguru.ac.in,info@mahaguru.ac.in,admissions@mahaguru.ac.in,placement@mahaguru.ac.in,+91-80-236-3163,Other Engineering Branches,M.Tech,36,366,1997,Rural,Yes,Yes
1-44641751471,1-44641751471,U-0672,MAHAGURU INSTITUTE OF TECHNOLOGY,Active,Kerala,Alappuzha,Alappuzha,KATTACHIRA PALLICKAL PO MAVELIKARA,682427,9.483734,76.323084,Private-Self Financing,"APJ Abdul Kalam Technological University, Kerala",Approved,Approved,B+,No,,Tier 3,http://www.mahaguru.ac.in,info@mahaguru.ac.in,admissions@mahaguru.ac.in,placement@mahaguru.ac.in,+91-80-236-3163,Mechanical Engineering,B.Tech,30,366,1997,Rural,Yes,Yes
1-44641751471,1-44641751471,U-0672,MAHAGURU INSTITUTE OF TECHNOLOGY,Active,Kerala,Alappuzha,Alappuzha,KATTACHIRA PALLICKAL PO MAVELIKARA,682427,9.483734,76.323084,Private-Self Financing,"APJ Abdul Kalam Technological University, Kerala",Approved,Approved,B+,No,,Tier 3,http://www.mahaguru.ac.in,info@mahaguru.ac.in,admissions@mahaguru.ac.in,placement@mahaguru.ac.in,+91-80-236-3163,Computer Science Engineering (CSE),B.Tech,120,366,1997,Rural,Yes,Yes
1-44641751471,1-44641751471,U-0672,MAHAGURU INSTITUTE OF TECHNOLOGY,Active,Kerala,Alappuzha,Alappuzha,KATTACHIRA PALLICKAL PO MAVELIKARA,682427,9.483734,76.323084,Private-Self Financing,"APJ Abdul Kalam Technological University, Kerala",Approved,Approved,B+,No,,Tier 3,http://www.mahaguru.ac.in,info@mahaguru.ac.in,admissions@mahaguru.ac.in,placement@mahaguru.ac.in,+91-80-236-3163,Electronics & Communication Engineering (ECE),B.Tech,30,366,1997,Rural,Yes,Yes
1-44641751471,1-44641751471,U-0672,MAHAGURU INSTITUTE OF TECHNOLOGY,Active,Kerala,Alappuzha,Alappuzha,KATTACHIRA PALLICKAL PO MAVELIKARA,682427,9.483734,76.323084,Private-Self Financing,"APJ Abdul Kalam Technological University, Kerala",Approved,Approved,B+,No,,Tier 3,http://www.mahaguru.ac.in,info@mahaguru.ac.in,admissions@mahaguru.ac.in,placement@mahaguru.ac.in,+91-80-236-3163,Electrical & Electronics Engineering (EEE),B.Tech,30,366,1997,Rural,Yes,Yes
1-44641751471,1-44641751471,U-0672,MAHAGURU INSTITUTE OF TECHNOLOGY,Active,Kerala,Alappuzha,Alappuzha,KATTACHIRA PALLICKAL PO MAVELIKARA,682427,9.483734,76.323084,Private-Self Financing,"APJ Abdul Kalam Technological University, Kerala",Approved,Approved,B+,No,,Tier 3,http://www.mahaguru.ac.in,info@mahaguru.ac.in,admissions@mahaguru.ac.in,placement@mahaguru.ac.in,+91-80-236-3163,Civil Engineering,B.Tech,30,366,1997,Rural,Yes,Yes
1-44641751471,1-44641751471,U-0672,MAHAGURU INSTITUTE OF TECHNOLOGY,Active,Kerala,Alappuzha,Alappuzha,KATTACHIRA PALLICKAL PO MAVELIKARA,682427,9.483734,76.323084,Private-Self Financing,"APJ Abdul Kalam Technological University, Kerala",Approved,Approved,B+,No,,Tier 3,http://www.mahaguru.ac.in,info@mahaguru.ac.in,admissions@mahaguru.ac.in,placement@mahaguru.ac.in,+91-80-236-3163,Artificial Intelligence & Machine Learning (AI & ML),B.Tech,60,366,1997,Rural,Yes,Yes
1-44641751471,1-44641751471,U-0672,MAHAGURU INSTITUTE OF TECHNOLOGY,Active,Kerala,Alappuzha,Alappuzha,KATTACHIRA PALLICKAL PO MAVELIKARA,682427,9.483734,76.323084,Private-Self Financing,"APJ Abdul Kalam Technological University, Kerala",Approved,Approved,B+,No,,Tier 3,http://www.mahaguru.ac.in,info@mahaguru.ac.in,admissions@mahaguru.ac.in,placement@mahaguru.ac.in,+91-80-236-3163,Data Science,B.Tech,30,366,1997,Rural,Yes,Yes
1-44641906623,1-44641906623,U-0672,NEHRU COLLEGE OF ENGINEERING AND RESEARCH CENTRE,Active,Kerala,Thrissur,Thrissur,"PAMPADY,THIRUVILWAMALA,THRISSUR,KERALA",682330,10.512269,76.223601,Private-Self Financing,"APJ Abdul Kalam Technological University, Kerala",Approved,Approved,B++,No,,Tier 3,http://www.nehruresearchcentre.ac.in,info@nehruresearchcentre.ac.in,admissions@nehruresearchcentre.ac.in,placement@nehruresearchcentre.ac.in,+91-80-195-8586,Computer Science Engineering (CSE),B.Tech,180,474,1985,Urban,Yes,Yes
1-44641906623,1-44641906623,U-0672,NEHRU COLLEGE OF ENGINEERING AND RESEARCH CENTRE,Active,Kerala,Thrissur,Thrissur,"PAMPADY,THIRUVILWAMALA,THRISSUR,KERALA",682330,10.512269,76.223601,Private-Self Financing,"APJ Abdul Kalam Technological University, Kerala",Approved,Approved,B++,No,,Tier 3,http://www.nehruresearchcentre.ac.in,info@nehruresearchcentre.ac.in,admissions@nehruresearchcentre.ac.in,placement@nehruresearchcentre.ac.in,+91-80-195-8586,Mechanical Engineering,B.Tech,120,474,1985,Urban,Yes,Yes
1-44641906623,1-44641906623,U-0672,NEHRU COLLEGE OF ENGINEERING AND RESEARCH CENTRE,Active,Kerala,Thrissur,Thrissur,"PAMPADY,THIRUVILWAMALA,THRISSUR,KERALA",682330,10.512269,76.223601,Private-Self Financing,"APJ Abdul Kalam Technological University, Kerala",Approved,Approved,B++,No,,Tier 3,http://www.nehruresearchcentre.ac.in,info@nehruresearchcentre.ac.in,admissions@nehruresearchcentre.ac.in,placement@nehruresearchcentre.ac.in,+91-80-195-8586,Electronics & Communication Engineering (ECE),B.Tech,60,474,1985,Urban,Yes,Yes
1-44641906623,1-44641906623,U-0672,NEHRU COLLEGE OF ENGINEERING AND RESEARCH CENTRE,Active,Kerala,Thrissur,Thrissur,"PAMPADY,THIRUVILWAMALA,THRISSUR,KERALA",682330,10.512269,76.223601,Private-Self Financing,"APJ Abdul Kalam Technological University, Kerala",Approved,Approved,B++,No,,Tier 3,http://www.nehruresearchcentre.ac.in,info@nehruresearchcentre.ac.in,admissions@nehruresearchcentre.ac.in,placement@nehruresearchcentre.ac.in,+91-80-195-8586,Other Engineering Branches,M.Tech,27,474,1985,Urban,Yes,Yes
1-44641906623,1-44641906623,U-0672,NEHRU COLLEGE OF ENGINEERING AND RESEARCH CENTRE,Active,Kerala,Thrissur,Thrissur,"PAMPADY,THIRUVILWAMALA,THRISSUR,KERALA",682330,10.512269,76.223601,Private-Self Financing,"APJ Abdul Kalam Technological University, Kerala",Approved,Approved,B++,No,,Tier 3,http://www.nehruresearchcentre.ac.in,info@nehruresearchcentre.ac.in,admissions@nehruresearchcentre.ac.in,placement@nehruresearchcentre.ac.in,+91-80-195-8586,Computer Science Engineering (CSE),M.Tech,18,474,1985,Urban,Yes,Yes
1-44641906623,1-44641906623,U-0672,NEHRU COLLEGE OF ENGINEERING AND RESEARCH CENTRE,Active,Kerala,Thrissur,Thrissur,"PAMPADY,THIRUVILWAMALA,THRISSUR,KERALA",682330,10.512269,76.223601,Private-Self Financing,"APJ Abdul Kalam Technological University, Kerala",Approved,Approved,B++,No,,Tier 3,http://www.nehruresearchcentre.ac.in,info@nehruresearchcentre.ac.in,admissions@nehruresearchcentre.ac.in,placement@nehruresearchcentre.ac.in,+91-80-195-8586,Information Technology (IT),M.Tech,9,474,1985,Urban,Yes,Yes
1-44641906623,1-44641906623,U-0672,NEHRU COLLEGE OF ENGINEERING AND RESEARCH CENTRE,Active,Kerala,Thrissur,Thrissur,"PAMPADY,THIRUVILWAMALA,THRISSUR,KERALA",682330,10.512269,76.223601,Private-Self Financing,"APJ Abdul Kalam Technological University, Kerala",Approved,Approved,B++,No,,Tier 3,http://www.nehruresearchcentre.ac.in,info@nehruresearchcentre.ac.in,admissions@nehruresearchcentre.ac.in,placement@nehruresearchcentre.ac.in,+91-80-195-8586,Artificial Intelligence & Machine Learning (AI & ML),B.Tech,60,474,1985,Urban,Yes,Yes
1-44642370266,1-44642370266,U-0992,"DEPT. OF COMPUTER SCIENCE, UNIVERSITY OF KERALA",Active,Kerala,Thiruvananthapuram,Thiruvananthapuram,DEPT. OF COMPUTER SCIENCE UNIVERSITY OF KERALA KARIAVATTOM CAMPUS THIRUVANANTHAPURAM 695581,695581,8.532479,76.930286,State Government University,NOT APPLICABLE,Approved,Approved,B+,No,,Tier 3,http://www.deptcomputerscience.ac.in,info@deptcomputerscience.ac.in,admissions@deptcomputerscience.ac.in,placement@deptcomputerscience.ac.in,+91-80-190-2807,Computer Science Engineering (CSE),M.Tech,18,18,2004,Rural,Yes,No
1-44642372089,1-44642372089,U-0672,SREE NARAYANA GURU COLLEGE OF ENGINEERING & TECHNOLOGY,Active,Kerala,Kannur,Kannur,CHALAKODE-P.O KOROM PAYYANUR-670307 KANNUR DISTRICT KERALA,670307,10.832655,76.256928,Private-Self Financing,"APJ Abdul Kalam Technological University, Kerala",Approved,Approved,B+,No,,Tier 3,http://www.sreenarayanaguru.ac.in,info@sreenarayanaguru.ac.in,admissions@sreenarayanaguru.ac.in,placement@sreenarayanaguru.ac.in,+91-80-090-3973,Electrical & Electronics Engineering (EEE),B.Tech,30,294,1985,Rural,Yes,Yes
1-44642372089,1-44642372089,U-0672,SREE NARAYANA GURU COLLEGE OF ENGINEERING & TECHNOLOGY,Active,Kerala,Kannur,Kannur,CHALAKODE-P.O KOROM PAYYANUR-670307 KANNUR DISTRICT KERALA,670307,10.832655,76.256928,Private-Self Financing,"APJ Abdul Kalam Technological University, Kerala",Approved,Approved,B+,No,,Tier 3,http://www.sreenarayanaguru.ac.in,info@sreenarayanaguru.ac.in,admissions@sreenarayanaguru.ac.in,placement@sreenarayanaguru.ac.in,+91-80-090-3973,Mechanical Engineering,B.Tech,30,294,1985,Rural,Yes,Yes
1-44642372089,1-44642372089,U-0672,SREE NARAYANA GURU COLLEGE OF ENGINEERING & TECHNOLOGY,Active,Kerala,Kannur,Kannur,CHALAKODE-P.O KOROM PAYYANUR-670307 KANNUR DISTRICT KERALA,670307,10.832655,76.256928,Private-Self Financing,"APJ Abdul Kalam Technological University, Kerala",Approved,Approved,B+,No,,Tier 3,http://www.sreenarayanaguru.ac.in,info@sreenarayanaguru.ac.in,admissions@sreenarayanaguru.ac.in,placement@sreenarayanaguru.ac.in,+91-80-090-3973,Electronics & Communication Engineering (ECE),B.Tech,30,294,1985,Rural,Yes,Yes
1-44642372089,1-44642372089,U-0672,SREE NARAYANA GURU COLLEGE OF ENGINEERING & TECHNOLOGY,Active,Kerala,Kannur,Kannur,CHALAKODE-P.O KOROM PAYYANUR-670307 KANNUR DISTRICT KERALA,670307,10.832655,76.256928,Private-Self Financing,"APJ Abdul Kalam Technological University, Kerala",Approved,Approved,B+,No,,Tier 3,http://www.sreenarayanaguru.ac.in,info@sreenarayanaguru.ac.in,admissions@sreenarayanaguru.ac.in,placement@sreenarayanaguru.ac.in,+91-80-090-3973,Computer Science Engineering (CSE),B.Tech,90,294,1985,Rural,Yes,Yes
1-44642372089,1-44642372089,U-0672,SREE NARAYANA GURU COLLEGE OF ENGINEERING & TECHNOLOGY,Active,Kerala,Kannur,Kannur,CHALAKODE-P.O KOROM PAYYANUR-670307 KANNUR DISTRICT KERALA,670307,10.832655,76.256928,Private-Self Financing,"APJ Abdul Kalam Technological University, Kerala",Approved,Approved,B+,No,,Tier 3,http://www.sreenarayanaguru.ac.in,info@sreenarayanaguru.ac.in,admissions@sreenarayanaguru.ac.in,placement@sreenarayanaguru.ac.in,+91-80-090-3973,Civil Engineering,B.Tech,60,294,1985,Rural,Yes,Yes
1-44642372089,1-44642372089,U-0672,SREE NARAYANA GURU COLLEGE OF ENGINEERING & TECHNOLOGY,Active,Kerala,Kannur,Kannur,CHALAKODE-P.O KOROM PAYYANUR-670307 KANNUR DISTRICT KERALA,670307,10.832655,76.256928,Private-Self Financing,"APJ Abdul Kalam Technological University, Kerala",Approved,Approved,B+,No,,Tier 3,http://www.sreenarayanaguru.ac.in,info@sreenarayanaguru.ac.in,admissions@sreenarayanaguru.ac.in,placement@sreenarayanaguru.ac.in,+91-80-090-3973,Civil Engineering,M.Tech,24,294,1985,Rural,Yes,Yes
1-44642372089,1-44642372089,U-0672,SREE NARAYANA GURU COLLEGE OF ENGINEERING & TECHNOLOGY,Active,Kerala,Kannur,Kannur,CHALAKODE-P.O KOROM PAYYANUR-670307 KANNUR DISTRICT KERALA,670307,10.832655,76.256928,Private-Self Financing,"APJ Abdul Kalam Technological University, Kerala",Approved,Approved,B+,No,,Tier 3,http://www.sreenarayanaguru.ac.in,info@sreenarayanaguru.ac.in,admissions@sreenarayanaguru.ac.in,placement@sreenarayanaguru.ac.in,+91-80-090-3973,Data Science,B.Tech,30,294,1985,Rural,Yes,Yes
1-44642372700,1-44642372700,U-0672,ADI SHANKARA INSTITUTE OF ENGINEERING AND TECHNOLOGY,Active,Kerala,Ernakulam,Ernakulam,"SANKAR NAGAR, MATTOOR,KALADY, ERNAKULAM, KERALA",682234,9.975724,76.307037,Private-Self Financing,"APJ Abdul Kalam Technological University, Kerala",Approved,Approved,B+,No,,Tier 3,http://www.adishankara.ac.in,info@adishankara.ac.in,admissions@adishankara.ac.in,placement@adishankara.ac.in,+91-80-592-4013,Electronics & Communication Engineering (ECE),B.Tech,120,744,2007,Rural,Yes,No
1-44642372700,1-44642372700,U-0672,ADI SHANKARA INSTITUTE OF ENGINEERING AND TECHNOLOGY,Active,Kerala,Ernakulam,Ernakulam,"SANKAR NAGAR, MATTOOR,KALADY, ERNAKULAM, KERALA",682234,9.975724,76.307037,Private-Self Financing,"APJ Abdul Kalam Technological University, Kerala",Approved,Approved,B+,No,,Tier 3,http://www.adishankara.ac.in,info@adishankara.ac.in,admissions@adishankara.ac.in,placement@adishankara.ac.in,+91-80-592-4013,Computer Science Engineering (CSE),M.Tech,18,744,2007,Rural,Yes,No
1-44642372700,1-44642372700,U-0672,ADI SHANKARA INSTITUTE OF ENGINEERING AND TECHNOLOGY,Active,Kerala,Ernakulam,Ernakulam,"SANKAR NAGAR, MATTOOR,KALADY, ERNAKULAM, KERALA",682234,9.975724,76.307037,Private-Self Financing,"APJ Abdul Kalam Technological University, Kerala",Approved,Approved,B+,No,,Tier 3,http://www.adishankara.ac.in,info@adishankara.ac.in,admissions@adishankara.ac.in,placement@adishankara.ac.in,+91-80-592-4013,Computer Science Engineering (CSE),B.Tech,240,744,2007,Rural,Yes,No
1-44642372700,1-44642372700,U-0672,ADI SHANKARA INSTITUTE OF ENGINEERING AND TECHNOLOGY,Active,Kerala,Ernakulam,Ernakulam,"SANKAR NAGAR, MATTOOR,KALADY, ERNAKULAM, KERALA",682234,9.975724,76.307037,Private-Self Financing,"APJ Abdul Kalam Technological University, Kerala",Approved,Approved,B+,No,,Tier 3,http://www.adishankara.ac.in,info@adishankara.ac.in,admissions@adishankara.ac.in,placement@adishankara.ac.in,+91-80-592-4013,Electrical & Electronics Engineering (EEE),B.Tech,60,744,2007,Rural,Yes,No
1-44642372700,1-44642372700,U-0672,ADI SHANKARA INSTITUTE OF ENGINEERING AND TECHNOLOGY,Active,Kerala,Ernakulam,Ernakulam,"SANKAR NAGAR, MATTOOR,KALADY, ERNAKULAM, KERALA",682234,9.975724,76.307037,Private-Self Financing,"APJ Abdul Kalam Technological University, Kerala",Approved,Approved,B+,No,,Tier 3,http://www.adishankara.ac.in,info@adishankara.ac.in,admissions@adishankara.ac.in,placement@adishankara.ac.in,+91-80-592-4013,Mechanical Engineering,B.Tech,60,744,2007,Rural,Yes,No
1-44642372700,1-44642372700,U-0672,ADI SHANKARA INSTITUTE OF ENGINEERING AND TECHNOLOGY,Active,Kerala,Ernakulam,Ernakulam,"SANKAR NAGAR, MATTOOR,KALADY, ERNAKULAM, KERALA",682234,9.975724,76.307037,Private-Self Financing,"APJ Abdul Kalam Technological University, Kerala",Approved,Approved,B+,No,,Tier 3,http://www.adishankara.ac.in,info@adishankara.ac.in,admissions@adishankara.ac.in,placement@adishankara.ac.in,+91-80-592-4013,Other Engineering Branches,M.Tech,36,744,2007,Rural,Yes,No
1-44642372700,1-44642372700,U-0672,ADI SHANKARA INSTITUTE OF ENGINEERING AND TECHNOLOGY,Active,Kerala,Ernakulam,Ernakulam,"SANKAR NAGAR, MATTOOR,KALADY, ERNAKULAM, KERALA",682234,9.975724,76.307037,Private-Self Financing,"APJ Abdul Kalam Technological University, Kerala",Approved,Approved,B+,No,,Tier 3,http://www.adishankara.ac.in,info@adishankara.ac.in,admissions@adishankara.ac.in,placement@adishankara.ac.in,+91-80-592-4013,Civil Engineering,B.Tech,60,744,2007,Rural,Yes,No
1-44642372700,1-44642372700,U-0672,ADI SHANKARA INSTITUTE OF ENGINEERING AND TECHNOLOGY,Active,Kerala,Ernakulam,Ernakulam,"SANKAR NAGAR, MATTOOR,KALADY, ERNAKULAM, KERALA",682234,9.975724,76.307037,Private-Self Financing,"APJ Abdul Kalam Technological University, Kerala",Approved,Approved,B+,No,,Tier 3,http://www.adishankara.ac.in,info@adishankara.ac.in,admissions@adishankara.ac.in,placement@adishankara.ac.in,+91-80-592-4013,Robotics,B.Tech,60,744,2007,Rural,Yes,No
1-44642372700,1-44642372700,U-0672,ADI SHANKARA INSTITUTE OF ENGINEERING AND TECHNOLOGY,Active,Kerala,Ernakulam,Ernakulam,"SANKAR NAGAR, MATTOOR,KALADY, ERNAKULAM, KERALA",682234,9.975724,76.307037,Private-Self Financing,"APJ Abdul Kalam Technological University, Kerala",Approved,Approved,B+,No,,Tier 3,http://www.adishankara.ac.in,info@adishankara.ac.in,admissions@adishankara.ac.in,placement@adishankara.ac.in,+91-80-592-4013,Other Engineering Branches,B.Tech,60,744,2007,Rural,Yes,No
1-44642372700,1-44642372700,U-0672,ADI SHANKARA INSTITUTE OF ENGINEERING AND TECHNOLOGY,Active,Kerala,Ernakulam,Ernakulam,"SANKAR NAGAR, MATTOOR,KALADY, ERNAKULAM, KERALA",682234,9.975724,76.307037,Private-Self Financing,"APJ Abdul Kalam Technological University, Kerala",Approved,Approved,B+,No,,Tier 3,http://www.adishankara.ac.in,info@adishankara.ac.in,admissions@adishankara.ac.in,placement@adishankara.ac.in,+91-80-592-4013,Data Science,B.Tech,30,744,2007,Rural,Yes,No
1-44641860113,1-44641860113,U-0672,AMAL JYOTHI COLLEGE OF ENGINEERING,Active,Kerala,Kottayam,Kottayam,KOOVAPPALLY P.O KOTTAYAM DISTRICT KERALA - 686 518,682045,9.581007,76.509832,Private-Self Financing,"APJ Abdul Kalam Technological University, Kerala",Approved,Approved,B++,Yes,,Tier 3,http://www.amaljyothi.ac.in,info@amaljyothi.ac.in,admissions@amaljyothi.ac.in,placement@amaljyothi.ac.in,+91-80-394-5776,Automobile Engineering,B.Tech,30,912,1997,Urban,Yes,Yes
1-44641860113,1-44641860113,U-0672,AMAL JYOTHI COLLEGE OF ENGINEERING,Active,Kerala,Kottayam,Kottayam,KOOVAPPALLY P.O KOTTAYAM DISTRICT KERALA - 686 518,682045,9.581007,76.509832,Private-Self Financing,"APJ Abdul Kalam Technological University, Kerala",Approved,Approved,B++,Yes,,Tier 3,http://www.amaljyothi.ac.in,info@amaljyothi.ac.in,admissions@amaljyothi.ac.in,placement@amaljyothi.ac.in,+91-80-394-5776,Civil Engineering,B.Tech,60,912,1997,Urban,Yes,Yes
1-44641860113,1-44641860113,U-0672,AMAL JYOTHI COLLEGE OF ENGINEERING,Active,Kerala,Kottayam,Kottayam,KOOVAPPALLY P.O KOTTAYAM DISTRICT KERALA - 686 518,682045,9.581007,76.509832,Private-Self Financing,"APJ Abdul Kalam Technological University, Kerala",Approved,Approved,B++,Yes,,Tier 3,http://www.amaljyothi.ac.in,info@amaljyothi.ac.in,admissions@amaljyothi.ac.in,placement@amaljyothi.ac.in,+91-80-394-5776,Computer Science Engineering (CSE),B.Tech,240,912,1997,Urban,Yes,Yes
1-44641860113,1-44641860113,U-0672,AMAL JYOTHI COLLEGE OF ENGINEERING,Active,Kerala,Kottayam,Kottayam,KOOVAPPALLY P.O KOTTAYAM DISTRICT KERALA - 686 518,682045,9.581007,76.509832,Private-Self Financing,"APJ Abdul Kalam Technological University, Kerala",Approved,Approved,B++,Yes,,Tier 3,http://www.amaljyothi.ac.in,info@amaljyothi.ac.in,admissions@amaljyothi.ac.in,placement@amaljyothi.ac.in,+91-80-394-5776,Electronics & Communication Engineering (ECE),B.Tech,120,912,1997,Urban,Yes,Yes
1-44641860113,1-44641860113,U-0672,AMAL JYOTHI COLLEGE OF ENGINEERING,Active,Kerala,Kottayam,Kottayam,KOOVAPPALLY P.O KOTTAYAM DISTRICT KERALA - 686 518,682045,9.581007,76.509832,Private-Self Financing,"APJ Abdul Kalam Technological University, Kerala",Approved,Approved,B++,Yes,,Tier 3,http://www.amaljyothi.ac.in,info@amaljyothi.ac.in,admissions@amaljyothi.ac.in,placement@amaljyothi.ac.in,+91-80-394-5776,Mechanical Engineering,B.Tech,60,912,1997,Urban,Yes,Yes
1-44641860113,1-44641860113,U-0672,AMAL JYOTHI COLLEGE OF ENGINEERING,Active,Kerala,Kottayam,Kottayam,KOOVAPPALLY P.O KOTTAYAM DISTRICT KERALA - 686 518,682045,9.581007,76.509832,Private-Self Financing,"APJ Abdul Kalam Technological University, Kerala",Approved,Approved,B++,Yes,,Tier 3,http://www.amaljyothi.ac.in,info@amaljyothi.ac.in,admissions@amaljyothi.ac.in,placement@amaljyothi.ac.in,+91-80-394-5776,Electrical & Electronics Engineering (EEE),B.Tech,60,912,1997,Urban,Yes,Yes
1-44641860113,1-44641860113,U-0672,AMAL JYOTHI COLLEGE OF ENGINEERING,Active,Kerala,Kottayam,Kottayam,KOOVAPPALLY P.O KOTTAYAM DISTRICT KERALA - 686 518,682045,9.581007,76.509832,Private-Self Financing,"APJ Abdul Kalam Technological University, Kerala",Approved,Approved,B++,Yes,,Tier 3,http://www.amaljyothi.ac.in,info@amaljyothi.ac.in,admissions@amaljyothi.ac.in,placement@amaljyothi.ac.in,+91-80-394-5776,Computer Science Engineering (CSE),M.Tech,12,912,1997,Urban,Yes,Yes
1-44641860113,1-44641860113,U-0672,AMAL JYOTHI COLLEGE OF ENGINEERING,Active,Kerala,Kottayam,Kottayam,KOOVAPPALLY P.O KOTTAYAM DISTRICT KERALA - 686 518,682045,9.581007,76.509832,Private-Self Financing,"APJ Abdul Kalam Technological University, Kerala",Approved,Approved,B++,Yes,,Tier 3,http://www.amaljyothi.ac.in,info@amaljyothi.ac.in,admissions@amaljyothi.ac.in,placement@amaljyothi.ac.in,+91-80-394-5776,Other Engineering Branches,M.Tech,30,912,1997,Urban,Yes,Yes
1-44641860113,1-44641860113,U-0672,AMAL JYOTHI COLLEGE OF ENGINEERING,Active,Kerala,Kottayam,Kottayam,KOOVAPPALLY P.O KOTTAYAM DISTRICT KERALA - 686 518,682045,9.581007,76.509832,Private-Self Financing,"APJ Abdul Kalam Technological University, Kerala",Approved,Approved,B++,Yes,,Tier 3,http://www.amaljyothi.ac.in,info@amaljyothi.ac.in,admissions@amaljyothi.ac.in,placement@amaljyothi.ac.in,+91-80-394-5776,Other Engineering Branches,B.Tech,90,912,1997,Urban,Yes,Yes
1-44641860113,1-44641860113,U-0672,AMAL JYOTHI COLLEGE OF ENGINEERING,Active,Kerala,Kottayam,Kottayam,KOOVAPPALLY P.O KOTTAYAM DISTRICT KERALA - 686 518,682045,9.581007,76.509832,Private-Self Financing,"APJ Abdul Kalam Technological University, Kerala",Approved,Approved,B++,Yes,,Tier 3,http://www.amaljyothi.ac.in,info@amaljyothi.ac.in,admissions@amaljyothi.ac.in,placement@amaljyothi.ac.in,+91-80-394-5776,Chemical Engineering,B.Tech,60,912,1997,Urban,Yes,Yes
1-44641860113,1-44641860113,U-0672,AMAL JYOTHI COLLEGE OF ENGINEERING,Active,Kerala,Kottayam,Kottayam,KOOVAPPALLY P.O KOTTAYAM DISTRICT KERALA - 686 518,682045,9.581007,76.509832,Private-Self Financing,"APJ Abdul Kalam Technological University, Kerala",Approved,Approved,B++,Yes,,Tier 3,http://www.amaljyothi.ac.in,info@amaljyothi.ac.in,admissions@amaljyothi.ac.in,placement@amaljyothi.ac.in,+91-80-394-5776,Data Science,B.Tech,60,912,1997,Urban,Yes,Yes
1-44641860113,1-44641860113,U-0672,AMAL JYOTHI COLLEGE OF ENGINEERING,Active,Kerala,Kottayam,Kottayam,KOOVAPPALLY P.O KOTTAYAM DISTRICT KERALA - 686 518,682045,9.581007,76.509832,Private-Self Financing,"APJ Abdul Kalam Technological University, Kerala",Approved,Approved,B++,Yes,,Tier 3,http://www.amaljyothi.ac.in,info@amaljyothi.ac.in,admissions@amaljyothi.ac.in,placement@amaljyothi.ac.in,+91-80-394-5776,Cyber Security,B.Tech,60,912,1997,Urban,Yes,Yes
1-44641860113,1-44641860113,U-0672,AMAL JYOTHI COLLEGE OF ENGINEERING,Active,Kerala,Kottayam,Kottayam,KOOVAPPALLY P.O KOTTAYAM DISTRICT KERALA - 686 518,682045,9.581007,76.509832,Private-Self Financing,"APJ Abdul Kalam Technological University, Kerala",Approved,Approved,B++,Yes,,Tier 3,http://www.amaljyothi.ac.in,info@amaljyothi.ac.in,admissions@amaljyothi.ac.in,placement@amaljyothi.ac.in,+91-80-394-5776,Data Science,M.Tech,30,912,1997,Urban,Yes,Yes
1-44641775828,1-44641775828,U-0672,NSS COLLEGE OF ENGINEERING,Active,Kerala,Palakkad,Palakkad,NSS ENGG. COLLEGE (PO).  PALAKKAD - 678008 KERALA,678008,10.777272,76.64323,Govt aided,"APJ Abdul Kalam Technological University, Kerala",Approved,Approved,A+,No,,Tier 3,http://www.nss.ac.in,info@nss.ac.in,admissions@nss.ac.in,placement@nss.ac.in,+91-80-443-4230,Other Engineering Branches,M.Tech,90,768,1987,Rural,Yes,Yes
1-44641775828,1-44641775828,U-0672,NSS COLLEGE OF ENGINEERING,Active,Kerala,Palakkad,Palakkad,NSS ENGG. COLLEGE (PO).  PALAKKAD - 678008 KERALA,678008,10.777272,76.64323,Govt aided,"APJ Abdul Kalam Technological University, Kerala",Approved,Approved,A+,No,,Tier 3,http://www.nss.ac.in,info@nss.ac.in,admissions@nss.ac.in,placement@nss.ac.in,+91-80-443-4230,Computer Science Engineering (CSE),M.Tech,18,768,1987,Rural,Yes,Yes
1-44641775828,1-44641775828,U-0672,NSS COLLEGE OF ENGINEERING,Active,Kerala,Palakkad,Palakkad,NSS ENGG. COLLEGE (PO).  PALAKKAD - 678008 KERALA,678008,10.777272,76.64323,Govt aided,"APJ Abdul Kalam Technological University, Kerala",Approved,Approved,A+,No,,Tier 3,http://www.nss.ac.in,info@nss.ac.in,admissions@nss.ac.in,placement@nss.ac.in,+91-80-443-4230,Civil Engineering,B.Tech,120,768,1987,Rural,Yes,Yes
1-44641775828,1-44641775828,U-0672,NSS COLLEGE OF ENGINEERING,Active,Kerala,Palakkad,Palakkad,NSS ENGG. COLLEGE (PO).  PALAKKAD - 678008 KERALA,678008,10.777272,76.64323,Govt aided,"APJ Abdul Kalam Technological University, Kerala",Approved,Approved,A+,No,,Tier 3,http://www.nss.ac.in,info@nss.ac.in,admissions@nss.ac.in,placement@nss.ac.in,+91-80-443-4230,Mechanical Engineering,B.Tech,120,768,1987,Rural,Yes,Yes
1-44641775828,1-44641775828,U-0672,NSS COLLEGE OF ENGINEERING,Active,Kerala,Palakkad,Palakkad,NSS ENGG. COLLEGE (PO).  PALAKKAD - 678008 KERALA,678008,10.777272,76.64323,Govt aided,"APJ Abdul Kalam Technological University, Kerala",Approved,Approved,A+,No,,Tier 3,http://www.nss.ac.in,info@nss.ac.in,admissions@nss.ac.in,placement@nss.ac.in,+91-80-443-4230,Electrical & Electronics Engineering (EEE),B.Tech,120,768,1987,Rural,Yes,Yes
1-44641775828,1-44641775828,U-0672,NSS COLLEGE OF ENGINEERING,Active,Kerala,Palakkad,Palakkad,NSS ENGG. COLLEGE (PO).  PALAKKAD - 678008 KERALA,678008,10.777272,76.64323,Govt aided,"APJ Abdul Kalam Technological University, Kerala",Approved,Approved,A+,No,,Tier 3,http://www.nss.ac.in,info@nss.ac.in,admissions@nss.ac.in,placement@nss.ac.in,+91-80-443-4230,Electronics & Communication Engineering (ECE),B.Tech,120,768,1987,Rural,Yes,Yes
1-44641775828,1-44641775828,U-0672,NSS COLLEGE OF ENGINEERING,Active,Kerala,Palakkad,Palakkad,NSS ENGG. COLLEGE (PO).  PALAKKAD - 678008 KERALA,678008,10.777272,76.64323,Govt aided,"APJ Abdul Kalam Technological University, Kerala",Approved,Approved,A+,No,,Tier 3,http://www.nss.ac.in,info@nss.ac.in,admissions@nss.ac.in,placement@nss.ac.in,+91-80-443-4230,Other Engineering Branches,B.Tech,60,768,1987,Rural,Yes,Yes
1-44641775828,1-44641775828,U-0672,NSS COLLEGE OF ENGINEERING,Active,Kerala,Palakkad,Palakkad,NSS ENGG. COLLEGE (PO).  PALAKKAD - 678008 KERALA,678008,10.777272,76.64323,Govt aided,"APJ Abdul Kalam Technological University, Kerala",Approved,Approved,A+,No,,Tier 3,http://www.nss.ac.in,info@nss.ac.in,admissions@nss.ac.in,placement@nss.ac.in,+91-80-443-4230,Computer Science Engineering (CSE),B.Tech,120,768,1987,Rural,Yes,Yes
1-44642131122,1-44642131122,U-0672,KMCT COLLEGE OF ENGINEERING FOR WOMEN,Active,Kerala,Kozhikode,Kozhikode,THAZHEKODE VILLAGE MANASSERY POST MUKKAM KOZHIKODE KERALA,682606,11.241728,75.764608,Private-Self Financing,"APJ Abdul Kalam Technological University, Kerala",Approved,Approved,A+,No,,Tier 3,http://www.kmctwomen.ac.in,info@kmctwomen.ac.in,admissions@kmctwomen.ac.in,placement@kmctwomen.ac.in,+91-80-122-8058,Other Engineering Branches,M.Tech,18,273,2021,Rural,Yes,Yes
1-44642131122,1-44642131122,U-0672,KMCT COLLEGE OF ENGINEERING FOR WOMEN,Active,Kerala,Kozhikode,Kozhikode,THAZHEKODE VILLAGE MANASSERY POST MUKKAM KOZHIKODE KERALA,682606,11.241728,75.764608,Private-Self Financing,"APJ Abdul Kalam Technological University, Kerala",Approved,Approved,A+,No,,Tier 3,http://www.kmctwomen.ac.in,info@kmctwomen.ac.in,admissions@kmctwomen.ac.in,placement@kmctwomen.ac.in,+91-80-122-8058,Electronics & Communication Engineering (ECE),B.Tech,45,273,2021,Rural,Yes,Yes
1-44642131122,1-44642131122,U-0672,KMCT COLLEGE OF ENGINEERING FOR WOMEN,Active,Kerala,Kozhikode,Kozhikode,THAZHEKODE VILLAGE MANASSERY POST MUKKAM KOZHIKODE KERALA,682606,11.241728,75.764608,Private-Self Financing,"APJ Abdul Kalam Technological University, Kerala",Approved,Approved,A+,No,,Tier 3,http://www.kmctwomen.ac.in,info@kmctwomen.ac.in,admissions@kmctwomen.ac.in,placement@kmctwomen.ac.in,+91-80-122-8058,Computer Science Engineering (CSE),B.Tech,60,273,2021,Rural,Yes,Yes
1-44642131122,1-44642131122,U-0672,KMCT COLLEGE OF ENGINEERING FOR WOMEN,Active,Kerala,Kozhikode,Kozhikode,THAZHEKODE VILLAGE MANASSERY POST MUKKAM KOZHIKODE KERALA,682606,11.241728,75.764608,Private-Self Financing,"APJ Abdul Kalam Technological University, Kerala",Approved,Approved,A+,No,,Tier 3,http://www.kmctwomen.ac.in,info@kmctwomen.ac.in,admissions@kmctwomen.ac.in,placement@kmctwomen.ac.in,+91-80-122-8058,Civil Engineering,B.Tech,60,273,2021,Rural,Yes,Yes
1-44642131122,1-44642131122,U-0672,KMCT COLLEGE OF ENGINEERING FOR WOMEN,Active,Kerala,Kozhikode,Kozhikode,THAZHEKODE VILLAGE MANASSERY POST MUKKAM KOZHIKODE KERALA,682606,11.241728,75.764608,Private-Self Financing,"APJ Abdul Kalam Technological University, Kerala",Approved,Approved,A+,No,,Tier 3,http://www.kmctwomen.ac.in,info@kmctwomen.ac.in,admissions@kmctwomen.ac.in,placement@kmctwomen.ac.in,+91-80-122-8058,Information Technology (IT),B.Tech,30,273,2021,Rural,Yes,Yes
1-44642131122,1-44642131122,U-0672,KMCT COLLEGE OF ENGINEERING FOR WOMEN,Active,Kerala,Kozhikode,Kozhikode,THAZHEKODE VILLAGE MANASSERY POST MUKKAM KOZHIKODE KERALA,682606,11.241728,75.764608,Private-Self Financing,"APJ Abdul Kalam Technological University, Kerala",Approved,Approved,A+,No,,Tier 3,http://www.kmctwomen.ac.in,info@kmctwomen.ac.in,admissions@kmctwomen.ac.in,placement@kmctwomen.ac.in,+91-80-122-8058,Other Engineering Branches,B.Tech,60,273,2021,Rural,Yes,Yes
1-44641594413,1-44641594413,U-0317,KELTRON TOOLROOM RESEARCH & TRAINING CENTRE (KELTRAC),Active,Kerala,Alappuzha,Alappuzha,KELTRON COMPLEX,682427,9.495232,76.334658,Government,"Board of Technical Examination, Kerala",Approved,Approved,A,No,,Tier 2,http://www.keltrontoolroomresearch.ac.in,info@keltrontoolroomresearch.ac.in,admissions@keltrontoolroomresearch.ac.in,placement@keltrontoolroomresearch.ac.in,+91-80-718-5765,Other Engineering Branches,Diploma,60,60,2014,Urban,Yes,Yes
1-44642376739,1-44642376739,U-0672,GOVERNMENT ENGINEERING COLLEGE IDUKKI,Active,Kerala,Idukki,Idukki,PAINAVU PO IDUKKI DISTRICT KERALA INDIA,682695,10.838504,76.273862,Government,"APJ Abdul Kalam Technological University, Kerala",Approved,Approved,A,No,,Tier 2,http://www.idukki.ac.in,info@idukki.ac.in,admissions@idukki.ac.in,placement@idukki.ac.in,+91-80-335-7329,Electrical & Electronics Engineering (EEE),B.Tech,60,402,1982,Urban,No,Yes
1-44642376739,1-44642376739,U-0672,GOVERNMENT ENGINEERING COLLEGE IDUKKI,Active,Kerala,Idukki,Idukki,PAINAVU PO IDUKKI DISTRICT KERALA INDIA,682695,10.838504,76.273862,Government,"APJ Abdul Kalam Technological University, Kerala",Approved,Approved,A,No,,Tier 2,http://www.idukki.ac.in,info@idukki.ac.in,admissions@idukki.ac.in,placement@idukki.ac.in,+91-80-335-7329,Electronics & Communication Engineering (ECE),B.Tech,60,402,1982,Urban,No,Yes
1-44642376739,1-44642376739,U-0672,GOVERNMENT ENGINEERING COLLEGE IDUKKI,Active,Kerala,Idukki,Idukki,PAINAVU PO IDUKKI DISTRICT KERALA INDIA,682695,10.838504,76.273862,Government,"APJ Abdul Kalam Technological University, Kerala",Approved,Approved,A,No,,Tier 2,http://www.idukki.ac.in,info@idukki.ac.in,admissions@idukki.ac.in,placement@idukki.ac.in,+91-80-335-7329,Computer Science Engineering (CSE),B.Tech,60,402,1982,Urban,No,Yes
1-44642376739,1-44642376739,U-0672,GOVERNMENT ENGINEERING COLLEGE IDUKKI,Active,Kerala,Idukki,Idukki,PAINAVU PO IDUKKI DISTRICT KERALA INDIA,682695,10.838504,76.273862,Government,"APJ Abdul Kalam Technological University, Kerala",Approved,Approved,A,No,,Tier 2,http://www.idukki.ac.in,info@idukki.ac.in,admissions@idukki.ac.in,placement@idukki.ac.in,+91-80-335-7329,Information Technology (IT),B.Tech,60,402,1982,Urban,No,Yes
1-44642376739,1-44642376739,U-0672,GOVERNMENT ENGINEERING COLLEGE IDUKKI,Active,Kerala,Idukki,Idukki,PAINAVU PO IDUKKI DISTRICT KERALA INDIA,682695,10.838504,76.273862,Government,"APJ Abdul Kalam Technological University, Kerala",Approved,Approved,A,No,,Tier 2,http://www.idukki.ac.in,info@idukki.ac.in,admissions@idukki.ac.in,placement@idukki.ac.in,+91-80-335-7329,Other Engineering Branches,M.Tech,54,402,1982,Urban,No,Yes
1-44642376739,1-44642376739,U-0672,GOVERNMENT ENGINEERING COLLEGE IDUKKI,Active,Kerala,Idukki,Idukki,PAINAVU PO IDUKKI DISTRICT KERALA INDIA,682695,10.838504,76.273862,Government,"APJ Abdul Kalam Technological University, Kerala",Approved,Approved,A,No,,Tier 2,http://www.idukki.ac.in,info@idukki.ac.in,admissions@idukki.ac.in,placement@idukki.ac.in,+91-80-335-7329,Computer Science Engineering (CSE),M.Tech,18,402,1982,Urban,No,Yes
1-44642376739,1-44642376739,U-0672,GOVERNMENT ENGINEERING COLLEGE IDUKKI,Active,Kerala,Idukki,Idukki,PAINAVU PO IDUKKI DISTRICT KERALA INDIA,682695,10.838504,76.273862,Government,"APJ Abdul Kalam Technological University, Kerala",Approved,Approved,A,No,,Tier 2,http://www.idukki.ac.in,info@idukki.ac.in,admissions@idukki.ac.in,placement@idukki.ac.in,+91-80-335-7329,Mechanical Engineering,B.Tech,60,402,1982,Urban,No,Yes
1-44642376739,1-44642376739,U-0672,GOVERNMENT ENGINEERING COLLEGE IDUKKI,Active,Kerala,Idukki,Idukki,PAINAVU PO IDUKKI DISTRICT KERALA INDIA,682695,10.838504,76.273862,Government,"APJ Abdul Kalam Technological University, Kerala",Approved,Approved,A,No,,Tier 2,http://www.idukki.ac.in,info@idukki.ac.in,admissions@idukki.ac.in,placement@idukki.ac.in,+91-80-335-7329,Robotics,B.Tech,30,402,1982,Urban,No,Yes
1-44642342627,1-44642342627,U-0672,T.K.M INSTITUTE OF TECHNOLOGY,Active,Kerala,Kollam,Kollam,MUSALIAR HILLS KARUVELIL P.O EZHUKONE KOTTAKKARA KOLLAM,682952,8.885494,76.62562,Private-Self Financing,"APJ Abdul Kalam Technological University, Kerala",Approved,Approved,B+,No,,Tier 3,http://www.tkm.ac.in,info@tkm.ac.in,admissions@tkm.ac.in,placement@tkm.ac.in,+91-80-515-6809,Computer Science Engineering (CSE),B.Tech,240,498,1991,Rural,Yes,Yes
1-44642342627,1-44642342627,U-0672,T.K.M INSTITUTE OF TECHNOLOGY,Active,Kerala,Kollam,Kollam,MUSALIAR HILLS KARUVELIL P.O EZHUKONE KOTTAKKARA KOLLAM,682952,8.885494,76.62562,Private-Self Financing,"APJ Abdul Kalam Technological University, Kerala",Approved,Approved,B+,No,,Tier 3,http://www.tkm.ac.in,info@tkm.ac.in,admissions@tkm.ac.in,placement@tkm.ac.in,+91-80-515-6809,Other Engineering Branches,B.Tech,120,498,1991,Rural,Yes,Yes
1-44642342627,1-44642342627,U-0672,T.K.M INSTITUTE OF TECHNOLOGY,Active,Kerala,Kollam,Kollam,MUSALIAR HILLS KARUVELIL P.O EZHUKONE KOTTAKKARA KOLLAM,682952,8.885494,76.62562,Private-Self Financing,"APJ Abdul Kalam Technological University, Kerala",Approved,Approved,B+,No,,Tier 3,http://www.tkm.ac.in,info@tkm.ac.in,admissions@tkm.ac.in,placement@tkm.ac.in,+91-80-515-6809,Mechanical Engineering,B.Tech,30,498,1991,Rural,Yes,Yes
1-44642342627,1-44642342627,U-0672,T.K.M INSTITUTE OF TECHNOLOGY,Active,Kerala,Kollam,Kollam,MUSALIAR HILLS KARUVELIL P.O EZHUKONE KOTTAKKARA KOLLAM,682952,8.885494,76.62562,Private-Self Financing,"APJ Abdul Kalam Technological University, Kerala",Approved,Approved,B+,No,,Tier 3,http://www.tkm.ac.in,info@tkm.ac.in,admissions@tkm.ac.in,placement@tkm.ac.in,+91-80-515-6809,Civil Engineering,B.Tech,30,498,1991,Rural,Yes,Yes
1-44642342627,1-44642342627,U-0672,T.K.M INSTITUTE OF TECHNOLOGY,Active,Kerala,Kollam,Kollam,MUSALIAR HILLS KARUVELIL P.O EZHUKONE KOTTAKKARA KOLLAM,682952,8.885494,76.62562,Private-Self Financing,"APJ Abdul Kalam Technological University, Kerala",Approved,Approved,B+,No,,Tier 3,http://www.tkm.ac.in,info@tkm.ac.in,admissions@tkm.ac.in,placement@tkm.ac.in,+91-80-515-6809,Artificial Intelligence & Machine Learning (AI & ML),B.Tech,60,498,1991,Rural,Yes,Yes
1-44642342627,1-44642342627,U-0672,T.K.M INSTITUTE OF TECHNOLOGY,Active,Kerala,Kollam,Kollam,MUSALIAR HILLS KARUVELIL P.O EZHUKONE KOTTAKKARA KOLLAM,682952,8.885494,76.62562,Private-Self Financing,"APJ Abdul Kalam Technological University, Kerala",Approved,Approved,B+,No,,Tier 3,http://www.tkm.ac.in,info@tkm.ac.in,admissions@tkm.ac.in,placement@tkm.ac.in,+91-80-515-6809,Other Engineering Branches,M.Tech,18,498,1991,Rural,Yes,Yes
1-44641782805,1-44641782805,U-0672,LBS COLLEGE OF ENGINEERING,Active,Kerala,Kasaragod,Kasaragod,"POVVAL, MULIYAR PO, KASARAGOD, KERALA, 671542",671542,10.843788,76.271429,Government,"APJ Abdul Kalam Technological University, Kerala",Approved,Approved,B++,Yes,,Tier 3,http://www.lbs.ac.in,info@lbs.ac.in,admissions@lbs.ac.in,placement@lbs.ac.in,+91-80-557-3250,Civil Engineering,B.Tech,60,618,2007,Urban,No,Yes
1-44641782805,1-44641782805,U-0672,LBS COLLEGE OF ENGINEERING,Active,Kerala,Kasaragod,Kasaragod,"POVVAL, MULIYAR PO, KASARAGOD, KERALA, 671542",671542,10.843788,76.271429,Government,"APJ Abdul Kalam Technological University, Kerala",Approved,Approved,B++,Yes,,Tier 3,http://www.lbs.ac.in,info@lbs.ac.in,admissions@lbs.ac.in,placement@lbs.ac.in,+91-80-557-3250,Mechanical Engineering,B.Tech,60,618,2007,Urban,No,Yes
1-44641782805,1-44641782805,U-0672,LBS COLLEGE OF ENGINEERING,Active,Kerala,Kasaragod,Kasaragod,"POVVAL, MULIYAR PO, KASARAGOD, KERALA, 671542",671542,10.843788,76.271429,Government,"APJ Abdul Kalam Technological University, Kerala",Approved,Approved,B++,Yes,,Tier 3,http://www.lbs.ac.in,info@lbs.ac.in,admissions@lbs.ac.in,placement@lbs.ac.in,+91-80-557-3250,Electrical & Electronics Engineering (EEE),B.Tech,60,618,2007,Urban,No,Yes
1-44641782805,1-44641782805,U-0672,LBS COLLEGE OF ENGINEERING,Active,Kerala,Kasaragod,Kasaragod,"POVVAL, MULIYAR PO, KASARAGOD, KERALA, 671542",671542,10.843788,76.271429,Government,"APJ Abdul Kalam Technological University, Kerala",Approved,Approved,B++,Yes,,Tier 3,http://www.lbs.ac.in,info@lbs.ac.in,admissions@lbs.ac.in,placement@lbs.ac.in,+91-80-557-3250,Electronics & Communication Engineering (ECE),B.Tech,60,618,2007,Urban,No,Yes
1-44641782805,1-44641782805,U-0672,LBS COLLEGE OF ENGINEERING,Active,Kerala,Kasaragod,Kasaragod,"POVVAL, MULIYAR PO, KASARAGOD, KERALA, 671542",671542,10.843788,76.271429,Government,"APJ Abdul Kalam Technological University, Kerala",Approved,Approved,B++,Yes,,Tier 3,http://www.lbs.ac.in,info@lbs.ac.in,admissions@lbs.ac.in,placement@lbs.ac.in,+91-80-557-3250,Computer Science Engineering (CSE),B.Tech,240,618,2007,Urban,No,Yes
1-44641782805,1-44641782805,U-0672,LBS COLLEGE OF ENGINEERING,Active,Kerala,Kasaragod,Kasaragod,"POVVAL, MULIYAR PO, KASARAGOD, KERALA, 671542",671542,10.843788,76.271429,Government,"APJ Abdul Kalam Technological University, Kerala",Approved,Approved,B++,Yes,,Tier 3,http://www.lbs.ac.in,info@lbs.ac.in,admissions@lbs.ac.in,placement@lbs.ac.in,+91-80-557-3250,Information Technology (IT),B.Tech,60,618,2007,Urban,No,Yes
1-44641782805,1-44641782805,U-0672,LBS COLLEGE OF ENGINEERING,Active,Kerala,Kasaragod,Kasaragod,"POVVAL, MULIYAR PO, KASARAGOD, KERALA, 671542",671542,10.843788,76.271429,Government,"APJ Abdul Kalam Technological University, Kerala",Approved,Approved,B++,Yes,,Tier 3,http://www.lbs.ac.in,info@lbs.ac.in,admissions@lbs.ac.in,placement@lbs.ac.in,+91-80-557-3250,Cyber Security,M.Tech,18,618,2007,Urban,No,Yes
1-44641782805,1-44641782805,U-0672,LBS COLLEGE OF ENGINEERING,Active,Kerala,Kasaragod,Kasaragod,"POVVAL, MULIYAR PO, KASARAGOD, KERALA, 671542",671542,10.843788,76.271429,Government,"APJ Abdul Kalam Technological University, Kerala",Approved,Approved,B++,Yes,,Tier 3,http://www.lbs.ac.in,info@lbs.ac.in,admissions@lbs.ac.in,placement@lbs.ac.in,+91-80-557-3250,Data Science,B.Tech,60,618,2007,Urban,No,Yes
1-44641785286,1-44641785286,U-0672,ROYAL COLLEGE OF ENGINEERING & TECHNOLOGY,Active,Kerala,Thrissur,Thrissur,"ROYAL COLLEGE OF ENGINEERING & TECHNOLOGY, AKKIKAVU, PO-CHIRAMANANGADU, MARATHANCODE-VIA, THRISSUR-DIST, KERALA, PIN-680 604",682330,10.537408,76.208614,Private-Self Financing,"APJ Abdul Kalam Technological University, Kerala",Approved,Approved,B++,No,,Tier 3,http://www.royal.ac.in,info@royal.ac.in,admissions@royal.ac.in,placement@royal.ac.in,+91-80-250-2362,Mechanical Engineering,B.Tech,30,384,2022,Urban,No,Yes
1-44641785286,1-44641785286,U-0672,ROYAL COLLEGE OF ENGINEERING & TECHNOLOGY,Active,Kerala,Thrissur,Thrissur,"ROYAL COLLEGE OF ENGINEERING & TECHNOLOGY, AKKIKAVU, PO-CHIRAMANANGADU, MARATHANCODE-VIA, THRISSUR-DIST, KERALA, PIN-680 604",682330,10.537408,76.208614,Private-Self Financing,"APJ Abdul Kalam Technological University, Kerala",Approved,Approved,B++,No,,Tier 3,http://www.royal.ac.in,info@royal.ac.in,admissions@royal.ac.in,placement@royal.ac.in,+91-80-250-2362,Electrical & Electronics Engineering (EEE),B.Tech,30,384,2022,Urban,No,Yes
1-44641785286,1-44641785286,U-0672,ROYAL COLLEGE OF ENGINEERING & TECHNOLOGY,Active,Kerala,Thrissur,Thrissur,"ROYAL COLLEGE OF ENGINEERING & TECHNOLOGY, AKKIKAVU, PO-CHIRAMANANGADU, MARATHANCODE-VIA, THRISSUR-DIST, KERALA, PIN-680 604",682330,10.537408,76.208614,Private-Self Financing,"APJ Abdul Kalam Technological University, Kerala",Approved,Approved,B++,No,,Tier 3,http://www.royal.ac.in,info@royal.ac.in,admissions@royal.ac.in,placement@royal.ac.in,+91-80-250-2362,Computer Science Engineering (CSE),B.Tech,90,384,2022,Urban,No,Yes
1-44641785286,1-44641785286,U-0672,ROYAL COLLEGE OF ENGINEERING & TECHNOLOGY,Active,Kerala,Thrissur,Thrissur,"ROYAL COLLEGE OF ENGINEERING & TECHNOLOGY, AKKIKAVU, PO-CHIRAMANANGADU, MARATHANCODE-VIA, THRISSUR-DIST, KERALA, PIN-680 604",682330,10.537408,76.208614,Private-Self Financing,"APJ Abdul Kalam Technological University, Kerala",Approved,Approved,B++,No,,Tier 3,http://www.royal.ac.in,info@royal.ac.in,admissions@royal.ac.in,placement@royal.ac.in,+91-80-250-2362,Electronics & Communication Engineering (ECE),B.Tech,30,384,2022,Urban,No,Yes
1-44641785286,1-44641785286,U-0672,ROYAL COLLEGE OF ENGINEERING & TECHNOLOGY,Active,Kerala,Thrissur,Thrissur,"ROYAL COLLEGE OF ENGINEERING & TECHNOLOGY, AKKIKAVU, PO-CHIRAMANANGADU, MARATHANCODE-VIA, THRISSUR-DIST, KERALA, PIN-680 604",682330,10.537408,76.208614,Private-Self Financing,"APJ Abdul Kalam Technological University, Kerala",Approved,Approved,B++,No,,Tier 3,http://www.royal.ac.in,info@royal.ac.in,admissions@royal.ac.in,placement@royal.ac.in,+91-80-250-2362,Civil Engineering,B.Tech,30,384,2022,Urban,No,Yes
1-44641785286,1-44641785286,U-0672,ROYAL COLLEGE OF ENGINEERING & TECHNOLOGY,Active,Kerala,Thrissur,Thrissur,"ROYAL COLLEGE OF ENGINEERING & TECHNOLOGY, AKKIKAVU, PO-CHIRAMANANGADU, MARATHANCODE-VIA, THRISSUR-DIST, KERALA, PIN-680 604",682330,10.537408,76.208614,Private-Self Financing,"APJ Abdul Kalam Technological University, Kerala",Approved,Approved,B++,No,,Tier 3,http://www.royal.ac.in,info@royal.ac.in,admissions@royal.ac.in,placement@royal.ac.in,+91-80-250-2362,Computer Science Engineering (CSE),M.Tech,12,384,2022,Urban,No,Yes
1-44641785286,1-44641785286,U-0672,ROYAL COLLEGE OF ENGINEERING & TECHNOLOGY,Active,Kerala,Thrissur,Thrissur,"ROYAL COLLEGE OF ENGINEERING & TECHNOLOGY, AKKIKAVU, PO-CHIRAMANANGADU, MARATHANCODE-VIA, THRISSUR-DIST, KERALA, PIN-680 604",682330,10.537408,76.208614,Private-Self Financing,"APJ Abdul Kalam Technological University, Kerala",Approved,Approved,B++,No,,Tier 3,http://www.royal.ac.in,info@royal.ac.in,admissions@royal.ac.in,placement@royal.ac.in,+91-80-250-2362,Data Science,B.Tech,90,384,2022,Urban,No,Yes
1-44641785286,1-44641785286,U-0672,ROYAL COLLEGE OF ENGINEERING & TECHNOLOGY,Active,Kerala,Thrissur,Thrissur,"ROYAL COLLEGE OF ENGINEERING & TECHNOLOGY, AKKIKAVU, PO-CHIRAMANANGADU, MARATHANCODE-VIA, THRISSUR-DIST, KERALA, PIN-680 604",682330,10.537408,76.208614,Private-Self Financing,"APJ Abdul Kalam Technological University, Kerala",Approved,Approved,B++,No,,Tier 3,http://www.royal.ac.in,info@royal.ac.in,admissions@royal.ac.in,placement@royal.ac.in,+91-80-250-2362,Cyber Security,B.Tech,60,384,2022,Urban,No,Yes
1-44641785286,1-44641785286,U-0672,ROYAL COLLEGE OF ENGINEERING & TECHNOLOGY,Active,Kerala,Thrissur,Thrissur,"ROYAL COLLEGE OF ENGINEERING & TECHNOLOGY, AKKIKAVU, PO-CHIRAMANANGADU, MARATHANCODE-VIA, THRISSUR-DIST, KERALA, PIN-680 604",682330,10.537408,76.208614,Private-Self Financing,"APJ Abdul Kalam Technological University, Kerala",Approved,Approved,B++,No,,Tier 3,http://www.royal.ac.in,info@royal.ac.in,admissions@royal.ac.in,placement@royal.ac.in,+91-80-250-2362,Data Science,M.Tech,12,384,2022,Urban,No,Yes
1-44642011958,1-44642011958,U-0672,MUSLIM ASSOCIATION COLLEGE OF ENGINEERING,Active,Kerala,Thiruvananthapuram,Thiruvananthapuram,VENJARAMOODU TRIVANDRUM (DIST) KERALA,682973,8.527586,76.931722,Private-Self Financing,"APJ Abdul Kalam Technological University, Kerala",Approved,Approved,A+,Yes,,Tier 2,http://www.muslimassociation.ac.in,info@muslimassociation.ac.in,admissions@muslimassociation.ac.in,placement@muslimassociation.ac.in,+91-80-985-0720,Electrical & Electronics Engineering (EEE),B.Tech,30,420,2019,Rural,Yes,Yes
1-44642011958,1-44642011958,U-0672,MUSLIM ASSOCIATION COLLEGE OF ENGINEERING,Active,Kerala,Thiruvananthapuram,Thiruvananthapuram,VENJARAMOODU TRIVANDRUM (DIST) KERALA,682973,8.527586,76.931722,Private-Self Financing,"APJ Abdul Kalam Technological University, Kerala",Approved,Approved,A+,Yes,,Tier 2,http://www.muslimassociation.ac.in,info@muslimassociation.ac.in,admissions@muslimassociation.ac.in,placement@muslimassociation.ac.in,+91-80-985-0720,Electronics & Communication Engineering (ECE),B.Tech,30,420,2019,Rural,Yes,Yes
1-44642011958,1-44642011958,U-0672,MUSLIM ASSOCIATION COLLEGE OF ENGINEERING,Active,Kerala,Thiruvananthapuram,Thiruvananthapuram,VENJARAMOODU TRIVANDRUM (DIST) KERALA,682973,8.527586,76.931722,Private-Self Financing,"APJ Abdul Kalam Technological University, Kerala",Approved,Approved,A+,Yes,,Tier 2,http://www.muslimassociation.ac.in,info@muslimassociation.ac.in,admissions@muslimassociation.ac.in,placement@muslimassociation.ac.in,+91-80-985-0720,Mechanical Engineering,B.Tech,60,420,2019,Rural,Yes,Yes
1-44642011958,1-44642011958,U-0672,MUSLIM ASSOCIATION COLLEGE OF ENGINEERING,Active,Kerala,Thiruvananthapuram,Thiruvananthapuram,VENJARAMOODU TRIVANDRUM (DIST) KERALA,682973,8.527586,76.931722,Private-Self Financing,"APJ Abdul Kalam Technological University, Kerala",Approved,Approved,A+,Yes,,Tier 2,http://www.muslimassociation.ac.in,info@muslimassociation.ac.in,admissions@muslimassociation.ac.in,placement@muslimassociation.ac.in,+91-80-985-0720,Computer Science Engineering (CSE),B.Tech,60,420,2019,Rural,Yes,Yes
1-44642011958,1-44642011958,U-0672,MUSLIM ASSOCIATION COLLEGE OF ENGINEERING,Active,Kerala,Thiruvananthapuram,Thiruvananthapuram,VENJARAMOODU TRIVANDRUM (DIST) KERALA,682973,8.527586,76.931722,Private-Self Financing,"APJ Abdul Kalam Technological University, Kerala",Approved,Approved,A+,Yes,,Tier 2,http://www.muslimassociation.ac.in,info@muslimassociation.ac.in,admissions@muslimassociation.ac.in,placement@muslimassociation.ac.in,+91-80-985-0720,Civil Engineering,B.Tech,60,420,2019,Rural,Yes,Yes
1-44642011958,1-44642011958,U-0672,MUSLIM ASSOCIATION COLLEGE OF ENGINEERING,Active,Kerala,Thiruvananthapuram,Thiruvananthapuram,VENJARAMOODU TRIVANDRUM (DIST) KERALA,682973,8.527586,76.931722,Private-Self Financing,"APJ Abdul Kalam Technological University, Kerala",Approved,Approved,A+,Yes,,Tier 2,http://www.muslimassociation.ac.in,info@muslimassociation.ac.in,admissions@muslimassociation.ac.in,placement@muslimassociation.ac.in,+91-80-985-0720,Civil Engineering,Diploma,60,420,2019,Rural,Yes,Yes
1-44642011958,1-44642011958,U-0672,MUSLIM ASSOCIATION COLLEGE OF ENGINEERING,Active,Kerala,Thiruvananthapuram,Thiruvananthapuram,VENJARAMOODU TRIVANDRUM (DIST) KERALA,682973,8.527586,76.931722,Private-Self Financing,"APJ Abdul Kalam Technological University, Kerala",Approved,Approved,A+,Yes,,Tier 2,http://www.muslimassociation.ac.in,info@muslimassociation.ac.in,admissions@muslimassociation.ac.in,placement@muslimassociation.ac.in,+91-80-985-0720,Computer Science Engineering (CSE),Diploma,60,420,2019,Rural,Yes,Yes
1-44642011958,1-44642011958,U-0672,MUSLIM ASSOCIATION COLLEGE OF ENGINEERING,Active,Kerala,Thiruvananthapuram,Thiruvananthapuram,VENJARAMOODU TRIVANDRUM (DIST) KERALA,682973,8.527586,76.931722,Private-Self Financing,"APJ Abdul Kalam Technological University, Kerala",Approved,Approved,A+,Yes,,Tier 2,http://www.muslimassociation.ac.in,info@muslimassociation.ac.in,admissions@muslimassociation.ac.in,placement@muslimassociation.ac.in,+91-80-985-0720,Mechanical Engineering,Diploma,60,420,2019,Rural,Yes,Yes
1-44642162353,1-44642162353,U-0672,GOVERNMENT ENGINEERING COLLEGE SREEKRISHNAPURAM,Active,Kerala,Palakkad,Palakkad,"GOVERNMENT ENGINEERING COLLEGE SREEKRISHNAPURAM PALAKKAD, MANNAMPATTA P.O, PALAKKAD DIST, KERALA-678633",678633,10.789358,76.644153,Government,"APJ Abdul Kalam Technological University, Kerala",Approved,Approved,A+,Yes,,Tier 2,http://www.sreekrishnapuram.ac.in,info@sreekrishnapuram.ac.in,admissions@sreekrishnapuram.ac.in,placement@sreekrishnapuram.ac.in,+91-80-950-3548,Electrical & Electronics Engineering (EEE),B.Tech,60,468,2021,Rural,Yes,Yes
1-44642162353,1-44642162353,U-0672,GOVERNMENT ENGINEERING COLLEGE SREEKRISHNAPURAM,Active,Kerala,Palakkad,Palakkad,"GOVERNMENT ENGINEERING COLLEGE SREEKRISHNAPURAM PALAKKAD, MANNAMPATTA P.O, PALAKKAD DIST, KERALA-678633",678633,10.789358,76.644153,Government,"APJ Abdul Kalam Technological University, Kerala",Approved,Approved,A+,Yes,,Tier 2,http://www.sreekrishnapuram.ac.in,info@sreekrishnapuram.ac.in,admissions@sreekrishnapuram.ac.in,placement@sreekrishnapuram.ac.in,+91-80-950-3548,Mechanical Engineering,B.Tech,60,468,2021,Rural,Yes,Yes
1-44642162353,1-44642162353,U-0672,GOVERNMENT ENGINEERING COLLEGE SREEKRISHNAPURAM,Active,Kerala,Palakkad,Palakkad,"GOVERNMENT ENGINEERING COLLEGE SREEKRISHNAPURAM PALAKKAD, MANNAMPATTA P.O, PALAKKAD DIST, KERALA-678633",678633,10.789358,76.644153,Government,"APJ Abdul Kalam Technological University, Kerala",Approved,Approved,A+,Yes,,Tier 2,http://www.sreekrishnapuram.ac.in,info@sreekrishnapuram.ac.in,admissions@sreekrishnapuram.ac.in,placement@sreekrishnapuram.ac.in,+91-80-950-3548,Computer Science Engineering (CSE),M.Tech,18,468,2021,Rural,Yes,Yes
1-44642162353,1-44642162353,U-0672,GOVERNMENT ENGINEERING COLLEGE SREEKRISHNAPURAM,Active,Kerala,Palakkad,Palakkad,"GOVERNMENT ENGINEERING COLLEGE SREEKRISHNAPURAM PALAKKAD, MANNAMPATTA P.O, PALAKKAD DIST, KERALA-678633",678633,10.789358,76.644153,Government,"APJ Abdul Kalam Technological University, Kerala",Approved,Approved,A+,Yes,,Tier 2,http://www.sreekrishnapuram.ac.in,info@sreekrishnapuram.ac.in,admissions@sreekrishnapuram.ac.in,placement@sreekrishnapuram.ac.in,+91-80-950-3548,Electronics & Communication Engineering (ECE),B.Tech,60,468,2021,Rural,Yes,Yes
1-44642162353,1-44642162353,U-0672,GOVERNMENT ENGINEERING COLLEGE SREEKRISHNAPURAM,Active,Kerala,Palakkad,Palakkad,"GOVERNMENT ENGINEERING COLLEGE SREEKRISHNAPURAM PALAKKAD, MANNAMPATTA P.O, PALAKKAD DIST, KERALA-678633",678633,10.789358,76.644153,Government,"APJ Abdul Kalam Technological University, Kerala",Approved,Approved,A+,Yes,,Tier 2,http://www.sreekrishnapuram.ac.in,info@sreekrishnapuram.ac.in,admissions@sreekrishnapuram.ac.in,placement@sreekrishnapuram.ac.in,+91-80-950-3548,Computer Science Engineering (CSE),B.Tech,60,468,2021,Rural,Yes,Yes
1-44642162353,1-44642162353,U-0672,GOVERNMENT ENGINEERING COLLEGE SREEKRISHNAPURAM,Active,Kerala,Palakkad,Palakkad,"GOVERNMENT ENGINEERING COLLEGE SREEKRISHNAPURAM PALAKKAD, MANNAMPATTA P.O, PALAKKAD DIST, KERALA-678633",678633,10.789358,76.644153,Government,"APJ Abdul Kalam Technological University, Kerala",Approved,Approved,A+,Yes,,Tier 2,http://www.sreekrishnapuram.ac.in,info@sreekrishnapuram.ac.in,admissions@sreekrishnapuram.ac.in,placement@sreekrishnapuram.ac.in,+91-80-950-3548,Information Technology (IT),B.Tech,60,468,2021,Rural,Yes,Yes
1-44642162353,1-44642162353,U-0672,GOVERNMENT ENGINEERING COLLEGE SREEKRISHNAPURAM,Active,Kerala,Palakkad,Palakkad,"GOVERNMENT ENGINEERING COLLEGE SREEKRISHNAPURAM PALAKKAD, MANNAMPATTA P.O, PALAKKAD DIST, KERALA-678633",678633,10.789358,76.644153,Government,"APJ Abdul Kalam Technological University, Kerala",Approved,Approved,A+,Yes,,Tier 2,http://www.sreekrishnapuram.ac.in,info@sreekrishnapuram.ac.in,admissions@sreekrishnapuram.ac.in,placement@sreekrishnapuram.ac.in,+91-80-950-3548,IoT,M.Tech,18,468,2021,Rural,Yes,Yes
1-44642162353,1-44642162353,U-0672,GOVERNMENT ENGINEERING COLLEGE SREEKRISHNAPURAM,Active,Kerala,Palakkad,Palakkad,"GOVERNMENT ENGINEERING COLLEGE SREEKRISHNAPURAM PALAKKAD, MANNAMPATTA P.O, PALAKKAD DIST, KERALA-678633",678633,10.789358,76.644153,Government,"APJ Abdul Kalam Technological University, Kerala",Approved,Approved,A+,Yes,,Tier 2,http://www.sreekrishnapuram.ac.in,info@sreekrishnapuram.ac.in,admissions@sreekrishnapuram.ac.in,placement@sreekrishnapuram.ac.in,+91-80-950-3548,Robotics,M.Tech,18,468,2021,Rural,Yes,Yes
1-44642162353,1-44642162353,U-0672,GOVERNMENT ENGINEERING COLLEGE SREEKRISHNAPURAM,Active,Kerala,Palakkad,Palakkad,"GOVERNMENT ENGINEERING COLLEGE SREEKRISHNAPURAM PALAKKAD, MANNAMPATTA P.O, PALAKKAD DIST, KERALA-678633",678633,10.789358,76.644153,Government,"APJ Abdul Kalam Technological University, Kerala",Approved,Approved,A+,Yes,,Tier 2,http://www.sreekrishnapuram.ac.in,info@sreekrishnapuram.ac.in,admissions@sreekrishnapuram.ac.in,placement@sreekrishnapuram.ac.in,+91-80-950-3548,Civil Engineering,B.Tech,60,468,2021,Rural,Yes,Yes
1-44642162353,1-44642162353,U-0672,GOVERNMENT ENGINEERING COLLEGE SREEKRISHNAPURAM,Active,Kerala,Palakkad,Palakkad,"GOVERNMENT ENGINEERING COLLEGE SREEKRISHNAPURAM PALAKKAD, MANNAMPATTA P.O, PALAKKAD DIST, KERALA-678633",678633,10.789358,76.644153,Government,"APJ Abdul Kalam Technological University, Kerala",Approved,Approved,A+,Yes,,Tier 2,http://www.sreekrishnapuram.ac.in,info@sreekrishnapuram.ac.in,admissions@sreekrishnapuram.ac.in,placement@sreekrishnapuram.ac.in,+91-80-950-3548,Data Science,M.Tech,18,468,2021,Rural,Yes,Yes
1-44642162353,1-44642162353,U-0672,GOVERNMENT ENGINEERING COLLEGE SREEKRISHNAPURAM,Active,Kerala,Palakkad,Palakkad,"GOVERNMENT ENGINEERING COLLEGE SREEKRISHNAPURAM PALAKKAD, MANNAMPATTA P.O, PALAKKAD DIST, KERALA-678633",678633,10.789358,76.644153,Government,"APJ Abdul Kalam Technological University, Kerala",Approved,Approved,A+,Yes,,Tier 2,http://www.sreekrishnapuram.ac.in,info@sreekrishnapuram.ac.in,admissions@sreekrishnapuram.ac.in,placement@sreekrishnapuram.ac.in,+91-80-950-3548,Electrical Engineering,M.Tech,18,468,2021,Rural,Yes,Yes
1-44642162353,1-44642162353,U-0672,GOVERNMENT ENGINEERING COLLEGE SREEKRISHNAPURAM,Active,Kerala,Palakkad,Palakkad,"GOVERNMENT ENGINEERING COLLEGE SREEKRISHNAPURAM PALAKKAD, MANNAMPATTA P.O, PALAKKAD DIST, KERALA-678633",678633,10.789358,76.644153,Government,"APJ Abdul Kalam Technological University, Kerala",Approved,Approved,A+,Yes,,Tier 2,http://www.sreekrishnapuram.ac.in,info@sreekrishnapuram.ac.in,admissions@sreekrishnapuram.ac.in,placement@sreekrishnapuram.ac.in,+91-80-950-3548,Artificial Intelligence & Machine Learning (AI & ML),M.Tech,18,468,2021,Rural,Yes,Yes
1-44641541596,1-44641541596,U-0672,MENTOR ACADEMY FOR DESIGN ENTREPRENEURSHIP INNOVATION AND TECHNOLOGY,Active,Kerala,Ernakulam,Ernakulam,"ETTAPILLY, MANNATHUR P.O MUVATTUPUZHA PIN:686723 ERNAKULAM KERALA",686723,9.964149,76.280938,Private-Self Financing,"APJ Abdul Kalam Technological University, Kerala",Approved,Approved,B,No,,Tier 3,http://www.mentoracademydesign.ac.in,info@mentoracademydesign.ac.in,admissions@mentoracademydesign.ac.in,placement@mentoracademydesign.ac.in,+91-80-106-9318,Computer Science Engineering (CSE),B.Tech,180,534,1983,Urban,Yes,Yes
1-44641541596,1-44641541596,U-0672,MENTOR ACADEMY FOR DESIGN ENTREPRENEURSHIP INNOVATION AND TECHNOLOGY,Active,Kerala,Ernakulam,Ernakulam,"ETTAPILLY, MANNATHUR P.O MUVATTUPUZHA PIN:686723 ERNAKULAM KERALA",686723,9.964149,76.280938,Private-Self Financing,"APJ Abdul Kalam Technological University, Kerala",Approved,Approved,B,No,,Tier 3,http://www.mentoracademydesign.ac.in,info@mentoracademydesign.ac.in,admissions@mentoracademydesign.ac.in,placement@mentoracademydesign.ac.in,+91-80-106-9318,Other Engineering Branches,M.Tech,36,534,1983,Urban,Yes,Yes
1-44641541596,1-44641541596,U-0672,MENTOR ACADEMY FOR DESIGN ENTREPRENEURSHIP INNOVATION AND TECHNOLOGY,Active,Kerala,Ernakulam,Ernakulam,"ETTAPILLY, MANNATHUR P.O MUVATTUPUZHA PIN:686723 ERNAKULAM KERALA",686723,9.964149,76.280938,Private-Self Financing,"APJ Abdul Kalam Technological University, Kerala",Approved,Approved,B,No,,Tier 3,http://www.mentoracademydesign.ac.in,info@mentoracademydesign.ac.in,admissions@mentoracademydesign.ac.in,placement@mentoracademydesign.ac.in,+91-80-106-9318,Artificial Intelligence & Machine Learning (AI & ML),B.Tech,120,534,1983,Urban,Yes,Yes
1-44641541596,1-44641541596,U-0672,MENTOR ACADEMY FOR DESIGN ENTREPRENEURSHIP INNOVATION AND TECHNOLOGY,Active,Kerala,Ernakulam,Ernakulam,"ETTAPILLY, MANNATHUR P.O MUVATTUPUZHA PIN:686723 ERNAKULAM KERALA",686723,9.964149,76.280938,Private-Self Financing,"APJ Abdul Kalam Technological University, Kerala",Approved,Approved,B,No,,Tier 3,http://www.mentoracademydesign.ac.in,info@mentoracademydesign.ac.in,admissions@mentoracademydesign.ac.in,placement@mentoracademydesign.ac.in,+91-80-106-9318,Data Science,B.Tech,120,534,1983,Urban,Yes,Yes
1-44641541596,1-44641541596,U-0672,MENTOR ACADEMY FOR DESIGN ENTREPRENEURSHIP INNOVATION AND TECHNOLOGY,Active,Kerala,Ernakulam,Ernakulam,"ETTAPILLY, MANNATHUR P.O MUVATTUPUZHA PIN:686723 ERNAKULAM KERALA",686723,9.964149,76.280938,Private-Self Financing,"APJ Abdul Kalam Technological University, Kerala",Approved,Approved,B,No,,Tier 3,http://www.mentoracademydesign.ac.in,info@mentoracademydesign.ac.in,admissions@mentoracademydesign.ac.in,placement@mentoracademydesign.ac.in,+91-80-106-9318,IoT,B.Tech,30,534,1983,Urban,Yes,Yes
1-44641541596,1-44641541596,U-0672,MENTOR ACADEMY FOR DESIGN ENTREPRENEURSHIP INNOVATION AND TECHNOLOGY,Active,Kerala,Ernakulam,Ernakulam,"ETTAPILLY, MANNATHUR P.O MUVATTUPUZHA PIN:686723 ERNAKULAM KERALA",686723,9.964149,76.280938,Private-Self Financing,"APJ Abdul Kalam Technological University, Kerala",Approved,Approved,B,No,,Tier 3,http://www.mentoracademydesign.ac.in,info@mentoracademydesign.ac.in,admissions@mentoracademydesign.ac.in,placement@mentoracademydesign.ac.in,+91-80-106-9318,Cyber Security,B.Tech,30,534,1983,Urban,Yes,Yes
1-44641541596,1-44641541596,U-0672,MENTOR ACADEMY FOR DESIGN ENTREPRENEURSHIP INNOVATION AND TECHNOLOGY,Active,Kerala,Ernakulam,Ernakulam,"ETTAPILLY, MANNATHUR P.O MUVATTUPUZHA PIN:686723 ERNAKULAM KERALA",686723,9.964149,76.280938,Private-Self Financing,"APJ Abdul Kalam Technological University, Kerala",Approved,Approved,B,No,,Tier 3,http://www.mentoracademydesign.ac.in,info@mentoracademydesign.ac.in,admissions@mentoracademydesign.ac.in,placement@mentoracademydesign.ac.in,+91-80-106-9318,Computer Science Engineering (CSE),M.Tech,18,534,1983,Urban,Yes,Yes
1-44642353482,1-44642353482,U-0672,COLLEGE OF ENGINEERING ADOOR,Active,Kerala,Pathanamthitta,Pathanamthitta,"COLLEGE OF ENGINEERING ADOOR, MANAKKALA PO, PATHANAMTHITTA DISTRICT, KERALA, PIN CODE - 691 551",682000,10.865561,76.267437,Government,"APJ Abdul Kalam Technological University, Kerala",Approved,Approved,A+,Yes,,Tier 2,http://www.adoor.ac.in,info@adoor.ac.in,admissions@adoor.ac.in,placement@adoor.ac.in,+91-80-470-5512,Electronics & Communication Engineering (ECE),B.Tech,60,360,2001,Urban,Yes,Yes
1-44642353482,1-44642353482,U-0672,COLLEGE OF ENGINEERING ADOOR,Active,Kerala,Pathanamthitta,Pathanamthitta,"COLLEGE OF ENGINEERING ADOOR, MANAKKALA PO, PATHANAMTHITTA DISTRICT, KERALA, PIN CODE - 691 551",682000,10.865561,76.267437,Government,"APJ Abdul Kalam Technological University, Kerala",Approved,Approved,A+,Yes,,Tier 2,http://www.adoor.ac.in,info@adoor.ac.in,admissions@adoor.ac.in,placement@adoor.ac.in,+91-80-470-5512,Mechanical Engineering,B.Tech,60,360,2001,Urban,Yes,Yes
1-44642353482,1-44642353482,U-0672,COLLEGE OF ENGINEERING ADOOR,Active,Kerala,Pathanamthitta,Pathanamthitta,"COLLEGE OF ENGINEERING ADOOR, MANAKKALA PO, PATHANAMTHITTA DISTRICT, KERALA, PIN CODE - 691 551",682000,10.865561,76.267437,Government,"APJ Abdul Kalam Technological University, Kerala",Approved,Approved,A+,Yes,,Tier 2,http://www.adoor.ac.in,info@adoor.ac.in,admissions@adoor.ac.in,placement@adoor.ac.in,+91-80-470-5512,Electrical & Electronics Engineering (EEE),B.Tech,60,360,2001,Urban,Yes,Yes
1-44642353482,1-44642353482,U-0672,COLLEGE OF ENGINEERING ADOOR,Active,Kerala,Pathanamthitta,Pathanamthitta,"COLLEGE OF ENGINEERING ADOOR, MANAKKALA PO, PATHANAMTHITTA DISTRICT, KERALA, PIN CODE - 691 551",682000,10.865561,76.267437,Government,"APJ Abdul Kalam Technological University, Kerala",Approved,Approved,A+,Yes,,Tier 2,http://www.adoor.ac.in,info@adoor.ac.in,admissions@adoor.ac.in,placement@adoor.ac.in,+91-80-470-5512,Computer Science Engineering (CSE),B.Tech,120,360,2001,Urban,Yes,Yes
1-44642353482,1-44642353482,U-0672,COLLEGE OF ENGINEERING ADOOR,Active,Kerala,Pathanamthitta,Pathanamthitta,"COLLEGE OF ENGINEERING ADOOR, MANAKKALA PO, PATHANAMTHITTA DISTRICT, KERALA, PIN CODE - 691 551",682000,10.865561,76.267437,Government,"APJ Abdul Kalam Technological University, Kerala",Approved,Approved,A+,Yes,,Tier 2,http://www.adoor.ac.in,info@adoor.ac.in,admissions@adoor.ac.in,placement@adoor.ac.in,+91-80-470-5512,Data Science,B.Tech,60,360,2001,Urban,Yes,Yes
1-44641837216,1-44641837216,U-0672,YOUNUS COLLEGE OF ENGINEERING AND TECHNOLOGY,Active,Kerala,Kollam,Kollam,"MANAKKAD, VADAKKEVILA.P.O., KOLLAM - 691010",691010,8.892609,76.622345,Private-Self Financing,"APJ Abdul Kalam Technological University, Kerala",Approved,Approved,B++,Yes,,Tier 3,http://www.younus.ac.in,info@younus.ac.in,admissions@younus.ac.in,placement@younus.ac.in,+91-80-814-0980,Computer Science Engineering (CSE),M.Tech,12,372,1989,Urban,Yes,Yes
1-44641837216,1-44641837216,U-0672,YOUNUS COLLEGE OF ENGINEERING AND TECHNOLOGY,Active,Kerala,Kollam,Kollam,"MANAKKAD, VADAKKEVILA.P.O., KOLLAM - 691010",691010,8.892609,76.622345,Private-Self Financing,"APJ Abdul Kalam Technological University, Kerala",Approved,Approved,B++,Yes,,Tier 3,http://www.younus.ac.in,info@younus.ac.in,admissions@younus.ac.in,placement@younus.ac.in,+91-80-814-0980,Other Engineering Branches,M.Tech,60,372,1989,Urban,Yes,Yes
1-44641837216,1-44641837216,U-0672,YOUNUS COLLEGE OF ENGINEERING AND TECHNOLOGY,Active,Kerala,Kollam,Kollam,"MANAKKAD, VADAKKEVILA.P.O., KOLLAM - 691010",691010,8.892609,76.622345,Private-Self Financing,"APJ Abdul Kalam Technological University, Kerala",Approved,Approved,B++,Yes,,Tier 3,http://www.younus.ac.in,info@younus.ac.in,admissions@younus.ac.in,placement@younus.ac.in,+91-80-814-0980,Civil Engineering,B.Tech,60,372,1989,Urban,Yes,Yes
1-44641837216,1-44641837216,U-0672,YOUNUS COLLEGE OF ENGINEERING AND TECHNOLOGY,Active,Kerala,Kollam,Kollam,"MANAKKAD, VADAKKEVILA.P.O., KOLLAM - 691010",691010,8.892609,76.622345,Private-Self Financing,"APJ Abdul Kalam Technological University, Kerala",Approved,Approved,B++,Yes,,Tier 3,http://www.younus.ac.in,info@younus.ac.in,admissions@younus.ac.in,placement@younus.ac.in,+91-80-814-0980,Electrical & Electronics Engineering (EEE),B.Tech,30,372,1989,Urban,Yes,Yes
1-44641837216,1-44641837216,U-0672,YOUNUS COLLEGE OF ENGINEERING AND TECHNOLOGY,Active,Kerala,Kollam,Kollam,"MANAKKAD, VADAKKEVILA.P.O., KOLLAM - 691010",691010,8.892609,76.622345,Private-Self Financing,"APJ Abdul Kalam Technological University, Kerala",Approved,Approved,B++,Yes,,Tier 3,http://www.younus.ac.in,info@younus.ac.in,admissions@younus.ac.in,placement@younus.ac.in,+91-80-814-0980,Electronics & Communication Engineering (ECE),B.Tech,30,372,1989,Urban,Yes,Yes
1-44641837216,1-44641837216,U-0672,YOUNUS COLLEGE OF ENGINEERING AND TECHNOLOGY,Active,Kerala,Kollam,Kollam,"MANAKKAD, VADAKKEVILA.P.O., KOLLAM - 691010",691010,8.892609,76.622345,Private-Self Financing,"APJ Abdul Kalam Technological University, Kerala",Approved,Approved,B++,Yes,,Tier 3,http://www.younus.ac.in,info@younus.ac.in,admissions@younus.ac.in,placement@younus.ac.in,+91-80-814-0980,Mechanical Engineering,B.Tech,60,372,1989,Urban,Yes,Yes
1-44641837216,1-44641837216,U-0672,YOUNUS COLLEGE OF ENGINEERING AND TECHNOLOGY,Active,Kerala,Kollam,Kollam,"MANAKKAD, VADAKKEVILA.P.O., KOLLAM - 691010",691010,8.892609,76.622345,Private-Self Financing,"APJ Abdul Kalam Technological University, Kerala",Approved,Approved,B++,Yes,,Tier 3,http://www.younus.ac.in,info@younus.ac.in,admissions@younus.ac.in,placement@younus.ac.in,+91-80-814-0980,Computer Science Engineering (CSE),B.Tech,60,372,1989,Urban,Yes,Yes
1-44641837216,1-44641837216,U-0672,YOUNUS COLLEGE OF ENGINEERING AND TECHNOLOGY,Active,Kerala,Kollam,Kollam,"MANAKKAD, VADAKKEVILA.P.O., KOLLAM - 691010",691010,8.892609,76.622345,Private-Self Financing,"APJ Abdul Kalam Technological University, Kerala",Approved,Approved,B++,Yes,,Tier 3,http://www.younus.ac.in,info@younus.ac.in,admissions@younus.ac.in,placement@younus.ac.in,+91-80-814-0980,Data Science,B.Tech,60,372,1989,Urban,Yes,Yes
1-44641881224,1-44641881224,U-0672,"TRAVANCORE ENGINEERING COLLEGE, OYOOR",Active,Kerala,Kollam,Kollam,"ROADVILA, CHERIYAVELINALLOOR P.O,  OYOOR, KOLLAM DISTRICT KERALA, SOUTH INDIA PIN - 691516.",691516,8.890752,76.630792,Private-Self Financing,"APJ Abdul Kalam Technological University, Kerala",Approved,Approved,B,No,,Tier 3,http://www.travancoreoyoor.ac.in,info@travancoreoyoor.ac.in,admissions@travancoreoyoor.ac.in,placement@travancoreoyoor.ac.in,+91-80-736-1770,Electrical & Electronics Engineering (EEE),B.Tech,15,135,2014,Urban,Yes,Yes
1-44641881224,1-44641881224,U-0672,"TRAVANCORE ENGINEERING COLLEGE, OYOOR",Active,Kerala,Kollam,Kollam,"ROADVILA, CHERIYAVELINALLOOR P.O,  OYOOR, KOLLAM DISTRICT KERALA, SOUTH INDIA PIN - 691516.",691516,8.890752,76.630792,Private-Self Financing,"APJ Abdul Kalam Technological University, Kerala",Approved,Approved,B,No,,Tier 3,http://www.travancoreoyoor.ac.in,info@travancoreoyoor.ac.in,admissions@travancoreoyoor.ac.in,placement@travancoreoyoor.ac.in,+91-80-736-1770,Computer Science Engineering (CSE),B.Tech,60,135,2014,Urban,Yes,Yes
1-44641881224,1-44641881224,U-0672,"TRAVANCORE ENGINEERING COLLEGE, OYOOR",Active,Kerala,Kollam,Kollam,"ROADVILA, CHERIYAVELINALLOOR P.O,  OYOOR, KOLLAM DISTRICT KERALA, SOUTH INDIA PIN - 691516.",691516,8.890752,76.630792,Private-Self Financing,"APJ Abdul Kalam Technological University, Kerala",Approved,Approved,B,No,,Tier 3,http://www.travancoreoyoor.ac.in,info@travancoreoyoor.ac.in,admissions@travancoreoyoor.ac.in,placement@travancoreoyoor.ac.in,+91-80-736-1770,Mechanical Engineering,B.Tech,30,135,2014,Urban,Yes,Yes
1-44641881224,1-44641881224,U-0672,"TRAVANCORE ENGINEERING COLLEGE, OYOOR",Active,Kerala,Kollam,Kollam,"ROADVILA, CHERIYAVELINALLOOR P.O,  OYOOR, KOLLAM DISTRICT KERALA, SOUTH INDIA PIN - 691516.",691516,8.890752,76.630792,Private-Self Financing,"APJ Abdul Kalam Technological University, Kerala",Approved,Approved,B,No,,Tier 3,http://www.travancoreoyoor.ac.in,info@travancoreoyoor.ac.in,admissions@travancoreoyoor.ac.in,placement@travancoreoyoor.ac.in,+91-80-736-1770,Civil Engineering,B.Tech,30,135,2014,Urban,Yes,Yes
1-44643668067,1-44643668067,U-0672,"MEA ENGINEERING COLLEGE, PERINTHALMANNA",Active,Kerala,Malappuram,Malappuram,PATTIKKAD POST VENGOOR MALAPPURAM DISTRICT 679325 PIN KERALA STATE,679325,10.85263,76.278368,Private-Self Financing,"APJ Abdul Kalam Technological University, Kerala",Approved,Approved,B,No,,Tier 3,http://www.meaperinthalmanna.ac.in,info@meaperinthalmanna.ac.in,admissions@meaperinthalmanna.ac.in,placement@meaperinthalmanna.ac.in,+91-80-928-1966,Computer Science Engineering (CSE),B.Tech,150,360,2010,Urban,No,Yes
1-44643668067,1-44643668067,U-0672,"MEA ENGINEERING COLLEGE, PERINTHALMANNA",Active,Kerala,Malappuram,Malappuram,PATTIKKAD POST VENGOOR MALAPPURAM DISTRICT 679325 PIN KERALA STATE,679325,10.85263,76.278368,Private-Self Financing,"APJ Abdul Kalam Technological University, Kerala",Approved,Approved,B,No,,Tier 3,http://www.meaperinthalmanna.ac.in,info@meaperinthalmanna.ac.in,admissions@meaperinthalmanna.ac.in,placement@meaperinthalmanna.ac.in,+91-80-928-1966,Information Technology (IT),B.Tech,30,360,2010,Urban,No,Yes
1-44643668067,1-44643668067,U-0672,"MEA ENGINEERING COLLEGE, PERINTHALMANNA",Active,Kerala,Malappuram,Malappuram,PATTIKKAD POST VENGOOR MALAPPURAM DISTRICT 679325 PIN KERALA STATE,679325,10.85263,76.278368,Private-Self Financing,"APJ Abdul Kalam Technological University, Kerala",Approved,Approved,B,No,,Tier 3,http://www.meaperinthalmanna.ac.in,info@meaperinthalmanna.ac.in,admissions@meaperinthalmanna.ac.in,placement@meaperinthalmanna.ac.in,+91-80-928-1966,Electrical & Electronics Engineering (EEE),B.Tech,30,360,2010,Urban,No,Yes
1-44643668067,1-44643668067,U-0672,"MEA ENGINEERING COLLEGE, PERINTHALMANNA",Active,Kerala,Malappuram,Malappuram,PATTIKKAD POST VENGOOR MALAPPURAM DISTRICT 679325 PIN KERALA STATE,679325,10.85263,76.278368,Private-Self Financing,"APJ Abdul Kalam Technological University, Kerala",Approved,Approved,B,No,,Tier 3,http://www.meaperinthalmanna.ac.in,info@meaperinthalmanna.ac.in,admissions@meaperinthalmanna.ac.in,placement@meaperinthalmanna.ac.in,+91-80-928-1966,Mechanical Engineering,B.Tech,30,360,2010,Urban,No,Yes
1-44643668067,1-44643668067,U-0672,"MEA ENGINEERING COLLEGE, PERINTHALMANNA",Active,Kerala,Malappuram,Malappuram,PATTIKKAD POST VENGOOR MALAPPURAM DISTRICT 679325 PIN KERALA STATE,679325,10.85263,76.278368,Private-Self Financing,"APJ Abdul Kalam Technological University, Kerala",Approved,Approved,B,No,,Tier 3,http://www.meaperinthalmanna.ac.in,info@meaperinthalmanna.ac.in,admissions@meaperinthalmanna.ac.in,placement@meaperinthalmanna.ac.in,+91-80-928-1966,Civil Engineering,B.Tech,30,360,2010,Urban,No,Yes
1-44643668067,1-44643668067,U-0672,"MEA ENGINEERING COLLEGE, PERINTHALMANNA",Active,Kerala,Malappuram,Malappuram,PATTIKKAD POST VENGOOR MALAPPURAM DISTRICT 679325 PIN KERALA STATE,679325,10.85263,76.278368,Private-Self Financing,"APJ Abdul Kalam Technological University, Kerala",Approved,Approved,B,No,,Tier 3,http://www.meaperinthalmanna.ac.in,info@meaperinthalmanna.ac.in,admissions@meaperinthalmanna.ac.in,placement@meaperinthalmanna.ac.in,+91-80-928-1966,Data Science,B.Tech,60,360,2010,Urban,No,Yes
1-44643668067,1-44643668067,U-0672,"MEA ENGINEERING COLLEGE, PERINTHALMANNA",Active,Kerala,Malappuram,Malappuram,PATTIKKAD POST VENGOOR MALAPPURAM DISTRICT 679325 PIN KERALA STATE,679325,10.85263,76.278368,Private-Self Financing,"APJ Abdul Kalam Technological University, Kerala",Approved,Approved,B,No,,Tier 3,http://www.meaperinthalmanna.ac.in,info@meaperinthalmanna.ac.in,admissions@meaperinthalmanna.ac.in,placement@meaperinthalmanna.ac.in,+91-80-928-1966,Artificial Intelligence & Machine Learning (AI & ML),B.Tech,30,360,2010,Urban,No,Yes
1-44643582147,1-44643582147,U-0672,COLLEGE OF ENGINEERING PERUMON,Active,Kerala,Kollam,Kollam,COLLEGE OF ENGINEERING PERUMON PERINAD P O PERUMON KOLLAM 691601 KERALA,691601,8.885353,76.618301,Government,"APJ Abdul Kalam Technological University, Kerala",Approved,Approved,B++,Yes,,Tier 3,http://www.perumon.ac.in,info@perumon.ac.in,admissions@perumon.ac.in,placement@perumon.ac.in,+91-80-509-7370,Computer Science Engineering (CSE),B.Tech,180,480,2020,Urban,Yes,No
1-44643582147,1-44643582147,U-0672,COLLEGE OF ENGINEERING PERUMON,Active,Kerala,Kollam,Kollam,COLLEGE OF ENGINEERING PERUMON PERINAD P O PERUMON KOLLAM 691601 KERALA,691601,8.885353,76.618301,Government,"APJ Abdul Kalam Technological University, Kerala",Approved,Approved,B++,Yes,,Tier 3,http://www.perumon.ac.in,info@perumon.ac.in,admissions@perumon.ac.in,placement@perumon.ac.in,+91-80-509-7370,Mechanical Engineering,B.Tech,60,480,2020,Urban,Yes,No
1-44643582147,1-44643582147,U-0672,COLLEGE OF ENGINEERING PERUMON,Active,Kerala,Kollam,Kollam,COLLEGE OF ENGINEERING PERUMON PERINAD P O PERUMON KOLLAM 691601 KERALA,691601,8.885353,76.618301,Government,"APJ Abdul Kalam Technological University, Kerala",Approved,Approved,B++,Yes,,Tier 3,http://www.perumon.ac.in,info@perumon.ac.in,admissions@perumon.ac.in,placement@perumon.ac.in,+91-80-509-7370,Electrical & Electronics Engineering (EEE),B.Tech,60,480,2020,Urban,Yes,No
1-44643582147,1-44643582147,U-0672,COLLEGE OF ENGINEERING PERUMON,Active,Kerala,Kollam,Kollam,COLLEGE OF ENGINEERING PERUMON PERINAD P O PERUMON KOLLAM 691601 KERALA,691601,8.885353,76.618301,Government,"APJ Abdul Kalam Technological University, Kerala",Approved,Approved,B++,Yes,,Tier 3,http://www.perumon.ac.in,info@perumon.ac.in,admissions@perumon.ac.in,placement@perumon.ac.in,+91-80-509-7370,Electronics & Communication Engineering (ECE),B.Tech,120,480,2020,Urban,Yes,No
1-44643582147,1-44643582147,U-0672,COLLEGE OF ENGINEERING PERUMON,Active,Kerala,Kollam,Kollam,COLLEGE OF ENGINEERING PERUMON PERINAD P O PERUMON KOLLAM 691601 KERALA,691601,8.885353,76.618301,Government,"APJ Abdul Kalam Technological University, Kerala",Approved,Approved,B++,Yes,,Tier 3,http://www.perumon.ac.in,info@perumon.ac.in,admissions@perumon.ac.in,placement@perumon.ac.in,+91-80-509-7370,Data Science,B.Tech,60,480,2020,Urban,Yes,No
1-44643762001,1-44643762001,U-0672,SCMS SCHOOL OF ENGINEERING & TECHNOLOGY,Active,Kerala,Ernakulam,Ernakulam,"VIDYA NAGAR, PALISSERY, KARUKUTTY",682234,9.993413,76.288269,Private-Self Financing,"APJ Abdul Kalam Technological University, Kerala",Approved,Approved,B+,No,,Tier 3,http://www.scmsschool.ac.in,info@scmsschool.ac.in,admissions@scmsschool.ac.in,placement@scmsschool.ac.in,+91-80-334-3285,Civil Engineering,B.Tech,30,636,2012,Rural,Yes,Yes
1-44643762001,1-44643762001,U-0672,SCMS SCHOOL OF ENGINEERING & TECHNOLOGY,Active,Kerala,Ernakulam,Ernakulam,"VIDYA NAGAR, PALISSERY, KARUKUTTY",682234,9.993413,76.288269,Private-Self Financing,"APJ Abdul Kalam Technological University, Kerala",Approved,Approved,B+,No,,Tier 3,http://www.scmsschool.ac.in,info@scmsschool.ac.in,admissions@scmsschool.ac.in,placement@scmsschool.ac.in,+91-80-334-3285,Computer Science Engineering (CSE),B.Tech,300,636,2012,Rural,Yes,Yes
1-44643762001,1-44643762001,U-0672,SCMS SCHOOL OF ENGINEERING & TECHNOLOGY,Active,Kerala,Ernakulam,Ernakulam,"VIDYA NAGAR, PALISSERY, KARUKUTTY",682234,9.993413,76.288269,Private-Self Financing,"APJ Abdul Kalam Technological University, Kerala",Approved,Approved,B+,No,,Tier 3,http://www.scmsschool.ac.in,info@scmsschool.ac.in,admissions@scmsschool.ac.in,placement@scmsschool.ac.in,+91-80-334-3285,Electronics & Communication Engineering (ECE),B.Tech,90,636,2012,Rural,Yes,Yes
1-44643762001,1-44643762001,U-0672,SCMS SCHOOL OF ENGINEERING & TECHNOLOGY,Active,Kerala,Ernakulam,Ernakulam,"VIDYA NAGAR, PALISSERY, KARUKUTTY",682234,9.993413,76.288269,Private-Self Financing,"APJ Abdul Kalam Technological University, Kerala",Approved,Approved,B+,No,,Tier 3,http://www.scmsschool.ac.in,info@scmsschool.ac.in,admissions@scmsschool.ac.in,placement@scmsschool.ac.in,+91-80-334-3285,Mechanical Engineering,B.Tech,30,636,2012,Rural,Yes,Yes
1-44643762001,1-44643762001,U-0672,SCMS SCHOOL OF ENGINEERING & TECHNOLOGY,Active,Kerala,Ernakulam,Ernakulam,"VIDYA NAGAR, PALISSERY, KARUKUTTY",682234,9.993413,76.288269,Private-Self Financing,"APJ Abdul Kalam Technological University, Kerala",Approved,Approved,B+,No,,Tier 3,http://www.scmsschool.ac.in,info@scmsschool.ac.in,admissions@scmsschool.ac.in,placement@scmsschool.ac.in,+91-80-334-3285,Other Engineering Branches,M.Tech,36,636,2012,Rural,Yes,Yes
1-44643762001,1-44643762001,U-0672,SCMS SCHOOL OF ENGINEERING & TECHNOLOGY,Active,Kerala,Ernakulam,Ernakulam,"VIDYA NAGAR, PALISSERY, KARUKUTTY",682234,9.993413,76.288269,Private-Self Financing,"APJ Abdul Kalam Technological University, Kerala",Approved,Approved,B+,No,,Tier 3,http://www.scmsschool.ac.in,info@scmsschool.ac.in,admissions@scmsschool.ac.in,placement@scmsschool.ac.in,+91-80-334-3285,Electrical & Electronics Engineering (EEE),B.Tech,30,636,2012,Rural,Yes,Yes
1-44643762001,1-44643762001,U-0672,SCMS SCHOOL OF ENGINEERING & TECHNOLOGY,Active,Kerala,Ernakulam,Ernakulam,"VIDYA NAGAR, PALISSERY, KARUKUTTY",682234,9.993413,76.288269,Private-Self Financing,"APJ Abdul Kalam Technological University, Kerala",Approved,Approved,B+,No,,Tier 3,http://www.scmsschool.ac.in,info@scmsschool.ac.in,admissions@scmsschool.ac.in,placement@scmsschool.ac.in,+91-80-334-3285,Automobile Engineering,B.Tech,30,636,2012,Rural,Yes,Yes
1-44643762001,1-44643762001,U-0672,SCMS SCHOOL OF ENGINEERING & TECHNOLOGY,Active,Kerala,Ernakulam,Ernakulam,"VIDYA NAGAR, PALISSERY, KARUKUTTY",682234,9.993413,76.288269,Private-Self Financing,"APJ Abdul Kalam Technological University, Kerala",Approved,Approved,B+,No,,Tier 3,http://www.scmsschool.ac.in,info@scmsschool.ac.in,admissions@scmsschool.ac.in,placement@scmsschool.ac.in,+91-80-334-3285,Data Science,B.Tech,60,636,2012,Rural,Yes,Yes
1-44643762001,1-44643762001,U-0672,SCMS SCHOOL OF ENGINEERING & TECHNOLOGY,Active,Kerala,Ernakulam,Ernakulam,"VIDYA NAGAR, PALISSERY, KARUKUTTY",682234,9.993413,76.288269,Private-Self Financing,"APJ Abdul Kalam Technological University, Kerala",Approved,Approved,B+,No,,Tier 3,http://www.scmsschool.ac.in,info@scmsschool.ac.in,admissions@scmsschool.ac.in,placement@scmsschool.ac.in,+91-80-334-3285,Other Engineering Branches,B.Tech,30,636,2012,Rural,Yes,Yes
1-44643785786,1-44643785786,U-0588,SREE CHITRA TIRUNAL INSTITUTE FOR MEDICAL SCIENCES AND TECHNOLOGY,Active,Kerala,Thiruvananthapuram,Thiruvananthapuram,"SREE CHITRA TIRUNAL INSTITUTE FOR MEDICAL SCIENCES & TECHNOLOGY THIRUVANANTHAPURAM - 695 011, KERALA, INDIA",682973,8.525045,76.937773,Government,"Sree Chitra Thirunal Institute of Medical Sciences and Technology, Thiruvananthapuram",Approved,Approved,B,No,,Tier 3,http://www.sreechitratirunal.ac.in,info@sreechitratirunal.ac.in,admissions@sreechitratirunal.ac.in,placement@sreechitratirunal.ac.in,+91-80-878-5031,Other Engineering Branches,M.Tech,10,10,2017,Rural,Yes,Yes
1-44643157365,1-44643157365,U-0672,BASELIOS MATHEWS II COLLEGE OF ENGINEERING,Active,Kerala,Kollam,Kollam,"LAKE VIEW, MUTHUPILAKADU, SASTHAMCOTTA, KOLLAM DIST,KERALA,INDIA, PIN:690520.",690520,8.897745,76.61588,Private-Self Financing,"APJ Abdul Kalam Technological University, Kerala",Approved,Approved,A,No,,Tier 3,http://www.baseliosmathewsii.ac.in,info@baseliosmathewsii.ac.in,admissions@baseliosmathewsii.ac.in,placement@baseliosmathewsii.ac.in,+91-80-029-4923,Electronics & Communication Engineering (ECE),B.Tech,30,630,1999,Urban,No,Yes
1-44643157365,1-44643157365,U-0672,BASELIOS MATHEWS II COLLEGE OF ENGINEERING,Active,Kerala,Kollam,Kollam,"LAKE VIEW, MUTHUPILAKADU, SASTHAMCOTTA, KOLLAM DIST,KERALA,INDIA, PIN:690520.",690520,8.897745,76.61588,Private-Self Financing,"APJ Abdul Kalam Technological University, Kerala",Approved,Approved,A,No,,Tier 3,http://www.baseliosmathewsii.ac.in,info@baseliosmathewsii.ac.in,admissions@baseliosmathewsii.ac.in,placement@baseliosmathewsii.ac.in,+91-80-029-4923,Computer Science Engineering (CSE),B.Tech,120,630,1999,Urban,No,Yes
1-44643157365,1-44643157365,U-0672,BASELIOS MATHEWS II COLLEGE OF ENGINEERING,Active,Kerala,Kollam,Kollam,"LAKE VIEW, MUTHUPILAKADU, SASTHAMCOTTA, KOLLAM DIST,KERALA,INDIA, PIN:690520.",690520,8.897745,76.61588,Private-Self Financing,"APJ Abdul Kalam Technological University, Kerala",Approved,Approved,A,No,,Tier 3,http://www.baseliosmathewsii.ac.in,info@baseliosmathewsii.ac.in,admissions@baseliosmathewsii.ac.in,placement@baseliosmathewsii.ac.in,+91-80-029-4923,Electrical & Electronics Engineering (EEE),B.Tech,30,630,1999,Urban,No,Yes
1-44643157365,1-44643157365,U-0672,BASELIOS MATHEWS II COLLEGE OF ENGINEERING,Active,Kerala,Kollam,Kollam,"LAKE VIEW, MUTHUPILAKADU, SASTHAMCOTTA, KOLLAM DIST,KERALA,INDIA, PIN:690520.",690520,8.897745,76.61588,Private-Self Financing,"APJ Abdul Kalam Technological University, Kerala",Approved,Approved,A,No,,Tier 3,http://www.baseliosmathewsii.ac.in,info@baseliosmathewsii.ac.in,admissions@baseliosmathewsii.ac.in,placement@baseliosmathewsii.ac.in,+91-80-029-4923,Civil Engineering,B.Tech,30,630,1999,Urban,No,Yes
1-44643157365,1-44643157365,U-0672,BASELIOS MATHEWS II COLLEGE OF ENGINEERING,Active,Kerala,Kollam,Kollam,"LAKE VIEW, MUTHUPILAKADU, SASTHAMCOTTA, KOLLAM DIST,KERALA,INDIA, PIN:690520.",690520,8.897745,76.61588,Private-Self Financing,"APJ Abdul Kalam Technological University, Kerala",Approved,Approved,A,No,,Tier 3,http://www.baseliosmathewsii.ac.in,info@baseliosmathewsii.ac.in,admissions@baseliosmathewsii.ac.in,placement@baseliosmathewsii.ac.in,+91-80-029-4923,Mechanical Engineering,B.Tech,30,630,1999,Urban,No,Yes
1-44643157365,1-44643157365,U-0672,BASELIOS MATHEWS II COLLEGE OF ENGINEERING,Active,Kerala,Kollam,Kollam,"LAKE VIEW, MUTHUPILAKADU, SASTHAMCOTTA, KOLLAM DIST,KERALA,INDIA, PIN:690520.",690520,8.897745,76.61588,Private-Self Financing,"APJ Abdul Kalam Technological University, Kerala",Approved,Approved,A,No,,Tier 3,http://www.baseliosmathewsii.ac.in,info@baseliosmathewsii.ac.in,admissions@baseliosmathewsii.ac.in,placement@baseliosmathewsii.ac.in,+91-80-029-4923,Other Engineering Branches,B.Tech,90,630,1999,Urban,No,Yes
1-44643157365,1-44643157365,U-0672,BASELIOS MATHEWS II COLLEGE OF ENGINEERING,Active,Kerala,Kollam,Kollam,"LAKE VIEW, MUTHUPILAKADU, SASTHAMCOTTA, KOLLAM DIST,KERALA,INDIA, PIN:690520.",690520,8.897745,76.61588,Private-Self Financing,"APJ Abdul Kalam Technological University, Kerala",Approved,Approved,A,No,,Tier 3,http://www.baseliosmathewsii.ac.in,info@baseliosmathewsii.ac.in,admissions@baseliosmathewsii.ac.in,placement@baseliosmathewsii.ac.in,+91-80-029-4923,Civil Engineering,Diploma,60,630,1999,Urban,No,Yes
1-44643157365,1-44643157365,U-0672,BASELIOS MATHEWS II COLLEGE OF ENGINEERING,Active,Kerala,Kollam,Kollam,"LAKE VIEW, MUTHUPILAKADU, SASTHAMCOTTA, KOLLAM DIST,KERALA,INDIA, PIN:690520.",690520,8.897745,76.61588,Private-Self Financing,"APJ Abdul Kalam Technological University, Kerala",Approved,Approved,A,No,,Tier 3,http://www.baseliosmathewsii.ac.in,info@baseliosmathewsii.ac.in,admissions@baseliosmathewsii.ac.in,placement@baseliosmathewsii.ac.in,+91-80-029-4923,Mechanical Engineering,Diploma,60,630,1999,Urban,No,Yes
1-44643157365,1-44643157365,U-0672,BASELIOS MATHEWS II COLLEGE OF ENGINEERING,Active,Kerala,Kollam,Kollam,"LAKE VIEW, MUTHUPILAKADU, SASTHAMCOTTA, KOLLAM DIST,KERALA,INDIA, PIN:690520.",690520,8.897745,76.61588,Private-Self Financing,"APJ Abdul Kalam Technological University, Kerala",Approved,Approved,A,No,,Tier 3,http://www.baseliosmathewsii.ac.in,info@baseliosmathewsii.ac.in,admissions@baseliosmathewsii.ac.in,placement@baseliosmathewsii.ac.in,+91-80-029-4923,Automobile Engineering,Diploma,60,630,1999,Urban,No,Yes
1-44643157365,1-44643157365,U-0672,BASELIOS MATHEWS II COLLEGE OF ENGINEERING,Active,Kerala,Kollam,Kollam,"LAKE VIEW, MUTHUPILAKADU, SASTHAMCOTTA, KOLLAM DIST,KERALA,INDIA, PIN:690520.",690520,8.897745,76.61588,Private-Self Financing,"APJ Abdul Kalam Technological University, Kerala",Approved,Approved,A,No,,Tier 3,http://www.baseliosmathewsii.ac.in,info@baseliosmathewsii.ac.in,admissions@baseliosmathewsii.ac.in,placement@baseliosmathewsii.ac.in,+91-80-029-4923,Computer Science Engineering (CSE),Diploma,60,630,1999,Urban,No,Yes
1-44643157365,1-44643157365,U-0672,BASELIOS MATHEWS II COLLEGE OF ENGINEERING,Active,Kerala,Kollam,Kollam,"LAKE VIEW, MUTHUPILAKADU, SASTHAMCOTTA, KOLLAM DIST,KERALA,INDIA, PIN:690520.",690520,8.897745,76.61588,Private-Self Financing,"APJ Abdul Kalam Technological University, Kerala",Approved,Approved,A,No,,Tier 3,http://www.baseliosmathewsii.ac.in,info@baseliosmathewsii.ac.in,admissions@baseliosmathewsii.ac.in,placement@baseliosmathewsii.ac.in,+91-80-029-4923,Electrical Engineering,Diploma,60,630,1999,Urban,No,Yes
1-44643638593,1-44643638593,U-0317,"KUTTUKARAN POLYTECHNIC COLLEGE, NORTH PARAVUR",Active,Kerala,Ernakulam,Ernakulam,"MANAKKAPPADI, KARUMALLOOR, PARAVUR, ERNAKULAM, KERALA-683511",683511,9.996804,76.310461,Private-Self Financing,"Board of Technical Examination, Kerala",Approved,Approved,A,No,,Tier 3,http://www.kuttukarannorthparavur.ac.in,info@kuttukarannorthparavur.ac.in,admissions@kuttukarannorthparavur.ac.in,placement@kuttukarannorthparavur.ac.in,+91-80-476-5507,Automobile Engineering,Diploma,60,300,2015,Urban,Yes,Yes
1-44643638593,1-44643638593,U-0317,"KUTTUKARAN POLYTECHNIC COLLEGE, NORTH PARAVUR",Active,Kerala,Ernakulam,Ernakulam,"MANAKKAPPADI, KARUMALLOOR, PARAVUR, ERNAKULAM, KERALA-683511",683511,9.996804,76.310461,Private-Self Financing,"Board of Technical Examination, Kerala",Approved,Approved,A,No,,Tier 3,http://www.kuttukarannorthparavur.ac.in,info@kuttukarannorthparavur.ac.in,admissions@kuttukarannorthparavur.ac.in,placement@kuttukarannorthparavur.ac.in,+91-80-476-5507,Mechanical Engineering,Diploma,60,300,2015,Urban,Yes,Yes
1-44643638593,1-44643638593,U-0317,"KUTTUKARAN POLYTECHNIC COLLEGE, NORTH PARAVUR",Active,Kerala,Ernakulam,Ernakulam,"MANAKKAPPADI, KARUMALLOOR, PARAVUR, ERNAKULAM, KERALA-683511",683511,9.996804,76.310461,Private-Self Financing,"Board of Technical Examination, Kerala",Approved,Approved,A,No,,Tier 3,http://www.kuttukarannorthparavur.ac.in,info@kuttukarannorthparavur.ac.in,admissions@kuttukarannorthparavur.ac.in,placement@kuttukarannorthparavur.ac.in,+91-80-476-5507,Civil Engineering,Diploma,60,300,2015,Urban,Yes,Yes
1-44643638593,1-44643638593,U-0317,"KUTTUKARAN POLYTECHNIC COLLEGE, NORTH PARAVUR",Active,Kerala,Ernakulam,Ernakulam,"MANAKKAPPADI, KARUMALLOOR, PARAVUR, ERNAKULAM, KERALA-683511",683511,9.996804,76.310461,Private-Self Financing,"Board of Technical Examination, Kerala",Approved,Approved,A,No,,Tier 3,http://www.kuttukarannorthparavur.ac.in,info@kuttukarannorthparavur.ac.in,admissions@kuttukarannorthparavur.ac.in,placement@kuttukarannorthparavur.ac.in,+91-80-476-5507,Electrical & Electronics Engineering (EEE),Diploma,60,300,2015,Urban,Yes,Yes
1-44643638593,1-44643638593,U-0317,"KUTTUKARAN POLYTECHNIC COLLEGE, NORTH PARAVUR",Active,Kerala,Ernakulam,Ernakulam,"MANAKKAPPADI, KARUMALLOOR, PARAVUR, ERNAKULAM, KERALA-683511",683511,9.996804,76.310461,Private-Self Financing,"Board of Technical Examination, Kerala",Approved,Approved,A,No,,Tier 3,http://www.kuttukarannorthparavur.ac.in,info@kuttukarannorthparavur.ac.in,admissions@kuttukarannorthparavur.ac.in,placement@kuttukarannorthparavur.ac.in,+91-80-476-5507,Computer Science Engineering (CSE),Diploma,60,300,2015,Urban,Yes,Yes
1-44643295667,1-44643295667,U-0114,"UNIVERSITY COLLEGE OF ENGINEERING, KARIAVATTOM",Active,Kerala,Thiruvananthapuram,Thiruvananthapuram,GOLDEN JUBILEE BUILDING KERALA UNIVERSITY CAMPUS KARIAVATTOM TRIVANDRUM-695 581,682973,8.517563,76.936746,Private-Self Financing,"Kerala University, Thiruvananthapuram",Approved,Approved,B++,Yes,,Tier 3,http://www.kariavattom.ac.in,info@kariavattom.ac.in,admissions@kariavattom.ac.in,placement@kariavattom.ac.in,+91-80-564-6720,Electronics & Communication Engineering (ECE),B.Tech,66,252,1982,Urban,Yes,Yes
1-44643295667,1-44643295667,U-0114,"UNIVERSITY COLLEGE OF ENGINEERING, KARIAVATTOM",Active,Kerala,Thiruvananthapuram,Thiruvananthapuram,GOLDEN JUBILEE BUILDING KERALA UNIVERSITY CAMPUS KARIAVATTOM TRIVANDRUM-695 581,682973,8.517563,76.936746,Private-Self Financing,"Kerala University, Thiruvananthapuram",Approved,Approved,B++,Yes,,Tier 3,http://www.kariavattom.ac.in,info@kariavattom.ac.in,admissions@kariavattom.ac.in,placement@kariavattom.ac.in,+91-80-564-6720,Computer Science Engineering (CSE),B.Tech,120,252,1982,Urban,Yes,Yes
1-44643295667,1-44643295667,U-0114,"UNIVERSITY COLLEGE OF ENGINEERING, KARIAVATTOM",Active,Kerala,Thiruvananthapuram,Thiruvananthapuram,GOLDEN JUBILEE BUILDING KERALA UNIVERSITY CAMPUS KARIAVATTOM TRIVANDRUM-695 581,682973,8.517563,76.936746,Private-Self Financing,"Kerala University, Thiruvananthapuram",Approved,Approved,B++,Yes,,Tier 3,http://www.kariavattom.ac.in,info@kariavattom.ac.in,admissions@kariavattom.ac.in,placement@kariavattom.ac.in,+91-80-564-6720,Information Technology (IT),B.Tech,66,252,1982,Urban,Yes,Yes
1-44643557501,1-44643557501,U-0114,"DEPT OF OPTOELECTRONICS, UNIVERSITY OF KERALA",Active,Kerala,Thiruvananthapuram,Thiruvananthapuram,"KARIAVATTOM,THIRUVANANTHAPURAM,KERALA",682973,8.535216,76.940049,Government,"Kerala University, Thiruvananthapuram",Approved,Approved,B++,Yes,,Tier 3,http://www.deptoptoelectronicskerala.ac.in,info@deptoptoelectronicskerala.ac.in,admissions@deptoptoelectronicskerala.ac.in,placement@deptoptoelectronicskerala.ac.in,+91-80-305-0774,Electronics & Communication Engineering (ECE),M.Tech,18,18,1984,Rural,Yes,Yes
1-44643167176,1-44643167176,U-0672,TOC H INSTITUTE OF SCIENCE & TECHNOLOGY,Active,Kerala,Ernakulam,Ernakulam,"ARAKKUNNAM P.O., MULANTHURUTHY ERNAKULAM    682313",682313,9.995057,76.302825,Private-Self Financing,"APJ Abdul Kalam Technological University, Kerala",Approved,Approved,B++,No,,Tier 3,http://www.tochscience.ac.in,info@tochscience.ac.in,admissions@tochscience.ac.in,placement@tochscience.ac.in,+91-80-403-2786,Electrical & Electronics Engineering (EEE),B.Tech,30,582,2008,Urban,Yes,Yes
1-44643167176,1-44643167176,U-0672,TOC H INSTITUTE OF SCIENCE & TECHNOLOGY,Active,Kerala,Ernakulam,Ernakulam,"ARAKKUNNAM P.O., MULANTHURUTHY ERNAKULAM    682313",682313,9.995057,76.302825,Private-Self Financing,"APJ Abdul Kalam Technological University, Kerala",Approved,Approved,B++,No,,Tier 3,http://www.tochscience.ac.in,info@tochscience.ac.in,admissions@tochscience.ac.in,placement@tochscience.ac.in,+91-80-403-2786,Information Technology (IT),B.Tech,60,582,2008,Urban,Yes,Yes
1-44643167176,1-44643167176,U-0672,TOC H INSTITUTE OF SCIENCE & TECHNOLOGY,Active,Kerala,Ernakulam,Ernakulam,"ARAKKUNNAM P.O., MULANTHURUTHY ERNAKULAM    682313",682313,9.995057,76.302825,Private-Self Financing,"APJ Abdul Kalam Technological University, Kerala",Approved,Approved,B++,No,,Tier 3,http://www.tochscience.ac.in,info@tochscience.ac.in,admissions@tochscience.ac.in,placement@tochscience.ac.in,+91-80-403-2786,Computer Science Engineering (CSE),B.Tech,210,582,2008,Urban,Yes,Yes
1-44643167176,1-44643167176,U-0672,TOC H INSTITUTE OF SCIENCE & TECHNOLOGY,Active,Kerala,Ernakulam,Ernakulam,"ARAKKUNNAM P.O., MULANTHURUTHY ERNAKULAM    682313",682313,9.995057,76.302825,Private-Self Financing,"APJ Abdul Kalam Technological University, Kerala",Approved,Approved,B++,No,,Tier 3,http://www.tochscience.ac.in,info@tochscience.ac.in,admissions@tochscience.ac.in,placement@tochscience.ac.in,+91-80-403-2786,Electronics & Communication Engineering (ECE),B.Tech,60,582,2008,Urban,Yes,Yes
1-44643167176,1-44643167176,U-0672,TOC H INSTITUTE OF SCIENCE & TECHNOLOGY,Active,Kerala,Ernakulam,Ernakulam,"ARAKKUNNAM P.O., MULANTHURUTHY ERNAKULAM    682313",682313,9.995057,76.302825,Private-Self Financing,"APJ Abdul Kalam Technological University, Kerala",Approved,Approved,B++,No,,Tier 3,http://www.tochscience.ac.in,info@tochscience.ac.in,admissions@tochscience.ac.in,placement@tochscience.ac.in,+91-80-403-2786,Other Engineering Branches,B.Tech,60,582,2008,Urban,Yes,Yes
1-44643167176,1-44643167176,U-0672,TOC H INSTITUTE OF SCIENCE & TECHNOLOGY,Active,Kerala,Ernakulam,Ernakulam,"ARAKKUNNAM P.O., MULANTHURUTHY ERNAKULAM    682313",682313,9.995057,76.302825,Private-Self Financing,"APJ Abdul Kalam Technological University, Kerala",Approved,Approved,B++,No,,Tier 3,http://www.tochscience.ac.in,info@tochscience.ac.in,admissions@tochscience.ac.in,placement@tochscience.ac.in,+91-80-403-2786,Civil Engineering,B.Tech,30,582,2008,Urban,Yes,Yes
1-44643167176,1-44643167176,U-0672,TOC H INSTITUTE OF SCIENCE & TECHNOLOGY,Active,Kerala,Ernakulam,Ernakulam,"ARAKKUNNAM P.O., MULANTHURUTHY ERNAKULAM    682313",682313,9.995057,76.302825,Private-Self Financing,"APJ Abdul Kalam Technological University, Kerala",Approved,Approved,B++,No,,Tier 3,http://www.tochscience.ac.in,info@tochscience.ac.in,admissions@tochscience.ac.in,placement@tochscience.ac.in,+91-80-403-2786,Mechanical Engineering,B.Tech,60,582,2008,Urban,Yes,Yes
1-44643167176,1-44643167176,U-0672,TOC H INSTITUTE OF SCIENCE & TECHNOLOGY,Active,Kerala,Ernakulam,Ernakulam,"ARAKKUNNAM P.O., MULANTHURUTHY ERNAKULAM    682313",682313,9.995057,76.302825,Private-Self Financing,"APJ Abdul Kalam Technological University, Kerala",Approved,Approved,B++,No,,Tier 3,http://www.tochscience.ac.in,info@tochscience.ac.in,admissions@tochscience.ac.in,placement@tochscience.ac.in,+91-80-403-2786,Other Engineering Branches,M.Tech,6,582,2008,Urban,Yes,Yes
1-44643167176,1-44643167176,U-0672,TOC H INSTITUTE OF SCIENCE & TECHNOLOGY,Active,Kerala,Ernakulam,Ernakulam,"ARAKKUNNAM P.O., MULANTHURUTHY ERNAKULAM    682313",682313,9.995057,76.302825,Private-Self Financing,"APJ Abdul Kalam Technological University, Kerala",Approved,Approved,B++,No,,Tier 3,http://www.tochscience.ac.in,info@tochscience.ac.in,admissions@tochscience.ac.in,placement@tochscience.ac.in,+91-80-403-2786,Robotics,B.Tech,60,582,2008,Urban,Yes,Yes
1-44643167176,1-44643167176,U-0672,TOC H INSTITUTE OF SCIENCE & TECHNOLOGY,Active,Kerala,Ernakulam,Ernakulam,"ARAKKUNNAM P.O., MULANTHURUTHY ERNAKULAM    682313",682313,9.995057,76.302825,Private-Self Financing,"APJ Abdul Kalam Technological University, Kerala",Approved,Approved,B++,No,,Tier 3,http://www.tochscience.ac.in,info@tochscience.ac.in,admissions@tochscience.ac.in,placement@tochscience.ac.in,+91-80-403-2786,Data Science,M.Tech,6,582,2008,Urban,Yes,Yes
1-44643560283,1-44643560283,U-0672,"ST. JOSEPH'S COLLEGE OF ENGINEERING & TECHNOLOGY, PALAI",Active,Kerala,Kottayam,Kottayam,"CHOONDACHERRY P.O.,PLASSANAL VIA,KOTTAYAM DIST.KERALA STATE",682045,9.571991,76.507467,Private-Self Financing,"APJ Abdul Kalam Technological University, Kerala",Approved,Approved,A,No,,Tier 3,http://www.stjosephspalai.ac.in,info@stjosephspalai.ac.in,admissions@stjosephspalai.ac.in,placement@stjosephspalai.ac.in,+91-80-016-4129,Other Engineering Branches,M.Tech,39,711,2020,Urban,Yes,Yes
1-44643560283,1-44643560283,U-0672,"ST. JOSEPH'S COLLEGE OF ENGINEERING & TECHNOLOGY, PALAI",Active,Kerala,Kottayam,Kottayam,"CHOONDACHERRY P.O.,PLASSANAL VIA,KOTTAYAM DIST.KERALA STATE",682045,9.571991,76.507467,Private-Self Financing,"APJ Abdul Kalam Technological University, Kerala",Approved,Approved,A,No,,Tier 3,http://www.stjosephspalai.ac.in,info@stjosephspalai.ac.in,admissions@stjosephspalai.ac.in,placement@stjosephspalai.ac.in,+91-80-016-4129,Civil Engineering,B.Tech,30,711,2020,Urban,Yes,Yes
1-44643560283,1-44643560283,U-0672,"ST. JOSEPH'S COLLEGE OF ENGINEERING & TECHNOLOGY, PALAI",Active,Kerala,Kottayam,Kottayam,"CHOONDACHERRY P.O.,PLASSANAL VIA,KOTTAYAM DIST.KERALA STATE",682045,9.571991,76.507467,Private-Self Financing,"APJ Abdul Kalam Technological University, Kerala",Approved,Approved,A,No,,Tier 3,http://www.stjosephspalai.ac.in,info@stjosephspalai.ac.in,admissions@stjosephspalai.ac.in,placement@stjosephspalai.ac.in,+91-80-016-4129,Electrical & Electronics Engineering (EEE),B.Tech,30,711,2020,Urban,Yes,Yes
1-44643560283,1-44643560283,U-0672,"ST. JOSEPH'S COLLEGE OF ENGINEERING & TECHNOLOGY, PALAI",Active,Kerala,Kottayam,Kottayam,"CHOONDACHERRY P.O.,PLASSANAL VIA,KOTTAYAM DIST.KERALA STATE",682045,9.571991,76.507467,Private-Self Financing,"APJ Abdul Kalam Technological University, Kerala",Approved,Approved,A,No,,Tier 3,http://www.stjosephspalai.ac.in,info@stjosephspalai.ac.in,admissions@stjosephspalai.ac.in,placement@stjosephspalai.ac.in,+91-80-016-4129,Electronics & Communication Engineering (ECE),B.Tech,60,711,2020,Urban,Yes,Yes
1-44643560283,1-44643560283,U-0672,"ST. JOSEPH'S COLLEGE OF ENGINEERING & TECHNOLOGY, PALAI",Active,Kerala,Kottayam,Kottayam,"CHOONDACHERRY P.O.,PLASSANAL VIA,KOTTAYAM DIST.KERALA STATE",682045,9.571991,76.507467,Private-Self Financing,"APJ Abdul Kalam Technological University, Kerala",Approved,Approved,A,No,,Tier 3,http://www.stjosephspalai.ac.in,info@stjosephspalai.ac.in,admissions@stjosephspalai.ac.in,placement@stjosephspalai.ac.in,+91-80-016-4129,Computer Science Engineering (CSE),B.Tech,360,711,2020,Urban,Yes,Yes
1-44643560283,1-44643560283,U-0672,"ST. JOSEPH'S COLLEGE OF ENGINEERING & TECHNOLOGY, PALAI",Active,Kerala,Kottayam,Kottayam,"CHOONDACHERRY P.O.,PLASSANAL VIA,KOTTAYAM DIST.KERALA STATE",682045,9.571991,76.507467,Private-Self Financing,"APJ Abdul Kalam Technological University, Kerala",Approved,Approved,A,No,,Tier 3,http://www.stjosephspalai.ac.in,info@stjosephspalai.ac.in,admissions@stjosephspalai.ac.in,placement@stjosephspalai.ac.in,+91-80-016-4129,Mechanical Engineering,B.Tech,60,711,2020,Urban,Yes,Yes
1-44643560283,1-44643560283,U-0672,"ST. JOSEPH'S COLLEGE OF ENGINEERING & TECHNOLOGY, PALAI",Active,Kerala,Kottayam,Kottayam,"CHOONDACHERRY P.O.,PLASSANAL VIA,KOTTAYAM DIST.KERALA STATE",682045,9.571991,76.507467,Private-Self Financing,"APJ Abdul Kalam Technological University, Kerala",Approved,Approved,A,No,,Tier 3,http://www.stjosephspalai.ac.in,info@stjosephspalai.ac.in,admissions@stjosephspalai.ac.in,placement@stjosephspalai.ac.in,+91-80-016-4129,Computer Science Engineering (CSE),M.Tech,12,711,2020,Urban,Yes,Yes
1-44643560283,1-44643560283,U-0672,"ST. JOSEPH'S COLLEGE OF ENGINEERING & TECHNOLOGY, PALAI",Active,Kerala,Kottayam,Kottayam,"CHOONDACHERRY P.O.,PLASSANAL VIA,KOTTAYAM DIST.KERALA STATE",682045,9.571991,76.507467,Private-Self Financing,"APJ Abdul Kalam Technological University, Kerala",Approved,Approved,A,No,,Tier 3,http://www.stjosephspalai.ac.in,info@stjosephspalai.ac.in,admissions@stjosephspalai.ac.in,placement@stjosephspalai.ac.in,+91-80-016-4129,Data Science,B.Tech,60,711,2020,Urban,Yes,Yes
1-44643560283,1-44643560283,U-0672,"ST. JOSEPH'S COLLEGE OF ENGINEERING & TECHNOLOGY, PALAI",Active,Kerala,Kottayam,Kottayam,"CHOONDACHERRY P.O.,PLASSANAL VIA,KOTTAYAM DIST.KERALA STATE",682045,9.571991,76.507467,Private-Self Financing,"APJ Abdul Kalam Technological University, Kerala",Approved,Approved,A,No,,Tier 3,http://www.stjosephspalai.ac.in,info@stjosephspalai.ac.in,admissions@stjosephspalai.ac.in,placement@stjosephspalai.ac.in,+91-80-016-4129,Cyber Security,B.Tech,60,711,2020,Urban,Yes,Yes
1-44643561177,1-44643561177,U-0672,"MAR ATHANASIUS COLLEGE OF ENGINEERING, KOTHAMANGALAM",Active,Kerala,Ernakulam,Ernakulam,KOTHAMANGALAM COLLEGE P.O,682234,9.978371,76.308804,Govt aided,"APJ Abdul Kalam Technological University, Kerala",Approved,Approved,A+,Yes,,Tier 2,http://www.marathanasiuskothamangalam.ac.in,info@marathanasiuskothamangalam.ac.in,admissions@marathanasiuskothamangalam.ac.in,placement@marathanasiuskothamangalam.ac.in,+91-80-703-4296,Civil Engineering,B.Tech,120,912,2020,Rural,Yes,Yes
1-44643561177,1-44643561177,U-0672,"MAR ATHANASIUS COLLEGE OF ENGINEERING, KOTHAMANGALAM",Active,Kerala,Ernakulam,Ernakulam,KOTHAMANGALAM COLLEGE P.O,682234,9.978371,76.308804,Govt aided,"APJ Abdul Kalam Technological University, Kerala",Approved,Approved,A+,Yes,,Tier 2,http://www.marathanasiuskothamangalam.ac.in,info@marathanasiuskothamangalam.ac.in,admissions@marathanasiuskothamangalam.ac.in,placement@marathanasiuskothamangalam.ac.in,+91-80-703-4296,Mechanical Engineering,B.Tech,120,912,2020,Rural,Yes,Yes
1-44643561177,1-44643561177,U-0672,"MAR ATHANASIUS COLLEGE OF ENGINEERING, KOTHAMANGALAM",Active,Kerala,Ernakulam,Ernakulam,KOTHAMANGALAM COLLEGE P.O,682234,9.978371,76.308804,Govt aided,"APJ Abdul Kalam Technological University, Kerala",Approved,Approved,A+,Yes,,Tier 2,http://www.marathanasiuskothamangalam.ac.in,info@marathanasiuskothamangalam.ac.in,admissions@marathanasiuskothamangalam.ac.in,placement@marathanasiuskothamangalam.ac.in,+91-80-703-4296,Electrical & Electronics Engineering (EEE),B.Tech,120,912,2020,Rural,Yes,Yes
1-44643561177,1-44643561177,U-0672,"MAR ATHANASIUS COLLEGE OF ENGINEERING, KOTHAMANGALAM",Active,Kerala,Ernakulam,Ernakulam,KOTHAMANGALAM COLLEGE P.O,682234,9.978371,76.308804,Govt aided,"APJ Abdul Kalam Technological University, Kerala",Approved,Approved,A+,Yes,,Tier 2,http://www.marathanasiuskothamangalam.ac.in,info@marathanasiuskothamangalam.ac.in,admissions@marathanasiuskothamangalam.ac.in,placement@marathanasiuskothamangalam.ac.in,+91-80-703-4296,Electronics & Communication Engineering (ECE),B.Tech,120,912,2020,Rural,Yes,Yes
1-44643561177,1-44643561177,U-0672,"MAR ATHANASIUS COLLEGE OF ENGINEERING, KOTHAMANGALAM",Active,Kerala,Ernakulam,Ernakulam,KOTHAMANGALAM COLLEGE P.O,682234,9.978371,76.308804,Govt aided,"APJ Abdul Kalam Technological University, Kerala",Approved,Approved,A+,Yes,,Tier 2,http://www.marathanasiuskothamangalam.ac.in,info@marathanasiuskothamangalam.ac.in,admissions@marathanasiuskothamangalam.ac.in,placement@marathanasiuskothamangalam.ac.in,+91-80-703-4296,Computer Science Engineering (CSE),B.Tech,120,912,2020,Rural,Yes,Yes
1-44643561177,1-44643561177,U-0672,"MAR ATHANASIUS COLLEGE OF ENGINEERING, KOTHAMANGALAM",Active,Kerala,Ernakulam,Ernakulam,KOTHAMANGALAM COLLEGE P.O,682234,9.978371,76.308804,Govt aided,"APJ Abdul Kalam Technological University, Kerala",Approved,Approved,A+,Yes,,Tier 2,http://www.marathanasiuskothamangalam.ac.in,info@marathanasiuskothamangalam.ac.in,admissions@marathanasiuskothamangalam.ac.in,placement@marathanasiuskothamangalam.ac.in,+91-80-703-4296,Other Engineering Branches,M.Tech,108,912,2020,Rural,Yes,Yes
1-44643561177,1-44643561177,U-0672,"MAR ATHANASIUS COLLEGE OF ENGINEERING, KOTHAMANGALAM",Active,Kerala,Ernakulam,Ernakulam,KOTHAMANGALAM COLLEGE P.O,682234,9.978371,76.308804,Govt aided,"APJ Abdul Kalam Technological University, Kerala",Approved,Approved,A+,Yes,,Tier 2,http://www.marathanasiuskothamangalam.ac.in,info@marathanasiuskothamangalam.ac.in,admissions@marathanasiuskothamangalam.ac.in,placement@marathanasiuskothamangalam.ac.in,+91-80-703-4296,Computer Science Engineering (CSE),M.Tech,24,912,2020,Rural,Yes,Yes
1-44643561177,1-44643561177,U-0672,"MAR ATHANASIUS COLLEGE OF ENGINEERING, KOTHAMANGALAM",Active,Kerala,Ernakulam,Ernakulam,KOTHAMANGALAM COLLEGE P.O,682234,9.978371,76.308804,Govt aided,"APJ Abdul Kalam Technological University, Kerala",Approved,Approved,A+,Yes,,Tier 2,http://www.marathanasiuskothamangalam.ac.in,info@marathanasiuskothamangalam.ac.in,admissions@marathanasiuskothamangalam.ac.in,placement@marathanasiuskothamangalam.ac.in,+91-80-703-4296,Data Science,B.Tech,120,912,2020,Rural,Yes,Yes
1-44643561177,1-44643561177,U-0672,"MAR ATHANASIUS COLLEGE OF ENGINEERING, KOTHAMANGALAM",Active,Kerala,Ernakulam,Ernakulam,KOTHAMANGALAM COLLEGE P.O,682234,9.978371,76.308804,Govt aided,"APJ Abdul Kalam Technological University, Kerala",Approved,Approved,A+,Yes,,Tier 2,http://www.marathanasiuskothamangalam.ac.in,info@marathanasiuskothamangalam.ac.in,admissions@marathanasiuskothamangalam.ac.in,placement@marathanasiuskothamangalam.ac.in,+91-80-703-4296,Artificial Intelligence & Machine Learning (AI & ML),B.Tech,60,912,2020,Rural,Yes,Yes
1-44643119869,1-44643119869,U-0672,RAJADHANI INSTITUTE OF ENGINEERING AND TECHNOLOGY,Active,Kerala,Thiruvananthapuram,Thiruvananthapuram,"NEDUMPARAMBU P O, NAGAROOR, ATTINGAL, THIRUVANANTHAPURAM",682973,8.520103,76.946784,Private-Self Financing,"APJ Abdul Kalam Technological University, Kerala",Approved,Approved,B+,No,,Tier 3,http://www.rajadhani.ac.in,info@rajadhani.ac.in,admissions@rajadhani.ac.in,placement@rajadhani.ac.in,+91-80-671-2257,Other Engineering Branches,M.Tech,18,1056,1984,Rural,Yes,Yes
1-44643119869,1-44643119869,U-0672,RAJADHANI INSTITUTE OF ENGINEERING AND TECHNOLOGY,Active,Kerala,Thiruvananthapuram,Thiruvananthapuram,"NEDUMPARAMBU P O, NAGAROOR, ATTINGAL, THIRUVANANTHAPURAM",682973,8.520103,76.946784,Private-Self Financing,"APJ Abdul Kalam Technological University, Kerala",Approved,Approved,B+,No,,Tier 3,http://www.rajadhani.ac.in,info@rajadhani.ac.in,admissions@rajadhani.ac.in,placement@rajadhani.ac.in,+91-80-671-2257,Civil Engineering,B.Tech,30,1056,1984,Rural,Yes,Yes
1-44643119869,1-44643119869,U-0672,RAJADHANI INSTITUTE OF ENGINEERING AND TECHNOLOGY,Active,Kerala,Thiruvananthapuram,Thiruvananthapuram,"NEDUMPARAMBU P O, NAGAROOR, ATTINGAL, THIRUVANANTHAPURAM",682973,8.520103,76.946784,Private-Self Financing,"APJ Abdul Kalam Technological University, Kerala",Approved,Approved,B+,No,,Tier 3,http://www.rajadhani.ac.in,info@rajadhani.ac.in,admissions@rajadhani.ac.in,placement@rajadhani.ac.in,+91-80-671-2257,Mechanical Engineering,B.Tech,60,1056,1984,Rural,Yes,Yes
1-44643119869,1-44643119869,U-0672,RAJADHANI INSTITUTE OF ENGINEERING AND TECHNOLOGY,Active,Kerala,Thiruvananthapuram,Thiruvananthapuram,"NEDUMPARAMBU P O, NAGAROOR, ATTINGAL, THIRUVANANTHAPURAM",682973,8.520103,76.946784,Private-Self Financing,"APJ Abdul Kalam Technological University, Kerala",Approved,Approved,B+,No,,Tier 3,http://www.rajadhani.ac.in,info@rajadhani.ac.in,admissions@rajadhani.ac.in,placement@rajadhani.ac.in,+91-80-671-2257,Computer Science Engineering (CSE),B.Tech,180,1056,1984,Rural,Yes,Yes
1-44643119869,1-44643119869,U-0672,RAJADHANI INSTITUTE OF ENGINEERING AND TECHNOLOGY,Active,Kerala,Thiruvananthapuram,Thiruvananthapuram,"NEDUMPARAMBU P O, NAGAROOR, ATTINGAL, THIRUVANANTHAPURAM",682973,8.520103,76.946784,Private-Self Financing,"APJ Abdul Kalam Technological University, Kerala",Approved,Approved,B+,No,,Tier 3,http://www.rajadhani.ac.in,info@rajadhani.ac.in,admissions@rajadhani.ac.in,placement@rajadhani.ac.in,+91-80-671-2257,Electronics & Communication Engineering (ECE),B.Tech,30,1056,1984,Rural,Yes,Yes
1-44643119869,1-44643119869,U-0672,RAJADHANI INSTITUTE OF ENGINEERING AND TECHNOLOGY,Active,Kerala,Thiruvananthapuram,Thiruvananthapuram,"NEDUMPARAMBU P O, NAGAROOR, ATTINGAL, THIRUVANANTHAPURAM",682973,8.520103,76.946784,Private-Self Financing,"APJ Abdul Kalam Technological University, Kerala",Approved,Approved,B+,No,,Tier 3,http://www.rajadhani.ac.in,info@rajadhani.ac.in,admissions@rajadhani.ac.in,placement@rajadhani.ac.in,+91-80-671-2257,Electrical & Electronics Engineering (EEE),B.Tech,30,1056,1984,Rural,Yes,Yes
1-44643119869,1-44643119869,U-0672,RAJADHANI INSTITUTE OF ENGINEERING AND TECHNOLOGY,Active,Kerala,Thiruvananthapuram,Thiruvananthapuram,"NEDUMPARAMBU P O, NAGAROOR, ATTINGAL, THIRUVANANTHAPURAM",682973,8.520103,76.946784,Private-Self Financing,"APJ Abdul Kalam Technological University, Kerala",Approved,Approved,B+,No,,Tier 3,http://www.rajadhani.ac.in,info@rajadhani.ac.in,admissions@rajadhani.ac.in,placement@rajadhani.ac.in,+91-80-671-2257,Aeronautical Engineering,B.Tech,60,1056,1984,Rural,Yes,Yes
1-44643119869,1-44643119869,U-0672,RAJADHANI INSTITUTE OF ENGINEERING AND TECHNOLOGY,Active,Kerala,Thiruvananthapuram,Thiruvananthapuram,"NEDUMPARAMBU P O, NAGAROOR, ATTINGAL, THIRUVANANTHAPURAM",682973,8.520103,76.946784,Private-Self Financing,"APJ Abdul Kalam Technological University, Kerala",Approved,Approved,B+,No,,Tier 3,http://www.rajadhani.ac.in,info@rajadhani.ac.in,admissions@rajadhani.ac.in,placement@rajadhani.ac.in,+91-80-671-2257,Civil Engineering,Diploma,60,1056,1984,Rural,Yes,Yes
1-44643119869,1-44643119869,U-0672,RAJADHANI INSTITUTE OF ENGINEERING AND TECHNOLOGY,Active,Kerala,Thiruvananthapuram,Thiruvananthapuram,"NEDUMPARAMBU P O, NAGAROOR, ATTINGAL, THIRUVANANTHAPURAM",682973,8.520103,76.946784,Private-Self Financing,"APJ Abdul Kalam Technological University, Kerala",Approved,Approved,B+,No,,Tier 3,http://www.rajadhani.ac.in,info@rajadhani.ac.in,admissions@rajadhani.ac.in,placement@rajadhani.ac.in,+91-80-671-2257,Electrical & Electronics Engineering (EEE),Diploma,90,1056,1984,Rural,Yes,Yes
1-44643119869,1-44643119869,U-0672,RAJADHANI INSTITUTE OF ENGINEERING AND TECHNOLOGY,Active,Kerala,Thiruvananthapuram,Thiruvananthapuram,"NEDUMPARAMBU P O, NAGAROOR, ATTINGAL, THIRUVANANTHAPURAM",682973,8.520103,76.946784,Private-Self Financing,"APJ Abdul Kalam Technological University, Kerala",Approved,Approved,B+,No,,Tier 3,http://www.rajadhani.ac.in,info@rajadhani.ac.in,admissions@rajadhani.ac.in,placement@rajadhani.ac.in,+91-80-671-2257,Civil Engineering,M.Tech,18,1056,1984,Rural,Yes,Yes
1-44643119869,1-44643119869,U-0672,RAJADHANI INSTITUTE OF ENGINEERING AND TECHNOLOGY,Active,Kerala,Thiruvananthapuram,Thiruvananthapuram,"NEDUMPARAMBU P O, NAGAROOR, ATTINGAL, THIRUVANANTHAPURAM",682973,8.520103,76.946784,Private-Self Financing,"APJ Abdul Kalam Technological University, Kerala",Approved,Approved,B+,No,,Tier 3,http://www.rajadhani.ac.in,info@rajadhani.ac.in,admissions@rajadhani.ac.in,placement@rajadhani.ac.in,+91-80-671-2257,Cyber Security,B.Tech,60,1056,1984,Rural,Yes,Yes
1-44643119869,1-44643119869,U-0672,RAJADHANI INSTITUTE OF ENGINEERING AND TECHNOLOGY,Active,Kerala,Thiruvananthapuram,Thiruvananthapuram,"NEDUMPARAMBU P O, NAGAROOR, ATTINGAL, THIRUVANANTHAPURAM",682973,8.520103,76.946784,Private-Self Financing,"APJ Abdul Kalam Technological University, Kerala",Approved,Approved,B+,No,,Tier 3,http://www.rajadhani.ac.in,info@rajadhani.ac.in,admissions@rajadhani.ac.in,placement@rajadhani.ac.in,+91-80-671-2257,Robotics,B.Tech,30,1056,1984,Rural,Yes,Yes
1-44643119869,1-44643119869,U-0672,RAJADHANI INSTITUTE OF ENGINEERING AND TECHNOLOGY,Active,Kerala,Thiruvananthapuram,Thiruvananthapuram,"NEDUMPARAMBU P O, NAGAROOR, ATTINGAL, THIRUVANANTHAPURAM",682973,8.520103,76.946784,Private-Self Financing,"APJ Abdul Kalam Technological University, Kerala",Approved,Approved,B+,No,,Tier 3,http://www.rajadhani.ac.in,info@rajadhani.ac.in,admissions@rajadhani.ac.in,placement@rajadhani.ac.in,+91-80-671-2257,Automobile Engineering,Diploma,60,1056,1984,Rural,Yes,Yes
1-44643119869,1-44643119869,U-0672,RAJADHANI INSTITUTE OF ENGINEERING AND TECHNOLOGY,Active,Kerala,Thiruvananthapuram,Thiruvananthapuram,"NEDUMPARAMBU P O, NAGAROOR, ATTINGAL, THIRUVANANTHAPURAM",682973,8.520103,76.946784,Private-Self Financing,"APJ Abdul Kalam Technological University, Kerala",Approved,Approved,B+,No,,Tier 3,http://www.rajadhani.ac.in,info@rajadhani.ac.in,admissions@rajadhani.ac.in,placement@rajadhani.ac.in,+91-80-671-2257,Mechanical Engineering,Diploma,90,1056,1984,Rural,Yes,Yes
1-44643119869,1-44643119869,U-0672,RAJADHANI INSTITUTE OF ENGINEERING AND TECHNOLOGY,Active,Kerala,Thiruvananthapuram,Thiruvananthapuram,"NEDUMPARAMBU P O, NAGAROOR, ATTINGAL, THIRUVANANTHAPURAM",682973,8.520103,76.946784,Private-Self Financing,"APJ Abdul Kalam Technological University, Kerala",Approved,Approved,B+,No,,Tier 3,http://www.rajadhani.ac.in,info@rajadhani.ac.in,admissions@rajadhani.ac.in,placement@rajadhani.ac.in,+91-80-671-2257,Computer Science Engineering (CSE),Diploma,60,1056,1984,Rural,Yes,Yes
1-44643119869,1-44643119869,U-0672,RAJADHANI INSTITUTE OF ENGINEERING AND TECHNOLOGY,Active,Kerala,Thiruvananthapuram,Thiruvananthapuram,"NEDUMPARAMBU P O, NAGAROOR, ATTINGAL, THIRUVANANTHAPURAM",682973,8.520103,76.946784,Private-Self Financing,"APJ Abdul Kalam Technological University, Kerala",Approved,Approved,B+,No,,Tier 3,http://www.rajadhani.ac.in,info@rajadhani.ac.in,admissions@rajadhani.ac.in,placement@rajadhani.ac.in,+91-80-671-2257,Artificial Intelligence & Machine Learning (AI & ML),B.Tech,60,1056,1984,Rural,Yes,Yes
1-44643119869,1-44643119869,U-0672,RAJADHANI INSTITUTE OF ENGINEERING AND TECHNOLOGY,Active,Kerala,Thiruvananthapuram,Thiruvananthapuram,"NEDUMPARAMBU P O, NAGAROOR, ATTINGAL, THIRUVANANTHAPURAM",682973,8.520103,76.946784,Private-Self Financing,"APJ Abdul Kalam Technological University, Kerala",Approved,Approved,B+,No,,Tier 3,http://www.rajadhani.ac.in,info@rajadhani.ac.in,admissions@rajadhani.ac.in,placement@rajadhani.ac.in,+91-80-671-2257,Other Engineering Branches,B.Tech,60,1056,1984,Rural,Yes,Yes
1-44643119869,1-44643119869,U-0672,RAJADHANI INSTITUTE OF ENGINEERING AND TECHNOLOGY,Active,Kerala,Thiruvananthapuram,Thiruvananthapuram,"NEDUMPARAMBU P O, NAGAROOR, ATTINGAL, THIRUVANANTHAPURAM",682973,8.520103,76.946784,Private-Self Financing,"APJ Abdul Kalam Technological University, Kerala",Approved,Approved,B+,No,,Tier 3,http://www.rajadhani.ac.in,info@rajadhani.ac.in,admissions@rajadhani.ac.in,placement@rajadhani.ac.in,+91-80-671-2257,Electronics & Communication Engineering (ECE),Diploma,60,1056,1984,Rural,Yes,Yes
1-44643120704,1-44643120704,U-0672,JAWAHARLAL COLLEGE OF ENGINEERING AND TECHNOLOGY,Active,Kerala,Palakkad,Palakkad,"LAKKIDI,MANGALAM .P.O ,PALAGHAT,KERLALA",682263,10.769029,76.64816,Private-Self Financing,"APJ Abdul Kalam Technological University, Kerala",Approved,Approved,A+,No,,Tier 3,http://www.jawaharlal.ac.in,info@jawaharlal.ac.in,admissions@jawaharlal.ac.in,placement@jawaharlal.ac.in,+91-80-097-6726,Aeronautical Engineering,B.Tech,60,447,2003,Rural,Yes,Yes
1-44643120704,1-44643120704,U-0672,JAWAHARLAL COLLEGE OF ENGINEERING AND TECHNOLOGY,Active,Kerala,Palakkad,Palakkad,"LAKKIDI,MANGALAM .P.O ,PALAGHAT,KERLALA",682263,10.769029,76.64816,Private-Self Financing,"APJ Abdul Kalam Technological University, Kerala",Approved,Approved,A+,No,,Tier 3,http://www.jawaharlal.ac.in,info@jawaharlal.ac.in,admissions@jawaharlal.ac.in,placement@jawaharlal.ac.in,+91-80-097-6726,Mechanical Engineering,B.Tech,30,447,2003,Rural,Yes,Yes
1-44643120704,1-44643120704,U-0672,JAWAHARLAL COLLEGE OF ENGINEERING AND TECHNOLOGY,Active,Kerala,Palakkad,Palakkad,"LAKKIDI,MANGALAM .P.O ,PALAGHAT,KERLALA",682263,10.769029,76.64816,Private-Self Financing,"APJ Abdul Kalam Technological University, Kerala",Approved,Approved,A+,No,,Tier 3,http://www.jawaharlal.ac.in,info@jawaharlal.ac.in,admissions@jawaharlal.ac.in,placement@jawaharlal.ac.in,+91-80-097-6726,Computer Science Engineering (CSE),B.Tech,60,447,2003,Rural,Yes,Yes
1-44643120704,1-44643120704,U-0672,JAWAHARLAL COLLEGE OF ENGINEERING AND TECHNOLOGY,Active,Kerala,Palakkad,Palakkad,"LAKKIDI,MANGALAM .P.O ,PALAGHAT,KERLALA",682263,10.769029,76.64816,Private-Self Financing,"APJ Abdul Kalam Technological University, Kerala",Approved,Approved,A+,No,,Tier 3,http://www.jawaharlal.ac.in,info@jawaharlal.ac.in,admissions@jawaharlal.ac.in,placement@jawaharlal.ac.in,+91-80-097-6726,Electronics & Communication Engineering (ECE),B.Tech,60,447,2003,Rural,Yes,Yes
1-44643120704,1-44643120704,U-0672,JAWAHARLAL COLLEGE OF ENGINEERING AND TECHNOLOGY,Active,Kerala,Palakkad,Palakkad,"LAKKIDI,MANGALAM .P.O ,PALAGHAT,KERLALA",682263,10.769029,76.64816,Private-Self Financing,"APJ Abdul Kalam Technological University, Kerala",Approved,Approved,A+,No,,Tier 3,http://www.jawaharlal.ac.in,info@jawaharlal.ac.in,admissions@jawaharlal.ac.in,placement@jawaharlal.ac.in,+91-80-097-6726,Information Technology (IT),B.Tech,30,447,2003,Rural,Yes,Yes
1-44643120704,1-44643120704,U-0672,JAWAHARLAL COLLEGE OF ENGINEERING AND TECHNOLOGY,Active,Kerala,Palakkad,Palakkad,"LAKKIDI,MANGALAM .P.O ,PALAGHAT,KERLALA",682263,10.769029,76.64816,Private-Self Financing,"APJ Abdul Kalam Technological University, Kerala",Approved,Approved,A+,No,,Tier 3,http://www.jawaharlal.ac.in,info@jawaharlal.ac.in,admissions@jawaharlal.ac.in,placement@jawaharlal.ac.in,+91-80-097-6726,Electronics & Communication Engineering (ECE),M.Tech,18,447,2003,Rural,Yes,Yes
1-44643120704,1-44643120704,U-0672,JAWAHARLAL COLLEGE OF ENGINEERING AND TECHNOLOGY,Active,Kerala,Palakkad,Palakkad,"LAKKIDI,MANGALAM .P.O ,PALAGHAT,KERLALA",682263,10.769029,76.64816,Private-Self Financing,"APJ Abdul Kalam Technological University, Kerala",Approved,Approved,A+,No,,Tier 3,http://www.jawaharlal.ac.in,info@jawaharlal.ac.in,admissions@jawaharlal.ac.in,placement@jawaharlal.ac.in,+91-80-097-6726,Other Engineering Branches,M.Tech,9,447,2003,Rural,Yes,Yes
1-44643120704,1-44643120704,U-0672,JAWAHARLAL COLLEGE OF ENGINEERING AND TECHNOLOGY,Active,Kerala,Palakkad,Palakkad,"LAKKIDI,MANGALAM .P.O ,PALAGHAT,KERLALA",682263,10.769029,76.64816,Private-Self Financing,"APJ Abdul Kalam Technological University, Kerala",Approved,Approved,A+,No,,Tier 3,http://www.jawaharlal.ac.in,info@jawaharlal.ac.in,admissions@jawaharlal.ac.in,placement@jawaharlal.ac.in,+91-80-097-6726,Agricultural Engineering,B.Tech,60,447,2003,Rural,Yes,Yes
1-44643120704,1-44643120704,U-0672,JAWAHARLAL COLLEGE OF ENGINEERING AND TECHNOLOGY,Active,Kerala,Palakkad,Palakkad,"LAKKIDI,MANGALAM .P.O ,PALAGHAT,KERLALA",682263,10.769029,76.64816,Private-Self Financing,"APJ Abdul Kalam Technological University, Kerala",Approved,Approved,A+,No,,Tier 3,http://www.jawaharlal.ac.in,info@jawaharlal.ac.in,admissions@jawaharlal.ac.in,placement@jawaharlal.ac.in,+91-80-097-6726,Cyber Security,B.Tech,60,447,2003,Rural,Yes,Yes
1-44643120704,1-44643120704,U-0672,JAWAHARLAL COLLEGE OF ENGINEERING AND TECHNOLOGY,Active,Kerala,Palakkad,Palakkad,"LAKKIDI,MANGALAM .P.O ,PALAGHAT,KERLALA",682263,10.769029,76.64816,Private-Self Financing,"APJ Abdul Kalam Technological University, Kerala",Approved,Approved,A+,No,,Tier 3,http://www.jawaharlal.ac.in,info@jawaharlal.ac.in,admissions@jawaharlal.ac.in,placement@jawaharlal.ac.in,+91-80-097-6726,Data Science,B.Tech,60,447,2003,Rural,Yes,Yes
1-44643386433,1-44643386433,U-0672,MUSALIAR COLLEGE OF ENGINEERING AND TECHNOLOGY PATHANAMTHITTA,Active,Kerala,Pathanamthitta,Pathanamthitta,MUSALIAR COLLEGE.P.O PATHANAMTHITTA,682000,10.834808,76.282503,Private-Self Financing,"APJ Abdul Kalam Technological University, Kerala",Approved,Approved,B,Yes,,Tier 3,http://www.musaliarpathanamthitta.ac.in,info@musaliarpathanamthitta.ac.in,admissions@musaliarpathanamthitta.ac.in,placement@musaliarpathanamthitta.ac.in,+91-80-180-7048,Electrical & Electronics Engineering (EEE),B.Tech,30,234,1991,Urban,Yes,Yes
1-44643386433,1-44643386433,U-0672,MUSALIAR COLLEGE OF ENGINEERING AND TECHNOLOGY PATHANAMTHITTA,Active,Kerala,Pathanamthitta,Pathanamthitta,MUSALIAR COLLEGE.P.O PATHANAMTHITTA,682000,10.834808,76.282503,Private-Self Financing,"APJ Abdul Kalam Technological University, Kerala",Approved,Approved,B,Yes,,Tier 3,http://www.musaliarpathanamthitta.ac.in,info@musaliarpathanamthitta.ac.in,admissions@musaliarpathanamthitta.ac.in,placement@musaliarpathanamthitta.ac.in,+91-80-180-7048,Electronics & Communication Engineering (ECE),B.Tech,30,234,1991,Urban,Yes,Yes
1-44643386433,1-44643386433,U-0672,MUSALIAR COLLEGE OF ENGINEERING AND TECHNOLOGY PATHANAMTHITTA,Active,Kerala,Pathanamthitta,Pathanamthitta,MUSALIAR COLLEGE.P.O PATHANAMTHITTA,682000,10.834808,76.282503,Private-Self Financing,"APJ Abdul Kalam Technological University, Kerala",Approved,Approved,B,Yes,,Tier 3,http://www.musaliarpathanamthitta.ac.in,info@musaliarpathanamthitta.ac.in,admissions@musaliarpathanamthitta.ac.in,placement@musaliarpathanamthitta.ac.in,+91-80-180-7048,Computer Science Engineering (CSE),B.Tech,60,234,1991,Urban,Yes,Yes
1-44643386433,1-44643386433,U-0672,MUSALIAR COLLEGE OF ENGINEERING AND TECHNOLOGY PATHANAMTHITTA,Active,Kerala,Pathanamthitta,Pathanamthitta,MUSALIAR COLLEGE.P.O PATHANAMTHITTA,682000,10.834808,76.282503,Private-Self Financing,"APJ Abdul Kalam Technological University, Kerala",Approved,Approved,B,Yes,,Tier 3,http://www.musaliarpathanamthitta.ac.in,info@musaliarpathanamthitta.ac.in,admissions@musaliarpathanamthitta.ac.in,placement@musaliarpathanamthitta.ac.in,+91-80-180-7048,Civil Engineering,B.Tech,30,234,1991,Urban,Yes,Yes
1-44643386433,1-44643386433,U-0672,MUSALIAR COLLEGE OF ENGINEERING AND TECHNOLOGY PATHANAMTHITTA,Active,Kerala,Pathanamthitta,Pathanamthitta,MUSALIAR COLLEGE.P.O PATHANAMTHITTA,682000,10.834808,76.282503,Private-Self Financing,"APJ Abdul Kalam Technological University, Kerala",Approved,Approved,B,Yes,,Tier 3,http://www.musaliarpathanamthitta.ac.in,info@musaliarpathanamthitta.ac.in,admissions@musaliarpathanamthitta.ac.in,placement@musaliarpathanamthitta.ac.in,+91-80-180-7048,Mechanical Engineering,B.Tech,30,234,1991,Urban,Yes,Yes
1-44643386433,1-44643386433,U-0672,MUSALIAR COLLEGE OF ENGINEERING AND TECHNOLOGY PATHANAMTHITTA,Active,Kerala,Pathanamthitta,Pathanamthitta,MUSALIAR COLLEGE.P.O PATHANAMTHITTA,682000,10.834808,76.282503,Private-Self Financing,"APJ Abdul Kalam Technological University, Kerala",Approved,Approved,B,Yes,,Tier 3,http://www.musaliarpathanamthitta.ac.in,info@musaliarpathanamthitta.ac.in,admissions@musaliarpathanamthitta.ac.in,placement@musaliarpathanamthitta.ac.in,+91-80-180-7048,Other Engineering Branches,M.Tech,12,234,1991,Urban,Yes,Yes
1-44643386433,1-44643386433,U-0672,MUSALIAR COLLEGE OF ENGINEERING AND TECHNOLOGY PATHANAMTHITTA,Active,Kerala,Pathanamthitta,Pathanamthitta,MUSALIAR COLLEGE.P.O PATHANAMTHITTA,682000,10.834808,76.282503,Private-Self Financing,"APJ Abdul Kalam Technological University, Kerala",Approved,Approved,B,Yes,,Tier 3,http://www.musaliarpathanamthitta.ac.in,info@musaliarpathanamthitta.ac.in,admissions@musaliarpathanamthitta.ac.in,placement@musaliarpathanamthitta.ac.in,+91-80-180-7048,Computer Science Engineering (CSE),M.Tech,12,234,1991,Urban,Yes,Yes
1-44643386433,1-44643386433,U-0672,MUSALIAR COLLEGE OF ENGINEERING AND TECHNOLOGY PATHANAMTHITTA,Active,Kerala,Pathanamthitta,Pathanamthitta,MUSALIAR COLLEGE.P.O PATHANAMTHITTA,682000,10.834808,76.282503,Private-Self Financing,"APJ Abdul Kalam Technological University, Kerala",Approved,Approved,B,Yes,,Tier 3,http://www.musaliarpathanamthitta.ac.in,info@musaliarpathanamthitta.ac.in,admissions@musaliarpathanamthitta.ac.in,placement@musaliarpathanamthitta.ac.in,+91-80-180-7048,Artificial Intelligence & Machine Learning (AI & ML),B.Tech,30,234,1991,Urban,Yes,Yes
1-44643387106,1-44643387106,U-0672,ER&DCI INSTITUTE OF TECHNOLOGY,Active,Kerala,Thiruvananthapuram,Thiruvananthapuram,"CDAC CAMPUS, VELLAYAMBALAM, TRIVANDRUM 695033",695033,8.505186,76.931601,Government,"APJ Abdul Kalam Technological University, Kerala",Approved,Approved,A+,Yes,,Tier 2,http://www.erdci.ac.in,info@erdci.ac.in,admissions@erdci.ac.in,placement@erdci.ac.in,+91-80-045-5520,Other Engineering Branches,M.Tech,30,78,2005,Rural,Yes,Yes
1-44643387106,1-44643387106,U-0672,ER&DCI INSTITUTE OF TECHNOLOGY,Active,Kerala,Thiruvananthapuram,Thiruvananthapuram,"CDAC CAMPUS, VELLAYAMBALAM, TRIVANDRUM 695033",695033,8.505186,76.931601,Government,"APJ Abdul Kalam Technological University, Kerala",Approved,Approved,A+,Yes,,Tier 2,http://www.erdci.ac.in,info@erdci.ac.in,admissions@erdci.ac.in,placement@erdci.ac.in,+91-80-045-5520,Electronics & Communication Engineering (ECE),M.Tech,9,78,2005,Rural,Yes,Yes
1-44643387106,1-44643387106,U-0672,ER&DCI INSTITUTE OF TECHNOLOGY,Active,Kerala,Thiruvananthapuram,Thiruvananthapuram,"CDAC CAMPUS, VELLAYAMBALAM, TRIVANDRUM 695033",695033,8.505186,76.931601,Government,"APJ Abdul Kalam Technological University, Kerala",Approved,Approved,A+,Yes,,Tier 2,http://www.erdci.ac.in,info@erdci.ac.in,admissions@erdci.ac.in,placement@erdci.ac.in,+91-80-045-5520,Information Technology (IT),M.Tech,39,78,2005,Rural,Yes,Yes
1-44643699179,1-44643699179,U-0672,"COLLEGE OF ENGINEERING, VADAKARA",Active,Kerala,Kozhikode,Kozhikode,MANDARATHUR PO VADAKARA KOZHIKODE KERALA PIN: 673105,673105,11.254054,75.765792,Government,"APJ Abdul Kalam Technological University, Kerala",Approved,Approved,B++,Yes,,Tier 3,http://www.vadakara.ac.in,info@vadakara.ac.in,admissions@vadakara.ac.in,placement@vadakara.ac.in,+91-80-639-7986,Civil Engineering,B.Tech,60,300,1994,Urban,Yes,Yes
1-44643699179,1-44643699179,U-0672,"COLLEGE OF ENGINEERING, VADAKARA",Active,Kerala,Kozhikode,Kozhikode,MANDARATHUR PO VADAKARA KOZHIKODE KERALA PIN: 673105,673105,11.254054,75.765792,Government,"APJ Abdul Kalam Technological University, Kerala",Approved,Approved,B++,Yes,,Tier 3,http://www.vadakara.ac.in,info@vadakara.ac.in,admissions@vadakara.ac.in,placement@vadakara.ac.in,+91-80-639-7986,Electronics & Communication Engineering (ECE),B.Tech,60,300,1994,Urban,Yes,Yes
1-44643699179,1-44643699179,U-0672,"COLLEGE OF ENGINEERING, VADAKARA",Active,Kerala,Kozhikode,Kozhikode,MANDARATHUR PO VADAKARA KOZHIKODE KERALA PIN: 673105,673105,11.254054,75.765792,Government,"APJ Abdul Kalam Technological University, Kerala",Approved,Approved,B++,Yes,,Tier 3,http://www.vadakara.ac.in,info@vadakara.ac.in,admissions@vadakara.ac.in,placement@vadakara.ac.in,+91-80-639-7986,Computer Science Engineering (CSE),B.Tech,60,300,1994,Urban,Yes,Yes
1-44643699179,1-44643699179,U-0672,"COLLEGE OF ENGINEERING, VADAKARA",Active,Kerala,Kozhikode,Kozhikode,MANDARATHUR PO VADAKARA KOZHIKODE KERALA PIN: 673105,673105,11.254054,75.765792,Government,"APJ Abdul Kalam Technological University, Kerala",Approved,Approved,B++,Yes,,Tier 3,http://www.vadakara.ac.in,info@vadakara.ac.in,admissions@vadakara.ac.in,placement@vadakara.ac.in,+91-80-639-7986,Information Technology (IT),B.Tech,60,300,1994,Urban,Yes,Yes
1-44643699179,1-44643699179,U-0672,"COLLEGE OF ENGINEERING, VADAKARA",Active,Kerala,Kozhikode,Kozhikode,MANDARATHUR PO VADAKARA KOZHIKODE KERALA PIN: 673105,673105,11.254054,75.765792,Government,"APJ Abdul Kalam Technological University, Kerala",Approved,Approved,B++,Yes,,Tier 3,http://www.vadakara.ac.in,info@vadakara.ac.in,admissions@vadakara.ac.in,placement@vadakara.ac.in,+91-80-639-7986,Electrical & Electronics Engineering (EEE),B.Tech,60,300,1994,Urban,Yes,Yes
1-44643125205,1-44643125205,U-0672,COLLEGE OF ENGINEERING KARUNAGAPPALLY,Active,Kerala,Kollam,Kollam,"THODIYOOR P.O, KARUNAGAPPALLY",682952,8.880634,76.613285,Government,"APJ Abdul Kalam Technological University, Kerala",Approved,Approved,B++,Yes,,Tier 3,http://www.karunagappally.ac.in,info@karunagappally.ac.in,admissions@karunagappally.ac.in,placement@karunagappally.ac.in,+91-80-311-8202,Electronics & Communication Engineering (ECE),B.Tech,60,270,2010,Rural,Yes,Yes
1-44643125205,1-44643125205,U-0672,COLLEGE OF ENGINEERING KARUNAGAPPALLY,Active,Kerala,Kollam,Kollam,"THODIYOOR P.O, KARUNAGAPPALLY",682952,8.880634,76.613285,Government,"APJ Abdul Kalam Technological University, Kerala",Approved,Approved,B++,Yes,,Tier 3,http://www.karunagappally.ac.in,info@karunagappally.ac.in,admissions@karunagappally.ac.in,placement@karunagappally.ac.in,+91-80-311-8202,Computer Science Engineering (CSE),B.Tech,120,270,2010,Rural,Yes,Yes
1-44643125205,1-44643125205,U-0672,COLLEGE OF ENGINEERING KARUNAGAPPALLY,Active,Kerala,Kollam,Kollam,"THODIYOOR P.O, KARUNAGAPPALLY",682952,8.880634,76.613285,Government,"APJ Abdul Kalam Technological University, Kerala",Approved,Approved,B++,Yes,,Tier 3,http://www.karunagappally.ac.in,info@karunagappally.ac.in,admissions@karunagappally.ac.in,placement@karunagappally.ac.in,+91-80-311-8202,Mechanical Engineering,B.Tech,30,270,2010,Rural,Yes,Yes
1-44643125205,1-44643125205,U-0672,COLLEGE OF ENGINEERING KARUNAGAPPALLY,Active,Kerala,Kollam,Kollam,"THODIYOOR P.O, KARUNAGAPPALLY",682952,8.880634,76.613285,Government,"APJ Abdul Kalam Technological University, Kerala",Approved,Approved,B++,Yes,,Tier 3,http://www.karunagappally.ac.in,info@karunagappally.ac.in,admissions@karunagappally.ac.in,placement@karunagappally.ac.in,+91-80-311-8202,Data Science,B.Tech,60,270,2010,Rural,Yes,Yes
1-44643126565,1-44643126565,U-0672,"MES COLLEGE OF ENGINEERING, KUTTIPURAM",Active,Kerala,Malappuram,Malappuram,THRIKKANAPURAM P.O MALAPUARAM DIST KERALA,682347,10.840418,76.287358,Private-Self Financing,"APJ Abdul Kalam Technological University, Kerala",Approved,Approved,B++,Yes,,Tier 3,http://www.meskuttipuram.ac.in,info@meskuttipuram.ac.in,admissions@meskuttipuram.ac.in,placement@meskuttipuram.ac.in,+91-80-416-0232,Computer Science Engineering (CSE),B.Tech,180,612,2006,Urban,Yes,Yes
1-44643126565,1-44643126565,U-0672,"MES COLLEGE OF ENGINEERING, KUTTIPURAM",Active,Kerala,Malappuram,Malappuram,THRIKKANAPURAM P.O MALAPUARAM DIST KERALA,682347,10.840418,76.287358,Private-Self Financing,"APJ Abdul Kalam Technological University, Kerala",Approved,Approved,B++,Yes,,Tier 3,http://www.meskuttipuram.ac.in,info@meskuttipuram.ac.in,admissions@meskuttipuram.ac.in,placement@meskuttipuram.ac.in,+91-80-416-0232,Electronics & Communication Engineering (ECE),B.Tech,60,612,2006,Urban,Yes,Yes
1-44643126565,1-44643126565,U-0672,"MES COLLEGE OF ENGINEERING, KUTTIPURAM",Active,Kerala,Malappuram,Malappuram,THRIKKANAPURAM P.O MALAPUARAM DIST KERALA,682347,10.840418,76.287358,Private-Self Financing,"APJ Abdul Kalam Technological University, Kerala",Approved,Approved,B++,Yes,,Tier 3,http://www.meskuttipuram.ac.in,info@meskuttipuram.ac.in,admissions@meskuttipuram.ac.in,placement@meskuttipuram.ac.in,+91-80-416-0232,Mechanical Engineering,B.Tech,60,612,2006,Urban,Yes,Yes
1-44643126565,1-44643126565,U-0672,"MES COLLEGE OF ENGINEERING, KUTTIPURAM",Active,Kerala,Malappuram,Malappuram,THRIKKANAPURAM P.O MALAPUARAM DIST KERALA,682347,10.840418,76.287358,Private-Self Financing,"APJ Abdul Kalam Technological University, Kerala",Approved,Approved,B++,Yes,,Tier 3,http://www.meskuttipuram.ac.in,info@meskuttipuram.ac.in,admissions@meskuttipuram.ac.in,placement@meskuttipuram.ac.in,+91-80-416-0232,Electrical & Electronics Engineering (EEE),B.Tech,60,612,2006,Urban,Yes,Yes
1-44643126565,1-44643126565,U-0672,"MES COLLEGE OF ENGINEERING, KUTTIPURAM",Active,Kerala,Malappuram,Malappuram,THRIKKANAPURAM P.O MALAPUARAM DIST KERALA,682347,10.840418,76.287358,Private-Self Financing,"APJ Abdul Kalam Technological University, Kerala",Approved,Approved,B++,Yes,,Tier 3,http://www.meskuttipuram.ac.in,info@meskuttipuram.ac.in,admissions@meskuttipuram.ac.in,placement@meskuttipuram.ac.in,+91-80-416-0232,Civil Engineering,B.Tech,60,612,2006,Urban,Yes,Yes
1-44643126565,1-44643126565,U-0672,"MES COLLEGE OF ENGINEERING, KUTTIPURAM",Active,Kerala,Malappuram,Malappuram,THRIKKANAPURAM P.O MALAPUARAM DIST KERALA,682347,10.840418,76.287358,Private-Self Financing,"APJ Abdul Kalam Technological University, Kerala",Approved,Approved,B++,Yes,,Tier 3,http://www.meskuttipuram.ac.in,info@meskuttipuram.ac.in,admissions@meskuttipuram.ac.in,placement@meskuttipuram.ac.in,+91-80-416-0232,Computer Science Engineering (CSE),M.Tech,18,612,2006,Urban,Yes,Yes
1-44643126565,1-44643126565,U-0672,"MES COLLEGE OF ENGINEERING, KUTTIPURAM",Active,Kerala,Malappuram,Malappuram,THRIKKANAPURAM P.O MALAPUARAM DIST KERALA,682347,10.840418,76.287358,Private-Self Financing,"APJ Abdul Kalam Technological University, Kerala",Approved,Approved,B++,Yes,,Tier 3,http://www.meskuttipuram.ac.in,info@meskuttipuram.ac.in,admissions@meskuttipuram.ac.in,placement@meskuttipuram.ac.in,+91-80-416-0232,Other Engineering Branches,M.Tech,54,612,2006,Urban,Yes,Yes
1-44643126565,1-44643126565,U-0672,"MES COLLEGE OF ENGINEERING, KUTTIPURAM",Active,Kerala,Malappuram,Malappuram,THRIKKANAPURAM P.O MALAPUARAM DIST KERALA,682347,10.840418,76.287358,Private-Self Financing,"APJ Abdul Kalam Technological University, Kerala",Approved,Approved,B++,Yes,,Tier 3,http://www.meskuttipuram.ac.in,info@meskuttipuram.ac.in,admissions@meskuttipuram.ac.in,placement@meskuttipuram.ac.in,+91-80-416-0232,Data Science,B.Tech,60,612,2006,Urban,Yes,Yes
1-44643126565,1-44643126565,U-0672,"MES COLLEGE OF ENGINEERING, KUTTIPURAM",Active,Kerala,Malappuram,Malappuram,THRIKKANAPURAM P.O MALAPUARAM DIST KERALA,682347,10.840418,76.287358,Private-Self Financing,"APJ Abdul Kalam Technological University, Kerala",Approved,Approved,B++,Yes,,Tier 3,http://www.meskuttipuram.ac.in,info@meskuttipuram.ac.in,admissions@meskuttipuram.ac.in,placement@meskuttipuram.ac.in,+91-80-416-0232,Cyber Security,B.Tech,60,612,2006,Urban,Yes,Yes
1-44643176203,1-44643176203,U-0672,SAINTGITS COLLEGE OF ENGINEERING,Active,Kerala,Kottayam,Kottayam,KOTTUKULAM HILLS PATHAMUTTOM P O KOTTAYAM KERALA PIN 686 532,682045,9.602276,76.507557,Private-Self Financing,"APJ Abdul Kalam Technological University, Kerala",Approved,Approved,A+,No,,Tier 3,http://www.saintgits.ac.in,info@saintgits.ac.in,admissions@saintgits.ac.in,placement@saintgits.ac.in,+91-80-286-6082,Other Engineering Branches,M.Tech,54,870,1982,Rural,Yes,No
1-44643176203,1-44643176203,U-0672,SAINTGITS COLLEGE OF ENGINEERING,Active,Kerala,Kottayam,Kottayam,KOTTUKULAM HILLS PATHAMUTTOM P O KOTTAYAM KERALA PIN 686 532,682045,9.602276,76.507557,Private-Self Financing,"APJ Abdul Kalam Technological University, Kerala",Approved,Approved,A+,No,,Tier 3,http://www.saintgits.ac.in,info@saintgits.ac.in,admissions@saintgits.ac.in,placement@saintgits.ac.in,+91-80-286-6082,Computer Science Engineering (CSE),M.Tech,12,870,1982,Rural,Yes,No
1-44643176203,1-44643176203,U-0672,SAINTGITS COLLEGE OF ENGINEERING,Active,Kerala,Kottayam,Kottayam,KOTTUKULAM HILLS PATHAMUTTOM P O KOTTAYAM KERALA PIN 686 532,682045,9.602276,76.507557,Private-Self Financing,"APJ Abdul Kalam Technological University, Kerala",Approved,Approved,A+,No,,Tier 3,http://www.saintgits.ac.in,info@saintgits.ac.in,admissions@saintgits.ac.in,placement@saintgits.ac.in,+91-80-286-6082,Electronics & Communication Engineering (ECE),B.Tech,60,870,1982,Rural,Yes,No
1-44643176203,1-44643176203,U-0672,SAINTGITS COLLEGE OF ENGINEERING,Active,Kerala,Kottayam,Kottayam,KOTTUKULAM HILLS PATHAMUTTOM P O KOTTAYAM KERALA PIN 686 532,682045,9.602276,76.507557,Private-Self Financing,"APJ Abdul Kalam Technological University, Kerala",Approved,Approved,A+,No,,Tier 3,http://www.saintgits.ac.in,info@saintgits.ac.in,admissions@saintgits.ac.in,placement@saintgits.ac.in,+91-80-286-6082,Electrical & Electronics Engineering (EEE),B.Tech,60,870,1982,Rural,Yes,No
1-44643176203,1-44643176203,U-0672,SAINTGITS COLLEGE OF ENGINEERING,Active,Kerala,Kottayam,Kottayam,KOTTUKULAM HILLS PATHAMUTTOM P O KOTTAYAM KERALA PIN 686 532,682045,9.602276,76.507557,Private-Self Financing,"APJ Abdul Kalam Technological University, Kerala",Approved,Approved,A+,No,,Tier 3,http://www.saintgits.ac.in,info@saintgits.ac.in,admissions@saintgits.ac.in,placement@saintgits.ac.in,+91-80-286-6082,Mechanical Engineering,B.Tech,90,870,1982,Rural,Yes,No
1-44643176203,1-44643176203,U-0672,SAINTGITS COLLEGE OF ENGINEERING,Active,Kerala,Kottayam,Kottayam,KOTTUKULAM HILLS PATHAMUTTOM P O KOTTAYAM KERALA PIN 686 532,682045,9.602276,76.507557,Private-Self Financing,"APJ Abdul Kalam Technological University, Kerala",Approved,Approved,A+,No,,Tier 3,http://www.saintgits.ac.in,info@saintgits.ac.in,admissions@saintgits.ac.in,placement@saintgits.ac.in,+91-80-286-6082,Civil Engineering,B.Tech,60,870,1982,Rural,Yes,No
1-44643176203,1-44643176203,U-0672,SAINTGITS COLLEGE OF ENGINEERING,Active,Kerala,Kottayam,Kottayam,KOTTUKULAM HILLS PATHAMUTTOM P O KOTTAYAM KERALA PIN 686 532,682045,9.602276,76.507557,Private-Self Financing,"APJ Abdul Kalam Technological University, Kerala",Approved,Approved,A+,No,,Tier 3,http://www.saintgits.ac.in,info@saintgits.ac.in,admissions@saintgits.ac.in,placement@saintgits.ac.in,+91-80-286-6082,Computer Science Engineering (CSE),B.Tech,180,870,1982,Rural,Yes,No
1-44643176203,1-44643176203,U-0672,SAINTGITS COLLEGE OF ENGINEERING,Active,Kerala,Kottayam,Kottayam,KOTTUKULAM HILLS PATHAMUTTOM P O KOTTAYAM KERALA PIN 686 532,682045,9.602276,76.507557,Private-Self Financing,"APJ Abdul Kalam Technological University, Kerala",Approved,Approved,A+,No,,Tier 3,http://www.saintgits.ac.in,info@saintgits.ac.in,admissions@saintgits.ac.in,placement@saintgits.ac.in,+91-80-286-6082,Mechanical Engineering,M.Tech,12,870,1982,Rural,Yes,No
1-44643176203,1-44643176203,U-0672,SAINTGITS COLLEGE OF ENGINEERING,Active,Kerala,Kottayam,Kottayam,KOTTUKULAM HILLS PATHAMUTTOM P O KOTTAYAM KERALA PIN 686 532,682045,9.602276,76.507557,Private-Self Financing,"APJ Abdul Kalam Technological University, Kerala",Approved,Approved,A+,No,,Tier 3,http://www.saintgits.ac.in,info@saintgits.ac.in,admissions@saintgits.ac.in,placement@saintgits.ac.in,+91-80-286-6082,Chemical Engineering,B.Tech,60,870,1982,Rural,Yes,No
1-44643176203,1-44643176203,U-0672,SAINTGITS COLLEGE OF ENGINEERING,Active,Kerala,Kottayam,Kottayam,KOTTUKULAM HILLS PATHAMUTTOM P O KOTTAYAM KERALA PIN 686 532,682045,9.602276,76.507557,Private-Self Financing,"APJ Abdul Kalam Technological University, Kerala",Approved,Approved,A+,No,,Tier 3,http://www.saintgits.ac.in,info@saintgits.ac.in,admissions@saintgits.ac.in,placement@saintgits.ac.in,+91-80-286-6082,Robotics,M.Tech,12,870,1982,Rural,Yes,No
1-44643176203,1-44643176203,U-0672,SAINTGITS COLLEGE OF ENGINEERING,Active,Kerala,Kottayam,Kottayam,KOTTUKULAM HILLS PATHAMUTTOM P O KOTTAYAM KERALA PIN 686 532,682045,9.602276,76.507557,Private-Self Financing,"APJ Abdul Kalam Technological University, Kerala",Approved,Approved,A+,No,,Tier 3,http://www.saintgits.ac.in,info@saintgits.ac.in,admissions@saintgits.ac.in,placement@saintgits.ac.in,+91-80-286-6082,Other Engineering Branches,B.Tech,150,870,1982,Rural,Yes,No
1-44643176203,1-44643176203,U-0672,SAINTGITS COLLEGE OF ENGINEERING,Active,Kerala,Kottayam,Kottayam,KOTTUKULAM HILLS PATHAMUTTOM P O KOTTAYAM KERALA PIN 686 532,682045,9.602276,76.507557,Private-Self Financing,"APJ Abdul Kalam Technological University, Kerala",Approved,Approved,A+,No,,Tier 3,http://www.saintgits.ac.in,info@saintgits.ac.in,admissions@saintgits.ac.in,placement@saintgits.ac.in,+91-80-286-6082,Robotics,B.Tech,120,870,1982,Rural,Yes,No
1-44643307696,1-44643307696,U-0672,KMCT COLLEGE OF ENGINEERING,Active,Kerala,Kozhikode,Kozhikode,"KMCT COLLEGE OF ENGINEERING KALANTHODE, MANASSERY POST MUKKAM  (VIA) KOZHIKODE KERALA  PIN:673602",673602,11.26658,75.780373,Private-Self Financing,"APJ Abdul Kalam Technological University, Kerala",Approved,Approved,Not Accredited,No,,Tier 3,http://www.kmct.ac.in,info@kmct.ac.in,admissions@kmct.ac.in,placement@kmct.ac.in,+91-80-165-1711,Electrical & Electronics Engineering (EEE),B.Tech,30,357,1986,Urban,Yes,Yes
1-44643307696,1-44643307696,U-0672,KMCT COLLEGE OF ENGINEERING,Active,Kerala,Kozhikode,Kozhikode,"KMCT COLLEGE OF ENGINEERING KALANTHODE, MANASSERY POST MUKKAM  (VIA) KOZHIKODE KERALA  PIN:673602",673602,11.26658,75.780373,Private-Self Financing,"APJ Abdul Kalam Technological University, Kerala",Approved,Approved,Not Accredited,No,,Tier 3,http://www.kmct.ac.in,info@kmct.ac.in,admissions@kmct.ac.in,placement@kmct.ac.in,+91-80-165-1711,Electronics & Communication Engineering (ECE),B.Tech,60,357,1986,Urban,Yes,Yes
1-44643307696,1-44643307696,U-0672,KMCT COLLEGE OF ENGINEERING,Active,Kerala,Kozhikode,Kozhikode,"KMCT COLLEGE OF ENGINEERING KALANTHODE, MANASSERY POST MUKKAM  (VIA) KOZHIKODE KERALA  PIN:673602",673602,11.26658,75.780373,Private-Self Financing,"APJ Abdul Kalam Technological University, Kerala",Approved,Approved,Not Accredited,No,,Tier 3,http://www.kmct.ac.in,info@kmct.ac.in,admissions@kmct.ac.in,placement@kmct.ac.in,+91-80-165-1711,Computer Science Engineering (CSE),B.Tech,60,357,1986,Urban,Yes,Yes
1-44643307696,1-44643307696,U-0672,KMCT COLLEGE OF ENGINEERING,Active,Kerala,Kozhikode,Kozhikode,"KMCT COLLEGE OF ENGINEERING KALANTHODE, MANASSERY POST MUKKAM  (VIA) KOZHIKODE KERALA  PIN:673602",673602,11.26658,75.780373,Private-Self Financing,"APJ Abdul Kalam Technological University, Kerala",Approved,Approved,Not Accredited,No,,Tier 3,http://www.kmct.ac.in,info@kmct.ac.in,admissions@kmct.ac.in,placement@kmct.ac.in,+91-80-165-1711,Information Technology (IT),B.Tech,30,357,1986,Urban,Yes,Yes
1-44643307696,1-44643307696,U-0672,KMCT COLLEGE OF ENGINEERING,Active,Kerala,Kozhikode,Kozhikode,"KMCT COLLEGE OF ENGINEERING KALANTHODE, MANASSERY POST MUKKAM  (VIA) KOZHIKODE KERALA  PIN:673602",673602,11.26658,75.780373,Private-Self Financing,"APJ Abdul Kalam Technological University, Kerala",Approved,Approved,Not Accredited,No,,Tier 3,http://www.kmct.ac.in,info@kmct.ac.in,admissions@kmct.ac.in,placement@kmct.ac.in,+91-80-165-1711,Mechanical Engineering,B.Tech,60,357,1986,Urban,Yes,Yes
1-44643307696,1-44643307696,U-0672,KMCT COLLEGE OF ENGINEERING,Active,Kerala,Kozhikode,Kozhikode,"KMCT COLLEGE OF ENGINEERING KALANTHODE, MANASSERY POST MUKKAM  (VIA) KOZHIKODE KERALA  PIN:673602",673602,11.26658,75.780373,Private-Self Financing,"APJ Abdul Kalam Technological University, Kerala",Approved,Approved,Not Accredited,No,,Tier 3,http://www.kmct.ac.in,info@kmct.ac.in,admissions@kmct.ac.in,placement@kmct.ac.in,+91-80-165-1711,Automobile Engineering,B.Tech,30,357,1986,Urban,Yes,Yes
1-44643307696,1-44643307696,U-0672,KMCT COLLEGE OF ENGINEERING,Active,Kerala,Kozhikode,Kozhikode,"KMCT COLLEGE OF ENGINEERING KALANTHODE, MANASSERY POST MUKKAM  (VIA) KOZHIKODE KERALA  PIN:673602",673602,11.26658,75.780373,Private-Self Financing,"APJ Abdul Kalam Technological University, Kerala",Approved,Approved,Not Accredited,No,,Tier 3,http://www.kmct.ac.in,info@kmct.ac.in,admissions@kmct.ac.in,placement@kmct.ac.in,+91-80-165-1711,Information Technology (IT),M.Tech,9,357,1986,Urban,Yes,Yes
1-44643307696,1-44643307696,U-0672,KMCT COLLEGE OF ENGINEERING,Active,Kerala,Kozhikode,Kozhikode,"KMCT COLLEGE OF ENGINEERING KALANTHODE, MANASSERY POST MUKKAM  (VIA) KOZHIKODE KERALA  PIN:673602",673602,11.26658,75.780373,Private-Self Financing,"APJ Abdul Kalam Technological University, Kerala",Approved,Approved,Not Accredited,No,,Tier 3,http://www.kmct.ac.in,info@kmct.ac.in,admissions@kmct.ac.in,placement@kmct.ac.in,+91-80-165-1711,Other Engineering Branches,M.Tech,9,357,1986,Urban,Yes,Yes
1-44643307696,1-44643307696,U-0672,KMCT COLLEGE OF ENGINEERING,Active,Kerala,Kozhikode,Kozhikode,"KMCT COLLEGE OF ENGINEERING KALANTHODE, MANASSERY POST MUKKAM  (VIA) KOZHIKODE KERALA  PIN:673602",673602,11.26658,75.780373,Private-Self Financing,"APJ Abdul Kalam Technological University, Kerala",Approved,Approved,Not Accredited,No,,Tier 3,http://www.kmct.ac.in,info@kmct.ac.in,admissions@kmct.ac.in,placement@kmct.ac.in,+91-80-165-1711,Civil Engineering,B.Tech,60,357,1986,Urban,Yes,Yes
1-44643307696,1-44643307696,U-0672,KMCT COLLEGE OF ENGINEERING,Active,Kerala,Kozhikode,Kozhikode,"KMCT COLLEGE OF ENGINEERING KALANTHODE, MANASSERY POST MUKKAM  (VIA) KOZHIKODE KERALA  PIN:673602",673602,11.26658,75.780373,Private-Self Financing,"APJ Abdul Kalam Technological University, Kerala",Approved,Approved,Not Accredited,No,,Tier 3,http://www.kmct.ac.in,info@kmct.ac.in,admissions@kmct.ac.in,placement@kmct.ac.in,+91-80-165-1711,Computer Science Engineering (CSE),M.Tech,9,357,1986,Urban,Yes,Yes
1-44643657099,1-44643657099,U-0672,"RAJIV GANDHI INSTITUTE OF TECHNOLOGY,KOTTAYAM",Active,Kerala,Kottayam,Kottayam,"VELLOOR P O, PAMAPADY, KOTTAYAM 686501",686501,9.590483,76.527156,Government,"APJ Abdul Kalam Technological University, Kerala",Approved,Approved,B,No,,Tier 3,http://www.rajivgandhitechnologykottayam.ac.in,info@rajivgandhitechnologykottayam.ac.in,admissions@rajivgandhitechnologykottayam.ac.in,placement@rajivgandhitechnologykottayam.ac.in,+91-80-792-0287,Other Engineering Branches,M.Tech,126,618,2021,Urban,Yes,Yes
1-44643657099,1-44643657099,U-0672,"RAJIV GANDHI INSTITUTE OF TECHNOLOGY,KOTTAYAM",Active,Kerala,Kottayam,Kottayam,"VELLOOR P O, PAMAPADY, KOTTAYAM 686501",686501,9.590483,76.527156,Government,"APJ Abdul Kalam Technological University, Kerala",Approved,Approved,B,No,,Tier 3,http://www.rajivgandhitechnologykottayam.ac.in,info@rajivgandhitechnologykottayam.ac.in,admissions@rajivgandhitechnologykottayam.ac.in,placement@rajivgandhitechnologykottayam.ac.in,+91-80-792-0287,Civil Engineering,B.Tech,60,618,2021,Urban,Yes,Yes
1-44643657099,1-44643657099,U-0672,"RAJIV GANDHI INSTITUTE OF TECHNOLOGY,KOTTAYAM",Active,Kerala,Kottayam,Kottayam,"VELLOOR P O, PAMAPADY, KOTTAYAM 686501",686501,9.590483,76.527156,Government,"APJ Abdul Kalam Technological University, Kerala",Approved,Approved,B,No,,Tier 3,http://www.rajivgandhitechnologykottayam.ac.in,info@rajivgandhitechnologykottayam.ac.in,admissions@rajivgandhitechnologykottayam.ac.in,placement@rajivgandhitechnologykottayam.ac.in,+91-80-792-0287,Mechanical Engineering,B.Tech,60,618,2021,Urban,Yes,Yes
1-44643657099,1-44643657099,U-0672,"RAJIV GANDHI INSTITUTE OF TECHNOLOGY,KOTTAYAM",Active,Kerala,Kottayam,Kottayam,"VELLOOR P O, PAMAPADY, KOTTAYAM 686501",686501,9.590483,76.527156,Government,"APJ Abdul Kalam Technological University, Kerala",Approved,Approved,B,No,,Tier 3,http://www.rajivgandhitechnologykottayam.ac.in,info@rajivgandhitechnologykottayam.ac.in,admissions@rajivgandhitechnologykottayam.ac.in,placement@rajivgandhitechnologykottayam.ac.in,+91-80-792-0287,Computer Science Engineering (CSE),B.Tech,150,618,2021,Urban,Yes,Yes
1-44643657099,1-44643657099,U-0672,"RAJIV GANDHI INSTITUTE OF TECHNOLOGY,KOTTAYAM",Active,Kerala,Kottayam,Kottayam,"VELLOOR P O, PAMAPADY, KOTTAYAM 686501",686501,9.590483,76.527156,Government,"APJ Abdul Kalam Technological University, Kerala",Approved,Approved,B,No,,Tier 3,http://www.rajivgandhitechnologykottayam.ac.in,info@rajivgandhitechnologykottayam.ac.in,admissions@rajivgandhitechnologykottayam.ac.in,placement@rajivgandhitechnologykottayam.ac.in,+91-80-792-0287,Electrical & Electronics Engineering (EEE),B.Tech,60,618,2021,Urban,Yes,Yes
1-44643657099,1-44643657099,U-0672,"RAJIV GANDHI INSTITUTE OF TECHNOLOGY,KOTTAYAM",Active,Kerala,Kottayam,Kottayam,"VELLOOR P O, PAMAPADY, KOTTAYAM 686501",686501,9.590483,76.527156,Government,"APJ Abdul Kalam Technological University, Kerala",Approved,Approved,B,No,,Tier 3,http://www.rajivgandhitechnologykottayam.ac.in,info@rajivgandhitechnologykottayam.ac.in,admissions@rajivgandhitechnologykottayam.ac.in,placement@rajivgandhitechnologykottayam.ac.in,+91-80-792-0287,Electronics & Communication Engineering (ECE),B.Tech,60,618,2021,Urban,Yes,Yes
1-44643657099,1-44643657099,U-0672,"RAJIV GANDHI INSTITUTE OF TECHNOLOGY,KOTTAYAM",Active,Kerala,Kottayam,Kottayam,"VELLOOR P O, PAMAPADY, KOTTAYAM 686501",686501,9.590483,76.527156,Government,"APJ Abdul Kalam Technological University, Kerala",Approved,Approved,B,No,,Tier 3,http://www.rajivgandhitechnologykottayam.ac.in,info@rajivgandhitechnologykottayam.ac.in,admissions@rajivgandhitechnologykottayam.ac.in,placement@rajivgandhitechnologykottayam.ac.in,+91-80-792-0287,Electronics & Communication Engineering (ECE),M.Tech,18,618,2021,Urban,Yes,Yes
1-44643657099,1-44643657099,U-0672,"RAJIV GANDHI INSTITUTE OF TECHNOLOGY,KOTTAYAM",Active,Kerala,Kottayam,Kottayam,"VELLOOR P O, PAMAPADY, KOTTAYAM 686501",686501,9.590483,76.527156,Government,"APJ Abdul Kalam Technological University, Kerala",Approved,Approved,B,No,,Tier 3,http://www.rajivgandhitechnologykottayam.ac.in,info@rajivgandhitechnologykottayam.ac.in,admissions@rajivgandhitechnologykottayam.ac.in,placement@rajivgandhitechnologykottayam.ac.in,+91-80-792-0287,Computer Science Engineering (CSE),M.Tech,18,618,2021,Urban,Yes,Yes
1-44643657099,1-44643657099,U-0672,"RAJIV GANDHI INSTITUTE OF TECHNOLOGY,KOTTAYAM",Active,Kerala,Kottayam,Kottayam,"VELLOOR P O, PAMAPADY, KOTTAYAM 686501",686501,9.590483,76.527156,Government,"APJ Abdul Kalam Technological University, Kerala",Approved,Approved,B,No,,Tier 3,http://www.rajivgandhitechnologykottayam.ac.in,info@rajivgandhitechnologykottayam.ac.in,admissions@rajivgandhitechnologykottayam.ac.in,placement@rajivgandhitechnologykottayam.ac.in,+91-80-792-0287,Robotics,B.Tech,30,618,2021,Urban,Yes,Yes
1-44643657099,1-44643657099,U-0672,"RAJIV GANDHI INSTITUTE OF TECHNOLOGY,KOTTAYAM",Active,Kerala,Kottayam,Kottayam,"VELLOOR P O, PAMAPADY, KOTTAYAM 686501",686501,9.590483,76.527156,Government,"APJ Abdul Kalam Technological University, Kerala",Approved,Approved,B,No,,Tier 3,http://www.rajivgandhitechnologykottayam.ac.in,info@rajivgandhitechnologykottayam.ac.in,admissions@rajivgandhitechnologykottayam.ac.in,placement@rajivgandhitechnologykottayam.ac.in,+91-80-792-0287,Robotics,M.Tech,18,618,2021,Urban,Yes,Yes
1-44643657099,1-44643657099,U-0672,"RAJIV GANDHI INSTITUTE OF TECHNOLOGY,KOTTAYAM",Active,Kerala,Kottayam,Kottayam,"VELLOOR P O, PAMAPADY, KOTTAYAM 686501",686501,9.590483,76.527156,Government,"APJ Abdul Kalam Technological University, Kerala",Approved,Approved,B,No,,Tier 3,http://www.rajivgandhitechnologykottayam.ac.in,info@rajivgandhitechnologykottayam.ac.in,admissions@rajivgandhitechnologykottayam.ac.in,placement@rajivgandhitechnologykottayam.ac.in,+91-80-792-0287,Data Science,M.Tech,18,618,2021,Urban,Yes,Yes
1-44643128215,1-44643128215,U-0672,AWH ENGINEERING COLLEGE,Active,Kerala,Kozhikode,Kozhikode,PATTAYILKUNNU  KUTTIKKATTOOR- PO KOZHIKODE -DT KERALA STATE 673008 - PIN,673008,11.252341,75.770191,Private-Self Financing,"APJ Abdul Kalam Technological University, Kerala",Approved,Approved,A+,No,,Tier 3,http://www.awh.ac.in,info@awh.ac.in,admissions@awh.ac.in,placement@awh.ac.in,+91-80-567-9678,Civil Engineering,B.Tech,60,405,1990,Rural,Yes,Yes
1-44643128215,1-44643128215,U-0672,AWH ENGINEERING COLLEGE,Active,Kerala,Kozhikode,Kozhikode,PATTAYILKUNNU  KUTTIKKATTOOR- PO KOZHIKODE -DT KERALA STATE 673008 - PIN,673008,11.252341,75.770191,Private-Self Financing,"APJ Abdul Kalam Technological University, Kerala",Approved,Approved,A+,No,,Tier 3,http://www.awh.ac.in,info@awh.ac.in,admissions@awh.ac.in,placement@awh.ac.in,+91-80-567-9678,Electronics & Communication Engineering (ECE),B.Tech,30,405,1990,Rural,Yes,Yes
1-44643128215,1-44643128215,U-0672,AWH ENGINEERING COLLEGE,Active,Kerala,Kozhikode,Kozhikode,PATTAYILKUNNU  KUTTIKKATTOOR- PO KOZHIKODE -DT KERALA STATE 673008 - PIN,673008,11.252341,75.770191,Private-Self Financing,"APJ Abdul Kalam Technological University, Kerala",Approved,Approved,A+,No,,Tier 3,http://www.awh.ac.in,info@awh.ac.in,admissions@awh.ac.in,placement@awh.ac.in,+91-80-567-9678,Electrical & Electronics Engineering (EEE),B.Tech,30,405,1990,Rural,Yes,Yes
1-44643128215,1-44643128215,U-0672,AWH ENGINEERING COLLEGE,Active,Kerala,Kozhikode,Kozhikode,PATTAYILKUNNU  KUTTIKKATTOOR- PO KOZHIKODE -DT KERALA STATE 673008 - PIN,673008,11.252341,75.770191,Private-Self Financing,"APJ Abdul Kalam Technological University, Kerala",Approved,Approved,A+,No,,Tier 3,http://www.awh.ac.in,info@awh.ac.in,admissions@awh.ac.in,placement@awh.ac.in,+91-80-567-9678,Mechanical Engineering,B.Tech,60,405,1990,Rural,Yes,Yes
1-44643128215,1-44643128215,U-0672,AWH ENGINEERING COLLEGE,Active,Kerala,Kozhikode,Kozhikode,PATTAYILKUNNU  KUTTIKKATTOOR- PO KOZHIKODE -DT KERALA STATE 673008 - PIN,673008,11.252341,75.770191,Private-Self Financing,"APJ Abdul Kalam Technological University, Kerala",Approved,Approved,A+,No,,Tier 3,http://www.awh.ac.in,info@awh.ac.in,admissions@awh.ac.in,placement@awh.ac.in,+91-80-567-9678,Computer Science Engineering (CSE),B.Tech,120,405,1990,Rural,Yes,Yes
1-44643128215,1-44643128215,U-0672,AWH ENGINEERING COLLEGE,Active,Kerala,Kozhikode,Kozhikode,PATTAYILKUNNU  KUTTIKKATTOOR- PO KOZHIKODE -DT KERALA STATE 673008 - PIN,673008,11.252341,75.770191,Private-Self Financing,"APJ Abdul Kalam Technological University, Kerala",Approved,Approved,A+,No,,Tier 3,http://www.awh.ac.in,info@awh.ac.in,admissions@awh.ac.in,placement@awh.ac.in,+91-80-567-9678,Other Engineering Branches,M.Tech,36,405,1990,Rural,Yes,Yes
1-44643128215,1-44643128215,U-0672,AWH ENGINEERING COLLEGE,Active,Kerala,Kozhikode,Kozhikode,PATTAYILKUNNU  KUTTIKKATTOOR- PO KOZHIKODE -DT KERALA STATE 673008 - PIN,673008,11.252341,75.770191,Private-Self Financing,"APJ Abdul Kalam Technological University, Kerala",Approved,Approved,A+,No,,Tier 3,http://www.awh.ac.in,info@awh.ac.in,admissions@awh.ac.in,placement@awh.ac.in,+91-80-567-9678,Computer Science Engineering (CSE),M.Tech,9,405,1990,Rural,Yes,Yes
1-44643128215,1-44643128215,U-0672,AWH ENGINEERING COLLEGE,Active,Kerala,Kozhikode,Kozhikode,PATTAYILKUNNU  KUTTIKKATTOOR- PO KOZHIKODE -DT KERALA STATE 673008 - PIN,673008,11.252341,75.770191,Private-Self Financing,"APJ Abdul Kalam Technological University, Kerala",Approved,Approved,A+,No,,Tier 3,http://www.awh.ac.in,info@awh.ac.in,admissions@awh.ac.in,placement@awh.ac.in,+91-80-567-9678,Data Science,B.Tech,60,405,1990,Rural,Yes,Yes
1-44643225473,1-44643225473,U-0672,"GOVT. ENGINEERING COLLEGE, BARTON HILL",Active,Kerala,Thiruvananthapuram,Thiruvananthapuram,"BARTON HILL, VANCHIYOOR P.O.,  TRIVANDRUM - 695035",695035,8.51416,76.954441,Government,"APJ Abdul Kalam Technological University, Kerala",Approved,Approved,B++,Yes,,Tier 3,http://www.govtbartonhill.ac.in,info@govtbartonhill.ac.in,admissions@govtbartonhill.ac.in,placement@govtbartonhill.ac.in,+91-80-421-9634,Other Engineering Branches,M.Tech,108,444,2021,Urban,Yes,Yes
1-44643225473,1-44643225473,U-0672,"GOVT. ENGINEERING COLLEGE, BARTON HILL",Active,Kerala,Thiruvananthapuram,Thiruvananthapuram,"BARTON HILL, VANCHIYOOR P.O.,  TRIVANDRUM - 695035",695035,8.51416,76.954441,Government,"APJ Abdul Kalam Technological University, Kerala",Approved,Approved,B++,Yes,,Tier 3,http://www.govtbartonhill.ac.in,info@govtbartonhill.ac.in,admissions@govtbartonhill.ac.in,placement@govtbartonhill.ac.in,+91-80-421-9634,Electrical & Electronics Engineering (EEE),B.Tech,60,444,2021,Urban,Yes,Yes
1-44643225473,1-44643225473,U-0672,"GOVT. ENGINEERING COLLEGE, BARTON HILL",Active,Kerala,Thiruvananthapuram,Thiruvananthapuram,"BARTON HILL, VANCHIYOOR P.O.,  TRIVANDRUM - 695035",695035,8.51416,76.954441,Government,"APJ Abdul Kalam Technological University, Kerala",Approved,Approved,B++,Yes,,Tier 3,http://www.govtbartonhill.ac.in,info@govtbartonhill.ac.in,admissions@govtbartonhill.ac.in,placement@govtbartonhill.ac.in,+91-80-421-9634,Electronics & Communication Engineering (ECE),B.Tech,60,444,2021,Urban,Yes,Yes
1-44643225473,1-44643225473,U-0672,"GOVT. ENGINEERING COLLEGE, BARTON HILL",Active,Kerala,Thiruvananthapuram,Thiruvananthapuram,"BARTON HILL, VANCHIYOOR P.O.,  TRIVANDRUM - 695035",695035,8.51416,76.954441,Government,"APJ Abdul Kalam Technological University, Kerala",Approved,Approved,B++,Yes,,Tier 3,http://www.govtbartonhill.ac.in,info@govtbartonhill.ac.in,admissions@govtbartonhill.ac.in,placement@govtbartonhill.ac.in,+91-80-421-9634,Information Technology (IT),B.Tech,60,444,2021,Urban,Yes,Yes
1-44643225473,1-44643225473,U-0672,"GOVT. ENGINEERING COLLEGE, BARTON HILL",Active,Kerala,Thiruvananthapuram,Thiruvananthapuram,"BARTON HILL, VANCHIYOOR P.O.,  TRIVANDRUM - 695035",695035,8.51416,76.954441,Government,"APJ Abdul Kalam Technological University, Kerala",Approved,Approved,B++,Yes,,Tier 3,http://www.govtbartonhill.ac.in,info@govtbartonhill.ac.in,admissions@govtbartonhill.ac.in,placement@govtbartonhill.ac.in,+91-80-421-9634,Mechanical Engineering,B.Tech,60,444,2021,Urban,Yes,Yes
1-44643225473,1-44643225473,U-0672,"GOVT. ENGINEERING COLLEGE, BARTON HILL",Active,Kerala,Thiruvananthapuram,Thiruvananthapuram,"BARTON HILL, VANCHIYOOR P.O.,  TRIVANDRUM - 695035",695035,8.51416,76.954441,Government,"APJ Abdul Kalam Technological University, Kerala",Approved,Approved,B++,Yes,,Tier 3,http://www.govtbartonhill.ac.in,info@govtbartonhill.ac.in,admissions@govtbartonhill.ac.in,placement@govtbartonhill.ac.in,+91-80-421-9634,Civil Engineering,B.Tech,60,444,2021,Urban,Yes,Yes
1-44643225473,1-44643225473,U-0672,"GOVT. ENGINEERING COLLEGE, BARTON HILL",Active,Kerala,Thiruvananthapuram,Thiruvananthapuram,"BARTON HILL, VANCHIYOOR P.O.,  TRIVANDRUM - 695035",695035,8.51416,76.954441,Government,"APJ Abdul Kalam Technological University, Kerala",Approved,Approved,B++,Yes,,Tier 3,http://www.govtbartonhill.ac.in,info@govtbartonhill.ac.in,admissions@govtbartonhill.ac.in,placement@govtbartonhill.ac.in,+91-80-421-9634,Mechanical Engineering,M.Tech,18,444,2021,Urban,Yes,Yes
1-44643225473,1-44643225473,U-0672,"GOVT. ENGINEERING COLLEGE, BARTON HILL",Active,Kerala,Thiruvananthapuram,Thiruvananthapuram,"BARTON HILL, VANCHIYOOR P.O.,  TRIVANDRUM - 695035",695035,8.51416,76.954441,Government,"APJ Abdul Kalam Technological University, Kerala",Approved,Approved,B++,Yes,,Tier 3,http://www.govtbartonhill.ac.in,info@govtbartonhill.ac.in,admissions@govtbartonhill.ac.in,placement@govtbartonhill.ac.in,+91-80-421-9634,Data Science,M.Tech,18,444,2021,Urban,Yes,Yes
1-44643184794,1-44643184794,U-0672,MOHANDAS COLLEGE OF ENGINEERING AND TECHNOLOGY,Active,Kerala,Thiruvananthapuram,Thiruvananthapuram,"ANAD NEDUMANGAD, THIRUVANANTHAPURAM - 695544. KERALA STATE  PH: 0472-2814578/2802552/2813039 MOBILE: 9847064246 FAX: 0472-2814575 E-MAIL: CHAIRMAN@MCETONLINE.COM MAIL@MCETONLINE.COM WEBSITE:WWW.MCETONLINE.COM",695544,8.516014,76.925856,Private-Self Financing,"APJ Abdul Kalam Technological University, Kerala",Approved,Approved,Not Accredited,No,,Tier 3,http://www.mohandas.ac.in,info@mohandas.ac.in,admissions@mohandas.ac.in,placement@mohandas.ac.in,+91-80-499-7179,Electrical & Electronics Engineering (EEE),B.Tech,30,477,1996,Urban,Yes,Yes
1-44643184794,1-44643184794,U-0672,MOHANDAS COLLEGE OF ENGINEERING AND TECHNOLOGY,Active,Kerala,Thiruvananthapuram,Thiruvananthapuram,"ANAD NEDUMANGAD, THIRUVANANTHAPURAM - 695544. KERALA STATE  PH: 0472-2814578/2802552/2813039 MOBILE: 9847064246 FAX: 0472-2814575 E-MAIL: CHAIRMAN@MCETONLINE.COM MAIL@MCETONLINE.COM WEBSITE:WWW.MCETONLINE.COM",695544,8.516014,76.925856,Private-Self Financing,"APJ Abdul Kalam Technological University, Kerala",Approved,Approved,Not Accredited,No,,Tier 3,http://www.mohandas.ac.in,info@mohandas.ac.in,admissions@mohandas.ac.in,placement@mohandas.ac.in,+91-80-499-7179,Electronics & Communication Engineering (ECE),B.Tech,30,477,1996,Urban,Yes,Yes
1-44643184794,1-44643184794,U-0672,MOHANDAS COLLEGE OF ENGINEERING AND TECHNOLOGY,Active,Kerala,Thiruvananthapuram,Thiruvananthapuram,"ANAD NEDUMANGAD, THIRUVANANTHAPURAM - 695544. KERALA STATE  PH: 0472-2814578/2802552/2813039 MOBILE: 9847064246 FAX: 0472-2814575 E-MAIL: CHAIRMAN@MCETONLINE.COM MAIL@MCETONLINE.COM WEBSITE:WWW.MCETONLINE.COM",695544,8.516014,76.925856,Private-Self Financing,"APJ Abdul Kalam Technological University, Kerala",Approved,Approved,Not Accredited,No,,Tier 3,http://www.mohandas.ac.in,info@mohandas.ac.in,admissions@mohandas.ac.in,placement@mohandas.ac.in,+91-80-499-7179,Mechanical Engineering,B.Tech,30,477,1996,Urban,Yes,Yes
1-44643184794,1-44643184794,U-0672,MOHANDAS COLLEGE OF ENGINEERING AND TECHNOLOGY,Active,Kerala,Thiruvananthapuram,Thiruvananthapuram,"ANAD NEDUMANGAD, THIRUVANANTHAPURAM - 695544. KERALA STATE  PH: 0472-2814578/2802552/2813039 MOBILE: 9847064246 FAX: 0472-2814575 E-MAIL: CHAIRMAN@MCETONLINE.COM MAIL@MCETONLINE.COM WEBSITE:WWW.MCETONLINE.COM",695544,8.516014,76.925856,Private-Self Financing,"APJ Abdul Kalam Technological University, Kerala",Approved,Approved,Not Accredited,No,,Tier 3,http://www.mohandas.ac.in,info@mohandas.ac.in,admissions@mohandas.ac.in,placement@mohandas.ac.in,+91-80-499-7179,Other Engineering Branches,M.Tech,18,477,1996,Urban,Yes,Yes
1-44643184794,1-44643184794,U-0672,MOHANDAS COLLEGE OF ENGINEERING AND TECHNOLOGY,Active,Kerala,Thiruvananthapuram,Thiruvananthapuram,"ANAD NEDUMANGAD, THIRUVANANTHAPURAM - 695544. KERALA STATE  PH: 0472-2814578/2802552/2813039 MOBILE: 9847064246 FAX: 0472-2814575 E-MAIL: CHAIRMAN@MCETONLINE.COM MAIL@MCETONLINE.COM WEBSITE:WWW.MCETONLINE.COM",695544,8.516014,76.925856,Private-Self Financing,"APJ Abdul Kalam Technological University, Kerala",Approved,Approved,Not Accredited,No,,Tier 3,http://www.mohandas.ac.in,info@mohandas.ac.in,admissions@mohandas.ac.in,placement@mohandas.ac.in,+91-80-499-7179,Computer Science Engineering (CSE),M.Tech,9,477,1996,Urban,Yes,Yes
1-44643184794,1-44643184794,U-0672,MOHANDAS COLLEGE OF ENGINEERING AND TECHNOLOGY,Active,Kerala,Thiruvananthapuram,Thiruvananthapuram,"ANAD NEDUMANGAD, THIRUVANANTHAPURAM - 695544. KERALA STATE  PH: 0472-2814578/2802552/2813039 MOBILE: 9847064246 FAX: 0472-2814575 E-MAIL: CHAIRMAN@MCETONLINE.COM MAIL@MCETONLINE.COM WEBSITE:WWW.MCETONLINE.COM",695544,8.516014,76.925856,Private-Self Financing,"APJ Abdul Kalam Technological University, Kerala",Approved,Approved,Not Accredited,No,,Tier 3,http://www.mohandas.ac.in,info@mohandas.ac.in,admissions@mohandas.ac.in,placement@mohandas.ac.in,+91-80-499-7179,Civil Engineering,B.Tech,30,477,1996,Urban,Yes,Yes
1-44643184794,1-44643184794,U-0672,MOHANDAS COLLEGE OF ENGINEERING AND TECHNOLOGY,Active,Kerala,Thiruvananthapuram,Thiruvananthapuram,"ANAD NEDUMANGAD, THIRUVANANTHAPURAM - 695544. KERALA STATE  PH: 0472-2814578/2802552/2813039 MOBILE: 9847064246 FAX: 0472-2814575 E-MAIL: CHAIRMAN@MCETONLINE.COM MAIL@MCETONLINE.COM WEBSITE:WWW.MCETONLINE.COM",695544,8.516014,76.925856,Private-Self Financing,"APJ Abdul Kalam Technological University, Kerala",Approved,Approved,Not Accredited,No,,Tier 3,http://www.mohandas.ac.in,info@mohandas.ac.in,admissions@mohandas.ac.in,placement@mohandas.ac.in,+91-80-499-7179,Computer Science Engineering (CSE),B.Tech,150,477,1996,Urban,Yes,Yes
1-44643184794,1-44643184794,U-0672,MOHANDAS COLLEGE OF ENGINEERING AND TECHNOLOGY,Active,Kerala,Thiruvananthapuram,Thiruvananthapuram,"ANAD NEDUMANGAD, THIRUVANANTHAPURAM - 695544. KERALA STATE  PH: 0472-2814578/2802552/2813039 MOBILE: 9847064246 FAX: 0472-2814575 E-MAIL: CHAIRMAN@MCETONLINE.COM MAIL@MCETONLINE.COM WEBSITE:WWW.MCETONLINE.COM",695544,8.516014,76.925856,Private-Self Financing,"APJ Abdul Kalam Technological University, Kerala",Approved,Approved,Not Accredited,No,,Tier 3,http://www.mohandas.ac.in,info@mohandas.ac.in,admissions@mohandas.ac.in,placement@mohandas.ac.in,+91-80-499-7179,Chemical Engineering,B.Tech,60,477,1996,Urban,Yes,Yes
1-44643184794,1-44643184794,U-0672,MOHANDAS COLLEGE OF ENGINEERING AND TECHNOLOGY,Active,Kerala,Thiruvananthapuram,Thiruvananthapuram,"ANAD NEDUMANGAD, THIRUVANANTHAPURAM - 695544. KERALA STATE  PH: 0472-2814578/2802552/2813039 MOBILE: 9847064246 FAX: 0472-2814575 E-MAIL: CHAIRMAN@MCETONLINE.COM MAIL@MCETONLINE.COM WEBSITE:WWW.MCETONLINE.COM",695544,8.516014,76.925856,Private-Self Financing,"APJ Abdul Kalam Technological University, Kerala",Approved,Approved,Not Accredited,No,,Tier 3,http://www.mohandas.ac.in,info@mohandas.ac.in,admissions@mohandas.ac.in,placement@mohandas.ac.in,+91-80-499-7179,Artificial Intelligence & Machine Learning (AI & ML),B.Tech,60,477,1996,Urban,Yes,Yes
1-44643184794,1-44643184794,U-0672,MOHANDAS COLLEGE OF ENGINEERING AND TECHNOLOGY,Active,Kerala,Thiruvananthapuram,Thiruvananthapuram,"ANAD NEDUMANGAD, THIRUVANANTHAPURAM - 695544. KERALA STATE  PH: 0472-2814578/2802552/2813039 MOBILE: 9847064246 FAX: 0472-2814575 E-MAIL: CHAIRMAN@MCETONLINE.COM MAIL@MCETONLINE.COM WEBSITE:WWW.MCETONLINE.COM",695544,8.516014,76.925856,Private-Self Financing,"APJ Abdul Kalam Technological University, Kerala",Approved,Approved,Not Accredited,No,,Tier 3,http://www.mohandas.ac.in,info@mohandas.ac.in,admissions@mohandas.ac.in,placement@mohandas.ac.in,+91-80-499-7179,Other Engineering Branches,B.Tech,60,477,1996,Urban,Yes,Yes
1-44643185912,1-44643185912,U-0672,SNM INSTITUTE OF MANAGEMENT AND TECHNOLOGY,Active,Kerala,Ernakulam,Ernakulam,"MALIANKARA, MOOTHAKUNNAM P.O ERNAKULAM DT, KERALA-683 516",682234,9.996457,76.309432,Private-Self Financing,"APJ Abdul Kalam Technological University, Kerala",Approved,Approved,Not Accredited,No,,Tier 3,http://www.snmmanagement.ac.in,info@snmmanagement.ac.in,admissions@snmmanagement.ac.in,placement@snmmanagement.ac.in,+91-80-462-0093,Other Engineering Branches,B.Tech,30,630,1980,Urban,Yes,Yes
1-44643185912,1-44643185912,U-0672,SNM INSTITUTE OF MANAGEMENT AND TECHNOLOGY,Active,Kerala,Ernakulam,Ernakulam,"MALIANKARA, MOOTHAKUNNAM P.O ERNAKULAM DT, KERALA-683 516",682234,9.996457,76.309432,Private-Self Financing,"APJ Abdul Kalam Technological University, Kerala",Approved,Approved,Not Accredited,No,,Tier 3,http://www.snmmanagement.ac.in,info@snmmanagement.ac.in,admissions@snmmanagement.ac.in,placement@snmmanagement.ac.in,+91-80-462-0093,Computer Science Engineering (CSE),B.Tech,90,630,1980,Urban,Yes,Yes
1-44643185912,1-44643185912,U-0672,SNM INSTITUTE OF MANAGEMENT AND TECHNOLOGY,Active,Kerala,Ernakulam,Ernakulam,"MALIANKARA, MOOTHAKUNNAM P.O ERNAKULAM DT, KERALA-683 516",682234,9.996457,76.309432,Private-Self Financing,"APJ Abdul Kalam Technological University, Kerala",Approved,Approved,Not Accredited,No,,Tier 3,http://www.snmmanagement.ac.in,info@snmmanagement.ac.in,admissions@snmmanagement.ac.in,placement@snmmanagement.ac.in,+91-80-462-0093,Electrical & Electronics Engineering (EEE),B.Tech,30,630,1980,Urban,Yes,Yes
1-44643185912,1-44643185912,U-0672,SNM INSTITUTE OF MANAGEMENT AND TECHNOLOGY,Active,Kerala,Ernakulam,Ernakulam,"MALIANKARA, MOOTHAKUNNAM P.O ERNAKULAM DT, KERALA-683 516",682234,9.996457,76.309432,Private-Self Financing,"APJ Abdul Kalam Technological University, Kerala",Approved,Approved,Not Accredited,No,,Tier 3,http://www.snmmanagement.ac.in,info@snmmanagement.ac.in,admissions@snmmanagement.ac.in,placement@snmmanagement.ac.in,+91-80-462-0093,Electronics & Communication Engineering (ECE),B.Tech,30,630,1980,Urban,Yes,Yes
1-44643185912,1-44643185912,U-0672,SNM INSTITUTE OF MANAGEMENT AND TECHNOLOGY,Active,Kerala,Ernakulam,Ernakulam,"MALIANKARA, MOOTHAKUNNAM P.O ERNAKULAM DT, KERALA-683 516",682234,9.996457,76.309432,Private-Self Financing,"APJ Abdul Kalam Technological University, Kerala",Approved,Approved,Not Accredited,No,,Tier 3,http://www.snmmanagement.ac.in,info@snmmanagement.ac.in,admissions@snmmanagement.ac.in,placement@snmmanagement.ac.in,+91-80-462-0093,Mechanical Engineering,B.Tech,30,630,1980,Urban,Yes,Yes
1-44643185912,1-44643185912,U-0672,SNM INSTITUTE OF MANAGEMENT AND TECHNOLOGY,Active,Kerala,Ernakulam,Ernakulam,"MALIANKARA, MOOTHAKUNNAM P.O ERNAKULAM DT, KERALA-683 516",682234,9.996457,76.309432,Private-Self Financing,"APJ Abdul Kalam Technological University, Kerala",Approved,Approved,Not Accredited,No,,Tier 3,http://www.snmmanagement.ac.in,info@snmmanagement.ac.in,admissions@snmmanagement.ac.in,placement@snmmanagement.ac.in,+91-80-462-0093,Civil Engineering,B.Tech,30,630,1980,Urban,Yes,Yes
1-44643185912,1-44643185912,U-0672,SNM INSTITUTE OF MANAGEMENT AND TECHNOLOGY,Active,Kerala,Ernakulam,Ernakulam,"MALIANKARA, MOOTHAKUNNAM P.O ERNAKULAM DT, KERALA-683 516",682234,9.996457,76.309432,Private-Self Financing,"APJ Abdul Kalam Technological University, Kerala",Approved,Approved,Not Accredited,No,,Tier 3,http://www.snmmanagement.ac.in,info@snmmanagement.ac.in,admissions@snmmanagement.ac.in,placement@snmmanagement.ac.in,+91-80-462-0093,Mechanical Engineering,Diploma,60,630,1980,Urban,Yes,Yes
1-44643185912,1-44643185912,U-0672,SNM INSTITUTE OF MANAGEMENT AND TECHNOLOGY,Active,Kerala,Ernakulam,Ernakulam,"MALIANKARA, MOOTHAKUNNAM P.O ERNAKULAM DT, KERALA-683 516",682234,9.996457,76.309432,Private-Self Financing,"APJ Abdul Kalam Technological University, Kerala",Approved,Approved,Not Accredited,No,,Tier 3,http://www.snmmanagement.ac.in,info@snmmanagement.ac.in,admissions@snmmanagement.ac.in,placement@snmmanagement.ac.in,+91-80-462-0093,Civil Engineering,Diploma,60,630,1980,Urban,Yes,Yes
1-44643185912,1-44643185912,U-0672,SNM INSTITUTE OF MANAGEMENT AND TECHNOLOGY,Active,Kerala,Ernakulam,Ernakulam,"MALIANKARA, MOOTHAKUNNAM P.O ERNAKULAM DT, KERALA-683 516",682234,9.996457,76.309432,Private-Self Financing,"APJ Abdul Kalam Technological University, Kerala",Approved,Approved,Not Accredited,No,,Tier 3,http://www.snmmanagement.ac.in,info@snmmanagement.ac.in,admissions@snmmanagement.ac.in,placement@snmmanagement.ac.in,+91-80-462-0093,Automobile Engineering,Diploma,60,630,1980,Urban,Yes,Yes
1-44643185912,1-44643185912,U-0672,SNM INSTITUTE OF MANAGEMENT AND TECHNOLOGY,Active,Kerala,Ernakulam,Ernakulam,"MALIANKARA, MOOTHAKUNNAM P.O ERNAKULAM DT, KERALA-683 516",682234,9.996457,76.309432,Private-Self Financing,"APJ Abdul Kalam Technological University, Kerala",Approved,Approved,Not Accredited,No,,Tier 3,http://www.snmmanagement.ac.in,info@snmmanagement.ac.in,admissions@snmmanagement.ac.in,placement@snmmanagement.ac.in,+91-80-462-0093,Electronics & Communication Engineering (ECE),Diploma,60,630,1980,Urban,Yes,Yes
1-44643185912,1-44643185912,U-0672,SNM INSTITUTE OF MANAGEMENT AND TECHNOLOGY,Active,Kerala,Ernakulam,Ernakulam,"MALIANKARA, MOOTHAKUNNAM P.O ERNAKULAM DT, KERALA-683 516",682234,9.996457,76.309432,Private-Self Financing,"APJ Abdul Kalam Technological University, Kerala",Approved,Approved,Not Accredited,No,,Tier 3,http://www.snmmanagement.ac.in,info@snmmanagement.ac.in,admissions@snmmanagement.ac.in,placement@snmmanagement.ac.in,+91-80-462-0093,Electrical & Electronics Engineering (EEE),Diploma,60,630,1980,Urban,Yes,Yes
1-44643185912,1-44643185912,U-0672,SNM INSTITUTE OF MANAGEMENT AND TECHNOLOGY,Active,Kerala,Ernakulam,Ernakulam,"MALIANKARA, MOOTHAKUNNAM P.O ERNAKULAM DT, KERALA-683 516",682234,9.996457,76.309432,Private-Self Financing,"APJ Abdul Kalam Technological University, Kerala",Approved,Approved,Not Accredited,No,,Tier 3,http://www.snmmanagement.ac.in,info@snmmanagement.ac.in,admissions@snmmanagement.ac.in,placement@snmmanagement.ac.in,+91-80-462-0093,Cyber Security,B.Tech,30,630,1980,Urban,Yes,Yes
1-44643185912,1-44643185912,U-0672,SNM INSTITUTE OF MANAGEMENT AND TECHNOLOGY,Active,Kerala,Ernakulam,Ernakulam,"MALIANKARA, MOOTHAKUNNAM P.O ERNAKULAM DT, KERALA-683 516",682234,9.996457,76.309432,Private-Self Financing,"APJ Abdul Kalam Technological University, Kerala",Approved,Approved,Not Accredited,No,,Tier 3,http://www.snmmanagement.ac.in,info@snmmanagement.ac.in,admissions@snmmanagement.ac.in,placement@snmmanagement.ac.in,+91-80-462-0093,Computer Science Engineering (CSE),Diploma,60,630,1980,Urban,Yes,Yes
1-44643358229,1-44643358229,U-0672,COLLEGE OF ENGINEERING POONJAR,Active,Kerala,Kottayam,Kottayam,POONJAR THEKKEKARA P.O. KOTTAYAM DISTRICT KERALA STATE PIN 686 582,682045,9.600483,76.531737,Government,"APJ Abdul Kalam Technological University, Kerala",Approved,Approved,A,No,,Tier 2,http://www.poonjar.ac.in,info@poonjar.ac.in,admissions@poonjar.ac.in,placement@poonjar.ac.in,+91-80-211-4365,Computer Science Engineering (CSE),B.Tech,90,420,2013,Rural,Yes,Yes
1-44643358229,1-44643358229,U-0672,COLLEGE OF ENGINEERING POONJAR,Active,Kerala,Kottayam,Kottayam,POONJAR THEKKEKARA P.O. KOTTAYAM DISTRICT KERALA STATE PIN 686 582,682045,9.600483,76.531737,Government,"APJ Abdul Kalam Technological University, Kerala",Approved,Approved,A,No,,Tier 2,http://www.poonjar.ac.in,info@poonjar.ac.in,admissions@poonjar.ac.in,placement@poonjar.ac.in,+91-80-211-4365,Other Engineering Branches,Diploma,60,420,2013,Rural,Yes,Yes
1-44643358229,1-44643358229,U-0672,COLLEGE OF ENGINEERING POONJAR,Active,Kerala,Kottayam,Kottayam,POONJAR THEKKEKARA P.O. KOTTAYAM DISTRICT KERALA STATE PIN 686 582,682045,9.600483,76.531737,Government,"APJ Abdul Kalam Technological University, Kerala",Approved,Approved,A,No,,Tier 2,http://www.poonjar.ac.in,info@poonjar.ac.in,admissions@poonjar.ac.in,placement@poonjar.ac.in,+91-80-211-4365,Electrical & Electronics Engineering (EEE),Diploma,60,420,2013,Rural,Yes,Yes
1-44643358229,1-44643358229,U-0672,COLLEGE OF ENGINEERING POONJAR,Active,Kerala,Kottayam,Kottayam,POONJAR THEKKEKARA P.O. KOTTAYAM DISTRICT KERALA STATE PIN 686 582,682045,9.600483,76.531737,Government,"APJ Abdul Kalam Technological University, Kerala",Approved,Approved,A,No,,Tier 2,http://www.poonjar.ac.in,info@poonjar.ac.in,admissions@poonjar.ac.in,placement@poonjar.ac.in,+91-80-211-4365,Computer Science Engineering (CSE),Diploma,60,420,2013,Rural,Yes,Yes
1-44643358229,1-44643358229,U-0672,COLLEGE OF ENGINEERING POONJAR,Active,Kerala,Kottayam,Kottayam,POONJAR THEKKEKARA P.O. KOTTAYAM DISTRICT KERALA STATE PIN 686 582,682045,9.600483,76.531737,Government,"APJ Abdul Kalam Technological University, Kerala",Approved,Approved,A,No,,Tier 2,http://www.poonjar.ac.in,info@poonjar.ac.in,admissions@poonjar.ac.in,placement@poonjar.ac.in,+91-80-211-4365,Electronics & Communication Engineering (ECE),B.Tech,30,420,2013,Rural,Yes,Yes
1-44643358229,1-44643358229,U-0672,COLLEGE OF ENGINEERING POONJAR,Active,Kerala,Kottayam,Kottayam,POONJAR THEKKEKARA P.O. KOTTAYAM DISTRICT KERALA STATE PIN 686 582,682045,9.600483,76.531737,Government,"APJ Abdul Kalam Technological University, Kerala",Approved,Approved,A,No,,Tier 2,http://www.poonjar.ac.in,info@poonjar.ac.in,admissions@poonjar.ac.in,placement@poonjar.ac.in,+91-80-211-4365,Civil Engineering,Diploma,60,420,2013,Rural,Yes,Yes
1-44643358229,1-44643358229,U-0672,COLLEGE OF ENGINEERING POONJAR,Active,Kerala,Kottayam,Kottayam,POONJAR THEKKEKARA P.O. KOTTAYAM DISTRICT KERALA STATE PIN 686 582,682045,9.600483,76.531737,Government,"APJ Abdul Kalam Technological University, Kerala",Approved,Approved,A,No,,Tier 2,http://www.poonjar.ac.in,info@poonjar.ac.in,admissions@poonjar.ac.in,placement@poonjar.ac.in,+91-80-211-4365,Automobile Engineering,Diploma,60,420,2013,Rural,Yes,Yes
1-44643359800,1-44643359800,U-0672,"SREE BUDDHA COLLEGE OF ENGINEERING, PATTOOR",Active,Kerala,Alappuzha,Alappuzha,PATTOOR. POST (VIA) PADANILAM ALAPPUZHA DISTRICT KERALA,682427,9.486959,76.353859,Private-Self Financing,"APJ Abdul Kalam Technological University, Kerala",Approved,Approved,B,Yes,,Tier 3,http://www.sreebuddhapattoor.ac.in,info@sreebuddhapattoor.ac.in,admissions@sreebuddhapattoor.ac.in,placement@sreebuddhapattoor.ac.in,+91-80-371-5808,Chemical Engineering,B.Tech,30,642,1984,Urban,Yes,Yes
1-44643359800,1-44643359800,U-0672,"SREE BUDDHA COLLEGE OF ENGINEERING, PATTOOR",Active,Kerala,Alappuzha,Alappuzha,PATTOOR. POST (VIA) PADANILAM ALAPPUZHA DISTRICT KERALA,682427,9.486959,76.353859,Private-Self Financing,"APJ Abdul Kalam Technological University, Kerala",Approved,Approved,B,Yes,,Tier 3,http://www.sreebuddhapattoor.ac.in,info@sreebuddhapattoor.ac.in,admissions@sreebuddhapattoor.ac.in,placement@sreebuddhapattoor.ac.in,+91-80-371-5808,Computer Science Engineering (CSE),B.Tech,270,642,1984,Urban,Yes,Yes
1-44643359800,1-44643359800,U-0672,"SREE BUDDHA COLLEGE OF ENGINEERING, PATTOOR",Active,Kerala,Alappuzha,Alappuzha,PATTOOR. POST (VIA) PADANILAM ALAPPUZHA DISTRICT KERALA,682427,9.486959,76.353859,Private-Self Financing,"APJ Abdul Kalam Technological University, Kerala",Approved,Approved,B,Yes,,Tier 3,http://www.sreebuddhapattoor.ac.in,info@sreebuddhapattoor.ac.in,admissions@sreebuddhapattoor.ac.in,placement@sreebuddhapattoor.ac.in,+91-80-371-5808,Electronics & Communication Engineering (ECE),B.Tech,60,642,1984,Urban,Yes,Yes
1-44643359800,1-44643359800,U-0672,"SREE BUDDHA COLLEGE OF ENGINEERING, PATTOOR",Active,Kerala,Alappuzha,Alappuzha,PATTOOR. POST (VIA) PADANILAM ALAPPUZHA DISTRICT KERALA,682427,9.486959,76.353859,Private-Self Financing,"APJ Abdul Kalam Technological University, Kerala",Approved,Approved,B,Yes,,Tier 3,http://www.sreebuddhapattoor.ac.in,info@sreebuddhapattoor.ac.in,admissions@sreebuddhapattoor.ac.in,placement@sreebuddhapattoor.ac.in,+91-80-371-5808,Electrical & Electronics Engineering (EEE),B.Tech,30,642,1984,Urban,Yes,Yes
1-44643359800,1-44643359800,U-0672,"SREE BUDDHA COLLEGE OF ENGINEERING, PATTOOR",Active,Kerala,Alappuzha,Alappuzha,PATTOOR. POST (VIA) PADANILAM ALAPPUZHA DISTRICT KERALA,682427,9.486959,76.353859,Private-Self Financing,"APJ Abdul Kalam Technological University, Kerala",Approved,Approved,B,Yes,,Tier 3,http://www.sreebuddhapattoor.ac.in,info@sreebuddhapattoor.ac.in,admissions@sreebuddhapattoor.ac.in,placement@sreebuddhapattoor.ac.in,+91-80-371-5808,Mechanical Engineering,B.Tech,60,642,1984,Urban,Yes,Yes
1-44643359800,1-44643359800,U-0672,"SREE BUDDHA COLLEGE OF ENGINEERING, PATTOOR",Active,Kerala,Alappuzha,Alappuzha,PATTOOR. POST (VIA) PADANILAM ALAPPUZHA DISTRICT KERALA,682427,9.486959,76.353859,Private-Self Financing,"APJ Abdul Kalam Technological University, Kerala",Approved,Approved,B,Yes,,Tier 3,http://www.sreebuddhapattoor.ac.in,info@sreebuddhapattoor.ac.in,admissions@sreebuddhapattoor.ac.in,placement@sreebuddhapattoor.ac.in,+91-80-371-5808,Civil Engineering,B.Tech,60,642,1984,Urban,Yes,Yes
1-44643359800,1-44643359800,U-0672,"SREE BUDDHA COLLEGE OF ENGINEERING, PATTOOR",Active,Kerala,Alappuzha,Alappuzha,PATTOOR. POST (VIA) PADANILAM ALAPPUZHA DISTRICT KERALA,682427,9.486959,76.353859,Private-Self Financing,"APJ Abdul Kalam Technological University, Kerala",Approved,Approved,B,Yes,,Tier 3,http://www.sreebuddhapattoor.ac.in,info@sreebuddhapattoor.ac.in,admissions@sreebuddhapattoor.ac.in,placement@sreebuddhapattoor.ac.in,+91-80-371-5808,Chemical Engineering,M.Tech,6,642,1984,Urban,Yes,Yes
1-44643359800,1-44643359800,U-0672,"SREE BUDDHA COLLEGE OF ENGINEERING, PATTOOR",Active,Kerala,Alappuzha,Alappuzha,PATTOOR. POST (VIA) PADANILAM ALAPPUZHA DISTRICT KERALA,682427,9.486959,76.353859,Private-Self Financing,"APJ Abdul Kalam Technological University, Kerala",Approved,Approved,B,Yes,,Tier 3,http://www.sreebuddhapattoor.ac.in,info@sreebuddhapattoor.ac.in,admissions@sreebuddhapattoor.ac.in,placement@sreebuddhapattoor.ac.in,+91-80-371-5808,Other Engineering Branches,M.Tech,18,642,1984,Urban,Yes,Yes
1-44643359800,1-44643359800,U-0672,"SREE BUDDHA COLLEGE OF ENGINEERING, PATTOOR",Active,Kerala,Alappuzha,Alappuzha,PATTOOR. POST (VIA) PADANILAM ALAPPUZHA DISTRICT KERALA,682427,9.486959,76.353859,Private-Self Financing,"APJ Abdul Kalam Technological University, Kerala",Approved,Approved,B,Yes,,Tier 3,http://www.sreebuddhapattoor.ac.in,info@sreebuddhapattoor.ac.in,admissions@sreebuddhapattoor.ac.in,placement@sreebuddhapattoor.ac.in,+91-80-371-5808,Computer Science Engineering (CSE),M.Tech,6,642,1984,Urban,Yes,Yes
1-44643359800,1-44643359800,U-0672,"SREE BUDDHA COLLEGE OF ENGINEERING, PATTOOR",Active,Kerala,Alappuzha,Alappuzha,PATTOOR. POST (VIA) PADANILAM ALAPPUZHA DISTRICT KERALA,682427,9.486959,76.353859,Private-Self Financing,"APJ Abdul Kalam Technological University, Kerala",Approved,Approved,B,Yes,,Tier 3,http://www.sreebuddhapattoor.ac.in,info@sreebuddhapattoor.ac.in,admissions@sreebuddhapattoor.ac.in,placement@sreebuddhapattoor.ac.in,+91-80-371-5808,Mechanical Engineering,M.Tech,6,642,1984,Urban,Yes,Yes
1-44643359800,1-44643359800,U-0672,"SREE BUDDHA COLLEGE OF ENGINEERING, PATTOOR",Active,Kerala,Alappuzha,Alappuzha,PATTOOR. POST (VIA) PADANILAM ALAPPUZHA DISTRICT KERALA,682427,9.486959,76.353859,Private-Self Financing,"APJ Abdul Kalam Technological University, Kerala",Approved,Approved,B,Yes,,Tier 3,http://www.sreebuddhapattoor.ac.in,info@sreebuddhapattoor.ac.in,admissions@sreebuddhapattoor.ac.in,placement@sreebuddhapattoor.ac.in,+91-80-371-5808,Electrical Engineering,M.Tech,6,642,1984,Urban,Yes,Yes
1-44643359800,1-44643359800,U-0672,"SREE BUDDHA COLLEGE OF ENGINEERING, PATTOOR",Active,Kerala,Alappuzha,Alappuzha,PATTOOR. POST (VIA) PADANILAM ALAPPUZHA DISTRICT KERALA,682427,9.486959,76.353859,Private-Self Financing,"APJ Abdul Kalam Technological University, Kerala",Approved,Approved,B,Yes,,Tier 3,http://www.sreebuddhapattoor.ac.in,info@sreebuddhapattoor.ac.in,admissions@sreebuddhapattoor.ac.in,placement@sreebuddhapattoor.ac.in,+91-80-371-5808,Artificial Intelligence & Machine Learning (AI & ML),B.Tech,60,642,1984,Urban,Yes,Yes
1-44643359800,1-44643359800,U-0672,"SREE BUDDHA COLLEGE OF ENGINEERING, PATTOOR",Active,Kerala,Alappuzha,Alappuzha,PATTOOR. POST (VIA) PADANILAM ALAPPUZHA DISTRICT KERALA,682427,9.486959,76.353859,Private-Self Financing,"APJ Abdul Kalam Technological University, Kerala",Approved,Approved,B,Yes,,Tier 3,http://www.sreebuddhapattoor.ac.in,info@sreebuddhapattoor.ac.in,admissions@sreebuddhapattoor.ac.in,placement@sreebuddhapattoor.ac.in,+91-80-371-5808,Other Engineering Branches,B.Tech,30,642,1984,Urban,Yes,Yes
1-44643534473,1-44643534473,U-0672,"COLLEGE  OF  ENGINEERING, KOTTARAKKARA",Active,Kerala,Kollam,Kollam,"THRIKKANNAMANGAL,  E T C (P O), KOTTARAKKARA, KOLLAM, KERALA - 691 531",682952,8.907054,76.600121,Government,"APJ Abdul Kalam Technological University, Kerala",Approved,Approved,B++,Yes,,Tier 3,http://www.kottarakkara.ac.in,info@kottarakkara.ac.in,admissions@kottarakkara.ac.in,placement@kottarakkara.ac.in,+91-80-419-9334,Computer Science Engineering (CSE),B.Tech,120,180,2006,Rural,Yes,Yes
1-44643534473,1-44643534473,U-0672,"COLLEGE  OF  ENGINEERING, KOTTARAKKARA",Active,Kerala,Kollam,Kollam,"THRIKKANNAMANGAL,  E T C (P O), KOTTARAKKARA, KOLLAM, KERALA - 691 531",682952,8.907054,76.600121,Government,"APJ Abdul Kalam Technological University, Kerala",Approved,Approved,B++,Yes,,Tier 3,http://www.kottarakkara.ac.in,info@kottarakkara.ac.in,admissions@kottarakkara.ac.in,placement@kottarakkara.ac.in,+91-80-419-9334,Artificial Intelligence & Machine Learning (AI & ML),B.Tech,60,180,2006,Rural,Yes,Yes
1-44642398550,1-44642398550,U-0672,SARABHAI INSTITUTE OF SCIENCE AND TECHNOLOGY,Active,Kerala,Thiruvananthapuram,Thiruvananthapuram,"PB.NO.2,VELLANAD.P.O, VELLANAD,THIRUVANANTHAPURAM-695 543, KERALA.",682973,8.521149,76.917341,Private-Self Financing,"APJ Abdul Kalam Technological University, Kerala",Approved,Approved,B++,Yes,,Tier 3,http://www.sarabhaiscience.ac.in,info@sarabhaiscience.ac.in,admissions@sarabhaiscience.ac.in,placement@sarabhaiscience.ac.in,+91-80-715-0852,Other Engineering Branches,M.Tech,36,276,2005,Urban,Yes,No
1-44642398550,1-44642398550,U-0672,SARABHAI INSTITUTE OF SCIENCE AND TECHNOLOGY,Active,Kerala,Thiruvananthapuram,Thiruvananthapuram,"PB.NO.2,VELLANAD.P.O, VELLANAD,THIRUVANANTHAPURAM-695 543, KERALA.",682973,8.521149,76.917341,Private-Self Financing,"APJ Abdul Kalam Technological University, Kerala",Approved,Approved,B++,Yes,,Tier 3,http://www.sarabhaiscience.ac.in,info@sarabhaiscience.ac.in,admissions@sarabhaiscience.ac.in,placement@sarabhaiscience.ac.in,+91-80-715-0852,Mechanical Engineering,B.Tech,30,276,2005,Urban,Yes,No
1-44642398550,1-44642398550,U-0672,SARABHAI INSTITUTE OF SCIENCE AND TECHNOLOGY,Active,Kerala,Thiruvananthapuram,Thiruvananthapuram,"PB.NO.2,VELLANAD.P.O, VELLANAD,THIRUVANANTHAPURAM-695 543, KERALA.",682973,8.521149,76.917341,Private-Self Financing,"APJ Abdul Kalam Technological University, Kerala",Approved,Approved,B++,Yes,,Tier 3,http://www.sarabhaiscience.ac.in,info@sarabhaiscience.ac.in,admissions@sarabhaiscience.ac.in,placement@sarabhaiscience.ac.in,+91-80-715-0852,Civil Engineering,B.Tech,30,276,2005,Urban,Yes,No
1-44642398550,1-44642398550,U-0672,SARABHAI INSTITUTE OF SCIENCE AND TECHNOLOGY,Active,Kerala,Thiruvananthapuram,Thiruvananthapuram,"PB.NO.2,VELLANAD.P.O, VELLANAD,THIRUVANANTHAPURAM-695 543, KERALA.",682973,8.521149,76.917341,Private-Self Financing,"APJ Abdul Kalam Technological University, Kerala",Approved,Approved,B++,Yes,,Tier 3,http://www.sarabhaiscience.ac.in,info@sarabhaiscience.ac.in,admissions@sarabhaiscience.ac.in,placement@sarabhaiscience.ac.in,+91-80-715-0852,Computer Science Engineering (CSE),B.Tech,60,276,2005,Urban,Yes,No
1-44642398550,1-44642398550,U-0672,SARABHAI INSTITUTE OF SCIENCE AND TECHNOLOGY,Active,Kerala,Thiruvananthapuram,Thiruvananthapuram,"PB.NO.2,VELLANAD.P.O, VELLANAD,THIRUVANANTHAPURAM-695 543, KERALA.",682973,8.521149,76.917341,Private-Self Financing,"APJ Abdul Kalam Technological University, Kerala",Approved,Approved,B++,Yes,,Tier 3,http://www.sarabhaiscience.ac.in,info@sarabhaiscience.ac.in,admissions@sarabhaiscience.ac.in,placement@sarabhaiscience.ac.in,+91-80-715-0852,Electronics & Communication Engineering (ECE),B.Tech,30,276,2005,Urban,Yes,No
1-44642398550,1-44642398550,U-0672,SARABHAI INSTITUTE OF SCIENCE AND TECHNOLOGY,Active,Kerala,Thiruvananthapuram,Thiruvananthapuram,"PB.NO.2,VELLANAD.P.O, VELLANAD,THIRUVANANTHAPURAM-695 543, KERALA.",682973,8.521149,76.917341,Private-Self Financing,"APJ Abdul Kalam Technological University, Kerala",Approved,Approved,B++,Yes,,Tier 3,http://www.sarabhaiscience.ac.in,info@sarabhaiscience.ac.in,admissions@sarabhaiscience.ac.in,placement@sarabhaiscience.ac.in,+91-80-715-0852,Electrical & Electronics Engineering (EEE),B.Tech,30,276,2005,Urban,Yes,No
1-44642398550,1-44642398550,U-0672,SARABHAI INSTITUTE OF SCIENCE AND TECHNOLOGY,Active,Kerala,Thiruvananthapuram,Thiruvananthapuram,"PB.NO.2,VELLANAD.P.O, VELLANAD,THIRUVANANTHAPURAM-695 543, KERALA.",682973,8.521149,76.917341,Private-Self Financing,"APJ Abdul Kalam Technological University, Kerala",Approved,Approved,B++,Yes,,Tier 3,http://www.sarabhaiscience.ac.in,info@sarabhaiscience.ac.in,admissions@sarabhaiscience.ac.in,placement@sarabhaiscience.ac.in,+91-80-715-0852,Information Technology (IT),M.Tech,9,276,2005,Urban,Yes,No
1-44642398550,1-44642398550,U-0672,SARABHAI INSTITUTE OF SCIENCE AND TECHNOLOGY,Active,Kerala,Thiruvananthapuram,Thiruvananthapuram,"PB.NO.2,VELLANAD.P.O, VELLANAD,THIRUVANANTHAPURAM-695 543, KERALA.",682973,8.521149,76.917341,Private-Self Financing,"APJ Abdul Kalam Technological University, Kerala",Approved,Approved,B++,Yes,,Tier 3,http://www.sarabhaiscience.ac.in,info@sarabhaiscience.ac.in,admissions@sarabhaiscience.ac.in,placement@sarabhaiscience.ac.in,+91-80-715-0852,Computer Science Engineering (CSE),M.Tech,9,276,2005,Urban,Yes,No
1-44642398550,1-44642398550,U-0672,SARABHAI INSTITUTE OF SCIENCE AND TECHNOLOGY,Active,Kerala,Thiruvananthapuram,Thiruvananthapuram,"PB.NO.2,VELLANAD.P.O, VELLANAD,THIRUVANANTHAPURAM-695 543, KERALA.",682973,8.521149,76.917341,Private-Self Financing,"APJ Abdul Kalam Technological University, Kerala",Approved,Approved,B++,Yes,,Tier 3,http://www.sarabhaiscience.ac.in,info@sarabhaiscience.ac.in,admissions@sarabhaiscience.ac.in,placement@sarabhaiscience.ac.in,+91-80-715-0852,Other Engineering Branches,B.Tech,30,276,2005,Urban,Yes,No
1-44642398550,1-44642398550,U-0672,SARABHAI INSTITUTE OF SCIENCE AND TECHNOLOGY,Active,Kerala,Thiruvananthapuram,Thiruvananthapuram,"PB.NO.2,VELLANAD.P.O, VELLANAD,THIRUVANANTHAPURAM-695 543, KERALA.",682973,8.521149,76.917341,Private-Self Financing,"APJ Abdul Kalam Technological University, Kerala",Approved,Approved,B++,Yes,,Tier 3,http://www.sarabhaiscience.ac.in,info@sarabhaiscience.ac.in,admissions@sarabhaiscience.ac.in,placement@sarabhaiscience.ac.in,+91-80-715-0852,Electronics & Communication Engineering (ECE),M.Tech,12,276,2005,Urban,Yes,No
1-44642444732,1-44642444732,U-0672,MAR BASELIOS CHRISTIAN COLLEGE OF ENGINEERING & TECHNOLOGY,Active,Kerala,Idukki,Idukki,"PALLIKKUNNU P.O KUTTIKKANAM, PEERMADE IDUKKI DIST. KERALA PIN- 685 531",682695,10.84708,76.253717,Private-Self Financing,"APJ Abdul Kalam Technological University, Kerala",Approved,Approved,B,Yes,,Tier 3,http://www.marbaselioschristian.ac.in,info@marbaselioschristian.ac.in,admissions@marbaselioschristian.ac.in,placement@marbaselioschristian.ac.in,+91-80-695-4000,Computer Science Engineering (CSE),B.Tech,300,450,2000,Urban,Yes,Yes
1-44642444732,1-44642444732,U-0672,MAR BASELIOS CHRISTIAN COLLEGE OF ENGINEERING & TECHNOLOGY,Active,Kerala,Idukki,Idukki,"PALLIKKUNNU P.O KUTTIKKANAM, PEERMADE IDUKKI DIST. KERALA PIN- 685 531",682695,10.84708,76.253717,Private-Self Financing,"APJ Abdul Kalam Technological University, Kerala",Approved,Approved,B,Yes,,Tier 3,http://www.marbaselioschristian.ac.in,info@marbaselioschristian.ac.in,admissions@marbaselioschristian.ac.in,placement@marbaselioschristian.ac.in,+91-80-695-4000,Mechanical Engineering,B.Tech,30,450,2000,Urban,Yes,Yes
1-44642444732,1-44642444732,U-0672,MAR BASELIOS CHRISTIAN COLLEGE OF ENGINEERING & TECHNOLOGY,Active,Kerala,Idukki,Idukki,"PALLIKKUNNU P.O KUTTIKKANAM, PEERMADE IDUKKI DIST. KERALA PIN- 685 531",682695,10.84708,76.253717,Private-Self Financing,"APJ Abdul Kalam Technological University, Kerala",Approved,Approved,B,Yes,,Tier 3,http://www.marbaselioschristian.ac.in,info@marbaselioschristian.ac.in,admissions@marbaselioschristian.ac.in,placement@marbaselioschristian.ac.in,+91-80-695-4000,Electronics & Communication Engineering (ECE),B.Tech,60,450,2000,Urban,Yes,Yes
1-44642444732,1-44642444732,U-0672,MAR BASELIOS CHRISTIAN COLLEGE OF ENGINEERING & TECHNOLOGY,Active,Kerala,Idukki,Idukki,"PALLIKKUNNU P.O KUTTIKKANAM, PEERMADE IDUKKI DIST. KERALA PIN- 685 531",682695,10.84708,76.253717,Private-Self Financing,"APJ Abdul Kalam Technological University, Kerala",Approved,Approved,B,Yes,,Tier 3,http://www.marbaselioschristian.ac.in,info@marbaselioschristian.ac.in,admissions@marbaselioschristian.ac.in,placement@marbaselioschristian.ac.in,+91-80-695-4000,Civil Engineering,B.Tech,30,450,2000,Urban,Yes,Yes
1-44642444732,1-44642444732,U-0672,MAR BASELIOS CHRISTIAN COLLEGE OF ENGINEERING & TECHNOLOGY,Active,Kerala,Idukki,Idukki,"PALLIKKUNNU P.O KUTTIKKANAM, PEERMADE IDUKKI DIST. KERALA PIN- 685 531",682695,10.84708,76.253717,Private-Self Financing,"APJ Abdul Kalam Technological University, Kerala",Approved,Approved,B,Yes,,Tier 3,http://www.marbaselioschristian.ac.in,info@marbaselioschristian.ac.in,admissions@marbaselioschristian.ac.in,placement@marbaselioschristian.ac.in,+91-80-695-4000,Electrical & Electronics Engineering (EEE),B.Tech,30,450,2000,Urban,Yes,Yes
1-44642497938,1-44642497938,U-0672,SREEPATHY INSTITUTE OF MANAGEMENT AND TECHNOLOGY,Active,Kerala,Palakkad,Palakkad,"VAVANOOR,(VIA) KOOTTANAD,PALAKKAD DIST.  679 533",682263,10.789956,76.666104,Private-Self Financing,"APJ Abdul Kalam Technological University, Kerala",Approved,Approved,B++,Yes,,Tier 3,http://www.sreepathymanagement.ac.in,info@sreepathymanagement.ac.in,admissions@sreepathymanagement.ac.in,placement@sreepathymanagement.ac.in,+91-80-975-4312,Electrical & Electronics Engineering (EEE),B.Tech,30,420,1996,Urban,Yes,No
1-44642497938,1-44642497938,U-0672,SREEPATHY INSTITUTE OF MANAGEMENT AND TECHNOLOGY,Active,Kerala,Palakkad,Palakkad,"VAVANOOR,(VIA) KOOTTANAD,PALAKKAD DIST.  679 533",682263,10.789956,76.666104,Private-Self Financing,"APJ Abdul Kalam Technological University, Kerala",Approved,Approved,B++,Yes,,Tier 3,http://www.sreepathymanagement.ac.in,info@sreepathymanagement.ac.in,admissions@sreepathymanagement.ac.in,placement@sreepathymanagement.ac.in,+91-80-975-4312,Electronics & Communication Engineering (ECE),B.Tech,90,420,1996,Urban,Yes,No
1-44642497938,1-44642497938,U-0672,SREEPATHY INSTITUTE OF MANAGEMENT AND TECHNOLOGY,Active,Kerala,Palakkad,Palakkad,"VAVANOOR,(VIA) KOOTTANAD,PALAKKAD DIST.  679 533",682263,10.789956,76.666104,Private-Self Financing,"APJ Abdul Kalam Technological University, Kerala",Approved,Approved,B++,Yes,,Tier 3,http://www.sreepathymanagement.ac.in,info@sreepathymanagement.ac.in,admissions@sreepathymanagement.ac.in,placement@sreepathymanagement.ac.in,+91-80-975-4312,Mechanical Engineering,B.Tech,30,420,1996,Urban,Yes,No
1-44642497938,1-44642497938,U-0672,SREEPATHY INSTITUTE OF MANAGEMENT AND TECHNOLOGY,Active,Kerala,Palakkad,Palakkad,"VAVANOOR,(VIA) KOOTTANAD,PALAKKAD DIST.  679 533",682263,10.789956,76.666104,Private-Self Financing,"APJ Abdul Kalam Technological University, Kerala",Approved,Approved,B++,Yes,,Tier 3,http://www.sreepathymanagement.ac.in,info@sreepathymanagement.ac.in,admissions@sreepathymanagement.ac.in,placement@sreepathymanagement.ac.in,+91-80-975-4312,Civil Engineering,B.Tech,30,420,1996,Urban,Yes,No
1-44642497938,1-44642497938,U-0672,SREEPATHY INSTITUTE OF MANAGEMENT AND TECHNOLOGY,Active,Kerala,Palakkad,Palakkad,"VAVANOOR,(VIA) KOOTTANAD,PALAKKAD DIST.  679 533",682263,10.789956,76.666104,Private-Self Financing,"APJ Abdul Kalam Technological University, Kerala",Approved,Approved,B++,Yes,,Tier 3,http://www.sreepathymanagement.ac.in,info@sreepathymanagement.ac.in,admissions@sreepathymanagement.ac.in,placement@sreepathymanagement.ac.in,+91-80-975-4312,Computer Science Engineering (CSE),B.Tech,120,420,1996,Urban,Yes,No
1-44642497938,1-44642497938,U-0672,SREEPATHY INSTITUTE OF MANAGEMENT AND TECHNOLOGY,Active,Kerala,Palakkad,Palakkad,"VAVANOOR,(VIA) KOOTTANAD,PALAKKAD DIST.  679 533",682263,10.789956,76.666104,Private-Self Financing,"APJ Abdul Kalam Technological University, Kerala",Approved,Approved,B++,Yes,,Tier 3,http://www.sreepathymanagement.ac.in,info@sreepathymanagement.ac.in,admissions@sreepathymanagement.ac.in,placement@sreepathymanagement.ac.in,+91-80-975-4312,Data Science,B.Tech,60,420,1996,Urban,Yes,No
1-44642497938,1-44642497938,U-0672,SREEPATHY INSTITUTE OF MANAGEMENT AND TECHNOLOGY,Active,Kerala,Palakkad,Palakkad,"VAVANOOR,(VIA) KOOTTANAD,PALAKKAD DIST.  679 533",682263,10.789956,76.666104,Private-Self Financing,"APJ Abdul Kalam Technological University, Kerala",Approved,Approved,B++,Yes,,Tier 3,http://www.sreepathymanagement.ac.in,info@sreepathymanagement.ac.in,admissions@sreepathymanagement.ac.in,placement@sreepathymanagement.ac.in,+91-80-975-4312,Other Engineering Branches,B.Tech,60,420,1996,Urban,Yes,No
1-44642921296,1-44642921296,U-0672,JAIBHARATH COLLEGE OF MANAGEMENT & ENGINEERING TECHNOLOGY,Active,Kerala,Ernakulam,Ernakulam,ARACKAPADY  VENGOLA P O PERUMBAVOOR ERNAKULAM DT,682234,9.974023,76.309065,Private-Self Financing,"APJ Abdul Kalam Technological University, Kerala",Approved,Approved,B++,No,,Tier 3,http://www.jaibharathmanagement.ac.in,info@jaibharathmanagement.ac.in,admissions@jaibharathmanagement.ac.in,placement@jaibharathmanagement.ac.in,+91-80-521-0810,Civil Engineering,B.Tech,30,720,2005,Urban,Yes,Yes
1-44642921296,1-44642921296,U-0672,JAIBHARATH COLLEGE OF MANAGEMENT & ENGINEERING TECHNOLOGY,Active,Kerala,Ernakulam,Ernakulam,ARACKAPADY  VENGOLA P O PERUMBAVOOR ERNAKULAM DT,682234,9.974023,76.309065,Private-Self Financing,"APJ Abdul Kalam Technological University, Kerala",Approved,Approved,B++,No,,Tier 3,http://www.jaibharathmanagement.ac.in,info@jaibharathmanagement.ac.in,admissions@jaibharathmanagement.ac.in,placement@jaibharathmanagement.ac.in,+91-80-521-0810,Mechanical Engineering,B.Tech,30,720,2005,Urban,Yes,Yes
1-44642921296,1-44642921296,U-0672,JAIBHARATH COLLEGE OF MANAGEMENT & ENGINEERING TECHNOLOGY,Active,Kerala,Ernakulam,Ernakulam,ARACKAPADY  VENGOLA P O PERUMBAVOOR ERNAKULAM DT,682234,9.974023,76.309065,Private-Self Financing,"APJ Abdul Kalam Technological University, Kerala",Approved,Approved,B++,No,,Tier 3,http://www.jaibharathmanagement.ac.in,info@jaibharathmanagement.ac.in,admissions@jaibharathmanagement.ac.in,placement@jaibharathmanagement.ac.in,+91-80-521-0810,Electrical & Electronics Engineering (EEE),B.Tech,30,720,2005,Urban,Yes,Yes
1-44642921296,1-44642921296,U-0672,JAIBHARATH COLLEGE OF MANAGEMENT & ENGINEERING TECHNOLOGY,Active,Kerala,Ernakulam,Ernakulam,ARACKAPADY  VENGOLA P O PERUMBAVOOR ERNAKULAM DT,682234,9.974023,76.309065,Private-Self Financing,"APJ Abdul Kalam Technological University, Kerala",Approved,Approved,B++,No,,Tier 3,http://www.jaibharathmanagement.ac.in,info@jaibharathmanagement.ac.in,admissions@jaibharathmanagement.ac.in,placement@jaibharathmanagement.ac.in,+91-80-521-0810,Electronics & Communication Engineering (ECE),B.Tech,30,720,2005,Urban,Yes,Yes
1-44642921296,1-44642921296,U-0672,JAIBHARATH COLLEGE OF MANAGEMENT & ENGINEERING TECHNOLOGY,Active,Kerala,Ernakulam,Ernakulam,ARACKAPADY  VENGOLA P O PERUMBAVOOR ERNAKULAM DT,682234,9.974023,76.309065,Private-Self Financing,"APJ Abdul Kalam Technological University, Kerala",Approved,Approved,B++,No,,Tier 3,http://www.jaibharathmanagement.ac.in,info@jaibharathmanagement.ac.in,admissions@jaibharathmanagement.ac.in,placement@jaibharathmanagement.ac.in,+91-80-521-0810,Computer Science Engineering (CSE),B.Tech,120,720,2005,Urban,Yes,Yes
1-44642921296,1-44642921296,U-0672,JAIBHARATH COLLEGE OF MANAGEMENT & ENGINEERING TECHNOLOGY,Active,Kerala,Ernakulam,Ernakulam,ARACKAPADY  VENGOLA P O PERUMBAVOOR ERNAKULAM DT,682234,9.974023,76.309065,Private-Self Financing,"APJ Abdul Kalam Technological University, Kerala",Approved,Approved,B++,No,,Tier 3,http://www.jaibharathmanagement.ac.in,info@jaibharathmanagement.ac.in,admissions@jaibharathmanagement.ac.in,placement@jaibharathmanagement.ac.in,+91-80-521-0810,Civil Engineering,Diploma,60,720,2005,Urban,Yes,Yes
1-44642921296,1-44642921296,U-0672,JAIBHARATH COLLEGE OF MANAGEMENT & ENGINEERING TECHNOLOGY,Active,Kerala,Ernakulam,Ernakulam,ARACKAPADY  VENGOLA P O PERUMBAVOOR ERNAKULAM DT,682234,9.974023,76.309065,Private-Self Financing,"APJ Abdul Kalam Technological University, Kerala",Approved,Approved,B++,No,,Tier 3,http://www.jaibharathmanagement.ac.in,info@jaibharathmanagement.ac.in,admissions@jaibharathmanagement.ac.in,placement@jaibharathmanagement.ac.in,+91-80-521-0810,Mechanical Engineering,Diploma,60,720,2005,Urban,Yes,Yes
1-44642921296,1-44642921296,U-0672,JAIBHARATH COLLEGE OF MANAGEMENT & ENGINEERING TECHNOLOGY,Active,Kerala,Ernakulam,Ernakulam,ARACKAPADY  VENGOLA P O PERUMBAVOOR ERNAKULAM DT,682234,9.974023,76.309065,Private-Self Financing,"APJ Abdul Kalam Technological University, Kerala",Approved,Approved,B++,No,,Tier 3,http://www.jaibharathmanagement.ac.in,info@jaibharathmanagement.ac.in,admissions@jaibharathmanagement.ac.in,placement@jaibharathmanagement.ac.in,+91-80-521-0810,Electrical & Electronics Engineering (EEE),Diploma,60,720,2005,Urban,Yes,Yes
1-44642921296,1-44642921296,U-0672,JAIBHARATH COLLEGE OF MANAGEMENT & ENGINEERING TECHNOLOGY,Active,Kerala,Ernakulam,Ernakulam,ARACKAPADY  VENGOLA P O PERUMBAVOOR ERNAKULAM DT,682234,9.974023,76.309065,Private-Self Financing,"APJ Abdul Kalam Technological University, Kerala",Approved,Approved,B++,No,,Tier 3,http://www.jaibharathmanagement.ac.in,info@jaibharathmanagement.ac.in,admissions@jaibharathmanagement.ac.in,placement@jaibharathmanagement.ac.in,+91-80-521-0810,Automobile Engineering,Diploma,60,720,2005,Urban,Yes,Yes
1-44642921296,1-44642921296,U-0672,JAIBHARATH COLLEGE OF MANAGEMENT & ENGINEERING TECHNOLOGY,Active,Kerala,Ernakulam,Ernakulam,ARACKAPADY  VENGOLA P O PERUMBAVOOR ERNAKULAM DT,682234,9.974023,76.309065,Private-Self Financing,"APJ Abdul Kalam Technological University, Kerala",Approved,Approved,B++,No,,Tier 3,http://www.jaibharathmanagement.ac.in,info@jaibharathmanagement.ac.in,admissions@jaibharathmanagement.ac.in,placement@jaibharathmanagement.ac.in,+91-80-521-0810,Computer Science Engineering (CSE),Diploma,60,720,2005,Urban,Yes,Yes
1-44642921296,1-44642921296,U-0672,JAIBHARATH COLLEGE OF MANAGEMENT & ENGINEERING TECHNOLOGY,Active,Kerala,Ernakulam,Ernakulam,ARACKAPADY  VENGOLA P O PERUMBAVOOR ERNAKULAM DT,682234,9.974023,76.309065,Private-Self Financing,"APJ Abdul Kalam Technological University, Kerala",Approved,Approved,B++,No,,Tier 3,http://www.jaibharathmanagement.ac.in,info@jaibharathmanagement.ac.in,admissions@jaibharathmanagement.ac.in,placement@jaibharathmanagement.ac.in,+91-80-521-0810,Information Technology (IT),Diploma,60,720,2005,Urban,Yes,Yes
1-44642921296,1-44642921296,U-0672,JAIBHARATH COLLEGE OF MANAGEMENT & ENGINEERING TECHNOLOGY,Active,Kerala,Ernakulam,Ernakulam,ARACKAPADY  VENGOLA P O PERUMBAVOOR ERNAKULAM DT,682234,9.974023,76.309065,Private-Self Financing,"APJ Abdul Kalam Technological University, Kerala",Approved,Approved,B++,No,,Tier 3,http://www.jaibharathmanagement.ac.in,info@jaibharathmanagement.ac.in,admissions@jaibharathmanagement.ac.in,placement@jaibharathmanagement.ac.in,+91-80-521-0810,Artificial Intelligence & Machine Learning (AI & ML),B.Tech,60,720,2005,Urban,Yes,Yes
1-44642921296,1-44642921296,U-0672,JAIBHARATH COLLEGE OF MANAGEMENT & ENGINEERING TECHNOLOGY,Active,Kerala,Ernakulam,Ernakulam,ARACKAPADY  VENGOLA P O PERUMBAVOOR ERNAKULAM DT,682234,9.974023,76.309065,Private-Self Financing,"APJ Abdul Kalam Technological University, Kerala",Approved,Approved,B++,No,,Tier 3,http://www.jaibharathmanagement.ac.in,info@jaibharathmanagement.ac.in,admissions@jaibharathmanagement.ac.in,placement@jaibharathmanagement.ac.in,+91-80-521-0810,Cyber Security,B.Tech,30,720,2005,Urban,Yes,Yes
1-44642921296,1-44642921296,U-0672,JAIBHARATH COLLEGE OF MANAGEMENT & ENGINEERING TECHNOLOGY,Active,Kerala,Ernakulam,Ernakulam,ARACKAPADY  VENGOLA P O PERUMBAVOOR ERNAKULAM DT,682234,9.974023,76.309065,Private-Self Financing,"APJ Abdul Kalam Technological University, Kerala",Approved,Approved,B++,No,,Tier 3,http://www.jaibharathmanagement.ac.in,info@jaibharathmanagement.ac.in,admissions@jaibharathmanagement.ac.in,placement@jaibharathmanagement.ac.in,+91-80-521-0810,IoT,B.Tech,30,720,2005,Urban,Yes,Yes
1-44642401904,1-44642401904,U-0672,COLLEGE OF ENGINEERING TRIKARIPUR,Active,Kerala,Kasaragod,Kasaragod,CHEEMENI P O KASARAGOD DISTRICT PIN 671313,671313,10.867463,76.277451,Government,"APJ Abdul Kalam Technological University, Kerala",Approved,Approved,A+,Yes,,Tier 2,http://www.trikaripur.ac.in,info@trikaripur.ac.in,admissions@trikaripur.ac.in,placement@trikaripur.ac.in,+91-80-550-3272,Civil Engineering,B.Tech,60,480,1980,Rural,Yes,Yes
1-44642401904,1-44642401904,U-0672,COLLEGE OF ENGINEERING TRIKARIPUR,Active,Kerala,Kasaragod,Kasaragod,CHEEMENI P O KASARAGOD DISTRICT PIN 671313,671313,10.867463,76.277451,Government,"APJ Abdul Kalam Technological University, Kerala",Approved,Approved,A+,Yes,,Tier 2,http://www.trikaripur.ac.in,info@trikaripur.ac.in,admissions@trikaripur.ac.in,placement@trikaripur.ac.in,+91-80-550-3272,Computer Science Engineering (CSE),B.Tech,180,480,1980,Rural,Yes,Yes
1-44642401904,1-44642401904,U-0672,COLLEGE OF ENGINEERING TRIKARIPUR,Active,Kerala,Kasaragod,Kasaragod,CHEEMENI P O KASARAGOD DISTRICT PIN 671313,671313,10.867463,76.277451,Government,"APJ Abdul Kalam Technological University, Kerala",Approved,Approved,A+,Yes,,Tier 2,http://www.trikaripur.ac.in,info@trikaripur.ac.in,admissions@trikaripur.ac.in,placement@trikaripur.ac.in,+91-80-550-3272,Electrical & Electronics Engineering (EEE),B.Tech,60,480,1980,Rural,Yes,Yes
1-44642401904,1-44642401904,U-0672,COLLEGE OF ENGINEERING TRIKARIPUR,Active,Kerala,Kasaragod,Kasaragod,CHEEMENI P O KASARAGOD DISTRICT PIN 671313,671313,10.867463,76.277451,Government,"APJ Abdul Kalam Technological University, Kerala",Approved,Approved,A+,Yes,,Tier 2,http://www.trikaripur.ac.in,info@trikaripur.ac.in,admissions@trikaripur.ac.in,placement@trikaripur.ac.in,+91-80-550-3272,Electronics & Communication Engineering (ECE),B.Tech,120,480,1980,Rural,Yes,Yes
1-44642401904,1-44642401904,U-0672,COLLEGE OF ENGINEERING TRIKARIPUR,Active,Kerala,Kasaragod,Kasaragod,CHEEMENI P O KASARAGOD DISTRICT PIN 671313,671313,10.867463,76.277451,Government,"APJ Abdul Kalam Technological University, Kerala",Approved,Approved,A+,Yes,,Tier 2,http://www.trikaripur.ac.in,info@trikaripur.ac.in,admissions@trikaripur.ac.in,placement@trikaripur.ac.in,+91-80-550-3272,Data Science,B.Tech,60,480,1980,Rural,Yes,Yes
1-44642753824,1-44642753824,U-0672,"COLLEGE OF ENGINEERING, ATTINGAL",Active,Kerala,Thiruvananthapuram,Thiruvananthapuram,"COLLEGE OF ENGINEERING, ATTINGAL ATTINGAL P.O. PINCODE 695101, TRIVANDRUM, KERALA",695101,8.50998,76.938764,Government,"APJ Abdul Kalam Technological University, Kerala",Approved,Approved,A,No,,Tier 2,http://www.attingal.ac.in,info@attingal.ac.in,admissions@attingal.ac.in,placement@attingal.ac.in,+91-80-246-6189,Electronics & Communication Engineering (ECE),B.Tech,60,300,1980,Urban,Yes,Yes
1-44642753824,1-44642753824,U-0672,"COLLEGE OF ENGINEERING, ATTINGAL",Active,Kerala,Thiruvananthapuram,Thiruvananthapuram,"COLLEGE OF ENGINEERING, ATTINGAL ATTINGAL P.O. PINCODE 695101, TRIVANDRUM, KERALA",695101,8.50998,76.938764,Government,"APJ Abdul Kalam Technological University, Kerala",Approved,Approved,A,No,,Tier 2,http://www.attingal.ac.in,info@attingal.ac.in,admissions@attingal.ac.in,placement@attingal.ac.in,+91-80-246-6189,Computer Science Engineering (CSE),B.Tech,120,300,1980,Urban,Yes,Yes
1-44642753824,1-44642753824,U-0672,"COLLEGE OF ENGINEERING, ATTINGAL",Active,Kerala,Thiruvananthapuram,Thiruvananthapuram,"COLLEGE OF ENGINEERING, ATTINGAL ATTINGAL P.O. PINCODE 695101, TRIVANDRUM, KERALA",695101,8.50998,76.938764,Government,"APJ Abdul Kalam Technological University, Kerala",Approved,Approved,A,No,,Tier 2,http://www.attingal.ac.in,info@attingal.ac.in,admissions@attingal.ac.in,placement@attingal.ac.in,+91-80-246-6189,Electrical & Electronics Engineering (EEE),B.Tech,60,300,1980,Urban,Yes,Yes
1-44642753824,1-44642753824,U-0672,"COLLEGE OF ENGINEERING, ATTINGAL",Active,Kerala,Thiruvananthapuram,Thiruvananthapuram,"COLLEGE OF ENGINEERING, ATTINGAL ATTINGAL P.O. PINCODE 695101, TRIVANDRUM, KERALA",695101,8.50998,76.938764,Government,"APJ Abdul Kalam Technological University, Kerala",Approved,Approved,A,No,,Tier 2,http://www.attingal.ac.in,info@attingal.ac.in,admissions@attingal.ac.in,placement@attingal.ac.in,+91-80-246-6189,Artificial Intelligence & Machine Learning (AI & ML),B.Tech,60,300,1980,Urban,Yes,Yes
1-44643003812,1-44643003812,U-0672,VALIA KOONAMBAIKULATHAMMA COLLEGE OF ENGINEERING AND TECHNOLOGY,Active,Kerala,Thiruvananthapuram,Thiruvananthapuram,"CHAVARCODE,PARIPPALLY THIRUVANANTHAPURAM KERALA STATE",682973,8.541798,76.931318,Private-Self Financing,"APJ Abdul Kalam Technological University, Kerala",Approved,Approved,B++,No,,Tier 3,http://www.valiakoonambaikulathamma.ac.in,info@valiakoonambaikulathamma.ac.in,admissions@valiakoonambaikulathamma.ac.in,placement@valiakoonambaikulathamma.ac.in,+91-80-581-1678,Mechanical Engineering,B.Tech,60,360,2013,Urban,Yes,Yes
1-44643003812,1-44643003812,U-0672,VALIA KOONAMBAIKULATHAMMA COLLEGE OF ENGINEERING AND TECHNOLOGY,Active,Kerala,Thiruvananthapuram,Thiruvananthapuram,"CHAVARCODE,PARIPPALLY THIRUVANANTHAPURAM KERALA STATE",682973,8.541798,76.931318,Private-Self Financing,"APJ Abdul Kalam Technological University, Kerala",Approved,Approved,B++,No,,Tier 3,http://www.valiakoonambaikulathamma.ac.in,info@valiakoonambaikulathamma.ac.in,admissions@valiakoonambaikulathamma.ac.in,placement@valiakoonambaikulathamma.ac.in,+91-80-581-1678,Electrical & Electronics Engineering (EEE),B.Tech,60,360,2013,Urban,Yes,Yes
1-44643003812,1-44643003812,U-0672,VALIA KOONAMBAIKULATHAMMA COLLEGE OF ENGINEERING AND TECHNOLOGY,Active,Kerala,Thiruvananthapuram,Thiruvananthapuram,"CHAVARCODE,PARIPPALLY THIRUVANANTHAPURAM KERALA STATE",682973,8.541798,76.931318,Private-Self Financing,"APJ Abdul Kalam Technological University, Kerala",Approved,Approved,B++,No,,Tier 3,http://www.valiakoonambaikulathamma.ac.in,info@valiakoonambaikulathamma.ac.in,admissions@valiakoonambaikulathamma.ac.in,placement@valiakoonambaikulathamma.ac.in,+91-80-581-1678,Electronics & Communication Engineering (ECE),B.Tech,60,360,2013,Urban,Yes,Yes
1-44643003812,1-44643003812,U-0672,VALIA KOONAMBAIKULATHAMMA COLLEGE OF ENGINEERING AND TECHNOLOGY,Active,Kerala,Thiruvananthapuram,Thiruvananthapuram,"CHAVARCODE,PARIPPALLY THIRUVANANTHAPURAM KERALA STATE",682973,8.541798,76.931318,Private-Self Financing,"APJ Abdul Kalam Technological University, Kerala",Approved,Approved,B++,No,,Tier 3,http://www.valiakoonambaikulathamma.ac.in,info@valiakoonambaikulathamma.ac.in,admissions@valiakoonambaikulathamma.ac.in,placement@valiakoonambaikulathamma.ac.in,+91-80-581-1678,Computer Science Engineering (CSE),B.Tech,60,360,2013,Urban,Yes,Yes
1-44643003812,1-44643003812,U-0672,VALIA KOONAMBAIKULATHAMMA COLLEGE OF ENGINEERING AND TECHNOLOGY,Active,Kerala,Thiruvananthapuram,Thiruvananthapuram,"CHAVARCODE,PARIPPALLY THIRUVANANTHAPURAM KERALA STATE",682973,8.541798,76.931318,Private-Self Financing,"APJ Abdul Kalam Technological University, Kerala",Approved,Approved,B++,No,,Tier 3,http://www.valiakoonambaikulathamma.ac.in,info@valiakoonambaikulathamma.ac.in,admissions@valiakoonambaikulathamma.ac.in,placement@valiakoonambaikulathamma.ac.in,+91-80-581-1678,Civil Engineering,B.Tech,60,360,2013,Urban,Yes,Yes
1-44643003812,1-44643003812,U-0672,VALIA KOONAMBAIKULATHAMMA COLLEGE OF ENGINEERING AND TECHNOLOGY,Active,Kerala,Thiruvananthapuram,Thiruvananthapuram,"CHAVARCODE,PARIPPALLY THIRUVANANTHAPURAM KERALA STATE",682973,8.541798,76.931318,Private-Self Financing,"APJ Abdul Kalam Technological University, Kerala",Approved,Approved,B++,No,,Tier 3,http://www.valiakoonambaikulathamma.ac.in,info@valiakoonambaikulathamma.ac.in,admissions@valiakoonambaikulathamma.ac.in,placement@valiakoonambaikulathamma.ac.in,+91-80-581-1678,Cyber Security,B.Tech,60,360,2013,Urban,Yes,Yes
1-44642884184,1-44642884184,U-0672,"GOVT. ENGINEERING COLLEGE, KOZHIKODE",Active,Kerala,Kozhikode,Kozhikode,"KANNUR ROAD, WEST HILL.P.O, KOZHIKODE.",682606,11.24235,75.792294,Government,"APJ Abdul Kalam Technological University, Kerala",Approved,Approved,A+,Yes,,Tier 2,http://www.govtkozhikode.ac.in,info@govtkozhikode.ac.in,admissions@govtkozhikode.ac.in,placement@govtkozhikode.ac.in,+91-80-148-9100,Other Engineering Branches,B.Tech,60,462,1999,Urban,Yes,Yes
1-44642884184,1-44642884184,U-0672,"GOVT. ENGINEERING COLLEGE, KOZHIKODE",Active,Kerala,Kozhikode,Kozhikode,"KANNUR ROAD, WEST HILL.P.O, KOZHIKODE.",682606,11.24235,75.792294,Government,"APJ Abdul Kalam Technological University, Kerala",Approved,Approved,A+,Yes,,Tier 2,http://www.govtkozhikode.ac.in,info@govtkozhikode.ac.in,admissions@govtkozhikode.ac.in,placement@govtkozhikode.ac.in,+91-80-148-9100,Chemical Engineering,B.Tech,60,462,1999,Urban,Yes,Yes
1-44642884184,1-44642884184,U-0672,"GOVT. ENGINEERING COLLEGE, KOZHIKODE",Active,Kerala,Kozhikode,Kozhikode,"KANNUR ROAD, WEST HILL.P.O, KOZHIKODE.",682606,11.24235,75.792294,Government,"APJ Abdul Kalam Technological University, Kerala",Approved,Approved,A+,Yes,,Tier 2,http://www.govtkozhikode.ac.in,info@govtkozhikode.ac.in,admissions@govtkozhikode.ac.in,placement@govtkozhikode.ac.in,+91-80-148-9100,Mechanical Engineering,B.Tech,60,462,1999,Urban,Yes,Yes
1-44642884184,1-44642884184,U-0672,"GOVT. ENGINEERING COLLEGE, KOZHIKODE",Active,Kerala,Kozhikode,Kozhikode,"KANNUR ROAD, WEST HILL.P.O, KOZHIKODE.",682606,11.24235,75.792294,Government,"APJ Abdul Kalam Technological University, Kerala",Approved,Approved,A+,Yes,,Tier 2,http://www.govtkozhikode.ac.in,info@govtkozhikode.ac.in,admissions@govtkozhikode.ac.in,placement@govtkozhikode.ac.in,+91-80-148-9100,Civil Engineering,B.Tech,60,462,1999,Urban,Yes,Yes
1-44642884184,1-44642884184,U-0672,"GOVT. ENGINEERING COLLEGE, KOZHIKODE",Active,Kerala,Kozhikode,Kozhikode,"KANNUR ROAD, WEST HILL.P.O, KOZHIKODE.",682606,11.24235,75.792294,Government,"APJ Abdul Kalam Technological University, Kerala",Approved,Approved,A+,Yes,,Tier 2,http://www.govtkozhikode.ac.in,info@govtkozhikode.ac.in,admissions@govtkozhikode.ac.in,placement@govtkozhikode.ac.in,+91-80-148-9100,Other Engineering Branches,M.Tech,54,462,1999,Urban,Yes,Yes
1-44642884184,1-44642884184,U-0672,"GOVT. ENGINEERING COLLEGE, KOZHIKODE",Active,Kerala,Kozhikode,Kozhikode,"KANNUR ROAD, WEST HILL.P.O, KOZHIKODE.",682606,11.24235,75.792294,Government,"APJ Abdul Kalam Technological University, Kerala",Approved,Approved,A+,Yes,,Tier 2,http://www.govtkozhikode.ac.in,info@govtkozhikode.ac.in,admissions@govtkozhikode.ac.in,placement@govtkozhikode.ac.in,+91-80-148-9100,Electronics & Communication Engineering (ECE),B.Tech,60,462,1999,Urban,Yes,Yes
1-44642884184,1-44642884184,U-0672,"GOVT. ENGINEERING COLLEGE, KOZHIKODE",Active,Kerala,Kozhikode,Kozhikode,"KANNUR ROAD, WEST HILL.P.O, KOZHIKODE.",682606,11.24235,75.792294,Government,"APJ Abdul Kalam Technological University, Kerala",Approved,Approved,A+,Yes,,Tier 2,http://www.govtkozhikode.ac.in,info@govtkozhikode.ac.in,admissions@govtkozhikode.ac.in,placement@govtkozhikode.ac.in,+91-80-148-9100,Computer Science Engineering (CSE),B.Tech,90,462,1999,Urban,Yes,Yes
1-44642884184,1-44642884184,U-0672,"GOVT. ENGINEERING COLLEGE, KOZHIKODE",Active,Kerala,Kozhikode,Kozhikode,"KANNUR ROAD, WEST HILL.P.O, KOZHIKODE.",682606,11.24235,75.792294,Government,"APJ Abdul Kalam Technological University, Kerala",Approved,Approved,A+,Yes,,Tier 2,http://www.govtkozhikode.ac.in,info@govtkozhikode.ac.in,admissions@govtkozhikode.ac.in,placement@govtkozhikode.ac.in,+91-80-148-9100,Civil Engineering,M.Tech,18,462,1999,Urban,Yes,Yes
1-44643054807,1-44643054807,U-0992,COCHIN UNIVERSITY COLLEGE OF  ENGINEERING KUTTANADU & COCHIN UNIVERSITY COLLEGE OF COMPUTER APPLICATIONS,Active,Kerala,Alappuzha,Alappuzha,"PULINCUNNOO P O,ALAPUZHA",682427,9.480981,76.335385,State Government University,NOT APPLICABLE,Approved,Approved,B,No,,Tier 3,http://www.cochinkuttanaducochin.ac.in,info@cochinkuttanaducochin.ac.in,admissions@cochinkuttanaducochin.ac.in,placement@cochinkuttanaducochin.ac.in,+91-80-120-8426,Electrical & Electronics Engineering (EEE),B.Tech,60,360,2017,Urban,Yes,Yes
1-44643054807,1-44643054807,U-0992,COCHIN UNIVERSITY COLLEGE OF  ENGINEERING KUTTANADU & COCHIN UNIVERSITY COLLEGE OF COMPUTER APPLICATIONS,Active,Kerala,Alappuzha,Alappuzha,"PULINCUNNOO P O,ALAPUZHA",682427,9.480981,76.335385,State Government University,NOT APPLICABLE,Approved,Approved,B,No,,Tier 3,http://www.cochinkuttanaducochin.ac.in,info@cochinkuttanaducochin.ac.in,admissions@cochinkuttanaducochin.ac.in,placement@cochinkuttanaducochin.ac.in,+91-80-120-8426,Electronics & Communication Engineering (ECE),B.Tech,60,360,2017,Urban,Yes,Yes
1-44643054807,1-44643054807,U-0992,COCHIN UNIVERSITY COLLEGE OF  ENGINEERING KUTTANADU & COCHIN UNIVERSITY COLLEGE OF COMPUTER APPLICATIONS,Active,Kerala,Alappuzha,Alappuzha,"PULINCUNNOO P O,ALAPUZHA",682427,9.480981,76.335385,State Government University,NOT APPLICABLE,Approved,Approved,B,No,,Tier 3,http://www.cochinkuttanaducochin.ac.in,info@cochinkuttanaducochin.ac.in,admissions@cochinkuttanaducochin.ac.in,placement@cochinkuttanaducochin.ac.in,+91-80-120-8426,Information Technology (IT),B.Tech,60,360,2017,Urban,Yes,Yes
1-44643054807,1-44643054807,U-0992,COCHIN UNIVERSITY COLLEGE OF  ENGINEERING KUTTANADU & COCHIN UNIVERSITY COLLEGE OF COMPUTER APPLICATIONS,Active,Kerala,Alappuzha,Alappuzha,"PULINCUNNOO P O,ALAPUZHA",682427,9.480981,76.335385,State Government University,NOT APPLICABLE,Approved,Approved,B,No,,Tier 3,http://www.cochinkuttanaducochin.ac.in,info@cochinkuttanaducochin.ac.in,admissions@cochinkuttanaducochin.ac.in,placement@cochinkuttanaducochin.ac.in,+91-80-120-8426,Computer Science Engineering (CSE),B.Tech,120,360,2017,Urban,Yes,Yes
1-44643054807,1-44643054807,U-0992,COCHIN UNIVERSITY COLLEGE OF  ENGINEERING KUTTANADU & COCHIN UNIVERSITY COLLEGE OF COMPUTER APPLICATIONS,Active,Kerala,Alappuzha,Alappuzha,"PULINCUNNOO P O,ALAPUZHA",682427,9.480981,76.335385,State Government University,NOT APPLICABLE,Approved,Approved,B,No,,Tier 3,http://www.cochinkuttanaducochin.ac.in,info@cochinkuttanaducochin.ac.in,admissions@cochinkuttanaducochin.ac.in,placement@cochinkuttanaducochin.ac.in,+91-80-120-8426,Civil Engineering,B.Tech,60,360,2017,Urban,Yes,Yes
1-44643009089,1-44643009089,U-0672,VISWAJYOTHI COLLEGE OF ENGINEERING & TECHNOLOGY,Active,Kerala,Ernakulam,Ernakulam,"VAZHAKULAM P.O, MUVATTUPUZHA, KERALA - 686670",686670,9.991592,76.312811,Private-Self Financing,"APJ Abdul Kalam Technological University, Kerala",Approved,Approved,B++,No,,Tier 3,http://www.viswajyothi.ac.in,info@viswajyothi.ac.in,admissions@viswajyothi.ac.in,placement@viswajyothi.ac.in,+91-80-257-9538,Mechanical Engineering,B.Tech,60,705,1998,Urban,Yes,Yes
1-44643009089,1-44643009089,U-0672,VISWAJYOTHI COLLEGE OF ENGINEERING & TECHNOLOGY,Active,Kerala,Ernakulam,Ernakulam,"VAZHAKULAM P.O, MUVATTUPUZHA, KERALA - 686670",686670,9.991592,76.312811,Private-Self Financing,"APJ Abdul Kalam Technological University, Kerala",Approved,Approved,B++,No,,Tier 3,http://www.viswajyothi.ac.in,info@viswajyothi.ac.in,admissions@viswajyothi.ac.in,placement@viswajyothi.ac.in,+91-80-257-9538,Information Technology (IT),B.Tech,60,705,1998,Urban,Yes,Yes
1-44643009089,1-44643009089,U-0672,VISWAJYOTHI COLLEGE OF ENGINEERING & TECHNOLOGY,Active,Kerala,Ernakulam,Ernakulam,"VAZHAKULAM P.O, MUVATTUPUZHA, KERALA - 686670",686670,9.991592,76.312811,Private-Self Financing,"APJ Abdul Kalam Technological University, Kerala",Approved,Approved,B++,No,,Tier 3,http://www.viswajyothi.ac.in,info@viswajyothi.ac.in,admissions@viswajyothi.ac.in,placement@viswajyothi.ac.in,+91-80-257-9538,Electronics & Communication Engineering (ECE),B.Tech,60,705,1998,Urban,Yes,Yes
1-44643009089,1-44643009089,U-0672,VISWAJYOTHI COLLEGE OF ENGINEERING & TECHNOLOGY,Active,Kerala,Ernakulam,Ernakulam,"VAZHAKULAM P.O, MUVATTUPUZHA, KERALA - 686670",686670,9.991592,76.312811,Private-Self Financing,"APJ Abdul Kalam Technological University, Kerala",Approved,Approved,B++,No,,Tier 3,http://www.viswajyothi.ac.in,info@viswajyothi.ac.in,admissions@viswajyothi.ac.in,placement@viswajyothi.ac.in,+91-80-257-9538,Computer Science Engineering (CSE),B.Tech,300,705,1998,Urban,Yes,Yes
1-44643009089,1-44643009089,U-0672,VISWAJYOTHI COLLEGE OF ENGINEERING & TECHNOLOGY,Active,Kerala,Ernakulam,Ernakulam,"VAZHAKULAM P.O, MUVATTUPUZHA, KERALA - 686670",686670,9.991592,76.312811,Private-Self Financing,"APJ Abdul Kalam Technological University, Kerala",Approved,Approved,B++,No,,Tier 3,http://www.viswajyothi.ac.in,info@viswajyothi.ac.in,admissions@viswajyothi.ac.in,placement@viswajyothi.ac.in,+91-80-257-9538,Electrical & Electronics Engineering (EEE),B.Tech,60,705,1998,Urban,Yes,Yes
1-44643009089,1-44643009089,U-0672,VISWAJYOTHI COLLEGE OF ENGINEERING & TECHNOLOGY,Active,Kerala,Ernakulam,Ernakulam,"VAZHAKULAM P.O, MUVATTUPUZHA, KERALA - 686670",686670,9.991592,76.312811,Private-Self Financing,"APJ Abdul Kalam Technological University, Kerala",Approved,Approved,B++,No,,Tier 3,http://www.viswajyothi.ac.in,info@viswajyothi.ac.in,admissions@viswajyothi.ac.in,placement@viswajyothi.ac.in,+91-80-257-9538,Civil Engineering,B.Tech,60,705,1998,Urban,Yes,Yes
1-44643009089,1-44643009089,U-0672,VISWAJYOTHI COLLEGE OF ENGINEERING & TECHNOLOGY,Active,Kerala,Ernakulam,Ernakulam,"VAZHAKULAM P.O, MUVATTUPUZHA, KERALA - 686670",686670,9.991592,76.312811,Private-Self Financing,"APJ Abdul Kalam Technological University, Kerala",Approved,Approved,B++,No,,Tier 3,http://www.viswajyothi.ac.in,info@viswajyothi.ac.in,admissions@viswajyothi.ac.in,placement@viswajyothi.ac.in,+91-80-257-9538,Computer Science Engineering (CSE),M.Tech,18,705,1998,Urban,Yes,Yes
1-44643009089,1-44643009089,U-0672,VISWAJYOTHI COLLEGE OF ENGINEERING & TECHNOLOGY,Active,Kerala,Ernakulam,Ernakulam,"VAZHAKULAM P.O, MUVATTUPUZHA, KERALA - 686670",686670,9.991592,76.312811,Private-Self Financing,"APJ Abdul Kalam Technological University, Kerala",Approved,Approved,B++,No,,Tier 3,http://www.viswajyothi.ac.in,info@viswajyothi.ac.in,admissions@viswajyothi.ac.in,placement@viswajyothi.ac.in,+91-80-257-9538,Other Engineering Branches,M.Tech,27,705,1998,Urban,Yes,Yes
1-44643009089,1-44643009089,U-0672,VISWAJYOTHI COLLEGE OF ENGINEERING & TECHNOLOGY,Active,Kerala,Ernakulam,Ernakulam,"VAZHAKULAM P.O, MUVATTUPUZHA, KERALA - 686670",686670,9.991592,76.312811,Private-Self Financing,"APJ Abdul Kalam Technological University, Kerala",Approved,Approved,B++,No,,Tier 3,http://www.viswajyothi.ac.in,info@viswajyothi.ac.in,admissions@viswajyothi.ac.in,placement@viswajyothi.ac.in,+91-80-257-9538,Data Science,B.Tech,60,705,1998,Urban,Yes,Yes
1-44642723751,1-44642723751,U-0672,M G COLLEGE OF ENGINEERING,Active,Kerala,Thiruvananthapuram,Thiruvananthapuram,"MG COLLEGE OF ENGINEERING, VANDITHADAM, THIRUVALLAM, THIRUVANANTHAPURAM -695027  TEL: 0471 - 2383185, 2383747, 2381517, 5582932,  FAX: 0471 - 2383747 E-MAIL: MGCET@DATAONE.IN",695027,8.528852,76.938571,Private-Self Financing,"APJ Abdul Kalam Technological University, Kerala",Approved,Approved,B++,Yes,,Tier 3,http://www.mg.ac.in,info@mg.ac.in,admissions@mg.ac.in,placement@mg.ac.in,+91-80-038-1708,Computer Science Engineering (CSE),B.Tech,60,480,2020,Urban,Yes,Yes
1-44642723751,1-44642723751,U-0672,M G COLLEGE OF ENGINEERING,Active,Kerala,Thiruvananthapuram,Thiruvananthapuram,"MG COLLEGE OF ENGINEERING, VANDITHADAM, THIRUVALLAM, THIRUVANANTHAPURAM -695027  TEL: 0471 - 2383185, 2383747, 2381517, 5582932,  FAX: 0471 - 2383747 E-MAIL: MGCET@DATAONE.IN",695027,8.528852,76.938571,Private-Self Financing,"APJ Abdul Kalam Technological University, Kerala",Approved,Approved,B++,Yes,,Tier 3,http://www.mg.ac.in,info@mg.ac.in,admissions@mg.ac.in,placement@mg.ac.in,+91-80-038-1708,Electrical & Electronics Engineering (EEE),B.Tech,30,480,2020,Urban,Yes,Yes
1-44642723751,1-44642723751,U-0672,M G COLLEGE OF ENGINEERING,Active,Kerala,Thiruvananthapuram,Thiruvananthapuram,"MG COLLEGE OF ENGINEERING, VANDITHADAM, THIRUVALLAM, THIRUVANANTHAPURAM -695027  TEL: 0471 - 2383185, 2383747, 2381517, 5582932,  FAX: 0471 - 2383747 E-MAIL: MGCET@DATAONE.IN",695027,8.528852,76.938571,Private-Self Financing,"APJ Abdul Kalam Technological University, Kerala",Approved,Approved,B++,Yes,,Tier 3,http://www.mg.ac.in,info@mg.ac.in,admissions@mg.ac.in,placement@mg.ac.in,+91-80-038-1708,Electronics & Communication Engineering (ECE),B.Tech,30,480,2020,Urban,Yes,Yes
1-44642723751,1-44642723751,U-0672,M G COLLEGE OF ENGINEERING,Active,Kerala,Thiruvananthapuram,Thiruvananthapuram,"MG COLLEGE OF ENGINEERING, VANDITHADAM, THIRUVALLAM, THIRUVANANTHAPURAM -695027  TEL: 0471 - 2383185, 2383747, 2381517, 5582932,  FAX: 0471 - 2383747 E-MAIL: MGCET@DATAONE.IN",695027,8.528852,76.938571,Private-Self Financing,"APJ Abdul Kalam Technological University, Kerala",Approved,Approved,B++,Yes,,Tier 3,http://www.mg.ac.in,info@mg.ac.in,admissions@mg.ac.in,placement@mg.ac.in,+91-80-038-1708,Electrical & Electronics Engineering (EEE),Diploma,60,480,2020,Urban,Yes,Yes
1-44642723751,1-44642723751,U-0672,M G COLLEGE OF ENGINEERING,Active,Kerala,Thiruvananthapuram,Thiruvananthapuram,"MG COLLEGE OF ENGINEERING, VANDITHADAM, THIRUVALLAM, THIRUVANANTHAPURAM -695027  TEL: 0471 - 2383185, 2383747, 2381517, 5582932,  FAX: 0471 - 2383747 E-MAIL: MGCET@DATAONE.IN",695027,8.528852,76.938571,Private-Self Financing,"APJ Abdul Kalam Technological University, Kerala",Approved,Approved,B++,Yes,,Tier 3,http://www.mg.ac.in,info@mg.ac.in,admissions@mg.ac.in,placement@mg.ac.in,+91-80-038-1708,Computer Science Engineering (CSE),Diploma,60,480,2020,Urban,Yes,Yes
1-44642723751,1-44642723751,U-0672,M G COLLEGE OF ENGINEERING,Active,Kerala,Thiruvananthapuram,Thiruvananthapuram,"MG COLLEGE OF ENGINEERING, VANDITHADAM, THIRUVALLAM, THIRUVANANTHAPURAM -695027  TEL: 0471 - 2383185, 2383747, 2381517, 5582932,  FAX: 0471 - 2383747 E-MAIL: MGCET@DATAONE.IN",695027,8.528852,76.938571,Private-Self Financing,"APJ Abdul Kalam Technological University, Kerala",Approved,Approved,B++,Yes,,Tier 3,http://www.mg.ac.in,info@mg.ac.in,admissions@mg.ac.in,placement@mg.ac.in,+91-80-038-1708,Civil Engineering,Diploma,60,480,2020,Urban,Yes,Yes
1-44642723751,1-44642723751,U-0672,M G COLLEGE OF ENGINEERING,Active,Kerala,Thiruvananthapuram,Thiruvananthapuram,"MG COLLEGE OF ENGINEERING, VANDITHADAM, THIRUVALLAM, THIRUVANANTHAPURAM -695027  TEL: 0471 - 2383185, 2383747, 2381517, 5582932,  FAX: 0471 - 2383747 E-MAIL: MGCET@DATAONE.IN",695027,8.528852,76.938571,Private-Self Financing,"APJ Abdul Kalam Technological University, Kerala",Approved,Approved,B++,Yes,,Tier 3,http://www.mg.ac.in,info@mg.ac.in,admissions@mg.ac.in,placement@mg.ac.in,+91-80-038-1708,Other Engineering Branches,Diploma,60,480,2020,Urban,Yes,Yes
1-44642723751,1-44642723751,U-0672,M G COLLEGE OF ENGINEERING,Active,Kerala,Thiruvananthapuram,Thiruvananthapuram,"MG COLLEGE OF ENGINEERING, VANDITHADAM, THIRUVALLAM, THIRUVANANTHAPURAM -695027  TEL: 0471 - 2383185, 2383747, 2381517, 5582932,  FAX: 0471 - 2383747 E-MAIL: MGCET@DATAONE.IN",695027,8.528852,76.938571,Private-Self Financing,"APJ Abdul Kalam Technological University, Kerala",Approved,Approved,B++,Yes,,Tier 3,http://www.mg.ac.in,info@mg.ac.in,admissions@mg.ac.in,placement@mg.ac.in,+91-80-038-1708,Mechanical Engineering,Diploma,60,480,2020,Urban,Yes,Yes
1-44642723751,1-44642723751,U-0672,M G COLLEGE OF ENGINEERING,Active,Kerala,Thiruvananthapuram,Thiruvananthapuram,"MG COLLEGE OF ENGINEERING, VANDITHADAM, THIRUVALLAM, THIRUVANANTHAPURAM -695027  TEL: 0471 - 2383185, 2383747, 2381517, 5582932,  FAX: 0471 - 2383747 E-MAIL: MGCET@DATAONE.IN",695027,8.528852,76.938571,Private-Self Financing,"APJ Abdul Kalam Technological University, Kerala",Approved,Approved,B++,Yes,,Tier 3,http://www.mg.ac.in,info@mg.ac.in,admissions@mg.ac.in,placement@mg.ac.in,+91-80-038-1708,Artificial Intelligence & Machine Learning (AI & ML),Diploma,60,480,2020,Urban,Yes,Yes
1-44642806048,1-44642806048,U-0672,INDIRA GANDHI INSTITUTE OF ENGINEERING AND TECHNOLOGY,Active,Kerala,Ernakulam,Ernakulam,"NELLIKUZHI P.O,  KOTHAMANGALAM, ERNAKULAM DIST. KERALA",682234,9.972195,76.298899,Private-Self Financing,"APJ Abdul Kalam Technological University, Kerala",Approved,Approved,B+,No,,Tier 3,http://www.indiragandhi.ac.in,info@indiragandhi.ac.in,admissions@indiragandhi.ac.in,placement@indiragandhi.ac.in,+91-80-444-3769,Civil Engineering,B.Tech,30,684,1989,Rural,No,Yes
1-44642806048,1-44642806048,U-0672,INDIRA GANDHI INSTITUTE OF ENGINEERING AND TECHNOLOGY,Active,Kerala,Ernakulam,Ernakulam,"NELLIKUZHI P.O,  KOTHAMANGALAM, ERNAKULAM DIST. KERALA",682234,9.972195,76.298899,Private-Self Financing,"APJ Abdul Kalam Technological University, Kerala",Approved,Approved,B+,No,,Tier 3,http://www.indiragandhi.ac.in,info@indiragandhi.ac.in,admissions@indiragandhi.ac.in,placement@indiragandhi.ac.in,+91-80-444-3769,Electrical & Electronics Engineering (EEE),B.Tech,30,684,1989,Rural,No,Yes
1-44642806048,1-44642806048,U-0672,INDIRA GANDHI INSTITUTE OF ENGINEERING AND TECHNOLOGY,Active,Kerala,Ernakulam,Ernakulam,"NELLIKUZHI P.O,  KOTHAMANGALAM, ERNAKULAM DIST. KERALA",682234,9.972195,76.298899,Private-Self Financing,"APJ Abdul Kalam Technological University, Kerala",Approved,Approved,B+,No,,Tier 3,http://www.indiragandhi.ac.in,info@indiragandhi.ac.in,admissions@indiragandhi.ac.in,placement@indiragandhi.ac.in,+91-80-444-3769,Electronics & Communication Engineering (ECE),B.Tech,30,684,1989,Rural,No,Yes
1-44642806048,1-44642806048,U-0672,INDIRA GANDHI INSTITUTE OF ENGINEERING AND TECHNOLOGY,Active,Kerala,Ernakulam,Ernakulam,"NELLIKUZHI P.O,  KOTHAMANGALAM, ERNAKULAM DIST. KERALA",682234,9.972195,76.298899,Private-Self Financing,"APJ Abdul Kalam Technological University, Kerala",Approved,Approved,B+,No,,Tier 3,http://www.indiragandhi.ac.in,info@indiragandhi.ac.in,admissions@indiragandhi.ac.in,placement@indiragandhi.ac.in,+91-80-444-3769,Computer Science Engineering (CSE),B.Tech,120,684,1989,Rural,No,Yes
1-44642806048,1-44642806048,U-0672,INDIRA GANDHI INSTITUTE OF ENGINEERING AND TECHNOLOGY,Active,Kerala,Ernakulam,Ernakulam,"NELLIKUZHI P.O,  KOTHAMANGALAM, ERNAKULAM DIST. KERALA",682234,9.972195,76.298899,Private-Self Financing,"APJ Abdul Kalam Technological University, Kerala",Approved,Approved,B+,No,,Tier 3,http://www.indiragandhi.ac.in,info@indiragandhi.ac.in,admissions@indiragandhi.ac.in,placement@indiragandhi.ac.in,+91-80-444-3769,Other Engineering Branches,M.Tech,36,684,1989,Rural,No,Yes
1-44642806048,1-44642806048,U-0672,INDIRA GANDHI INSTITUTE OF ENGINEERING AND TECHNOLOGY,Active,Kerala,Ernakulam,Ernakulam,"NELLIKUZHI P.O,  KOTHAMANGALAM, ERNAKULAM DIST. KERALA",682234,9.972195,76.298899,Private-Self Financing,"APJ Abdul Kalam Technological University, Kerala",Approved,Approved,B+,No,,Tier 3,http://www.indiragandhi.ac.in,info@indiragandhi.ac.in,admissions@indiragandhi.ac.in,placement@indiragandhi.ac.in,+91-80-444-3769,Computer Science Engineering (CSE),M.Tech,18,684,1989,Rural,No,Yes
1-44642806048,1-44642806048,U-0672,INDIRA GANDHI INSTITUTE OF ENGINEERING AND TECHNOLOGY,Active,Kerala,Ernakulam,Ernakulam,"NELLIKUZHI P.O,  KOTHAMANGALAM, ERNAKULAM DIST. KERALA",682234,9.972195,76.298899,Private-Self Financing,"APJ Abdul Kalam Technological University, Kerala",Approved,Approved,B+,No,,Tier 3,http://www.indiragandhi.ac.in,info@indiragandhi.ac.in,admissions@indiragandhi.ac.in,placement@indiragandhi.ac.in,+91-80-444-3769,Civil Engineering,Diploma,30,684,1989,Rural,No,Yes
1-44642806048,1-44642806048,U-0672,INDIRA GANDHI INSTITUTE OF ENGINEERING AND TECHNOLOGY,Active,Kerala,Ernakulam,Ernakulam,"NELLIKUZHI P.O,  KOTHAMANGALAM, ERNAKULAM DIST. KERALA",682234,9.972195,76.298899,Private-Self Financing,"APJ Abdul Kalam Technological University, Kerala",Approved,Approved,B+,No,,Tier 3,http://www.indiragandhi.ac.in,info@indiragandhi.ac.in,admissions@indiragandhi.ac.in,placement@indiragandhi.ac.in,+91-80-444-3769,Mechanical Engineering,Diploma,60,684,1989,Rural,No,Yes
1-44642806048,1-44642806048,U-0672,INDIRA GANDHI INSTITUTE OF ENGINEERING AND TECHNOLOGY,Active,Kerala,Ernakulam,Ernakulam,"NELLIKUZHI P.O,  KOTHAMANGALAM, ERNAKULAM DIST. KERALA",682234,9.972195,76.298899,Private-Self Financing,"APJ Abdul Kalam Technological University, Kerala",Approved,Approved,B+,No,,Tier 3,http://www.indiragandhi.ac.in,info@indiragandhi.ac.in,admissions@indiragandhi.ac.in,placement@indiragandhi.ac.in,+91-80-444-3769,Electrical & Electronics Engineering (EEE),Diploma,60,684,1989,Rural,No,Yes
1-44642806048,1-44642806048,U-0672,INDIRA GANDHI INSTITUTE OF ENGINEERING AND TECHNOLOGY,Active,Kerala,Ernakulam,Ernakulam,"NELLIKUZHI P.O,  KOTHAMANGALAM, ERNAKULAM DIST. KERALA",682234,9.972195,76.298899,Private-Self Financing,"APJ Abdul Kalam Technological University, Kerala",Approved,Approved,B+,No,,Tier 3,http://www.indiragandhi.ac.in,info@indiragandhi.ac.in,admissions@indiragandhi.ac.in,placement@indiragandhi.ac.in,+91-80-444-3769,Automobile Engineering,Diploma,60,684,1989,Rural,No,Yes
1-44642806048,1-44642806048,U-0672,INDIRA GANDHI INSTITUTE OF ENGINEERING AND TECHNOLOGY,Active,Kerala,Ernakulam,Ernakulam,"NELLIKUZHI P.O,  KOTHAMANGALAM, ERNAKULAM DIST. KERALA",682234,9.972195,76.298899,Private-Self Financing,"APJ Abdul Kalam Technological University, Kerala",Approved,Approved,B+,No,,Tier 3,http://www.indiragandhi.ac.in,info@indiragandhi.ac.in,admissions@indiragandhi.ac.in,placement@indiragandhi.ac.in,+91-80-444-3769,Other Engineering Branches,Diploma,150,684,1989,Rural,No,Yes
1-44642806048,1-44642806048,U-0672,INDIRA GANDHI INSTITUTE OF ENGINEERING AND TECHNOLOGY,Active,Kerala,Ernakulam,Ernakulam,"NELLIKUZHI P.O,  KOTHAMANGALAM, ERNAKULAM DIST. KERALA",682234,9.972195,76.298899,Private-Self Financing,"APJ Abdul Kalam Technological University, Kerala",Approved,Approved,B+,No,,Tier 3,http://www.indiragandhi.ac.in,info@indiragandhi.ac.in,admissions@indiragandhi.ac.in,placement@indiragandhi.ac.in,+91-80-444-3769,Artificial Intelligence & Machine Learning (AI & ML),B.Tech,60,684,1989,Rural,No,Yes
1-44642638827,1-44642638827,U-0672,"COLLEGE OF ENGINEERING, CHERTHALA",Active,Kerala,Alappuzha,Alappuzha,"COLLEGE OF ENGINEERING, PALLIPPURAM, CHERTHALA, ALAPPUZHA DIST",682427,9.517325,76.358514,Government,"APJ Abdul Kalam Technological University, Kerala",Approved,Approved,B++,Yes,,Tier 3,http://www.cherthala.ac.in,info@cherthala.ac.in,admissions@cherthala.ac.in,placement@cherthala.ac.in,+91-80-645-2350,Computer Science Engineering (CSE),B.Tech,120,270,1997,Rural,Yes,No
1-44642638827,1-44642638827,U-0672,"COLLEGE OF ENGINEERING, CHERTHALA",Active,Kerala,Alappuzha,Alappuzha,"COLLEGE OF ENGINEERING, PALLIPPURAM, CHERTHALA, ALAPPUZHA DIST",682427,9.517325,76.358514,Government,"APJ Abdul Kalam Technological University, Kerala",Approved,Approved,B++,Yes,,Tier 3,http://www.cherthala.ac.in,info@cherthala.ac.in,admissions@cherthala.ac.in,placement@cherthala.ac.in,+91-80-645-2350,Electronics & Communication Engineering (ECE),B.Tech,60,270,1997,Rural,Yes,No
1-44642638827,1-44642638827,U-0672,"COLLEGE OF ENGINEERING, CHERTHALA",Active,Kerala,Alappuzha,Alappuzha,"COLLEGE OF ENGINEERING, PALLIPPURAM, CHERTHALA, ALAPPUZHA DIST",682427,9.517325,76.358514,Government,"APJ Abdul Kalam Technological University, Kerala",Approved,Approved,B++,Yes,,Tier 3,http://www.cherthala.ac.in,info@cherthala.ac.in,admissions@cherthala.ac.in,placement@cherthala.ac.in,+91-80-645-2350,Electrical & Electronics Engineering (EEE),B.Tech,30,270,1997,Rural,Yes,No
1-44642638827,1-44642638827,U-0672,"COLLEGE OF ENGINEERING, CHERTHALA",Active,Kerala,Alappuzha,Alappuzha,"COLLEGE OF ENGINEERING, PALLIPPURAM, CHERTHALA, ALAPPUZHA DIST",682427,9.517325,76.358514,Government,"APJ Abdul Kalam Technological University, Kerala",Approved,Approved,B++,Yes,,Tier 3,http://www.cherthala.ac.in,info@cherthala.ac.in,admissions@cherthala.ac.in,placement@cherthala.ac.in,+91-80-645-2350,Data Science,B.Tech,60,270,1997,Rural,Yes,No
1-44642819595,1-44642819595,U-0672,MARIAN ENGINEERING COLLEGE,Active,Kerala,Thiruvananthapuram,Thiruvananthapuram,MENAMKULAM KAZHAKUTTOM,682973,8.533324,76.949026,Private-Self Financing,"APJ Abdul Kalam Technological University, Kerala",Approved,Approved,Not Accredited,No,,Tier 3,http://www.marian.ac.in,info@marian.ac.in,admissions@marian.ac.in,placement@marian.ac.in,+91-80-225-7487,Civil Engineering,B.Tech,60,558,2005,Urban,No,Yes
1-44642819595,1-44642819595,U-0672,MARIAN ENGINEERING COLLEGE,Active,Kerala,Thiruvananthapuram,Thiruvananthapuram,MENAMKULAM KAZHAKUTTOM,682973,8.533324,76.949026,Private-Self Financing,"APJ Abdul Kalam Technological University, Kerala",Approved,Approved,Not Accredited,No,,Tier 3,http://www.marian.ac.in,info@marian.ac.in,admissions@marian.ac.in,placement@marian.ac.in,+91-80-225-7487,Computer Science Engineering (CSE),B.Tech,240,558,2005,Urban,No,Yes
1-44642819595,1-44642819595,U-0672,MARIAN ENGINEERING COLLEGE,Active,Kerala,Thiruvananthapuram,Thiruvananthapuram,MENAMKULAM KAZHAKUTTOM,682973,8.533324,76.949026,Private-Self Financing,"APJ Abdul Kalam Technological University, Kerala",Approved,Approved,Not Accredited,No,,Tier 3,http://www.marian.ac.in,info@marian.ac.in,admissions@marian.ac.in,placement@marian.ac.in,+91-80-225-7487,Electronics & Communication Engineering (ECE),B.Tech,60,558,2005,Urban,No,Yes
1-44642819595,1-44642819595,U-0672,MARIAN ENGINEERING COLLEGE,Active,Kerala,Thiruvananthapuram,Thiruvananthapuram,MENAMKULAM KAZHAKUTTOM,682973,8.533324,76.949026,Private-Self Financing,"APJ Abdul Kalam Technological University, Kerala",Approved,Approved,Not Accredited,No,,Tier 3,http://www.marian.ac.in,info@marian.ac.in,admissions@marian.ac.in,placement@marian.ac.in,+91-80-225-7487,Mechanical Engineering,B.Tech,60,558,2005,Urban,No,Yes
1-44642819595,1-44642819595,U-0672,MARIAN ENGINEERING COLLEGE,Active,Kerala,Thiruvananthapuram,Thiruvananthapuram,MENAMKULAM KAZHAKUTTOM,682973,8.533324,76.949026,Private-Self Financing,"APJ Abdul Kalam Technological University, Kerala",Approved,Approved,Not Accredited,No,,Tier 3,http://www.marian.ac.in,info@marian.ac.in,admissions@marian.ac.in,placement@marian.ac.in,+91-80-225-7487,Electrical & Electronics Engineering (EEE),B.Tech,60,558,2005,Urban,No,Yes
1-44642819595,1-44642819595,U-0672,MARIAN ENGINEERING COLLEGE,Active,Kerala,Thiruvananthapuram,Thiruvananthapuram,MENAMKULAM KAZHAKUTTOM,682973,8.533324,76.949026,Private-Self Financing,"APJ Abdul Kalam Technological University, Kerala",Approved,Approved,Not Accredited,No,,Tier 3,http://www.marian.ac.in,info@marian.ac.in,admissions@marian.ac.in,placement@marian.ac.in,+91-80-225-7487,Other Engineering Branches,M.Tech,18,558,2005,Urban,No,Yes
1-44642819595,1-44642819595,U-0672,MARIAN ENGINEERING COLLEGE,Active,Kerala,Thiruvananthapuram,Thiruvananthapuram,MENAMKULAM KAZHAKUTTOM,682973,8.533324,76.949026,Private-Self Financing,"APJ Abdul Kalam Technological University, Kerala",Approved,Approved,Not Accredited,No,,Tier 3,http://www.marian.ac.in,info@marian.ac.in,admissions@marian.ac.in,placement@marian.ac.in,+91-80-225-7487,Artificial Intelligence & Machine Learning (AI & ML),B.Tech,60,558,2005,Urban,No,Yes
1-44643072365,1-44643072365,U-0672,"AL-AMEEN COLLEGE, KULAPPULLY, SHORANUR-2",Active,Kerala,Palakkad,Palakkad,"KULAPPULLY, SHORANUR-2 PIN: 679122 PALAKKAD DISTRICT KERALA",679122,10.795669,76.654872,Private-Self Financing,"APJ Abdul Kalam Technological University, Kerala",Approved,Approved,B+,No,,Tier 3,http://www.alameenkulappullyshoranur2.ac.in,info@alameenkulappullyshoranur2.ac.in,admissions@alameenkulappullyshoranur2.ac.in,placement@alameenkulappullyshoranur2.ac.in,+91-80-215-0401,Electrical & Electronics Engineering (EEE),M.Tech,18,366,2022,Rural,No,Yes
1-44643072365,1-44643072365,U-0672,"AL-AMEEN COLLEGE, KULAPPULLY, SHORANUR-2",Active,Kerala,Palakkad,Palakkad,"KULAPPULLY, SHORANUR-2 PIN: 679122 PALAKKAD DISTRICT KERALA",679122,10.795669,76.654872,Private-Self Financing,"APJ Abdul Kalam Technological University, Kerala",Approved,Approved,B+,No,,Tier 3,http://www.alameenkulappullyshoranur2.ac.in,info@alameenkulappullyshoranur2.ac.in,admissions@alameenkulappullyshoranur2.ac.in,placement@alameenkulappullyshoranur2.ac.in,+91-80-215-0401,Electronics & Communication Engineering (ECE),M.Tech,18,366,2022,Rural,No,Yes
1-44643072365,1-44643072365,U-0672,"AL-AMEEN COLLEGE, KULAPPULLY, SHORANUR-2",Active,Kerala,Palakkad,Palakkad,"KULAPPULLY, SHORANUR-2 PIN: 679122 PALAKKAD DISTRICT KERALA",679122,10.795669,76.654872,Private-Self Financing,"APJ Abdul Kalam Technological University, Kerala",Approved,Approved,B+,No,,Tier 3,http://www.alameenkulappullyshoranur2.ac.in,info@alameenkulappullyshoranur2.ac.in,admissions@alameenkulappullyshoranur2.ac.in,placement@alameenkulappullyshoranur2.ac.in,+91-80-215-0401,Civil Engineering,B.Tech,60,366,2022,Rural,No,Yes
1-44643072365,1-44643072365,U-0672,"AL-AMEEN COLLEGE, KULAPPULLY, SHORANUR-2",Active,Kerala,Palakkad,Palakkad,"KULAPPULLY, SHORANUR-2 PIN: 679122 PALAKKAD DISTRICT KERALA",679122,10.795669,76.654872,Private-Self Financing,"APJ Abdul Kalam Technological University, Kerala",Approved,Approved,B+,No,,Tier 3,http://www.alameenkulappullyshoranur2.ac.in,info@alameenkulappullyshoranur2.ac.in,admissions@alameenkulappullyshoranur2.ac.in,placement@alameenkulappullyshoranur2.ac.in,+91-80-215-0401,Mechanical Engineering,B.Tech,30,366,2022,Rural,No,Yes
1-44643072365,1-44643072365,U-0672,"AL-AMEEN COLLEGE, KULAPPULLY, SHORANUR-2",Active,Kerala,Palakkad,Palakkad,"KULAPPULLY, SHORANUR-2 PIN: 679122 PALAKKAD DISTRICT KERALA",679122,10.795669,76.654872,Private-Self Financing,"APJ Abdul Kalam Technological University, Kerala",Approved,Approved,B+,No,,Tier 3,http://www.alameenkulappullyshoranur2.ac.in,info@alameenkulappullyshoranur2.ac.in,admissions@alameenkulappullyshoranur2.ac.in,placement@alameenkulappullyshoranur2.ac.in,+91-80-215-0401,Electrical & Electronics Engineering (EEE),B.Tech,30,366,2022,Rural,No,Yes
1-44643072365,1-44643072365,U-0672,"AL-AMEEN COLLEGE, KULAPPULLY, SHORANUR-2",Active,Kerala,Palakkad,Palakkad,"KULAPPULLY, SHORANUR-2 PIN: 679122 PALAKKAD DISTRICT KERALA",679122,10.795669,76.654872,Private-Self Financing,"APJ Abdul Kalam Technological University, Kerala",Approved,Approved,B+,No,,Tier 3,http://www.alameenkulappullyshoranur2.ac.in,info@alameenkulappullyshoranur2.ac.in,admissions@alameenkulappullyshoranur2.ac.in,placement@alameenkulappullyshoranur2.ac.in,+91-80-215-0401,Electronics & Communication Engineering (ECE),B.Tech,30,366,2022,Rural,No,Yes
1-44643072365,1-44643072365,U-0672,"AL-AMEEN COLLEGE, KULAPPULLY, SHORANUR-2",Active,Kerala,Palakkad,Palakkad,"KULAPPULLY, SHORANUR-2 PIN: 679122 PALAKKAD DISTRICT KERALA",679122,10.795669,76.654872,Private-Self Financing,"APJ Abdul Kalam Technological University, Kerala",Approved,Approved,B+,No,,Tier 3,http://www.alameenkulappullyshoranur2.ac.in,info@alameenkulappullyshoranur2.ac.in,admissions@alameenkulappullyshoranur2.ac.in,placement@alameenkulappullyshoranur2.ac.in,+91-80-215-0401,Cyber Security,B.Tech,60,366,2022,Rural,No,Yes
1-44643072365,1-44643072365,U-0672,"AL-AMEEN COLLEGE, KULAPPULLY, SHORANUR-2",Active,Kerala,Palakkad,Palakkad,"KULAPPULLY, SHORANUR-2 PIN: 679122 PALAKKAD DISTRICT KERALA",679122,10.795669,76.654872,Private-Self Financing,"APJ Abdul Kalam Technological University, Kerala",Approved,Approved,B+,No,,Tier 3,http://www.alameenkulappullyshoranur2.ac.in,info@alameenkulappullyshoranur2.ac.in,admissions@alameenkulappullyshoranur2.ac.in,placement@alameenkulappullyshoranur2.ac.in,+91-80-215-0401,Data Science,B.Tech,60,366,2022,Rural,No,Yes
1-44643072365,1-44643072365,U-0672,"AL-AMEEN COLLEGE, KULAPPULLY, SHORANUR-2",Active,Kerala,Palakkad,Palakkad,"KULAPPULLY, SHORANUR-2 PIN: 679122 PALAKKAD DISTRICT KERALA",679122,10.795669,76.654872,Private-Self Financing,"APJ Abdul Kalam Technological University, Kerala",Approved,Approved,B+,No,,Tier 3,http://www.alameenkulappullyshoranur2.ac.in,info@alameenkulappullyshoranur2.ac.in,admissions@alameenkulappullyshoranur2.ac.in,placement@alameenkulappullyshoranur2.ac.in,+91-80-215-0401,Computer Science Engineering (CSE),B.Tech,60,366,2022,Rural,No,Yes
1-44642900761,1-44642900761,U-0672,COLLEGE OF ENGINEERING AND MANAGEMENT  PUNNAPRA,Active,Kerala,Alappuzha,Alappuzha,"COLLEGE OF ENGINEERING AND MANAGEMENT,PUNNAPRA VADACKAL P.O ALAPPUZHA DISTRICT PIN-688003 KERALA",688003,9.496975,76.356598,Government,"APJ Abdul Kalam Technological University, Kerala",Approved,Approved,A,No,,Tier 2,http://www.managementpunnapra.ac.in,info@managementpunnapra.ac.in,admissions@managementpunnapra.ac.in,placement@managementpunnapra.ac.in,+91-80-791-7041,Computer Science Engineering (CSE),M.Tech,18,468,2020,Urban,Yes,Yes
1-44642900761,1-44642900761,U-0672,COLLEGE OF ENGINEERING AND MANAGEMENT  PUNNAPRA,Active,Kerala,Alappuzha,Alappuzha,"COLLEGE OF ENGINEERING AND MANAGEMENT,PUNNAPRA VADACKAL P.O ALAPPUZHA DISTRICT PIN-688003 KERALA",688003,9.496975,76.356598,Government,"APJ Abdul Kalam Technological University, Kerala",Approved,Approved,A,No,,Tier 2,http://www.managementpunnapra.ac.in,info@managementpunnapra.ac.in,admissions@managementpunnapra.ac.in,placement@managementpunnapra.ac.in,+91-80-791-7041,Computer Science Engineering (CSE),B.Tech,240,468,2020,Urban,Yes,Yes
1-44642900761,1-44642900761,U-0672,COLLEGE OF ENGINEERING AND MANAGEMENT  PUNNAPRA,Active,Kerala,Alappuzha,Alappuzha,"COLLEGE OF ENGINEERING AND MANAGEMENT,PUNNAPRA VADACKAL P.O ALAPPUZHA DISTRICT PIN-688003 KERALA",688003,9.496975,76.356598,Government,"APJ Abdul Kalam Technological University, Kerala",Approved,Approved,A,No,,Tier 2,http://www.managementpunnapra.ac.in,info@managementpunnapra.ac.in,admissions@managementpunnapra.ac.in,placement@managementpunnapra.ac.in,+91-80-791-7041,Electrical & Electronics Engineering (EEE),B.Tech,30,468,2020,Urban,Yes,Yes
1-44642900761,1-44642900761,U-0672,COLLEGE OF ENGINEERING AND MANAGEMENT  PUNNAPRA,Active,Kerala,Alappuzha,Alappuzha,"COLLEGE OF ENGINEERING AND MANAGEMENT,PUNNAPRA VADACKAL P.O ALAPPUZHA DISTRICT PIN-688003 KERALA",688003,9.496975,76.356598,Government,"APJ Abdul Kalam Technological University, Kerala",Approved,Approved,A,No,,Tier 2,http://www.managementpunnapra.ac.in,info@managementpunnapra.ac.in,admissions@managementpunnapra.ac.in,placement@managementpunnapra.ac.in,+91-80-791-7041,Civil Engineering,B.Tech,60,468,2020,Urban,Yes,Yes
1-44642900761,1-44642900761,U-0672,COLLEGE OF ENGINEERING AND MANAGEMENT  PUNNAPRA,Active,Kerala,Alappuzha,Alappuzha,"COLLEGE OF ENGINEERING AND MANAGEMENT,PUNNAPRA VADACKAL P.O ALAPPUZHA DISTRICT PIN-688003 KERALA",688003,9.496975,76.356598,Government,"APJ Abdul Kalam Technological University, Kerala",Approved,Approved,A,No,,Tier 2,http://www.managementpunnapra.ac.in,info@managementpunnapra.ac.in,admissions@managementpunnapra.ac.in,placement@managementpunnapra.ac.in,+91-80-791-7041,Mechanical Engineering,B.Tech,60,468,2020,Urban,Yes,Yes
1-44642900761,1-44642900761,U-0672,COLLEGE OF ENGINEERING AND MANAGEMENT  PUNNAPRA,Active,Kerala,Alappuzha,Alappuzha,"COLLEGE OF ENGINEERING AND MANAGEMENT,PUNNAPRA VADACKAL P.O ALAPPUZHA DISTRICT PIN-688003 KERALA",688003,9.496975,76.356598,Government,"APJ Abdul Kalam Technological University, Kerala",Approved,Approved,A,No,,Tier 2,http://www.managementpunnapra.ac.in,info@managementpunnapra.ac.in,admissions@managementpunnapra.ac.in,placement@managementpunnapra.ac.in,+91-80-791-7041,Electronics & Communication Engineering (ECE),B.Tech,60,468,2020,Urban,Yes,Yes
1-44642737286,1-44642737286,U-0672,LBS INSTITUTE OF TECHNOLOGY FOR WOMEN,Active,Kerala,Thiruvananthapuram,Thiruvananthapuram,"POOJAPPURA. P. O,  THIRUVANANTHAPURAM, KERALA - 695012",695012,8.505548,76.938768,Government,"APJ Abdul Kalam Technological University, Kerala",Approved,Approved,A,No,,Tier 2,http://www.lbswomen.ac.in,info@lbswomen.ac.in,admissions@lbswomen.ac.in,placement@lbswomen.ac.in,+91-80-060-7373,Computer Science Engineering (CSE),B.Tech,240,642,1999,Urban,No,Yes
1-44642737286,1-44642737286,U-0672,LBS INSTITUTE OF TECHNOLOGY FOR WOMEN,Active,Kerala,Thiruvananthapuram,Thiruvananthapuram,"POOJAPPURA. P. O,  THIRUVANANTHAPURAM, KERALA - 695012",695012,8.505548,76.938768,Government,"APJ Abdul Kalam Technological University, Kerala",Approved,Approved,A,No,,Tier 2,http://www.lbswomen.ac.in,info@lbswomen.ac.in,admissions@lbswomen.ac.in,placement@lbswomen.ac.in,+91-80-060-7373,Electronics & Communication Engineering (ECE),B.Tech,60,642,1999,Urban,No,Yes
1-44642737286,1-44642737286,U-0672,LBS INSTITUTE OF TECHNOLOGY FOR WOMEN,Active,Kerala,Thiruvananthapuram,Thiruvananthapuram,"POOJAPPURA. P. O,  THIRUVANANTHAPURAM, KERALA - 695012",695012,8.505548,76.938768,Government,"APJ Abdul Kalam Technological University, Kerala",Approved,Approved,A,No,,Tier 2,http://www.lbswomen.ac.in,info@lbswomen.ac.in,admissions@lbswomen.ac.in,placement@lbswomen.ac.in,+91-80-060-7373,Information Technology (IT),B.Tech,60,642,1999,Urban,No,Yes
1-44642737286,1-44642737286,U-0672,LBS INSTITUTE OF TECHNOLOGY FOR WOMEN,Active,Kerala,Thiruvananthapuram,Thiruvananthapuram,"POOJAPPURA. P. O,  THIRUVANANTHAPURAM, KERALA - 695012",695012,8.505548,76.938768,Government,"APJ Abdul Kalam Technological University, Kerala",Approved,Approved,A,No,,Tier 2,http://www.lbswomen.ac.in,info@lbswomen.ac.in,admissions@lbswomen.ac.in,placement@lbswomen.ac.in,+91-80-060-7373,Civil Engineering,B.Tech,60,642,1999,Urban,No,Yes
1-44642737286,1-44642737286,U-0672,LBS INSTITUTE OF TECHNOLOGY FOR WOMEN,Active,Kerala,Thiruvananthapuram,Thiruvananthapuram,"POOJAPPURA. P. O,  THIRUVANANTHAPURAM, KERALA - 695012",695012,8.505548,76.938768,Government,"APJ Abdul Kalam Technological University, Kerala",Approved,Approved,A,No,,Tier 2,http://www.lbswomen.ac.in,info@lbswomen.ac.in,admissions@lbswomen.ac.in,placement@lbswomen.ac.in,+91-80-060-7373,Computer Science Engineering (CSE),M.Tech,24,642,1999,Urban,No,Yes
1-44642737286,1-44642737286,U-0672,LBS INSTITUTE OF TECHNOLOGY FOR WOMEN,Active,Kerala,Thiruvananthapuram,Thiruvananthapuram,"POOJAPPURA. P. O,  THIRUVANANTHAPURAM, KERALA - 695012",695012,8.505548,76.938768,Government,"APJ Abdul Kalam Technological University, Kerala",Approved,Approved,A,No,,Tier 2,http://www.lbswomen.ac.in,info@lbswomen.ac.in,admissions@lbswomen.ac.in,placement@lbswomen.ac.in,+91-80-060-7373,Civil Engineering,Diploma,60,642,1999,Urban,No,Yes
1-44642737286,1-44642737286,U-0672,LBS INSTITUTE OF TECHNOLOGY FOR WOMEN,Active,Kerala,Thiruvananthapuram,Thiruvananthapuram,"POOJAPPURA. P. O,  THIRUVANANTHAPURAM, KERALA - 695012",695012,8.505548,76.938768,Government,"APJ Abdul Kalam Technological University, Kerala",Approved,Approved,A,No,,Tier 2,http://www.lbswomen.ac.in,info@lbswomen.ac.in,admissions@lbswomen.ac.in,placement@lbswomen.ac.in,+91-80-060-7373,Computer Science Engineering (CSE),Diploma,60,642,1999,Urban,No,Yes
1-44642737286,1-44642737286,U-0672,LBS INSTITUTE OF TECHNOLOGY FOR WOMEN,Active,Kerala,Thiruvananthapuram,Thiruvananthapuram,"POOJAPPURA. P. O,  THIRUVANANTHAPURAM, KERALA - 695012",695012,8.505548,76.938768,Government,"APJ Abdul Kalam Technological University, Kerala",Approved,Approved,A,No,,Tier 2,http://www.lbswomen.ac.in,info@lbswomen.ac.in,admissions@lbswomen.ac.in,placement@lbswomen.ac.in,+91-80-060-7373,Electronics & Communication Engineering (ECE),Diploma,60,642,1999,Urban,No,Yes
1-44642737286,1-44642737286,U-0672,LBS INSTITUTE OF TECHNOLOGY FOR WOMEN,Active,Kerala,Thiruvananthapuram,Thiruvananthapuram,"POOJAPPURA. P. O,  THIRUVANANTHAPURAM, KERALA - 695012",695012,8.505548,76.938768,Government,"APJ Abdul Kalam Technological University, Kerala",Approved,Approved,A,No,,Tier 2,http://www.lbswomen.ac.in,info@lbswomen.ac.in,admissions@lbswomen.ac.in,placement@lbswomen.ac.in,+91-80-060-7373,Robotics,M.Tech,18,642,1999,Urban,No,Yes
1-44642484414,1-44642484414,U-0672,COLLEGE OF 0ENGINEERING KIDANGOOR,Active,Kerala,Kottayam,Kottayam,"COLLEGE OF ENGINEERING KIDANGOOR  KIDANGOOR SOUTH P.O.,  KOTTAYAM  PIN: 686583",686583,9.607327,76.529049,Government,"APJ Abdul Kalam Technological University, Kerala",Approved,Approved,B,No,,Tier 3,http://www.0engineeringkidangoor.ac.in,info@0engineeringkidangoor.ac.in,admissions@0engineeringkidangoor.ac.in,placement@0engineeringkidangoor.ac.in,+91-80-498-5131,Other Engineering Branches,M.Tech,12,372,1983,Urban,Yes,Yes
1-44642484414,1-44642484414,U-0672,COLLEGE OF 0ENGINEERING KIDANGOOR,Active,Kerala,Kottayam,Kottayam,"COLLEGE OF ENGINEERING KIDANGOOR  KIDANGOOR SOUTH P.O.,  KOTTAYAM  PIN: 686583",686583,9.607327,76.529049,Government,"APJ Abdul Kalam Technological University, Kerala",Approved,Approved,B,No,,Tier 3,http://www.0engineeringkidangoor.ac.in,info@0engineeringkidangoor.ac.in,admissions@0engineeringkidangoor.ac.in,placement@0engineeringkidangoor.ac.in,+91-80-498-5131,Computer Science Engineering (CSE),B.Tech,150,372,1983,Urban,Yes,Yes
1-44642484414,1-44642484414,U-0672,COLLEGE OF 0ENGINEERING KIDANGOOR,Active,Kerala,Kottayam,Kottayam,"COLLEGE OF ENGINEERING KIDANGOOR  KIDANGOOR SOUTH P.O.,  KOTTAYAM  PIN: 686583",686583,9.607327,76.529049,Government,"APJ Abdul Kalam Technological University, Kerala",Approved,Approved,B,No,,Tier 3,http://www.0engineeringkidangoor.ac.in,info@0engineeringkidangoor.ac.in,admissions@0engineeringkidangoor.ac.in,placement@0engineeringkidangoor.ac.in,+91-80-498-5131,Electronics & Communication Engineering (ECE),B.Tech,120,372,1983,Urban,Yes,Yes
1-44642484414,1-44642484414,U-0672,COLLEGE OF 0ENGINEERING KIDANGOOR,Active,Kerala,Kottayam,Kottayam,"COLLEGE OF ENGINEERING KIDANGOOR  KIDANGOOR SOUTH P.O.,  KOTTAYAM  PIN: 686583",686583,9.607327,76.529049,Government,"APJ Abdul Kalam Technological University, Kerala",Approved,Approved,B,No,,Tier 3,http://www.0engineeringkidangoor.ac.in,info@0engineeringkidangoor.ac.in,admissions@0engineeringkidangoor.ac.in,placement@0engineeringkidangoor.ac.in,+91-80-498-5131,Electrical & Electronics Engineering (EEE),B.Tech,30,372,1983,Urban,Yes,Yes
1-44642484414,1-44642484414,U-0672,COLLEGE OF 0ENGINEERING KIDANGOOR,Active,Kerala,Kottayam,Kottayam,"COLLEGE OF ENGINEERING KIDANGOOR  KIDANGOOR SOUTH P.O.,  KOTTAYAM  PIN: 686583",686583,9.607327,76.529049,Government,"APJ Abdul Kalam Technological University, Kerala",Approved,Approved,B,No,,Tier 3,http://www.0engineeringkidangoor.ac.in,info@0engineeringkidangoor.ac.in,admissions@0engineeringkidangoor.ac.in,placement@0engineeringkidangoor.ac.in,+91-80-498-5131,Civil Engineering,B.Tech,60,372,1983,Urban,Yes,Yes
1-44642740280,1-44642740280,U-0672,COLLEGE OF ENGINEERING  KALLOOPPARA,Active,Kerala,Pathanamthitta,Pathanamthitta,"KADAMANKULAM P.O., KALLOOPPARA, THIRUVALLA, PATHANAMTHITTA KERALA 689603",689603,10.84453,76.254617,Government,"APJ Abdul Kalam Technological University, Kerala",Approved,Approved,B++,Yes,,Tier 3,http://www.kallooppara.ac.in,info@kallooppara.ac.in,admissions@kallooppara.ac.in,placement@kallooppara.ac.in,+91-80-588-4438,Computer Science Engineering (CSE),B.Tech,120,318,1997,Urban,Yes,Yes
1-44642740280,1-44642740280,U-0672,COLLEGE OF ENGINEERING  KALLOOPPARA,Active,Kerala,Pathanamthitta,Pathanamthitta,"KADAMANKULAM P.O., KALLOOPPARA, THIRUVALLA, PATHANAMTHITTA KERALA 689603",689603,10.84453,76.254617,Government,"APJ Abdul Kalam Technological University, Kerala",Approved,Approved,B++,Yes,,Tier 3,http://www.kallooppara.ac.in,info@kallooppara.ac.in,admissions@kallooppara.ac.in,placement@kallooppara.ac.in,+91-80-588-4438,Electronics & Communication Engineering (ECE),B.Tech,60,318,1997,Urban,Yes,Yes
1-44642740280,1-44642740280,U-0672,COLLEGE OF ENGINEERING  KALLOOPPARA,Active,Kerala,Pathanamthitta,Pathanamthitta,"KADAMANKULAM P.O., KALLOOPPARA, THIRUVALLA, PATHANAMTHITTA KERALA 689603",689603,10.84453,76.254617,Government,"APJ Abdul Kalam Technological University, Kerala",Approved,Approved,B++,Yes,,Tier 3,http://www.kallooppara.ac.in,info@kallooppara.ac.in,admissions@kallooppara.ac.in,placement@kallooppara.ac.in,+91-80-588-4438,Electrical & Electronics Engineering (EEE),B.Tech,60,318,1997,Urban,Yes,Yes
1-44642740280,1-44642740280,U-0672,COLLEGE OF ENGINEERING  KALLOOPPARA,Active,Kerala,Pathanamthitta,Pathanamthitta,"KADAMANKULAM P.O., KALLOOPPARA, THIRUVALLA, PATHANAMTHITTA KERALA 689603",689603,10.84453,76.254617,Government,"APJ Abdul Kalam Technological University, Kerala",Approved,Approved,B++,Yes,,Tier 3,http://www.kallooppara.ac.in,info@kallooppara.ac.in,admissions@kallooppara.ac.in,placement@kallooppara.ac.in,+91-80-588-4438,Information Technology (IT),M.Tech,18,318,1997,Urban,Yes,Yes
1-44642740280,1-44642740280,U-0672,COLLEGE OF ENGINEERING  KALLOOPPARA,Active,Kerala,Pathanamthitta,Pathanamthitta,"KADAMANKULAM P.O., KALLOOPPARA, THIRUVALLA, PATHANAMTHITTA KERALA 689603",689603,10.84453,76.254617,Government,"APJ Abdul Kalam Technological University, Kerala",Approved,Approved,B++,Yes,,Tier 3,http://www.kallooppara.ac.in,info@kallooppara.ac.in,admissions@kallooppara.ac.in,placement@kallooppara.ac.in,+91-80-588-4438,Cyber Security,B.Tech,60,318,1997,Urban,Yes,Yes
1-44642828407,1-44642828407,U-0672,KVM COLLEGE OF ENGINEERING & IT,Active,Kerala,Alappuzha,Alappuzha,"KOKKOTHAMANGALAM P.O, CHERTHALA, ALAPPUZHA, KERALA",682427,9.513962,76.334453,Private-Self Financing,"APJ Abdul Kalam Technological University, Kerala",Approved,Approved,B++,Yes,,Tier 3,http://www.kvmit.ac.in,info@kvmit.ac.in,admissions@kvmit.ac.in,placement@kvmit.ac.in,+91-80-504-1636,Mechanical Engineering,B.Tech,30,271,1997,Urban,Yes,Yes
1-44642828407,1-44642828407,U-0672,KVM COLLEGE OF ENGINEERING & IT,Active,Kerala,Alappuzha,Alappuzha,"KOKKOTHAMANGALAM P.O, CHERTHALA, ALAPPUZHA, KERALA",682427,9.513962,76.334453,Private-Self Financing,"APJ Abdul Kalam Technological University, Kerala",Approved,Approved,B++,Yes,,Tier 3,http://www.kvmit.ac.in,info@kvmit.ac.in,admissions@kvmit.ac.in,placement@kvmit.ac.in,+91-80-504-1636,Civil Engineering,B.Tech,30,271,1997,Urban,Yes,Yes
1-44642828407,1-44642828407,U-0672,KVM COLLEGE OF ENGINEERING & IT,Active,Kerala,Alappuzha,Alappuzha,"KOKKOTHAMANGALAM P.O, CHERTHALA, ALAPPUZHA, KERALA",682427,9.513962,76.334453,Private-Self Financing,"APJ Abdul Kalam Technological University, Kerala",Approved,Approved,B++,Yes,,Tier 3,http://www.kvmit.ac.in,info@kvmit.ac.in,admissions@kvmit.ac.in,placement@kvmit.ac.in,+91-80-504-1636,Computer Science Engineering (CSE),B.Tech,61,271,1997,Urban,Yes,Yes
1-44642828407,1-44642828407,U-0672,KVM COLLEGE OF ENGINEERING & IT,Active,Kerala,Alappuzha,Alappuzha,"KOKKOTHAMANGALAM P.O, CHERTHALA, ALAPPUZHA, KERALA",682427,9.513962,76.334453,Private-Self Financing,"APJ Abdul Kalam Technological University, Kerala",Approved,Approved,B++,Yes,,Tier 3,http://www.kvmit.ac.in,info@kvmit.ac.in,admissions@kvmit.ac.in,placement@kvmit.ac.in,+91-80-504-1636,Cyber Security,B.Tech,30,271,1997,Urban,Yes,Yes
1-44642828407,1-44642828407,U-0672,KVM COLLEGE OF ENGINEERING & IT,Active,Kerala,Alappuzha,Alappuzha,"KOKKOTHAMANGALAM P.O, CHERTHALA, ALAPPUZHA, KERALA",682427,9.513962,76.334453,Private-Self Financing,"APJ Abdul Kalam Technological University, Kerala",Approved,Approved,B++,Yes,,Tier 3,http://www.kvmit.ac.in,info@kvmit.ac.in,admissions@kvmit.ac.in,placement@kvmit.ac.in,+91-80-504-1636,Artificial Intelligence & Machine Learning (AI & ML),B.Tech,30,271,1997,Urban,Yes,Yes
1-44642828407,1-44642828407,U-0672,KVM COLLEGE OF ENGINEERING & IT,Active,Kerala,Alappuzha,Alappuzha,"KOKKOTHAMANGALAM P.O, CHERTHALA, ALAPPUZHA, KERALA",682427,9.513962,76.334453,Private-Self Financing,"APJ Abdul Kalam Technological University, Kerala",Approved,Approved,B++,Yes,,Tier 3,http://www.kvmit.ac.in,info@kvmit.ac.in,admissions@kvmit.ac.in,placement@kvmit.ac.in,+91-80-504-1636,Computer Science Engineering (CSE),Diploma,30,271,1997,Urban,Yes,Yes
1-44642828407,1-44642828407,U-0672,KVM COLLEGE OF ENGINEERING & IT,Active,Kerala,Alappuzha,Alappuzha,"KOKKOTHAMANGALAM P.O, CHERTHALA, ALAPPUZHA, KERALA",682427,9.513962,76.334453,Private-Self Financing,"APJ Abdul Kalam Technological University, Kerala",Approved,Approved,B++,Yes,,Tier 3,http://www.kvmit.ac.in,info@kvmit.ac.in,admissions@kvmit.ac.in,placement@kvmit.ac.in,+91-80-504-1636,Mechanical Engineering,Diploma,30,271,1997,Urban,Yes,Yes
1-44642828407,1-44642828407,U-0672,KVM COLLEGE OF ENGINEERING & IT,Active,Kerala,Alappuzha,Alappuzha,"KOKKOTHAMANGALAM P.O, CHERTHALA, ALAPPUZHA, KERALA",682427,9.513962,76.334453,Private-Self Financing,"APJ Abdul Kalam Technological University, Kerala",Approved,Approved,B++,Yes,,Tier 3,http://www.kvmit.ac.in,info@kvmit.ac.in,admissions@kvmit.ac.in,placement@kvmit.ac.in,+91-80-504-1636,Civil Engineering,Diploma,30,271,1997,Urban,Yes,Yes
1-44642740924,1-44642740924,U-0387,"NATIONAL INSTITUTE OF ELECTRONICS & INFORMATION TECHNOLOGY (NIELIT), CALICUT",Active,Kerala,Kozhikode,Kozhikode,"NIT CAMPUS. P.O, CALICUT - 673601",673601,11.252883,75.79748,Government,NIELIT Deemed to be University,Approved,Approved,A,No,,Tier 2,http://www.nationalelectronicsinformation.ac.in,info@nationalelectronicsinformation.ac.in,admissions@nationalelectronicsinformation.ac.in,placement@nationalelectronicsinformation.ac.in,+91-80-590-7181,Other Engineering Branches,M.Tech,36,54,2003,Urban,Yes,No
1-44642740924,1-44642740924,U-0387,"NATIONAL INSTITUTE OF ELECTRONICS & INFORMATION TECHNOLOGY (NIELIT), CALICUT",Active,Kerala,Kozhikode,Kozhikode,"NIT CAMPUS. P.O, CALICUT - 673601",673601,11.252883,75.79748,Government,NIELIT Deemed to be University,Approved,Approved,A,No,,Tier 2,http://www.nationalelectronicsinformation.ac.in,info@nationalelectronicsinformation.ac.in,admissions@nationalelectronicsinformation.ac.in,placement@nationalelectronicsinformation.ac.in,+91-80-590-7181,Automobile Engineering,M.Tech,18,54,2003,Urban,Yes,No
1-44642987621,1-44642987621,U-0672,COLLEGE OF ENGINEERING CHENGANNUR,Active,Kerala,Alappuzha,Alappuzha,"CHENGANNUR, ALAPPUZHA DIST., KERALA - 689 121",682427,9.517136,76.327143,Government,"APJ Abdul Kalam Technological University, Kerala",Approved,Approved,A,No,,Tier 2,http://www.chengannur.ac.in,info@chengannur.ac.in,admissions@chengannur.ac.in,placement@chengannur.ac.in,+91-80-637-2789,Electronics & Communication Engineering (ECE),B.Tech,120,420,2021,Rural,Yes,Yes
1-44642987621,1-44642987621,U-0672,COLLEGE OF ENGINEERING CHENGANNUR,Active,Kerala,Alappuzha,Alappuzha,"CHENGANNUR, ALAPPUZHA DIST., KERALA - 689 121",682427,9.517136,76.327143,Government,"APJ Abdul Kalam Technological University, Kerala",Approved,Approved,A,No,,Tier 2,http://www.chengannur.ac.in,info@chengannur.ac.in,admissions@chengannur.ac.in,placement@chengannur.ac.in,+91-80-637-2789,Computer Science Engineering (CSE),B.Tech,180,420,2021,Rural,Yes,Yes
1-44642987621,1-44642987621,U-0672,COLLEGE OF ENGINEERING CHENGANNUR,Active,Kerala,Alappuzha,Alappuzha,"CHENGANNUR, ALAPPUZHA DIST., KERALA - 689 121",682427,9.517136,76.327143,Government,"APJ Abdul Kalam Technological University, Kerala",Approved,Approved,A,No,,Tier 2,http://www.chengannur.ac.in,info@chengannur.ac.in,admissions@chengannur.ac.in,placement@chengannur.ac.in,+91-80-637-2789,Electrical & Electronics Engineering (EEE),B.Tech,60,420,2021,Rural,Yes,Yes
1-44642987621,1-44642987621,U-0672,COLLEGE OF ENGINEERING CHENGANNUR,Active,Kerala,Alappuzha,Alappuzha,"CHENGANNUR, ALAPPUZHA DIST., KERALA - 689 121",682427,9.517136,76.327143,Government,"APJ Abdul Kalam Technological University, Kerala",Approved,Approved,A,No,,Tier 2,http://www.chengannur.ac.in,info@chengannur.ac.in,admissions@chengannur.ac.in,placement@chengannur.ac.in,+91-80-637-2789,Artificial Intelligence & Machine Learning (AI & ML),B.Tech,60,420,2021,Rural,Yes,Yes
1-44642783840,1-44642783840,U-0672,MODEL ENGINEERING COLLEGE,Active,Kerala,Ernakulam,Ernakulam,"THRIKKAKARA, ERNAKULAM, KERALA",682234,10.000677,76.285116,Government,"APJ Abdul Kalam Technological University, Kerala",Approved,Approved,A,No,,Tier 2,http://www.model.ac.in,info@model.ac.in,admissions@model.ac.in,placement@model.ac.in,+91-80-638-9921,Computer Science Engineering (CSE),B.Tech,240,660,1982,Urban,No,Yes
1-44642783840,1-44642783840,U-0672,MODEL ENGINEERING COLLEGE,Active,Kerala,Ernakulam,Ernakulam,"THRIKKAKARA, ERNAKULAM, KERALA",682234,10.000677,76.285116,Government,"APJ Abdul Kalam Technological University, Kerala",Approved,Approved,A,No,,Tier 2,http://www.model.ac.in,info@model.ac.in,admissions@model.ac.in,placement@model.ac.in,+91-80-638-9921,Other Engineering Branches,B.Tech,120,660,1982,Urban,No,Yes
1-44642783840,1-44642783840,U-0672,MODEL ENGINEERING COLLEGE,Active,Kerala,Ernakulam,Ernakulam,"THRIKKAKARA, ERNAKULAM, KERALA",682234,10.000677,76.285116,Government,"APJ Abdul Kalam Technological University, Kerala",Approved,Approved,A,No,,Tier 2,http://www.model.ac.in,info@model.ac.in,admissions@model.ac.in,placement@model.ac.in,+91-80-638-9921,Electrical & Electronics Engineering (EEE),B.Tech,60,660,1982,Urban,No,Yes
1-44642783840,1-44642783840,U-0672,MODEL ENGINEERING COLLEGE,Active,Kerala,Ernakulam,Ernakulam,"THRIKKAKARA, ERNAKULAM, KERALA",682234,10.000677,76.285116,Government,"APJ Abdul Kalam Technological University, Kerala",Approved,Approved,A,No,,Tier 2,http://www.model.ac.in,info@model.ac.in,admissions@model.ac.in,placement@model.ac.in,+91-80-638-9921,Electronics & Communication Engineering (ECE),B.Tech,120,660,1982,Urban,No,Yes
1-44642783840,1-44642783840,U-0672,MODEL ENGINEERING COLLEGE,Active,Kerala,Ernakulam,Ernakulam,"THRIKKAKARA, ERNAKULAM, KERALA",682234,10.000677,76.285116,Government,"APJ Abdul Kalam Technological University, Kerala",Approved,Approved,A,No,,Tier 2,http://www.model.ac.in,info@model.ac.in,admissions@model.ac.in,placement@model.ac.in,+91-80-638-9921,Other Engineering Branches,M.Tech,42,660,1982,Urban,No,Yes
1-44642783840,1-44642783840,U-0672,MODEL ENGINEERING COLLEGE,Active,Kerala,Ernakulam,Ernakulam,"THRIKKAKARA, ERNAKULAM, KERALA",682234,10.000677,76.285116,Government,"APJ Abdul Kalam Technological University, Kerala",Approved,Approved,A,No,,Tier 2,http://www.model.ac.in,info@model.ac.in,admissions@model.ac.in,placement@model.ac.in,+91-80-638-9921,Mechanical Engineering,B.Tech,60,660,1982,Urban,No,Yes
1-44642783840,1-44642783840,U-0672,MODEL ENGINEERING COLLEGE,Active,Kerala,Ernakulam,Ernakulam,"THRIKKAKARA, ERNAKULAM, KERALA",682234,10.000677,76.285116,Government,"APJ Abdul Kalam Technological University, Kerala",Approved,Approved,A,No,,Tier 2,http://www.model.ac.in,info@model.ac.in,admissions@model.ac.in,placement@model.ac.in,+91-80-638-9921,Data Science,M.Tech,18,660,1982,Urban,No,Yes
1-44642746607,1-44642746607,U-0672,SREE CHITRA THIRUNAL COLLEGE OF ENGINEERING,Active,Kerala,Thiruvananthapuram,Thiruvananthapuram,PAPPANAMCODE THIRUVANANTHAPURAM,682973,8.524391,76.941827,Government,"APJ Abdul Kalam Technological University, Kerala",Approved,Approved,A,No,,Tier 2,http://www.sreechitrathirunal.ac.in,info@sreechitrathirunal.ac.in,admissions@sreechitrathirunal.ac.in,placement@sreechitrathirunal.ac.in,+91-80-851-0881,Other Engineering Branches,M.Tech,18,606,1993,Rural,Yes,Yes
1-44642746607,1-44642746607,U-0672,SREE CHITRA THIRUNAL COLLEGE OF ENGINEERING,Active,Kerala,Thiruvananthapuram,Thiruvananthapuram,PAPPANAMCODE THIRUVANANTHAPURAM,682973,8.524391,76.941827,Government,"APJ Abdul Kalam Technological University, Kerala",Approved,Approved,A,No,,Tier 2,http://www.sreechitrathirunal.ac.in,info@sreechitrathirunal.ac.in,admissions@sreechitrathirunal.ac.in,placement@sreechitrathirunal.ac.in,+91-80-851-0881,Chemical Engineering,B.Tech,60,606,1993,Rural,Yes,Yes
1-44642746607,1-44642746607,U-0672,SREE CHITRA THIRUNAL COLLEGE OF ENGINEERING,Active,Kerala,Thiruvananthapuram,Thiruvananthapuram,PAPPANAMCODE THIRUVANANTHAPURAM,682973,8.524391,76.941827,Government,"APJ Abdul Kalam Technological University, Kerala",Approved,Approved,A,No,,Tier 2,http://www.sreechitrathirunal.ac.in,info@sreechitrathirunal.ac.in,admissions@sreechitrathirunal.ac.in,placement@sreechitrathirunal.ac.in,+91-80-851-0881,Computer Science Engineering (CSE),B.Tech,120,606,1993,Rural,Yes,Yes
1-44642746607,1-44642746607,U-0672,SREE CHITRA THIRUNAL COLLEGE OF ENGINEERING,Active,Kerala,Thiruvananthapuram,Thiruvananthapuram,PAPPANAMCODE THIRUVANANTHAPURAM,682973,8.524391,76.941827,Government,"APJ Abdul Kalam Technological University, Kerala",Approved,Approved,A,No,,Tier 2,http://www.sreechitrathirunal.ac.in,info@sreechitrathirunal.ac.in,admissions@sreechitrathirunal.ac.in,placement@sreechitrathirunal.ac.in,+91-80-851-0881,Computer Science Engineering (CSE),M.Tech,18,606,1993,Rural,Yes,Yes
1-44642746607,1-44642746607,U-0672,SREE CHITRA THIRUNAL COLLEGE OF ENGINEERING,Active,Kerala,Thiruvananthapuram,Thiruvananthapuram,PAPPANAMCODE THIRUVANANTHAPURAM,682973,8.524391,76.941827,Government,"APJ Abdul Kalam Technological University, Kerala",Approved,Approved,A,No,,Tier 2,http://www.sreechitrathirunal.ac.in,info@sreechitrathirunal.ac.in,admissions@sreechitrathirunal.ac.in,placement@sreechitrathirunal.ac.in,+91-80-851-0881,Electronics & Communication Engineering (ECE),B.Tech,120,606,1993,Rural,Yes,Yes
1-44642746607,1-44642746607,U-0672,SREE CHITRA THIRUNAL COLLEGE OF ENGINEERING,Active,Kerala,Thiruvananthapuram,Thiruvananthapuram,PAPPANAMCODE THIRUVANANTHAPURAM,682973,8.524391,76.941827,Government,"APJ Abdul Kalam Technological University, Kerala",Approved,Approved,A,No,,Tier 2,http://www.sreechitrathirunal.ac.in,info@sreechitrathirunal.ac.in,admissions@sreechitrathirunal.ac.in,placement@sreechitrathirunal.ac.in,+91-80-851-0881,Automobile Engineering,B.Tech,60,606,1993,Rural,Yes,Yes
1-44642746607,1-44642746607,U-0672,SREE CHITRA THIRUNAL COLLEGE OF ENGINEERING,Active,Kerala,Thiruvananthapuram,Thiruvananthapuram,PAPPANAMCODE THIRUVANANTHAPURAM,682973,8.524391,76.941827,Government,"APJ Abdul Kalam Technological University, Kerala",Approved,Approved,A,No,,Tier 2,http://www.sreechitrathirunal.ac.in,info@sreechitrathirunal.ac.in,admissions@sreechitrathirunal.ac.in,placement@sreechitrathirunal.ac.in,+91-80-851-0881,Mechanical Engineering,B.Tech,120,606,1993,Rural,Yes,Yes
1-44642746607,1-44642746607,U-0672,SREE CHITRA THIRUNAL COLLEGE OF ENGINEERING,Active,Kerala,Thiruvananthapuram,Thiruvananthapuram,PAPPANAMCODE THIRUVANANTHAPURAM,682973,8.524391,76.941827,Government,"APJ Abdul Kalam Technological University, Kerala",Approved,Approved,A,No,,Tier 2,http://www.sreechitrathirunal.ac.in,info@sreechitrathirunal.ac.in,admissions@sreechitrathirunal.ac.in,placement@sreechitrathirunal.ac.in,+91-80-851-0881,Artificial Intelligence & Machine Learning (AI & ML),B.Tech,60,606,1993,Rural,Yes,Yes
1-44642746607,1-44642746607,U-0672,SREE CHITRA THIRUNAL COLLEGE OF ENGINEERING,Active,Kerala,Thiruvananthapuram,Thiruvananthapuram,PAPPANAMCODE THIRUVANANTHAPURAM,682973,8.524391,76.941827,Government,"APJ Abdul Kalam Technological University, Kerala",Approved,Approved,A,No,,Tier 2,http://www.sreechitrathirunal.ac.in,info@sreechitrathirunal.ac.in,admissions@sreechitrathirunal.ac.in,placement@sreechitrathirunal.ac.in,+91-80-851-0881,Automobile Engineering,M.Tech,30,606,1993,Rural,Yes,Yes
1-44642915270,1-44642915270,U-0672,LOURDES MATHA COLLEGE OF SCIENCE AND TECHNOLOGY,Active,Kerala,Thiruvananthapuram,Thiruvananthapuram,"KUTTICHAL P O, TRIVANDRUM KERALA PIN 695 574",682973,8.527026,76.921339,Private-Self Financing,"APJ Abdul Kalam Technological University, Kerala",Approved,Approved,B,No,,Tier 3,http://www.lourdesmathascience.ac.in,info@lourdesmathascience.ac.in,admissions@lourdesmathascience.ac.in,placement@lourdesmathascience.ac.in,+91-80-961-5902,Electronics & Communication Engineering (ECE),B.Tech,60,396,2005,Urban,No,No
1-44642915270,1-44642915270,U-0672,LOURDES MATHA COLLEGE OF SCIENCE AND TECHNOLOGY,Active,Kerala,Thiruvananthapuram,Thiruvananthapuram,"KUTTICHAL P O, TRIVANDRUM KERALA PIN 695 574",682973,8.527026,76.921339,Private-Self Financing,"APJ Abdul Kalam Technological University, Kerala",Approved,Approved,B,No,,Tier 3,http://www.lourdesmathascience.ac.in,info@lourdesmathascience.ac.in,admissions@lourdesmathascience.ac.in,placement@lourdesmathascience.ac.in,+91-80-961-5902,Computer Science Engineering (CSE),B.Tech,150,396,2005,Urban,No,No
1-44642915270,1-44642915270,U-0672,LOURDES MATHA COLLEGE OF SCIENCE AND TECHNOLOGY,Active,Kerala,Thiruvananthapuram,Thiruvananthapuram,"KUTTICHAL P O, TRIVANDRUM KERALA PIN 695 574",682973,8.527026,76.921339,Private-Self Financing,"APJ Abdul Kalam Technological University, Kerala",Approved,Approved,B,No,,Tier 3,http://www.lourdesmathascience.ac.in,info@lourdesmathascience.ac.in,admissions@lourdesmathascience.ac.in,placement@lourdesmathascience.ac.in,+91-80-961-5902,Electrical & Electronics Engineering (EEE),B.Tech,30,396,2005,Urban,No,No
1-44642915270,1-44642915270,U-0672,LOURDES MATHA COLLEGE OF SCIENCE AND TECHNOLOGY,Active,Kerala,Thiruvananthapuram,Thiruvananthapuram,"KUTTICHAL P O, TRIVANDRUM KERALA PIN 695 574",682973,8.527026,76.921339,Private-Self Financing,"APJ Abdul Kalam Technological University, Kerala",Approved,Approved,B,No,,Tier 3,http://www.lourdesmathascience.ac.in,info@lourdesmathascience.ac.in,admissions@lourdesmathascience.ac.in,placement@lourdesmathascience.ac.in,+91-80-961-5902,Mechanical Engineering,B.Tech,60,396,2005,Urban,No,No
1-44642915270,1-44642915270,U-0672,LOURDES MATHA COLLEGE OF SCIENCE AND TECHNOLOGY,Active,Kerala,Thiruvananthapuram,Thiruvananthapuram,"KUTTICHAL P O, TRIVANDRUM KERALA PIN 695 574",682973,8.527026,76.921339,Private-Self Financing,"APJ Abdul Kalam Technological University, Kerala",Approved,Approved,B,No,,Tier 3,http://www.lourdesmathascience.ac.in,info@lourdesmathascience.ac.in,admissions@lourdesmathascience.ac.in,placement@lourdesmathascience.ac.in,+91-80-961-5902,Computer Science Engineering (CSE),M.Tech,18,396,2005,Urban,No,No
1-44642915270,1-44642915270,U-0672,LOURDES MATHA COLLEGE OF SCIENCE AND TECHNOLOGY,Active,Kerala,Thiruvananthapuram,Thiruvananthapuram,"KUTTICHAL P O, TRIVANDRUM KERALA PIN 695 574",682973,8.527026,76.921339,Private-Self Financing,"APJ Abdul Kalam Technological University, Kerala",Approved,Approved,B,No,,Tier 3,http://www.lourdesmathascience.ac.in,info@lourdesmathascience.ac.in,admissions@lourdesmathascience.ac.in,placement@lourdesmathascience.ac.in,+91-80-961-5902,Other Engineering Branches,M.Tech,18,396,2005,Urban,No,No
1-44642915270,1-44642915270,U-0672,LOURDES MATHA COLLEGE OF SCIENCE AND TECHNOLOGY,Active,Kerala,Thiruvananthapuram,Thiruvananthapuram,"KUTTICHAL P O, TRIVANDRUM KERALA PIN 695 574",682973,8.527026,76.921339,Private-Self Financing,"APJ Abdul Kalam Technological University, Kerala",Approved,Approved,B,No,,Tier 3,http://www.lourdesmathascience.ac.in,info@lourdesmathascience.ac.in,admissions@lourdesmathascience.ac.in,placement@lourdesmathascience.ac.in,+91-80-961-5902,Civil Engineering,B.Tech,60,396,2005,Urban,No,No
1-44642395119,1-44642395119,U-0672,"COLLEGE OF ENGINEERING, THALASSERY",Active,Kerala,Kannur,Kannur,"COLLEGE OF ENGINEERING - THALASSERY, KUNDOORMALA, ERANHOLI, THALASSERY",682328,10.852844,76.275708,Government,"APJ Abdul Kalam Technological University, Kerala",Approved,Approved,A,No,,Tier 2,http://www.thalassery.ac.in,info@thalassery.ac.in,admissions@thalassery.ac.in,placement@thalassery.ac.in,+91-80-937-1805,Civil Engineering,B.Tech,60,576,1989,Urban,Yes,Yes
1-44642395119,1-44642395119,U-0672,"COLLEGE OF ENGINEERING, THALASSERY",Active,Kerala,Kannur,Kannur,"COLLEGE OF ENGINEERING - THALASSERY, KUNDOORMALA, ERANHOLI, THALASSERY",682328,10.852844,76.275708,Government,"APJ Abdul Kalam Technological University, Kerala",Approved,Approved,A,No,,Tier 2,http://www.thalassery.ac.in,info@thalassery.ac.in,admissions@thalassery.ac.in,placement@thalassery.ac.in,+91-80-937-1805,Computer Science Engineering (CSE),B.Tech,180,576,1989,Urban,Yes,Yes
1-44642395119,1-44642395119,U-0672,"COLLEGE OF ENGINEERING, THALASSERY",Active,Kerala,Kannur,Kannur,"COLLEGE OF ENGINEERING - THALASSERY, KUNDOORMALA, ERANHOLI, THALASSERY",682328,10.852844,76.275708,Government,"APJ Abdul Kalam Technological University, Kerala",Approved,Approved,A,No,,Tier 2,http://www.thalassery.ac.in,info@thalassery.ac.in,admissions@thalassery.ac.in,placement@thalassery.ac.in,+91-80-937-1805,Electronics & Communication Engineering (ECE),B.Tech,120,576,1989,Urban,Yes,Yes
1-44642395119,1-44642395119,U-0672,"COLLEGE OF ENGINEERING, THALASSERY",Active,Kerala,Kannur,Kannur,"COLLEGE OF ENGINEERING - THALASSERY, KUNDOORMALA, ERANHOLI, THALASSERY",682328,10.852844,76.275708,Government,"APJ Abdul Kalam Technological University, Kerala",Approved,Approved,A,No,,Tier 2,http://www.thalassery.ac.in,info@thalassery.ac.in,admissions@thalassery.ac.in,placement@thalassery.ac.in,+91-80-937-1805,Information Technology (IT),B.Tech,60,576,1989,Urban,Yes,Yes
1-44642395119,1-44642395119,U-0672,"COLLEGE OF ENGINEERING, THALASSERY",Active,Kerala,Kannur,Kannur,"COLLEGE OF ENGINEERING - THALASSERY, KUNDOORMALA, ERANHOLI, THALASSERY",682328,10.852844,76.275708,Government,"APJ Abdul Kalam Technological University, Kerala",Approved,Approved,A,No,,Tier 2,http://www.thalassery.ac.in,info@thalassery.ac.in,admissions@thalassery.ac.in,placement@thalassery.ac.in,+91-80-937-1805,Mechanical Engineering,B.Tech,60,576,1989,Urban,Yes,Yes
1-44642395119,1-44642395119,U-0672,"COLLEGE OF ENGINEERING, THALASSERY",Active,Kerala,Kannur,Kannur,"COLLEGE OF ENGINEERING - THALASSERY, KUNDOORMALA, ERANHOLI, THALASSERY",682328,10.852844,76.275708,Government,"APJ Abdul Kalam Technological University, Kerala",Approved,Approved,A,No,,Tier 2,http://www.thalassery.ac.in,info@thalassery.ac.in,admissions@thalassery.ac.in,placement@thalassery.ac.in,+91-80-937-1805,Electrical & Electronics Engineering (EEE),B.Tech,60,576,1989,Urban,Yes,Yes
1-44642395119,1-44642395119,U-0672,"COLLEGE OF ENGINEERING, THALASSERY",Active,Kerala,Kannur,Kannur,"COLLEGE OF ENGINEERING - THALASSERY, KUNDOORMALA, ERANHOLI, THALASSERY",682328,10.852844,76.275708,Government,"APJ Abdul Kalam Technological University, Kerala",Approved,Approved,A,No,,Tier 2,http://www.thalassery.ac.in,info@thalassery.ac.in,admissions@thalassery.ac.in,placement@thalassery.ac.in,+91-80-937-1805,Other Engineering Branches,M.Tech,36,576,1989,Urban,Yes,Yes
1-44643857638,1-44643857638,U-0672,APJ ABDUL KALAM TECHNOLOGICAL UNIVERSITY,Active,Kerala,Thiruvananthapuram,Thiruvananthapuram,"MBA BLOCK, CET CAMPUS, ENGINEERING COLLEGE PO, THIRUVANANANTHAPURAM",682973,8.53984,76.948652,Government,"APJ Abdul Kalam Technological University, Kerala",Approved,Approved,A,No,,Tier 2,http://www.apjabdulkalam.ac.in,info@apjabdulkalam.ac.in,admissions@apjabdulkalam.ac.in,placement@apjabdulkalam.ac.in,+91-80-499-0541,Other Engineering Branches,M.Tech,54,72,1984,Urban,Yes,Yes
1-44643857638,1-44643857638,U-0672,APJ ABDUL KALAM TECHNOLOGICAL UNIVERSITY,Active,Kerala,Thiruvananthapuram,Thiruvananthapuram,"MBA BLOCK, CET CAMPUS, ENGINEERING COLLEGE PO, THIRUVANANANTHAPURAM",682973,8.53984,76.948652,Government,"APJ Abdul Kalam Technological University, Kerala",Approved,Approved,A,No,,Tier 2,http://www.apjabdulkalam.ac.in,info@apjabdulkalam.ac.in,admissions@apjabdulkalam.ac.in,placement@apjabdulkalam.ac.in,+91-80-499-0541,Mechanical Engineering,M.Tech,18,72,1984,Urban,Yes,Yes
1-44642390663,1-44642390663,U-0672,MAR BASELIOS COLLEGE OF ENGINEERING AND TECHNOLOGY,Active,Kerala,Thiruvananthapuram,Thiruvananthapuram,BETHANY HILLS NALANCHIRA THIRUVANANTHAPURAM PIN CODE-695015,695015,8.531998,76.955435,Private-Self Financing,"APJ Abdul Kalam Technological University, Kerala",Approved,Approved,B++,Yes,,Tier 3,http://www.marbaselios.ac.in,info@marbaselios.ac.in,admissions@marbaselios.ac.in,placement@marbaselios.ac.in,+91-80-170-1496,Computer Science Engineering (CSE),B.Tech,240,747,1998,Urban,No,Yes
1-44642390663,1-44642390663,U-0672,MAR BASELIOS COLLEGE OF ENGINEERING AND TECHNOLOGY,Active,Kerala,Thiruvananthapuram,Thiruvananthapuram,BETHANY HILLS NALANCHIRA THIRUVANANTHAPURAM PIN CODE-695015,695015,8.531998,76.955435,Private-Self Financing,"APJ Abdul Kalam Technological University, Kerala",Approved,Approved,B++,Yes,,Tier 3,http://www.marbaselios.ac.in,info@marbaselios.ac.in,admissions@marbaselios.ac.in,placement@marbaselios.ac.in,+91-80-170-1496,Civil Engineering,B.Tech,120,747,1998,Urban,No,Yes
1-44642390663,1-44642390663,U-0672,MAR BASELIOS COLLEGE OF ENGINEERING AND TECHNOLOGY,Active,Kerala,Thiruvananthapuram,Thiruvananthapuram,BETHANY HILLS NALANCHIRA THIRUVANANTHAPURAM PIN CODE-695015,695015,8.531998,76.955435,Private-Self Financing,"APJ Abdul Kalam Technological University, Kerala",Approved,Approved,B++,Yes,,Tier 3,http://www.marbaselios.ac.in,info@marbaselios.ac.in,admissions@marbaselios.ac.in,placement@marbaselios.ac.in,+91-80-170-1496,Electrical & Electronics Engineering (EEE),B.Tech,60,747,1998,Urban,No,Yes
1-44642390663,1-44642390663,U-0672,MAR BASELIOS COLLEGE OF ENGINEERING AND TECHNOLOGY,Active,Kerala,Thiruvananthapuram,Thiruvananthapuram,BETHANY HILLS NALANCHIRA THIRUVANANTHAPURAM PIN CODE-695015,695015,8.531998,76.955435,Private-Self Financing,"APJ Abdul Kalam Technological University, Kerala",Approved,Approved,B++,Yes,,Tier 3,http://www.marbaselios.ac.in,info@marbaselios.ac.in,admissions@marbaselios.ac.in,placement@marbaselios.ac.in,+91-80-170-1496,Mechanical Engineering,B.Tech,90,747,1998,Urban,No,Yes
1-44642390663,1-44642390663,U-0672,MAR BASELIOS COLLEGE OF ENGINEERING AND TECHNOLOGY,Active,Kerala,Thiruvananthapuram,Thiruvananthapuram,BETHANY HILLS NALANCHIRA THIRUVANANTHAPURAM PIN CODE-695015,695015,8.531998,76.955435,Private-Self Financing,"APJ Abdul Kalam Technological University, Kerala",Approved,Approved,B++,Yes,,Tier 3,http://www.marbaselios.ac.in,info@marbaselios.ac.in,admissions@marbaselios.ac.in,placement@marbaselios.ac.in,+91-80-170-1496,Electronics & Communication Engineering (ECE),B.Tech,120,747,1998,Urban,No,Yes
1-44642390663,1-44642390663,U-0672,MAR BASELIOS COLLEGE OF ENGINEERING AND TECHNOLOGY,Active,Kerala,Thiruvananthapuram,Thiruvananthapuram,BETHANY HILLS NALANCHIRA THIRUVANANTHAPURAM PIN CODE-695015,695015,8.531998,76.955435,Private-Self Financing,"APJ Abdul Kalam Technological University, Kerala",Approved,Approved,B++,Yes,,Tier 3,http://www.marbaselios.ac.in,info@marbaselios.ac.in,admissions@marbaselios.ac.in,placement@marbaselios.ac.in,+91-80-170-1496,Other Engineering Branches,M.Tech,81,747,1998,Urban,No,Yes
1-44642390663,1-44642390663,U-0672,MAR BASELIOS COLLEGE OF ENGINEERING AND TECHNOLOGY,Active,Kerala,Thiruvananthapuram,Thiruvananthapuram,BETHANY HILLS NALANCHIRA THIRUVANANTHAPURAM PIN CODE-695015,695015,8.531998,76.955435,Private-Self Financing,"APJ Abdul Kalam Technological University, Kerala",Approved,Approved,B++,Yes,,Tier 3,http://www.marbaselios.ac.in,info@marbaselios.ac.in,admissions@marbaselios.ac.in,placement@marbaselios.ac.in,+91-80-170-1496,Computer Science Engineering (CSE),M.Tech,18,747,1998,Urban,No,Yes
1-44642390663,1-44642390663,U-0672,MAR BASELIOS COLLEGE OF ENGINEERING AND TECHNOLOGY,Active,Kerala,Thiruvananthapuram,Thiruvananthapuram,BETHANY HILLS NALANCHIRA THIRUVANANTHAPURAM PIN CODE-695015,695015,8.531998,76.955435,Private-Self Financing,"APJ Abdul Kalam Technological University, Kerala",Approved,Approved,B++,Yes,,Tier 3,http://www.marbaselios.ac.in,info@marbaselios.ac.in,admissions@marbaselios.ac.in,placement@marbaselios.ac.in,+91-80-170-1496,IoT,M.Tech,18,747,1998,Urban,No,Yes
1-44644042080,1-44644042080,U-0507,JAIN DEEMED TO BE UNIVERSITY OFF CAMPUS KOCHI,Active,Kerala,Ernakulam,Ernakulam,"KNOWLEDGE PARK, NIRMALLNFOPARK, BLOCK NO-9, VILLAGE;KAKKANAD,TEHSIL: KANAYANNOOR, DISTRICT: ERNAKULUM-682042 (KERALA)",682042,9.988219,76.284796,Deemed to be University(Pvt),"Jain University, Bangalore",Approved,Approved,A,No,,Tier 3,http://www.jaindeemedto.ac.in,info@jaindeemedto.ac.in,admissions@jaindeemedto.ac.in,placement@jaindeemedto.ac.in,+91-80-116-4703,Computer Science Engineering (CSE),B.Tech,180,180,1996,Urban,Yes,Yes
1-44752975207,1-44752975207,U-0317,SWAMI NITHYANANDA POLYTECHNIC COLLEGE,Active,Kerala,Kasaragod,Kasaragod,"SWAMI NITHYANANDA POLYTECHNIC COLLEGE, KANHANGAD",682236,10.850454,76.276887,Govt aided,"Board of Technical Examination, Kerala",Approved,Approved,A,No,,Tier 3,http://www.swaminithyananda.ac.in,info@swaminithyananda.ac.in,admissions@swaminithyananda.ac.in,placement@swaminithyananda.ac.in,+91-80-836-9317,Mechanical Engineering,Diploma,60,180,2002,Urban,Yes,Yes
1-44752975207,1-44752975207,U-0317,SWAMI NITHYANANDA POLYTECHNIC COLLEGE,Active,Kerala,Kasaragod,Kasaragod,"SWAMI NITHYANANDA POLYTECHNIC COLLEGE, KANHANGAD",682236,10.850454,76.276887,Govt aided,"Board of Technical Examination, Kerala",Approved,Approved,A,No,,Tier 3,http://www.swaminithyananda.ac.in,info@swaminithyananda.ac.in,admissions@swaminithyananda.ac.in,placement@swaminithyananda.ac.in,+91-80-836-9317,Automobile Engineering,Diploma,60,180,2002,Urban,Yes,Yes
1-44752975207,1-44752975207,U-0317,SWAMI NITHYANANDA POLYTECHNIC COLLEGE,Active,Kerala,Kasaragod,Kasaragod,"SWAMI NITHYANANDA POLYTECHNIC COLLEGE, KANHANGAD",682236,10.850454,76.276887,Govt aided,"Board of Technical Examination, Kerala",Approved,Approved,A,No,,Tier 3,http://www.swaminithyananda.ac.in,info@swaminithyananda.ac.in,admissions@swaminithyananda.ac.in,placement@swaminithyananda.ac.in,+91-80-836-9317,Civil Engineering,Diploma,60,180,2002,Urban,Yes,Yes
1-44797972693,1-44797972693,U-0672,KMCT COLLEGE OF ENGINEERING AND MANAGEMENT,Active,Kerala,Kasaragod,Kasaragod,"NEAR KCA STADIUM MUNDODU , ULLODY PO MANYA KASARAGOD",682236,10.864321,76.265589,Private-Self Financing,"APJ Abdul Kalam Technological University, Kerala",Approved,Approved,B++,Yes,,Tier 3,http://www.kmctmanagement.ac.in,info@kmctmanagement.ac.in,admissions@kmctmanagement.ac.in,placement@kmctmanagement.ac.in,+91-80-418-5308,Electronics & Communication Engineering (ECE),B.Tech,30,270,2003,Urban,No,Yes
1-44797972693,1-44797972693,U-0672,KMCT COLLEGE OF ENGINEERING AND MANAGEMENT,Active,Kerala,Kasaragod,Kasaragod,"NEAR KCA STADIUM MUNDODU , ULLODY PO MANYA KASARAGOD",682236,10.864321,76.265589,Private-Self Financing,"APJ Abdul Kalam Technological University, Kerala",Approved,Approved,B++,Yes,,Tier 3,http://www.kmctmanagement.ac.in,info@kmctmanagement.ac.in,admissions@kmctmanagement.ac.in,placement@kmctmanagement.ac.in,+91-80-418-5308,Data Science,B.Tech,60,270,2003,Urban,No,Yes
1-44797972693,1-44797972693,U-0672,KMCT COLLEGE OF ENGINEERING AND MANAGEMENT,Active,Kerala,Kasaragod,Kasaragod,"NEAR KCA STADIUM MUNDODU , ULLODY PO MANYA KASARAGOD",682236,10.864321,76.265589,Private-Self Financing,"APJ Abdul Kalam Technological University, Kerala",Approved,Approved,B++,Yes,,Tier 3,http://www.kmctmanagement.ac.in,info@kmctmanagement.ac.in,admissions@kmctmanagement.ac.in,placement@kmctmanagement.ac.in,+91-80-418-5308,Computer Science Engineering (CSE),B.Tech,180,270,2003,Urban,No,Yes
1-44806850883,1-44806850883,U-0672,KMCT INSTITUTE OF ENGINEERING AND MANAGEMENT,Active,Kerala,Malappuram,Malappuram,"VALAMBOOR, ANGADIPURAM, PERINTHALMANNA, MALAPPURAM",682347,10.854628,76.285804,Private-Self Financing,"APJ Abdul Kalam Technological University, Kerala",Approved,Approved,B++,No,,Tier 3,http://www.kmctmanagement.ac.in,info@kmctmanagement.ac.in,admissions@kmctmanagement.ac.in,placement@kmctmanagement.ac.in,+91-80-012-0158,Computer Science Engineering (CSE),B.Tech,180,270,1999,Urban,Yes,No
1-44806850883,1-44806850883,U-0672,KMCT INSTITUTE OF ENGINEERING AND MANAGEMENT,Active,Kerala,Malappuram,Malappuram,"VALAMBOOR, ANGADIPURAM, PERINTHALMANNA, MALAPPURAM",682347,10.854628,76.285804,Private-Self Financing,"APJ Abdul Kalam Technological University, Kerala",Approved,Approved,B++,No,,Tier 3,http://www.kmctmanagement.ac.in,info@kmctmanagement.ac.in,admissions@kmctmanagement.ac.in,placement@kmctmanagement.ac.in,+91-80-012-0158,Data Science,B.Tech,60,270,1999,Urban,Yes,No
1-44806850883,1-44806850883,U-0672,KMCT INSTITUTE OF ENGINEERING AND MANAGEMENT,Active,Kerala,Malappuram,Malappuram,"VALAMBOOR, ANGADIPURAM, PERINTHALMANNA, MALAPPURAM",682347,10.854628,76.285804,Private-Self Financing,"APJ Abdul Kalam Technological University, Kerala",Approved,Approved,B++,No,,Tier 3,http://www.kmctmanagement.ac.in,info@kmctmanagement.ac.in,admissions@kmctmanagement.ac.in,placement@kmctmanagement.ac.in,+91-80-012-0158,Electronics & Communication Engineering (ECE),B.Tech,30,270,1999,Urban,Yes,No
1-44804999263,1-44804999263,U-0672,KMCT COLLEGE OF TECHNOLOGY AND MANAGEMENT,Active,Kerala,Kozhikode,Kozhikode,"PALAYAD-P.O, MANIYUR, VADAKARA, KOZHIKODE",682606,11.264908,75.788364,Private-Self Financing,"APJ Abdul Kalam Technological University, Kerala",Approved,Approved,B++,No,,Tier 3,http://www.kmctmanagement.ac.in,info@kmctmanagement.ac.in,admissions@kmctmanagement.ac.in,placement@kmctmanagement.ac.in,+91-80-095-0578,Data Science,B.Tech,60,270,1987,Urban,No,Yes
1-44804999263,1-44804999263,U-0672,KMCT COLLEGE OF TECHNOLOGY AND MANAGEMENT,Active,Kerala,Kozhikode,Kozhikode,"PALAYAD-P.O, MANIYUR, VADAKARA, KOZHIKODE",682606,11.264908,75.788364,Private-Self Financing,"APJ Abdul Kalam Technological University, Kerala",Approved,Approved,B++,No,,Tier 3,http://www.kmctmanagement.ac.in,info@kmctmanagement.ac.in,admissions@kmctmanagement.ac.in,placement@kmctmanagement.ac.in,+91-80-095-0578,Computer Science Engineering (CSE),B.Tech,180,270,1987,Urban,No,Yes
1-44804999263,1-44804999263,U-0672,KMCT COLLEGE OF TECHNOLOGY AND MANAGEMENT,Active,Kerala,Kozhikode,Kozhikode,"PALAYAD-P.O, MANIYUR, VADAKARA, KOZHIKODE",682606,11.264908,75.788364,Private-Self Financing,"APJ Abdul Kalam Technological University, Kerala",Approved,Approved,B++,No,,Tier 3,http://www.kmctmanagement.ac.in,info@kmctmanagement.ac.in,admissions@kmctmanagement.ac.in,placement@kmctmanagement.ac.in,+91-80-095-0578,Electronics & Communication Engineering (ECE),B.Tech,30,270,1987,Urban,No,Yes
