College ID,AICTE Institute ID,UGC University ID,College Name,College Status,State,District,City,Full Address,Pincode,Latitude,Longitude,College Type,Affiliated University,AICTE Approval Status,UGC Approval Status,NAAC Grade,NBA Accreditation,NIRF Ranking,Tier Classification,Official Website,Official College Email,Admission Email,Placement Cell Email,Contact Phone Number,Engineering Branch Name,Degree Type,Branch Intake Capacity,Total Intake Capacity,Establishment Year,Campus Type,Hostel Available,Placement Available
1-44638368312,1-44638368312,U-0992,DR. HARISINGH GOUR VISHWAVIDYALAYA SAGAR,Active,Madhya Pradesh,Sagar,Sagar,"DR. HARISINGH GOUR VISHWAVIDYALAYA SAGAR CENTRAL UNIVERSITY, SAGAR MP 470003",470003,23.840971,78.753767,Central University,NOT APPLICABLE,Approved,Approved,B,No,,Tier 3,http://www.drharisinghgour.ac.in,info@drharisinghgour.ac.in,admissions@drharisinghgour.ac.in,placement@drharisinghgour.ac.in,+91-80-929-9430,Computer Science Engineering (CSE),B.Tech,60,360,2014,Urban,No,Yes
1-44638368312,1-44638368312,U-0992,DR. HARISINGH GOUR VISHWAVIDYALAYA SAGAR,Active,Madhya Pradesh,Sagar,Sagar,"DR. HARISINGH GOUR VISHWAVIDYALAYA SAGAR CENTRAL UNIVERSITY, SAGAR MP 470003",470003,23.840971,78.753767,Central University,NOT APPLICABLE,Approved,Approved,B,No,,Tier 3,http://www.drharisinghgour.ac.in,info@drharisinghgour.ac.in,admissions@drharisinghgour.ac.in,placement@drharisinghgour.ac.in,+91-80-929-9430,Electronics & Communication Engineering (ECE),B.Tech,60,360,2014,Urban,No,Yes
1-44638368312,1-44638368312,U-0992,DR. HARISINGH GOUR VISHWAVIDYALAYA SAGAR,Active,Madhya Pradesh,Sagar,Sagar,"DR. HARISINGH GOUR VISHWAVIDYALAYA SAGAR CENTRAL UNIVERSITY, SAGAR MP 470003",470003,23.840971,78.753767,Central University,NOT APPLICABLE,Approved,Approved,B,No,,Tier 3,http://www.drharisinghgour.ac.in,info@drharisinghgour.ac.in,admissions@drharisinghgour.ac.in,placement@drharisinghgour.ac.in,+91-80-929-9430,Aeronautical Engineering,B.Tech,60,360,2014,Urban,No,Yes
1-44638368312,1-44638368312,U-0992,DR. HARISINGH GOUR VISHWAVIDYALAYA SAGAR,Active,Madhya Pradesh,Sagar,Sagar,"DR. HARISINGH GOUR VISHWAVIDYALAYA SAGAR CENTRAL UNIVERSITY, SAGAR MP 470003",470003,23.840971,78.753767,Central University,NOT APPLICABLE,Approved,Approved,B,No,,Tier 3,http://www.drharisinghgour.ac.in,info@drharisinghgour.ac.in,admissions@drharisinghgour.ac.in,placement@drharisinghgour.ac.in,+91-80-929-9430,Other Engineering Branches,B.Tech,180,360,2014,Urban,No,Yes
1-44638331684,1-44638331684,U-0441,RADIANT INSTITUTE OF ENGINEERING AND MANAGEMENT,Active,Madhya Pradesh,Jabalpur,Jabalpur,BARELA ROAD KOSAMGHAT JABALPUR,452090,22.193536,79.941943,Private-Self Financing,"Rajiv Gandhi Proudyogiki Vishwavidyalaya, Bhopal",Approved,Approved,B,Yes,,Tier 3,http://www.radiantmanagement.ac.in,info@radiantmanagement.ac.in,admissions@radiantmanagement.ac.in,placement@radiantmanagement.ac.in,+91-80-574-3692,Civil Engineering,Diploma,60,300,1996,Urban,Yes,Yes
1-44638331684,1-44638331684,U-0441,RADIANT INSTITUTE OF ENGINEERING AND MANAGEMENT,Active,Madhya Pradesh,Jabalpur,Jabalpur,BARELA ROAD KOSAMGHAT JABALPUR,452090,22.193536,79.941943,Private-Self Financing,"Rajiv Gandhi Proudyogiki Vishwavidyalaya, Bhopal",Approved,Approved,B,Yes,,Tier 3,http://www.radiantmanagement.ac.in,info@radiantmanagement.ac.in,admissions@radiantmanagement.ac.in,placement@radiantmanagement.ac.in,+91-80-574-3692,Computer Science Engineering (CSE),Diploma,60,300,1996,Urban,Yes,Yes
1-44638331684,1-44638331684,U-0441,RADIANT INSTITUTE OF ENGINEERING AND MANAGEMENT,Active,Madhya Pradesh,Jabalpur,Jabalpur,BARELA ROAD KOSAMGHAT JABALPUR,452090,22.193536,79.941943,Private-Self Financing,"Rajiv Gandhi Proudyogiki Vishwavidyalaya, Bhopal",Approved,Approved,B,Yes,,Tier 3,http://www.radiantmanagement.ac.in,info@radiantmanagement.ac.in,admissions@radiantmanagement.ac.in,placement@radiantmanagement.ac.in,+91-80-574-3692,Mechanical Engineering,Diploma,60,300,1996,Urban,Yes,Yes
1-44638331684,1-44638331684,U-0441,RADIANT INSTITUTE OF ENGINEERING AND MANAGEMENT,Active,Madhya Pradesh,Jabalpur,Jabalpur,BARELA ROAD KOSAMGHAT JABALPUR,452090,22.193536,79.941943,Private-Self Financing,"Rajiv Gandhi Proudyogiki Vishwavidyalaya, Bhopal",Approved,Approved,B,Yes,,Tier 3,http://www.radiantmanagement.ac.in,info@radiantmanagement.ac.in,admissions@radiantmanagement.ac.in,placement@radiantmanagement.ac.in,+91-80-574-3692,Electrical & Electronics Engineering (EEE),Diploma,60,300,1996,Urban,Yes,Yes
1-44638331684,1-44638331684,U-0441,RADIANT INSTITUTE OF ENGINEERING AND MANAGEMENT,Active,Madhya Pradesh,Jabalpur,Jabalpur,BARELA ROAD KOSAMGHAT JABALPUR,452090,22.193536,79.941943,Private-Self Financing,"Rajiv Gandhi Proudyogiki Vishwavidyalaya, Bhopal",Approved,Approved,B,Yes,,Tier 3,http://www.radiantmanagement.ac.in,info@radiantmanagement.ac.in,admissions@radiantmanagement.ac.in,placement@radiantmanagement.ac.in,+91-80-574-3692,Electrical Engineering,Diploma,60,300,1996,Urban,Yes,Yes
1-44638390364,1-44638390364,U-0441,VAISHNAVI INSTITUTES OF TECHNOLOGY AND SCIENCE,Active,Madhya Pradesh,Raisen,Raisen,"VILLAGE MENDUA,TEHSIL GOUHARGANJ",452808,22.955458,78.649965,Private-Self Financing,"Rajiv Gandhi Proudyogiki Vishwavidyalaya, Bhopal",Approved,Approved,Not Accredited,No,,Tier 3,http://www.vaishnaviinstitutesscience.ac.in,info@vaishnaviinstitutesscience.ac.in,admissions@vaishnaviinstitutesscience.ac.in,placement@vaishnaviinstitutesscience.ac.in,+91-80-086-3315,Civil Engineering,B.Tech,30,408,2018,Urban,No,Yes
1-44638390364,1-44638390364,U-0441,VAISHNAVI INSTITUTES OF TECHNOLOGY AND SCIENCE,Active,Madhya Pradesh,Raisen,Raisen,"VILLAGE MENDUA,TEHSIL GOUHARGANJ",452808,22.955458,78.649965,Private-Self Financing,"Rajiv Gandhi Proudyogiki Vishwavidyalaya, Bhopal",Approved,Approved,Not Accredited,No,,Tier 3,http://www.vaishnaviinstitutesscience.ac.in,info@vaishnaviinstitutesscience.ac.in,admissions@vaishnaviinstitutesscience.ac.in,placement@vaishnaviinstitutesscience.ac.in,+91-80-086-3315,Mechanical Engineering,B.Tech,60,408,2018,Urban,No,Yes
1-44638390364,1-44638390364,U-0441,VAISHNAVI INSTITUTES OF TECHNOLOGY AND SCIENCE,Active,Madhya Pradesh,Raisen,Raisen,"VILLAGE MENDUA,TEHSIL GOUHARGANJ",452808,22.955458,78.649965,Private-Self Financing,"Rajiv Gandhi Proudyogiki Vishwavidyalaya, Bhopal",Approved,Approved,Not Accredited,No,,Tier 3,http://www.vaishnaviinstitutesscience.ac.in,info@vaishnaviinstitutesscience.ac.in,admissions@vaishnaviinstitutesscience.ac.in,placement@vaishnaviinstitutesscience.ac.in,+91-80-086-3315,Computer Science Engineering (CSE),B.Tech,180,408,2018,Urban,No,Yes
1-44638390364,1-44638390364,U-0441,VAISHNAVI INSTITUTES OF TECHNOLOGY AND SCIENCE,Active,Madhya Pradesh,Raisen,Raisen,"VILLAGE MENDUA,TEHSIL GOUHARGANJ",452808,22.955458,78.649965,Private-Self Financing,"Rajiv Gandhi Proudyogiki Vishwavidyalaya, Bhopal",Approved,Approved,Not Accredited,No,,Tier 3,http://www.vaishnaviinstitutesscience.ac.in,info@vaishnaviinstitutesscience.ac.in,admissions@vaishnaviinstitutesscience.ac.in,placement@vaishnaviinstitutesscience.ac.in,+91-80-086-3315,Electrical Engineering,B.Tech,30,408,2018,Urban,No,Yes
1-44638390364,1-44638390364,U-0441,VAISHNAVI INSTITUTES OF TECHNOLOGY AND SCIENCE,Active,Madhya Pradesh,Raisen,Raisen,"VILLAGE MENDUA,TEHSIL GOUHARGANJ",452808,22.955458,78.649965,Private-Self Financing,"Rajiv Gandhi Proudyogiki Vishwavidyalaya, Bhopal",Approved,Approved,Not Accredited,No,,Tier 3,http://www.vaishnaviinstitutesscience.ac.in,info@vaishnaviinstitutesscience.ac.in,admissions@vaishnaviinstitutesscience.ac.in,placement@vaishnaviinstitutesscience.ac.in,+91-80-086-3315,Computer Science Engineering (CSE),M.Tech,24,408,2018,Urban,No,Yes
1-44638390364,1-44638390364,U-0441,VAISHNAVI INSTITUTES OF TECHNOLOGY AND SCIENCE,Active,Madhya Pradesh,Raisen,Raisen,"VILLAGE MENDUA,TEHSIL GOUHARGANJ",452808,22.955458,78.649965,Private-Self Financing,"Rajiv Gandhi Proudyogiki Vishwavidyalaya, Bhopal",Approved,Approved,Not Accredited,No,,Tier 3,http://www.vaishnaviinstitutesscience.ac.in,info@vaishnaviinstitutesscience.ac.in,admissions@vaishnaviinstitutesscience.ac.in,placement@vaishnaviinstitutesscience.ac.in,+91-80-086-3315,Other Engineering Branches,M.Tech,24,408,2018,Urban,No,Yes
1-44638390364,1-44638390364,U-0441,VAISHNAVI INSTITUTES OF TECHNOLOGY AND SCIENCE,Active,Madhya Pradesh,Raisen,Raisen,"VILLAGE MENDUA,TEHSIL GOUHARGANJ",452808,22.955458,78.649965,Private-Self Financing,"Rajiv Gandhi Proudyogiki Vishwavidyalaya, Bhopal",Approved,Approved,Not Accredited,No,,Tier 3,http://www.vaishnaviinstitutesscience.ac.in,info@vaishnaviinstitutesscience.ac.in,admissions@vaishnaviinstitutesscience.ac.in,placement@vaishnaviinstitutesscience.ac.in,+91-80-086-3315,Artificial Intelligence & Machine Learning (AI & ML),B.Tech,60,408,2018,Urban,No,Yes
1-44638336171,1-44638336171,U-0441,SHRI RAMA KRISHNA COLLEGE OF ENGINEERING SCIENCE AND MANAGEMENT (SRKCESM),Active,Madhya Pradesh,Satna,Satna,CHANDI DAI ROAD VILLAGE KARHI PAWAI PANCHAYAT KARHI KOTHAR,452237,22.96478,78.644925,Private-Self Financing,"Rajiv Gandhi Proudyogiki Vishwavidyalaya, Bhopal",Approved,Approved,Not Accredited,No,,Tier 3,http://www.shriramakrishna.ac.in,info@shriramakrishna.ac.in,admissions@shriramakrishna.ac.in,placement@shriramakrishna.ac.in,+91-80-477-3171,Mechanical Engineering,Diploma,60,780,1984,Urban,Yes,Yes
1-44638336171,1-44638336171,U-0441,SHRI RAMA KRISHNA COLLEGE OF ENGINEERING SCIENCE AND MANAGEMENT (SRKCESM),Active,Madhya Pradesh,Satna,Satna,CHANDI DAI ROAD VILLAGE KARHI PAWAI PANCHAYAT KARHI KOTHAR,452237,22.96478,78.644925,Private-Self Financing,"Rajiv Gandhi Proudyogiki Vishwavidyalaya, Bhopal",Approved,Approved,Not Accredited,No,,Tier 3,http://www.shriramakrishna.ac.in,info@shriramakrishna.ac.in,admissions@shriramakrishna.ac.in,placement@shriramakrishna.ac.in,+91-80-477-3171,Civil Engineering,Diploma,60,780,1984,Urban,Yes,Yes
1-44638336171,1-44638336171,U-0441,SHRI RAMA KRISHNA COLLEGE OF ENGINEERING SCIENCE AND MANAGEMENT (SRKCESM),Active,Madhya Pradesh,Satna,Satna,CHANDI DAI ROAD VILLAGE KARHI PAWAI PANCHAYAT KARHI KOTHAR,452237,22.96478,78.644925,Private-Self Financing,"Rajiv Gandhi Proudyogiki Vishwavidyalaya, Bhopal",Approved,Approved,Not Accredited,No,,Tier 3,http://www.shriramakrishna.ac.in,info@shriramakrishna.ac.in,admissions@shriramakrishna.ac.in,placement@shriramakrishna.ac.in,+91-80-477-3171,Computer Science Engineering (CSE),Diploma,60,780,1984,Urban,Yes,Yes
1-44638336171,1-44638336171,U-0441,SHRI RAMA KRISHNA COLLEGE OF ENGINEERING SCIENCE AND MANAGEMENT (SRKCESM),Active,Madhya Pradesh,Satna,Satna,CHANDI DAI ROAD VILLAGE KARHI PAWAI PANCHAYAT KARHI KOTHAR,452237,22.96478,78.644925,Private-Self Financing,"Rajiv Gandhi Proudyogiki Vishwavidyalaya, Bhopal",Approved,Approved,Not Accredited,No,,Tier 3,http://www.shriramakrishna.ac.in,info@shriramakrishna.ac.in,admissions@shriramakrishna.ac.in,placement@shriramakrishna.ac.in,+91-80-477-3171,Electrical Engineering,Diploma,60,780,1984,Urban,Yes,Yes
1-44638336171,1-44638336171,U-0441,SHRI RAMA KRISHNA COLLEGE OF ENGINEERING SCIENCE AND MANAGEMENT (SRKCESM),Active,Madhya Pradesh,Satna,Satna,CHANDI DAI ROAD VILLAGE KARHI PAWAI PANCHAYAT KARHI KOTHAR,452237,22.96478,78.644925,Private-Self Financing,"Rajiv Gandhi Proudyogiki Vishwavidyalaya, Bhopal",Approved,Approved,Not Accredited,No,,Tier 3,http://www.shriramakrishna.ac.in,info@shriramakrishna.ac.in,admissions@shriramakrishna.ac.in,placement@shriramakrishna.ac.in,+91-80-477-3171,Mining Engineering,Diploma,60,780,1984,Urban,Yes,Yes
1-44638336171,1-44638336171,U-0441,SHRI RAMA KRISHNA COLLEGE OF ENGINEERING SCIENCE AND MANAGEMENT (SRKCESM),Active,Madhya Pradesh,Satna,Satna,CHANDI DAI ROAD VILLAGE KARHI PAWAI PANCHAYAT KARHI KOTHAR,452237,22.96478,78.644925,Private-Self Financing,"Rajiv Gandhi Proudyogiki Vishwavidyalaya, Bhopal",Approved,Approved,Not Accredited,No,,Tier 3,http://www.shriramakrishna.ac.in,info@shriramakrishna.ac.in,admissions@shriramakrishna.ac.in,placement@shriramakrishna.ac.in,+91-80-477-3171,Computer Science Engineering (CSE),B.Tech,60,780,1984,Urban,Yes,Yes
1-44638336171,1-44638336171,U-0441,SHRI RAMA KRISHNA COLLEGE OF ENGINEERING SCIENCE AND MANAGEMENT (SRKCESM),Active,Madhya Pradesh,Satna,Satna,CHANDI DAI ROAD VILLAGE KARHI PAWAI PANCHAYAT KARHI KOTHAR,452237,22.96478,78.644925,Private-Self Financing,"Rajiv Gandhi Proudyogiki Vishwavidyalaya, Bhopal",Approved,Approved,Not Accredited,No,,Tier 3,http://www.shriramakrishna.ac.in,info@shriramakrishna.ac.in,admissions@shriramakrishna.ac.in,placement@shriramakrishna.ac.in,+91-80-477-3171,Mechanical Engineering,B.Tech,60,780,1984,Urban,Yes,Yes
1-44638336171,1-44638336171,U-0441,SHRI RAMA KRISHNA COLLEGE OF ENGINEERING SCIENCE AND MANAGEMENT (SRKCESM),Active,Madhya Pradesh,Satna,Satna,CHANDI DAI ROAD VILLAGE KARHI PAWAI PANCHAYAT KARHI KOTHAR,452237,22.96478,78.644925,Private-Self Financing,"Rajiv Gandhi Proudyogiki Vishwavidyalaya, Bhopal",Approved,Approved,Not Accredited,No,,Tier 3,http://www.shriramakrishna.ac.in,info@shriramakrishna.ac.in,admissions@shriramakrishna.ac.in,placement@shriramakrishna.ac.in,+91-80-477-3171,Electrical Engineering,B.Tech,60,780,1984,Urban,Yes,Yes
1-44638336171,1-44638336171,U-0441,SHRI RAMA KRISHNA COLLEGE OF ENGINEERING SCIENCE AND MANAGEMENT (SRKCESM),Active,Madhya Pradesh,Satna,Satna,CHANDI DAI ROAD VILLAGE KARHI PAWAI PANCHAYAT KARHI KOTHAR,452237,22.96478,78.644925,Private-Self Financing,"Rajiv Gandhi Proudyogiki Vishwavidyalaya, Bhopal",Approved,Approved,Not Accredited,No,,Tier 3,http://www.shriramakrishna.ac.in,info@shriramakrishna.ac.in,admissions@shriramakrishna.ac.in,placement@shriramakrishna.ac.in,+91-80-477-3171,Civil Engineering,B.Tech,60,780,1984,Urban,Yes,Yes
1-44638336171,1-44638336171,U-0441,SHRI RAMA KRISHNA COLLEGE OF ENGINEERING SCIENCE AND MANAGEMENT (SRKCESM),Active,Madhya Pradesh,Satna,Satna,CHANDI DAI ROAD VILLAGE KARHI PAWAI PANCHAYAT KARHI KOTHAR,452237,22.96478,78.644925,Private-Self Financing,"Rajiv Gandhi Proudyogiki Vishwavidyalaya, Bhopal",Approved,Approved,Not Accredited,No,,Tier 3,http://www.shriramakrishna.ac.in,info@shriramakrishna.ac.in,admissions@shriramakrishna.ac.in,placement@shriramakrishna.ac.in,+91-80-477-3171,Artificial Intelligence & Machine Learning (AI & ML),B.Tech,60,780,1984,Urban,Yes,Yes
1-44638336171,1-44638336171,U-0441,SHRI RAMA KRISHNA COLLEGE OF ENGINEERING SCIENCE AND MANAGEMENT (SRKCESM),Active,Madhya Pradesh,Satna,Satna,CHANDI DAI ROAD VILLAGE KARHI PAWAI PANCHAYAT KARHI KOTHAR,452237,22.96478,78.644925,Private-Self Financing,"Rajiv Gandhi Proudyogiki Vishwavidyalaya, Bhopal",Approved,Approved,Not Accredited,No,,Tier 3,http://www.shriramakrishna.ac.in,info@shriramakrishna.ac.in,admissions@shriramakrishna.ac.in,placement@shriramakrishna.ac.in,+91-80-477-3171,Mining Engineering,B.Tech,60,780,1984,Urban,Yes,Yes
1-44638336171,1-44638336171,U-0441,SHRI RAMA KRISHNA COLLEGE OF ENGINEERING SCIENCE AND MANAGEMENT (SRKCESM),Active,Madhya Pradesh,Satna,Satna,CHANDI DAI ROAD VILLAGE KARHI PAWAI PANCHAYAT KARHI KOTHAR,452237,22.96478,78.644925,Private-Self Financing,"Rajiv Gandhi Proudyogiki Vishwavidyalaya, Bhopal",Approved,Approved,Not Accredited,No,,Tier 3,http://www.shriramakrishna.ac.in,info@shriramakrishna.ac.in,admissions@shriramakrishna.ac.in,placement@shriramakrishna.ac.in,+91-80-477-3171,Computer Science Engineering (CSE),M.Tech,30,780,1984,Urban,Yes,Yes
1-44638336171,1-44638336171,U-0441,SHRI RAMA KRISHNA COLLEGE OF ENGINEERING SCIENCE AND MANAGEMENT (SRKCESM),Active,Madhya Pradesh,Satna,Satna,CHANDI DAI ROAD VILLAGE KARHI PAWAI PANCHAYAT KARHI KOTHAR,452237,22.96478,78.644925,Private-Self Financing,"Rajiv Gandhi Proudyogiki Vishwavidyalaya, Bhopal",Approved,Approved,Not Accredited,No,,Tier 3,http://www.shriramakrishna.ac.in,info@shriramakrishna.ac.in,admissions@shriramakrishna.ac.in,placement@shriramakrishna.ac.in,+91-80-477-3171,Other Engineering Branches,M.Tech,30,780,1984,Urban,Yes,Yes
1-44638336171,1-44638336171,U-0441,SHRI RAMA KRISHNA COLLEGE OF ENGINEERING SCIENCE AND MANAGEMENT (SRKCESM),Active,Madhya Pradesh,Satna,Satna,CHANDI DAI ROAD VILLAGE KARHI PAWAI PANCHAYAT KARHI KOTHAR,452237,22.96478,78.644925,Private-Self Financing,"Rajiv Gandhi Proudyogiki Vishwavidyalaya, Bhopal",Approved,Approved,Not Accredited,No,,Tier 3,http://www.shriramakrishna.ac.in,info@shriramakrishna.ac.in,admissions@shriramakrishna.ac.in,placement@shriramakrishna.ac.in,+91-80-477-3171,Mining Engineering,M.Tech,30,780,1984,Urban,Yes,Yes
1-44638336171,1-44638336171,U-0441,SHRI RAMA KRISHNA COLLEGE OF ENGINEERING SCIENCE AND MANAGEMENT (SRKCESM),Active,Madhya Pradesh,Satna,Satna,CHANDI DAI ROAD VILLAGE KARHI PAWAI PANCHAYAT KARHI KOTHAR,452237,22.96478,78.644925,Private-Self Financing,"Rajiv Gandhi Proudyogiki Vishwavidyalaya, Bhopal",Approved,Approved,Not Accredited,No,,Tier 3,http://www.shriramakrishna.ac.in,info@shriramakrishna.ac.in,admissions@shriramakrishna.ac.in,placement@shriramakrishna.ac.in,+91-80-477-3171,Robotics,M.Tech,30,780,1984,Urban,Yes,Yes
1-44638476667,1-44638476667,U-0441,MSME TECHNOLOGY CENTRE BHOPAL,Active,Madhya Pradesh,Bhopal,Bhopal,"PLOT NO. 259/2, 261, 267/2/1, INDUSTRIAL AREA SPECIAL EDUCATION ZONE, ACHARPURA",452493,23.254503,77.414247,Government,"Rajiv Gandhi Proudyogiki Vishwavidyalaya, Bhopal",Approved,Approved,B++,Yes,,Tier 3,http://www.msmecentrebhopal.ac.in,info@msmecentrebhopal.ac.in,admissions@msmecentrebhopal.ac.in,placement@msmecentrebhopal.ac.in,+91-80-612-4938,Other Engineering Branches,Diploma,60,120,2013,Urban,Yes,Yes
1-44638476667,1-44638476667,U-0441,MSME TECHNOLOGY CENTRE BHOPAL,Active,Madhya Pradesh,Bhopal,Bhopal,"PLOT NO. 259/2, 261, 267/2/1, INDUSTRIAL AREA SPECIAL EDUCATION ZONE, ACHARPURA",452493,23.254503,77.414247,Government,"Rajiv Gandhi Proudyogiki Vishwavidyalaya, Bhopal",Approved,Approved,B++,Yes,,Tier 3,http://www.msmecentrebhopal.ac.in,info@msmecentrebhopal.ac.in,admissions@msmecentrebhopal.ac.in,placement@msmecentrebhopal.ac.in,+91-80-612-4938,Mechanical Engineering,Diploma,60,120,2013,Urban,Yes,Yes
1-44638336753,1-44638336753,U-0441,GOVERNMENT POLYTECHNIC COLLEGE SIRONJ,Active,Madhya Pradesh,Vidisha,Vidisha,LATERI ROAD NEAR DEENDAYAL PARK SIRONJ DISTT. VIDISHA M.P.,452245,22.989685,78.660686,Government,"Rajiv Gandhi Proudyogiki Vishwavidyalaya, Bhopal",Approved,Approved,A+,Yes,,Tier 2,http://www.sironj.ac.in,info@sironj.ac.in,admissions@sironj.ac.in,placement@sironj.ac.in,+91-80-521-8840,Civil Engineering,Diploma,54,216,1997,Urban,No,Yes
1-44638336753,1-44638336753,U-0441,GOVERNMENT POLYTECHNIC COLLEGE SIRONJ,Active,Madhya Pradesh,Vidisha,Vidisha,LATERI ROAD NEAR DEENDAYAL PARK SIRONJ DISTT. VIDISHA M.P.,452245,22.989685,78.660686,Government,"Rajiv Gandhi Proudyogiki Vishwavidyalaya, Bhopal",Approved,Approved,A+,Yes,,Tier 2,http://www.sironj.ac.in,info@sironj.ac.in,admissions@sironj.ac.in,placement@sironj.ac.in,+91-80-521-8840,Computer Science Engineering (CSE),Diploma,54,216,1997,Urban,No,Yes
1-44638336753,1-44638336753,U-0441,GOVERNMENT POLYTECHNIC COLLEGE SIRONJ,Active,Madhya Pradesh,Vidisha,Vidisha,LATERI ROAD NEAR DEENDAYAL PARK SIRONJ DISTT. VIDISHA M.P.,452245,22.989685,78.660686,Government,"Rajiv Gandhi Proudyogiki Vishwavidyalaya, Bhopal",Approved,Approved,A+,Yes,,Tier 2,http://www.sironj.ac.in,info@sironj.ac.in,admissions@sironj.ac.in,placement@sironj.ac.in,+91-80-521-8840,Electronics & Communication Engineering (ECE),Diploma,54,216,1997,Urban,No,Yes
1-44638336753,1-44638336753,U-0441,GOVERNMENT POLYTECHNIC COLLEGE SIRONJ,Active,Madhya Pradesh,Vidisha,Vidisha,LATERI ROAD NEAR DEENDAYAL PARK SIRONJ DISTT. VIDISHA M.P.,452245,22.989685,78.660686,Government,"Rajiv Gandhi Proudyogiki Vishwavidyalaya, Bhopal",Approved,Approved,A+,Yes,,Tier 2,http://www.sironj.ac.in,info@sironj.ac.in,admissions@sironj.ac.in,placement@sironj.ac.in,+91-80-521-8840,Mechanical Engineering,Diploma,54,216,1997,Urban,No,Yes
1-44638419871,1-44638419871,U-0441,SCHOOL OF INFORMATION TECHNOLOGY,Active,Madhya Pradesh,Bhopal,Bhopal,"SCHOOL OF INFORMATION TECHNOLOGY, RAJIV GANDHI  PROUDYOGIKI VISHWAVIDYALAYA, AIRPORT BYPASS ROAD, GANDHI NAGAR ,BHOPAL, 462033",462033,23.251,77.395463,Government,"Rajiv Gandhi Proudyogiki Vishwavidyalaya, Bhopal",Approved,Approved,B++,Yes,,Tier 3,http://www.schoolinformation.ac.in,info@schoolinformation.ac.in,admissions@schoolinformation.ac.in,placement@schoolinformation.ac.in,+91-80-465-5634,Information Technology (IT),M.Tech,18,216,1998,Urban,Yes,Yes
1-44638419871,1-44638419871,U-0441,SCHOOL OF INFORMATION TECHNOLOGY,Active,Madhya Pradesh,Bhopal,Bhopal,"SCHOOL OF INFORMATION TECHNOLOGY, RAJIV GANDHI  PROUDYOGIKI VISHWAVIDYALAYA, AIRPORT BYPASS ROAD, GANDHI NAGAR ,BHOPAL, 462033",462033,23.251,77.395463,Government,"Rajiv Gandhi Proudyogiki Vishwavidyalaya, Bhopal",Approved,Approved,B++,Yes,,Tier 3,http://www.schoolinformation.ac.in,info@schoolinformation.ac.in,admissions@schoolinformation.ac.in,placement@schoolinformation.ac.in,+91-80-465-5634,Data Science,M.Tech,18,216,1998,Urban,Yes,Yes
1-44638419871,1-44638419871,U-0441,SCHOOL OF INFORMATION TECHNOLOGY,Active,Madhya Pradesh,Bhopal,Bhopal,"SCHOOL OF INFORMATION TECHNOLOGY, RAJIV GANDHI  PROUDYOGIKI VISHWAVIDYALAYA, AIRPORT BYPASS ROAD, GANDHI NAGAR ,BHOPAL, 462033",462033,23.251,77.395463,Government,"Rajiv Gandhi Proudyogiki Vishwavidyalaya, Bhopal",Approved,Approved,B++,Yes,,Tier 3,http://www.schoolinformation.ac.in,info@schoolinformation.ac.in,admissions@schoolinformation.ac.in,placement@schoolinformation.ac.in,+91-80-465-5634,Computer Science Engineering (CSE),B.Tech,60,216,1998,Urban,Yes,Yes
1-44638419871,1-44638419871,U-0441,SCHOOL OF INFORMATION TECHNOLOGY,Active,Madhya Pradesh,Bhopal,Bhopal,"SCHOOL OF INFORMATION TECHNOLOGY, RAJIV GANDHI  PROUDYOGIKI VISHWAVIDYALAYA, AIRPORT BYPASS ROAD, GANDHI NAGAR ,BHOPAL, 462033",462033,23.251,77.395463,Government,"Rajiv Gandhi Proudyogiki Vishwavidyalaya, Bhopal",Approved,Approved,B++,Yes,,Tier 3,http://www.schoolinformation.ac.in,info@schoolinformation.ac.in,admissions@schoolinformation.ac.in,placement@schoolinformation.ac.in,+91-80-465-5634,Artificial Intelligence & Machine Learning (AI & ML),B.Tech,60,216,1998,Urban,Yes,Yes
1-44638419871,1-44638419871,U-0441,SCHOOL OF INFORMATION TECHNOLOGY,Active,Madhya Pradesh,Bhopal,Bhopal,"SCHOOL OF INFORMATION TECHNOLOGY, RAJIV GANDHI  PROUDYOGIKI VISHWAVIDYALAYA, AIRPORT BYPASS ROAD, GANDHI NAGAR ,BHOPAL, 462033",462033,23.251,77.395463,Government,"Rajiv Gandhi Proudyogiki Vishwavidyalaya, Bhopal",Approved,Approved,B++,Yes,,Tier 3,http://www.schoolinformation.ac.in,info@schoolinformation.ac.in,admissions@schoolinformation.ac.in,placement@schoolinformation.ac.in,+91-80-465-5634,Data Science,B.Tech,60,216,1998,Urban,Yes,Yes
1-44638200483,1-44638200483,U-0441,SATPUDA COLLEGE OF ENGINEERING AND POLYTECHNIC,Active,Madhya Pradesh,Balaghat,Balaghat,"LALBURRA ROAD MANJHAPUR, (GARRA) BALAGHAT",452705,22.975389,78.676772,Private-Self Financing,"Rajiv Gandhi Proudyogiki Vishwavidyalaya, Bhopal",Approved,Approved,A,No,,Tier 3,http://www.satpuda.ac.in,info@satpuda.ac.in,admissions@satpuda.ac.in,placement@satpuda.ac.in,+91-80-922-2911,Civil Engineering,Diploma,60,960,1995,Urban,No,Yes
1-44638200483,1-44638200483,U-0441,SATPUDA COLLEGE OF ENGINEERING AND POLYTECHNIC,Active,Madhya Pradesh,Balaghat,Balaghat,"LALBURRA ROAD MANJHAPUR, (GARRA) BALAGHAT",452705,22.975389,78.676772,Private-Self Financing,"Rajiv Gandhi Proudyogiki Vishwavidyalaya, Bhopal",Approved,Approved,A,No,,Tier 3,http://www.satpuda.ac.in,info@satpuda.ac.in,admissions@satpuda.ac.in,placement@satpuda.ac.in,+91-80-922-2911,Mining Engineering,Diploma,120,960,1995,Urban,No,Yes
1-44638200483,1-44638200483,U-0441,SATPUDA COLLEGE OF ENGINEERING AND POLYTECHNIC,Active,Madhya Pradesh,Balaghat,Balaghat,"LALBURRA ROAD MANJHAPUR, (GARRA) BALAGHAT",452705,22.975389,78.676772,Private-Self Financing,"Rajiv Gandhi Proudyogiki Vishwavidyalaya, Bhopal",Approved,Approved,A,No,,Tier 3,http://www.satpuda.ac.in,info@satpuda.ac.in,admissions@satpuda.ac.in,placement@satpuda.ac.in,+91-80-922-2911,Mechanical Engineering,Diploma,120,960,1995,Urban,No,Yes
1-44638200483,1-44638200483,U-0441,SATPUDA COLLEGE OF ENGINEERING AND POLYTECHNIC,Active,Madhya Pradesh,Balaghat,Balaghat,"LALBURRA ROAD MANJHAPUR, (GARRA) BALAGHAT",452705,22.975389,78.676772,Private-Self Financing,"Rajiv Gandhi Proudyogiki Vishwavidyalaya, Bhopal",Approved,Approved,A,No,,Tier 3,http://www.satpuda.ac.in,info@satpuda.ac.in,admissions@satpuda.ac.in,placement@satpuda.ac.in,+91-80-922-2911,Electrical Engineering,Diploma,120,960,1995,Urban,No,Yes
1-44638200483,1-44638200483,U-0441,SATPUDA COLLEGE OF ENGINEERING AND POLYTECHNIC,Active,Madhya Pradesh,Balaghat,Balaghat,"LALBURRA ROAD MANJHAPUR, (GARRA) BALAGHAT",452705,22.975389,78.676772,Private-Self Financing,"Rajiv Gandhi Proudyogiki Vishwavidyalaya, Bhopal",Approved,Approved,A,No,,Tier 3,http://www.satpuda.ac.in,info@satpuda.ac.in,admissions@satpuda.ac.in,placement@satpuda.ac.in,+91-80-922-2911,Computer Science Engineering (CSE),B.Tech,180,960,1995,Urban,No,Yes
1-44638200483,1-44638200483,U-0441,SATPUDA COLLEGE OF ENGINEERING AND POLYTECHNIC,Active,Madhya Pradesh,Balaghat,Balaghat,"LALBURRA ROAD MANJHAPUR, (GARRA) BALAGHAT",452705,22.975389,78.676772,Private-Self Financing,"Rajiv Gandhi Proudyogiki Vishwavidyalaya, Bhopal",Approved,Approved,A,No,,Tier 3,http://www.satpuda.ac.in,info@satpuda.ac.in,admissions@satpuda.ac.in,placement@satpuda.ac.in,+91-80-922-2911,Mining Engineering,B.Tech,120,960,1995,Urban,No,Yes
1-44638200483,1-44638200483,U-0441,SATPUDA COLLEGE OF ENGINEERING AND POLYTECHNIC,Active,Madhya Pradesh,Balaghat,Balaghat,"LALBURRA ROAD MANJHAPUR, (GARRA) BALAGHAT",452705,22.975389,78.676772,Private-Self Financing,"Rajiv Gandhi Proudyogiki Vishwavidyalaya, Bhopal",Approved,Approved,A,No,,Tier 3,http://www.satpuda.ac.in,info@satpuda.ac.in,admissions@satpuda.ac.in,placement@satpuda.ac.in,+91-80-922-2911,Civil Engineering,B.Tech,60,960,1995,Urban,No,Yes
1-44638200483,1-44638200483,U-0441,SATPUDA COLLEGE OF ENGINEERING AND POLYTECHNIC,Active,Madhya Pradesh,Balaghat,Balaghat,"LALBURRA ROAD MANJHAPUR, (GARRA) BALAGHAT",452705,22.975389,78.676772,Private-Self Financing,"Rajiv Gandhi Proudyogiki Vishwavidyalaya, Bhopal",Approved,Approved,A,No,,Tier 3,http://www.satpuda.ac.in,info@satpuda.ac.in,admissions@satpuda.ac.in,placement@satpuda.ac.in,+91-80-922-2911,Mechanical Engineering,B.Tech,60,960,1995,Urban,No,Yes
1-44638200483,1-44638200483,U-0441,SATPUDA COLLEGE OF ENGINEERING AND POLYTECHNIC,Active,Madhya Pradesh,Balaghat,Balaghat,"LALBURRA ROAD MANJHAPUR, (GARRA) BALAGHAT",452705,22.975389,78.676772,Private-Self Financing,"Rajiv Gandhi Proudyogiki Vishwavidyalaya, Bhopal",Approved,Approved,A,No,,Tier 3,http://www.satpuda.ac.in,info@satpuda.ac.in,admissions@satpuda.ac.in,placement@satpuda.ac.in,+91-80-922-2911,Electrical Engineering,B.Tech,60,960,1995,Urban,No,Yes
1-44638200483,1-44638200483,U-0441,SATPUDA COLLEGE OF ENGINEERING AND POLYTECHNIC,Active,Madhya Pradesh,Balaghat,Balaghat,"LALBURRA ROAD MANJHAPUR, (GARRA) BALAGHAT",452705,22.975389,78.676772,Private-Self Financing,"Rajiv Gandhi Proudyogiki Vishwavidyalaya, Bhopal",Approved,Approved,A,No,,Tier 3,http://www.satpuda.ac.in,info@satpuda.ac.in,admissions@satpuda.ac.in,placement@satpuda.ac.in,+91-80-922-2911,Computer Science Engineering (CSE),Diploma,60,960,1995,Urban,No,Yes
1-44638093562,1-44638093562,U-0441,VNS GROUP OF INSTITUTIONS,Active,Madhya Pradesh,Bhopal,Bhopal,"VNS CAMPUS, VIDYA VIHAR, NATHUBERKHEDA, NEELBUD",452493,23.253617,77.401503,Private-Self Financing,"Rajiv Gandhi Proudyogiki Vishwavidyalaya, Bhopal",Approved,Approved,A+,Yes,,Tier 2,http://www.vns.ac.in,info@vns.ac.in,admissions@vns.ac.in,placement@vns.ac.in,+91-80-575-3400,Mining Engineering,B.Tech,60,636,2008,Rural,Yes,Yes
1-44638093562,1-44638093562,U-0441,VNS GROUP OF INSTITUTIONS,Active,Madhya Pradesh,Bhopal,Bhopal,"VNS CAMPUS, VIDYA VIHAR, NATHUBERKHEDA, NEELBUD",452493,23.253617,77.401503,Private-Self Financing,"Rajiv Gandhi Proudyogiki Vishwavidyalaya, Bhopal",Approved,Approved,A+,Yes,,Tier 2,http://www.vns.ac.in,info@vns.ac.in,admissions@vns.ac.in,placement@vns.ac.in,+91-80-575-3400,Mechanical Engineering,B.Tech,60,636,2008,Rural,Yes,Yes
1-44638093562,1-44638093562,U-0441,VNS GROUP OF INSTITUTIONS,Active,Madhya Pradesh,Bhopal,Bhopal,"VNS CAMPUS, VIDYA VIHAR, NATHUBERKHEDA, NEELBUD",452493,23.253617,77.401503,Private-Self Financing,"Rajiv Gandhi Proudyogiki Vishwavidyalaya, Bhopal",Approved,Approved,A+,Yes,,Tier 2,http://www.vns.ac.in,info@vns.ac.in,admissions@vns.ac.in,placement@vns.ac.in,+91-80-575-3400,Civil Engineering,B.Tech,60,636,2008,Rural,Yes,Yes
1-44638093562,1-44638093562,U-0441,VNS GROUP OF INSTITUTIONS,Active,Madhya Pradesh,Bhopal,Bhopal,"VNS CAMPUS, VIDYA VIHAR, NATHUBERKHEDA, NEELBUD",452493,23.253617,77.401503,Private-Self Financing,"Rajiv Gandhi Proudyogiki Vishwavidyalaya, Bhopal",Approved,Approved,A+,Yes,,Tier 2,http://www.vns.ac.in,info@vns.ac.in,admissions@vns.ac.in,placement@vns.ac.in,+91-80-575-3400,Computer Science Engineering (CSE),B.Tech,90,636,2008,Rural,Yes,Yes
1-44638093562,1-44638093562,U-0441,VNS GROUP OF INSTITUTIONS,Active,Madhya Pradesh,Bhopal,Bhopal,"VNS CAMPUS, VIDYA VIHAR, NATHUBERKHEDA, NEELBUD",452493,23.253617,77.401503,Private-Self Financing,"Rajiv Gandhi Proudyogiki Vishwavidyalaya, Bhopal",Approved,Approved,A+,Yes,,Tier 2,http://www.vns.ac.in,info@vns.ac.in,admissions@vns.ac.in,placement@vns.ac.in,+91-80-575-3400,Electronics & Communication Engineering (ECE),B.Tech,30,636,2008,Rural,Yes,Yes
1-44638093562,1-44638093562,U-0441,VNS GROUP OF INSTITUTIONS,Active,Madhya Pradesh,Bhopal,Bhopal,"VNS CAMPUS, VIDYA VIHAR, NATHUBERKHEDA, NEELBUD",452493,23.253617,77.401503,Private-Self Financing,"Rajiv Gandhi Proudyogiki Vishwavidyalaya, Bhopal",Approved,Approved,A+,Yes,,Tier 2,http://www.vns.ac.in,info@vns.ac.in,admissions@vns.ac.in,placement@vns.ac.in,+91-80-575-3400,Computer Science Engineering (CSE),M.Tech,18,636,2008,Rural,Yes,Yes
1-44638093562,1-44638093562,U-0441,VNS GROUP OF INSTITUTIONS,Active,Madhya Pradesh,Bhopal,Bhopal,"VNS CAMPUS, VIDYA VIHAR, NATHUBERKHEDA, NEELBUD",452493,23.253617,77.401503,Private-Self Financing,"Rajiv Gandhi Proudyogiki Vishwavidyalaya, Bhopal",Approved,Approved,A+,Yes,,Tier 2,http://www.vns.ac.in,info@vns.ac.in,admissions@vns.ac.in,placement@vns.ac.in,+91-80-575-3400,Electrical & Electronics Engineering (EEE),B.Tech,60,636,2008,Rural,Yes,Yes
1-44638093562,1-44638093562,U-0441,VNS GROUP OF INSTITUTIONS,Active,Madhya Pradesh,Bhopal,Bhopal,"VNS CAMPUS, VIDYA VIHAR, NATHUBERKHEDA, NEELBUD",452493,23.253617,77.401503,Private-Self Financing,"Rajiv Gandhi Proudyogiki Vishwavidyalaya, Bhopal",Approved,Approved,A+,Yes,,Tier 2,http://www.vns.ac.in,info@vns.ac.in,admissions@vns.ac.in,placement@vns.ac.in,+91-80-575-3400,Mining Engineering,Diploma,60,636,2008,Rural,Yes,Yes
1-44638093562,1-44638093562,U-0441,VNS GROUP OF INSTITUTIONS,Active,Madhya Pradesh,Bhopal,Bhopal,"VNS CAMPUS, VIDYA VIHAR, NATHUBERKHEDA, NEELBUD",452493,23.253617,77.401503,Private-Self Financing,"Rajiv Gandhi Proudyogiki Vishwavidyalaya, Bhopal",Approved,Approved,A+,Yes,,Tier 2,http://www.vns.ac.in,info@vns.ac.in,admissions@vns.ac.in,placement@vns.ac.in,+91-80-575-3400,Civil Engineering,Diploma,60,636,2008,Rural,Yes,Yes
1-44638093562,1-44638093562,U-0441,VNS GROUP OF INSTITUTIONS,Active,Madhya Pradesh,Bhopal,Bhopal,"VNS CAMPUS, VIDYA VIHAR, NATHUBERKHEDA, NEELBUD",452493,23.253617,77.401503,Private-Self Financing,"Rajiv Gandhi Proudyogiki Vishwavidyalaya, Bhopal",Approved,Approved,A+,Yes,,Tier 2,http://www.vns.ac.in,info@vns.ac.in,admissions@vns.ac.in,placement@vns.ac.in,+91-80-575-3400,Mechanical Engineering,Diploma,60,636,2008,Rural,Yes,Yes
1-44638093562,1-44638093562,U-0441,VNS GROUP OF INSTITUTIONS,Active,Madhya Pradesh,Bhopal,Bhopal,"VNS CAMPUS, VIDYA VIHAR, NATHUBERKHEDA, NEELBUD",452493,23.253617,77.401503,Private-Self Financing,"Rajiv Gandhi Proudyogiki Vishwavidyalaya, Bhopal",Approved,Approved,A+,Yes,,Tier 2,http://www.vns.ac.in,info@vns.ac.in,admissions@vns.ac.in,placement@vns.ac.in,+91-80-575-3400,Artificial Intelligence & Machine Learning (AI & ML),B.Tech,60,636,2008,Rural,Yes,Yes
1-44638093562,1-44638093562,U-0441,VNS GROUP OF INSTITUTIONS,Active,Madhya Pradesh,Bhopal,Bhopal,"VNS CAMPUS, VIDYA VIHAR, NATHUBERKHEDA, NEELBUD",452493,23.253617,77.401503,Private-Self Financing,"Rajiv Gandhi Proudyogiki Vishwavidyalaya, Bhopal",Approved,Approved,A+,Yes,,Tier 2,http://www.vns.ac.in,info@vns.ac.in,admissions@vns.ac.in,placement@vns.ac.in,+91-80-575-3400,Other Engineering Branches,M.Tech,18,636,2008,Rural,Yes,Yes
1-44638215100,1-44638215100,U-0441,UNIVERSITY INSTITUTE OF TECHNOLOGY RGPV,Active,Madhya Pradesh,Shivpuri,Shivpuri,"NEAR POLICE STATION SATANWADA, GWALIOR ROAD SHIVPURI",452851,22.962646,78.645783,Government,"Rajiv Gandhi Proudyogiki Vishwavidyalaya, Bhopal",Approved,Approved,A+,Yes,,Tier 2,http://www.rgpv.ac.in,info@rgpv.ac.in,admissions@rgpv.ac.in,placement@rgpv.ac.in,+91-80-387-8200,Computer Science Engineering (CSE),B.Tech,60,240,1980,Rural,Yes,Yes
1-44638215100,1-44638215100,U-0441,UNIVERSITY INSTITUTE OF TECHNOLOGY RGPV,Active,Madhya Pradesh,Shivpuri,Shivpuri,"NEAR POLICE STATION SATANWADA, GWALIOR ROAD SHIVPURI",452851,22.962646,78.645783,Government,"Rajiv Gandhi Proudyogiki Vishwavidyalaya, Bhopal",Approved,Approved,A+,Yes,,Tier 2,http://www.rgpv.ac.in,info@rgpv.ac.in,admissions@rgpv.ac.in,placement@rgpv.ac.in,+91-80-387-8200,Civil Engineering,B.Tech,60,240,1980,Rural,Yes,Yes
1-44638215100,1-44638215100,U-0441,UNIVERSITY INSTITUTE OF TECHNOLOGY RGPV,Active,Madhya Pradesh,Shivpuri,Shivpuri,"NEAR POLICE STATION SATANWADA, GWALIOR ROAD SHIVPURI",452851,22.962646,78.645783,Government,"Rajiv Gandhi Proudyogiki Vishwavidyalaya, Bhopal",Approved,Approved,A+,Yes,,Tier 2,http://www.rgpv.ac.in,info@rgpv.ac.in,admissions@rgpv.ac.in,placement@rgpv.ac.in,+91-80-387-8200,Electrical & Electronics Engineering (EEE),B.Tech,60,240,1980,Rural,Yes,Yes
1-44638215100,1-44638215100,U-0441,UNIVERSITY INSTITUTE OF TECHNOLOGY RGPV,Active,Madhya Pradesh,Shivpuri,Shivpuri,"NEAR POLICE STATION SATANWADA, GWALIOR ROAD SHIVPURI",452851,22.962646,78.645783,Government,"Rajiv Gandhi Proudyogiki Vishwavidyalaya, Bhopal",Approved,Approved,A+,Yes,,Tier 2,http://www.rgpv.ac.in,info@rgpv.ac.in,admissions@rgpv.ac.in,placement@rgpv.ac.in,+91-80-387-8200,Mechanical Engineering,B.Tech,60,240,1980,Rural,Yes,Yes
1-44638205539,1-44638205539,U-0441,PT. DEVPRABHAKAR SHASTRI COLLEGE OF TECHNOLOGY,Active,Madhya Pradesh,Chhatarpur,Chhatarpur,"VILLAGE GATHEORA,PANNA ROAD",452807,22.980357,78.650486,Private-Self Financing,"Rajiv Gandhi Proudyogiki Vishwavidyalaya, Bhopal",Approved,Approved,B++,No,,Tier 3,http://www.ptdevprabhakarshastri.ac.in,info@ptdevprabhakarshastri.ac.in,admissions@ptdevprabhakarshastri.ac.in,placement@ptdevprabhakarshastri.ac.in,+91-80-130-6582,Mechanical Engineering,B.Tech,42,228,1988,Urban,Yes,Yes
1-44638205539,1-44638205539,U-0441,PT. DEVPRABHAKAR SHASTRI COLLEGE OF TECHNOLOGY,Active,Madhya Pradesh,Chhatarpur,Chhatarpur,"VILLAGE GATHEORA,PANNA ROAD",452807,22.980357,78.650486,Private-Self Financing,"Rajiv Gandhi Proudyogiki Vishwavidyalaya, Bhopal",Approved,Approved,B++,No,,Tier 3,http://www.ptdevprabhakarshastri.ac.in,info@ptdevprabhakarshastri.ac.in,admissions@ptdevprabhakarshastri.ac.in,placement@ptdevprabhakarshastri.ac.in,+91-80-130-6582,Civil Engineering,B.Tech,42,228,1988,Urban,Yes,Yes
1-44638205539,1-44638205539,U-0441,PT. DEVPRABHAKAR SHASTRI COLLEGE OF TECHNOLOGY,Active,Madhya Pradesh,Chhatarpur,Chhatarpur,"VILLAGE GATHEORA,PANNA ROAD",452807,22.980357,78.650486,Private-Self Financing,"Rajiv Gandhi Proudyogiki Vishwavidyalaya, Bhopal",Approved,Approved,B++,No,,Tier 3,http://www.ptdevprabhakarshastri.ac.in,info@ptdevprabhakarshastri.ac.in,admissions@ptdevprabhakarshastri.ac.in,placement@ptdevprabhakarshastri.ac.in,+91-80-130-6582,Computer Science Engineering (CSE),B.Tech,42,228,1988,Urban,Yes,Yes
1-44638205539,1-44638205539,U-0441,PT. DEVPRABHAKAR SHASTRI COLLEGE OF TECHNOLOGY,Active,Madhya Pradesh,Chhatarpur,Chhatarpur,"VILLAGE GATHEORA,PANNA ROAD",452807,22.980357,78.650486,Private-Self Financing,"Rajiv Gandhi Proudyogiki Vishwavidyalaya, Bhopal",Approved,Approved,B++,No,,Tier 3,http://www.ptdevprabhakarshastri.ac.in,info@ptdevprabhakarshastri.ac.in,admissions@ptdevprabhakarshastri.ac.in,placement@ptdevprabhakarshastri.ac.in,+91-80-130-6582,Information Technology (IT),B.Tech,42,228,1988,Urban,Yes,Yes
1-44638205539,1-44638205539,U-0441,PT. DEVPRABHAKAR SHASTRI COLLEGE OF TECHNOLOGY,Active,Madhya Pradesh,Chhatarpur,Chhatarpur,"VILLAGE GATHEORA,PANNA ROAD",452807,22.980357,78.650486,Private-Self Financing,"Rajiv Gandhi Proudyogiki Vishwavidyalaya, Bhopal",Approved,Approved,B++,No,,Tier 3,http://www.ptdevprabhakarshastri.ac.in,info@ptdevprabhakarshastri.ac.in,admissions@ptdevprabhakarshastri.ac.in,placement@ptdevprabhakarshastri.ac.in,+91-80-130-6582,Electronics & Communication Engineering (ECE),B.Tech,30,228,1988,Urban,Yes,Yes
1-44638205539,1-44638205539,U-0441,PT. DEVPRABHAKAR SHASTRI COLLEGE OF TECHNOLOGY,Active,Madhya Pradesh,Chhatarpur,Chhatarpur,"VILLAGE GATHEORA,PANNA ROAD",452807,22.980357,78.650486,Private-Self Financing,"Rajiv Gandhi Proudyogiki Vishwavidyalaya, Bhopal",Approved,Approved,B++,No,,Tier 3,http://www.ptdevprabhakarshastri.ac.in,info@ptdevprabhakarshastri.ac.in,admissions@ptdevprabhakarshastri.ac.in,placement@ptdevprabhakarshastri.ac.in,+91-80-130-6582,Electrical Engineering,B.Tech,30,228,1988,Urban,Yes,Yes
1-44638260311,1-44638260311,U-0441,UNIVERSITY INSTITUTE OF TECHNOLOGY RGPV SHAHDOL,Active,Madhya Pradesh,Shahdol,Shahdol,"VILLAGE CHHATWAI, TEHSIL SUHAGPUR, DISTT.: SHAHDOL (M.P.)  484001",484001,22.973811,78.668122,Government,"Rajiv Gandhi Proudyogiki Vishwavidyalaya, Bhopal",Approved,Approved,B,No,,Tier 3,http://www.rgpvshahdol.ac.in,info@rgpvshahdol.ac.in,admissions@rgpvshahdol.ac.in,placement@rgpvshahdol.ac.in,+91-80-856-1095,Mechanical Engineering,B.Tech,60,120,2006,Urban,No,No
1-44638260311,1-44638260311,U-0441,UNIVERSITY INSTITUTE OF TECHNOLOGY RGPV SHAHDOL,Active,Madhya Pradesh,Shahdol,Shahdol,"VILLAGE CHHATWAI, TEHSIL SUHAGPUR, DISTT.: SHAHDOL (M.P.)  484001",484001,22.973811,78.668122,Government,"Rajiv Gandhi Proudyogiki Vishwavidyalaya, Bhopal",Approved,Approved,B,No,,Tier 3,http://www.rgpvshahdol.ac.in,info@rgpvshahdol.ac.in,admissions@rgpvshahdol.ac.in,placement@rgpvshahdol.ac.in,+91-80-856-1095,Mining Engineering,B.Tech,60,120,2006,Urban,No,No
1-44638291897,1-44638291897,U-0441,SCHOOL OF NANOTECHNOLOGY,Active,Madhya Pradesh,Bhopal,Bhopal,"NARSINGHGARH BYPASS ROAD , GANDHI NAGAR BHOPAL",452493,23.269547,77.408591,Government,"Rajiv Gandhi Proudyogiki Vishwavidyalaya, Bhopal",Approved,Approved,B++,Yes,,Tier 3,http://www.schoolnanotechnology.ac.in,info@schoolnanotechnology.ac.in,admissions@schoolnanotechnology.ac.in,placement@schoolnanotechnology.ac.in,+91-80-243-4790,Other Engineering Branches,M.Tech,18,18,2005,Urban,No,No
1-44638179750,1-44638179750,U-0441,INSTITUTE OF TECHNOLOGY & MANAGEMENT,Active,Madhya Pradesh,Gwalior,Gwalior,"ITM UNIVERSE CAMPUS, OPP. SITHOULI RAILWAY STATION, NH-75, JHANSI ROAD,",452896,26.20485,78.190329,Private-Self Financing,"Rajiv Gandhi Proudyogiki Vishwavidyalaya, Bhopal",Approved,Approved,B++,Yes,,Tier 3,http://www.management.ac.in,info@management.ac.in,admissions@management.ac.in,placement@management.ac.in,+91-80-274-7568,Mechanical Engineering,B.Tech,30,798,2005,Urban,Yes,No
1-44638179750,1-44638179750,U-0441,INSTITUTE OF TECHNOLOGY & MANAGEMENT,Active,Madhya Pradesh,Gwalior,Gwalior,"ITM UNIVERSE CAMPUS, OPP. SITHOULI RAILWAY STATION, NH-75, JHANSI ROAD,",452896,26.20485,78.190329,Private-Self Financing,"Rajiv Gandhi Proudyogiki Vishwavidyalaya, Bhopal",Approved,Approved,B++,Yes,,Tier 3,http://www.management.ac.in,info@management.ac.in,admissions@management.ac.in,placement@management.ac.in,+91-80-274-7568,Other Engineering Branches,M.Tech,9,798,2005,Urban,Yes,No
1-44638179750,1-44638179750,U-0441,INSTITUTE OF TECHNOLOGY & MANAGEMENT,Active,Madhya Pradesh,Gwalior,Gwalior,"ITM UNIVERSE CAMPUS, OPP. SITHOULI RAILWAY STATION, NH-75, JHANSI ROAD,",452896,26.20485,78.190329,Private-Self Financing,"Rajiv Gandhi Proudyogiki Vishwavidyalaya, Bhopal",Approved,Approved,B++,Yes,,Tier 3,http://www.management.ac.in,info@management.ac.in,admissions@management.ac.in,placement@management.ac.in,+91-80-274-7568,Computer Science Engineering (CSE),B.Tech,240,798,2005,Urban,Yes,No
1-44638179750,1-44638179750,U-0441,INSTITUTE OF TECHNOLOGY & MANAGEMENT,Active,Madhya Pradesh,Gwalior,Gwalior,"ITM UNIVERSE CAMPUS, OPP. SITHOULI RAILWAY STATION, NH-75, JHANSI ROAD,",452896,26.20485,78.190329,Private-Self Financing,"Rajiv Gandhi Proudyogiki Vishwavidyalaya, Bhopal",Approved,Approved,B++,Yes,,Tier 3,http://www.management.ac.in,info@management.ac.in,admissions@management.ac.in,placement@management.ac.in,+91-80-274-7568,Computer Science Engineering (CSE),M.Tech,9,798,2005,Urban,Yes,No
1-44638179750,1-44638179750,U-0441,INSTITUTE OF TECHNOLOGY & MANAGEMENT,Active,Madhya Pradesh,Gwalior,Gwalior,"ITM UNIVERSE CAMPUS, OPP. SITHOULI RAILWAY STATION, NH-75, JHANSI ROAD,",452896,26.20485,78.190329,Private-Self Financing,"Rajiv Gandhi Proudyogiki Vishwavidyalaya, Bhopal",Approved,Approved,B++,Yes,,Tier 3,http://www.management.ac.in,info@management.ac.in,admissions@management.ac.in,placement@management.ac.in,+91-80-274-7568,Electronics & Communication Engineering (ECE),B.Tech,60,798,2005,Urban,Yes,No
1-44638179750,1-44638179750,U-0441,INSTITUTE OF TECHNOLOGY & MANAGEMENT,Active,Madhya Pradesh,Gwalior,Gwalior,"ITM UNIVERSE CAMPUS, OPP. SITHOULI RAILWAY STATION, NH-75, JHANSI ROAD,",452896,26.20485,78.190329,Private-Self Financing,"Rajiv Gandhi Proudyogiki Vishwavidyalaya, Bhopal",Approved,Approved,B++,Yes,,Tier 3,http://www.management.ac.in,info@management.ac.in,admissions@management.ac.in,placement@management.ac.in,+91-80-274-7568,Chemical Engineering,B.Tech,30,798,2005,Urban,Yes,No
1-44638179750,1-44638179750,U-0441,INSTITUTE OF TECHNOLOGY & MANAGEMENT,Active,Madhya Pradesh,Gwalior,Gwalior,"ITM UNIVERSE CAMPUS, OPP. SITHOULI RAILWAY STATION, NH-75, JHANSI ROAD,",452896,26.20485,78.190329,Private-Self Financing,"Rajiv Gandhi Proudyogiki Vishwavidyalaya, Bhopal",Approved,Approved,B++,Yes,,Tier 3,http://www.management.ac.in,info@management.ac.in,admissions@management.ac.in,placement@management.ac.in,+91-80-274-7568,Information Technology (IT),B.Tech,120,798,2005,Urban,Yes,No
1-44638179750,1-44638179750,U-0441,INSTITUTE OF TECHNOLOGY & MANAGEMENT,Active,Madhya Pradesh,Gwalior,Gwalior,"ITM UNIVERSE CAMPUS, OPP. SITHOULI RAILWAY STATION, NH-75, JHANSI ROAD,",452896,26.20485,78.190329,Private-Self Financing,"Rajiv Gandhi Proudyogiki Vishwavidyalaya, Bhopal",Approved,Approved,B++,Yes,,Tier 3,http://www.management.ac.in,info@management.ac.in,admissions@management.ac.in,placement@management.ac.in,+91-80-274-7568,Civil Engineering,B.Tech,30,798,2005,Urban,Yes,No
1-44638179750,1-44638179750,U-0441,INSTITUTE OF TECHNOLOGY & MANAGEMENT,Active,Madhya Pradesh,Gwalior,Gwalior,"ITM UNIVERSE CAMPUS, OPP. SITHOULI RAILWAY STATION, NH-75, JHANSI ROAD,",452896,26.20485,78.190329,Private-Self Financing,"Rajiv Gandhi Proudyogiki Vishwavidyalaya, Bhopal",Approved,Approved,B++,Yes,,Tier 3,http://www.management.ac.in,info@management.ac.in,admissions@management.ac.in,placement@management.ac.in,+91-80-274-7568,Data Science,B.Tech,90,798,2005,Urban,Yes,No
1-44638179750,1-44638179750,U-0441,INSTITUTE OF TECHNOLOGY & MANAGEMENT,Active,Madhya Pradesh,Gwalior,Gwalior,"ITM UNIVERSE CAMPUS, OPP. SITHOULI RAILWAY STATION, NH-75, JHANSI ROAD,",452896,26.20485,78.190329,Private-Self Financing,"Rajiv Gandhi Proudyogiki Vishwavidyalaya, Bhopal",Approved,Approved,B++,Yes,,Tier 3,http://www.management.ac.in,info@management.ac.in,admissions@management.ac.in,placement@management.ac.in,+91-80-274-7568,IoT,B.Tech,30,798,2005,Urban,Yes,No
1-44638179750,1-44638179750,U-0441,INSTITUTE OF TECHNOLOGY & MANAGEMENT,Active,Madhya Pradesh,Gwalior,Gwalior,"ITM UNIVERSE CAMPUS, OPP. SITHOULI RAILWAY STATION, NH-75, JHANSI ROAD,",452896,26.20485,78.190329,Private-Self Financing,"Rajiv Gandhi Proudyogiki Vishwavidyalaya, Bhopal",Approved,Approved,B++,Yes,,Tier 3,http://www.management.ac.in,info@management.ac.in,admissions@management.ac.in,placement@management.ac.in,+91-80-274-7568,Artificial Intelligence & Machine Learning (AI & ML),B.Tech,120,798,2005,Urban,Yes,No
1-44638179750,1-44638179750,U-0441,INSTITUTE OF TECHNOLOGY & MANAGEMENT,Active,Madhya Pradesh,Gwalior,Gwalior,"ITM UNIVERSE CAMPUS, OPP. SITHOULI RAILWAY STATION, NH-75, JHANSI ROAD,",452896,26.20485,78.190329,Private-Self Financing,"Rajiv Gandhi Proudyogiki Vishwavidyalaya, Bhopal",Approved,Approved,B++,Yes,,Tier 3,http://www.management.ac.in,info@management.ac.in,admissions@management.ac.in,placement@management.ac.in,+91-80-274-7568,Cyber Security,B.Tech,30,798,2005,Urban,Yes,No
1-44638105995,1-44638105995,U-0992,CENTRAL INSTITUTE OF PETROCHEMICALS ENGINEERING AND TECHNOLOGY(CIPET),Active,Madhya Pradesh,Gwalior,Gwalior,"SURVEY NO-47/1,52/1,53,55/1, MAHARAJPURA DANG",452896,26.199335,78.162999,Government,NOT APPLICABLE,Approved,Approved,A,No,,Tier 2,http://www.petrochemicalstechnologycipet.ac.in,info@petrochemicalstechnologycipet.ac.in,admissions@petrochemicalstechnologycipet.ac.in,placement@petrochemicalstechnologycipet.ac.in,+91-80-043-4177,Other Engineering Branches,Diploma,120,120,2000,Urban,Yes,Yes
1-44638087472,1-44638087472,U-0441,"SCHOOL OF ENERGY AND ENVIRONMENT MANAGEMENT, RGPV, BHOPAL",Active,Madhya Pradesh,Bhopal,Bhopal,AIRPORT ROAD GANDHI NAGAR BHOPAL,452493,23.275309,77.427633,Government,"Rajiv Gandhi Proudyogiki Vishwavidyalaya, Bhopal",Approved,Approved,A+,Yes,,Tier 2,http://www.schoolenergyenvironment.ac.in,info@schoolenergyenvironment.ac.in,admissions@schoolenergyenvironment.ac.in,placement@schoolenergyenvironment.ac.in,+91-80-485-1552,Other Engineering Branches,M.Tech,36,36,1993,Rural,Yes,Yes
1-44638269005,1-44638269005,U-0441,SCHOOL OF BIOMOLECULAR ENGINEERING AND BIOTECHNOLOGY,Active,Madhya Pradesh,Bhopal,Bhopal,"SCHOOL OF BIOTECHNOLOGY                                                                         RAJIV GANDHI PROUDYOGIKI VISHWAVIDYALAYA                                                                         AIRPORT ROAD, BHOPAL-462033                                                                         MADHYA PRADESH                                                                         PHONE NO. : 07",462033,23.27324,77.415424,Government,"Rajiv Gandhi Proudyogiki Vishwavidyalaya, Bhopal",Approved,Approved,B++,Yes,,Tier 3,http://www.schoolbiomolecularbiotechnology.ac.in,info@schoolbiomolecularbiotechnology.ac.in,admissions@schoolbiomolecularbiotechnology.ac.in,placement@schoolbiomolecularbiotechnology.ac.in,+91-80-398-3634,Biotechnology,M.Tech,18,18,1996,Urban,Yes,Yes
1-44638297917,1-44638297917,U-0441,SRI PARASHURAM INSTITUTE OF TECHNOLOGY AND RESEARCH,Active,Madhya Pradesh,Khandwa,Khandwa,GRAM DHANORA(JASWADI) KHANDWA M.P,452405,22.988285,78.669592,Private-Self Financing,"Rajiv Gandhi Proudyogiki Vishwavidyalaya, Bhopal",Approved,Approved,A,No,,Tier 3,http://www.sriparashuramresearch.ac.in,info@sriparashuramresearch.ac.in,admissions@sriparashuramresearch.ac.in,placement@sriparashuramresearch.ac.in,+91-80-463-1633,Civil Engineering,B.Tech,30,120,1983,Urban,Yes,No
1-44638297917,1-44638297917,U-0441,SRI PARASHURAM INSTITUTE OF TECHNOLOGY AND RESEARCH,Active,Madhya Pradesh,Khandwa,Khandwa,GRAM DHANORA(JASWADI) KHANDWA M.P,452405,22.988285,78.669592,Private-Self Financing,"Rajiv Gandhi Proudyogiki Vishwavidyalaya, Bhopal",Approved,Approved,A,No,,Tier 3,http://www.sriparashuramresearch.ac.in,info@sriparashuramresearch.ac.in,admissions@sriparashuramresearch.ac.in,placement@sriparashuramresearch.ac.in,+91-80-463-1633,Mechanical Engineering,B.Tech,30,120,1983,Urban,Yes,No
1-44638297917,1-44638297917,U-0441,SRI PARASHURAM INSTITUTE OF TECHNOLOGY AND RESEARCH,Active,Madhya Pradesh,Khandwa,Khandwa,GRAM DHANORA(JASWADI) KHANDWA M.P,452405,22.988285,78.669592,Private-Self Financing,"Rajiv Gandhi Proudyogiki Vishwavidyalaya, Bhopal",Approved,Approved,A,No,,Tier 3,http://www.sriparashuramresearch.ac.in,info@sriparashuramresearch.ac.in,admissions@sriparashuramresearch.ac.in,placement@sriparashuramresearch.ac.in,+91-80-463-1633,Electrical & Electronics Engineering (EEE),B.Tech,30,120,1983,Urban,Yes,No
1-44638297917,1-44638297917,U-0441,SRI PARASHURAM INSTITUTE OF TECHNOLOGY AND RESEARCH,Active,Madhya Pradesh,Khandwa,Khandwa,GRAM DHANORA(JASWADI) KHANDWA M.P,452405,22.988285,78.669592,Private-Self Financing,"Rajiv Gandhi Proudyogiki Vishwavidyalaya, Bhopal",Approved,Approved,A,No,,Tier 3,http://www.sriparashuramresearch.ac.in,info@sriparashuramresearch.ac.in,admissions@sriparashuramresearch.ac.in,placement@sriparashuramresearch.ac.in,+91-80-463-1633,Computer Science Engineering (CSE),B.Tech,30,120,1983,Urban,Yes,No
1-44638299184,1-44638299184,U-0992,SCHOOL OF PHYSICS,Active,Madhya Pradesh,Indore,Indore,DEVI AHILYA UNIVERSITY KHANDWA ROAD CAMPUS INDORE,452012,22.73695,75.843924,State Government University,NOT APPLICABLE,Approved,Approved,A,No,,Tier 3,http://www.schoolphysics.ac.in,info@schoolphysics.ac.in,admissions@schoolphysics.ac.in,placement@schoolphysics.ac.in,+91-80-566-5703,Other Engineering Branches,M.Tech,18,18,2020,Urban,Yes,Yes
1-44637343295,1-44637343295,U-0992,MEDI CAPS UNIVERSITY INDORE,Active,Madhya Pradesh,Indore,Indore,"A.B. ROAD, PIGDAMBER RAU, INDORE",452012,22.707773,75.85512,State Private University,NOT APPLICABLE,Approved,Approved,B+,No,,Tier 3,http://www.medicapsindore.ac.in,info@medicapsindore.ac.in,admissions@medicapsindore.ac.in,placement@medicapsindore.ac.in,+91-80-342-8207,Computer Science Engineering (CSE),B.Tech,1380,2604,1999,Rural,Yes,Yes
1-44637343295,1-44637343295,U-0992,MEDI CAPS UNIVERSITY INDORE,Active,Madhya Pradesh,Indore,Indore,"A.B. ROAD, PIGDAMBER RAU, INDORE",452012,22.707773,75.85512,State Private University,NOT APPLICABLE,Approved,Approved,B+,No,,Tier 3,http://www.medicapsindore.ac.in,info@medicapsindore.ac.in,admissions@medicapsindore.ac.in,placement@medicapsindore.ac.in,+91-80-342-8207,Information Technology (IT),B.Tech,120,2604,1999,Rural,Yes,Yes
1-44637343295,1-44637343295,U-0992,MEDI CAPS UNIVERSITY INDORE,Active,Madhya Pradesh,Indore,Indore,"A.B. ROAD, PIGDAMBER RAU, INDORE",452012,22.707773,75.85512,State Private University,NOT APPLICABLE,Approved,Approved,B+,No,,Tier 3,http://www.medicapsindore.ac.in,info@medicapsindore.ac.in,admissions@medicapsindore.ac.in,placement@medicapsindore.ac.in,+91-80-342-8207,Automobile Engineering,B.Tech,60,2604,1999,Rural,Yes,Yes
1-44637343295,1-44637343295,U-0992,MEDI CAPS UNIVERSITY INDORE,Active,Madhya Pradesh,Indore,Indore,"A.B. ROAD, PIGDAMBER RAU, INDORE",452012,22.707773,75.85512,State Private University,NOT APPLICABLE,Approved,Approved,B+,No,,Tier 3,http://www.medicapsindore.ac.in,info@medicapsindore.ac.in,admissions@medicapsindore.ac.in,placement@medicapsindore.ac.in,+91-80-342-8207,Civil Engineering,B.Tech,60,2604,1999,Rural,Yes,Yes
1-44637343295,1-44637343295,U-0992,MEDI CAPS UNIVERSITY INDORE,Active,Madhya Pradesh,Indore,Indore,"A.B. ROAD, PIGDAMBER RAU, INDORE",452012,22.707773,75.85512,State Private University,NOT APPLICABLE,Approved,Approved,B+,No,,Tier 3,http://www.medicapsindore.ac.in,info@medicapsindore.ac.in,admissions@medicapsindore.ac.in,placement@medicapsindore.ac.in,+91-80-342-8207,Electronics & Communication Engineering (ECE),B.Tech,180,2604,1999,Rural,Yes,Yes
1-44637343295,1-44637343295,U-0992,MEDI CAPS UNIVERSITY INDORE,Active,Madhya Pradesh,Indore,Indore,"A.B. ROAD, PIGDAMBER RAU, INDORE",452012,22.707773,75.85512,State Private University,NOT APPLICABLE,Approved,Approved,B+,No,,Tier 3,http://www.medicapsindore.ac.in,info@medicapsindore.ac.in,admissions@medicapsindore.ac.in,placement@medicapsindore.ac.in,+91-80-342-8207,Robotics,B.Tech,120,2604,1999,Rural,Yes,Yes
1-44637343295,1-44637343295,U-0992,MEDI CAPS UNIVERSITY INDORE,Active,Madhya Pradesh,Indore,Indore,"A.B. ROAD, PIGDAMBER RAU, INDORE",452012,22.707773,75.85512,State Private University,NOT APPLICABLE,Approved,Approved,B+,No,,Tier 3,http://www.medicapsindore.ac.in,info@medicapsindore.ac.in,admissions@medicapsindore.ac.in,placement@medicapsindore.ac.in,+91-80-342-8207,Electrical Engineering,B.Tech,60,2604,1999,Rural,Yes,Yes
1-44637343295,1-44637343295,U-0992,MEDI CAPS UNIVERSITY INDORE,Active,Madhya Pradesh,Indore,Indore,"A.B. ROAD, PIGDAMBER RAU, INDORE",452012,22.707773,75.85512,State Private University,NOT APPLICABLE,Approved,Approved,B+,No,,Tier 3,http://www.medicapsindore.ac.in,info@medicapsindore.ac.in,admissions@medicapsindore.ac.in,placement@medicapsindore.ac.in,+91-80-342-8207,Mechanical Engineering,B.Tech,60,2604,1999,Rural,Yes,Yes
1-44637343295,1-44637343295,U-0992,MEDI CAPS UNIVERSITY INDORE,Active,Madhya Pradesh,Indore,Indore,"A.B. ROAD, PIGDAMBER RAU, INDORE",452012,22.707773,75.85512,State Private University,NOT APPLICABLE,Approved,Approved,B+,No,,Tier 3,http://www.medicapsindore.ac.in,info@medicapsindore.ac.in,admissions@medicapsindore.ac.in,placement@medicapsindore.ac.in,+91-80-342-8207,Other Engineering Branches,M.Tech,18,2604,1999,Rural,Yes,Yes
1-44637343295,1-44637343295,U-0992,MEDI CAPS UNIVERSITY INDORE,Active,Madhya Pradesh,Indore,Indore,"A.B. ROAD, PIGDAMBER RAU, INDORE",452012,22.707773,75.85512,State Private University,NOT APPLICABLE,Approved,Approved,B+,No,,Tier 3,http://www.medicapsindore.ac.in,info@medicapsindore.ac.in,admissions@medicapsindore.ac.in,placement@medicapsindore.ac.in,+91-80-342-8207,Data Science,B.Tech,60,2604,1999,Rural,Yes,Yes
1-44637343295,1-44637343295,U-0992,MEDI CAPS UNIVERSITY INDORE,Active,Madhya Pradesh,Indore,Indore,"A.B. ROAD, PIGDAMBER RAU, INDORE",452012,22.707773,75.85512,State Private University,NOT APPLICABLE,Approved,Approved,B+,No,,Tier 3,http://www.medicapsindore.ac.in,info@medicapsindore.ac.in,admissions@medicapsindore.ac.in,placement@medicapsindore.ac.in,+91-80-342-8207,IoT,B.Tech,60,2604,1999,Rural,Yes,Yes
1-44637343295,1-44637343295,U-0992,MEDI CAPS UNIVERSITY INDORE,Active,Madhya Pradesh,Indore,Indore,"A.B. ROAD, PIGDAMBER RAU, INDORE",452012,22.707773,75.85512,State Private University,NOT APPLICABLE,Approved,Approved,B+,No,,Tier 3,http://www.medicapsindore.ac.in,info@medicapsindore.ac.in,admissions@medicapsindore.ac.in,placement@medicapsindore.ac.in,+91-80-342-8207,Cyber Security,B.Tech,60,2604,1999,Rural,Yes,Yes
1-44637343295,1-44637343295,U-0992,MEDI CAPS UNIVERSITY INDORE,Active,Madhya Pradesh,Indore,Indore,"A.B. ROAD, PIGDAMBER RAU, INDORE",452012,22.707773,75.85512,State Private University,NOT APPLICABLE,Approved,Approved,B+,No,,Tier 3,http://www.medicapsindore.ac.in,info@medicapsindore.ac.in,admissions@medicapsindore.ac.in,placement@medicapsindore.ac.in,+91-80-342-8207,Artificial Intelligence & Machine Learning (AI & ML),B.Tech,120,2604,1999,Rural,Yes,Yes
1-44637343295,1-44637343295,U-0992,MEDI CAPS UNIVERSITY INDORE,Active,Madhya Pradesh,Indore,Indore,"A.B. ROAD, PIGDAMBER RAU, INDORE",452012,22.707773,75.85512,State Private University,NOT APPLICABLE,Approved,Approved,B+,No,,Tier 3,http://www.medicapsindore.ac.in,info@medicapsindore.ac.in,admissions@medicapsindore.ac.in,placement@medicapsindore.ac.in,+91-80-342-8207,Mechanical Engineering,M.Tech,18,2604,1999,Rural,Yes,Yes
1-44637343295,1-44637343295,U-0992,MEDI CAPS UNIVERSITY INDORE,Active,Madhya Pradesh,Indore,Indore,"A.B. ROAD, PIGDAMBER RAU, INDORE",452012,22.707773,75.85512,State Private University,NOT APPLICABLE,Approved,Approved,B+,No,,Tier 3,http://www.medicapsindore.ac.in,info@medicapsindore.ac.in,admissions@medicapsindore.ac.in,placement@medicapsindore.ac.in,+91-80-342-8207,Information Technology (IT),M.Tech,18,2604,1999,Rural,Yes,Yes
1-44637343295,1-44637343295,U-0992,MEDI CAPS UNIVERSITY INDORE,Active,Madhya Pradesh,Indore,Indore,"A.B. ROAD, PIGDAMBER RAU, INDORE",452012,22.707773,75.85512,State Private University,NOT APPLICABLE,Approved,Approved,B+,No,,Tier 3,http://www.medicapsindore.ac.in,info@medicapsindore.ac.in,admissions@medicapsindore.ac.in,placement@medicapsindore.ac.in,+91-80-342-8207,Electrical Engineering,M.Tech,18,2604,1999,Rural,Yes,Yes
1-44637343295,1-44637343295,U-0992,MEDI CAPS UNIVERSITY INDORE,Active,Madhya Pradesh,Indore,Indore,"A.B. ROAD, PIGDAMBER RAU, INDORE",452012,22.707773,75.85512,State Private University,NOT APPLICABLE,Approved,Approved,B+,No,,Tier 3,http://www.medicapsindore.ac.in,info@medicapsindore.ac.in,admissions@medicapsindore.ac.in,placement@medicapsindore.ac.in,+91-80-342-8207,Electronics & Communication Engineering (ECE),M.Tech,78,2604,1999,Rural,Yes,Yes
1-44637343295,1-44637343295,U-0992,MEDI CAPS UNIVERSITY INDORE,Active,Madhya Pradesh,Indore,Indore,"A.B. ROAD, PIGDAMBER RAU, INDORE",452012,22.707773,75.85512,State Private University,NOT APPLICABLE,Approved,Approved,B+,No,,Tier 3,http://www.medicapsindore.ac.in,info@medicapsindore.ac.in,admissions@medicapsindore.ac.in,placement@medicapsindore.ac.in,+91-80-342-8207,Civil Engineering,M.Tech,18,2604,1999,Rural,Yes,Yes
1-44637343295,1-44637343295,U-0992,MEDI CAPS UNIVERSITY INDORE,Active,Madhya Pradesh,Indore,Indore,"A.B. ROAD, PIGDAMBER RAU, INDORE",452012,22.707773,75.85512,State Private University,NOT APPLICABLE,Approved,Approved,B+,No,,Tier 3,http://www.medicapsindore.ac.in,info@medicapsindore.ac.in,admissions@medicapsindore.ac.in,placement@medicapsindore.ac.in,+91-80-342-8207,Computer Science Engineering (CSE),M.Tech,36,2604,1999,Rural,Yes,Yes
1-44637343295,1-44637343295,U-0992,MEDI CAPS UNIVERSITY INDORE,Active,Madhya Pradesh,Indore,Indore,"A.B. ROAD, PIGDAMBER RAU, INDORE",452012,22.707773,75.85512,State Private University,NOT APPLICABLE,Approved,Approved,B+,No,,Tier 3,http://www.medicapsindore.ac.in,info@medicapsindore.ac.in,admissions@medicapsindore.ac.in,placement@medicapsindore.ac.in,+91-80-342-8207,Other Engineering Branches,B.Tech,60,2604,1999,Rural,Yes,Yes
1-44638590863,1-44638590863,U-0992,POLYTECHNIC (ENGINEERING),Active,Madhya Pradesh,Sehore,Sehore,"BHOPAL-INDORE,ABDULLAPUR SEHORE  PIN Ã¢â¬â 466001",466001,22.99274,78.675176,State Private University,NOT APPLICABLE,Approved,Approved,B,Yes,,Tier 3,http://www.inst4454.ac.in,info@inst4454.ac.in,admissions@inst4454.ac.in,placement@inst4454.ac.in,+91-80-650-0468,Electrical Engineering,Diploma,60,300,2009,Urban,No,Yes
1-44638590863,1-44638590863,U-0992,POLYTECHNIC (ENGINEERING),Active,Madhya Pradesh,Sehore,Sehore,"BHOPAL-INDORE,ABDULLAPUR SEHORE  PIN Ã¢â¬â 466001",466001,22.99274,78.675176,State Private University,NOT APPLICABLE,Approved,Approved,B,Yes,,Tier 3,http://www.inst4454.ac.in,info@inst4454.ac.in,admissions@inst4454.ac.in,placement@inst4454.ac.in,+91-80-650-0468,Chemical Engineering,Diploma,60,300,2009,Urban,No,Yes
1-44638590863,1-44638590863,U-0992,POLYTECHNIC (ENGINEERING),Active,Madhya Pradesh,Sehore,Sehore,"BHOPAL-INDORE,ABDULLAPUR SEHORE  PIN Ã¢â¬â 466001",466001,22.99274,78.675176,State Private University,NOT APPLICABLE,Approved,Approved,B,Yes,,Tier 3,http://www.inst4454.ac.in,info@inst4454.ac.in,admissions@inst4454.ac.in,placement@inst4454.ac.in,+91-80-650-0468,Civil Engineering,Diploma,60,300,2009,Urban,No,Yes
1-44638590863,1-44638590863,U-0992,POLYTECHNIC (ENGINEERING),Active,Madhya Pradesh,Sehore,Sehore,"BHOPAL-INDORE,ABDULLAPUR SEHORE  PIN Ã¢â¬â 466001",466001,22.99274,78.675176,State Private University,NOT APPLICABLE,Approved,Approved,B,Yes,,Tier 3,http://www.inst4454.ac.in,info@inst4454.ac.in,admissions@inst4454.ac.in,placement@inst4454.ac.in,+91-80-650-0468,Computer Science Engineering (CSE),Diploma,60,300,2009,Urban,No,Yes
1-44638590863,1-44638590863,U-0992,POLYTECHNIC (ENGINEERING),Active,Madhya Pradesh,Sehore,Sehore,"BHOPAL-INDORE,ABDULLAPUR SEHORE  PIN Ã¢â¬â 466001",466001,22.99274,78.675176,State Private University,NOT APPLICABLE,Approved,Approved,B,Yes,,Tier 3,http://www.inst4454.ac.in,info@inst4454.ac.in,admissions@inst4454.ac.in,placement@inst4454.ac.in,+91-80-650-0468,Mechanical Engineering,Diploma,60,300,2009,Urban,No,Yes
1-44638672970,1-44638672970,U-0441,DR. A.P.J. ABDUL KALAM UIT JHABUA,Active,Madhya Pradesh,Jhabua,Jhabua,"VILLAGE-GADWADA, UMARI ROAD, JHABUA, MADHYA PRADESH, 457661",457661,22.96135,78.638437,State Government University,"Rajiv Gandhi Proudyogiki Vishwavidyalaya, Bhopal",Approved,Approved,A,No,,Tier 3,http://www.drapjabdul.ac.in,info@drapjabdul.ac.in,admissions@drapjabdul.ac.in,placement@drapjabdul.ac.in,+91-80-333-4409,Computer Science Engineering (CSE),B.Tech,60,120,2020,Urban,No,Yes
1-44638672970,1-44638672970,U-0441,DR. A.P.J. ABDUL KALAM UIT JHABUA,Active,Madhya Pradesh,Jhabua,Jhabua,"VILLAGE-GADWADA, UMARI ROAD, JHABUA, MADHYA PRADESH, 457661",457661,22.96135,78.638437,State Government University,"Rajiv Gandhi Proudyogiki Vishwavidyalaya, Bhopal",Approved,Approved,A,No,,Tier 3,http://www.drapjabdul.ac.in,info@drapjabdul.ac.in,admissions@drapjabdul.ac.in,placement@drapjabdul.ac.in,+91-80-333-4409,Mechanical Engineering,B.Tech,60,120,2020,Urban,No,Yes
1-44638594811,1-44638594811,U-0441,"GOVERNMENT POLYTECHNIC COLLEGE, JATARA",Active,Madhya Pradesh,Tikamgarh,Tikamgarh,"TIKAMGARH ROAD, JATARA, TIKAMGARH, M.P.",452000,22.987791,78.65195,Government,"Rajiv Gandhi Proudyogiki Vishwavidyalaya, Bhopal",Approved,Approved,A+,Yes,,Tier 2,http://www.jatara.ac.in,info@jatara.ac.in,admissions@jatara.ac.in,placement@jatara.ac.in,+91-80-442-4672,Civil Engineering,Diploma,60,240,2018,Urban,Yes,Yes
1-44638594811,1-44638594811,U-0441,"GOVERNMENT POLYTECHNIC COLLEGE, JATARA",Active,Madhya Pradesh,Tikamgarh,Tikamgarh,"TIKAMGARH ROAD, JATARA, TIKAMGARH, M.P.",452000,22.987791,78.65195,Government,"Rajiv Gandhi Proudyogiki Vishwavidyalaya, Bhopal",Approved,Approved,A+,Yes,,Tier 2,http://www.jatara.ac.in,info@jatara.ac.in,admissions@jatara.ac.in,placement@jatara.ac.in,+91-80-442-4672,Electronics & Communication Engineering (ECE),Diploma,60,240,2018,Urban,Yes,Yes
1-44638594811,1-44638594811,U-0441,"GOVERNMENT POLYTECHNIC COLLEGE, JATARA",Active,Madhya Pradesh,Tikamgarh,Tikamgarh,"TIKAMGARH ROAD, JATARA, TIKAMGARH, M.P.",452000,22.987791,78.65195,Government,"Rajiv Gandhi Proudyogiki Vishwavidyalaya, Bhopal",Approved,Approved,A+,Yes,,Tier 2,http://www.jatara.ac.in,info@jatara.ac.in,admissions@jatara.ac.in,placement@jatara.ac.in,+91-80-442-4672,Mechanical Engineering,Diploma,60,240,2018,Urban,Yes,Yes
1-44638594811,1-44638594811,U-0441,"GOVERNMENT POLYTECHNIC COLLEGE, JATARA",Active,Madhya Pradesh,Tikamgarh,Tikamgarh,"TIKAMGARH ROAD, JATARA, TIKAMGARH, M.P.",452000,22.987791,78.65195,Government,"Rajiv Gandhi Proudyogiki Vishwavidyalaya, Bhopal",Approved,Approved,A+,Yes,,Tier 2,http://www.jatara.ac.in,info@jatara.ac.in,admissions@jatara.ac.in,placement@jatara.ac.in,+91-80-442-4672,Computer Science Engineering (CSE),Diploma,60,240,2018,Urban,Yes,Yes
1-44638628739,1-44638628739,U-0441,"GOVERNMENT POLYTECHNIC COLLEGE, AGAR MALWA",Active,Madhya Pradesh,Shajapur,Shajapur,"GOVERNMENT POLYTECHNIC COLLEGE AGAR-MALWA, NEAR RTO, UJJAIN ROAD, AGAR-MALWA, 465441",465441,22.969148,78.662662,Government,"Rajiv Gandhi Proudyogiki Vishwavidyalaya, Bhopal",Approved,Approved,A+,Yes,,Tier 2,http://www.agarmalwa.ac.in,info@agarmalwa.ac.in,admissions@agarmalwa.ac.in,placement@agarmalwa.ac.in,+91-80-660-5220,Mechanical Engineering,Diploma,60,240,2001,Urban,Yes,Yes
1-44638628739,1-44638628739,U-0441,"GOVERNMENT POLYTECHNIC COLLEGE, AGAR MALWA",Active,Madhya Pradesh,Shajapur,Shajapur,"GOVERNMENT POLYTECHNIC COLLEGE AGAR-MALWA, NEAR RTO, UJJAIN ROAD, AGAR-MALWA, 465441",465441,22.969148,78.662662,Government,"Rajiv Gandhi Proudyogiki Vishwavidyalaya, Bhopal",Approved,Approved,A+,Yes,,Tier 2,http://www.agarmalwa.ac.in,info@agarmalwa.ac.in,admissions@agarmalwa.ac.in,placement@agarmalwa.ac.in,+91-80-660-5220,Civil Engineering,Diploma,60,240,2001,Urban,Yes,Yes
1-44638628739,1-44638628739,U-0441,"GOVERNMENT POLYTECHNIC COLLEGE, AGAR MALWA",Active,Madhya Pradesh,Shajapur,Shajapur,"GOVERNMENT POLYTECHNIC COLLEGE AGAR-MALWA, NEAR RTO, UJJAIN ROAD, AGAR-MALWA, 465441",465441,22.969148,78.662662,Government,"Rajiv Gandhi Proudyogiki Vishwavidyalaya, Bhopal",Approved,Approved,A+,Yes,,Tier 2,http://www.agarmalwa.ac.in,info@agarmalwa.ac.in,admissions@agarmalwa.ac.in,placement@agarmalwa.ac.in,+91-80-660-5220,Computer Science Engineering (CSE),Diploma,60,240,2001,Urban,Yes,Yes
1-44638628739,1-44638628739,U-0441,"GOVERNMENT POLYTECHNIC COLLEGE, AGAR MALWA",Active,Madhya Pradesh,Shajapur,Shajapur,"GOVERNMENT POLYTECHNIC COLLEGE AGAR-MALWA, NEAR RTO, UJJAIN ROAD, AGAR-MALWA, 465441",465441,22.969148,78.662662,Government,"Rajiv Gandhi Proudyogiki Vishwavidyalaya, Bhopal",Approved,Approved,A+,Yes,,Tier 2,http://www.agarmalwa.ac.in,info@agarmalwa.ac.in,admissions@agarmalwa.ac.in,placement@agarmalwa.ac.in,+91-80-660-5220,Electronics & Communication Engineering (ECE),Diploma,60,240,2001,Urban,Yes,Yes
1-44637347797,1-44637347797,U-0398,RENAISSANCE UNIVERSITY,Active,Madhya Pradesh,Indore,Indore,"GRAM REVTI, BEHIND AUROBINDO HOSPITAL, SANWER UJJAIN ROAD, INDORE",452012,22.701888,75.865749,State Private University,Self,Approved,Approved,A,No,,Tier 3,http://www.renaissance.ac.in,info@renaissance.ac.in,admissions@renaissance.ac.in,placement@renaissance.ac.in,+91-80-095-9923,Computer Science Engineering (CSE),B.Tech,120,360,1999,Urban,Yes,Yes
1-44637347797,1-44637347797,U-0398,RENAISSANCE UNIVERSITY,Active,Madhya Pradesh,Indore,Indore,"GRAM REVTI, BEHIND AUROBINDO HOSPITAL, SANWER UJJAIN ROAD, INDORE",452012,22.701888,75.865749,State Private University,Self,Approved,Approved,A,No,,Tier 3,http://www.renaissance.ac.in,info@renaissance.ac.in,admissions@renaissance.ac.in,placement@renaissance.ac.in,+91-80-095-9923,Data Science,B.Tech,60,360,1999,Urban,Yes,Yes
1-44637347797,1-44637347797,U-0398,RENAISSANCE UNIVERSITY,Active,Madhya Pradesh,Indore,Indore,"GRAM REVTI, BEHIND AUROBINDO HOSPITAL, SANWER UJJAIN ROAD, INDORE",452012,22.701888,75.865749,State Private University,Self,Approved,Approved,A,No,,Tier 3,http://www.renaissance.ac.in,info@renaissance.ac.in,admissions@renaissance.ac.in,placement@renaissance.ac.in,+91-80-095-9923,Information Technology (IT),B.Tech,60,360,1999,Urban,Yes,Yes
1-44637347797,1-44637347797,U-0398,RENAISSANCE UNIVERSITY,Active,Madhya Pradesh,Indore,Indore,"GRAM REVTI, BEHIND AUROBINDO HOSPITAL, SANWER UJJAIN ROAD, INDORE",452012,22.701888,75.865749,State Private University,Self,Approved,Approved,A,No,,Tier 3,http://www.renaissance.ac.in,info@renaissance.ac.in,admissions@renaissance.ac.in,placement@renaissance.ac.in,+91-80-095-9923,Electronics & Communication Engineering (ECE),B.Tech,60,360,1999,Urban,Yes,Yes
1-44637347797,1-44637347797,U-0398,RENAISSANCE UNIVERSITY,Active,Madhya Pradesh,Indore,Indore,"GRAM REVTI, BEHIND AUROBINDO HOSPITAL, SANWER UJJAIN ROAD, INDORE",452012,22.701888,75.865749,State Private University,Self,Approved,Approved,A,No,,Tier 3,http://www.renaissance.ac.in,info@renaissance.ac.in,admissions@renaissance.ac.in,placement@renaissance.ac.in,+91-80-095-9923,Other Engineering Branches,B.Tech,60,360,1999,Urban,Yes,Yes
1-44638755184,1-44638755184,U-0992,SVKM'S NMIMS SCHOOL OF BUSINESS MANAGEMENT - INDORE,Active,Madhya Pradesh,Indore,Indore,BADA BANGARDA  TEHSIL HATOD,452012,22.731576,75.873428,State Private University,NOT APPLICABLE,Approved,Approved,B++,Yes,,Tier 3,http://www.svkmsnmimsschool.ac.in,info@svkmsnmimsschool.ac.in,admissions@svkmsnmimsschool.ac.in,placement@svkmsnmimsschool.ac.in,+91-80-341-1812,Computer Science Engineering (CSE),B.Tech,240,300,1986,Urban,Yes,Yes
1-44638755184,1-44638755184,U-0992,SVKM'S NMIMS SCHOOL OF BUSINESS MANAGEMENT - INDORE,Active,Madhya Pradesh,Indore,Indore,BADA BANGARDA  TEHSIL HATOD,452012,22.731576,75.873428,State Private University,NOT APPLICABLE,Approved,Approved,B++,Yes,,Tier 3,http://www.svkmsnmimsschool.ac.in,info@svkmsnmimsschool.ac.in,admissions@svkmsnmimsschool.ac.in,placement@svkmsnmimsschool.ac.in,+91-80-341-1812,Data Science,B.Tech,60,300,1986,Urban,Yes,Yes
1-44638755688,1-44638755688,U-0441,GOVT POLYTECHNIC COLLEGE BARELI,Active,Madhya Pradesh,Raisen,Raisen,GOVT POLYTECHNIC OCOLLEGE BARELI CAMPUS S.V. POLYTECHNIC BHOPAL M.P.,452808,22.953827,78.661078,Government,"Rajiv Gandhi Proudyogiki Vishwavidyalaya, Bhopal",Approved,Approved,B++,Yes,,Tier 3,http://www.govtbareli.ac.in,info@govtbareli.ac.in,admissions@govtbareli.ac.in,placement@govtbareli.ac.in,+91-80-017-9098,Civil Engineering,Diploma,60,240,1980,Rural,No,Yes
1-44638755688,1-44638755688,U-0441,GOVT POLYTECHNIC COLLEGE BARELI,Active,Madhya Pradesh,Raisen,Raisen,GOVT POLYTECHNIC OCOLLEGE BARELI CAMPUS S.V. POLYTECHNIC BHOPAL M.P.,452808,22.953827,78.661078,Government,"Rajiv Gandhi Proudyogiki Vishwavidyalaya, Bhopal",Approved,Approved,B++,Yes,,Tier 3,http://www.govtbareli.ac.in,info@govtbareli.ac.in,admissions@govtbareli.ac.in,placement@govtbareli.ac.in,+91-80-017-9098,Computer Science Engineering (CSE),Diploma,60,240,1980,Rural,No,Yes
1-44638755688,1-44638755688,U-0441,GOVT POLYTECHNIC COLLEGE BARELI,Active,Madhya Pradesh,Raisen,Raisen,GOVT POLYTECHNIC OCOLLEGE BARELI CAMPUS S.V. POLYTECHNIC BHOPAL M.P.,452808,22.953827,78.661078,Government,"Rajiv Gandhi Proudyogiki Vishwavidyalaya, Bhopal",Approved,Approved,B++,Yes,,Tier 3,http://www.govtbareli.ac.in,info@govtbareli.ac.in,admissions@govtbareli.ac.in,placement@govtbareli.ac.in,+91-80-017-9098,Mechanical Engineering,Diploma,60,240,1980,Rural,No,Yes
1-44638755688,1-44638755688,U-0441,GOVT POLYTECHNIC COLLEGE BARELI,Active,Madhya Pradesh,Raisen,Raisen,GOVT POLYTECHNIC OCOLLEGE BARELI CAMPUS S.V. POLYTECHNIC BHOPAL M.P.,452808,22.953827,78.661078,Government,"Rajiv Gandhi Proudyogiki Vishwavidyalaya, Bhopal",Approved,Approved,B++,Yes,,Tier 3,http://www.govtbareli.ac.in,info@govtbareli.ac.in,admissions@govtbareli.ac.in,placement@govtbareli.ac.in,+91-80-017-9098,Electronics & Communication Engineering (ECE),Diploma,60,240,1980,Rural,No,Yes
1-44638756198,1-44638756198,U-0042,EKLAVYA GOVERNMENT POLYTECHNIC COLLEGE HARSUD DIST KHANDWA (M.P.),Active,Madhya Pradesh,Khandwa,Khandwa,EKLAVYA GOVERNMENT POLYTECHNIC COLLEGE HARSUD DIST KHANDWA (M.P.),452405,22.992347,78.641427,Government,"Rajiv Gandhi Technical University, Bhopal",Approved,Approved,A+,Yes,,Tier 2,http://www.eklavyaharsuddist.ac.in,info@eklavyaharsuddist.ac.in,admissions@eklavyaharsuddist.ac.in,placement@eklavyaharsuddist.ac.in,+91-80-633-5132,Civil Engineering,Diploma,60,240,2012,Urban,Yes,Yes
1-44638756198,1-44638756198,U-0042,EKLAVYA GOVERNMENT POLYTECHNIC COLLEGE HARSUD DIST KHANDWA (M.P.),Active,Madhya Pradesh,Khandwa,Khandwa,EKLAVYA GOVERNMENT POLYTECHNIC COLLEGE HARSUD DIST KHANDWA (M.P.),452405,22.992347,78.641427,Government,"Rajiv Gandhi Technical University, Bhopal",Approved,Approved,A+,Yes,,Tier 2,http://www.eklavyaharsuddist.ac.in,info@eklavyaharsuddist.ac.in,admissions@eklavyaharsuddist.ac.in,placement@eklavyaharsuddist.ac.in,+91-80-633-5132,Mechanical Engineering,Diploma,60,240,2012,Urban,Yes,Yes
1-44638756198,1-44638756198,U-0042,EKLAVYA GOVERNMENT POLYTECHNIC COLLEGE HARSUD DIST KHANDWA (M.P.),Active,Madhya Pradesh,Khandwa,Khandwa,EKLAVYA GOVERNMENT POLYTECHNIC COLLEGE HARSUD DIST KHANDWA (M.P.),452405,22.992347,78.641427,Government,"Rajiv Gandhi Technical University, Bhopal",Approved,Approved,A+,Yes,,Tier 2,http://www.eklavyaharsuddist.ac.in,info@eklavyaharsuddist.ac.in,admissions@eklavyaharsuddist.ac.in,placement@eklavyaharsuddist.ac.in,+91-80-633-5132,Electronics & Communication Engineering (ECE),Diploma,60,240,2012,Urban,Yes,Yes
1-44638756198,1-44638756198,U-0042,EKLAVYA GOVERNMENT POLYTECHNIC COLLEGE HARSUD DIST KHANDWA (M.P.),Active,Madhya Pradesh,Khandwa,Khandwa,EKLAVYA GOVERNMENT POLYTECHNIC COLLEGE HARSUD DIST KHANDWA (M.P.),452405,22.992347,78.641427,Government,"Rajiv Gandhi Technical University, Bhopal",Approved,Approved,A+,Yes,,Tier 2,http://www.eklavyaharsuddist.ac.in,info@eklavyaharsuddist.ac.in,admissions@eklavyaharsuddist.ac.in,placement@eklavyaharsuddist.ac.in,+91-80-633-5132,Computer Science Engineering (CSE),Diploma,60,240,2012,Urban,Yes,Yes
1-44638617375,1-44638617375,U-0441,SHREEJEE INSTITUTE OF TECHNOLOGY AND MANAGEMENT,Active,Madhya Pradesh,Khargone,Khargone,"7KM KARGONE KHANDWA ROAD, NEAR GAYATRI MANDIR, VILLAGE MIRZA",452437,22.992957,78.664259,Private-Self Financing,"Rajiv Gandhi Proudyogiki Vishwavidyalaya, Bhopal",Approved,Approved,A,No,,Tier 3,http://www.shreejeemanagement.ac.in,info@shreejeemanagement.ac.in,admissions@shreejeemanagement.ac.in,placement@shreejeemanagement.ac.in,+91-80-659-1279,Mechanical Engineering,B.Tech,30,222,1988,Urban,Yes,Yes
1-44638617375,1-44638617375,U-0441,SHREEJEE INSTITUTE OF TECHNOLOGY AND MANAGEMENT,Active,Madhya Pradesh,Khargone,Khargone,"7KM KARGONE KHANDWA ROAD, NEAR GAYATRI MANDIR, VILLAGE MIRZA",452437,22.992957,78.664259,Private-Self Financing,"Rajiv Gandhi Proudyogiki Vishwavidyalaya, Bhopal",Approved,Approved,A,No,,Tier 3,http://www.shreejeemanagement.ac.in,info@shreejeemanagement.ac.in,admissions@shreejeemanagement.ac.in,placement@shreejeemanagement.ac.in,+91-80-659-1279,Civil Engineering,B.Tech,48,222,1988,Urban,Yes,Yes
1-44638617375,1-44638617375,U-0441,SHREEJEE INSTITUTE OF TECHNOLOGY AND MANAGEMENT,Active,Madhya Pradesh,Khargone,Khargone,"7KM KARGONE KHANDWA ROAD, NEAR GAYATRI MANDIR, VILLAGE MIRZA",452437,22.992957,78.664259,Private-Self Financing,"Rajiv Gandhi Proudyogiki Vishwavidyalaya, Bhopal",Approved,Approved,A,No,,Tier 3,http://www.shreejeemanagement.ac.in,info@shreejeemanagement.ac.in,admissions@shreejeemanagement.ac.in,placement@shreejeemanagement.ac.in,+91-80-659-1279,Electronics & Communication Engineering (ECE),B.Tech,48,222,1988,Urban,Yes,Yes
1-44638617375,1-44638617375,U-0441,SHREEJEE INSTITUTE OF TECHNOLOGY AND MANAGEMENT,Active,Madhya Pradesh,Khargone,Khargone,"7KM KARGONE KHANDWA ROAD, NEAR GAYATRI MANDIR, VILLAGE MIRZA",452437,22.992957,78.664259,Private-Self Financing,"Rajiv Gandhi Proudyogiki Vishwavidyalaya, Bhopal",Approved,Approved,A,No,,Tier 3,http://www.shreejeemanagement.ac.in,info@shreejeemanagement.ac.in,admissions@shreejeemanagement.ac.in,placement@shreejeemanagement.ac.in,+91-80-659-1279,Electrical & Electronics Engineering (EEE),B.Tech,48,222,1988,Urban,Yes,Yes
1-44638617375,1-44638617375,U-0441,SHREEJEE INSTITUTE OF TECHNOLOGY AND MANAGEMENT,Active,Madhya Pradesh,Khargone,Khargone,"7KM KARGONE KHANDWA ROAD, NEAR GAYATRI MANDIR, VILLAGE MIRZA",452437,22.992957,78.664259,Private-Self Financing,"Rajiv Gandhi Proudyogiki Vishwavidyalaya, Bhopal",Approved,Approved,A,No,,Tier 3,http://www.shreejeemanagement.ac.in,info@shreejeemanagement.ac.in,admissions@shreejeemanagement.ac.in,placement@shreejeemanagement.ac.in,+91-80-659-1279,Computer Science Engineering (CSE),B.Tech,48,222,1988,Urban,Yes,Yes
1-44636969605,1-44636969605,U-0974,SANJEEV AGRAWAL GLOBAL EDUCATIONAL UNIVERSITY,Active,Madhya Pradesh,Bhopal,Bhopal,KATARA EXTENSION SAHAR BYPASS ROAD,452493,23.244983,77.397206,Private-Self Financing,SAGE,Approved,Approved,A,No,,Tier 3,http://www.sanjeevagrawalglobal.ac.in,info@sanjeevagrawalglobal.ac.in,admissions@sanjeevagrawalglobal.ac.in,placement@sanjeevagrawalglobal.ac.in,+91-80-213-1997,Computer Science Engineering (CSE),B.Tech,480,534,1984,Urban,Yes,Yes
1-44636969605,1-44636969605,U-0974,SANJEEV AGRAWAL GLOBAL EDUCATIONAL UNIVERSITY,Active,Madhya Pradesh,Bhopal,Bhopal,KATARA EXTENSION SAHAR BYPASS ROAD,452493,23.244983,77.397206,Private-Self Financing,SAGE,Approved,Approved,A,No,,Tier 3,http://www.sanjeevagrawalglobal.ac.in,info@sanjeevagrawalglobal.ac.in,admissions@sanjeevagrawalglobal.ac.in,placement@sanjeevagrawalglobal.ac.in,+91-80-213-1997,Data Science,M.Tech,18,534,1984,Urban,Yes,Yes
1-44636969605,1-44636969605,U-0974,SANJEEV AGRAWAL GLOBAL EDUCATIONAL UNIVERSITY,Active,Madhya Pradesh,Bhopal,Bhopal,KATARA EXTENSION SAHAR BYPASS ROAD,452493,23.244983,77.397206,Private-Self Financing,SAGE,Approved,Approved,A,No,,Tier 3,http://www.sanjeevagrawalglobal.ac.in,info@sanjeevagrawalglobal.ac.in,admissions@sanjeevagrawalglobal.ac.in,placement@sanjeevagrawalglobal.ac.in,+91-80-213-1997,Other Engineering Branches,M.Tech,18,534,1984,Urban,Yes,Yes
1-44636969605,1-44636969605,U-0974,SANJEEV AGRAWAL GLOBAL EDUCATIONAL UNIVERSITY,Active,Madhya Pradesh,Bhopal,Bhopal,KATARA EXTENSION SAHAR BYPASS ROAD,452493,23.244983,77.397206,Private-Self Financing,SAGE,Approved,Approved,A,No,,Tier 3,http://www.sanjeevagrawalglobal.ac.in,info@sanjeevagrawalglobal.ac.in,admissions@sanjeevagrawalglobal.ac.in,placement@sanjeevagrawalglobal.ac.in,+91-80-213-1997,Computer Science Engineering (CSE),M.Tech,18,534,1984,Urban,Yes,Yes
1-44637281165,1-44637281165,U-0441,DR. BHAGAT SINGH RAI INSTITUTE OF TECHNOLOGY,Active,Madhya Pradesh,Seoni,Seoni,PALARI MANDLA ROAD TEHSIL SEONI DISTRICT SEONI,452718,22.96762,78.676327,Private-Self Financing,"Rajiv Gandhi Proudyogiki Vishwavidyalaya, Bhopal",Approved,Approved,B++,Yes,,Tier 3,http://www.drbhagatsingh.ac.in,info@drbhagatsingh.ac.in,admissions@drbhagatsingh.ac.in,placement@drbhagatsingh.ac.in,+91-80-596-4540,Mechanical Engineering,B.Tech,30,360,2017,Urban,Yes,Yes
1-44637281165,1-44637281165,U-0441,DR. BHAGAT SINGH RAI INSTITUTE OF TECHNOLOGY,Active,Madhya Pradesh,Seoni,Seoni,PALARI MANDLA ROAD TEHSIL SEONI DISTRICT SEONI,452718,22.96762,78.676327,Private-Self Financing,"Rajiv Gandhi Proudyogiki Vishwavidyalaya, Bhopal",Approved,Approved,B++,Yes,,Tier 3,http://www.drbhagatsingh.ac.in,info@drbhagatsingh.ac.in,admissions@drbhagatsingh.ac.in,placement@drbhagatsingh.ac.in,+91-80-596-4540,Electrical Engineering,B.Tech,60,360,2017,Urban,Yes,Yes
1-44637281165,1-44637281165,U-0441,DR. BHAGAT SINGH RAI INSTITUTE OF TECHNOLOGY,Active,Madhya Pradesh,Seoni,Seoni,PALARI MANDLA ROAD TEHSIL SEONI DISTRICT SEONI,452718,22.96762,78.676327,Private-Self Financing,"Rajiv Gandhi Proudyogiki Vishwavidyalaya, Bhopal",Approved,Approved,B++,Yes,,Tier 3,http://www.drbhagatsingh.ac.in,info@drbhagatsingh.ac.in,admissions@drbhagatsingh.ac.in,placement@drbhagatsingh.ac.in,+91-80-596-4540,Computer Science Engineering (CSE),B.Tech,60,360,2017,Urban,Yes,Yes
1-44637281165,1-44637281165,U-0441,DR. BHAGAT SINGH RAI INSTITUTE OF TECHNOLOGY,Active,Madhya Pradesh,Seoni,Seoni,PALARI MANDLA ROAD TEHSIL SEONI DISTRICT SEONI,452718,22.96762,78.676327,Private-Self Financing,"Rajiv Gandhi Proudyogiki Vishwavidyalaya, Bhopal",Approved,Approved,B++,Yes,,Tier 3,http://www.drbhagatsingh.ac.in,info@drbhagatsingh.ac.in,admissions@drbhagatsingh.ac.in,placement@drbhagatsingh.ac.in,+91-80-596-4540,Data Science,B.Tech,60,360,2017,Urban,Yes,Yes
1-44637281165,1-44637281165,U-0441,DR. BHAGAT SINGH RAI INSTITUTE OF TECHNOLOGY,Active,Madhya Pradesh,Seoni,Seoni,PALARI MANDLA ROAD TEHSIL SEONI DISTRICT SEONI,452718,22.96762,78.676327,Private-Self Financing,"Rajiv Gandhi Proudyogiki Vishwavidyalaya, Bhopal",Approved,Approved,B++,Yes,,Tier 3,http://www.drbhagatsingh.ac.in,info@drbhagatsingh.ac.in,admissions@drbhagatsingh.ac.in,placement@drbhagatsingh.ac.in,+91-80-596-4540,Artificial Intelligence & Machine Learning (AI & ML),B.Tech,60,360,2017,Urban,Yes,Yes
1-44637281165,1-44637281165,U-0441,DR. BHAGAT SINGH RAI INSTITUTE OF TECHNOLOGY,Active,Madhya Pradesh,Seoni,Seoni,PALARI MANDLA ROAD TEHSIL SEONI DISTRICT SEONI,452718,22.96762,78.676327,Private-Self Financing,"Rajiv Gandhi Proudyogiki Vishwavidyalaya, Bhopal",Approved,Approved,B++,Yes,,Tier 3,http://www.drbhagatsingh.ac.in,info@drbhagatsingh.ac.in,admissions@drbhagatsingh.ac.in,placement@drbhagatsingh.ac.in,+91-80-596-4540,Robotics,B.Tech,30,360,2017,Urban,Yes,Yes
1-44637281165,1-44637281165,U-0441,DR. BHAGAT SINGH RAI INSTITUTE OF TECHNOLOGY,Active,Madhya Pradesh,Seoni,Seoni,PALARI MANDLA ROAD TEHSIL SEONI DISTRICT SEONI,452718,22.96762,78.676327,Private-Self Financing,"Rajiv Gandhi Proudyogiki Vishwavidyalaya, Bhopal",Approved,Approved,B++,Yes,,Tier 3,http://www.drbhagatsingh.ac.in,info@drbhagatsingh.ac.in,admissions@drbhagatsingh.ac.in,placement@drbhagatsingh.ac.in,+91-80-596-4540,Information Technology (IT),B.Tech,60,360,2017,Urban,Yes,Yes
1-44639344241,1-44639344241,U-0441,GOVT POLYTECHNIC COLLEGE SEONI,Active,Madhya Pradesh,Seoni,Seoni,BARAPATTHER SEONI M.P.,452718,22.966686,78.638607,Government,"Rajiv Gandhi Proudyogiki Vishwavidyalaya, Bhopal",Approved,Approved,B++,Yes,,Tier 3,http://www.govtseoni.ac.in,info@govtseoni.ac.in,admissions@govtseoni.ac.in,placement@govtseoni.ac.in,+91-80-557-2618,Civil Engineering,Diploma,60,240,2007,Rural,Yes,No
1-44639344241,1-44639344241,U-0441,GOVT POLYTECHNIC COLLEGE SEONI,Active,Madhya Pradesh,Seoni,Seoni,BARAPATTHER SEONI M.P.,452718,22.966686,78.638607,Government,"Rajiv Gandhi Proudyogiki Vishwavidyalaya, Bhopal",Approved,Approved,B++,Yes,,Tier 3,http://www.govtseoni.ac.in,info@govtseoni.ac.in,admissions@govtseoni.ac.in,placement@govtseoni.ac.in,+91-80-557-2618,Computer Science Engineering (CSE),Diploma,60,240,2007,Rural,Yes,No
1-44639344241,1-44639344241,U-0441,GOVT POLYTECHNIC COLLEGE SEONI,Active,Madhya Pradesh,Seoni,Seoni,BARAPATTHER SEONI M.P.,452718,22.966686,78.638607,Government,"Rajiv Gandhi Proudyogiki Vishwavidyalaya, Bhopal",Approved,Approved,B++,Yes,,Tier 3,http://www.govtseoni.ac.in,info@govtseoni.ac.in,admissions@govtseoni.ac.in,placement@govtseoni.ac.in,+91-80-557-2618,Mechanical Engineering,Diploma,60,240,2007,Rural,Yes,No
1-44639344241,1-44639344241,U-0441,GOVT POLYTECHNIC COLLEGE SEONI,Active,Madhya Pradesh,Seoni,Seoni,BARAPATTHER SEONI M.P.,452718,22.966686,78.638607,Government,"Rajiv Gandhi Proudyogiki Vishwavidyalaya, Bhopal",Approved,Approved,B++,Yes,,Tier 3,http://www.govtseoni.ac.in,info@govtseoni.ac.in,admissions@govtseoni.ac.in,placement@govtseoni.ac.in,+91-80-557-2618,Electrical Engineering,Diploma,60,240,2007,Rural,Yes,No
1-44639389071,1-44639389071,U-0441,RUSTAMJI INSTITUTE OF TECHNOLOGY (DIPLOMA),Active,Madhya Pradesh,Gwalior,Gwalior,CSMT BSF ACADEMY TEKANPUR,452896,26.229651,78.19968,Govt aided,"Rajiv Gandhi Proudyogiki Vishwavidyalaya, Bhopal",Approved,Approved,B,Yes,,Tier 3,http://www.rustamjidiploma.ac.in,info@rustamjidiploma.ac.in,admissions@rustamjidiploma.ac.in,placement@rustamjidiploma.ac.in,+91-80-314-9676,Automobile Engineering,Diploma,60,120,2008,Urban,Yes,Yes
1-44639389071,1-44639389071,U-0441,RUSTAMJI INSTITUTE OF TECHNOLOGY (DIPLOMA),Active,Madhya Pradesh,Gwalior,Gwalior,CSMT BSF ACADEMY TEKANPUR,452896,26.229651,78.19968,Govt aided,"Rajiv Gandhi Proudyogiki Vishwavidyalaya, Bhopal",Approved,Approved,B,Yes,,Tier 3,http://www.rustamjidiploma.ac.in,info@rustamjidiploma.ac.in,admissions@rustamjidiploma.ac.in,placement@rustamjidiploma.ac.in,+91-80-314-9676,Mechanical Engineering,Diploma,60,120,2008,Urban,Yes,Yes
1-44639391273,1-44639391273,U-0441,V.M.GOVERNMENT POLYTECHNIC COLLEGE NARSINGHPUR MP,Active,Madhya Pradesh,Narsinhgpur,Narsinhgpur,STATION RAOD NARSINGHPUR MADHYA PRADESH,452428,22.992179,78.657476,Government,"Rajiv Gandhi Proudyogiki Vishwavidyalaya, Bhopal",Approved,Approved,B,No,,Tier 3,http://www.vmgovernmentnarsinghpurmp.ac.in,info@vmgovernmentnarsinghpurmp.ac.in,admissions@vmgovernmentnarsinghpurmp.ac.in,placement@vmgovernmentnarsinghpurmp.ac.in,+91-80-626-4835,Computer Science Engineering (CSE),Diploma,60,120,1994,Urban,No,Yes
1-44639391273,1-44639391273,U-0441,V.M.GOVERNMENT POLYTECHNIC COLLEGE NARSINGHPUR MP,Active,Madhya Pradesh,Narsinhgpur,Narsinhgpur,STATION RAOD NARSINGHPUR MADHYA PRADESH,452428,22.992179,78.657476,Government,"Rajiv Gandhi Proudyogiki Vishwavidyalaya, Bhopal",Approved,Approved,B,No,,Tier 3,http://www.vmgovernmentnarsinghpurmp.ac.in,info@vmgovernmentnarsinghpurmp.ac.in,admissions@vmgovernmentnarsinghpurmp.ac.in,placement@vmgovernmentnarsinghpurmp.ac.in,+91-80-626-4835,Electronics & Communication Engineering (ECE),Diploma,60,120,1994,Urban,No,Yes
1-44639404242,1-44639404242,U-0441,G0VT. POLYTECHNIC COLLEGE SIDHI CAMP WAIDHAN,Active,Madhya Pradesh,Sidhi,Sidhi,"GOVERNMENT POLYTECHNIC COLLEGE SIDHI, VILLAGE- PANWAR SENGRAN, TAHSIL- GOPAD BANAS, DISTRICT- SIDHI, M.P. PIN- 486661",486661,22.973796,78.669958,Government,"Rajiv Gandhi Proudyogiki Vishwavidyalaya, Bhopal",Approved,Approved,B,No,,Tier 3,http://www.g0vtsidhicamp.ac.in,info@g0vtsidhicamp.ac.in,admissions@g0vtsidhicamp.ac.in,placement@g0vtsidhicamp.ac.in,+91-80-855-4963,Computer Science Engineering (CSE),Diploma,60,120,2004,Urban,No,Yes
1-44639404242,1-44639404242,U-0441,G0VT. POLYTECHNIC COLLEGE SIDHI CAMP WAIDHAN,Active,Madhya Pradesh,Sidhi,Sidhi,"GOVERNMENT POLYTECHNIC COLLEGE SIDHI, VILLAGE- PANWAR SENGRAN, TAHSIL- GOPAD BANAS, DISTRICT- SIDHI, M.P. PIN- 486661",486661,22.973796,78.669958,Government,"Rajiv Gandhi Proudyogiki Vishwavidyalaya, Bhopal",Approved,Approved,B,No,,Tier 3,http://www.g0vtsidhicamp.ac.in,info@g0vtsidhicamp.ac.in,admissions@g0vtsidhicamp.ac.in,placement@g0vtsidhicamp.ac.in,+91-80-855-4963,Electronics & Communication Engineering (ECE),Diploma,60,120,2004,Urban,No,Yes
1-44639072894,1-44639072894,U-0441,CHAMELI DEVI GROUP OF INSTITUTIONS,Active,Madhya Pradesh,Indore,Indore,"GRAM UMRI KHEDA ,NEAR TOLL NAKA , KHANDWA ROAD",452012,22.709331,75.869008,Private-Self Financing,"Rajiv Gandhi Proudyogiki Vishwavidyalaya, Bhopal",Approved,Approved,A+,Yes,,Tier 2,http://www.chamelidevi.ac.in,info@chamelidevi.ac.in,admissions@chamelidevi.ac.in,placement@chamelidevi.ac.in,+91-80-408-1608,Information Technology (IT),B.Tech,60,798,1987,Rural,Yes,Yes
1-44639072894,1-44639072894,U-0441,CHAMELI DEVI GROUP OF INSTITUTIONS,Active,Madhya Pradesh,Indore,Indore,"GRAM UMRI KHEDA ,NEAR TOLL NAKA , KHANDWA ROAD",452012,22.709331,75.869008,Private-Self Financing,"Rajiv Gandhi Proudyogiki Vishwavidyalaya, Bhopal",Approved,Approved,A+,Yes,,Tier 2,http://www.chamelidevi.ac.in,info@chamelidevi.ac.in,admissions@chamelidevi.ac.in,placement@chamelidevi.ac.in,+91-80-408-1608,Mechanical Engineering,B.Tech,30,798,1987,Rural,Yes,Yes
1-44639072894,1-44639072894,U-0441,CHAMELI DEVI GROUP OF INSTITUTIONS,Active,Madhya Pradesh,Indore,Indore,"GRAM UMRI KHEDA ,NEAR TOLL NAKA , KHANDWA ROAD",452012,22.709331,75.869008,Private-Self Financing,"Rajiv Gandhi Proudyogiki Vishwavidyalaya, Bhopal",Approved,Approved,A+,Yes,,Tier 2,http://www.chamelidevi.ac.in,info@chamelidevi.ac.in,admissions@chamelidevi.ac.in,placement@chamelidevi.ac.in,+91-80-408-1608,Computer Science Engineering (CSE),B.Tech,360,798,1987,Rural,Yes,Yes
1-44639072894,1-44639072894,U-0441,CHAMELI DEVI GROUP OF INSTITUTIONS,Active,Madhya Pradesh,Indore,Indore,"GRAM UMRI KHEDA ,NEAR TOLL NAKA , KHANDWA ROAD",452012,22.709331,75.869008,Private-Self Financing,"Rajiv Gandhi Proudyogiki Vishwavidyalaya, Bhopal",Approved,Approved,A+,Yes,,Tier 2,http://www.chamelidevi.ac.in,info@chamelidevi.ac.in,admissions@chamelidevi.ac.in,placement@chamelidevi.ac.in,+91-80-408-1608,Civil Engineering,B.Tech,30,798,1987,Rural,Yes,Yes
1-44639072894,1-44639072894,U-0441,CHAMELI DEVI GROUP OF INSTITUTIONS,Active,Madhya Pradesh,Indore,Indore,"GRAM UMRI KHEDA ,NEAR TOLL NAKA , KHANDWA ROAD",452012,22.709331,75.869008,Private-Self Financing,"Rajiv Gandhi Proudyogiki Vishwavidyalaya, Bhopal",Approved,Approved,A+,Yes,,Tier 2,http://www.chamelidevi.ac.in,info@chamelidevi.ac.in,admissions@chamelidevi.ac.in,placement@chamelidevi.ac.in,+91-80-408-1608,Data Science,B.Tech,120,798,1987,Rural,Yes,Yes
1-44639072894,1-44639072894,U-0441,CHAMELI DEVI GROUP OF INSTITUTIONS,Active,Madhya Pradesh,Indore,Indore,"GRAM UMRI KHEDA ,NEAR TOLL NAKA , KHANDWA ROAD",452012,22.709331,75.869008,Private-Self Financing,"Rajiv Gandhi Proudyogiki Vishwavidyalaya, Bhopal",Approved,Approved,A+,Yes,,Tier 2,http://www.chamelidevi.ac.in,info@chamelidevi.ac.in,admissions@chamelidevi.ac.in,placement@chamelidevi.ac.in,+91-80-408-1608,Cyber Security,B.Tech,60,798,1987,Rural,Yes,Yes
1-44639072894,1-44639072894,U-0441,CHAMELI DEVI GROUP OF INSTITUTIONS,Active,Madhya Pradesh,Indore,Indore,"GRAM UMRI KHEDA ,NEAR TOLL NAKA , KHANDWA ROAD",452012,22.709331,75.869008,Private-Self Financing,"Rajiv Gandhi Proudyogiki Vishwavidyalaya, Bhopal",Approved,Approved,A+,Yes,,Tier 2,http://www.chamelidevi.ac.in,info@chamelidevi.ac.in,admissions@chamelidevi.ac.in,placement@chamelidevi.ac.in,+91-80-408-1608,Computer Science Engineering (CSE),M.Tech,18,798,1987,Rural,Yes,Yes
1-44639072894,1-44639072894,U-0441,CHAMELI DEVI GROUP OF INSTITUTIONS,Active,Madhya Pradesh,Indore,Indore,"GRAM UMRI KHEDA ,NEAR TOLL NAKA , KHANDWA ROAD",452012,22.709331,75.869008,Private-Self Financing,"Rajiv Gandhi Proudyogiki Vishwavidyalaya, Bhopal",Approved,Approved,A+,Yes,,Tier 2,http://www.chamelidevi.ac.in,info@chamelidevi.ac.in,admissions@chamelidevi.ac.in,placement@chamelidevi.ac.in,+91-80-408-1608,Artificial Intelligence & Machine Learning (AI & ML),B.Tech,120,798,1987,Rural,Yes,Yes
1-44639367355,1-44639367355,U-0143,GYANODAYA THE COLLEGE OF EXCELLENCE (POLYTECHNIC),Active,Madhya Pradesh,Neemuch,Neemuch,"GRAM- SUVAKHEDA, TEHSIL-JAWAD ,DIST-NEEMUCH(MP)",452377,22.981632,78.662328,Private-Self Financing,"Gyanodaya University, Neemuch",Approved,Approved,A+,No,,Tier 3,http://www.gyanodayatheexcellence.ac.in,info@gyanodayatheexcellence.ac.in,admissions@gyanodayatheexcellence.ac.in,placement@gyanodayatheexcellence.ac.in,+91-80-184-1442,Electrical Engineering,Diploma,60,180,1989,Rural,Yes,Yes
1-44639367355,1-44639367355,U-0143,GYANODAYA THE COLLEGE OF EXCELLENCE (POLYTECHNIC),Active,Madhya Pradesh,Neemuch,Neemuch,"GRAM- SUVAKHEDA, TEHSIL-JAWAD ,DIST-NEEMUCH(MP)",452377,22.981632,78.662328,Private-Self Financing,"Gyanodaya University, Neemuch",Approved,Approved,A+,No,,Tier 3,http://www.gyanodayatheexcellence.ac.in,info@gyanodayatheexcellence.ac.in,admissions@gyanodayatheexcellence.ac.in,placement@gyanodayatheexcellence.ac.in,+91-80-184-1442,Civil Engineering,Diploma,60,180,1989,Rural,Yes,Yes
1-44639367355,1-44639367355,U-0143,GYANODAYA THE COLLEGE OF EXCELLENCE (POLYTECHNIC),Active,Madhya Pradesh,Neemuch,Neemuch,"GRAM- SUVAKHEDA, TEHSIL-JAWAD ,DIST-NEEMUCH(MP)",452377,22.981632,78.662328,Private-Self Financing,"Gyanodaya University, Neemuch",Approved,Approved,A+,No,,Tier 3,http://www.gyanodayatheexcellence.ac.in,info@gyanodayatheexcellence.ac.in,admissions@gyanodayatheexcellence.ac.in,placement@gyanodayatheexcellence.ac.in,+91-80-184-1442,Mechanical Engineering,Diploma,60,180,1989,Rural,Yes,Yes
1-44638816750,1-44638816750,U-0441,THAKUR SHIVKUMARSINGH MEMORIAL POLYTECHNIC COLLEGE,Active,Madhya Pradesh,Burhanpur,Burhanpur,NAVALNAGAR (ZIRI) BURHANPUR - 450331,450331,22.990973,78.670621,Private-Self Financing,"Rajiv Gandhi Proudyogiki Vishwavidyalaya, Bhopal",Approved,Approved,Not Accredited,No,,Tier 3,http://www.thakurshivkumarsinghmemorial.ac.in,info@thakurshivkumarsinghmemorial.ac.in,admissions@thakurshivkumarsinghmemorial.ac.in,placement@thakurshivkumarsinghmemorial.ac.in,+91-80-575-9063,Civil Engineering,Diploma,60,270,2000,Urban,Yes,Yes
1-44638816750,1-44638816750,U-0441,THAKUR SHIVKUMARSINGH MEMORIAL POLYTECHNIC COLLEGE,Active,Madhya Pradesh,Burhanpur,Burhanpur,NAVALNAGAR (ZIRI) BURHANPUR - 450331,450331,22.990973,78.670621,Private-Self Financing,"Rajiv Gandhi Proudyogiki Vishwavidyalaya, Bhopal",Approved,Approved,Not Accredited,No,,Tier 3,http://www.thakurshivkumarsinghmemorial.ac.in,info@thakurshivkumarsinghmemorial.ac.in,admissions@thakurshivkumarsinghmemorial.ac.in,placement@thakurshivkumarsinghmemorial.ac.in,+91-80-575-9063,Computer Science Engineering (CSE),Diploma,60,270,2000,Urban,Yes,Yes
1-44638816750,1-44638816750,U-0441,THAKUR SHIVKUMARSINGH MEMORIAL POLYTECHNIC COLLEGE,Active,Madhya Pradesh,Burhanpur,Burhanpur,NAVALNAGAR (ZIRI) BURHANPUR - 450331,450331,22.990973,78.670621,Private-Self Financing,"Rajiv Gandhi Proudyogiki Vishwavidyalaya, Bhopal",Approved,Approved,Not Accredited,No,,Tier 3,http://www.thakurshivkumarsinghmemorial.ac.in,info@thakurshivkumarsinghmemorial.ac.in,admissions@thakurshivkumarsinghmemorial.ac.in,placement@thakurshivkumarsinghmemorial.ac.in,+91-80-575-9063,Electrical Engineering,Diploma,60,270,2000,Urban,Yes,Yes
1-44638816750,1-44638816750,U-0441,THAKUR SHIVKUMARSINGH MEMORIAL POLYTECHNIC COLLEGE,Active,Madhya Pradesh,Burhanpur,Burhanpur,NAVALNAGAR (ZIRI) BURHANPUR - 450331,450331,22.990973,78.670621,Private-Self Financing,"Rajiv Gandhi Proudyogiki Vishwavidyalaya, Bhopal",Approved,Approved,Not Accredited,No,,Tier 3,http://www.thakurshivkumarsinghmemorial.ac.in,info@thakurshivkumarsinghmemorial.ac.in,admissions@thakurshivkumarsinghmemorial.ac.in,placement@thakurshivkumarsinghmemorial.ac.in,+91-80-575-9063,Mechanical Engineering,Diploma,60,270,2000,Urban,Yes,Yes
1-44638816750,1-44638816750,U-0441,THAKUR SHIVKUMARSINGH MEMORIAL POLYTECHNIC COLLEGE,Active,Madhya Pradesh,Burhanpur,Burhanpur,NAVALNAGAR (ZIRI) BURHANPUR - 450331,450331,22.990973,78.670621,Private-Self Financing,"Rajiv Gandhi Proudyogiki Vishwavidyalaya, Bhopal",Approved,Approved,Not Accredited,No,,Tier 3,http://www.thakurshivkumarsinghmemorial.ac.in,info@thakurshivkumarsinghmemorial.ac.in,admissions@thakurshivkumarsinghmemorial.ac.in,placement@thakurshivkumarsinghmemorial.ac.in,+91-80-575-9063,Automobile Engineering,Diploma,30,270,2000,Urban,Yes,Yes
1-44639365577,1-44639365577,U-0441,LAKSHMI NARAIN COLLEGE OF TECHNOLOGY AND SCIENCE (RIT),Active,Madhya Pradesh,Indore,Indore,"VILLAGE REOTI, SANWER ROAD, INDORE (M.P.)",452012,22.723106,75.841777,Private-Self Financing,"Rajiv Gandhi Proudyogiki Vishwavidyalaya, Bhopal",Approved,Approved,B++,No,,Tier 3,http://www.lakshminarainscience.ac.in,info@lakshminarainscience.ac.in,admissions@lakshminarainscience.ac.in,placement@lakshminarainscience.ac.in,+91-80-985-9098,Civil Engineering,B.Tech,30,375,2022,Urban,Yes,Yes
1-44639365577,1-44639365577,U-0441,LAKSHMI NARAIN COLLEGE OF TECHNOLOGY AND SCIENCE (RIT),Active,Madhya Pradesh,Indore,Indore,"VILLAGE REOTI, SANWER ROAD, INDORE (M.P.)",452012,22.723106,75.841777,Private-Self Financing,"Rajiv Gandhi Proudyogiki Vishwavidyalaya, Bhopal",Approved,Approved,B++,No,,Tier 3,http://www.lakshminarainscience.ac.in,info@lakshminarainscience.ac.in,admissions@lakshminarainscience.ac.in,placement@lakshminarainscience.ac.in,+91-80-985-9098,Mechanical Engineering,B.Tech,30,375,2022,Urban,Yes,Yes
1-44639365577,1-44639365577,U-0441,LAKSHMI NARAIN COLLEGE OF TECHNOLOGY AND SCIENCE (RIT),Active,Madhya Pradesh,Indore,Indore,"VILLAGE REOTI, SANWER ROAD, INDORE (M.P.)",452012,22.723106,75.841777,Private-Self Financing,"Rajiv Gandhi Proudyogiki Vishwavidyalaya, Bhopal",Approved,Approved,B++,No,,Tier 3,http://www.lakshminarainscience.ac.in,info@lakshminarainscience.ac.in,admissions@lakshminarainscience.ac.in,placement@lakshminarainscience.ac.in,+91-80-985-9098,Computer Science Engineering (CSE),B.Tech,120,375,2022,Urban,Yes,Yes
1-44639365577,1-44639365577,U-0441,LAKSHMI NARAIN COLLEGE OF TECHNOLOGY AND SCIENCE (RIT),Active,Madhya Pradesh,Indore,Indore,"VILLAGE REOTI, SANWER ROAD, INDORE (M.P.)",452012,22.723106,75.841777,Private-Self Financing,"Rajiv Gandhi Proudyogiki Vishwavidyalaya, Bhopal",Approved,Approved,B++,No,,Tier 3,http://www.lakshminarainscience.ac.in,info@lakshminarainscience.ac.in,admissions@lakshminarainscience.ac.in,placement@lakshminarainscience.ac.in,+91-80-985-9098,Electronics & Communication Engineering (ECE),B.Tech,30,375,2022,Urban,Yes,Yes
1-44639365577,1-44639365577,U-0441,LAKSHMI NARAIN COLLEGE OF TECHNOLOGY AND SCIENCE (RIT),Active,Madhya Pradesh,Indore,Indore,"VILLAGE REOTI, SANWER ROAD, INDORE (M.P.)",452012,22.723106,75.841777,Private-Self Financing,"Rajiv Gandhi Proudyogiki Vishwavidyalaya, Bhopal",Approved,Approved,B++,No,,Tier 3,http://www.lakshminarainscience.ac.in,info@lakshminarainscience.ac.in,admissions@lakshminarainscience.ac.in,placement@lakshminarainscience.ac.in,+91-80-985-9098,Other Engineering Branches,M.Tech,27,375,2022,Urban,Yes,Yes
1-44639365577,1-44639365577,U-0441,LAKSHMI NARAIN COLLEGE OF TECHNOLOGY AND SCIENCE (RIT),Active,Madhya Pradesh,Indore,Indore,"VILLAGE REOTI, SANWER ROAD, INDORE (M.P.)",452012,22.723106,75.841777,Private-Self Financing,"Rajiv Gandhi Proudyogiki Vishwavidyalaya, Bhopal",Approved,Approved,B++,No,,Tier 3,http://www.lakshminarainscience.ac.in,info@lakshminarainscience.ac.in,admissions@lakshminarainscience.ac.in,placement@lakshminarainscience.ac.in,+91-80-985-9098,Computer Science Engineering (CSE),M.Tech,18,375,2022,Urban,Yes,Yes
1-44639365577,1-44639365577,U-0441,LAKSHMI NARAIN COLLEGE OF TECHNOLOGY AND SCIENCE (RIT),Active,Madhya Pradesh,Indore,Indore,"VILLAGE REOTI, SANWER ROAD, INDORE (M.P.)",452012,22.723106,75.841777,Private-Self Financing,"Rajiv Gandhi Proudyogiki Vishwavidyalaya, Bhopal",Approved,Approved,B++,No,,Tier 3,http://www.lakshminarainscience.ac.in,info@lakshminarainscience.ac.in,admissions@lakshminarainscience.ac.in,placement@lakshminarainscience.ac.in,+91-80-985-9098,Computer Science Engineering (CSE),Diploma,60,375,2022,Urban,Yes,Yes
1-44639365577,1-44639365577,U-0441,LAKSHMI NARAIN COLLEGE OF TECHNOLOGY AND SCIENCE (RIT),Active,Madhya Pradesh,Indore,Indore,"VILLAGE REOTI, SANWER ROAD, INDORE (M.P.)",452012,22.723106,75.841777,Private-Self Financing,"Rajiv Gandhi Proudyogiki Vishwavidyalaya, Bhopal",Approved,Approved,B++,No,,Tier 3,http://www.lakshminarainscience.ac.in,info@lakshminarainscience.ac.in,admissions@lakshminarainscience.ac.in,placement@lakshminarainscience.ac.in,+91-80-985-9098,Civil Engineering,Diploma,60,375,2022,Urban,Yes,Yes
1-44639950057,1-44639950057,U-0441,GOVERNMENT WOMEN'S POLYTECHNIC COLLEGE BHOPAL,Active,Madhya Pradesh,Bhopal,Bhopal,SHIVAJI NAGAR,452493,23.276467,77.420865,Government,"Rajiv Gandhi Proudyogiki Vishwavidyalaya, Bhopal",Approved,Approved,A+,Yes,,Tier 2,http://www.bhopal.ac.in,info@bhopal.ac.in,admissions@bhopal.ac.in,placement@bhopal.ac.in,+91-80-533-7396,Other Engineering Branches,Diploma,120,300,1983,Urban,Yes,Yes
1-44639950057,1-44639950057,U-0441,GOVERNMENT WOMEN'S POLYTECHNIC COLLEGE BHOPAL,Active,Madhya Pradesh,Bhopal,Bhopal,SHIVAJI NAGAR,452493,23.276467,77.420865,Government,"Rajiv Gandhi Proudyogiki Vishwavidyalaya, Bhopal",Approved,Approved,A+,Yes,,Tier 2,http://www.bhopal.ac.in,info@bhopal.ac.in,admissions@bhopal.ac.in,placement@bhopal.ac.in,+91-80-533-7396,Electronics & Communication Engineering (ECE),Diploma,60,300,1983,Urban,Yes,Yes
1-44639950057,1-44639950057,U-0441,GOVERNMENT WOMEN'S POLYTECHNIC COLLEGE BHOPAL,Active,Madhya Pradesh,Bhopal,Bhopal,SHIVAJI NAGAR,452493,23.276467,77.420865,Government,"Rajiv Gandhi Proudyogiki Vishwavidyalaya, Bhopal",Approved,Approved,A+,Yes,,Tier 2,http://www.bhopal.ac.in,info@bhopal.ac.in,admissions@bhopal.ac.in,placement@bhopal.ac.in,+91-80-533-7396,Computer Science Engineering (CSE),Diploma,60,300,1983,Urban,Yes,Yes
1-44639950057,1-44639950057,U-0441,GOVERNMENT WOMEN'S POLYTECHNIC COLLEGE BHOPAL,Active,Madhya Pradesh,Bhopal,Bhopal,SHIVAJI NAGAR,452493,23.276467,77.420865,Government,"Rajiv Gandhi Proudyogiki Vishwavidyalaya, Bhopal",Approved,Approved,A+,Yes,,Tier 2,http://www.bhopal.ac.in,info@bhopal.ac.in,admissions@bhopal.ac.in,placement@bhopal.ac.in,+91-80-533-7396,Information Technology (IT),Diploma,60,300,1983,Urban,Yes,Yes
1-44639973983,1-44639973983,U-0941,AGNOS COLLEGE OF TECHNOLOGY,Active,Madhya Pradesh,Bhopal,Bhopal,"NEAR RGPV CAMPUS, AIRPORT BYPASS ROAD, GONDERMAU, GANDHINAGAR, BHOPAL",452493,23.254644,77.405527,Private-Self Financing,"RKDF UNIVERSITY, BHOPAL",Approved,Approved,B++,No,,Tier 3,http://www.agnos.ac.in,info@agnos.ac.in,admissions@agnos.ac.in,placement@agnos.ac.in,+91-80-618-4274,Computer Science Engineering (CSE),B.Tech,30,270,1984,Urban,No,Yes
1-44639973983,1-44639973983,U-0941,AGNOS COLLEGE OF TECHNOLOGY,Active,Madhya Pradesh,Bhopal,Bhopal,"NEAR RGPV CAMPUS, AIRPORT BYPASS ROAD, GONDERMAU, GANDHINAGAR, BHOPAL",452493,23.254644,77.405527,Private-Self Financing,"RKDF UNIVERSITY, BHOPAL",Approved,Approved,B++,No,,Tier 3,http://www.agnos.ac.in,info@agnos.ac.in,admissions@agnos.ac.in,placement@agnos.ac.in,+91-80-618-4274,Civil Engineering,B.Tech,90,270,1984,Urban,No,Yes
1-44639973983,1-44639973983,U-0941,AGNOS COLLEGE OF TECHNOLOGY,Active,Madhya Pradesh,Bhopal,Bhopal,"NEAR RGPV CAMPUS, AIRPORT BYPASS ROAD, GONDERMAU, GANDHINAGAR, BHOPAL",452493,23.254644,77.405527,Private-Self Financing,"RKDF UNIVERSITY, BHOPAL",Approved,Approved,B++,No,,Tier 3,http://www.agnos.ac.in,info@agnos.ac.in,admissions@agnos.ac.in,placement@agnos.ac.in,+91-80-618-4274,Mechanical Engineering,B.Tech,90,270,1984,Urban,No,Yes
1-44639973983,1-44639973983,U-0941,AGNOS COLLEGE OF TECHNOLOGY,Active,Madhya Pradesh,Bhopal,Bhopal,"NEAR RGPV CAMPUS, AIRPORT BYPASS ROAD, GONDERMAU, GANDHINAGAR, BHOPAL",452493,23.254644,77.405527,Private-Self Financing,"RKDF UNIVERSITY, BHOPAL",Approved,Approved,B++,No,,Tier 3,http://www.agnos.ac.in,info@agnos.ac.in,admissions@agnos.ac.in,placement@agnos.ac.in,+91-80-618-4274,Electronics & Communication Engineering (ECE),B.Tech,30,270,1984,Urban,No,Yes
1-44639973983,1-44639973983,U-0941,AGNOS COLLEGE OF TECHNOLOGY,Active,Madhya Pradesh,Bhopal,Bhopal,"NEAR RGPV CAMPUS, AIRPORT BYPASS ROAD, GONDERMAU, GANDHINAGAR, BHOPAL",452493,23.254644,77.405527,Private-Self Financing,"RKDF UNIVERSITY, BHOPAL",Approved,Approved,B++,No,,Tier 3,http://www.agnos.ac.in,info@agnos.ac.in,admissions@agnos.ac.in,placement@agnos.ac.in,+91-80-618-4274,Computer Science Engineering (CSE),M.Tech,12,270,1984,Urban,No,Yes
1-44639973983,1-44639973983,U-0941,AGNOS COLLEGE OF TECHNOLOGY,Active,Madhya Pradesh,Bhopal,Bhopal,"NEAR RGPV CAMPUS, AIRPORT BYPASS ROAD, GONDERMAU, GANDHINAGAR, BHOPAL",452493,23.254644,77.405527,Private-Self Financing,"RKDF UNIVERSITY, BHOPAL",Approved,Approved,B++,No,,Tier 3,http://www.agnos.ac.in,info@agnos.ac.in,admissions@agnos.ac.in,placement@agnos.ac.in,+91-80-618-4274,Other Engineering Branches,M.Tech,18,270,1984,Urban,No,Yes
1-44639454500,1-44639454500,U-0441,GOVT.POLYTECHNIC COLLEGE JHABUA,Active,Madhya Pradesh,Jhabua,Jhabua,INDORE AHEMDABAD ROAD(KISHANPURI),452998,22.987812,78.64529,Government,"Rajiv Gandhi Proudyogiki Vishwavidyalaya, Bhopal",Approved,Approved,A,No,,Tier 2,http://www.govtpolytechnicjhabua.ac.in,info@govtpolytechnicjhabua.ac.in,admissions@govtpolytechnicjhabua.ac.in,placement@govtpolytechnicjhabua.ac.in,+91-80-443-3333,Mechanical Engineering,Diploma,54,216,2020,Urban,No,Yes
1-44639454500,1-44639454500,U-0441,GOVT.POLYTECHNIC COLLEGE JHABUA,Active,Madhya Pradesh,Jhabua,Jhabua,INDORE AHEMDABAD ROAD(KISHANPURI),452998,22.987812,78.64529,Government,"Rajiv Gandhi Proudyogiki Vishwavidyalaya, Bhopal",Approved,Approved,A,No,,Tier 2,http://www.govtpolytechnicjhabua.ac.in,info@govtpolytechnicjhabua.ac.in,admissions@govtpolytechnicjhabua.ac.in,placement@govtpolytechnicjhabua.ac.in,+91-80-443-3333,Electrical Engineering,Diploma,54,216,2020,Urban,No,Yes
1-44639454500,1-44639454500,U-0441,GOVT.POLYTECHNIC COLLEGE JHABUA,Active,Madhya Pradesh,Jhabua,Jhabua,INDORE AHEMDABAD ROAD(KISHANPURI),452998,22.987812,78.64529,Government,"Rajiv Gandhi Proudyogiki Vishwavidyalaya, Bhopal",Approved,Approved,A,No,,Tier 2,http://www.govtpolytechnicjhabua.ac.in,info@govtpolytechnicjhabua.ac.in,admissions@govtpolytechnicjhabua.ac.in,placement@govtpolytechnicjhabua.ac.in,+91-80-443-3333,Computer Science Engineering (CSE),Diploma,54,216,2020,Urban,No,Yes
1-44639454500,1-44639454500,U-0441,GOVT.POLYTECHNIC COLLEGE JHABUA,Active,Madhya Pradesh,Jhabua,Jhabua,INDORE AHEMDABAD ROAD(KISHANPURI),452998,22.987812,78.64529,Government,"Rajiv Gandhi Proudyogiki Vishwavidyalaya, Bhopal",Approved,Approved,A,No,,Tier 2,http://www.govtpolytechnicjhabua.ac.in,info@govtpolytechnicjhabua.ac.in,admissions@govtpolytechnicjhabua.ac.in,placement@govtpolytechnicjhabua.ac.in,+91-80-443-3333,Civil Engineering,Diploma,54,216,2020,Urban,No,Yes
1-44640058240,1-44640058240,U-0441,GOVT.WOMENS POLYTECHNIC COLLEGE SEHORE,Active,Madhya Pradesh,Sehore,Sehore,"GOVT.WOMENS POLYTECHNIC COLLEGE,  BHOPAL NAKA SEHORE(M.P.)",452274,22.964675,78.652719,Government,"Rajiv Gandhi Proudyogiki Vishwavidyalaya, Bhopal",Approved,Approved,A,No,,Tier 2,http://www.govtwomenssehore.ac.in,info@govtwomenssehore.ac.in,admissions@govtwomenssehore.ac.in,placement@govtwomenssehore.ac.in,+91-80-472-8933,Computer Science Engineering (CSE),Diploma,60,120,2016,Urban,Yes,No
1-44640058240,1-44640058240,U-0441,GOVT.WOMENS POLYTECHNIC COLLEGE SEHORE,Active,Madhya Pradesh,Sehore,Sehore,"GOVT.WOMENS POLYTECHNIC COLLEGE,  BHOPAL NAKA SEHORE(M.P.)",452274,22.964675,78.652719,Government,"Rajiv Gandhi Proudyogiki Vishwavidyalaya, Bhopal",Approved,Approved,A,No,,Tier 2,http://www.govtwomenssehore.ac.in,info@govtwomenssehore.ac.in,admissions@govtwomenssehore.ac.in,placement@govtwomenssehore.ac.in,+91-80-472-8933,Other Engineering Branches,Diploma,60,120,2016,Urban,Yes,No
1-44639545907,1-44639545907,U-0441,"INDO-GERMAN TOOL ROOM,INDORE",Active,Madhya Pradesh,Indore,Indore,"291/B-302/A,SECTOR-E SANWER ROAD",452012,22.705265,75.868329,Govt aided,"Rajiv Gandhi Proudyogiki Vishwavidyalaya, Bhopal",Approved,Approved,A+,Yes,,Tier 2,http://www.indogermantoolroomindore.ac.in,info@indogermantoolroomindore.ac.in,admissions@indogermantoolroomindore.ac.in,placement@indogermantoolroomindore.ac.in,+91-80-237-6388,Other Engineering Branches,Diploma,180,300,2001,Rural,Yes,Yes
1-44639545907,1-44639545907,U-0441,"INDO-GERMAN TOOL ROOM,INDORE",Active,Madhya Pradesh,Indore,Indore,"291/B-302/A,SECTOR-E SANWER ROAD",452012,22.705265,75.868329,Govt aided,"Rajiv Gandhi Proudyogiki Vishwavidyalaya, Bhopal",Approved,Approved,A+,Yes,,Tier 2,http://www.indogermantoolroomindore.ac.in,info@indogermantoolroomindore.ac.in,admissions@indogermantoolroomindore.ac.in,placement@indogermantoolroomindore.ac.in,+91-80-237-6388,Mechanical Engineering,Diploma,60,300,2001,Rural,Yes,Yes
1-44639545907,1-44639545907,U-0441,"INDO-GERMAN TOOL ROOM,INDORE",Active,Madhya Pradesh,Indore,Indore,"291/B-302/A,SECTOR-E SANWER ROAD",452012,22.705265,75.868329,Govt aided,"Rajiv Gandhi Proudyogiki Vishwavidyalaya, Bhopal",Approved,Approved,A+,Yes,,Tier 2,http://www.indogermantoolroomindore.ac.in,info@indogermantoolroomindore.ac.in,admissions@indogermantoolroomindore.ac.in,placement@indogermantoolroomindore.ac.in,+91-80-237-6388,Computer Science Engineering (CSE),Diploma,60,300,2001,Rural,Yes,Yes
1-44639585312,1-44639585312,U-0441,VIDHYAPEETH INSTITUTE OF SCIENCE & TECHNOLOGY,Active,Madhya Pradesh,Bhopal,Bhopal,VILLAGE KHAJURI KALA PATWARI HALKA NO. 19 VIKASH KHAND FUNDA TEHSIL HUZUR BHOPAL MP,452493,23.250886,77.394656,Private-Self Financing,"Rajiv Gandhi Proudyogiki Vishwavidyalaya, Bhopal",Approved,Approved,A,No,,Tier 3,http://www.vidhyapeethscience.ac.in,info@vidhyapeethscience.ac.in,admissions@vidhyapeethscience.ac.in,placement@vidhyapeethscience.ac.in,+91-80-460-7757,Mechanical Engineering,Diploma,60,516,1986,Urban,Yes,Yes
1-44639585312,1-44639585312,U-0441,VIDHYAPEETH INSTITUTE OF SCIENCE & TECHNOLOGY,Active,Madhya Pradesh,Bhopal,Bhopal,VILLAGE KHAJURI KALA PATWARI HALKA NO. 19 VIKASH KHAND FUNDA TEHSIL HUZUR BHOPAL MP,452493,23.250886,77.394656,Private-Self Financing,"Rajiv Gandhi Proudyogiki Vishwavidyalaya, Bhopal",Approved,Approved,A,No,,Tier 3,http://www.vidhyapeethscience.ac.in,info@vidhyapeethscience.ac.in,admissions@vidhyapeethscience.ac.in,placement@vidhyapeethscience.ac.in,+91-80-460-7757,Electrical & Electronics Engineering (EEE),Diploma,60,516,1986,Urban,Yes,Yes
1-44639585312,1-44639585312,U-0441,VIDHYAPEETH INSTITUTE OF SCIENCE & TECHNOLOGY,Active,Madhya Pradesh,Bhopal,Bhopal,VILLAGE KHAJURI KALA PATWARI HALKA NO. 19 VIKASH KHAND FUNDA TEHSIL HUZUR BHOPAL MP,452493,23.250886,77.394656,Private-Self Financing,"Rajiv Gandhi Proudyogiki Vishwavidyalaya, Bhopal",Approved,Approved,A,No,,Tier 3,http://www.vidhyapeethscience.ac.in,info@vidhyapeethscience.ac.in,admissions@vidhyapeethscience.ac.in,placement@vidhyapeethscience.ac.in,+91-80-460-7757,Electrical & Electronics Engineering (EEE),B.Tech,60,516,1986,Urban,Yes,Yes
1-44639585312,1-44639585312,U-0441,VIDHYAPEETH INSTITUTE OF SCIENCE & TECHNOLOGY,Active,Madhya Pradesh,Bhopal,Bhopal,VILLAGE KHAJURI KALA PATWARI HALKA NO. 19 VIKASH KHAND FUNDA TEHSIL HUZUR BHOPAL MP,452493,23.250886,77.394656,Private-Self Financing,"Rajiv Gandhi Proudyogiki Vishwavidyalaya, Bhopal",Approved,Approved,A,No,,Tier 3,http://www.vidhyapeethscience.ac.in,info@vidhyapeethscience.ac.in,admissions@vidhyapeethscience.ac.in,placement@vidhyapeethscience.ac.in,+91-80-460-7757,Electronics & Communication Engineering (ECE),B.Tech,30,516,1986,Urban,Yes,Yes
1-44639585312,1-44639585312,U-0441,VIDHYAPEETH INSTITUTE OF SCIENCE & TECHNOLOGY,Active,Madhya Pradesh,Bhopal,Bhopal,VILLAGE KHAJURI KALA PATWARI HALKA NO. 19 VIKASH KHAND FUNDA TEHSIL HUZUR BHOPAL MP,452493,23.250886,77.394656,Private-Self Financing,"Rajiv Gandhi Proudyogiki Vishwavidyalaya, Bhopal",Approved,Approved,A,No,,Tier 3,http://www.vidhyapeethscience.ac.in,info@vidhyapeethscience.ac.in,admissions@vidhyapeethscience.ac.in,placement@vidhyapeethscience.ac.in,+91-80-460-7757,Mechanical Engineering,B.Tech,90,516,1986,Urban,Yes,Yes
1-44639585312,1-44639585312,U-0441,VIDHYAPEETH INSTITUTE OF SCIENCE & TECHNOLOGY,Active,Madhya Pradesh,Bhopal,Bhopal,VILLAGE KHAJURI KALA PATWARI HALKA NO. 19 VIKASH KHAND FUNDA TEHSIL HUZUR BHOPAL MP,452493,23.250886,77.394656,Private-Self Financing,"Rajiv Gandhi Proudyogiki Vishwavidyalaya, Bhopal",Approved,Approved,A,No,,Tier 3,http://www.vidhyapeethscience.ac.in,info@vidhyapeethscience.ac.in,admissions@vidhyapeethscience.ac.in,placement@vidhyapeethscience.ac.in,+91-80-460-7757,Civil Engineering,B.Tech,60,516,1986,Urban,Yes,Yes
1-44639585312,1-44639585312,U-0441,VIDHYAPEETH INSTITUTE OF SCIENCE & TECHNOLOGY,Active,Madhya Pradesh,Bhopal,Bhopal,VILLAGE KHAJURI KALA PATWARI HALKA NO. 19 VIKASH KHAND FUNDA TEHSIL HUZUR BHOPAL MP,452493,23.250886,77.394656,Private-Self Financing,"Rajiv Gandhi Proudyogiki Vishwavidyalaya, Bhopal",Approved,Approved,A,No,,Tier 3,http://www.vidhyapeethscience.ac.in,info@vidhyapeethscience.ac.in,admissions@vidhyapeethscience.ac.in,placement@vidhyapeethscience.ac.in,+91-80-460-7757,Other Engineering Branches,M.Tech,36,516,1986,Urban,Yes,Yes
1-44639585312,1-44639585312,U-0441,VIDHYAPEETH INSTITUTE OF SCIENCE & TECHNOLOGY,Active,Madhya Pradesh,Bhopal,Bhopal,VILLAGE KHAJURI KALA PATWARI HALKA NO. 19 VIKASH KHAND FUNDA TEHSIL HUZUR BHOPAL MP,452493,23.250886,77.394656,Private-Self Financing,"Rajiv Gandhi Proudyogiki Vishwavidyalaya, Bhopal",Approved,Approved,A,No,,Tier 3,http://www.vidhyapeethscience.ac.in,info@vidhyapeethscience.ac.in,admissions@vidhyapeethscience.ac.in,placement@vidhyapeethscience.ac.in,+91-80-460-7757,Computer Science Engineering (CSE),B.Tech,60,516,1986,Urban,Yes,Yes
1-44639585312,1-44639585312,U-0441,VIDHYAPEETH INSTITUTE OF SCIENCE & TECHNOLOGY,Active,Madhya Pradesh,Bhopal,Bhopal,VILLAGE KHAJURI KALA PATWARI HALKA NO. 19 VIKASH KHAND FUNDA TEHSIL HUZUR BHOPAL MP,452493,23.250886,77.394656,Private-Self Financing,"Rajiv Gandhi Proudyogiki Vishwavidyalaya, Bhopal",Approved,Approved,A,No,,Tier 3,http://www.vidhyapeethscience.ac.in,info@vidhyapeethscience.ac.in,admissions@vidhyapeethscience.ac.in,placement@vidhyapeethscience.ac.in,+91-80-460-7757,Artificial Intelligence & Machine Learning (AI & ML),B.Tech,60,516,1986,Urban,Yes,Yes
1-44640058680,1-44640058680,U-0540,INSTITUTE OF POLYTECHNIC ENGINEERING,Active,Madhya Pradesh,Bhopal,Bhopal,AIRPORT BY PASS ROAD GANDHI NAGAR GONDERMAU BHOPAL MP,452493,23.258389,77.405925,Private-Self Financing,"RKDF University, Bhopal",Approved,Approved,Not Accredited,No,,Tier 3,http://www.inst292.ac.in,info@inst292.ac.in,admissions@inst292.ac.in,placement@inst292.ac.in,+91-80-775-4837,Civil Engineering,Diploma,90,300,1981,Urban,Yes,Yes
1-44640058680,1-44640058680,U-0540,INSTITUTE OF POLYTECHNIC ENGINEERING,Active,Madhya Pradesh,Bhopal,Bhopal,AIRPORT BY PASS ROAD GANDHI NAGAR GONDERMAU BHOPAL MP,452493,23.258389,77.405925,Private-Self Financing,"RKDF University, Bhopal",Approved,Approved,Not Accredited,No,,Tier 3,http://www.inst292.ac.in,info@inst292.ac.in,admissions@inst292.ac.in,placement@inst292.ac.in,+91-80-775-4837,Electrical Engineering,Diploma,60,300,1981,Urban,Yes,Yes
1-44640058680,1-44640058680,U-0540,INSTITUTE OF POLYTECHNIC ENGINEERING,Active,Madhya Pradesh,Bhopal,Bhopal,AIRPORT BY PASS ROAD GANDHI NAGAR GONDERMAU BHOPAL MP,452493,23.258389,77.405925,Private-Self Financing,"RKDF University, Bhopal",Approved,Approved,Not Accredited,No,,Tier 3,http://www.inst292.ac.in,info@inst292.ac.in,admissions@inst292.ac.in,placement@inst292.ac.in,+91-80-775-4837,Mechanical Engineering,Diploma,90,300,1981,Urban,Yes,Yes
1-44640058680,1-44640058680,U-0540,INSTITUTE OF POLYTECHNIC ENGINEERING,Active,Madhya Pradesh,Bhopal,Bhopal,AIRPORT BY PASS ROAD GANDHI NAGAR GONDERMAU BHOPAL MP,452493,23.258389,77.405925,Private-Self Financing,"RKDF University, Bhopal",Approved,Approved,Not Accredited,No,,Tier 3,http://www.inst292.ac.in,info@inst292.ac.in,admissions@inst292.ac.in,placement@inst292.ac.in,+91-80-775-4837,Electronics & Communication Engineering (ECE),Diploma,30,300,1981,Urban,Yes,Yes
1-44640058680,1-44640058680,U-0540,INSTITUTE OF POLYTECHNIC ENGINEERING,Active,Madhya Pradesh,Bhopal,Bhopal,AIRPORT BY PASS ROAD GANDHI NAGAR GONDERMAU BHOPAL MP,452493,23.258389,77.405925,Private-Self Financing,"RKDF University, Bhopal",Approved,Approved,Not Accredited,No,,Tier 3,http://www.inst292.ac.in,info@inst292.ac.in,admissions@inst292.ac.in,placement@inst292.ac.in,+91-80-775-4837,Other Engineering Branches,Diploma,30,300,1981,Urban,Yes,Yes
1-44639547959,1-44639547959,U-0441,MALWA INSTITUTE OF SCIENCE & TECHNOLOGY,Active,Madhya Pradesh,Indore,Indore,"VILLAGE - LIMBODAGARI, POST - PALIA, VIA - HATOD, DISTRICT - INDORE (MP)",452012,22.724365,75.841787,Private-Self Financing,"Rajiv Gandhi Proudyogiki Vishwavidyalaya, Bhopal",Approved,Approved,B++,No,,Tier 3,http://www.malwascience.ac.in,info@malwascience.ac.in,admissions@malwascience.ac.in,placement@malwascience.ac.in,+91-80-038-7226,Computer Science Engineering (CSE),Diploma,60,624,2021,Urban,Yes,Yes
1-44639547959,1-44639547959,U-0441,MALWA INSTITUTE OF SCIENCE & TECHNOLOGY,Active,Madhya Pradesh,Indore,Indore,"VILLAGE - LIMBODAGARI, POST - PALIA, VIA - HATOD, DISTRICT - INDORE (MP)",452012,22.724365,75.841787,Private-Self Financing,"Rajiv Gandhi Proudyogiki Vishwavidyalaya, Bhopal",Approved,Approved,B++,No,,Tier 3,http://www.malwascience.ac.in,info@malwascience.ac.in,admissions@malwascience.ac.in,placement@malwascience.ac.in,+91-80-038-7226,Other Engineering Branches,M.Tech,36,624,2021,Urban,Yes,Yes
1-44639547959,1-44639547959,U-0441,MALWA INSTITUTE OF SCIENCE & TECHNOLOGY,Active,Madhya Pradesh,Indore,Indore,"VILLAGE - LIMBODAGARI, POST - PALIA, VIA - HATOD, DISTRICT - INDORE (MP)",452012,22.724365,75.841787,Private-Self Financing,"Rajiv Gandhi Proudyogiki Vishwavidyalaya, Bhopal",Approved,Approved,B++,No,,Tier 3,http://www.malwascience.ac.in,info@malwascience.ac.in,admissions@malwascience.ac.in,placement@malwascience.ac.in,+91-80-038-7226,Computer Science Engineering (CSE),M.Tech,18,624,2021,Urban,Yes,Yes
1-44639547959,1-44639547959,U-0441,MALWA INSTITUTE OF SCIENCE & TECHNOLOGY,Active,Madhya Pradesh,Indore,Indore,"VILLAGE - LIMBODAGARI, POST - PALIA, VIA - HATOD, DISTRICT - INDORE (MP)",452012,22.724365,75.841787,Private-Self Financing,"Rajiv Gandhi Proudyogiki Vishwavidyalaya, Bhopal",Approved,Approved,B++,No,,Tier 3,http://www.malwascience.ac.in,info@malwascience.ac.in,admissions@malwascience.ac.in,placement@malwascience.ac.in,+91-80-038-7226,Information Technology (IT),B.Tech,60,624,2021,Urban,Yes,Yes
1-44639547959,1-44639547959,U-0441,MALWA INSTITUTE OF SCIENCE & TECHNOLOGY,Active,Madhya Pradesh,Indore,Indore,"VILLAGE - LIMBODAGARI, POST - PALIA, VIA - HATOD, DISTRICT - INDORE (MP)",452012,22.724365,75.841787,Private-Self Financing,"Rajiv Gandhi Proudyogiki Vishwavidyalaya, Bhopal",Approved,Approved,B++,No,,Tier 3,http://www.malwascience.ac.in,info@malwascience.ac.in,admissions@malwascience.ac.in,placement@malwascience.ac.in,+91-80-038-7226,Mechanical Engineering,B.Tech,60,624,2021,Urban,Yes,Yes
1-44639547959,1-44639547959,U-0441,MALWA INSTITUTE OF SCIENCE & TECHNOLOGY,Active,Madhya Pradesh,Indore,Indore,"VILLAGE - LIMBODAGARI, POST - PALIA, VIA - HATOD, DISTRICT - INDORE (MP)",452012,22.724365,75.841787,Private-Self Financing,"Rajiv Gandhi Proudyogiki Vishwavidyalaya, Bhopal",Approved,Approved,B++,No,,Tier 3,http://www.malwascience.ac.in,info@malwascience.ac.in,admissions@malwascience.ac.in,placement@malwascience.ac.in,+91-80-038-7226,Civil Engineering,B.Tech,60,624,2021,Urban,Yes,Yes
1-44639547959,1-44639547959,U-0441,MALWA INSTITUTE OF SCIENCE & TECHNOLOGY,Active,Madhya Pradesh,Indore,Indore,"VILLAGE - LIMBODAGARI, POST - PALIA, VIA - HATOD, DISTRICT - INDORE (MP)",452012,22.724365,75.841787,Private-Self Financing,"Rajiv Gandhi Proudyogiki Vishwavidyalaya, Bhopal",Approved,Approved,B++,No,,Tier 3,http://www.malwascience.ac.in,info@malwascience.ac.in,admissions@malwascience.ac.in,placement@malwascience.ac.in,+91-80-038-7226,Computer Science Engineering (CSE),B.Tech,120,624,2021,Urban,Yes,Yes
1-44639547959,1-44639547959,U-0441,MALWA INSTITUTE OF SCIENCE & TECHNOLOGY,Active,Madhya Pradesh,Indore,Indore,"VILLAGE - LIMBODAGARI, POST - PALIA, VIA - HATOD, DISTRICT - INDORE (MP)",452012,22.724365,75.841787,Private-Self Financing,"Rajiv Gandhi Proudyogiki Vishwavidyalaya, Bhopal",Approved,Approved,B++,No,,Tier 3,http://www.malwascience.ac.in,info@malwascience.ac.in,admissions@malwascience.ac.in,placement@malwascience.ac.in,+91-80-038-7226,Electronics & Communication Engineering (ECE),B.Tech,60,624,2021,Urban,Yes,Yes
1-44639547959,1-44639547959,U-0441,MALWA INSTITUTE OF SCIENCE & TECHNOLOGY,Active,Madhya Pradesh,Indore,Indore,"VILLAGE - LIMBODAGARI, POST - PALIA, VIA - HATOD, DISTRICT - INDORE (MP)",452012,22.724365,75.841787,Private-Self Financing,"Rajiv Gandhi Proudyogiki Vishwavidyalaya, Bhopal",Approved,Approved,B++,No,,Tier 3,http://www.malwascience.ac.in,info@malwascience.ac.in,admissions@malwascience.ac.in,placement@malwascience.ac.in,+91-80-038-7226,Civil Engineering,Diploma,30,624,2021,Urban,Yes,Yes
1-44639547959,1-44639547959,U-0441,MALWA INSTITUTE OF SCIENCE & TECHNOLOGY,Active,Madhya Pradesh,Indore,Indore,"VILLAGE - LIMBODAGARI, POST - PALIA, VIA - HATOD, DISTRICT - INDORE (MP)",452012,22.724365,75.841787,Private-Self Financing,"Rajiv Gandhi Proudyogiki Vishwavidyalaya, Bhopal",Approved,Approved,B++,No,,Tier 3,http://www.malwascience.ac.in,info@malwascience.ac.in,admissions@malwascience.ac.in,placement@malwascience.ac.in,+91-80-038-7226,Mechanical Engineering,Diploma,60,624,2021,Urban,Yes,Yes
1-44639547959,1-44639547959,U-0441,MALWA INSTITUTE OF SCIENCE & TECHNOLOGY,Active,Madhya Pradesh,Indore,Indore,"VILLAGE - LIMBODAGARI, POST - PALIA, VIA - HATOD, DISTRICT - INDORE (MP)",452012,22.724365,75.841787,Private-Self Financing,"Rajiv Gandhi Proudyogiki Vishwavidyalaya, Bhopal",Approved,Approved,B++,No,,Tier 3,http://www.malwascience.ac.in,info@malwascience.ac.in,admissions@malwascience.ac.in,placement@malwascience.ac.in,+91-80-038-7226,Artificial Intelligence & Machine Learning (AI & ML),B.Tech,60,624,2021,Urban,Yes,Yes
1-44639512936,1-44639512936,U-0441,"GOVERNMENT POLYTECHNIC COLLEGE, MANDLA (M.P.)",Active,Madhya Pradesh,Mandla,Mandla,"RAJEEV COLONY, DEVDARA, DISTT - MANDLA (M.P.)",452694,22.985669,78.662437,Government,"Rajiv Gandhi Proudyogiki Vishwavidyalaya, Bhopal",Approved,Approved,B,No,,Tier 3,http://www.mandlamp.ac.in,info@mandlamp.ac.in,admissions@mandlamp.ac.in,placement@mandlamp.ac.in,+91-80-353-4371,Computer Science Engineering (CSE),Diploma,60,180,2016,Urban,Yes,Yes
1-44639512936,1-44639512936,U-0441,"GOVERNMENT POLYTECHNIC COLLEGE, MANDLA (M.P.)",Active,Madhya Pradesh,Mandla,Mandla,"RAJEEV COLONY, DEVDARA, DISTT - MANDLA (M.P.)",452694,22.985669,78.662437,Government,"Rajiv Gandhi Proudyogiki Vishwavidyalaya, Bhopal",Approved,Approved,B,No,,Tier 3,http://www.mandlamp.ac.in,info@mandlamp.ac.in,admissions@mandlamp.ac.in,placement@mandlamp.ac.in,+91-80-353-4371,Electronics & Communication Engineering (ECE),Diploma,60,180,2016,Urban,Yes,Yes
1-44639512936,1-44639512936,U-0441,"GOVERNMENT POLYTECHNIC COLLEGE, MANDLA (M.P.)",Active,Madhya Pradesh,Mandla,Mandla,"RAJEEV COLONY, DEVDARA, DISTT - MANDLA (M.P.)",452694,22.985669,78.662437,Government,"Rajiv Gandhi Proudyogiki Vishwavidyalaya, Bhopal",Approved,Approved,B,No,,Tier 3,http://www.mandlamp.ac.in,info@mandlamp.ac.in,admissions@mandlamp.ac.in,placement@mandlamp.ac.in,+91-80-353-4371,Electrical Engineering,Diploma,60,180,2016,Urban,Yes,Yes
1-44639548584,1-44639548584,U-0441,GOVT POLYTECHNIC COLLEGE SHAHDOL,Active,Madhya Pradesh,Shahdol,Shahdol,PANDAV NAGAR ROAD,452641,22.970815,78.668445,Government,"Rajiv Gandhi Proudyogiki Vishwavidyalaya, Bhopal",Approved,Approved,A,No,,Tier 2,http://www.govtshahdol.ac.in,info@govtshahdol.ac.in,admissions@govtshahdol.ac.in,placement@govtshahdol.ac.in,+91-80-730-4649,Civil Engineering,Diploma,90,450,2000,Urban,Yes,Yes
1-44639548584,1-44639548584,U-0441,GOVT POLYTECHNIC COLLEGE SHAHDOL,Active,Madhya Pradesh,Shahdol,Shahdol,PANDAV NAGAR ROAD,452641,22.970815,78.668445,Government,"Rajiv Gandhi Proudyogiki Vishwavidyalaya, Bhopal",Approved,Approved,A,No,,Tier 2,http://www.govtshahdol.ac.in,info@govtshahdol.ac.in,admissions@govtshahdol.ac.in,placement@govtshahdol.ac.in,+91-80-730-4649,Electrical Engineering,Diploma,90,450,2000,Urban,Yes,Yes
1-44639548584,1-44639548584,U-0441,GOVT POLYTECHNIC COLLEGE SHAHDOL,Active,Madhya Pradesh,Shahdol,Shahdol,PANDAV NAGAR ROAD,452641,22.970815,78.668445,Government,"Rajiv Gandhi Proudyogiki Vishwavidyalaya, Bhopal",Approved,Approved,A,No,,Tier 2,http://www.govtshahdol.ac.in,info@govtshahdol.ac.in,admissions@govtshahdol.ac.in,placement@govtshahdol.ac.in,+91-80-730-4649,Mechanical Engineering,Diploma,90,450,2000,Urban,Yes,Yes
1-44639548584,1-44639548584,U-0441,GOVT POLYTECHNIC COLLEGE SHAHDOL,Active,Madhya Pradesh,Shahdol,Shahdol,PANDAV NAGAR ROAD,452641,22.970815,78.668445,Government,"Rajiv Gandhi Proudyogiki Vishwavidyalaya, Bhopal",Approved,Approved,A,No,,Tier 2,http://www.govtshahdol.ac.in,info@govtshahdol.ac.in,admissions@govtshahdol.ac.in,placement@govtshahdol.ac.in,+91-80-730-4649,Computer Science Engineering (CSE),Diploma,60,450,2000,Urban,Yes,Yes
1-44639548584,1-44639548584,U-0441,GOVT POLYTECHNIC COLLEGE SHAHDOL,Active,Madhya Pradesh,Shahdol,Shahdol,PANDAV NAGAR ROAD,452641,22.970815,78.668445,Government,"Rajiv Gandhi Proudyogiki Vishwavidyalaya, Bhopal",Approved,Approved,A,No,,Tier 2,http://www.govtshahdol.ac.in,info@govtshahdol.ac.in,admissions@govtshahdol.ac.in,placement@govtshahdol.ac.in,+91-80-730-4649,Mining Engineering,Diploma,60,450,2000,Urban,Yes,Yes
1-44639548584,1-44639548584,U-0441,GOVT POLYTECHNIC COLLEGE SHAHDOL,Active,Madhya Pradesh,Shahdol,Shahdol,PANDAV NAGAR ROAD,452641,22.970815,78.668445,Government,"Rajiv Gandhi Proudyogiki Vishwavidyalaya, Bhopal",Approved,Approved,A,No,,Tier 2,http://www.govtshahdol.ac.in,info@govtshahdol.ac.in,admissions@govtshahdol.ac.in,placement@govtshahdol.ac.in,+91-80-730-4649,Other Engineering Branches,Diploma,60,450,2000,Urban,Yes,Yes
1-44640140753,1-44640140753,U-0297,SCHOOL OF ENGINEERING AND TECHNOLOGY,Active,Madhya Pradesh,Balaghat,Balaghat,"VILLAGE DONGARIYA(WARASEONI ROAD), POST CHILLOD,TH LALBURRA,DIST BALAGHAT(MP)",452705,22.976569,78.649747,Private-Self Financing,SARDAR PATEL UNIVERSITY BALAGHAT,Approved,Approved,B++,No,,Tier 3,http://www.school.ac.in,info@school.ac.in,admissions@school.ac.in,placement@school.ac.in,+91-80-971-7586,Civil Engineering,Diploma,60,330,1987,Urban,Yes,Yes
1-44640140753,1-44640140753,U-0297,SCHOOL OF ENGINEERING AND TECHNOLOGY,Active,Madhya Pradesh,Balaghat,Balaghat,"VILLAGE DONGARIYA(WARASEONI ROAD), POST CHILLOD,TH LALBURRA,DIST BALAGHAT(MP)",452705,22.976569,78.649747,Private-Self Financing,SARDAR PATEL UNIVERSITY BALAGHAT,Approved,Approved,B++,No,,Tier 3,http://www.school.ac.in,info@school.ac.in,admissions@school.ac.in,placement@school.ac.in,+91-80-971-7586,Electronics & Communication Engineering (ECE),Diploma,30,330,1987,Urban,Yes,Yes
1-44640140753,1-44640140753,U-0297,SCHOOL OF ENGINEERING AND TECHNOLOGY,Active,Madhya Pradesh,Balaghat,Balaghat,"VILLAGE DONGARIYA(WARASEONI ROAD), POST CHILLOD,TH LALBURRA,DIST BALAGHAT(MP)",452705,22.976569,78.649747,Private-Self Financing,SARDAR PATEL UNIVERSITY BALAGHAT,Approved,Approved,B++,No,,Tier 3,http://www.school.ac.in,info@school.ac.in,admissions@school.ac.in,placement@school.ac.in,+91-80-971-7586,Mechanical Engineering,B.Tech,60,330,1987,Urban,Yes,Yes
1-44640140753,1-44640140753,U-0297,SCHOOL OF ENGINEERING AND TECHNOLOGY,Active,Madhya Pradesh,Balaghat,Balaghat,"VILLAGE DONGARIYA(WARASEONI ROAD), POST CHILLOD,TH LALBURRA,DIST BALAGHAT(MP)",452705,22.976569,78.649747,Private-Self Financing,SARDAR PATEL UNIVERSITY BALAGHAT,Approved,Approved,B++,No,,Tier 3,http://www.school.ac.in,info@school.ac.in,admissions@school.ac.in,placement@school.ac.in,+91-80-971-7586,Civil Engineering,B.Tech,60,330,1987,Urban,Yes,Yes
1-44640140753,1-44640140753,U-0297,SCHOOL OF ENGINEERING AND TECHNOLOGY,Active,Madhya Pradesh,Balaghat,Balaghat,"VILLAGE DONGARIYA(WARASEONI ROAD), POST CHILLOD,TH LALBURRA,DIST BALAGHAT(MP)",452705,22.976569,78.649747,Private-Self Financing,SARDAR PATEL UNIVERSITY BALAGHAT,Approved,Approved,B++,No,,Tier 3,http://www.school.ac.in,info@school.ac.in,admissions@school.ac.in,placement@school.ac.in,+91-80-971-7586,Computer Science Engineering (CSE),B.Tech,60,330,1987,Urban,Yes,Yes
1-44640140753,1-44640140753,U-0297,SCHOOL OF ENGINEERING AND TECHNOLOGY,Active,Madhya Pradesh,Balaghat,Balaghat,"VILLAGE DONGARIYA(WARASEONI ROAD), POST CHILLOD,TH LALBURRA,DIST BALAGHAT(MP)",452705,22.976569,78.649747,Private-Self Financing,SARDAR PATEL UNIVERSITY BALAGHAT,Approved,Approved,B++,No,,Tier 3,http://www.school.ac.in,info@school.ac.in,admissions@school.ac.in,placement@school.ac.in,+91-80-971-7586,Electronics & Communication Engineering (ECE),B.Tech,30,330,1987,Urban,Yes,Yes
1-44640140753,1-44640140753,U-0297,SCHOOL OF ENGINEERING AND TECHNOLOGY,Active,Madhya Pradesh,Balaghat,Balaghat,"VILLAGE DONGARIYA(WARASEONI ROAD), POST CHILLOD,TH LALBURRA,DIST BALAGHAT(MP)",452705,22.976569,78.649747,Private-Self Financing,SARDAR PATEL UNIVERSITY BALAGHAT,Approved,Approved,B++,No,,Tier 3,http://www.school.ac.in,info@school.ac.in,admissions@school.ac.in,placement@school.ac.in,+91-80-971-7586,Information Technology (IT),B.Tech,30,330,1987,Urban,Yes,Yes
1-44639660991,1-44639660991,U-0441,POLYTECHINC COLLEGE NOWGONG,Active,Madhya Pradesh,Chhatarpur,Chhatarpur,NH 75 JHANSI RAOAD NOWGONG,452807,22.992144,78.644111,Government,"Rajiv Gandhi Proudyogiki Vishwavidyalaya, Bhopal",Approved,Approved,B++,Yes,,Tier 3,http://www.polytechincnowgong.ac.in,info@polytechincnowgong.ac.in,admissions@polytechincnowgong.ac.in,placement@polytechincnowgong.ac.in,+91-80-625-0414,Civil Engineering,Diploma,54,270,1991,Urban,Yes,No
1-44639660991,1-44639660991,U-0441,POLYTECHINC COLLEGE NOWGONG,Active,Madhya Pradesh,Chhatarpur,Chhatarpur,NH 75 JHANSI RAOAD NOWGONG,452807,22.992144,78.644111,Government,"Rajiv Gandhi Proudyogiki Vishwavidyalaya, Bhopal",Approved,Approved,B++,Yes,,Tier 3,http://www.polytechincnowgong.ac.in,info@polytechincnowgong.ac.in,admissions@polytechincnowgong.ac.in,placement@polytechincnowgong.ac.in,+91-80-625-0414,Electronics & Communication Engineering (ECE),Diploma,54,270,1991,Urban,Yes,No
1-44639660991,1-44639660991,U-0441,POLYTECHINC COLLEGE NOWGONG,Active,Madhya Pradesh,Chhatarpur,Chhatarpur,NH 75 JHANSI RAOAD NOWGONG,452807,22.992144,78.644111,Government,"Rajiv Gandhi Proudyogiki Vishwavidyalaya, Bhopal",Approved,Approved,B++,Yes,,Tier 3,http://www.polytechincnowgong.ac.in,info@polytechincnowgong.ac.in,admissions@polytechincnowgong.ac.in,placement@polytechincnowgong.ac.in,+91-80-625-0414,Electrical Engineering,Diploma,54,270,1991,Urban,Yes,No
1-44639660991,1-44639660991,U-0441,POLYTECHINC COLLEGE NOWGONG,Active,Madhya Pradesh,Chhatarpur,Chhatarpur,NH 75 JHANSI RAOAD NOWGONG,452807,22.992144,78.644111,Government,"Rajiv Gandhi Proudyogiki Vishwavidyalaya, Bhopal",Approved,Approved,B++,Yes,,Tier 3,http://www.polytechincnowgong.ac.in,info@polytechincnowgong.ac.in,admissions@polytechincnowgong.ac.in,placement@polytechincnowgong.ac.in,+91-80-625-0414,Mechanical Engineering,Diploma,54,270,1991,Urban,Yes,No
1-44639660991,1-44639660991,U-0441,POLYTECHINC COLLEGE NOWGONG,Active,Madhya Pradesh,Chhatarpur,Chhatarpur,NH 75 JHANSI RAOAD NOWGONG,452807,22.992144,78.644111,Government,"Rajiv Gandhi Proudyogiki Vishwavidyalaya, Bhopal",Approved,Approved,B++,Yes,,Tier 3,http://www.polytechincnowgong.ac.in,info@polytechincnowgong.ac.in,admissions@polytechincnowgong.ac.in,placement@polytechincnowgong.ac.in,+91-80-625-0414,Computer Science Engineering (CSE),Diploma,54,270,1991,Urban,Yes,No
1-44639662533,1-44639662533,U-0441,"GOVERNMENT POLYTECHNIC COLLEGE, MORENA",Active,Madhya Pradesh,Morena,Morena,"AMBAH ROAD, MORENA",452584,22.98192,78.645119,Government,"Rajiv Gandhi Proudyogiki Vishwavidyalaya, Bhopal",Approved,Approved,A+,Yes,,Tier 2,http://www.morena.ac.in,info@morena.ac.in,admissions@morena.ac.in,placement@morena.ac.in,+91-80-196-2164,Computer Science Engineering (CSE),Diploma,70,245,2019,Urban,Yes,Yes
1-44639662533,1-44639662533,U-0441,"GOVERNMENT POLYTECHNIC COLLEGE, MORENA",Active,Madhya Pradesh,Morena,Morena,"AMBAH ROAD, MORENA",452584,22.98192,78.645119,Government,"Rajiv Gandhi Proudyogiki Vishwavidyalaya, Bhopal",Approved,Approved,A+,Yes,,Tier 2,http://www.morena.ac.in,info@morena.ac.in,admissions@morena.ac.in,placement@morena.ac.in,+91-80-196-2164,Electrical Engineering,Diploma,70,245,2019,Urban,Yes,Yes
1-44639662533,1-44639662533,U-0441,"GOVERNMENT POLYTECHNIC COLLEGE, MORENA",Active,Madhya Pradesh,Morena,Morena,"AMBAH ROAD, MORENA",452584,22.98192,78.645119,Government,"Rajiv Gandhi Proudyogiki Vishwavidyalaya, Bhopal",Approved,Approved,A+,Yes,,Tier 2,http://www.morena.ac.in,info@morena.ac.in,admissions@morena.ac.in,placement@morena.ac.in,+91-80-196-2164,Electronics & Communication Engineering (ECE),Diploma,35,245,2019,Urban,Yes,Yes
1-44639662533,1-44639662533,U-0441,"GOVERNMENT POLYTECHNIC COLLEGE, MORENA",Active,Madhya Pradesh,Morena,Morena,"AMBAH ROAD, MORENA",452584,22.98192,78.645119,Government,"Rajiv Gandhi Proudyogiki Vishwavidyalaya, Bhopal",Approved,Approved,A+,Yes,,Tier 2,http://www.morena.ac.in,info@morena.ac.in,admissions@morena.ac.in,placement@morena.ac.in,+91-80-196-2164,Mechanical Engineering,Diploma,70,245,2019,Urban,Yes,Yes
1-44639663901,1-44639663901,U-0441,"S.V.POLYTECHNIC COLLEGE, BHOPAL",Active,Madhya Pradesh,Bhopal,Bhopal,"PRINCIPAL,S.V.POLYTECHNIC COLLEGE,VIVEKANAND SQUARE SHAMLA HILLS BHOPAL(M.P.)",452493,23.258871,77.401115,Government,"Rajiv Gandhi Proudyogiki Vishwavidyalaya, Bhopal",Approved,Approved,B++,Yes,,Tier 3,http://www.svpolytechnicbhopal.ac.in,info@svpolytechnicbhopal.ac.in,admissions@svpolytechnicbhopal.ac.in,placement@svpolytechnicbhopal.ac.in,+91-80-795-6790,Other Engineering Branches,Diploma,245,847,1987,Rural,Yes,Yes
1-44639663901,1-44639663901,U-0441,"S.V.POLYTECHNIC COLLEGE, BHOPAL",Active,Madhya Pradesh,Bhopal,Bhopal,"PRINCIPAL,S.V.POLYTECHNIC COLLEGE,VIVEKANAND SQUARE SHAMLA HILLS BHOPAL(M.P.)",452493,23.258871,77.401115,Government,"Rajiv Gandhi Proudyogiki Vishwavidyalaya, Bhopal",Approved,Approved,B++,Yes,,Tier 3,http://www.svpolytechnicbhopal.ac.in,info@svpolytechnicbhopal.ac.in,admissions@svpolytechnicbhopal.ac.in,placement@svpolytechnicbhopal.ac.in,+91-80-795-6790,Computer Science Engineering (CSE),Diploma,66,847,1987,Rural,Yes,Yes
1-44639663901,1-44639663901,U-0441,"S.V.POLYTECHNIC COLLEGE, BHOPAL",Active,Madhya Pradesh,Bhopal,Bhopal,"PRINCIPAL,S.V.POLYTECHNIC COLLEGE,VIVEKANAND SQUARE SHAMLA HILLS BHOPAL(M.P.)",452493,23.258871,77.401115,Government,"Rajiv Gandhi Proudyogiki Vishwavidyalaya, Bhopal",Approved,Approved,B++,Yes,,Tier 3,http://www.svpolytechnicbhopal.ac.in,info@svpolytechnicbhopal.ac.in,admissions@svpolytechnicbhopal.ac.in,placement@svpolytechnicbhopal.ac.in,+91-80-795-6790,Electrical Engineering,Diploma,126,847,1987,Rural,Yes,Yes
1-44639663901,1-44639663901,U-0441,"S.V.POLYTECHNIC COLLEGE, BHOPAL",Active,Madhya Pradesh,Bhopal,Bhopal,"PRINCIPAL,S.V.POLYTECHNIC COLLEGE,VIVEKANAND SQUARE SHAMLA HILLS BHOPAL(M.P.)",452493,23.258871,77.401115,Government,"Rajiv Gandhi Proudyogiki Vishwavidyalaya, Bhopal",Approved,Approved,B++,Yes,,Tier 3,http://www.svpolytechnicbhopal.ac.in,info@svpolytechnicbhopal.ac.in,admissions@svpolytechnicbhopal.ac.in,placement@svpolytechnicbhopal.ac.in,+91-80-795-6790,Civil Engineering,Diploma,90,847,1987,Rural,Yes,Yes
1-44639663901,1-44639663901,U-0441,"S.V.POLYTECHNIC COLLEGE, BHOPAL",Active,Madhya Pradesh,Bhopal,Bhopal,"PRINCIPAL,S.V.POLYTECHNIC COLLEGE,VIVEKANAND SQUARE SHAMLA HILLS BHOPAL(M.P.)",452493,23.258871,77.401115,Government,"Rajiv Gandhi Proudyogiki Vishwavidyalaya, Bhopal",Approved,Approved,B++,Yes,,Tier 3,http://www.svpolytechnicbhopal.ac.in,info@svpolytechnicbhopal.ac.in,admissions@svpolytechnicbhopal.ac.in,placement@svpolytechnicbhopal.ac.in,+91-80-795-6790,Information Technology (IT),Diploma,150,847,1987,Rural,Yes,Yes
1-44639663901,1-44639663901,U-0441,"S.V.POLYTECHNIC COLLEGE, BHOPAL",Active,Madhya Pradesh,Bhopal,Bhopal,"PRINCIPAL,S.V.POLYTECHNIC COLLEGE,VIVEKANAND SQUARE SHAMLA HILLS BHOPAL(M.P.)",452493,23.258871,77.401115,Government,"Rajiv Gandhi Proudyogiki Vishwavidyalaya, Bhopal",Approved,Approved,B++,Yes,,Tier 3,http://www.svpolytechnicbhopal.ac.in,info@svpolytechnicbhopal.ac.in,admissions@svpolytechnicbhopal.ac.in,placement@svpolytechnicbhopal.ac.in,+91-80-795-6790,Mechanical Engineering,Diploma,110,847,1987,Rural,Yes,Yes
1-44639663901,1-44639663901,U-0441,"S.V.POLYTECHNIC COLLEGE, BHOPAL",Active,Madhya Pradesh,Bhopal,Bhopal,"PRINCIPAL,S.V.POLYTECHNIC COLLEGE,VIVEKANAND SQUARE SHAMLA HILLS BHOPAL(M.P.)",452493,23.258871,77.401115,Government,"Rajiv Gandhi Proudyogiki Vishwavidyalaya, Bhopal",Approved,Approved,B++,Yes,,Tier 3,http://www.svpolytechnicbhopal.ac.in,info@svpolytechnicbhopal.ac.in,admissions@svpolytechnicbhopal.ac.in,placement@svpolytechnicbhopal.ac.in,+91-80-795-6790,Electronics & Communication Engineering (ECE),Diploma,60,847,1987,Rural,Yes,Yes
1-44639520738,1-44639520738,U-0441,GOVT.POLYTECHNIC COLLEGE REWA,Active,Madhya Pradesh,Rewa,Rewa,CAMPUS-REWAENGG.COLLEGE REWA                         SIRMOUR ROAD REWA M.P.,452412,22.955563,78.667046,Government,"Rajiv Gandhi Proudyogiki Vishwavidyalaya, Bhopal",Approved,Approved,A+,Yes,,Tier 2,http://www.govtpolytechnicrewa.ac.in,info@govtpolytechnicrewa.ac.in,admissions@govtpolytechnicrewa.ac.in,placement@govtpolytechnicrewa.ac.in,+91-80-090-7200,Electronics & Communication Engineering (ECE),Diploma,60,240,1986,Urban,Yes,Yes
1-44639520738,1-44639520738,U-0441,GOVT.POLYTECHNIC COLLEGE REWA,Active,Madhya Pradesh,Rewa,Rewa,CAMPUS-REWAENGG.COLLEGE REWA                         SIRMOUR ROAD REWA M.P.,452412,22.955563,78.667046,Government,"Rajiv Gandhi Proudyogiki Vishwavidyalaya, Bhopal",Approved,Approved,A+,Yes,,Tier 2,http://www.govtpolytechnicrewa.ac.in,info@govtpolytechnicrewa.ac.in,admissions@govtpolytechnicrewa.ac.in,placement@govtpolytechnicrewa.ac.in,+91-80-090-7200,Other Engineering Branches,Diploma,60,240,1986,Urban,Yes,Yes
1-44639520738,1-44639520738,U-0441,GOVT.POLYTECHNIC COLLEGE REWA,Active,Madhya Pradesh,Rewa,Rewa,CAMPUS-REWAENGG.COLLEGE REWA                         SIRMOUR ROAD REWA M.P.,452412,22.955563,78.667046,Government,"Rajiv Gandhi Proudyogiki Vishwavidyalaya, Bhopal",Approved,Approved,A+,Yes,,Tier 2,http://www.govtpolytechnicrewa.ac.in,info@govtpolytechnicrewa.ac.in,admissions@govtpolytechnicrewa.ac.in,placement@govtpolytechnicrewa.ac.in,+91-80-090-7200,Civil Engineering,Diploma,60,240,1986,Urban,Yes,Yes
1-44639520738,1-44639520738,U-0441,GOVT.POLYTECHNIC COLLEGE REWA,Active,Madhya Pradesh,Rewa,Rewa,CAMPUS-REWAENGG.COLLEGE REWA                         SIRMOUR ROAD REWA M.P.,452412,22.955563,78.667046,Government,"Rajiv Gandhi Proudyogiki Vishwavidyalaya, Bhopal",Approved,Approved,A+,Yes,,Tier 2,http://www.govtpolytechnicrewa.ac.in,info@govtpolytechnicrewa.ac.in,admissions@govtpolytechnicrewa.ac.in,placement@govtpolytechnicrewa.ac.in,+91-80-090-7200,Mechanical Engineering,Diploma,60,240,1986,Urban,Yes,Yes
1-44639667469,1-44639667469,U-0042,GOVERNMENT POLYTECHNIC COLLEGE LATERI,Active,Madhya Pradesh,Bhopal,Bhopal,CAMP OFFICE: GOVT. WOMEN'S POLYTECHNIC COLLEGE BHOPAL,452493,23.243036,77.40032,Government,"Rajiv Gandhi Technical University, Bhopal",Approved,Approved,A,No,,Tier 2,http://www.lateri.ac.in,info@lateri.ac.in,admissions@lateri.ac.in,placement@lateri.ac.in,+91-80-131-5377,Computer Science Engineering (CSE),Diploma,60,240,2000,Rural,Yes,Yes
1-44639667469,1-44639667469,U-0042,GOVERNMENT POLYTECHNIC COLLEGE LATERI,Active,Madhya Pradesh,Bhopal,Bhopal,CAMP OFFICE: GOVT. WOMEN'S POLYTECHNIC COLLEGE BHOPAL,452493,23.243036,77.40032,Government,"Rajiv Gandhi Technical University, Bhopal",Approved,Approved,A,No,,Tier 2,http://www.lateri.ac.in,info@lateri.ac.in,admissions@lateri.ac.in,placement@lateri.ac.in,+91-80-131-5377,Electronics & Communication Engineering (ECE),Diploma,60,240,2000,Rural,Yes,Yes
1-44639667469,1-44639667469,U-0042,GOVERNMENT POLYTECHNIC COLLEGE LATERI,Active,Madhya Pradesh,Bhopal,Bhopal,CAMP OFFICE: GOVT. WOMEN'S POLYTECHNIC COLLEGE BHOPAL,452493,23.243036,77.40032,Government,"Rajiv Gandhi Technical University, Bhopal",Approved,Approved,A,No,,Tier 2,http://www.lateri.ac.in,info@lateri.ac.in,admissions@lateri.ac.in,placement@lateri.ac.in,+91-80-131-5377,Civil Engineering,Diploma,60,240,2000,Rural,Yes,Yes
1-44639667469,1-44639667469,U-0042,GOVERNMENT POLYTECHNIC COLLEGE LATERI,Active,Madhya Pradesh,Bhopal,Bhopal,CAMP OFFICE: GOVT. WOMEN'S POLYTECHNIC COLLEGE BHOPAL,452493,23.243036,77.40032,Government,"Rajiv Gandhi Technical University, Bhopal",Approved,Approved,A,No,,Tier 2,http://www.lateri.ac.in,info@lateri.ac.in,admissions@lateri.ac.in,placement@lateri.ac.in,+91-80-131-5377,Mechanical Engineering,Diploma,60,240,2000,Rural,Yes,Yes
1-44639954763,1-44639954763,U-0441,"UJJAIN POLYTECHNIC COLLEGE, UJJAIN",Active,Madhya Pradesh,Ujjain,Ujjain,"DEWAS ROAD , UJJAIN",452341,23.169079,75.784281,Government,"Rajiv Gandhi Proudyogiki Vishwavidyalaya, Bhopal",Approved,Approved,A,No,,Tier 2,http://www.ujjainujjain.ac.in,info@ujjainujjain.ac.in,admissions@ujjainujjain.ac.in,placement@ujjainujjain.ac.in,+91-80-548-5925,Civil Engineering,Diploma,45,690,1986,Urban,Yes,Yes
1-44639954763,1-44639954763,U-0441,"UJJAIN POLYTECHNIC COLLEGE, UJJAIN",Active,Madhya Pradesh,Ujjain,Ujjain,"DEWAS ROAD , UJJAIN",452341,23.169079,75.784281,Government,"Rajiv Gandhi Proudyogiki Vishwavidyalaya, Bhopal",Approved,Approved,A,No,,Tier 2,http://www.ujjainujjain.ac.in,info@ujjainujjain.ac.in,admissions@ujjainujjain.ac.in,placement@ujjainujjain.ac.in,+91-80-548-5925,Other Engineering Branches,Diploma,180,690,1986,Urban,Yes,Yes
1-44639954763,1-44639954763,U-0441,"UJJAIN POLYTECHNIC COLLEGE, UJJAIN",Active,Madhya Pradesh,Ujjain,Ujjain,"DEWAS ROAD , UJJAIN",452341,23.169079,75.784281,Government,"Rajiv Gandhi Proudyogiki Vishwavidyalaya, Bhopal",Approved,Approved,A,No,,Tier 2,http://www.ujjainujjain.ac.in,info@ujjainujjain.ac.in,admissions@ujjainujjain.ac.in,placement@ujjainujjain.ac.in,+91-80-548-5925,Chemical Engineering,Diploma,60,690,1986,Urban,Yes,Yes
1-44639954763,1-44639954763,U-0441,"UJJAIN POLYTECHNIC COLLEGE, UJJAIN",Active,Madhya Pradesh,Ujjain,Ujjain,"DEWAS ROAD , UJJAIN",452341,23.169079,75.784281,Government,"Rajiv Gandhi Proudyogiki Vishwavidyalaya, Bhopal",Approved,Approved,A,No,,Tier 2,http://www.ujjainujjain.ac.in,info@ujjainujjain.ac.in,admissions@ujjainujjain.ac.in,placement@ujjainujjain.ac.in,+91-80-548-5925,Mechanical Engineering,Diploma,105,690,1986,Urban,Yes,Yes
1-44639954763,1-44639954763,U-0441,"UJJAIN POLYTECHNIC COLLEGE, UJJAIN",Active,Madhya Pradesh,Ujjain,Ujjain,"DEWAS ROAD , UJJAIN",452341,23.169079,75.784281,Government,"Rajiv Gandhi Proudyogiki Vishwavidyalaya, Bhopal",Approved,Approved,A,No,,Tier 2,http://www.ujjainujjain.ac.in,info@ujjainujjain.ac.in,admissions@ujjainujjain.ac.in,placement@ujjainujjain.ac.in,+91-80-548-5925,Electrical Engineering,Diploma,120,690,1986,Urban,Yes,Yes
1-44639954763,1-44639954763,U-0441,"UJJAIN POLYTECHNIC COLLEGE, UJJAIN",Active,Madhya Pradesh,Ujjain,Ujjain,"DEWAS ROAD , UJJAIN",452341,23.169079,75.784281,Government,"Rajiv Gandhi Proudyogiki Vishwavidyalaya, Bhopal",Approved,Approved,A,No,,Tier 2,http://www.ujjainujjain.ac.in,info@ujjainujjain.ac.in,admissions@ujjainujjain.ac.in,placement@ujjainujjain.ac.in,+91-80-548-5925,Computer Science Engineering (CSE),Diploma,60,690,1986,Urban,Yes,Yes
1-44639954763,1-44639954763,U-0441,"UJJAIN POLYTECHNIC COLLEGE, UJJAIN",Active,Madhya Pradesh,Ujjain,Ujjain,"DEWAS ROAD , UJJAIN",452341,23.169079,75.784281,Government,"Rajiv Gandhi Proudyogiki Vishwavidyalaya, Bhopal",Approved,Approved,A,No,,Tier 2,http://www.ujjainujjain.ac.in,info@ujjainujjain.ac.in,admissions@ujjainujjain.ac.in,placement@ujjainujjain.ac.in,+91-80-548-5925,Information Technology (IT),Diploma,60,690,1986,Urban,Yes,Yes
1-44639954763,1-44639954763,U-0441,"UJJAIN POLYTECHNIC COLLEGE, UJJAIN",Active,Madhya Pradesh,Ujjain,Ujjain,"DEWAS ROAD , UJJAIN",452341,23.169079,75.784281,Government,"Rajiv Gandhi Proudyogiki Vishwavidyalaya, Bhopal",Approved,Approved,A,No,,Tier 2,http://www.ujjainujjain.ac.in,info@ujjainujjain.ac.in,admissions@ujjainujjain.ac.in,placement@ujjainujjain.ac.in,+91-80-548-5925,Electronics & Communication Engineering (ECE),Diploma,60,690,1986,Urban,Yes,Yes
1-44639980493,1-44639980493,U-0441,"DR. B.R. AMBEDKAR POLYTECHNIC COLLEGE,GWALIOR",Active,Madhya Pradesh,Gwalior,Gwalior,"NAKA CHANDRABADNI, JHANSI ROAD",452896,26.206417,78.187718,Government,"Rajiv Gandhi Proudyogiki Vishwavidyalaya, Bhopal",Approved,Approved,B,No,,Tier 3,http://www.drbrambedkar.ac.in,info@drbrambedkar.ac.in,admissions@drbrambedkar.ac.in,placement@drbrambedkar.ac.in,+91-80-340-4447,Civil Engineering,Diploma,90,450,1994,Urban,Yes,Yes
1-44639980493,1-44639980493,U-0441,"DR. B.R. AMBEDKAR POLYTECHNIC COLLEGE,GWALIOR",Active,Madhya Pradesh,Gwalior,Gwalior,"NAKA CHANDRABADNI, JHANSI ROAD",452896,26.206417,78.187718,Government,"Rajiv Gandhi Proudyogiki Vishwavidyalaya, Bhopal",Approved,Approved,B,No,,Tier 3,http://www.drbrambedkar.ac.in,info@drbrambedkar.ac.in,admissions@drbrambedkar.ac.in,placement@drbrambedkar.ac.in,+91-80-340-4447,Electrical Engineering,Diploma,90,450,1994,Urban,Yes,Yes
1-44639980493,1-44639980493,U-0441,"DR. B.R. AMBEDKAR POLYTECHNIC COLLEGE,GWALIOR",Active,Madhya Pradesh,Gwalior,Gwalior,"NAKA CHANDRABADNI, JHANSI ROAD",452896,26.206417,78.187718,Government,"Rajiv Gandhi Proudyogiki Vishwavidyalaya, Bhopal",Approved,Approved,B,No,,Tier 3,http://www.drbrambedkar.ac.in,info@drbrambedkar.ac.in,admissions@drbrambedkar.ac.in,placement@drbrambedkar.ac.in,+91-80-340-4447,Mechanical Engineering,Diploma,90,450,1994,Urban,Yes,Yes
1-44639980493,1-44639980493,U-0441,"DR. B.R. AMBEDKAR POLYTECHNIC COLLEGE,GWALIOR",Active,Madhya Pradesh,Gwalior,Gwalior,"NAKA CHANDRABADNI, JHANSI ROAD",452896,26.206417,78.187718,Government,"Rajiv Gandhi Proudyogiki Vishwavidyalaya, Bhopal",Approved,Approved,B,No,,Tier 3,http://www.drbrambedkar.ac.in,info@drbrambedkar.ac.in,admissions@drbrambedkar.ac.in,placement@drbrambedkar.ac.in,+91-80-340-4447,Other Engineering Branches,Diploma,60,450,1994,Urban,Yes,Yes
1-44639980493,1-44639980493,U-0441,"DR. B.R. AMBEDKAR POLYTECHNIC COLLEGE,GWALIOR",Active,Madhya Pradesh,Gwalior,Gwalior,"NAKA CHANDRABADNI, JHANSI ROAD",452896,26.206417,78.187718,Government,"Rajiv Gandhi Proudyogiki Vishwavidyalaya, Bhopal",Approved,Approved,B,No,,Tier 3,http://www.drbrambedkar.ac.in,info@drbrambedkar.ac.in,admissions@drbrambedkar.ac.in,placement@drbrambedkar.ac.in,+91-80-340-4447,Information Technology (IT),Diploma,60,450,1994,Urban,Yes,Yes
1-44639980493,1-44639980493,U-0441,"DR. B.R. AMBEDKAR POLYTECHNIC COLLEGE,GWALIOR",Active,Madhya Pradesh,Gwalior,Gwalior,"NAKA CHANDRABADNI, JHANSI ROAD",452896,26.206417,78.187718,Government,"Rajiv Gandhi Proudyogiki Vishwavidyalaya, Bhopal",Approved,Approved,B,No,,Tier 3,http://www.drbrambedkar.ac.in,info@drbrambedkar.ac.in,admissions@drbrambedkar.ac.in,placement@drbrambedkar.ac.in,+91-80-340-4447,Computer Science Engineering (CSE),Diploma,60,450,1994,Urban,Yes,Yes
1-44639960211,1-44639960211,U-0992,UNIVERSITY POLYTECHNIC RGPV BHOPAL,Active,Madhya Pradesh,Bhopal,Bhopal,UNIVERSITY POLYTECHNIC RGPV AIRPORT ROAD GANDHINAGAR BHOPAL - 462033,462033,23.250019,77.395871,State Government University,NOT APPLICABLE,Approved,Approved,B,Yes,,Tier 3,http://www.rgpvbhopal.ac.in,info@rgpvbhopal.ac.in,admissions@rgpvbhopal.ac.in,placement@rgpvbhopal.ac.in,+91-80-424-3988,Electrical Engineering,Diploma,60,180,1984,Urban,Yes,No
1-44639960211,1-44639960211,U-0992,UNIVERSITY POLYTECHNIC RGPV BHOPAL,Active,Madhya Pradesh,Bhopal,Bhopal,UNIVERSITY POLYTECHNIC RGPV AIRPORT ROAD GANDHINAGAR BHOPAL - 462033,462033,23.250019,77.395871,State Government University,NOT APPLICABLE,Approved,Approved,B,Yes,,Tier 3,http://www.rgpvbhopal.ac.in,info@rgpvbhopal.ac.in,admissions@rgpvbhopal.ac.in,placement@rgpvbhopal.ac.in,+91-80-424-3988,Mechanical Engineering,Diploma,60,180,1984,Urban,Yes,No
1-44639960211,1-44639960211,U-0992,UNIVERSITY POLYTECHNIC RGPV BHOPAL,Active,Madhya Pradesh,Bhopal,Bhopal,UNIVERSITY POLYTECHNIC RGPV AIRPORT ROAD GANDHINAGAR BHOPAL - 462033,462033,23.250019,77.395871,State Government University,NOT APPLICABLE,Approved,Approved,B,Yes,,Tier 3,http://www.rgpvbhopal.ac.in,info@rgpvbhopal.ac.in,admissions@rgpvbhopal.ac.in,placement@rgpvbhopal.ac.in,+91-80-424-3988,Civil Engineering,Diploma,60,180,1984,Urban,Yes,No
1-44639982837,1-44639982837,U-0441,INDIRA GANDHI GOVT.POLYTECHNIC COLLEGE CHHINDWARA,Active,Madhya Pradesh,Chhindwara,Chhindwara,"DHARAM TEKRI, GRAM KHAPA BHAT",452140,22.973637,78.658784,Government,"Rajiv Gandhi Proudyogiki Vishwavidyalaya, Bhopal",Approved,Approved,A+,Yes,,Tier 2,http://www.indiragandhigovtpolytechnic.ac.in,info@indiragandhigovtpolytechnic.ac.in,admissions@indiragandhigovtpolytechnic.ac.in,placement@indiragandhigovtpolytechnic.ac.in,+91-80-848-8076,Computer Science Engineering (CSE),Diploma,48,96,1988,Rural,Yes,Yes
1-44639982837,1-44639982837,U-0441,INDIRA GANDHI GOVT.POLYTECHNIC COLLEGE CHHINDWARA,Active,Madhya Pradesh,Chhindwara,Chhindwara,"DHARAM TEKRI, GRAM KHAPA BHAT",452140,22.973637,78.658784,Government,"Rajiv Gandhi Proudyogiki Vishwavidyalaya, Bhopal",Approved,Approved,A+,Yes,,Tier 2,http://www.indiragandhigovtpolytechnic.ac.in,info@indiragandhigovtpolytechnic.ac.in,admissions@indiragandhigovtpolytechnic.ac.in,placement@indiragandhigovtpolytechnic.ac.in,+91-80-848-8076,Other Engineering Branches,Diploma,48,96,1988,Rural,Yes,Yes
1-44640002789,1-44640002789,U-0441,GOVT.POLYTECHNIC COLLEGE PACHORE,Active,Madhya Pradesh,Rajgarh,Rajgarh,GOVT. POLYTECHNIC COLLEGE PACHORE DISST.RAJGARH,452833,22.987591,78.63693,Government,"Rajiv Gandhi Proudyogiki Vishwavidyalaya, Bhopal",Approved,Approved,A+,Yes,,Tier 2,http://www.govtpolytechnicpachore.ac.in,info@govtpolytechnicpachore.ac.in,admissions@govtpolytechnicpachore.ac.in,placement@govtpolytechnicpachore.ac.in,+91-80-434-0352,Mechanical Engineering,Diploma,44,88,1998,Urban,Yes,Yes
1-44640002789,1-44640002789,U-0441,GOVT.POLYTECHNIC COLLEGE PACHORE,Active,Madhya Pradesh,Rajgarh,Rajgarh,GOVT. POLYTECHNIC COLLEGE PACHORE DISST.RAJGARH,452833,22.987591,78.63693,Government,"Rajiv Gandhi Proudyogiki Vishwavidyalaya, Bhopal",Approved,Approved,A+,Yes,,Tier 2,http://www.govtpolytechnicpachore.ac.in,info@govtpolytechnicpachore.ac.in,admissions@govtpolytechnicpachore.ac.in,placement@govtpolytechnicpachore.ac.in,+91-80-434-0352,Electrical Engineering,Diploma,44,88,1998,Urban,Yes,Yes
1-44639985787,1-44639985787,U-0441,"GOVERNMENT POLYTECHNIC COLLEGE, HARDA",Active,Madhya Pradesh,Harda,Harda, INDORE ROAD,452322,22.971145,78.67305,Government,"Rajiv Gandhi Proudyogiki Vishwavidyalaya, Bhopal",Approved,Approved,B,No,,Tier 3,http://www.harda.ac.in,info@harda.ac.in,admissions@harda.ac.in,placement@harda.ac.in,+91-80-744-2919,Civil Engineering,Diploma,54,216,1991,Urban,Yes,Yes
1-44639985787,1-44639985787,U-0441,"GOVERNMENT POLYTECHNIC COLLEGE, HARDA",Active,Madhya Pradesh,Harda,Harda, INDORE ROAD,452322,22.971145,78.67305,Government,"Rajiv Gandhi Proudyogiki Vishwavidyalaya, Bhopal",Approved,Approved,B,No,,Tier 3,http://www.harda.ac.in,info@harda.ac.in,admissions@harda.ac.in,placement@harda.ac.in,+91-80-744-2919,Mechanical Engineering,Diploma,54,216,1991,Urban,Yes,Yes
1-44639985787,1-44639985787,U-0441,"GOVERNMENT POLYTECHNIC COLLEGE, HARDA",Active,Madhya Pradesh,Harda,Harda, INDORE ROAD,452322,22.971145,78.67305,Government,"Rajiv Gandhi Proudyogiki Vishwavidyalaya, Bhopal",Approved,Approved,B,No,,Tier 3,http://www.harda.ac.in,info@harda.ac.in,admissions@harda.ac.in,placement@harda.ac.in,+91-80-744-2919,Electrical Engineering,Diploma,54,216,1991,Urban,Yes,Yes
1-44639985787,1-44639985787,U-0441,"GOVERNMENT POLYTECHNIC COLLEGE, HARDA",Active,Madhya Pradesh,Harda,Harda, INDORE ROAD,452322,22.971145,78.67305,Government,"Rajiv Gandhi Proudyogiki Vishwavidyalaya, Bhopal",Approved,Approved,B,No,,Tier 3,http://www.harda.ac.in,info@harda.ac.in,admissions@harda.ac.in,placement@harda.ac.in,+91-80-744-2919,Computer Science Engineering (CSE),Diploma,54,216,1991,Urban,Yes,Yes
1-44639443540,1-44639443540,U-0441,ST. ALOYSIUS INSTITUTE OF TECHNOLOGY,Active,Madhya Pradesh,Jabalpur,Jabalpur,"NEAR EKTA MARKET, GAUR BRIDGE, GOURIYA GHAT, MANDLA ROAD, JABALPUR. M.P.",452090,22.174628,79.930937,Private-Self Financing,"Rajiv Gandhi Proudyogiki Vishwavidyalaya, Bhopal",Approved,Approved,B+,No,,Tier 3,http://www.staloysius.ac.in,info@staloysius.ac.in,admissions@staloysius.ac.in,placement@staloysius.ac.in,+91-80-781-3253,Civil Engineering,Diploma,60,375,1995,Rural,Yes,Yes
1-44639443540,1-44639443540,U-0441,ST. ALOYSIUS INSTITUTE OF TECHNOLOGY,Active,Madhya Pradesh,Jabalpur,Jabalpur,"NEAR EKTA MARKET, GAUR BRIDGE, GOURIYA GHAT, MANDLA ROAD, JABALPUR. M.P.",452090,22.174628,79.930937,Private-Self Financing,"Rajiv Gandhi Proudyogiki Vishwavidyalaya, Bhopal",Approved,Approved,B+,No,,Tier 3,http://www.staloysius.ac.in,info@staloysius.ac.in,admissions@staloysius.ac.in,placement@staloysius.ac.in,+91-80-781-3253,Mechanical Engineering,Diploma,60,375,1995,Rural,Yes,Yes
1-44639443540,1-44639443540,U-0441,ST. ALOYSIUS INSTITUTE OF TECHNOLOGY,Active,Madhya Pradesh,Jabalpur,Jabalpur,"NEAR EKTA MARKET, GAUR BRIDGE, GOURIYA GHAT, MANDLA ROAD, JABALPUR. M.P.",452090,22.174628,79.930937,Private-Self Financing,"Rajiv Gandhi Proudyogiki Vishwavidyalaya, Bhopal",Approved,Approved,B+,No,,Tier 3,http://www.staloysius.ac.in,info@staloysius.ac.in,admissions@staloysius.ac.in,placement@staloysius.ac.in,+91-80-781-3253,Civil Engineering,B.Tech,60,375,1995,Rural,Yes,Yes
1-44639443540,1-44639443540,U-0441,ST. ALOYSIUS INSTITUTE OF TECHNOLOGY,Active,Madhya Pradesh,Jabalpur,Jabalpur,"NEAR EKTA MARKET, GAUR BRIDGE, GOURIYA GHAT, MANDLA ROAD, JABALPUR. M.P.",452090,22.174628,79.930937,Private-Self Financing,"Rajiv Gandhi Proudyogiki Vishwavidyalaya, Bhopal",Approved,Approved,B+,No,,Tier 3,http://www.staloysius.ac.in,info@staloysius.ac.in,admissions@staloysius.ac.in,placement@staloysius.ac.in,+91-80-781-3253,Computer Science Engineering (CSE),B.Tech,60,375,1995,Rural,Yes,Yes
1-44639443540,1-44639443540,U-0441,ST. ALOYSIUS INSTITUTE OF TECHNOLOGY,Active,Madhya Pradesh,Jabalpur,Jabalpur,"NEAR EKTA MARKET, GAUR BRIDGE, GOURIYA GHAT, MANDLA ROAD, JABALPUR. M.P.",452090,22.174628,79.930937,Private-Self Financing,"Rajiv Gandhi Proudyogiki Vishwavidyalaya, Bhopal",Approved,Approved,B+,No,,Tier 3,http://www.staloysius.ac.in,info@staloysius.ac.in,admissions@staloysius.ac.in,placement@staloysius.ac.in,+91-80-781-3253,Electrical & Electronics Engineering (EEE),B.Tech,15,375,1995,Rural,Yes,Yes
1-44639443540,1-44639443540,U-0441,ST. ALOYSIUS INSTITUTE OF TECHNOLOGY,Active,Madhya Pradesh,Jabalpur,Jabalpur,"NEAR EKTA MARKET, GAUR BRIDGE, GOURIYA GHAT, MANDLA ROAD, JABALPUR. M.P.",452090,22.174628,79.930937,Private-Self Financing,"Rajiv Gandhi Proudyogiki Vishwavidyalaya, Bhopal",Approved,Approved,B+,No,,Tier 3,http://www.staloysius.ac.in,info@staloysius.ac.in,admissions@staloysius.ac.in,placement@staloysius.ac.in,+91-80-781-3253,Mechanical Engineering,B.Tech,60,375,1995,Rural,Yes,Yes
1-44639443540,1-44639443540,U-0441,ST. ALOYSIUS INSTITUTE OF TECHNOLOGY,Active,Madhya Pradesh,Jabalpur,Jabalpur,"NEAR EKTA MARKET, GAUR BRIDGE, GOURIYA GHAT, MANDLA ROAD, JABALPUR. M.P.",452090,22.174628,79.930937,Private-Self Financing,"Rajiv Gandhi Proudyogiki Vishwavidyalaya, Bhopal",Approved,Approved,B+,No,,Tier 3,http://www.staloysius.ac.in,info@staloysius.ac.in,admissions@staloysius.ac.in,placement@staloysius.ac.in,+91-80-781-3253,Artificial Intelligence & Machine Learning (AI & ML),B.Tech,30,375,1995,Rural,Yes,Yes
1-44639443540,1-44639443540,U-0441,ST. ALOYSIUS INSTITUTE OF TECHNOLOGY,Active,Madhya Pradesh,Jabalpur,Jabalpur,"NEAR EKTA MARKET, GAUR BRIDGE, GOURIYA GHAT, MANDLA ROAD, JABALPUR. M.P.",452090,22.174628,79.930937,Private-Self Financing,"Rajiv Gandhi Proudyogiki Vishwavidyalaya, Bhopal",Approved,Approved,B+,No,,Tier 3,http://www.staloysius.ac.in,info@staloysius.ac.in,admissions@staloysius.ac.in,placement@staloysius.ac.in,+91-80-781-3253,Data Science,B.Tech,30,375,1995,Rural,Yes,Yes
1-44639571137,1-44639571137,U-0992,"SCHOOL OF ELECTRONICS, DEVI AHILYA UNIVERSITY, INDORE",Active,Madhya Pradesh,Indore,Indore,"SCHOOL OF ELECTRONICS, DEVI AHILYA UNIVERSITY, TAKSHASHILA CAMPUS, KHANDWA ROAD, INDORE(M.P.)",452012,22.715037,75.859748,State Government University,NOT APPLICABLE,Approved,Approved,Not Accredited,No,,Tier 3,http://www.schoolelectronicsdevi.ac.in,info@schoolelectronicsdevi.ac.in,admissions@schoolelectronicsdevi.ac.in,placement@schoolelectronicsdevi.ac.in,+91-80-647-4637,Other Engineering Branches,M.Tech,18,48,2012,Urban,Yes,Yes
1-44639571137,1-44639571137,U-0992,"SCHOOL OF ELECTRONICS, DEVI AHILYA UNIVERSITY, INDORE",Active,Madhya Pradesh,Indore,Indore,"SCHOOL OF ELECTRONICS, DEVI AHILYA UNIVERSITY, TAKSHASHILA CAMPUS, KHANDWA ROAD, INDORE(M.P.)",452012,22.715037,75.859748,State Government University,NOT APPLICABLE,Approved,Approved,Not Accredited,No,,Tier 3,http://www.schoolelectronicsdevi.ac.in,info@schoolelectronicsdevi.ac.in,admissions@schoolelectronicsdevi.ac.in,placement@schoolelectronicsdevi.ac.in,+91-80-647-4637,Other Engineering Branches,B.Tech,30,48,2012,Urban,Yes,Yes
1-44639616683,1-44639616683,U-0441,"S.R.GOVT. POLYTECHNIC COLLEGE, SAGAR (MP)",Active,Madhya Pradesh,Sagar,Sagar,"TILLI ROAD, SAGAR (MP)",452081,23.834646,78.737816,Government,"Rajiv Gandhi Proudyogiki Vishwavidyalaya, Bhopal",Approved,Approved,A+,Yes,,Tier 2,http://www.srgovtsagarmp.ac.in,info@srgovtsagarmp.ac.in,admissions@srgovtsagarmp.ac.in,placement@srgovtsagarmp.ac.in,+91-80-664-6400,Other Engineering Branches,Diploma,120,240,2011,Rural,Yes,No
1-44639616683,1-44639616683,U-0441,"S.R.GOVT. POLYTECHNIC COLLEGE, SAGAR (MP)",Active,Madhya Pradesh,Sagar,Sagar,"TILLI ROAD, SAGAR (MP)",452081,23.834646,78.737816,Government,"Rajiv Gandhi Proudyogiki Vishwavidyalaya, Bhopal",Approved,Approved,A+,Yes,,Tier 2,http://www.srgovtsagarmp.ac.in,info@srgovtsagarmp.ac.in,admissions@srgovtsagarmp.ac.in,placement@srgovtsagarmp.ac.in,+91-80-664-6400,Computer Science Engineering (CSE),Diploma,60,240,2011,Rural,Yes,No
1-44639616683,1-44639616683,U-0441,"S.R.GOVT. POLYTECHNIC COLLEGE, SAGAR (MP)",Active,Madhya Pradesh,Sagar,Sagar,"TILLI ROAD, SAGAR (MP)",452081,23.834646,78.737816,Government,"Rajiv Gandhi Proudyogiki Vishwavidyalaya, Bhopal",Approved,Approved,A+,Yes,,Tier 2,http://www.srgovtsagarmp.ac.in,info@srgovtsagarmp.ac.in,admissions@srgovtsagarmp.ac.in,placement@srgovtsagarmp.ac.in,+91-80-664-6400,Electronics & Communication Engineering (ECE),Diploma,60,240,2011,Rural,Yes,No
1-44639988037,1-44639988037,U-0441,GOVERNMENT POLYTECHNIC COLLEGE BALAGHAT,Active,Madhya Pradesh,Balaghat,Balaghat,JAGPUR ROAD,452705,22.967266,78.659132,Government,"Rajiv Gandhi Proudyogiki Vishwavidyalaya, Bhopal",Approved,Approved,B++,Yes,,Tier 3,http://www.balaghat.ac.in,info@balaghat.ac.in,admissions@balaghat.ac.in,placement@balaghat.ac.in,+91-80-581-5950,Civil Engineering,Diploma,60,240,1980,Rural,Yes,Yes
1-44639988037,1-44639988037,U-0441,GOVERNMENT POLYTECHNIC COLLEGE BALAGHAT,Active,Madhya Pradesh,Balaghat,Balaghat,JAGPUR ROAD,452705,22.967266,78.659132,Government,"Rajiv Gandhi Proudyogiki Vishwavidyalaya, Bhopal",Approved,Approved,B++,Yes,,Tier 3,http://www.balaghat.ac.in,info@balaghat.ac.in,admissions@balaghat.ac.in,placement@balaghat.ac.in,+91-80-581-5950,Mechanical Engineering,Diploma,60,240,1980,Rural,Yes,Yes
1-44639988037,1-44639988037,U-0441,GOVERNMENT POLYTECHNIC COLLEGE BALAGHAT,Active,Madhya Pradesh,Balaghat,Balaghat,JAGPUR ROAD,452705,22.967266,78.659132,Government,"Rajiv Gandhi Proudyogiki Vishwavidyalaya, Bhopal",Approved,Approved,B++,Yes,,Tier 3,http://www.balaghat.ac.in,info@balaghat.ac.in,admissions@balaghat.ac.in,placement@balaghat.ac.in,+91-80-581-5950,Electrical Engineering,Diploma,60,240,1980,Rural,Yes,Yes
1-44639988037,1-44639988037,U-0441,GOVERNMENT POLYTECHNIC COLLEGE BALAGHAT,Active,Madhya Pradesh,Balaghat,Balaghat,JAGPUR ROAD,452705,22.967266,78.659132,Government,"Rajiv Gandhi Proudyogiki Vishwavidyalaya, Bhopal",Approved,Approved,B++,Yes,,Tier 3,http://www.balaghat.ac.in,info@balaghat.ac.in,admissions@balaghat.ac.in,placement@balaghat.ac.in,+91-80-581-5950,Computer Science Engineering (CSE),Diploma,60,240,1980,Rural,Yes,Yes
1-44639992389,1-44639992389,U-0441,"GOVERNMENT POLYTECHNIC COLLEGE, DABRA",Active,Madhya Pradesh,Gwalior,Gwalior,"GOVERNMENT POLYTECHNIC COLLEGE,  SIMARIYA TAAL,TEHSIL DABRA,DISTT GWALIOR M.P.",452896,26.223944,78.188632,Government,"Rajiv Gandhi Proudyogiki Vishwavidyalaya, Bhopal",Approved,Approved,A,No,,Tier 2,http://www.dabra.ac.in,info@dabra.ac.in,admissions@dabra.ac.in,placement@dabra.ac.in,+91-80-075-6005,Electrical Engineering,Diploma,60,150,1982,Rural,No,Yes
1-44639992389,1-44639992389,U-0441,"GOVERNMENT POLYTECHNIC COLLEGE, DABRA",Active,Madhya Pradesh,Gwalior,Gwalior,"GOVERNMENT POLYTECHNIC COLLEGE,  SIMARIYA TAAL,TEHSIL DABRA,DISTT GWALIOR M.P.",452896,26.223944,78.188632,Government,"Rajiv Gandhi Proudyogiki Vishwavidyalaya, Bhopal",Approved,Approved,A,No,,Tier 2,http://www.dabra.ac.in,info@dabra.ac.in,admissions@dabra.ac.in,placement@dabra.ac.in,+91-80-075-6005,Computer Science Engineering (CSE),Diploma,60,150,1982,Rural,No,Yes
1-44639992389,1-44639992389,U-0441,"GOVERNMENT POLYTECHNIC COLLEGE, DABRA",Active,Madhya Pradesh,Gwalior,Gwalior,"GOVERNMENT POLYTECHNIC COLLEGE,  SIMARIYA TAAL,TEHSIL DABRA,DISTT GWALIOR M.P.",452896,26.223944,78.188632,Government,"Rajiv Gandhi Proudyogiki Vishwavidyalaya, Bhopal",Approved,Approved,A,No,,Tier 2,http://www.dabra.ac.in,info@dabra.ac.in,admissions@dabra.ac.in,placement@dabra.ac.in,+91-80-075-6005,Electronics & Communication Engineering (ECE),Diploma,30,150,1982,Rural,No,Yes
1-44640047627,1-44640047627,U-0357,COLLEGE OF POLYTECHNIC ENGINEERING,Active,Madhya Pradesh,Indore,Indore,INDORE-DEWAS BYPASS ROAD VILLAGE ARANDIA INDORE,452012,22.734832,75.871814,Private-Self Financing,"Dr.A.P.J.Abdul Kalam University, Indore Madhya Pradesh",Approved,Approved,B++,No,,Tier 3,http://www.inst7724.ac.in,info@inst7724.ac.in,admissions@inst7724.ac.in,placement@inst7724.ac.in,+91-80-477-7562,Automobile Engineering,Diploma,30,330,2018,Urban,No,No
1-44640047627,1-44640047627,U-0357,COLLEGE OF POLYTECHNIC ENGINEERING,Active,Madhya Pradesh,Indore,Indore,INDORE-DEWAS BYPASS ROAD VILLAGE ARANDIA INDORE,452012,22.734832,75.871814,Private-Self Financing,"Dr.A.P.J.Abdul Kalam University, Indore Madhya Pradesh",Approved,Approved,B++,No,,Tier 3,http://www.inst7724.ac.in,info@inst7724.ac.in,admissions@inst7724.ac.in,placement@inst7724.ac.in,+91-80-477-7562,Civil Engineering,Diploma,60,330,2018,Urban,No,No
1-44640047627,1-44640047627,U-0357,COLLEGE OF POLYTECHNIC ENGINEERING,Active,Madhya Pradesh,Indore,Indore,INDORE-DEWAS BYPASS ROAD VILLAGE ARANDIA INDORE,452012,22.734832,75.871814,Private-Self Financing,"Dr.A.P.J.Abdul Kalam University, Indore Madhya Pradesh",Approved,Approved,B++,No,,Tier 3,http://www.inst7724.ac.in,info@inst7724.ac.in,admissions@inst7724.ac.in,placement@inst7724.ac.in,+91-80-477-7562,Mechanical Engineering,Diploma,60,330,2018,Urban,No,No
1-44640047627,1-44640047627,U-0357,COLLEGE OF POLYTECHNIC ENGINEERING,Active,Madhya Pradesh,Indore,Indore,INDORE-DEWAS BYPASS ROAD VILLAGE ARANDIA INDORE,452012,22.734832,75.871814,Private-Self Financing,"Dr.A.P.J.Abdul Kalam University, Indore Madhya Pradesh",Approved,Approved,B++,No,,Tier 3,http://www.inst7724.ac.in,info@inst7724.ac.in,admissions@inst7724.ac.in,placement@inst7724.ac.in,+91-80-477-7562,Electrical Engineering,Diploma,90,330,2018,Urban,No,No
1-44640047627,1-44640047627,U-0357,COLLEGE OF POLYTECHNIC ENGINEERING,Active,Madhya Pradesh,Indore,Indore,INDORE-DEWAS BYPASS ROAD VILLAGE ARANDIA INDORE,452012,22.734832,75.871814,Private-Self Financing,"Dr.A.P.J.Abdul Kalam University, Indore Madhya Pradesh",Approved,Approved,B++,No,,Tier 3,http://www.inst7724.ac.in,info@inst7724.ac.in,admissions@inst7724.ac.in,placement@inst7724.ac.in,+91-80-477-7562,Electronics & Communication Engineering (ECE),Diploma,30,330,2018,Urban,No,No
1-44640047627,1-44640047627,U-0357,COLLEGE OF POLYTECHNIC ENGINEERING,Active,Madhya Pradesh,Indore,Indore,INDORE-DEWAS BYPASS ROAD VILLAGE ARANDIA INDORE,452012,22.734832,75.871814,Private-Self Financing,"Dr.A.P.J.Abdul Kalam University, Indore Madhya Pradesh",Approved,Approved,B++,No,,Tier 3,http://www.inst7724.ac.in,info@inst7724.ac.in,admissions@inst7724.ac.in,placement@inst7724.ac.in,+91-80-477-7562,Computer Science Engineering (CSE),Diploma,60,330,2018,Urban,No,No
1-44640700660,1-44640700660,U-0441,INFINITY MANAGEMENT & ENGINEERING COLLEGE,Active,Madhya Pradesh,Sagar,Sagar,"UNIVERSITY ROAD,PATHARIA JAT",452081,23.850377,78.754936,Private-Self Financing,"Rajiv Gandhi Proudyogiki Vishwavidyalaya, Bhopal",Approved,Approved,A,No,,Tier 3,http://www.infinitymanagement.ac.in,info@infinitymanagement.ac.in,admissions@infinitymanagement.ac.in,placement@infinitymanagement.ac.in,+91-80-324-4397,Civil Engineering,B.Tech,60,564,1988,Urban,Yes,Yes
1-44640700660,1-44640700660,U-0441,INFINITY MANAGEMENT & ENGINEERING COLLEGE,Active,Madhya Pradesh,Sagar,Sagar,"UNIVERSITY ROAD,PATHARIA JAT",452081,23.850377,78.754936,Private-Self Financing,"Rajiv Gandhi Proudyogiki Vishwavidyalaya, Bhopal",Approved,Approved,A,No,,Tier 3,http://www.infinitymanagement.ac.in,info@infinitymanagement.ac.in,admissions@infinitymanagement.ac.in,placement@infinitymanagement.ac.in,+91-80-324-4397,Computer Science Engineering (CSE),B.Tech,60,564,1988,Urban,Yes,Yes
1-44640700660,1-44640700660,U-0441,INFINITY MANAGEMENT & ENGINEERING COLLEGE,Active,Madhya Pradesh,Sagar,Sagar,"UNIVERSITY ROAD,PATHARIA JAT",452081,23.850377,78.754936,Private-Self Financing,"Rajiv Gandhi Proudyogiki Vishwavidyalaya, Bhopal",Approved,Approved,A,No,,Tier 3,http://www.infinitymanagement.ac.in,info@infinitymanagement.ac.in,admissions@infinitymanagement.ac.in,placement@infinitymanagement.ac.in,+91-80-324-4397,Electronics & Communication Engineering (ECE),B.Tech,30,564,1988,Urban,Yes,Yes
1-44640700660,1-44640700660,U-0441,INFINITY MANAGEMENT & ENGINEERING COLLEGE,Active,Madhya Pradesh,Sagar,Sagar,"UNIVERSITY ROAD,PATHARIA JAT",452081,23.850377,78.754936,Private-Self Financing,"Rajiv Gandhi Proudyogiki Vishwavidyalaya, Bhopal",Approved,Approved,A,No,,Tier 3,http://www.infinitymanagement.ac.in,info@infinitymanagement.ac.in,admissions@infinitymanagement.ac.in,placement@infinitymanagement.ac.in,+91-80-324-4397,Mechanical Engineering,B.Tech,60,564,1988,Urban,Yes,Yes
1-44640700660,1-44640700660,U-0441,INFINITY MANAGEMENT & ENGINEERING COLLEGE,Active,Madhya Pradesh,Sagar,Sagar,"UNIVERSITY ROAD,PATHARIA JAT",452081,23.850377,78.754936,Private-Self Financing,"Rajiv Gandhi Proudyogiki Vishwavidyalaya, Bhopal",Approved,Approved,A,No,,Tier 3,http://www.infinitymanagement.ac.in,info@infinitymanagement.ac.in,admissions@infinitymanagement.ac.in,placement@infinitymanagement.ac.in,+91-80-324-4397,Computer Science Engineering (CSE),M.Tech,18,564,1988,Urban,Yes,Yes
1-44640700660,1-44640700660,U-0441,INFINITY MANAGEMENT & ENGINEERING COLLEGE,Active,Madhya Pradesh,Sagar,Sagar,"UNIVERSITY ROAD,PATHARIA JAT",452081,23.850377,78.754936,Private-Self Financing,"Rajiv Gandhi Proudyogiki Vishwavidyalaya, Bhopal",Approved,Approved,A,No,,Tier 3,http://www.infinitymanagement.ac.in,info@infinitymanagement.ac.in,admissions@infinitymanagement.ac.in,placement@infinitymanagement.ac.in,+91-80-324-4397,Other Engineering Branches,M.Tech,66,564,1988,Urban,Yes,Yes
1-44640700660,1-44640700660,U-0441,INFINITY MANAGEMENT & ENGINEERING COLLEGE,Active,Madhya Pradesh,Sagar,Sagar,"UNIVERSITY ROAD,PATHARIA JAT",452081,23.850377,78.754936,Private-Self Financing,"Rajiv Gandhi Proudyogiki Vishwavidyalaya, Bhopal",Approved,Approved,A,No,,Tier 3,http://www.infinitymanagement.ac.in,info@infinitymanagement.ac.in,admissions@infinitymanagement.ac.in,placement@infinitymanagement.ac.in,+91-80-324-4397,Civil Engineering,Diploma,60,564,1988,Urban,Yes,Yes
1-44640700660,1-44640700660,U-0441,INFINITY MANAGEMENT & ENGINEERING COLLEGE,Active,Madhya Pradesh,Sagar,Sagar,"UNIVERSITY ROAD,PATHARIA JAT",452081,23.850377,78.754936,Private-Self Financing,"Rajiv Gandhi Proudyogiki Vishwavidyalaya, Bhopal",Approved,Approved,A,No,,Tier 3,http://www.infinitymanagement.ac.in,info@infinitymanagement.ac.in,admissions@infinitymanagement.ac.in,placement@infinitymanagement.ac.in,+91-80-324-4397,Mechanical Engineering,Diploma,60,564,1988,Urban,Yes,Yes
1-44640700660,1-44640700660,U-0441,INFINITY MANAGEMENT & ENGINEERING COLLEGE,Active,Madhya Pradesh,Sagar,Sagar,"UNIVERSITY ROAD,PATHARIA JAT",452081,23.850377,78.754936,Private-Self Financing,"Rajiv Gandhi Proudyogiki Vishwavidyalaya, Bhopal",Approved,Approved,A,No,,Tier 3,http://www.infinitymanagement.ac.in,info@infinitymanagement.ac.in,admissions@infinitymanagement.ac.in,placement@infinitymanagement.ac.in,+91-80-324-4397,Electrical Engineering,B.Tech,30,564,1988,Urban,Yes,Yes
1-44640700660,1-44640700660,U-0441,INFINITY MANAGEMENT & ENGINEERING COLLEGE,Active,Madhya Pradesh,Sagar,Sagar,"UNIVERSITY ROAD,PATHARIA JAT",452081,23.850377,78.754936,Private-Self Financing,"Rajiv Gandhi Proudyogiki Vishwavidyalaya, Bhopal",Approved,Approved,A,No,,Tier 3,http://www.infinitymanagement.ac.in,info@infinitymanagement.ac.in,admissions@infinitymanagement.ac.in,placement@infinitymanagement.ac.in,+91-80-324-4397,Electrical Engineering,Diploma,60,564,1988,Urban,Yes,Yes
1-44640700660,1-44640700660,U-0441,INFINITY MANAGEMENT & ENGINEERING COLLEGE,Active,Madhya Pradesh,Sagar,Sagar,"UNIVERSITY ROAD,PATHARIA JAT",452081,23.850377,78.754936,Private-Self Financing,"Rajiv Gandhi Proudyogiki Vishwavidyalaya, Bhopal",Approved,Approved,A,No,,Tier 3,http://www.infinitymanagement.ac.in,info@infinitymanagement.ac.in,admissions@infinitymanagement.ac.in,placement@infinitymanagement.ac.in,+91-80-324-4397,Artificial Intelligence & Machine Learning (AI & ML),B.Tech,60,564,1988,Urban,Yes,Yes
1-44640740527,1-44640740527,U-0441,BETHESDA INSTITUTE OF TECHNOLOGY AND SCIENCES,Active,Madhya Pradesh,Gwalior,Gwalior,VILL. RATWAI (CHITORA ROAD) MORAR GWALIOR M.P.,452896,26.206619,78.183757,Private-Self Financing,"Rajiv Gandhi Proudyogiki Vishwavidyalaya, Bhopal",Approved,Approved,B,No,,Tier 3,http://www.bethesdasciences.ac.in,info@bethesdasciences.ac.in,admissions@bethesdasciences.ac.in,placement@bethesdasciences.ac.in,+91-80-348-9414,Mechanical Engineering,B.Tech,50,270,2014,Urban,Yes,Yes
1-44640740527,1-44640740527,U-0441,BETHESDA INSTITUTE OF TECHNOLOGY AND SCIENCES,Active,Madhya Pradesh,Gwalior,Gwalior,VILL. RATWAI (CHITORA ROAD) MORAR GWALIOR M.P.,452896,26.206619,78.183757,Private-Self Financing,"Rajiv Gandhi Proudyogiki Vishwavidyalaya, Bhopal",Approved,Approved,B,No,,Tier 3,http://www.bethesdasciences.ac.in,info@bethesdasciences.ac.in,admissions@bethesdasciences.ac.in,placement@bethesdasciences.ac.in,+91-80-348-9414,Electronics & Communication Engineering (ECE),B.Tech,60,270,2014,Urban,Yes,Yes
1-44640740527,1-44640740527,U-0441,BETHESDA INSTITUTE OF TECHNOLOGY AND SCIENCES,Active,Madhya Pradesh,Gwalior,Gwalior,VILL. RATWAI (CHITORA ROAD) MORAR GWALIOR M.P.,452896,26.206619,78.183757,Private-Self Financing,"Rajiv Gandhi Proudyogiki Vishwavidyalaya, Bhopal",Approved,Approved,B,No,,Tier 3,http://www.bethesdasciences.ac.in,info@bethesdasciences.ac.in,admissions@bethesdasciences.ac.in,placement@bethesdasciences.ac.in,+91-80-348-9414,Electrical & Electronics Engineering (EEE),B.Tech,60,270,2014,Urban,Yes,Yes
1-44640740527,1-44640740527,U-0441,BETHESDA INSTITUTE OF TECHNOLOGY AND SCIENCES,Active,Madhya Pradesh,Gwalior,Gwalior,VILL. RATWAI (CHITORA ROAD) MORAR GWALIOR M.P.,452896,26.206619,78.183757,Private-Self Financing,"Rajiv Gandhi Proudyogiki Vishwavidyalaya, Bhopal",Approved,Approved,B,No,,Tier 3,http://www.bethesdasciences.ac.in,info@bethesdasciences.ac.in,admissions@bethesdasciences.ac.in,placement@bethesdasciences.ac.in,+91-80-348-9414,Computer Science Engineering (CSE),B.Tech,50,270,2014,Urban,Yes,Yes
1-44640740527,1-44640740527,U-0441,BETHESDA INSTITUTE OF TECHNOLOGY AND SCIENCES,Active,Madhya Pradesh,Gwalior,Gwalior,VILL. RATWAI (CHITORA ROAD) MORAR GWALIOR M.P.,452896,26.206619,78.183757,Private-Self Financing,"Rajiv Gandhi Proudyogiki Vishwavidyalaya, Bhopal",Approved,Approved,B,No,,Tier 3,http://www.bethesdasciences.ac.in,info@bethesdasciences.ac.in,admissions@bethesdasciences.ac.in,placement@bethesdasciences.ac.in,+91-80-348-9414,Civil Engineering,B.Tech,50,270,2014,Urban,Yes,Yes
1-44640785808,1-44640785808,U-0441,INDORE WOMEN'S POLYTECHNIC COLLEGE,Active,Madhya Pradesh,Indore,Indore,"A.B. ROAD,  RAJENDRA NAGAR",452012,22.730495,75.873733,Government,"Rajiv Gandhi Proudyogiki Vishwavidyalaya, Bhopal",Approved,Approved,B++,Yes,,Tier 3,http://www.indore.ac.in,info@indore.ac.in,admissions@indore.ac.in,placement@indore.ac.in,+91-80-295-8438,Computer Science Engineering (CSE),Diploma,54,189,2004,Rural,No,Yes
1-44640785808,1-44640785808,U-0441,INDORE WOMEN'S POLYTECHNIC COLLEGE,Active,Madhya Pradesh,Indore,Indore,"A.B. ROAD,  RAJENDRA NAGAR",452012,22.730495,75.873733,Government,"Rajiv Gandhi Proudyogiki Vishwavidyalaya, Bhopal",Approved,Approved,B++,Yes,,Tier 3,http://www.indore.ac.in,info@indore.ac.in,admissions@indore.ac.in,placement@indore.ac.in,+91-80-295-8438,Information Technology (IT),Diploma,54,189,2004,Rural,No,Yes
1-44640785808,1-44640785808,U-0441,INDORE WOMEN'S POLYTECHNIC COLLEGE,Active,Madhya Pradesh,Indore,Indore,"A.B. ROAD,  RAJENDRA NAGAR",452012,22.730495,75.873733,Government,"Rajiv Gandhi Proudyogiki Vishwavidyalaya, Bhopal",Approved,Approved,B++,Yes,,Tier 3,http://www.indore.ac.in,info@indore.ac.in,admissions@indore.ac.in,placement@indore.ac.in,+91-80-295-8438,Other Engineering Branches,Diploma,81,189,2004,Rural,No,Yes
1-44640240304,1-44640240304,U-0441,GOVERNMENT POLYTECHNIC COLLEGE DINDORI,Active,Madhya Pradesh,Dindori,Dindori,"AMARKANTAK ROAD, MAHAVEER TOLA(KUNDA), DINDORI",452432,22.991637,78.66892,Government,"Rajiv Gandhi Proudyogiki Vishwavidyalaya, Bhopal",Approved,Approved,A+,Yes,,Tier 2,http://www.dindori.ac.in,info@dindori.ac.in,admissions@dindori.ac.in,placement@dindori.ac.in,+91-80-603-7836,Civil Engineering,Diploma,54,198,1982,Urban,Yes,Yes
1-44640240304,1-44640240304,U-0441,GOVERNMENT POLYTECHNIC COLLEGE DINDORI,Active,Madhya Pradesh,Dindori,Dindori,"AMARKANTAK ROAD, MAHAVEER TOLA(KUNDA), DINDORI",452432,22.991637,78.66892,Government,"Rajiv Gandhi Proudyogiki Vishwavidyalaya, Bhopal",Approved,Approved,A+,Yes,,Tier 2,http://www.dindori.ac.in,info@dindori.ac.in,admissions@dindori.ac.in,placement@dindori.ac.in,+91-80-603-7836,Computer Science Engineering (CSE),Diploma,54,198,1982,Urban,Yes,Yes
1-44640240304,1-44640240304,U-0441,GOVERNMENT POLYTECHNIC COLLEGE DINDORI,Active,Madhya Pradesh,Dindori,Dindori,"AMARKANTAK ROAD, MAHAVEER TOLA(KUNDA), DINDORI",452432,22.991637,78.66892,Government,"Rajiv Gandhi Proudyogiki Vishwavidyalaya, Bhopal",Approved,Approved,A+,Yes,,Tier 2,http://www.dindori.ac.in,info@dindori.ac.in,admissions@dindori.ac.in,placement@dindori.ac.in,+91-80-603-7836,Mechanical Engineering,Diploma,60,198,1982,Urban,Yes,Yes
1-44640240304,1-44640240304,U-0441,GOVERNMENT POLYTECHNIC COLLEGE DINDORI,Active,Madhya Pradesh,Dindori,Dindori,"AMARKANTAK ROAD, MAHAVEER TOLA(KUNDA), DINDORI",452432,22.991637,78.66892,Government,"Rajiv Gandhi Proudyogiki Vishwavidyalaya, Bhopal",Approved,Approved,A+,Yes,,Tier 2,http://www.dindori.ac.in,info@dindori.ac.in,admissions@dindori.ac.in,placement@dindori.ac.in,+91-80-603-7836,Automobile Engineering,Diploma,30,198,1982,Urban,Yes,Yes
1-44640325768,1-44640325768,U-0441,GOVERNMENT POLYTECHNIC COLLEGE ALIRAJPUR(M.P.),Active,Madhya Pradesh,Alirajpur,Alirajpur,NEAR BUS STAND  H.S.SCHOOLE CAMPUS,452146,22.987257,78.65005,Government,"Rajiv Gandhi Proudyogiki Vishwavidyalaya, Bhopal",Approved,Approved,A+,Yes,,Tier 2,http://www.alirajpurmp.ac.in,info@alirajpurmp.ac.in,admissions@alirajpurmp.ac.in,placement@alirajpurmp.ac.in,+91-80-420-0660,Civil Engineering,Diploma,54,108,2006,Rural,Yes,Yes
1-44640325768,1-44640325768,U-0441,GOVERNMENT POLYTECHNIC COLLEGE ALIRAJPUR(M.P.),Active,Madhya Pradesh,Alirajpur,Alirajpur,NEAR BUS STAND  H.S.SCHOOLE CAMPUS,452146,22.987257,78.65005,Government,"Rajiv Gandhi Proudyogiki Vishwavidyalaya, Bhopal",Approved,Approved,A+,Yes,,Tier 2,http://www.alirajpurmp.ac.in,info@alirajpurmp.ac.in,admissions@alirajpurmp.ac.in,placement@alirajpurmp.ac.in,+91-80-420-0660,Electronics & Communication Engineering (ECE),Diploma,54,108,2006,Rural,Yes,Yes
1-44640456078,1-44640456078,U-0441,GOVERNMENT WOMEN'S POLYTECHNIC COLLEGE JABALPUR,Active,Madhya Pradesh,Jabalpur,Jabalpur,"S.T.S COMPOUND, BEOHARBAGH, GHAMAPUR, JABALPUR, MADHYA PRADESH, 482001",482001,22.164052,79.911435,Government,"Rajiv Gandhi Proudyogiki Vishwavidyalaya, Bhopal",Approved,Approved,A,No,,Tier 2,http://www.jabalpur.ac.in,info@jabalpur.ac.in,admissions@jabalpur.ac.in,placement@jabalpur.ac.in,+91-80-337-7161,Electronics & Communication Engineering (ECE),Diploma,60,300,1987,Urban,Yes,Yes
1-44640456078,1-44640456078,U-0441,GOVERNMENT WOMEN'S POLYTECHNIC COLLEGE JABALPUR,Active,Madhya Pradesh,Jabalpur,Jabalpur,"S.T.S COMPOUND, BEOHARBAGH, GHAMAPUR, JABALPUR, MADHYA PRADESH, 482001",482001,22.164052,79.911435,Government,"Rajiv Gandhi Proudyogiki Vishwavidyalaya, Bhopal",Approved,Approved,A,No,,Tier 2,http://www.jabalpur.ac.in,info@jabalpur.ac.in,admissions@jabalpur.ac.in,placement@jabalpur.ac.in,+91-80-337-7161,Other Engineering Branches,Diploma,180,300,1987,Urban,Yes,Yes
1-44640456078,1-44640456078,U-0441,GOVERNMENT WOMEN'S POLYTECHNIC COLLEGE JABALPUR,Active,Madhya Pradesh,Jabalpur,Jabalpur,"S.T.S COMPOUND, BEOHARBAGH, GHAMAPUR, JABALPUR, MADHYA PRADESH, 482001",482001,22.164052,79.911435,Government,"Rajiv Gandhi Proudyogiki Vishwavidyalaya, Bhopal",Approved,Approved,A,No,,Tier 2,http://www.jabalpur.ac.in,info@jabalpur.ac.in,admissions@jabalpur.ac.in,placement@jabalpur.ac.in,+91-80-337-7161,Computer Science Engineering (CSE),Diploma,60,300,1987,Urban,Yes,Yes
1-44640243841,1-44640243841,U-0441,GOVT.POLYTECHNIC COLLGE RAGHOGRH,Active,Madhya Pradesh,Guna,Guna,NEAR PAGARA VILLAGE A.B.ROAD  RAGHOGARH DISTT.GUNA,452856,22.967989,78.641398,Government,"Rajiv Gandhi Proudyogiki Vishwavidyalaya, Bhopal",Approved,Approved,A+,Yes,,Tier 2,http://www.govtpolytechniccollgeraghogrh.ac.in,info@govtpolytechniccollgeraghogrh.ac.in,admissions@govtpolytechniccollgeraghogrh.ac.in,placement@govtpolytechniccollgeraghogrh.ac.in,+91-80-611-8940,Computer Science Engineering (CSE),Diploma,60,180,2011,Rural,Yes,No
1-44640243841,1-44640243841,U-0441,GOVT.POLYTECHNIC COLLGE RAGHOGRH,Active,Madhya Pradesh,Guna,Guna,NEAR PAGARA VILLAGE A.B.ROAD  RAGHOGARH DISTT.GUNA,452856,22.967989,78.641398,Government,"Rajiv Gandhi Proudyogiki Vishwavidyalaya, Bhopal",Approved,Approved,A+,Yes,,Tier 2,http://www.govtpolytechniccollgeraghogrh.ac.in,info@govtpolytechniccollgeraghogrh.ac.in,admissions@govtpolytechniccollgeraghogrh.ac.in,placement@govtpolytechniccollgeraghogrh.ac.in,+91-80-611-8940,Mechanical Engineering,Diploma,60,180,2011,Rural,Yes,No
1-44640243841,1-44640243841,U-0441,GOVT.POLYTECHNIC COLLGE RAGHOGRH,Active,Madhya Pradesh,Guna,Guna,NEAR PAGARA VILLAGE A.B.ROAD  RAGHOGARH DISTT.GUNA,452856,22.967989,78.641398,Government,"Rajiv Gandhi Proudyogiki Vishwavidyalaya, Bhopal",Approved,Approved,A+,Yes,,Tier 2,http://www.govtpolytechniccollgeraghogrh.ac.in,info@govtpolytechniccollgeraghogrh.ac.in,admissions@govtpolytechniccollgeraghogrh.ac.in,placement@govtpolytechniccollgeraghogrh.ac.in,+91-80-611-8940,Other Engineering Branches,Diploma,60,180,2011,Rural,Yes,No
1-44640629985,1-44640629985,U-0441,GOVT. POLYTECHNIC COLLEGE WAIDHAN,Active,Madhya Pradesh,Singrauli,Singrauli,PRINCIPAL GOVT. POLYTECHNIC COLLEGE WAIDHAN,452018,22.992175,78.659753,Government,"Rajiv Gandhi Proudyogiki Vishwavidyalaya, Bhopal",Approved,Approved,B++,Yes,,Tier 3,http://www.govtwaidhan.ac.in,info@govtwaidhan.ac.in,admissions@govtwaidhan.ac.in,placement@govtwaidhan.ac.in,+91-80-626-3314,Mechanical Engineering,Diploma,90,405,1994,Urban,Yes,Yes
1-44640629985,1-44640629985,U-0441,GOVT. POLYTECHNIC COLLEGE WAIDHAN,Active,Madhya Pradesh,Singrauli,Singrauli,PRINCIPAL GOVT. POLYTECHNIC COLLEGE WAIDHAN,452018,22.992175,78.659753,Government,"Rajiv Gandhi Proudyogiki Vishwavidyalaya, Bhopal",Approved,Approved,B++,Yes,,Tier 3,http://www.govtwaidhan.ac.in,info@govtwaidhan.ac.in,admissions@govtwaidhan.ac.in,placement@govtwaidhan.ac.in,+91-80-626-3314,Electrical Engineering,Diploma,90,405,1994,Urban,Yes,Yes
1-44640629985,1-44640629985,U-0441,GOVT. POLYTECHNIC COLLEGE WAIDHAN,Active,Madhya Pradesh,Singrauli,Singrauli,PRINCIPAL GOVT. POLYTECHNIC COLLEGE WAIDHAN,452018,22.992175,78.659753,Government,"Rajiv Gandhi Proudyogiki Vishwavidyalaya, Bhopal",Approved,Approved,B++,Yes,,Tier 3,http://www.govtwaidhan.ac.in,info@govtwaidhan.ac.in,admissions@govtwaidhan.ac.in,placement@govtwaidhan.ac.in,+91-80-626-3314,Computer Science Engineering (CSE),Diploma,60,405,1994,Urban,Yes,Yes
1-44640629985,1-44640629985,U-0441,GOVT. POLYTECHNIC COLLEGE WAIDHAN,Active,Madhya Pradesh,Singrauli,Singrauli,PRINCIPAL GOVT. POLYTECHNIC COLLEGE WAIDHAN,452018,22.992175,78.659753,Government,"Rajiv Gandhi Proudyogiki Vishwavidyalaya, Bhopal",Approved,Approved,B++,Yes,,Tier 3,http://www.govtwaidhan.ac.in,info@govtwaidhan.ac.in,admissions@govtwaidhan.ac.in,placement@govtwaidhan.ac.in,+91-80-626-3314,Electronics & Communication Engineering (ECE),Diploma,60,405,1994,Urban,Yes,Yes
1-44640629985,1-44640629985,U-0441,GOVT. POLYTECHNIC COLLEGE WAIDHAN,Active,Madhya Pradesh,Singrauli,Singrauli,PRINCIPAL GOVT. POLYTECHNIC COLLEGE WAIDHAN,452018,22.992175,78.659753,Government,"Rajiv Gandhi Proudyogiki Vishwavidyalaya, Bhopal",Approved,Approved,B++,Yes,,Tier 3,http://www.govtwaidhan.ac.in,info@govtwaidhan.ac.in,admissions@govtwaidhan.ac.in,placement@govtwaidhan.ac.in,+91-80-626-3314,Mining Engineering,Diploma,60,405,1994,Urban,Yes,Yes
1-44640629985,1-44640629985,U-0441,GOVT. POLYTECHNIC COLLEGE WAIDHAN,Active,Madhya Pradesh,Singrauli,Singrauli,PRINCIPAL GOVT. POLYTECHNIC COLLEGE WAIDHAN,452018,22.992175,78.659753,Government,"Rajiv Gandhi Proudyogiki Vishwavidyalaya, Bhopal",Approved,Approved,B++,Yes,,Tier 3,http://www.govtwaidhan.ac.in,info@govtwaidhan.ac.in,admissions@govtwaidhan.ac.in,placement@govtwaidhan.ac.in,+91-80-626-3314,Civil Engineering,Diploma,45,405,1994,Urban,Yes,Yes
1-44640246210,1-44640246210,U-0441,GOVERNMENT POLYTECHNIC COLLEGE SATNA (M.P.)-484005,Active,Madhya Pradesh,Satna,Satna,"POST OFFICE - BIRLA VIKAS, NAIBASTI, SATNA, MADHYA PRADESH, 485005",485005,22.966917,78.648689,Government,"Rajiv Gandhi Proudyogiki Vishwavidyalaya, Bhopal",Approved,Approved,B,No,,Tier 3,http://www.satnamp484005.ac.in,info@satnamp484005.ac.in,admissions@satnamp484005.ac.in,placement@satnamp484005.ac.in,+91-80-566-9451,Mechanical Engineering,Diploma,53,208,1988,Urban,Yes,Yes
1-44640246210,1-44640246210,U-0441,GOVERNMENT POLYTECHNIC COLLEGE SATNA (M.P.)-484005,Active,Madhya Pradesh,Satna,Satna,"POST OFFICE - BIRLA VIKAS, NAIBASTI, SATNA, MADHYA PRADESH, 485005",485005,22.966917,78.648689,Government,"Rajiv Gandhi Proudyogiki Vishwavidyalaya, Bhopal",Approved,Approved,B,No,,Tier 3,http://www.satnamp484005.ac.in,info@satnamp484005.ac.in,admissions@satnamp484005.ac.in,placement@satnamp484005.ac.in,+91-80-566-9451,Electrical Engineering,Diploma,53,208,1988,Urban,Yes,Yes
1-44640246210,1-44640246210,U-0441,GOVERNMENT POLYTECHNIC COLLEGE SATNA (M.P.)-484005,Active,Madhya Pradesh,Satna,Satna,"POST OFFICE - BIRLA VIKAS, NAIBASTI, SATNA, MADHYA PRADESH, 485005",485005,22.966917,78.648689,Government,"Rajiv Gandhi Proudyogiki Vishwavidyalaya, Bhopal",Approved,Approved,B,No,,Tier 3,http://www.satnamp484005.ac.in,info@satnamp484005.ac.in,admissions@satnamp484005.ac.in,placement@satnamp484005.ac.in,+91-80-566-9451,Other Engineering Branches,Diploma,49,208,1988,Urban,Yes,Yes
1-44640246210,1-44640246210,U-0441,GOVERNMENT POLYTECHNIC COLLEGE SATNA (M.P.)-484005,Active,Madhya Pradesh,Satna,Satna,"POST OFFICE - BIRLA VIKAS, NAIBASTI, SATNA, MADHYA PRADESH, 485005",485005,22.966917,78.648689,Government,"Rajiv Gandhi Proudyogiki Vishwavidyalaya, Bhopal",Approved,Approved,B,No,,Tier 3,http://www.satnamp484005.ac.in,info@satnamp484005.ac.in,admissions@satnamp484005.ac.in,placement@satnamp484005.ac.in,+91-80-566-9451,Computer Science Engineering (CSE),Diploma,53,208,1988,Urban,Yes,Yes
1-44640375364,1-44640375364,U-0441,THAKUR SHIVKUMARSINGH MEMORIAL ENGINEERING COLLEGE,Active,Madhya Pradesh,Burhanpur,Burhanpur,NAVALNAGAR ZIRI,452203,22.95422,78.658351,Private-Self Financing,"Rajiv Gandhi Proudyogiki Vishwavidyalaya, Bhopal",Approved,Approved,Not Accredited,No,,Tier 3,http://www.thakurshivkumarsinghmemorial.ac.in,info@thakurshivkumarsinghmemorial.ac.in,admissions@thakurshivkumarsinghmemorial.ac.in,placement@thakurshivkumarsinghmemorial.ac.in,+91-80-034-3945,Computer Science Engineering (CSE),B.Tech,90,270,2020,Urban,Yes,Yes
1-44640375364,1-44640375364,U-0441,THAKUR SHIVKUMARSINGH MEMORIAL ENGINEERING COLLEGE,Active,Madhya Pradesh,Burhanpur,Burhanpur,NAVALNAGAR ZIRI,452203,22.95422,78.658351,Private-Self Financing,"Rajiv Gandhi Proudyogiki Vishwavidyalaya, Bhopal",Approved,Approved,Not Accredited,No,,Tier 3,http://www.thakurshivkumarsinghmemorial.ac.in,info@thakurshivkumarsinghmemorial.ac.in,admissions@thakurshivkumarsinghmemorial.ac.in,placement@thakurshivkumarsinghmemorial.ac.in,+91-80-034-3945,Civil Engineering,B.Tech,60,270,2020,Urban,Yes,Yes
1-44640375364,1-44640375364,U-0441,THAKUR SHIVKUMARSINGH MEMORIAL ENGINEERING COLLEGE,Active,Madhya Pradesh,Burhanpur,Burhanpur,NAVALNAGAR ZIRI,452203,22.95422,78.658351,Private-Self Financing,"Rajiv Gandhi Proudyogiki Vishwavidyalaya, Bhopal",Approved,Approved,Not Accredited,No,,Tier 3,http://www.thakurshivkumarsinghmemorial.ac.in,info@thakurshivkumarsinghmemorial.ac.in,admissions@thakurshivkumarsinghmemorial.ac.in,placement@thakurshivkumarsinghmemorial.ac.in,+91-80-034-3945,Mechanical Engineering,B.Tech,60,270,2020,Urban,Yes,Yes
1-44640375364,1-44640375364,U-0441,THAKUR SHIVKUMARSINGH MEMORIAL ENGINEERING COLLEGE,Active,Madhya Pradesh,Burhanpur,Burhanpur,NAVALNAGAR ZIRI,452203,22.95422,78.658351,Private-Self Financing,"Rajiv Gandhi Proudyogiki Vishwavidyalaya, Bhopal",Approved,Approved,Not Accredited,No,,Tier 3,http://www.thakurshivkumarsinghmemorial.ac.in,info@thakurshivkumarsinghmemorial.ac.in,admissions@thakurshivkumarsinghmemorial.ac.in,placement@thakurshivkumarsinghmemorial.ac.in,+91-80-034-3945,Electrical Engineering,B.Tech,30,270,2020,Urban,Yes,Yes
1-44640375364,1-44640375364,U-0441,THAKUR SHIVKUMARSINGH MEMORIAL ENGINEERING COLLEGE,Active,Madhya Pradesh,Burhanpur,Burhanpur,NAVALNAGAR ZIRI,452203,22.95422,78.658351,Private-Self Financing,"Rajiv Gandhi Proudyogiki Vishwavidyalaya, Bhopal",Approved,Approved,Not Accredited,No,,Tier 3,http://www.thakurshivkumarsinghmemorial.ac.in,info@thakurshivkumarsinghmemorial.ac.in,admissions@thakurshivkumarsinghmemorial.ac.in,placement@thakurshivkumarsinghmemorial.ac.in,+91-80-034-3945,Electronics & Communication Engineering (ECE),B.Tech,30,270,2020,Urban,Yes,Yes
1-44640589085,1-44640589085,U-0441,ADITYA COLLEGE OF TECHNOLOGY & SCIENCE,Active,Madhya Pradesh,Satna,Satna,"95, MAHDEVA ROAD, SHERGANJ, SATNA (M.P.) 485001",485001,22.971528,78.670663,Private-Self Financing,"Rajiv Gandhi Proudyogiki Vishwavidyalaya, Bhopal",Approved,Approved,B,Yes,,Tier 3,http://www.adityascience.ac.in,info@adityascience.ac.in,admissions@adityascience.ac.in,placement@adityascience.ac.in,+91-80-760-3416,Computer Science Engineering (CSE),M.Tech,18,930,1987,Urban,No,Yes
1-44640589085,1-44640589085,U-0441,ADITYA COLLEGE OF TECHNOLOGY & SCIENCE,Active,Madhya Pradesh,Satna,Satna,"95, MAHDEVA ROAD, SHERGANJ, SATNA (M.P.) 485001",485001,22.971528,78.670663,Private-Self Financing,"Rajiv Gandhi Proudyogiki Vishwavidyalaya, Bhopal",Approved,Approved,B,Yes,,Tier 3,http://www.adityascience.ac.in,info@adityascience.ac.in,admissions@adityascience.ac.in,placement@adityascience.ac.in,+91-80-760-3416,Other Engineering Branches,M.Tech,54,930,1987,Urban,No,Yes
1-44640589085,1-44640589085,U-0441,ADITYA COLLEGE OF TECHNOLOGY & SCIENCE,Active,Madhya Pradesh,Satna,Satna,"95, MAHDEVA ROAD, SHERGANJ, SATNA (M.P.) 485001",485001,22.971528,78.670663,Private-Self Financing,"Rajiv Gandhi Proudyogiki Vishwavidyalaya, Bhopal",Approved,Approved,B,Yes,,Tier 3,http://www.adityascience.ac.in,info@adityascience.ac.in,admissions@adityascience.ac.in,placement@adityascience.ac.in,+91-80-760-3416,Mining Engineering,Diploma,60,930,1987,Urban,No,Yes
1-44640589085,1-44640589085,U-0441,ADITYA COLLEGE OF TECHNOLOGY & SCIENCE,Active,Madhya Pradesh,Satna,Satna,"95, MAHDEVA ROAD, SHERGANJ, SATNA (M.P.) 485001",485001,22.971528,78.670663,Private-Self Financing,"Rajiv Gandhi Proudyogiki Vishwavidyalaya, Bhopal",Approved,Approved,B,Yes,,Tier 3,http://www.adityascience.ac.in,info@adityascience.ac.in,admissions@adityascience.ac.in,placement@adityascience.ac.in,+91-80-760-3416,Civil Engineering,Diploma,60,930,1987,Urban,No,Yes
1-44640589085,1-44640589085,U-0441,ADITYA COLLEGE OF TECHNOLOGY & SCIENCE,Active,Madhya Pradesh,Satna,Satna,"95, MAHDEVA ROAD, SHERGANJ, SATNA (M.P.) 485001",485001,22.971528,78.670663,Private-Self Financing,"Rajiv Gandhi Proudyogiki Vishwavidyalaya, Bhopal",Approved,Approved,B,Yes,,Tier 3,http://www.adityascience.ac.in,info@adityascience.ac.in,admissions@adityascience.ac.in,placement@adityascience.ac.in,+91-80-760-3416,Agricultural Engineering,B.Tech,30,930,1987,Urban,No,Yes
1-44640589085,1-44640589085,U-0441,ADITYA COLLEGE OF TECHNOLOGY & SCIENCE,Active,Madhya Pradesh,Satna,Satna,"95, MAHDEVA ROAD, SHERGANJ, SATNA (M.P.) 485001",485001,22.971528,78.670663,Private-Self Financing,"Rajiv Gandhi Proudyogiki Vishwavidyalaya, Bhopal",Approved,Approved,B,Yes,,Tier 3,http://www.adityascience.ac.in,info@adityascience.ac.in,admissions@adityascience.ac.in,placement@adityascience.ac.in,+91-80-760-3416,Mechanical Engineering,Diploma,60,930,1987,Urban,No,Yes
1-44640589085,1-44640589085,U-0441,ADITYA COLLEGE OF TECHNOLOGY & SCIENCE,Active,Madhya Pradesh,Satna,Satna,"95, MAHDEVA ROAD, SHERGANJ, SATNA (M.P.) 485001",485001,22.971528,78.670663,Private-Self Financing,"Rajiv Gandhi Proudyogiki Vishwavidyalaya, Bhopal",Approved,Approved,B,Yes,,Tier 3,http://www.adityascience.ac.in,info@adityascience.ac.in,admissions@adityascience.ac.in,placement@adityascience.ac.in,+91-80-760-3416,Other Engineering Branches,Diploma,60,930,1987,Urban,No,Yes
1-44640589085,1-44640589085,U-0441,ADITYA COLLEGE OF TECHNOLOGY & SCIENCE,Active,Madhya Pradesh,Satna,Satna,"95, MAHDEVA ROAD, SHERGANJ, SATNA (M.P.) 485001",485001,22.971528,78.670663,Private-Self Financing,"Rajiv Gandhi Proudyogiki Vishwavidyalaya, Bhopal",Approved,Approved,B,Yes,,Tier 3,http://www.adityascience.ac.in,info@adityascience.ac.in,admissions@adityascience.ac.in,placement@adityascience.ac.in,+91-80-760-3416,Electrical & Electronics Engineering (EEE),B.Tech,60,930,1987,Urban,No,Yes
1-44640589085,1-44640589085,U-0441,ADITYA COLLEGE OF TECHNOLOGY & SCIENCE,Active,Madhya Pradesh,Satna,Satna,"95, MAHDEVA ROAD, SHERGANJ, SATNA (M.P.) 485001",485001,22.971528,78.670663,Private-Self Financing,"Rajiv Gandhi Proudyogiki Vishwavidyalaya, Bhopal",Approved,Approved,B,Yes,,Tier 3,http://www.adityascience.ac.in,info@adityascience.ac.in,admissions@adityascience.ac.in,placement@adityascience.ac.in,+91-80-760-3416,Mechanical Engineering,B.Tech,60,930,1987,Urban,No,Yes
1-44640589085,1-44640589085,U-0441,ADITYA COLLEGE OF TECHNOLOGY & SCIENCE,Active,Madhya Pradesh,Satna,Satna,"95, MAHDEVA ROAD, SHERGANJ, SATNA (M.P.) 485001",485001,22.971528,78.670663,Private-Self Financing,"Rajiv Gandhi Proudyogiki Vishwavidyalaya, Bhopal",Approved,Approved,B,Yes,,Tier 3,http://www.adityascience.ac.in,info@adityascience.ac.in,admissions@adityascience.ac.in,placement@adityascience.ac.in,+91-80-760-3416,Computer Science Engineering (CSE),B.Tech,60,930,1987,Urban,No,Yes
1-44640589085,1-44640589085,U-0441,ADITYA COLLEGE OF TECHNOLOGY & SCIENCE,Active,Madhya Pradesh,Satna,Satna,"95, MAHDEVA ROAD, SHERGANJ, SATNA (M.P.) 485001",485001,22.971528,78.670663,Private-Self Financing,"Rajiv Gandhi Proudyogiki Vishwavidyalaya, Bhopal",Approved,Approved,B,Yes,,Tier 3,http://www.adityascience.ac.in,info@adityascience.ac.in,admissions@adityascience.ac.in,placement@adityascience.ac.in,+91-80-760-3416,Civil Engineering,B.Tech,60,930,1987,Urban,No,Yes
1-44640589085,1-44640589085,U-0441,ADITYA COLLEGE OF TECHNOLOGY & SCIENCE,Active,Madhya Pradesh,Satna,Satna,"95, MAHDEVA ROAD, SHERGANJ, SATNA (M.P.) 485001",485001,22.971528,78.670663,Private-Self Financing,"Rajiv Gandhi Proudyogiki Vishwavidyalaya, Bhopal",Approved,Approved,B,Yes,,Tier 3,http://www.adityascience.ac.in,info@adityascience.ac.in,admissions@adityascience.ac.in,placement@adityascience.ac.in,+91-80-760-3416,Other Engineering Branches,B.Tech,30,930,1987,Urban,No,Yes
1-44640589085,1-44640589085,U-0441,ADITYA COLLEGE OF TECHNOLOGY & SCIENCE,Active,Madhya Pradesh,Satna,Satna,"95, MAHDEVA ROAD, SHERGANJ, SATNA (M.P.) 485001",485001,22.971528,78.670663,Private-Self Financing,"Rajiv Gandhi Proudyogiki Vishwavidyalaya, Bhopal",Approved,Approved,B,Yes,,Tier 3,http://www.adityascience.ac.in,info@adityascience.ac.in,admissions@adityascience.ac.in,placement@adityascience.ac.in,+91-80-760-3416,Mining Engineering,B.Tech,120,930,1987,Urban,No,Yes
1-44640589085,1-44640589085,U-0441,ADITYA COLLEGE OF TECHNOLOGY & SCIENCE,Active,Madhya Pradesh,Satna,Satna,"95, MAHDEVA ROAD, SHERGANJ, SATNA (M.P.) 485001",485001,22.971528,78.670663,Private-Self Financing,"Rajiv Gandhi Proudyogiki Vishwavidyalaya, Bhopal",Approved,Approved,B,Yes,,Tier 3,http://www.adityascience.ac.in,info@adityascience.ac.in,admissions@adityascience.ac.in,placement@adityascience.ac.in,+91-80-760-3416,Computer Science Engineering (CSE),Diploma,60,930,1987,Urban,No,Yes
1-44640589085,1-44640589085,U-0441,ADITYA COLLEGE OF TECHNOLOGY & SCIENCE,Active,Madhya Pradesh,Satna,Satna,"95, MAHDEVA ROAD, SHERGANJ, SATNA (M.P.) 485001",485001,22.971528,78.670663,Private-Self Financing,"Rajiv Gandhi Proudyogiki Vishwavidyalaya, Bhopal",Approved,Approved,B,Yes,,Tier 3,http://www.adityascience.ac.in,info@adityascience.ac.in,admissions@adityascience.ac.in,placement@adityascience.ac.in,+91-80-760-3416,Electrical Engineering,Diploma,60,930,1987,Urban,No,Yes
1-44640589085,1-44640589085,U-0441,ADITYA COLLEGE OF TECHNOLOGY & SCIENCE,Active,Madhya Pradesh,Satna,Satna,"95, MAHDEVA ROAD, SHERGANJ, SATNA (M.P.) 485001",485001,22.971528,78.670663,Private-Self Financing,"Rajiv Gandhi Proudyogiki Vishwavidyalaya, Bhopal",Approved,Approved,B,Yes,,Tier 3,http://www.adityascience.ac.in,info@adityascience.ac.in,admissions@adityascience.ac.in,placement@adityascience.ac.in,+91-80-760-3416,Mining Engineering,M.Tech,18,930,1987,Urban,No,Yes
1-44640589085,1-44640589085,U-0441,ADITYA COLLEGE OF TECHNOLOGY & SCIENCE,Active,Madhya Pradesh,Satna,Satna,"95, MAHDEVA ROAD, SHERGANJ, SATNA (M.P.) 485001",485001,22.971528,78.670663,Private-Self Financing,"Rajiv Gandhi Proudyogiki Vishwavidyalaya, Bhopal",Approved,Approved,B,Yes,,Tier 3,http://www.adityascience.ac.in,info@adityascience.ac.in,admissions@adityascience.ac.in,placement@adityascience.ac.in,+91-80-760-3416,Artificial Intelligence & Machine Learning (AI & ML),B.Tech,60,930,1987,Urban,No,Yes
1-44640632145,1-44640632145,U-0441,GOVT POLYTECHNIC COLLEGE PAWAI,Active,Madhya Pradesh,Panna,Panna,GOVERNMENT POLYTECHNIC COLLEGE HADA ROAD PAWAI,452294,22.954426,78.638215,Government,"Rajiv Gandhi Proudyogiki Vishwavidyalaya, Bhopal",Approved,Approved,A+,Yes,,Tier 2,http://www.govtpawai.ac.in,info@govtpawai.ac.in,admissions@govtpawai.ac.in,placement@govtpawai.ac.in,+91-80-043-0344,Civil Engineering,Diploma,60,240,1999,Rural,Yes,Yes
1-44640632145,1-44640632145,U-0441,GOVT POLYTECHNIC COLLEGE PAWAI,Active,Madhya Pradesh,Panna,Panna,GOVERNMENT POLYTECHNIC COLLEGE HADA ROAD PAWAI,452294,22.954426,78.638215,Government,"Rajiv Gandhi Proudyogiki Vishwavidyalaya, Bhopal",Approved,Approved,A+,Yes,,Tier 2,http://www.govtpawai.ac.in,info@govtpawai.ac.in,admissions@govtpawai.ac.in,placement@govtpawai.ac.in,+91-80-043-0344,Mechanical Engineering,Diploma,60,240,1999,Rural,Yes,Yes
1-44640632145,1-44640632145,U-0441,GOVT POLYTECHNIC COLLEGE PAWAI,Active,Madhya Pradesh,Panna,Panna,GOVERNMENT POLYTECHNIC COLLEGE HADA ROAD PAWAI,452294,22.954426,78.638215,Government,"Rajiv Gandhi Proudyogiki Vishwavidyalaya, Bhopal",Approved,Approved,A+,Yes,,Tier 2,http://www.govtpawai.ac.in,info@govtpawai.ac.in,admissions@govtpawai.ac.in,placement@govtpawai.ac.in,+91-80-043-0344,Computer Science Engineering (CSE),Diploma,60,240,1999,Rural,Yes,Yes
1-44640632145,1-44640632145,U-0441,GOVT POLYTECHNIC COLLEGE PAWAI,Active,Madhya Pradesh,Panna,Panna,GOVERNMENT POLYTECHNIC COLLEGE HADA ROAD PAWAI,452294,22.954426,78.638215,Government,"Rajiv Gandhi Proudyogiki Vishwavidyalaya, Bhopal",Approved,Approved,A+,Yes,,Tier 2,http://www.govtpawai.ac.in,info@govtpawai.ac.in,admissions@govtpawai.ac.in,placement@govtpawai.ac.in,+91-80-043-0344,Electronics & Communication Engineering (ECE),Diploma,60,240,1999,Rural,Yes,Yes
1-44640753903,1-44640753903,U-0441,GOVERNMENT WOMENS  POLYTECHNIC COLLEGE,Active,Madhya Pradesh,Gwalior,Gwalior,MLB ROAD PADAV GWALIOR,452896,26.221839,78.181945,Government,"Rajiv Gandhi Proudyogiki Vishwavidyalaya, Bhopal",Approved,Approved,B++,Yes,,Tier 3,http://www.inst8565.ac.in,info@inst8565.ac.in,admissions@inst8565.ac.in,placement@inst8565.ac.in,+91-80-987-2762,Computer Science Engineering (CSE),Diploma,60,420,1982,Urban,Yes,Yes
1-44640753903,1-44640753903,U-0441,GOVERNMENT WOMENS  POLYTECHNIC COLLEGE,Active,Madhya Pradesh,Gwalior,Gwalior,MLB ROAD PADAV GWALIOR,452896,26.221839,78.181945,Government,"Rajiv Gandhi Proudyogiki Vishwavidyalaya, Bhopal",Approved,Approved,B++,Yes,,Tier 3,http://www.inst8565.ac.in,info@inst8565.ac.in,admissions@inst8565.ac.in,placement@inst8565.ac.in,+91-80-987-2762,Information Technology (IT),Diploma,120,420,1982,Urban,Yes,Yes
1-44640753903,1-44640753903,U-0441,GOVERNMENT WOMENS  POLYTECHNIC COLLEGE,Active,Madhya Pradesh,Gwalior,Gwalior,MLB ROAD PADAV GWALIOR,452896,26.221839,78.181945,Government,"Rajiv Gandhi Proudyogiki Vishwavidyalaya, Bhopal",Approved,Approved,B++,Yes,,Tier 3,http://www.inst8565.ac.in,info@inst8565.ac.in,admissions@inst8565.ac.in,placement@inst8565.ac.in,+91-80-987-2762,Other Engineering Branches,Diploma,180,420,1982,Urban,Yes,Yes
1-44640753903,1-44640753903,U-0441,GOVERNMENT WOMENS  POLYTECHNIC COLLEGE,Active,Madhya Pradesh,Gwalior,Gwalior,MLB ROAD PADAV GWALIOR,452896,26.221839,78.181945,Government,"Rajiv Gandhi Proudyogiki Vishwavidyalaya, Bhopal",Approved,Approved,B++,Yes,,Tier 3,http://www.inst8565.ac.in,info@inst8565.ac.in,admissions@inst8565.ac.in,placement@inst8565.ac.in,+91-80-987-2762,Electronics & Communication Engineering (ECE),Diploma,60,420,1982,Urban,Yes,Yes
1-44640292527,1-44640292527,U-0441,"GOVT. POLYTECHNIC COLLEGE, SANAWAD",Active,Madhya Pradesh,Khargone,Khargone,"INODRE-KHANDWA ROAD,",452437,22.96861,78.659582,Government,"Rajiv Gandhi Proudyogiki Vishwavidyalaya, Bhopal",Approved,Approved,A,No,,Tier 2,http://www.govtsanawad.ac.in,info@govtsanawad.ac.in,admissions@govtsanawad.ac.in,placement@govtsanawad.ac.in,+91-80-637-9665,Other Engineering Branches,Diploma,88,330,1989,Rural,Yes,Yes
1-44640292527,1-44640292527,U-0441,"GOVT. POLYTECHNIC COLLEGE, SANAWAD",Active,Madhya Pradesh,Khargone,Khargone,"INODRE-KHANDWA ROAD,",452437,22.96861,78.659582,Government,"Rajiv Gandhi Proudyogiki Vishwavidyalaya, Bhopal",Approved,Approved,A,No,,Tier 2,http://www.govtsanawad.ac.in,info@govtsanawad.ac.in,admissions@govtsanawad.ac.in,placement@govtsanawad.ac.in,+91-80-637-9665,Electrical Engineering,Diploma,66,330,1989,Rural,Yes,Yes
1-44640292527,1-44640292527,U-0441,"GOVT. POLYTECHNIC COLLEGE, SANAWAD",Active,Madhya Pradesh,Khargone,Khargone,"INODRE-KHANDWA ROAD,",452437,22.96861,78.659582,Government,"Rajiv Gandhi Proudyogiki Vishwavidyalaya, Bhopal",Approved,Approved,A,No,,Tier 2,http://www.govtsanawad.ac.in,info@govtsanawad.ac.in,admissions@govtsanawad.ac.in,placement@govtsanawad.ac.in,+91-80-637-9665,Mechanical Engineering,Diploma,66,330,1989,Rural,Yes,Yes
1-44640292527,1-44640292527,U-0441,"GOVT. POLYTECHNIC COLLEGE, SANAWAD",Active,Madhya Pradesh,Khargone,Khargone,"INODRE-KHANDWA ROAD,",452437,22.96861,78.659582,Government,"Rajiv Gandhi Proudyogiki Vishwavidyalaya, Bhopal",Approved,Approved,A,No,,Tier 2,http://www.govtsanawad.ac.in,info@govtsanawad.ac.in,admissions@govtsanawad.ac.in,placement@govtsanawad.ac.in,+91-80-637-9665,Computer Science Engineering (CSE),Diploma,44,330,1989,Rural,Yes,Yes
1-44640292527,1-44640292527,U-0441,"GOVT. POLYTECHNIC COLLEGE, SANAWAD",Active,Madhya Pradesh,Khargone,Khargone,"INODRE-KHANDWA ROAD,",452437,22.96861,78.659582,Government,"Rajiv Gandhi Proudyogiki Vishwavidyalaya, Bhopal",Approved,Approved,A,No,,Tier 2,http://www.govtsanawad.ac.in,info@govtsanawad.ac.in,admissions@govtsanawad.ac.in,placement@govtsanawad.ac.in,+91-80-637-9665,Civil Engineering,Diploma,44,330,1989,Rural,Yes,Yes
1-44640292527,1-44640292527,U-0441,"GOVT. POLYTECHNIC COLLEGE, SANAWAD",Active,Madhya Pradesh,Khargone,Khargone,"INODRE-KHANDWA ROAD,",452437,22.96861,78.659582,Government,"Rajiv Gandhi Proudyogiki Vishwavidyalaya, Bhopal",Approved,Approved,A,No,,Tier 2,http://www.govtsanawad.ac.in,info@govtsanawad.ac.in,admissions@govtsanawad.ac.in,placement@govtsanawad.ac.in,+91-80-637-9665,Automobile Engineering,Diploma,22,330,1989,Rural,Yes,Yes
1-44640549517,1-44640549517,U-0770,FACULTY OF ENGINEERING AND TECHNOLOGY,Active,Madhya Pradesh,Bhopal,Bhopal,"VILLAGE- AGARIYA CHOPDA, BHOPAL ROAD, RAISEN",452493,23.269412,77.413041,Private-Self Financing,SAM GLOBAL UNIVERSITY,Approved,Approved,B,No,,Tier 3,http://www.faculty.ac.in,info@faculty.ac.in,admissions@faculty.ac.in,placement@faculty.ac.in,+91-80-237-7986,Other Engineering Branches,M.Tech,90,630,1991,Urban,No,Yes
1-44640549517,1-44640549517,U-0770,FACULTY OF ENGINEERING AND TECHNOLOGY,Active,Madhya Pradesh,Bhopal,Bhopal,"VILLAGE- AGARIYA CHOPDA, BHOPAL ROAD, RAISEN",452493,23.269412,77.413041,Private-Self Financing,SAM GLOBAL UNIVERSITY,Approved,Approved,B,No,,Tier 3,http://www.faculty.ac.in,info@faculty.ac.in,admissions@faculty.ac.in,placement@faculty.ac.in,+91-80-237-7986,Electrical & Electronics Engineering (EEE),Diploma,60,630,1991,Urban,No,Yes
1-44640549517,1-44640549517,U-0770,FACULTY OF ENGINEERING AND TECHNOLOGY,Active,Madhya Pradesh,Bhopal,Bhopal,"VILLAGE- AGARIYA CHOPDA, BHOPAL ROAD, RAISEN",452493,23.269412,77.413041,Private-Self Financing,SAM GLOBAL UNIVERSITY,Approved,Approved,B,No,,Tier 3,http://www.faculty.ac.in,info@faculty.ac.in,admissions@faculty.ac.in,placement@faculty.ac.in,+91-80-237-7986,Electrical & Electronics Engineering (EEE),B.Tech,30,630,1991,Urban,No,Yes
1-44640549517,1-44640549517,U-0770,FACULTY OF ENGINEERING AND TECHNOLOGY,Active,Madhya Pradesh,Bhopal,Bhopal,"VILLAGE- AGARIYA CHOPDA, BHOPAL ROAD, RAISEN",452493,23.269412,77.413041,Private-Self Financing,SAM GLOBAL UNIVERSITY,Approved,Approved,B,No,,Tier 3,http://www.faculty.ac.in,info@faculty.ac.in,admissions@faculty.ac.in,placement@faculty.ac.in,+91-80-237-7986,Civil Engineering,B.Tech,30,630,1991,Urban,No,Yes
1-44640549517,1-44640549517,U-0770,FACULTY OF ENGINEERING AND TECHNOLOGY,Active,Madhya Pradesh,Bhopal,Bhopal,"VILLAGE- AGARIYA CHOPDA, BHOPAL ROAD, RAISEN",452493,23.269412,77.413041,Private-Self Financing,SAM GLOBAL UNIVERSITY,Approved,Approved,B,No,,Tier 3,http://www.faculty.ac.in,info@faculty.ac.in,admissions@faculty.ac.in,placement@faculty.ac.in,+91-80-237-7986,Computer Science Engineering (CSE),B.Tech,180,630,1991,Urban,No,Yes
1-44640549517,1-44640549517,U-0770,FACULTY OF ENGINEERING AND TECHNOLOGY,Active,Madhya Pradesh,Bhopal,Bhopal,"VILLAGE- AGARIYA CHOPDA, BHOPAL ROAD, RAISEN",452493,23.269412,77.413041,Private-Self Financing,SAM GLOBAL UNIVERSITY,Approved,Approved,B,No,,Tier 3,http://www.faculty.ac.in,info@faculty.ac.in,admissions@faculty.ac.in,placement@faculty.ac.in,+91-80-237-7986,Mechanical Engineering,B.Tech,30,630,1991,Urban,No,Yes
1-44640549517,1-44640549517,U-0770,FACULTY OF ENGINEERING AND TECHNOLOGY,Active,Madhya Pradesh,Bhopal,Bhopal,"VILLAGE- AGARIYA CHOPDA, BHOPAL ROAD, RAISEN",452493,23.269412,77.413041,Private-Self Financing,SAM GLOBAL UNIVERSITY,Approved,Approved,B,No,,Tier 3,http://www.faculty.ac.in,info@faculty.ac.in,admissions@faculty.ac.in,placement@faculty.ac.in,+91-80-237-7986,Computer Science Engineering (CSE),M.Tech,30,630,1991,Urban,No,Yes
1-44640549517,1-44640549517,U-0770,FACULTY OF ENGINEERING AND TECHNOLOGY,Active,Madhya Pradesh,Bhopal,Bhopal,"VILLAGE- AGARIYA CHOPDA, BHOPAL ROAD, RAISEN",452493,23.269412,77.413041,Private-Self Financing,SAM GLOBAL UNIVERSITY,Approved,Approved,B,No,,Tier 3,http://www.faculty.ac.in,info@faculty.ac.in,admissions@faculty.ac.in,placement@faculty.ac.in,+91-80-237-7986,Mechanical Engineering,Diploma,60,630,1991,Urban,No,Yes
1-44640549517,1-44640549517,U-0770,FACULTY OF ENGINEERING AND TECHNOLOGY,Active,Madhya Pradesh,Bhopal,Bhopal,"VILLAGE- AGARIYA CHOPDA, BHOPAL ROAD, RAISEN",452493,23.269412,77.413041,Private-Self Financing,SAM GLOBAL UNIVERSITY,Approved,Approved,B,No,,Tier 3,http://www.faculty.ac.in,info@faculty.ac.in,admissions@faculty.ac.in,placement@faculty.ac.in,+91-80-237-7986,Civil Engineering,Diploma,60,630,1991,Urban,No,Yes
1-44640549517,1-44640549517,U-0770,FACULTY OF ENGINEERING AND TECHNOLOGY,Active,Madhya Pradesh,Bhopal,Bhopal,"VILLAGE- AGARIYA CHOPDA, BHOPAL ROAD, RAISEN",452493,23.269412,77.413041,Private-Self Financing,SAM GLOBAL UNIVERSITY,Approved,Approved,B,No,,Tier 3,http://www.faculty.ac.in,info@faculty.ac.in,admissions@faculty.ac.in,placement@faculty.ac.in,+91-80-237-7986,Data Science,B.Tech,60,630,1991,Urban,No,Yes
1-44640674279,1-44640674279,U-0441,GOVT POLYTECHNIC COLLEGE DAMOH,Active,Madhya Pradesh,Damoh,Damoh,JABALPUR NAKA,452645,22.969609,78.636944,Government,"Rajiv Gandhi Proudyogiki Vishwavidyalaya, Bhopal",Approved,Approved,A+,Yes,,Tier 2,http://www.govtdamoh.ac.in,info@govtdamoh.ac.in,admissions@govtdamoh.ac.in,placement@govtdamoh.ac.in,+91-80-679-8592,Civil Engineering,Diploma,44,220,2005,Urban,Yes,Yes
1-44640674279,1-44640674279,U-0441,GOVT POLYTECHNIC COLLEGE DAMOH,Active,Madhya Pradesh,Damoh,Damoh,JABALPUR NAKA,452645,22.969609,78.636944,Government,"Rajiv Gandhi Proudyogiki Vishwavidyalaya, Bhopal",Approved,Approved,A+,Yes,,Tier 2,http://www.govtdamoh.ac.in,info@govtdamoh.ac.in,admissions@govtdamoh.ac.in,placement@govtdamoh.ac.in,+91-80-679-8592,Mechanical Engineering,Diploma,44,220,2005,Urban,Yes,Yes
1-44640674279,1-44640674279,U-0441,GOVT POLYTECHNIC COLLEGE DAMOH,Active,Madhya Pradesh,Damoh,Damoh,JABALPUR NAKA,452645,22.969609,78.636944,Government,"Rajiv Gandhi Proudyogiki Vishwavidyalaya, Bhopal",Approved,Approved,A+,Yes,,Tier 2,http://www.govtdamoh.ac.in,info@govtdamoh.ac.in,admissions@govtdamoh.ac.in,placement@govtdamoh.ac.in,+91-80-679-8592,Electrical Engineering,Diploma,44,220,2005,Urban,Yes,Yes
1-44640674279,1-44640674279,U-0441,GOVT POLYTECHNIC COLLEGE DAMOH,Active,Madhya Pradesh,Damoh,Damoh,JABALPUR NAKA,452645,22.969609,78.636944,Government,"Rajiv Gandhi Proudyogiki Vishwavidyalaya, Bhopal",Approved,Approved,A+,Yes,,Tier 2,http://www.govtdamoh.ac.in,info@govtdamoh.ac.in,admissions@govtdamoh.ac.in,placement@govtdamoh.ac.in,+91-80-679-8592,Electronics & Communication Engineering (ECE),Diploma,44,220,2005,Urban,Yes,Yes
1-44640674279,1-44640674279,U-0441,GOVT POLYTECHNIC COLLEGE DAMOH,Active,Madhya Pradesh,Damoh,Damoh,JABALPUR NAKA,452645,22.969609,78.636944,Government,"Rajiv Gandhi Proudyogiki Vishwavidyalaya, Bhopal",Approved,Approved,A+,Yes,,Tier 2,http://www.govtdamoh.ac.in,info@govtdamoh.ac.in,admissions@govtdamoh.ac.in,placement@govtdamoh.ac.in,+91-80-679-8592,Computer Science Engineering (CSE),Diploma,44,220,2005,Urban,Yes,Yes
1-44640676958,1-44640676958,U-0992,SCHOOL OF ENGINEERING AND TECHNOLOGY,Active,Madhya Pradesh,Ujjain,Ujjain,VIKRAM UNIVERSITY UJJAIN,452341,23.179169,75.781347,State Government University,NOT APPLICABLE,Approved,Approved,B++,No,,Tier 3,http://www.school.ac.in,info@school.ac.in,admissions@school.ac.in,placement@school.ac.in,+91-80-971-7586,Electronics & Communication Engineering (ECE),B.Tech,54,390,1987,Urban,Yes,Yes
1-44640676958,1-44640676958,U-0992,SCHOOL OF ENGINEERING AND TECHNOLOGY,Active,Madhya Pradesh,Ujjain,Ujjain,VIKRAM UNIVERSITY UJJAIN,452341,23.179169,75.781347,State Government University,NOT APPLICABLE,Approved,Approved,B++,No,,Tier 3,http://www.school.ac.in,info@school.ac.in,admissions@school.ac.in,placement@school.ac.in,+91-80-971-7586,Civil Engineering,B.Tech,54,390,1987,Urban,Yes,Yes
1-44640676958,1-44640676958,U-0992,SCHOOL OF ENGINEERING AND TECHNOLOGY,Active,Madhya Pradesh,Ujjain,Ujjain,VIKRAM UNIVERSITY UJJAIN,452341,23.179169,75.781347,State Government University,NOT APPLICABLE,Approved,Approved,B++,No,,Tier 3,http://www.school.ac.in,info@school.ac.in,admissions@school.ac.in,placement@school.ac.in,+91-80-971-7586,Electrical Engineering,B.Tech,54,390,1987,Urban,Yes,Yes
1-44640676958,1-44640676958,U-0992,SCHOOL OF ENGINEERING AND TECHNOLOGY,Active,Madhya Pradesh,Ujjain,Ujjain,VIKRAM UNIVERSITY UJJAIN,452341,23.179169,75.781347,State Government University,NOT APPLICABLE,Approved,Approved,B++,No,,Tier 3,http://www.school.ac.in,info@school.ac.in,admissions@school.ac.in,placement@school.ac.in,+91-80-971-7586,Mechanical Engineering,B.Tech,54,390,1987,Urban,Yes,Yes
1-44640676958,1-44640676958,U-0992,SCHOOL OF ENGINEERING AND TECHNOLOGY,Active,Madhya Pradesh,Ujjain,Ujjain,VIKRAM UNIVERSITY UJJAIN,452341,23.179169,75.781347,State Government University,NOT APPLICABLE,Approved,Approved,B++,No,,Tier 3,http://www.school.ac.in,info@school.ac.in,admissions@school.ac.in,placement@school.ac.in,+91-80-971-7586,Computer Science Engineering (CSE),B.Tech,54,390,1987,Urban,Yes,Yes
1-44640676958,1-44640676958,U-0992,SCHOOL OF ENGINEERING AND TECHNOLOGY,Active,Madhya Pradesh,Ujjain,Ujjain,VIKRAM UNIVERSITY UJJAIN,452341,23.179169,75.781347,State Government University,NOT APPLICABLE,Approved,Approved,B++,No,,Tier 3,http://www.school.ac.in,info@school.ac.in,admissions@school.ac.in,placement@school.ac.in,+91-80-971-7586,Robotics,M.Tech,18,390,1987,Urban,Yes,Yes
1-44640676958,1-44640676958,U-0992,SCHOOL OF ENGINEERING AND TECHNOLOGY,Active,Madhya Pradesh,Ujjain,Ujjain,VIKRAM UNIVERSITY UJJAIN,452341,23.179169,75.781347,State Government University,NOT APPLICABLE,Approved,Approved,B++,No,,Tier 3,http://www.school.ac.in,info@school.ac.in,admissions@school.ac.in,placement@school.ac.in,+91-80-971-7586,Information Technology (IT),M.Tech,18,390,1987,Urban,Yes,Yes
1-44640676958,1-44640676958,U-0992,SCHOOL OF ENGINEERING AND TECHNOLOGY,Active,Madhya Pradesh,Ujjain,Ujjain,VIKRAM UNIVERSITY UJJAIN,452341,23.179169,75.781347,State Government University,NOT APPLICABLE,Approved,Approved,B++,No,,Tier 3,http://www.school.ac.in,info@school.ac.in,admissions@school.ac.in,placement@school.ac.in,+91-80-971-7586,Other Engineering Branches,M.Tech,36,390,1987,Urban,Yes,Yes
1-44640676958,1-44640676958,U-0992,SCHOOL OF ENGINEERING AND TECHNOLOGY,Active,Madhya Pradesh,Ujjain,Ujjain,VIKRAM UNIVERSITY UJJAIN,452341,23.179169,75.781347,State Government University,NOT APPLICABLE,Approved,Approved,B++,No,,Tier 3,http://www.school.ac.in,info@school.ac.in,admissions@school.ac.in,placement@school.ac.in,+91-80-971-7586,IoT,M.Tech,18,390,1987,Urban,Yes,Yes
1-44640676958,1-44640676958,U-0992,SCHOOL OF ENGINEERING AND TECHNOLOGY,Active,Madhya Pradesh,Ujjain,Ujjain,VIKRAM UNIVERSITY UJJAIN,452341,23.179169,75.781347,State Government University,NOT APPLICABLE,Approved,Approved,B++,No,,Tier 3,http://www.school.ac.in,info@school.ac.in,admissions@school.ac.in,placement@school.ac.in,+91-80-971-7586,Agricultural Engineering,B.Tech,30,390,1987,Urban,Yes,Yes
1-44640718676,1-44640718676,U-0441,GOVERNMENT POLYTECHNIC COLLEGE ITARSI,Active,Madhya Pradesh,Hoshangabad,Hoshangabad,SANKHEDA ROAD NEAR CANAL SOMALWADA KHURD ITARSI 462030,462030,22.959155,78.645901,Government,"Rajiv Gandhi Proudyogiki Vishwavidyalaya, Bhopal",Approved,Approved,A,No,,Tier 2,http://www.itarsi.ac.in,info@itarsi.ac.in,admissions@itarsi.ac.in,placement@itarsi.ac.in,+91-80-241-3881,Electronics & Communication Engineering (ECE),Diploma,60,240,2010,Urban,Yes,No
1-44640718676,1-44640718676,U-0441,GOVERNMENT POLYTECHNIC COLLEGE ITARSI,Active,Madhya Pradesh,Hoshangabad,Hoshangabad,SANKHEDA ROAD NEAR CANAL SOMALWADA KHURD ITARSI 462030,462030,22.959155,78.645901,Government,"Rajiv Gandhi Proudyogiki Vishwavidyalaya, Bhopal",Approved,Approved,A,No,,Tier 2,http://www.itarsi.ac.in,info@itarsi.ac.in,admissions@itarsi.ac.in,placement@itarsi.ac.in,+91-80-241-3881,Mechanical Engineering,Diploma,60,240,2010,Urban,Yes,No
1-44640718676,1-44640718676,U-0441,GOVERNMENT POLYTECHNIC COLLEGE ITARSI,Active,Madhya Pradesh,Hoshangabad,Hoshangabad,SANKHEDA ROAD NEAR CANAL SOMALWADA KHURD ITARSI 462030,462030,22.959155,78.645901,Government,"Rajiv Gandhi Proudyogiki Vishwavidyalaya, Bhopal",Approved,Approved,A,No,,Tier 2,http://www.itarsi.ac.in,info@itarsi.ac.in,admissions@itarsi.ac.in,placement@itarsi.ac.in,+91-80-241-3881,Computer Science Engineering (CSE),Diploma,60,240,2010,Urban,Yes,No
1-44640718676,1-44640718676,U-0441,GOVERNMENT POLYTECHNIC COLLEGE ITARSI,Active,Madhya Pradesh,Hoshangabad,Hoshangabad,SANKHEDA ROAD NEAR CANAL SOMALWADA KHURD ITARSI 462030,462030,22.959155,78.645901,Government,"Rajiv Gandhi Proudyogiki Vishwavidyalaya, Bhopal",Approved,Approved,A,No,,Tier 2,http://www.itarsi.ac.in,info@itarsi.ac.in,admissions@itarsi.ac.in,placement@itarsi.ac.in,+91-80-241-3881,Electrical Engineering,Diploma,60,240,2010,Urban,Yes,No
1-44640719718,1-44640719718,U-0441,GOVERNMENT POLYTECHNIC COLLEGE BARWANI,Active,Madhya Pradesh,Barwani,Barwani,"ANJAD ROAD, IN FRONT OF SARLA GRENITE, VILLAGE KARI, BARWANI",452851,22.978005,78.641482,Government,"Rajiv Gandhi Proudyogiki Vishwavidyalaya, Bhopal",Approved,Approved,A,No,,Tier 2,http://www.barwani.ac.in,info@barwani.ac.in,admissions@barwani.ac.in,placement@barwani.ac.in,+91-80-032-0157,Computer Science Engineering (CSE),Diploma,48,144,2005,Urban,Yes,Yes
1-44640719718,1-44640719718,U-0441,GOVERNMENT POLYTECHNIC COLLEGE BARWANI,Active,Madhya Pradesh,Barwani,Barwani,"ANJAD ROAD, IN FRONT OF SARLA GRENITE, VILLAGE KARI, BARWANI",452851,22.978005,78.641482,Government,"Rajiv Gandhi Proudyogiki Vishwavidyalaya, Bhopal",Approved,Approved,A,No,,Tier 2,http://www.barwani.ac.in,info@barwani.ac.in,admissions@barwani.ac.in,placement@barwani.ac.in,+91-80-032-0157,Information Technology (IT),Diploma,48,144,2005,Urban,Yes,Yes
1-44640719718,1-44640719718,U-0441,GOVERNMENT POLYTECHNIC COLLEGE BARWANI,Active,Madhya Pradesh,Barwani,Barwani,"ANJAD ROAD, IN FRONT OF SARLA GRENITE, VILLAGE KARI, BARWANI",452851,22.978005,78.641482,Government,"Rajiv Gandhi Proudyogiki Vishwavidyalaya, Bhopal",Approved,Approved,A,No,,Tier 2,http://www.barwani.ac.in,info@barwani.ac.in,admissions@barwani.ac.in,placement@barwani.ac.in,+91-80-032-0157,Civil Engineering,Diploma,24,144,2005,Urban,Yes,Yes
1-44640719718,1-44640719718,U-0441,GOVERNMENT POLYTECHNIC COLLEGE BARWANI,Active,Madhya Pradesh,Barwani,Barwani,"ANJAD ROAD, IN FRONT OF SARLA GRENITE, VILLAGE KARI, BARWANI",452851,22.978005,78.641482,Government,"Rajiv Gandhi Proudyogiki Vishwavidyalaya, Bhopal",Approved,Approved,A,No,,Tier 2,http://www.barwani.ac.in,info@barwani.ac.in,admissions@barwani.ac.in,placement@barwani.ac.in,+91-80-032-0157,Other Engineering Branches,Diploma,24,144,2005,Urban,Yes,Yes
1-44640595874,1-44640595874,U-0441,BHOPAL INSTITUTE OF TECHNOLOGY,Active,Madhya Pradesh,Bhopal,Bhopal,"BANGRASIA CHOURAHA, BHOJPUR ROAD",452493,23.271016,77.39297,Private-Self Financing,"Rajiv Gandhi Proudyogiki Vishwavidyalaya, Bhopal",Approved,Approved,B++,No,,Tier 3,http://www.bhopal.ac.in,info@bhopal.ac.in,admissions@bhopal.ac.in,placement@bhopal.ac.in,+91-80-305-0626,Computer Science Engineering (CSE),B.Tech,90,336,1984,Urban,No,No
1-44640595874,1-44640595874,U-0441,BHOPAL INSTITUTE OF TECHNOLOGY,Active,Madhya Pradesh,Bhopal,Bhopal,"BANGRASIA CHOURAHA, BHOJPUR ROAD",452493,23.271016,77.39297,Private-Self Financing,"Rajiv Gandhi Proudyogiki Vishwavidyalaya, Bhopal",Approved,Approved,B++,No,,Tier 3,http://www.bhopal.ac.in,info@bhopal.ac.in,admissions@bhopal.ac.in,placement@bhopal.ac.in,+91-80-305-0626,Electronics & Communication Engineering (ECE),B.Tech,30,336,1984,Urban,No,No
1-44640595874,1-44640595874,U-0441,BHOPAL INSTITUTE OF TECHNOLOGY,Active,Madhya Pradesh,Bhopal,Bhopal,"BANGRASIA CHOURAHA, BHOJPUR ROAD",452493,23.271016,77.39297,Private-Self Financing,"Rajiv Gandhi Proudyogiki Vishwavidyalaya, Bhopal",Approved,Approved,B++,No,,Tier 3,http://www.bhopal.ac.in,info@bhopal.ac.in,admissions@bhopal.ac.in,placement@bhopal.ac.in,+91-80-305-0626,Mechanical Engineering,B.Tech,90,336,1984,Urban,No,No
1-44640595874,1-44640595874,U-0441,BHOPAL INSTITUTE OF TECHNOLOGY,Active,Madhya Pradesh,Bhopal,Bhopal,"BANGRASIA CHOURAHA, BHOJPUR ROAD",452493,23.271016,77.39297,Private-Self Financing,"Rajiv Gandhi Proudyogiki Vishwavidyalaya, Bhopal",Approved,Approved,B++,No,,Tier 3,http://www.bhopal.ac.in,info@bhopal.ac.in,admissions@bhopal.ac.in,placement@bhopal.ac.in,+91-80-305-0626,Electrical & Electronics Engineering (EEE),B.Tech,90,336,1984,Urban,No,No
1-44640595874,1-44640595874,U-0441,BHOPAL INSTITUTE OF TECHNOLOGY,Active,Madhya Pradesh,Bhopal,Bhopal,"BANGRASIA CHOURAHA, BHOJPUR ROAD",452493,23.271016,77.39297,Private-Self Financing,"Rajiv Gandhi Proudyogiki Vishwavidyalaya, Bhopal",Approved,Approved,B++,No,,Tier 3,http://www.bhopal.ac.in,info@bhopal.ac.in,admissions@bhopal.ac.in,placement@bhopal.ac.in,+91-80-305-0626,Other Engineering Branches,M.Tech,18,336,1984,Urban,No,No
1-44640595874,1-44640595874,U-0441,BHOPAL INSTITUTE OF TECHNOLOGY,Active,Madhya Pradesh,Bhopal,Bhopal,"BANGRASIA CHOURAHA, BHOJPUR ROAD",452493,23.271016,77.39297,Private-Self Financing,"Rajiv Gandhi Proudyogiki Vishwavidyalaya, Bhopal",Approved,Approved,B++,No,,Tier 3,http://www.bhopal.ac.in,info@bhopal.ac.in,admissions@bhopal.ac.in,placement@bhopal.ac.in,+91-80-305-0626,Information Technology (IT),M.Tech,18,336,1984,Urban,No,No
1-44640176199,1-44640176199,U-0441,SHRI VAISHNAV POLYTECHNIC COLLEGE,Active,Madhya Pradesh,Indore,Indore,M.O.G. LINES,452012,22.736372,75.874137,Govt aided,"Rajiv Gandhi Proudyogiki Vishwavidyalaya, Bhopal",Approved,Approved,B+,No,,Tier 3,http://www.shrivaishnav.ac.in,info@shrivaishnav.ac.in,admissions@shrivaishnav.ac.in,placement@shrivaishnav.ac.in,+91-80-542-3465,Civil Engineering,Diploma,90,630,2004,Rural,No,Yes
1-44640176199,1-44640176199,U-0441,SHRI VAISHNAV POLYTECHNIC COLLEGE,Active,Madhya Pradesh,Indore,Indore,M.O.G. LINES,452012,22.736372,75.874137,Govt aided,"Rajiv Gandhi Proudyogiki Vishwavidyalaya, Bhopal",Approved,Approved,B+,No,,Tier 3,http://www.shrivaishnav.ac.in,info@shrivaishnav.ac.in,admissions@shrivaishnav.ac.in,placement@shrivaishnav.ac.in,+91-80-542-3465,Mechanical Engineering,Diploma,110,630,2004,Rural,No,Yes
1-44640176199,1-44640176199,U-0441,SHRI VAISHNAV POLYTECHNIC COLLEGE,Active,Madhya Pradesh,Indore,Indore,M.O.G. LINES,452012,22.736372,75.874137,Govt aided,"Rajiv Gandhi Proudyogiki Vishwavidyalaya, Bhopal",Approved,Approved,B+,No,,Tier 3,http://www.shrivaishnav.ac.in,info@shrivaishnav.ac.in,admissions@shrivaishnav.ac.in,placement@shrivaishnav.ac.in,+91-80-542-3465,Electrical Engineering,Diploma,100,630,2004,Rural,No,Yes
1-44640176199,1-44640176199,U-0441,SHRI VAISHNAV POLYTECHNIC COLLEGE,Active,Madhya Pradesh,Indore,Indore,M.O.G. LINES,452012,22.736372,75.874137,Govt aided,"Rajiv Gandhi Proudyogiki Vishwavidyalaya, Bhopal",Approved,Approved,B+,No,,Tier 3,http://www.shrivaishnav.ac.in,info@shrivaishnav.ac.in,admissions@shrivaishnav.ac.in,placement@shrivaishnav.ac.in,+91-80-542-3465,Computer Science Engineering (CSE),Diploma,60,630,2004,Rural,No,Yes
1-44640176199,1-44640176199,U-0441,SHRI VAISHNAV POLYTECHNIC COLLEGE,Active,Madhya Pradesh,Indore,Indore,M.O.G. LINES,452012,22.736372,75.874137,Govt aided,"Rajiv Gandhi Proudyogiki Vishwavidyalaya, Bhopal",Approved,Approved,B+,No,,Tier 3,http://www.shrivaishnav.ac.in,info@shrivaishnav.ac.in,admissions@shrivaishnav.ac.in,placement@shrivaishnav.ac.in,+91-80-542-3465,Other Engineering Branches,Diploma,210,630,2004,Rural,No,Yes
1-44640176199,1-44640176199,U-0441,SHRI VAISHNAV POLYTECHNIC COLLEGE,Active,Madhya Pradesh,Indore,Indore,M.O.G. LINES,452012,22.736372,75.874137,Govt aided,"Rajiv Gandhi Proudyogiki Vishwavidyalaya, Bhopal",Approved,Approved,B+,No,,Tier 3,http://www.shrivaishnav.ac.in,info@shrivaishnav.ac.in,admissions@shrivaishnav.ac.in,placement@shrivaishnav.ac.in,+91-80-542-3465,Automobile Engineering,Diploma,60,630,2004,Rural,No,Yes
1-44640428730,1-44640428730,U-0441,"MJP GOVERNMENT POLYTECHNIC COLLEGE, KHANDWA",Active,Madhya Pradesh,Khandwa,Khandwa,SIHADA ROAD NEAR B.ED. COLLEGE,452405,22.983073,78.669302,Government,"Rajiv Gandhi Proudyogiki Vishwavidyalaya, Bhopal",Approved,Approved,B,No,,Tier 3,http://www.mjpkhandwa.ac.in,info@mjpkhandwa.ac.in,admissions@mjpkhandwa.ac.in,placement@mjpkhandwa.ac.in,+91-80-244-5903,Civil Engineering,Diploma,80,480,2008,Urban,No,Yes
1-44640428730,1-44640428730,U-0441,"MJP GOVERNMENT POLYTECHNIC COLLEGE, KHANDWA",Active,Madhya Pradesh,Khandwa,Khandwa,SIHADA ROAD NEAR B.ED. COLLEGE,452405,22.983073,78.669302,Government,"Rajiv Gandhi Proudyogiki Vishwavidyalaya, Bhopal",Approved,Approved,B,No,,Tier 3,http://www.mjpkhandwa.ac.in,info@mjpkhandwa.ac.in,admissions@mjpkhandwa.ac.in,placement@mjpkhandwa.ac.in,+91-80-244-5903,Mechanical Engineering,Diploma,80,480,2008,Urban,No,Yes
1-44640428730,1-44640428730,U-0441,"MJP GOVERNMENT POLYTECHNIC COLLEGE, KHANDWA",Active,Madhya Pradesh,Khandwa,Khandwa,SIHADA ROAD NEAR B.ED. COLLEGE,452405,22.983073,78.669302,Government,"Rajiv Gandhi Proudyogiki Vishwavidyalaya, Bhopal",Approved,Approved,B,No,,Tier 3,http://www.mjpkhandwa.ac.in,info@mjpkhandwa.ac.in,admissions@mjpkhandwa.ac.in,placement@mjpkhandwa.ac.in,+91-80-244-5903,Electrical Engineering,Diploma,80,480,2008,Urban,No,Yes
1-44640428730,1-44640428730,U-0441,"MJP GOVERNMENT POLYTECHNIC COLLEGE, KHANDWA",Active,Madhya Pradesh,Khandwa,Khandwa,SIHADA ROAD NEAR B.ED. COLLEGE,452405,22.983073,78.669302,Government,"Rajiv Gandhi Proudyogiki Vishwavidyalaya, Bhopal",Approved,Approved,B,No,,Tier 3,http://www.mjpkhandwa.ac.in,info@mjpkhandwa.ac.in,admissions@mjpkhandwa.ac.in,placement@mjpkhandwa.ac.in,+91-80-244-5903,Computer Science Engineering (CSE),Diploma,60,480,2008,Urban,No,Yes
1-44640428730,1-44640428730,U-0441,"MJP GOVERNMENT POLYTECHNIC COLLEGE, KHANDWA",Active,Madhya Pradesh,Khandwa,Khandwa,SIHADA ROAD NEAR B.ED. COLLEGE,452405,22.983073,78.669302,Government,"Rajiv Gandhi Proudyogiki Vishwavidyalaya, Bhopal",Approved,Approved,B,No,,Tier 3,http://www.mjpkhandwa.ac.in,info@mjpkhandwa.ac.in,admissions@mjpkhandwa.ac.in,placement@mjpkhandwa.ac.in,+91-80-244-5903,Electronics & Communication Engineering (ECE),Diploma,60,480,2008,Urban,No,Yes
1-44640428730,1-44640428730,U-0441,"MJP GOVERNMENT POLYTECHNIC COLLEGE, KHANDWA",Active,Madhya Pradesh,Khandwa,Khandwa,SIHADA ROAD NEAR B.ED. COLLEGE,452405,22.983073,78.669302,Government,"Rajiv Gandhi Proudyogiki Vishwavidyalaya, Bhopal",Approved,Approved,B,No,,Tier 3,http://www.mjpkhandwa.ac.in,info@mjpkhandwa.ac.in,admissions@mjpkhandwa.ac.in,placement@mjpkhandwa.ac.in,+91-80-244-5903,Information Technology (IT),Diploma,60,480,2008,Urban,No,Yes
1-44640428730,1-44640428730,U-0441,"MJP GOVERNMENT POLYTECHNIC COLLEGE, KHANDWA",Active,Madhya Pradesh,Khandwa,Khandwa,SIHADA ROAD NEAR B.ED. COLLEGE,452405,22.983073,78.669302,Government,"Rajiv Gandhi Proudyogiki Vishwavidyalaya, Bhopal",Approved,Approved,B,No,,Tier 3,http://www.mjpkhandwa.ac.in,info@mjpkhandwa.ac.in,admissions@mjpkhandwa.ac.in,placement@mjpkhandwa.ac.in,+91-80-244-5903,Other Engineering Branches,Diploma,60,480,2008,Urban,No,Yes
1-44640641739,1-44640641739,U-0441,GOVT POLYTECHNIC COLLEGE RAJGARH,Active,Madhya Pradesh,Ujjain,Ujjain,"GOVERNMENT POLYTECHNIC COLLEGE, KHUJNER ROAD, OPPOSITE WARE HOUSE, JUGALPUURA, RAJGARH",452341,23.183237,75.775692,Government,"Rajiv Gandhi Proudyogiki Vishwavidyalaya, Bhopal",Approved,Approved,B++,Yes,,Tier 3,http://www.govtrajgarh.ac.in,info@govtrajgarh.ac.in,admissions@govtrajgarh.ac.in,placement@govtrajgarh.ac.in,+91-80-142-4046,Civil Engineering,Diploma,60,240,2017,Urban,Yes,Yes
1-44640641739,1-44640641739,U-0441,GOVT POLYTECHNIC COLLEGE RAJGARH,Active,Madhya Pradesh,Ujjain,Ujjain,"GOVERNMENT POLYTECHNIC COLLEGE, KHUJNER ROAD, OPPOSITE WARE HOUSE, JUGALPUURA, RAJGARH",452341,23.183237,75.775692,Government,"Rajiv Gandhi Proudyogiki Vishwavidyalaya, Bhopal",Approved,Approved,B++,Yes,,Tier 3,http://www.govtrajgarh.ac.in,info@govtrajgarh.ac.in,admissions@govtrajgarh.ac.in,placement@govtrajgarh.ac.in,+91-80-142-4046,Electronics & Communication Engineering (ECE),Diploma,60,240,2017,Urban,Yes,Yes
1-44640641739,1-44640641739,U-0441,GOVT POLYTECHNIC COLLEGE RAJGARH,Active,Madhya Pradesh,Ujjain,Ujjain,"GOVERNMENT POLYTECHNIC COLLEGE, KHUJNER ROAD, OPPOSITE WARE HOUSE, JUGALPUURA, RAJGARH",452341,23.183237,75.775692,Government,"Rajiv Gandhi Proudyogiki Vishwavidyalaya, Bhopal",Approved,Approved,B++,Yes,,Tier 3,http://www.govtrajgarh.ac.in,info@govtrajgarh.ac.in,admissions@govtrajgarh.ac.in,placement@govtrajgarh.ac.in,+91-80-142-4046,Chemical Engineering,Diploma,60,240,2017,Urban,Yes,Yes
1-44640641739,1-44640641739,U-0441,GOVT POLYTECHNIC COLLEGE RAJGARH,Active,Madhya Pradesh,Ujjain,Ujjain,"GOVERNMENT POLYTECHNIC COLLEGE, KHUJNER ROAD, OPPOSITE WARE HOUSE, JUGALPUURA, RAJGARH",452341,23.183237,75.775692,Government,"Rajiv Gandhi Proudyogiki Vishwavidyalaya, Bhopal",Approved,Approved,B++,Yes,,Tier 3,http://www.govtrajgarh.ac.in,info@govtrajgarh.ac.in,admissions@govtrajgarh.ac.in,placement@govtrajgarh.ac.in,+91-80-142-4046,Mechanical Engineering,Diploma,60,240,2017,Urban,Yes,Yes
1-44640724224,1-44640724224,U-0232,SCHOOL OF DATA SCIENCE AND FORECASTING,Active,Madhya Pradesh,Indore,Indore,TAKSHASHILA PARISAR KHANDWA ROAD,452012,22.722522,75.837761,Government,"Devi Ahilya Vishwavidyalaya, Indore",Approved,Approved,A+,Yes,,Tier 2,http://www.schooldatascience.ac.in,info@schooldatascience.ac.in,admissions@schooldatascience.ac.in,placement@schooldatascience.ac.in,+91-80-961-4080,Data Science,M.Tech,24,48,2005,Rural,Yes,Yes
1-44640724224,1-44640724224,U-0232,SCHOOL OF DATA SCIENCE AND FORECASTING,Active,Madhya Pradesh,Indore,Indore,TAKSHASHILA PARISAR KHANDWA ROAD,452012,22.722522,75.837761,Government,"Devi Ahilya Vishwavidyalaya, Indore",Approved,Approved,A+,Yes,,Tier 2,http://www.schooldatascience.ac.in,info@schooldatascience.ac.in,admissions@schooldatascience.ac.in,placement@schooldatascience.ac.in,+91-80-961-4080,Other Engineering Branches,M.Tech,24,48,2005,Rural,Yes,Yes
1-44640809987,1-44640809987,U-0441,"GOVERNMENT POLYTECHNIC COLLEGE,SHEOPUR",Active,Madhya Pradesh,Sheopur,Sheopur,"GOVERNMENT POLYTECHNIC COLLEGE, BYPASS ROAD SHEOPUR",452370,22.975324,78.649903,Government,"Rajiv Gandhi Proudyogiki Vishwavidyalaya, Bhopal",Approved,Approved,B,No,,Tier 3,http://www.collegesheopur.ac.in,info@collegesheopur.ac.in,admissions@collegesheopur.ac.in,placement@collegesheopur.ac.in,+91-80-919-5347,Computer Science Engineering (CSE),Diploma,54,270,1988,Urban,Yes,Yes
1-44640809987,1-44640809987,U-0441,"GOVERNMENT POLYTECHNIC COLLEGE,SHEOPUR",Active,Madhya Pradesh,Sheopur,Sheopur,"GOVERNMENT POLYTECHNIC COLLEGE, BYPASS ROAD SHEOPUR",452370,22.975324,78.649903,Government,"Rajiv Gandhi Proudyogiki Vishwavidyalaya, Bhopal",Approved,Approved,B,No,,Tier 3,http://www.collegesheopur.ac.in,info@collegesheopur.ac.in,admissions@collegesheopur.ac.in,placement@collegesheopur.ac.in,+91-80-919-5347,Mechanical Engineering,Diploma,54,270,1988,Urban,Yes,Yes
1-44640809987,1-44640809987,U-0441,"GOVERNMENT POLYTECHNIC COLLEGE,SHEOPUR",Active,Madhya Pradesh,Sheopur,Sheopur,"GOVERNMENT POLYTECHNIC COLLEGE, BYPASS ROAD SHEOPUR",452370,22.975324,78.649903,Government,"Rajiv Gandhi Proudyogiki Vishwavidyalaya, Bhopal",Approved,Approved,B,No,,Tier 3,http://www.collegesheopur.ac.in,info@collegesheopur.ac.in,admissions@collegesheopur.ac.in,placement@collegesheopur.ac.in,+91-80-919-5347,Civil Engineering,Diploma,54,270,1988,Urban,Yes,Yes
1-44640809987,1-44640809987,U-0441,"GOVERNMENT POLYTECHNIC COLLEGE,SHEOPUR",Active,Madhya Pradesh,Sheopur,Sheopur,"GOVERNMENT POLYTECHNIC COLLEGE, BYPASS ROAD SHEOPUR",452370,22.975324,78.649903,Government,"Rajiv Gandhi Proudyogiki Vishwavidyalaya, Bhopal",Approved,Approved,B,No,,Tier 3,http://www.collegesheopur.ac.in,info@collegesheopur.ac.in,admissions@collegesheopur.ac.in,placement@collegesheopur.ac.in,+91-80-919-5347,Electronics & Communication Engineering (ECE),Diploma,54,270,1988,Urban,Yes,Yes
1-44640809987,1-44640809987,U-0441,"GOVERNMENT POLYTECHNIC COLLEGE,SHEOPUR",Active,Madhya Pradesh,Sheopur,Sheopur,"GOVERNMENT POLYTECHNIC COLLEGE, BYPASS ROAD SHEOPUR",452370,22.975324,78.649903,Government,"Rajiv Gandhi Proudyogiki Vishwavidyalaya, Bhopal",Approved,Approved,B,No,,Tier 3,http://www.collegesheopur.ac.in,info@collegesheopur.ac.in,admissions@collegesheopur.ac.in,placement@collegesheopur.ac.in,+91-80-919-5347,Other Engineering Branches,Diploma,54,270,1988,Urban,Yes,Yes
1-44640217801,1-44640217801,U-0441,DHAR POLYTECHNIC COLLEGE,Active,Madhya Pradesh,Dhar,Dhar,"DHAR POLYTECHNIC COLLEGE, NEAR BRAMAHAKUNDI, DHAR",452688,22.955187,78.648197,Government,"Rajiv Gandhi Proudyogiki Vishwavidyalaya, Bhopal",Approved,Approved,A+,Yes,,Tier 2,http://www.dhar.ac.in,info@dhar.ac.in,admissions@dhar.ac.in,placement@dhar.ac.in,+91-80-074-9640,Other Engineering Branches,Diploma,60,186,1991,Rural,Yes,Yes
1-44640217801,1-44640217801,U-0441,DHAR POLYTECHNIC COLLEGE,Active,Madhya Pradesh,Dhar,Dhar,"DHAR POLYTECHNIC COLLEGE, NEAR BRAMAHAKUNDI, DHAR",452688,22.955187,78.648197,Government,"Rajiv Gandhi Proudyogiki Vishwavidyalaya, Bhopal",Approved,Approved,A+,Yes,,Tier 2,http://www.dhar.ac.in,info@dhar.ac.in,admissions@dhar.ac.in,placement@dhar.ac.in,+91-80-074-9640,Mechanical Engineering,Diploma,48,186,1991,Rural,Yes,Yes
1-44640217801,1-44640217801,U-0441,DHAR POLYTECHNIC COLLEGE,Active,Madhya Pradesh,Dhar,Dhar,"DHAR POLYTECHNIC COLLEGE, NEAR BRAMAHAKUNDI, DHAR",452688,22.955187,78.648197,Government,"Rajiv Gandhi Proudyogiki Vishwavidyalaya, Bhopal",Approved,Approved,A+,Yes,,Tier 2,http://www.dhar.ac.in,info@dhar.ac.in,admissions@dhar.ac.in,placement@dhar.ac.in,+91-80-074-9640,Computer Science Engineering (CSE),Diploma,48,186,1991,Rural,Yes,Yes
1-44640217801,1-44640217801,U-0441,DHAR POLYTECHNIC COLLEGE,Active,Madhya Pradesh,Dhar,Dhar,"DHAR POLYTECHNIC COLLEGE, NEAR BRAMAHAKUNDI, DHAR",452688,22.955187,78.648197,Government,"Rajiv Gandhi Proudyogiki Vishwavidyalaya, Bhopal",Approved,Approved,A+,Yes,,Tier 2,http://www.dhar.ac.in,info@dhar.ac.in,admissions@dhar.ac.in,placement@dhar.ac.in,+91-80-074-9640,Information Technology (IT),Diploma,30,186,1991,Rural,Yes,Yes
1-44640725562,1-44640725562,U-0441,GOVT. POLYTECHNIC COLLEGE DEWAS,Active,Madhya Pradesh,Dewas,Dewas,SHAHEED JAGESHWAR NAGAR GOVERMENT POLYTECHNIC COLLEGE RAJODA GRAM DEWAS,452999,22.963937,78.657993,Government,"Rajiv Gandhi Proudyogiki Vishwavidyalaya, Bhopal",Approved,Approved,B++,Yes,,Tier 3,http://www.govtdewas.ac.in,info@govtdewas.ac.in,admissions@govtdewas.ac.in,placement@govtdewas.ac.in,+91-80-441-9462,Electronics & Communication Engineering (ECE),Diploma,54,162,1983,Urban,Yes,Yes
1-44640725562,1-44640725562,U-0441,GOVT. POLYTECHNIC COLLEGE DEWAS,Active,Madhya Pradesh,Dewas,Dewas,SHAHEED JAGESHWAR NAGAR GOVERMENT POLYTECHNIC COLLEGE RAJODA GRAM DEWAS,452999,22.963937,78.657993,Government,"Rajiv Gandhi Proudyogiki Vishwavidyalaya, Bhopal",Approved,Approved,B++,Yes,,Tier 3,http://www.govtdewas.ac.in,info@govtdewas.ac.in,admissions@govtdewas.ac.in,placement@govtdewas.ac.in,+91-80-441-9462,Mechanical Engineering,Diploma,54,162,1983,Urban,Yes,Yes
1-44640725562,1-44640725562,U-0441,GOVT. POLYTECHNIC COLLEGE DEWAS,Active,Madhya Pradesh,Dewas,Dewas,SHAHEED JAGESHWAR NAGAR GOVERMENT POLYTECHNIC COLLEGE RAJODA GRAM DEWAS,452999,22.963937,78.657993,Government,"Rajiv Gandhi Proudyogiki Vishwavidyalaya, Bhopal",Approved,Approved,B++,Yes,,Tier 3,http://www.govtdewas.ac.in,info@govtdewas.ac.in,admissions@govtdewas.ac.in,placement@govtdewas.ac.in,+91-80-441-9462,Computer Science Engineering (CSE),Diploma,54,162,1983,Urban,Yes,Yes
1-44640647417,1-44640647417,U-0441,GOVERNMENT POLYTECHNIC COLLEGE TIKAMGARH,Active,Madhya Pradesh,Tikamgarh,Tikamgarh,NEAR DONGA MAIDAN TIKAMGARH,452000,22.989416,78.638965,Government,"Rajiv Gandhi Proudyogiki Vishwavidyalaya, Bhopal",Approved,Approved,A,No,,Tier 2,http://www.tikamgarh.ac.in,info@tikamgarh.ac.in,admissions@tikamgarh.ac.in,placement@tikamgarh.ac.in,+91-80-510-6061,Computer Science Engineering (CSE),Diploma,48,180,2013,Urban,Yes,Yes
1-44640647417,1-44640647417,U-0441,GOVERNMENT POLYTECHNIC COLLEGE TIKAMGARH,Active,Madhya Pradesh,Tikamgarh,Tikamgarh,NEAR DONGA MAIDAN TIKAMGARH,452000,22.989416,78.638965,Government,"Rajiv Gandhi Proudyogiki Vishwavidyalaya, Bhopal",Approved,Approved,A,No,,Tier 2,http://www.tikamgarh.ac.in,info@tikamgarh.ac.in,admissions@tikamgarh.ac.in,placement@tikamgarh.ac.in,+91-80-510-6061,Mechanical Engineering,Diploma,48,180,2013,Urban,Yes,Yes
1-44640647417,1-44640647417,U-0441,GOVERNMENT POLYTECHNIC COLLEGE TIKAMGARH,Active,Madhya Pradesh,Tikamgarh,Tikamgarh,NEAR DONGA MAIDAN TIKAMGARH,452000,22.989416,78.638965,Government,"Rajiv Gandhi Proudyogiki Vishwavidyalaya, Bhopal",Approved,Approved,A,No,,Tier 2,http://www.tikamgarh.ac.in,info@tikamgarh.ac.in,admissions@tikamgarh.ac.in,placement@tikamgarh.ac.in,+91-80-510-6061,Electronics & Communication Engineering (ECE),Diploma,30,180,2013,Urban,Yes,Yes
1-44640647417,1-44640647417,U-0441,GOVERNMENT POLYTECHNIC COLLEGE TIKAMGARH,Active,Madhya Pradesh,Tikamgarh,Tikamgarh,NEAR DONGA MAIDAN TIKAMGARH,452000,22.989416,78.638965,Government,"Rajiv Gandhi Proudyogiki Vishwavidyalaya, Bhopal",Approved,Approved,A,No,,Tier 2,http://www.tikamgarh.ac.in,info@tikamgarh.ac.in,admissions@tikamgarh.ac.in,placement@tikamgarh.ac.in,+91-80-510-6061,Electrical Engineering,Diploma,54,180,2013,Urban,Yes,Yes
1-44640687342,1-44640687342,U-0992,"SCHOOL OF INSTRUMENTATION, DEVI AHILYA VISHWAVIDYALAYA",Active,Madhya Pradesh,Indore,Indore,"TAKSHILA PARISAR, KHANDWA ROAD",452012,22.721457,75.869842,State Government University,NOT APPLICABLE,Approved,Approved,B+,No,,Tier 3,http://www.schoolinstrumentationdevi.ac.in,info@schoolinstrumentationdevi.ac.in,admissions@schoolinstrumentationdevi.ac.in,placement@schoolinstrumentationdevi.ac.in,+91-80-916-7565,Other Engineering Branches,M.Tech,9,57,1982,Rural,Yes,Yes
1-44640687342,1-44640687342,U-0992,"SCHOOL OF INSTRUMENTATION, DEVI AHILYA VISHWAVIDYALAYA",Active,Madhya Pradesh,Indore,Indore,"TAKSHILA PARISAR, KHANDWA ROAD",452012,22.721457,75.869842,State Government University,NOT APPLICABLE,Approved,Approved,B+,No,,Tier 3,http://www.schoolinstrumentationdevi.ac.in,info@schoolinstrumentationdevi.ac.in,admissions@schoolinstrumentationdevi.ac.in,placement@schoolinstrumentationdevi.ac.in,+91-80-916-7565,IoT,M.Tech,18,57,1982,Rural,Yes,Yes
1-44640687342,1-44640687342,U-0992,"SCHOOL OF INSTRUMENTATION, DEVI AHILYA VISHWAVIDYALAYA",Active,Madhya Pradesh,Indore,Indore,"TAKSHILA PARISAR, KHANDWA ROAD",452012,22.721457,75.869842,State Government University,NOT APPLICABLE,Approved,Approved,B+,No,,Tier 3,http://www.schoolinstrumentationdevi.ac.in,info@schoolinstrumentationdevi.ac.in,admissions@schoolinstrumentationdevi.ac.in,placement@schoolinstrumentationdevi.ac.in,+91-80-916-7565,IoT,B.Tech,30,57,1982,Rural,Yes,Yes
1-44640736792,1-44640736792,U-0441,"GOVT. POLYTECHNIC COLLEGE, KHURAI",Active,Madhya Pradesh,Sagar,Sagar,"PATHARI ROAD, KHURAI 470 117",452081,23.823771,78.741392,Government,"Rajiv Gandhi Proudyogiki Vishwavidyalaya, Bhopal",Approved,Approved,B++,Yes,,Tier 3,http://www.govtkhurai.ac.in,info@govtkhurai.ac.in,admissions@govtkhurai.ac.in,placement@govtkhurai.ac.in,+91-80-208-5014,Civil Engineering,Diploma,54,162,2016,Rural,No,Yes
1-44640736792,1-44640736792,U-0441,"GOVT. POLYTECHNIC COLLEGE, KHURAI",Active,Madhya Pradesh,Sagar,Sagar,"PATHARI ROAD, KHURAI 470 117",452081,23.823771,78.741392,Government,"Rajiv Gandhi Proudyogiki Vishwavidyalaya, Bhopal",Approved,Approved,B++,Yes,,Tier 3,http://www.govtkhurai.ac.in,info@govtkhurai.ac.in,admissions@govtkhurai.ac.in,placement@govtkhurai.ac.in,+91-80-208-5014,Mechanical Engineering,Diploma,54,162,2016,Rural,No,Yes
1-44640736792,1-44640736792,U-0441,"GOVT. POLYTECHNIC COLLEGE, KHURAI",Active,Madhya Pradesh,Sagar,Sagar,"PATHARI ROAD, KHURAI 470 117",452081,23.823771,78.741392,Government,"Rajiv Gandhi Proudyogiki Vishwavidyalaya, Bhopal",Approved,Approved,B++,Yes,,Tier 3,http://www.govtkhurai.ac.in,info@govtkhurai.ac.in,admissions@govtkhurai.ac.in,placement@govtkhurai.ac.in,+91-80-208-5014,Electrical Engineering,Diploma,54,162,2016,Rural,No,Yes
1-44640779645,1-44640779645,U-0441,GOVT. POLYTECHNIC COLLEGE ANUPPUR (M.P.),Active,Madhya Pradesh,Anuppur,Anuppur,"GOVERNMENT POLYTECHNIC COLLEGE, ANUPPUR, ON THE BANK OF CHANDHAS RIVER VILL- PARASWAR, ANUPPUR, MP-484224",484224,22.954856,78.659765,Government,"Rajiv Gandhi Proudyogiki Vishwavidyalaya, Bhopal",Approved,Approved,B++,Yes,,Tier 3,http://www.govtanuppurmp.ac.in,info@govtanuppurmp.ac.in,admissions@govtanuppurmp.ac.in,placement@govtanuppurmp.ac.in,+91-80-061-0706,Computer Science Engineering (CSE),Diploma,60,300,2000,Rural,Yes,Yes
1-44640779645,1-44640779645,U-0441,GOVT. POLYTECHNIC COLLEGE ANUPPUR (M.P.),Active,Madhya Pradesh,Anuppur,Anuppur,"GOVERNMENT POLYTECHNIC COLLEGE, ANUPPUR, ON THE BANK OF CHANDHAS RIVER VILL- PARASWAR, ANUPPUR, MP-484224",484224,22.954856,78.659765,Government,"Rajiv Gandhi Proudyogiki Vishwavidyalaya, Bhopal",Approved,Approved,B++,Yes,,Tier 3,http://www.govtanuppurmp.ac.in,info@govtanuppurmp.ac.in,admissions@govtanuppurmp.ac.in,placement@govtanuppurmp.ac.in,+91-80-061-0706,Electronics & Communication Engineering (ECE),Diploma,60,300,2000,Rural,Yes,Yes
1-44640779645,1-44640779645,U-0441,GOVT. POLYTECHNIC COLLEGE ANUPPUR (M.P.),Active,Madhya Pradesh,Anuppur,Anuppur,"GOVERNMENT POLYTECHNIC COLLEGE, ANUPPUR, ON THE BANK OF CHANDHAS RIVER VILL- PARASWAR, ANUPPUR, MP-484224",484224,22.954856,78.659765,Government,"Rajiv Gandhi Proudyogiki Vishwavidyalaya, Bhopal",Approved,Approved,B++,Yes,,Tier 3,http://www.govtanuppurmp.ac.in,info@govtanuppurmp.ac.in,admissions@govtanuppurmp.ac.in,placement@govtanuppurmp.ac.in,+91-80-061-0706,Electrical Engineering,Diploma,60,300,2000,Rural,Yes,Yes
1-44640779645,1-44640779645,U-0441,GOVT. POLYTECHNIC COLLEGE ANUPPUR (M.P.),Active,Madhya Pradesh,Anuppur,Anuppur,"GOVERNMENT POLYTECHNIC COLLEGE, ANUPPUR, ON THE BANK OF CHANDHAS RIVER VILL- PARASWAR, ANUPPUR, MP-484224",484224,22.954856,78.659765,Government,"Rajiv Gandhi Proudyogiki Vishwavidyalaya, Bhopal",Approved,Approved,B++,Yes,,Tier 3,http://www.govtanuppurmp.ac.in,info@govtanuppurmp.ac.in,admissions@govtanuppurmp.ac.in,placement@govtanuppurmp.ac.in,+91-80-061-0706,Mechanical Engineering,Diploma,60,300,2000,Rural,Yes,Yes
1-44640779645,1-44640779645,U-0441,GOVT. POLYTECHNIC COLLEGE ANUPPUR (M.P.),Active,Madhya Pradesh,Anuppur,Anuppur,"GOVERNMENT POLYTECHNIC COLLEGE, ANUPPUR, ON THE BANK OF CHANDHAS RIVER VILL- PARASWAR, ANUPPUR, MP-484224",484224,22.954856,78.659765,Government,"Rajiv Gandhi Proudyogiki Vishwavidyalaya, Bhopal",Approved,Approved,B++,Yes,,Tier 3,http://www.govtanuppurmp.ac.in,info@govtanuppurmp.ac.in,admissions@govtanuppurmp.ac.in,placement@govtanuppurmp.ac.in,+91-80-061-0706,Civil Engineering,Diploma,60,300,2000,Rural,Yes,Yes
1-44640824313,1-44640824313,U-0441,GOVERNMENT POLYTECHNIC COLLEGE,Active,Madhya Pradesh,Datia,Datia,GRAM-VIJAYPURKALA  POST- MURERA  DIST..-DATIA PIN-475686,475686,22.963725,78.664392,Government,"Rajiv Gandhi Proudyogiki Vishwavidyalaya, Bhopal",Approved,Approved,B,No,,Tier 3,http://www.inst6916.ac.in,info@inst6916.ac.in,admissions@inst6916.ac.in,placement@inst6916.ac.in,+91-80-433-0671,Electrical Engineering,Diploma,60,240,2005,Urban,Yes,Yes
1-44640824313,1-44640824313,U-0441,GOVERNMENT POLYTECHNIC COLLEGE,Active,Madhya Pradesh,Datia,Datia,GRAM-VIJAYPURKALA  POST- MURERA  DIST..-DATIA PIN-475686,475686,22.963725,78.664392,Government,"Rajiv Gandhi Proudyogiki Vishwavidyalaya, Bhopal",Approved,Approved,B,No,,Tier 3,http://www.inst6916.ac.in,info@inst6916.ac.in,admissions@inst6916.ac.in,placement@inst6916.ac.in,+91-80-433-0671,Electronics & Communication Engineering (ECE),Diploma,60,240,2005,Urban,Yes,Yes
1-44640824313,1-44640824313,U-0441,GOVERNMENT POLYTECHNIC COLLEGE,Active,Madhya Pradesh,Datia,Datia,GRAM-VIJAYPURKALA  POST- MURERA  DIST..-DATIA PIN-475686,475686,22.963725,78.664392,Government,"Rajiv Gandhi Proudyogiki Vishwavidyalaya, Bhopal",Approved,Approved,B,No,,Tier 3,http://www.inst6916.ac.in,info@inst6916.ac.in,admissions@inst6916.ac.in,placement@inst6916.ac.in,+91-80-433-0671,Computer Science Engineering (CSE),Diploma,60,240,2005,Urban,Yes,Yes
1-44640824313,1-44640824313,U-0441,GOVERNMENT POLYTECHNIC COLLEGE,Active,Madhya Pradesh,Datia,Datia,GRAM-VIJAYPURKALA  POST- MURERA  DIST..-DATIA PIN-475686,475686,22.963725,78.664392,Government,"Rajiv Gandhi Proudyogiki Vishwavidyalaya, Bhopal",Approved,Approved,B,No,,Tier 3,http://www.inst6916.ac.in,info@inst6916.ac.in,admissions@inst6916.ac.in,placement@inst6916.ac.in,+91-80-433-0671,Mechanical Engineering,Diploma,60,240,2005,Urban,Yes,Yes
1-44640233447,1-44640233447,U-0441,GOVERNMENT POLYTECHNIC COLLEGE SHAJAPUR,Active,Madhya Pradesh,Shajapur,Shajapur,I.T.I. CAMPUS SHAJAPUR,452670,22.971933,78.643091,Government,"Rajiv Gandhi Proudyogiki Vishwavidyalaya, Bhopal",Approved,Approved,B,No,,Tier 3,http://www.shajapur.ac.in,info@shajapur.ac.in,admissions@shajapur.ac.in,placement@shajapur.ac.in,+91-80-777-3223,Mechanical Engineering,Diploma,60,240,1985,Rural,Yes,Yes
1-44640233447,1-44640233447,U-0441,GOVERNMENT POLYTECHNIC COLLEGE SHAJAPUR,Active,Madhya Pradesh,Shajapur,Shajapur,I.T.I. CAMPUS SHAJAPUR,452670,22.971933,78.643091,Government,"Rajiv Gandhi Proudyogiki Vishwavidyalaya, Bhopal",Approved,Approved,B,No,,Tier 3,http://www.shajapur.ac.in,info@shajapur.ac.in,admissions@shajapur.ac.in,placement@shajapur.ac.in,+91-80-777-3223,Electrical Engineering,Diploma,60,240,1985,Rural,Yes,Yes
1-44640233447,1-44640233447,U-0441,GOVERNMENT POLYTECHNIC COLLEGE SHAJAPUR,Active,Madhya Pradesh,Shajapur,Shajapur,I.T.I. CAMPUS SHAJAPUR,452670,22.971933,78.643091,Government,"Rajiv Gandhi Proudyogiki Vishwavidyalaya, Bhopal",Approved,Approved,B,No,,Tier 3,http://www.shajapur.ac.in,info@shajapur.ac.in,admissions@shajapur.ac.in,placement@shajapur.ac.in,+91-80-777-3223,Electronics & Communication Engineering (ECE),Diploma,60,240,1985,Rural,Yes,Yes
1-44640233447,1-44640233447,U-0441,GOVERNMENT POLYTECHNIC COLLEGE SHAJAPUR,Active,Madhya Pradesh,Shajapur,Shajapur,I.T.I. CAMPUS SHAJAPUR,452670,22.971933,78.643091,Government,"Rajiv Gandhi Proudyogiki Vishwavidyalaya, Bhopal",Approved,Approved,B,No,,Tier 3,http://www.shajapur.ac.in,info@shajapur.ac.in,admissions@shajapur.ac.in,placement@shajapur.ac.in,+91-80-777-3223,Computer Science Engineering (CSE),Diploma,60,240,1985,Rural,Yes,Yes
1-44640233897,1-44640233897,U-0441,GOVERNMENT POLOYTECHNIC COLLEGE,Active,Madhya Pradesh,Bhind,Bhind,LAHAR ROAD,452602,22.976285,78.668851,Government,"Rajiv Gandhi Proudyogiki Vishwavidyalaya, Bhopal",Approved,Approved,A+,Yes,,Tier 2,http://www.poloytechnic.ac.in,info@poloytechnic.ac.in,admissions@poloytechnic.ac.in,placement@poloytechnic.ac.in,+91-80-959-8924,Civil Engineering,Diploma,60,180,2001,Urban,Yes,Yes
1-44640233897,1-44640233897,U-0441,GOVERNMENT POLOYTECHNIC COLLEGE,Active,Madhya Pradesh,Bhind,Bhind,LAHAR ROAD,452602,22.976285,78.668851,Government,"Rajiv Gandhi Proudyogiki Vishwavidyalaya, Bhopal",Approved,Approved,A+,Yes,,Tier 2,http://www.poloytechnic.ac.in,info@poloytechnic.ac.in,admissions@poloytechnic.ac.in,placement@poloytechnic.ac.in,+91-80-959-8924,Computer Science Engineering (CSE),Diploma,60,180,2001,Urban,Yes,Yes
1-44640233897,1-44640233897,U-0441,GOVERNMENT POLOYTECHNIC COLLEGE,Active,Madhya Pradesh,Bhind,Bhind,LAHAR ROAD,452602,22.976285,78.668851,Government,"Rajiv Gandhi Proudyogiki Vishwavidyalaya, Bhopal",Approved,Approved,A+,Yes,,Tier 2,http://www.poloytechnic.ac.in,info@poloytechnic.ac.in,admissions@poloytechnic.ac.in,placement@poloytechnic.ac.in,+91-80-959-8924,Other Engineering Branches,Diploma,60,180,2001,Urban,Yes,Yes
1-44641041987,1-44641041987,U-0441,RUSTAMJI INSTITUTE OF TECHNOLOGY,Active,Madhya Pradesh,Gwalior,Gwalior,BSF ACADEMY TEKANPUR GWALIOR M.P.,452896,26.216043,78.190806,Govt aided,"Rajiv Gandhi Proudyogiki Vishwavidyalaya, Bhopal",Approved,Approved,A,No,,Tier 3,http://www.rustamji.ac.in,info@rustamji.ac.in,admissions@rustamji.ac.in,placement@rustamji.ac.in,+91-80-744-2099,Computer Science Engineering (CSE),B.Tech,180,567,1990,Urban,Yes,Yes
1-44641041987,1-44641041987,U-0441,RUSTAMJI INSTITUTE OF TECHNOLOGY,Active,Madhya Pradesh,Gwalior,Gwalior,BSF ACADEMY TEKANPUR GWALIOR M.P.,452896,26.216043,78.190806,Govt aided,"Rajiv Gandhi Proudyogiki Vishwavidyalaya, Bhopal",Approved,Approved,A,No,,Tier 3,http://www.rustamji.ac.in,info@rustamji.ac.in,admissions@rustamji.ac.in,placement@rustamji.ac.in,+91-80-744-2099,Automobile Engineering,B.Tech,30,567,1990,Urban,Yes,Yes
1-44641041987,1-44641041987,U-0441,RUSTAMJI INSTITUTE OF TECHNOLOGY,Active,Madhya Pradesh,Gwalior,Gwalior,BSF ACADEMY TEKANPUR GWALIOR M.P.,452896,26.216043,78.190806,Govt aided,"Rajiv Gandhi Proudyogiki Vishwavidyalaya, Bhopal",Approved,Approved,A,No,,Tier 3,http://www.rustamji.ac.in,info@rustamji.ac.in,admissions@rustamji.ac.in,placement@rustamji.ac.in,+91-80-744-2099,Other Engineering Branches,B.Tech,60,567,1990,Urban,Yes,Yes
1-44641041987,1-44641041987,U-0441,RUSTAMJI INSTITUTE OF TECHNOLOGY,Active,Madhya Pradesh,Gwalior,Gwalior,BSF ACADEMY TEKANPUR GWALIOR M.P.,452896,26.216043,78.190806,Govt aided,"Rajiv Gandhi Proudyogiki Vishwavidyalaya, Bhopal",Approved,Approved,A,No,,Tier 3,http://www.rustamji.ac.in,info@rustamji.ac.in,admissions@rustamji.ac.in,placement@rustamji.ac.in,+91-80-744-2099,Information Technology (IT),B.Tech,60,567,1990,Urban,Yes,Yes
1-44641041987,1-44641041987,U-0441,RUSTAMJI INSTITUTE OF TECHNOLOGY,Active,Madhya Pradesh,Gwalior,Gwalior,BSF ACADEMY TEKANPUR GWALIOR M.P.,452896,26.216043,78.190806,Govt aided,"Rajiv Gandhi Proudyogiki Vishwavidyalaya, Bhopal",Approved,Approved,A,No,,Tier 3,http://www.rustamji.ac.in,info@rustamji.ac.in,admissions@rustamji.ac.in,placement@rustamji.ac.in,+91-80-744-2099,Mechanical Engineering,B.Tech,30,567,1990,Urban,Yes,Yes
1-44641041987,1-44641041987,U-0441,RUSTAMJI INSTITUTE OF TECHNOLOGY,Active,Madhya Pradesh,Gwalior,Gwalior,BSF ACADEMY TEKANPUR GWALIOR M.P.,452896,26.216043,78.190806,Govt aided,"Rajiv Gandhi Proudyogiki Vishwavidyalaya, Bhopal",Approved,Approved,A,No,,Tier 3,http://www.rustamji.ac.in,info@rustamji.ac.in,admissions@rustamji.ac.in,placement@rustamji.ac.in,+91-80-744-2099,Automobile Engineering,M.Tech,18,567,1990,Urban,Yes,Yes
1-44641041987,1-44641041987,U-0441,RUSTAMJI INSTITUTE OF TECHNOLOGY,Active,Madhya Pradesh,Gwalior,Gwalior,BSF ACADEMY TEKANPUR GWALIOR M.P.,452896,26.216043,78.190806,Govt aided,"Rajiv Gandhi Proudyogiki Vishwavidyalaya, Bhopal",Approved,Approved,A,No,,Tier 3,http://www.rustamji.ac.in,info@rustamji.ac.in,admissions@rustamji.ac.in,placement@rustamji.ac.in,+91-80-744-2099,Other Engineering Branches,M.Tech,9,567,1990,Urban,Yes,Yes
1-44641041987,1-44641041987,U-0441,RUSTAMJI INSTITUTE OF TECHNOLOGY,Active,Madhya Pradesh,Gwalior,Gwalior,BSF ACADEMY TEKANPUR GWALIOR M.P.,452896,26.216043,78.190806,Govt aided,"Rajiv Gandhi Proudyogiki Vishwavidyalaya, Bhopal",Approved,Approved,A,No,,Tier 3,http://www.rustamji.ac.in,info@rustamji.ac.in,admissions@rustamji.ac.in,placement@rustamji.ac.in,+91-80-744-2099,Electrical Engineering,B.Tech,30,567,1990,Urban,Yes,Yes
1-44641041987,1-44641041987,U-0441,RUSTAMJI INSTITUTE OF TECHNOLOGY,Active,Madhya Pradesh,Gwalior,Gwalior,BSF ACADEMY TEKANPUR GWALIOR M.P.,452896,26.216043,78.190806,Govt aided,"Rajiv Gandhi Proudyogiki Vishwavidyalaya, Bhopal",Approved,Approved,A,No,,Tier 3,http://www.rustamji.ac.in,info@rustamji.ac.in,admissions@rustamji.ac.in,placement@rustamji.ac.in,+91-80-744-2099,Artificial Intelligence & Machine Learning (AI & ML),B.Tech,90,567,1990,Urban,Yes,Yes
1-44641041987,1-44641041987,U-0441,RUSTAMJI INSTITUTE OF TECHNOLOGY,Active,Madhya Pradesh,Gwalior,Gwalior,BSF ACADEMY TEKANPUR GWALIOR M.P.,452896,26.216043,78.190806,Govt aided,"Rajiv Gandhi Proudyogiki Vishwavidyalaya, Bhopal",Approved,Approved,A,No,,Tier 3,http://www.rustamji.ac.in,info@rustamji.ac.in,admissions@rustamji.ac.in,placement@rustamji.ac.in,+91-80-744-2099,Data Science,B.Tech,60,567,1990,Urban,Yes,Yes
1-44641042608,1-44641042608,U-0441,"G.T.POLYTECHNIC COLLEGE, JAORA",Active,Madhya Pradesh,Ratlam,Ratlam,"PAHADIYA ROAD, JAORA",452521,22.968506,78.67431,Government,"Rajiv Gandhi Proudyogiki Vishwavidyalaya, Bhopal",Approved,Approved,B,No,,Tier 3,http://www.gtpolytechnicjaora.ac.in,info@gtpolytechnicjaora.ac.in,admissions@gtpolytechnicjaora.ac.in,placement@gtpolytechnicjaora.ac.in,+91-80-633-6239,Civil Engineering,Diploma,60,240,2021,Urban,Yes,Yes
1-44641042608,1-44641042608,U-0441,"G.T.POLYTECHNIC COLLEGE, JAORA",Active,Madhya Pradesh,Ratlam,Ratlam,"PAHADIYA ROAD, JAORA",452521,22.968506,78.67431,Government,"Rajiv Gandhi Proudyogiki Vishwavidyalaya, Bhopal",Approved,Approved,B,No,,Tier 3,http://www.gtpolytechnicjaora.ac.in,info@gtpolytechnicjaora.ac.in,admissions@gtpolytechnicjaora.ac.in,placement@gtpolytechnicjaora.ac.in,+91-80-633-6239,Mechanical Engineering,Diploma,60,240,2021,Urban,Yes,Yes
1-44641042608,1-44641042608,U-0441,"G.T.POLYTECHNIC COLLEGE, JAORA",Active,Madhya Pradesh,Ratlam,Ratlam,"PAHADIYA ROAD, JAORA",452521,22.968506,78.67431,Government,"Rajiv Gandhi Proudyogiki Vishwavidyalaya, Bhopal",Approved,Approved,B,No,,Tier 3,http://www.gtpolytechnicjaora.ac.in,info@gtpolytechnicjaora.ac.in,admissions@gtpolytechnicjaora.ac.in,placement@gtpolytechnicjaora.ac.in,+91-80-633-6239,Electrical Engineering,Diploma,60,240,2021,Urban,Yes,Yes
1-44641042608,1-44641042608,U-0441,"G.T.POLYTECHNIC COLLEGE, JAORA",Active,Madhya Pradesh,Ratlam,Ratlam,"PAHADIYA ROAD, JAORA",452521,22.968506,78.67431,Government,"Rajiv Gandhi Proudyogiki Vishwavidyalaya, Bhopal",Approved,Approved,B,No,,Tier 3,http://www.gtpolytechnicjaora.ac.in,info@gtpolytechnicjaora.ac.in,admissions@gtpolytechnicjaora.ac.in,placement@gtpolytechnicjaora.ac.in,+91-80-633-6239,Computer Science Engineering (CSE),Diploma,60,240,2021,Urban,Yes,Yes
1-44641166703,1-44641166703,U-0441,SUSHILA DEVI BANSAL COLLEGE OF ENGINEERING,Active,Madhya Pradesh,Indore,Indore,"UMARIA, NEAR RAU, INDORE",452012,22.7262,75.858421,Private-Self Financing,"Rajiv Gandhi Proudyogiki Vishwavidyalaya, Bhopal",Approved,Approved,A+,Yes,,Tier 2,http://www.sushiladevibansal.ac.in,info@sushiladevibansal.ac.in,admissions@sushiladevibansal.ac.in,placement@sushiladevibansal.ac.in,+91-80-115-6612,Computer Science Engineering (CSE),B.Tech,180,408,1994,Rural,Yes,Yes
1-44641166703,1-44641166703,U-0441,SUSHILA DEVI BANSAL COLLEGE OF ENGINEERING,Active,Madhya Pradesh,Indore,Indore,"UMARIA, NEAR RAU, INDORE",452012,22.7262,75.858421,Private-Self Financing,"Rajiv Gandhi Proudyogiki Vishwavidyalaya, Bhopal",Approved,Approved,A+,Yes,,Tier 2,http://www.sushiladevibansal.ac.in,info@sushiladevibansal.ac.in,admissions@sushiladevibansal.ac.in,placement@sushiladevibansal.ac.in,+91-80-115-6612,Mechanical Engineering,B.Tech,30,408,1994,Rural,Yes,Yes
1-44641166703,1-44641166703,U-0441,SUSHILA DEVI BANSAL COLLEGE OF ENGINEERING,Active,Madhya Pradesh,Indore,Indore,"UMARIA, NEAR RAU, INDORE",452012,22.7262,75.858421,Private-Self Financing,"Rajiv Gandhi Proudyogiki Vishwavidyalaya, Bhopal",Approved,Approved,A+,Yes,,Tier 2,http://www.sushiladevibansal.ac.in,info@sushiladevibansal.ac.in,admissions@sushiladevibansal.ac.in,placement@sushiladevibansal.ac.in,+91-80-115-6612,Civil Engineering,B.Tech,30,408,1994,Rural,Yes,Yes
1-44641166703,1-44641166703,U-0441,SUSHILA DEVI BANSAL COLLEGE OF ENGINEERING,Active,Madhya Pradesh,Indore,Indore,"UMARIA, NEAR RAU, INDORE",452012,22.7262,75.858421,Private-Self Financing,"Rajiv Gandhi Proudyogiki Vishwavidyalaya, Bhopal",Approved,Approved,A+,Yes,,Tier 2,http://www.sushiladevibansal.ac.in,info@sushiladevibansal.ac.in,admissions@sushiladevibansal.ac.in,placement@sushiladevibansal.ac.in,+91-80-115-6612,Computer Science Engineering (CSE),M.Tech,18,408,1994,Rural,Yes,Yes
1-44641166703,1-44641166703,U-0441,SUSHILA DEVI BANSAL COLLEGE OF ENGINEERING,Active,Madhya Pradesh,Indore,Indore,"UMARIA, NEAR RAU, INDORE",452012,22.7262,75.858421,Private-Self Financing,"Rajiv Gandhi Proudyogiki Vishwavidyalaya, Bhopal",Approved,Approved,A+,Yes,,Tier 2,http://www.sushiladevibansal.ac.in,info@sushiladevibansal.ac.in,admissions@sushiladevibansal.ac.in,placement@sushiladevibansal.ac.in,+91-80-115-6612,Other Engineering Branches,M.Tech,30,408,1994,Rural,Yes,Yes
1-44641166703,1-44641166703,U-0441,SUSHILA DEVI BANSAL COLLEGE OF ENGINEERING,Active,Madhya Pradesh,Indore,Indore,"UMARIA, NEAR RAU, INDORE",452012,22.7262,75.858421,Private-Self Financing,"Rajiv Gandhi Proudyogiki Vishwavidyalaya, Bhopal",Approved,Approved,A+,Yes,,Tier 2,http://www.sushiladevibansal.ac.in,info@sushiladevibansal.ac.in,admissions@sushiladevibansal.ac.in,placement@sushiladevibansal.ac.in,+91-80-115-6612,Artificial Intelligence & Machine Learning (AI & ML),B.Tech,60,408,1994,Rural,Yes,Yes
1-44641166703,1-44641166703,U-0441,SUSHILA DEVI BANSAL COLLEGE OF ENGINEERING,Active,Madhya Pradesh,Indore,Indore,"UMARIA, NEAR RAU, INDORE",452012,22.7262,75.858421,Private-Self Financing,"Rajiv Gandhi Proudyogiki Vishwavidyalaya, Bhopal",Approved,Approved,A+,Yes,,Tier 2,http://www.sushiladevibansal.ac.in,info@sushiladevibansal.ac.in,admissions@sushiladevibansal.ac.in,placement@sushiladevibansal.ac.in,+91-80-115-6612,Data Science,B.Tech,60,408,1994,Rural,Yes,Yes
1-44641335348,1-44641335348,U-0441,JIJA MATA GOVT POLYTECHNIC COLLEGE BURHANPUR,Active,Madhya Pradesh,Burhanpur,Burhanpur,NEAR  RENUKA MATA TEMPLE  BURHANPUR,452203,22.977844,78.642727,Government,"Rajiv Gandhi Proudyogiki Vishwavidyalaya, Bhopal",Approved,Approved,A,No,,Tier 2,http://www.jijamatagovt.ac.in,info@jijamatagovt.ac.in,admissions@jijamatagovt.ac.in,placement@jijamatagovt.ac.in,+91-80-025-2325,Electronics & Communication Engineering (ECE),Diploma,60,300,1989,Urban,Yes,Yes
1-44641335348,1-44641335348,U-0441,JIJA MATA GOVT POLYTECHNIC COLLEGE BURHANPUR,Active,Madhya Pradesh,Burhanpur,Burhanpur,NEAR  RENUKA MATA TEMPLE  BURHANPUR,452203,22.977844,78.642727,Government,"Rajiv Gandhi Proudyogiki Vishwavidyalaya, Bhopal",Approved,Approved,A,No,,Tier 2,http://www.jijamatagovt.ac.in,info@jijamatagovt.ac.in,admissions@jijamatagovt.ac.in,placement@jijamatagovt.ac.in,+91-80-025-2325,Computer Science Engineering (CSE),Diploma,60,300,1989,Urban,Yes,Yes
1-44641335348,1-44641335348,U-0441,JIJA MATA GOVT POLYTECHNIC COLLEGE BURHANPUR,Active,Madhya Pradesh,Burhanpur,Burhanpur,NEAR  RENUKA MATA TEMPLE  BURHANPUR,452203,22.977844,78.642727,Government,"Rajiv Gandhi Proudyogiki Vishwavidyalaya, Bhopal",Approved,Approved,A,No,,Tier 2,http://www.jijamatagovt.ac.in,info@jijamatagovt.ac.in,admissions@jijamatagovt.ac.in,placement@jijamatagovt.ac.in,+91-80-025-2325,Civil Engineering,Diploma,30,300,1989,Urban,Yes,Yes
1-44641335348,1-44641335348,U-0441,JIJA MATA GOVT POLYTECHNIC COLLEGE BURHANPUR,Active,Madhya Pradesh,Burhanpur,Burhanpur,NEAR  RENUKA MATA TEMPLE  BURHANPUR,452203,22.977844,78.642727,Government,"Rajiv Gandhi Proudyogiki Vishwavidyalaya, Bhopal",Approved,Approved,A,No,,Tier 2,http://www.jijamatagovt.ac.in,info@jijamatagovt.ac.in,admissions@jijamatagovt.ac.in,placement@jijamatagovt.ac.in,+91-80-025-2325,Mechanical Engineering,Diploma,30,300,1989,Urban,Yes,Yes
1-44641335348,1-44641335348,U-0441,JIJA MATA GOVT POLYTECHNIC COLLEGE BURHANPUR,Active,Madhya Pradesh,Burhanpur,Burhanpur,NEAR  RENUKA MATA TEMPLE  BURHANPUR,452203,22.977844,78.642727,Government,"Rajiv Gandhi Proudyogiki Vishwavidyalaya, Bhopal",Approved,Approved,A,No,,Tier 2,http://www.jijamatagovt.ac.in,info@jijamatagovt.ac.in,admissions@jijamatagovt.ac.in,placement@jijamatagovt.ac.in,+91-80-025-2325,Other Engineering Branches,Diploma,120,300,1989,Urban,Yes,Yes
1-44641045510,1-44641045510,U-0441,RAMNATH SINGH INSTITUTE OF TECHNOLOGY AND SCIENCE,Active,Madhya Pradesh,Gwalior,Gwalior,"NEAR SITHOLI RAILWAY STATION, GWALIOR-474005",474005,26.21438,78.177115,Private-Self Financing,"Rajiv Gandhi Proudyogiki Vishwavidyalaya, Bhopal",Approved,Approved,A,No,,Tier 3,http://www.ramnathsinghscience.ac.in,info@ramnathsinghscience.ac.in,admissions@ramnathsinghscience.ac.in,placement@ramnathsinghscience.ac.in,+91-80-674-4411,Civil Engineering,Diploma,60,270,1992,Urban,No,Yes
1-44641045510,1-44641045510,U-0441,RAMNATH SINGH INSTITUTE OF TECHNOLOGY AND SCIENCE,Active,Madhya Pradesh,Gwalior,Gwalior,"NEAR SITHOLI RAILWAY STATION, GWALIOR-474005",474005,26.21438,78.177115,Private-Self Financing,"Rajiv Gandhi Proudyogiki Vishwavidyalaya, Bhopal",Approved,Approved,A,No,,Tier 3,http://www.ramnathsinghscience.ac.in,info@ramnathsinghscience.ac.in,admissions@ramnathsinghscience.ac.in,placement@ramnathsinghscience.ac.in,+91-80-674-4411,Mechanical Engineering,Diploma,60,270,1992,Urban,No,Yes
1-44641045510,1-44641045510,U-0441,RAMNATH SINGH INSTITUTE OF TECHNOLOGY AND SCIENCE,Active,Madhya Pradesh,Gwalior,Gwalior,"NEAR SITHOLI RAILWAY STATION, GWALIOR-474005",474005,26.21438,78.177115,Private-Self Financing,"Rajiv Gandhi Proudyogiki Vishwavidyalaya, Bhopal",Approved,Approved,A,No,,Tier 3,http://www.ramnathsinghscience.ac.in,info@ramnathsinghscience.ac.in,admissions@ramnathsinghscience.ac.in,placement@ramnathsinghscience.ac.in,+91-80-674-4411,Electronics & Communication Engineering (ECE),Diploma,60,270,1992,Urban,No,Yes
1-44641045510,1-44641045510,U-0441,RAMNATH SINGH INSTITUTE OF TECHNOLOGY AND SCIENCE,Active,Madhya Pradesh,Gwalior,Gwalior,"NEAR SITHOLI RAILWAY STATION, GWALIOR-474005",474005,26.21438,78.177115,Private-Self Financing,"Rajiv Gandhi Proudyogiki Vishwavidyalaya, Bhopal",Approved,Approved,A,No,,Tier 3,http://www.ramnathsinghscience.ac.in,info@ramnathsinghscience.ac.in,admissions@ramnathsinghscience.ac.in,placement@ramnathsinghscience.ac.in,+91-80-674-4411,Information Technology (IT),Diploma,60,270,1992,Urban,No,Yes
1-44641045510,1-44641045510,U-0441,RAMNATH SINGH INSTITUTE OF TECHNOLOGY AND SCIENCE,Active,Madhya Pradesh,Gwalior,Gwalior,"NEAR SITHOLI RAILWAY STATION, GWALIOR-474005",474005,26.21438,78.177115,Private-Self Financing,"Rajiv Gandhi Proudyogiki Vishwavidyalaya, Bhopal",Approved,Approved,A,No,,Tier 3,http://www.ramnathsinghscience.ac.in,info@ramnathsinghscience.ac.in,admissions@ramnathsinghscience.ac.in,placement@ramnathsinghscience.ac.in,+91-80-674-4411,Computer Science Engineering (CSE),Diploma,30,270,1992,Urban,No,Yes
1-44641337163,1-44641337163,U-0441,GOVT.POLYTECHNIC COLLEGE KHIRSADOH,Active,Madhya Pradesh,Chhindwara,Chhindwara,GOVT.POLYTECHNIC COLLEGE KHIRSADOH PARASIA DISTT CHHINDWARA (M.P.),452140,22.993305,78.673631,Government,"Rajiv Gandhi Proudyogiki Vishwavidyalaya, Bhopal",Approved,Approved,B,No,,Tier 3,http://www.govtpolytechnickhirsadoh.ac.in,info@govtpolytechnickhirsadoh.ac.in,admissions@govtpolytechnickhirsadoh.ac.in,placement@govtpolytechnickhirsadoh.ac.in,+91-80-673-7515,Civil Engineering,Diploma,53,366,1981,Urban,Yes,Yes
1-44641337163,1-44641337163,U-0441,GOVT.POLYTECHNIC COLLEGE KHIRSADOH,Active,Madhya Pradesh,Chhindwara,Chhindwara,GOVT.POLYTECHNIC COLLEGE KHIRSADOH PARASIA DISTT CHHINDWARA (M.P.),452140,22.993305,78.673631,Government,"Rajiv Gandhi Proudyogiki Vishwavidyalaya, Bhopal",Approved,Approved,B,No,,Tier 3,http://www.govtpolytechnickhirsadoh.ac.in,info@govtpolytechnickhirsadoh.ac.in,admissions@govtpolytechnickhirsadoh.ac.in,placement@govtpolytechnickhirsadoh.ac.in,+91-80-673-7515,Mechanical Engineering,Diploma,53,366,1981,Urban,Yes,Yes
1-44641337163,1-44641337163,U-0441,GOVT.POLYTECHNIC COLLEGE KHIRSADOH,Active,Madhya Pradesh,Chhindwara,Chhindwara,GOVT.POLYTECHNIC COLLEGE KHIRSADOH PARASIA DISTT CHHINDWARA (M.P.),452140,22.993305,78.673631,Government,"Rajiv Gandhi Proudyogiki Vishwavidyalaya, Bhopal",Approved,Approved,B,No,,Tier 3,http://www.govtpolytechnickhirsadoh.ac.in,info@govtpolytechnickhirsadoh.ac.in,admissions@govtpolytechnickhirsadoh.ac.in,placement@govtpolytechnickhirsadoh.ac.in,+91-80-673-7515,Electrical Engineering,Diploma,53,366,1981,Urban,Yes,Yes
1-44641337163,1-44641337163,U-0441,GOVT.POLYTECHNIC COLLEGE KHIRSADOH,Active,Madhya Pradesh,Chhindwara,Chhindwara,GOVT.POLYTECHNIC COLLEGE KHIRSADOH PARASIA DISTT CHHINDWARA (M.P.),452140,22.993305,78.673631,Government,"Rajiv Gandhi Proudyogiki Vishwavidyalaya, Bhopal",Approved,Approved,B,No,,Tier 3,http://www.govtpolytechnickhirsadoh.ac.in,info@govtpolytechnickhirsadoh.ac.in,admissions@govtpolytechnickhirsadoh.ac.in,placement@govtpolytechnickhirsadoh.ac.in,+91-80-673-7515,Mining Engineering,Diploma,53,366,1981,Urban,Yes,Yes
1-44641337163,1-44641337163,U-0441,GOVT.POLYTECHNIC COLLEGE KHIRSADOH,Active,Madhya Pradesh,Chhindwara,Chhindwara,GOVT.POLYTECHNIC COLLEGE KHIRSADOH PARASIA DISTT CHHINDWARA (M.P.),452140,22.993305,78.673631,Government,"Rajiv Gandhi Proudyogiki Vishwavidyalaya, Bhopal",Approved,Approved,B,No,,Tier 3,http://www.govtpolytechnickhirsadoh.ac.in,info@govtpolytechnickhirsadoh.ac.in,admissions@govtpolytechnickhirsadoh.ac.in,placement@govtpolytechnickhirsadoh.ac.in,+91-80-673-7515,Electronics & Communication Engineering (ECE),Diploma,53,366,1981,Urban,Yes,Yes
1-44641337163,1-44641337163,U-0441,GOVT.POLYTECHNIC COLLEGE KHIRSADOH,Active,Madhya Pradesh,Chhindwara,Chhindwara,GOVT.POLYTECHNIC COLLEGE KHIRSADOH PARASIA DISTT CHHINDWARA (M.P.),452140,22.993305,78.673631,Government,"Rajiv Gandhi Proudyogiki Vishwavidyalaya, Bhopal",Approved,Approved,B,No,,Tier 3,http://www.govtpolytechnickhirsadoh.ac.in,info@govtpolytechnickhirsadoh.ac.in,admissions@govtpolytechnickhirsadoh.ac.in,placement@govtpolytechnickhirsadoh.ac.in,+91-80-673-7515,Computer Science Engineering (CSE),Diploma,53,366,1981,Urban,Yes,Yes
1-44641337163,1-44641337163,U-0441,GOVT.POLYTECHNIC COLLEGE KHIRSADOH,Active,Madhya Pradesh,Chhindwara,Chhindwara,GOVT.POLYTECHNIC COLLEGE KHIRSADOH PARASIA DISTT CHHINDWARA (M.P.),452140,22.993305,78.673631,Government,"Rajiv Gandhi Proudyogiki Vishwavidyalaya, Bhopal",Approved,Approved,B,No,,Tier 3,http://www.govtpolytechnickhirsadoh.ac.in,info@govtpolytechnickhirsadoh.ac.in,admissions@govtpolytechnickhirsadoh.ac.in,placement@govtpolytechnickhirsadoh.ac.in,+91-80-673-7515,Information Technology (IT),Diploma,48,366,1981,Urban,Yes,Yes
1-44641337708,1-44641337708,U-0441,KALANIKETAN POLYTECHNIC COLLEGE JABALPUR,Active,Madhya Pradesh,Jabalpur,Jabalpur,KALANIKETAN MARG NORTH CIVIL LINES,452090,22.175644,79.912719,Government,"Rajiv Gandhi Proudyogiki Vishwavidyalaya, Bhopal",Approved,Approved,A,No,,Tier 2,http://www.kalaniketanjabalpur.ac.in,info@kalaniketanjabalpur.ac.in,admissions@kalaniketanjabalpur.ac.in,placement@kalaniketanjabalpur.ac.in,+91-80-823-9121,Automobile Engineering,Diploma,60,600,2013,Urban,No,No
1-44641337708,1-44641337708,U-0441,KALANIKETAN POLYTECHNIC COLLEGE JABALPUR,Active,Madhya Pradesh,Jabalpur,Jabalpur,KALANIKETAN MARG NORTH CIVIL LINES,452090,22.175644,79.912719,Government,"Rajiv Gandhi Proudyogiki Vishwavidyalaya, Bhopal",Approved,Approved,A,No,,Tier 2,http://www.kalaniketanjabalpur.ac.in,info@kalaniketanjabalpur.ac.in,admissions@kalaniketanjabalpur.ac.in,placement@kalaniketanjabalpur.ac.in,+91-80-823-9121,Mechanical Engineering,Diploma,110,600,2013,Urban,No,No
1-44641337708,1-44641337708,U-0441,KALANIKETAN POLYTECHNIC COLLEGE JABALPUR,Active,Madhya Pradesh,Jabalpur,Jabalpur,KALANIKETAN MARG NORTH CIVIL LINES,452090,22.175644,79.912719,Government,"Rajiv Gandhi Proudyogiki Vishwavidyalaya, Bhopal",Approved,Approved,A,No,,Tier 2,http://www.kalaniketanjabalpur.ac.in,info@kalaniketanjabalpur.ac.in,admissions@kalaniketanjabalpur.ac.in,placement@kalaniketanjabalpur.ac.in,+91-80-823-9121,Electrical Engineering,Diploma,100,600,2013,Urban,No,No
1-44641337708,1-44641337708,U-0441,KALANIKETAN POLYTECHNIC COLLEGE JABALPUR,Active,Madhya Pradesh,Jabalpur,Jabalpur,KALANIKETAN MARG NORTH CIVIL LINES,452090,22.175644,79.912719,Government,"Rajiv Gandhi Proudyogiki Vishwavidyalaya, Bhopal",Approved,Approved,A,No,,Tier 2,http://www.kalaniketanjabalpur.ac.in,info@kalaniketanjabalpur.ac.in,admissions@kalaniketanjabalpur.ac.in,placement@kalaniketanjabalpur.ac.in,+91-80-823-9121,Other Engineering Branches,Diploma,120,600,2013,Urban,No,No
1-44641337708,1-44641337708,U-0441,KALANIKETAN POLYTECHNIC COLLEGE JABALPUR,Active,Madhya Pradesh,Jabalpur,Jabalpur,KALANIKETAN MARG NORTH CIVIL LINES,452090,22.175644,79.912719,Government,"Rajiv Gandhi Proudyogiki Vishwavidyalaya, Bhopal",Approved,Approved,A,No,,Tier 2,http://www.kalaniketanjabalpur.ac.in,info@kalaniketanjabalpur.ac.in,admissions@kalaniketanjabalpur.ac.in,placement@kalaniketanjabalpur.ac.in,+91-80-823-9121,Information Technology (IT),Diploma,60,600,2013,Urban,No,No
1-44641337708,1-44641337708,U-0441,KALANIKETAN POLYTECHNIC COLLEGE JABALPUR,Active,Madhya Pradesh,Jabalpur,Jabalpur,KALANIKETAN MARG NORTH CIVIL LINES,452090,22.175644,79.912719,Government,"Rajiv Gandhi Proudyogiki Vishwavidyalaya, Bhopal",Approved,Approved,A,No,,Tier 2,http://www.kalaniketanjabalpur.ac.in,info@kalaniketanjabalpur.ac.in,admissions@kalaniketanjabalpur.ac.in,placement@kalaniketanjabalpur.ac.in,+91-80-823-9121,Computer Science Engineering (CSE),Diploma,60,600,2013,Urban,No,No
1-44641337708,1-44641337708,U-0441,KALANIKETAN POLYTECHNIC COLLEGE JABALPUR,Active,Madhya Pradesh,Jabalpur,Jabalpur,KALANIKETAN MARG NORTH CIVIL LINES,452090,22.175644,79.912719,Government,"Rajiv Gandhi Proudyogiki Vishwavidyalaya, Bhopal",Approved,Approved,A,No,,Tier 2,http://www.kalaniketanjabalpur.ac.in,info@kalaniketanjabalpur.ac.in,admissions@kalaniketanjabalpur.ac.in,placement@kalaniketanjabalpur.ac.in,+91-80-823-9121,Civil Engineering,Diploma,90,600,2013,Urban,No,No
1-44641508624,1-44641508624,U-0441,GOVERNMENT POLYTECHNIC COLLEGE UMARIYA,Active,Madhya Pradesh,Umaria,Umaria,"KACHARWAR ROAD DABRAUHA, UMARIA",452587,22.956378,78.645441,Government,"Rajiv Gandhi Proudyogiki Vishwavidyalaya, Bhopal",Approved,Approved,B++,Yes,,Tier 3,http://www.umariya.ac.in,info@umariya.ac.in,admissions@umariya.ac.in,placement@umariya.ac.in,+91-80-124-9078,Electrical Engineering,Diploma,60,240,1983,Rural,Yes,Yes
1-44641508624,1-44641508624,U-0441,GOVERNMENT POLYTECHNIC COLLEGE UMARIYA,Active,Madhya Pradesh,Umaria,Umaria,"KACHARWAR ROAD DABRAUHA, UMARIA",452587,22.956378,78.645441,Government,"Rajiv Gandhi Proudyogiki Vishwavidyalaya, Bhopal",Approved,Approved,B++,Yes,,Tier 3,http://www.umariya.ac.in,info@umariya.ac.in,admissions@umariya.ac.in,placement@umariya.ac.in,+91-80-124-9078,Mechanical Engineering,Diploma,60,240,1983,Rural,Yes,Yes
1-44641508624,1-44641508624,U-0441,GOVERNMENT POLYTECHNIC COLLEGE UMARIYA,Active,Madhya Pradesh,Umaria,Umaria,"KACHARWAR ROAD DABRAUHA, UMARIA",452587,22.956378,78.645441,Government,"Rajiv Gandhi Proudyogiki Vishwavidyalaya, Bhopal",Approved,Approved,B++,Yes,,Tier 3,http://www.umariya.ac.in,info@umariya.ac.in,admissions@umariya.ac.in,placement@umariya.ac.in,+91-80-124-9078,Civil Engineering,Diploma,60,240,1983,Rural,Yes,Yes
1-44641508624,1-44641508624,U-0441,GOVERNMENT POLYTECHNIC COLLEGE UMARIYA,Active,Madhya Pradesh,Umaria,Umaria,"KACHARWAR ROAD DABRAUHA, UMARIA",452587,22.956378,78.645441,Government,"Rajiv Gandhi Proudyogiki Vishwavidyalaya, Bhopal",Approved,Approved,B++,Yes,,Tier 3,http://www.umariya.ac.in,info@umariya.ac.in,admissions@umariya.ac.in,placement@umariya.ac.in,+91-80-124-9078,Mining Engineering,Diploma,60,240,1983,Rural,Yes,Yes
1-44641046562,1-44641046562,U-0441,GOVT WOMEN'S POLYTECHNIC COLLEGE,Active,Madhya Pradesh,Khargone,Khargone,NEAR TV TOWER UMARKHALI ROAD,452437,22.98138,78.641807,Government,"Rajiv Gandhi Proudyogiki Vishwavidyalaya, Bhopal",Approved,Approved,B,No,,Tier 3,http://www.govt.ac.in,info@govt.ac.in,admissions@govt.ac.in,placement@govt.ac.in,+91-80-173-5583,Electronics & Communication Engineering (ECE),Diploma,44,220,2007,Rural,Yes,Yes
1-44641046562,1-44641046562,U-0441,GOVT WOMEN'S POLYTECHNIC COLLEGE,Active,Madhya Pradesh,Khargone,Khargone,NEAR TV TOWER UMARKHALI ROAD,452437,22.98138,78.641807,Government,"Rajiv Gandhi Proudyogiki Vishwavidyalaya, Bhopal",Approved,Approved,B,No,,Tier 3,http://www.govt.ac.in,info@govt.ac.in,admissions@govt.ac.in,placement@govt.ac.in,+91-80-173-5583,Computer Science Engineering (CSE),Diploma,44,220,2007,Rural,Yes,Yes
1-44641046562,1-44641046562,U-0441,GOVT WOMEN'S POLYTECHNIC COLLEGE,Active,Madhya Pradesh,Khargone,Khargone,NEAR TV TOWER UMARKHALI ROAD,452437,22.98138,78.641807,Government,"Rajiv Gandhi Proudyogiki Vishwavidyalaya, Bhopal",Approved,Approved,B,No,,Tier 3,http://www.govt.ac.in,info@govt.ac.in,admissions@govt.ac.in,placement@govt.ac.in,+91-80-173-5583,Information Technology (IT),Diploma,44,220,2007,Rural,Yes,Yes
1-44641046562,1-44641046562,U-0441,GOVT WOMEN'S POLYTECHNIC COLLEGE,Active,Madhya Pradesh,Khargone,Khargone,NEAR TV TOWER UMARKHALI ROAD,452437,22.98138,78.641807,Government,"Rajiv Gandhi Proudyogiki Vishwavidyalaya, Bhopal",Approved,Approved,B,No,,Tier 3,http://www.govt.ac.in,info@govt.ac.in,admissions@govt.ac.in,placement@govt.ac.in,+91-80-173-5583,Other Engineering Branches,Diploma,88,220,2007,Rural,Yes,Yes
1-44641341417,1-44641341417,U-0441,MANTHAN POLYTECHNIC COLLEGE,Active,Madhya Pradesh,Sehore,Sehore,NEAR POLICE CHECK POST AMLAHA,452274,22.954291,78.667721,Private-Self Financing,"Rajiv Gandhi Proudyogiki Vishwavidyalaya, Bhopal",Approved,Approved,B+,No,,Tier 3,http://www.manthan.ac.in,info@manthan.ac.in,admissions@manthan.ac.in,placement@manthan.ac.in,+91-80-037-3957,Computer Science Engineering (CSE),Diploma,60,300,1985,Rural,Yes,Yes
1-44641341417,1-44641341417,U-0441,MANTHAN POLYTECHNIC COLLEGE,Active,Madhya Pradesh,Sehore,Sehore,NEAR POLICE CHECK POST AMLAHA,452274,22.954291,78.667721,Private-Self Financing,"Rajiv Gandhi Proudyogiki Vishwavidyalaya, Bhopal",Approved,Approved,B+,No,,Tier 3,http://www.manthan.ac.in,info@manthan.ac.in,admissions@manthan.ac.in,placement@manthan.ac.in,+91-80-037-3957,Civil Engineering,Diploma,60,300,1985,Rural,Yes,Yes
1-44641341417,1-44641341417,U-0441,MANTHAN POLYTECHNIC COLLEGE,Active,Madhya Pradesh,Sehore,Sehore,NEAR POLICE CHECK POST AMLAHA,452274,22.954291,78.667721,Private-Self Financing,"Rajiv Gandhi Proudyogiki Vishwavidyalaya, Bhopal",Approved,Approved,B+,No,,Tier 3,http://www.manthan.ac.in,info@manthan.ac.in,admissions@manthan.ac.in,placement@manthan.ac.in,+91-80-037-3957,Mechanical Engineering,Diploma,60,300,1985,Rural,Yes,Yes
1-44641341417,1-44641341417,U-0441,MANTHAN POLYTECHNIC COLLEGE,Active,Madhya Pradesh,Sehore,Sehore,NEAR POLICE CHECK POST AMLAHA,452274,22.954291,78.667721,Private-Self Financing,"Rajiv Gandhi Proudyogiki Vishwavidyalaya, Bhopal",Approved,Approved,B+,No,,Tier 3,http://www.manthan.ac.in,info@manthan.ac.in,admissions@manthan.ac.in,placement@manthan.ac.in,+91-80-037-3957,Electrical Engineering,Diploma,60,300,1985,Rural,Yes,Yes
1-44641341417,1-44641341417,U-0441,MANTHAN POLYTECHNIC COLLEGE,Active,Madhya Pradesh,Sehore,Sehore,NEAR POLICE CHECK POST AMLAHA,452274,22.954291,78.667721,Private-Self Financing,"Rajiv Gandhi Proudyogiki Vishwavidyalaya, Bhopal",Approved,Approved,B+,No,,Tier 3,http://www.manthan.ac.in,info@manthan.ac.in,admissions@manthan.ac.in,placement@manthan.ac.in,+91-80-037-3957,Electronics & Communication Engineering (ECE),Diploma,60,300,1985,Rural,Yes,Yes
1-44641342920,1-44641342920,U-0441,SURABHI COLLEGE OF ENGINEERING AND TECHNOLOGY,Active,Madhya Pradesh,Bhopal,Bhopal,"SUKHI SEWANIYA,VILLAGE GADMUDA,BHOPAL-SANCHI ROAD,",452493,23.248519,77.420049,Private-Self Financing,"Rajiv Gandhi Proudyogiki Vishwavidyalaya, Bhopal",Approved,Approved,A,No,,Tier 3,http://www.surabhi.ac.in,info@surabhi.ac.in,admissions@surabhi.ac.in,placement@surabhi.ac.in,+91-80-361-5151,Electrical & Electronics Engineering (EEE),B.Tech,30,360,2002,Urban,Yes,Yes
1-44641342920,1-44641342920,U-0441,SURABHI COLLEGE OF ENGINEERING AND TECHNOLOGY,Active,Madhya Pradesh,Bhopal,Bhopal,"SUKHI SEWANIYA,VILLAGE GADMUDA,BHOPAL-SANCHI ROAD,",452493,23.248519,77.420049,Private-Self Financing,"Rajiv Gandhi Proudyogiki Vishwavidyalaya, Bhopal",Approved,Approved,A,No,,Tier 3,http://www.surabhi.ac.in,info@surabhi.ac.in,admissions@surabhi.ac.in,placement@surabhi.ac.in,+91-80-361-5151,Computer Science Engineering (CSE),B.Tech,120,360,2002,Urban,Yes,Yes
1-44641342920,1-44641342920,U-0441,SURABHI COLLEGE OF ENGINEERING AND TECHNOLOGY,Active,Madhya Pradesh,Bhopal,Bhopal,"SUKHI SEWANIYA,VILLAGE GADMUDA,BHOPAL-SANCHI ROAD,",452493,23.248519,77.420049,Private-Self Financing,"Rajiv Gandhi Proudyogiki Vishwavidyalaya, Bhopal",Approved,Approved,A,No,,Tier 3,http://www.surabhi.ac.in,info@surabhi.ac.in,admissions@surabhi.ac.in,placement@surabhi.ac.in,+91-80-361-5151,Mechanical Engineering,B.Tech,30,360,2002,Urban,Yes,Yes
1-44641342920,1-44641342920,U-0441,SURABHI COLLEGE OF ENGINEERING AND TECHNOLOGY,Active,Madhya Pradesh,Bhopal,Bhopal,"SUKHI SEWANIYA,VILLAGE GADMUDA,BHOPAL-SANCHI ROAD,",452493,23.248519,77.420049,Private-Self Financing,"Rajiv Gandhi Proudyogiki Vishwavidyalaya, Bhopal",Approved,Approved,A,No,,Tier 3,http://www.surabhi.ac.in,info@surabhi.ac.in,admissions@surabhi.ac.in,placement@surabhi.ac.in,+91-80-361-5151,Civil Engineering,B.Tech,30,360,2002,Urban,Yes,Yes
1-44641342920,1-44641342920,U-0441,SURABHI COLLEGE OF ENGINEERING AND TECHNOLOGY,Active,Madhya Pradesh,Bhopal,Bhopal,"SUKHI SEWANIYA,VILLAGE GADMUDA,BHOPAL-SANCHI ROAD,",452493,23.248519,77.420049,Private-Self Financing,"Rajiv Gandhi Proudyogiki Vishwavidyalaya, Bhopal",Approved,Approved,A,No,,Tier 3,http://www.surabhi.ac.in,info@surabhi.ac.in,admissions@surabhi.ac.in,placement@surabhi.ac.in,+91-80-361-5151,Artificial Intelligence & Machine Learning (AI & ML),B.Tech,90,360,2002,Urban,Yes,Yes
1-44641342920,1-44641342920,U-0441,SURABHI COLLEGE OF ENGINEERING AND TECHNOLOGY,Active,Madhya Pradesh,Bhopal,Bhopal,"SUKHI SEWANIYA,VILLAGE GADMUDA,BHOPAL-SANCHI ROAD,",452493,23.248519,77.420049,Private-Self Financing,"Rajiv Gandhi Proudyogiki Vishwavidyalaya, Bhopal",Approved,Approved,A,No,,Tier 3,http://www.surabhi.ac.in,info@surabhi.ac.in,admissions@surabhi.ac.in,placement@surabhi.ac.in,+91-80-361-5151,Data Science,B.Tech,60,360,2002,Urban,Yes,Yes
1-44641262638,1-44641262638,U-0441,BHOPAL INSTITUTE OF TECHNOLOGY & SCIENCE,Active,Madhya Pradesh,Bhopal,Bhopal,"BANGRASIA CHOURAHA, BHOJPUR ROAD, BHOPAL (M.P.)",452493,23.252693,77.399212,Private-Self Financing,"Rajiv Gandhi Proudyogiki Vishwavidyalaya, Bhopal",Approved,Approved,A+,No,,Tier 3,http://www.bhopalscience.ac.in,info@bhopalscience.ac.in,admissions@bhopalscience.ac.in,placement@bhopalscience.ac.in,+91-80-536-5802,Computer Science Engineering (CSE),B.Tech,90,414,2000,Rural,Yes,No
1-44641262638,1-44641262638,U-0441,BHOPAL INSTITUTE OF TECHNOLOGY & SCIENCE,Active,Madhya Pradesh,Bhopal,Bhopal,"BANGRASIA CHOURAHA, BHOJPUR ROAD, BHOPAL (M.P.)",452493,23.252693,77.399212,Private-Self Financing,"Rajiv Gandhi Proudyogiki Vishwavidyalaya, Bhopal",Approved,Approved,A+,No,,Tier 3,http://www.bhopalscience.ac.in,info@bhopalscience.ac.in,admissions@bhopalscience.ac.in,placement@bhopalscience.ac.in,+91-80-536-5802,Electronics & Communication Engineering (ECE),B.Tech,30,414,2000,Rural,Yes,No
1-44641262638,1-44641262638,U-0441,BHOPAL INSTITUTE OF TECHNOLOGY & SCIENCE,Active,Madhya Pradesh,Bhopal,Bhopal,"BANGRASIA CHOURAHA, BHOJPUR ROAD, BHOPAL (M.P.)",452493,23.252693,77.399212,Private-Self Financing,"Rajiv Gandhi Proudyogiki Vishwavidyalaya, Bhopal",Approved,Approved,A+,No,,Tier 3,http://www.bhopalscience.ac.in,info@bhopalscience.ac.in,admissions@bhopalscience.ac.in,placement@bhopalscience.ac.in,+91-80-536-5802,Electrical & Electronics Engineering (EEE),B.Tech,90,414,2000,Rural,Yes,No
1-44641262638,1-44641262638,U-0441,BHOPAL INSTITUTE OF TECHNOLOGY & SCIENCE,Active,Madhya Pradesh,Bhopal,Bhopal,"BANGRASIA CHOURAHA, BHOJPUR ROAD, BHOPAL (M.P.)",452493,23.252693,77.399212,Private-Self Financing,"Rajiv Gandhi Proudyogiki Vishwavidyalaya, Bhopal",Approved,Approved,A+,No,,Tier 3,http://www.bhopalscience.ac.in,info@bhopalscience.ac.in,admissions@bhopalscience.ac.in,placement@bhopalscience.ac.in,+91-80-536-5802,Mechanical Engineering,B.Tech,90,414,2000,Rural,Yes,No
1-44641262638,1-44641262638,U-0441,BHOPAL INSTITUTE OF TECHNOLOGY & SCIENCE,Active,Madhya Pradesh,Bhopal,Bhopal,"BANGRASIA CHOURAHA, BHOJPUR ROAD, BHOPAL (M.P.)",452493,23.252693,77.399212,Private-Self Financing,"Rajiv Gandhi Proudyogiki Vishwavidyalaya, Bhopal",Approved,Approved,A+,No,,Tier 3,http://www.bhopalscience.ac.in,info@bhopalscience.ac.in,admissions@bhopalscience.ac.in,placement@bhopalscience.ac.in,+91-80-536-5802,Other Engineering Branches,M.Tech,36,414,2000,Rural,Yes,No
1-44641262638,1-44641262638,U-0441,BHOPAL INSTITUTE OF TECHNOLOGY & SCIENCE,Active,Madhya Pradesh,Bhopal,Bhopal,"BANGRASIA CHOURAHA, BHOJPUR ROAD, BHOPAL (M.P.)",452493,23.252693,77.399212,Private-Self Financing,"Rajiv Gandhi Proudyogiki Vishwavidyalaya, Bhopal",Approved,Approved,A+,No,,Tier 3,http://www.bhopalscience.ac.in,info@bhopalscience.ac.in,admissions@bhopalscience.ac.in,placement@bhopalscience.ac.in,+91-80-536-5802,Computer Science Engineering (CSE),M.Tech,18,414,2000,Rural,Yes,No
1-44641262638,1-44641262638,U-0441,BHOPAL INSTITUTE OF TECHNOLOGY & SCIENCE,Active,Madhya Pradesh,Bhopal,Bhopal,"BANGRASIA CHOURAHA, BHOJPUR ROAD, BHOPAL (M.P.)",452493,23.252693,77.399212,Private-Self Financing,"Rajiv Gandhi Proudyogiki Vishwavidyalaya, Bhopal",Approved,Approved,A+,No,,Tier 3,http://www.bhopalscience.ac.in,info@bhopalscience.ac.in,admissions@bhopalscience.ac.in,placement@bhopalscience.ac.in,+91-80-536-5802,Civil Engineering,B.Tech,60,414,2000,Rural,Yes,No
1-44641344079,1-44641344079,U-0441,GOVERNMENT POLYTECHNIC COLLEGE JAWAD,Active,Madhya Pradesh,Neemuch,Neemuch,"GOVERNMENT POLYTECHNIC COLLEGE JAWAD, VILLAGE-MORKA, POST-SUWAKHEDA",452377,22.955328,78.637375,Government,"Rajiv Gandhi Proudyogiki Vishwavidyalaya, Bhopal",Approved,Approved,B,No,,Tier 3,http://www.jawad.ac.in,info@jawad.ac.in,admissions@jawad.ac.in,placement@jawad.ac.in,+91-80-080-8707,Electronics & Communication Engineering (ECE),Diploma,60,120,2005,Urban,No,Yes
1-44641344079,1-44641344079,U-0441,GOVERNMENT POLYTECHNIC COLLEGE JAWAD,Active,Madhya Pradesh,Neemuch,Neemuch,"GOVERNMENT POLYTECHNIC COLLEGE JAWAD, VILLAGE-MORKA, POST-SUWAKHEDA",452377,22.955328,78.637375,Government,"Rajiv Gandhi Proudyogiki Vishwavidyalaya, Bhopal",Approved,Approved,B,No,,Tier 3,http://www.jawad.ac.in,info@jawad.ac.in,admissions@jawad.ac.in,placement@jawad.ac.in,+91-80-080-8707,Mechanical Engineering,Diploma,60,120,2005,Urban,No,Yes
1-44641345616,1-44641345616,U-0441,GOVERNMENT POLYTECHNIC COLLEGE KATNI,Active,Madhya Pradesh,Katni,Katni,"CAMP-PRIMARY SCHOOL AND MANGLIK BHAVAN, NEAR TILAK COLLEGE, PREMNAGAR, KATNI",452842,22.976323,78.676839,Government,"Rajiv Gandhi Proudyogiki Vishwavidyalaya, Bhopal",Approved,Approved,B,No,,Tier 3,http://www.katni.ac.in,info@katni.ac.in,admissions@katni.ac.in,placement@katni.ac.in,+91-80-961-4591,Mechanical Engineering,Diploma,60,240,2005,Urban,Yes,Yes
1-44641345616,1-44641345616,U-0441,GOVERNMENT POLYTECHNIC COLLEGE KATNI,Active,Madhya Pradesh,Katni,Katni,"CAMP-PRIMARY SCHOOL AND MANGLIK BHAVAN, NEAR TILAK COLLEGE, PREMNAGAR, KATNI",452842,22.976323,78.676839,Government,"Rajiv Gandhi Proudyogiki Vishwavidyalaya, Bhopal",Approved,Approved,B,No,,Tier 3,http://www.katni.ac.in,info@katni.ac.in,admissions@katni.ac.in,placement@katni.ac.in,+91-80-961-4591,Computer Science Engineering (CSE),Diploma,60,240,2005,Urban,Yes,Yes
1-44641345616,1-44641345616,U-0441,GOVERNMENT POLYTECHNIC COLLEGE KATNI,Active,Madhya Pradesh,Katni,Katni,"CAMP-PRIMARY SCHOOL AND MANGLIK BHAVAN, NEAR TILAK COLLEGE, PREMNAGAR, KATNI",452842,22.976323,78.676839,Government,"Rajiv Gandhi Proudyogiki Vishwavidyalaya, Bhopal",Approved,Approved,B,No,,Tier 3,http://www.katni.ac.in,info@katni.ac.in,admissions@katni.ac.in,placement@katni.ac.in,+91-80-961-4591,Civil Engineering,Diploma,60,240,2005,Urban,Yes,Yes
1-44641345616,1-44641345616,U-0441,GOVERNMENT POLYTECHNIC COLLEGE KATNI,Active,Madhya Pradesh,Katni,Katni,"CAMP-PRIMARY SCHOOL AND MANGLIK BHAVAN, NEAR TILAK COLLEGE, PREMNAGAR, KATNI",452842,22.976323,78.676839,Government,"Rajiv Gandhi Proudyogiki Vishwavidyalaya, Bhopal",Approved,Approved,B,No,,Tier 3,http://www.katni.ac.in,info@katni.ac.in,admissions@katni.ac.in,placement@katni.ac.in,+91-80-961-4591,Electrical Engineering,Diploma,60,240,2005,Urban,Yes,Yes
1-44641011906,1-44641011906,U-0441,GOVT POLYTECHNIC NASRULLAGANJ,Active,Madhya Pradesh,Sehore,Sehore,"GOVT POLYTECHNIC COLLEGE, SEMALPANI ROAD , NASRULLAGANJ, SEHORE, M.P. -466331",466331,22.989375,78.673007,Government,"Rajiv Gandhi Proudyogiki Vishwavidyalaya, Bhopal",Approved,Approved,B,No,,Tier 3,http://www.govtnasrullaganj.ac.in,info@govtnasrullaganj.ac.in,admissions@govtnasrullaganj.ac.in,placement@govtnasrullaganj.ac.in,+91-80-508-9127,Electrical Engineering,Diploma,60,300,2008,Urban,Yes,Yes
1-44641011906,1-44641011906,U-0441,GOVT POLYTECHNIC NASRULLAGANJ,Active,Madhya Pradesh,Sehore,Sehore,"GOVT POLYTECHNIC COLLEGE, SEMALPANI ROAD , NASRULLAGANJ, SEHORE, M.P. -466331",466331,22.989375,78.673007,Government,"Rajiv Gandhi Proudyogiki Vishwavidyalaya, Bhopal",Approved,Approved,B,No,,Tier 3,http://www.govtnasrullaganj.ac.in,info@govtnasrullaganj.ac.in,admissions@govtnasrullaganj.ac.in,placement@govtnasrullaganj.ac.in,+91-80-508-9127,Electronics & Communication Engineering (ECE),Diploma,60,300,2008,Urban,Yes,Yes
1-44641011906,1-44641011906,U-0441,GOVT POLYTECHNIC NASRULLAGANJ,Active,Madhya Pradesh,Sehore,Sehore,"GOVT POLYTECHNIC COLLEGE, SEMALPANI ROAD , NASRULLAGANJ, SEHORE, M.P. -466331",466331,22.989375,78.673007,Government,"Rajiv Gandhi Proudyogiki Vishwavidyalaya, Bhopal",Approved,Approved,B,No,,Tier 3,http://www.govtnasrullaganj.ac.in,info@govtnasrullaganj.ac.in,admissions@govtnasrullaganj.ac.in,placement@govtnasrullaganj.ac.in,+91-80-508-9127,Civil Engineering,Diploma,60,300,2008,Urban,Yes,Yes
1-44641011906,1-44641011906,U-0441,GOVT POLYTECHNIC NASRULLAGANJ,Active,Madhya Pradesh,Sehore,Sehore,"GOVT POLYTECHNIC COLLEGE, SEMALPANI ROAD , NASRULLAGANJ, SEHORE, M.P. -466331",466331,22.989375,78.673007,Government,"Rajiv Gandhi Proudyogiki Vishwavidyalaya, Bhopal",Approved,Approved,B,No,,Tier 3,http://www.govtnasrullaganj.ac.in,info@govtnasrullaganj.ac.in,admissions@govtnasrullaganj.ac.in,placement@govtnasrullaganj.ac.in,+91-80-508-9127,Computer Science Engineering (CSE),Diploma,60,300,2008,Urban,Yes,Yes
1-44641011906,1-44641011906,U-0441,GOVT POLYTECHNIC NASRULLAGANJ,Active,Madhya Pradesh,Sehore,Sehore,"GOVT POLYTECHNIC COLLEGE, SEMALPANI ROAD , NASRULLAGANJ, SEHORE, M.P. -466331",466331,22.989375,78.673007,Government,"Rajiv Gandhi Proudyogiki Vishwavidyalaya, Bhopal",Approved,Approved,B,No,,Tier 3,http://www.govtnasrullaganj.ac.in,info@govtnasrullaganj.ac.in,admissions@govtnasrullaganj.ac.in,placement@govtnasrullaganj.ac.in,+91-80-508-9127,Other Engineering Branches,Diploma,60,300,2008,Urban,Yes,Yes
1-44641014149,1-44641014149,U-0441,ENGINEERING COLLEGE NOWGONG,Active,Madhya Pradesh,Chhatarpur,Chhatarpur,"NH-75, JHANSI ROAD, NOWGONG, CHHATARPUR,MP",452807,22.970674,78.669973,Government,"Rajiv Gandhi Proudyogiki Vishwavidyalaya, Bhopal",Approved,Approved,B,No,,Tier 3,http://www.nowgong.ac.in,info@nowgong.ac.in,admissions@nowgong.ac.in,placement@nowgong.ac.in,+91-80-724-5523,Civil Engineering,B.Tech,60,300,1985,Rural,No,Yes
1-44641014149,1-44641014149,U-0441,ENGINEERING COLLEGE NOWGONG,Active,Madhya Pradesh,Chhatarpur,Chhatarpur,"NH-75, JHANSI ROAD, NOWGONG, CHHATARPUR,MP",452807,22.970674,78.669973,Government,"Rajiv Gandhi Proudyogiki Vishwavidyalaya, Bhopal",Approved,Approved,B,No,,Tier 3,http://www.nowgong.ac.in,info@nowgong.ac.in,admissions@nowgong.ac.in,placement@nowgong.ac.in,+91-80-724-5523,Mechanical Engineering,B.Tech,60,300,1985,Rural,No,Yes
1-44641014149,1-44641014149,U-0441,ENGINEERING COLLEGE NOWGONG,Active,Madhya Pradesh,Chhatarpur,Chhatarpur,"NH-75, JHANSI ROAD, NOWGONG, CHHATARPUR,MP",452807,22.970674,78.669973,Government,"Rajiv Gandhi Proudyogiki Vishwavidyalaya, Bhopal",Approved,Approved,B,No,,Tier 3,http://www.nowgong.ac.in,info@nowgong.ac.in,admissions@nowgong.ac.in,placement@nowgong.ac.in,+91-80-724-5523,Electrical Engineering,B.Tech,60,300,1985,Rural,No,Yes
1-44641014149,1-44641014149,U-0441,ENGINEERING COLLEGE NOWGONG,Active,Madhya Pradesh,Chhatarpur,Chhatarpur,"NH-75, JHANSI ROAD, NOWGONG, CHHATARPUR,MP",452807,22.970674,78.669973,Government,"Rajiv Gandhi Proudyogiki Vishwavidyalaya, Bhopal",Approved,Approved,B,No,,Tier 3,http://www.nowgong.ac.in,info@nowgong.ac.in,admissions@nowgong.ac.in,placement@nowgong.ac.in,+91-80-724-5523,Computer Science Engineering (CSE),B.Tech,60,300,1985,Rural,No,Yes
1-44641014149,1-44641014149,U-0441,ENGINEERING COLLEGE NOWGONG,Active,Madhya Pradesh,Chhatarpur,Chhatarpur,"NH-75, JHANSI ROAD, NOWGONG, CHHATARPUR,MP",452807,22.970674,78.669973,Government,"Rajiv Gandhi Proudyogiki Vishwavidyalaya, Bhopal",Approved,Approved,B,No,,Tier 3,http://www.nowgong.ac.in,info@nowgong.ac.in,admissions@nowgong.ac.in,placement@nowgong.ac.in,+91-80-724-5523,Other Engineering Branches,B.Tech,60,300,1985,Rural,No,Yes
1-44641015305,1-44641015305,U-0441,SHRI YOGINDRA SAGAR INSTITUTE OF TECHNOLOGY & SCIENCE,Active,Madhya Pradesh,Ratlam,Ratlam,"CAMPUS, MHOW - NEEMUCH ROAD, DHARAD,  RATLAM (M.P.) 457441",457441,22.958083,78.667673,Private-Self Financing,"Rajiv Gandhi Proudyogiki Vishwavidyalaya, Bhopal",Approved,Approved,A+,Yes,,Tier 2,http://www.shriyogindrasagar.ac.in,info@shriyogindrasagar.ac.in,admissions@shriyogindrasagar.ac.in,placement@shriyogindrasagar.ac.in,+91-80-196-4228,Civil Engineering,B.Tech,30,210,1986,Rural,Yes,Yes
1-44641015305,1-44641015305,U-0441,SHRI YOGINDRA SAGAR INSTITUTE OF TECHNOLOGY & SCIENCE,Active,Madhya Pradesh,Ratlam,Ratlam,"CAMPUS, MHOW - NEEMUCH ROAD, DHARAD,  RATLAM (M.P.) 457441",457441,22.958083,78.667673,Private-Self Financing,"Rajiv Gandhi Proudyogiki Vishwavidyalaya, Bhopal",Approved,Approved,A+,Yes,,Tier 2,http://www.shriyogindrasagar.ac.in,info@shriyogindrasagar.ac.in,admissions@shriyogindrasagar.ac.in,placement@shriyogindrasagar.ac.in,+91-80-196-4228,Computer Science Engineering (CSE),B.Tech,60,210,1986,Rural,Yes,Yes
1-44641015305,1-44641015305,U-0441,SHRI YOGINDRA SAGAR INSTITUTE OF TECHNOLOGY & SCIENCE,Active,Madhya Pradesh,Ratlam,Ratlam,"CAMPUS, MHOW - NEEMUCH ROAD, DHARAD,  RATLAM (M.P.) 457441",457441,22.958083,78.667673,Private-Self Financing,"Rajiv Gandhi Proudyogiki Vishwavidyalaya, Bhopal",Approved,Approved,A+,Yes,,Tier 2,http://www.shriyogindrasagar.ac.in,info@shriyogindrasagar.ac.in,admissions@shriyogindrasagar.ac.in,placement@shriyogindrasagar.ac.in,+91-80-196-4228,Electrical Engineering,B.Tech,30,210,1986,Rural,Yes,Yes
1-44641015305,1-44641015305,U-0441,SHRI YOGINDRA SAGAR INSTITUTE OF TECHNOLOGY & SCIENCE,Active,Madhya Pradesh,Ratlam,Ratlam,"CAMPUS, MHOW - NEEMUCH ROAD, DHARAD,  RATLAM (M.P.) 457441",457441,22.958083,78.667673,Private-Self Financing,"Rajiv Gandhi Proudyogiki Vishwavidyalaya, Bhopal",Approved,Approved,A+,Yes,,Tier 2,http://www.shriyogindrasagar.ac.in,info@shriyogindrasagar.ac.in,admissions@shriyogindrasagar.ac.in,placement@shriyogindrasagar.ac.in,+91-80-196-4228,Electronics & Communication Engineering (ECE),B.Tech,30,210,1986,Rural,Yes,Yes
1-44641015305,1-44641015305,U-0441,SHRI YOGINDRA SAGAR INSTITUTE OF TECHNOLOGY & SCIENCE,Active,Madhya Pradesh,Ratlam,Ratlam,"CAMPUS, MHOW - NEEMUCH ROAD, DHARAD,  RATLAM (M.P.) 457441",457441,22.958083,78.667673,Private-Self Financing,"Rajiv Gandhi Proudyogiki Vishwavidyalaya, Bhopal",Approved,Approved,A+,Yes,,Tier 2,http://www.shriyogindrasagar.ac.in,info@shriyogindrasagar.ac.in,admissions@shriyogindrasagar.ac.in,placement@shriyogindrasagar.ac.in,+91-80-196-4228,Information Technology (IT),B.Tech,30,210,1986,Rural,Yes,Yes
1-44641015305,1-44641015305,U-0441,SHRI YOGINDRA SAGAR INSTITUTE OF TECHNOLOGY & SCIENCE,Active,Madhya Pradesh,Ratlam,Ratlam,"CAMPUS, MHOW - NEEMUCH ROAD, DHARAD,  RATLAM (M.P.) 457441",457441,22.958083,78.667673,Private-Self Financing,"Rajiv Gandhi Proudyogiki Vishwavidyalaya, Bhopal",Approved,Approved,A+,Yes,,Tier 2,http://www.shriyogindrasagar.ac.in,info@shriyogindrasagar.ac.in,admissions@shriyogindrasagar.ac.in,placement@shriyogindrasagar.ac.in,+91-80-196-4228,Mechanical Engineering,B.Tech,30,210,1986,Rural,Yes,Yes
1-44641477618,1-44641477618,U-0232,"SCHOOL OF ENERGY & ENVIRONMENTAL STUDIES, DEVI AHILYA VISHWAVIDAYALA",Active,Madhya Pradesh,Indore,Indore,"TAKSHASHILA CAMPUS, KHANDWA ROAD INDORE (MP)-452001",452001,22.720864,75.846607,Government,"Devi Ahilya Vishwavidyalaya, Indore",Approved,Approved,A,No,,Tier 2,http://www.schoolenergyenvironmental.ac.in,info@schoolenergyenvironmental.ac.in,admissions@schoolenergyenvironmental.ac.in,placement@schoolenergyenvironmental.ac.in,+91-80-891-8585,Other Engineering Branches,M.Tech,18,18,2007,Rural,Yes,Yes
1-44640882905,1-44640882905,U-0441,GOVERNMENT POLYTECHNIC COLLEGE BETUL,Active,Madhya Pradesh,Betul,Betul,SONAGHATI,452309,22.976607,78.655031,Government,"Rajiv Gandhi Proudyogiki Vishwavidyalaya, Bhopal",Approved,Approved,A+,Yes,,Tier 2,http://www.betul.ac.in,info@betul.ac.in,admissions@betul.ac.in,placement@betul.ac.in,+91-80-973-3492,Mechanical Engineering,Diploma,60,240,1991,Urban,Yes,Yes
1-44640882905,1-44640882905,U-0441,GOVERNMENT POLYTECHNIC COLLEGE BETUL,Active,Madhya Pradesh,Betul,Betul,SONAGHATI,452309,22.976607,78.655031,Government,"Rajiv Gandhi Proudyogiki Vishwavidyalaya, Bhopal",Approved,Approved,A+,Yes,,Tier 2,http://www.betul.ac.in,info@betul.ac.in,admissions@betul.ac.in,placement@betul.ac.in,+91-80-973-3492,Electrical Engineering,Diploma,60,240,1991,Urban,Yes,Yes
1-44640882905,1-44640882905,U-0441,GOVERNMENT POLYTECHNIC COLLEGE BETUL,Active,Madhya Pradesh,Betul,Betul,SONAGHATI,452309,22.976607,78.655031,Government,"Rajiv Gandhi Proudyogiki Vishwavidyalaya, Bhopal",Approved,Approved,A+,Yes,,Tier 2,http://www.betul.ac.in,info@betul.ac.in,admissions@betul.ac.in,placement@betul.ac.in,+91-80-973-3492,Electronics & Communication Engineering (ECE),Diploma,60,240,1991,Urban,Yes,Yes
1-44640882905,1-44640882905,U-0441,GOVERNMENT POLYTECHNIC COLLEGE BETUL,Active,Madhya Pradesh,Betul,Betul,SONAGHATI,452309,22.976607,78.655031,Government,"Rajiv Gandhi Proudyogiki Vishwavidyalaya, Bhopal",Approved,Approved,A+,Yes,,Tier 2,http://www.betul.ac.in,info@betul.ac.in,admissions@betul.ac.in,placement@betul.ac.in,+91-80-973-3492,Computer Science Engineering (CSE),Diploma,60,240,1991,Urban,Yes,Yes
1-44641187333,1-44641187333,U-0992,ITM UNIVERSITY - GWALIOR (SCHOOL OF ENGINEERING & TECHNOLOGY),Active,Madhya Pradesh,Gwalior,Gwalior,"ITM UNIVERSITY CAMPUS, NH-75, JHANSI ROAD,",452896,26.207228,78.179039,State Private University,NOT APPLICABLE,Approved,Approved,Not Accredited,No,,Tier 3,http://www.itmgwaliorschool.ac.in,info@itmgwaliorschool.ac.in,admissions@itmgwaliorschool.ac.in,placement@itmgwaliorschool.ac.in,+91-80-374-4871,Other Engineering Branches,M.Tech,45,624,1991,Urban,Yes,No
1-44641187333,1-44641187333,U-0992,ITM UNIVERSITY - GWALIOR (SCHOOL OF ENGINEERING & TECHNOLOGY),Active,Madhya Pradesh,Gwalior,Gwalior,"ITM UNIVERSITY CAMPUS, NH-75, JHANSI ROAD,",452896,26.207228,78.179039,State Private University,NOT APPLICABLE,Approved,Approved,Not Accredited,No,,Tier 3,http://www.itmgwaliorschool.ac.in,info@itmgwaliorschool.ac.in,admissions@itmgwaliorschool.ac.in,placement@itmgwaliorschool.ac.in,+91-80-374-4871,Mechanical Engineering,B.Tech,30,624,1991,Urban,Yes,No
1-44641187333,1-44641187333,U-0992,ITM UNIVERSITY - GWALIOR (SCHOOL OF ENGINEERING & TECHNOLOGY),Active,Madhya Pradesh,Gwalior,Gwalior,"ITM UNIVERSITY CAMPUS, NH-75, JHANSI ROAD,",452896,26.207228,78.179039,State Private University,NOT APPLICABLE,Approved,Approved,Not Accredited,No,,Tier 3,http://www.itmgwaliorschool.ac.in,info@itmgwaliorschool.ac.in,admissions@itmgwaliorschool.ac.in,placement@itmgwaliorschool.ac.in,+91-80-374-4871,Civil Engineering,B.Tech,30,624,1991,Urban,Yes,No
1-44641187333,1-44641187333,U-0992,ITM UNIVERSITY - GWALIOR (SCHOOL OF ENGINEERING & TECHNOLOGY),Active,Madhya Pradesh,Gwalior,Gwalior,"ITM UNIVERSITY CAMPUS, NH-75, JHANSI ROAD,",452896,26.207228,78.179039,State Private University,NOT APPLICABLE,Approved,Approved,Not Accredited,No,,Tier 3,http://www.itmgwaliorschool.ac.in,info@itmgwaliorschool.ac.in,admissions@itmgwaliorschool.ac.in,placement@itmgwaliorschool.ac.in,+91-80-374-4871,Electronics & Communication Engineering (ECE),B.Tech,30,624,1991,Urban,Yes,No
1-44641187333,1-44641187333,U-0992,ITM UNIVERSITY - GWALIOR (SCHOOL OF ENGINEERING & TECHNOLOGY),Active,Madhya Pradesh,Gwalior,Gwalior,"ITM UNIVERSITY CAMPUS, NH-75, JHANSI ROAD,",452896,26.207228,78.179039,State Private University,NOT APPLICABLE,Approved,Approved,Not Accredited,No,,Tier 3,http://www.itmgwaliorschool.ac.in,info@itmgwaliorschool.ac.in,admissions@itmgwaliorschool.ac.in,placement@itmgwaliorschool.ac.in,+91-80-374-4871,Computer Science Engineering (CSE),B.Tech,300,624,1991,Urban,Yes,No
1-44641187333,1-44641187333,U-0992,ITM UNIVERSITY - GWALIOR (SCHOOL OF ENGINEERING & TECHNOLOGY),Active,Madhya Pradesh,Gwalior,Gwalior,"ITM UNIVERSITY CAMPUS, NH-75, JHANSI ROAD,",452896,26.207228,78.179039,State Private University,NOT APPLICABLE,Approved,Approved,Not Accredited,No,,Tier 3,http://www.itmgwaliorschool.ac.in,info@itmgwaliorschool.ac.in,admissions@itmgwaliorschool.ac.in,placement@itmgwaliorschool.ac.in,+91-80-374-4871,Computer Science Engineering (CSE),M.Tech,9,624,1991,Urban,Yes,No
1-44641187333,1-44641187333,U-0992,ITM UNIVERSITY - GWALIOR (SCHOOL OF ENGINEERING & TECHNOLOGY),Active,Madhya Pradesh,Gwalior,Gwalior,"ITM UNIVERSITY CAMPUS, NH-75, JHANSI ROAD,",452896,26.207228,78.179039,State Private University,NOT APPLICABLE,Approved,Approved,Not Accredited,No,,Tier 3,http://www.itmgwaliorschool.ac.in,info@itmgwaliorschool.ac.in,admissions@itmgwaliorschool.ac.in,placement@itmgwaliorschool.ac.in,+91-80-374-4871,Artificial Intelligence & Machine Learning (AI & ML),B.Tech,120,624,1991,Urban,Yes,No
1-44641187333,1-44641187333,U-0992,ITM UNIVERSITY - GWALIOR (SCHOOL OF ENGINEERING & TECHNOLOGY),Active,Madhya Pradesh,Gwalior,Gwalior,"ITM UNIVERSITY CAMPUS, NH-75, JHANSI ROAD,",452896,26.207228,78.179039,State Private University,NOT APPLICABLE,Approved,Approved,Not Accredited,No,,Tier 3,http://www.itmgwaliorschool.ac.in,info@itmgwaliorschool.ac.in,admissions@itmgwaliorschool.ac.in,placement@itmgwaliorschool.ac.in,+91-80-374-4871,Data Science,B.Tech,30,624,1991,Urban,Yes,No
1-44641187333,1-44641187333,U-0992,ITM UNIVERSITY - GWALIOR (SCHOOL OF ENGINEERING & TECHNOLOGY),Active,Madhya Pradesh,Gwalior,Gwalior,"ITM UNIVERSITY CAMPUS, NH-75, JHANSI ROAD,",452896,26.207228,78.179039,State Private University,NOT APPLICABLE,Approved,Approved,Not Accredited,No,,Tier 3,http://www.itmgwaliorschool.ac.in,info@itmgwaliorschool.ac.in,admissions@itmgwaliorschool.ac.in,placement@itmgwaliorschool.ac.in,+91-80-374-4871,Electrical Engineering,B.Tech,30,624,1991,Urban,Yes,No
1-44641350693,1-44641350693,U-0441,"GOVERNMENT POLYTECHNIC COLLEGE,RAISEN",Active,Madhya Pradesh,Raisen,Raisen,"C/O RAJIV GANDHI MAHAVIDHYALAYASANCHI ROAD,RAISEN(MP)",452808,22.980865,78.665059,Government,"Rajiv Gandhi Proudyogiki Vishwavidyalaya, Bhopal",Approved,Approved,A+,Yes,,Tier 2,http://www.collegeraisen.ac.in,info@collegeraisen.ac.in,admissions@collegeraisen.ac.in,placement@collegeraisen.ac.in,+91-80-151-9668,Civil Engineering,Diploma,60,210,1997,Rural,Yes,Yes
1-44641350693,1-44641350693,U-0441,"GOVERNMENT POLYTECHNIC COLLEGE,RAISEN",Active,Madhya Pradesh,Raisen,Raisen,"C/O RAJIV GANDHI MAHAVIDHYALAYASANCHI ROAD,RAISEN(MP)",452808,22.980865,78.665059,Government,"Rajiv Gandhi Proudyogiki Vishwavidyalaya, Bhopal",Approved,Approved,A+,Yes,,Tier 2,http://www.collegeraisen.ac.in,info@collegeraisen.ac.in,admissions@collegeraisen.ac.in,placement@collegeraisen.ac.in,+91-80-151-9668,Electronics & Communication Engineering (ECE),Diploma,30,210,1997,Rural,Yes,Yes
1-44641350693,1-44641350693,U-0441,"GOVERNMENT POLYTECHNIC COLLEGE,RAISEN",Active,Madhya Pradesh,Raisen,Raisen,"C/O RAJIV GANDHI MAHAVIDHYALAYASANCHI ROAD,RAISEN(MP)",452808,22.980865,78.665059,Government,"Rajiv Gandhi Proudyogiki Vishwavidyalaya, Bhopal",Approved,Approved,A+,Yes,,Tier 2,http://www.collegeraisen.ac.in,info@collegeraisen.ac.in,admissions@collegeraisen.ac.in,placement@collegeraisen.ac.in,+91-80-151-9668,Mechanical Engineering,Diploma,60,210,1997,Rural,Yes,Yes
1-44641350693,1-44641350693,U-0441,"GOVERNMENT POLYTECHNIC COLLEGE,RAISEN",Active,Madhya Pradesh,Raisen,Raisen,"C/O RAJIV GANDHI MAHAVIDHYALAYASANCHI ROAD,RAISEN(MP)",452808,22.980865,78.665059,Government,"Rajiv Gandhi Proudyogiki Vishwavidyalaya, Bhopal",Approved,Approved,A+,Yes,,Tier 2,http://www.collegeraisen.ac.in,info@collegeraisen.ac.in,admissions@collegeraisen.ac.in,placement@collegeraisen.ac.in,+91-80-151-9668,Electrical Engineering,Diploma,60,210,1997,Rural,Yes,Yes
1-44641274117,1-44641274117,U-0441,GOVT. POLYTECHNIC COLLEGE PANNA,Active,Madhya Pradesh,Panna,Panna,CIVIL LINE PANNA,452294,22.966266,78.656583,Government,"Rajiv Gandhi Proudyogiki Vishwavidyalaya, Bhopal",Approved,Approved,A,No,,Tier 2,http://www.govtpanna.ac.in,info@govtpanna.ac.in,admissions@govtpanna.ac.in,placement@govtpanna.ac.in,+91-80-539-6605,Other Engineering Branches,Diploma,60,240,2007,Urban,Yes,Yes
1-44641274117,1-44641274117,U-0441,GOVT. POLYTECHNIC COLLEGE PANNA,Active,Madhya Pradesh,Panna,Panna,CIVIL LINE PANNA,452294,22.966266,78.656583,Government,"Rajiv Gandhi Proudyogiki Vishwavidyalaya, Bhopal",Approved,Approved,A,No,,Tier 2,http://www.govtpanna.ac.in,info@govtpanna.ac.in,admissions@govtpanna.ac.in,placement@govtpanna.ac.in,+91-80-539-6605,Computer Science Engineering (CSE),Diploma,60,240,2007,Urban,Yes,Yes
1-44641274117,1-44641274117,U-0441,GOVT. POLYTECHNIC COLLEGE PANNA,Active,Madhya Pradesh,Panna,Panna,CIVIL LINE PANNA,452294,22.966266,78.656583,Government,"Rajiv Gandhi Proudyogiki Vishwavidyalaya, Bhopal",Approved,Approved,A,No,,Tier 2,http://www.govtpanna.ac.in,info@govtpanna.ac.in,admissions@govtpanna.ac.in,placement@govtpanna.ac.in,+91-80-539-6605,Civil Engineering,Diploma,60,240,2007,Urban,Yes,Yes
1-44641274117,1-44641274117,U-0441,GOVT. POLYTECHNIC COLLEGE PANNA,Active,Madhya Pradesh,Panna,Panna,CIVIL LINE PANNA,452294,22.966266,78.656583,Government,"Rajiv Gandhi Proudyogiki Vishwavidyalaya, Bhopal",Approved,Approved,A,No,,Tier 2,http://www.govtpanna.ac.in,info@govtpanna.ac.in,admissions@govtpanna.ac.in,placement@govtpanna.ac.in,+91-80-539-6605,Mechanical Engineering,Diploma,60,240,2007,Urban,Yes,Yes
1-44641026303,1-44641026303,U-0441,GOVT. POLYTECHNIC COLLEGE HOSHANGABAD(MP),Active,Madhya Pradesh,Hoshangabad,Hoshangabad,NEAR ITI ITARSI ROAD,452619,22.992243,78.638946,Government,"Rajiv Gandhi Proudyogiki Vishwavidyalaya, Bhopal",Approved,Approved,A,No,,Tier 2,http://www.govthoshangabadmp.ac.in,info@govthoshangabadmp.ac.in,admissions@govthoshangabadmp.ac.in,placement@govthoshangabadmp.ac.in,+91-80-629-1597,Other Engineering Branches,Diploma,60,300,2001,Urban,No,Yes
1-44641026303,1-44641026303,U-0441,GOVT. POLYTECHNIC COLLEGE HOSHANGABAD(MP),Active,Madhya Pradesh,Hoshangabad,Hoshangabad,NEAR ITI ITARSI ROAD,452619,22.992243,78.638946,Government,"Rajiv Gandhi Proudyogiki Vishwavidyalaya, Bhopal",Approved,Approved,A,No,,Tier 2,http://www.govthoshangabadmp.ac.in,info@govthoshangabadmp.ac.in,admissions@govthoshangabadmp.ac.in,placement@govthoshangabadmp.ac.in,+91-80-629-1597,Computer Science Engineering (CSE),Diploma,60,300,2001,Urban,No,Yes
1-44641026303,1-44641026303,U-0441,GOVT. POLYTECHNIC COLLEGE HOSHANGABAD(MP),Active,Madhya Pradesh,Hoshangabad,Hoshangabad,NEAR ITI ITARSI ROAD,452619,22.992243,78.638946,Government,"Rajiv Gandhi Proudyogiki Vishwavidyalaya, Bhopal",Approved,Approved,A,No,,Tier 2,http://www.govthoshangabadmp.ac.in,info@govthoshangabadmp.ac.in,admissions@govthoshangabadmp.ac.in,placement@govthoshangabadmp.ac.in,+91-80-629-1597,Mechanical Engineering,Diploma,60,300,2001,Urban,No,Yes
1-44641026303,1-44641026303,U-0441,GOVT. POLYTECHNIC COLLEGE HOSHANGABAD(MP),Active,Madhya Pradesh,Hoshangabad,Hoshangabad,NEAR ITI ITARSI ROAD,452619,22.992243,78.638946,Government,"Rajiv Gandhi Proudyogiki Vishwavidyalaya, Bhopal",Approved,Approved,A,No,,Tier 2,http://www.govthoshangabadmp.ac.in,info@govthoshangabadmp.ac.in,admissions@govthoshangabadmp.ac.in,placement@govthoshangabadmp.ac.in,+91-80-629-1597,Civil Engineering,Diploma,60,300,2001,Urban,No,Yes
1-44641026303,1-44641026303,U-0441,GOVT. POLYTECHNIC COLLEGE HOSHANGABAD(MP),Active,Madhya Pradesh,Hoshangabad,Hoshangabad,NEAR ITI ITARSI ROAD,452619,22.992243,78.638946,Government,"Rajiv Gandhi Proudyogiki Vishwavidyalaya, Bhopal",Approved,Approved,A,No,,Tier 2,http://www.govthoshangabadmp.ac.in,info@govthoshangabadmp.ac.in,admissions@govthoshangabadmp.ac.in,placement@govthoshangabadmp.ac.in,+91-80-629-1597,Electrical Engineering,Diploma,60,300,2001,Urban,No,Yes
1-44641068054,1-44641068054,U-0441,GOVT. POLYTECHNIC COLLEGE SHIVPURI,Active,Madhya Pradesh,Shivpuri,Shivpuri,"GOVT. POLYTECHNIC COLLEGE, CHHATRI ROAD, SHIVPURI",452851,22.966715,78.651226,Government,"Rajiv Gandhi Proudyogiki Vishwavidyalaya, Bhopal",Approved,Approved,B,No,,Tier 3,http://www.govtshivpuri.ac.in,info@govtshivpuri.ac.in,admissions@govtshivpuri.ac.in,placement@govtshivpuri.ac.in,+91-80-558-4731,Computer Science Engineering (CSE),Diploma,60,240,2010,Urban,Yes,No
1-44641068054,1-44641068054,U-0441,GOVT. POLYTECHNIC COLLEGE SHIVPURI,Active,Madhya Pradesh,Shivpuri,Shivpuri,"GOVT. POLYTECHNIC COLLEGE, CHHATRI ROAD, SHIVPURI",452851,22.966715,78.651226,Government,"Rajiv Gandhi Proudyogiki Vishwavidyalaya, Bhopal",Approved,Approved,B,No,,Tier 3,http://www.govtshivpuri.ac.in,info@govtshivpuri.ac.in,admissions@govtshivpuri.ac.in,placement@govtshivpuri.ac.in,+91-80-558-4731,Electronics & Communication Engineering (ECE),Diploma,60,240,2010,Urban,Yes,No
1-44641068054,1-44641068054,U-0441,GOVT. POLYTECHNIC COLLEGE SHIVPURI,Active,Madhya Pradesh,Shivpuri,Shivpuri,"GOVT. POLYTECHNIC COLLEGE, CHHATRI ROAD, SHIVPURI",452851,22.966715,78.651226,Government,"Rajiv Gandhi Proudyogiki Vishwavidyalaya, Bhopal",Approved,Approved,B,No,,Tier 3,http://www.govtshivpuri.ac.in,info@govtshivpuri.ac.in,admissions@govtshivpuri.ac.in,placement@govtshivpuri.ac.in,+91-80-558-4731,Electrical Engineering,Diploma,60,240,2010,Urban,Yes,No
1-44641068054,1-44641068054,U-0441,GOVT. POLYTECHNIC COLLEGE SHIVPURI,Active,Madhya Pradesh,Shivpuri,Shivpuri,"GOVT. POLYTECHNIC COLLEGE, CHHATRI ROAD, SHIVPURI",452851,22.966715,78.651226,Government,"Rajiv Gandhi Proudyogiki Vishwavidyalaya, Bhopal",Approved,Approved,B,No,,Tier 3,http://www.govtshivpuri.ac.in,info@govtshivpuri.ac.in,admissions@govtshivpuri.ac.in,placement@govtshivpuri.ac.in,+91-80-558-4731,Mechanical Engineering,Diploma,60,240,2010,Urban,Yes,No
1-44641069179,1-44641069179,U-0441,GOVERNMENT POLYTECHNIC COLLEGE ASHOKNAGAR,Active,Madhya Pradesh,Ashok Nagar,Ashok Nagar,VIDISHA ROAD,452338,22.955841,78.641788,Government,"Rajiv Gandhi Proudyogiki Vishwavidyalaya, Bhopal",Approved,Approved,B,No,,Tier 3,http://www.ashoknagar.ac.in,info@ashoknagar.ac.in,admissions@ashoknagar.ac.in,placement@ashoknagar.ac.in,+91-80-102-4031,Electronics & Communication Engineering (ECE),Diploma,66,264,2015,Urban,Yes,Yes
1-44641069179,1-44641069179,U-0441,GOVERNMENT POLYTECHNIC COLLEGE ASHOKNAGAR,Active,Madhya Pradesh,Ashok Nagar,Ashok Nagar,VIDISHA ROAD,452338,22.955841,78.641788,Government,"Rajiv Gandhi Proudyogiki Vishwavidyalaya, Bhopal",Approved,Approved,B,No,,Tier 3,http://www.ashoknagar.ac.in,info@ashoknagar.ac.in,admissions@ashoknagar.ac.in,placement@ashoknagar.ac.in,+91-80-102-4031,Civil Engineering,Diploma,66,264,2015,Urban,Yes,Yes
1-44641069179,1-44641069179,U-0441,GOVERNMENT POLYTECHNIC COLLEGE ASHOKNAGAR,Active,Madhya Pradesh,Ashok Nagar,Ashok Nagar,VIDISHA ROAD,452338,22.955841,78.641788,Government,"Rajiv Gandhi Proudyogiki Vishwavidyalaya, Bhopal",Approved,Approved,B,No,,Tier 3,http://www.ashoknagar.ac.in,info@ashoknagar.ac.in,admissions@ashoknagar.ac.in,placement@ashoknagar.ac.in,+91-80-102-4031,Electrical Engineering,Diploma,66,264,2015,Urban,Yes,Yes
1-44641069179,1-44641069179,U-0441,GOVERNMENT POLYTECHNIC COLLEGE ASHOKNAGAR,Active,Madhya Pradesh,Ashok Nagar,Ashok Nagar,VIDISHA ROAD,452338,22.955841,78.641788,Government,"Rajiv Gandhi Proudyogiki Vishwavidyalaya, Bhopal",Approved,Approved,B,No,,Tier 3,http://www.ashoknagar.ac.in,info@ashoknagar.ac.in,admissions@ashoknagar.ac.in,placement@ashoknagar.ac.in,+91-80-102-4031,Mechanical Engineering,Diploma,66,264,2015,Urban,Yes,Yes
1-44641487202,1-44641487202,U-0764,DEPARTMENT OF TECHNICAL EDUCATION MAHAKAUSHAL UNIVERSITY,Active,Madhya Pradesh,Jabalpur,Jabalpur,"VILL AINTHAKHEDA, CHARGAWAN ROAD,POST-TILWARA, JABALPUR-482003",482003,22.164118,79.937824,Private-Self Financing,Mahakaushal University Jabalpur,Approved,Approved,B++,No,,Tier 3,http://www.departmenttechnicaleducation.ac.in,info@departmenttechnicaleducation.ac.in,admissions@departmenttechnicaleducation.ac.in,placement@departmenttechnicaleducation.ac.in,+91-80-340-4978,Mechanical Engineering,Diploma,60,420,1994,Urban,Yes,Yes
1-44641487202,1-44641487202,U-0764,DEPARTMENT OF TECHNICAL EDUCATION MAHAKAUSHAL UNIVERSITY,Active,Madhya Pradesh,Jabalpur,Jabalpur,"VILL AINTHAKHEDA, CHARGAWAN ROAD,POST-TILWARA, JABALPUR-482003",482003,22.164118,79.937824,Private-Self Financing,Mahakaushal University Jabalpur,Approved,Approved,B++,No,,Tier 3,http://www.departmenttechnicaleducation.ac.in,info@departmenttechnicaleducation.ac.in,admissions@departmenttechnicaleducation.ac.in,placement@departmenttechnicaleducation.ac.in,+91-80-340-4978,Civil Engineering,Diploma,60,420,1994,Urban,Yes,Yes
1-44641487202,1-44641487202,U-0764,DEPARTMENT OF TECHNICAL EDUCATION MAHAKAUSHAL UNIVERSITY,Active,Madhya Pradesh,Jabalpur,Jabalpur,"VILL AINTHAKHEDA, CHARGAWAN ROAD,POST-TILWARA, JABALPUR-482003",482003,22.164118,79.937824,Private-Self Financing,Mahakaushal University Jabalpur,Approved,Approved,B++,No,,Tier 3,http://www.departmenttechnicaleducation.ac.in,info@departmenttechnicaleducation.ac.in,admissions@departmenttechnicaleducation.ac.in,placement@departmenttechnicaleducation.ac.in,+91-80-340-4978,Mechanical Engineering,B.Tech,30,420,1994,Urban,Yes,Yes
1-44641487202,1-44641487202,U-0764,DEPARTMENT OF TECHNICAL EDUCATION MAHAKAUSHAL UNIVERSITY,Active,Madhya Pradesh,Jabalpur,Jabalpur,"VILL AINTHAKHEDA, CHARGAWAN ROAD,POST-TILWARA, JABALPUR-482003",482003,22.164118,79.937824,Private-Self Financing,Mahakaushal University Jabalpur,Approved,Approved,B++,No,,Tier 3,http://www.departmenttechnicaleducation.ac.in,info@departmenttechnicaleducation.ac.in,admissions@departmenttechnicaleducation.ac.in,placement@departmenttechnicaleducation.ac.in,+91-80-340-4978,Electronics & Communication Engineering (ECE),B.Tech,30,420,1994,Urban,Yes,Yes
1-44641487202,1-44641487202,U-0764,DEPARTMENT OF TECHNICAL EDUCATION MAHAKAUSHAL UNIVERSITY,Active,Madhya Pradesh,Jabalpur,Jabalpur,"VILL AINTHAKHEDA, CHARGAWAN ROAD,POST-TILWARA, JABALPUR-482003",482003,22.164118,79.937824,Private-Self Financing,Mahakaushal University Jabalpur,Approved,Approved,B++,No,,Tier 3,http://www.departmenttechnicaleducation.ac.in,info@departmenttechnicaleducation.ac.in,admissions@departmenttechnicaleducation.ac.in,placement@departmenttechnicaleducation.ac.in,+91-80-340-4978,Computer Science Engineering (CSE),B.Tech,30,420,1994,Urban,Yes,Yes
1-44641487202,1-44641487202,U-0764,DEPARTMENT OF TECHNICAL EDUCATION MAHAKAUSHAL UNIVERSITY,Active,Madhya Pradesh,Jabalpur,Jabalpur,"VILL AINTHAKHEDA, CHARGAWAN ROAD,POST-TILWARA, JABALPUR-482003",482003,22.164118,79.937824,Private-Self Financing,Mahakaushal University Jabalpur,Approved,Approved,B++,No,,Tier 3,http://www.departmenttechnicaleducation.ac.in,info@departmenttechnicaleducation.ac.in,admissions@departmenttechnicaleducation.ac.in,placement@departmenttechnicaleducation.ac.in,+91-80-340-4978,Information Technology (IT),B.Tech,30,420,1994,Urban,Yes,Yes
1-44641487202,1-44641487202,U-0764,DEPARTMENT OF TECHNICAL EDUCATION MAHAKAUSHAL UNIVERSITY,Active,Madhya Pradesh,Jabalpur,Jabalpur,"VILL AINTHAKHEDA, CHARGAWAN ROAD,POST-TILWARA, JABALPUR-482003",482003,22.164118,79.937824,Private-Self Financing,Mahakaushal University Jabalpur,Approved,Approved,B++,No,,Tier 3,http://www.departmenttechnicaleducation.ac.in,info@departmenttechnicaleducation.ac.in,admissions@departmenttechnicaleducation.ac.in,placement@departmenttechnicaleducation.ac.in,+91-80-340-4978,Civil Engineering,B.Tech,30,420,1994,Urban,Yes,Yes
1-44641487202,1-44641487202,U-0764,DEPARTMENT OF TECHNICAL EDUCATION MAHAKAUSHAL UNIVERSITY,Active,Madhya Pradesh,Jabalpur,Jabalpur,"VILL AINTHAKHEDA, CHARGAWAN ROAD,POST-TILWARA, JABALPUR-482003",482003,22.164118,79.937824,Private-Self Financing,Mahakaushal University Jabalpur,Approved,Approved,B++,No,,Tier 3,http://www.departmenttechnicaleducation.ac.in,info@departmenttechnicaleducation.ac.in,admissions@departmenttechnicaleducation.ac.in,placement@departmenttechnicaleducation.ac.in,+91-80-340-4978,Electronics & Communication Engineering (ECE),Diploma,60,420,1994,Urban,Yes,Yes
1-44641487202,1-44641487202,U-0764,DEPARTMENT OF TECHNICAL EDUCATION MAHAKAUSHAL UNIVERSITY,Active,Madhya Pradesh,Jabalpur,Jabalpur,"VILL AINTHAKHEDA, CHARGAWAN ROAD,POST-TILWARA, JABALPUR-482003",482003,22.164118,79.937824,Private-Self Financing,Mahakaushal University Jabalpur,Approved,Approved,B++,No,,Tier 3,http://www.departmenttechnicaleducation.ac.in,info@departmenttechnicaleducation.ac.in,admissions@departmenttechnicaleducation.ac.in,placement@departmenttechnicaleducation.ac.in,+91-80-340-4978,Electrical Engineering,Diploma,60,420,1994,Urban,Yes,Yes
1-44641487202,1-44641487202,U-0764,DEPARTMENT OF TECHNICAL EDUCATION MAHAKAUSHAL UNIVERSITY,Active,Madhya Pradesh,Jabalpur,Jabalpur,"VILL AINTHAKHEDA, CHARGAWAN ROAD,POST-TILWARA, JABALPUR-482003",482003,22.164118,79.937824,Private-Self Financing,Mahakaushal University Jabalpur,Approved,Approved,B++,No,,Tier 3,http://www.departmenttechnicaleducation.ac.in,info@departmenttechnicaleducation.ac.in,admissions@departmenttechnicaleducation.ac.in,placement@departmenttechnicaleducation.ac.in,+91-80-340-4978,Electrical Engineering,B.Tech,30,420,1994,Urban,Yes,Yes
1-44641152901,1-44641152901,U-0441,"GOVT. POLYTECHNIC COLLEGE, MANDSAUR",Active,Madhya Pradesh,Mandsaur,Mandsaur,"CAMP SHAHAR SCHOOL, COLLECTORATE",452470,22.976397,78.645026,Government,"Rajiv Gandhi Proudyogiki Vishwavidyalaya, Bhopal",Approved,Approved,A+,Yes,,Tier 2,http://www.govtmandsaur.ac.in,info@govtmandsaur.ac.in,admissions@govtmandsaur.ac.in,placement@govtmandsaur.ac.in,+91-80-964-5620,Electronics & Communication Engineering (ECE),Diploma,60,240,2012,Rural,Yes,Yes
1-44641152901,1-44641152901,U-0441,"GOVT. POLYTECHNIC COLLEGE, MANDSAUR",Active,Madhya Pradesh,Mandsaur,Mandsaur,"CAMP SHAHAR SCHOOL, COLLECTORATE",452470,22.976397,78.645026,Government,"Rajiv Gandhi Proudyogiki Vishwavidyalaya, Bhopal",Approved,Approved,A+,Yes,,Tier 2,http://www.govtmandsaur.ac.in,info@govtmandsaur.ac.in,admissions@govtmandsaur.ac.in,placement@govtmandsaur.ac.in,+91-80-964-5620,Computer Science Engineering (CSE),Diploma,60,240,2012,Rural,Yes,Yes
1-44641152901,1-44641152901,U-0441,"GOVT. POLYTECHNIC COLLEGE, MANDSAUR",Active,Madhya Pradesh,Mandsaur,Mandsaur,"CAMP SHAHAR SCHOOL, COLLECTORATE",452470,22.976397,78.645026,Government,"Rajiv Gandhi Proudyogiki Vishwavidyalaya, Bhopal",Approved,Approved,A+,Yes,,Tier 2,http://www.govtmandsaur.ac.in,info@govtmandsaur.ac.in,admissions@govtmandsaur.ac.in,placement@govtmandsaur.ac.in,+91-80-964-5620,Electrical Engineering,Diploma,60,240,2012,Rural,Yes,Yes
1-44641152901,1-44641152901,U-0441,"GOVT. POLYTECHNIC COLLEGE, MANDSAUR",Active,Madhya Pradesh,Mandsaur,Mandsaur,"CAMP SHAHAR SCHOOL, COLLECTORATE",452470,22.976397,78.645026,Government,"Rajiv Gandhi Proudyogiki Vishwavidyalaya, Bhopal",Approved,Approved,A+,Yes,,Tier 2,http://www.govtmandsaur.ac.in,info@govtmandsaur.ac.in,admissions@govtmandsaur.ac.in,placement@govtmandsaur.ac.in,+91-80-964-5620,Mechanical Engineering,Diploma,60,240,2012,Rural,Yes,Yes
1-44641235582,1-44641235582,U-0992,"UNIVERSITY INSTITUTE OF TECHNOLOGY, RGPV, BHOPAL",Active,Madhya Pradesh,Bhopal,Bhopal,"NARSINGHGARH BYPASS ROAD, GANDHI NAGAR BHOPAL",452493,23.254923,77.414896,State Government University,NOT APPLICABLE,Approved,Approved,A+,No,,Tier 3,http://www.rgpvbhopal.ac.in,info@rgpvbhopal.ac.in,admissions@rgpvbhopal.ac.in,placement@rgpvbhopal.ac.in,+91-80-630-1070,Civil Engineering,B.Tech,60,690,2013,Rural,Yes,Yes
1-44641235582,1-44641235582,U-0992,"UNIVERSITY INSTITUTE OF TECHNOLOGY, RGPV, BHOPAL",Active,Madhya Pradesh,Bhopal,Bhopal,"NARSINGHGARH BYPASS ROAD, GANDHI NAGAR BHOPAL",452493,23.254923,77.414896,State Government University,NOT APPLICABLE,Approved,Approved,A+,No,,Tier 3,http://www.rgpvbhopal.ac.in,info@rgpvbhopal.ac.in,admissions@rgpvbhopal.ac.in,placement@rgpvbhopal.ac.in,+91-80-630-1070,Electrical & Electronics Engineering (EEE),B.Tech,60,690,2013,Rural,Yes,Yes
1-44641235582,1-44641235582,U-0992,"UNIVERSITY INSTITUTE OF TECHNOLOGY, RGPV, BHOPAL",Active,Madhya Pradesh,Bhopal,Bhopal,"NARSINGHGARH BYPASS ROAD, GANDHI NAGAR BHOPAL",452493,23.254923,77.414896,State Government University,NOT APPLICABLE,Approved,Approved,A+,No,,Tier 3,http://www.rgpvbhopal.ac.in,info@rgpvbhopal.ac.in,admissions@rgpvbhopal.ac.in,placement@rgpvbhopal.ac.in,+91-80-630-1070,Information Technology (IT),B.Tech,60,690,2013,Rural,Yes,Yes
1-44641235582,1-44641235582,U-0992,"UNIVERSITY INSTITUTE OF TECHNOLOGY, RGPV, BHOPAL",Active,Madhya Pradesh,Bhopal,Bhopal,"NARSINGHGARH BYPASS ROAD, GANDHI NAGAR BHOPAL",452493,23.254923,77.414896,State Government University,NOT APPLICABLE,Approved,Approved,A+,No,,Tier 3,http://www.rgpvbhopal.ac.in,info@rgpvbhopal.ac.in,admissions@rgpvbhopal.ac.in,placement@rgpvbhopal.ac.in,+91-80-630-1070,Mechanical Engineering,B.Tech,60,690,2013,Rural,Yes,Yes
1-44641235582,1-44641235582,U-0992,"UNIVERSITY INSTITUTE OF TECHNOLOGY, RGPV, BHOPAL",Active,Madhya Pradesh,Bhopal,Bhopal,"NARSINGHGARH BYPASS ROAD, GANDHI NAGAR BHOPAL",452493,23.254923,77.414896,State Government University,NOT APPLICABLE,Approved,Approved,A+,No,,Tier 3,http://www.rgpvbhopal.ac.in,info@rgpvbhopal.ac.in,admissions@rgpvbhopal.ac.in,placement@rgpvbhopal.ac.in,+91-80-630-1070,Other Engineering Branches,M.Tech,54,690,2013,Rural,Yes,Yes
1-44641235582,1-44641235582,U-0992,"UNIVERSITY INSTITUTE OF TECHNOLOGY, RGPV, BHOPAL",Active,Madhya Pradesh,Bhopal,Bhopal,"NARSINGHGARH BYPASS ROAD, GANDHI NAGAR BHOPAL",452493,23.254923,77.414896,State Government University,NOT APPLICABLE,Approved,Approved,A+,No,,Tier 3,http://www.rgpvbhopal.ac.in,info@rgpvbhopal.ac.in,admissions@rgpvbhopal.ac.in,placement@rgpvbhopal.ac.in,+91-80-630-1070,Computer Science Engineering (CSE),B.Tech,120,690,2013,Rural,Yes,Yes
1-44641235582,1-44641235582,U-0992,"UNIVERSITY INSTITUTE OF TECHNOLOGY, RGPV, BHOPAL",Active,Madhya Pradesh,Bhopal,Bhopal,"NARSINGHGARH BYPASS ROAD, GANDHI NAGAR BHOPAL",452493,23.254923,77.414896,State Government University,NOT APPLICABLE,Approved,Approved,A+,No,,Tier 3,http://www.rgpvbhopal.ac.in,info@rgpvbhopal.ac.in,admissions@rgpvbhopal.ac.in,placement@rgpvbhopal.ac.in,+91-80-630-1070,Computer Science Engineering (CSE),M.Tech,18,690,2013,Rural,Yes,Yes
1-44641235582,1-44641235582,U-0992,"UNIVERSITY INSTITUTE OF TECHNOLOGY, RGPV, BHOPAL",Active,Madhya Pradesh,Bhopal,Bhopal,"NARSINGHGARH BYPASS ROAD, GANDHI NAGAR BHOPAL",452493,23.254923,77.414896,State Government University,NOT APPLICABLE,Approved,Approved,A+,No,,Tier 3,http://www.rgpvbhopal.ac.in,info@rgpvbhopal.ac.in,admissions@rgpvbhopal.ac.in,placement@rgpvbhopal.ac.in,+91-80-630-1070,Information Technology (IT),M.Tech,18,690,2013,Rural,Yes,Yes
1-44641235582,1-44641235582,U-0992,"UNIVERSITY INSTITUTE OF TECHNOLOGY, RGPV, BHOPAL",Active,Madhya Pradesh,Bhopal,Bhopal,"NARSINGHGARH BYPASS ROAD, GANDHI NAGAR BHOPAL",452493,23.254923,77.414896,State Government University,NOT APPLICABLE,Approved,Approved,A+,No,,Tier 3,http://www.rgpvbhopal.ac.in,info@rgpvbhopal.ac.in,admissions@rgpvbhopal.ac.in,placement@rgpvbhopal.ac.in,+91-80-630-1070,Electronics & Communication Engineering (ECE),B.Tech,120,690,2013,Rural,Yes,Yes
1-44641235582,1-44641235582,U-0992,"UNIVERSITY INSTITUTE OF TECHNOLOGY, RGPV, BHOPAL",Active,Madhya Pradesh,Bhopal,Bhopal,"NARSINGHGARH BYPASS ROAD, GANDHI NAGAR BHOPAL",452493,23.254923,77.414896,State Government University,NOT APPLICABLE,Approved,Approved,A+,No,,Tier 3,http://www.rgpvbhopal.ac.in,info@rgpvbhopal.ac.in,admissions@rgpvbhopal.ac.in,placement@rgpvbhopal.ac.in,+91-80-630-1070,Automobile Engineering,B.Tech,60,690,2013,Rural,Yes,Yes
1-44641235582,1-44641235582,U-0992,"UNIVERSITY INSTITUTE OF TECHNOLOGY, RGPV, BHOPAL",Active,Madhya Pradesh,Bhopal,Bhopal,"NARSINGHGARH BYPASS ROAD, GANDHI NAGAR BHOPAL",452493,23.254923,77.414896,State Government University,NOT APPLICABLE,Approved,Approved,A+,No,,Tier 3,http://www.rgpvbhopal.ac.in,info@rgpvbhopal.ac.in,admissions@rgpvbhopal.ac.in,placement@rgpvbhopal.ac.in,+91-80-630-1070,Chemical Engineering,B.Tech,60,690,2013,Rural,Yes,Yes
1-44641403033,1-44641403033,U-0441,"LAKSHMI NARAIN COLLEGE OF TECHNOLOGY, INDORE",Active,Madhya Pradesh,Indore,Indore,"VILLAGE BHAWRASALA, SANWER ROAD, INDORE (M.P.)",452012,22.717449,75.854654,Private-Self Financing,"Rajiv Gandhi Proudyogiki Vishwavidyalaya, Bhopal",Approved,Approved,B++,Yes,,Tier 3,http://www.lakshminarainindore.ac.in,info@lakshminarainindore.ac.in,admissions@lakshminarainindore.ac.in,placement@lakshminarainindore.ac.in,+91-80-748-6316,Computer Science Engineering (CSE),B.Tech,180,504,2001,Urban,Yes,Yes
1-44641403033,1-44641403033,U-0441,"LAKSHMI NARAIN COLLEGE OF TECHNOLOGY, INDORE",Active,Madhya Pradesh,Indore,Indore,"VILLAGE BHAWRASALA, SANWER ROAD, INDORE (M.P.)",452012,22.717449,75.854654,Private-Self Financing,"Rajiv Gandhi Proudyogiki Vishwavidyalaya, Bhopal",Approved,Approved,B++,Yes,,Tier 3,http://www.lakshminarainindore.ac.in,info@lakshminarainindore.ac.in,admissions@lakshminarainindore.ac.in,placement@lakshminarainindore.ac.in,+91-80-748-6316,Electronics & Communication Engineering (ECE),B.Tech,30,504,2001,Urban,Yes,Yes
1-44641403033,1-44641403033,U-0441,"LAKSHMI NARAIN COLLEGE OF TECHNOLOGY, INDORE",Active,Madhya Pradesh,Indore,Indore,"VILLAGE BHAWRASALA, SANWER ROAD, INDORE (M.P.)",452012,22.717449,75.854654,Private-Self Financing,"Rajiv Gandhi Proudyogiki Vishwavidyalaya, Bhopal",Approved,Approved,B++,Yes,,Tier 3,http://www.lakshminarainindore.ac.in,info@lakshminarainindore.ac.in,admissions@lakshminarainindore.ac.in,placement@lakshminarainindore.ac.in,+91-80-748-6316,Electrical & Electronics Engineering (EEE),B.Tech,30,504,2001,Urban,Yes,Yes
1-44641403033,1-44641403033,U-0441,"LAKSHMI NARAIN COLLEGE OF TECHNOLOGY, INDORE",Active,Madhya Pradesh,Indore,Indore,"VILLAGE BHAWRASALA, SANWER ROAD, INDORE (M.P.)",452012,22.717449,75.854654,Private-Self Financing,"Rajiv Gandhi Proudyogiki Vishwavidyalaya, Bhopal",Approved,Approved,B++,Yes,,Tier 3,http://www.lakshminarainindore.ac.in,info@lakshminarainindore.ac.in,admissions@lakshminarainindore.ac.in,placement@lakshminarainindore.ac.in,+91-80-748-6316,Mechanical Engineering,B.Tech,30,504,2001,Urban,Yes,Yes
1-44641403033,1-44641403033,U-0441,"LAKSHMI NARAIN COLLEGE OF TECHNOLOGY, INDORE",Active,Madhya Pradesh,Indore,Indore,"VILLAGE BHAWRASALA, SANWER ROAD, INDORE (M.P.)",452012,22.717449,75.854654,Private-Self Financing,"Rajiv Gandhi Proudyogiki Vishwavidyalaya, Bhopal",Approved,Approved,B++,Yes,,Tier 3,http://www.lakshminarainindore.ac.in,info@lakshminarainindore.ac.in,admissions@lakshminarainindore.ac.in,placement@lakshminarainindore.ac.in,+91-80-748-6316,Information Technology (IT),B.Tech,30,504,2001,Urban,Yes,Yes
1-44641403033,1-44641403033,U-0441,"LAKSHMI NARAIN COLLEGE OF TECHNOLOGY, INDORE",Active,Madhya Pradesh,Indore,Indore,"VILLAGE BHAWRASALA, SANWER ROAD, INDORE (M.P.)",452012,22.717449,75.854654,Private-Self Financing,"Rajiv Gandhi Proudyogiki Vishwavidyalaya, Bhopal",Approved,Approved,B++,Yes,,Tier 3,http://www.lakshminarainindore.ac.in,info@lakshminarainindore.ac.in,admissions@lakshminarainindore.ac.in,placement@lakshminarainindore.ac.in,+91-80-748-6316,Computer Science Engineering (CSE),M.Tech,18,504,2001,Urban,Yes,Yes
1-44641403033,1-44641403033,U-0441,"LAKSHMI NARAIN COLLEGE OF TECHNOLOGY, INDORE",Active,Madhya Pradesh,Indore,Indore,"VILLAGE BHAWRASALA, SANWER ROAD, INDORE (M.P.)",452012,22.717449,75.854654,Private-Self Financing,"Rajiv Gandhi Proudyogiki Vishwavidyalaya, Bhopal",Approved,Approved,B++,Yes,,Tier 3,http://www.lakshminarainindore.ac.in,info@lakshminarainindore.ac.in,admissions@lakshminarainindore.ac.in,placement@lakshminarainindore.ac.in,+91-80-748-6316,Other Engineering Branches,M.Tech,18,504,2001,Urban,Yes,Yes
1-44641403033,1-44641403033,U-0441,"LAKSHMI NARAIN COLLEGE OF TECHNOLOGY, INDORE",Active,Madhya Pradesh,Indore,Indore,"VILLAGE BHAWRASALA, SANWER ROAD, INDORE (M.P.)",452012,22.717449,75.854654,Private-Self Financing,"Rajiv Gandhi Proudyogiki Vishwavidyalaya, Bhopal",Approved,Approved,B++,Yes,,Tier 3,http://www.lakshminarainindore.ac.in,info@lakshminarainindore.ac.in,admissions@lakshminarainindore.ac.in,placement@lakshminarainindore.ac.in,+91-80-748-6316,Other Engineering Branches,B.Tech,30,504,2001,Urban,Yes,Yes
1-44641403033,1-44641403033,U-0441,"LAKSHMI NARAIN COLLEGE OF TECHNOLOGY, INDORE",Active,Madhya Pradesh,Indore,Indore,"VILLAGE BHAWRASALA, SANWER ROAD, INDORE (M.P.)",452012,22.717449,75.854654,Private-Self Financing,"Rajiv Gandhi Proudyogiki Vishwavidyalaya, Bhopal",Approved,Approved,B++,Yes,,Tier 3,http://www.lakshminarainindore.ac.in,info@lakshminarainindore.ac.in,admissions@lakshminarainindore.ac.in,placement@lakshminarainindore.ac.in,+91-80-748-6316,Mechanical Engineering,M.Tech,18,504,2001,Urban,Yes,Yes
1-44641403033,1-44641403033,U-0441,"LAKSHMI NARAIN COLLEGE OF TECHNOLOGY, INDORE",Active,Madhya Pradesh,Indore,Indore,"VILLAGE BHAWRASALA, SANWER ROAD, INDORE (M.P.)",452012,22.717449,75.854654,Private-Self Financing,"Rajiv Gandhi Proudyogiki Vishwavidyalaya, Bhopal",Approved,Approved,B++,Yes,,Tier 3,http://www.lakshminarainindore.ac.in,info@lakshminarainindore.ac.in,admissions@lakshminarainindore.ac.in,placement@lakshminarainindore.ac.in,+91-80-748-6316,Mechanical Engineering,Diploma,60,504,2001,Urban,Yes,Yes
1-44641403033,1-44641403033,U-0441,"LAKSHMI NARAIN COLLEGE OF TECHNOLOGY, INDORE",Active,Madhya Pradesh,Indore,Indore,"VILLAGE BHAWRASALA, SANWER ROAD, INDORE (M.P.)",452012,22.717449,75.854654,Private-Self Financing,"Rajiv Gandhi Proudyogiki Vishwavidyalaya, Bhopal",Approved,Approved,B++,Yes,,Tier 3,http://www.lakshminarainindore.ac.in,info@lakshminarainindore.ac.in,admissions@lakshminarainindore.ac.in,placement@lakshminarainindore.ac.in,+91-80-748-6316,Electrical Engineering,Diploma,60,504,2001,Urban,Yes,Yes
1-44641488915,1-44641488915,U-0441,SRAJAN INSTITUTE OF TECH. MANAGEMENT & SCIENCE,Active,Madhya Pradesh,Ratlam,Ratlam,"NEAR RTO OFFICE, JAORA ROAD, DOSI GAON, RATLAM",452521,22.959624,78.673888,Private-Self Financing,"Rajiv Gandhi Proudyogiki Vishwavidyalaya, Bhopal",Approved,Approved,B,Yes,,Tier 3,http://www.srajantechmanagement.ac.in,info@srajantechmanagement.ac.in,admissions@srajantechmanagement.ac.in,placement@srajantechmanagement.ac.in,+91-80-261-0668,Civil Engineering,B.Tech,60,270,2015,Urban,Yes,Yes
1-44641488915,1-44641488915,U-0441,SRAJAN INSTITUTE OF TECH. MANAGEMENT & SCIENCE,Active,Madhya Pradesh,Ratlam,Ratlam,"NEAR RTO OFFICE, JAORA ROAD, DOSI GAON, RATLAM",452521,22.959624,78.673888,Private-Self Financing,"Rajiv Gandhi Proudyogiki Vishwavidyalaya, Bhopal",Approved,Approved,B,Yes,,Tier 3,http://www.srajantechmanagement.ac.in,info@srajantechmanagement.ac.in,admissions@srajantechmanagement.ac.in,placement@srajantechmanagement.ac.in,+91-80-261-0668,Mechanical Engineering,B.Tech,60,270,2015,Urban,Yes,Yes
1-44641488915,1-44641488915,U-0441,SRAJAN INSTITUTE OF TECH. MANAGEMENT & SCIENCE,Active,Madhya Pradesh,Ratlam,Ratlam,"NEAR RTO OFFICE, JAORA ROAD, DOSI GAON, RATLAM",452521,22.959624,78.673888,Private-Self Financing,"Rajiv Gandhi Proudyogiki Vishwavidyalaya, Bhopal",Approved,Approved,B,Yes,,Tier 3,http://www.srajantechmanagement.ac.in,info@srajantechmanagement.ac.in,admissions@srajantechmanagement.ac.in,placement@srajantechmanagement.ac.in,+91-80-261-0668,Information Technology (IT),B.Tech,30,270,2015,Urban,Yes,Yes
1-44641488915,1-44641488915,U-0441,SRAJAN INSTITUTE OF TECH. MANAGEMENT & SCIENCE,Active,Madhya Pradesh,Ratlam,Ratlam,"NEAR RTO OFFICE, JAORA ROAD, DOSI GAON, RATLAM",452521,22.959624,78.673888,Private-Self Financing,"Rajiv Gandhi Proudyogiki Vishwavidyalaya, Bhopal",Approved,Approved,B,Yes,,Tier 3,http://www.srajantechmanagement.ac.in,info@srajantechmanagement.ac.in,admissions@srajantechmanagement.ac.in,placement@srajantechmanagement.ac.in,+91-80-261-0668,Computer Science Engineering (CSE),B.Tech,60,270,2015,Urban,Yes,Yes
1-44641488915,1-44641488915,U-0441,SRAJAN INSTITUTE OF TECH. MANAGEMENT & SCIENCE,Active,Madhya Pradesh,Ratlam,Ratlam,"NEAR RTO OFFICE, JAORA ROAD, DOSI GAON, RATLAM",452521,22.959624,78.673888,Private-Self Financing,"Rajiv Gandhi Proudyogiki Vishwavidyalaya, Bhopal",Approved,Approved,B,Yes,,Tier 3,http://www.srajantechmanagement.ac.in,info@srajantechmanagement.ac.in,admissions@srajantechmanagement.ac.in,placement@srajantechmanagement.ac.in,+91-80-261-0668,Other Engineering Branches,B.Tech,60,270,2015,Urban,Yes,Yes
1-44641283529,1-44641283529,U-0441,GOVT POLYTECHNIC COLLEGE SENDHWA,Active,Madhya Pradesh,Barwani,Barwani,"GOVERNMENT  POLYTECHNIC COLLEGE SENDHWA, VILLAGE - MADGAON, TEHSIL - SENDHWA, DISTRICT - BARWANI (MP)",452851,22.979796,78.666631,Government,"Rajiv Gandhi Proudyogiki Vishwavidyalaya, Bhopal",Approved,Approved,B++,Yes,,Tier 3,http://www.govtsendhwa.ac.in,info@govtsendhwa.ac.in,admissions@govtsendhwa.ac.in,placement@govtsendhwa.ac.in,+91-80-107-1166,Electronics & Communication Engineering (ECE),Diploma,30,210,2016,Rural,Yes,Yes
1-44641283529,1-44641283529,U-0441,GOVT POLYTECHNIC COLLEGE SENDHWA,Active,Madhya Pradesh,Barwani,Barwani,"GOVERNMENT  POLYTECHNIC COLLEGE SENDHWA, VILLAGE - MADGAON, TEHSIL - SENDHWA, DISTRICT - BARWANI (MP)",452851,22.979796,78.666631,Government,"Rajiv Gandhi Proudyogiki Vishwavidyalaya, Bhopal",Approved,Approved,B++,Yes,,Tier 3,http://www.govtsendhwa.ac.in,info@govtsendhwa.ac.in,admissions@govtsendhwa.ac.in,placement@govtsendhwa.ac.in,+91-80-107-1166,Civil Engineering,Diploma,60,210,2016,Rural,Yes,Yes
1-44641283529,1-44641283529,U-0441,GOVT POLYTECHNIC COLLEGE SENDHWA,Active,Madhya Pradesh,Barwani,Barwani,"GOVERNMENT  POLYTECHNIC COLLEGE SENDHWA, VILLAGE - MADGAON, TEHSIL - SENDHWA, DISTRICT - BARWANI (MP)",452851,22.979796,78.666631,Government,"Rajiv Gandhi Proudyogiki Vishwavidyalaya, Bhopal",Approved,Approved,B++,Yes,,Tier 3,http://www.govtsendhwa.ac.in,info@govtsendhwa.ac.in,admissions@govtsendhwa.ac.in,placement@govtsendhwa.ac.in,+91-80-107-1166,Electrical Engineering,Diploma,60,210,2016,Rural,Yes,Yes
1-44641283529,1-44641283529,U-0441,GOVT POLYTECHNIC COLLEGE SENDHWA,Active,Madhya Pradesh,Barwani,Barwani,"GOVERNMENT  POLYTECHNIC COLLEGE SENDHWA, VILLAGE - MADGAON, TEHSIL - SENDHWA, DISTRICT - BARWANI (MP)",452851,22.979796,78.666631,Government,"Rajiv Gandhi Proudyogiki Vishwavidyalaya, Bhopal",Approved,Approved,B++,Yes,,Tier 3,http://www.govtsendhwa.ac.in,info@govtsendhwa.ac.in,admissions@govtsendhwa.ac.in,placement@govtsendhwa.ac.in,+91-80-107-1166,Mechanical Engineering,Diploma,60,210,2016,Rural,Yes,Yes
1-44641406523,1-44641406523,U-0441,BHOPAL INSTITUTE OF TECHNOLOGY & MANAGEMENT,Active,Madhya Pradesh,Bhopal,Bhopal,"BHOJPUR ROAD, BANGRASIA CHOURAHA",452493,23.274496,77.425069,Private-Self Financing,"Rajiv Gandhi Proudyogiki Vishwavidyalaya, Bhopal",Approved,Approved,B+,No,,Tier 3,http://www.bhopalmanagement.ac.in,info@bhopalmanagement.ac.in,admissions@bhopalmanagement.ac.in,placement@bhopalmanagement.ac.in,+91-80-451-0543,Electrical & Electronics Engineering (EEE),B.Tech,30,120,1996,Rural,Yes,Yes
1-44641406523,1-44641406523,U-0441,BHOPAL INSTITUTE OF TECHNOLOGY & MANAGEMENT,Active,Madhya Pradesh,Bhopal,Bhopal,"BHOJPUR ROAD, BANGRASIA CHOURAHA",452493,23.274496,77.425069,Private-Self Financing,"Rajiv Gandhi Proudyogiki Vishwavidyalaya, Bhopal",Approved,Approved,B+,No,,Tier 3,http://www.bhopalmanagement.ac.in,info@bhopalmanagement.ac.in,admissions@bhopalmanagement.ac.in,placement@bhopalmanagement.ac.in,+91-80-451-0543,Electronics & Communication Engineering (ECE),B.Tech,30,120,1996,Rural,Yes,Yes
1-44641406523,1-44641406523,U-0441,BHOPAL INSTITUTE OF TECHNOLOGY & MANAGEMENT,Active,Madhya Pradesh,Bhopal,Bhopal,"BHOJPUR ROAD, BANGRASIA CHOURAHA",452493,23.274496,77.425069,Private-Self Financing,"Rajiv Gandhi Proudyogiki Vishwavidyalaya, Bhopal",Approved,Approved,B+,No,,Tier 3,http://www.bhopalmanagement.ac.in,info@bhopalmanagement.ac.in,admissions@bhopalmanagement.ac.in,placement@bhopalmanagement.ac.in,+91-80-451-0543,Mechanical Engineering,B.Tech,30,120,1996,Rural,Yes,Yes
1-44641406523,1-44641406523,U-0441,BHOPAL INSTITUTE OF TECHNOLOGY & MANAGEMENT,Active,Madhya Pradesh,Bhopal,Bhopal,"BHOJPUR ROAD, BANGRASIA CHOURAHA",452493,23.274496,77.425069,Private-Self Financing,"Rajiv Gandhi Proudyogiki Vishwavidyalaya, Bhopal",Approved,Approved,B+,No,,Tier 3,http://www.bhopalmanagement.ac.in,info@bhopalmanagement.ac.in,admissions@bhopalmanagement.ac.in,placement@bhopalmanagement.ac.in,+91-80-451-0543,Computer Science Engineering (CSE),B.Tech,30,120,1996,Rural,Yes,Yes
1-44641408443,1-44641408443,U-0441,SAMRAT ASHOK TECHNOLOGICAL INSTITUTE POLYTECHNIC COLLEGE,Active,Madhya Pradesh,Vidisha,Vidisha,CIVIL LINES,452245,22.969431,78.666763,Govt aided,"Rajiv Gandhi Proudyogiki Vishwavidyalaya, Bhopal",Approved,Approved,A,No,,Tier 3,http://www.samratashoktechnological.ac.in,info@samratashoktechnological.ac.in,admissions@samratashoktechnological.ac.in,placement@samratashoktechnological.ac.in,+91-80-672-3775,Civil Engineering,Diploma,60,390,1987,Urban,Yes,Yes
1-44641408443,1-44641408443,U-0441,SAMRAT ASHOK TECHNOLOGICAL INSTITUTE POLYTECHNIC COLLEGE,Active,Madhya Pradesh,Vidisha,Vidisha,CIVIL LINES,452245,22.969431,78.666763,Govt aided,"Rajiv Gandhi Proudyogiki Vishwavidyalaya, Bhopal",Approved,Approved,A,No,,Tier 3,http://www.samratashoktechnological.ac.in,info@samratashoktechnological.ac.in,admissions@samratashoktechnological.ac.in,placement@samratashoktechnological.ac.in,+91-80-672-3775,Mechanical Engineering,Diploma,60,390,1987,Urban,Yes,Yes
1-44641408443,1-44641408443,U-0441,SAMRAT ASHOK TECHNOLOGICAL INSTITUTE POLYTECHNIC COLLEGE,Active,Madhya Pradesh,Vidisha,Vidisha,CIVIL LINES,452245,22.969431,78.666763,Govt aided,"Rajiv Gandhi Proudyogiki Vishwavidyalaya, Bhopal",Approved,Approved,A,No,,Tier 3,http://www.samratashoktechnological.ac.in,info@samratashoktechnological.ac.in,admissions@samratashoktechnological.ac.in,placement@samratashoktechnological.ac.in,+91-80-672-3775,Electrical Engineering,Diploma,60,390,1987,Urban,Yes,Yes
1-44641408443,1-44641408443,U-0441,SAMRAT ASHOK TECHNOLOGICAL INSTITUTE POLYTECHNIC COLLEGE,Active,Madhya Pradesh,Vidisha,Vidisha,CIVIL LINES,452245,22.969431,78.666763,Govt aided,"Rajiv Gandhi Proudyogiki Vishwavidyalaya, Bhopal",Approved,Approved,A,No,,Tier 3,http://www.samratashoktechnological.ac.in,info@samratashoktechnological.ac.in,admissions@samratashoktechnological.ac.in,placement@samratashoktechnological.ac.in,+91-80-672-3775,Computer Science Engineering (CSE),Diploma,90,390,1987,Urban,Yes,Yes
1-44641408443,1-44641408443,U-0441,SAMRAT ASHOK TECHNOLOGICAL INSTITUTE POLYTECHNIC COLLEGE,Active,Madhya Pradesh,Vidisha,Vidisha,CIVIL LINES,452245,22.969431,78.666763,Govt aided,"Rajiv Gandhi Proudyogiki Vishwavidyalaya, Bhopal",Approved,Approved,A,No,,Tier 3,http://www.samratashoktechnological.ac.in,info@samratashoktechnological.ac.in,admissions@samratashoktechnological.ac.in,placement@samratashoktechnological.ac.in,+91-80-672-3775,Automobile Engineering,Diploma,30,390,1987,Urban,Yes,Yes
1-44641408443,1-44641408443,U-0441,SAMRAT ASHOK TECHNOLOGICAL INSTITUTE POLYTECHNIC COLLEGE,Active,Madhya Pradesh,Vidisha,Vidisha,CIVIL LINES,452245,22.969431,78.666763,Govt aided,"Rajiv Gandhi Proudyogiki Vishwavidyalaya, Bhopal",Approved,Approved,A,No,,Tier 3,http://www.samratashoktechnological.ac.in,info@samratashoktechnological.ac.in,admissions@samratashoktechnological.ac.in,placement@samratashoktechnological.ac.in,+91-80-672-3775,Chemical Engineering,Diploma,90,390,1987,Urban,Yes,Yes
1-44640901635,1-44640901635,U-0441,ANNIE INSTITUTE OF TECHNOLOGY AND RSEARCH CENTRE,Active,Madhya Pradesh,Chhindwara,Chhindwara,"KHAIRWARA ROAD, VILLAGE THUNIA BHAND, NEAR AIRSTRIP, CHHINDWARA",452140,22.954114,78.661518,Private-Self Financing,"Rajiv Gandhi Proudyogiki Vishwavidyalaya, Bhopal",Approved,Approved,Not Accredited,No,,Tier 3,http://www.anniersearchcentre.ac.in,info@anniersearchcentre.ac.in,admissions@anniersearchcentre.ac.in,placement@anniersearchcentre.ac.in,+91-80-029-9421,Civil Engineering,B.Tech,60,240,2010,Urban,Yes,No
1-44640901635,1-44640901635,U-0441,ANNIE INSTITUTE OF TECHNOLOGY AND RSEARCH CENTRE,Active,Madhya Pradesh,Chhindwara,Chhindwara,"KHAIRWARA ROAD, VILLAGE THUNIA BHAND, NEAR AIRSTRIP, CHHINDWARA",452140,22.954114,78.661518,Private-Self Financing,"Rajiv Gandhi Proudyogiki Vishwavidyalaya, Bhopal",Approved,Approved,Not Accredited,No,,Tier 3,http://www.anniersearchcentre.ac.in,info@anniersearchcentre.ac.in,admissions@anniersearchcentre.ac.in,placement@anniersearchcentre.ac.in,+91-80-029-9421,Mechanical Engineering,B.Tech,60,240,2010,Urban,Yes,No
1-44640901635,1-44640901635,U-0441,ANNIE INSTITUTE OF TECHNOLOGY AND RSEARCH CENTRE,Active,Madhya Pradesh,Chhindwara,Chhindwara,"KHAIRWARA ROAD, VILLAGE THUNIA BHAND, NEAR AIRSTRIP, CHHINDWARA",452140,22.954114,78.661518,Private-Self Financing,"Rajiv Gandhi Proudyogiki Vishwavidyalaya, Bhopal",Approved,Approved,Not Accredited,No,,Tier 3,http://www.anniersearchcentre.ac.in,info@anniersearchcentre.ac.in,admissions@anniersearchcentre.ac.in,placement@anniersearchcentre.ac.in,+91-80-029-9421,Automobile Engineering,B.Tech,30,240,2010,Urban,Yes,No
1-44640901635,1-44640901635,U-0441,ANNIE INSTITUTE OF TECHNOLOGY AND RSEARCH CENTRE,Active,Madhya Pradesh,Chhindwara,Chhindwara,"KHAIRWARA ROAD, VILLAGE THUNIA BHAND, NEAR AIRSTRIP, CHHINDWARA",452140,22.954114,78.661518,Private-Self Financing,"Rajiv Gandhi Proudyogiki Vishwavidyalaya, Bhopal",Approved,Approved,Not Accredited,No,,Tier 3,http://www.anniersearchcentre.ac.in,info@anniersearchcentre.ac.in,admissions@anniersearchcentre.ac.in,placement@anniersearchcentre.ac.in,+91-80-029-9421,Computer Science Engineering (CSE),B.Tech,60,240,2010,Urban,Yes,No
1-44640901635,1-44640901635,U-0441,ANNIE INSTITUTE OF TECHNOLOGY AND RSEARCH CENTRE,Active,Madhya Pradesh,Chhindwara,Chhindwara,"KHAIRWARA ROAD, VILLAGE THUNIA BHAND, NEAR AIRSTRIP, CHHINDWARA",452140,22.954114,78.661518,Private-Self Financing,"Rajiv Gandhi Proudyogiki Vishwavidyalaya, Bhopal",Approved,Approved,Not Accredited,No,,Tier 3,http://www.anniersearchcentre.ac.in,info@anniersearchcentre.ac.in,admissions@anniersearchcentre.ac.in,placement@anniersearchcentre.ac.in,+91-80-029-9421,Electronics & Communication Engineering (ECE),B.Tech,30,240,2010,Urban,Yes,No
1-44641645894,1-44641645894,U-0441,SHRI GURU SANDIPANI INSTITUTE OF TECHNOLOGY & SCIENCE,Active,Madhya Pradesh,Ujjain,Ujjain,OPP. R.D. GARDI MEDICAL COLLEGE VILLAGE SURASA AGAR ROAD,452341,23.170241,75.772705,Private-Self Financing,"Rajiv Gandhi Proudyogiki Vishwavidyalaya, Bhopal",Approved,Approved,A+,No,,Tier 3,http://www.shrigurusandipani.ac.in,info@shrigurusandipani.ac.in,admissions@shrigurusandipani.ac.in,placement@shrigurusandipani.ac.in,+91-80-597-3018,Civil Engineering,B.Tech,60,300,2019,Rural,No,No
1-44641645894,1-44641645894,U-0441,SHRI GURU SANDIPANI INSTITUTE OF TECHNOLOGY & SCIENCE,Active,Madhya Pradesh,Ujjain,Ujjain,OPP. R.D. GARDI MEDICAL COLLEGE VILLAGE SURASA AGAR ROAD,452341,23.170241,75.772705,Private-Self Financing,"Rajiv Gandhi Proudyogiki Vishwavidyalaya, Bhopal",Approved,Approved,A+,No,,Tier 3,http://www.shrigurusandipani.ac.in,info@shrigurusandipani.ac.in,admissions@shrigurusandipani.ac.in,placement@shrigurusandipani.ac.in,+91-80-597-3018,Mechanical Engineering,B.Tech,60,300,2019,Rural,No,No
1-44641645894,1-44641645894,U-0441,SHRI GURU SANDIPANI INSTITUTE OF TECHNOLOGY & SCIENCE,Active,Madhya Pradesh,Ujjain,Ujjain,OPP. R.D. GARDI MEDICAL COLLEGE VILLAGE SURASA AGAR ROAD,452341,23.170241,75.772705,Private-Self Financing,"Rajiv Gandhi Proudyogiki Vishwavidyalaya, Bhopal",Approved,Approved,A+,No,,Tier 3,http://www.shrigurusandipani.ac.in,info@shrigurusandipani.ac.in,admissions@shrigurusandipani.ac.in,placement@shrigurusandipani.ac.in,+91-80-597-3018,Electronics & Communication Engineering (ECE),B.Tech,60,300,2019,Rural,No,No
1-44641645894,1-44641645894,U-0441,SHRI GURU SANDIPANI INSTITUTE OF TECHNOLOGY & SCIENCE,Active,Madhya Pradesh,Ujjain,Ujjain,OPP. R.D. GARDI MEDICAL COLLEGE VILLAGE SURASA AGAR ROAD,452341,23.170241,75.772705,Private-Self Financing,"Rajiv Gandhi Proudyogiki Vishwavidyalaya, Bhopal",Approved,Approved,A+,No,,Tier 3,http://www.shrigurusandipani.ac.in,info@shrigurusandipani.ac.in,admissions@shrigurusandipani.ac.in,placement@shrigurusandipani.ac.in,+91-80-597-3018,Computer Science Engineering (CSE),B.Tech,120,300,2019,Rural,No,No
1-44641688385,1-44641688385,U-0441,BANSAL COLLEGE OF ENGINEERING,Active,Madhya Pradesh,Raisen,Raisen,"N.H. NO. 12, HOSHANGABAD ROAD NEAR NAHAR SPINNING MILLS, BISHENKHEDA, OBEDULLAGANJ",452808,22.984193,78.672991,Private-Self Financing,"Rajiv Gandhi Proudyogiki Vishwavidyalaya, Bhopal",Approved,Approved,B,No,,Tier 3,http://www.bansal.ac.in,info@bansal.ac.in,admissions@bansal.ac.in,placement@bansal.ac.in,+91-80-291-5430,Computer Science Engineering (CSE),B.Tech,180,360,1994,Urban,Yes,No
1-44641688385,1-44641688385,U-0441,BANSAL COLLEGE OF ENGINEERING,Active,Madhya Pradesh,Raisen,Raisen,"N.H. NO. 12, HOSHANGABAD ROAD NEAR NAHAR SPINNING MILLS, BISHENKHEDA, OBEDULLAGANJ",452808,22.984193,78.672991,Private-Self Financing,"Rajiv Gandhi Proudyogiki Vishwavidyalaya, Bhopal",Approved,Approved,B,No,,Tier 3,http://www.bansal.ac.in,info@bansal.ac.in,admissions@bansal.ac.in,placement@bansal.ac.in,+91-80-291-5430,Electrical & Electronics Engineering (EEE),B.Tech,30,360,1994,Urban,Yes,No
1-44641688385,1-44641688385,U-0441,BANSAL COLLEGE OF ENGINEERING,Active,Madhya Pradesh,Raisen,Raisen,"N.H. NO. 12, HOSHANGABAD ROAD NEAR NAHAR SPINNING MILLS, BISHENKHEDA, OBEDULLAGANJ",452808,22.984193,78.672991,Private-Self Financing,"Rajiv Gandhi Proudyogiki Vishwavidyalaya, Bhopal",Approved,Approved,B,No,,Tier 3,http://www.bansal.ac.in,info@bansal.ac.in,admissions@bansal.ac.in,placement@bansal.ac.in,+91-80-291-5430,Electronics & Communication Engineering (ECE),B.Tech,30,360,1994,Urban,Yes,No
1-44641688385,1-44641688385,U-0441,BANSAL COLLEGE OF ENGINEERING,Active,Madhya Pradesh,Raisen,Raisen,"N.H. NO. 12, HOSHANGABAD ROAD NEAR NAHAR SPINNING MILLS, BISHENKHEDA, OBEDULLAGANJ",452808,22.984193,78.672991,Private-Self Financing,"Rajiv Gandhi Proudyogiki Vishwavidyalaya, Bhopal",Approved,Approved,B,No,,Tier 3,http://www.bansal.ac.in,info@bansal.ac.in,admissions@bansal.ac.in,placement@bansal.ac.in,+91-80-291-5430,Mechanical Engineering,B.Tech,30,360,1994,Urban,Yes,No
1-44641688385,1-44641688385,U-0441,BANSAL COLLEGE OF ENGINEERING,Active,Madhya Pradesh,Raisen,Raisen,"N.H. NO. 12, HOSHANGABAD ROAD NEAR NAHAR SPINNING MILLS, BISHENKHEDA, OBEDULLAGANJ",452808,22.984193,78.672991,Private-Self Financing,"Rajiv Gandhi Proudyogiki Vishwavidyalaya, Bhopal",Approved,Approved,B,No,,Tier 3,http://www.bansal.ac.in,info@bansal.ac.in,admissions@bansal.ac.in,placement@bansal.ac.in,+91-80-291-5430,Civil Engineering,B.Tech,30,360,1994,Urban,Yes,No
1-44641688385,1-44641688385,U-0441,BANSAL COLLEGE OF ENGINEERING,Active,Madhya Pradesh,Raisen,Raisen,"N.H. NO. 12, HOSHANGABAD ROAD NEAR NAHAR SPINNING MILLS, BISHENKHEDA, OBEDULLAGANJ",452808,22.984193,78.672991,Private-Self Financing,"Rajiv Gandhi Proudyogiki Vishwavidyalaya, Bhopal",Approved,Approved,B,No,,Tier 3,http://www.bansal.ac.in,info@bansal.ac.in,admissions@bansal.ac.in,placement@bansal.ac.in,+91-80-291-5430,Artificial Intelligence & Machine Learning (AI & ML),B.Tech,60,360,1994,Urban,Yes,No
1-44641737298,1-44641737298,U-0441,MALWA INSTITUTE OF TECHNOLOGY,Active,Madhya Pradesh,Indore,Indore,NIPANIA BYPASS ROAD,452012,22.723074,75.843249,Private-Self Financing,"Rajiv Gandhi Proudyogiki Vishwavidyalaya, Bhopal",Approved,Approved,A,No,,Tier 3,http://www.malwa.ac.in,info@malwa.ac.in,admissions@malwa.ac.in,placement@malwa.ac.in,+91-80-984-5539,Civil Engineering,Diploma,30,654,2018,Urban,Yes,Yes
1-44641737298,1-44641737298,U-0441,MALWA INSTITUTE OF TECHNOLOGY,Active,Madhya Pradesh,Indore,Indore,NIPANIA BYPASS ROAD,452012,22.723074,75.843249,Private-Self Financing,"Rajiv Gandhi Proudyogiki Vishwavidyalaya, Bhopal",Approved,Approved,A,No,,Tier 3,http://www.malwa.ac.in,info@malwa.ac.in,admissions@malwa.ac.in,placement@malwa.ac.in,+91-80-984-5539,Mechanical Engineering,Diploma,60,654,2018,Urban,Yes,Yes
1-44641737298,1-44641737298,U-0441,MALWA INSTITUTE OF TECHNOLOGY,Active,Madhya Pradesh,Indore,Indore,NIPANIA BYPASS ROAD,452012,22.723074,75.843249,Private-Self Financing,"Rajiv Gandhi Proudyogiki Vishwavidyalaya, Bhopal",Approved,Approved,A,No,,Tier 3,http://www.malwa.ac.in,info@malwa.ac.in,admissions@malwa.ac.in,placement@malwa.ac.in,+91-80-984-5539,Electronics & Communication Engineering (ECE),B.Tech,60,654,2018,Urban,Yes,Yes
1-44641737298,1-44641737298,U-0441,MALWA INSTITUTE OF TECHNOLOGY,Active,Madhya Pradesh,Indore,Indore,NIPANIA BYPASS ROAD,452012,22.723074,75.843249,Private-Self Financing,"Rajiv Gandhi Proudyogiki Vishwavidyalaya, Bhopal",Approved,Approved,A,No,,Tier 3,http://www.malwa.ac.in,info@malwa.ac.in,admissions@malwa.ac.in,placement@malwa.ac.in,+91-80-984-5539,Electrical & Electronics Engineering (EEE),B.Tech,60,654,2018,Urban,Yes,Yes
1-44641737298,1-44641737298,U-0441,MALWA INSTITUTE OF TECHNOLOGY,Active,Madhya Pradesh,Indore,Indore,NIPANIA BYPASS ROAD,452012,22.723074,75.843249,Private-Self Financing,"Rajiv Gandhi Proudyogiki Vishwavidyalaya, Bhopal",Approved,Approved,A,No,,Tier 3,http://www.malwa.ac.in,info@malwa.ac.in,admissions@malwa.ac.in,placement@malwa.ac.in,+91-80-984-5539,Information Technology (IT),B.Tech,60,654,2018,Urban,Yes,Yes
1-44641737298,1-44641737298,U-0441,MALWA INSTITUTE OF TECHNOLOGY,Active,Madhya Pradesh,Indore,Indore,NIPANIA BYPASS ROAD,452012,22.723074,75.843249,Private-Self Financing,"Rajiv Gandhi Proudyogiki Vishwavidyalaya, Bhopal",Approved,Approved,A,No,,Tier 3,http://www.malwa.ac.in,info@malwa.ac.in,admissions@malwa.ac.in,placement@malwa.ac.in,+91-80-984-5539,Mechanical Engineering,B.Tech,60,654,2018,Urban,Yes,Yes
1-44641737298,1-44641737298,U-0441,MALWA INSTITUTE OF TECHNOLOGY,Active,Madhya Pradesh,Indore,Indore,NIPANIA BYPASS ROAD,452012,22.723074,75.843249,Private-Self Financing,"Rajiv Gandhi Proudyogiki Vishwavidyalaya, Bhopal",Approved,Approved,A,No,,Tier 3,http://www.malwa.ac.in,info@malwa.ac.in,admissions@malwa.ac.in,placement@malwa.ac.in,+91-80-984-5539,Computer Science Engineering (CSE),B.Tech,180,654,2018,Urban,Yes,Yes
1-44641737298,1-44641737298,U-0441,MALWA INSTITUTE OF TECHNOLOGY,Active,Madhya Pradesh,Indore,Indore,NIPANIA BYPASS ROAD,452012,22.723074,75.843249,Private-Self Financing,"Rajiv Gandhi Proudyogiki Vishwavidyalaya, Bhopal",Approved,Approved,A,No,,Tier 3,http://www.malwa.ac.in,info@malwa.ac.in,admissions@malwa.ac.in,placement@malwa.ac.in,+91-80-984-5539,Civil Engineering,B.Tech,30,654,2018,Urban,Yes,Yes
1-44641737298,1-44641737298,U-0441,MALWA INSTITUTE OF TECHNOLOGY,Active,Madhya Pradesh,Indore,Indore,NIPANIA BYPASS ROAD,452012,22.723074,75.843249,Private-Self Financing,"Rajiv Gandhi Proudyogiki Vishwavidyalaya, Bhopal",Approved,Approved,A,No,,Tier 3,http://www.malwa.ac.in,info@malwa.ac.in,admissions@malwa.ac.in,placement@malwa.ac.in,+91-80-984-5539,Other Engineering Branches,M.Tech,36,654,2018,Urban,Yes,Yes
1-44641737298,1-44641737298,U-0441,MALWA INSTITUTE OF TECHNOLOGY,Active,Madhya Pradesh,Indore,Indore,NIPANIA BYPASS ROAD,452012,22.723074,75.843249,Private-Self Financing,"Rajiv Gandhi Proudyogiki Vishwavidyalaya, Bhopal",Approved,Approved,A,No,,Tier 3,http://www.malwa.ac.in,info@malwa.ac.in,admissions@malwa.ac.in,placement@malwa.ac.in,+91-80-984-5539,Automobile Engineering,B.Tech,30,654,2018,Urban,Yes,Yes
1-44641737298,1-44641737298,U-0441,MALWA INSTITUTE OF TECHNOLOGY,Active,Madhya Pradesh,Indore,Indore,NIPANIA BYPASS ROAD,452012,22.723074,75.843249,Private-Self Financing,"Rajiv Gandhi Proudyogiki Vishwavidyalaya, Bhopal",Approved,Approved,A,No,,Tier 3,http://www.malwa.ac.in,info@malwa.ac.in,admissions@malwa.ac.in,placement@malwa.ac.in,+91-80-984-5539,Computer Science Engineering (CSE),M.Tech,18,654,2018,Urban,Yes,Yes
1-44641737298,1-44641737298,U-0441,MALWA INSTITUTE OF TECHNOLOGY,Active,Madhya Pradesh,Indore,Indore,NIPANIA BYPASS ROAD,452012,22.723074,75.843249,Private-Self Financing,"Rajiv Gandhi Proudyogiki Vishwavidyalaya, Bhopal",Approved,Approved,A,No,,Tier 3,http://www.malwa.ac.in,info@malwa.ac.in,admissions@malwa.ac.in,placement@malwa.ac.in,+91-80-984-5539,Artificial Intelligence & Machine Learning (AI & ML),B.Tech,30,654,2018,Urban,Yes,Yes
1-44641620532,1-44641620532,U-0398,NATIONAL INSTITUTE OF TECHNICAL TEACHERS' TRAINING AND RESEARCH,Active,Madhya Pradesh,Bhopal,Bhopal,"SHANTI MARG, SHAMLA HILLS,",452493,23.244143,77.417475,Deemed to be University(Govt),Self,Approved,Approved,A,No,,Tier 3,http://www.nationaltechnicalteachers.ac.in,info@nationaltechnicalteachers.ac.in,admissions@nationaltechnicalteachers.ac.in,placement@nationaltechnicalteachers.ac.in,+91-80-177-9615,Artificial Intelligence & Machine Learning (AI & ML),B.Tech,30,210,1984,Urban,Yes,Yes
1-44641620532,1-44641620532,U-0398,NATIONAL INSTITUTE OF TECHNICAL TEACHERS' TRAINING AND RESEARCH,Active,Madhya Pradesh,Bhopal,Bhopal,"SHANTI MARG, SHAMLA HILLS,",452493,23.244143,77.417475,Deemed to be University(Govt),Self,Approved,Approved,A,No,,Tier 3,http://www.nationaltechnicalteachers.ac.in,info@nationaltechnicalteachers.ac.in,admissions@nationaltechnicalteachers.ac.in,placement@nationaltechnicalteachers.ac.in,+91-80-177-9615,Mechanical Engineering,B.Tech,30,210,1984,Urban,Yes,Yes
1-44641620532,1-44641620532,U-0398,NATIONAL INSTITUTE OF TECHNICAL TEACHERS' TRAINING AND RESEARCH,Active,Madhya Pradesh,Bhopal,Bhopal,"SHANTI MARG, SHAMLA HILLS,",452493,23.244143,77.417475,Deemed to be University(Govt),Self,Approved,Approved,A,No,,Tier 3,http://www.nationaltechnicalteachers.ac.in,info@nationaltechnicalteachers.ac.in,admissions@nationaltechnicalteachers.ac.in,placement@nationaltechnicalteachers.ac.in,+91-80-177-9615,Other Engineering Branches,B.Tech,30,210,1984,Urban,Yes,Yes
1-44641620532,1-44641620532,U-0398,NATIONAL INSTITUTE OF TECHNICAL TEACHERS' TRAINING AND RESEARCH,Active,Madhya Pradesh,Bhopal,Bhopal,"SHANTI MARG, SHAMLA HILLS,",452493,23.244143,77.417475,Deemed to be University(Govt),Self,Approved,Approved,A,No,,Tier 3,http://www.nationaltechnicalteachers.ac.in,info@nationaltechnicalteachers.ac.in,admissions@nationaltechnicalteachers.ac.in,placement@nationaltechnicalteachers.ac.in,+91-80-177-9615,Civil Engineering,B.Tech,30,210,1984,Urban,Yes,Yes
1-44641620532,1-44641620532,U-0398,NATIONAL INSTITUTE OF TECHNICAL TEACHERS' TRAINING AND RESEARCH,Active,Madhya Pradesh,Bhopal,Bhopal,"SHANTI MARG, SHAMLA HILLS,",452493,23.244143,77.417475,Deemed to be University(Govt),Self,Approved,Approved,A,No,,Tier 3,http://www.nationaltechnicalteachers.ac.in,info@nationaltechnicalteachers.ac.in,admissions@nationaltechnicalteachers.ac.in,placement@nationaltechnicalteachers.ac.in,+91-80-177-9615,Computer Science Engineering (CSE),M.Tech,18,210,1984,Urban,Yes,Yes
1-44641620532,1-44641620532,U-0398,NATIONAL INSTITUTE OF TECHNICAL TEACHERS' TRAINING AND RESEARCH,Active,Madhya Pradesh,Bhopal,Bhopal,"SHANTI MARG, SHAMLA HILLS,",452493,23.244143,77.417475,Deemed to be University(Govt),Self,Approved,Approved,A,No,,Tier 3,http://www.nationaltechnicalteachers.ac.in,info@nationaltechnicalteachers.ac.in,admissions@nationaltechnicalteachers.ac.in,placement@nationaltechnicalteachers.ac.in,+91-80-177-9615,Other Engineering Branches,M.Tech,54,210,1984,Urban,Yes,Yes
1-44641620532,1-44641620532,U-0398,NATIONAL INSTITUTE OF TECHNICAL TEACHERS' TRAINING AND RESEARCH,Active,Madhya Pradesh,Bhopal,Bhopal,"SHANTI MARG, SHAMLA HILLS,",452493,23.244143,77.417475,Deemed to be University(Govt),Self,Approved,Approved,A,No,,Tier 3,http://www.nationaltechnicalteachers.ac.in,info@nationaltechnicalteachers.ac.in,admissions@nationaltechnicalteachers.ac.in,placement@nationaltechnicalteachers.ac.in,+91-80-177-9615,Robotics,M.Tech,18,210,1984,Urban,Yes,Yes
1-44642388414,1-44642388414,U-0441,ORIENTAL INSTITUTE OF SCIENCE & TECHNOLOGY,Active,Madhya Pradesh,Bhopal,Bhopal,"THAKRAL NAGAR, RAISEN ROAD, BHOPAL",452493,23.261553,77.401046,Private-Self Financing,"Rajiv Gandhi Proudyogiki Vishwavidyalaya, Bhopal",Approved,Approved,A+,No,,Tier 3,http://www.orientalscience.ac.in,info@orientalscience.ac.in,admissions@orientalscience.ac.in,placement@orientalscience.ac.in,+91-80-908-1654,Civil Engineering,B.Tech,60,1332,2004,Rural,Yes,Yes
1-44642388414,1-44642388414,U-0441,ORIENTAL INSTITUTE OF SCIENCE & TECHNOLOGY,Active,Madhya Pradesh,Bhopal,Bhopal,"THAKRAL NAGAR, RAISEN ROAD, BHOPAL",452493,23.261553,77.401046,Private-Self Financing,"Rajiv Gandhi Proudyogiki Vishwavidyalaya, Bhopal",Approved,Approved,A+,No,,Tier 3,http://www.orientalscience.ac.in,info@orientalscience.ac.in,admissions@orientalscience.ac.in,placement@orientalscience.ac.in,+91-80-908-1654,Computer Science Engineering (CSE),B.Tech,360,1332,2004,Rural,Yes,Yes
1-44642388414,1-44642388414,U-0441,ORIENTAL INSTITUTE OF SCIENCE & TECHNOLOGY,Active,Madhya Pradesh,Bhopal,Bhopal,"THAKRAL NAGAR, RAISEN ROAD, BHOPAL",452493,23.261553,77.401046,Private-Self Financing,"Rajiv Gandhi Proudyogiki Vishwavidyalaya, Bhopal",Approved,Approved,A+,No,,Tier 3,http://www.orientalscience.ac.in,info@orientalscience.ac.in,admissions@orientalscience.ac.in,placement@orientalscience.ac.in,+91-80-908-1654,Computer Science Engineering (CSE),M.Tech,24,1332,2004,Rural,Yes,Yes
1-44642388414,1-44642388414,U-0441,ORIENTAL INSTITUTE OF SCIENCE & TECHNOLOGY,Active,Madhya Pradesh,Bhopal,Bhopal,"THAKRAL NAGAR, RAISEN ROAD, BHOPAL",452493,23.261553,77.401046,Private-Self Financing,"Rajiv Gandhi Proudyogiki Vishwavidyalaya, Bhopal",Approved,Approved,A+,No,,Tier 3,http://www.orientalscience.ac.in,info@orientalscience.ac.in,admissions@orientalscience.ac.in,placement@orientalscience.ac.in,+91-80-908-1654,Electronics & Communication Engineering (ECE),B.Tech,120,1332,2004,Rural,Yes,Yes
1-44642388414,1-44642388414,U-0441,ORIENTAL INSTITUTE OF SCIENCE & TECHNOLOGY,Active,Madhya Pradesh,Bhopal,Bhopal,"THAKRAL NAGAR, RAISEN ROAD, BHOPAL",452493,23.261553,77.401046,Private-Self Financing,"Rajiv Gandhi Proudyogiki Vishwavidyalaya, Bhopal",Approved,Approved,A+,No,,Tier 3,http://www.orientalscience.ac.in,info@orientalscience.ac.in,admissions@orientalscience.ac.in,placement@orientalscience.ac.in,+91-80-908-1654,Other Engineering Branches,M.Tech,90,1332,2004,Rural,Yes,Yes
1-44642388414,1-44642388414,U-0441,ORIENTAL INSTITUTE OF SCIENCE & TECHNOLOGY,Active,Madhya Pradesh,Bhopal,Bhopal,"THAKRAL NAGAR, RAISEN ROAD, BHOPAL",452493,23.261553,77.401046,Private-Self Financing,"Rajiv Gandhi Proudyogiki Vishwavidyalaya, Bhopal",Approved,Approved,A+,No,,Tier 3,http://www.orientalscience.ac.in,info@orientalscience.ac.in,admissions@orientalscience.ac.in,placement@orientalscience.ac.in,+91-80-908-1654,Electrical & Electronics Engineering (EEE),B.Tech,60,1332,2004,Rural,Yes,Yes
1-44642388414,1-44642388414,U-0441,ORIENTAL INSTITUTE OF SCIENCE & TECHNOLOGY,Active,Madhya Pradesh,Bhopal,Bhopal,"THAKRAL NAGAR, RAISEN ROAD, BHOPAL",452493,23.261553,77.401046,Private-Self Financing,"Rajiv Gandhi Proudyogiki Vishwavidyalaya, Bhopal",Approved,Approved,A+,No,,Tier 3,http://www.orientalscience.ac.in,info@orientalscience.ac.in,admissions@orientalscience.ac.in,placement@orientalscience.ac.in,+91-80-908-1654,Information Technology (IT),B.Tech,60,1332,2004,Rural,Yes,Yes
1-44642388414,1-44642388414,U-0441,ORIENTAL INSTITUTE OF SCIENCE & TECHNOLOGY,Active,Madhya Pradesh,Bhopal,Bhopal,"THAKRAL NAGAR, RAISEN ROAD, BHOPAL",452493,23.261553,77.401046,Private-Self Financing,"Rajiv Gandhi Proudyogiki Vishwavidyalaya, Bhopal",Approved,Approved,A+,No,,Tier 3,http://www.orientalscience.ac.in,info@orientalscience.ac.in,admissions@orientalscience.ac.in,placement@orientalscience.ac.in,+91-80-908-1654,Mechanical Engineering,B.Tech,60,1332,2004,Rural,Yes,Yes
1-44642388414,1-44642388414,U-0441,ORIENTAL INSTITUTE OF SCIENCE & TECHNOLOGY,Active,Madhya Pradesh,Bhopal,Bhopal,"THAKRAL NAGAR, RAISEN ROAD, BHOPAL",452493,23.261553,77.401046,Private-Self Financing,"Rajiv Gandhi Proudyogiki Vishwavidyalaya, Bhopal",Approved,Approved,A+,No,,Tier 3,http://www.orientalscience.ac.in,info@orientalscience.ac.in,admissions@orientalscience.ac.in,placement@orientalscience.ac.in,+91-80-908-1654,Artificial Intelligence & Machine Learning (AI & ML),M.Tech,18,1332,2004,Rural,Yes,Yes
1-44642388414,1-44642388414,U-0441,ORIENTAL INSTITUTE OF SCIENCE & TECHNOLOGY,Active,Madhya Pradesh,Bhopal,Bhopal,"THAKRAL NAGAR, RAISEN ROAD, BHOPAL",452493,23.261553,77.401046,Private-Self Financing,"Rajiv Gandhi Proudyogiki Vishwavidyalaya, Bhopal",Approved,Approved,A+,No,,Tier 3,http://www.orientalscience.ac.in,info@orientalscience.ac.in,admissions@orientalscience.ac.in,placement@orientalscience.ac.in,+91-80-908-1654,Artificial Intelligence & Machine Learning (AI & ML),B.Tech,300,1332,2004,Rural,Yes,Yes
1-44642388414,1-44642388414,U-0441,ORIENTAL INSTITUTE OF SCIENCE & TECHNOLOGY,Active,Madhya Pradesh,Bhopal,Bhopal,"THAKRAL NAGAR, RAISEN ROAD, BHOPAL",452493,23.261553,77.401046,Private-Self Financing,"Rajiv Gandhi Proudyogiki Vishwavidyalaya, Bhopal",Approved,Approved,A+,No,,Tier 3,http://www.orientalscience.ac.in,info@orientalscience.ac.in,admissions@orientalscience.ac.in,placement@orientalscience.ac.in,+91-80-908-1654,Data Science,B.Tech,180,1332,2004,Rural,Yes,Yes
1-44642066441,1-44642066441,U-0441,SHRI RAWATPURA SARKAR INSTITUTE OF TECHNOLOGY & SCIENCE,Active,Madhya Pradesh,Datia,Datia,"KALAPURAM,N.H.75, DATIA - 475661 MADHYA PRADESH",475661,22.992913,78.67212,Private-Self Financing,"Rajiv Gandhi Proudyogiki Vishwavidyalaya, Bhopal",Approved,Approved,A,No,,Tier 3,http://www.shrirawatpurasarkar.ac.in,info@shrirawatpurasarkar.ac.in,admissions@shrirawatpurasarkar.ac.in,placement@shrirawatpurasarkar.ac.in,+91-80-657-2897,Civil Engineering,B.Tech,30,120,1984,Urban,Yes,Yes
1-44642066441,1-44642066441,U-0441,SHRI RAWATPURA SARKAR INSTITUTE OF TECHNOLOGY & SCIENCE,Active,Madhya Pradesh,Datia,Datia,"KALAPURAM,N.H.75, DATIA - 475661 MADHYA PRADESH",475661,22.992913,78.67212,Private-Self Financing,"Rajiv Gandhi Proudyogiki Vishwavidyalaya, Bhopal",Approved,Approved,A,No,,Tier 3,http://www.shrirawatpurasarkar.ac.in,info@shrirawatpurasarkar.ac.in,admissions@shrirawatpurasarkar.ac.in,placement@shrirawatpurasarkar.ac.in,+91-80-657-2897,Computer Science Engineering (CSE),B.Tech,30,120,1984,Urban,Yes,Yes
1-44642066441,1-44642066441,U-0441,SHRI RAWATPURA SARKAR INSTITUTE OF TECHNOLOGY & SCIENCE,Active,Madhya Pradesh,Datia,Datia,"KALAPURAM,N.H.75, DATIA - 475661 MADHYA PRADESH",475661,22.992913,78.67212,Private-Self Financing,"Rajiv Gandhi Proudyogiki Vishwavidyalaya, Bhopal",Approved,Approved,A,No,,Tier 3,http://www.shrirawatpurasarkar.ac.in,info@shrirawatpurasarkar.ac.in,admissions@shrirawatpurasarkar.ac.in,placement@shrirawatpurasarkar.ac.in,+91-80-657-2897,Mechanical Engineering,B.Tech,30,120,1984,Urban,Yes,Yes
1-44642066441,1-44642066441,U-0441,SHRI RAWATPURA SARKAR INSTITUTE OF TECHNOLOGY & SCIENCE,Active,Madhya Pradesh,Datia,Datia,"KALAPURAM,N.H.75, DATIA - 475661 MADHYA PRADESH",475661,22.992913,78.67212,Private-Self Financing,"Rajiv Gandhi Proudyogiki Vishwavidyalaya, Bhopal",Approved,Approved,A,No,,Tier 3,http://www.shrirawatpurasarkar.ac.in,info@shrirawatpurasarkar.ac.in,admissions@shrirawatpurasarkar.ac.in,placement@shrirawatpurasarkar.ac.in,+91-80-657-2897,Electronics & Communication Engineering (ECE),B.Tech,30,120,1984,Urban,Yes,Yes
1-44642214706,1-44642214706,U-0441,MILLENNIUM INSTITUTE OF TECHNOLOGY,Active,Madhya Pradesh,Bhopal,Bhopal,"NATHU BARKHERA ROAD, NEAR NEELBAD, BHOPAL",452493,23.254596,77.422766,Private-Self Financing,"Rajiv Gandhi Proudyogiki Vishwavidyalaya, Bhopal",Approved,Approved,Not Accredited,No,,Tier 3,http://www.millennium.ac.in,info@millennium.ac.in,admissions@millennium.ac.in,placement@millennium.ac.in,+91-80-616-3905,Mechanical Engineering,Diploma,60,624,2022,Urban,Yes,No
1-44642214706,1-44642214706,U-0441,MILLENNIUM INSTITUTE OF TECHNOLOGY,Active,Madhya Pradesh,Bhopal,Bhopal,"NATHU BARKHERA ROAD, NEAR NEELBAD, BHOPAL",452493,23.254596,77.422766,Private-Self Financing,"Rajiv Gandhi Proudyogiki Vishwavidyalaya, Bhopal",Approved,Approved,Not Accredited,No,,Tier 3,http://www.millennium.ac.in,info@millennium.ac.in,admissions@millennium.ac.in,placement@millennium.ac.in,+91-80-616-3905,Civil Engineering,Diploma,120,624,2022,Urban,Yes,No
1-44642214706,1-44642214706,U-0441,MILLENNIUM INSTITUTE OF TECHNOLOGY,Active,Madhya Pradesh,Bhopal,Bhopal,"NATHU BARKHERA ROAD, NEAR NEELBAD, BHOPAL",452493,23.254596,77.422766,Private-Self Financing,"Rajiv Gandhi Proudyogiki Vishwavidyalaya, Bhopal",Approved,Approved,Not Accredited,No,,Tier 3,http://www.millennium.ac.in,info@millennium.ac.in,admissions@millennium.ac.in,placement@millennium.ac.in,+91-80-616-3905,Mechanical Engineering,B.Tech,90,624,2022,Urban,Yes,No
1-44642214706,1-44642214706,U-0441,MILLENNIUM INSTITUTE OF TECHNOLOGY,Active,Madhya Pradesh,Bhopal,Bhopal,"NATHU BARKHERA ROAD, NEAR NEELBAD, BHOPAL",452493,23.254596,77.422766,Private-Self Financing,"Rajiv Gandhi Proudyogiki Vishwavidyalaya, Bhopal",Approved,Approved,Not Accredited,No,,Tier 3,http://www.millennium.ac.in,info@millennium.ac.in,admissions@millennium.ac.in,placement@millennium.ac.in,+91-80-616-3905,Computer Science Engineering (CSE),B.Tech,90,624,2022,Urban,Yes,No
1-44642214706,1-44642214706,U-0441,MILLENNIUM INSTITUTE OF TECHNOLOGY,Active,Madhya Pradesh,Bhopal,Bhopal,"NATHU BARKHERA ROAD, NEAR NEELBAD, BHOPAL",452493,23.254596,77.422766,Private-Self Financing,"Rajiv Gandhi Proudyogiki Vishwavidyalaya, Bhopal",Approved,Approved,Not Accredited,No,,Tier 3,http://www.millennium.ac.in,info@millennium.ac.in,admissions@millennium.ac.in,placement@millennium.ac.in,+91-80-616-3905,Civil Engineering,B.Tech,90,624,2022,Urban,Yes,No
1-44642214706,1-44642214706,U-0441,MILLENNIUM INSTITUTE OF TECHNOLOGY,Active,Madhya Pradesh,Bhopal,Bhopal,"NATHU BARKHERA ROAD, NEAR NEELBAD, BHOPAL",452493,23.254596,77.422766,Private-Self Financing,"Rajiv Gandhi Proudyogiki Vishwavidyalaya, Bhopal",Approved,Approved,Not Accredited,No,,Tier 3,http://www.millennium.ac.in,info@millennium.ac.in,admissions@millennium.ac.in,placement@millennium.ac.in,+91-80-616-3905,Computer Science Engineering (CSE),M.Tech,18,624,2022,Urban,Yes,No
1-44642214706,1-44642214706,U-0441,MILLENNIUM INSTITUTE OF TECHNOLOGY,Active,Madhya Pradesh,Bhopal,Bhopal,"NATHU BARKHERA ROAD, NEAR NEELBAD, BHOPAL",452493,23.254596,77.422766,Private-Self Financing,"Rajiv Gandhi Proudyogiki Vishwavidyalaya, Bhopal",Approved,Approved,Not Accredited,No,,Tier 3,http://www.millennium.ac.in,info@millennium.ac.in,admissions@millennium.ac.in,placement@millennium.ac.in,+91-80-616-3905,Other Engineering Branches,M.Tech,66,624,2022,Urban,Yes,No
1-44642214706,1-44642214706,U-0441,MILLENNIUM INSTITUTE OF TECHNOLOGY,Active,Madhya Pradesh,Bhopal,Bhopal,"NATHU BARKHERA ROAD, NEAR NEELBAD, BHOPAL",452493,23.254596,77.422766,Private-Self Financing,"Rajiv Gandhi Proudyogiki Vishwavidyalaya, Bhopal",Approved,Approved,Not Accredited,No,,Tier 3,http://www.millennium.ac.in,info@millennium.ac.in,admissions@millennium.ac.in,placement@millennium.ac.in,+91-80-616-3905,Other Engineering Branches,Diploma,30,624,2022,Urban,Yes,No
1-44642214706,1-44642214706,U-0441,MILLENNIUM INSTITUTE OF TECHNOLOGY,Active,Madhya Pradesh,Bhopal,Bhopal,"NATHU BARKHERA ROAD, NEAR NEELBAD, BHOPAL",452493,23.254596,77.422766,Private-Self Financing,"Rajiv Gandhi Proudyogiki Vishwavidyalaya, Bhopal",Approved,Approved,Not Accredited,No,,Tier 3,http://www.millennium.ac.in,info@millennium.ac.in,admissions@millennium.ac.in,placement@millennium.ac.in,+91-80-616-3905,Data Science,B.Tech,30,624,2022,Urban,Yes,No
1-44642214706,1-44642214706,U-0441,MILLENNIUM INSTITUTE OF TECHNOLOGY,Active,Madhya Pradesh,Bhopal,Bhopal,"NATHU BARKHERA ROAD, NEAR NEELBAD, BHOPAL",452493,23.254596,77.422766,Private-Self Financing,"Rajiv Gandhi Proudyogiki Vishwavidyalaya, Bhopal",Approved,Approved,Not Accredited,No,,Tier 3,http://www.millennium.ac.in,info@millennium.ac.in,admissions@millennium.ac.in,placement@millennium.ac.in,+91-80-616-3905,Other Engineering Branches,B.Tech,30,624,2022,Urban,Yes,No
1-44642283242,1-44642283242,U-0441,RADHARAMAN ENGINEERING COLLEGE,Active,Madhya Pradesh,Bhopal,Bhopal,"FATEHPUR DOBRA, RATIBAD, BHOPAL",452493,23.244236,77.399103,Private-Self Financing,"Rajiv Gandhi Proudyogiki Vishwavidyalaya, Bhopal",Approved,Approved,Not Accredited,No,,Tier 3,http://www.radharaman.ac.in,info@radharaman.ac.in,admissions@radharaman.ac.in,placement@radharaman.ac.in,+91-80-181-8665,Mechanical Engineering,Diploma,60,600,1994,Urban,Yes,Yes
1-44642283242,1-44642283242,U-0441,RADHARAMAN ENGINEERING COLLEGE,Active,Madhya Pradesh,Bhopal,Bhopal,"FATEHPUR DOBRA, RATIBAD, BHOPAL",452493,23.244236,77.399103,Private-Self Financing,"Rajiv Gandhi Proudyogiki Vishwavidyalaya, Bhopal",Approved,Approved,Not Accredited,No,,Tier 3,http://www.radharaman.ac.in,info@radharaman.ac.in,admissions@radharaman.ac.in,placement@radharaman.ac.in,+91-80-181-8665,Computer Science Engineering (CSE),B.Tech,120,600,1994,Urban,Yes,Yes
1-44642283242,1-44642283242,U-0441,RADHARAMAN ENGINEERING COLLEGE,Active,Madhya Pradesh,Bhopal,Bhopal,"FATEHPUR DOBRA, RATIBAD, BHOPAL",452493,23.244236,77.399103,Private-Self Financing,"Rajiv Gandhi Proudyogiki Vishwavidyalaya, Bhopal",Approved,Approved,Not Accredited,No,,Tier 3,http://www.radharaman.ac.in,info@radharaman.ac.in,admissions@radharaman.ac.in,placement@radharaman.ac.in,+91-80-181-8665,Electrical & Electronics Engineering (EEE),B.Tech,30,600,1994,Urban,Yes,Yes
1-44642283242,1-44642283242,U-0441,RADHARAMAN ENGINEERING COLLEGE,Active,Madhya Pradesh,Bhopal,Bhopal,"FATEHPUR DOBRA, RATIBAD, BHOPAL",452493,23.244236,77.399103,Private-Self Financing,"Rajiv Gandhi Proudyogiki Vishwavidyalaya, Bhopal",Approved,Approved,Not Accredited,No,,Tier 3,http://www.radharaman.ac.in,info@radharaman.ac.in,admissions@radharaman.ac.in,placement@radharaman.ac.in,+91-80-181-8665,Computer Science Engineering (CSE),M.Tech,30,600,1994,Urban,Yes,Yes
1-44642283242,1-44642283242,U-0441,RADHARAMAN ENGINEERING COLLEGE,Active,Madhya Pradesh,Bhopal,Bhopal,"FATEHPUR DOBRA, RATIBAD, BHOPAL",452493,23.244236,77.399103,Private-Self Financing,"Rajiv Gandhi Proudyogiki Vishwavidyalaya, Bhopal",Approved,Approved,Not Accredited,No,,Tier 3,http://www.radharaman.ac.in,info@radharaman.ac.in,admissions@radharaman.ac.in,placement@radharaman.ac.in,+91-80-181-8665,Other Engineering Branches,M.Tech,60,600,1994,Urban,Yes,Yes
1-44642283242,1-44642283242,U-0441,RADHARAMAN ENGINEERING COLLEGE,Active,Madhya Pradesh,Bhopal,Bhopal,"FATEHPUR DOBRA, RATIBAD, BHOPAL",452493,23.244236,77.399103,Private-Self Financing,"Rajiv Gandhi Proudyogiki Vishwavidyalaya, Bhopal",Approved,Approved,Not Accredited,No,,Tier 3,http://www.radharaman.ac.in,info@radharaman.ac.in,admissions@radharaman.ac.in,placement@radharaman.ac.in,+91-80-181-8665,Mechanical Engineering,B.Tech,60,600,1994,Urban,Yes,Yes
1-44642283242,1-44642283242,U-0441,RADHARAMAN ENGINEERING COLLEGE,Active,Madhya Pradesh,Bhopal,Bhopal,"FATEHPUR DOBRA, RATIBAD, BHOPAL",452493,23.244236,77.399103,Private-Self Financing,"Rajiv Gandhi Proudyogiki Vishwavidyalaya, Bhopal",Approved,Approved,Not Accredited,No,,Tier 3,http://www.radharaman.ac.in,info@radharaman.ac.in,admissions@radharaman.ac.in,placement@radharaman.ac.in,+91-80-181-8665,Civil Engineering,Diploma,120,600,1994,Urban,Yes,Yes
1-44642283242,1-44642283242,U-0441,RADHARAMAN ENGINEERING COLLEGE,Active,Madhya Pradesh,Bhopal,Bhopal,"FATEHPUR DOBRA, RATIBAD, BHOPAL",452493,23.244236,77.399103,Private-Self Financing,"Rajiv Gandhi Proudyogiki Vishwavidyalaya, Bhopal",Approved,Approved,Not Accredited,No,,Tier 3,http://www.radharaman.ac.in,info@radharaman.ac.in,admissions@radharaman.ac.in,placement@radharaman.ac.in,+91-80-181-8665,Electrical & Electronics Engineering (EEE),Diploma,60,600,1994,Urban,Yes,Yes
1-44642283242,1-44642283242,U-0441,RADHARAMAN ENGINEERING COLLEGE,Active,Madhya Pradesh,Bhopal,Bhopal,"FATEHPUR DOBRA, RATIBAD, BHOPAL",452493,23.244236,77.399103,Private-Self Financing,"Rajiv Gandhi Proudyogiki Vishwavidyalaya, Bhopal",Approved,Approved,Not Accredited,No,,Tier 3,http://www.radharaman.ac.in,info@radharaman.ac.in,admissions@radharaman.ac.in,placement@radharaman.ac.in,+91-80-181-8665,Civil Engineering,B.Tech,60,600,1994,Urban,Yes,Yes
1-44642326135,1-44642326135,U-0441,JAI NARAIN COLLEGE OF TECHNOLOGY,Active,Madhya Pradesh,Bhopal,Bhopal,"NEW CHOUKSEY NAGAR, BERASIA ROAD,BHOPAL",452493,23.258711,77.403269,Private-Self Financing,"Rajiv Gandhi Proudyogiki Vishwavidyalaya, Bhopal",Approved,Approved,A+,Yes,,Tier 2,http://www.jainarain.ac.in,info@jainarain.ac.in,admissions@jainarain.ac.in,placement@jainarain.ac.in,+91-80-788-9988,Computer Science Engineering (CSE),B.Tech,180,450,2014,Rural,Yes,No
1-44642326135,1-44642326135,U-0441,JAI NARAIN COLLEGE OF TECHNOLOGY,Active,Madhya Pradesh,Bhopal,Bhopal,"NEW CHOUKSEY NAGAR, BERASIA ROAD,BHOPAL",452493,23.258711,77.403269,Private-Self Financing,"Rajiv Gandhi Proudyogiki Vishwavidyalaya, Bhopal",Approved,Approved,A+,Yes,,Tier 2,http://www.jainarain.ac.in,info@jainarain.ac.in,admissions@jainarain.ac.in,placement@jainarain.ac.in,+91-80-788-9988,Electronics & Communication Engineering (ECE),B.Tech,30,450,2014,Rural,Yes,No
1-44642326135,1-44642326135,U-0441,JAI NARAIN COLLEGE OF TECHNOLOGY,Active,Madhya Pradesh,Bhopal,Bhopal,"NEW CHOUKSEY NAGAR, BERASIA ROAD,BHOPAL",452493,23.258711,77.403269,Private-Self Financing,"Rajiv Gandhi Proudyogiki Vishwavidyalaya, Bhopal",Approved,Approved,A+,Yes,,Tier 2,http://www.jainarain.ac.in,info@jainarain.ac.in,admissions@jainarain.ac.in,placement@jainarain.ac.in,+91-80-788-9988,Electrical & Electronics Engineering (EEE),B.Tech,30,450,2014,Rural,Yes,No
1-44642326135,1-44642326135,U-0441,JAI NARAIN COLLEGE OF TECHNOLOGY,Active,Madhya Pradesh,Bhopal,Bhopal,"NEW CHOUKSEY NAGAR, BERASIA ROAD,BHOPAL",452493,23.258711,77.403269,Private-Self Financing,"Rajiv Gandhi Proudyogiki Vishwavidyalaya, Bhopal",Approved,Approved,A+,Yes,,Tier 2,http://www.jainarain.ac.in,info@jainarain.ac.in,admissions@jainarain.ac.in,placement@jainarain.ac.in,+91-80-788-9988,Mechanical Engineering,B.Tech,30,450,2014,Rural,Yes,No
1-44642326135,1-44642326135,U-0441,JAI NARAIN COLLEGE OF TECHNOLOGY,Active,Madhya Pradesh,Bhopal,Bhopal,"NEW CHOUKSEY NAGAR, BERASIA ROAD,BHOPAL",452493,23.258711,77.403269,Private-Self Financing,"Rajiv Gandhi Proudyogiki Vishwavidyalaya, Bhopal",Approved,Approved,A+,Yes,,Tier 2,http://www.jainarain.ac.in,info@jainarain.ac.in,admissions@jainarain.ac.in,placement@jainarain.ac.in,+91-80-788-9988,Computer Science Engineering (CSE),M.Tech,30,450,2014,Rural,Yes,No
1-44642326135,1-44642326135,U-0441,JAI NARAIN COLLEGE OF TECHNOLOGY,Active,Madhya Pradesh,Bhopal,Bhopal,"NEW CHOUKSEY NAGAR, BERASIA ROAD,BHOPAL",452493,23.258711,77.403269,Private-Self Financing,"Rajiv Gandhi Proudyogiki Vishwavidyalaya, Bhopal",Approved,Approved,A+,Yes,,Tier 2,http://www.jainarain.ac.in,info@jainarain.ac.in,admissions@jainarain.ac.in,placement@jainarain.ac.in,+91-80-788-9988,Data Science,B.Tech,60,450,2014,Rural,Yes,No
1-44642326135,1-44642326135,U-0441,JAI NARAIN COLLEGE OF TECHNOLOGY,Active,Madhya Pradesh,Bhopal,Bhopal,"NEW CHOUKSEY NAGAR, BERASIA ROAD,BHOPAL",452493,23.258711,77.403269,Private-Self Financing,"Rajiv Gandhi Proudyogiki Vishwavidyalaya, Bhopal",Approved,Approved,A+,Yes,,Tier 2,http://www.jainarain.ac.in,info@jainarain.ac.in,admissions@jainarain.ac.in,placement@jainarain.ac.in,+91-80-788-9988,Artificial Intelligence & Machine Learning (AI & ML),B.Tech,90,450,2014,Rural,Yes,No
1-44641898697,1-44641898697,U-0441,TECHNOCRATS INSTITUTE OF TECHNOLOGY-COMPUTER SCIENCE AND ENGINEERING,Active,Madhya Pradesh,Bhopal,Bhopal,"INFRONT OF HATHAIKHEDA DAM, POST PIPLANI, P.B.NO-24, BHEL",452493,23.261906,77.424549,Private-Self Financing,"Rajiv Gandhi Proudyogiki Vishwavidyalaya, Bhopal",Approved,Approved,A+,Yes,,Tier 2,http://www.technocratstechnologycomputerscience.ac.in,info@technocratstechnologycomputerscience.ac.in,admissions@technocratstechnologycomputerscience.ac.in,placement@technocratstechnologycomputerscience.ac.in,+91-80-923-0028,Computer Science Engineering (CSE),B.Tech,180,360,1997,Rural,No,Yes
1-44641898697,1-44641898697,U-0441,TECHNOCRATS INSTITUTE OF TECHNOLOGY-COMPUTER SCIENCE AND ENGINEERING,Active,Madhya Pradesh,Bhopal,Bhopal,"INFRONT OF HATHAIKHEDA DAM, POST PIPLANI, P.B.NO-24, BHEL",452493,23.261906,77.424549,Private-Self Financing,"Rajiv Gandhi Proudyogiki Vishwavidyalaya, Bhopal",Approved,Approved,A+,Yes,,Tier 2,http://www.technocratstechnologycomputerscience.ac.in,info@technocratstechnologycomputerscience.ac.in,admissions@technocratstechnologycomputerscience.ac.in,placement@technocratstechnologycomputerscience.ac.in,+91-80-923-0028,Civil Engineering,B.Tech,60,360,1997,Rural,No,Yes
1-44641898697,1-44641898697,U-0441,TECHNOCRATS INSTITUTE OF TECHNOLOGY-COMPUTER SCIENCE AND ENGINEERING,Active,Madhya Pradesh,Bhopal,Bhopal,"INFRONT OF HATHAIKHEDA DAM, POST PIPLANI, P.B.NO-24, BHEL",452493,23.261906,77.424549,Private-Self Financing,"Rajiv Gandhi Proudyogiki Vishwavidyalaya, Bhopal",Approved,Approved,A+,Yes,,Tier 2,http://www.technocratstechnologycomputerscience.ac.in,info@technocratstechnologycomputerscience.ac.in,admissions@technocratstechnologycomputerscience.ac.in,placement@technocratstechnologycomputerscience.ac.in,+91-80-923-0028,Artificial Intelligence & Machine Learning (AI & ML),M.Tech,30,360,1997,Rural,No,Yes
1-44641898697,1-44641898697,U-0441,TECHNOCRATS INSTITUTE OF TECHNOLOGY-COMPUTER SCIENCE AND ENGINEERING,Active,Madhya Pradesh,Bhopal,Bhopal,"INFRONT OF HATHAIKHEDA DAM, POST PIPLANI, P.B.NO-24, BHEL",452493,23.261906,77.424549,Private-Self Financing,"Rajiv Gandhi Proudyogiki Vishwavidyalaya, Bhopal",Approved,Approved,A+,Yes,,Tier 2,http://www.technocratstechnologycomputerscience.ac.in,info@technocratstechnologycomputerscience.ac.in,admissions@technocratstechnologycomputerscience.ac.in,placement@technocratstechnologycomputerscience.ac.in,+91-80-923-0028,Other Engineering Branches,M.Tech,30,360,1997,Rural,No,Yes
1-44641898697,1-44641898697,U-0441,TECHNOCRATS INSTITUTE OF TECHNOLOGY-COMPUTER SCIENCE AND ENGINEERING,Active,Madhya Pradesh,Bhopal,Bhopal,"INFRONT OF HATHAIKHEDA DAM, POST PIPLANI, P.B.NO-24, BHEL",452493,23.261906,77.424549,Private-Self Financing,"Rajiv Gandhi Proudyogiki Vishwavidyalaya, Bhopal",Approved,Approved,A+,Yes,,Tier 2,http://www.technocratstechnologycomputerscience.ac.in,info@technocratstechnologycomputerscience.ac.in,admissions@technocratstechnologycomputerscience.ac.in,placement@technocratstechnologycomputerscience.ac.in,+91-80-923-0028,Artificial Intelligence & Machine Learning (AI & ML),B.Tech,60,360,1997,Rural,No,Yes
1-44641852932,1-44641852932,U-0992,EKLAVYA UNIVERSITY,Active,Madhya Pradesh,Damoh,Damoh,"OJASWINI NAGAR, VILL. HATHNA, SAGAR ROAD, DAMOH",452645,22.964322,78.639939,Deemed to be University(Pvt),NOT APPLICABLE,Approved,Approved,Not Accredited,No,,Tier 3,http://www.eklavya.ac.in,info@eklavya.ac.in,admissions@eklavya.ac.in,placement@eklavya.ac.in,+91-80-458-1139,Civil Engineering,B.Tech,60,723,1980,Urban,Yes,Yes
1-44641852932,1-44641852932,U-0992,EKLAVYA UNIVERSITY,Active,Madhya Pradesh,Damoh,Damoh,"OJASWINI NAGAR, VILL. HATHNA, SAGAR ROAD, DAMOH",452645,22.964322,78.639939,Deemed to be University(Pvt),NOT APPLICABLE,Approved,Approved,Not Accredited,No,,Tier 3,http://www.eklavya.ac.in,info@eklavya.ac.in,admissions@eklavya.ac.in,placement@eklavya.ac.in,+91-80-458-1139,Mechanical Engineering,B.Tech,60,723,1980,Urban,Yes,Yes
1-44641852932,1-44641852932,U-0992,EKLAVYA UNIVERSITY,Active,Madhya Pradesh,Damoh,Damoh,"OJASWINI NAGAR, VILL. HATHNA, SAGAR ROAD, DAMOH",452645,22.964322,78.639939,Deemed to be University(Pvt),NOT APPLICABLE,Approved,Approved,Not Accredited,No,,Tier 3,http://www.eklavya.ac.in,info@eklavya.ac.in,admissions@eklavya.ac.in,placement@eklavya.ac.in,+91-80-458-1139,Electrical & Electronics Engineering (EEE),B.Tech,60,723,1980,Urban,Yes,Yes
1-44641852932,1-44641852932,U-0992,EKLAVYA UNIVERSITY,Active,Madhya Pradesh,Damoh,Damoh,"OJASWINI NAGAR, VILL. HATHNA, SAGAR ROAD, DAMOH",452645,22.964322,78.639939,Deemed to be University(Pvt),NOT APPLICABLE,Approved,Approved,Not Accredited,No,,Tier 3,http://www.eklavya.ac.in,info@eklavya.ac.in,admissions@eklavya.ac.in,placement@eklavya.ac.in,+91-80-458-1139,Computer Science Engineering (CSE),B.Tech,90,723,1980,Urban,Yes,Yes
1-44641852932,1-44641852932,U-0992,EKLAVYA UNIVERSITY,Active,Madhya Pradesh,Damoh,Damoh,"OJASWINI NAGAR, VILL. HATHNA, SAGAR ROAD, DAMOH",452645,22.964322,78.639939,Deemed to be University(Pvt),NOT APPLICABLE,Approved,Approved,Not Accredited,No,,Tier 3,http://www.eklavya.ac.in,info@eklavya.ac.in,admissions@eklavya.ac.in,placement@eklavya.ac.in,+91-80-458-1139,Information Technology (IT),B.Tech,15,723,1980,Urban,Yes,Yes
1-44641852932,1-44641852932,U-0992,EKLAVYA UNIVERSITY,Active,Madhya Pradesh,Damoh,Damoh,"OJASWINI NAGAR, VILL. HATHNA, SAGAR ROAD, DAMOH",452645,22.964322,78.639939,Deemed to be University(Pvt),NOT APPLICABLE,Approved,Approved,Not Accredited,No,,Tier 3,http://www.eklavya.ac.in,info@eklavya.ac.in,admissions@eklavya.ac.in,placement@eklavya.ac.in,+91-80-458-1139,Electronics & Communication Engineering (ECE),B.Tech,30,723,1980,Urban,Yes,Yes
1-44641852932,1-44641852932,U-0992,EKLAVYA UNIVERSITY,Active,Madhya Pradesh,Damoh,Damoh,"OJASWINI NAGAR, VILL. HATHNA, SAGAR ROAD, DAMOH",452645,22.964322,78.639939,Deemed to be University(Pvt),NOT APPLICABLE,Approved,Approved,Not Accredited,No,,Tier 3,http://www.eklavya.ac.in,info@eklavya.ac.in,admissions@eklavya.ac.in,placement@eklavya.ac.in,+91-80-458-1139,Information Technology (IT),M.Tech,18,723,1980,Urban,Yes,Yes
1-44641852932,1-44641852932,U-0992,EKLAVYA UNIVERSITY,Active,Madhya Pradesh,Damoh,Damoh,"OJASWINI NAGAR, VILL. HATHNA, SAGAR ROAD, DAMOH",452645,22.964322,78.639939,Deemed to be University(Pvt),NOT APPLICABLE,Approved,Approved,Not Accredited,No,,Tier 3,http://www.eklavya.ac.in,info@eklavya.ac.in,admissions@eklavya.ac.in,placement@eklavya.ac.in,+91-80-458-1139,Electrical & Electronics Engineering (EEE),Diploma,60,723,1980,Urban,Yes,Yes
1-44641852932,1-44641852932,U-0992,EKLAVYA UNIVERSITY,Active,Madhya Pradesh,Damoh,Damoh,"OJASWINI NAGAR, VILL. HATHNA, SAGAR ROAD, DAMOH",452645,22.964322,78.639939,Deemed to be University(Pvt),NOT APPLICABLE,Approved,Approved,Not Accredited,No,,Tier 3,http://www.eklavya.ac.in,info@eklavya.ac.in,admissions@eklavya.ac.in,placement@eklavya.ac.in,+91-80-458-1139,Mechanical Engineering,Diploma,60,723,1980,Urban,Yes,Yes
1-44641852932,1-44641852932,U-0992,EKLAVYA UNIVERSITY,Active,Madhya Pradesh,Damoh,Damoh,"OJASWINI NAGAR, VILL. HATHNA, SAGAR ROAD, DAMOH",452645,22.964322,78.639939,Deemed to be University(Pvt),NOT APPLICABLE,Approved,Approved,Not Accredited,No,,Tier 3,http://www.eklavya.ac.in,info@eklavya.ac.in,admissions@eklavya.ac.in,placement@eklavya.ac.in,+91-80-458-1139,Electrical & Electronics Engineering (EEE),M.Tech,18,723,1980,Urban,Yes,Yes
1-44641852932,1-44641852932,U-0992,EKLAVYA UNIVERSITY,Active,Madhya Pradesh,Damoh,Damoh,"OJASWINI NAGAR, VILL. HATHNA, SAGAR ROAD, DAMOH",452645,22.964322,78.639939,Deemed to be University(Pvt),NOT APPLICABLE,Approved,Approved,Not Accredited,No,,Tier 3,http://www.eklavya.ac.in,info@eklavya.ac.in,admissions@eklavya.ac.in,placement@eklavya.ac.in,+91-80-458-1139,Mechanical Engineering,M.Tech,18,723,1980,Urban,Yes,Yes
1-44641852932,1-44641852932,U-0992,EKLAVYA UNIVERSITY,Active,Madhya Pradesh,Damoh,Damoh,"OJASWINI NAGAR, VILL. HATHNA, SAGAR ROAD, DAMOH",452645,22.964322,78.639939,Deemed to be University(Pvt),NOT APPLICABLE,Approved,Approved,Not Accredited,No,,Tier 3,http://www.eklavya.ac.in,info@eklavya.ac.in,admissions@eklavya.ac.in,placement@eklavya.ac.in,+91-80-458-1139,Civil Engineering,Diploma,60,723,1980,Urban,Yes,Yes
1-44641852932,1-44641852932,U-0992,EKLAVYA UNIVERSITY,Active,Madhya Pradesh,Damoh,Damoh,"OJASWINI NAGAR, VILL. HATHNA, SAGAR ROAD, DAMOH",452645,22.964322,78.639939,Deemed to be University(Pvt),NOT APPLICABLE,Approved,Approved,Not Accredited,No,,Tier 3,http://www.eklavya.ac.in,info@eklavya.ac.in,admissions@eklavya.ac.in,placement@eklavya.ac.in,+91-80-458-1139,Computer Science Engineering (CSE),Diploma,60,723,1980,Urban,Yes,Yes
1-44641852932,1-44641852932,U-0992,EKLAVYA UNIVERSITY,Active,Madhya Pradesh,Damoh,Damoh,"OJASWINI NAGAR, VILL. HATHNA, SAGAR ROAD, DAMOH",452645,22.964322,78.639939,Deemed to be University(Pvt),NOT APPLICABLE,Approved,Approved,Not Accredited,No,,Tier 3,http://www.eklavya.ac.in,info@eklavya.ac.in,admissions@eklavya.ac.in,placement@eklavya.ac.in,+91-80-458-1139,Other Engineering Branches,M.Tech,78,723,1980,Urban,Yes,Yes
1-44641852932,1-44641852932,U-0992,EKLAVYA UNIVERSITY,Active,Madhya Pradesh,Damoh,Damoh,"OJASWINI NAGAR, VILL. HATHNA, SAGAR ROAD, DAMOH",452645,22.964322,78.639939,Deemed to be University(Pvt),NOT APPLICABLE,Approved,Approved,Not Accredited,No,,Tier 3,http://www.eklavya.ac.in,info@eklavya.ac.in,admissions@eklavya.ac.in,placement@eklavya.ac.in,+91-80-458-1139,Computer Science Engineering (CSE),M.Tech,18,723,1980,Urban,Yes,Yes
1-44641852932,1-44641852932,U-0992,EKLAVYA UNIVERSITY,Active,Madhya Pradesh,Damoh,Damoh,"OJASWINI NAGAR, VILL. HATHNA, SAGAR ROAD, DAMOH",452645,22.964322,78.639939,Deemed to be University(Pvt),NOT APPLICABLE,Approved,Approved,Not Accredited,No,,Tier 3,http://www.eklavya.ac.in,info@eklavya.ac.in,admissions@eklavya.ac.in,placement@eklavya.ac.in,+91-80-458-1139,Data Science,M.Tech,18,723,1980,Urban,Yes,Yes
1-44641904726,1-44641904726,U-0441,SHRI G.S.INSTITUTE OF TECH. & SCIENCE,Active,Madhya Pradesh,Indore,Indore,"23,PARK ROAD",452012,22.72224,75.873208,Govt aided,"Rajiv Gandhi Proudyogiki Vishwavidyalaya, Bhopal",Approved,Approved,B+,No,,Tier 3,http://www.shrigsinstitutetech.ac.in,info@shrigsinstitutetech.ac.in,admissions@shrigsinstitutetech.ac.in,placement@shrigsinstitutetech.ac.in,+91-80-949-5779,Civil Engineering,B.Tech,90,1116,2019,Rural,Yes,Yes
1-44641904726,1-44641904726,U-0441,SHRI G.S.INSTITUTE OF TECH. & SCIENCE,Active,Madhya Pradesh,Indore,Indore,"23,PARK ROAD",452012,22.72224,75.873208,Govt aided,"Rajiv Gandhi Proudyogiki Vishwavidyalaya, Bhopal",Approved,Approved,B+,No,,Tier 3,http://www.shrigsinstitutetech.ac.in,info@shrigsinstitutetech.ac.in,admissions@shrigsinstitutetech.ac.in,placement@shrigsinstitutetech.ac.in,+91-80-949-5779,Mechanical Engineering,B.Tech,90,1116,2019,Rural,Yes,Yes
1-44641904726,1-44641904726,U-0441,SHRI G.S.INSTITUTE OF TECH. & SCIENCE,Active,Madhya Pradesh,Indore,Indore,"23,PARK ROAD",452012,22.72224,75.873208,Govt aided,"Rajiv Gandhi Proudyogiki Vishwavidyalaya, Bhopal",Approved,Approved,B+,No,,Tier 3,http://www.shrigsinstitutetech.ac.in,info@shrigsinstitutetech.ac.in,admissions@shrigsinstitutetech.ac.in,placement@shrigsinstitutetech.ac.in,+91-80-949-5779,Electrical Engineering,B.Tech,90,1116,2019,Rural,Yes,Yes
1-44641904726,1-44641904726,U-0441,SHRI G.S.INSTITUTE OF TECH. & SCIENCE,Active,Madhya Pradesh,Indore,Indore,"23,PARK ROAD",452012,22.72224,75.873208,Govt aided,"Rajiv Gandhi Proudyogiki Vishwavidyalaya, Bhopal",Approved,Approved,B+,No,,Tier 3,http://www.shrigsinstitutetech.ac.in,info@shrigsinstitutetech.ac.in,admissions@shrigsinstitutetech.ac.in,placement@shrigsinstitutetech.ac.in,+91-80-949-5779,Electronics & Communication Engineering (ECE),B.Tech,90,1116,2019,Rural,Yes,Yes
1-44641904726,1-44641904726,U-0441,SHRI G.S.INSTITUTE OF TECH. & SCIENCE,Active,Madhya Pradesh,Indore,Indore,"23,PARK ROAD",452012,22.72224,75.873208,Govt aided,"Rajiv Gandhi Proudyogiki Vishwavidyalaya, Bhopal",Approved,Approved,B+,No,,Tier 3,http://www.shrigsinstitutetech.ac.in,info@shrigsinstitutetech.ac.in,admissions@shrigsinstitutetech.ac.in,placement@shrigsinstitutetech.ac.in,+91-80-949-5779,Other Engineering Branches,B.Tech,270,1116,2019,Rural,Yes,Yes
1-44641904726,1-44641904726,U-0441,SHRI G.S.INSTITUTE OF TECH. & SCIENCE,Active,Madhya Pradesh,Indore,Indore,"23,PARK ROAD",452012,22.72224,75.873208,Govt aided,"Rajiv Gandhi Proudyogiki Vishwavidyalaya, Bhopal",Approved,Approved,B+,No,,Tier 3,http://www.shrigsinstitutetech.ac.in,info@shrigsinstitutetech.ac.in,admissions@shrigsinstitutetech.ac.in,placement@shrigsinstitutetech.ac.in,+91-80-949-5779,Computer Science Engineering (CSE),B.Tech,120,1116,2019,Rural,Yes,Yes
1-44641904726,1-44641904726,U-0441,SHRI G.S.INSTITUTE OF TECH. & SCIENCE,Active,Madhya Pradesh,Indore,Indore,"23,PARK ROAD",452012,22.72224,75.873208,Govt aided,"Rajiv Gandhi Proudyogiki Vishwavidyalaya, Bhopal",Approved,Approved,B+,No,,Tier 3,http://www.shrigsinstitutetech.ac.in,info@shrigsinstitutetech.ac.in,admissions@shrigsinstitutetech.ac.in,placement@shrigsinstitutetech.ac.in,+91-80-949-5779,Information Technology (IT),B.Tech,120,1116,2019,Rural,Yes,Yes
1-44641904726,1-44641904726,U-0441,SHRI G.S.INSTITUTE OF TECH. & SCIENCE,Active,Madhya Pradesh,Indore,Indore,"23,PARK ROAD",452012,22.72224,75.873208,Govt aided,"Rajiv Gandhi Proudyogiki Vishwavidyalaya, Bhopal",Approved,Approved,B+,No,,Tier 3,http://www.shrigsinstitutetech.ac.in,info@shrigsinstitutetech.ac.in,admissions@shrigsinstitutetech.ac.in,placement@shrigsinstitutetech.ac.in,+91-80-949-5779,Computer Science Engineering (CSE),M.Tech,18,1116,2019,Rural,Yes,Yes
1-44641904726,1-44641904726,U-0441,SHRI G.S.INSTITUTE OF TECH. & SCIENCE,Active,Madhya Pradesh,Indore,Indore,"23,PARK ROAD",452012,22.72224,75.873208,Govt aided,"Rajiv Gandhi Proudyogiki Vishwavidyalaya, Bhopal",Approved,Approved,B+,No,,Tier 3,http://www.shrigsinstitutetech.ac.in,info@shrigsinstitutetech.ac.in,admissions@shrigsinstitutetech.ac.in,placement@shrigsinstitutetech.ac.in,+91-80-949-5779,Other Engineering Branches,M.Tech,186,1116,2019,Rural,Yes,Yes
1-44641904726,1-44641904726,U-0441,SHRI G.S.INSTITUTE OF TECH. & SCIENCE,Active,Madhya Pradesh,Indore,Indore,"23,PARK ROAD",452012,22.72224,75.873208,Govt aided,"Rajiv Gandhi Proudyogiki Vishwavidyalaya, Bhopal",Approved,Approved,B+,No,,Tier 3,http://www.shrigsinstitutetech.ac.in,info@shrigsinstitutetech.ac.in,admissions@shrigsinstitutetech.ac.in,placement@shrigsinstitutetech.ac.in,+91-80-949-5779,Electronics & Communication Engineering (ECE),M.Tech,12,1116,2019,Rural,Yes,Yes
1-44641904726,1-44641904726,U-0441,SHRI G.S.INSTITUTE OF TECH. & SCIENCE,Active,Madhya Pradesh,Indore,Indore,"23,PARK ROAD",452012,22.72224,75.873208,Govt aided,"Rajiv Gandhi Proudyogiki Vishwavidyalaya, Bhopal",Approved,Approved,B+,No,,Tier 3,http://www.shrigsinstitutetech.ac.in,info@shrigsinstitutetech.ac.in,admissions@shrigsinstitutetech.ac.in,placement@shrigsinstitutetech.ac.in,+91-80-949-5779,Mechanical Engineering,M.Tech,18,1116,2019,Rural,Yes,Yes
1-44641904726,1-44641904726,U-0441,SHRI G.S.INSTITUTE OF TECH. & SCIENCE,Active,Madhya Pradesh,Indore,Indore,"23,PARK ROAD",452012,22.72224,75.873208,Govt aided,"Rajiv Gandhi Proudyogiki Vishwavidyalaya, Bhopal",Approved,Approved,B+,No,,Tier 3,http://www.shrigsinstitutetech.ac.in,info@shrigsinstitutetech.ac.in,admissions@shrigsinstitutetech.ac.in,placement@shrigsinstitutetech.ac.in,+91-80-949-5779,Information Technology (IT),M.Tech,12,1116,2019,Rural,Yes,Yes
1-44641949799,1-44641949799,U-0441,KOPAL INSTITUTE OF SCIENCE & TECHNOLOGY,Active,Madhya Pradesh,Bhopal,Bhopal,"GRAM KALKHEDA,TEHSIL -HUZUR,DISTRICT BHOPAL",452493,23.246273,77.422694,Private-Self Financing,"Rajiv Gandhi Proudyogiki Vishwavidyalaya, Bhopal",Approved,Approved,B,Yes,,Tier 3,http://www.kopalscience.ac.in,info@kopalscience.ac.in,admissions@kopalscience.ac.in,placement@kopalscience.ac.in,+91-80-267-3344,Computer Science Engineering (CSE),B.Tech,60,402,1987,Urban,Yes,Yes
1-44641949799,1-44641949799,U-0441,KOPAL INSTITUTE OF SCIENCE & TECHNOLOGY,Active,Madhya Pradesh,Bhopal,Bhopal,"GRAM KALKHEDA,TEHSIL -HUZUR,DISTRICT BHOPAL",452493,23.246273,77.422694,Private-Self Financing,"Rajiv Gandhi Proudyogiki Vishwavidyalaya, Bhopal",Approved,Approved,B,Yes,,Tier 3,http://www.kopalscience.ac.in,info@kopalscience.ac.in,admissions@kopalscience.ac.in,placement@kopalscience.ac.in,+91-80-267-3344,Electrical & Electronics Engineering (EEE),B.Tech,60,402,1987,Urban,Yes,Yes
1-44641949799,1-44641949799,U-0441,KOPAL INSTITUTE OF SCIENCE & TECHNOLOGY,Active,Madhya Pradesh,Bhopal,Bhopal,"GRAM KALKHEDA,TEHSIL -HUZUR,DISTRICT BHOPAL",452493,23.246273,77.422694,Private-Self Financing,"Rajiv Gandhi Proudyogiki Vishwavidyalaya, Bhopal",Approved,Approved,B,Yes,,Tier 3,http://www.kopalscience.ac.in,info@kopalscience.ac.in,admissions@kopalscience.ac.in,placement@kopalscience.ac.in,+91-80-267-3344,Civil Engineering,B.Tech,60,402,1987,Urban,Yes,Yes
1-44641949799,1-44641949799,U-0441,KOPAL INSTITUTE OF SCIENCE & TECHNOLOGY,Active,Madhya Pradesh,Bhopal,Bhopal,"GRAM KALKHEDA,TEHSIL -HUZUR,DISTRICT BHOPAL",452493,23.246273,77.422694,Private-Self Financing,"Rajiv Gandhi Proudyogiki Vishwavidyalaya, Bhopal",Approved,Approved,B,Yes,,Tier 3,http://www.kopalscience.ac.in,info@kopalscience.ac.in,admissions@kopalscience.ac.in,placement@kopalscience.ac.in,+91-80-267-3344,Mechanical Engineering,B.Tech,60,402,1987,Urban,Yes,Yes
1-44641949799,1-44641949799,U-0441,KOPAL INSTITUTE OF SCIENCE & TECHNOLOGY,Active,Madhya Pradesh,Bhopal,Bhopal,"GRAM KALKHEDA,TEHSIL -HUZUR,DISTRICT BHOPAL",452493,23.246273,77.422694,Private-Self Financing,"Rajiv Gandhi Proudyogiki Vishwavidyalaya, Bhopal",Approved,Approved,B,Yes,,Tier 3,http://www.kopalscience.ac.in,info@kopalscience.ac.in,admissions@kopalscience.ac.in,placement@kopalscience.ac.in,+91-80-267-3344,Computer Science Engineering (CSE),M.Tech,18,402,1987,Urban,Yes,Yes
1-44641949799,1-44641949799,U-0441,KOPAL INSTITUTE OF SCIENCE & TECHNOLOGY,Active,Madhya Pradesh,Bhopal,Bhopal,"GRAM KALKHEDA,TEHSIL -HUZUR,DISTRICT BHOPAL",452493,23.246273,77.422694,Private-Self Financing,"Rajiv Gandhi Proudyogiki Vishwavidyalaya, Bhopal",Approved,Approved,B,Yes,,Tier 3,http://www.kopalscience.ac.in,info@kopalscience.ac.in,admissions@kopalscience.ac.in,placement@kopalscience.ac.in,+91-80-267-3344,Other Engineering Branches,M.Tech,24,402,1987,Urban,Yes,Yes
1-44641949799,1-44641949799,U-0441,KOPAL INSTITUTE OF SCIENCE & TECHNOLOGY,Active,Madhya Pradesh,Bhopal,Bhopal,"GRAM KALKHEDA,TEHSIL -HUZUR,DISTRICT BHOPAL",452493,23.246273,77.422694,Private-Self Financing,"Rajiv Gandhi Proudyogiki Vishwavidyalaya, Bhopal",Approved,Approved,B,Yes,,Tier 3,http://www.kopalscience.ac.in,info@kopalscience.ac.in,admissions@kopalscience.ac.in,placement@kopalscience.ac.in,+91-80-267-3344,Mechanical Engineering,Diploma,60,402,1987,Urban,Yes,Yes
1-44641949799,1-44641949799,U-0441,KOPAL INSTITUTE OF SCIENCE & TECHNOLOGY,Active,Madhya Pradesh,Bhopal,Bhopal,"GRAM KALKHEDA,TEHSIL -HUZUR,DISTRICT BHOPAL",452493,23.246273,77.422694,Private-Self Financing,"Rajiv Gandhi Proudyogiki Vishwavidyalaya, Bhopal",Approved,Approved,B,Yes,,Tier 3,http://www.kopalscience.ac.in,info@kopalscience.ac.in,admissions@kopalscience.ac.in,placement@kopalscience.ac.in,+91-80-267-3344,Electrical Engineering,Diploma,60,402,1987,Urban,Yes,Yes
1-44641950850,1-44641950850,U-0441,SAGAR INSTITUTE OF SCIENCE TECHNOLOGY & RESEARCH (SISTEC-R),Active,Madhya Pradesh,Bhopal,Bhopal,"SIKANDRABAD, NEAR RATIBAD BHADBHADA ROAD BHOPAL",452493,23.271824,77.414741,Private-Self Financing,"Rajiv Gandhi Proudyogiki Vishwavidyalaya, Bhopal",Approved,Approved,B+,No,,Tier 3,http://www.sagarscienceresearch.ac.in,info@sagarscienceresearch.ac.in,admissions@sagarscienceresearch.ac.in,placement@sagarscienceresearch.ac.in,+91-80-338-9965,Mechanical Engineering,B.Tech,60,576,1981,Rural,Yes,Yes
1-44641950850,1-44641950850,U-0441,SAGAR INSTITUTE OF SCIENCE TECHNOLOGY & RESEARCH (SISTEC-R),Active,Madhya Pradesh,Bhopal,Bhopal,"SIKANDRABAD, NEAR RATIBAD BHADBHADA ROAD BHOPAL",452493,23.271824,77.414741,Private-Self Financing,"Rajiv Gandhi Proudyogiki Vishwavidyalaya, Bhopal",Approved,Approved,B+,No,,Tier 3,http://www.sagarscienceresearch.ac.in,info@sagarscienceresearch.ac.in,admissions@sagarscienceresearch.ac.in,placement@sagarscienceresearch.ac.in,+91-80-338-9965,Electronics & Communication Engineering (ECE),B.Tech,60,576,1981,Rural,Yes,Yes
1-44641950850,1-44641950850,U-0441,SAGAR INSTITUTE OF SCIENCE TECHNOLOGY & RESEARCH (SISTEC-R),Active,Madhya Pradesh,Bhopal,Bhopal,"SIKANDRABAD, NEAR RATIBAD BHADBHADA ROAD BHOPAL",452493,23.271824,77.414741,Private-Self Financing,"Rajiv Gandhi Proudyogiki Vishwavidyalaya, Bhopal",Approved,Approved,B+,No,,Tier 3,http://www.sagarscienceresearch.ac.in,info@sagarscienceresearch.ac.in,admissions@sagarscienceresearch.ac.in,placement@sagarscienceresearch.ac.in,+91-80-338-9965,Civil Engineering,B.Tech,60,576,1981,Rural,Yes,Yes
1-44641950850,1-44641950850,U-0441,SAGAR INSTITUTE OF SCIENCE TECHNOLOGY & RESEARCH (SISTEC-R),Active,Madhya Pradesh,Bhopal,Bhopal,"SIKANDRABAD, NEAR RATIBAD BHADBHADA ROAD BHOPAL",452493,23.271824,77.414741,Private-Self Financing,"Rajiv Gandhi Proudyogiki Vishwavidyalaya, Bhopal",Approved,Approved,B+,No,,Tier 3,http://www.sagarscienceresearch.ac.in,info@sagarscienceresearch.ac.in,admissions@sagarscienceresearch.ac.in,placement@sagarscienceresearch.ac.in,+91-80-338-9965,Computer Science Engineering (CSE),B.Tech,240,576,1981,Rural,Yes,Yes
1-44641950850,1-44641950850,U-0441,SAGAR INSTITUTE OF SCIENCE TECHNOLOGY & RESEARCH (SISTEC-R),Active,Madhya Pradesh,Bhopal,Bhopal,"SIKANDRABAD, NEAR RATIBAD BHADBHADA ROAD BHOPAL",452493,23.271824,77.414741,Private-Self Financing,"Rajiv Gandhi Proudyogiki Vishwavidyalaya, Bhopal",Approved,Approved,B+,No,,Tier 3,http://www.sagarscienceresearch.ac.in,info@sagarscienceresearch.ac.in,admissions@sagarscienceresearch.ac.in,placement@sagarscienceresearch.ac.in,+91-80-338-9965,Other Engineering Branches,M.Tech,18,576,1981,Rural,Yes,Yes
1-44641950850,1-44641950850,U-0441,SAGAR INSTITUTE OF SCIENCE TECHNOLOGY & RESEARCH (SISTEC-R),Active,Madhya Pradesh,Bhopal,Bhopal,"SIKANDRABAD, NEAR RATIBAD BHADBHADA ROAD BHOPAL",452493,23.271824,77.414741,Private-Self Financing,"Rajiv Gandhi Proudyogiki Vishwavidyalaya, Bhopal",Approved,Approved,B+,No,,Tier 3,http://www.sagarscienceresearch.ac.in,info@sagarscienceresearch.ac.in,admissions@sagarscienceresearch.ac.in,placement@sagarscienceresearch.ac.in,+91-80-338-9965,Computer Science Engineering (CSE),M.Tech,18,576,1981,Rural,Yes,Yes
1-44641950850,1-44641950850,U-0441,SAGAR INSTITUTE OF SCIENCE TECHNOLOGY & RESEARCH (SISTEC-R),Active,Madhya Pradesh,Bhopal,Bhopal,"SIKANDRABAD, NEAR RATIBAD BHADBHADA ROAD BHOPAL",452493,23.271824,77.414741,Private-Self Financing,"Rajiv Gandhi Proudyogiki Vishwavidyalaya, Bhopal",Approved,Approved,B+,No,,Tier 3,http://www.sagarscienceresearch.ac.in,info@sagarscienceresearch.ac.in,admissions@sagarscienceresearch.ac.in,placement@sagarscienceresearch.ac.in,+91-80-338-9965,Artificial Intelligence & Machine Learning (AI & ML),B.Tech,120,576,1981,Rural,Yes,Yes
1-44642288612,1-44642288612,U-0441,"JAWAHARLAL INSTITUTE OF TECHNOLOGY, BORAWAN",Active,Madhya Pradesh,Khargone,Khargone,VIDHYA VIHAR BORAWAN  TEHSIL KASRAWAD  DIST. KHARGONE M.P. 451228,451228,22.981514,78.645084,Private-Self Financing,"Rajiv Gandhi Proudyogiki Vishwavidyalaya, Bhopal",Approved,Approved,A+,Yes,,Tier 2,http://www.jawaharlalborawan.ac.in,info@jawaharlalborawan.ac.in,admissions@jawaharlalborawan.ac.in,placement@jawaharlalborawan.ac.in,+91-80-179-1924,Electrical & Electronics Engineering (EEE),Diploma,60,1080,2020,Rural,Yes,Yes
1-44642288612,1-44642288612,U-0441,"JAWAHARLAL INSTITUTE OF TECHNOLOGY, BORAWAN",Active,Madhya Pradesh,Khargone,Khargone,VIDHYA VIHAR BORAWAN  TEHSIL KASRAWAD  DIST. KHARGONE M.P. 451228,451228,22.981514,78.645084,Private-Self Financing,"Rajiv Gandhi Proudyogiki Vishwavidyalaya, Bhopal",Approved,Approved,A+,Yes,,Tier 2,http://www.jawaharlalborawan.ac.in,info@jawaharlalborawan.ac.in,admissions@jawaharlalborawan.ac.in,placement@jawaharlalborawan.ac.in,+91-80-179-1924,Other Engineering Branches,M.Tech,54,1080,2020,Rural,Yes,Yes
1-44642288612,1-44642288612,U-0441,"JAWAHARLAL INSTITUTE OF TECHNOLOGY, BORAWAN",Active,Madhya Pradesh,Khargone,Khargone,VIDHYA VIHAR BORAWAN  TEHSIL KASRAWAD  DIST. KHARGONE M.P. 451228,451228,22.981514,78.645084,Private-Self Financing,"Rajiv Gandhi Proudyogiki Vishwavidyalaya, Bhopal",Approved,Approved,A+,Yes,,Tier 2,http://www.jawaharlalborawan.ac.in,info@jawaharlalborawan.ac.in,admissions@jawaharlalborawan.ac.in,placement@jawaharlalborawan.ac.in,+91-80-179-1924,Computer Science Engineering (CSE),B.Tech,180,1080,2020,Rural,Yes,Yes
1-44642288612,1-44642288612,U-0441,"JAWAHARLAL INSTITUTE OF TECHNOLOGY, BORAWAN",Active,Madhya Pradesh,Khargone,Khargone,VIDHYA VIHAR BORAWAN  TEHSIL KASRAWAD  DIST. KHARGONE M.P. 451228,451228,22.981514,78.645084,Private-Self Financing,"Rajiv Gandhi Proudyogiki Vishwavidyalaya, Bhopal",Approved,Approved,A+,Yes,,Tier 2,http://www.jawaharlalborawan.ac.in,info@jawaharlalborawan.ac.in,admissions@jawaharlalborawan.ac.in,placement@jawaharlalborawan.ac.in,+91-80-179-1924,Civil Engineering,B.Tech,60,1080,2020,Rural,Yes,Yes
1-44642288612,1-44642288612,U-0441,"JAWAHARLAL INSTITUTE OF TECHNOLOGY, BORAWAN",Active,Madhya Pradesh,Khargone,Khargone,VIDHYA VIHAR BORAWAN  TEHSIL KASRAWAD  DIST. KHARGONE M.P. 451228,451228,22.981514,78.645084,Private-Self Financing,"Rajiv Gandhi Proudyogiki Vishwavidyalaya, Bhopal",Approved,Approved,A+,Yes,,Tier 2,http://www.jawaharlalborawan.ac.in,info@jawaharlalborawan.ac.in,admissions@jawaharlalborawan.ac.in,placement@jawaharlalborawan.ac.in,+91-80-179-1924,Electronics & Communication Engineering (ECE),B.Tech,60,1080,2020,Rural,Yes,Yes
1-44642288612,1-44642288612,U-0441,"JAWAHARLAL INSTITUTE OF TECHNOLOGY, BORAWAN",Active,Madhya Pradesh,Khargone,Khargone,VIDHYA VIHAR BORAWAN  TEHSIL KASRAWAD  DIST. KHARGONE M.P. 451228,451228,22.981514,78.645084,Private-Self Financing,"Rajiv Gandhi Proudyogiki Vishwavidyalaya, Bhopal",Approved,Approved,A+,Yes,,Tier 2,http://www.jawaharlalborawan.ac.in,info@jawaharlalborawan.ac.in,admissions@jawaharlalborawan.ac.in,placement@jawaharlalborawan.ac.in,+91-80-179-1924,Mechanical Engineering,B.Tech,60,1080,2020,Rural,Yes,Yes
1-44642288612,1-44642288612,U-0441,"JAWAHARLAL INSTITUTE OF TECHNOLOGY, BORAWAN",Active,Madhya Pradesh,Khargone,Khargone,VIDHYA VIHAR BORAWAN  TEHSIL KASRAWAD  DIST. KHARGONE M.P. 451228,451228,22.981514,78.645084,Private-Self Financing,"Rajiv Gandhi Proudyogiki Vishwavidyalaya, Bhopal",Approved,Approved,A+,Yes,,Tier 2,http://www.jawaharlalborawan.ac.in,info@jawaharlalborawan.ac.in,admissions@jawaharlalborawan.ac.in,placement@jawaharlalborawan.ac.in,+91-80-179-1924,Information Technology (IT),B.Tech,60,1080,2020,Rural,Yes,Yes
1-44642288612,1-44642288612,U-0441,"JAWAHARLAL INSTITUTE OF TECHNOLOGY, BORAWAN",Active,Madhya Pradesh,Khargone,Khargone,VIDHYA VIHAR BORAWAN  TEHSIL KASRAWAD  DIST. KHARGONE M.P. 451228,451228,22.981514,78.645084,Private-Self Financing,"Rajiv Gandhi Proudyogiki Vishwavidyalaya, Bhopal",Approved,Approved,A+,Yes,,Tier 2,http://www.jawaharlalborawan.ac.in,info@jawaharlalborawan.ac.in,admissions@jawaharlalborawan.ac.in,placement@jawaharlalborawan.ac.in,+91-80-179-1924,Electrical & Electronics Engineering (EEE),B.Tech,60,1080,2020,Rural,Yes,Yes
1-44642288612,1-44642288612,U-0441,"JAWAHARLAL INSTITUTE OF TECHNOLOGY, BORAWAN",Active,Madhya Pradesh,Khargone,Khargone,VIDHYA VIHAR BORAWAN  TEHSIL KASRAWAD  DIST. KHARGONE M.P. 451228,451228,22.981514,78.645084,Private-Self Financing,"Rajiv Gandhi Proudyogiki Vishwavidyalaya, Bhopal",Approved,Approved,A+,Yes,,Tier 2,http://www.jawaharlalborawan.ac.in,info@jawaharlalborawan.ac.in,admissions@jawaharlalborawan.ac.in,placement@jawaharlalborawan.ac.in,+91-80-179-1924,Computer Science Engineering (CSE),M.Tech,18,1080,2020,Rural,Yes,Yes
1-44642288612,1-44642288612,U-0441,"JAWAHARLAL INSTITUTE OF TECHNOLOGY, BORAWAN",Active,Madhya Pradesh,Khargone,Khargone,VIDHYA VIHAR BORAWAN  TEHSIL KASRAWAD  DIST. KHARGONE M.P. 451228,451228,22.981514,78.645084,Private-Self Financing,"Rajiv Gandhi Proudyogiki Vishwavidyalaya, Bhopal",Approved,Approved,A+,Yes,,Tier 2,http://www.jawaharlalborawan.ac.in,info@jawaharlalborawan.ac.in,admissions@jawaharlalborawan.ac.in,placement@jawaharlalborawan.ac.in,+91-80-179-1924,Information Technology (IT),M.Tech,18,1080,2020,Rural,Yes,Yes
1-44642288612,1-44642288612,U-0441,"JAWAHARLAL INSTITUTE OF TECHNOLOGY, BORAWAN",Active,Madhya Pradesh,Khargone,Khargone,VIDHYA VIHAR BORAWAN  TEHSIL KASRAWAD  DIST. KHARGONE M.P. 451228,451228,22.981514,78.645084,Private-Self Financing,"Rajiv Gandhi Proudyogiki Vishwavidyalaya, Bhopal",Approved,Approved,A+,Yes,,Tier 2,http://www.jawaharlalborawan.ac.in,info@jawaharlalborawan.ac.in,admissions@jawaharlalborawan.ac.in,placement@jawaharlalborawan.ac.in,+91-80-179-1924,Civil Engineering,Diploma,60,1080,2020,Rural,Yes,Yes
1-44642288612,1-44642288612,U-0441,"JAWAHARLAL INSTITUTE OF TECHNOLOGY, BORAWAN",Active,Madhya Pradesh,Khargone,Khargone,VIDHYA VIHAR BORAWAN  TEHSIL KASRAWAD  DIST. KHARGONE M.P. 451228,451228,22.981514,78.645084,Private-Self Financing,"Rajiv Gandhi Proudyogiki Vishwavidyalaya, Bhopal",Approved,Approved,A+,Yes,,Tier 2,http://www.jawaharlalborawan.ac.in,info@jawaharlalborawan.ac.in,admissions@jawaharlalborawan.ac.in,placement@jawaharlalborawan.ac.in,+91-80-179-1924,Mechanical Engineering,Diploma,60,1080,2020,Rural,Yes,Yes
1-44642288612,1-44642288612,U-0441,"JAWAHARLAL INSTITUTE OF TECHNOLOGY, BORAWAN",Active,Madhya Pradesh,Khargone,Khargone,VIDHYA VIHAR BORAWAN  TEHSIL KASRAWAD  DIST. KHARGONE M.P. 451228,451228,22.981514,78.645084,Private-Self Financing,"Rajiv Gandhi Proudyogiki Vishwavidyalaya, Bhopal",Approved,Approved,A+,Yes,,Tier 2,http://www.jawaharlalborawan.ac.in,info@jawaharlalborawan.ac.in,admissions@jawaharlalborawan.ac.in,placement@jawaharlalborawan.ac.in,+91-80-179-1924,Agricultural Engineering,B.Tech,60,1080,2020,Rural,Yes,Yes
1-44642288612,1-44642288612,U-0441,"JAWAHARLAL INSTITUTE OF TECHNOLOGY, BORAWAN",Active,Madhya Pradesh,Khargone,Khargone,VIDHYA VIHAR BORAWAN  TEHSIL KASRAWAD  DIST. KHARGONE M.P. 451228,451228,22.981514,78.645084,Private-Self Financing,"Rajiv Gandhi Proudyogiki Vishwavidyalaya, Bhopal",Approved,Approved,A+,Yes,,Tier 2,http://www.jawaharlalborawan.ac.in,info@jawaharlalborawan.ac.in,admissions@jawaharlalborawan.ac.in,placement@jawaharlalborawan.ac.in,+91-80-179-1924,Computer Science Engineering (CSE),Diploma,60,1080,2020,Rural,Yes,Yes
1-44642288612,1-44642288612,U-0441,"JAWAHARLAL INSTITUTE OF TECHNOLOGY, BORAWAN",Active,Madhya Pradesh,Khargone,Khargone,VIDHYA VIHAR BORAWAN  TEHSIL KASRAWAD  DIST. KHARGONE M.P. 451228,451228,22.981514,78.645084,Private-Self Financing,"Rajiv Gandhi Proudyogiki Vishwavidyalaya, Bhopal",Approved,Approved,A+,Yes,,Tier 2,http://www.jawaharlalborawan.ac.in,info@jawaharlalborawan.ac.in,admissions@jawaharlalborawan.ac.in,placement@jawaharlalborawan.ac.in,+91-80-179-1924,Artificial Intelligence & Machine Learning (AI & ML),B.Tech,120,1080,2020,Rural,Yes,Yes
1-44642288612,1-44642288612,U-0441,"JAWAHARLAL INSTITUTE OF TECHNOLOGY, BORAWAN",Active,Madhya Pradesh,Khargone,Khargone,VIDHYA VIHAR BORAWAN  TEHSIL KASRAWAD  DIST. KHARGONE M.P. 451228,451228,22.981514,78.645084,Private-Self Financing,"Rajiv Gandhi Proudyogiki Vishwavidyalaya, Bhopal",Approved,Approved,A+,Yes,,Tier 2,http://www.jawaharlalborawan.ac.in,info@jawaharlalborawan.ac.in,admissions@jawaharlalborawan.ac.in,placement@jawaharlalborawan.ac.in,+91-80-179-1924,Data Science,B.Tech,60,1080,2020,Rural,Yes,Yes
1-44642288612,1-44642288612,U-0441,"JAWAHARLAL INSTITUTE OF TECHNOLOGY, BORAWAN",Active,Madhya Pradesh,Khargone,Khargone,VIDHYA VIHAR BORAWAN  TEHSIL KASRAWAD  DIST. KHARGONE M.P. 451228,451228,22.981514,78.645084,Private-Self Financing,"Rajiv Gandhi Proudyogiki Vishwavidyalaya, Bhopal",Approved,Approved,A+,Yes,,Tier 2,http://www.jawaharlalborawan.ac.in,info@jawaharlalborawan.ac.in,admissions@jawaharlalborawan.ac.in,placement@jawaharlalborawan.ac.in,+91-80-179-1924,Cyber Security,B.Tech,30,1080,2020,Rural,Yes,Yes
1-44641857309,1-44641857309,U-0441,"SHRI RAM GROUP OF INSTITUTIONS (FACULTY OF ENGINEERING, PHARMACY, MCA, MBA) JABALPUR (M.P.)",Active,Madhya Pradesh,Jabalpur,Jabalpur,"NEAR ITI, MADHOTAL, JABALPUR, M.P.",452090,22.188661,79.944744,Private-Self Financing,"Rajiv Gandhi Proudyogiki Vishwavidyalaya, Bhopal",Approved,Approved,B,No,,Tier 3,http://www.shriramfaculty.ac.in,info@shriramfaculty.ac.in,admissions@shriramfaculty.ac.in,placement@shriramfaculty.ac.in,+91-80-369-9038,Other Engineering Branches,M.Tech,36,552,2013,Urban,Yes,Yes
1-44641857309,1-44641857309,U-0441,"SHRI RAM GROUP OF INSTITUTIONS (FACULTY OF ENGINEERING, PHARMACY, MCA, MBA) JABALPUR (M.P.)",Active,Madhya Pradesh,Jabalpur,Jabalpur,"NEAR ITI, MADHOTAL, JABALPUR, M.P.",452090,22.188661,79.944744,Private-Self Financing,"Rajiv Gandhi Proudyogiki Vishwavidyalaya, Bhopal",Approved,Approved,B,No,,Tier 3,http://www.shriramfaculty.ac.in,info@shriramfaculty.ac.in,admissions@shriramfaculty.ac.in,placement@shriramfaculty.ac.in,+91-80-369-9038,Computer Science Engineering (CSE),B.Tech,180,552,2013,Urban,Yes,Yes
1-44641857309,1-44641857309,U-0441,"SHRI RAM GROUP OF INSTITUTIONS (FACULTY OF ENGINEERING, PHARMACY, MCA, MBA) JABALPUR (M.P.)",Active,Madhya Pradesh,Jabalpur,Jabalpur,"NEAR ITI, MADHOTAL, JABALPUR, M.P.",452090,22.188661,79.944744,Private-Self Financing,"Rajiv Gandhi Proudyogiki Vishwavidyalaya, Bhopal",Approved,Approved,B,No,,Tier 3,http://www.shriramfaculty.ac.in,info@shriramfaculty.ac.in,admissions@shriramfaculty.ac.in,placement@shriramfaculty.ac.in,+91-80-369-9038,Civil Engineering,B.Tech,60,552,2013,Urban,Yes,Yes
1-44641857309,1-44641857309,U-0441,"SHRI RAM GROUP OF INSTITUTIONS (FACULTY OF ENGINEERING, PHARMACY, MCA, MBA) JABALPUR (M.P.)",Active,Madhya Pradesh,Jabalpur,Jabalpur,"NEAR ITI, MADHOTAL, JABALPUR, M.P.",452090,22.188661,79.944744,Private-Self Financing,"Rajiv Gandhi Proudyogiki Vishwavidyalaya, Bhopal",Approved,Approved,B,No,,Tier 3,http://www.shriramfaculty.ac.in,info@shriramfaculty.ac.in,admissions@shriramfaculty.ac.in,placement@shriramfaculty.ac.in,+91-80-369-9038,Mechanical Engineering,B.Tech,60,552,2013,Urban,Yes,Yes
1-44641857309,1-44641857309,U-0441,"SHRI RAM GROUP OF INSTITUTIONS (FACULTY OF ENGINEERING, PHARMACY, MCA, MBA) JABALPUR (M.P.)",Active,Madhya Pradesh,Jabalpur,Jabalpur,"NEAR ITI, MADHOTAL, JABALPUR, M.P.",452090,22.188661,79.944744,Private-Self Financing,"Rajiv Gandhi Proudyogiki Vishwavidyalaya, Bhopal",Approved,Approved,B,No,,Tier 3,http://www.shriramfaculty.ac.in,info@shriramfaculty.ac.in,admissions@shriramfaculty.ac.in,placement@shriramfaculty.ac.in,+91-80-369-9038,Electronics & Communication Engineering (ECE),B.Tech,60,552,2013,Urban,Yes,Yes
1-44641857309,1-44641857309,U-0441,"SHRI RAM GROUP OF INSTITUTIONS (FACULTY OF ENGINEERING, PHARMACY, MCA, MBA) JABALPUR (M.P.)",Active,Madhya Pradesh,Jabalpur,Jabalpur,"NEAR ITI, MADHOTAL, JABALPUR, M.P.",452090,22.188661,79.944744,Private-Self Financing,"Rajiv Gandhi Proudyogiki Vishwavidyalaya, Bhopal",Approved,Approved,B,No,,Tier 3,http://www.shriramfaculty.ac.in,info@shriramfaculty.ac.in,admissions@shriramfaculty.ac.in,placement@shriramfaculty.ac.in,+91-80-369-9038,Electrical Engineering,B.Tech,60,552,2013,Urban,Yes,Yes
1-44641857309,1-44641857309,U-0441,"SHRI RAM GROUP OF INSTITUTIONS (FACULTY OF ENGINEERING, PHARMACY, MCA, MBA) JABALPUR (M.P.)",Active,Madhya Pradesh,Jabalpur,Jabalpur,"NEAR ITI, MADHOTAL, JABALPUR, M.P.",452090,22.188661,79.944744,Private-Self Financing,"Rajiv Gandhi Proudyogiki Vishwavidyalaya, Bhopal",Approved,Approved,B,No,,Tier 3,http://www.shriramfaculty.ac.in,info@shriramfaculty.ac.in,admissions@shriramfaculty.ac.in,placement@shriramfaculty.ac.in,+91-80-369-9038,Computer Science Engineering (CSE),M.Tech,18,552,2013,Urban,Yes,Yes
1-44641857309,1-44641857309,U-0441,"SHRI RAM GROUP OF INSTITUTIONS (FACULTY OF ENGINEERING, PHARMACY, MCA, MBA) JABALPUR (M.P.)",Active,Madhya Pradesh,Jabalpur,Jabalpur,"NEAR ITI, MADHOTAL, JABALPUR, M.P.",452090,22.188661,79.944744,Private-Self Financing,"Rajiv Gandhi Proudyogiki Vishwavidyalaya, Bhopal",Approved,Approved,B,No,,Tier 3,http://www.shriramfaculty.ac.in,info@shriramfaculty.ac.in,admissions@shriramfaculty.ac.in,placement@shriramfaculty.ac.in,+91-80-369-9038,Data Science,B.Tech,60,552,2013,Urban,Yes,Yes
1-44641857309,1-44641857309,U-0441,"SHRI RAM GROUP OF INSTITUTIONS (FACULTY OF ENGINEERING, PHARMACY, MCA, MBA) JABALPUR (M.P.)",Active,Madhya Pradesh,Jabalpur,Jabalpur,"NEAR ITI, MADHOTAL, JABALPUR, M.P.",452090,22.188661,79.944744,Private-Self Financing,"Rajiv Gandhi Proudyogiki Vishwavidyalaya, Bhopal",Approved,Approved,B,No,,Tier 3,http://www.shriramfaculty.ac.in,info@shriramfaculty.ac.in,admissions@shriramfaculty.ac.in,placement@shriramfaculty.ac.in,+91-80-369-9038,Data Science,M.Tech,18,552,2013,Urban,Yes,Yes
1-44641911145,1-44641911145,U-0441,PRASHANTI INSTITUTE OF TECHNOLOGY & SCIENCE,Active,Madhya Pradesh,Ujjain,Ujjain,"NEAR MAHAVEER TAPOBHUMI, GRAM GANGEDI, INDORE ROAD, UJJAIN(MP)",452341,23.165552,75.776862,Private-Self Financing,"Rajiv Gandhi Proudyogiki Vishwavidyalaya, Bhopal",Approved,Approved,B+,No,,Tier 3,http://www.prashantiscience.ac.in,info@prashantiscience.ac.in,admissions@prashantiscience.ac.in,placement@prashantiscience.ac.in,+91-80-400-6197,Other Engineering Branches,M.Tech,36,600,2012,Rural,Yes,Yes
1-44641911145,1-44641911145,U-0441,PRASHANTI INSTITUTE OF TECHNOLOGY & SCIENCE,Active,Madhya Pradesh,Ujjain,Ujjain,"NEAR MAHAVEER TAPOBHUMI, GRAM GANGEDI, INDORE ROAD, UJJAIN(MP)",452341,23.165552,75.776862,Private-Self Financing,"Rajiv Gandhi Proudyogiki Vishwavidyalaya, Bhopal",Approved,Approved,B+,No,,Tier 3,http://www.prashantiscience.ac.in,info@prashantiscience.ac.in,admissions@prashantiscience.ac.in,placement@prashantiscience.ac.in,+91-80-400-6197,Civil Engineering,B.Tech,60,600,2012,Rural,Yes,Yes
1-44641911145,1-44641911145,U-0441,PRASHANTI INSTITUTE OF TECHNOLOGY & SCIENCE,Active,Madhya Pradesh,Ujjain,Ujjain,"NEAR MAHAVEER TAPOBHUMI, GRAM GANGEDI, INDORE ROAD, UJJAIN(MP)",452341,23.165552,75.776862,Private-Self Financing,"Rajiv Gandhi Proudyogiki Vishwavidyalaya, Bhopal",Approved,Approved,B+,No,,Tier 3,http://www.prashantiscience.ac.in,info@prashantiscience.ac.in,admissions@prashantiscience.ac.in,placement@prashantiscience.ac.in,+91-80-400-6197,Computer Science Engineering (CSE),B.Tech,120,600,2012,Rural,Yes,Yes
1-44641911145,1-44641911145,U-0441,PRASHANTI INSTITUTE OF TECHNOLOGY & SCIENCE,Active,Madhya Pradesh,Ujjain,Ujjain,"NEAR MAHAVEER TAPOBHUMI, GRAM GANGEDI, INDORE ROAD, UJJAIN(MP)",452341,23.165552,75.776862,Private-Self Financing,"Rajiv Gandhi Proudyogiki Vishwavidyalaya, Bhopal",Approved,Approved,B+,No,,Tier 3,http://www.prashantiscience.ac.in,info@prashantiscience.ac.in,admissions@prashantiscience.ac.in,placement@prashantiscience.ac.in,+91-80-400-6197,Mechanical Engineering,B.Tech,60,600,2012,Rural,Yes,Yes
1-44641911145,1-44641911145,U-0441,PRASHANTI INSTITUTE OF TECHNOLOGY & SCIENCE,Active,Madhya Pradesh,Ujjain,Ujjain,"NEAR MAHAVEER TAPOBHUMI, GRAM GANGEDI, INDORE ROAD, UJJAIN(MP)",452341,23.165552,75.776862,Private-Self Financing,"Rajiv Gandhi Proudyogiki Vishwavidyalaya, Bhopal",Approved,Approved,B+,No,,Tier 3,http://www.prashantiscience.ac.in,info@prashantiscience.ac.in,admissions@prashantiscience.ac.in,placement@prashantiscience.ac.in,+91-80-400-6197,Electronics & Communication Engineering (ECE),B.Tech,30,600,2012,Rural,Yes,Yes
1-44641911145,1-44641911145,U-0441,PRASHANTI INSTITUTE OF TECHNOLOGY & SCIENCE,Active,Madhya Pradesh,Ujjain,Ujjain,"NEAR MAHAVEER TAPOBHUMI, GRAM GANGEDI, INDORE ROAD, UJJAIN(MP)",452341,23.165552,75.776862,Private-Self Financing,"Rajiv Gandhi Proudyogiki Vishwavidyalaya, Bhopal",Approved,Approved,B+,No,,Tier 3,http://www.prashantiscience.ac.in,info@prashantiscience.ac.in,admissions@prashantiscience.ac.in,placement@prashantiscience.ac.in,+91-80-400-6197,Data Science,B.Tech,90,600,2012,Rural,Yes,Yes
1-44641911145,1-44641911145,U-0441,PRASHANTI INSTITUTE OF TECHNOLOGY & SCIENCE,Active,Madhya Pradesh,Ujjain,Ujjain,"NEAR MAHAVEER TAPOBHUMI, GRAM GANGEDI, INDORE ROAD, UJJAIN(MP)",452341,23.165552,75.776862,Private-Self Financing,"Rajiv Gandhi Proudyogiki Vishwavidyalaya, Bhopal",Approved,Approved,B+,No,,Tier 3,http://www.prashantiscience.ac.in,info@prashantiscience.ac.in,admissions@prashantiscience.ac.in,placement@prashantiscience.ac.in,+91-80-400-6197,Computer Science Engineering (CSE),M.Tech,24,600,2012,Rural,Yes,Yes
1-44641911145,1-44641911145,U-0441,PRASHANTI INSTITUTE OF TECHNOLOGY & SCIENCE,Active,Madhya Pradesh,Ujjain,Ujjain,"NEAR MAHAVEER TAPOBHUMI, GRAM GANGEDI, INDORE ROAD, UJJAIN(MP)",452341,23.165552,75.776862,Private-Self Financing,"Rajiv Gandhi Proudyogiki Vishwavidyalaya, Bhopal",Approved,Approved,B+,No,,Tier 3,http://www.prashantiscience.ac.in,info@prashantiscience.ac.in,admissions@prashantiscience.ac.in,placement@prashantiscience.ac.in,+91-80-400-6197,Electrical Engineering,Diploma,60,600,2012,Rural,Yes,Yes
1-44641911145,1-44641911145,U-0441,PRASHANTI INSTITUTE OF TECHNOLOGY & SCIENCE,Active,Madhya Pradesh,Ujjain,Ujjain,"NEAR MAHAVEER TAPOBHUMI, GRAM GANGEDI, INDORE ROAD, UJJAIN(MP)",452341,23.165552,75.776862,Private-Self Financing,"Rajiv Gandhi Proudyogiki Vishwavidyalaya, Bhopal",Approved,Approved,B+,No,,Tier 3,http://www.prashantiscience.ac.in,info@prashantiscience.ac.in,admissions@prashantiscience.ac.in,placement@prashantiscience.ac.in,+91-80-400-6197,Mechanical Engineering,Diploma,60,600,2012,Rural,Yes,Yes
1-44641911145,1-44641911145,U-0441,PRASHANTI INSTITUTE OF TECHNOLOGY & SCIENCE,Active,Madhya Pradesh,Ujjain,Ujjain,"NEAR MAHAVEER TAPOBHUMI, GRAM GANGEDI, INDORE ROAD, UJJAIN(MP)",452341,23.165552,75.776862,Private-Self Financing,"Rajiv Gandhi Proudyogiki Vishwavidyalaya, Bhopal",Approved,Approved,B+,No,,Tier 3,http://www.prashantiscience.ac.in,info@prashantiscience.ac.in,admissions@prashantiscience.ac.in,placement@prashantiscience.ac.in,+91-80-400-6197,Computer Science Engineering (CSE),Diploma,60,600,2012,Rural,Yes,Yes
1-44641957809,1-44641957809,U-0441,"TAKSHSHILA INSTITUTE OF ENGINEERING & TECHNOLOGY, JABALPUR",Active,Madhya Pradesh,Jabalpur,Jabalpur,"SHARDA MANDIR ROAD, SHARDA CHOWK, MADAN MAHAL, JABALPUR (M.P.)",452090,22.185833,79.949362,Private-Self Financing,"Rajiv Gandhi Proudyogiki Vishwavidyalaya, Bhopal",Approved,Approved,A,No,,Tier 3,http://www.takshshilajabalpur.ac.in,info@takshshilajabalpur.ac.in,admissions@takshshilajabalpur.ac.in,placement@takshshilajabalpur.ac.in,+91-80-251-3019,Electrical & Electronics Engineering (EEE),Diploma,120,882,1981,Urban,No,Yes
1-44641957809,1-44641957809,U-0441,"TAKSHSHILA INSTITUTE OF ENGINEERING & TECHNOLOGY, JABALPUR",Active,Madhya Pradesh,Jabalpur,Jabalpur,"SHARDA MANDIR ROAD, SHARDA CHOWK, MADAN MAHAL, JABALPUR (M.P.)",452090,22.185833,79.949362,Private-Self Financing,"Rajiv Gandhi Proudyogiki Vishwavidyalaya, Bhopal",Approved,Approved,A,No,,Tier 3,http://www.takshshilajabalpur.ac.in,info@takshshilajabalpur.ac.in,admissions@takshshilajabalpur.ac.in,placement@takshshilajabalpur.ac.in,+91-80-251-3019,Computer Science Engineering (CSE),B.Tech,120,882,1981,Urban,No,Yes
1-44641957809,1-44641957809,U-0441,"TAKSHSHILA INSTITUTE OF ENGINEERING & TECHNOLOGY, JABALPUR",Active,Madhya Pradesh,Jabalpur,Jabalpur,"SHARDA MANDIR ROAD, SHARDA CHOWK, MADAN MAHAL, JABALPUR (M.P.)",452090,22.185833,79.949362,Private-Self Financing,"Rajiv Gandhi Proudyogiki Vishwavidyalaya, Bhopal",Approved,Approved,A,No,,Tier 3,http://www.takshshilajabalpur.ac.in,info@takshshilajabalpur.ac.in,admissions@takshshilajabalpur.ac.in,placement@takshshilajabalpur.ac.in,+91-80-251-3019,Electrical & Electronics Engineering (EEE),B.Tech,60,882,1981,Urban,No,Yes
1-44641957809,1-44641957809,U-0441,"TAKSHSHILA INSTITUTE OF ENGINEERING & TECHNOLOGY, JABALPUR",Active,Madhya Pradesh,Jabalpur,Jabalpur,"SHARDA MANDIR ROAD, SHARDA CHOWK, MADAN MAHAL, JABALPUR (M.P.)",452090,22.185833,79.949362,Private-Self Financing,"Rajiv Gandhi Proudyogiki Vishwavidyalaya, Bhopal",Approved,Approved,A,No,,Tier 3,http://www.takshshilajabalpur.ac.in,info@takshshilajabalpur.ac.in,admissions@takshshilajabalpur.ac.in,placement@takshshilajabalpur.ac.in,+91-80-251-3019,Electronics & Communication Engineering (ECE),B.Tech,30,882,1981,Urban,No,Yes
1-44641957809,1-44641957809,U-0441,"TAKSHSHILA INSTITUTE OF ENGINEERING & TECHNOLOGY, JABALPUR",Active,Madhya Pradesh,Jabalpur,Jabalpur,"SHARDA MANDIR ROAD, SHARDA CHOWK, MADAN MAHAL, JABALPUR (M.P.)",452090,22.185833,79.949362,Private-Self Financing,"Rajiv Gandhi Proudyogiki Vishwavidyalaya, Bhopal",Approved,Approved,A,No,,Tier 3,http://www.takshshilajabalpur.ac.in,info@takshshilajabalpur.ac.in,admissions@takshshilajabalpur.ac.in,placement@takshshilajabalpur.ac.in,+91-80-251-3019,Mechanical Engineering,B.Tech,60,882,1981,Urban,No,Yes
1-44641957809,1-44641957809,U-0441,"TAKSHSHILA INSTITUTE OF ENGINEERING & TECHNOLOGY, JABALPUR",Active,Madhya Pradesh,Jabalpur,Jabalpur,"SHARDA MANDIR ROAD, SHARDA CHOWK, MADAN MAHAL, JABALPUR (M.P.)",452090,22.185833,79.949362,Private-Self Financing,"Rajiv Gandhi Proudyogiki Vishwavidyalaya, Bhopal",Approved,Approved,A,No,,Tier 3,http://www.takshshilajabalpur.ac.in,info@takshshilajabalpur.ac.in,admissions@takshshilajabalpur.ac.in,placement@takshshilajabalpur.ac.in,+91-80-251-3019,Other Engineering Branches,M.Tech,60,882,1981,Urban,No,Yes
1-44641957809,1-44641957809,U-0441,"TAKSHSHILA INSTITUTE OF ENGINEERING & TECHNOLOGY, JABALPUR",Active,Madhya Pradesh,Jabalpur,Jabalpur,"SHARDA MANDIR ROAD, SHARDA CHOWK, MADAN MAHAL, JABALPUR (M.P.)",452090,22.185833,79.949362,Private-Self Financing,"Rajiv Gandhi Proudyogiki Vishwavidyalaya, Bhopal",Approved,Approved,A,No,,Tier 3,http://www.takshshilajabalpur.ac.in,info@takshshilajabalpur.ac.in,admissions@takshshilajabalpur.ac.in,placement@takshshilajabalpur.ac.in,+91-80-251-3019,Civil Engineering,B.Tech,60,882,1981,Urban,No,Yes
1-44641957809,1-44641957809,U-0441,"TAKSHSHILA INSTITUTE OF ENGINEERING & TECHNOLOGY, JABALPUR",Active,Madhya Pradesh,Jabalpur,Jabalpur,"SHARDA MANDIR ROAD, SHARDA CHOWK, MADAN MAHAL, JABALPUR (M.P.)",452090,22.185833,79.949362,Private-Self Financing,"Rajiv Gandhi Proudyogiki Vishwavidyalaya, Bhopal",Approved,Approved,A,No,,Tier 3,http://www.takshshilajabalpur.ac.in,info@takshshilajabalpur.ac.in,admissions@takshshilajabalpur.ac.in,placement@takshshilajabalpur.ac.in,+91-80-251-3019,Computer Science Engineering (CSE),M.Tech,24,882,1981,Urban,No,Yes
1-44641957809,1-44641957809,U-0441,"TAKSHSHILA INSTITUTE OF ENGINEERING & TECHNOLOGY, JABALPUR",Active,Madhya Pradesh,Jabalpur,Jabalpur,"SHARDA MANDIR ROAD, SHARDA CHOWK, MADAN MAHAL, JABALPUR (M.P.)",452090,22.185833,79.949362,Private-Self Financing,"Rajiv Gandhi Proudyogiki Vishwavidyalaya, Bhopal",Approved,Approved,A,No,,Tier 3,http://www.takshshilajabalpur.ac.in,info@takshshilajabalpur.ac.in,admissions@takshshilajabalpur.ac.in,placement@takshshilajabalpur.ac.in,+91-80-251-3019,Information Technology (IT),M.Tech,24,882,1981,Urban,No,Yes
1-44641957809,1-44641957809,U-0441,"TAKSHSHILA INSTITUTE OF ENGINEERING & TECHNOLOGY, JABALPUR",Active,Madhya Pradesh,Jabalpur,Jabalpur,"SHARDA MANDIR ROAD, SHARDA CHOWK, MADAN MAHAL, JABALPUR (M.P.)",452090,22.185833,79.949362,Private-Self Financing,"Rajiv Gandhi Proudyogiki Vishwavidyalaya, Bhopal",Approved,Approved,A,No,,Tier 3,http://www.takshshilajabalpur.ac.in,info@takshshilajabalpur.ac.in,admissions@takshshilajabalpur.ac.in,placement@takshshilajabalpur.ac.in,+91-80-251-3019,Mechanical Engineering,Diploma,120,882,1981,Urban,No,Yes
1-44641957809,1-44641957809,U-0441,"TAKSHSHILA INSTITUTE OF ENGINEERING & TECHNOLOGY, JABALPUR",Active,Madhya Pradesh,Jabalpur,Jabalpur,"SHARDA MANDIR ROAD, SHARDA CHOWK, MADAN MAHAL, JABALPUR (M.P.)",452090,22.185833,79.949362,Private-Self Financing,"Rajiv Gandhi Proudyogiki Vishwavidyalaya, Bhopal",Approved,Approved,A,No,,Tier 3,http://www.takshshilajabalpur.ac.in,info@takshshilajabalpur.ac.in,admissions@takshshilajabalpur.ac.in,placement@takshshilajabalpur.ac.in,+91-80-251-3019,Civil Engineering,Diploma,60,882,1981,Urban,No,Yes
1-44641957809,1-44641957809,U-0441,"TAKSHSHILA INSTITUTE OF ENGINEERING & TECHNOLOGY, JABALPUR",Active,Madhya Pradesh,Jabalpur,Jabalpur,"SHARDA MANDIR ROAD, SHARDA CHOWK, MADAN MAHAL, JABALPUR (M.P.)",452090,22.185833,79.949362,Private-Self Financing,"Rajiv Gandhi Proudyogiki Vishwavidyalaya, Bhopal",Approved,Approved,A,No,,Tier 3,http://www.takshshilajabalpur.ac.in,info@takshshilajabalpur.ac.in,admissions@takshshilajabalpur.ac.in,placement@takshshilajabalpur.ac.in,+91-80-251-3019,Computer Science Engineering (CSE),Diploma,60,882,1981,Urban,No,Yes
1-44641957809,1-44641957809,U-0441,"TAKSHSHILA INSTITUTE OF ENGINEERING & TECHNOLOGY, JABALPUR",Active,Madhya Pradesh,Jabalpur,Jabalpur,"SHARDA MANDIR ROAD, SHARDA CHOWK, MADAN MAHAL, JABALPUR (M.P.)",452090,22.185833,79.949362,Private-Self Financing,"Rajiv Gandhi Proudyogiki Vishwavidyalaya, Bhopal",Approved,Approved,A,No,,Tier 3,http://www.takshshilajabalpur.ac.in,info@takshshilajabalpur.ac.in,admissions@takshshilajabalpur.ac.in,placement@takshshilajabalpur.ac.in,+91-80-251-3019,Artificial Intelligence & Machine Learning (AI & ML),B.Tech,60,882,1981,Urban,No,Yes
1-44641957809,1-44641957809,U-0441,"TAKSHSHILA INSTITUTE OF ENGINEERING & TECHNOLOGY, JABALPUR",Active,Madhya Pradesh,Jabalpur,Jabalpur,"SHARDA MANDIR ROAD, SHARDA CHOWK, MADAN MAHAL, JABALPUR (M.P.)",452090,22.185833,79.949362,Private-Self Financing,"Rajiv Gandhi Proudyogiki Vishwavidyalaya, Bhopal",Approved,Approved,A,No,,Tier 3,http://www.takshshilajabalpur.ac.in,info@takshshilajabalpur.ac.in,admissions@takshshilajabalpur.ac.in,placement@takshshilajabalpur.ac.in,+91-80-251-3019,Artificial Intelligence & Machine Learning (AI & ML),M.Tech,24,882,1981,Urban,No,Yes
1-44641959049,1-44641959049,U-0337,"SWAMI VIVEKANAND INSTITUTE OF TECHNOLOGY, SAGAR",Active,Madhya Pradesh,Sagar,Sagar,"BEHIND DR.H.S.GOUR UNIVERSITY, N.H.-26, NARSHINGPUR ROAD, SIRONJA, SAGAR (M.P.) 470228",470228,23.854781,78.718504,Private-Self Financing,"SWAMI VIVEKANAND UNIVERSITY, SIRONJA, SAGAR (M.P.)",Approved,Approved,B++,Yes,,Tier 3,http://www.swamivivekanandsagar.ac.in,info@swamivivekanandsagar.ac.in,admissions@swamivivekanandsagar.ac.in,placement@swamivivekanandsagar.ac.in,+91-80-509-1460,Other Engineering Branches,M.Tech,18,726,2009,Urban,Yes,Yes
1-44641959049,1-44641959049,U-0337,"SWAMI VIVEKANAND INSTITUTE OF TECHNOLOGY, SAGAR",Active,Madhya Pradesh,Sagar,Sagar,"BEHIND DR.H.S.GOUR UNIVERSITY, N.H.-26, NARSHINGPUR ROAD, SIRONJA, SAGAR (M.P.) 470228",470228,23.854781,78.718504,Private-Self Financing,"SWAMI VIVEKANAND UNIVERSITY, SIRONJA, SAGAR (M.P.)",Approved,Approved,B++,Yes,,Tier 3,http://www.swamivivekanandsagar.ac.in,info@swamivivekanandsagar.ac.in,admissions@swamivivekanandsagar.ac.in,placement@swamivivekanandsagar.ac.in,+91-80-509-1460,Computer Science Engineering (CSE),M.Tech,18,726,2009,Urban,Yes,Yes
1-44641959049,1-44641959049,U-0337,"SWAMI VIVEKANAND INSTITUTE OF TECHNOLOGY, SAGAR",Active,Madhya Pradesh,Sagar,Sagar,"BEHIND DR.H.S.GOUR UNIVERSITY, N.H.-26, NARSHINGPUR ROAD, SIRONJA, SAGAR (M.P.) 470228",470228,23.854781,78.718504,Private-Self Financing,"SWAMI VIVEKANAND UNIVERSITY, SIRONJA, SAGAR (M.P.)",Approved,Approved,B++,Yes,,Tier 3,http://www.swamivivekanandsagar.ac.in,info@swamivivekanandsagar.ac.in,admissions@swamivivekanandsagar.ac.in,placement@swamivivekanandsagar.ac.in,+91-80-509-1460,Mechanical Engineering,B.Tech,120,726,2009,Urban,Yes,Yes
1-44641959049,1-44641959049,U-0337,"SWAMI VIVEKANAND INSTITUTE OF TECHNOLOGY, SAGAR",Active,Madhya Pradesh,Sagar,Sagar,"BEHIND DR.H.S.GOUR UNIVERSITY, N.H.-26, NARSHINGPUR ROAD, SIRONJA, SAGAR (M.P.) 470228",470228,23.854781,78.718504,Private-Self Financing,"SWAMI VIVEKANAND UNIVERSITY, SIRONJA, SAGAR (M.P.)",Approved,Approved,B++,Yes,,Tier 3,http://www.swamivivekanandsagar.ac.in,info@swamivivekanandsagar.ac.in,admissions@swamivivekanandsagar.ac.in,placement@swamivivekanandsagar.ac.in,+91-80-509-1460,Computer Science Engineering (CSE),B.Tech,90,726,2009,Urban,Yes,Yes
1-44641959049,1-44641959049,U-0337,"SWAMI VIVEKANAND INSTITUTE OF TECHNOLOGY, SAGAR",Active,Madhya Pradesh,Sagar,Sagar,"BEHIND DR.H.S.GOUR UNIVERSITY, N.H.-26, NARSHINGPUR ROAD, SIRONJA, SAGAR (M.P.) 470228",470228,23.854781,78.718504,Private-Self Financing,"SWAMI VIVEKANAND UNIVERSITY, SIRONJA, SAGAR (M.P.)",Approved,Approved,B++,Yes,,Tier 3,http://www.swamivivekanandsagar.ac.in,info@swamivivekanandsagar.ac.in,admissions@swamivivekanandsagar.ac.in,placement@swamivivekanandsagar.ac.in,+91-80-509-1460,Electrical & Electronics Engineering (EEE),B.Tech,30,726,2009,Urban,Yes,Yes
1-44641959049,1-44641959049,U-0337,"SWAMI VIVEKANAND INSTITUTE OF TECHNOLOGY, SAGAR",Active,Madhya Pradesh,Sagar,Sagar,"BEHIND DR.H.S.GOUR UNIVERSITY, N.H.-26, NARSHINGPUR ROAD, SIRONJA, SAGAR (M.P.) 470228",470228,23.854781,78.718504,Private-Self Financing,"SWAMI VIVEKANAND UNIVERSITY, SIRONJA, SAGAR (M.P.)",Approved,Approved,B++,Yes,,Tier 3,http://www.swamivivekanandsagar.ac.in,info@swamivivekanandsagar.ac.in,admissions@swamivivekanandsagar.ac.in,placement@swamivivekanandsagar.ac.in,+91-80-509-1460,Electronics & Communication Engineering (ECE),B.Tech,120,726,2009,Urban,Yes,Yes
1-44641959049,1-44641959049,U-0337,"SWAMI VIVEKANAND INSTITUTE OF TECHNOLOGY, SAGAR",Active,Madhya Pradesh,Sagar,Sagar,"BEHIND DR.H.S.GOUR UNIVERSITY, N.H.-26, NARSHINGPUR ROAD, SIRONJA, SAGAR (M.P.) 470228",470228,23.854781,78.718504,Private-Self Financing,"SWAMI VIVEKANAND UNIVERSITY, SIRONJA, SAGAR (M.P.)",Approved,Approved,B++,Yes,,Tier 3,http://www.swamivivekanandsagar.ac.in,info@swamivivekanandsagar.ac.in,admissions@swamivivekanandsagar.ac.in,placement@swamivivekanandsagar.ac.in,+91-80-509-1460,Information Technology (IT),B.Tech,30,726,2009,Urban,Yes,Yes
1-44641959049,1-44641959049,U-0337,"SWAMI VIVEKANAND INSTITUTE OF TECHNOLOGY, SAGAR",Active,Madhya Pradesh,Sagar,Sagar,"BEHIND DR.H.S.GOUR UNIVERSITY, N.H.-26, NARSHINGPUR ROAD, SIRONJA, SAGAR (M.P.) 470228",470228,23.854781,78.718504,Private-Self Financing,"SWAMI VIVEKANAND UNIVERSITY, SIRONJA, SAGAR (M.P.)",Approved,Approved,B++,Yes,,Tier 3,http://www.swamivivekanandsagar.ac.in,info@swamivivekanandsagar.ac.in,admissions@swamivivekanandsagar.ac.in,placement@swamivivekanandsagar.ac.in,+91-80-509-1460,Civil Engineering,Diploma,60,726,2009,Urban,Yes,Yes
1-44641959049,1-44641959049,U-0337,"SWAMI VIVEKANAND INSTITUTE OF TECHNOLOGY, SAGAR",Active,Madhya Pradesh,Sagar,Sagar,"BEHIND DR.H.S.GOUR UNIVERSITY, N.H.-26, NARSHINGPUR ROAD, SIRONJA, SAGAR (M.P.) 470228",470228,23.854781,78.718504,Private-Self Financing,"SWAMI VIVEKANAND UNIVERSITY, SIRONJA, SAGAR (M.P.)",Approved,Approved,B++,Yes,,Tier 3,http://www.swamivivekanandsagar.ac.in,info@swamivivekanandsagar.ac.in,admissions@swamivivekanandsagar.ac.in,placement@swamivivekanandsagar.ac.in,+91-80-509-1460,Mechanical Engineering,Diploma,60,726,2009,Urban,Yes,Yes
1-44641959049,1-44641959049,U-0337,"SWAMI VIVEKANAND INSTITUTE OF TECHNOLOGY, SAGAR",Active,Madhya Pradesh,Sagar,Sagar,"BEHIND DR.H.S.GOUR UNIVERSITY, N.H.-26, NARSHINGPUR ROAD, SIRONJA, SAGAR (M.P.) 470228",470228,23.854781,78.718504,Private-Self Financing,"SWAMI VIVEKANAND UNIVERSITY, SIRONJA, SAGAR (M.P.)",Approved,Approved,B++,Yes,,Tier 3,http://www.swamivivekanandsagar.ac.in,info@swamivivekanandsagar.ac.in,admissions@swamivivekanandsagar.ac.in,placement@swamivivekanandsagar.ac.in,+91-80-509-1460,Civil Engineering,B.Tech,120,726,2009,Urban,Yes,Yes
1-44641959049,1-44641959049,U-0337,"SWAMI VIVEKANAND INSTITUTE OF TECHNOLOGY, SAGAR",Active,Madhya Pradesh,Sagar,Sagar,"BEHIND DR.H.S.GOUR UNIVERSITY, N.H.-26, NARSHINGPUR ROAD, SIRONJA, SAGAR (M.P.) 470228",470228,23.854781,78.718504,Private-Self Financing,"SWAMI VIVEKANAND UNIVERSITY, SIRONJA, SAGAR (M.P.)",Approved,Approved,B++,Yes,,Tier 3,http://www.swamivivekanandsagar.ac.in,info@swamivivekanandsagar.ac.in,admissions@swamivivekanandsagar.ac.in,placement@swamivivekanandsagar.ac.in,+91-80-509-1460,Artificial Intelligence & Machine Learning (AI & ML),B.Tech,30,726,2009,Urban,Yes,Yes
1-44641959049,1-44641959049,U-0337,"SWAMI VIVEKANAND INSTITUTE OF TECHNOLOGY, SAGAR",Active,Madhya Pradesh,Sagar,Sagar,"BEHIND DR.H.S.GOUR UNIVERSITY, N.H.-26, NARSHINGPUR ROAD, SIRONJA, SAGAR (M.P.) 470228",470228,23.854781,78.718504,Private-Self Financing,"SWAMI VIVEKANAND UNIVERSITY, SIRONJA, SAGAR (M.P.)",Approved,Approved,B++,Yes,,Tier 3,http://www.swamivivekanandsagar.ac.in,info@swamivivekanandsagar.ac.in,admissions@swamivivekanandsagar.ac.in,placement@swamivivekanandsagar.ac.in,+91-80-509-1460,Cyber Security,B.Tech,30,726,2009,Urban,Yes,Yes
1-44641664082,1-44641664082,U-0234,SCHOOL OF ENGINEERING,Active,Madhya Pradesh,Indore,Indore,"INDORE-DEWAS BYPASS ROAD ARANDIA , INDORE",452012,22.730137,75.863584,Private-Self Financing,"DR. A.P.J. ABDUL KALAM UNIVERSITY, INDORE, MADHYA PRADESH",Approved,Approved,B+,No,,Tier 3,http://www.school.ac.in,info@school.ac.in,admissions@school.ac.in,placement@school.ac.in,+91-80-280-8101,Civil Engineering,Diploma,60,822,2010,Rural,No,Yes
1-44641664082,1-44641664082,U-0234,SCHOOL OF ENGINEERING,Active,Madhya Pradesh,Indore,Indore,"INDORE-DEWAS BYPASS ROAD ARANDIA , INDORE",452012,22.730137,75.863584,Private-Self Financing,"DR. A.P.J. ABDUL KALAM UNIVERSITY, INDORE, MADHYA PRADESH",Approved,Approved,B+,No,,Tier 3,http://www.school.ac.in,info@school.ac.in,admissions@school.ac.in,placement@school.ac.in,+91-80-280-8101,Mechanical Engineering,Diploma,60,822,2010,Rural,No,Yes
1-44641664082,1-44641664082,U-0234,SCHOOL OF ENGINEERING,Active,Madhya Pradesh,Indore,Indore,"INDORE-DEWAS BYPASS ROAD ARANDIA , INDORE",452012,22.730137,75.863584,Private-Self Financing,"DR. A.P.J. ABDUL KALAM UNIVERSITY, INDORE, MADHYA PRADESH",Approved,Approved,B+,No,,Tier 3,http://www.school.ac.in,info@school.ac.in,admissions@school.ac.in,placement@school.ac.in,+91-80-280-8101,Civil Engineering,B.Tech,180,822,2010,Rural,No,Yes
1-44641664082,1-44641664082,U-0234,SCHOOL OF ENGINEERING,Active,Madhya Pradesh,Indore,Indore,"INDORE-DEWAS BYPASS ROAD ARANDIA , INDORE",452012,22.730137,75.863584,Private-Self Financing,"DR. A.P.J. ABDUL KALAM UNIVERSITY, INDORE, MADHYA PRADESH",Approved,Approved,B+,No,,Tier 3,http://www.school.ac.in,info@school.ac.in,admissions@school.ac.in,placement@school.ac.in,+91-80-280-8101,Mechanical Engineering,B.Tech,180,822,2010,Rural,No,Yes
1-44641664082,1-44641664082,U-0234,SCHOOL OF ENGINEERING,Active,Madhya Pradesh,Indore,Indore,"INDORE-DEWAS BYPASS ROAD ARANDIA , INDORE",452012,22.730137,75.863584,Private-Self Financing,"DR. A.P.J. ABDUL KALAM UNIVERSITY, INDORE, MADHYA PRADESH",Approved,Approved,B+,No,,Tier 3,http://www.school.ac.in,info@school.ac.in,admissions@school.ac.in,placement@school.ac.in,+91-80-280-8101,Electrical & Electronics Engineering (EEE),B.Tech,60,822,2010,Rural,No,Yes
1-44641664082,1-44641664082,U-0234,SCHOOL OF ENGINEERING,Active,Madhya Pradesh,Indore,Indore,"INDORE-DEWAS BYPASS ROAD ARANDIA , INDORE",452012,22.730137,75.863584,Private-Self Financing,"DR. A.P.J. ABDUL KALAM UNIVERSITY, INDORE, MADHYA PRADESH",Approved,Approved,B+,No,,Tier 3,http://www.school.ac.in,info@school.ac.in,admissions@school.ac.in,placement@school.ac.in,+91-80-280-8101,Information Technology (IT),B.Tech,30,822,2010,Rural,No,Yes
1-44641664082,1-44641664082,U-0234,SCHOOL OF ENGINEERING,Active,Madhya Pradesh,Indore,Indore,"INDORE-DEWAS BYPASS ROAD ARANDIA , INDORE",452012,22.730137,75.863584,Private-Self Financing,"DR. A.P.J. ABDUL KALAM UNIVERSITY, INDORE, MADHYA PRADESH",Approved,Approved,B+,No,,Tier 3,http://www.school.ac.in,info@school.ac.in,admissions@school.ac.in,placement@school.ac.in,+91-80-280-8101,Computer Science Engineering (CSE),B.Tech,90,822,2010,Rural,No,Yes
1-44641664082,1-44641664082,U-0234,SCHOOL OF ENGINEERING,Active,Madhya Pradesh,Indore,Indore,"INDORE-DEWAS BYPASS ROAD ARANDIA , INDORE",452012,22.730137,75.863584,Private-Self Financing,"DR. A.P.J. ABDUL KALAM UNIVERSITY, INDORE, MADHYA PRADESH",Approved,Approved,B+,No,,Tier 3,http://www.school.ac.in,info@school.ac.in,admissions@school.ac.in,placement@school.ac.in,+91-80-280-8101,Electronics & Communication Engineering (ECE),B.Tech,90,822,2010,Rural,No,Yes
1-44641664082,1-44641664082,U-0234,SCHOOL OF ENGINEERING,Active,Madhya Pradesh,Indore,Indore,"INDORE-DEWAS BYPASS ROAD ARANDIA , INDORE",452012,22.730137,75.863584,Private-Self Financing,"DR. A.P.J. ABDUL KALAM UNIVERSITY, INDORE, MADHYA PRADESH",Approved,Approved,B+,No,,Tier 3,http://www.school.ac.in,info@school.ac.in,admissions@school.ac.in,placement@school.ac.in,+91-80-280-8101,Other Engineering Branches,M.Tech,36,822,2010,Rural,No,Yes
1-44641664082,1-44641664082,U-0234,SCHOOL OF ENGINEERING,Active,Madhya Pradesh,Indore,Indore,"INDORE-DEWAS BYPASS ROAD ARANDIA , INDORE",452012,22.730137,75.863584,Private-Self Financing,"DR. A.P.J. ABDUL KALAM UNIVERSITY, INDORE, MADHYA PRADESH",Approved,Approved,B+,No,,Tier 3,http://www.school.ac.in,info@school.ac.in,admissions@school.ac.in,placement@school.ac.in,+91-80-280-8101,Computer Science Engineering (CSE),M.Tech,18,822,2010,Rural,No,Yes
1-44641664082,1-44641664082,U-0234,SCHOOL OF ENGINEERING,Active,Madhya Pradesh,Indore,Indore,"INDORE-DEWAS BYPASS ROAD ARANDIA , INDORE",452012,22.730137,75.863584,Private-Self Financing,"DR. A.P.J. ABDUL KALAM UNIVERSITY, INDORE, MADHYA PRADESH",Approved,Approved,B+,No,,Tier 3,http://www.school.ac.in,info@school.ac.in,admissions@school.ac.in,placement@school.ac.in,+91-80-280-8101,Information Technology (IT),M.Tech,18,822,2010,Rural,No,Yes
1-44641862632,1-44641862632,U-0061,INSTITUTE OF ENGINEERING AND TECHNOLOGY,Active,Madhya Pradesh,Indore,Indore,"KAILOD-KARTAL, BY PASS ROAD, RAU.",452012,22.735473,75.853337,Private-Self Financing,SAGE UNIVERSITY INDORE,Approved,Approved,B,Yes,,Tier 3,http://www.inst8774.ac.in,info@inst8774.ac.in,admissions@inst8774.ac.in,placement@inst8774.ac.in,+91-80-504-6244,Computer Science Engineering (CSE),B.Tech,300,588,1998,Urban,Yes,Yes
1-44641862632,1-44641862632,U-0061,INSTITUTE OF ENGINEERING AND TECHNOLOGY,Active,Madhya Pradesh,Indore,Indore,"KAILOD-KARTAL, BY PASS ROAD, RAU.",452012,22.735473,75.853337,Private-Self Financing,SAGE UNIVERSITY INDORE,Approved,Approved,B,Yes,,Tier 3,http://www.inst8774.ac.in,info@inst8774.ac.in,admissions@inst8774.ac.in,placement@inst8774.ac.in,+91-80-504-6244,Mechanical Engineering,B.Tech,60,588,1998,Urban,Yes,Yes
1-44641862632,1-44641862632,U-0061,INSTITUTE OF ENGINEERING AND TECHNOLOGY,Active,Madhya Pradesh,Indore,Indore,"KAILOD-KARTAL, BY PASS ROAD, RAU.",452012,22.735473,75.853337,Private-Self Financing,SAGE UNIVERSITY INDORE,Approved,Approved,B,Yes,,Tier 3,http://www.inst8774.ac.in,info@inst8774.ac.in,admissions@inst8774.ac.in,placement@inst8774.ac.in,+91-80-504-6244,Electronics & Communication Engineering (ECE),B.Tech,60,588,1998,Urban,Yes,Yes
1-44641862632,1-44641862632,U-0061,INSTITUTE OF ENGINEERING AND TECHNOLOGY,Active,Madhya Pradesh,Indore,Indore,"KAILOD-KARTAL, BY PASS ROAD, RAU.",452012,22.735473,75.853337,Private-Self Financing,SAGE UNIVERSITY INDORE,Approved,Approved,B,Yes,,Tier 3,http://www.inst8774.ac.in,info@inst8774.ac.in,admissions@inst8774.ac.in,placement@inst8774.ac.in,+91-80-504-6244,Civil Engineering,B.Tech,60,588,1998,Urban,Yes,Yes
1-44641862632,1-44641862632,U-0061,INSTITUTE OF ENGINEERING AND TECHNOLOGY,Active,Madhya Pradesh,Indore,Indore,"KAILOD-KARTAL, BY PASS ROAD, RAU.",452012,22.735473,75.853337,Private-Self Financing,SAGE UNIVERSITY INDORE,Approved,Approved,B,Yes,,Tier 3,http://www.inst8774.ac.in,info@inst8774.ac.in,admissions@inst8774.ac.in,placement@inst8774.ac.in,+91-80-504-6244,Other Engineering Branches,M.Tech,18,588,1998,Urban,Yes,Yes
1-44641862632,1-44641862632,U-0061,INSTITUTE OF ENGINEERING AND TECHNOLOGY,Active,Madhya Pradesh,Indore,Indore,"KAILOD-KARTAL, BY PASS ROAD, RAU.",452012,22.735473,75.853337,Private-Self Financing,SAGE UNIVERSITY INDORE,Approved,Approved,B,Yes,,Tier 3,http://www.inst8774.ac.in,info@inst8774.ac.in,admissions@inst8774.ac.in,placement@inst8774.ac.in,+91-80-504-6244,Computer Science Engineering (CSE),M.Tech,24,588,1998,Urban,Yes,Yes
1-44641862632,1-44641862632,U-0061,INSTITUTE OF ENGINEERING AND TECHNOLOGY,Active,Madhya Pradesh,Indore,Indore,"KAILOD-KARTAL, BY PASS ROAD, RAU.",452012,22.735473,75.853337,Private-Self Financing,SAGE UNIVERSITY INDORE,Approved,Approved,B,Yes,,Tier 3,http://www.inst8774.ac.in,info@inst8774.ac.in,admissions@inst8774.ac.in,placement@inst8774.ac.in,+91-80-504-6244,Information Technology (IT),M.Tech,24,588,1998,Urban,Yes,Yes
1-44641862632,1-44641862632,U-0061,INSTITUTE OF ENGINEERING AND TECHNOLOGY,Active,Madhya Pradesh,Indore,Indore,"KAILOD-KARTAL, BY PASS ROAD, RAU.",452012,22.735473,75.853337,Private-Self Financing,SAGE UNIVERSITY INDORE,Approved,Approved,B,Yes,,Tier 3,http://www.inst8774.ac.in,info@inst8774.ac.in,admissions@inst8774.ac.in,placement@inst8774.ac.in,+91-80-504-6244,Automobile Engineering,M.Tech,24,588,1998,Urban,Yes,Yes
1-44641862632,1-44641862632,U-0061,INSTITUTE OF ENGINEERING AND TECHNOLOGY,Active,Madhya Pradesh,Indore,Indore,"KAILOD-KARTAL, BY PASS ROAD, RAU.",452012,22.735473,75.853337,Private-Self Financing,SAGE UNIVERSITY INDORE,Approved,Approved,B,Yes,,Tier 3,http://www.inst8774.ac.in,info@inst8774.ac.in,admissions@inst8774.ac.in,placement@inst8774.ac.in,+91-80-504-6244,Civil Engineering,M.Tech,18,588,1998,Urban,Yes,Yes
1-44641825895,1-44641825895,U-0618,BHABHA ENGINEERING RESEARCH INSTITUTE,Active,Madhya Pradesh,Bhopal,Bhopal,"NH-12, HOSHANGABAD ROAD, NEAR MISROD, VILL-JATKHEDI,BHOPAL",452493,23.275984,77.404092,Private-Self Financing,"Bhabha University, Bhopal",Approved,Approved,A,No,,Tier 3,http://www.bhabharesearch.ac.in,info@bhabharesearch.ac.in,admissions@bhabharesearch.ac.in,placement@bhabharesearch.ac.in,+91-80-513-4537,Mechanical Engineering,Diploma,60,756,2019,Urban,Yes,No
1-44641825895,1-44641825895,U-0618,BHABHA ENGINEERING RESEARCH INSTITUTE,Active,Madhya Pradesh,Bhopal,Bhopal,"NH-12, HOSHANGABAD ROAD, NEAR MISROD, VILL-JATKHEDI,BHOPAL",452493,23.275984,77.404092,Private-Self Financing,"Bhabha University, Bhopal",Approved,Approved,A,No,,Tier 3,http://www.bhabharesearch.ac.in,info@bhabharesearch.ac.in,admissions@bhabharesearch.ac.in,placement@bhabharesearch.ac.in,+91-80-513-4537,Electrical Engineering,Diploma,60,756,2019,Urban,Yes,No
1-44641825895,1-44641825895,U-0618,BHABHA ENGINEERING RESEARCH INSTITUTE,Active,Madhya Pradesh,Bhopal,Bhopal,"NH-12, HOSHANGABAD ROAD, NEAR MISROD, VILL-JATKHEDI,BHOPAL",452493,23.275984,77.404092,Private-Self Financing,"Bhabha University, Bhopal",Approved,Approved,A,No,,Tier 3,http://www.bhabharesearch.ac.in,info@bhabharesearch.ac.in,admissions@bhabharesearch.ac.in,placement@bhabharesearch.ac.in,+91-80-513-4537,Electronics & Communication Engineering (ECE),B.Tech,60,756,2019,Urban,Yes,No
1-44641825895,1-44641825895,U-0618,BHABHA ENGINEERING RESEARCH INSTITUTE,Active,Madhya Pradesh,Bhopal,Bhopal,"NH-12, HOSHANGABAD ROAD, NEAR MISROD, VILL-JATKHEDI,BHOPAL",452493,23.275984,77.404092,Private-Self Financing,"Bhabha University, Bhopal",Approved,Approved,A,No,,Tier 3,http://www.bhabharesearch.ac.in,info@bhabharesearch.ac.in,admissions@bhabharesearch.ac.in,placement@bhabharesearch.ac.in,+91-80-513-4537,Computer Science Engineering (CSE),B.Tech,120,756,2019,Urban,Yes,No
1-44641825895,1-44641825895,U-0618,BHABHA ENGINEERING RESEARCH INSTITUTE,Active,Madhya Pradesh,Bhopal,Bhopal,"NH-12, HOSHANGABAD ROAD, NEAR MISROD, VILL-JATKHEDI,BHOPAL",452493,23.275984,77.404092,Private-Self Financing,"Bhabha University, Bhopal",Approved,Approved,A,No,,Tier 3,http://www.bhabharesearch.ac.in,info@bhabharesearch.ac.in,admissions@bhabharesearch.ac.in,placement@bhabharesearch.ac.in,+91-80-513-4537,Mechanical Engineering,B.Tech,120,756,2019,Urban,Yes,No
1-44641825895,1-44641825895,U-0618,BHABHA ENGINEERING RESEARCH INSTITUTE,Active,Madhya Pradesh,Bhopal,Bhopal,"NH-12, HOSHANGABAD ROAD, NEAR MISROD, VILL-JATKHEDI,BHOPAL",452493,23.275984,77.404092,Private-Self Financing,"Bhabha University, Bhopal",Approved,Approved,A,No,,Tier 3,http://www.bhabharesearch.ac.in,info@bhabharesearch.ac.in,admissions@bhabharesearch.ac.in,placement@bhabharesearch.ac.in,+91-80-513-4537,Information Technology (IT),B.Tech,60,756,2019,Urban,Yes,No
1-44641825895,1-44641825895,U-0618,BHABHA ENGINEERING RESEARCH INSTITUTE,Active,Madhya Pradesh,Bhopal,Bhopal,"NH-12, HOSHANGABAD ROAD, NEAR MISROD, VILL-JATKHEDI,BHOPAL",452493,23.275984,77.404092,Private-Self Financing,"Bhabha University, Bhopal",Approved,Approved,A,No,,Tier 3,http://www.bhabharesearch.ac.in,info@bhabharesearch.ac.in,admissions@bhabharesearch.ac.in,placement@bhabharesearch.ac.in,+91-80-513-4537,Electrical Engineering,B.Tech,60,756,2019,Urban,Yes,No
1-44641825895,1-44641825895,U-0618,BHABHA ENGINEERING RESEARCH INSTITUTE,Active,Madhya Pradesh,Bhopal,Bhopal,"NH-12, HOSHANGABAD ROAD, NEAR MISROD, VILL-JATKHEDI,BHOPAL",452493,23.275984,77.404092,Private-Self Financing,"Bhabha University, Bhopal",Approved,Approved,A,No,,Tier 3,http://www.bhabharesearch.ac.in,info@bhabharesearch.ac.in,admissions@bhabharesearch.ac.in,placement@bhabharesearch.ac.in,+91-80-513-4537,Information Technology (IT),M.Tech,18,756,2019,Urban,Yes,No
1-44641825895,1-44641825895,U-0618,BHABHA ENGINEERING RESEARCH INSTITUTE,Active,Madhya Pradesh,Bhopal,Bhopal,"NH-12, HOSHANGABAD ROAD, NEAR MISROD, VILL-JATKHEDI,BHOPAL",452493,23.275984,77.404092,Private-Self Financing,"Bhabha University, Bhopal",Approved,Approved,A,No,,Tier 3,http://www.bhabharesearch.ac.in,info@bhabharesearch.ac.in,admissions@bhabharesearch.ac.in,placement@bhabharesearch.ac.in,+91-80-513-4537,Computer Science Engineering (CSE),M.Tech,18,756,2019,Urban,Yes,No
1-44641825895,1-44641825895,U-0618,BHABHA ENGINEERING RESEARCH INSTITUTE,Active,Madhya Pradesh,Bhopal,Bhopal,"NH-12, HOSHANGABAD ROAD, NEAR MISROD, VILL-JATKHEDI,BHOPAL",452493,23.275984,77.404092,Private-Self Financing,"Bhabha University, Bhopal",Approved,Approved,A,No,,Tier 3,http://www.bhabharesearch.ac.in,info@bhabharesearch.ac.in,admissions@bhabharesearch.ac.in,placement@bhabharesearch.ac.in,+91-80-513-4537,Other Engineering Branches,M.Tech,60,756,2019,Urban,Yes,No
1-44641825895,1-44641825895,U-0618,BHABHA ENGINEERING RESEARCH INSTITUTE,Active,Madhya Pradesh,Bhopal,Bhopal,"NH-12, HOSHANGABAD ROAD, NEAR MISROD, VILL-JATKHEDI,BHOPAL",452493,23.275984,77.404092,Private-Self Financing,"Bhabha University, Bhopal",Approved,Approved,A,No,,Tier 3,http://www.bhabharesearch.ac.in,info@bhabharesearch.ac.in,admissions@bhabharesearch.ac.in,placement@bhabharesearch.ac.in,+91-80-513-4537,Civil Engineering,B.Tech,60,756,2019,Urban,Yes,No
1-44641825895,1-44641825895,U-0618,BHABHA ENGINEERING RESEARCH INSTITUTE,Active,Madhya Pradesh,Bhopal,Bhopal,"NH-12, HOSHANGABAD ROAD, NEAR MISROD, VILL-JATKHEDI,BHOPAL",452493,23.275984,77.404092,Private-Self Financing,"Bhabha University, Bhopal",Approved,Approved,A,No,,Tier 3,http://www.bhabharesearch.ac.in,info@bhabharesearch.ac.in,admissions@bhabharesearch.ac.in,placement@bhabharesearch.ac.in,+91-80-513-4537,Electrical & Electronics Engineering (EEE),B.Tech,60,756,2019,Urban,Yes,No
1-44641917932,1-44641917932,U-0441,NRI-INSTITUTE OF RESEARCH & TECHNOLOGY,Active,Madhya Pradesh,Bhopal,Bhopal,"4, SAJJAN SINGH NAGAR, OPP. PATEL NAGAR, RAISEN ROAD, BHOPAL (M.P.) INDIA PIN  462 021",452493,23.26904,77.400137,Private-Self Financing,"Rajiv Gandhi Proudyogiki Vishwavidyalaya, Bhopal",Approved,Approved,A+,Yes,,Tier 2,http://www.nriinstituteresearch.ac.in,info@nriinstituteresearch.ac.in,admissions@nriinstituteresearch.ac.in,placement@nriinstituteresearch.ac.in,+91-80-222-2256,Robotics,M.Tech,18,822,1996,Rural,Yes,Yes
1-44641917932,1-44641917932,U-0441,NRI-INSTITUTE OF RESEARCH & TECHNOLOGY,Active,Madhya Pradesh,Bhopal,Bhopal,"4, SAJJAN SINGH NAGAR, OPP. PATEL NAGAR, RAISEN ROAD, BHOPAL (M.P.) INDIA PIN  462 021",452493,23.26904,77.400137,Private-Self Financing,"Rajiv Gandhi Proudyogiki Vishwavidyalaya, Bhopal",Approved,Approved,A+,Yes,,Tier 2,http://www.nriinstituteresearch.ac.in,info@nriinstituteresearch.ac.in,admissions@nriinstituteresearch.ac.in,placement@nriinstituteresearch.ac.in,+91-80-222-2256,Mechanical Engineering,Diploma,60,822,1996,Rural,Yes,Yes
1-44641917932,1-44641917932,U-0441,NRI-INSTITUTE OF RESEARCH & TECHNOLOGY,Active,Madhya Pradesh,Bhopal,Bhopal,"4, SAJJAN SINGH NAGAR, OPP. PATEL NAGAR, RAISEN ROAD, BHOPAL (M.P.) INDIA PIN  462 021",452493,23.26904,77.400137,Private-Self Financing,"Rajiv Gandhi Proudyogiki Vishwavidyalaya, Bhopal",Approved,Approved,A+,Yes,,Tier 2,http://www.nriinstituteresearch.ac.in,info@nriinstituteresearch.ac.in,admissions@nriinstituteresearch.ac.in,placement@nriinstituteresearch.ac.in,+91-80-222-2256,Electronics & Communication Engineering (ECE),Diploma,30,822,1996,Rural,Yes,Yes
1-44641917932,1-44641917932,U-0441,NRI-INSTITUTE OF RESEARCH & TECHNOLOGY,Active,Madhya Pradesh,Bhopal,Bhopal,"4, SAJJAN SINGH NAGAR, OPP. PATEL NAGAR, RAISEN ROAD, BHOPAL (M.P.) INDIA PIN  462 021",452493,23.26904,77.400137,Private-Self Financing,"Rajiv Gandhi Proudyogiki Vishwavidyalaya, Bhopal",Approved,Approved,A+,Yes,,Tier 2,http://www.nriinstituteresearch.ac.in,info@nriinstituteresearch.ac.in,admissions@nriinstituteresearch.ac.in,placement@nriinstituteresearch.ac.in,+91-80-222-2256,Electrical Engineering,M.Tech,18,822,1996,Rural,Yes,Yes
1-44641917932,1-44641917932,U-0441,NRI-INSTITUTE OF RESEARCH & TECHNOLOGY,Active,Madhya Pradesh,Bhopal,Bhopal,"4, SAJJAN SINGH NAGAR, OPP. PATEL NAGAR, RAISEN ROAD, BHOPAL (M.P.) INDIA PIN  462 021",452493,23.26904,77.400137,Private-Self Financing,"Rajiv Gandhi Proudyogiki Vishwavidyalaya, Bhopal",Approved,Approved,A+,Yes,,Tier 2,http://www.nriinstituteresearch.ac.in,info@nriinstituteresearch.ac.in,admissions@nriinstituteresearch.ac.in,placement@nriinstituteresearch.ac.in,+91-80-222-2256,Computer Science Engineering (CSE),B.Tech,60,822,1996,Rural,Yes,Yes
1-44641917932,1-44641917932,U-0441,NRI-INSTITUTE OF RESEARCH & TECHNOLOGY,Active,Madhya Pradesh,Bhopal,Bhopal,"4, SAJJAN SINGH NAGAR, OPP. PATEL NAGAR, RAISEN ROAD, BHOPAL (M.P.) INDIA PIN  462 021",452493,23.26904,77.400137,Private-Self Financing,"Rajiv Gandhi Proudyogiki Vishwavidyalaya, Bhopal",Approved,Approved,A+,Yes,,Tier 2,http://www.nriinstituteresearch.ac.in,info@nriinstituteresearch.ac.in,admissions@nriinstituteresearch.ac.in,placement@nriinstituteresearch.ac.in,+91-80-222-2256,Civil Engineering,B.Tech,30,822,1996,Rural,Yes,Yes
1-44641917932,1-44641917932,U-0441,NRI-INSTITUTE OF RESEARCH & TECHNOLOGY,Active,Madhya Pradesh,Bhopal,Bhopal,"4, SAJJAN SINGH NAGAR, OPP. PATEL NAGAR, RAISEN ROAD, BHOPAL (M.P.) INDIA PIN  462 021",452493,23.26904,77.400137,Private-Self Financing,"Rajiv Gandhi Proudyogiki Vishwavidyalaya, Bhopal",Approved,Approved,A+,Yes,,Tier 2,http://www.nriinstituteresearch.ac.in,info@nriinstituteresearch.ac.in,admissions@nriinstituteresearch.ac.in,placement@nriinstituteresearch.ac.in,+91-80-222-2256,Mechanical Engineering,B.Tech,30,822,1996,Rural,Yes,Yes
1-44641917932,1-44641917932,U-0441,NRI-INSTITUTE OF RESEARCH & TECHNOLOGY,Active,Madhya Pradesh,Bhopal,Bhopal,"4, SAJJAN SINGH NAGAR, OPP. PATEL NAGAR, RAISEN ROAD, BHOPAL (M.P.) INDIA PIN  462 021",452493,23.26904,77.400137,Private-Self Financing,"Rajiv Gandhi Proudyogiki Vishwavidyalaya, Bhopal",Approved,Approved,A+,Yes,,Tier 2,http://www.nriinstituteresearch.ac.in,info@nriinstituteresearch.ac.in,admissions@nriinstituteresearch.ac.in,placement@nriinstituteresearch.ac.in,+91-80-222-2256,Computer Science Engineering (CSE),M.Tech,18,822,1996,Rural,Yes,Yes
1-44641917932,1-44641917932,U-0441,NRI-INSTITUTE OF RESEARCH & TECHNOLOGY,Active,Madhya Pradesh,Bhopal,Bhopal,"4, SAJJAN SINGH NAGAR, OPP. PATEL NAGAR, RAISEN ROAD, BHOPAL (M.P.) INDIA PIN  462 021",452493,23.26904,77.400137,Private-Self Financing,"Rajiv Gandhi Proudyogiki Vishwavidyalaya, Bhopal",Approved,Approved,A+,Yes,,Tier 2,http://www.nriinstituteresearch.ac.in,info@nriinstituteresearch.ac.in,admissions@nriinstituteresearch.ac.in,placement@nriinstituteresearch.ac.in,+91-80-222-2256,Electrical Engineering,B.Tech,60,822,1996,Rural,Yes,Yes
1-44641917932,1-44641917932,U-0441,NRI-INSTITUTE OF RESEARCH & TECHNOLOGY,Active,Madhya Pradesh,Bhopal,Bhopal,"4, SAJJAN SINGH NAGAR, OPP. PATEL NAGAR, RAISEN ROAD, BHOPAL (M.P.) INDIA PIN  462 021",452493,23.26904,77.400137,Private-Self Financing,"Rajiv Gandhi Proudyogiki Vishwavidyalaya, Bhopal",Approved,Approved,A+,Yes,,Tier 2,http://www.nriinstituteresearch.ac.in,info@nriinstituteresearch.ac.in,admissions@nriinstituteresearch.ac.in,placement@nriinstituteresearch.ac.in,+91-80-222-2256,Other Engineering Branches,M.Tech,48,822,1996,Rural,Yes,Yes
1-44641917932,1-44641917932,U-0441,NRI-INSTITUTE OF RESEARCH & TECHNOLOGY,Active,Madhya Pradesh,Bhopal,Bhopal,"4, SAJJAN SINGH NAGAR, OPP. PATEL NAGAR, RAISEN ROAD, BHOPAL (M.P.) INDIA PIN  462 021",452493,23.26904,77.400137,Private-Self Financing,"Rajiv Gandhi Proudyogiki Vishwavidyalaya, Bhopal",Approved,Approved,A+,Yes,,Tier 2,http://www.nriinstituteresearch.ac.in,info@nriinstituteresearch.ac.in,admissions@nriinstituteresearch.ac.in,placement@nriinstituteresearch.ac.in,+91-80-222-2256,Electrical Engineering,Diploma,60,822,1996,Rural,Yes,Yes
1-44641917932,1-44641917932,U-0441,NRI-INSTITUTE OF RESEARCH & TECHNOLOGY,Active,Madhya Pradesh,Bhopal,Bhopal,"4, SAJJAN SINGH NAGAR, OPP. PATEL NAGAR, RAISEN ROAD, BHOPAL (M.P.) INDIA PIN  462 021",452493,23.26904,77.400137,Private-Self Financing,"Rajiv Gandhi Proudyogiki Vishwavidyalaya, Bhopal",Approved,Approved,A+,Yes,,Tier 2,http://www.nriinstituteresearch.ac.in,info@nriinstituteresearch.ac.in,admissions@nriinstituteresearch.ac.in,placement@nriinstituteresearch.ac.in,+91-80-222-2256,Civil Engineering,Diploma,30,822,1996,Rural,Yes,Yes
1-44641917932,1-44641917932,U-0441,NRI-INSTITUTE OF RESEARCH & TECHNOLOGY,Active,Madhya Pradesh,Bhopal,Bhopal,"4, SAJJAN SINGH NAGAR, OPP. PATEL NAGAR, RAISEN ROAD, BHOPAL (M.P.) INDIA PIN  462 021",452493,23.26904,77.400137,Private-Self Financing,"Rajiv Gandhi Proudyogiki Vishwavidyalaya, Bhopal",Approved,Approved,A+,Yes,,Tier 2,http://www.nriinstituteresearch.ac.in,info@nriinstituteresearch.ac.in,admissions@nriinstituteresearch.ac.in,placement@nriinstituteresearch.ac.in,+91-80-222-2256,Computer Science Engineering (CSE),Diploma,60,822,1996,Rural,Yes,Yes
1-44641917932,1-44641917932,U-0441,NRI-INSTITUTE OF RESEARCH & TECHNOLOGY,Active,Madhya Pradesh,Bhopal,Bhopal,"4, SAJJAN SINGH NAGAR, OPP. PATEL NAGAR, RAISEN ROAD, BHOPAL (M.P.) INDIA PIN  462 021",452493,23.26904,77.400137,Private-Self Financing,"Rajiv Gandhi Proudyogiki Vishwavidyalaya, Bhopal",Approved,Approved,A+,Yes,,Tier 2,http://www.nriinstituteresearch.ac.in,info@nriinstituteresearch.ac.in,admissions@nriinstituteresearch.ac.in,placement@nriinstituteresearch.ac.in,+91-80-222-2256,Cyber Security,B.Tech,60,822,1996,Rural,Yes,Yes
1-44641917932,1-44641917932,U-0441,NRI-INSTITUTE OF RESEARCH & TECHNOLOGY,Active,Madhya Pradesh,Bhopal,Bhopal,"4, SAJJAN SINGH NAGAR, OPP. PATEL NAGAR, RAISEN ROAD, BHOPAL (M.P.) INDIA PIN  462 021",452493,23.26904,77.400137,Private-Self Financing,"Rajiv Gandhi Proudyogiki Vishwavidyalaya, Bhopal",Approved,Approved,A+,Yes,,Tier 2,http://www.nriinstituteresearch.ac.in,info@nriinstituteresearch.ac.in,admissions@nriinstituteresearch.ac.in,placement@nriinstituteresearch.ac.in,+91-80-222-2256,Mining Engineering,B.Tech,120,822,1996,Rural,Yes,Yes
1-44641917932,1-44641917932,U-0441,NRI-INSTITUTE OF RESEARCH & TECHNOLOGY,Active,Madhya Pradesh,Bhopal,Bhopal,"4, SAJJAN SINGH NAGAR, OPP. PATEL NAGAR, RAISEN ROAD, BHOPAL (M.P.) INDIA PIN  462 021",452493,23.26904,77.400137,Private-Self Financing,"Rajiv Gandhi Proudyogiki Vishwavidyalaya, Bhopal",Approved,Approved,A+,Yes,,Tier 2,http://www.nriinstituteresearch.ac.in,info@nriinstituteresearch.ac.in,admissions@nriinstituteresearch.ac.in,placement@nriinstituteresearch.ac.in,+91-80-222-2256,Mining Engineering,Diploma,60,822,1996,Rural,Yes,Yes
1-44641917932,1-44641917932,U-0441,NRI-INSTITUTE OF RESEARCH & TECHNOLOGY,Active,Madhya Pradesh,Bhopal,Bhopal,"4, SAJJAN SINGH NAGAR, OPP. PATEL NAGAR, RAISEN ROAD, BHOPAL (M.P.) INDIA PIN  462 021",452493,23.26904,77.400137,Private-Self Financing,"Rajiv Gandhi Proudyogiki Vishwavidyalaya, Bhopal",Approved,Approved,A+,Yes,,Tier 2,http://www.nriinstituteresearch.ac.in,info@nriinstituteresearch.ac.in,admissions@nriinstituteresearch.ac.in,placement@nriinstituteresearch.ac.in,+91-80-222-2256,Data Science,B.Tech,60,822,1996,Rural,Yes,Yes
1-44641965798,1-44641965798,U-0441,RADHARAMAN INSTITUTE OF TECHNOLOGY AND SCIENCE,Active,Madhya Pradesh,Bhopal,Bhopal,"BHADBHDA ROAD, FATEHPUR DOBRA, RATIBAD",452493,23.272977,77.407382,Private-Self Financing,"Rajiv Gandhi Proudyogiki Vishwavidyalaya, Bhopal",Approved,Approved,B,No,,Tier 3,http://www.radharamanscience.ac.in,info@radharamanscience.ac.in,admissions@radharamanscience.ac.in,placement@radharamanscience.ac.in,+91-80-387-3246,Mechanical Engineering,B.Tech,60,516,2013,Urban,Yes,Yes
1-44641965798,1-44641965798,U-0441,RADHARAMAN INSTITUTE OF TECHNOLOGY AND SCIENCE,Active,Madhya Pradesh,Bhopal,Bhopal,"BHADBHDA ROAD, FATEHPUR DOBRA, RATIBAD",452493,23.272977,77.407382,Private-Self Financing,"Rajiv Gandhi Proudyogiki Vishwavidyalaya, Bhopal",Approved,Approved,B,No,,Tier 3,http://www.radharamanscience.ac.in,info@radharamanscience.ac.in,admissions@radharamanscience.ac.in,placement@radharamanscience.ac.in,+91-80-387-3246,Electronics & Communication Engineering (ECE),B.Tech,30,516,2013,Urban,Yes,Yes
1-44641965798,1-44641965798,U-0441,RADHARAMAN INSTITUTE OF TECHNOLOGY AND SCIENCE,Active,Madhya Pradesh,Bhopal,Bhopal,"BHADBHDA ROAD, FATEHPUR DOBRA, RATIBAD",452493,23.272977,77.407382,Private-Self Financing,"Rajiv Gandhi Proudyogiki Vishwavidyalaya, Bhopal",Approved,Approved,B,No,,Tier 3,http://www.radharamanscience.ac.in,info@radharamanscience.ac.in,admissions@radharamanscience.ac.in,placement@radharamanscience.ac.in,+91-80-387-3246,Computer Science Engineering (CSE),M.Tech,48,516,2013,Urban,Yes,Yes
1-44641965798,1-44641965798,U-0441,RADHARAMAN INSTITUTE OF TECHNOLOGY AND SCIENCE,Active,Madhya Pradesh,Bhopal,Bhopal,"BHADBHDA ROAD, FATEHPUR DOBRA, RATIBAD",452493,23.272977,77.407382,Private-Self Financing,"Rajiv Gandhi Proudyogiki Vishwavidyalaya, Bhopal",Approved,Approved,B,No,,Tier 3,http://www.radharamanscience.ac.in,info@radharamanscience.ac.in,admissions@radharamanscience.ac.in,placement@radharamanscience.ac.in,+91-80-387-3246,Information Technology (IT),M.Tech,48,516,2013,Urban,Yes,Yes
1-44641965798,1-44641965798,U-0441,RADHARAMAN INSTITUTE OF TECHNOLOGY AND SCIENCE,Active,Madhya Pradesh,Bhopal,Bhopal,"BHADBHDA ROAD, FATEHPUR DOBRA, RATIBAD",452493,23.272977,77.407382,Private-Self Financing,"Rajiv Gandhi Proudyogiki Vishwavidyalaya, Bhopal",Approved,Approved,B,No,,Tier 3,http://www.radharamanscience.ac.in,info@radharamanscience.ac.in,admissions@radharamanscience.ac.in,placement@radharamanscience.ac.in,+91-80-387-3246,Electrical & Electronics Engineering (EEE),B.Tech,60,516,2013,Urban,Yes,Yes
1-44641965798,1-44641965798,U-0441,RADHARAMAN INSTITUTE OF TECHNOLOGY AND SCIENCE,Active,Madhya Pradesh,Bhopal,Bhopal,"BHADBHDA ROAD, FATEHPUR DOBRA, RATIBAD",452493,23.272977,77.407382,Private-Self Financing,"Rajiv Gandhi Proudyogiki Vishwavidyalaya, Bhopal",Approved,Approved,B,No,,Tier 3,http://www.radharamanscience.ac.in,info@radharamanscience.ac.in,admissions@radharamanscience.ac.in,placement@radharamanscience.ac.in,+91-80-387-3246,Civil Engineering,B.Tech,60,516,2013,Urban,Yes,Yes
1-44641965798,1-44641965798,U-0441,RADHARAMAN INSTITUTE OF TECHNOLOGY AND SCIENCE,Active,Madhya Pradesh,Bhopal,Bhopal,"BHADBHDA ROAD, FATEHPUR DOBRA, RATIBAD",452493,23.272977,77.407382,Private-Self Financing,"Rajiv Gandhi Proudyogiki Vishwavidyalaya, Bhopal",Approved,Approved,B,No,,Tier 3,http://www.radharamanscience.ac.in,info@radharamanscience.ac.in,admissions@radharamanscience.ac.in,placement@radharamanscience.ac.in,+91-80-387-3246,Other Engineering Branches,M.Tech,30,516,2013,Urban,Yes,Yes
1-44641965798,1-44641965798,U-0441,RADHARAMAN INSTITUTE OF TECHNOLOGY AND SCIENCE,Active,Madhya Pradesh,Bhopal,Bhopal,"BHADBHDA ROAD, FATEHPUR DOBRA, RATIBAD",452493,23.272977,77.407382,Private-Self Financing,"Rajiv Gandhi Proudyogiki Vishwavidyalaya, Bhopal",Approved,Approved,B,No,,Tier 3,http://www.radharamanscience.ac.in,info@radharamanscience.ac.in,admissions@radharamanscience.ac.in,placement@radharamanscience.ac.in,+91-80-387-3246,Computer Science Engineering (CSE),B.Tech,180,516,2013,Urban,Yes,Yes
1-44642298977,1-44642298977,U-0441,BABULAL TARABAI INSTITUTE OF RESEARCH & TECHNOLOGY,Active,Madhya Pradesh,Sagar,Sagar,"N.H. 26, NARSINGHPUR ROAD, GRAM-SIRONJA",452081,23.826043,78.718537,Private-Self Financing,"Rajiv Gandhi Proudyogiki Vishwavidyalaya, Bhopal",Approved,Approved,B++,Yes,,Tier 3,http://www.babulaltarabairesearch.ac.in,info@babulaltarabairesearch.ac.in,admissions@babulaltarabairesearch.ac.in,placement@babulaltarabairesearch.ac.in,+91-80-303-7700,Other Engineering Branches,M.Tech,42,678,1990,Urban,Yes,Yes
1-44642298977,1-44642298977,U-0441,BABULAL TARABAI INSTITUTE OF RESEARCH & TECHNOLOGY,Active,Madhya Pradesh,Sagar,Sagar,"N.H. 26, NARSINGHPUR ROAD, GRAM-SIRONJA",452081,23.826043,78.718537,Private-Self Financing,"Rajiv Gandhi Proudyogiki Vishwavidyalaya, Bhopal",Approved,Approved,B++,Yes,,Tier 3,http://www.babulaltarabairesearch.ac.in,info@babulaltarabairesearch.ac.in,admissions@babulaltarabairesearch.ac.in,placement@babulaltarabairesearch.ac.in,+91-80-303-7700,Civil Engineering,Diploma,60,678,1990,Urban,Yes,Yes
1-44642298977,1-44642298977,U-0441,BABULAL TARABAI INSTITUTE OF RESEARCH & TECHNOLOGY,Active,Madhya Pradesh,Sagar,Sagar,"N.H. 26, NARSINGHPUR ROAD, GRAM-SIRONJA",452081,23.826043,78.718537,Private-Self Financing,"Rajiv Gandhi Proudyogiki Vishwavidyalaya, Bhopal",Approved,Approved,B++,Yes,,Tier 3,http://www.babulaltarabairesearch.ac.in,info@babulaltarabairesearch.ac.in,admissions@babulaltarabairesearch.ac.in,placement@babulaltarabairesearch.ac.in,+91-80-303-7700,Computer Science Engineering (CSE),Diploma,60,678,1990,Urban,Yes,Yes
1-44642298977,1-44642298977,U-0441,BABULAL TARABAI INSTITUTE OF RESEARCH & TECHNOLOGY,Active,Madhya Pradesh,Sagar,Sagar,"N.H. 26, NARSINGHPUR ROAD, GRAM-SIRONJA",452081,23.826043,78.718537,Private-Self Financing,"Rajiv Gandhi Proudyogiki Vishwavidyalaya, Bhopal",Approved,Approved,B++,Yes,,Tier 3,http://www.babulaltarabairesearch.ac.in,info@babulaltarabairesearch.ac.in,admissions@babulaltarabairesearch.ac.in,placement@babulaltarabairesearch.ac.in,+91-80-303-7700,Civil Engineering,B.Tech,60,678,1990,Urban,Yes,Yes
1-44642298977,1-44642298977,U-0441,BABULAL TARABAI INSTITUTE OF RESEARCH & TECHNOLOGY,Active,Madhya Pradesh,Sagar,Sagar,"N.H. 26, NARSINGHPUR ROAD, GRAM-SIRONJA",452081,23.826043,78.718537,Private-Self Financing,"Rajiv Gandhi Proudyogiki Vishwavidyalaya, Bhopal",Approved,Approved,B++,Yes,,Tier 3,http://www.babulaltarabairesearch.ac.in,info@babulaltarabairesearch.ac.in,admissions@babulaltarabairesearch.ac.in,placement@babulaltarabairesearch.ac.in,+91-80-303-7700,Computer Science Engineering (CSE),B.Tech,90,678,1990,Urban,Yes,Yes
1-44642298977,1-44642298977,U-0441,BABULAL TARABAI INSTITUTE OF RESEARCH & TECHNOLOGY,Active,Madhya Pradesh,Sagar,Sagar,"N.H. 26, NARSINGHPUR ROAD, GRAM-SIRONJA",452081,23.826043,78.718537,Private-Self Financing,"Rajiv Gandhi Proudyogiki Vishwavidyalaya, Bhopal",Approved,Approved,B++,Yes,,Tier 3,http://www.babulaltarabairesearch.ac.in,info@babulaltarabairesearch.ac.in,admissions@babulaltarabairesearch.ac.in,placement@babulaltarabairesearch.ac.in,+91-80-303-7700,Electronics & Communication Engineering (ECE),B.Tech,60,678,1990,Urban,Yes,Yes
1-44642298977,1-44642298977,U-0441,BABULAL TARABAI INSTITUTE OF RESEARCH & TECHNOLOGY,Active,Madhya Pradesh,Sagar,Sagar,"N.H. 26, NARSINGHPUR ROAD, GRAM-SIRONJA",452081,23.826043,78.718537,Private-Self Financing,"Rajiv Gandhi Proudyogiki Vishwavidyalaya, Bhopal",Approved,Approved,B++,Yes,,Tier 3,http://www.babulaltarabairesearch.ac.in,info@babulaltarabairesearch.ac.in,admissions@babulaltarabairesearch.ac.in,placement@babulaltarabairesearch.ac.in,+91-80-303-7700,Mechanical Engineering,B.Tech,30,678,1990,Urban,Yes,Yes
1-44642298977,1-44642298977,U-0441,BABULAL TARABAI INSTITUTE OF RESEARCH & TECHNOLOGY,Active,Madhya Pradesh,Sagar,Sagar,"N.H. 26, NARSINGHPUR ROAD, GRAM-SIRONJA",452081,23.826043,78.718537,Private-Self Financing,"Rajiv Gandhi Proudyogiki Vishwavidyalaya, Bhopal",Approved,Approved,B++,Yes,,Tier 3,http://www.babulaltarabairesearch.ac.in,info@babulaltarabairesearch.ac.in,admissions@babulaltarabairesearch.ac.in,placement@babulaltarabairesearch.ac.in,+91-80-303-7700,Computer Science Engineering (CSE),M.Tech,18,678,1990,Urban,Yes,Yes
1-44642298977,1-44642298977,U-0441,BABULAL TARABAI INSTITUTE OF RESEARCH & TECHNOLOGY,Active,Madhya Pradesh,Sagar,Sagar,"N.H. 26, NARSINGHPUR ROAD, GRAM-SIRONJA",452081,23.826043,78.718537,Private-Self Financing,"Rajiv Gandhi Proudyogiki Vishwavidyalaya, Bhopal",Approved,Approved,B++,Yes,,Tier 3,http://www.babulaltarabairesearch.ac.in,info@babulaltarabairesearch.ac.in,admissions@babulaltarabairesearch.ac.in,placement@babulaltarabairesearch.ac.in,+91-80-303-7700,Information Technology (IT),M.Tech,18,678,1990,Urban,Yes,Yes
1-44642298977,1-44642298977,U-0441,BABULAL TARABAI INSTITUTE OF RESEARCH & TECHNOLOGY,Active,Madhya Pradesh,Sagar,Sagar,"N.H. 26, NARSINGHPUR ROAD, GRAM-SIRONJA",452081,23.826043,78.718537,Private-Self Financing,"Rajiv Gandhi Proudyogiki Vishwavidyalaya, Bhopal",Approved,Approved,B++,Yes,,Tier 3,http://www.babulaltarabairesearch.ac.in,info@babulaltarabairesearch.ac.in,admissions@babulaltarabairesearch.ac.in,placement@babulaltarabairesearch.ac.in,+91-80-303-7700,Electrical & Electronics Engineering (EEE),B.Tech,30,678,1990,Urban,Yes,Yes
1-44642298977,1-44642298977,U-0441,BABULAL TARABAI INSTITUTE OF RESEARCH & TECHNOLOGY,Active,Madhya Pradesh,Sagar,Sagar,"N.H. 26, NARSINGHPUR ROAD, GRAM-SIRONJA",452081,23.826043,78.718537,Private-Self Financing,"Rajiv Gandhi Proudyogiki Vishwavidyalaya, Bhopal",Approved,Approved,B++,Yes,,Tier 3,http://www.babulaltarabairesearch.ac.in,info@babulaltarabairesearch.ac.in,admissions@babulaltarabairesearch.ac.in,placement@babulaltarabairesearch.ac.in,+91-80-303-7700,Mechanical Engineering,Diploma,60,678,1990,Urban,Yes,Yes
1-44642298977,1-44642298977,U-0441,BABULAL TARABAI INSTITUTE OF RESEARCH & TECHNOLOGY,Active,Madhya Pradesh,Sagar,Sagar,"N.H. 26, NARSINGHPUR ROAD, GRAM-SIRONJA",452081,23.826043,78.718537,Private-Self Financing,"Rajiv Gandhi Proudyogiki Vishwavidyalaya, Bhopal",Approved,Approved,B++,Yes,,Tier 3,http://www.babulaltarabairesearch.ac.in,info@babulaltarabairesearch.ac.in,admissions@babulaltarabairesearch.ac.in,placement@babulaltarabairesearch.ac.in,+91-80-303-7700,Electrical Engineering,Diploma,60,678,1990,Urban,Yes,Yes
1-44642298977,1-44642298977,U-0441,BABULAL TARABAI INSTITUTE OF RESEARCH & TECHNOLOGY,Active,Madhya Pradesh,Sagar,Sagar,"N.H. 26, NARSINGHPUR ROAD, GRAM-SIRONJA",452081,23.826043,78.718537,Private-Self Financing,"Rajiv Gandhi Proudyogiki Vishwavidyalaya, Bhopal",Approved,Approved,B++,Yes,,Tier 3,http://www.babulaltarabairesearch.ac.in,info@babulaltarabairesearch.ac.in,admissions@babulaltarabairesearch.ac.in,placement@babulaltarabairesearch.ac.in,+91-80-303-7700,Artificial Intelligence & Machine Learning (AI & ML),B.Tech,60,678,1990,Urban,Yes,Yes
1-44642298977,1-44642298977,U-0441,BABULAL TARABAI INSTITUTE OF RESEARCH & TECHNOLOGY,Active,Madhya Pradesh,Sagar,Sagar,"N.H. 26, NARSINGHPUR ROAD, GRAM-SIRONJA",452081,23.826043,78.718537,Private-Self Financing,"Rajiv Gandhi Proudyogiki Vishwavidyalaya, Bhopal",Approved,Approved,B++,Yes,,Tier 3,http://www.babulaltarabairesearch.ac.in,info@babulaltarabairesearch.ac.in,admissions@babulaltarabairesearch.ac.in,placement@babulaltarabairesearch.ac.in,+91-80-303-7700,Cyber Security,B.Tech,30,678,1990,Urban,Yes,Yes
1-44641671220,1-44641671220,U-0441,"NAGAJI INSTITUTE OF TECHNOLOGY & MANAGEMENT, GWALIOR",Active,Madhya Pradesh,Gwalior,Gwalior,"THAKUR BABA CAMPUS, JHANSI ROAD, SITHOLI, GWALIOR (M.P.) -474001",474001,26.235652,78.186796,Private-Self Financing,"Rajiv Gandhi Proudyogiki Vishwavidyalaya, Bhopal",Approved,Approved,A,No,,Tier 3,http://www.nagajimanagementgwalior.ac.in,info@nagajimanagementgwalior.ac.in,admissions@nagajimanagementgwalior.ac.in,placement@nagajimanagementgwalior.ac.in,+91-80-566-6585,Civil Engineering,B.Tech,30,288,2020,Urban,Yes,Yes
1-44641671220,1-44641671220,U-0441,"NAGAJI INSTITUTE OF TECHNOLOGY & MANAGEMENT, GWALIOR",Active,Madhya Pradesh,Gwalior,Gwalior,"THAKUR BABA CAMPUS, JHANSI ROAD, SITHOLI, GWALIOR (M.P.) -474001",474001,26.235652,78.186796,Private-Self Financing,"Rajiv Gandhi Proudyogiki Vishwavidyalaya, Bhopal",Approved,Approved,A,No,,Tier 3,http://www.nagajimanagementgwalior.ac.in,info@nagajimanagementgwalior.ac.in,admissions@nagajimanagementgwalior.ac.in,placement@nagajimanagementgwalior.ac.in,+91-80-566-6585,Information Technology (IT),B.Tech,30,288,2020,Urban,Yes,Yes
1-44641671220,1-44641671220,U-0441,"NAGAJI INSTITUTE OF TECHNOLOGY & MANAGEMENT, GWALIOR",Active,Madhya Pradesh,Gwalior,Gwalior,"THAKUR BABA CAMPUS, JHANSI ROAD, SITHOLI, GWALIOR (M.P.) -474001",474001,26.235652,78.186796,Private-Self Financing,"Rajiv Gandhi Proudyogiki Vishwavidyalaya, Bhopal",Approved,Approved,A,No,,Tier 3,http://www.nagajimanagementgwalior.ac.in,info@nagajimanagementgwalior.ac.in,admissions@nagajimanagementgwalior.ac.in,placement@nagajimanagementgwalior.ac.in,+91-80-566-6585,Computer Science Engineering (CSE),B.Tech,45,288,2020,Urban,Yes,Yes
1-44641671220,1-44641671220,U-0441,"NAGAJI INSTITUTE OF TECHNOLOGY & MANAGEMENT, GWALIOR",Active,Madhya Pradesh,Gwalior,Gwalior,"THAKUR BABA CAMPUS, JHANSI ROAD, SITHOLI, GWALIOR (M.P.) -474001",474001,26.235652,78.186796,Private-Self Financing,"Rajiv Gandhi Proudyogiki Vishwavidyalaya, Bhopal",Approved,Approved,A,No,,Tier 3,http://www.nagajimanagementgwalior.ac.in,info@nagajimanagementgwalior.ac.in,admissions@nagajimanagementgwalior.ac.in,placement@nagajimanagementgwalior.ac.in,+91-80-566-6585,Mechanical Engineering,B.Tech,30,288,2020,Urban,Yes,Yes
1-44641671220,1-44641671220,U-0441,"NAGAJI INSTITUTE OF TECHNOLOGY & MANAGEMENT, GWALIOR",Active,Madhya Pradesh,Gwalior,Gwalior,"THAKUR BABA CAMPUS, JHANSI ROAD, SITHOLI, GWALIOR (M.P.) -474001",474001,26.235652,78.186796,Private-Self Financing,"Rajiv Gandhi Proudyogiki Vishwavidyalaya, Bhopal",Approved,Approved,A,No,,Tier 3,http://www.nagajimanagementgwalior.ac.in,info@nagajimanagementgwalior.ac.in,admissions@nagajimanagementgwalior.ac.in,placement@nagajimanagementgwalior.ac.in,+91-80-566-6585,Electrical Engineering,B.Tech,30,288,2020,Urban,Yes,Yes
1-44641671220,1-44641671220,U-0441,"NAGAJI INSTITUTE OF TECHNOLOGY & MANAGEMENT, GWALIOR",Active,Madhya Pradesh,Gwalior,Gwalior,"THAKUR BABA CAMPUS, JHANSI ROAD, SITHOLI, GWALIOR (M.P.) -474001",474001,26.235652,78.186796,Private-Self Financing,"Rajiv Gandhi Proudyogiki Vishwavidyalaya, Bhopal",Approved,Approved,A,No,,Tier 3,http://www.nagajimanagementgwalior.ac.in,info@nagajimanagementgwalior.ac.in,admissions@nagajimanagementgwalior.ac.in,placement@nagajimanagementgwalior.ac.in,+91-80-566-6585,Electronics & Communication Engineering (ECE),B.Tech,60,288,2020,Urban,Yes,Yes
1-44641671220,1-44641671220,U-0441,"NAGAJI INSTITUTE OF TECHNOLOGY & MANAGEMENT, GWALIOR",Active,Madhya Pradesh,Gwalior,Gwalior,"THAKUR BABA CAMPUS, JHANSI ROAD, SITHOLI, GWALIOR (M.P.) -474001",474001,26.235652,78.186796,Private-Self Financing,"Rajiv Gandhi Proudyogiki Vishwavidyalaya, Bhopal",Approved,Approved,A,No,,Tier 3,http://www.nagajimanagementgwalior.ac.in,info@nagajimanagementgwalior.ac.in,admissions@nagajimanagementgwalior.ac.in,placement@nagajimanagementgwalior.ac.in,+91-80-566-6585,Electronics & Communication Engineering (ECE),M.Tech,9,288,2020,Urban,Yes,Yes
1-44641671220,1-44641671220,U-0441,"NAGAJI INSTITUTE OF TECHNOLOGY & MANAGEMENT, GWALIOR",Active,Madhya Pradesh,Gwalior,Gwalior,"THAKUR BABA CAMPUS, JHANSI ROAD, SITHOLI, GWALIOR (M.P.) -474001",474001,26.235652,78.186796,Private-Self Financing,"Rajiv Gandhi Proudyogiki Vishwavidyalaya, Bhopal",Approved,Approved,A,No,,Tier 3,http://www.nagajimanagementgwalior.ac.in,info@nagajimanagementgwalior.ac.in,admissions@nagajimanagementgwalior.ac.in,placement@nagajimanagementgwalior.ac.in,+91-80-566-6585,Other Engineering Branches,M.Tech,27,288,2020,Urban,Yes,Yes
1-44641671220,1-44641671220,U-0441,"NAGAJI INSTITUTE OF TECHNOLOGY & MANAGEMENT, GWALIOR",Active,Madhya Pradesh,Gwalior,Gwalior,"THAKUR BABA CAMPUS, JHANSI ROAD, SITHOLI, GWALIOR (M.P.) -474001",474001,26.235652,78.186796,Private-Self Financing,"Rajiv Gandhi Proudyogiki Vishwavidyalaya, Bhopal",Approved,Approved,A,No,,Tier 3,http://www.nagajimanagementgwalior.ac.in,info@nagajimanagementgwalior.ac.in,admissions@nagajimanagementgwalior.ac.in,placement@nagajimanagementgwalior.ac.in,+91-80-566-6585,Computer Science Engineering (CSE),M.Tech,27,288,2020,Urban,Yes,Yes
1-44641970609,1-44641970609,U-0441,IPS COLLEGE OF TECHNOLOGY & MANAGEMENT,Active,Madhya Pradesh,Gwalior,Gwalior,"BELA KI BAWADI TIRAHA, SHIVPURI LINK ROAD, GWALIOR- (M.P.) PIN CODE: 474001",474001,26.213926,78.197667,Private-Self Financing,"Rajiv Gandhi Proudyogiki Vishwavidyalaya, Bhopal",Approved,Approved,Not Accredited,No,,Tier 3,http://www.ipsmanagement.ac.in,info@ipsmanagement.ac.in,admissions@ipsmanagement.ac.in,placement@ipsmanagement.ac.in,+91-80-655-4079,Civil Engineering,B.Tech,60,366,1989,Urban,Yes,Yes
1-44641970609,1-44641970609,U-0441,IPS COLLEGE OF TECHNOLOGY & MANAGEMENT,Active,Madhya Pradesh,Gwalior,Gwalior,"BELA KI BAWADI TIRAHA, SHIVPURI LINK ROAD, GWALIOR- (M.P.) PIN CODE: 474001",474001,26.213926,78.197667,Private-Self Financing,"Rajiv Gandhi Proudyogiki Vishwavidyalaya, Bhopal",Approved,Approved,Not Accredited,No,,Tier 3,http://www.ipsmanagement.ac.in,info@ipsmanagement.ac.in,admissions@ipsmanagement.ac.in,placement@ipsmanagement.ac.in,+91-80-655-4079,Electrical Engineering,B.Tech,60,366,1989,Urban,Yes,Yes
1-44641970609,1-44641970609,U-0441,IPS COLLEGE OF TECHNOLOGY & MANAGEMENT,Active,Madhya Pradesh,Gwalior,Gwalior,"BELA KI BAWADI TIRAHA, SHIVPURI LINK ROAD, GWALIOR- (M.P.) PIN CODE: 474001",474001,26.213926,78.197667,Private-Self Financing,"Rajiv Gandhi Proudyogiki Vishwavidyalaya, Bhopal",Approved,Approved,Not Accredited,No,,Tier 3,http://www.ipsmanagement.ac.in,info@ipsmanagement.ac.in,admissions@ipsmanagement.ac.in,placement@ipsmanagement.ac.in,+91-80-655-4079,Electronics & Communication Engineering (ECE),B.Tech,30,366,1989,Urban,Yes,Yes
1-44641970609,1-44641970609,U-0441,IPS COLLEGE OF TECHNOLOGY & MANAGEMENT,Active,Madhya Pradesh,Gwalior,Gwalior,"BELA KI BAWADI TIRAHA, SHIVPURI LINK ROAD, GWALIOR- (M.P.) PIN CODE: 474001",474001,26.213926,78.197667,Private-Self Financing,"Rajiv Gandhi Proudyogiki Vishwavidyalaya, Bhopal",Approved,Approved,Not Accredited,No,,Tier 3,http://www.ipsmanagement.ac.in,info@ipsmanagement.ac.in,admissions@ipsmanagement.ac.in,placement@ipsmanagement.ac.in,+91-80-655-4079,Mechanical Engineering,B.Tech,60,366,1989,Urban,Yes,Yes
1-44641970609,1-44641970609,U-0441,IPS COLLEGE OF TECHNOLOGY & MANAGEMENT,Active,Madhya Pradesh,Gwalior,Gwalior,"BELA KI BAWADI TIRAHA, SHIVPURI LINK ROAD, GWALIOR- (M.P.) PIN CODE: 474001",474001,26.213926,78.197667,Private-Self Financing,"Rajiv Gandhi Proudyogiki Vishwavidyalaya, Bhopal",Approved,Approved,Not Accredited,No,,Tier 3,http://www.ipsmanagement.ac.in,info@ipsmanagement.ac.in,admissions@ipsmanagement.ac.in,placement@ipsmanagement.ac.in,+91-80-655-4079,Computer Science Engineering (CSE),B.Tech,120,366,1989,Urban,Yes,Yes
1-44641970609,1-44641970609,U-0441,IPS COLLEGE OF TECHNOLOGY & MANAGEMENT,Active,Madhya Pradesh,Gwalior,Gwalior,"BELA KI BAWADI TIRAHA, SHIVPURI LINK ROAD, GWALIOR- (M.P.) PIN CODE: 474001",474001,26.213926,78.197667,Private-Self Financing,"Rajiv Gandhi Proudyogiki Vishwavidyalaya, Bhopal",Approved,Approved,Not Accredited,No,,Tier 3,http://www.ipsmanagement.ac.in,info@ipsmanagement.ac.in,admissions@ipsmanagement.ac.in,placement@ipsmanagement.ac.in,+91-80-655-4079,Other Engineering Branches,M.Tech,36,366,1989,Urban,Yes,Yes
1-44641971270,1-44641971270,U-0441,"INDIRA GANDHI ENGINEERING COLLEGE, SAGAR",Active,Madhya Pradesh,Sagar,Sagar,"INDIRA GANDHI ENGINEERING COLLEGE,BAHERIYA, SAGAR(M.P.)",452081,23.823946,78.732942,Government,"Rajiv Gandhi Proudyogiki Vishwavidyalaya, Bhopal",Approved,Approved,A+,Yes,,Tier 2,http://www.indiragandhisagar.ac.in,info@indiragandhisagar.ac.in,admissions@indiragandhisagar.ac.in,placement@indiragandhisagar.ac.in,+91-80-215-8432,Civil Engineering,B.Tech,60,360,1990,Rural,Yes,Yes
1-44641971270,1-44641971270,U-0441,"INDIRA GANDHI ENGINEERING COLLEGE, SAGAR",Active,Madhya Pradesh,Sagar,Sagar,"INDIRA GANDHI ENGINEERING COLLEGE,BAHERIYA, SAGAR(M.P.)",452081,23.823946,78.732942,Government,"Rajiv Gandhi Proudyogiki Vishwavidyalaya, Bhopal",Approved,Approved,A+,Yes,,Tier 2,http://www.indiragandhisagar.ac.in,info@indiragandhisagar.ac.in,admissions@indiragandhisagar.ac.in,placement@indiragandhisagar.ac.in,+91-80-215-8432,Mechanical Engineering,B.Tech,60,360,1990,Rural,Yes,Yes
1-44641971270,1-44641971270,U-0441,"INDIRA GANDHI ENGINEERING COLLEGE, SAGAR",Active,Madhya Pradesh,Sagar,Sagar,"INDIRA GANDHI ENGINEERING COLLEGE,BAHERIYA, SAGAR(M.P.)",452081,23.823946,78.732942,Government,"Rajiv Gandhi Proudyogiki Vishwavidyalaya, Bhopal",Approved,Approved,A+,Yes,,Tier 2,http://www.indiragandhisagar.ac.in,info@indiragandhisagar.ac.in,admissions@indiragandhisagar.ac.in,placement@indiragandhisagar.ac.in,+91-80-215-8432,Electrical Engineering,B.Tech,60,360,1990,Rural,Yes,Yes
1-44641971270,1-44641971270,U-0441,"INDIRA GANDHI ENGINEERING COLLEGE, SAGAR",Active,Madhya Pradesh,Sagar,Sagar,"INDIRA GANDHI ENGINEERING COLLEGE,BAHERIYA, SAGAR(M.P.)",452081,23.823946,78.732942,Government,"Rajiv Gandhi Proudyogiki Vishwavidyalaya, Bhopal",Approved,Approved,A+,Yes,,Tier 2,http://www.indiragandhisagar.ac.in,info@indiragandhisagar.ac.in,admissions@indiragandhisagar.ac.in,placement@indiragandhisagar.ac.in,+91-80-215-8432,Electronics & Communication Engineering (ECE),B.Tech,60,360,1990,Rural,Yes,Yes
1-44641971270,1-44641971270,U-0441,"INDIRA GANDHI ENGINEERING COLLEGE, SAGAR",Active,Madhya Pradesh,Sagar,Sagar,"INDIRA GANDHI ENGINEERING COLLEGE,BAHERIYA, SAGAR(M.P.)",452081,23.823946,78.732942,Government,"Rajiv Gandhi Proudyogiki Vishwavidyalaya, Bhopal",Approved,Approved,A+,Yes,,Tier 2,http://www.indiragandhisagar.ac.in,info@indiragandhisagar.ac.in,admissions@indiragandhisagar.ac.in,placement@indiragandhisagar.ac.in,+91-80-215-8432,Information Technology (IT),B.Tech,60,360,1990,Rural,Yes,Yes
1-44641971270,1-44641971270,U-0441,"INDIRA GANDHI ENGINEERING COLLEGE, SAGAR",Active,Madhya Pradesh,Sagar,Sagar,"INDIRA GANDHI ENGINEERING COLLEGE,BAHERIYA, SAGAR(M.P.)",452081,23.823946,78.732942,Government,"Rajiv Gandhi Proudyogiki Vishwavidyalaya, Bhopal",Approved,Approved,A+,Yes,,Tier 2,http://www.indiragandhisagar.ac.in,info@indiragandhisagar.ac.in,admissions@indiragandhisagar.ac.in,placement@indiragandhisagar.ac.in,+91-80-215-8432,Computer Science Engineering (CSE),B.Tech,60,360,1990,Rural,Yes,Yes
1-44642094060,1-44642094060,U-0441,"JABALPUR ENGINEERING COLLEGE,JABALPUR",Active,Madhya Pradesh,Jabalpur,Jabalpur,"GOKALPUR, RANJHI JABALPUR MP 482011",482011,22.194383,79.928186,Government,"Rajiv Gandhi Proudyogiki Vishwavidyalaya, Bhopal",Approved,Approved,A+,Yes,,Tier 2,http://www.jabalpurcollegejabalpur.ac.in,info@jabalpurcollegejabalpur.ac.in,admissions@jabalpurcollegejabalpur.ac.in,placement@jabalpurcollegejabalpur.ac.in,+91-80-609-8932,Civil Engineering,B.Tech,80,930,1997,Urban,Yes,No
1-44642094060,1-44642094060,U-0441,"JABALPUR ENGINEERING COLLEGE,JABALPUR",Active,Madhya Pradesh,Jabalpur,Jabalpur,"GOKALPUR, RANJHI JABALPUR MP 482011",482011,22.194383,79.928186,Government,"Rajiv Gandhi Proudyogiki Vishwavidyalaya, Bhopal",Approved,Approved,A+,Yes,,Tier 2,http://www.jabalpurcollegejabalpur.ac.in,info@jabalpurcollegejabalpur.ac.in,admissions@jabalpurcollegejabalpur.ac.in,placement@jabalpurcollegejabalpur.ac.in,+91-80-609-8932,Electrical Engineering,B.Tech,80,930,1997,Urban,Yes,No
1-44642094060,1-44642094060,U-0441,"JABALPUR ENGINEERING COLLEGE,JABALPUR",Active,Madhya Pradesh,Jabalpur,Jabalpur,"GOKALPUR, RANJHI JABALPUR MP 482011",482011,22.194383,79.928186,Government,"Rajiv Gandhi Proudyogiki Vishwavidyalaya, Bhopal",Approved,Approved,A+,Yes,,Tier 2,http://www.jabalpurcollegejabalpur.ac.in,info@jabalpurcollegejabalpur.ac.in,admissions@jabalpurcollegejabalpur.ac.in,placement@jabalpurcollegejabalpur.ac.in,+91-80-609-8932,Mechanical Engineering,B.Tech,160,930,1997,Urban,Yes,No
1-44642094060,1-44642094060,U-0441,"JABALPUR ENGINEERING COLLEGE,JABALPUR",Active,Madhya Pradesh,Jabalpur,Jabalpur,"GOKALPUR, RANJHI JABALPUR MP 482011",482011,22.194383,79.928186,Government,"Rajiv Gandhi Proudyogiki Vishwavidyalaya, Bhopal",Approved,Approved,A+,Yes,,Tier 2,http://www.jabalpurcollegejabalpur.ac.in,info@jabalpurcollegejabalpur.ac.in,admissions@jabalpurcollegejabalpur.ac.in,placement@jabalpurcollegejabalpur.ac.in,+91-80-609-8932,Electronics & Communication Engineering (ECE),B.Tech,100,930,1997,Urban,Yes,No
1-44642094060,1-44642094060,U-0441,"JABALPUR ENGINEERING COLLEGE,JABALPUR",Active,Madhya Pradesh,Jabalpur,Jabalpur,"GOKALPUR, RANJHI JABALPUR MP 482011",482011,22.194383,79.928186,Government,"Rajiv Gandhi Proudyogiki Vishwavidyalaya, Bhopal",Approved,Approved,A+,Yes,,Tier 2,http://www.jabalpurcollegejabalpur.ac.in,info@jabalpurcollegejabalpur.ac.in,admissions@jabalpurcollegejabalpur.ac.in,placement@jabalpurcollegejabalpur.ac.in,+91-80-609-8932,Information Technology (IT),B.Tech,90,930,1997,Urban,Yes,No
1-44642094060,1-44642094060,U-0441,"JABALPUR ENGINEERING COLLEGE,JABALPUR",Active,Madhya Pradesh,Jabalpur,Jabalpur,"GOKALPUR, RANJHI JABALPUR MP 482011",482011,22.194383,79.928186,Government,"Rajiv Gandhi Proudyogiki Vishwavidyalaya, Bhopal",Approved,Approved,A+,Yes,,Tier 2,http://www.jabalpurcollegejabalpur.ac.in,info@jabalpurcollegejabalpur.ac.in,admissions@jabalpurcollegejabalpur.ac.in,placement@jabalpurcollegejabalpur.ac.in,+91-80-609-8932,Computer Science Engineering (CSE),B.Tech,90,930,1997,Urban,Yes,No
1-44642094060,1-44642094060,U-0441,"JABALPUR ENGINEERING COLLEGE,JABALPUR",Active,Madhya Pradesh,Jabalpur,Jabalpur,"GOKALPUR, RANJHI JABALPUR MP 482011",482011,22.194383,79.928186,Government,"Rajiv Gandhi Proudyogiki Vishwavidyalaya, Bhopal",Approved,Approved,A+,Yes,,Tier 2,http://www.jabalpurcollegejabalpur.ac.in,info@jabalpurcollegejabalpur.ac.in,admissions@jabalpurcollegejabalpur.ac.in,placement@jabalpurcollegejabalpur.ac.in,+91-80-609-8932,Other Engineering Branches,B.Tech,90,930,1997,Urban,Yes,No
1-44642094060,1-44642094060,U-0441,"JABALPUR ENGINEERING COLLEGE,JABALPUR",Active,Madhya Pradesh,Jabalpur,Jabalpur,"GOKALPUR, RANJHI JABALPUR MP 482011",482011,22.194383,79.928186,Government,"Rajiv Gandhi Proudyogiki Vishwavidyalaya, Bhopal",Approved,Approved,A+,Yes,,Tier 2,http://www.jabalpurcollegejabalpur.ac.in,info@jabalpurcollegejabalpur.ac.in,admissions@jabalpurcollegejabalpur.ac.in,placement@jabalpurcollegejabalpur.ac.in,+91-80-609-8932,Other Engineering Branches,M.Tech,180,930,1997,Urban,Yes,No
1-44642094060,1-44642094060,U-0441,"JABALPUR ENGINEERING COLLEGE,JABALPUR",Active,Madhya Pradesh,Jabalpur,Jabalpur,"GOKALPUR, RANJHI JABALPUR MP 482011",482011,22.194383,79.928186,Government,"Rajiv Gandhi Proudyogiki Vishwavidyalaya, Bhopal",Approved,Approved,A+,Yes,,Tier 2,http://www.jabalpurcollegejabalpur.ac.in,info@jabalpurcollegejabalpur.ac.in,admissions@jabalpurcollegejabalpur.ac.in,placement@jabalpurcollegejabalpur.ac.in,+91-80-609-8932,Data Science,B.Tech,60,930,1997,Urban,Yes,No
1-44641673069,1-44641673069,U-0441,SHA-SHIB COLLEGE OF TECHNOLOGY,Active,Madhya Pradesh,Bhopal,Bhopal,"PARVALIA, NH-12, JAIPUR ROAD, BHOPAL",452493,23.279682,77.393342,Private-Self Financing,"Rajiv Gandhi Proudyogiki Vishwavidyalaya, Bhopal",Approved,Approved,B++,Yes,,Tier 3,http://www.shashib.ac.in,info@shashib.ac.in,admissions@shashib.ac.in,placement@shashib.ac.in,+91-80-668-5572,Civil Engineering,B.Tech,30,210,2011,Urban,Yes,Yes
1-44641673069,1-44641673069,U-0441,SHA-SHIB COLLEGE OF TECHNOLOGY,Active,Madhya Pradesh,Bhopal,Bhopal,"PARVALIA, NH-12, JAIPUR ROAD, BHOPAL",452493,23.279682,77.393342,Private-Self Financing,"Rajiv Gandhi Proudyogiki Vishwavidyalaya, Bhopal",Approved,Approved,B++,Yes,,Tier 3,http://www.shashib.ac.in,info@shashib.ac.in,admissions@shashib.ac.in,placement@shashib.ac.in,+91-80-668-5572,Computer Science Engineering (CSE),B.Tech,60,210,2011,Urban,Yes,Yes
1-44641673069,1-44641673069,U-0441,SHA-SHIB COLLEGE OF TECHNOLOGY,Active,Madhya Pradesh,Bhopal,Bhopal,"PARVALIA, NH-12, JAIPUR ROAD, BHOPAL",452493,23.279682,77.393342,Private-Self Financing,"Rajiv Gandhi Proudyogiki Vishwavidyalaya, Bhopal",Approved,Approved,B++,Yes,,Tier 3,http://www.shashib.ac.in,info@shashib.ac.in,admissions@shashib.ac.in,placement@shashib.ac.in,+91-80-668-5572,Electronics & Communication Engineering (ECE),B.Tech,60,210,2011,Urban,Yes,Yes
1-44641673069,1-44641673069,U-0441,SHA-SHIB COLLEGE OF TECHNOLOGY,Active,Madhya Pradesh,Bhopal,Bhopal,"PARVALIA, NH-12, JAIPUR ROAD, BHOPAL",452493,23.279682,77.393342,Private-Self Financing,"Rajiv Gandhi Proudyogiki Vishwavidyalaya, Bhopal",Approved,Approved,B++,Yes,,Tier 3,http://www.shashib.ac.in,info@shashib.ac.in,admissions@shashib.ac.in,placement@shashib.ac.in,+91-80-668-5572,Mechanical Engineering,B.Tech,60,210,2011,Urban,Yes,Yes
1-44641830268,1-44641830268,U-0941,SRI SATYA SAI COLLEGE OF ENGINEERING,Active,Madhya Pradesh,Bhopal,Bhopal,"NEAR RGPV CAMPUS AIRPORT BY-PASS ROAD, GONDERMAU, GANDHINAGAR, BHOPAL",452493,23.275955,77.419022,Private-Self Financing,"RKDF UNIVERSITY, BHOPAL",Approved,Approved,A,No,,Tier 3,http://www.srisatyasai.ac.in,info@srisatyasai.ac.in,admissions@srisatyasai.ac.in,placement@srisatyasai.ac.in,+91-80-512-2345,Other Engineering Branches,M.Tech,30,444,2016,Urban,Yes,Yes
1-44641830268,1-44641830268,U-0941,SRI SATYA SAI COLLEGE OF ENGINEERING,Active,Madhya Pradesh,Bhopal,Bhopal,"NEAR RGPV CAMPUS AIRPORT BY-PASS ROAD, GONDERMAU, GANDHINAGAR, BHOPAL",452493,23.275955,77.419022,Private-Self Financing,"RKDF UNIVERSITY, BHOPAL",Approved,Approved,A,No,,Tier 3,http://www.srisatyasai.ac.in,info@srisatyasai.ac.in,admissions@srisatyasai.ac.in,placement@srisatyasai.ac.in,+91-80-512-2345,Electrical Engineering,M.Tech,12,444,2016,Urban,Yes,Yes
1-44641830268,1-44641830268,U-0941,SRI SATYA SAI COLLEGE OF ENGINEERING,Active,Madhya Pradesh,Bhopal,Bhopal,"NEAR RGPV CAMPUS AIRPORT BY-PASS ROAD, GONDERMAU, GANDHINAGAR, BHOPAL",452493,23.275955,77.419022,Private-Self Financing,"RKDF UNIVERSITY, BHOPAL",Approved,Approved,A,No,,Tier 3,http://www.srisatyasai.ac.in,info@srisatyasai.ac.in,admissions@srisatyasai.ac.in,placement@srisatyasai.ac.in,+91-80-512-2345,Mechanical Engineering,B.Tech,90,444,2016,Urban,Yes,Yes
1-44641830268,1-44641830268,U-0941,SRI SATYA SAI COLLEGE OF ENGINEERING,Active,Madhya Pradesh,Bhopal,Bhopal,"NEAR RGPV CAMPUS AIRPORT BY-PASS ROAD, GONDERMAU, GANDHINAGAR, BHOPAL",452493,23.275955,77.419022,Private-Self Financing,"RKDF UNIVERSITY, BHOPAL",Approved,Approved,A,No,,Tier 3,http://www.srisatyasai.ac.in,info@srisatyasai.ac.in,admissions@srisatyasai.ac.in,placement@srisatyasai.ac.in,+91-80-512-2345,Electrical & Electronics Engineering (EEE),B.Tech,30,444,2016,Urban,Yes,Yes
1-44641830268,1-44641830268,U-0941,SRI SATYA SAI COLLEGE OF ENGINEERING,Active,Madhya Pradesh,Bhopal,Bhopal,"NEAR RGPV CAMPUS AIRPORT BY-PASS ROAD, GONDERMAU, GANDHINAGAR, BHOPAL",452493,23.275955,77.419022,Private-Self Financing,"RKDF UNIVERSITY, BHOPAL",Approved,Approved,A,No,,Tier 3,http://www.srisatyasai.ac.in,info@srisatyasai.ac.in,admissions@srisatyasai.ac.in,placement@srisatyasai.ac.in,+91-80-512-2345,Electronics & Communication Engineering (ECE),B.Tech,30,444,2016,Urban,Yes,Yes
1-44641830268,1-44641830268,U-0941,SRI SATYA SAI COLLEGE OF ENGINEERING,Active,Madhya Pradesh,Bhopal,Bhopal,"NEAR RGPV CAMPUS AIRPORT BY-PASS ROAD, GONDERMAU, GANDHINAGAR, BHOPAL",452493,23.275955,77.419022,Private-Self Financing,"RKDF UNIVERSITY, BHOPAL",Approved,Approved,A,No,,Tier 3,http://www.srisatyasai.ac.in,info@srisatyasai.ac.in,admissions@srisatyasai.ac.in,placement@srisatyasai.ac.in,+91-80-512-2345,Computer Science Engineering (CSE),B.Tech,60,444,2016,Urban,Yes,Yes
1-44641830268,1-44641830268,U-0941,SRI SATYA SAI COLLEGE OF ENGINEERING,Active,Madhya Pradesh,Bhopal,Bhopal,"NEAR RGPV CAMPUS AIRPORT BY-PASS ROAD, GONDERMAU, GANDHINAGAR, BHOPAL",452493,23.275955,77.419022,Private-Self Financing,"RKDF UNIVERSITY, BHOPAL",Approved,Approved,A,No,,Tier 3,http://www.srisatyasai.ac.in,info@srisatyasai.ac.in,admissions@srisatyasai.ac.in,placement@srisatyasai.ac.in,+91-80-512-2345,Data Science,B.Tech,30,444,2016,Urban,Yes,Yes
1-44641830268,1-44641830268,U-0941,SRI SATYA SAI COLLEGE OF ENGINEERING,Active,Madhya Pradesh,Bhopal,Bhopal,"NEAR RGPV CAMPUS AIRPORT BY-PASS ROAD, GONDERMAU, GANDHINAGAR, BHOPAL",452493,23.275955,77.419022,Private-Self Financing,"RKDF UNIVERSITY, BHOPAL",Approved,Approved,A,No,,Tier 3,http://www.srisatyasai.ac.in,info@srisatyasai.ac.in,admissions@srisatyasai.ac.in,placement@srisatyasai.ac.in,+91-80-512-2345,Electrical Engineering,B.Tech,60,444,2016,Urban,Yes,Yes
1-44641830268,1-44641830268,U-0941,SRI SATYA SAI COLLEGE OF ENGINEERING,Active,Madhya Pradesh,Bhopal,Bhopal,"NEAR RGPV CAMPUS AIRPORT BY-PASS ROAD, GONDERMAU, GANDHINAGAR, BHOPAL",452493,23.275955,77.419022,Private-Self Financing,"RKDF UNIVERSITY, BHOPAL",Approved,Approved,A,No,,Tier 3,http://www.srisatyasai.ac.in,info@srisatyasai.ac.in,admissions@srisatyasai.ac.in,placement@srisatyasai.ac.in,+91-80-512-2345,Computer Science Engineering (CSE),M.Tech,12,444,2016,Urban,Yes,Yes
1-44641830268,1-44641830268,U-0941,SRI SATYA SAI COLLEGE OF ENGINEERING,Active,Madhya Pradesh,Bhopal,Bhopal,"NEAR RGPV CAMPUS AIRPORT BY-PASS ROAD, GONDERMAU, GANDHINAGAR, BHOPAL",452493,23.275955,77.419022,Private-Self Financing,"RKDF UNIVERSITY, BHOPAL",Approved,Approved,A,No,,Tier 3,http://www.srisatyasai.ac.in,info@srisatyasai.ac.in,admissions@srisatyasai.ac.in,placement@srisatyasai.ac.in,+91-80-512-2345,Civil Engineering,B.Tech,90,444,2016,Urban,Yes,Yes
1-44642098448,1-44642098448,U-0441,TECHNOCRATS INSTITUTE OF TECHNOLOGY,Active,Madhya Pradesh,Bhopal,Bhopal,"IN FRONT OF HATHAIKHEDA DAM, POST PIPLANI, P.B. NO. 24, BHEL",452493,23.240456,77.401889,Private-Self Financing,"Rajiv Gandhi Proudyogiki Vishwavidyalaya, Bhopal",Approved,Approved,Not Accredited,No,,Tier 3,http://www.technocrats.ac.in,info@technocrats.ac.in,admissions@technocrats.ac.in,placement@technocrats.ac.in,+91-80-023-3275,Electrical & Electronics Engineering (EEE),B.Tech,60,1440,1993,Urban,Yes,No
1-44642098448,1-44642098448,U-0441,TECHNOCRATS INSTITUTE OF TECHNOLOGY,Active,Madhya Pradesh,Bhopal,Bhopal,"IN FRONT OF HATHAIKHEDA DAM, POST PIPLANI, P.B. NO. 24, BHEL",452493,23.240456,77.401889,Private-Self Financing,"Rajiv Gandhi Proudyogiki Vishwavidyalaya, Bhopal",Approved,Approved,Not Accredited,No,,Tier 3,http://www.technocrats.ac.in,info@technocrats.ac.in,admissions@technocrats.ac.in,placement@technocrats.ac.in,+91-80-023-3275,Mechanical Engineering,B.Tech,60,1440,1993,Urban,Yes,No
1-44642098448,1-44642098448,U-0441,TECHNOCRATS INSTITUTE OF TECHNOLOGY,Active,Madhya Pradesh,Bhopal,Bhopal,"IN FRONT OF HATHAIKHEDA DAM, POST PIPLANI, P.B. NO. 24, BHEL",452493,23.240456,77.401889,Private-Self Financing,"Rajiv Gandhi Proudyogiki Vishwavidyalaya, Bhopal",Approved,Approved,Not Accredited,No,,Tier 3,http://www.technocrats.ac.in,info@technocrats.ac.in,admissions@technocrats.ac.in,placement@technocrats.ac.in,+91-80-023-3275,Information Technology (IT),M.Tech,30,1440,1993,Urban,Yes,No
1-44642098448,1-44642098448,U-0441,TECHNOCRATS INSTITUTE OF TECHNOLOGY,Active,Madhya Pradesh,Bhopal,Bhopal,"IN FRONT OF HATHAIKHEDA DAM, POST PIPLANI, P.B. NO. 24, BHEL",452493,23.240456,77.401889,Private-Self Financing,"Rajiv Gandhi Proudyogiki Vishwavidyalaya, Bhopal",Approved,Approved,Not Accredited,No,,Tier 3,http://www.technocrats.ac.in,info@technocrats.ac.in,admissions@technocrats.ac.in,placement@technocrats.ac.in,+91-80-023-3275,Other Engineering Branches,M.Tech,120,1440,1993,Urban,Yes,No
1-44642098448,1-44642098448,U-0441,TECHNOCRATS INSTITUTE OF TECHNOLOGY,Active,Madhya Pradesh,Bhopal,Bhopal,"IN FRONT OF HATHAIKHEDA DAM, POST PIPLANI, P.B. NO. 24, BHEL",452493,23.240456,77.401889,Private-Self Financing,"Rajiv Gandhi Proudyogiki Vishwavidyalaya, Bhopal",Approved,Approved,Not Accredited,No,,Tier 3,http://www.technocrats.ac.in,info@technocrats.ac.in,admissions@technocrats.ac.in,placement@technocrats.ac.in,+91-80-023-3275,Computer Science Engineering (CSE),M.Tech,30,1440,1993,Urban,Yes,No
1-44642098448,1-44642098448,U-0441,TECHNOCRATS INSTITUTE OF TECHNOLOGY,Active,Madhya Pradesh,Bhopal,Bhopal,"IN FRONT OF HATHAIKHEDA DAM, POST PIPLANI, P.B. NO. 24, BHEL",452493,23.240456,77.401889,Private-Self Financing,"Rajiv Gandhi Proudyogiki Vishwavidyalaya, Bhopal",Approved,Approved,Not Accredited,No,,Tier 3,http://www.technocrats.ac.in,info@technocrats.ac.in,admissions@technocrats.ac.in,placement@technocrats.ac.in,+91-80-023-3275,Civil Engineering,B.Tech,60,1440,1993,Urban,Yes,No
1-44642098448,1-44642098448,U-0441,TECHNOCRATS INSTITUTE OF TECHNOLOGY,Active,Madhya Pradesh,Bhopal,Bhopal,"IN FRONT OF HATHAIKHEDA DAM, POST PIPLANI, P.B. NO. 24, BHEL",452493,23.240456,77.401889,Private-Self Financing,"Rajiv Gandhi Proudyogiki Vishwavidyalaya, Bhopal",Approved,Approved,Not Accredited,No,,Tier 3,http://www.technocrats.ac.in,info@technocrats.ac.in,admissions@technocrats.ac.in,placement@technocrats.ac.in,+91-80-023-3275,Electronics & Communication Engineering (ECE),B.Tech,60,1440,1993,Urban,Yes,No
1-44642098448,1-44642098448,U-0441,TECHNOCRATS INSTITUTE OF TECHNOLOGY,Active,Madhya Pradesh,Bhopal,Bhopal,"IN FRONT OF HATHAIKHEDA DAM, POST PIPLANI, P.B. NO. 24, BHEL",452493,23.240456,77.401889,Private-Self Financing,"Rajiv Gandhi Proudyogiki Vishwavidyalaya, Bhopal",Approved,Approved,Not Accredited,No,,Tier 3,http://www.technocrats.ac.in,info@technocrats.ac.in,admissions@technocrats.ac.in,placement@technocrats.ac.in,+91-80-023-3275,Computer Science Engineering (CSE),B.Tech,360,1440,1993,Urban,Yes,No
1-44642098448,1-44642098448,U-0441,TECHNOCRATS INSTITUTE OF TECHNOLOGY,Active,Madhya Pradesh,Bhopal,Bhopal,"IN FRONT OF HATHAIKHEDA DAM, POST PIPLANI, P.B. NO. 24, BHEL",452493,23.240456,77.401889,Private-Self Financing,"Rajiv Gandhi Proudyogiki Vishwavidyalaya, Bhopal",Approved,Approved,Not Accredited,No,,Tier 3,http://www.technocrats.ac.in,info@technocrats.ac.in,admissions@technocrats.ac.in,placement@technocrats.ac.in,+91-80-023-3275,Information Technology (IT),B.Tech,120,1440,1993,Urban,Yes,No
1-44642098448,1-44642098448,U-0441,TECHNOCRATS INSTITUTE OF TECHNOLOGY,Active,Madhya Pradesh,Bhopal,Bhopal,"IN FRONT OF HATHAIKHEDA DAM, POST PIPLANI, P.B. NO. 24, BHEL",452493,23.240456,77.401889,Private-Self Financing,"Rajiv Gandhi Proudyogiki Vishwavidyalaya, Bhopal",Approved,Approved,Not Accredited,No,,Tier 3,http://www.technocrats.ac.in,info@technocrats.ac.in,admissions@technocrats.ac.in,placement@technocrats.ac.in,+91-80-023-3275,Artificial Intelligence & Machine Learning (AI & ML),B.Tech,240,1440,1993,Urban,Yes,No
1-44642098448,1-44642098448,U-0441,TECHNOCRATS INSTITUTE OF TECHNOLOGY,Active,Madhya Pradesh,Bhopal,Bhopal,"IN FRONT OF HATHAIKHEDA DAM, POST PIPLANI, P.B. NO. 24, BHEL",452493,23.240456,77.401889,Private-Self Financing,"Rajiv Gandhi Proudyogiki Vishwavidyalaya, Bhopal",Approved,Approved,Not Accredited,No,,Tier 3,http://www.technocrats.ac.in,info@technocrats.ac.in,admissions@technocrats.ac.in,placement@technocrats.ac.in,+91-80-023-3275,Data Science,B.Tech,300,1440,1993,Urban,Yes,No
1-44642302937,1-44642302937,U-0618,RKDF COLLEGE OF TECHNOLOGY,Active,Madhya Pradesh,Bhopal,Bhopal,"NH-12,HOSHANGABAD ROAD  JATKHEDI,BHOPAL",452493,23.272441,77.431127,Private-Self Financing,"Bhabha University, Bhopal",Approved,Approved,A+,No,,Tier 3,http://www.rkdf.ac.in,info@rkdf.ac.in,admissions@rkdf.ac.in,placement@rkdf.ac.in,+91-80-364-8886,Mechanical Engineering,Diploma,60,384,2001,Rural,Yes,Yes
1-44642302937,1-44642302937,U-0618,RKDF COLLEGE OF TECHNOLOGY,Active,Madhya Pradesh,Bhopal,Bhopal,"NH-12,HOSHANGABAD ROAD  JATKHEDI,BHOPAL",452493,23.272441,77.431127,Private-Self Financing,"Bhabha University, Bhopal",Approved,Approved,A+,No,,Tier 3,http://www.rkdf.ac.in,info@rkdf.ac.in,admissions@rkdf.ac.in,placement@rkdf.ac.in,+91-80-364-8886,Civil Engineering,Diploma,60,384,2001,Rural,Yes,Yes
1-44642302937,1-44642302937,U-0618,RKDF COLLEGE OF TECHNOLOGY,Active,Madhya Pradesh,Bhopal,Bhopal,"NH-12,HOSHANGABAD ROAD  JATKHEDI,BHOPAL",452493,23.272441,77.431127,Private-Self Financing,"Bhabha University, Bhopal",Approved,Approved,A+,No,,Tier 3,http://www.rkdf.ac.in,info@rkdf.ac.in,admissions@rkdf.ac.in,placement@rkdf.ac.in,+91-80-364-8886,Mechanical Engineering,B.Tech,60,384,2001,Rural,Yes,Yes
1-44642302937,1-44642302937,U-0618,RKDF COLLEGE OF TECHNOLOGY,Active,Madhya Pradesh,Bhopal,Bhopal,"NH-12,HOSHANGABAD ROAD  JATKHEDI,BHOPAL",452493,23.272441,77.431127,Private-Self Financing,"Bhabha University, Bhopal",Approved,Approved,A+,No,,Tier 3,http://www.rkdf.ac.in,info@rkdf.ac.in,admissions@rkdf.ac.in,placement@rkdf.ac.in,+91-80-364-8886,Civil Engineering,B.Tech,60,384,2001,Rural,Yes,Yes
1-44642302937,1-44642302937,U-0618,RKDF COLLEGE OF TECHNOLOGY,Active,Madhya Pradesh,Bhopal,Bhopal,"NH-12,HOSHANGABAD ROAD  JATKHEDI,BHOPAL",452493,23.272441,77.431127,Private-Self Financing,"Bhabha University, Bhopal",Approved,Approved,A+,No,,Tier 3,http://www.rkdf.ac.in,info@rkdf.ac.in,admissions@rkdf.ac.in,placement@rkdf.ac.in,+91-80-364-8886,Computer Science Engineering (CSE),B.Tech,30,384,2001,Rural,Yes,Yes
1-44642302937,1-44642302937,U-0618,RKDF COLLEGE OF TECHNOLOGY,Active,Madhya Pradesh,Bhopal,Bhopal,"NH-12,HOSHANGABAD ROAD  JATKHEDI,BHOPAL",452493,23.272441,77.431127,Private-Self Financing,"Bhabha University, Bhopal",Approved,Approved,A+,No,,Tier 3,http://www.rkdf.ac.in,info@rkdf.ac.in,admissions@rkdf.ac.in,placement@rkdf.ac.in,+91-80-364-8886,Electronics & Communication Engineering (ECE),B.Tech,60,384,2001,Rural,Yes,Yes
1-44642302937,1-44642302937,U-0618,RKDF COLLEGE OF TECHNOLOGY,Active,Madhya Pradesh,Bhopal,Bhopal,"NH-12,HOSHANGABAD ROAD  JATKHEDI,BHOPAL",452493,23.272441,77.431127,Private-Self Financing,"Bhabha University, Bhopal",Approved,Approved,A+,No,,Tier 3,http://www.rkdf.ac.in,info@rkdf.ac.in,admissions@rkdf.ac.in,placement@rkdf.ac.in,+91-80-364-8886,Electrical Engineering,B.Tech,30,384,2001,Rural,Yes,Yes
1-44642302937,1-44642302937,U-0618,RKDF COLLEGE OF TECHNOLOGY,Active,Madhya Pradesh,Bhopal,Bhopal,"NH-12,HOSHANGABAD ROAD  JATKHEDI,BHOPAL",452493,23.272441,77.431127,Private-Self Financing,"Bhabha University, Bhopal",Approved,Approved,A+,No,,Tier 3,http://www.rkdf.ac.in,info@rkdf.ac.in,admissions@rkdf.ac.in,placement@rkdf.ac.in,+91-80-364-8886,Other Engineering Branches,M.Tech,24,384,2001,Rural,Yes,Yes
1-44641677530,1-44641677530,U-0441,GURU RAMDAS KHALSA INSTITUTE OF SCIENCE & TECHNOLOGY,Active,Madhya Pradesh,Jabalpur,Jabalpur,"VILLAGE KUKRIKHEDA,BARELA,JABALPUR-482001",482001,22.157183,79.931866,Private-Self Financing,"Rajiv Gandhi Proudyogiki Vishwavidyalaya, Bhopal",Approved,Approved,B+,No,,Tier 3,http://www.gururamdaskhalsa.ac.in,info@gururamdaskhalsa.ac.in,admissions@gururamdaskhalsa.ac.in,placement@gururamdaskhalsa.ac.in,+91-80-049-6267,Computer Science Engineering (CSE),B.Tech,30,648,2015,Rural,Yes,No
1-44641677530,1-44641677530,U-0441,GURU RAMDAS KHALSA INSTITUTE OF SCIENCE & TECHNOLOGY,Active,Madhya Pradesh,Jabalpur,Jabalpur,"VILLAGE KUKRIKHEDA,BARELA,JABALPUR-482001",482001,22.157183,79.931866,Private-Self Financing,"Rajiv Gandhi Proudyogiki Vishwavidyalaya, Bhopal",Approved,Approved,B+,No,,Tier 3,http://www.gururamdaskhalsa.ac.in,info@gururamdaskhalsa.ac.in,admissions@gururamdaskhalsa.ac.in,placement@gururamdaskhalsa.ac.in,+91-80-049-6267,Mechanical Engineering,B.Tech,30,648,2015,Rural,Yes,No
1-44641677530,1-44641677530,U-0441,GURU RAMDAS KHALSA INSTITUTE OF SCIENCE & TECHNOLOGY,Active,Madhya Pradesh,Jabalpur,Jabalpur,"VILLAGE KUKRIKHEDA,BARELA,JABALPUR-482001",482001,22.157183,79.931866,Private-Self Financing,"Rajiv Gandhi Proudyogiki Vishwavidyalaya, Bhopal",Approved,Approved,B+,No,,Tier 3,http://www.gururamdaskhalsa.ac.in,info@gururamdaskhalsa.ac.in,admissions@gururamdaskhalsa.ac.in,placement@gururamdaskhalsa.ac.in,+91-80-049-6267,Electrical & Electronics Engineering (EEE),B.Tech,30,648,2015,Rural,Yes,No
1-44641677530,1-44641677530,U-0441,GURU RAMDAS KHALSA INSTITUTE OF SCIENCE & TECHNOLOGY,Active,Madhya Pradesh,Jabalpur,Jabalpur,"VILLAGE KUKRIKHEDA,BARELA,JABALPUR-482001",482001,22.157183,79.931866,Private-Self Financing,"Rajiv Gandhi Proudyogiki Vishwavidyalaya, Bhopal",Approved,Approved,B+,No,,Tier 3,http://www.gururamdaskhalsa.ac.in,info@gururamdaskhalsa.ac.in,admissions@gururamdaskhalsa.ac.in,placement@gururamdaskhalsa.ac.in,+91-80-049-6267,Civil Engineering,B.Tech,30,648,2015,Rural,Yes,No
1-44641677530,1-44641677530,U-0441,GURU RAMDAS KHALSA INSTITUTE OF SCIENCE & TECHNOLOGY,Active,Madhya Pradesh,Jabalpur,Jabalpur,"VILLAGE KUKRIKHEDA,BARELA,JABALPUR-482001",482001,22.157183,79.931866,Private-Self Financing,"Rajiv Gandhi Proudyogiki Vishwavidyalaya, Bhopal",Approved,Approved,B+,No,,Tier 3,http://www.gururamdaskhalsa.ac.in,info@gururamdaskhalsa.ac.in,admissions@gururamdaskhalsa.ac.in,placement@gururamdaskhalsa.ac.in,+91-80-049-6267,Other Engineering Branches,M.Tech,18,648,2015,Rural,Yes,No
1-44641677530,1-44641677530,U-0441,GURU RAMDAS KHALSA INSTITUTE OF SCIENCE & TECHNOLOGY,Active,Madhya Pradesh,Jabalpur,Jabalpur,"VILLAGE KUKRIKHEDA,BARELA,JABALPUR-482001",482001,22.157183,79.931866,Private-Self Financing,"Rajiv Gandhi Proudyogiki Vishwavidyalaya, Bhopal",Approved,Approved,B+,No,,Tier 3,http://www.gururamdaskhalsa.ac.in,info@gururamdaskhalsa.ac.in,admissions@gururamdaskhalsa.ac.in,placement@gururamdaskhalsa.ac.in,+91-80-049-6267,Computer Science Engineering (CSE),Diploma,60,648,2015,Rural,Yes,No
1-44641677530,1-44641677530,U-0441,GURU RAMDAS KHALSA INSTITUTE OF SCIENCE & TECHNOLOGY,Active,Madhya Pradesh,Jabalpur,Jabalpur,"VILLAGE KUKRIKHEDA,BARELA,JABALPUR-482001",482001,22.157183,79.931866,Private-Self Financing,"Rajiv Gandhi Proudyogiki Vishwavidyalaya, Bhopal",Approved,Approved,B+,No,,Tier 3,http://www.gururamdaskhalsa.ac.in,info@gururamdaskhalsa.ac.in,admissions@gururamdaskhalsa.ac.in,placement@gururamdaskhalsa.ac.in,+91-80-049-6267,Civil Engineering,Diploma,30,648,2015,Rural,Yes,No
1-44641677530,1-44641677530,U-0441,GURU RAMDAS KHALSA INSTITUTE OF SCIENCE & TECHNOLOGY,Active,Madhya Pradesh,Jabalpur,Jabalpur,"VILLAGE KUKRIKHEDA,BARELA,JABALPUR-482001",482001,22.157183,79.931866,Private-Self Financing,"Rajiv Gandhi Proudyogiki Vishwavidyalaya, Bhopal",Approved,Approved,B+,No,,Tier 3,http://www.gururamdaskhalsa.ac.in,info@gururamdaskhalsa.ac.in,admissions@gururamdaskhalsa.ac.in,placement@gururamdaskhalsa.ac.in,+91-80-049-6267,Electrical & Electronics Engineering (EEE),Diploma,60,648,2015,Rural,Yes,No
1-44641677530,1-44641677530,U-0441,GURU RAMDAS KHALSA INSTITUTE OF SCIENCE & TECHNOLOGY,Active,Madhya Pradesh,Jabalpur,Jabalpur,"VILLAGE KUKRIKHEDA,BARELA,JABALPUR-482001",482001,22.157183,79.931866,Private-Self Financing,"Rajiv Gandhi Proudyogiki Vishwavidyalaya, Bhopal",Approved,Approved,B+,No,,Tier 3,http://www.gururamdaskhalsa.ac.in,info@gururamdaskhalsa.ac.in,admissions@gururamdaskhalsa.ac.in,placement@gururamdaskhalsa.ac.in,+91-80-049-6267,Agricultural Engineering,Diploma,60,648,2015,Rural,Yes,No
1-44641677530,1-44641677530,U-0441,GURU RAMDAS KHALSA INSTITUTE OF SCIENCE & TECHNOLOGY,Active,Madhya Pradesh,Jabalpur,Jabalpur,"VILLAGE KUKRIKHEDA,BARELA,JABALPUR-482001",482001,22.157183,79.931866,Private-Self Financing,"Rajiv Gandhi Proudyogiki Vishwavidyalaya, Bhopal",Approved,Approved,B+,No,,Tier 3,http://www.gururamdaskhalsa.ac.in,info@gururamdaskhalsa.ac.in,admissions@gururamdaskhalsa.ac.in,placement@gururamdaskhalsa.ac.in,+91-80-049-6267,Electronics & Communication Engineering (ECE),Diploma,30,648,2015,Rural,Yes,No
1-44641677530,1-44641677530,U-0441,GURU RAMDAS KHALSA INSTITUTE OF SCIENCE & TECHNOLOGY,Active,Madhya Pradesh,Jabalpur,Jabalpur,"VILLAGE KUKRIKHEDA,BARELA,JABALPUR-482001",482001,22.157183,79.931866,Private-Self Financing,"Rajiv Gandhi Proudyogiki Vishwavidyalaya, Bhopal",Approved,Approved,B+,No,,Tier 3,http://www.gururamdaskhalsa.ac.in,info@gururamdaskhalsa.ac.in,admissions@gururamdaskhalsa.ac.in,placement@gururamdaskhalsa.ac.in,+91-80-049-6267,Data Science,B.Tech,30,648,2015,Rural,Yes,No
1-44641677530,1-44641677530,U-0441,GURU RAMDAS KHALSA INSTITUTE OF SCIENCE & TECHNOLOGY,Active,Madhya Pradesh,Jabalpur,Jabalpur,"VILLAGE KUKRIKHEDA,BARELA,JABALPUR-482001",482001,22.157183,79.931866,Private-Self Financing,"Rajiv Gandhi Proudyogiki Vishwavidyalaya, Bhopal",Approved,Approved,B+,No,,Tier 3,http://www.gururamdaskhalsa.ac.in,info@gururamdaskhalsa.ac.in,admissions@gururamdaskhalsa.ac.in,placement@gururamdaskhalsa.ac.in,+91-80-049-6267,Mechanical Engineering,Diploma,30,648,2015,Rural,Yes,No
1-44641677530,1-44641677530,U-0441,GURU RAMDAS KHALSA INSTITUTE OF SCIENCE & TECHNOLOGY,Active,Madhya Pradesh,Jabalpur,Jabalpur,"VILLAGE KUKRIKHEDA,BARELA,JABALPUR-482001",482001,22.157183,79.931866,Private-Self Financing,"Rajiv Gandhi Proudyogiki Vishwavidyalaya, Bhopal",Approved,Approved,B+,No,,Tier 3,http://www.gururamdaskhalsa.ac.in,info@gururamdaskhalsa.ac.in,admissions@gururamdaskhalsa.ac.in,placement@gururamdaskhalsa.ac.in,+91-80-049-6267,Agricultural Engineering,B.Tech,60,648,2015,Rural,Yes,No
1-44641677530,1-44641677530,U-0441,GURU RAMDAS KHALSA INSTITUTE OF SCIENCE & TECHNOLOGY,Active,Madhya Pradesh,Jabalpur,Jabalpur,"VILLAGE KUKRIKHEDA,BARELA,JABALPUR-482001",482001,22.157183,79.931866,Private-Self Financing,"Rajiv Gandhi Proudyogiki Vishwavidyalaya, Bhopal",Approved,Approved,B+,No,,Tier 3,http://www.gururamdaskhalsa.ac.in,info@gururamdaskhalsa.ac.in,admissions@gururamdaskhalsa.ac.in,placement@gururamdaskhalsa.ac.in,+91-80-049-6267,Biotechnology,B.Tech,30,648,2015,Rural,Yes,No
1-44641677530,1-44641677530,U-0441,GURU RAMDAS KHALSA INSTITUTE OF SCIENCE & TECHNOLOGY,Active,Madhya Pradesh,Jabalpur,Jabalpur,"VILLAGE KUKRIKHEDA,BARELA,JABALPUR-482001",482001,22.157183,79.931866,Private-Self Financing,"Rajiv Gandhi Proudyogiki Vishwavidyalaya, Bhopal",Approved,Approved,B+,No,,Tier 3,http://www.gururamdaskhalsa.ac.in,info@gururamdaskhalsa.ac.in,admissions@gururamdaskhalsa.ac.in,placement@gururamdaskhalsa.ac.in,+91-80-049-6267,Other Engineering Branches,Diploma,60,648,2015,Rural,Yes,No
1-44641677530,1-44641677530,U-0441,GURU RAMDAS KHALSA INSTITUTE OF SCIENCE & TECHNOLOGY,Active,Madhya Pradesh,Jabalpur,Jabalpur,"VILLAGE KUKRIKHEDA,BARELA,JABALPUR-482001",482001,22.157183,79.931866,Private-Self Financing,"Rajiv Gandhi Proudyogiki Vishwavidyalaya, Bhopal",Approved,Approved,B+,No,,Tier 3,http://www.gururamdaskhalsa.ac.in,info@gururamdaskhalsa.ac.in,admissions@gururamdaskhalsa.ac.in,placement@gururamdaskhalsa.ac.in,+91-80-049-6267,Automobile Engineering,Diploma,30,648,2015,Rural,Yes,No
1-44641677530,1-44641677530,U-0441,GURU RAMDAS KHALSA INSTITUTE OF SCIENCE & TECHNOLOGY,Active,Madhya Pradesh,Jabalpur,Jabalpur,"VILLAGE KUKRIKHEDA,BARELA,JABALPUR-482001",482001,22.157183,79.931866,Private-Self Financing,"Rajiv Gandhi Proudyogiki Vishwavidyalaya, Bhopal",Approved,Approved,B+,No,,Tier 3,http://www.gururamdaskhalsa.ac.in,info@gururamdaskhalsa.ac.in,admissions@gururamdaskhalsa.ac.in,placement@gururamdaskhalsa.ac.in,+91-80-049-6267,Information Technology (IT),Diploma,30,648,2015,Rural,Yes,No
1-44641979457,1-44641979457,U-0441,SHRI RAM INSTITUTE OF SC & TECHNOLOGY,Active,Madhya Pradesh,Jabalpur,Jabalpur,"NEAR ITI, MADHOTAL, JABALPUR, M.P. 482002",482002,22.164995,79.931142,Private-Self Financing,"Rajiv Gandhi Proudyogiki Vishwavidyalaya, Bhopal",Approved,Approved,Not Accredited,No,,Tier 3,http://www.shriramsc.ac.in,info@shriramsc.ac.in,admissions@shriramsc.ac.in,placement@shriramsc.ac.in,+91-80-377-3063,Other Engineering Branches,M.Tech,18,702,1998,Urban,Yes,Yes
1-44641979457,1-44641979457,U-0441,SHRI RAM INSTITUTE OF SC & TECHNOLOGY,Active,Madhya Pradesh,Jabalpur,Jabalpur,"NEAR ITI, MADHOTAL, JABALPUR, M.P. 482002",482002,22.164995,79.931142,Private-Self Financing,"Rajiv Gandhi Proudyogiki Vishwavidyalaya, Bhopal",Approved,Approved,Not Accredited,No,,Tier 3,http://www.shriramsc.ac.in,info@shriramsc.ac.in,admissions@shriramsc.ac.in,placement@shriramsc.ac.in,+91-80-377-3063,Electronics & Communication Engineering (ECE),B.Tech,120,702,1998,Urban,Yes,Yes
1-44641979457,1-44641979457,U-0441,SHRI RAM INSTITUTE OF SC & TECHNOLOGY,Active,Madhya Pradesh,Jabalpur,Jabalpur,"NEAR ITI, MADHOTAL, JABALPUR, M.P. 482002",482002,22.164995,79.931142,Private-Self Financing,"Rajiv Gandhi Proudyogiki Vishwavidyalaya, Bhopal",Approved,Approved,Not Accredited,No,,Tier 3,http://www.shriramsc.ac.in,info@shriramsc.ac.in,admissions@shriramsc.ac.in,placement@shriramsc.ac.in,+91-80-377-3063,Computer Science Engineering (CSE),B.Tech,180,702,1998,Urban,Yes,Yes
1-44641979457,1-44641979457,U-0441,SHRI RAM INSTITUTE OF SC & TECHNOLOGY,Active,Madhya Pradesh,Jabalpur,Jabalpur,"NEAR ITI, MADHOTAL, JABALPUR, M.P. 482002",482002,22.164995,79.931142,Private-Self Financing,"Rajiv Gandhi Proudyogiki Vishwavidyalaya, Bhopal",Approved,Approved,Not Accredited,No,,Tier 3,http://www.shriramsc.ac.in,info@shriramsc.ac.in,admissions@shriramsc.ac.in,placement@shriramsc.ac.in,+91-80-377-3063,Civil Engineering,B.Tech,60,702,1998,Urban,Yes,Yes
1-44641979457,1-44641979457,U-0441,SHRI RAM INSTITUTE OF SC & TECHNOLOGY,Active,Madhya Pradesh,Jabalpur,Jabalpur,"NEAR ITI, MADHOTAL, JABALPUR, M.P. 482002",482002,22.164995,79.931142,Private-Self Financing,"Rajiv Gandhi Proudyogiki Vishwavidyalaya, Bhopal",Approved,Approved,Not Accredited,No,,Tier 3,http://www.shriramsc.ac.in,info@shriramsc.ac.in,admissions@shriramsc.ac.in,placement@shriramsc.ac.in,+91-80-377-3063,Mechanical Engineering,B.Tech,60,702,1998,Urban,Yes,Yes
1-44641979457,1-44641979457,U-0441,SHRI RAM INSTITUTE OF SC & TECHNOLOGY,Active,Madhya Pradesh,Jabalpur,Jabalpur,"NEAR ITI, MADHOTAL, JABALPUR, M.P. 482002",482002,22.164995,79.931142,Private-Self Financing,"Rajiv Gandhi Proudyogiki Vishwavidyalaya, Bhopal",Approved,Approved,Not Accredited,No,,Tier 3,http://www.shriramsc.ac.in,info@shriramsc.ac.in,admissions@shriramsc.ac.in,placement@shriramsc.ac.in,+91-80-377-3063,Computer Science Engineering (CSE),M.Tech,18,702,1998,Urban,Yes,Yes
1-44641979457,1-44641979457,U-0441,SHRI RAM INSTITUTE OF SC & TECHNOLOGY,Active,Madhya Pradesh,Jabalpur,Jabalpur,"NEAR ITI, MADHOTAL, JABALPUR, M.P. 482002",482002,22.164995,79.931142,Private-Self Financing,"Rajiv Gandhi Proudyogiki Vishwavidyalaya, Bhopal",Approved,Approved,Not Accredited,No,,Tier 3,http://www.shriramsc.ac.in,info@shriramsc.ac.in,admissions@shriramsc.ac.in,placement@shriramsc.ac.in,+91-80-377-3063,Information Technology (IT),M.Tech,18,702,1998,Urban,Yes,Yes
1-44641979457,1-44641979457,U-0441,SHRI RAM INSTITUTE OF SC & TECHNOLOGY,Active,Madhya Pradesh,Jabalpur,Jabalpur,"NEAR ITI, MADHOTAL, JABALPUR, M.P. 482002",482002,22.164995,79.931142,Private-Self Financing,"Rajiv Gandhi Proudyogiki Vishwavidyalaya, Bhopal",Approved,Approved,Not Accredited,No,,Tier 3,http://www.shriramsc.ac.in,info@shriramsc.ac.in,admissions@shriramsc.ac.in,placement@shriramsc.ac.in,+91-80-377-3063,Cyber Security,B.Tech,60,702,1998,Urban,Yes,Yes
1-44641979457,1-44641979457,U-0441,SHRI RAM INSTITUTE OF SC & TECHNOLOGY,Active,Madhya Pradesh,Jabalpur,Jabalpur,"NEAR ITI, MADHOTAL, JABALPUR, M.P. 482002",482002,22.164995,79.931142,Private-Self Financing,"Rajiv Gandhi Proudyogiki Vishwavidyalaya, Bhopal",Approved,Approved,Not Accredited,No,,Tier 3,http://www.shriramsc.ac.in,info@shriramsc.ac.in,admissions@shriramsc.ac.in,placement@shriramsc.ac.in,+91-80-377-3063,Artificial Intelligence & Machine Learning (AI & ML),B.Tech,150,702,1998,Urban,Yes,Yes
1-44641979457,1-44641979457,U-0441,SHRI RAM INSTITUTE OF SC & TECHNOLOGY,Active,Madhya Pradesh,Jabalpur,Jabalpur,"NEAR ITI, MADHOTAL, JABALPUR, M.P. 482002",482002,22.164995,79.931142,Private-Self Financing,"Rajiv Gandhi Proudyogiki Vishwavidyalaya, Bhopal",Approved,Approved,Not Accredited,No,,Tier 3,http://www.shriramsc.ac.in,info@shriramsc.ac.in,admissions@shriramsc.ac.in,placement@shriramsc.ac.in,+91-80-377-3063,Data Science,M.Tech,18,702,1998,Urban,Yes,Yes
1-44641881829,1-44641881829,U-0441,HITKARNI COLLEGE OF ENGINEERING & TECHNOLOGY,Active,Madhya Pradesh,Jabalpur,Jabalpur,"HITKARINI HILLS, DUMNA ROAD",452090,22.188336,79.918455,Private-Self Financing,"Rajiv Gandhi Proudyogiki Vishwavidyalaya, Bhopal",Approved,Approved,A+,No,,Tier 3,http://www.hitkarni.ac.in,info@hitkarni.ac.in,admissions@hitkarni.ac.in,placement@hitkarni.ac.in,+91-80-356-2678,Electronics & Communication Engineering (ECE),B.Tech,30,486,1980,Rural,Yes,Yes
1-44641881829,1-44641881829,U-0441,HITKARNI COLLEGE OF ENGINEERING & TECHNOLOGY,Active,Madhya Pradesh,Jabalpur,Jabalpur,"HITKARINI HILLS, DUMNA ROAD",452090,22.188336,79.918455,Private-Self Financing,"Rajiv Gandhi Proudyogiki Vishwavidyalaya, Bhopal",Approved,Approved,A+,No,,Tier 3,http://www.hitkarni.ac.in,info@hitkarni.ac.in,admissions@hitkarni.ac.in,placement@hitkarni.ac.in,+91-80-356-2678,Electrical & Electronics Engineering (EEE),B.Tech,60,486,1980,Rural,Yes,Yes
1-44641881829,1-44641881829,U-0441,HITKARNI COLLEGE OF ENGINEERING & TECHNOLOGY,Active,Madhya Pradesh,Jabalpur,Jabalpur,"HITKARINI HILLS, DUMNA ROAD",452090,22.188336,79.918455,Private-Self Financing,"Rajiv Gandhi Proudyogiki Vishwavidyalaya, Bhopal",Approved,Approved,A+,No,,Tier 3,http://www.hitkarni.ac.in,info@hitkarni.ac.in,admissions@hitkarni.ac.in,placement@hitkarni.ac.in,+91-80-356-2678,Civil Engineering,B.Tech,60,486,1980,Rural,Yes,Yes
1-44641881829,1-44641881829,U-0441,HITKARNI COLLEGE OF ENGINEERING & TECHNOLOGY,Active,Madhya Pradesh,Jabalpur,Jabalpur,"HITKARINI HILLS, DUMNA ROAD",452090,22.188336,79.918455,Private-Self Financing,"Rajiv Gandhi Proudyogiki Vishwavidyalaya, Bhopal",Approved,Approved,A+,No,,Tier 3,http://www.hitkarni.ac.in,info@hitkarni.ac.in,admissions@hitkarni.ac.in,placement@hitkarni.ac.in,+91-80-356-2678,Mechanical Engineering,B.Tech,60,486,1980,Rural,Yes,Yes
1-44641881829,1-44641881829,U-0441,HITKARNI COLLEGE OF ENGINEERING & TECHNOLOGY,Active,Madhya Pradesh,Jabalpur,Jabalpur,"HITKARINI HILLS, DUMNA ROAD",452090,22.188336,79.918455,Private-Self Financing,"Rajiv Gandhi Proudyogiki Vishwavidyalaya, Bhopal",Approved,Approved,A+,No,,Tier 3,http://www.hitkarni.ac.in,info@hitkarni.ac.in,admissions@hitkarni.ac.in,placement@hitkarni.ac.in,+91-80-356-2678,Information Technology (IT),B.Tech,60,486,1980,Rural,Yes,Yes
1-44641881829,1-44641881829,U-0441,HITKARNI COLLEGE OF ENGINEERING & TECHNOLOGY,Active,Madhya Pradesh,Jabalpur,Jabalpur,"HITKARINI HILLS, DUMNA ROAD",452090,22.188336,79.918455,Private-Self Financing,"Rajiv Gandhi Proudyogiki Vishwavidyalaya, Bhopal",Approved,Approved,A+,No,,Tier 3,http://www.hitkarni.ac.in,info@hitkarni.ac.in,admissions@hitkarni.ac.in,placement@hitkarni.ac.in,+91-80-356-2678,Computer Science Engineering (CSE),B.Tech,60,486,1980,Rural,Yes,Yes
1-44641881829,1-44641881829,U-0441,HITKARNI COLLEGE OF ENGINEERING & TECHNOLOGY,Active,Madhya Pradesh,Jabalpur,Jabalpur,"HITKARINI HILLS, DUMNA ROAD",452090,22.188336,79.918455,Private-Self Financing,"Rajiv Gandhi Proudyogiki Vishwavidyalaya, Bhopal",Approved,Approved,A+,No,,Tier 3,http://www.hitkarni.ac.in,info@hitkarni.ac.in,admissions@hitkarni.ac.in,placement@hitkarni.ac.in,+91-80-356-2678,Artificial Intelligence & Machine Learning (AI & ML),B.Tech,60,486,1980,Rural,Yes,Yes
1-44641881829,1-44641881829,U-0441,HITKARNI COLLEGE OF ENGINEERING & TECHNOLOGY,Active,Madhya Pradesh,Jabalpur,Jabalpur,"HITKARINI HILLS, DUMNA ROAD",452090,22.188336,79.918455,Private-Self Financing,"Rajiv Gandhi Proudyogiki Vishwavidyalaya, Bhopal",Approved,Approved,A+,No,,Tier 3,http://www.hitkarni.ac.in,info@hitkarni.ac.in,admissions@hitkarni.ac.in,placement@hitkarni.ac.in,+91-80-356-2678,Data Science,B.Tech,60,486,1980,Rural,Yes,Yes
1-44641881829,1-44641881829,U-0441,HITKARNI COLLEGE OF ENGINEERING & TECHNOLOGY,Active,Madhya Pradesh,Jabalpur,Jabalpur,"HITKARINI HILLS, DUMNA ROAD",452090,22.188336,79.918455,Private-Self Financing,"Rajiv Gandhi Proudyogiki Vishwavidyalaya, Bhopal",Approved,Approved,A+,No,,Tier 3,http://www.hitkarni.ac.in,info@hitkarni.ac.in,admissions@hitkarni.ac.in,placement@hitkarni.ac.in,+91-80-356-2678,Computer Science Engineering (CSE),M.Tech,18,486,1980,Rural,Yes,Yes
1-44641881829,1-44641881829,U-0441,HITKARNI COLLEGE OF ENGINEERING & TECHNOLOGY,Active,Madhya Pradesh,Jabalpur,Jabalpur,"HITKARINI HILLS, DUMNA ROAD",452090,22.188336,79.918455,Private-Self Financing,"Rajiv Gandhi Proudyogiki Vishwavidyalaya, Bhopal",Approved,Approved,A+,No,,Tier 3,http://www.hitkarni.ac.in,info@hitkarni.ac.in,admissions@hitkarni.ac.in,placement@hitkarni.ac.in,+91-80-356-2678,Other Engineering Branches,M.Tech,18,486,1980,Rural,Yes,Yes
1-44643229968,1-44643229968,U-0992,INSTITUTE OF ENGINEERING & TECHNOLOGY,Active,Madhya Pradesh,Indore,Indore,"DEVI AHILYA VISHWAVIDYALAYAKHANDWA ROAD, INDORE",452012,22.707715,75.867006,State Government University,NOT APPLICABLE,Approved,Approved,A,No,,Tier 3,http://www.inst3295.ac.in,info@inst3295.ac.in,admissions@inst3295.ac.in,placement@inst3295.ac.in,+91-80-340-3707,Civil Engineering,B.Tech,60,639,1993,Urban,Yes,Yes
1-44643229968,1-44643229968,U-0992,INSTITUTE OF ENGINEERING & TECHNOLOGY,Active,Madhya Pradesh,Indore,Indore,"DEVI AHILYA VISHWAVIDYALAYAKHANDWA ROAD, INDORE",452012,22.707715,75.867006,State Government University,NOT APPLICABLE,Approved,Approved,A,No,,Tier 3,http://www.inst3295.ac.in,info@inst3295.ac.in,admissions@inst3295.ac.in,placement@inst3295.ac.in,+91-80-340-3707,Mechanical Engineering,B.Tech,60,639,1993,Urban,Yes,Yes
1-44643229968,1-44643229968,U-0992,INSTITUTE OF ENGINEERING & TECHNOLOGY,Active,Madhya Pradesh,Indore,Indore,"DEVI AHILYA VISHWAVIDYALAYAKHANDWA ROAD, INDORE",452012,22.707715,75.867006,State Government University,NOT APPLICABLE,Approved,Approved,A,No,,Tier 3,http://www.inst3295.ac.in,info@inst3295.ac.in,admissions@inst3295.ac.in,placement@inst3295.ac.in,+91-80-340-3707,Computer Science Engineering (CSE),B.Tech,120,639,1993,Urban,Yes,Yes
1-44643229968,1-44643229968,U-0992,INSTITUTE OF ENGINEERING & TECHNOLOGY,Active,Madhya Pradesh,Indore,Indore,"DEVI AHILYA VISHWAVIDYALAYAKHANDWA ROAD, INDORE",452012,22.707715,75.867006,State Government University,NOT APPLICABLE,Approved,Approved,A,No,,Tier 3,http://www.inst3295.ac.in,info@inst3295.ac.in,admissions@inst3295.ac.in,placement@inst3295.ac.in,+91-80-340-3707,Other Engineering Branches,B.Tech,60,639,1993,Urban,Yes,Yes
1-44643229968,1-44643229968,U-0992,INSTITUTE OF ENGINEERING & TECHNOLOGY,Active,Madhya Pradesh,Indore,Indore,"DEVI AHILYA VISHWAVIDYALAYAKHANDWA ROAD, INDORE",452012,22.707715,75.867006,State Government University,NOT APPLICABLE,Approved,Approved,A,No,,Tier 3,http://www.inst3295.ac.in,info@inst3295.ac.in,admissions@inst3295.ac.in,placement@inst3295.ac.in,+91-80-340-3707,Electronics & Communication Engineering (ECE),B.Tech,120,639,1993,Urban,Yes,Yes
1-44643229968,1-44643229968,U-0992,INSTITUTE OF ENGINEERING & TECHNOLOGY,Active,Madhya Pradesh,Indore,Indore,"DEVI AHILYA VISHWAVIDYALAYAKHANDWA ROAD, INDORE",452012,22.707715,75.867006,State Government University,NOT APPLICABLE,Approved,Approved,A,No,,Tier 3,http://www.inst3295.ac.in,info@inst3295.ac.in,admissions@inst3295.ac.in,placement@inst3295.ac.in,+91-80-340-3707,Information Technology (IT),B.Tech,120,639,1993,Urban,Yes,Yes
1-44643229968,1-44643229968,U-0992,INSTITUTE OF ENGINEERING & TECHNOLOGY,Active,Madhya Pradesh,Indore,Indore,"DEVI AHILYA VISHWAVIDYALAYAKHANDWA ROAD, INDORE",452012,22.707715,75.867006,State Government University,NOT APPLICABLE,Approved,Approved,A,No,,Tier 3,http://www.inst3295.ac.in,info@inst3295.ac.in,admissions@inst3295.ac.in,placement@inst3295.ac.in,+91-80-340-3707,Other Engineering Branches,M.Tech,36,639,1993,Urban,Yes,Yes
1-44643229968,1-44643229968,U-0992,INSTITUTE OF ENGINEERING & TECHNOLOGY,Active,Madhya Pradesh,Indore,Indore,"DEVI AHILYA VISHWAVIDYALAYAKHANDWA ROAD, INDORE",452012,22.707715,75.867006,State Government University,NOT APPLICABLE,Approved,Approved,A,No,,Tier 3,http://www.inst3295.ac.in,info@inst3295.ac.in,admissions@inst3295.ac.in,placement@inst3295.ac.in,+91-80-340-3707,Computer Science Engineering (CSE),M.Tech,18,639,1993,Urban,Yes,Yes
1-44643229968,1-44643229968,U-0992,INSTITUTE OF ENGINEERING & TECHNOLOGY,Active,Madhya Pradesh,Indore,Indore,"DEVI AHILYA VISHWAVIDYALAYAKHANDWA ROAD, INDORE",452012,22.707715,75.867006,State Government University,NOT APPLICABLE,Approved,Approved,A,No,,Tier 3,http://www.inst3295.ac.in,info@inst3295.ac.in,admissions@inst3295.ac.in,placement@inst3295.ac.in,+91-80-340-3707,Information Technology (IT),M.Tech,45,639,1993,Urban,Yes,Yes
1-44643577546,1-44643577546,U-0441,SHRI DADAJI INSTITUTE OF TECHNOLOGY AND SCIENCE,Active,Madhya Pradesh,Khandwa,Khandwa,"AT REHMAPUR, INDORE ROAD, KHANDWA-450001",450001,22.989718,78.640016,Private-Self Financing,"Rajiv Gandhi Proudyogiki Vishwavidyalaya, Bhopal",Approved,Approved,A,No,,Tier 3,http://www.shridadajiscience.ac.in,info@shridadajiscience.ac.in,admissions@shridadajiscience.ac.in,placement@shridadajiscience.ac.in,+91-80-523-2787,Electrical & Electronics Engineering (EEE),B.Tech,60,408,2000,Urban,Yes,Yes
1-44643577546,1-44643577546,U-0441,SHRI DADAJI INSTITUTE OF TECHNOLOGY AND SCIENCE,Active,Madhya Pradesh,Khandwa,Khandwa,"AT REHMAPUR, INDORE ROAD, KHANDWA-450001",450001,22.989718,78.640016,Private-Self Financing,"Rajiv Gandhi Proudyogiki Vishwavidyalaya, Bhopal",Approved,Approved,A,No,,Tier 3,http://www.shridadajiscience.ac.in,info@shridadajiscience.ac.in,admissions@shridadajiscience.ac.in,placement@shridadajiscience.ac.in,+91-80-523-2787,Computer Science Engineering (CSE),B.Tech,120,408,2000,Urban,Yes,Yes
1-44643577546,1-44643577546,U-0441,SHRI DADAJI INSTITUTE OF TECHNOLOGY AND SCIENCE,Active,Madhya Pradesh,Khandwa,Khandwa,"AT REHMAPUR, INDORE ROAD, KHANDWA-450001",450001,22.989718,78.640016,Private-Self Financing,"Rajiv Gandhi Proudyogiki Vishwavidyalaya, Bhopal",Approved,Approved,A,No,,Tier 3,http://www.shridadajiscience.ac.in,info@shridadajiscience.ac.in,admissions@shridadajiscience.ac.in,placement@shridadajiscience.ac.in,+91-80-523-2787,Other Engineering Branches,M.Tech,18,408,2000,Urban,Yes,Yes
1-44643577546,1-44643577546,U-0441,SHRI DADAJI INSTITUTE OF TECHNOLOGY AND SCIENCE,Active,Madhya Pradesh,Khandwa,Khandwa,"AT REHMAPUR, INDORE ROAD, KHANDWA-450001",450001,22.989718,78.640016,Private-Self Financing,"Rajiv Gandhi Proudyogiki Vishwavidyalaya, Bhopal",Approved,Approved,A,No,,Tier 3,http://www.shridadajiscience.ac.in,info@shridadajiscience.ac.in,admissions@shridadajiscience.ac.in,placement@shridadajiscience.ac.in,+91-80-523-2787,Civil Engineering,B.Tech,60,408,2000,Urban,Yes,Yes
1-44643577546,1-44643577546,U-0441,SHRI DADAJI INSTITUTE OF TECHNOLOGY AND SCIENCE,Active,Madhya Pradesh,Khandwa,Khandwa,"AT REHMAPUR, INDORE ROAD, KHANDWA-450001",450001,22.989718,78.640016,Private-Self Financing,"Rajiv Gandhi Proudyogiki Vishwavidyalaya, Bhopal",Approved,Approved,A,No,,Tier 3,http://www.shridadajiscience.ac.in,info@shridadajiscience.ac.in,admissions@shridadajiscience.ac.in,placement@shridadajiscience.ac.in,+91-80-523-2787,Mechanical Engineering,B.Tech,60,408,2000,Urban,Yes,Yes
1-44643577546,1-44643577546,U-0441,SHRI DADAJI INSTITUTE OF TECHNOLOGY AND SCIENCE,Active,Madhya Pradesh,Khandwa,Khandwa,"AT REHMAPUR, INDORE ROAD, KHANDWA-450001",450001,22.989718,78.640016,Private-Self Financing,"Rajiv Gandhi Proudyogiki Vishwavidyalaya, Bhopal",Approved,Approved,A,No,,Tier 3,http://www.shridadajiscience.ac.in,info@shridadajiscience.ac.in,admissions@shridadajiscience.ac.in,placement@shridadajiscience.ac.in,+91-80-523-2787,Electronics & Communication Engineering (ECE),B.Tech,30,408,2000,Urban,Yes,Yes
1-44643577546,1-44643577546,U-0441,SHRI DADAJI INSTITUTE OF TECHNOLOGY AND SCIENCE,Active,Madhya Pradesh,Khandwa,Khandwa,"AT REHMAPUR, INDORE ROAD, KHANDWA-450001",450001,22.989718,78.640016,Private-Self Financing,"Rajiv Gandhi Proudyogiki Vishwavidyalaya, Bhopal",Approved,Approved,A,No,,Tier 3,http://www.shridadajiscience.ac.in,info@shridadajiscience.ac.in,admissions@shridadajiscience.ac.in,placement@shridadajiscience.ac.in,+91-80-523-2787,Data Science,B.Tech,60,408,2000,Urban,Yes,Yes
1-44643140734,1-44643140734,U-0441,GYAN GANGA INSTITUTE OF TECHNOLOGY & SCIENCES,Active,Madhya Pradesh,Jabalpur,Jabalpur,"P.O: TILWARA GHAT, GARHA, NEAR SHAH NALA, TRIPURI WARD, JABALPUR, MADHYA PRADESH-482003",482003,22.195989,79.912149,Private-Self Financing,"Rajiv Gandhi Proudyogiki Vishwavidyalaya, Bhopal",Approved,Approved,Not Accredited,No,,Tier 3,http://www.gyangangasciences.ac.in,info@gyangangasciences.ac.in,admissions@gyangangasciences.ac.in,placement@gyangangasciences.ac.in,+91-80-677-2365,Electrical Engineering,B.Tech,30,1290,1989,Urban,Yes,Yes
1-44643140734,1-44643140734,U-0441,GYAN GANGA INSTITUTE OF TECHNOLOGY & SCIENCES,Active,Madhya Pradesh,Jabalpur,Jabalpur,"P.O: TILWARA GHAT, GARHA, NEAR SHAH NALA, TRIPURI WARD, JABALPUR, MADHYA PRADESH-482003",482003,22.195989,79.912149,Private-Self Financing,"Rajiv Gandhi Proudyogiki Vishwavidyalaya, Bhopal",Approved,Approved,Not Accredited,No,,Tier 3,http://www.gyangangasciences.ac.in,info@gyangangasciences.ac.in,admissions@gyangangasciences.ac.in,placement@gyangangasciences.ac.in,+91-80-677-2365,Computer Science Engineering (CSE),B.Tech,420,1290,1989,Urban,Yes,Yes
1-44643140734,1-44643140734,U-0441,GYAN GANGA INSTITUTE OF TECHNOLOGY & SCIENCES,Active,Madhya Pradesh,Jabalpur,Jabalpur,"P.O: TILWARA GHAT, GARHA, NEAR SHAH NALA, TRIPURI WARD, JABALPUR, MADHYA PRADESH-482003",482003,22.195989,79.912149,Private-Self Financing,"Rajiv Gandhi Proudyogiki Vishwavidyalaya, Bhopal",Approved,Approved,Not Accredited,No,,Tier 3,http://www.gyangangasciences.ac.in,info@gyangangasciences.ac.in,admissions@gyangangasciences.ac.in,placement@gyangangasciences.ac.in,+91-80-677-2365,Electronics & Communication Engineering (ECE),B.Tech,60,1290,1989,Urban,Yes,Yes
1-44643140734,1-44643140734,U-0441,GYAN GANGA INSTITUTE OF TECHNOLOGY & SCIENCES,Active,Madhya Pradesh,Jabalpur,Jabalpur,"P.O: TILWARA GHAT, GARHA, NEAR SHAH NALA, TRIPURI WARD, JABALPUR, MADHYA PRADESH-482003",482003,22.195989,79.912149,Private-Self Financing,"Rajiv Gandhi Proudyogiki Vishwavidyalaya, Bhopal",Approved,Approved,Not Accredited,No,,Tier 3,http://www.gyangangasciences.ac.in,info@gyangangasciences.ac.in,admissions@gyangangasciences.ac.in,placement@gyangangasciences.ac.in,+91-80-677-2365,Mechanical Engineering,B.Tech,60,1290,1989,Urban,Yes,Yes
1-44643140734,1-44643140734,U-0441,GYAN GANGA INSTITUTE OF TECHNOLOGY & SCIENCES,Active,Madhya Pradesh,Jabalpur,Jabalpur,"P.O: TILWARA GHAT, GARHA, NEAR SHAH NALA, TRIPURI WARD, JABALPUR, MADHYA PRADESH-482003",482003,22.195989,79.912149,Private-Self Financing,"Rajiv Gandhi Proudyogiki Vishwavidyalaya, Bhopal",Approved,Approved,Not Accredited,No,,Tier 3,http://www.gyangangasciences.ac.in,info@gyangangasciences.ac.in,admissions@gyangangasciences.ac.in,placement@gyangangasciences.ac.in,+91-80-677-2365,Computer Science Engineering (CSE),M.Tech,18,1290,1989,Urban,Yes,Yes
1-44643140734,1-44643140734,U-0441,GYAN GANGA INSTITUTE OF TECHNOLOGY & SCIENCES,Active,Madhya Pradesh,Jabalpur,Jabalpur,"P.O: TILWARA GHAT, GARHA, NEAR SHAH NALA, TRIPURI WARD, JABALPUR, MADHYA PRADESH-482003",482003,22.195989,79.912149,Private-Self Financing,"Rajiv Gandhi Proudyogiki Vishwavidyalaya, Bhopal",Approved,Approved,Not Accredited,No,,Tier 3,http://www.gyangangasciences.ac.in,info@gyangangasciences.ac.in,admissions@gyangangasciences.ac.in,placement@gyangangasciences.ac.in,+91-80-677-2365,Civil Engineering,B.Tech,60,1290,1989,Urban,Yes,Yes
1-44643140734,1-44643140734,U-0441,GYAN GANGA INSTITUTE OF TECHNOLOGY & SCIENCES,Active,Madhya Pradesh,Jabalpur,Jabalpur,"P.O: TILWARA GHAT, GARHA, NEAR SHAH NALA, TRIPURI WARD, JABALPUR, MADHYA PRADESH-482003",482003,22.195989,79.912149,Private-Self Financing,"Rajiv Gandhi Proudyogiki Vishwavidyalaya, Bhopal",Approved,Approved,Not Accredited,No,,Tier 3,http://www.gyangangasciences.ac.in,info@gyangangasciences.ac.in,admissions@gyangangasciences.ac.in,placement@gyangangasciences.ac.in,+91-80-677-2365,Other Engineering Branches,M.Tech,54,1290,1989,Urban,Yes,Yes
1-44643140734,1-44643140734,U-0441,GYAN GANGA INSTITUTE OF TECHNOLOGY & SCIENCES,Active,Madhya Pradesh,Jabalpur,Jabalpur,"P.O: TILWARA GHAT, GARHA, NEAR SHAH NALA, TRIPURI WARD, JABALPUR, MADHYA PRADESH-482003",482003,22.195989,79.912149,Private-Self Financing,"Rajiv Gandhi Proudyogiki Vishwavidyalaya, Bhopal",Approved,Approved,Not Accredited,No,,Tier 3,http://www.gyangangasciences.ac.in,info@gyangangasciences.ac.in,admissions@gyangangasciences.ac.in,placement@gyangangasciences.ac.in,+91-80-677-2365,Electrical & Electronics Engineering (EEE),B.Tech,60,1290,1989,Urban,Yes,Yes
1-44643140734,1-44643140734,U-0441,GYAN GANGA INSTITUTE OF TECHNOLOGY & SCIENCES,Active,Madhya Pradesh,Jabalpur,Jabalpur,"P.O: TILWARA GHAT, GARHA, NEAR SHAH NALA, TRIPURI WARD, JABALPUR, MADHYA PRADESH-482003",482003,22.195989,79.912149,Private-Self Financing,"Rajiv Gandhi Proudyogiki Vishwavidyalaya, Bhopal",Approved,Approved,Not Accredited,No,,Tier 3,http://www.gyangangasciences.ac.in,info@gyangangasciences.ac.in,admissions@gyangangasciences.ac.in,placement@gyangangasciences.ac.in,+91-80-677-2365,Cyber Security,B.Tech,90,1290,1989,Urban,Yes,Yes
1-44643140734,1-44643140734,U-0441,GYAN GANGA INSTITUTE OF TECHNOLOGY & SCIENCES,Active,Madhya Pradesh,Jabalpur,Jabalpur,"P.O: TILWARA GHAT, GARHA, NEAR SHAH NALA, TRIPURI WARD, JABALPUR, MADHYA PRADESH-482003",482003,22.195989,79.912149,Private-Self Financing,"Rajiv Gandhi Proudyogiki Vishwavidyalaya, Bhopal",Approved,Approved,Not Accredited,No,,Tier 3,http://www.gyangangasciences.ac.in,info@gyangangasciences.ac.in,admissions@gyangangasciences.ac.in,placement@gyangangasciences.ac.in,+91-80-677-2365,Data Science,B.Tech,120,1290,1989,Urban,Yes,Yes
1-44643140734,1-44643140734,U-0441,GYAN GANGA INSTITUTE OF TECHNOLOGY & SCIENCES,Active,Madhya Pradesh,Jabalpur,Jabalpur,"P.O: TILWARA GHAT, GARHA, NEAR SHAH NALA, TRIPURI WARD, JABALPUR, MADHYA PRADESH-482003",482003,22.195989,79.912149,Private-Self Financing,"Rajiv Gandhi Proudyogiki Vishwavidyalaya, Bhopal",Approved,Approved,Not Accredited,No,,Tier 3,http://www.gyangangasciences.ac.in,info@gyangangasciences.ac.in,admissions@gyangangasciences.ac.in,placement@gyangangasciences.ac.in,+91-80-677-2365,Artificial Intelligence & Machine Learning (AI & ML),B.Tech,240,1290,1989,Urban,Yes,Yes
1-44643140734,1-44643140734,U-0441,GYAN GANGA INSTITUTE OF TECHNOLOGY & SCIENCES,Active,Madhya Pradesh,Jabalpur,Jabalpur,"P.O: TILWARA GHAT, GARHA, NEAR SHAH NALA, TRIPURI WARD, JABALPUR, MADHYA PRADESH-482003",482003,22.195989,79.912149,Private-Self Financing,"Rajiv Gandhi Proudyogiki Vishwavidyalaya, Bhopal",Approved,Approved,Not Accredited,No,,Tier 3,http://www.gyangangasciences.ac.in,info@gyangangasciences.ac.in,admissions@gyangangasciences.ac.in,placement@gyangangasciences.ac.in,+91-80-677-2365,IoT,M.Tech,18,1290,1989,Urban,Yes,Yes
1-44643140734,1-44643140734,U-0441,GYAN GANGA INSTITUTE OF TECHNOLOGY & SCIENCES,Active,Madhya Pradesh,Jabalpur,Jabalpur,"P.O: TILWARA GHAT, GARHA, NEAR SHAH NALA, TRIPURI WARD, JABALPUR, MADHYA PRADESH-482003",482003,22.195989,79.912149,Private-Self Financing,"Rajiv Gandhi Proudyogiki Vishwavidyalaya, Bhopal",Approved,Approved,Not Accredited,No,,Tier 3,http://www.gyangangasciences.ac.in,info@gyangangasciences.ac.in,admissions@gyangangasciences.ac.in,placement@gyangangasciences.ac.in,+91-80-677-2365,Robotics,B.Tech,60,1290,1989,Urban,Yes,Yes
1-44643233690,1-44643233690,U-0441,ALL SAINTS' COLLEGE OF TECHNOLOGY,Active,Madhya Pradesh,Bhopal,Bhopal,NH 12 GANDHI NAGAR BHOPAL,452493,23.244355,77.423973,Private-Self Financing,"Rajiv Gandhi Proudyogiki Vishwavidyalaya, Bhopal",Approved,Approved,B++,Yes,,Tier 3,http://www.allsaints.ac.in,info@allsaints.ac.in,admissions@allsaints.ac.in,placement@allsaints.ac.in,+91-80-186-8744,Information Technology (IT),M.Tech,18,534,2006,Urban,Yes,Yes
1-44643233690,1-44643233690,U-0441,ALL SAINTS' COLLEGE OF TECHNOLOGY,Active,Madhya Pradesh,Bhopal,Bhopal,NH 12 GANDHI NAGAR BHOPAL,452493,23.244355,77.423973,Private-Self Financing,"Rajiv Gandhi Proudyogiki Vishwavidyalaya, Bhopal",Approved,Approved,B++,Yes,,Tier 3,http://www.allsaints.ac.in,info@allsaints.ac.in,admissions@allsaints.ac.in,placement@allsaints.ac.in,+91-80-186-8744,Civil Engineering,B.Tech,120,534,2006,Urban,Yes,Yes
1-44643233690,1-44643233690,U-0441,ALL SAINTS' COLLEGE OF TECHNOLOGY,Active,Madhya Pradesh,Bhopal,Bhopal,NH 12 GANDHI NAGAR BHOPAL,452493,23.244355,77.423973,Private-Self Financing,"Rajiv Gandhi Proudyogiki Vishwavidyalaya, Bhopal",Approved,Approved,B++,Yes,,Tier 3,http://www.allsaints.ac.in,info@allsaints.ac.in,admissions@allsaints.ac.in,placement@allsaints.ac.in,+91-80-186-8744,Computer Science Engineering (CSE),B.Tech,120,534,2006,Urban,Yes,Yes
1-44643233690,1-44643233690,U-0441,ALL SAINTS' COLLEGE OF TECHNOLOGY,Active,Madhya Pradesh,Bhopal,Bhopal,NH 12 GANDHI NAGAR BHOPAL,452493,23.244355,77.423973,Private-Self Financing,"Rajiv Gandhi Proudyogiki Vishwavidyalaya, Bhopal",Approved,Approved,B++,Yes,,Tier 3,http://www.allsaints.ac.in,info@allsaints.ac.in,admissions@allsaints.ac.in,placement@allsaints.ac.in,+91-80-186-8744,Electrical & Electronics Engineering (EEE),B.Tech,60,534,2006,Urban,Yes,Yes
1-44643233690,1-44643233690,U-0441,ALL SAINTS' COLLEGE OF TECHNOLOGY,Active,Madhya Pradesh,Bhopal,Bhopal,NH 12 GANDHI NAGAR BHOPAL,452493,23.244355,77.423973,Private-Self Financing,"Rajiv Gandhi Proudyogiki Vishwavidyalaya, Bhopal",Approved,Approved,B++,Yes,,Tier 3,http://www.allsaints.ac.in,info@allsaints.ac.in,admissions@allsaints.ac.in,placement@allsaints.ac.in,+91-80-186-8744,Electronics & Communication Engineering (ECE),B.Tech,60,534,2006,Urban,Yes,Yes
1-44643233690,1-44643233690,U-0441,ALL SAINTS' COLLEGE OF TECHNOLOGY,Active,Madhya Pradesh,Bhopal,Bhopal,NH 12 GANDHI NAGAR BHOPAL,452493,23.244355,77.423973,Private-Self Financing,"Rajiv Gandhi Proudyogiki Vishwavidyalaya, Bhopal",Approved,Approved,B++,Yes,,Tier 3,http://www.allsaints.ac.in,info@allsaints.ac.in,admissions@allsaints.ac.in,placement@allsaints.ac.in,+91-80-186-8744,Mechanical Engineering,B.Tech,120,534,2006,Urban,Yes,Yes
1-44643233690,1-44643233690,U-0441,ALL SAINTS' COLLEGE OF TECHNOLOGY,Active,Madhya Pradesh,Bhopal,Bhopal,NH 12 GANDHI NAGAR BHOPAL,452493,23.244355,77.423973,Private-Self Financing,"Rajiv Gandhi Proudyogiki Vishwavidyalaya, Bhopal",Approved,Approved,B++,Yes,,Tier 3,http://www.allsaints.ac.in,info@allsaints.ac.in,admissions@allsaints.ac.in,placement@allsaints.ac.in,+91-80-186-8744,Computer Science Engineering (CSE),M.Tech,18,534,2006,Urban,Yes,Yes
1-44643233690,1-44643233690,U-0441,ALL SAINTS' COLLEGE OF TECHNOLOGY,Active,Madhya Pradesh,Bhopal,Bhopal,NH 12 GANDHI NAGAR BHOPAL,452493,23.244355,77.423973,Private-Self Financing,"Rajiv Gandhi Proudyogiki Vishwavidyalaya, Bhopal",Approved,Approved,B++,Yes,,Tier 3,http://www.allsaints.ac.in,info@allsaints.ac.in,admissions@allsaints.ac.in,placement@allsaints.ac.in,+91-80-186-8744,Other Engineering Branches,M.Tech,18,534,2006,Urban,Yes,Yes
1-44643236394,1-44643236394,U-0441,"REWA INSTITUTE OF TECHNOLOGY, REWA (M.P.)",Active,Madhya Pradesh,Rewa,Rewa,"NH - 07, ALLAHABAD ROAD, RATAHARA, REWA, (M. P.) INDIA",452412,22.987862,78.667597,Private-Self Financing,"Rajiv Gandhi Proudyogiki Vishwavidyalaya, Bhopal",Approved,Approved,A+,Yes,,Tier 2,http://www.rewarewamp.ac.in,info@rewarewamp.ac.in,admissions@rewarewamp.ac.in,placement@rewarewamp.ac.in,+91-80-445-4468,Electronics & Communication Engineering (ECE),B.Tech,120,660,1982,Rural,No,No
1-44643236394,1-44643236394,U-0441,"REWA INSTITUTE OF TECHNOLOGY, REWA (M.P.)",Active,Madhya Pradesh,Rewa,Rewa,"NH - 07, ALLAHABAD ROAD, RATAHARA, REWA, (M. P.) INDIA",452412,22.987862,78.667597,Private-Self Financing,"Rajiv Gandhi Proudyogiki Vishwavidyalaya, Bhopal",Approved,Approved,A+,Yes,,Tier 2,http://www.rewarewamp.ac.in,info@rewarewamp.ac.in,admissions@rewarewamp.ac.in,placement@rewarewamp.ac.in,+91-80-445-4468,Computer Science Engineering (CSE),B.Tech,120,660,1982,Rural,No,No
1-44643236394,1-44643236394,U-0441,"REWA INSTITUTE OF TECHNOLOGY, REWA (M.P.)",Active,Madhya Pradesh,Rewa,Rewa,"NH - 07, ALLAHABAD ROAD, RATAHARA, REWA, (M. P.) INDIA",452412,22.987862,78.667597,Private-Self Financing,"Rajiv Gandhi Proudyogiki Vishwavidyalaya, Bhopal",Approved,Approved,A+,Yes,,Tier 2,http://www.rewarewamp.ac.in,info@rewarewamp.ac.in,admissions@rewarewamp.ac.in,placement@rewarewamp.ac.in,+91-80-445-4468,Information Technology (IT),B.Tech,120,660,1982,Rural,No,No
1-44643236394,1-44643236394,U-0441,"REWA INSTITUTE OF TECHNOLOGY, REWA (M.P.)",Active,Madhya Pradesh,Rewa,Rewa,"NH - 07, ALLAHABAD ROAD, RATAHARA, REWA, (M. P.) INDIA",452412,22.987862,78.667597,Private-Self Financing,"Rajiv Gandhi Proudyogiki Vishwavidyalaya, Bhopal",Approved,Approved,A+,Yes,,Tier 2,http://www.rewarewamp.ac.in,info@rewarewamp.ac.in,admissions@rewarewamp.ac.in,placement@rewarewamp.ac.in,+91-80-445-4468,Mechanical Engineering,B.Tech,120,660,1982,Rural,No,No
1-44643236394,1-44643236394,U-0441,"REWA INSTITUTE OF TECHNOLOGY, REWA (M.P.)",Active,Madhya Pradesh,Rewa,Rewa,"NH - 07, ALLAHABAD ROAD, RATAHARA, REWA, (M. P.) INDIA",452412,22.987862,78.667597,Private-Self Financing,"Rajiv Gandhi Proudyogiki Vishwavidyalaya, Bhopal",Approved,Approved,A+,Yes,,Tier 2,http://www.rewarewamp.ac.in,info@rewarewamp.ac.in,admissions@rewarewamp.ac.in,placement@rewarewamp.ac.in,+91-80-445-4468,Civil Engineering,B.Tech,60,660,1982,Rural,No,No
1-44643236394,1-44643236394,U-0441,"REWA INSTITUTE OF TECHNOLOGY, REWA (M.P.)",Active,Madhya Pradesh,Rewa,Rewa,"NH - 07, ALLAHABAD ROAD, RATAHARA, REWA, (M. P.) INDIA",452412,22.987862,78.667597,Private-Self Financing,"Rajiv Gandhi Proudyogiki Vishwavidyalaya, Bhopal",Approved,Approved,A+,Yes,,Tier 2,http://www.rewarewamp.ac.in,info@rewarewamp.ac.in,admissions@rewarewamp.ac.in,placement@rewarewamp.ac.in,+91-80-445-4468,Computer Science Engineering (CSE),M.Tech,24,660,1982,Rural,No,No
1-44643236394,1-44643236394,U-0441,"REWA INSTITUTE OF TECHNOLOGY, REWA (M.P.)",Active,Madhya Pradesh,Rewa,Rewa,"NH - 07, ALLAHABAD ROAD, RATAHARA, REWA, (M. P.) INDIA",452412,22.987862,78.667597,Private-Self Financing,"Rajiv Gandhi Proudyogiki Vishwavidyalaya, Bhopal",Approved,Approved,A+,Yes,,Tier 2,http://www.rewarewamp.ac.in,info@rewarewamp.ac.in,admissions@rewarewamp.ac.in,placement@rewarewamp.ac.in,+91-80-445-4468,Information Technology (IT),M.Tech,18,660,1982,Rural,No,No
1-44643236394,1-44643236394,U-0441,"REWA INSTITUTE OF TECHNOLOGY, REWA (M.P.)",Active,Madhya Pradesh,Rewa,Rewa,"NH - 07, ALLAHABAD ROAD, RATAHARA, REWA, (M. P.) INDIA",452412,22.987862,78.667597,Private-Self Financing,"Rajiv Gandhi Proudyogiki Vishwavidyalaya, Bhopal",Approved,Approved,A+,Yes,,Tier 2,http://www.rewarewamp.ac.in,info@rewarewamp.ac.in,admissions@rewarewamp.ac.in,placement@rewarewamp.ac.in,+91-80-445-4468,Electrical Engineering,B.Tech,60,660,1982,Rural,No,No
1-44643236394,1-44643236394,U-0441,"REWA INSTITUTE OF TECHNOLOGY, REWA (M.P.)",Active,Madhya Pradesh,Rewa,Rewa,"NH - 07, ALLAHABAD ROAD, RATAHARA, REWA, (M. P.) INDIA",452412,22.987862,78.667597,Private-Self Financing,"Rajiv Gandhi Proudyogiki Vishwavidyalaya, Bhopal",Approved,Approved,A+,Yes,,Tier 2,http://www.rewarewamp.ac.in,info@rewarewamp.ac.in,admissions@rewarewamp.ac.in,placement@rewarewamp.ac.in,+91-80-445-4468,Other Engineering Branches,M.Tech,18,660,1982,Rural,No,No
1-44643446745,1-44643446745,U-0992,"INSTITUTE OF ENGINEERING JIWAJI UNIVERSITY, GWALIOR",Active,Madhya Pradesh,Gwalior,Gwalior,"INSTITUTE OF ENGINEERING, JIWAJI UNIVERSITY, GWALIOR (M.P)",452896,26.208069,78.176838,State Government University,NOT APPLICABLE,Approved,Approved,Not Accredited,No,,Tier 3,http://www.jiwajigwalior.ac.in,info@jiwajigwalior.ac.in,admissions@jiwajigwalior.ac.in,placement@jiwajigwalior.ac.in,+91-80-409-7625,Other Engineering Branches,B.Tech,30,130,1991,Urban,No,Yes
1-44643446745,1-44643446745,U-0992,"INSTITUTE OF ENGINEERING JIWAJI UNIVERSITY, GWALIOR",Active,Madhya Pradesh,Gwalior,Gwalior,"INSTITUTE OF ENGINEERING, JIWAJI UNIVERSITY, GWALIOR (M.P)",452896,26.208069,78.176838,State Government University,NOT APPLICABLE,Approved,Approved,Not Accredited,No,,Tier 3,http://www.jiwajigwalior.ac.in,info@jiwajigwalior.ac.in,admissions@jiwajigwalior.ac.in,placement@jiwajigwalior.ac.in,+91-80-409-7625,Chemical Engineering,B.Tech,40,130,1991,Urban,No,Yes
1-44643446745,1-44643446745,U-0992,"INSTITUTE OF ENGINEERING JIWAJI UNIVERSITY, GWALIOR",Active,Madhya Pradesh,Gwalior,Gwalior,"INSTITUTE OF ENGINEERING, JIWAJI UNIVERSITY, GWALIOR (M.P)",452896,26.208069,78.176838,State Government University,NOT APPLICABLE,Approved,Approved,Not Accredited,No,,Tier 3,http://www.jiwajigwalior.ac.in,info@jiwajigwalior.ac.in,admissions@jiwajigwalior.ac.in,placement@jiwajigwalior.ac.in,+91-80-409-7625,Computer Science Engineering (CSE),B.Tech,60,130,1991,Urban,No,Yes
1-44643143113,1-44643143113,U-0441,RAJEEV GANDHI PROUDYOGIKI MAHAVIDYALAYA,Active,Madhya Pradesh,Bhopal,Bhopal,"VILLAGE SALAIYA,VIA DANISH KUNJ,KOLAR ROAD",452493,23.262196,77.392829,Private-Self Financing,"Rajiv Gandhi Proudyogiki Vishwavidyalaya, Bhopal",Approved,Approved,B+,No,,Tier 3,http://www.rajeevgandhiproudyogiki.ac.in,info@rajeevgandhiproudyogiki.ac.in,admissions@rajeevgandhiproudyogiki.ac.in,placement@rajeevgandhiproudyogiki.ac.in,+91-80-935-1681,Electronics & Communication Engineering (ECE),B.Tech,60,498,1984,Rural,Yes,Yes
1-44643143113,1-44643143113,U-0441,RAJEEV GANDHI PROUDYOGIKI MAHAVIDYALAYA,Active,Madhya Pradesh,Bhopal,Bhopal,"VILLAGE SALAIYA,VIA DANISH KUNJ,KOLAR ROAD",452493,23.262196,77.392829,Private-Self Financing,"Rajiv Gandhi Proudyogiki Vishwavidyalaya, Bhopal",Approved,Approved,B+,No,,Tier 3,http://www.rajeevgandhiproudyogiki.ac.in,info@rajeevgandhiproudyogiki.ac.in,admissions@rajeevgandhiproudyogiki.ac.in,placement@rajeevgandhiproudyogiki.ac.in,+91-80-935-1681,Mechanical Engineering,B.Tech,120,498,1984,Rural,Yes,Yes
1-44643143113,1-44643143113,U-0441,RAJEEV GANDHI PROUDYOGIKI MAHAVIDYALAYA,Active,Madhya Pradesh,Bhopal,Bhopal,"VILLAGE SALAIYA,VIA DANISH KUNJ,KOLAR ROAD",452493,23.262196,77.392829,Private-Self Financing,"Rajiv Gandhi Proudyogiki Vishwavidyalaya, Bhopal",Approved,Approved,B+,No,,Tier 3,http://www.rajeevgandhiproudyogiki.ac.in,info@rajeevgandhiproudyogiki.ac.in,admissions@rajeevgandhiproudyogiki.ac.in,placement@rajeevgandhiproudyogiki.ac.in,+91-80-935-1681,Civil Engineering,B.Tech,60,498,1984,Rural,Yes,Yes
1-44643143113,1-44643143113,U-0441,RAJEEV GANDHI PROUDYOGIKI MAHAVIDYALAYA,Active,Madhya Pradesh,Bhopal,Bhopal,"VILLAGE SALAIYA,VIA DANISH KUNJ,KOLAR ROAD",452493,23.262196,77.392829,Private-Self Financing,"Rajiv Gandhi Proudyogiki Vishwavidyalaya, Bhopal",Approved,Approved,B+,No,,Tier 3,http://www.rajeevgandhiproudyogiki.ac.in,info@rajeevgandhiproudyogiki.ac.in,admissions@rajeevgandhiproudyogiki.ac.in,placement@rajeevgandhiproudyogiki.ac.in,+91-80-935-1681,Computer Science Engineering (CSE),B.Tech,30,498,1984,Rural,Yes,Yes
1-44643143113,1-44643143113,U-0441,RAJEEV GANDHI PROUDYOGIKI MAHAVIDYALAYA,Active,Madhya Pradesh,Bhopal,Bhopal,"VILLAGE SALAIYA,VIA DANISH KUNJ,KOLAR ROAD",452493,23.262196,77.392829,Private-Self Financing,"Rajiv Gandhi Proudyogiki Vishwavidyalaya, Bhopal",Approved,Approved,B+,No,,Tier 3,http://www.rajeevgandhiproudyogiki.ac.in,info@rajeevgandhiproudyogiki.ac.in,admissions@rajeevgandhiproudyogiki.ac.in,placement@rajeevgandhiproudyogiki.ac.in,+91-80-935-1681,Other Engineering Branches,M.Tech,42,498,1984,Rural,Yes,Yes
1-44643143113,1-44643143113,U-0441,RAJEEV GANDHI PROUDYOGIKI MAHAVIDYALAYA,Active,Madhya Pradesh,Bhopal,Bhopal,"VILLAGE SALAIYA,VIA DANISH KUNJ,KOLAR ROAD",452493,23.262196,77.392829,Private-Self Financing,"Rajiv Gandhi Proudyogiki Vishwavidyalaya, Bhopal",Approved,Approved,B+,No,,Tier 3,http://www.rajeevgandhiproudyogiki.ac.in,info@rajeevgandhiproudyogiki.ac.in,admissions@rajeevgandhiproudyogiki.ac.in,placement@rajeevgandhiproudyogiki.ac.in,+91-80-935-1681,Computer Science Engineering (CSE),M.Tech,18,498,1984,Rural,Yes,Yes
1-44643143113,1-44643143113,U-0441,RAJEEV GANDHI PROUDYOGIKI MAHAVIDYALAYA,Active,Madhya Pradesh,Bhopal,Bhopal,"VILLAGE SALAIYA,VIA DANISH KUNJ,KOLAR ROAD",452493,23.262196,77.392829,Private-Self Financing,"Rajiv Gandhi Proudyogiki Vishwavidyalaya, Bhopal",Approved,Approved,B+,No,,Tier 3,http://www.rajeevgandhiproudyogiki.ac.in,info@rajeevgandhiproudyogiki.ac.in,admissions@rajeevgandhiproudyogiki.ac.in,placement@rajeevgandhiproudyogiki.ac.in,+91-80-935-1681,Electrical Engineering,B.Tech,30,498,1984,Rural,Yes,Yes
1-44643143113,1-44643143113,U-0441,RAJEEV GANDHI PROUDYOGIKI MAHAVIDYALAYA,Active,Madhya Pradesh,Bhopal,Bhopal,"VILLAGE SALAIYA,VIA DANISH KUNJ,KOLAR ROAD",452493,23.262196,77.392829,Private-Self Financing,"Rajiv Gandhi Proudyogiki Vishwavidyalaya, Bhopal",Approved,Approved,B+,No,,Tier 3,http://www.rajeevgandhiproudyogiki.ac.in,info@rajeevgandhiproudyogiki.ac.in,admissions@rajeevgandhiproudyogiki.ac.in,placement@rajeevgandhiproudyogiki.ac.in,+91-80-935-1681,Information Technology (IT),M.Tech,18,498,1984,Rural,Yes,Yes
1-44643143113,1-44643143113,U-0441,RAJEEV GANDHI PROUDYOGIKI MAHAVIDYALAYA,Active,Madhya Pradesh,Bhopal,Bhopal,"VILLAGE SALAIYA,VIA DANISH KUNJ,KOLAR ROAD",452493,23.262196,77.392829,Private-Self Financing,"Rajiv Gandhi Proudyogiki Vishwavidyalaya, Bhopal",Approved,Approved,B+,No,,Tier 3,http://www.rajeevgandhiproudyogiki.ac.in,info@rajeevgandhiproudyogiki.ac.in,admissions@rajeevgandhiproudyogiki.ac.in,placement@rajeevgandhiproudyogiki.ac.in,+91-80-935-1681,Mechanical Engineering,Diploma,60,498,1984,Rural,Yes,Yes
1-44643143113,1-44643143113,U-0441,RAJEEV GANDHI PROUDYOGIKI MAHAVIDYALAYA,Active,Madhya Pradesh,Bhopal,Bhopal,"VILLAGE SALAIYA,VIA DANISH KUNJ,KOLAR ROAD",452493,23.262196,77.392829,Private-Self Financing,"Rajiv Gandhi Proudyogiki Vishwavidyalaya, Bhopal",Approved,Approved,B+,No,,Tier 3,http://www.rajeevgandhiproudyogiki.ac.in,info@rajeevgandhiproudyogiki.ac.in,admissions@rajeevgandhiproudyogiki.ac.in,placement@rajeevgandhiproudyogiki.ac.in,+91-80-935-1681,Civil Engineering,Diploma,60,498,1984,Rural,Yes,Yes
1-44643369501,1-44643369501,U-0941,RKDF COLLEGE OF TECHNOLOGY & RESEARCH,Active,Madhya Pradesh,Bhopal,Bhopal,"NEAR RGPV CAMPUS, AIRPORT BYPASS ROAD, GONDERMAU, GANDHINAGAR, BHOPAL",452493,23.242755,77.393382,Private-Self Financing,"RKDF UNIVERSITY, BHOPAL",Approved,Approved,Not Accredited,No,,Tier 3,http://www.rkdfresearch.ac.in,info@rkdfresearch.ac.in,admissions@rkdfresearch.ac.in,placement@rkdfresearch.ac.in,+91-80-119-7573,Electronics & Communication Engineering (ECE),B.Tech,30,240,2014,Urban,Yes,Yes
1-44643369501,1-44643369501,U-0941,RKDF COLLEGE OF TECHNOLOGY & RESEARCH,Active,Madhya Pradesh,Bhopal,Bhopal,"NEAR RGPV CAMPUS, AIRPORT BYPASS ROAD, GONDERMAU, GANDHINAGAR, BHOPAL",452493,23.242755,77.393382,Private-Self Financing,"RKDF UNIVERSITY, BHOPAL",Approved,Approved,Not Accredited,No,,Tier 3,http://www.rkdfresearch.ac.in,info@rkdfresearch.ac.in,admissions@rkdfresearch.ac.in,placement@rkdfresearch.ac.in,+91-80-119-7573,Information Technology (IT),B.Tech,30,240,2014,Urban,Yes,Yes
1-44643369501,1-44643369501,U-0941,RKDF COLLEGE OF TECHNOLOGY & RESEARCH,Active,Madhya Pradesh,Bhopal,Bhopal,"NEAR RGPV CAMPUS, AIRPORT BYPASS ROAD, GONDERMAU, GANDHINAGAR, BHOPAL",452493,23.242755,77.393382,Private-Self Financing,"RKDF UNIVERSITY, BHOPAL",Approved,Approved,Not Accredited,No,,Tier 3,http://www.rkdfresearch.ac.in,info@rkdfresearch.ac.in,admissions@rkdfresearch.ac.in,placement@rkdfresearch.ac.in,+91-80-119-7573,Mechanical Engineering,B.Tech,90,240,2014,Urban,Yes,Yes
1-44643369501,1-44643369501,U-0941,RKDF COLLEGE OF TECHNOLOGY & RESEARCH,Active,Madhya Pradesh,Bhopal,Bhopal,"NEAR RGPV CAMPUS, AIRPORT BYPASS ROAD, GONDERMAU, GANDHINAGAR, BHOPAL",452493,23.242755,77.393382,Private-Self Financing,"RKDF UNIVERSITY, BHOPAL",Approved,Approved,Not Accredited,No,,Tier 3,http://www.rkdfresearch.ac.in,info@rkdfresearch.ac.in,admissions@rkdfresearch.ac.in,placement@rkdfresearch.ac.in,+91-80-119-7573,Civil Engineering,B.Tech,60,240,2014,Urban,Yes,Yes
1-44643369501,1-44643369501,U-0941,RKDF COLLEGE OF TECHNOLOGY & RESEARCH,Active,Madhya Pradesh,Bhopal,Bhopal,"NEAR RGPV CAMPUS, AIRPORT BYPASS ROAD, GONDERMAU, GANDHINAGAR, BHOPAL",452493,23.242755,77.393382,Private-Self Financing,"RKDF UNIVERSITY, BHOPAL",Approved,Approved,Not Accredited,No,,Tier 3,http://www.rkdfresearch.ac.in,info@rkdfresearch.ac.in,admissions@rkdfresearch.ac.in,placement@rkdfresearch.ac.in,+91-80-119-7573,Computer Science Engineering (CSE),B.Tech,30,240,2014,Urban,Yes,Yes
1-44643199556,1-44643199556,U-0398,ABHYUDAY UNIVERSITY,Active,Madhya Pradesh,Khargone,Khargone,"GAWADI FATA, KHANDWA ROAD, MAGARIYA, KHARGONE",452437,22.983627,78.676299,State Private University,Self,Approved,Approved,A+,Yes,,Tier 2,http://www.abhyuday.ac.in,info@abhyuday.ac.in,admissions@abhyuday.ac.in,placement@abhyuday.ac.in,+91-80-267-8140,Computer Science Engineering (CSE),B.Tech,120,360,2022,Rural,No,Yes
1-44643199556,1-44643199556,U-0398,ABHYUDAY UNIVERSITY,Active,Madhya Pradesh,Khargone,Khargone,"GAWADI FATA, KHANDWA ROAD, MAGARIYA, KHARGONE",452437,22.983627,78.676299,State Private University,Self,Approved,Approved,A+,Yes,,Tier 2,http://www.abhyuday.ac.in,info@abhyuday.ac.in,admissions@abhyuday.ac.in,placement@abhyuday.ac.in,+91-80-267-8140,Other Engineering Branches,B.Tech,60,360,2022,Rural,No,Yes
1-44643199556,1-44643199556,U-0398,ABHYUDAY UNIVERSITY,Active,Madhya Pradesh,Khargone,Khargone,"GAWADI FATA, KHANDWA ROAD, MAGARIYA, KHARGONE",452437,22.983627,78.676299,State Private University,Self,Approved,Approved,A+,Yes,,Tier 2,http://www.abhyuday.ac.in,info@abhyuday.ac.in,admissions@abhyuday.ac.in,placement@abhyuday.ac.in,+91-80-267-8140,Information Technology (IT),B.Tech,60,360,2022,Rural,No,Yes
1-44643199556,1-44643199556,U-0398,ABHYUDAY UNIVERSITY,Active,Madhya Pradesh,Khargone,Khargone,"GAWADI FATA, KHANDWA ROAD, MAGARIYA, KHARGONE",452437,22.983627,78.676299,State Private University,Self,Approved,Approved,A+,Yes,,Tier 2,http://www.abhyuday.ac.in,info@abhyuday.ac.in,admissions@abhyuday.ac.in,placement@abhyuday.ac.in,+91-80-267-8140,Electronics & Communication Engineering (ECE),B.Tech,60,360,2022,Rural,No,Yes
1-44643199556,1-44643199556,U-0398,ABHYUDAY UNIVERSITY,Active,Madhya Pradesh,Khargone,Khargone,"GAWADI FATA, KHANDWA ROAD, MAGARIYA, KHARGONE",452437,22.983627,78.676299,State Private University,Self,Approved,Approved,A+,Yes,,Tier 2,http://www.abhyuday.ac.in,info@abhyuday.ac.in,admissions@abhyuday.ac.in,placement@abhyuday.ac.in,+91-80-267-8140,Data Science,B.Tech,60,360,2022,Rural,No,Yes
1-44643285099,1-44643285099,U-0441,TECHNOCRATS INSTITUE OF TECHNOLOGY & SCIENCE,Active,Madhya Pradesh,Bhopal,Bhopal,"IN FRONT OF HATHAIKHEDA DAM, POST PIPLANI, P.B.NO-24,BHEL",452493,23.263515,77.40549,Private-Self Financing,"Rajiv Gandhi Proudyogiki Vishwavidyalaya, Bhopal",Approved,Approved,A+,No,,Tier 3,http://www.technocratsinstituescience.ac.in,info@technocratsinstituescience.ac.in,admissions@technocratsinstituescience.ac.in,placement@technocratsinstituescience.ac.in,+91-80-990-4722,Mechanical Engineering,Diploma,60,750,1990,Rural,Yes,Yes
1-44643285099,1-44643285099,U-0441,TECHNOCRATS INSTITUE OF TECHNOLOGY & SCIENCE,Active,Madhya Pradesh,Bhopal,Bhopal,"IN FRONT OF HATHAIKHEDA DAM, POST PIPLANI, P.B.NO-24,BHEL",452493,23.263515,77.40549,Private-Self Financing,"Rajiv Gandhi Proudyogiki Vishwavidyalaya, Bhopal",Approved,Approved,A+,No,,Tier 3,http://www.technocratsinstituescience.ac.in,info@technocratsinstituescience.ac.in,admissions@technocratsinstituescience.ac.in,placement@technocratsinstituescience.ac.in,+91-80-990-4722,Electrical & Electronics Engineering (EEE),Diploma,60,750,1990,Rural,Yes,Yes
1-44643285099,1-44643285099,U-0441,TECHNOCRATS INSTITUE OF TECHNOLOGY & SCIENCE,Active,Madhya Pradesh,Bhopal,Bhopal,"IN FRONT OF HATHAIKHEDA DAM, POST PIPLANI, P.B.NO-24,BHEL",452493,23.263515,77.40549,Private-Self Financing,"Rajiv Gandhi Proudyogiki Vishwavidyalaya, Bhopal",Approved,Approved,A+,No,,Tier 3,http://www.technocratsinstituescience.ac.in,info@technocratsinstituescience.ac.in,admissions@technocratsinstituescience.ac.in,placement@technocratsinstituescience.ac.in,+91-80-990-4722,Electronics & Communication Engineering (ECE),B.Tech,30,750,1990,Rural,Yes,Yes
1-44643285099,1-44643285099,U-0441,TECHNOCRATS INSTITUE OF TECHNOLOGY & SCIENCE,Active,Madhya Pradesh,Bhopal,Bhopal,"IN FRONT OF HATHAIKHEDA DAM, POST PIPLANI, P.B.NO-24,BHEL",452493,23.263515,77.40549,Private-Self Financing,"Rajiv Gandhi Proudyogiki Vishwavidyalaya, Bhopal",Approved,Approved,A+,No,,Tier 3,http://www.technocratsinstituescience.ac.in,info@technocratsinstituescience.ac.in,admissions@technocratsinstituescience.ac.in,placement@technocratsinstituescience.ac.in,+91-80-990-4722,Mechanical Engineering,B.Tech,30,750,1990,Rural,Yes,Yes
1-44643285099,1-44643285099,U-0441,TECHNOCRATS INSTITUE OF TECHNOLOGY & SCIENCE,Active,Madhya Pradesh,Bhopal,Bhopal,"IN FRONT OF HATHAIKHEDA DAM, POST PIPLANI, P.B.NO-24,BHEL",452493,23.263515,77.40549,Private-Self Financing,"Rajiv Gandhi Proudyogiki Vishwavidyalaya, Bhopal",Approved,Approved,A+,No,,Tier 3,http://www.technocratsinstituescience.ac.in,info@technocratsinstituescience.ac.in,admissions@technocratsinstituescience.ac.in,placement@technocratsinstituescience.ac.in,+91-80-990-4722,Electrical & Electronics Engineering (EEE),B.Tech,30,750,1990,Rural,Yes,Yes
1-44643285099,1-44643285099,U-0441,TECHNOCRATS INSTITUE OF TECHNOLOGY & SCIENCE,Active,Madhya Pradesh,Bhopal,Bhopal,"IN FRONT OF HATHAIKHEDA DAM, POST PIPLANI, P.B.NO-24,BHEL",452493,23.263515,77.40549,Private-Self Financing,"Rajiv Gandhi Proudyogiki Vishwavidyalaya, Bhopal",Approved,Approved,A+,No,,Tier 3,http://www.technocratsinstituescience.ac.in,info@technocratsinstituescience.ac.in,admissions@technocratsinstituescience.ac.in,placement@technocratsinstituescience.ac.in,+91-80-990-4722,Computer Science Engineering (CSE),M.Tech,30,750,1990,Rural,Yes,Yes
1-44643285099,1-44643285099,U-0441,TECHNOCRATS INSTITUE OF TECHNOLOGY & SCIENCE,Active,Madhya Pradesh,Bhopal,Bhopal,"IN FRONT OF HATHAIKHEDA DAM, POST PIPLANI, P.B.NO-24,BHEL",452493,23.263515,77.40549,Private-Self Financing,"Rajiv Gandhi Proudyogiki Vishwavidyalaya, Bhopal",Approved,Approved,A+,No,,Tier 3,http://www.technocratsinstituescience.ac.in,info@technocratsinstituescience.ac.in,admissions@technocratsinstituescience.ac.in,placement@technocratsinstituescience.ac.in,+91-80-990-4722,Civil Engineering,B.Tech,30,750,1990,Rural,Yes,Yes
1-44643285099,1-44643285099,U-0441,TECHNOCRATS INSTITUE OF TECHNOLOGY & SCIENCE,Active,Madhya Pradesh,Bhopal,Bhopal,"IN FRONT OF HATHAIKHEDA DAM, POST PIPLANI, P.B.NO-24,BHEL",452493,23.263515,77.40549,Private-Self Financing,"Rajiv Gandhi Proudyogiki Vishwavidyalaya, Bhopal",Approved,Approved,A+,No,,Tier 3,http://www.technocratsinstituescience.ac.in,info@technocratsinstituescience.ac.in,admissions@technocratsinstituescience.ac.in,placement@technocratsinstituescience.ac.in,+91-80-990-4722,Other Engineering Branches,M.Tech,60,750,1990,Rural,Yes,Yes
1-44643285099,1-44643285099,U-0441,TECHNOCRATS INSTITUE OF TECHNOLOGY & SCIENCE,Active,Madhya Pradesh,Bhopal,Bhopal,"IN FRONT OF HATHAIKHEDA DAM, POST PIPLANI, P.B.NO-24,BHEL",452493,23.263515,77.40549,Private-Self Financing,"Rajiv Gandhi Proudyogiki Vishwavidyalaya, Bhopal",Approved,Approved,A+,No,,Tier 3,http://www.technocratsinstituescience.ac.in,info@technocratsinstituescience.ac.in,admissions@technocratsinstituescience.ac.in,placement@technocratsinstituescience.ac.in,+91-80-990-4722,Computer Science Engineering (CSE),B.Tech,240,750,1990,Rural,Yes,Yes
1-44643285099,1-44643285099,U-0441,TECHNOCRATS INSTITUE OF TECHNOLOGY & SCIENCE,Active,Madhya Pradesh,Bhopal,Bhopal,"IN FRONT OF HATHAIKHEDA DAM, POST PIPLANI, P.B.NO-24,BHEL",452493,23.263515,77.40549,Private-Self Financing,"Rajiv Gandhi Proudyogiki Vishwavidyalaya, Bhopal",Approved,Approved,A+,No,,Tier 3,http://www.technocratsinstituescience.ac.in,info@technocratsinstituescience.ac.in,admissions@technocratsinstituescience.ac.in,placement@technocratsinstituescience.ac.in,+91-80-990-4722,Artificial Intelligence & Machine Learning (AI & ML),B.Tech,180,750,1990,Rural,Yes,Yes
1-44643455706,1-44643455706,U-0441,JAWAHARLAL NEHRU COLLEGE OF TECHNOLOGY,Active,Madhya Pradesh,Rewa,Rewa,"N.H.-7, NEAR BYPASS CROSSING RATAHRA, REWA (M.P.)",452412,22.954973,78.661167,Private-Self Financing,"Rajiv Gandhi Proudyogiki Vishwavidyalaya, Bhopal",Approved,Approved,B+,No,,Tier 3,http://www.jawaharlalnehru.ac.in,info@jawaharlalnehru.ac.in,admissions@jawaharlalnehru.ac.in,placement@jawaharlalnehru.ac.in,+91-80-065-9867,Other Engineering Branches,M.Tech,54,795,2012,Rural,Yes,Yes
1-44643455706,1-44643455706,U-0441,JAWAHARLAL NEHRU COLLEGE OF TECHNOLOGY,Active,Madhya Pradesh,Rewa,Rewa,"N.H.-7, NEAR BYPASS CROSSING RATAHRA, REWA (M.P.)",452412,22.954973,78.661167,Private-Self Financing,"Rajiv Gandhi Proudyogiki Vishwavidyalaya, Bhopal",Approved,Approved,B+,No,,Tier 3,http://www.jawaharlalnehru.ac.in,info@jawaharlalnehru.ac.in,admissions@jawaharlalnehru.ac.in,placement@jawaharlalnehru.ac.in,+91-80-065-9867,Mechanical Engineering,Diploma,120,795,2012,Rural,Yes,Yes
1-44643455706,1-44643455706,U-0441,JAWAHARLAL NEHRU COLLEGE OF TECHNOLOGY,Active,Madhya Pradesh,Rewa,Rewa,"N.H.-7, NEAR BYPASS CROSSING RATAHRA, REWA (M.P.)",452412,22.954973,78.661167,Private-Self Financing,"Rajiv Gandhi Proudyogiki Vishwavidyalaya, Bhopal",Approved,Approved,B+,No,,Tier 3,http://www.jawaharlalnehru.ac.in,info@jawaharlalnehru.ac.in,admissions@jawaharlalnehru.ac.in,placement@jawaharlalnehru.ac.in,+91-80-065-9867,Civil Engineering,Diploma,60,795,2012,Rural,Yes,Yes
1-44643455706,1-44643455706,U-0441,JAWAHARLAL NEHRU COLLEGE OF TECHNOLOGY,Active,Madhya Pradesh,Rewa,Rewa,"N.H.-7, NEAR BYPASS CROSSING RATAHRA, REWA (M.P.)",452412,22.954973,78.661167,Private-Self Financing,"Rajiv Gandhi Proudyogiki Vishwavidyalaya, Bhopal",Approved,Approved,B+,No,,Tier 3,http://www.jawaharlalnehru.ac.in,info@jawaharlalnehru.ac.in,admissions@jawaharlalnehru.ac.in,placement@jawaharlalnehru.ac.in,+91-80-065-9867,Electrical & Electronics Engineering (EEE),Diploma,60,795,2012,Rural,Yes,Yes
1-44643455706,1-44643455706,U-0441,JAWAHARLAL NEHRU COLLEGE OF TECHNOLOGY,Active,Madhya Pradesh,Rewa,Rewa,"N.H.-7, NEAR BYPASS CROSSING RATAHRA, REWA (M.P.)",452412,22.954973,78.661167,Private-Self Financing,"Rajiv Gandhi Proudyogiki Vishwavidyalaya, Bhopal",Approved,Approved,B+,No,,Tier 3,http://www.jawaharlalnehru.ac.in,info@jawaharlalnehru.ac.in,admissions@jawaharlalnehru.ac.in,placement@jawaharlalnehru.ac.in,+91-80-065-9867,Electronics & Communication Engineering (ECE),B.Tech,45,795,2012,Rural,Yes,Yes
1-44643455706,1-44643455706,U-0441,JAWAHARLAL NEHRU COLLEGE OF TECHNOLOGY,Active,Madhya Pradesh,Rewa,Rewa,"N.H.-7, NEAR BYPASS CROSSING RATAHRA, REWA (M.P.)",452412,22.954973,78.661167,Private-Self Financing,"Rajiv Gandhi Proudyogiki Vishwavidyalaya, Bhopal",Approved,Approved,B+,No,,Tier 3,http://www.jawaharlalnehru.ac.in,info@jawaharlalnehru.ac.in,admissions@jawaharlalnehru.ac.in,placement@jawaharlalnehru.ac.in,+91-80-065-9867,Electrical & Electronics Engineering (EEE),B.Tech,60,795,2012,Rural,Yes,Yes
1-44643455706,1-44643455706,U-0441,JAWAHARLAL NEHRU COLLEGE OF TECHNOLOGY,Active,Madhya Pradesh,Rewa,Rewa,"N.H.-7, NEAR BYPASS CROSSING RATAHRA, REWA (M.P.)",452412,22.954973,78.661167,Private-Self Financing,"Rajiv Gandhi Proudyogiki Vishwavidyalaya, Bhopal",Approved,Approved,B+,No,,Tier 3,http://www.jawaharlalnehru.ac.in,info@jawaharlalnehru.ac.in,admissions@jawaharlalnehru.ac.in,placement@jawaharlalnehru.ac.in,+91-80-065-9867,Mechanical Engineering,B.Tech,90,795,2012,Rural,Yes,Yes
1-44643455706,1-44643455706,U-0441,JAWAHARLAL NEHRU COLLEGE OF TECHNOLOGY,Active,Madhya Pradesh,Rewa,Rewa,"N.H.-7, NEAR BYPASS CROSSING RATAHRA, REWA (M.P.)",452412,22.954973,78.661167,Private-Self Financing,"Rajiv Gandhi Proudyogiki Vishwavidyalaya, Bhopal",Approved,Approved,B+,No,,Tier 3,http://www.jawaharlalnehru.ac.in,info@jawaharlalnehru.ac.in,admissions@jawaharlalnehru.ac.in,placement@jawaharlalnehru.ac.in,+91-80-065-9867,Electronics & Communication Engineering (ECE),M.Tech,18,795,2012,Rural,Yes,Yes
1-44643455706,1-44643455706,U-0441,JAWAHARLAL NEHRU COLLEGE OF TECHNOLOGY,Active,Madhya Pradesh,Rewa,Rewa,"N.H.-7, NEAR BYPASS CROSSING RATAHRA, REWA (M.P.)",452412,22.954973,78.661167,Private-Self Financing,"Rajiv Gandhi Proudyogiki Vishwavidyalaya, Bhopal",Approved,Approved,B+,No,,Tier 3,http://www.jawaharlalnehru.ac.in,info@jawaharlalnehru.ac.in,admissions@jawaharlalnehru.ac.in,placement@jawaharlalnehru.ac.in,+91-80-065-9867,Computer Science Engineering (CSE),B.Tech,90,795,2012,Rural,Yes,Yes
1-44643455706,1-44643455706,U-0441,JAWAHARLAL NEHRU COLLEGE OF TECHNOLOGY,Active,Madhya Pradesh,Rewa,Rewa,"N.H.-7, NEAR BYPASS CROSSING RATAHRA, REWA (M.P.)",452412,22.954973,78.661167,Private-Self Financing,"Rajiv Gandhi Proudyogiki Vishwavidyalaya, Bhopal",Approved,Approved,B+,No,,Tier 3,http://www.jawaharlalnehru.ac.in,info@jawaharlalnehru.ac.in,admissions@jawaharlalnehru.ac.in,placement@jawaharlalnehru.ac.in,+91-80-065-9867,Civil Engineering,B.Tech,120,795,2012,Rural,Yes,Yes
1-44643455706,1-44643455706,U-0441,JAWAHARLAL NEHRU COLLEGE OF TECHNOLOGY,Active,Madhya Pradesh,Rewa,Rewa,"N.H.-7, NEAR BYPASS CROSSING RATAHRA, REWA (M.P.)",452412,22.954973,78.661167,Private-Self Financing,"Rajiv Gandhi Proudyogiki Vishwavidyalaya, Bhopal",Approved,Approved,B+,No,,Tier 3,http://www.jawaharlalnehru.ac.in,info@jawaharlalnehru.ac.in,admissions@jawaharlalnehru.ac.in,placement@jawaharlalnehru.ac.in,+91-80-065-9867,Mining Engineering,B.Tech,60,795,2012,Rural,Yes,Yes
1-44643455706,1-44643455706,U-0441,JAWAHARLAL NEHRU COLLEGE OF TECHNOLOGY,Active,Madhya Pradesh,Rewa,Rewa,"N.H.-7, NEAR BYPASS CROSSING RATAHRA, REWA (M.P.)",452412,22.954973,78.661167,Private-Self Financing,"Rajiv Gandhi Proudyogiki Vishwavidyalaya, Bhopal",Approved,Approved,B+,No,,Tier 3,http://www.jawaharlalnehru.ac.in,info@jawaharlalnehru.ac.in,admissions@jawaharlalnehru.ac.in,placement@jawaharlalnehru.ac.in,+91-80-065-9867,Computer Science Engineering (CSE),M.Tech,18,795,2012,Rural,Yes,Yes
1-44643460187,1-44643460187,U-0441,SAGAR INSTITUTE OF SCIENCE & TECHNOLOGY (SISTEC),Active,Madhya Pradesh,Bhopal,Bhopal,"NEAR AIRPORT, JAIPUR ROAD, PIPALNER GANDHI NAGAR BHOPAL-462036",462036,23.250493,77.411906,Private-Self Financing,"Rajiv Gandhi Proudyogiki Vishwavidyalaya, Bhopal",Approved,Approved,Not Accredited,No,,Tier 3,http://www.sagarsciencesistec.ac.in,info@sagarsciencesistec.ac.in,admissions@sagarsciencesistec.ac.in,placement@sagarsciencesistec.ac.in,+91-80-444-3003,Mechanical Engineering,B.Tech,60,798,1989,Urban,Yes,Yes
1-44643460187,1-44643460187,U-0441,SAGAR INSTITUTE OF SCIENCE & TECHNOLOGY (SISTEC),Active,Madhya Pradesh,Bhopal,Bhopal,"NEAR AIRPORT, JAIPUR ROAD, PIPALNER GANDHI NAGAR BHOPAL-462036",462036,23.250493,77.411906,Private-Self Financing,"Rajiv Gandhi Proudyogiki Vishwavidyalaya, Bhopal",Approved,Approved,Not Accredited,No,,Tier 3,http://www.sagarsciencesistec.ac.in,info@sagarsciencesistec.ac.in,admissions@sagarsciencesistec.ac.in,placement@sagarsciencesistec.ac.in,+91-80-444-3003,Electronics & Communication Engineering (ECE),B.Tech,60,798,1989,Urban,Yes,Yes
1-44643460187,1-44643460187,U-0441,SAGAR INSTITUTE OF SCIENCE & TECHNOLOGY (SISTEC),Active,Madhya Pradesh,Bhopal,Bhopal,"NEAR AIRPORT, JAIPUR ROAD, PIPALNER GANDHI NAGAR BHOPAL-462036",462036,23.250493,77.411906,Private-Self Financing,"Rajiv Gandhi Proudyogiki Vishwavidyalaya, Bhopal",Approved,Approved,Not Accredited,No,,Tier 3,http://www.sagarsciencesistec.ac.in,info@sagarsciencesistec.ac.in,admissions@sagarsciencesistec.ac.in,placement@sagarsciencesistec.ac.in,+91-80-444-3003,Computer Science Engineering (CSE),B.Tech,300,798,1989,Urban,Yes,Yes
1-44643460187,1-44643460187,U-0441,SAGAR INSTITUTE OF SCIENCE & TECHNOLOGY (SISTEC),Active,Madhya Pradesh,Bhopal,Bhopal,"NEAR AIRPORT, JAIPUR ROAD, PIPALNER GANDHI NAGAR BHOPAL-462036",462036,23.250493,77.411906,Private-Self Financing,"Rajiv Gandhi Proudyogiki Vishwavidyalaya, Bhopal",Approved,Approved,Not Accredited,No,,Tier 3,http://www.sagarsciencesistec.ac.in,info@sagarsciencesistec.ac.in,admissions@sagarsciencesistec.ac.in,placement@sagarsciencesistec.ac.in,+91-80-444-3003,Other Engineering Branches,M.Tech,72,798,1989,Urban,Yes,Yes
1-44643460187,1-44643460187,U-0441,SAGAR INSTITUTE OF SCIENCE & TECHNOLOGY (SISTEC),Active,Madhya Pradesh,Bhopal,Bhopal,"NEAR AIRPORT, JAIPUR ROAD, PIPALNER GANDHI NAGAR BHOPAL-462036",462036,23.250493,77.411906,Private-Self Financing,"Rajiv Gandhi Proudyogiki Vishwavidyalaya, Bhopal",Approved,Approved,Not Accredited,No,,Tier 3,http://www.sagarsciencesistec.ac.in,info@sagarsciencesistec.ac.in,admissions@sagarsciencesistec.ac.in,placement@sagarsciencesistec.ac.in,+91-80-444-3003,Electrical & Electronics Engineering (EEE),B.Tech,30,798,1989,Urban,Yes,Yes
1-44643460187,1-44643460187,U-0441,SAGAR INSTITUTE OF SCIENCE & TECHNOLOGY (SISTEC),Active,Madhya Pradesh,Bhopal,Bhopal,"NEAR AIRPORT, JAIPUR ROAD, PIPALNER GANDHI NAGAR BHOPAL-462036",462036,23.250493,77.411906,Private-Self Financing,"Rajiv Gandhi Proudyogiki Vishwavidyalaya, Bhopal",Approved,Approved,Not Accredited,No,,Tier 3,http://www.sagarsciencesistec.ac.in,info@sagarsciencesistec.ac.in,admissions@sagarsciencesistec.ac.in,placement@sagarsciencesistec.ac.in,+91-80-444-3003,Computer Science Engineering (CSE),M.Tech,18,798,1989,Urban,Yes,Yes
1-44643460187,1-44643460187,U-0441,SAGAR INSTITUTE OF SCIENCE & TECHNOLOGY (SISTEC),Active,Madhya Pradesh,Bhopal,Bhopal,"NEAR AIRPORT, JAIPUR ROAD, PIPALNER GANDHI NAGAR BHOPAL-462036",462036,23.250493,77.411906,Private-Self Financing,"Rajiv Gandhi Proudyogiki Vishwavidyalaya, Bhopal",Approved,Approved,Not Accredited,No,,Tier 3,http://www.sagarsciencesistec.ac.in,info@sagarsciencesistec.ac.in,admissions@sagarsciencesistec.ac.in,placement@sagarsciencesistec.ac.in,+91-80-444-3003,Information Technology (IT),M.Tech,18,798,1989,Urban,Yes,Yes
1-44643460187,1-44643460187,U-0441,SAGAR INSTITUTE OF SCIENCE & TECHNOLOGY (SISTEC),Active,Madhya Pradesh,Bhopal,Bhopal,"NEAR AIRPORT, JAIPUR ROAD, PIPALNER GANDHI NAGAR BHOPAL-462036",462036,23.250493,77.411906,Private-Self Financing,"Rajiv Gandhi Proudyogiki Vishwavidyalaya, Bhopal",Approved,Approved,Not Accredited,No,,Tier 3,http://www.sagarsciencesistec.ac.in,info@sagarsciencesistec.ac.in,admissions@sagarsciencesistec.ac.in,placement@sagarsciencesistec.ac.in,+91-80-444-3003,Civil Engineering,B.Tech,60,798,1989,Urban,Yes,Yes
1-44643460187,1-44643460187,U-0441,SAGAR INSTITUTE OF SCIENCE & TECHNOLOGY (SISTEC),Active,Madhya Pradesh,Bhopal,Bhopal,"NEAR AIRPORT, JAIPUR ROAD, PIPALNER GANDHI NAGAR BHOPAL-462036",462036,23.250493,77.411906,Private-Self Financing,"Rajiv Gandhi Proudyogiki Vishwavidyalaya, Bhopal",Approved,Approved,Not Accredited,No,,Tier 3,http://www.sagarsciencesistec.ac.in,info@sagarsciencesistec.ac.in,admissions@sagarsciencesistec.ac.in,placement@sagarsciencesistec.ac.in,+91-80-444-3003,Data Science,B.Tech,120,798,1989,Urban,Yes,Yes
1-44643460187,1-44643460187,U-0441,SAGAR INSTITUTE OF SCIENCE & TECHNOLOGY (SISTEC),Active,Madhya Pradesh,Bhopal,Bhopal,"NEAR AIRPORT, JAIPUR ROAD, PIPALNER GANDHI NAGAR BHOPAL-462036",462036,23.250493,77.411906,Private-Self Financing,"Rajiv Gandhi Proudyogiki Vishwavidyalaya, Bhopal",Approved,Approved,Not Accredited,No,,Tier 3,http://www.sagarsciencesistec.ac.in,info@sagarsciencesistec.ac.in,admissions@sagarsciencesistec.ac.in,placement@sagarsciencesistec.ac.in,+91-80-444-3003,Cyber Security,B.Tech,60,798,1989,Urban,Yes,Yes
1-44643588427,1-44643588427,U-0441,ALPINE INSTITUTE OF TECHNOLOGY,Active,Madhya Pradesh,Ujjain,Ujjain,"GRAM: CHANDESARA, DEWAS ROAD",452341,23.185773,75.778628,Private-Self Financing,"Rajiv Gandhi Proudyogiki Vishwavidyalaya, Bhopal",Approved,Approved,A+,Yes,,Tier 2,http://www.alpine.ac.in,info@alpine.ac.in,admissions@alpine.ac.in,placement@alpine.ac.in,+91-80-248-7488,Mechanical Engineering,Diploma,48,486,2018,Rural,No,Yes
1-44643588427,1-44643588427,U-0441,ALPINE INSTITUTE OF TECHNOLOGY,Active,Madhya Pradesh,Ujjain,Ujjain,"GRAM: CHANDESARA, DEWAS ROAD",452341,23.185773,75.778628,Private-Self Financing,"Rajiv Gandhi Proudyogiki Vishwavidyalaya, Bhopal",Approved,Approved,A+,Yes,,Tier 2,http://www.alpine.ac.in,info@alpine.ac.in,admissions@alpine.ac.in,placement@alpine.ac.in,+91-80-248-7488,Civil Engineering,Diploma,48,486,2018,Rural,No,Yes
1-44643588427,1-44643588427,U-0441,ALPINE INSTITUTE OF TECHNOLOGY,Active,Madhya Pradesh,Ujjain,Ujjain,"GRAM: CHANDESARA, DEWAS ROAD",452341,23.185773,75.778628,Private-Self Financing,"Rajiv Gandhi Proudyogiki Vishwavidyalaya, Bhopal",Approved,Approved,A+,Yes,,Tier 2,http://www.alpine.ac.in,info@alpine.ac.in,admissions@alpine.ac.in,placement@alpine.ac.in,+91-80-248-7488,Computer Science Engineering (CSE),M.Tech,14,486,2018,Rural,No,Yes
1-44643588427,1-44643588427,U-0441,ALPINE INSTITUTE OF TECHNOLOGY,Active,Madhya Pradesh,Ujjain,Ujjain,"GRAM: CHANDESARA, DEWAS ROAD",452341,23.185773,75.778628,Private-Self Financing,"Rajiv Gandhi Proudyogiki Vishwavidyalaya, Bhopal",Approved,Approved,A+,Yes,,Tier 2,http://www.alpine.ac.in,info@alpine.ac.in,admissions@alpine.ac.in,placement@alpine.ac.in,+91-80-248-7488,Computer Science Engineering (CSE),B.Tech,48,486,2018,Rural,No,Yes
1-44643588427,1-44643588427,U-0441,ALPINE INSTITUTE OF TECHNOLOGY,Active,Madhya Pradesh,Ujjain,Ujjain,"GRAM: CHANDESARA, DEWAS ROAD",452341,23.185773,75.778628,Private-Self Financing,"Rajiv Gandhi Proudyogiki Vishwavidyalaya, Bhopal",Approved,Approved,A+,Yes,,Tier 2,http://www.alpine.ac.in,info@alpine.ac.in,admissions@alpine.ac.in,placement@alpine.ac.in,+91-80-248-7488,Other Engineering Branches,M.Tech,14,486,2018,Rural,No,Yes
1-44643588427,1-44643588427,U-0441,ALPINE INSTITUTE OF TECHNOLOGY,Active,Madhya Pradesh,Ujjain,Ujjain,"GRAM: CHANDESARA, DEWAS ROAD",452341,23.185773,75.778628,Private-Self Financing,"Rajiv Gandhi Proudyogiki Vishwavidyalaya, Bhopal",Approved,Approved,A+,Yes,,Tier 2,http://www.alpine.ac.in,info@alpine.ac.in,admissions@alpine.ac.in,placement@alpine.ac.in,+91-80-248-7488,Electronics & Communication Engineering (ECE),B.Tech,30,486,2018,Rural,No,Yes
1-44643588427,1-44643588427,U-0441,ALPINE INSTITUTE OF TECHNOLOGY,Active,Madhya Pradesh,Ujjain,Ujjain,"GRAM: CHANDESARA, DEWAS ROAD",452341,23.185773,75.778628,Private-Self Financing,"Rajiv Gandhi Proudyogiki Vishwavidyalaya, Bhopal",Approved,Approved,A+,Yes,,Tier 2,http://www.alpine.ac.in,info@alpine.ac.in,admissions@alpine.ac.in,placement@alpine.ac.in,+91-80-248-7488,Information Technology (IT),B.Tech,30,486,2018,Rural,No,Yes
1-44643588427,1-44643588427,U-0441,ALPINE INSTITUTE OF TECHNOLOGY,Active,Madhya Pradesh,Ujjain,Ujjain,"GRAM: CHANDESARA, DEWAS ROAD",452341,23.185773,75.778628,Private-Self Financing,"Rajiv Gandhi Proudyogiki Vishwavidyalaya, Bhopal",Approved,Approved,A+,Yes,,Tier 2,http://www.alpine.ac.in,info@alpine.ac.in,admissions@alpine.ac.in,placement@alpine.ac.in,+91-80-248-7488,Mechanical Engineering,B.Tech,48,486,2018,Rural,No,Yes
1-44643588427,1-44643588427,U-0441,ALPINE INSTITUTE OF TECHNOLOGY,Active,Madhya Pradesh,Ujjain,Ujjain,"GRAM: CHANDESARA, DEWAS ROAD",452341,23.185773,75.778628,Private-Self Financing,"Rajiv Gandhi Proudyogiki Vishwavidyalaya, Bhopal",Approved,Approved,A+,Yes,,Tier 2,http://www.alpine.ac.in,info@alpine.ac.in,admissions@alpine.ac.in,placement@alpine.ac.in,+91-80-248-7488,Civil Engineering,B.Tech,48,486,2018,Rural,No,Yes
1-44643588427,1-44643588427,U-0441,ALPINE INSTITUTE OF TECHNOLOGY,Active,Madhya Pradesh,Ujjain,Ujjain,"GRAM: CHANDESARA, DEWAS ROAD",452341,23.185773,75.778628,Private-Self Financing,"Rajiv Gandhi Proudyogiki Vishwavidyalaya, Bhopal",Approved,Approved,A+,Yes,,Tier 2,http://www.alpine.ac.in,info@alpine.ac.in,admissions@alpine.ac.in,placement@alpine.ac.in,+91-80-248-7488,Electrical Engineering,B.Tech,48,486,2018,Rural,No,Yes
1-44643588427,1-44643588427,U-0441,ALPINE INSTITUTE OF TECHNOLOGY,Active,Madhya Pradesh,Ujjain,Ujjain,"GRAM: CHANDESARA, DEWAS ROAD",452341,23.185773,75.778628,Private-Self Financing,"Rajiv Gandhi Proudyogiki Vishwavidyalaya, Bhopal",Approved,Approved,A+,Yes,,Tier 2,http://www.alpine.ac.in,info@alpine.ac.in,admissions@alpine.ac.in,placement@alpine.ac.in,+91-80-248-7488,Information Technology (IT),M.Tech,14,486,2018,Rural,No,Yes
1-44643588427,1-44643588427,U-0441,ALPINE INSTITUTE OF TECHNOLOGY,Active,Madhya Pradesh,Ujjain,Ujjain,"GRAM: CHANDESARA, DEWAS ROAD",452341,23.185773,75.778628,Private-Self Financing,"Rajiv Gandhi Proudyogiki Vishwavidyalaya, Bhopal",Approved,Approved,A+,Yes,,Tier 2,http://www.alpine.ac.in,info@alpine.ac.in,admissions@alpine.ac.in,placement@alpine.ac.in,+91-80-248-7488,Electrical Engineering,Diploma,96,486,2018,Rural,No,Yes
1-44643589123,1-44643589123,U-0441,SHIV KUMAR SINGH INSTITUTE OF TECHNOLOGY & SCIENCE,Active,Madhya Pradesh,Indore,Indore,"GRAM DEHRI (RANGWASA), RAU INFRONT OF IIM, PITHAMPUR BY PASS  ROAD,",452012,22.708147,75.844681,Private-Self Financing,"Rajiv Gandhi Proudyogiki Vishwavidyalaya, Bhopal",Approved,Approved,B++,Yes,,Tier 3,http://www.shivkumarsingh.ac.in,info@shivkumarsingh.ac.in,admissions@shivkumarsingh.ac.in,placement@shivkumarsingh.ac.in,+91-80-358-4812,Civil Engineering,Diploma,60,669,1995,Urban,Yes,No
1-44643589123,1-44643589123,U-0441,SHIV KUMAR SINGH INSTITUTE OF TECHNOLOGY & SCIENCE,Active,Madhya Pradesh,Indore,Indore,"GRAM DEHRI (RANGWASA), RAU INFRONT OF IIM, PITHAMPUR BY PASS  ROAD,",452012,22.708147,75.844681,Private-Self Financing,"Rajiv Gandhi Proudyogiki Vishwavidyalaya, Bhopal",Approved,Approved,B++,Yes,,Tier 3,http://www.shivkumarsingh.ac.in,info@shivkumarsingh.ac.in,admissions@shivkumarsingh.ac.in,placement@shivkumarsingh.ac.in,+91-80-358-4812,Other Engineering Branches,M.Tech,81,669,1995,Urban,Yes,No
1-44643589123,1-44643589123,U-0441,SHIV KUMAR SINGH INSTITUTE OF TECHNOLOGY & SCIENCE,Active,Madhya Pradesh,Indore,Indore,"GRAM DEHRI (RANGWASA), RAU INFRONT OF IIM, PITHAMPUR BY PASS  ROAD,",452012,22.708147,75.844681,Private-Self Financing,"Rajiv Gandhi Proudyogiki Vishwavidyalaya, Bhopal",Approved,Approved,B++,Yes,,Tier 3,http://www.shivkumarsingh.ac.in,info@shivkumarsingh.ac.in,admissions@shivkumarsingh.ac.in,placement@shivkumarsingh.ac.in,+91-80-358-4812,Electrical & Electronics Engineering (EEE),B.Tech,30,669,1995,Urban,Yes,No
1-44643589123,1-44643589123,U-0441,SHIV KUMAR SINGH INSTITUTE OF TECHNOLOGY & SCIENCE,Active,Madhya Pradesh,Indore,Indore,"GRAM DEHRI (RANGWASA), RAU INFRONT OF IIM, PITHAMPUR BY PASS  ROAD,",452012,22.708147,75.844681,Private-Self Financing,"Rajiv Gandhi Proudyogiki Vishwavidyalaya, Bhopal",Approved,Approved,B++,Yes,,Tier 3,http://www.shivkumarsingh.ac.in,info@shivkumarsingh.ac.in,admissions@shivkumarsingh.ac.in,placement@shivkumarsingh.ac.in,+91-80-358-4812,Computer Science Engineering (CSE),B.Tech,60,669,1995,Urban,Yes,No
1-44643589123,1-44643589123,U-0441,SHIV KUMAR SINGH INSTITUTE OF TECHNOLOGY & SCIENCE,Active,Madhya Pradesh,Indore,Indore,"GRAM DEHRI (RANGWASA), RAU INFRONT OF IIM, PITHAMPUR BY PASS  ROAD,",452012,22.708147,75.844681,Private-Self Financing,"Rajiv Gandhi Proudyogiki Vishwavidyalaya, Bhopal",Approved,Approved,B++,Yes,,Tier 3,http://www.shivkumarsingh.ac.in,info@shivkumarsingh.ac.in,admissions@shivkumarsingh.ac.in,placement@shivkumarsingh.ac.in,+91-80-358-4812,Information Technology (IT),B.Tech,30,669,1995,Urban,Yes,No
1-44643589123,1-44643589123,U-0441,SHIV KUMAR SINGH INSTITUTE OF TECHNOLOGY & SCIENCE,Active,Madhya Pradesh,Indore,Indore,"GRAM DEHRI (RANGWASA), RAU INFRONT OF IIM, PITHAMPUR BY PASS  ROAD,",452012,22.708147,75.844681,Private-Self Financing,"Rajiv Gandhi Proudyogiki Vishwavidyalaya, Bhopal",Approved,Approved,B++,Yes,,Tier 3,http://www.shivkumarsingh.ac.in,info@shivkumarsingh.ac.in,admissions@shivkumarsingh.ac.in,placement@shivkumarsingh.ac.in,+91-80-358-4812,Mechanical Engineering,B.Tech,90,669,1995,Urban,Yes,No
1-44643589123,1-44643589123,U-0441,SHIV KUMAR SINGH INSTITUTE OF TECHNOLOGY & SCIENCE,Active,Madhya Pradesh,Indore,Indore,"GRAM DEHRI (RANGWASA), RAU INFRONT OF IIM, PITHAMPUR BY PASS  ROAD,",452012,22.708147,75.844681,Private-Self Financing,"Rajiv Gandhi Proudyogiki Vishwavidyalaya, Bhopal",Approved,Approved,B++,Yes,,Tier 3,http://www.shivkumarsingh.ac.in,info@shivkumarsingh.ac.in,admissions@shivkumarsingh.ac.in,placement@shivkumarsingh.ac.in,+91-80-358-4812,Civil Engineering,B.Tech,60,669,1995,Urban,Yes,No
1-44643589123,1-44643589123,U-0441,SHIV KUMAR SINGH INSTITUTE OF TECHNOLOGY & SCIENCE,Active,Madhya Pradesh,Indore,Indore,"GRAM DEHRI (RANGWASA), RAU INFRONT OF IIM, PITHAMPUR BY PASS  ROAD,",452012,22.708147,75.844681,Private-Self Financing,"Rajiv Gandhi Proudyogiki Vishwavidyalaya, Bhopal",Approved,Approved,B++,Yes,,Tier 3,http://www.shivkumarsingh.ac.in,info@shivkumarsingh.ac.in,admissions@shivkumarsingh.ac.in,placement@shivkumarsingh.ac.in,+91-80-358-4812,Electronics & Communication Engineering (ECE),B.Tech,30,669,1995,Urban,Yes,No
1-44643589123,1-44643589123,U-0441,SHIV KUMAR SINGH INSTITUTE OF TECHNOLOGY & SCIENCE,Active,Madhya Pradesh,Indore,Indore,"GRAM DEHRI (RANGWASA), RAU INFRONT OF IIM, PITHAMPUR BY PASS  ROAD,",452012,22.708147,75.844681,Private-Self Financing,"Rajiv Gandhi Proudyogiki Vishwavidyalaya, Bhopal",Approved,Approved,B++,Yes,,Tier 3,http://www.shivkumarsingh.ac.in,info@shivkumarsingh.ac.in,admissions@shivkumarsingh.ac.in,placement@shivkumarsingh.ac.in,+91-80-358-4812,Other Engineering Branches,B.Tech,90,669,1995,Urban,Yes,No
1-44643589123,1-44643589123,U-0441,SHIV KUMAR SINGH INSTITUTE OF TECHNOLOGY & SCIENCE,Active,Madhya Pradesh,Indore,Indore,"GRAM DEHRI (RANGWASA), RAU INFRONT OF IIM, PITHAMPUR BY PASS  ROAD,",452012,22.708147,75.844681,Private-Self Financing,"Rajiv Gandhi Proudyogiki Vishwavidyalaya, Bhopal",Approved,Approved,B++,Yes,,Tier 3,http://www.shivkumarsingh.ac.in,info@shivkumarsingh.ac.in,admissions@shivkumarsingh.ac.in,placement@shivkumarsingh.ac.in,+91-80-358-4812,Computer Science Engineering (CSE),M.Tech,18,669,1995,Urban,Yes,No
1-44643589123,1-44643589123,U-0441,SHIV KUMAR SINGH INSTITUTE OF TECHNOLOGY & SCIENCE,Active,Madhya Pradesh,Indore,Indore,"GRAM DEHRI (RANGWASA), RAU INFRONT OF IIM, PITHAMPUR BY PASS  ROAD,",452012,22.708147,75.844681,Private-Self Financing,"Rajiv Gandhi Proudyogiki Vishwavidyalaya, Bhopal",Approved,Approved,B++,Yes,,Tier 3,http://www.shivkumarsingh.ac.in,info@shivkumarsingh.ac.in,admissions@shivkumarsingh.ac.in,placement@shivkumarsingh.ac.in,+91-80-358-4812,Electrical Engineering,Diploma,60,669,1995,Urban,Yes,No
1-44643589123,1-44643589123,U-0441,SHIV KUMAR SINGH INSTITUTE OF TECHNOLOGY & SCIENCE,Active,Madhya Pradesh,Indore,Indore,"GRAM DEHRI (RANGWASA), RAU INFRONT OF IIM, PITHAMPUR BY PASS  ROAD,",452012,22.708147,75.844681,Private-Self Financing,"Rajiv Gandhi Proudyogiki Vishwavidyalaya, Bhopal",Approved,Approved,B++,Yes,,Tier 3,http://www.shivkumarsingh.ac.in,info@shivkumarsingh.ac.in,admissions@shivkumarsingh.ac.in,placement@shivkumarsingh.ac.in,+91-80-358-4812,Mechanical Engineering,Diploma,60,669,1995,Urban,Yes,No
1-44643630460,1-44643630460,U-0441,PRESTIGE INSTITUTE OF ENGINEERING MANAGEMENT & RESEARCH,Active,Madhya Pradesh,Indore,Indore,"SCHEME NO 74-C, SECTOR-D, VIJAY NAGAR",452012,22.711021,75.857555,Private-Self Financing,"Rajiv Gandhi Proudyogiki Vishwavidyalaya, Bhopal",Approved,Approved,B+,No,,Tier 3,http://www.prestigemanagementresearch.ac.in,info@prestigemanagementresearch.ac.in,admissions@prestigemanagementresearch.ac.in,placement@prestigemanagementresearch.ac.in,+91-80-479-0399,Electrical Engineering,B.Tech,60,642,1988,Rural,No,Yes
1-44643630460,1-44643630460,U-0441,PRESTIGE INSTITUTE OF ENGINEERING MANAGEMENT & RESEARCH,Active,Madhya Pradesh,Indore,Indore,"SCHEME NO 74-C, SECTOR-D, VIJAY NAGAR",452012,22.711021,75.857555,Private-Self Financing,"Rajiv Gandhi Proudyogiki Vishwavidyalaya, Bhopal",Approved,Approved,B+,No,,Tier 3,http://www.prestigemanagementresearch.ac.in,info@prestigemanagementresearch.ac.in,admissions@prestigemanagementresearch.ac.in,placement@prestigemanagementresearch.ac.in,+91-80-479-0399,Civil Engineering,B.Tech,30,642,1988,Rural,No,Yes
1-44643630460,1-44643630460,U-0441,PRESTIGE INSTITUTE OF ENGINEERING MANAGEMENT & RESEARCH,Active,Madhya Pradesh,Indore,Indore,"SCHEME NO 74-C, SECTOR-D, VIJAY NAGAR",452012,22.711021,75.857555,Private-Self Financing,"Rajiv Gandhi Proudyogiki Vishwavidyalaya, Bhopal",Approved,Approved,B+,No,,Tier 3,http://www.prestigemanagementresearch.ac.in,info@prestigemanagementresearch.ac.in,admissions@prestigemanagementresearch.ac.in,placement@prestigemanagementresearch.ac.in,+91-80-479-0399,Electronics & Communication Engineering (ECE),B.Tech,60,642,1988,Rural,No,Yes
1-44643630460,1-44643630460,U-0441,PRESTIGE INSTITUTE OF ENGINEERING MANAGEMENT & RESEARCH,Active,Madhya Pradesh,Indore,Indore,"SCHEME NO 74-C, SECTOR-D, VIJAY NAGAR",452012,22.711021,75.857555,Private-Self Financing,"Rajiv Gandhi Proudyogiki Vishwavidyalaya, Bhopal",Approved,Approved,B+,No,,Tier 3,http://www.prestigemanagementresearch.ac.in,info@prestigemanagementresearch.ac.in,admissions@prestigemanagementresearch.ac.in,placement@prestigemanagementresearch.ac.in,+91-80-479-0399,Other Engineering Branches,M.Tech,12,642,1988,Rural,No,Yes
1-44643630460,1-44643630460,U-0441,PRESTIGE INSTITUTE OF ENGINEERING MANAGEMENT & RESEARCH,Active,Madhya Pradesh,Indore,Indore,"SCHEME NO 74-C, SECTOR-D, VIJAY NAGAR",452012,22.711021,75.857555,Private-Self Financing,"Rajiv Gandhi Proudyogiki Vishwavidyalaya, Bhopal",Approved,Approved,B+,No,,Tier 3,http://www.prestigemanagementresearch.ac.in,info@prestigemanagementresearch.ac.in,admissions@prestigemanagementresearch.ac.in,placement@prestigemanagementresearch.ac.in,+91-80-479-0399,Computer Science Engineering (CSE),B.Tech,180,642,1988,Rural,No,Yes
1-44643630460,1-44643630460,U-0441,PRESTIGE INSTITUTE OF ENGINEERING MANAGEMENT & RESEARCH,Active,Madhya Pradesh,Indore,Indore,"SCHEME NO 74-C, SECTOR-D, VIJAY NAGAR",452012,22.711021,75.857555,Private-Self Financing,"Rajiv Gandhi Proudyogiki Vishwavidyalaya, Bhopal",Approved,Approved,B+,No,,Tier 3,http://www.prestigemanagementresearch.ac.in,info@prestigemanagementresearch.ac.in,admissions@prestigemanagementresearch.ac.in,placement@prestigemanagementresearch.ac.in,+91-80-479-0399,Mechanical Engineering,B.Tech,30,642,1988,Rural,No,Yes
1-44643630460,1-44643630460,U-0441,PRESTIGE INSTITUTE OF ENGINEERING MANAGEMENT & RESEARCH,Active,Madhya Pradesh,Indore,Indore,"SCHEME NO 74-C, SECTOR-D, VIJAY NAGAR",452012,22.711021,75.857555,Private-Self Financing,"Rajiv Gandhi Proudyogiki Vishwavidyalaya, Bhopal",Approved,Approved,B+,No,,Tier 3,http://www.prestigemanagementresearch.ac.in,info@prestigemanagementresearch.ac.in,admissions@prestigemanagementresearch.ac.in,placement@prestigemanagementresearch.ac.in,+91-80-479-0399,Data Science,B.Tech,60,642,1988,Rural,No,Yes
1-44643630460,1-44643630460,U-0441,PRESTIGE INSTITUTE OF ENGINEERING MANAGEMENT & RESEARCH,Active,Madhya Pradesh,Indore,Indore,"SCHEME NO 74-C, SECTOR-D, VIJAY NAGAR",452012,22.711021,75.857555,Private-Self Financing,"Rajiv Gandhi Proudyogiki Vishwavidyalaya, Bhopal",Approved,Approved,B+,No,,Tier 3,http://www.prestigemanagementresearch.ac.in,info@prestigemanagementresearch.ac.in,admissions@prestigemanagementresearch.ac.in,placement@prestigemanagementresearch.ac.in,+91-80-479-0399,Robotics,B.Tech,60,642,1988,Rural,No,Yes
1-44643630460,1-44643630460,U-0441,PRESTIGE INSTITUTE OF ENGINEERING MANAGEMENT & RESEARCH,Active,Madhya Pradesh,Indore,Indore,"SCHEME NO 74-C, SECTOR-D, VIJAY NAGAR",452012,22.711021,75.857555,Private-Self Financing,"Rajiv Gandhi Proudyogiki Vishwavidyalaya, Bhopal",Approved,Approved,B+,No,,Tier 3,http://www.prestigemanagementresearch.ac.in,info@prestigemanagementresearch.ac.in,admissions@prestigemanagementresearch.ac.in,placement@prestigemanagementresearch.ac.in,+91-80-479-0399,Computer Science Engineering (CSE),M.Tech,30,642,1988,Rural,No,Yes
1-44643630460,1-44643630460,U-0441,PRESTIGE INSTITUTE OF ENGINEERING MANAGEMENT & RESEARCH,Active,Madhya Pradesh,Indore,Indore,"SCHEME NO 74-C, SECTOR-D, VIJAY NAGAR",452012,22.711021,75.857555,Private-Self Financing,"Rajiv Gandhi Proudyogiki Vishwavidyalaya, Bhopal",Approved,Approved,B+,No,,Tier 3,http://www.prestigemanagementresearch.ac.in,info@prestigemanagementresearch.ac.in,admissions@prestigemanagementresearch.ac.in,placement@prestigemanagementresearch.ac.in,+91-80-479-0399,Cyber Security,B.Tech,60,642,1988,Rural,No,Yes
1-44643630460,1-44643630460,U-0441,PRESTIGE INSTITUTE OF ENGINEERING MANAGEMENT & RESEARCH,Active,Madhya Pradesh,Indore,Indore,"SCHEME NO 74-C, SECTOR-D, VIJAY NAGAR",452012,22.711021,75.857555,Private-Self Financing,"Rajiv Gandhi Proudyogiki Vishwavidyalaya, Bhopal",Approved,Approved,B+,No,,Tier 3,http://www.prestigemanagementresearch.ac.in,info@prestigemanagementresearch.ac.in,admissions@prestigemanagementresearch.ac.in,placement@prestigemanagementresearch.ac.in,+91-80-479-0399,Other Engineering Branches,B.Tech,30,642,1988,Rural,No,Yes
1-44643630460,1-44643630460,U-0441,PRESTIGE INSTITUTE OF ENGINEERING MANAGEMENT & RESEARCH,Active,Madhya Pradesh,Indore,Indore,"SCHEME NO 74-C, SECTOR-D, VIJAY NAGAR",452012,22.711021,75.857555,Private-Self Financing,"Rajiv Gandhi Proudyogiki Vishwavidyalaya, Bhopal",Approved,Approved,B+,No,,Tier 3,http://www.prestigemanagementresearch.ac.in,info@prestigemanagementresearch.ac.in,admissions@prestigemanagementresearch.ac.in,placement@prestigemanagementresearch.ac.in,+91-80-479-0399,Information Technology (IT),B.Tech,30,642,1988,Rural,No,Yes
1-44643724156,1-44643724156,U-0572,ORIENTAL UNIVERSITY INDORE,Active,Madhya Pradesh,Indore,Indore,"GATE NO. 1, SANWER ROAD, OPPOSITE REVATI RANGE, VILLAGE JAKHYA",452012,22.719402,75.872785,State Private University,"Oriental University, Indore",Approved,Approved,B,Yes,,Tier 3,http://www.orientalindore.ac.in,info@orientalindore.ac.in,admissions@orientalindore.ac.in,placement@orientalindore.ac.in,+91-80-830-5632,Computer Science Engineering (CSE),B.Tech,240,930,1986,Urban,No,Yes
1-44643724156,1-44643724156,U-0572,ORIENTAL UNIVERSITY INDORE,Active,Madhya Pradesh,Indore,Indore,"GATE NO. 1, SANWER ROAD, OPPOSITE REVATI RANGE, VILLAGE JAKHYA",452012,22.719402,75.872785,State Private University,"Oriental University, Indore",Approved,Approved,B,Yes,,Tier 3,http://www.orientalindore.ac.in,info@orientalindore.ac.in,admissions@orientalindore.ac.in,placement@orientalindore.ac.in,+91-80-830-5632,Civil Engineering,B.Tech,60,930,1986,Urban,No,Yes
1-44643724156,1-44643724156,U-0572,ORIENTAL UNIVERSITY INDORE,Active,Madhya Pradesh,Indore,Indore,"GATE NO. 1, SANWER ROAD, OPPOSITE REVATI RANGE, VILLAGE JAKHYA",452012,22.719402,75.872785,State Private University,"Oriental University, Indore",Approved,Approved,B,Yes,,Tier 3,http://www.orientalindore.ac.in,info@orientalindore.ac.in,admissions@orientalindore.ac.in,placement@orientalindore.ac.in,+91-80-830-5632,Mechanical Engineering,B.Tech,60,930,1986,Urban,No,Yes
1-44643724156,1-44643724156,U-0572,ORIENTAL UNIVERSITY INDORE,Active,Madhya Pradesh,Indore,Indore,"GATE NO. 1, SANWER ROAD, OPPOSITE REVATI RANGE, VILLAGE JAKHYA",452012,22.719402,75.872785,State Private University,"Oriental University, Indore",Approved,Approved,B,Yes,,Tier 3,http://www.orientalindore.ac.in,info@orientalindore.ac.in,admissions@orientalindore.ac.in,placement@orientalindore.ac.in,+91-80-830-5632,Electrical & Electronics Engineering (EEE),B.Tech,60,930,1986,Urban,No,Yes
1-44643724156,1-44643724156,U-0572,ORIENTAL UNIVERSITY INDORE,Active,Madhya Pradesh,Indore,Indore,"GATE NO. 1, SANWER ROAD, OPPOSITE REVATI RANGE, VILLAGE JAKHYA",452012,22.719402,75.872785,State Private University,"Oriental University, Indore",Approved,Approved,B,Yes,,Tier 3,http://www.orientalindore.ac.in,info@orientalindore.ac.in,admissions@orientalindore.ac.in,placement@orientalindore.ac.in,+91-80-830-5632,Computer Science Engineering (CSE),M.Tech,30,930,1986,Urban,No,Yes
1-44643724156,1-44643724156,U-0572,ORIENTAL UNIVERSITY INDORE,Active,Madhya Pradesh,Indore,Indore,"GATE NO. 1, SANWER ROAD, OPPOSITE REVATI RANGE, VILLAGE JAKHYA",452012,22.719402,75.872785,State Private University,"Oriental University, Indore",Approved,Approved,B,Yes,,Tier 3,http://www.orientalindore.ac.in,info@orientalindore.ac.in,admissions@orientalindore.ac.in,placement@orientalindore.ac.in,+91-80-830-5632,Civil Engineering,M.Tech,30,930,1986,Urban,No,Yes
1-44643724156,1-44643724156,U-0572,ORIENTAL UNIVERSITY INDORE,Active,Madhya Pradesh,Indore,Indore,"GATE NO. 1, SANWER ROAD, OPPOSITE REVATI RANGE, VILLAGE JAKHYA",452012,22.719402,75.872785,State Private University,"Oriental University, Indore",Approved,Approved,B,Yes,,Tier 3,http://www.orientalindore.ac.in,info@orientalindore.ac.in,admissions@orientalindore.ac.in,placement@orientalindore.ac.in,+91-80-830-5632,Mechanical Engineering,M.Tech,30,930,1986,Urban,No,Yes
1-44643724156,1-44643724156,U-0572,ORIENTAL UNIVERSITY INDORE,Active,Madhya Pradesh,Indore,Indore,"GATE NO. 1, SANWER ROAD, OPPOSITE REVATI RANGE, VILLAGE JAKHYA",452012,22.719402,75.872785,State Private University,"Oriental University, Indore",Approved,Approved,B,Yes,,Tier 3,http://www.orientalindore.ac.in,info@orientalindore.ac.in,admissions@orientalindore.ac.in,placement@orientalindore.ac.in,+91-80-830-5632,Electrical & Electronics Engineering (EEE),M.Tech,30,930,1986,Urban,No,Yes
1-44643724156,1-44643724156,U-0572,ORIENTAL UNIVERSITY INDORE,Active,Madhya Pradesh,Indore,Indore,"GATE NO. 1, SANWER ROAD, OPPOSITE REVATI RANGE, VILLAGE JAKHYA",452012,22.719402,75.872785,State Private University,"Oriental University, Indore",Approved,Approved,B,Yes,,Tier 3,http://www.orientalindore.ac.in,info@orientalindore.ac.in,admissions@orientalindore.ac.in,placement@orientalindore.ac.in,+91-80-830-5632,Computer Science Engineering (CSE),Diploma,60,930,1986,Urban,No,Yes
1-44643724156,1-44643724156,U-0572,ORIENTAL UNIVERSITY INDORE,Active,Madhya Pradesh,Indore,Indore,"GATE NO. 1, SANWER ROAD, OPPOSITE REVATI RANGE, VILLAGE JAKHYA",452012,22.719402,75.872785,State Private University,"Oriental University, Indore",Approved,Approved,B,Yes,,Tier 3,http://www.orientalindore.ac.in,info@orientalindore.ac.in,admissions@orientalindore.ac.in,placement@orientalindore.ac.in,+91-80-830-5632,Civil Engineering,Diploma,60,930,1986,Urban,No,Yes
1-44643724156,1-44643724156,U-0572,ORIENTAL UNIVERSITY INDORE,Active,Madhya Pradesh,Indore,Indore,"GATE NO. 1, SANWER ROAD, OPPOSITE REVATI RANGE, VILLAGE JAKHYA",452012,22.719402,75.872785,State Private University,"Oriental University, Indore",Approved,Approved,B,Yes,,Tier 3,http://www.orientalindore.ac.in,info@orientalindore.ac.in,admissions@orientalindore.ac.in,placement@orientalindore.ac.in,+91-80-830-5632,Mechanical Engineering,Diploma,60,930,1986,Urban,No,Yes
1-44643724156,1-44643724156,U-0572,ORIENTAL UNIVERSITY INDORE,Active,Madhya Pradesh,Indore,Indore,"GATE NO. 1, SANWER ROAD, OPPOSITE REVATI RANGE, VILLAGE JAKHYA",452012,22.719402,75.872785,State Private University,"Oriental University, Indore",Approved,Approved,B,Yes,,Tier 3,http://www.orientalindore.ac.in,info@orientalindore.ac.in,admissions@orientalindore.ac.in,placement@orientalindore.ac.in,+91-80-830-5632,Electrical & Electronics Engineering (EEE),Diploma,60,930,1986,Urban,No,Yes
1-44643724156,1-44643724156,U-0572,ORIENTAL UNIVERSITY INDORE,Active,Madhya Pradesh,Indore,Indore,"GATE NO. 1, SANWER ROAD, OPPOSITE REVATI RANGE, VILLAGE JAKHYA",452012,22.719402,75.872785,State Private University,"Oriental University, Indore",Approved,Approved,B,Yes,,Tier 3,http://www.orientalindore.ac.in,info@orientalindore.ac.in,admissions@orientalindore.ac.in,placement@orientalindore.ac.in,+91-80-830-5632,Electronics & Communication Engineering (ECE),B.Tech,60,930,1986,Urban,No,Yes
1-44643724156,1-44643724156,U-0572,ORIENTAL UNIVERSITY INDORE,Active,Madhya Pradesh,Indore,Indore,"GATE NO. 1, SANWER ROAD, OPPOSITE REVATI RANGE, VILLAGE JAKHYA",452012,22.719402,75.872785,State Private University,"Oriental University, Indore",Approved,Approved,B,Yes,,Tier 3,http://www.orientalindore.ac.in,info@orientalindore.ac.in,admissions@orientalindore.ac.in,placement@orientalindore.ac.in,+91-80-830-5632,Electronics & Communication Engineering (ECE),M.Tech,30,930,1986,Urban,No,Yes
1-44643724156,1-44643724156,U-0572,ORIENTAL UNIVERSITY INDORE,Active,Madhya Pradesh,Indore,Indore,"GATE NO. 1, SANWER ROAD, OPPOSITE REVATI RANGE, VILLAGE JAKHYA",452012,22.719402,75.872785,State Private University,"Oriental University, Indore",Approved,Approved,B,Yes,,Tier 3,http://www.orientalindore.ac.in,info@orientalindore.ac.in,admissions@orientalindore.ac.in,placement@orientalindore.ac.in,+91-80-830-5632,Electronics & Communication Engineering (ECE),Diploma,60,930,1986,Urban,No,Yes
1-44643152488,1-44643152488,U-0441,PATEL COLLEGE OF SCIENCE & TECHNOLOGY,Active,Madhya Pradesh,Indore,Indore,RALAMANDAL,452012,22.718195,75.866049,Private-Self Financing,"Rajiv Gandhi Proudyogiki Vishwavidyalaya, Bhopal",Approved,Approved,B+,No,,Tier 3,http://www.patelscience.ac.in,info@patelscience.ac.in,admissions@patelscience.ac.in,placement@patelscience.ac.in,+91-80-779-9477,Civil Engineering,B.Tech,60,828,1992,Rural,Yes,No
1-44643152488,1-44643152488,U-0441,PATEL COLLEGE OF SCIENCE & TECHNOLOGY,Active,Madhya Pradesh,Indore,Indore,RALAMANDAL,452012,22.718195,75.866049,Private-Self Financing,"Rajiv Gandhi Proudyogiki Vishwavidyalaya, Bhopal",Approved,Approved,B+,No,,Tier 3,http://www.patelscience.ac.in,info@patelscience.ac.in,admissions@patelscience.ac.in,placement@patelscience.ac.in,+91-80-779-9477,Computer Science Engineering (CSE),B.Tech,120,828,1992,Rural,Yes,No
1-44643152488,1-44643152488,U-0441,PATEL COLLEGE OF SCIENCE & TECHNOLOGY,Active,Madhya Pradesh,Indore,Indore,RALAMANDAL,452012,22.718195,75.866049,Private-Self Financing,"Rajiv Gandhi Proudyogiki Vishwavidyalaya, Bhopal",Approved,Approved,B+,No,,Tier 3,http://www.patelscience.ac.in,info@patelscience.ac.in,admissions@patelscience.ac.in,placement@patelscience.ac.in,+91-80-779-9477,Electronics & Communication Engineering (ECE),B.Tech,60,828,1992,Rural,Yes,No
1-44643152488,1-44643152488,U-0441,PATEL COLLEGE OF SCIENCE & TECHNOLOGY,Active,Madhya Pradesh,Indore,Indore,RALAMANDAL,452012,22.718195,75.866049,Private-Self Financing,"Rajiv Gandhi Proudyogiki Vishwavidyalaya, Bhopal",Approved,Approved,B+,No,,Tier 3,http://www.patelscience.ac.in,info@patelscience.ac.in,admissions@patelscience.ac.in,placement@patelscience.ac.in,+91-80-779-9477,Mechanical Engineering,B.Tech,60,828,1992,Rural,Yes,No
1-44643152488,1-44643152488,U-0441,PATEL COLLEGE OF SCIENCE & TECHNOLOGY,Active,Madhya Pradesh,Indore,Indore,RALAMANDAL,452012,22.718195,75.866049,Private-Self Financing,"Rajiv Gandhi Proudyogiki Vishwavidyalaya, Bhopal",Approved,Approved,B+,No,,Tier 3,http://www.patelscience.ac.in,info@patelscience.ac.in,admissions@patelscience.ac.in,placement@patelscience.ac.in,+91-80-779-9477,Computer Science Engineering (CSE),M.Tech,18,828,1992,Rural,Yes,No
1-44643152488,1-44643152488,U-0441,PATEL COLLEGE OF SCIENCE & TECHNOLOGY,Active,Madhya Pradesh,Indore,Indore,RALAMANDAL,452012,22.718195,75.866049,Private-Self Financing,"Rajiv Gandhi Proudyogiki Vishwavidyalaya, Bhopal",Approved,Approved,B+,No,,Tier 3,http://www.patelscience.ac.in,info@patelscience.ac.in,admissions@patelscience.ac.in,placement@patelscience.ac.in,+91-80-779-9477,Information Technology (IT),M.Tech,36,828,1992,Rural,Yes,No
1-44643152488,1-44643152488,U-0441,PATEL COLLEGE OF SCIENCE & TECHNOLOGY,Active,Madhya Pradesh,Indore,Indore,RALAMANDAL,452012,22.718195,75.866049,Private-Self Financing,"Rajiv Gandhi Proudyogiki Vishwavidyalaya, Bhopal",Approved,Approved,B+,No,,Tier 3,http://www.patelscience.ac.in,info@patelscience.ac.in,admissions@patelscience.ac.in,placement@patelscience.ac.in,+91-80-779-9477,Other Engineering Branches,M.Tech,54,828,1992,Rural,Yes,No
1-44643152488,1-44643152488,U-0441,PATEL COLLEGE OF SCIENCE & TECHNOLOGY,Active,Madhya Pradesh,Indore,Indore,RALAMANDAL,452012,22.718195,75.866049,Private-Self Financing,"Rajiv Gandhi Proudyogiki Vishwavidyalaya, Bhopal",Approved,Approved,B+,No,,Tier 3,http://www.patelscience.ac.in,info@patelscience.ac.in,admissions@patelscience.ac.in,placement@patelscience.ac.in,+91-80-779-9477,Mechanical Engineering,Diploma,60,828,1992,Rural,Yes,No
1-44643152488,1-44643152488,U-0441,PATEL COLLEGE OF SCIENCE & TECHNOLOGY,Active,Madhya Pradesh,Indore,Indore,RALAMANDAL,452012,22.718195,75.866049,Private-Self Financing,"Rajiv Gandhi Proudyogiki Vishwavidyalaya, Bhopal",Approved,Approved,B+,No,,Tier 3,http://www.patelscience.ac.in,info@patelscience.ac.in,admissions@patelscience.ac.in,placement@patelscience.ac.in,+91-80-779-9477,Civil Engineering,Diploma,60,828,1992,Rural,Yes,No
1-44643152488,1-44643152488,U-0441,PATEL COLLEGE OF SCIENCE & TECHNOLOGY,Active,Madhya Pradesh,Indore,Indore,RALAMANDAL,452012,22.718195,75.866049,Private-Self Financing,"Rajiv Gandhi Proudyogiki Vishwavidyalaya, Bhopal",Approved,Approved,B+,No,,Tier 3,http://www.patelscience.ac.in,info@patelscience.ac.in,admissions@patelscience.ac.in,placement@patelscience.ac.in,+91-80-779-9477,Artificial Intelligence & Machine Learning (AI & ML),B.Tech,60,828,1992,Rural,Yes,No
1-44643152488,1-44643152488,U-0441,PATEL COLLEGE OF SCIENCE & TECHNOLOGY,Active,Madhya Pradesh,Indore,Indore,RALAMANDAL,452012,22.718195,75.866049,Private-Self Financing,"Rajiv Gandhi Proudyogiki Vishwavidyalaya, Bhopal",Approved,Approved,B+,No,,Tier 3,http://www.patelscience.ac.in,info@patelscience.ac.in,admissions@patelscience.ac.in,placement@patelscience.ac.in,+91-80-779-9477,Cyber Security,B.Tech,60,828,1992,Rural,Yes,No
1-44643152488,1-44643152488,U-0441,PATEL COLLEGE OF SCIENCE & TECHNOLOGY,Active,Madhya Pradesh,Indore,Indore,RALAMANDAL,452012,22.718195,75.866049,Private-Self Financing,"Rajiv Gandhi Proudyogiki Vishwavidyalaya, Bhopal",Approved,Approved,B+,No,,Tier 3,http://www.patelscience.ac.in,info@patelscience.ac.in,admissions@patelscience.ac.in,placement@patelscience.ac.in,+91-80-779-9477,Computer Science Engineering (CSE),Diploma,120,828,1992,Rural,Yes,No
1-44643152488,1-44643152488,U-0441,PATEL COLLEGE OF SCIENCE & TECHNOLOGY,Active,Madhya Pradesh,Indore,Indore,RALAMANDAL,452012,22.718195,75.866049,Private-Self Financing,"Rajiv Gandhi Proudyogiki Vishwavidyalaya, Bhopal",Approved,Approved,B+,No,,Tier 3,http://www.patelscience.ac.in,info@patelscience.ac.in,admissions@patelscience.ac.in,placement@patelscience.ac.in,+91-80-779-9477,Electrical Engineering,Diploma,60,828,1992,Rural,Yes,No
1-44643288047,1-44643288047,U-0441,SYNERGY INSTITUTE OF TECHNOLOGY. DEWAS,Active,Madhya Pradesh,Dewas,Dewas,"MAXI ROAD, VILLAGE RAJPURA, DEWAS (M.P.)",452999,22.984895,78.656684,Private-Self Financing,"Rajiv Gandhi Proudyogiki Vishwavidyalaya, Bhopal",Approved,Approved,A+,No,,Tier 3,http://www.synergydewas.ac.in,info@synergydewas.ac.in,admissions@synergydewas.ac.in,placement@synergydewas.ac.in,+91-80-320-9726,Computer Science Engineering (CSE),B.Tech,30,210,1980,Rural,Yes,No
1-44643288047,1-44643288047,U-0441,SYNERGY INSTITUTE OF TECHNOLOGY. DEWAS,Active,Madhya Pradesh,Dewas,Dewas,"MAXI ROAD, VILLAGE RAJPURA, DEWAS (M.P.)",452999,22.984895,78.656684,Private-Self Financing,"Rajiv Gandhi Proudyogiki Vishwavidyalaya, Bhopal",Approved,Approved,A+,No,,Tier 3,http://www.synergydewas.ac.in,info@synergydewas.ac.in,admissions@synergydewas.ac.in,placement@synergydewas.ac.in,+91-80-320-9726,Electronics & Communication Engineering (ECE),B.Tech,60,210,1980,Rural,Yes,No
1-44643288047,1-44643288047,U-0441,SYNERGY INSTITUTE OF TECHNOLOGY. DEWAS,Active,Madhya Pradesh,Dewas,Dewas,"MAXI ROAD, VILLAGE RAJPURA, DEWAS (M.P.)",452999,22.984895,78.656684,Private-Self Financing,"Rajiv Gandhi Proudyogiki Vishwavidyalaya, Bhopal",Approved,Approved,A+,No,,Tier 3,http://www.synergydewas.ac.in,info@synergydewas.ac.in,admissions@synergydewas.ac.in,placement@synergydewas.ac.in,+91-80-320-9726,Mechanical Engineering,B.Tech,60,210,1980,Rural,Yes,No
1-44643288047,1-44643288047,U-0441,SYNERGY INSTITUTE OF TECHNOLOGY. DEWAS,Active,Madhya Pradesh,Dewas,Dewas,"MAXI ROAD, VILLAGE RAJPURA, DEWAS (M.P.)",452999,22.984895,78.656684,Private-Self Financing,"Rajiv Gandhi Proudyogiki Vishwavidyalaya, Bhopal",Approved,Approved,A+,No,,Tier 3,http://www.synergydewas.ac.in,info@synergydewas.ac.in,admissions@synergydewas.ac.in,placement@synergydewas.ac.in,+91-80-320-9726,Electrical & Electronics Engineering (EEE),B.Tech,30,210,1980,Rural,Yes,No
1-44643288047,1-44643288047,U-0441,SYNERGY INSTITUTE OF TECHNOLOGY. DEWAS,Active,Madhya Pradesh,Dewas,Dewas,"MAXI ROAD, VILLAGE RAJPURA, DEWAS (M.P.)",452999,22.984895,78.656684,Private-Self Financing,"Rajiv Gandhi Proudyogiki Vishwavidyalaya, Bhopal",Approved,Approved,A+,No,,Tier 3,http://www.synergydewas.ac.in,info@synergydewas.ac.in,admissions@synergydewas.ac.in,placement@synergydewas.ac.in,+91-80-320-9726,Civil Engineering,B.Tech,30,210,1980,Rural,Yes,No
1-44643330685,1-44643330685,U-0441,ALL SAINTS' COLLEGE OF ENGINEERING,Active,Madhya Pradesh,Bhopal,Bhopal,"NEW PIPALNAIR, NEARGANDHI NAGAR-462031",462031,23.277637,77.399822,Private-Self Financing,"Rajiv Gandhi Proudyogiki Vishwavidyalaya, Bhopal",Approved,Approved,B++,No,,Tier 3,http://www.allsaints.ac.in,info@allsaints.ac.in,admissions@allsaints.ac.in,placement@allsaints.ac.in,+91-80-582-8014,Electrical & Electronics Engineering (EEE),Diploma,60,180,2017,Urban,No,Yes
1-44643330685,1-44643330685,U-0441,ALL SAINTS' COLLEGE OF ENGINEERING,Active,Madhya Pradesh,Bhopal,Bhopal,"NEW PIPALNAIR, NEARGANDHI NAGAR-462031",462031,23.277637,77.399822,Private-Self Financing,"Rajiv Gandhi Proudyogiki Vishwavidyalaya, Bhopal",Approved,Approved,B++,No,,Tier 3,http://www.allsaints.ac.in,info@allsaints.ac.in,admissions@allsaints.ac.in,placement@allsaints.ac.in,+91-80-582-8014,Civil Engineering,Diploma,60,180,2017,Urban,No,Yes
1-44643330685,1-44643330685,U-0441,ALL SAINTS' COLLEGE OF ENGINEERING,Active,Madhya Pradesh,Bhopal,Bhopal,"NEW PIPALNAIR, NEARGANDHI NAGAR-462031",462031,23.277637,77.399822,Private-Self Financing,"Rajiv Gandhi Proudyogiki Vishwavidyalaya, Bhopal",Approved,Approved,B++,No,,Tier 3,http://www.allsaints.ac.in,info@allsaints.ac.in,admissions@allsaints.ac.in,placement@allsaints.ac.in,+91-80-582-8014,Mechanical Engineering,Diploma,60,180,2017,Urban,No,Yes
1-44643591425,1-44643591425,U-0441,"BANSAL INSTITUTE OF RESEARCH, TECHNOLOGY AND SCIENCE",Active,Madhya Pradesh,Bhopal,Bhopal,"KOKTA, RAISEN ROAD, ANANDNAGAR, BHOPAL",452493,23.261393,77.395939,Private-Self Financing,"Rajiv Gandhi Proudyogiki Vishwavidyalaya, Bhopal",Approved,Approved,A,No,,Tier 3,http://www.bansalresearchscience.ac.in,info@bansalresearchscience.ac.in,admissions@bansalresearchscience.ac.in,placement@bansalresearchscience.ac.in,+91-80-901-4549,Mechanical Engineering,B.Tech,30,360,1987,Urban,Yes,Yes
1-44643591425,1-44643591425,U-0441,"BANSAL INSTITUTE OF RESEARCH, TECHNOLOGY AND SCIENCE",Active,Madhya Pradesh,Bhopal,Bhopal,"KOKTA, RAISEN ROAD, ANANDNAGAR, BHOPAL",452493,23.261393,77.395939,Private-Self Financing,"Rajiv Gandhi Proudyogiki Vishwavidyalaya, Bhopal",Approved,Approved,A,No,,Tier 3,http://www.bansalresearchscience.ac.in,info@bansalresearchscience.ac.in,admissions@bansalresearchscience.ac.in,placement@bansalresearchscience.ac.in,+91-80-901-4549,Computer Science Engineering (CSE),B.Tech,180,360,1987,Urban,Yes,Yes
1-44643591425,1-44643591425,U-0441,"BANSAL INSTITUTE OF RESEARCH, TECHNOLOGY AND SCIENCE",Active,Madhya Pradesh,Bhopal,Bhopal,"KOKTA, RAISEN ROAD, ANANDNAGAR, BHOPAL",452493,23.261393,77.395939,Private-Self Financing,"Rajiv Gandhi Proudyogiki Vishwavidyalaya, Bhopal",Approved,Approved,A,No,,Tier 3,http://www.bansalresearchscience.ac.in,info@bansalresearchscience.ac.in,admissions@bansalresearchscience.ac.in,placement@bansalresearchscience.ac.in,+91-80-901-4549,Civil Engineering,B.Tech,30,360,1987,Urban,Yes,Yes
1-44643591425,1-44643591425,U-0441,"BANSAL INSTITUTE OF RESEARCH, TECHNOLOGY AND SCIENCE",Active,Madhya Pradesh,Bhopal,Bhopal,"KOKTA, RAISEN ROAD, ANANDNAGAR, BHOPAL",452493,23.261393,77.395939,Private-Self Financing,"Rajiv Gandhi Proudyogiki Vishwavidyalaya, Bhopal",Approved,Approved,A,No,,Tier 3,http://www.bansalresearchscience.ac.in,info@bansalresearchscience.ac.in,admissions@bansalresearchscience.ac.in,placement@bansalresearchscience.ac.in,+91-80-901-4549,Artificial Intelligence & Machine Learning (AI & ML),B.Tech,60,360,1987,Urban,Yes,Yes
1-44643591425,1-44643591425,U-0441,"BANSAL INSTITUTE OF RESEARCH, TECHNOLOGY AND SCIENCE",Active,Madhya Pradesh,Bhopal,Bhopal,"KOKTA, RAISEN ROAD, ANANDNAGAR, BHOPAL",452493,23.261393,77.395939,Private-Self Financing,"Rajiv Gandhi Proudyogiki Vishwavidyalaya, Bhopal",Approved,Approved,A,No,,Tier 3,http://www.bansalresearchscience.ac.in,info@bansalresearchscience.ac.in,admissions@bansalresearchscience.ac.in,placement@bansalresearchscience.ac.in,+91-80-901-4549,Data Science,B.Tech,60,360,1987,Urban,Yes,Yes
1-44643463438,1-44643463438,U-0996,SHRIRAM INSTITUTE OF INFORMATION TECHNOLOGY,Active,Madhya Pradesh,Morena,Morena,"NATIONAL EXPRESSWAY  A.B. ROAD, BANMORE MORENA (M.P.)",452584,22.967207,78.67213,Private-Self Financing,"Jiwaji University, Gwalior",Approved,Approved,A,No,,Tier 3,http://www.shriraminformation.ac.in,info@shriraminformation.ac.in,admissions@shriraminformation.ac.in,placement@shriraminformation.ac.in,+91-80-579-1201,Computer Science Engineering (CSE),B.Tech,120,360,2017,Urban,Yes,Yes
1-44643463438,1-44643463438,U-0996,SHRIRAM INSTITUTE OF INFORMATION TECHNOLOGY,Active,Madhya Pradesh,Morena,Morena,"NATIONAL EXPRESSWAY  A.B. ROAD, BANMORE MORENA (M.P.)",452584,22.967207,78.67213,Private-Self Financing,"Jiwaji University, Gwalior",Approved,Approved,A,No,,Tier 3,http://www.shriraminformation.ac.in,info@shriraminformation.ac.in,admissions@shriraminformation.ac.in,placement@shriraminformation.ac.in,+91-80-579-1201,Civil Engineering,B.Tech,60,360,2017,Urban,Yes,Yes
1-44643463438,1-44643463438,U-0996,SHRIRAM INSTITUTE OF INFORMATION TECHNOLOGY,Active,Madhya Pradesh,Morena,Morena,"NATIONAL EXPRESSWAY  A.B. ROAD, BANMORE MORENA (M.P.)",452584,22.967207,78.67213,Private-Self Financing,"Jiwaji University, Gwalior",Approved,Approved,A,No,,Tier 3,http://www.shriraminformation.ac.in,info@shriraminformation.ac.in,admissions@shriraminformation.ac.in,placement@shriraminformation.ac.in,+91-80-579-1201,Mechanical Engineering,B.Tech,60,360,2017,Urban,Yes,Yes
1-44643463438,1-44643463438,U-0996,SHRIRAM INSTITUTE OF INFORMATION TECHNOLOGY,Active,Madhya Pradesh,Morena,Morena,"NATIONAL EXPRESSWAY  A.B. ROAD, BANMORE MORENA (M.P.)",452584,22.967207,78.67213,Private-Self Financing,"Jiwaji University, Gwalior",Approved,Approved,A,No,,Tier 3,http://www.shriraminformation.ac.in,info@shriraminformation.ac.in,admissions@shriraminformation.ac.in,placement@shriraminformation.ac.in,+91-80-579-1201,Electronics & Communication Engineering (ECE),B.Tech,60,360,2017,Urban,Yes,Yes
1-44643463438,1-44643463438,U-0996,SHRIRAM INSTITUTE OF INFORMATION TECHNOLOGY,Active,Madhya Pradesh,Morena,Morena,"NATIONAL EXPRESSWAY  A.B. ROAD, BANMORE MORENA (M.P.)",452584,22.967207,78.67213,Private-Self Financing,"Jiwaji University, Gwalior",Approved,Approved,A,No,,Tier 3,http://www.shriraminformation.ac.in,info@shriraminformation.ac.in,admissions@shriraminformation.ac.in,placement@shriraminformation.ac.in,+91-80-579-1201,Data Science,B.Tech,60,360,2017,Urban,Yes,Yes
1-44643464703,1-44643464703,U-0441,LAKSHMI NARAIN COLLEGE OF TECHNOLOGY  & SCIENCE,Active,Madhya Pradesh,Bhopal,Bhopal,"KALCHURI NAGAR, RAISEN ROAD",452493,23.240999,77.427018,Private-Self Financing,"Rajiv Gandhi Proudyogiki Vishwavidyalaya, Bhopal",Approved,Approved,A+,Yes,,Tier 2,http://www.lakshminarainscience.ac.in,info@lakshminarainscience.ac.in,admissions@lakshminarainscience.ac.in,placement@lakshminarainscience.ac.in,+91-80-046-1020,Civil Engineering,B.Tech,30,630,2006,Rural,Yes,No
1-44643464703,1-44643464703,U-0441,LAKSHMI NARAIN COLLEGE OF TECHNOLOGY  & SCIENCE,Active,Madhya Pradesh,Bhopal,Bhopal,"KALCHURI NAGAR, RAISEN ROAD",452493,23.240999,77.427018,Private-Self Financing,"Rajiv Gandhi Proudyogiki Vishwavidyalaya, Bhopal",Approved,Approved,A+,Yes,,Tier 2,http://www.lakshminarainscience.ac.in,info@lakshminarainscience.ac.in,admissions@lakshminarainscience.ac.in,placement@lakshminarainscience.ac.in,+91-80-046-1020,Mechanical Engineering,B.Tech,30,630,2006,Rural,Yes,No
1-44643464703,1-44643464703,U-0441,LAKSHMI NARAIN COLLEGE OF TECHNOLOGY  & SCIENCE,Active,Madhya Pradesh,Bhopal,Bhopal,"KALCHURI NAGAR, RAISEN ROAD",452493,23.240999,77.427018,Private-Self Financing,"Rajiv Gandhi Proudyogiki Vishwavidyalaya, Bhopal",Approved,Approved,A+,Yes,,Tier 2,http://www.lakshminarainscience.ac.in,info@lakshminarainscience.ac.in,admissions@lakshminarainscience.ac.in,placement@lakshminarainscience.ac.in,+91-80-046-1020,Computer Science Engineering (CSE),B.Tech,180,630,2006,Rural,Yes,No
1-44643464703,1-44643464703,U-0441,LAKSHMI NARAIN COLLEGE OF TECHNOLOGY  & SCIENCE,Active,Madhya Pradesh,Bhopal,Bhopal,"KALCHURI NAGAR, RAISEN ROAD",452493,23.240999,77.427018,Private-Self Financing,"Rajiv Gandhi Proudyogiki Vishwavidyalaya, Bhopal",Approved,Approved,A+,Yes,,Tier 2,http://www.lakshminarainscience.ac.in,info@lakshminarainscience.ac.in,admissions@lakshminarainscience.ac.in,placement@lakshminarainscience.ac.in,+91-80-046-1020,Computer Science Engineering (CSE),M.Tech,30,630,2006,Rural,Yes,No
1-44643464703,1-44643464703,U-0441,LAKSHMI NARAIN COLLEGE OF TECHNOLOGY  & SCIENCE,Active,Madhya Pradesh,Bhopal,Bhopal,"KALCHURI NAGAR, RAISEN ROAD",452493,23.240999,77.427018,Private-Self Financing,"Rajiv Gandhi Proudyogiki Vishwavidyalaya, Bhopal",Approved,Approved,A+,Yes,,Tier 2,http://www.lakshminarainscience.ac.in,info@lakshminarainscience.ac.in,admissions@lakshminarainscience.ac.in,placement@lakshminarainscience.ac.in,+91-80-046-1020,Electronics & Communication Engineering (ECE),B.Tech,30,630,2006,Rural,Yes,No
1-44643464703,1-44643464703,U-0441,LAKSHMI NARAIN COLLEGE OF TECHNOLOGY  & SCIENCE,Active,Madhya Pradesh,Bhopal,Bhopal,"KALCHURI NAGAR, RAISEN ROAD",452493,23.240999,77.427018,Private-Self Financing,"Rajiv Gandhi Proudyogiki Vishwavidyalaya, Bhopal",Approved,Approved,A+,Yes,,Tier 2,http://www.lakshminarainscience.ac.in,info@lakshminarainscience.ac.in,admissions@lakshminarainscience.ac.in,placement@lakshminarainscience.ac.in,+91-80-046-1020,Artificial Intelligence & Machine Learning (AI & ML),B.Tech,180,630,2006,Rural,Yes,No
1-44643464703,1-44643464703,U-0441,LAKSHMI NARAIN COLLEGE OF TECHNOLOGY  & SCIENCE,Active,Madhya Pradesh,Bhopal,Bhopal,"KALCHURI NAGAR, RAISEN ROAD",452493,23.240999,77.427018,Private-Self Financing,"Rajiv Gandhi Proudyogiki Vishwavidyalaya, Bhopal",Approved,Approved,A+,Yes,,Tier 2,http://www.lakshminarainscience.ac.in,info@lakshminarainscience.ac.in,admissions@lakshminarainscience.ac.in,placement@lakshminarainscience.ac.in,+91-80-046-1020,Cyber Security,B.Tech,120,630,2006,Rural,Yes,No
1-44643464703,1-44643464703,U-0441,LAKSHMI NARAIN COLLEGE OF TECHNOLOGY  & SCIENCE,Active,Madhya Pradesh,Bhopal,Bhopal,"KALCHURI NAGAR, RAISEN ROAD",452493,23.240999,77.427018,Private-Self Financing,"Rajiv Gandhi Proudyogiki Vishwavidyalaya, Bhopal",Approved,Approved,A+,Yes,,Tier 2,http://www.lakshminarainscience.ac.in,info@lakshminarainscience.ac.in,admissions@lakshminarainscience.ac.in,placement@lakshminarainscience.ac.in,+91-80-046-1020,Other Engineering Branches,M.Tech,30,630,2006,Rural,Yes,No
1-44643158111,1-44643158111,U-0441,"IPS ACADEMY, INSTITUTE OF ENGINEERING & SCIENCE, INDORE (MP)",Active,Madhya Pradesh,Indore,Indore,"INSTITUTE OF ENGINEERING & SICENCE, IPS ACADEMY, RAJENDRA NAGAR A.B. ROAD INDORE 452012",452012,22.731802,75.856145,Private-Self Financing,"Rajiv Gandhi Proudyogiki Vishwavidyalaya, Bhopal",Approved,Approved,B++,No,,Tier 3,http://www.ipsacademyscience.ac.in,info@ipsacademyscience.ac.in,admissions@ipsacademyscience.ac.in,placement@ipsacademyscience.ac.in,+91-80-350-6422,Chemical Engineering,B.Tech,30,1557,2009,Urban,No,Yes
1-44643158111,1-44643158111,U-0441,"IPS ACADEMY, INSTITUTE OF ENGINEERING & SCIENCE, INDORE (MP)",Active,Madhya Pradesh,Indore,Indore,"INSTITUTE OF ENGINEERING & SICENCE, IPS ACADEMY, RAJENDRA NAGAR A.B. ROAD INDORE 452012",452012,22.731802,75.856145,Private-Self Financing,"Rajiv Gandhi Proudyogiki Vishwavidyalaya, Bhopal",Approved,Approved,B++,No,,Tier 3,http://www.ipsacademyscience.ac.in,info@ipsacademyscience.ac.in,admissions@ipsacademyscience.ac.in,placement@ipsacademyscience.ac.in,+91-80-350-6422,Electrical & Electronics Engineering (EEE),B.Tech,30,1557,2009,Urban,No,Yes
1-44643158111,1-44643158111,U-0441,"IPS ACADEMY, INSTITUTE OF ENGINEERING & SCIENCE, INDORE (MP)",Active,Madhya Pradesh,Indore,Indore,"INSTITUTE OF ENGINEERING & SICENCE, IPS ACADEMY, RAJENDRA NAGAR A.B. ROAD INDORE 452012",452012,22.731802,75.856145,Private-Self Financing,"Rajiv Gandhi Proudyogiki Vishwavidyalaya, Bhopal",Approved,Approved,B++,No,,Tier 3,http://www.ipsacademyscience.ac.in,info@ipsacademyscience.ac.in,admissions@ipsacademyscience.ac.in,placement@ipsacademyscience.ac.in,+91-80-350-6422,Computer Science Engineering (CSE),B.Tech,600,1557,2009,Urban,No,Yes
1-44643158111,1-44643158111,U-0441,"IPS ACADEMY, INSTITUTE OF ENGINEERING & SCIENCE, INDORE (MP)",Active,Madhya Pradesh,Indore,Indore,"INSTITUTE OF ENGINEERING & SICENCE, IPS ACADEMY, RAJENDRA NAGAR A.B. ROAD INDORE 452012",452012,22.731802,75.856145,Private-Self Financing,"Rajiv Gandhi Proudyogiki Vishwavidyalaya, Bhopal",Approved,Approved,B++,No,,Tier 3,http://www.ipsacademyscience.ac.in,info@ipsacademyscience.ac.in,admissions@ipsacademyscience.ac.in,placement@ipsacademyscience.ac.in,+91-80-350-6422,Civil Engineering,B.Tech,60,1557,2009,Urban,No,Yes
1-44643158111,1-44643158111,U-0441,"IPS ACADEMY, INSTITUTE OF ENGINEERING & SCIENCE, INDORE (MP)",Active,Madhya Pradesh,Indore,Indore,"INSTITUTE OF ENGINEERING & SICENCE, IPS ACADEMY, RAJENDRA NAGAR A.B. ROAD INDORE 452012",452012,22.731802,75.856145,Private-Self Financing,"Rajiv Gandhi Proudyogiki Vishwavidyalaya, Bhopal",Approved,Approved,B++,No,,Tier 3,http://www.ipsacademyscience.ac.in,info@ipsacademyscience.ac.in,admissions@ipsacademyscience.ac.in,placement@ipsacademyscience.ac.in,+91-80-350-6422,Electronics & Communication Engineering (ECE),B.Tech,60,1557,2009,Urban,No,Yes
1-44643158111,1-44643158111,U-0441,"IPS ACADEMY, INSTITUTE OF ENGINEERING & SCIENCE, INDORE (MP)",Active,Madhya Pradesh,Indore,Indore,"INSTITUTE OF ENGINEERING & SICENCE, IPS ACADEMY, RAJENDRA NAGAR A.B. ROAD INDORE 452012",452012,22.731802,75.856145,Private-Self Financing,"Rajiv Gandhi Proudyogiki Vishwavidyalaya, Bhopal",Approved,Approved,B++,No,,Tier 3,http://www.ipsacademyscience.ac.in,info@ipsacademyscience.ac.in,admissions@ipsacademyscience.ac.in,placement@ipsacademyscience.ac.in,+91-80-350-6422,Information Technology (IT),M.Tech,9,1557,2009,Urban,No,Yes
1-44643158111,1-44643158111,U-0441,"IPS ACADEMY, INSTITUTE OF ENGINEERING & SCIENCE, INDORE (MP)",Active,Madhya Pradesh,Indore,Indore,"INSTITUTE OF ENGINEERING & SICENCE, IPS ACADEMY, RAJENDRA NAGAR A.B. ROAD INDORE 452012",452012,22.731802,75.856145,Private-Self Financing,"Rajiv Gandhi Proudyogiki Vishwavidyalaya, Bhopal",Approved,Approved,B++,No,,Tier 3,http://www.ipsacademyscience.ac.in,info@ipsacademyscience.ac.in,admissions@ipsacademyscience.ac.in,placement@ipsacademyscience.ac.in,+91-80-350-6422,Other Engineering Branches,M.Tech,63,1557,2009,Urban,No,Yes
1-44643158111,1-44643158111,U-0441,"IPS ACADEMY, INSTITUTE OF ENGINEERING & SCIENCE, INDORE (MP)",Active,Madhya Pradesh,Indore,Indore,"INSTITUTE OF ENGINEERING & SICENCE, IPS ACADEMY, RAJENDRA NAGAR A.B. ROAD INDORE 452012",452012,22.731802,75.856145,Private-Self Financing,"Rajiv Gandhi Proudyogiki Vishwavidyalaya, Bhopal",Approved,Approved,B++,No,,Tier 3,http://www.ipsacademyscience.ac.in,info@ipsacademyscience.ac.in,admissions@ipsacademyscience.ac.in,placement@ipsacademyscience.ac.in,+91-80-350-6422,Chemical Engineering,M.Tech,9,1557,2009,Urban,No,Yes
1-44643158111,1-44643158111,U-0441,"IPS ACADEMY, INSTITUTE OF ENGINEERING & SCIENCE, INDORE (MP)",Active,Madhya Pradesh,Indore,Indore,"INSTITUTE OF ENGINEERING & SICENCE, IPS ACADEMY, RAJENDRA NAGAR A.B. ROAD INDORE 452012",452012,22.731802,75.856145,Private-Self Financing,"Rajiv Gandhi Proudyogiki Vishwavidyalaya, Bhopal",Approved,Approved,B++,No,,Tier 3,http://www.ipsacademyscience.ac.in,info@ipsacademyscience.ac.in,admissions@ipsacademyscience.ac.in,placement@ipsacademyscience.ac.in,+91-80-350-6422,Other Engineering Branches,B.Tech,120,1557,2009,Urban,No,Yes
1-44643158111,1-44643158111,U-0441,"IPS ACADEMY, INSTITUTE OF ENGINEERING & SCIENCE, INDORE (MP)",Active,Madhya Pradesh,Indore,Indore,"INSTITUTE OF ENGINEERING & SICENCE, IPS ACADEMY, RAJENDRA NAGAR A.B. ROAD INDORE 452012",452012,22.731802,75.856145,Private-Self Financing,"Rajiv Gandhi Proudyogiki Vishwavidyalaya, Bhopal",Approved,Approved,B++,No,,Tier 3,http://www.ipsacademyscience.ac.in,info@ipsacademyscience.ac.in,admissions@ipsacademyscience.ac.in,placement@ipsacademyscience.ac.in,+91-80-350-6422,Data Science,M.Tech,18,1557,2009,Urban,No,Yes
1-44643158111,1-44643158111,U-0441,"IPS ACADEMY, INSTITUTE OF ENGINEERING & SCIENCE, INDORE (MP)",Active,Madhya Pradesh,Indore,Indore,"INSTITUTE OF ENGINEERING & SICENCE, IPS ACADEMY, RAJENDRA NAGAR A.B. ROAD INDORE 452012",452012,22.731802,75.856145,Private-Self Financing,"Rajiv Gandhi Proudyogiki Vishwavidyalaya, Bhopal",Approved,Approved,B++,No,,Tier 3,http://www.ipsacademyscience.ac.in,info@ipsacademyscience.ac.in,admissions@ipsacademyscience.ac.in,placement@ipsacademyscience.ac.in,+91-80-350-6422,Mechanical Engineering,B.Tech,60,1557,2009,Urban,No,Yes
1-44643158111,1-44643158111,U-0441,"IPS ACADEMY, INSTITUTE OF ENGINEERING & SCIENCE, INDORE (MP)",Active,Madhya Pradesh,Indore,Indore,"INSTITUTE OF ENGINEERING & SICENCE, IPS ACADEMY, RAJENDRA NAGAR A.B. ROAD INDORE 452012",452012,22.731802,75.856145,Private-Self Financing,"Rajiv Gandhi Proudyogiki Vishwavidyalaya, Bhopal",Approved,Approved,B++,No,,Tier 3,http://www.ipsacademyscience.ac.in,info@ipsacademyscience.ac.in,admissions@ipsacademyscience.ac.in,placement@ipsacademyscience.ac.in,+91-80-350-6422,Data Science,B.Tech,120,1557,2009,Urban,No,Yes
1-44643158111,1-44643158111,U-0441,"IPS ACADEMY, INSTITUTE OF ENGINEERING & SCIENCE, INDORE (MP)",Active,Madhya Pradesh,Indore,Indore,"INSTITUTE OF ENGINEERING & SICENCE, IPS ACADEMY, RAJENDRA NAGAR A.B. ROAD INDORE 452012",452012,22.731802,75.856145,Private-Self Financing,"Rajiv Gandhi Proudyogiki Vishwavidyalaya, Bhopal",Approved,Approved,B++,No,,Tier 3,http://www.ipsacademyscience.ac.in,info@ipsacademyscience.ac.in,admissions@ipsacademyscience.ac.in,placement@ipsacademyscience.ac.in,+91-80-350-6422,IoT,B.Tech,60,1557,2009,Urban,No,Yes
1-44643158111,1-44643158111,U-0441,"IPS ACADEMY, INSTITUTE OF ENGINEERING & SCIENCE, INDORE (MP)",Active,Madhya Pradesh,Indore,Indore,"INSTITUTE OF ENGINEERING & SICENCE, IPS ACADEMY, RAJENDRA NAGAR A.B. ROAD INDORE 452012",452012,22.731802,75.856145,Private-Self Financing,"Rajiv Gandhi Proudyogiki Vishwavidyalaya, Bhopal",Approved,Approved,B++,No,,Tier 3,http://www.ipsacademyscience.ac.in,info@ipsacademyscience.ac.in,admissions@ipsacademyscience.ac.in,placement@ipsacademyscience.ac.in,+91-80-350-6422,Robotics,M.Tech,18,1557,2009,Urban,No,Yes
1-44643158111,1-44643158111,U-0441,"IPS ACADEMY, INSTITUTE OF ENGINEERING & SCIENCE, INDORE (MP)",Active,Madhya Pradesh,Indore,Indore,"INSTITUTE OF ENGINEERING & SICENCE, IPS ACADEMY, RAJENDRA NAGAR A.B. ROAD INDORE 452012",452012,22.731802,75.856145,Private-Self Financing,"Rajiv Gandhi Proudyogiki Vishwavidyalaya, Bhopal",Approved,Approved,B++,No,,Tier 3,http://www.ipsacademyscience.ac.in,info@ipsacademyscience.ac.in,admissions@ipsacademyscience.ac.in,placement@ipsacademyscience.ac.in,+91-80-350-6422,Artificial Intelligence & Machine Learning (AI & ML),B.Tech,240,1557,2009,Urban,No,Yes
1-44643158111,1-44643158111,U-0441,"IPS ACADEMY, INSTITUTE OF ENGINEERING & SCIENCE, INDORE (MP)",Active,Madhya Pradesh,Indore,Indore,"INSTITUTE OF ENGINEERING & SICENCE, IPS ACADEMY, RAJENDRA NAGAR A.B. ROAD INDORE 452012",452012,22.731802,75.856145,Private-Self Financing,"Rajiv Gandhi Proudyogiki Vishwavidyalaya, Bhopal",Approved,Approved,B++,No,,Tier 3,http://www.ipsacademyscience.ac.in,info@ipsacademyscience.ac.in,admissions@ipsacademyscience.ac.in,placement@ipsacademyscience.ac.in,+91-80-350-6422,Cyber Security,B.Tech,60,1557,2009,Urban,No,Yes
1-44643597072,1-44643597072,U-0441,"MAHAKAL INSTITUTE OF TECHNOLOGY,UJJAIN",Active,Madhya Pradesh,Ujjain,Ujjain,"BEHIND AIR STRIP,VILLAGE DATANA, KARCHA FANTA,DEWAS ROAD POST NARWAR, PIN CODE 456664",456664,23.17643,75.803097,Private-Self Financing,"Rajiv Gandhi Proudyogiki Vishwavidyalaya, Bhopal",Approved,Approved,Not Accredited,No,,Tier 3,http://www.mahakaltechnologyujjain.ac.in,info@mahakaltechnologyujjain.ac.in,admissions@mahakaltechnologyujjain.ac.in,placement@mahakaltechnologyujjain.ac.in,+91-80-856-9053,Civil Engineering,B.Tech,30,465,2008,Urban,Yes,Yes
1-44643597072,1-44643597072,U-0441,"MAHAKAL INSTITUTE OF TECHNOLOGY,UJJAIN",Active,Madhya Pradesh,Ujjain,Ujjain,"BEHIND AIR STRIP,VILLAGE DATANA, KARCHA FANTA,DEWAS ROAD POST NARWAR, PIN CODE 456664",456664,23.17643,75.803097,Private-Self Financing,"Rajiv Gandhi Proudyogiki Vishwavidyalaya, Bhopal",Approved,Approved,Not Accredited,No,,Tier 3,http://www.mahakaltechnologyujjain.ac.in,info@mahakaltechnologyujjain.ac.in,admissions@mahakaltechnologyujjain.ac.in,placement@mahakaltechnologyujjain.ac.in,+91-80-856-9053,Electrical & Electronics Engineering (EEE),B.Tech,30,465,2008,Urban,Yes,Yes
1-44643597072,1-44643597072,U-0441,"MAHAKAL INSTITUTE OF TECHNOLOGY,UJJAIN",Active,Madhya Pradesh,Ujjain,Ujjain,"BEHIND AIR STRIP,VILLAGE DATANA, KARCHA FANTA,DEWAS ROAD POST NARWAR, PIN CODE 456664",456664,23.17643,75.803097,Private-Self Financing,"Rajiv Gandhi Proudyogiki Vishwavidyalaya, Bhopal",Approved,Approved,Not Accredited,No,,Tier 3,http://www.mahakaltechnologyujjain.ac.in,info@mahakaltechnologyujjain.ac.in,admissions@mahakaltechnologyujjain.ac.in,placement@mahakaltechnologyujjain.ac.in,+91-80-856-9053,Electronics & Communication Engineering (ECE),B.Tech,30,465,2008,Urban,Yes,Yes
1-44643597072,1-44643597072,U-0441,"MAHAKAL INSTITUTE OF TECHNOLOGY,UJJAIN",Active,Madhya Pradesh,Ujjain,Ujjain,"BEHIND AIR STRIP,VILLAGE DATANA, KARCHA FANTA,DEWAS ROAD POST NARWAR, PIN CODE 456664",456664,23.17643,75.803097,Private-Self Financing,"Rajiv Gandhi Proudyogiki Vishwavidyalaya, Bhopal",Approved,Approved,Not Accredited,No,,Tier 3,http://www.mahakaltechnologyujjain.ac.in,info@mahakaltechnologyujjain.ac.in,admissions@mahakaltechnologyujjain.ac.in,placement@mahakaltechnologyujjain.ac.in,+91-80-856-9053,Information Technology (IT),B.Tech,30,465,2008,Urban,Yes,Yes
1-44643597072,1-44643597072,U-0441,"MAHAKAL INSTITUTE OF TECHNOLOGY,UJJAIN",Active,Madhya Pradesh,Ujjain,Ujjain,"BEHIND AIR STRIP,VILLAGE DATANA, KARCHA FANTA,DEWAS ROAD POST NARWAR, PIN CODE 456664",456664,23.17643,75.803097,Private-Self Financing,"Rajiv Gandhi Proudyogiki Vishwavidyalaya, Bhopal",Approved,Approved,Not Accredited,No,,Tier 3,http://www.mahakaltechnologyujjain.ac.in,info@mahakaltechnologyujjain.ac.in,admissions@mahakaltechnologyujjain.ac.in,placement@mahakaltechnologyujjain.ac.in,+91-80-856-9053,Mechanical Engineering,B.Tech,30,465,2008,Urban,Yes,Yes
1-44643597072,1-44643597072,U-0441,"MAHAKAL INSTITUTE OF TECHNOLOGY,UJJAIN",Active,Madhya Pradesh,Ujjain,Ujjain,"BEHIND AIR STRIP,VILLAGE DATANA, KARCHA FANTA,DEWAS ROAD POST NARWAR, PIN CODE 456664",456664,23.17643,75.803097,Private-Self Financing,"Rajiv Gandhi Proudyogiki Vishwavidyalaya, Bhopal",Approved,Approved,Not Accredited,No,,Tier 3,http://www.mahakaltechnologyujjain.ac.in,info@mahakaltechnologyujjain.ac.in,admissions@mahakaltechnologyujjain.ac.in,placement@mahakaltechnologyujjain.ac.in,+91-80-856-9053,Electronics & Communication Engineering (ECE),M.Tech,9,465,2008,Urban,Yes,Yes
1-44643597072,1-44643597072,U-0441,"MAHAKAL INSTITUTE OF TECHNOLOGY,UJJAIN",Active,Madhya Pradesh,Ujjain,Ujjain,"BEHIND AIR STRIP,VILLAGE DATANA, KARCHA FANTA,DEWAS ROAD POST NARWAR, PIN CODE 456664",456664,23.17643,75.803097,Private-Self Financing,"Rajiv Gandhi Proudyogiki Vishwavidyalaya, Bhopal",Approved,Approved,Not Accredited,No,,Tier 3,http://www.mahakaltechnologyujjain.ac.in,info@mahakaltechnologyujjain.ac.in,admissions@mahakaltechnologyujjain.ac.in,placement@mahakaltechnologyujjain.ac.in,+91-80-856-9053,Information Technology (IT),M.Tech,18,465,2008,Urban,Yes,Yes
1-44643597072,1-44643597072,U-0441,"MAHAKAL INSTITUTE OF TECHNOLOGY,UJJAIN",Active,Madhya Pradesh,Ujjain,Ujjain,"BEHIND AIR STRIP,VILLAGE DATANA, KARCHA FANTA,DEWAS ROAD POST NARWAR, PIN CODE 456664",456664,23.17643,75.803097,Private-Self Financing,"Rajiv Gandhi Proudyogiki Vishwavidyalaya, Bhopal",Approved,Approved,Not Accredited,No,,Tier 3,http://www.mahakaltechnologyujjain.ac.in,info@mahakaltechnologyujjain.ac.in,admissions@mahakaltechnologyujjain.ac.in,placement@mahakaltechnologyujjain.ac.in,+91-80-856-9053,Computer Science Engineering (CSE),B.Tech,180,465,2008,Urban,Yes,Yes
1-44643597072,1-44643597072,U-0441,"MAHAKAL INSTITUTE OF TECHNOLOGY,UJJAIN",Active,Madhya Pradesh,Ujjain,Ujjain,"BEHIND AIR STRIP,VILLAGE DATANA, KARCHA FANTA,DEWAS ROAD POST NARWAR, PIN CODE 456664",456664,23.17643,75.803097,Private-Self Financing,"Rajiv Gandhi Proudyogiki Vishwavidyalaya, Bhopal",Approved,Approved,Not Accredited,No,,Tier 3,http://www.mahakaltechnologyujjain.ac.in,info@mahakaltechnologyujjain.ac.in,admissions@mahakaltechnologyujjain.ac.in,placement@mahakaltechnologyujjain.ac.in,+91-80-856-9053,Mechanical Engineering,M.Tech,18,465,2008,Urban,Yes,Yes
1-44643597072,1-44643597072,U-0441,"MAHAKAL INSTITUTE OF TECHNOLOGY,UJJAIN",Active,Madhya Pradesh,Ujjain,Ujjain,"BEHIND AIR STRIP,VILLAGE DATANA, KARCHA FANTA,DEWAS ROAD POST NARWAR, PIN CODE 456664",456664,23.17643,75.803097,Private-Self Financing,"Rajiv Gandhi Proudyogiki Vishwavidyalaya, Bhopal",Approved,Approved,Not Accredited,No,,Tier 3,http://www.mahakaltechnologyujjain.ac.in,info@mahakaltechnologyujjain.ac.in,admissions@mahakaltechnologyujjain.ac.in,placement@mahakaltechnologyujjain.ac.in,+91-80-856-9053,Data Science,B.Tech,60,465,2008,Urban,Yes,Yes
1-44643597072,1-44643597072,U-0441,"MAHAKAL INSTITUTE OF TECHNOLOGY,UJJAIN",Active,Madhya Pradesh,Ujjain,Ujjain,"BEHIND AIR STRIP,VILLAGE DATANA, KARCHA FANTA,DEWAS ROAD POST NARWAR, PIN CODE 456664",456664,23.17643,75.803097,Private-Self Financing,"Rajiv Gandhi Proudyogiki Vishwavidyalaya, Bhopal",Approved,Approved,Not Accredited,No,,Tier 3,http://www.mahakaltechnologyujjain.ac.in,info@mahakaltechnologyujjain.ac.in,admissions@mahakaltechnologyujjain.ac.in,placement@mahakaltechnologyujjain.ac.in,+91-80-856-9053,Artificial Intelligence & Machine Learning (AI & ML),B.Tech,30,465,2008,Urban,Yes,Yes
1-44643597757,1-44643597757,U-0618,RKDF COLLEGE OF ENGINEERING,Active,Madhya Pradesh,Bhopal,Bhopal,"NH- 12 HOSHANGABAD ROAD  BEHIND VRINDAVAN GARDEN  JATKHEDI, BHOPAL",452493,23.24987,77.429581,Private-Self Financing,"Bhabha University, Bhopal",Approved,Approved,B,Yes,,Tier 3,http://www.rkdf.ac.in,info@rkdf.ac.in,admissions@rkdf.ac.in,placement@rkdf.ac.in,+91-80-418-1740,Other Engineering Branches,M.Tech,78,444,2011,Urban,No,Yes
1-44643597757,1-44643597757,U-0618,RKDF COLLEGE OF ENGINEERING,Active,Madhya Pradesh,Bhopal,Bhopal,"NH- 12 HOSHANGABAD ROAD  BEHIND VRINDAVAN GARDEN  JATKHEDI, BHOPAL",452493,23.24987,77.429581,Private-Self Financing,"Bhabha University, Bhopal",Approved,Approved,B,Yes,,Tier 3,http://www.rkdf.ac.in,info@rkdf.ac.in,admissions@rkdf.ac.in,placement@rkdf.ac.in,+91-80-418-1740,Computer Science Engineering (CSE),B.Tech,60,444,2011,Urban,No,Yes
1-44643597757,1-44643597757,U-0618,RKDF COLLEGE OF ENGINEERING,Active,Madhya Pradesh,Bhopal,Bhopal,"NH- 12 HOSHANGABAD ROAD  BEHIND VRINDAVAN GARDEN  JATKHEDI, BHOPAL",452493,23.24987,77.429581,Private-Self Financing,"Bhabha University, Bhopal",Approved,Approved,B,Yes,,Tier 3,http://www.rkdf.ac.in,info@rkdf.ac.in,admissions@rkdf.ac.in,placement@rkdf.ac.in,+91-80-418-1740,Information Technology (IT),B.Tech,30,444,2011,Urban,No,Yes
1-44643597757,1-44643597757,U-0618,RKDF COLLEGE OF ENGINEERING,Active,Madhya Pradesh,Bhopal,Bhopal,"NH- 12 HOSHANGABAD ROAD  BEHIND VRINDAVAN GARDEN  JATKHEDI, BHOPAL",452493,23.24987,77.429581,Private-Self Financing,"Bhabha University, Bhopal",Approved,Approved,B,Yes,,Tier 3,http://www.rkdf.ac.in,info@rkdf.ac.in,admissions@rkdf.ac.in,placement@rkdf.ac.in,+91-80-418-1740,Mechanical Engineering,B.Tech,60,444,2011,Urban,No,Yes
1-44643597757,1-44643597757,U-0618,RKDF COLLEGE OF ENGINEERING,Active,Madhya Pradesh,Bhopal,Bhopal,"NH- 12 HOSHANGABAD ROAD  BEHIND VRINDAVAN GARDEN  JATKHEDI, BHOPAL",452493,23.24987,77.429581,Private-Self Financing,"Bhabha University, Bhopal",Approved,Approved,B,Yes,,Tier 3,http://www.rkdf.ac.in,info@rkdf.ac.in,admissions@rkdf.ac.in,placement@rkdf.ac.in,+91-80-418-1740,Civil Engineering,B.Tech,60,444,2011,Urban,No,Yes
1-44643597757,1-44643597757,U-0618,RKDF COLLEGE OF ENGINEERING,Active,Madhya Pradesh,Bhopal,Bhopal,"NH- 12 HOSHANGABAD ROAD  BEHIND VRINDAVAN GARDEN  JATKHEDI, BHOPAL",452493,23.24987,77.429581,Private-Self Financing,"Bhabha University, Bhopal",Approved,Approved,B,Yes,,Tier 3,http://www.rkdf.ac.in,info@rkdf.ac.in,admissions@rkdf.ac.in,placement@rkdf.ac.in,+91-80-418-1740,Electrical & Electronics Engineering (EEE),B.Tech,60,444,2011,Urban,No,Yes
1-44643597757,1-44643597757,U-0618,RKDF COLLEGE OF ENGINEERING,Active,Madhya Pradesh,Bhopal,Bhopal,"NH- 12 HOSHANGABAD ROAD  BEHIND VRINDAVAN GARDEN  JATKHEDI, BHOPAL",452493,23.24987,77.429581,Private-Self Financing,"Bhabha University, Bhopal",Approved,Approved,B,Yes,,Tier 3,http://www.rkdf.ac.in,info@rkdf.ac.in,admissions@rkdf.ac.in,placement@rkdf.ac.in,+91-80-418-1740,Electronics & Communication Engineering (ECE),B.Tech,60,444,2011,Urban,No,Yes
1-44643597757,1-44643597757,U-0618,RKDF COLLEGE OF ENGINEERING,Active,Madhya Pradesh,Bhopal,Bhopal,"NH- 12 HOSHANGABAD ROAD  BEHIND VRINDAVAN GARDEN  JATKHEDI, BHOPAL",452493,23.24987,77.429581,Private-Self Financing,"Bhabha University, Bhopal",Approved,Approved,B,Yes,,Tier 3,http://www.rkdf.ac.in,info@rkdf.ac.in,admissions@rkdf.ac.in,placement@rkdf.ac.in,+91-80-418-1740,Information Technology (IT),M.Tech,18,444,2011,Urban,No,Yes
1-44643597757,1-44643597757,U-0618,RKDF COLLEGE OF ENGINEERING,Active,Madhya Pradesh,Bhopal,Bhopal,"NH- 12 HOSHANGABAD ROAD  BEHIND VRINDAVAN GARDEN  JATKHEDI, BHOPAL",452493,23.24987,77.429581,Private-Self Financing,"Bhabha University, Bhopal",Approved,Approved,B,Yes,,Tier 3,http://www.rkdf.ac.in,info@rkdf.ac.in,admissions@rkdf.ac.in,placement@rkdf.ac.in,+91-80-418-1740,Computer Science Engineering (CSE),M.Tech,18,444,2011,Urban,No,Yes
1-44643598953,1-44643598953,U-0169,RKDF INSTITUTE OF SCIENCE & TECHNOLOGY,Active,Madhya Pradesh,Bhopal,Bhopal,"NH-12, HOSHANGABAD ROAD MISROD ,BHOPAL",452493,23.244063,77.414736,Private-Self Financing,SARVEPALLI RADHAKRISHNAN UNIVERSITY,Approved,Approved,A,No,,Tier 3,http://www.rkdfscience.ac.in,info@rkdfscience.ac.in,admissions@rkdfscience.ac.in,placement@rkdfscience.ac.in,+91-80-174-6061,Mechanical Engineering,Diploma,120,1500,2019,Urban,No,Yes
1-44643598953,1-44643598953,U-0169,RKDF INSTITUTE OF SCIENCE & TECHNOLOGY,Active,Madhya Pradesh,Bhopal,Bhopal,"NH-12, HOSHANGABAD ROAD MISROD ,BHOPAL",452493,23.244063,77.414736,Private-Self Financing,SARVEPALLI RADHAKRISHNAN UNIVERSITY,Approved,Approved,A,No,,Tier 3,http://www.rkdfscience.ac.in,info@rkdfscience.ac.in,admissions@rkdfscience.ac.in,placement@rkdfscience.ac.in,+91-80-174-6061,Civil Engineering,Diploma,120,1500,2019,Urban,No,Yes
1-44643598953,1-44643598953,U-0169,RKDF INSTITUTE OF SCIENCE & TECHNOLOGY,Active,Madhya Pradesh,Bhopal,Bhopal,"NH-12, HOSHANGABAD ROAD MISROD ,BHOPAL",452493,23.244063,77.414736,Private-Self Financing,SARVEPALLI RADHAKRISHNAN UNIVERSITY,Approved,Approved,A,No,,Tier 3,http://www.rkdfscience.ac.in,info@rkdfscience.ac.in,admissions@rkdfscience.ac.in,placement@rkdfscience.ac.in,+91-80-174-6061,Computer Science Engineering (CSE),B.Tech,120,1500,2019,Urban,No,Yes
1-44643598953,1-44643598953,U-0169,RKDF INSTITUTE OF SCIENCE & TECHNOLOGY,Active,Madhya Pradesh,Bhopal,Bhopal,"NH-12, HOSHANGABAD ROAD MISROD ,BHOPAL",452493,23.244063,77.414736,Private-Self Financing,SARVEPALLI RADHAKRISHNAN UNIVERSITY,Approved,Approved,A,No,,Tier 3,http://www.rkdfscience.ac.in,info@rkdfscience.ac.in,admissions@rkdfscience.ac.in,placement@rkdfscience.ac.in,+91-80-174-6061,Electrical & Electronics Engineering (EEE),B.Tech,120,1500,2019,Urban,No,Yes
1-44643598953,1-44643598953,U-0169,RKDF INSTITUTE OF SCIENCE & TECHNOLOGY,Active,Madhya Pradesh,Bhopal,Bhopal,"NH-12, HOSHANGABAD ROAD MISROD ,BHOPAL",452493,23.244063,77.414736,Private-Self Financing,SARVEPALLI RADHAKRISHNAN UNIVERSITY,Approved,Approved,A,No,,Tier 3,http://www.rkdfscience.ac.in,info@rkdfscience.ac.in,admissions@rkdfscience.ac.in,placement@rkdfscience.ac.in,+91-80-174-6061,Electrical Engineering,B.Tech,120,1500,2019,Urban,No,Yes
1-44643598953,1-44643598953,U-0169,RKDF INSTITUTE OF SCIENCE & TECHNOLOGY,Active,Madhya Pradesh,Bhopal,Bhopal,"NH-12, HOSHANGABAD ROAD MISROD ,BHOPAL",452493,23.244063,77.414736,Private-Self Financing,SARVEPALLI RADHAKRISHNAN UNIVERSITY,Approved,Approved,A,No,,Tier 3,http://www.rkdfscience.ac.in,info@rkdfscience.ac.in,admissions@rkdfscience.ac.in,placement@rkdfscience.ac.in,+91-80-174-6061,Other Engineering Branches,B.Tech,120,1500,2019,Urban,No,Yes
1-44643598953,1-44643598953,U-0169,RKDF INSTITUTE OF SCIENCE & TECHNOLOGY,Active,Madhya Pradesh,Bhopal,Bhopal,"NH-12, HOSHANGABAD ROAD MISROD ,BHOPAL",452493,23.244063,77.414736,Private-Self Financing,SARVEPALLI RADHAKRISHNAN UNIVERSITY,Approved,Approved,A,No,,Tier 3,http://www.rkdfscience.ac.in,info@rkdfscience.ac.in,admissions@rkdfscience.ac.in,placement@rkdfscience.ac.in,+91-80-174-6061,Artificial Intelligence & Machine Learning (AI & ML),B.Tech,120,1500,2019,Urban,No,Yes
1-44643598953,1-44643598953,U-0169,RKDF INSTITUTE OF SCIENCE & TECHNOLOGY,Active,Madhya Pradesh,Bhopal,Bhopal,"NH-12, HOSHANGABAD ROAD MISROD ,BHOPAL",452493,23.244063,77.414736,Private-Self Financing,SARVEPALLI RADHAKRISHNAN UNIVERSITY,Approved,Approved,A,No,,Tier 3,http://www.rkdfscience.ac.in,info@rkdfscience.ac.in,admissions@rkdfscience.ac.in,placement@rkdfscience.ac.in,+91-80-174-6061,Mechanical Engineering,B.Tech,120,1500,2019,Urban,No,Yes
1-44643598953,1-44643598953,U-0169,RKDF INSTITUTE OF SCIENCE & TECHNOLOGY,Active,Madhya Pradesh,Bhopal,Bhopal,"NH-12, HOSHANGABAD ROAD MISROD ,BHOPAL",452493,23.244063,77.414736,Private-Self Financing,SARVEPALLI RADHAKRISHNAN UNIVERSITY,Approved,Approved,A,No,,Tier 3,http://www.rkdfscience.ac.in,info@rkdfscience.ac.in,admissions@rkdfscience.ac.in,placement@rkdfscience.ac.in,+91-80-174-6061,Computer Science Engineering (CSE),M.Tech,24,1500,2019,Urban,No,Yes
1-44643598953,1-44643598953,U-0169,RKDF INSTITUTE OF SCIENCE & TECHNOLOGY,Active,Madhya Pradesh,Bhopal,Bhopal,"NH-12, HOSHANGABAD ROAD MISROD ,BHOPAL",452493,23.244063,77.414736,Private-Self Financing,SARVEPALLI RADHAKRISHNAN UNIVERSITY,Approved,Approved,A,No,,Tier 3,http://www.rkdfscience.ac.in,info@rkdfscience.ac.in,admissions@rkdfscience.ac.in,placement@rkdfscience.ac.in,+91-80-174-6061,Information Technology (IT),M.Tech,36,1500,2019,Urban,No,Yes
1-44643598953,1-44643598953,U-0169,RKDF INSTITUTE OF SCIENCE & TECHNOLOGY,Active,Madhya Pradesh,Bhopal,Bhopal,"NH-12, HOSHANGABAD ROAD MISROD ,BHOPAL",452493,23.244063,77.414736,Private-Self Financing,SARVEPALLI RADHAKRISHNAN UNIVERSITY,Approved,Approved,A,No,,Tier 3,http://www.rkdfscience.ac.in,info@rkdfscience.ac.in,admissions@rkdfscience.ac.in,placement@rkdfscience.ac.in,+91-80-174-6061,Other Engineering Branches,M.Tech,102,1500,2019,Urban,No,Yes
1-44643598953,1-44643598953,U-0169,RKDF INSTITUTE OF SCIENCE & TECHNOLOGY,Active,Madhya Pradesh,Bhopal,Bhopal,"NH-12, HOSHANGABAD ROAD MISROD ,BHOPAL",452493,23.244063,77.414736,Private-Self Financing,SARVEPALLI RADHAKRISHNAN UNIVERSITY,Approved,Approved,A,No,,Tier 3,http://www.rkdfscience.ac.in,info@rkdfscience.ac.in,admissions@rkdfscience.ac.in,placement@rkdfscience.ac.in,+91-80-174-6061,Data Science,M.Tech,18,1500,2019,Urban,No,Yes
1-44643598953,1-44643598953,U-0169,RKDF INSTITUTE OF SCIENCE & TECHNOLOGY,Active,Madhya Pradesh,Bhopal,Bhopal,"NH-12, HOSHANGABAD ROAD MISROD ,BHOPAL",452493,23.244063,77.414736,Private-Self Financing,SARVEPALLI RADHAKRISHNAN UNIVERSITY,Approved,Approved,A,No,,Tier 3,http://www.rkdfscience.ac.in,info@rkdfscience.ac.in,admissions@rkdfscience.ac.in,placement@rkdfscience.ac.in,+91-80-174-6061,Civil Engineering,B.Tech,120,1500,2019,Urban,No,Yes
1-44643598953,1-44643598953,U-0169,RKDF INSTITUTE OF SCIENCE & TECHNOLOGY,Active,Madhya Pradesh,Bhopal,Bhopal,"NH-12, HOSHANGABAD ROAD MISROD ,BHOPAL",452493,23.244063,77.414736,Private-Self Financing,SARVEPALLI RADHAKRISHNAN UNIVERSITY,Approved,Approved,A,No,,Tier 3,http://www.rkdfscience.ac.in,info@rkdfscience.ac.in,admissions@rkdfscience.ac.in,placement@rkdfscience.ac.in,+91-80-174-6061,Electronics & Communication Engineering (ECE),B.Tech,120,1500,2019,Urban,No,Yes
1-44643598953,1-44643598953,U-0169,RKDF INSTITUTE OF SCIENCE & TECHNOLOGY,Active,Madhya Pradesh,Bhopal,Bhopal,"NH-12, HOSHANGABAD ROAD MISROD ,BHOPAL",452493,23.244063,77.414736,Private-Self Financing,SARVEPALLI RADHAKRISHNAN UNIVERSITY,Approved,Approved,A,No,,Tier 3,http://www.rkdfscience.ac.in,info@rkdfscience.ac.in,admissions@rkdfscience.ac.in,placement@rkdfscience.ac.in,+91-80-174-6061,Electrical Engineering,Diploma,60,1500,2019,Urban,No,Yes
1-44643598953,1-44643598953,U-0169,RKDF INSTITUTE OF SCIENCE & TECHNOLOGY,Active,Madhya Pradesh,Bhopal,Bhopal,"NH-12, HOSHANGABAD ROAD MISROD ,BHOPAL",452493,23.244063,77.414736,Private-Self Financing,SARVEPALLI RADHAKRISHNAN UNIVERSITY,Approved,Approved,A,No,,Tier 3,http://www.rkdfscience.ac.in,info@rkdfscience.ac.in,admissions@rkdfscience.ac.in,placement@rkdfscience.ac.in,+91-80-174-6061,Other Engineering Branches,Diploma,60,1500,2019,Urban,No,Yes
1-44643424973,1-44643424973,U-0441,SWAMI VIVEKANAND COLLEGE OF SCIENCE AND TECHNOLOGY BHOPAL,Active,Madhya Pradesh,Bhopal,Bhopal,BARKHERI KALA NEELBAD ROAD PO- SURAJ NAGAR BHOPAL,452493,23.256202,77.40721,Private-Self Financing,"Rajiv Gandhi Proudyogiki Vishwavidyalaya, Bhopal",Approved,Approved,A,No,,Tier 3,http://www.swamivivekanandscience.ac.in,info@swamivivekanandscience.ac.in,admissions@swamivivekanandscience.ac.in,placement@swamivivekanandscience.ac.in,+91-80-683-7341,Computer Science Engineering (CSE),B.Tech,30,159,2015,Urban,Yes,Yes
1-44643424973,1-44643424973,U-0441,SWAMI VIVEKANAND COLLEGE OF SCIENCE AND TECHNOLOGY BHOPAL,Active,Madhya Pradesh,Bhopal,Bhopal,BARKHERI KALA NEELBAD ROAD PO- SURAJ NAGAR BHOPAL,452493,23.256202,77.40721,Private-Self Financing,"Rajiv Gandhi Proudyogiki Vishwavidyalaya, Bhopal",Approved,Approved,A,No,,Tier 3,http://www.swamivivekanandscience.ac.in,info@swamivivekanandscience.ac.in,admissions@swamivivekanandscience.ac.in,placement@swamivivekanandscience.ac.in,+91-80-683-7341,Information Technology (IT),B.Tech,15,159,2015,Urban,Yes,Yes
1-44643424973,1-44643424973,U-0441,SWAMI VIVEKANAND COLLEGE OF SCIENCE AND TECHNOLOGY BHOPAL,Active,Madhya Pradesh,Bhopal,Bhopal,BARKHERI KALA NEELBAD ROAD PO- SURAJ NAGAR BHOPAL,452493,23.256202,77.40721,Private-Self Financing,"Rajiv Gandhi Proudyogiki Vishwavidyalaya, Bhopal",Approved,Approved,A,No,,Tier 3,http://www.swamivivekanandscience.ac.in,info@swamivivekanandscience.ac.in,admissions@swamivivekanandscience.ac.in,placement@swamivivekanandscience.ac.in,+91-80-683-7341,Electronics & Communication Engineering (ECE),B.Tech,30,159,2015,Urban,Yes,Yes
1-44643424973,1-44643424973,U-0441,SWAMI VIVEKANAND COLLEGE OF SCIENCE AND TECHNOLOGY BHOPAL,Active,Madhya Pradesh,Bhopal,Bhopal,BARKHERI KALA NEELBAD ROAD PO- SURAJ NAGAR BHOPAL,452493,23.256202,77.40721,Private-Self Financing,"Rajiv Gandhi Proudyogiki Vishwavidyalaya, Bhopal",Approved,Approved,A,No,,Tier 3,http://www.swamivivekanandscience.ac.in,info@swamivivekanandscience.ac.in,admissions@swamivivekanandscience.ac.in,placement@swamivivekanandscience.ac.in,+91-80-683-7341,Mechanical Engineering,B.Tech,30,159,2015,Urban,Yes,Yes
1-44643424973,1-44643424973,U-0441,SWAMI VIVEKANAND COLLEGE OF SCIENCE AND TECHNOLOGY BHOPAL,Active,Madhya Pradesh,Bhopal,Bhopal,BARKHERI KALA NEELBAD ROAD PO- SURAJ NAGAR BHOPAL,452493,23.256202,77.40721,Private-Self Financing,"Rajiv Gandhi Proudyogiki Vishwavidyalaya, Bhopal",Approved,Approved,A,No,,Tier 3,http://www.swamivivekanandscience.ac.in,info@swamivivekanandscience.ac.in,admissions@swamivivekanandscience.ac.in,placement@swamivivekanandscience.ac.in,+91-80-683-7341,Civil Engineering,B.Tech,30,159,2015,Urban,Yes,Yes
1-44643424973,1-44643424973,U-0441,SWAMI VIVEKANAND COLLEGE OF SCIENCE AND TECHNOLOGY BHOPAL,Active,Madhya Pradesh,Bhopal,Bhopal,BARKHERI KALA NEELBAD ROAD PO- SURAJ NAGAR BHOPAL,452493,23.256202,77.40721,Private-Self Financing,"Rajiv Gandhi Proudyogiki Vishwavidyalaya, Bhopal",Approved,Approved,A,No,,Tier 3,http://www.swamivivekanandscience.ac.in,info@swamivivekanandscience.ac.in,admissions@swamivivekanandscience.ac.in,placement@swamivivekanandscience.ac.in,+91-80-683-7341,Information Technology (IT),M.Tech,12,159,2015,Urban,Yes,Yes
1-44643424973,1-44643424973,U-0441,SWAMI VIVEKANAND COLLEGE OF SCIENCE AND TECHNOLOGY BHOPAL,Active,Madhya Pradesh,Bhopal,Bhopal,BARKHERI KALA NEELBAD ROAD PO- SURAJ NAGAR BHOPAL,452493,23.256202,77.40721,Private-Self Financing,"Rajiv Gandhi Proudyogiki Vishwavidyalaya, Bhopal",Approved,Approved,A,No,,Tier 3,http://www.swamivivekanandscience.ac.in,info@swamivivekanandscience.ac.in,admissions@swamivivekanandscience.ac.in,placement@swamivivekanandscience.ac.in,+91-80-683-7341,Computer Science Engineering (CSE),M.Tech,12,159,2015,Urban,Yes,Yes
1-44643512296,1-44643512296,U-0992,INSTITUTE OF PEOPLES SCIENCE AND TECHNOLOGY,Active,Madhya Pradesh,Satna,Satna,"P.O. CHITRAKOOT UNIVERSITY,CHITRAKOOT,DISTRICT SATNA (M.P.) 485780",485780,22.988297,78.664201,State Government University,NOT APPLICABLE,Approved,Approved,B,No,,Tier 3,http://www.peoplesscience.ac.in,info@peoplesscience.ac.in,admissions@peoplesscience.ac.in,placement@peoplesscience.ac.in,+91-80-463-6974,Agricultural Engineering,B.Tech,60,240,1984,Urban,Yes,Yes
1-44643512296,1-44643512296,U-0992,INSTITUTE OF PEOPLES SCIENCE AND TECHNOLOGY,Active,Madhya Pradesh,Satna,Satna,"P.O. CHITRAKOOT UNIVERSITY,CHITRAKOOT,DISTRICT SATNA (M.P.) 485780",485780,22.988297,78.664201,State Government University,NOT APPLICABLE,Approved,Approved,B,No,,Tier 3,http://www.peoplesscience.ac.in,info@peoplesscience.ac.in,admissions@peoplesscience.ac.in,placement@peoplesscience.ac.in,+91-80-463-6974,Other Engineering Branches,B.Tech,60,240,1984,Urban,Yes,Yes
1-44643512296,1-44643512296,U-0992,INSTITUTE OF PEOPLES SCIENCE AND TECHNOLOGY,Active,Madhya Pradesh,Satna,Satna,"P.O. CHITRAKOOT UNIVERSITY,CHITRAKOOT,DISTRICT SATNA (M.P.) 485780",485780,22.988297,78.664201,State Government University,NOT APPLICABLE,Approved,Approved,B,No,,Tier 3,http://www.peoplesscience.ac.in,info@peoplesscience.ac.in,admissions@peoplesscience.ac.in,placement@peoplesscience.ac.in,+91-80-463-6974,Information Technology (IT),B.Tech,60,240,1984,Urban,Yes,Yes
1-44643512296,1-44643512296,U-0992,INSTITUTE OF PEOPLES SCIENCE AND TECHNOLOGY,Active,Madhya Pradesh,Satna,Satna,"P.O. CHITRAKOOT UNIVERSITY,CHITRAKOOT,DISTRICT SATNA (M.P.) 485780",485780,22.988297,78.664201,State Government University,NOT APPLICABLE,Approved,Approved,B,No,,Tier 3,http://www.peoplesscience.ac.in,info@peoplesscience.ac.in,admissions@peoplesscience.ac.in,placement@peoplesscience.ac.in,+91-80-463-6974,Civil Engineering,B.Tech,60,240,1984,Urban,Yes,Yes
1-44643558679,1-44643558679,U-0441,MILLENNIUM INSTITUTE OF TECHNOLOGY AND SCIENCE,Active,Madhya Pradesh,Bhopal,Bhopal,"NATHU BARKHERA ROAD, NEAR NEELBAD BHOPAL",452493,23.245694,77.41976,Private-Self Financing,"Rajiv Gandhi Proudyogiki Vishwavidyalaya, Bhopal",Approved,Approved,A,No,,Tier 3,http://www.millenniumscience.ac.in,info@millenniumscience.ac.in,admissions@millenniumscience.ac.in,placement@millenniumscience.ac.in,+91-80-243-0381,Electrical & Electronics Engineering (EEE),Diploma,120,834,2014,Urban,Yes,Yes
1-44643558679,1-44643558679,U-0441,MILLENNIUM INSTITUTE OF TECHNOLOGY AND SCIENCE,Active,Madhya Pradesh,Bhopal,Bhopal,"NATHU BARKHERA ROAD, NEAR NEELBAD BHOPAL",452493,23.245694,77.41976,Private-Self Financing,"Rajiv Gandhi Proudyogiki Vishwavidyalaya, Bhopal",Approved,Approved,A,No,,Tier 3,http://www.millenniumscience.ac.in,info@millenniumscience.ac.in,admissions@millenniumscience.ac.in,placement@millenniumscience.ac.in,+91-80-243-0381,Mechanical Engineering,Diploma,60,834,2014,Urban,Yes,Yes
1-44643558679,1-44643558679,U-0441,MILLENNIUM INSTITUTE OF TECHNOLOGY AND SCIENCE,Active,Madhya Pradesh,Bhopal,Bhopal,"NATHU BARKHERA ROAD, NEAR NEELBAD BHOPAL",452493,23.245694,77.41976,Private-Self Financing,"Rajiv Gandhi Proudyogiki Vishwavidyalaya, Bhopal",Approved,Approved,A,No,,Tier 3,http://www.millenniumscience.ac.in,info@millenniumscience.ac.in,admissions@millenniumscience.ac.in,placement@millenniumscience.ac.in,+91-80-243-0381,Computer Science Engineering (CSE),B.Tech,120,834,2014,Urban,Yes,Yes
1-44643558679,1-44643558679,U-0441,MILLENNIUM INSTITUTE OF TECHNOLOGY AND SCIENCE,Active,Madhya Pradesh,Bhopal,Bhopal,"NATHU BARKHERA ROAD, NEAR NEELBAD BHOPAL",452493,23.245694,77.41976,Private-Self Financing,"Rajiv Gandhi Proudyogiki Vishwavidyalaya, Bhopal",Approved,Approved,A,No,,Tier 3,http://www.millenniumscience.ac.in,info@millenniumscience.ac.in,admissions@millenniumscience.ac.in,placement@millenniumscience.ac.in,+91-80-243-0381,Electrical & Electronics Engineering (EEE),B.Tech,90,834,2014,Urban,Yes,Yes
1-44643558679,1-44643558679,U-0441,MILLENNIUM INSTITUTE OF TECHNOLOGY AND SCIENCE,Active,Madhya Pradesh,Bhopal,Bhopal,"NATHU BARKHERA ROAD, NEAR NEELBAD BHOPAL",452493,23.245694,77.41976,Private-Self Financing,"Rajiv Gandhi Proudyogiki Vishwavidyalaya, Bhopal",Approved,Approved,A,No,,Tier 3,http://www.millenniumscience.ac.in,info@millenniumscience.ac.in,admissions@millenniumscience.ac.in,placement@millenniumscience.ac.in,+91-80-243-0381,Electronics & Communication Engineering (ECE),B.Tech,90,834,2014,Urban,Yes,Yes
1-44643558679,1-44643558679,U-0441,MILLENNIUM INSTITUTE OF TECHNOLOGY AND SCIENCE,Active,Madhya Pradesh,Bhopal,Bhopal,"NATHU BARKHERA ROAD, NEAR NEELBAD BHOPAL",452493,23.245694,77.41976,Private-Self Financing,"Rajiv Gandhi Proudyogiki Vishwavidyalaya, Bhopal",Approved,Approved,A,No,,Tier 3,http://www.millenniumscience.ac.in,info@millenniumscience.ac.in,admissions@millenniumscience.ac.in,placement@millenniumscience.ac.in,+91-80-243-0381,Civil Engineering,B.Tech,90,834,2014,Urban,Yes,Yes
1-44643558679,1-44643558679,U-0441,MILLENNIUM INSTITUTE OF TECHNOLOGY AND SCIENCE,Active,Madhya Pradesh,Bhopal,Bhopal,"NATHU BARKHERA ROAD, NEAR NEELBAD BHOPAL",452493,23.245694,77.41976,Private-Self Financing,"Rajiv Gandhi Proudyogiki Vishwavidyalaya, Bhopal",Approved,Approved,A,No,,Tier 3,http://www.millenniumscience.ac.in,info@millenniumscience.ac.in,admissions@millenniumscience.ac.in,placement@millenniumscience.ac.in,+91-80-243-0381,Mechanical Engineering,B.Tech,90,834,2014,Urban,Yes,Yes
1-44643558679,1-44643558679,U-0441,MILLENNIUM INSTITUTE OF TECHNOLOGY AND SCIENCE,Active,Madhya Pradesh,Bhopal,Bhopal,"NATHU BARKHERA ROAD, NEAR NEELBAD BHOPAL",452493,23.245694,77.41976,Private-Self Financing,"Rajiv Gandhi Proudyogiki Vishwavidyalaya, Bhopal",Approved,Approved,A,No,,Tier 3,http://www.millenniumscience.ac.in,info@millenniumscience.ac.in,admissions@millenniumscience.ac.in,placement@millenniumscience.ac.in,+91-80-243-0381,Computer Science Engineering (CSE),M.Tech,18,834,2014,Urban,Yes,Yes
1-44643558679,1-44643558679,U-0441,MILLENNIUM INSTITUTE OF TECHNOLOGY AND SCIENCE,Active,Madhya Pradesh,Bhopal,Bhopal,"NATHU BARKHERA ROAD, NEAR NEELBAD BHOPAL",452493,23.245694,77.41976,Private-Self Financing,"Rajiv Gandhi Proudyogiki Vishwavidyalaya, Bhopal",Approved,Approved,A,No,,Tier 3,http://www.millenniumscience.ac.in,info@millenniumscience.ac.in,admissions@millenniumscience.ac.in,placement@millenniumscience.ac.in,+91-80-243-0381,Information Technology (IT),M.Tech,18,834,2014,Urban,Yes,Yes
1-44643558679,1-44643558679,U-0441,MILLENNIUM INSTITUTE OF TECHNOLOGY AND SCIENCE,Active,Madhya Pradesh,Bhopal,Bhopal,"NATHU BARKHERA ROAD, NEAR NEELBAD BHOPAL",452493,23.245694,77.41976,Private-Self Financing,"Rajiv Gandhi Proudyogiki Vishwavidyalaya, Bhopal",Approved,Approved,A,No,,Tier 3,http://www.millenniumscience.ac.in,info@millenniumscience.ac.in,admissions@millenniumscience.ac.in,placement@millenniumscience.ac.in,+91-80-243-0381,Other Engineering Branches,M.Tech,48,834,2014,Urban,Yes,Yes
1-44643558679,1-44643558679,U-0441,MILLENNIUM INSTITUTE OF TECHNOLOGY AND SCIENCE,Active,Madhya Pradesh,Bhopal,Bhopal,"NATHU BARKHERA ROAD, NEAR NEELBAD BHOPAL",452493,23.245694,77.41976,Private-Self Financing,"Rajiv Gandhi Proudyogiki Vishwavidyalaya, Bhopal",Approved,Approved,A,No,,Tier 3,http://www.millenniumscience.ac.in,info@millenniumscience.ac.in,admissions@millenniumscience.ac.in,placement@millenniumscience.ac.in,+91-80-243-0381,Artificial Intelligence & Machine Learning (AI & ML),B.Tech,30,834,2014,Urban,Yes,Yes
1-44643558679,1-44643558679,U-0441,MILLENNIUM INSTITUTE OF TECHNOLOGY AND SCIENCE,Active,Madhya Pradesh,Bhopal,Bhopal,"NATHU BARKHERA ROAD, NEAR NEELBAD BHOPAL",452493,23.245694,77.41976,Private-Self Financing,"Rajiv Gandhi Proudyogiki Vishwavidyalaya, Bhopal",Approved,Approved,A,No,,Tier 3,http://www.millenniumscience.ac.in,info@millenniumscience.ac.in,admissions@millenniumscience.ac.in,placement@millenniumscience.ac.in,+91-80-243-0381,Information Technology (IT),Diploma,60,834,2014,Urban,Yes,Yes
1-44643258921,1-44643258921,U-0441,BM COLLEGE OF TECHNOLOGY,Active,Madhya Pradesh,Indore,Indore,"VILLAGE- GOKANYA, PO- KASTURBAGRAM KHANDAWA ROAD, INDORE",452012,22.732769,75.860809,Private-Self Financing,"Rajiv Gandhi Proudyogiki Vishwavidyalaya, Bhopal",Approved,Approved,A,No,,Tier 3,http://www.bm.ac.in,info@bm.ac.in,admissions@bm.ac.in,placement@bm.ac.in,+91-80-391-1955,Mechanical Engineering,Diploma,60,600,2022,Urban,Yes,No
1-44643258921,1-44643258921,U-0441,BM COLLEGE OF TECHNOLOGY,Active,Madhya Pradesh,Indore,Indore,"VILLAGE- GOKANYA, PO- KASTURBAGRAM KHANDAWA ROAD, INDORE",452012,22.732769,75.860809,Private-Self Financing,"Rajiv Gandhi Proudyogiki Vishwavidyalaya, Bhopal",Approved,Approved,A,No,,Tier 3,http://www.bm.ac.in,info@bm.ac.in,admissions@bm.ac.in,placement@bm.ac.in,+91-80-391-1955,Civil Engineering,Diploma,60,600,2022,Urban,Yes,No
1-44643258921,1-44643258921,U-0441,BM COLLEGE OF TECHNOLOGY,Active,Madhya Pradesh,Indore,Indore,"VILLAGE- GOKANYA, PO- KASTURBAGRAM KHANDAWA ROAD, INDORE",452012,22.732769,75.860809,Private-Self Financing,"Rajiv Gandhi Proudyogiki Vishwavidyalaya, Bhopal",Approved,Approved,A,No,,Tier 3,http://www.bm.ac.in,info@bm.ac.in,admissions@bm.ac.in,placement@bm.ac.in,+91-80-391-1955,Other Engineering Branches,M.Tech,54,600,2022,Urban,Yes,No
1-44643258921,1-44643258921,U-0441,BM COLLEGE OF TECHNOLOGY,Active,Madhya Pradesh,Indore,Indore,"VILLAGE- GOKANYA, PO- KASTURBAGRAM KHANDAWA ROAD, INDORE",452012,22.732769,75.860809,Private-Self Financing,"Rajiv Gandhi Proudyogiki Vishwavidyalaya, Bhopal",Approved,Approved,A,No,,Tier 3,http://www.bm.ac.in,info@bm.ac.in,admissions@bm.ac.in,placement@bm.ac.in,+91-80-391-1955,Mechanical Engineering,B.Tech,120,600,2022,Urban,Yes,No
1-44643258921,1-44643258921,U-0441,BM COLLEGE OF TECHNOLOGY,Active,Madhya Pradesh,Indore,Indore,"VILLAGE- GOKANYA, PO- KASTURBAGRAM KHANDAWA ROAD, INDORE",452012,22.732769,75.860809,Private-Self Financing,"Rajiv Gandhi Proudyogiki Vishwavidyalaya, Bhopal",Approved,Approved,A,No,,Tier 3,http://www.bm.ac.in,info@bm.ac.in,admissions@bm.ac.in,placement@bm.ac.in,+91-80-391-1955,Electronics & Communication Engineering (ECE),B.Tech,30,600,2022,Urban,Yes,No
1-44643258921,1-44643258921,U-0441,BM COLLEGE OF TECHNOLOGY,Active,Madhya Pradesh,Indore,Indore,"VILLAGE- GOKANYA, PO- KASTURBAGRAM KHANDAWA ROAD, INDORE",452012,22.732769,75.860809,Private-Self Financing,"Rajiv Gandhi Proudyogiki Vishwavidyalaya, Bhopal",Approved,Approved,A,No,,Tier 3,http://www.bm.ac.in,info@bm.ac.in,admissions@bm.ac.in,placement@bm.ac.in,+91-80-391-1955,Computer Science Engineering (CSE),B.Tech,120,600,2022,Urban,Yes,No
1-44643258921,1-44643258921,U-0441,BM COLLEGE OF TECHNOLOGY,Active,Madhya Pradesh,Indore,Indore,"VILLAGE- GOKANYA, PO- KASTURBAGRAM KHANDAWA ROAD, INDORE",452012,22.732769,75.860809,Private-Self Financing,"Rajiv Gandhi Proudyogiki Vishwavidyalaya, Bhopal",Approved,Approved,A,No,,Tier 3,http://www.bm.ac.in,info@bm.ac.in,admissions@bm.ac.in,placement@bm.ac.in,+91-80-391-1955,Information Technology (IT),B.Tech,30,600,2022,Urban,Yes,No
1-44643258921,1-44643258921,U-0441,BM COLLEGE OF TECHNOLOGY,Active,Madhya Pradesh,Indore,Indore,"VILLAGE- GOKANYA, PO- KASTURBAGRAM KHANDAWA ROAD, INDORE",452012,22.732769,75.860809,Private-Self Financing,"Rajiv Gandhi Proudyogiki Vishwavidyalaya, Bhopal",Approved,Approved,A,No,,Tier 3,http://www.bm.ac.in,info@bm.ac.in,admissions@bm.ac.in,placement@bm.ac.in,+91-80-391-1955,Civil Engineering,B.Tech,60,600,2022,Urban,Yes,No
1-44643258921,1-44643258921,U-0441,BM COLLEGE OF TECHNOLOGY,Active,Madhya Pradesh,Indore,Indore,"VILLAGE- GOKANYA, PO- KASTURBAGRAM KHANDAWA ROAD, INDORE",452012,22.732769,75.860809,Private-Self Financing,"Rajiv Gandhi Proudyogiki Vishwavidyalaya, Bhopal",Approved,Approved,A,No,,Tier 3,http://www.bm.ac.in,info@bm.ac.in,admissions@bm.ac.in,placement@bm.ac.in,+91-80-391-1955,Mechanical Engineering,M.Tech,18,600,2022,Urban,Yes,No
1-44643258921,1-44643258921,U-0441,BM COLLEGE OF TECHNOLOGY,Active,Madhya Pradesh,Indore,Indore,"VILLAGE- GOKANYA, PO- KASTURBAGRAM KHANDAWA ROAD, INDORE",452012,22.732769,75.860809,Private-Self Financing,"Rajiv Gandhi Proudyogiki Vishwavidyalaya, Bhopal",Approved,Approved,A,No,,Tier 3,http://www.bm.ac.in,info@bm.ac.in,admissions@bm.ac.in,placement@bm.ac.in,+91-80-391-1955,Computer Science Engineering (CSE),M.Tech,18,600,2022,Urban,Yes,No
1-44643258921,1-44643258921,U-0441,BM COLLEGE OF TECHNOLOGY,Active,Madhya Pradesh,Indore,Indore,"VILLAGE- GOKANYA, PO- KASTURBAGRAM KHANDAWA ROAD, INDORE",452012,22.732769,75.860809,Private-Self Financing,"Rajiv Gandhi Proudyogiki Vishwavidyalaya, Bhopal",Approved,Approved,A,No,,Tier 3,http://www.bm.ac.in,info@bm.ac.in,admissions@bm.ac.in,placement@bm.ac.in,+91-80-391-1955,Electrical & Electronics Engineering (EEE),B.Tech,30,600,2022,Urban,Yes,No
1-44643473062,1-44643473062,U-0441,VIKRANT INSTITUTE OF TECHNOLOGY & MANAGEMENT,Active,Madhya Pradesh,Indore,Indore,"BEHIND VETERINARY COLLAGE, GRAM-BORKHEDI, P.O.HARSOLA, TEH.-MHOW, DIST.INDORE (M.P.)",452012,22.704095,75.850914,Private-Self Financing,"Rajiv Gandhi Proudyogiki Vishwavidyalaya, Bhopal",Approved,Approved,B,Yes,,Tier 3,http://www.vikrantmanagement.ac.in,info@vikrantmanagement.ac.in,admissions@vikrantmanagement.ac.in,placement@vikrantmanagement.ac.in,+91-80-188-5268,Electrical & Electronics Engineering (EEE),Diploma,60,738,2010,Urban,Yes,Yes
1-44643473062,1-44643473062,U-0441,VIKRANT INSTITUTE OF TECHNOLOGY & MANAGEMENT,Active,Madhya Pradesh,Indore,Indore,"BEHIND VETERINARY COLLAGE, GRAM-BORKHEDI, P.O.HARSOLA, TEH.-MHOW, DIST.INDORE (M.P.)",452012,22.704095,75.850914,Private-Self Financing,"Rajiv Gandhi Proudyogiki Vishwavidyalaya, Bhopal",Approved,Approved,B,Yes,,Tier 3,http://www.vikrantmanagement.ac.in,info@vikrantmanagement.ac.in,admissions@vikrantmanagement.ac.in,placement@vikrantmanagement.ac.in,+91-80-188-5268,Other Engineering Branches,M.Tech,48,738,2010,Urban,Yes,Yes
1-44643473062,1-44643473062,U-0441,VIKRANT INSTITUTE OF TECHNOLOGY & MANAGEMENT,Active,Madhya Pradesh,Indore,Indore,"BEHIND VETERINARY COLLAGE, GRAM-BORKHEDI, P.O.HARSOLA, TEH.-MHOW, DIST.INDORE (M.P.)",452012,22.704095,75.850914,Private-Self Financing,"Rajiv Gandhi Proudyogiki Vishwavidyalaya, Bhopal",Approved,Approved,B,Yes,,Tier 3,http://www.vikrantmanagement.ac.in,info@vikrantmanagement.ac.in,admissions@vikrantmanagement.ac.in,placement@vikrantmanagement.ac.in,+91-80-188-5268,Mechanical Engineering,B.Tech,60,738,2010,Urban,Yes,Yes
1-44643473062,1-44643473062,U-0441,VIKRANT INSTITUTE OF TECHNOLOGY & MANAGEMENT,Active,Madhya Pradesh,Indore,Indore,"BEHIND VETERINARY COLLAGE, GRAM-BORKHEDI, P.O.HARSOLA, TEH.-MHOW, DIST.INDORE (M.P.)",452012,22.704095,75.850914,Private-Self Financing,"Rajiv Gandhi Proudyogiki Vishwavidyalaya, Bhopal",Approved,Approved,B,Yes,,Tier 3,http://www.vikrantmanagement.ac.in,info@vikrantmanagement.ac.in,admissions@vikrantmanagement.ac.in,placement@vikrantmanagement.ac.in,+91-80-188-5268,Civil Engineering,B.Tech,60,738,2010,Urban,Yes,Yes
1-44643473062,1-44643473062,U-0441,VIKRANT INSTITUTE OF TECHNOLOGY & MANAGEMENT,Active,Madhya Pradesh,Indore,Indore,"BEHIND VETERINARY COLLAGE, GRAM-BORKHEDI, P.O.HARSOLA, TEH.-MHOW, DIST.INDORE (M.P.)",452012,22.704095,75.850914,Private-Self Financing,"Rajiv Gandhi Proudyogiki Vishwavidyalaya, Bhopal",Approved,Approved,B,Yes,,Tier 3,http://www.vikrantmanagement.ac.in,info@vikrantmanagement.ac.in,admissions@vikrantmanagement.ac.in,placement@vikrantmanagement.ac.in,+91-80-188-5268,Electrical & Electronics Engineering (EEE),B.Tech,60,738,2010,Urban,Yes,Yes
1-44643473062,1-44643473062,U-0441,VIKRANT INSTITUTE OF TECHNOLOGY & MANAGEMENT,Active,Madhya Pradesh,Indore,Indore,"BEHIND VETERINARY COLLAGE, GRAM-BORKHEDI, P.O.HARSOLA, TEH.-MHOW, DIST.INDORE (M.P.)",452012,22.704095,75.850914,Private-Self Financing,"Rajiv Gandhi Proudyogiki Vishwavidyalaya, Bhopal",Approved,Approved,B,Yes,,Tier 3,http://www.vikrantmanagement.ac.in,info@vikrantmanagement.ac.in,admissions@vikrantmanagement.ac.in,placement@vikrantmanagement.ac.in,+91-80-188-5268,Electronics & Communication Engineering (ECE),B.Tech,30,738,2010,Urban,Yes,Yes
1-44643473062,1-44643473062,U-0441,VIKRANT INSTITUTE OF TECHNOLOGY & MANAGEMENT,Active,Madhya Pradesh,Indore,Indore,"BEHIND VETERINARY COLLAGE, GRAM-BORKHEDI, P.O.HARSOLA, TEH.-MHOW, DIST.INDORE (M.P.)",452012,22.704095,75.850914,Private-Self Financing,"Rajiv Gandhi Proudyogiki Vishwavidyalaya, Bhopal",Approved,Approved,B,Yes,,Tier 3,http://www.vikrantmanagement.ac.in,info@vikrantmanagement.ac.in,admissions@vikrantmanagement.ac.in,placement@vikrantmanagement.ac.in,+91-80-188-5268,Computer Science Engineering (CSE),B.Tech,90,738,2010,Urban,Yes,Yes
1-44643473062,1-44643473062,U-0441,VIKRANT INSTITUTE OF TECHNOLOGY & MANAGEMENT,Active,Madhya Pradesh,Indore,Indore,"BEHIND VETERINARY COLLAGE, GRAM-BORKHEDI, P.O.HARSOLA, TEH.-MHOW, DIST.INDORE (M.P.)",452012,22.704095,75.850914,Private-Self Financing,"Rajiv Gandhi Proudyogiki Vishwavidyalaya, Bhopal",Approved,Approved,B,Yes,,Tier 3,http://www.vikrantmanagement.ac.in,info@vikrantmanagement.ac.in,admissions@vikrantmanagement.ac.in,placement@vikrantmanagement.ac.in,+91-80-188-5268,Information Technology (IT),B.Tech,30,738,2010,Urban,Yes,Yes
1-44643473062,1-44643473062,U-0441,VIKRANT INSTITUTE OF TECHNOLOGY & MANAGEMENT,Active,Madhya Pradesh,Indore,Indore,"BEHIND VETERINARY COLLAGE, GRAM-BORKHEDI, P.O.HARSOLA, TEH.-MHOW, DIST.INDORE (M.P.)",452012,22.704095,75.850914,Private-Self Financing,"Rajiv Gandhi Proudyogiki Vishwavidyalaya, Bhopal",Approved,Approved,B,Yes,,Tier 3,http://www.vikrantmanagement.ac.in,info@vikrantmanagement.ac.in,admissions@vikrantmanagement.ac.in,placement@vikrantmanagement.ac.in,+91-80-188-5268,Computer Science Engineering (CSE),M.Tech,18,738,2010,Urban,Yes,Yes
1-44643473062,1-44643473062,U-0441,VIKRANT INSTITUTE OF TECHNOLOGY & MANAGEMENT,Active,Madhya Pradesh,Indore,Indore,"BEHIND VETERINARY COLLAGE, GRAM-BORKHEDI, P.O.HARSOLA, TEH.-MHOW, DIST.INDORE (M.P.)",452012,22.704095,75.850914,Private-Self Financing,"Rajiv Gandhi Proudyogiki Vishwavidyalaya, Bhopal",Approved,Approved,B,Yes,,Tier 3,http://www.vikrantmanagement.ac.in,info@vikrantmanagement.ac.in,admissions@vikrantmanagement.ac.in,placement@vikrantmanagement.ac.in,+91-80-188-5268,Electronics & Communication Engineering (ECE),M.Tech,18,738,2010,Urban,Yes,Yes
1-44643473062,1-44643473062,U-0441,VIKRANT INSTITUTE OF TECHNOLOGY & MANAGEMENT,Active,Madhya Pradesh,Indore,Indore,"BEHIND VETERINARY COLLAGE, GRAM-BORKHEDI, P.O.HARSOLA, TEH.-MHOW, DIST.INDORE (M.P.)",452012,22.704095,75.850914,Private-Self Financing,"Rajiv Gandhi Proudyogiki Vishwavidyalaya, Bhopal",Approved,Approved,B,Yes,,Tier 3,http://www.vikrantmanagement.ac.in,info@vikrantmanagement.ac.in,admissions@vikrantmanagement.ac.in,placement@vikrantmanagement.ac.in,+91-80-188-5268,Information Technology (IT),M.Tech,24,738,2010,Urban,Yes,Yes
1-44643473062,1-44643473062,U-0441,VIKRANT INSTITUTE OF TECHNOLOGY & MANAGEMENT,Active,Madhya Pradesh,Indore,Indore,"BEHIND VETERINARY COLLAGE, GRAM-BORKHEDI, P.O.HARSOLA, TEH.-MHOW, DIST.INDORE (M.P.)",452012,22.704095,75.850914,Private-Self Financing,"Rajiv Gandhi Proudyogiki Vishwavidyalaya, Bhopal",Approved,Approved,B,Yes,,Tier 3,http://www.vikrantmanagement.ac.in,info@vikrantmanagement.ac.in,admissions@vikrantmanagement.ac.in,placement@vikrantmanagement.ac.in,+91-80-188-5268,Civil Engineering,Diploma,60,738,2010,Urban,Yes,Yes
1-44643473062,1-44643473062,U-0441,VIKRANT INSTITUTE OF TECHNOLOGY & MANAGEMENT,Active,Madhya Pradesh,Indore,Indore,"BEHIND VETERINARY COLLAGE, GRAM-BORKHEDI, P.O.HARSOLA, TEH.-MHOW, DIST.INDORE (M.P.)",452012,22.704095,75.850914,Private-Self Financing,"Rajiv Gandhi Proudyogiki Vishwavidyalaya, Bhopal",Approved,Approved,B,Yes,,Tier 3,http://www.vikrantmanagement.ac.in,info@vikrantmanagement.ac.in,admissions@vikrantmanagement.ac.in,placement@vikrantmanagement.ac.in,+91-80-188-5268,Mechanical Engineering,Diploma,120,738,2010,Urban,Yes,Yes
1-44643473062,1-44643473062,U-0441,VIKRANT INSTITUTE OF TECHNOLOGY & MANAGEMENT,Active,Madhya Pradesh,Indore,Indore,"BEHIND VETERINARY COLLAGE, GRAM-BORKHEDI, P.O.HARSOLA, TEH.-MHOW, DIST.INDORE (M.P.)",452012,22.704095,75.850914,Private-Self Financing,"Rajiv Gandhi Proudyogiki Vishwavidyalaya, Bhopal",Approved,Approved,B,Yes,,Tier 3,http://www.vikrantmanagement.ac.in,info@vikrantmanagement.ac.in,admissions@vikrantmanagement.ac.in,placement@vikrantmanagement.ac.in,+91-80-188-5268,Other Engineering Branches,B.Tech,60,738,2010,Urban,Yes,Yes
1-44643515740,1-44643515740,U-0441,BANSAL INSTITUTE OF RESEARCH AND TECHNOLOGY,Active,Madhya Pradesh,Bhopal,Bhopal,"RAISEN ROAD, KOKTA, ANANDNAGAR, BHOPAL",452493,23.247546,77.418188,Private-Self Financing,"Rajiv Gandhi Proudyogiki Vishwavidyalaya, Bhopal",Approved,Approved,A,No,,Tier 3,http://www.bansalresearch.ac.in,info@bansalresearch.ac.in,admissions@bansalresearch.ac.in,placement@bansalresearch.ac.in,+91-80-320-7075,Mechanical Engineering,B.Tech,30,360,1988,Urban,Yes,Yes
1-44643515740,1-44643515740,U-0441,BANSAL INSTITUTE OF RESEARCH AND TECHNOLOGY,Active,Madhya Pradesh,Bhopal,Bhopal,"RAISEN ROAD, KOKTA, ANANDNAGAR, BHOPAL",452493,23.247546,77.418188,Private-Self Financing,"Rajiv Gandhi Proudyogiki Vishwavidyalaya, Bhopal",Approved,Approved,A,No,,Tier 3,http://www.bansalresearch.ac.in,info@bansalresearch.ac.in,admissions@bansalresearch.ac.in,placement@bansalresearch.ac.in,+91-80-320-7075,Computer Science Engineering (CSE),B.Tech,180,360,1988,Urban,Yes,Yes
1-44643515740,1-44643515740,U-0441,BANSAL INSTITUTE OF RESEARCH AND TECHNOLOGY,Active,Madhya Pradesh,Bhopal,Bhopal,"RAISEN ROAD, KOKTA, ANANDNAGAR, BHOPAL",452493,23.247546,77.418188,Private-Self Financing,"Rajiv Gandhi Proudyogiki Vishwavidyalaya, Bhopal",Approved,Approved,A,No,,Tier 3,http://www.bansalresearch.ac.in,info@bansalresearch.ac.in,admissions@bansalresearch.ac.in,placement@bansalresearch.ac.in,+91-80-320-7075,Civil Engineering,B.Tech,30,360,1988,Urban,Yes,Yes
1-44643515740,1-44643515740,U-0441,BANSAL INSTITUTE OF RESEARCH AND TECHNOLOGY,Active,Madhya Pradesh,Bhopal,Bhopal,"RAISEN ROAD, KOKTA, ANANDNAGAR, BHOPAL",452493,23.247546,77.418188,Private-Self Financing,"Rajiv Gandhi Proudyogiki Vishwavidyalaya, Bhopal",Approved,Approved,A,No,,Tier 3,http://www.bansalresearch.ac.in,info@bansalresearch.ac.in,admissions@bansalresearch.ac.in,placement@bansalresearch.ac.in,+91-80-320-7075,Electrical & Electronics Engineering (EEE),B.Tech,30,360,1988,Urban,Yes,Yes
1-44643515740,1-44643515740,U-0441,BANSAL INSTITUTE OF RESEARCH AND TECHNOLOGY,Active,Madhya Pradesh,Bhopal,Bhopal,"RAISEN ROAD, KOKTA, ANANDNAGAR, BHOPAL",452493,23.247546,77.418188,Private-Self Financing,"Rajiv Gandhi Proudyogiki Vishwavidyalaya, Bhopal",Approved,Approved,A,No,,Tier 3,http://www.bansalresearch.ac.in,info@bansalresearch.ac.in,admissions@bansalresearch.ac.in,placement@bansalresearch.ac.in,+91-80-320-7075,Electronics & Communication Engineering (ECE),B.Tech,30,360,1988,Urban,Yes,Yes
1-44643515740,1-44643515740,U-0441,BANSAL INSTITUTE OF RESEARCH AND TECHNOLOGY,Active,Madhya Pradesh,Bhopal,Bhopal,"RAISEN ROAD, KOKTA, ANANDNAGAR, BHOPAL",452493,23.247546,77.418188,Private-Self Financing,"Rajiv Gandhi Proudyogiki Vishwavidyalaya, Bhopal",Approved,Approved,A,No,,Tier 3,http://www.bansalresearch.ac.in,info@bansalresearch.ac.in,admissions@bansalresearch.ac.in,placement@bansalresearch.ac.in,+91-80-320-7075,Data Science,B.Tech,60,360,1988,Urban,Yes,Yes
1-44643170458,1-44643170458,U-0441,ACROPOLIS INSTITUTE OF TECHNOLOGY AND RESEARCH,Active,Madhya Pradesh,Indore,Indore,"ACROPOLIS INSTITUTE OF TECHNOLOGY AND RESEARCH  MANGLIYA SQUARE ,BYPASS ROAD  INDORE 453771",453771,22.715475,75.83881,Private-Self Financing,"Rajiv Gandhi Proudyogiki Vishwavidyalaya, Bhopal",Approved,Approved,A,No,,Tier 3,http://www.acropolisresearch.ac.in,info@acropolisresearch.ac.in,admissions@acropolisresearch.ac.in,placement@acropolisresearch.ac.in,+91-80-665-8311,Civil Engineering,B.Tech,60,1116,2014,Urban,Yes,Yes
1-44643170458,1-44643170458,U-0441,ACROPOLIS INSTITUTE OF TECHNOLOGY AND RESEARCH,Active,Madhya Pradesh,Indore,Indore,"ACROPOLIS INSTITUTE OF TECHNOLOGY AND RESEARCH  MANGLIYA SQUARE ,BYPASS ROAD  INDORE 453771",453771,22.715475,75.83881,Private-Self Financing,"Rajiv Gandhi Proudyogiki Vishwavidyalaya, Bhopal",Approved,Approved,A,No,,Tier 3,http://www.acropolisresearch.ac.in,info@acropolisresearch.ac.in,admissions@acropolisresearch.ac.in,placement@acropolisresearch.ac.in,+91-80-665-8311,Information Technology (IT),B.Tech,120,1116,2014,Urban,Yes,Yes
1-44643170458,1-44643170458,U-0441,ACROPOLIS INSTITUTE OF TECHNOLOGY AND RESEARCH,Active,Madhya Pradesh,Indore,Indore,"ACROPOLIS INSTITUTE OF TECHNOLOGY AND RESEARCH  MANGLIYA SQUARE ,BYPASS ROAD  INDORE 453771",453771,22.715475,75.83881,Private-Self Financing,"Rajiv Gandhi Proudyogiki Vishwavidyalaya, Bhopal",Approved,Approved,A,No,,Tier 3,http://www.acropolisresearch.ac.in,info@acropolisresearch.ac.in,admissions@acropolisresearch.ac.in,placement@acropolisresearch.ac.in,+91-80-665-8311,Computer Science Engineering (CSE),B.Tech,420,1116,2014,Urban,Yes,Yes
1-44643170458,1-44643170458,U-0441,ACROPOLIS INSTITUTE OF TECHNOLOGY AND RESEARCH,Active,Madhya Pradesh,Indore,Indore,"ACROPOLIS INSTITUTE OF TECHNOLOGY AND RESEARCH  MANGLIYA SQUARE ,BYPASS ROAD  INDORE 453771",453771,22.715475,75.83881,Private-Self Financing,"Rajiv Gandhi Proudyogiki Vishwavidyalaya, Bhopal",Approved,Approved,A,No,,Tier 3,http://www.acropolisresearch.ac.in,info@acropolisresearch.ac.in,admissions@acropolisresearch.ac.in,placement@acropolisresearch.ac.in,+91-80-665-8311,Electronics & Communication Engineering (ECE),B.Tech,120,1116,2014,Urban,Yes,Yes
1-44643170458,1-44643170458,U-0441,ACROPOLIS INSTITUTE OF TECHNOLOGY AND RESEARCH,Active,Madhya Pradesh,Indore,Indore,"ACROPOLIS INSTITUTE OF TECHNOLOGY AND RESEARCH  MANGLIYA SQUARE ,BYPASS ROAD  INDORE 453771",453771,22.715475,75.83881,Private-Self Financing,"Rajiv Gandhi Proudyogiki Vishwavidyalaya, Bhopal",Approved,Approved,A,No,,Tier 3,http://www.acropolisresearch.ac.in,info@acropolisresearch.ac.in,admissions@acropolisresearch.ac.in,placement@acropolisresearch.ac.in,+91-80-665-8311,Mechanical Engineering,B.Tech,60,1116,2014,Urban,Yes,Yes
1-44643170458,1-44643170458,U-0441,ACROPOLIS INSTITUTE OF TECHNOLOGY AND RESEARCH,Active,Madhya Pradesh,Indore,Indore,"ACROPOLIS INSTITUTE OF TECHNOLOGY AND RESEARCH  MANGLIYA SQUARE ,BYPASS ROAD  INDORE 453771",453771,22.715475,75.83881,Private-Self Financing,"Rajiv Gandhi Proudyogiki Vishwavidyalaya, Bhopal",Approved,Approved,A,No,,Tier 3,http://www.acropolisresearch.ac.in,info@acropolisresearch.ac.in,admissions@acropolisresearch.ac.in,placement@acropolisresearch.ac.in,+91-80-665-8311,Data Science,M.Tech,18,1116,2014,Urban,Yes,Yes
1-44643170458,1-44643170458,U-0441,ACROPOLIS INSTITUTE OF TECHNOLOGY AND RESEARCH,Active,Madhya Pradesh,Indore,Indore,"ACROPOLIS INSTITUTE OF TECHNOLOGY AND RESEARCH  MANGLIYA SQUARE ,BYPASS ROAD  INDORE 453771",453771,22.715475,75.83881,Private-Self Financing,"Rajiv Gandhi Proudyogiki Vishwavidyalaya, Bhopal",Approved,Approved,A,No,,Tier 3,http://www.acropolisresearch.ac.in,info@acropolisresearch.ac.in,admissions@acropolisresearch.ac.in,placement@acropolisresearch.ac.in,+91-80-665-8311,IoT,M.Tech,18,1116,2014,Urban,Yes,Yes
1-44643170458,1-44643170458,U-0441,ACROPOLIS INSTITUTE OF TECHNOLOGY AND RESEARCH,Active,Madhya Pradesh,Indore,Indore,"ACROPOLIS INSTITUTE OF TECHNOLOGY AND RESEARCH  MANGLIYA SQUARE ,BYPASS ROAD  INDORE 453771",453771,22.715475,75.83881,Private-Self Financing,"Rajiv Gandhi Proudyogiki Vishwavidyalaya, Bhopal",Approved,Approved,A,No,,Tier 3,http://www.acropolisresearch.ac.in,info@acropolisresearch.ac.in,admissions@acropolisresearch.ac.in,placement@acropolisresearch.ac.in,+91-80-665-8311,Artificial Intelligence & Machine Learning (AI & ML),B.Tech,120,1116,2014,Urban,Yes,Yes
1-44643170458,1-44643170458,U-0441,ACROPOLIS INSTITUTE OF TECHNOLOGY AND RESEARCH,Active,Madhya Pradesh,Indore,Indore,"ACROPOLIS INSTITUTE OF TECHNOLOGY AND RESEARCH  MANGLIYA SQUARE ,BYPASS ROAD  INDORE 453771",453771,22.715475,75.83881,Private-Self Financing,"Rajiv Gandhi Proudyogiki Vishwavidyalaya, Bhopal",Approved,Approved,A,No,,Tier 3,http://www.acropolisresearch.ac.in,info@acropolisresearch.ac.in,admissions@acropolisresearch.ac.in,placement@acropolisresearch.ac.in,+91-80-665-8311,Data Science,B.Tech,60,1116,2014,Urban,Yes,Yes
1-44643170458,1-44643170458,U-0441,ACROPOLIS INSTITUTE OF TECHNOLOGY AND RESEARCH,Active,Madhya Pradesh,Indore,Indore,"ACROPOLIS INSTITUTE OF TECHNOLOGY AND RESEARCH  MANGLIYA SQUARE ,BYPASS ROAD  INDORE 453771",453771,22.715475,75.83881,Private-Self Financing,"Rajiv Gandhi Proudyogiki Vishwavidyalaya, Bhopal",Approved,Approved,A,No,,Tier 3,http://www.acropolisresearch.ac.in,info@acropolisresearch.ac.in,admissions@acropolisresearch.ac.in,placement@acropolisresearch.ac.in,+91-80-665-8311,Cyber Security,B.Tech,60,1116,2014,Urban,Yes,Yes
1-44643170458,1-44643170458,U-0441,ACROPOLIS INSTITUTE OF TECHNOLOGY AND RESEARCH,Active,Madhya Pradesh,Indore,Indore,"ACROPOLIS INSTITUTE OF TECHNOLOGY AND RESEARCH  MANGLIYA SQUARE ,BYPASS ROAD  INDORE 453771",453771,22.715475,75.83881,Private-Self Financing,"Rajiv Gandhi Proudyogiki Vishwavidyalaya, Bhopal",Approved,Approved,A,No,,Tier 3,http://www.acropolisresearch.ac.in,info@acropolisresearch.ac.in,admissions@acropolisresearch.ac.in,placement@acropolisresearch.ac.in,+91-80-665-8311,Other Engineering Branches,B.Tech,60,1116,2014,Urban,Yes,Yes
1-44643517446,1-44643517446,U-0441,ASTRAL INSTITUTE OF TECHNOLOGY AND RESEARCH,Active,Madhya Pradesh,Indore,Indore,KAILOD KARTAL  BYPASS ROAD,452012,22.723243,75.863565,Private-Self Financing,"Rajiv Gandhi Proudyogiki Vishwavidyalaya, Bhopal",Approved,Approved,B+,No,,Tier 3,http://www.astralresearch.ac.in,info@astralresearch.ac.in,admissions@astralresearch.ac.in,placement@astralresearch.ac.in,+91-80-991-6581,Mechanical Engineering,Diploma,60,486,1993,Rural,No,Yes
1-44643517446,1-44643517446,U-0441,ASTRAL INSTITUTE OF TECHNOLOGY AND RESEARCH,Active,Madhya Pradesh,Indore,Indore,KAILOD KARTAL  BYPASS ROAD,452012,22.723243,75.863565,Private-Self Financing,"Rajiv Gandhi Proudyogiki Vishwavidyalaya, Bhopal",Approved,Approved,B+,No,,Tier 3,http://www.astralresearch.ac.in,info@astralresearch.ac.in,admissions@astralresearch.ac.in,placement@astralresearch.ac.in,+91-80-991-6581,Civil Engineering,Diploma,60,486,1993,Rural,No,Yes
1-44643517446,1-44643517446,U-0441,ASTRAL INSTITUTE OF TECHNOLOGY AND RESEARCH,Active,Madhya Pradesh,Indore,Indore,KAILOD KARTAL  BYPASS ROAD,452012,22.723243,75.863565,Private-Self Financing,"Rajiv Gandhi Proudyogiki Vishwavidyalaya, Bhopal",Approved,Approved,B+,No,,Tier 3,http://www.astralresearch.ac.in,info@astralresearch.ac.in,admissions@astralresearch.ac.in,placement@astralresearch.ac.in,+91-80-991-6581,Information Technology (IT),B.Tech,30,486,1993,Rural,No,Yes
1-44643517446,1-44643517446,U-0441,ASTRAL INSTITUTE OF TECHNOLOGY AND RESEARCH,Active,Madhya Pradesh,Indore,Indore,KAILOD KARTAL  BYPASS ROAD,452012,22.723243,75.863565,Private-Self Financing,"Rajiv Gandhi Proudyogiki Vishwavidyalaya, Bhopal",Approved,Approved,B+,No,,Tier 3,http://www.astralresearch.ac.in,info@astralresearch.ac.in,admissions@astralresearch.ac.in,placement@astralresearch.ac.in,+91-80-991-6581,Electronics & Communication Engineering (ECE),B.Tech,60,486,1993,Rural,No,Yes
1-44643517446,1-44643517446,U-0441,ASTRAL INSTITUTE OF TECHNOLOGY AND RESEARCH,Active,Madhya Pradesh,Indore,Indore,KAILOD KARTAL  BYPASS ROAD,452012,22.723243,75.863565,Private-Self Financing,"Rajiv Gandhi Proudyogiki Vishwavidyalaya, Bhopal",Approved,Approved,B+,No,,Tier 3,http://www.astralresearch.ac.in,info@astralresearch.ac.in,admissions@astralresearch.ac.in,placement@astralresearch.ac.in,+91-80-991-6581,Mechanical Engineering,B.Tech,60,486,1993,Rural,No,Yes
1-44643517446,1-44643517446,U-0441,ASTRAL INSTITUTE OF TECHNOLOGY AND RESEARCH,Active,Madhya Pradesh,Indore,Indore,KAILOD KARTAL  BYPASS ROAD,452012,22.723243,75.863565,Private-Self Financing,"Rajiv Gandhi Proudyogiki Vishwavidyalaya, Bhopal",Approved,Approved,B+,No,,Tier 3,http://www.astralresearch.ac.in,info@astralresearch.ac.in,admissions@astralresearch.ac.in,placement@astralresearch.ac.in,+91-80-991-6581,Civil Engineering,B.Tech,60,486,1993,Rural,No,Yes
1-44643517446,1-44643517446,U-0441,ASTRAL INSTITUTE OF TECHNOLOGY AND RESEARCH,Active,Madhya Pradesh,Indore,Indore,KAILOD KARTAL  BYPASS ROAD,452012,22.723243,75.863565,Private-Self Financing,"Rajiv Gandhi Proudyogiki Vishwavidyalaya, Bhopal",Approved,Approved,B+,No,,Tier 3,http://www.astralresearch.ac.in,info@astralresearch.ac.in,admissions@astralresearch.ac.in,placement@astralresearch.ac.in,+91-80-991-6581,Computer Science Engineering (CSE),B.Tech,120,486,1993,Rural,No,Yes
1-44643517446,1-44643517446,U-0441,ASTRAL INSTITUTE OF TECHNOLOGY AND RESEARCH,Active,Madhya Pradesh,Indore,Indore,KAILOD KARTAL  BYPASS ROAD,452012,22.723243,75.863565,Private-Self Financing,"Rajiv Gandhi Proudyogiki Vishwavidyalaya, Bhopal",Approved,Approved,B+,No,,Tier 3,http://www.astralresearch.ac.in,info@astralresearch.ac.in,admissions@astralresearch.ac.in,placement@astralresearch.ac.in,+91-80-991-6581,Computer Science Engineering (CSE),M.Tech,18,486,1993,Rural,No,Yes
1-44643517446,1-44643517446,U-0441,ASTRAL INSTITUTE OF TECHNOLOGY AND RESEARCH,Active,Madhya Pradesh,Indore,Indore,KAILOD KARTAL  BYPASS ROAD,452012,22.723243,75.863565,Private-Self Financing,"Rajiv Gandhi Proudyogiki Vishwavidyalaya, Bhopal",Approved,Approved,B+,No,,Tier 3,http://www.astralresearch.ac.in,info@astralresearch.ac.in,admissions@astralresearch.ac.in,placement@astralresearch.ac.in,+91-80-991-6581,Mechanical Engineering,M.Tech,18,486,1993,Rural,No,Yes
1-44643741031,1-44643741031,U-0441,SAMRAT ASHOK TECHNOLOGICAL INSTITUTE,Active,Madhya Pradesh,Vidisha,Vidisha,"CIVIL LINES, NETAJI SUBHASH MARG",452245,22.985969,78.675387,Govt aided,"Rajiv Gandhi Proudyogiki Vishwavidyalaya, Bhopal",Approved,Approved,B,No,,Tier 3,http://www.samratashoktechnological.ac.in,info@samratashoktechnological.ac.in,admissions@samratashoktechnological.ac.in,placement@samratashoktechnological.ac.in,+91-80-366-0662,Electrical Engineering,B.Tech,60,852,2004,Urban,Yes,Yes
1-44643741031,1-44643741031,U-0441,SAMRAT ASHOK TECHNOLOGICAL INSTITUTE,Active,Madhya Pradesh,Vidisha,Vidisha,"CIVIL LINES, NETAJI SUBHASH MARG",452245,22.985969,78.675387,Govt aided,"Rajiv Gandhi Proudyogiki Vishwavidyalaya, Bhopal",Approved,Approved,B,No,,Tier 3,http://www.samratashoktechnological.ac.in,info@samratashoktechnological.ac.in,admissions@samratashoktechnological.ac.in,placement@samratashoktechnological.ac.in,+91-80-366-0662,Computer Science Engineering (CSE),B.Tech,180,852,2004,Urban,Yes,Yes
1-44643741031,1-44643741031,U-0441,SAMRAT ASHOK TECHNOLOGICAL INSTITUTE,Active,Madhya Pradesh,Vidisha,Vidisha,"CIVIL LINES, NETAJI SUBHASH MARG",452245,22.985969,78.675387,Govt aided,"Rajiv Gandhi Proudyogiki Vishwavidyalaya, Bhopal",Approved,Approved,B,No,,Tier 3,http://www.samratashoktechnological.ac.in,info@samratashoktechnological.ac.in,admissions@samratashoktechnological.ac.in,placement@samratashoktechnological.ac.in,+91-80-366-0662,Electronics & Communication Engineering (ECE),B.Tech,60,852,2004,Urban,Yes,Yes
1-44643741031,1-44643741031,U-0441,SAMRAT ASHOK TECHNOLOGICAL INSTITUTE,Active,Madhya Pradesh,Vidisha,Vidisha,"CIVIL LINES, NETAJI SUBHASH MARG",452245,22.985969,78.675387,Govt aided,"Rajiv Gandhi Proudyogiki Vishwavidyalaya, Bhopal",Approved,Approved,B,No,,Tier 3,http://www.samratashoktechnological.ac.in,info@samratashoktechnological.ac.in,admissions@samratashoktechnological.ac.in,placement@samratashoktechnological.ac.in,+91-80-366-0662,Computer Science Engineering (CSE),M.Tech,18,852,2004,Urban,Yes,Yes
1-44643741031,1-44643741031,U-0441,SAMRAT ASHOK TECHNOLOGICAL INSTITUTE,Active,Madhya Pradesh,Vidisha,Vidisha,"CIVIL LINES, NETAJI SUBHASH MARG",452245,22.985969,78.675387,Govt aided,"Rajiv Gandhi Proudyogiki Vishwavidyalaya, Bhopal",Approved,Approved,B,No,,Tier 3,http://www.samratashoktechnological.ac.in,info@samratashoktechnological.ac.in,admissions@samratashoktechnological.ac.in,placement@samratashoktechnological.ac.in,+91-80-366-0662,Other Engineering Branches,M.Tech,54,852,2004,Urban,Yes,Yes
1-44643741031,1-44643741031,U-0441,SAMRAT ASHOK TECHNOLOGICAL INSTITUTE,Active,Madhya Pradesh,Vidisha,Vidisha,"CIVIL LINES, NETAJI SUBHASH MARG",452245,22.985969,78.675387,Govt aided,"Rajiv Gandhi Proudyogiki Vishwavidyalaya, Bhopal",Approved,Approved,B,No,,Tier 3,http://www.samratashoktechnological.ac.in,info@samratashoktechnological.ac.in,admissions@samratashoktechnological.ac.in,placement@samratashoktechnological.ac.in,+91-80-366-0662,Civil Engineering,B.Tech,60,852,2004,Urban,Yes,Yes
1-44643741031,1-44643741031,U-0441,SAMRAT ASHOK TECHNOLOGICAL INSTITUTE,Active,Madhya Pradesh,Vidisha,Vidisha,"CIVIL LINES, NETAJI SUBHASH MARG",452245,22.985969,78.675387,Govt aided,"Rajiv Gandhi Proudyogiki Vishwavidyalaya, Bhopal",Approved,Approved,B,No,,Tier 3,http://www.samratashoktechnological.ac.in,info@samratashoktechnological.ac.in,admissions@samratashoktechnological.ac.in,placement@samratashoktechnological.ac.in,+91-80-366-0662,Mechanical Engineering,B.Tech,60,852,2004,Urban,Yes,Yes
1-44643741031,1-44643741031,U-0441,SAMRAT ASHOK TECHNOLOGICAL INSTITUTE,Active,Madhya Pradesh,Vidisha,Vidisha,"CIVIL LINES, NETAJI SUBHASH MARG",452245,22.985969,78.675387,Govt aided,"Rajiv Gandhi Proudyogiki Vishwavidyalaya, Bhopal",Approved,Approved,B,No,,Tier 3,http://www.samratashoktechnological.ac.in,info@samratashoktechnological.ac.in,admissions@samratashoktechnological.ac.in,placement@samratashoktechnological.ac.in,+91-80-366-0662,IoT,B.Tech,60,852,2004,Urban,Yes,Yes
1-44643741031,1-44643741031,U-0441,SAMRAT ASHOK TECHNOLOGICAL INSTITUTE,Active,Madhya Pradesh,Vidisha,Vidisha,"CIVIL LINES, NETAJI SUBHASH MARG",452245,22.985969,78.675387,Govt aided,"Rajiv Gandhi Proudyogiki Vishwavidyalaya, Bhopal",Approved,Approved,B,No,,Tier 3,http://www.samratashoktechnological.ac.in,info@samratashoktechnological.ac.in,admissions@samratashoktechnological.ac.in,placement@samratashoktechnological.ac.in,+91-80-366-0662,Data Science,B.Tech,60,852,2004,Urban,Yes,Yes
1-44643741031,1-44643741031,U-0441,SAMRAT ASHOK TECHNOLOGICAL INSTITUTE,Active,Madhya Pradesh,Vidisha,Vidisha,"CIVIL LINES, NETAJI SUBHASH MARG",452245,22.985969,78.675387,Govt aided,"Rajiv Gandhi Proudyogiki Vishwavidyalaya, Bhopal",Approved,Approved,B,No,,Tier 3,http://www.samratashoktechnological.ac.in,info@samratashoktechnological.ac.in,admissions@samratashoktechnological.ac.in,placement@samratashoktechnological.ac.in,+91-80-366-0662,Information Technology (IT),B.Tech,60,852,2004,Urban,Yes,Yes
1-44643741031,1-44643741031,U-0441,SAMRAT ASHOK TECHNOLOGICAL INSTITUTE,Active,Madhya Pradesh,Vidisha,Vidisha,"CIVIL LINES, NETAJI SUBHASH MARG",452245,22.985969,78.675387,Govt aided,"Rajiv Gandhi Proudyogiki Vishwavidyalaya, Bhopal",Approved,Approved,B,No,,Tier 3,http://www.samratashoktechnological.ac.in,info@samratashoktechnological.ac.in,admissions@samratashoktechnological.ac.in,placement@samratashoktechnological.ac.in,+91-80-366-0662,Other Engineering Branches,B.Tech,60,852,2004,Urban,Yes,Yes
1-44643741031,1-44643741031,U-0441,SAMRAT ASHOK TECHNOLOGICAL INSTITUTE,Active,Madhya Pradesh,Vidisha,Vidisha,"CIVIL LINES, NETAJI SUBHASH MARG",452245,22.985969,78.675387,Govt aided,"Rajiv Gandhi Proudyogiki Vishwavidyalaya, Bhopal",Approved,Approved,B,No,,Tier 3,http://www.samratashoktechnological.ac.in,info@samratashoktechnological.ac.in,admissions@samratashoktechnological.ac.in,placement@samratashoktechnological.ac.in,+91-80-366-0662,Artificial Intelligence & Machine Learning (AI & ML),B.Tech,60,852,2004,Urban,Yes,Yes
1-44643741031,1-44643741031,U-0441,SAMRAT ASHOK TECHNOLOGICAL INSTITUTE,Active,Madhya Pradesh,Vidisha,Vidisha,"CIVIL LINES, NETAJI SUBHASH MARG",452245,22.985969,78.675387,Govt aided,"Rajiv Gandhi Proudyogiki Vishwavidyalaya, Bhopal",Approved,Approved,B,No,,Tier 3,http://www.samratashoktechnological.ac.in,info@samratashoktechnological.ac.in,admissions@samratashoktechnological.ac.in,placement@samratashoktechnological.ac.in,+91-80-366-0662,Cyber Security,B.Tech,60,852,2004,Urban,Yes,Yes
1-44643347706,1-44643347706,U-0441,MAHARANA PRATAP COLLEGE OF TECHNOLOGY,Active,Madhya Pradesh,Gwalior,Gwalior,"PUTLIGHAR ROAD, NEAR JIWAJI UNIVERSITY, MORAR, GWALIOR",452896,26.207558,78.17043,Private-Self Financing,"Rajiv Gandhi Proudyogiki Vishwavidyalaya, Bhopal",Approved,Approved,A+,Yes,,Tier 2,http://www.maharanapratap.ac.in,info@maharanapratap.ac.in,admissions@maharanapratap.ac.in,placement@maharanapratap.ac.in,+91-80-388-3056,Electrical Engineering,B.Tech,30,342,1982,Rural,Yes,Yes
1-44643347706,1-44643347706,U-0441,MAHARANA PRATAP COLLEGE OF TECHNOLOGY,Active,Madhya Pradesh,Gwalior,Gwalior,"PUTLIGHAR ROAD, NEAR JIWAJI UNIVERSITY, MORAR, GWALIOR",452896,26.207558,78.17043,Private-Self Financing,"Rajiv Gandhi Proudyogiki Vishwavidyalaya, Bhopal",Approved,Approved,A+,Yes,,Tier 2,http://www.maharanapratap.ac.in,info@maharanapratap.ac.in,admissions@maharanapratap.ac.in,placement@maharanapratap.ac.in,+91-80-388-3056,Electronics & Communication Engineering (ECE),B.Tech,30,342,1982,Rural,Yes,Yes
1-44643347706,1-44643347706,U-0441,MAHARANA PRATAP COLLEGE OF TECHNOLOGY,Active,Madhya Pradesh,Gwalior,Gwalior,"PUTLIGHAR ROAD, NEAR JIWAJI UNIVERSITY, MORAR, GWALIOR",452896,26.207558,78.17043,Private-Self Financing,"Rajiv Gandhi Proudyogiki Vishwavidyalaya, Bhopal",Approved,Approved,A+,Yes,,Tier 2,http://www.maharanapratap.ac.in,info@maharanapratap.ac.in,admissions@maharanapratap.ac.in,placement@maharanapratap.ac.in,+91-80-388-3056,Computer Science Engineering (CSE),B.Tech,60,342,1982,Rural,Yes,Yes
1-44643347706,1-44643347706,U-0441,MAHARANA PRATAP COLLEGE OF TECHNOLOGY,Active,Madhya Pradesh,Gwalior,Gwalior,"PUTLIGHAR ROAD, NEAR JIWAJI UNIVERSITY, MORAR, GWALIOR",452896,26.207558,78.17043,Private-Self Financing,"Rajiv Gandhi Proudyogiki Vishwavidyalaya, Bhopal",Approved,Approved,A+,Yes,,Tier 2,http://www.maharanapratap.ac.in,info@maharanapratap.ac.in,admissions@maharanapratap.ac.in,placement@maharanapratap.ac.in,+91-80-388-3056,Mechanical Engineering,B.Tech,60,342,1982,Rural,Yes,Yes
1-44643347706,1-44643347706,U-0441,MAHARANA PRATAP COLLEGE OF TECHNOLOGY,Active,Madhya Pradesh,Gwalior,Gwalior,"PUTLIGHAR ROAD, NEAR JIWAJI UNIVERSITY, MORAR, GWALIOR",452896,26.207558,78.17043,Private-Self Financing,"Rajiv Gandhi Proudyogiki Vishwavidyalaya, Bhopal",Approved,Approved,A+,Yes,,Tier 2,http://www.maharanapratap.ac.in,info@maharanapratap.ac.in,admissions@maharanapratap.ac.in,placement@maharanapratap.ac.in,+91-80-388-3056,Information Technology (IT),B.Tech,30,342,1982,Rural,Yes,Yes
1-44643347706,1-44643347706,U-0441,MAHARANA PRATAP COLLEGE OF TECHNOLOGY,Active,Madhya Pradesh,Gwalior,Gwalior,"PUTLIGHAR ROAD, NEAR JIWAJI UNIVERSITY, MORAR, GWALIOR",452896,26.207558,78.17043,Private-Self Financing,"Rajiv Gandhi Proudyogiki Vishwavidyalaya, Bhopal",Approved,Approved,A+,Yes,,Tier 2,http://www.maharanapratap.ac.in,info@maharanapratap.ac.in,admissions@maharanapratap.ac.in,placement@maharanapratap.ac.in,+91-80-388-3056,Electronics & Communication Engineering (ECE),M.Tech,18,342,1982,Rural,Yes,Yes
1-44643347706,1-44643347706,U-0441,MAHARANA PRATAP COLLEGE OF TECHNOLOGY,Active,Madhya Pradesh,Gwalior,Gwalior,"PUTLIGHAR ROAD, NEAR JIWAJI UNIVERSITY, MORAR, GWALIOR",452896,26.207558,78.17043,Private-Self Financing,"Rajiv Gandhi Proudyogiki Vishwavidyalaya, Bhopal",Approved,Approved,A+,Yes,,Tier 2,http://www.maharanapratap.ac.in,info@maharanapratap.ac.in,admissions@maharanapratap.ac.in,placement@maharanapratap.ac.in,+91-80-388-3056,Mechanical Engineering,M.Tech,18,342,1982,Rural,Yes,Yes
1-44643347706,1-44643347706,U-0441,MAHARANA PRATAP COLLEGE OF TECHNOLOGY,Active,Madhya Pradesh,Gwalior,Gwalior,"PUTLIGHAR ROAD, NEAR JIWAJI UNIVERSITY, MORAR, GWALIOR",452896,26.207558,78.17043,Private-Self Financing,"Rajiv Gandhi Proudyogiki Vishwavidyalaya, Bhopal",Approved,Approved,A+,Yes,,Tier 2,http://www.maharanapratap.ac.in,info@maharanapratap.ac.in,admissions@maharanapratap.ac.in,placement@maharanapratap.ac.in,+91-80-388-3056,Computer Science Engineering (CSE),M.Tech,18,342,1982,Rural,Yes,Yes
1-44643347706,1-44643347706,U-0441,MAHARANA PRATAP COLLEGE OF TECHNOLOGY,Active,Madhya Pradesh,Gwalior,Gwalior,"PUTLIGHAR ROAD, NEAR JIWAJI UNIVERSITY, MORAR, GWALIOR",452896,26.207558,78.17043,Private-Self Financing,"Rajiv Gandhi Proudyogiki Vishwavidyalaya, Bhopal",Approved,Approved,A+,Yes,,Tier 2,http://www.maharanapratap.ac.in,info@maharanapratap.ac.in,admissions@maharanapratap.ac.in,placement@maharanapratap.ac.in,+91-80-388-3056,Civil Engineering,B.Tech,60,342,1982,Rural,Yes,Yes
1-44643347706,1-44643347706,U-0441,MAHARANA PRATAP COLLEGE OF TECHNOLOGY,Active,Madhya Pradesh,Gwalior,Gwalior,"PUTLIGHAR ROAD, NEAR JIWAJI UNIVERSITY, MORAR, GWALIOR",452896,26.207558,78.17043,Private-Self Financing,"Rajiv Gandhi Proudyogiki Vishwavidyalaya, Bhopal",Approved,Approved,A+,Yes,,Tier 2,http://www.maharanapratap.ac.in,info@maharanapratap.ac.in,admissions@maharanapratap.ac.in,placement@maharanapratap.ac.in,+91-80-388-3056,Other Engineering Branches,M.Tech,18,342,1982,Rural,Yes,Yes
1-44643479083,1-44643479083,U-0941,VEDICA INSTITUTE OF TECHNOLOGY,Active,Madhya Pradesh,Bhopal,Bhopal,"NEAR RGPV CAMPUS, AIRPORT BYPASS, GONDERMAU, GANDHINAGAR, BHOPAL",452493,23.243461,77.398803,Private-Self Financing,"RKDF UNIVERSITY, BHOPAL",Approved,Approved,Not Accredited,No,,Tier 3,http://www.vedica.ac.in,info@vedica.ac.in,admissions@vedica.ac.in,placement@vedica.ac.in,+91-80-149-3799,Computer Science Engineering (CSE),Diploma,30,594,2000,Urban,No,Yes
1-44643479083,1-44643479083,U-0941,VEDICA INSTITUTE OF TECHNOLOGY,Active,Madhya Pradesh,Bhopal,Bhopal,"NEAR RGPV CAMPUS, AIRPORT BYPASS, GONDERMAU, GANDHINAGAR, BHOPAL",452493,23.243461,77.398803,Private-Self Financing,"RKDF UNIVERSITY, BHOPAL",Approved,Approved,Not Accredited,No,,Tier 3,http://www.vedica.ac.in,info@vedica.ac.in,admissions@vedica.ac.in,placement@vedica.ac.in,+91-80-149-3799,Mechanical Engineering,Diploma,60,594,2000,Urban,No,Yes
1-44643479083,1-44643479083,U-0941,VEDICA INSTITUTE OF TECHNOLOGY,Active,Madhya Pradesh,Bhopal,Bhopal,"NEAR RGPV CAMPUS, AIRPORT BYPASS, GONDERMAU, GANDHINAGAR, BHOPAL",452493,23.243461,77.398803,Private-Self Financing,"RKDF UNIVERSITY, BHOPAL",Approved,Approved,Not Accredited,No,,Tier 3,http://www.vedica.ac.in,info@vedica.ac.in,admissions@vedica.ac.in,placement@vedica.ac.in,+91-80-149-3799,Computer Science Engineering (CSE),B.Tech,60,594,2000,Urban,No,Yes
1-44643479083,1-44643479083,U-0941,VEDICA INSTITUTE OF TECHNOLOGY,Active,Madhya Pradesh,Bhopal,Bhopal,"NEAR RGPV CAMPUS, AIRPORT BYPASS, GONDERMAU, GANDHINAGAR, BHOPAL",452493,23.243461,77.398803,Private-Self Financing,"RKDF UNIVERSITY, BHOPAL",Approved,Approved,Not Accredited,No,,Tier 3,http://www.vedica.ac.in,info@vedica.ac.in,admissions@vedica.ac.in,placement@vedica.ac.in,+91-80-149-3799,Electronics & Communication Engineering (ECE),B.Tech,30,594,2000,Urban,No,Yes
1-44643479083,1-44643479083,U-0941,VEDICA INSTITUTE OF TECHNOLOGY,Active,Madhya Pradesh,Bhopal,Bhopal,"NEAR RGPV CAMPUS, AIRPORT BYPASS, GONDERMAU, GANDHINAGAR, BHOPAL",452493,23.243461,77.398803,Private-Self Financing,"RKDF UNIVERSITY, BHOPAL",Approved,Approved,Not Accredited,No,,Tier 3,http://www.vedica.ac.in,info@vedica.ac.in,admissions@vedica.ac.in,placement@vedica.ac.in,+91-80-149-3799,Electrical & Electronics Engineering (EEE),B.Tech,60,594,2000,Urban,No,Yes
1-44643479083,1-44643479083,U-0941,VEDICA INSTITUTE OF TECHNOLOGY,Active,Madhya Pradesh,Bhopal,Bhopal,"NEAR RGPV CAMPUS, AIRPORT BYPASS, GONDERMAU, GANDHINAGAR, BHOPAL",452493,23.243461,77.398803,Private-Self Financing,"RKDF UNIVERSITY, BHOPAL",Approved,Approved,Not Accredited,No,,Tier 3,http://www.vedica.ac.in,info@vedica.ac.in,admissions@vedica.ac.in,placement@vedica.ac.in,+91-80-149-3799,Artificial Intelligence & Machine Learning (AI & ML),B.Tech,30,594,2000,Urban,No,Yes
1-44643479083,1-44643479083,U-0941,VEDICA INSTITUTE OF TECHNOLOGY,Active,Madhya Pradesh,Bhopal,Bhopal,"NEAR RGPV CAMPUS, AIRPORT BYPASS, GONDERMAU, GANDHINAGAR, BHOPAL",452493,23.243461,77.398803,Private-Self Financing,"RKDF UNIVERSITY, BHOPAL",Approved,Approved,Not Accredited,No,,Tier 3,http://www.vedica.ac.in,info@vedica.ac.in,admissions@vedica.ac.in,placement@vedica.ac.in,+91-80-149-3799,Mechanical Engineering,B.Tech,120,594,2000,Urban,No,Yes
1-44643479083,1-44643479083,U-0941,VEDICA INSTITUTE OF TECHNOLOGY,Active,Madhya Pradesh,Bhopal,Bhopal,"NEAR RGPV CAMPUS, AIRPORT BYPASS, GONDERMAU, GANDHINAGAR, BHOPAL",452493,23.243461,77.398803,Private-Self Financing,"RKDF UNIVERSITY, BHOPAL",Approved,Approved,Not Accredited,No,,Tier 3,http://www.vedica.ac.in,info@vedica.ac.in,admissions@vedica.ac.in,placement@vedica.ac.in,+91-80-149-3799,Information Technology (IT),M.Tech,12,594,2000,Urban,No,Yes
1-44643479083,1-44643479083,U-0941,VEDICA INSTITUTE OF TECHNOLOGY,Active,Madhya Pradesh,Bhopal,Bhopal,"NEAR RGPV CAMPUS, AIRPORT BYPASS, GONDERMAU, GANDHINAGAR, BHOPAL",452493,23.243461,77.398803,Private-Self Financing,"RKDF UNIVERSITY, BHOPAL",Approved,Approved,Not Accredited,No,,Tier 3,http://www.vedica.ac.in,info@vedica.ac.in,admissions@vedica.ac.in,placement@vedica.ac.in,+91-80-149-3799,Other Engineering Branches,M.Tech,30,594,2000,Urban,No,Yes
1-44643479083,1-44643479083,U-0941,VEDICA INSTITUTE OF TECHNOLOGY,Active,Madhya Pradesh,Bhopal,Bhopal,"NEAR RGPV CAMPUS, AIRPORT BYPASS, GONDERMAU, GANDHINAGAR, BHOPAL",452493,23.243461,77.398803,Private-Self Financing,"RKDF UNIVERSITY, BHOPAL",Approved,Approved,Not Accredited,No,,Tier 3,http://www.vedica.ac.in,info@vedica.ac.in,admissions@vedica.ac.in,placement@vedica.ac.in,+91-80-149-3799,Computer Science Engineering (CSE),M.Tech,12,594,2000,Urban,No,Yes
1-44643479083,1-44643479083,U-0941,VEDICA INSTITUTE OF TECHNOLOGY,Active,Madhya Pradesh,Bhopal,Bhopal,"NEAR RGPV CAMPUS, AIRPORT BYPASS, GONDERMAU, GANDHINAGAR, BHOPAL",452493,23.243461,77.398803,Private-Self Financing,"RKDF UNIVERSITY, BHOPAL",Approved,Approved,Not Accredited,No,,Tier 3,http://www.vedica.ac.in,info@vedica.ac.in,admissions@vedica.ac.in,placement@vedica.ac.in,+91-80-149-3799,Civil Engineering,B.Tech,120,594,2000,Urban,No,Yes
1-44643479083,1-44643479083,U-0941,VEDICA INSTITUTE OF TECHNOLOGY,Active,Madhya Pradesh,Bhopal,Bhopal,"NEAR RGPV CAMPUS, AIRPORT BYPASS, GONDERMAU, GANDHINAGAR, BHOPAL",452493,23.243461,77.398803,Private-Self Financing,"RKDF UNIVERSITY, BHOPAL",Approved,Approved,Not Accredited,No,,Tier 3,http://www.vedica.ac.in,info@vedica.ac.in,admissions@vedica.ac.in,placement@vedica.ac.in,+91-80-149-3799,Cyber Security,B.Tech,30,594,2000,Urban,No,Yes
1-44643520965,1-44643520965,U-0441,SUSHILA DEVI BANSAL COLLEGE OF TECHNOLOGY,Active,Madhya Pradesh,Indore,Indore,A. B. ROAD UMARIA NEAR RAU INDORE,452012,22.738011,75.853832,Private-Self Financing,"Rajiv Gandhi Proudyogiki Vishwavidyalaya, Bhopal",Approved,Approved,A,No,,Tier 3,http://www.sushiladevibansal.ac.in,info@sushiladevibansal.ac.in,admissions@sushiladevibansal.ac.in,placement@sushiladevibansal.ac.in,+91-80-611-0439,Computer Science Engineering (CSE),B.Tech,180,474,2000,Urban,Yes,Yes
1-44643520965,1-44643520965,U-0441,SUSHILA DEVI BANSAL COLLEGE OF TECHNOLOGY,Active,Madhya Pradesh,Indore,Indore,A. B. ROAD UMARIA NEAR RAU INDORE,452012,22.738011,75.853832,Private-Self Financing,"Rajiv Gandhi Proudyogiki Vishwavidyalaya, Bhopal",Approved,Approved,A,No,,Tier 3,http://www.sushiladevibansal.ac.in,info@sushiladevibansal.ac.in,admissions@sushiladevibansal.ac.in,placement@sushiladevibansal.ac.in,+91-80-611-0439,Information Technology (IT),B.Tech,120,474,2000,Urban,Yes,Yes
1-44643520965,1-44643520965,U-0441,SUSHILA DEVI BANSAL COLLEGE OF TECHNOLOGY,Active,Madhya Pradesh,Indore,Indore,A. B. ROAD UMARIA NEAR RAU INDORE,452012,22.738011,75.853832,Private-Self Financing,"Rajiv Gandhi Proudyogiki Vishwavidyalaya, Bhopal",Approved,Approved,A,No,,Tier 3,http://www.sushiladevibansal.ac.in,info@sushiladevibansal.ac.in,admissions@sushiladevibansal.ac.in,placement@sushiladevibansal.ac.in,+91-80-611-0439,Electronics & Communication Engineering (ECE),B.Tech,30,474,2000,Urban,Yes,Yes
1-44643520965,1-44643520965,U-0441,SUSHILA DEVI BANSAL COLLEGE OF TECHNOLOGY,Active,Madhya Pradesh,Indore,Indore,A. B. ROAD UMARIA NEAR RAU INDORE,452012,22.738011,75.853832,Private-Self Financing,"Rajiv Gandhi Proudyogiki Vishwavidyalaya, Bhopal",Approved,Approved,A,No,,Tier 3,http://www.sushiladevibansal.ac.in,info@sushiladevibansal.ac.in,admissions@sushiladevibansal.ac.in,placement@sushiladevibansal.ac.in,+91-80-611-0439,Mechanical Engineering,B.Tech,60,474,2000,Urban,Yes,Yes
1-44643520965,1-44643520965,U-0441,SUSHILA DEVI BANSAL COLLEGE OF TECHNOLOGY,Active,Madhya Pradesh,Indore,Indore,A. B. ROAD UMARIA NEAR RAU INDORE,452012,22.738011,75.853832,Private-Self Financing,"Rajiv Gandhi Proudyogiki Vishwavidyalaya, Bhopal",Approved,Approved,A,No,,Tier 3,http://www.sushiladevibansal.ac.in,info@sushiladevibansal.ac.in,admissions@sushiladevibansal.ac.in,placement@sushiladevibansal.ac.in,+91-80-611-0439,Civil Engineering,B.Tech,30,474,2000,Urban,Yes,Yes
1-44643520965,1-44643520965,U-0441,SUSHILA DEVI BANSAL COLLEGE OF TECHNOLOGY,Active,Madhya Pradesh,Indore,Indore,A. B. ROAD UMARIA NEAR RAU INDORE,452012,22.738011,75.853832,Private-Self Financing,"Rajiv Gandhi Proudyogiki Vishwavidyalaya, Bhopal",Approved,Approved,A,No,,Tier 3,http://www.sushiladevibansal.ac.in,info@sushiladevibansal.ac.in,admissions@sushiladevibansal.ac.in,placement@sushiladevibansal.ac.in,+91-80-611-0439,Computer Science Engineering (CSE),M.Tech,18,474,2000,Urban,Yes,Yes
1-44643520965,1-44643520965,U-0441,SUSHILA DEVI BANSAL COLLEGE OF TECHNOLOGY,Active,Madhya Pradesh,Indore,Indore,A. B. ROAD UMARIA NEAR RAU INDORE,452012,22.738011,75.853832,Private-Self Financing,"Rajiv Gandhi Proudyogiki Vishwavidyalaya, Bhopal",Approved,Approved,A,No,,Tier 3,http://www.sushiladevibansal.ac.in,info@sushiladevibansal.ac.in,admissions@sushiladevibansal.ac.in,placement@sushiladevibansal.ac.in,+91-80-611-0439,Information Technology (IT),M.Tech,18,474,2000,Urban,Yes,Yes
1-44643520965,1-44643520965,U-0441,SUSHILA DEVI BANSAL COLLEGE OF TECHNOLOGY,Active,Madhya Pradesh,Indore,Indore,A. B. ROAD UMARIA NEAR RAU INDORE,452012,22.738011,75.853832,Private-Self Financing,"Rajiv Gandhi Proudyogiki Vishwavidyalaya, Bhopal",Approved,Approved,A,No,,Tier 3,http://www.sushiladevibansal.ac.in,info@sushiladevibansal.ac.in,admissions@sushiladevibansal.ac.in,placement@sushiladevibansal.ac.in,+91-80-611-0439,Other Engineering Branches,M.Tech,18,474,2000,Urban,Yes,Yes
1-44643125839,1-44643125839,U-0992,MADHAV INSTITUTE OF TECHNOLOGY & SCIENCE,Active,Madhya Pradesh,Gwalior,Gwalior,"P.O. RESIDENCY,  GOLA KA MANDIR",452896,26.237991,78.199928,Deemed to be University(Govt),NOT APPLICABLE,Approved,Approved,A,No,,Tier 3,http://www.madhavscience.ac.in,info@madhavscience.ac.in,admissions@madhavscience.ac.in,placement@madhavscience.ac.in,+91-80-664-7405,Other Engineering Branches,M.Tech,122,1958,2002,Urban,Yes,Yes
1-44643125839,1-44643125839,U-0992,MADHAV INSTITUTE OF TECHNOLOGY & SCIENCE,Active,Madhya Pradesh,Gwalior,Gwalior,"P.O. RESIDENCY,  GOLA KA MANDIR",452896,26.237991,78.199928,Deemed to be University(Govt),NOT APPLICABLE,Approved,Approved,A,No,,Tier 3,http://www.madhavscience.ac.in,info@madhavscience.ac.in,admissions@madhavscience.ac.in,placement@madhavscience.ac.in,+91-80-664-7405,Electrical Engineering,B.Tech,120,1958,2002,Urban,Yes,Yes
1-44643125839,1-44643125839,U-0992,MADHAV INSTITUTE OF TECHNOLOGY & SCIENCE,Active,Madhya Pradesh,Gwalior,Gwalior,"P.O. RESIDENCY,  GOLA KA MANDIR",452896,26.237991,78.199928,Deemed to be University(Govt),NOT APPLICABLE,Approved,Approved,A,No,,Tier 3,http://www.madhavscience.ac.in,info@madhavscience.ac.in,admissions@madhavscience.ac.in,placement@madhavscience.ac.in,+91-80-664-7405,Other Engineering Branches,B.Tech,360,1958,2002,Urban,Yes,Yes
1-44643125839,1-44643125839,U-0992,MADHAV INSTITUTE OF TECHNOLOGY & SCIENCE,Active,Madhya Pradesh,Gwalior,Gwalior,"P.O. RESIDENCY,  GOLA KA MANDIR",452896,26.237991,78.199928,Deemed to be University(Govt),NOT APPLICABLE,Approved,Approved,A,No,,Tier 3,http://www.madhavscience.ac.in,info@madhavscience.ac.in,admissions@madhavscience.ac.in,placement@madhavscience.ac.in,+91-80-664-7405,Computer Science Engineering (CSE),B.Tech,480,1958,2002,Urban,Yes,Yes
1-44643125839,1-44643125839,U-0992,MADHAV INSTITUTE OF TECHNOLOGY & SCIENCE,Active,Madhya Pradesh,Gwalior,Gwalior,"P.O. RESIDENCY,  GOLA KA MANDIR",452896,26.237991,78.199928,Deemed to be University(Govt),NOT APPLICABLE,Approved,Approved,A,No,,Tier 3,http://www.madhavscience.ac.in,info@madhavscience.ac.in,admissions@madhavscience.ac.in,placement@madhavscience.ac.in,+91-80-664-7405,Information Technology (IT),B.Tech,180,1958,2002,Urban,Yes,Yes
1-44643125839,1-44643125839,U-0992,MADHAV INSTITUTE OF TECHNOLOGY & SCIENCE,Active,Madhya Pradesh,Gwalior,Gwalior,"P.O. RESIDENCY,  GOLA KA MANDIR",452896,26.237991,78.199928,Deemed to be University(Govt),NOT APPLICABLE,Approved,Approved,A,No,,Tier 3,http://www.madhavscience.ac.in,info@madhavscience.ac.in,admissions@madhavscience.ac.in,placement@madhavscience.ac.in,+91-80-664-7405,Chemical Engineering,B.Tech,60,1958,2002,Urban,Yes,Yes
1-44643125839,1-44643125839,U-0992,MADHAV INSTITUTE OF TECHNOLOGY & SCIENCE,Active,Madhya Pradesh,Gwalior,Gwalior,"P.O. RESIDENCY,  GOLA KA MANDIR",452896,26.237991,78.199928,Deemed to be University(Govt),NOT APPLICABLE,Approved,Approved,A,No,,Tier 3,http://www.madhavscience.ac.in,info@madhavscience.ac.in,admissions@madhavscience.ac.in,placement@madhavscience.ac.in,+91-80-664-7405,Civil Engineering,B.Tech,120,1958,2002,Urban,Yes,Yes
1-44643125839,1-44643125839,U-0992,MADHAV INSTITUTE OF TECHNOLOGY & SCIENCE,Active,Madhya Pradesh,Gwalior,Gwalior,"P.O. RESIDENCY,  GOLA KA MANDIR",452896,26.237991,78.199928,Deemed to be University(Govt),NOT APPLICABLE,Approved,Approved,A,No,,Tier 3,http://www.madhavscience.ac.in,info@madhavscience.ac.in,admissions@madhavscience.ac.in,placement@madhavscience.ac.in,+91-80-664-7405,Information Technology (IT),M.Tech,18,1958,2002,Urban,Yes,Yes
1-44643125839,1-44643125839,U-0992,MADHAV INSTITUTE OF TECHNOLOGY & SCIENCE,Active,Madhya Pradesh,Gwalior,Gwalior,"P.O. RESIDENCY,  GOLA KA MANDIR",452896,26.237991,78.199928,Deemed to be University(Govt),NOT APPLICABLE,Approved,Approved,A,No,,Tier 3,http://www.madhavscience.ac.in,info@madhavscience.ac.in,admissions@madhavscience.ac.in,placement@madhavscience.ac.in,+91-80-664-7405,Computer Science Engineering (CSE),M.Tech,18,1958,2002,Urban,Yes,Yes
1-44643125839,1-44643125839,U-0992,MADHAV INSTITUTE OF TECHNOLOGY & SCIENCE,Active,Madhya Pradesh,Gwalior,Gwalior,"P.O. RESIDENCY,  GOLA KA MANDIR",452896,26.237991,78.199928,Deemed to be University(Govt),NOT APPLICABLE,Approved,Approved,A,No,,Tier 3,http://www.madhavscience.ac.in,info@madhavscience.ac.in,admissions@madhavscience.ac.in,placement@madhavscience.ac.in,+91-80-664-7405,Mechanical Engineering,B.Tech,120,1958,2002,Urban,Yes,Yes
1-44643125839,1-44643125839,U-0992,MADHAV INSTITUTE OF TECHNOLOGY & SCIENCE,Active,Madhya Pradesh,Gwalior,Gwalior,"P.O. RESIDENCY,  GOLA KA MANDIR",452896,26.237991,78.199928,Deemed to be University(Govt),NOT APPLICABLE,Approved,Approved,A,No,,Tier 3,http://www.madhavscience.ac.in,info@madhavscience.ac.in,admissions@madhavscience.ac.in,placement@madhavscience.ac.in,+91-80-664-7405,Electronics & Communication Engineering (ECE),B.Tech,120,1958,2002,Urban,Yes,Yes
1-44643125839,1-44643125839,U-0992,MADHAV INSTITUTE OF TECHNOLOGY & SCIENCE,Active,Madhya Pradesh,Gwalior,Gwalior,"P.O. RESIDENCY,  GOLA KA MANDIR",452896,26.237991,78.199928,Deemed to be University(Govt),NOT APPLICABLE,Approved,Approved,A,No,,Tier 3,http://www.madhavscience.ac.in,info@madhavscience.ac.in,admissions@madhavscience.ac.in,placement@madhavscience.ac.in,+91-80-664-7405,IoT,B.Tech,120,1958,2002,Urban,Yes,Yes
1-44643125839,1-44643125839,U-0992,MADHAV INSTITUTE OF TECHNOLOGY & SCIENCE,Active,Madhya Pradesh,Gwalior,Gwalior,"P.O. RESIDENCY,  GOLA KA MANDIR",452896,26.237991,78.199928,Deemed to be University(Govt),NOT APPLICABLE,Approved,Approved,A,No,,Tier 3,http://www.madhavscience.ac.in,info@madhavscience.ac.in,admissions@madhavscience.ac.in,placement@madhavscience.ac.in,+91-80-664-7405,Data Science,B.Tech,60,1958,2002,Urban,Yes,Yes
1-44643125839,1-44643125839,U-0992,MADHAV INSTITUTE OF TECHNOLOGY & SCIENCE,Active,Madhya Pradesh,Gwalior,Gwalior,"P.O. RESIDENCY,  GOLA KA MANDIR",452896,26.237991,78.199928,Deemed to be University(Govt),NOT APPLICABLE,Approved,Approved,A,No,,Tier 3,http://www.madhavscience.ac.in,info@madhavscience.ac.in,admissions@madhavscience.ac.in,placement@madhavscience.ac.in,+91-80-664-7405,Artificial Intelligence & Machine Learning (AI & ML),B.Tech,60,1958,2002,Urban,Yes,Yes
1-44643220909,1-44643220909,U-0992,SCOPE GLOBAL SKILLS UNIVERSITY,Active,Madhya Pradesh,Bhopal,Bhopal,"SCOPE CAMPUS, NH-12, NEAR MISROD, VILL-BHAIRONPUR, HOSHANGABAD ROAD BHOPAL-462026",462026,23.244996,77.430751,State Private University,NOT APPLICABLE,Approved,Approved,B++,Yes,,Tier 3,http://www.scopeglobalskills.ac.in,info@scopeglobalskills.ac.in,admissions@scopeglobalskills.ac.in,placement@scopeglobalskills.ac.in,+91-80-213-7588,Other Engineering Branches,M.Tech,54,510,1985,Urban,Yes,Yes
1-44643220909,1-44643220909,U-0992,SCOPE GLOBAL SKILLS UNIVERSITY,Active,Madhya Pradesh,Bhopal,Bhopal,"SCOPE CAMPUS, NH-12, NEAR MISROD, VILL-BHAIRONPUR, HOSHANGABAD ROAD BHOPAL-462026",462026,23.244996,77.430751,State Private University,NOT APPLICABLE,Approved,Approved,B++,Yes,,Tier 3,http://www.scopeglobalskills.ac.in,info@scopeglobalskills.ac.in,admissions@scopeglobalskills.ac.in,placement@scopeglobalskills.ac.in,+91-80-213-7588,Computer Science Engineering (CSE),M.Tech,12,510,1985,Urban,Yes,Yes
1-44643220909,1-44643220909,U-0992,SCOPE GLOBAL SKILLS UNIVERSITY,Active,Madhya Pradesh,Bhopal,Bhopal,"SCOPE CAMPUS, NH-12, NEAR MISROD, VILL-BHAIRONPUR, HOSHANGABAD ROAD BHOPAL-462026",462026,23.244996,77.430751,State Private University,NOT APPLICABLE,Approved,Approved,B++,Yes,,Tier 3,http://www.scopeglobalskills.ac.in,info@scopeglobalskills.ac.in,admissions@scopeglobalskills.ac.in,placement@scopeglobalskills.ac.in,+91-80-213-7588,Mechanical Engineering,Diploma,60,510,1985,Urban,Yes,Yes
1-44643220909,1-44643220909,U-0992,SCOPE GLOBAL SKILLS UNIVERSITY,Active,Madhya Pradesh,Bhopal,Bhopal,"SCOPE CAMPUS, NH-12, NEAR MISROD, VILL-BHAIRONPUR, HOSHANGABAD ROAD BHOPAL-462026",462026,23.244996,77.430751,State Private University,NOT APPLICABLE,Approved,Approved,B++,Yes,,Tier 3,http://www.scopeglobalskills.ac.in,info@scopeglobalskills.ac.in,admissions@scopeglobalskills.ac.in,placement@scopeglobalskills.ac.in,+91-80-213-7588,Electrical & Electronics Engineering (EEE),Diploma,60,510,1985,Urban,Yes,Yes
1-44643220909,1-44643220909,U-0992,SCOPE GLOBAL SKILLS UNIVERSITY,Active,Madhya Pradesh,Bhopal,Bhopal,"SCOPE CAMPUS, NH-12, NEAR MISROD, VILL-BHAIRONPUR, HOSHANGABAD ROAD BHOPAL-462026",462026,23.244996,77.430751,State Private University,NOT APPLICABLE,Approved,Approved,B++,Yes,,Tier 3,http://www.scopeglobalskills.ac.in,info@scopeglobalskills.ac.in,admissions@scopeglobalskills.ac.in,placement@scopeglobalskills.ac.in,+91-80-213-7588,Computer Science Engineering (CSE),B.Tech,90,510,1985,Urban,Yes,Yes
1-44643220909,1-44643220909,U-0992,SCOPE GLOBAL SKILLS UNIVERSITY,Active,Madhya Pradesh,Bhopal,Bhopal,"SCOPE CAMPUS, NH-12, NEAR MISROD, VILL-BHAIRONPUR, HOSHANGABAD ROAD BHOPAL-462026",462026,23.244996,77.430751,State Private University,NOT APPLICABLE,Approved,Approved,B++,Yes,,Tier 3,http://www.scopeglobalskills.ac.in,info@scopeglobalskills.ac.in,admissions@scopeglobalskills.ac.in,placement@scopeglobalskills.ac.in,+91-80-213-7588,Electronics & Communication Engineering (ECE),B.Tech,60,510,1985,Urban,Yes,Yes
1-44643220909,1-44643220909,U-0992,SCOPE GLOBAL SKILLS UNIVERSITY,Active,Madhya Pradesh,Bhopal,Bhopal,"SCOPE CAMPUS, NH-12, NEAR MISROD, VILL-BHAIRONPUR, HOSHANGABAD ROAD BHOPAL-462026",462026,23.244996,77.430751,State Private University,NOT APPLICABLE,Approved,Approved,B++,Yes,,Tier 3,http://www.scopeglobalskills.ac.in,info@scopeglobalskills.ac.in,admissions@scopeglobalskills.ac.in,placement@scopeglobalskills.ac.in,+91-80-213-7588,Electrical & Electronics Engineering (EEE),B.Tech,60,510,1985,Urban,Yes,Yes
1-44643220909,1-44643220909,U-0992,SCOPE GLOBAL SKILLS UNIVERSITY,Active,Madhya Pradesh,Bhopal,Bhopal,"SCOPE CAMPUS, NH-12, NEAR MISROD, VILL-BHAIRONPUR, HOSHANGABAD ROAD BHOPAL-462026",462026,23.244996,77.430751,State Private University,NOT APPLICABLE,Approved,Approved,B++,Yes,,Tier 3,http://www.scopeglobalskills.ac.in,info@scopeglobalskills.ac.in,admissions@scopeglobalskills.ac.in,placement@scopeglobalskills.ac.in,+91-80-213-7588,Mechanical Engineering,B.Tech,90,510,1985,Urban,Yes,Yes
1-44643220909,1-44643220909,U-0992,SCOPE GLOBAL SKILLS UNIVERSITY,Active,Madhya Pradesh,Bhopal,Bhopal,"SCOPE CAMPUS, NH-12, NEAR MISROD, VILL-BHAIRONPUR, HOSHANGABAD ROAD BHOPAL-462026",462026,23.244996,77.430751,State Private University,NOT APPLICABLE,Approved,Approved,B++,Yes,,Tier 3,http://www.scopeglobalskills.ac.in,info@scopeglobalskills.ac.in,admissions@scopeglobalskills.ac.in,placement@scopeglobalskills.ac.in,+91-80-213-7588,Information Technology (IT),M.Tech,24,510,1985,Urban,Yes,Yes
1-44643523338,1-44643523338,U-0441,GIRDHAR SHIKSHA EVAM SAMAJ KALYAN SAMITI GROUP OF INSTITUTIONS,Active,Madhya Pradesh,Raisen,Raisen,RAILWAY CROSSING BAMULIYA PAWAR MANDIDEEP  DISTRICT : RAISEN,452808,22.964086,78.651399,Private-Self Financing,"Rajiv Gandhi Proudyogiki Vishwavidyalaya, Bhopal",Approved,Approved,B++,Yes,,Tier 3,http://www.girdharshikshaevam.ac.in,info@girdharshikshaevam.ac.in,admissions@girdharshikshaevam.ac.in,placement@girdharshikshaevam.ac.in,+91-80-448-1884,Mechanical Engineering,Diploma,60,420,1999,Urban,No,Yes
1-44643523338,1-44643523338,U-0441,GIRDHAR SHIKSHA EVAM SAMAJ KALYAN SAMITI GROUP OF INSTITUTIONS,Active,Madhya Pradesh,Raisen,Raisen,RAILWAY CROSSING BAMULIYA PAWAR MANDIDEEP  DISTRICT : RAISEN,452808,22.964086,78.651399,Private-Self Financing,"Rajiv Gandhi Proudyogiki Vishwavidyalaya, Bhopal",Approved,Approved,B++,Yes,,Tier 3,http://www.girdharshikshaevam.ac.in,info@girdharshikshaevam.ac.in,admissions@girdharshikshaevam.ac.in,placement@girdharshikshaevam.ac.in,+91-80-448-1884,Civil Engineering,Diploma,60,420,1999,Urban,No,Yes
1-44643523338,1-44643523338,U-0441,GIRDHAR SHIKSHA EVAM SAMAJ KALYAN SAMITI GROUP OF INSTITUTIONS,Active,Madhya Pradesh,Raisen,Raisen,RAILWAY CROSSING BAMULIYA PAWAR MANDIDEEP  DISTRICT : RAISEN,452808,22.964086,78.651399,Private-Self Financing,"Rajiv Gandhi Proudyogiki Vishwavidyalaya, Bhopal",Approved,Approved,B++,Yes,,Tier 3,http://www.girdharshikshaevam.ac.in,info@girdharshikshaevam.ac.in,admissions@girdharshikshaevam.ac.in,placement@girdharshikshaevam.ac.in,+91-80-448-1884,Mechanical Engineering,B.Tech,60,420,1999,Urban,No,Yes
1-44643523338,1-44643523338,U-0441,GIRDHAR SHIKSHA EVAM SAMAJ KALYAN SAMITI GROUP OF INSTITUTIONS,Active,Madhya Pradesh,Raisen,Raisen,RAILWAY CROSSING BAMULIYA PAWAR MANDIDEEP  DISTRICT : RAISEN,452808,22.964086,78.651399,Private-Self Financing,"Rajiv Gandhi Proudyogiki Vishwavidyalaya, Bhopal",Approved,Approved,B++,Yes,,Tier 3,http://www.girdharshikshaevam.ac.in,info@girdharshikshaevam.ac.in,admissions@girdharshikshaevam.ac.in,placement@girdharshikshaevam.ac.in,+91-80-448-1884,Computer Science Engineering (CSE),B.Tech,120,420,1999,Urban,No,Yes
1-44643523338,1-44643523338,U-0441,GIRDHAR SHIKSHA EVAM SAMAJ KALYAN SAMITI GROUP OF INSTITUTIONS,Active,Madhya Pradesh,Raisen,Raisen,RAILWAY CROSSING BAMULIYA PAWAR MANDIDEEP  DISTRICT : RAISEN,452808,22.964086,78.651399,Private-Self Financing,"Rajiv Gandhi Proudyogiki Vishwavidyalaya, Bhopal",Approved,Approved,B++,Yes,,Tier 3,http://www.girdharshikshaevam.ac.in,info@girdharshikshaevam.ac.in,admissions@girdharshikshaevam.ac.in,placement@girdharshikshaevam.ac.in,+91-80-448-1884,Electronics & Communication Engineering (ECE),B.Tech,60,420,1999,Urban,No,Yes
1-44643523338,1-44643523338,U-0441,GIRDHAR SHIKSHA EVAM SAMAJ KALYAN SAMITI GROUP OF INSTITUTIONS,Active,Madhya Pradesh,Raisen,Raisen,RAILWAY CROSSING BAMULIYA PAWAR MANDIDEEP  DISTRICT : RAISEN,452808,22.964086,78.651399,Private-Self Financing,"Rajiv Gandhi Proudyogiki Vishwavidyalaya, Bhopal",Approved,Approved,B++,Yes,,Tier 3,http://www.girdharshikshaevam.ac.in,info@girdharshikshaevam.ac.in,admissions@girdharshikshaevam.ac.in,placement@girdharshikshaevam.ac.in,+91-80-448-1884,Civil Engineering,B.Tech,60,420,1999,Urban,No,Yes
1-44643128830,1-44643128830,U-0441,TRUBA INSTITUTE OF ENGINEERING & INFORMATION TECHNOLOGY,Active,Madhya Pradesh,Bhopal,Bhopal,"KAROND-GANDHI NAGAR, BY PASS ROAD",452493,23.272927,77.409265,Private-Self Financing,"Rajiv Gandhi Proudyogiki Vishwavidyalaya, Bhopal",Approved,Approved,B,No,,Tier 3,http://www.trubainformation.ac.in,info@trubainformation.ac.in,admissions@trubainformation.ac.in,placement@trubainformation.ac.in,+91-80-385-2522,Civil Engineering,B.Tech,60,534,2007,Urban,Yes,Yes
1-44643128830,1-44643128830,U-0441,TRUBA INSTITUTE OF ENGINEERING & INFORMATION TECHNOLOGY,Active,Madhya Pradesh,Bhopal,Bhopal,"KAROND-GANDHI NAGAR, BY PASS ROAD",452493,23.272927,77.409265,Private-Self Financing,"Rajiv Gandhi Proudyogiki Vishwavidyalaya, Bhopal",Approved,Approved,B,No,,Tier 3,http://www.trubainformation.ac.in,info@trubainformation.ac.in,admissions@trubainformation.ac.in,placement@trubainformation.ac.in,+91-80-385-2522,Electronics & Communication Engineering (ECE),B.Tech,60,534,2007,Urban,Yes,Yes
1-44643128830,1-44643128830,U-0441,TRUBA INSTITUTE OF ENGINEERING & INFORMATION TECHNOLOGY,Active,Madhya Pradesh,Bhopal,Bhopal,"KAROND-GANDHI NAGAR, BY PASS ROAD",452493,23.272927,77.409265,Private-Self Financing,"Rajiv Gandhi Proudyogiki Vishwavidyalaya, Bhopal",Approved,Approved,B,No,,Tier 3,http://www.trubainformation.ac.in,info@trubainformation.ac.in,admissions@trubainformation.ac.in,placement@trubainformation.ac.in,+91-80-385-2522,Computer Science Engineering (CSE),B.Tech,180,534,2007,Urban,Yes,Yes
1-44643128830,1-44643128830,U-0441,TRUBA INSTITUTE OF ENGINEERING & INFORMATION TECHNOLOGY,Active,Madhya Pradesh,Bhopal,Bhopal,"KAROND-GANDHI NAGAR, BY PASS ROAD",452493,23.272927,77.409265,Private-Self Financing,"Rajiv Gandhi Proudyogiki Vishwavidyalaya, Bhopal",Approved,Approved,B,No,,Tier 3,http://www.trubainformation.ac.in,info@trubainformation.ac.in,admissions@trubainformation.ac.in,placement@trubainformation.ac.in,+91-80-385-2522,Mechanical Engineering,B.Tech,30,534,2007,Urban,Yes,Yes
1-44643128830,1-44643128830,U-0441,TRUBA INSTITUTE OF ENGINEERING & INFORMATION TECHNOLOGY,Active,Madhya Pradesh,Bhopal,Bhopal,"KAROND-GANDHI NAGAR, BY PASS ROAD",452493,23.272927,77.409265,Private-Self Financing,"Rajiv Gandhi Proudyogiki Vishwavidyalaya, Bhopal",Approved,Approved,B,No,,Tier 3,http://www.trubainformation.ac.in,info@trubainformation.ac.in,admissions@trubainformation.ac.in,placement@trubainformation.ac.in,+91-80-385-2522,Electrical & Electronics Engineering (EEE),B.Tech,30,534,2007,Urban,Yes,Yes
1-44643128830,1-44643128830,U-0441,TRUBA INSTITUTE OF ENGINEERING & INFORMATION TECHNOLOGY,Active,Madhya Pradesh,Bhopal,Bhopal,"KAROND-GANDHI NAGAR, BY PASS ROAD",452493,23.272927,77.409265,Private-Self Financing,"Rajiv Gandhi Proudyogiki Vishwavidyalaya, Bhopal",Approved,Approved,B,No,,Tier 3,http://www.trubainformation.ac.in,info@trubainformation.ac.in,admissions@trubainformation.ac.in,placement@trubainformation.ac.in,+91-80-385-2522,Computer Science Engineering (CSE),M.Tech,18,534,2007,Urban,Yes,Yes
1-44643128830,1-44643128830,U-0441,TRUBA INSTITUTE OF ENGINEERING & INFORMATION TECHNOLOGY,Active,Madhya Pradesh,Bhopal,Bhopal,"KAROND-GANDHI NAGAR, BY PASS ROAD",452493,23.272927,77.409265,Private-Self Financing,"Rajiv Gandhi Proudyogiki Vishwavidyalaya, Bhopal",Approved,Approved,B,No,,Tier 3,http://www.trubainformation.ac.in,info@trubainformation.ac.in,admissions@trubainformation.ac.in,placement@trubainformation.ac.in,+91-80-385-2522,Other Engineering Branches,M.Tech,66,534,2007,Urban,Yes,Yes
1-44643128830,1-44643128830,U-0441,TRUBA INSTITUTE OF ENGINEERING & INFORMATION TECHNOLOGY,Active,Madhya Pradesh,Bhopal,Bhopal,"KAROND-GANDHI NAGAR, BY PASS ROAD",452493,23.272927,77.409265,Private-Self Financing,"Rajiv Gandhi Proudyogiki Vishwavidyalaya, Bhopal",Approved,Approved,B,No,,Tier 3,http://www.trubainformation.ac.in,info@trubainformation.ac.in,admissions@trubainformation.ac.in,placement@trubainformation.ac.in,+91-80-385-2522,Data Science,B.Tech,60,534,2007,Urban,Yes,Yes
1-44643128830,1-44643128830,U-0441,TRUBA INSTITUTE OF ENGINEERING & INFORMATION TECHNOLOGY,Active,Madhya Pradesh,Bhopal,Bhopal,"KAROND-GANDHI NAGAR, BY PASS ROAD",452493,23.272927,77.409265,Private-Self Financing,"Rajiv Gandhi Proudyogiki Vishwavidyalaya, Bhopal",Approved,Approved,B,No,,Tier 3,http://www.trubainformation.ac.in,info@trubainformation.ac.in,admissions@trubainformation.ac.in,placement@trubainformation.ac.in,+91-80-385-2522,Information Technology (IT),B.Tech,30,534,2007,Urban,Yes,Yes
1-44643222893,1-44643222893,U-0441,SWAMI VIVEKANAND COLLEGE OF ENGINEERING,Active,Madhya Pradesh,Indore,Indore,KHANDWA ROAD NEAR TOLL NAKA INDORE ( M.P.) 452 020 MADHYA PRADESH,452012,22.737859,75.86231,Private-Self Financing,"Rajiv Gandhi Proudyogiki Vishwavidyalaya, Bhopal",Approved,Approved,Not Accredited,No,,Tier 3,http://www.swamivivekanand.ac.in,info@swamivivekanand.ac.in,admissions@swamivivekanand.ac.in,placement@swamivivekanand.ac.in,+91-80-604-6749,Other Engineering Branches,M.Tech,36,732,1984,Urban,Yes,Yes
1-44643222893,1-44643222893,U-0441,SWAMI VIVEKANAND COLLEGE OF ENGINEERING,Active,Madhya Pradesh,Indore,Indore,KHANDWA ROAD NEAR TOLL NAKA INDORE ( M.P.) 452 020 MADHYA PRADESH,452012,22.737859,75.86231,Private-Self Financing,"Rajiv Gandhi Proudyogiki Vishwavidyalaya, Bhopal",Approved,Approved,Not Accredited,No,,Tier 3,http://www.swamivivekanand.ac.in,info@swamivivekanand.ac.in,admissions@swamivivekanand.ac.in,placement@swamivivekanand.ac.in,+91-80-604-6749,Mechanical Engineering,Diploma,60,732,1984,Urban,Yes,Yes
1-44643222893,1-44643222893,U-0441,SWAMI VIVEKANAND COLLEGE OF ENGINEERING,Active,Madhya Pradesh,Indore,Indore,KHANDWA ROAD NEAR TOLL NAKA INDORE ( M.P.) 452 020 MADHYA PRADESH,452012,22.737859,75.86231,Private-Self Financing,"Rajiv Gandhi Proudyogiki Vishwavidyalaya, Bhopal",Approved,Approved,Not Accredited,No,,Tier 3,http://www.swamivivekanand.ac.in,info@swamivivekanand.ac.in,admissions@swamivivekanand.ac.in,placement@swamivivekanand.ac.in,+91-80-604-6749,Civil Engineering,Diploma,60,732,1984,Urban,Yes,Yes
1-44643222893,1-44643222893,U-0441,SWAMI VIVEKANAND COLLEGE OF ENGINEERING,Active,Madhya Pradesh,Indore,Indore,KHANDWA ROAD NEAR TOLL NAKA INDORE ( M.P.) 452 020 MADHYA PRADESH,452012,22.737859,75.86231,Private-Self Financing,"Rajiv Gandhi Proudyogiki Vishwavidyalaya, Bhopal",Approved,Approved,Not Accredited,No,,Tier 3,http://www.swamivivekanand.ac.in,info@swamivivekanand.ac.in,admissions@swamivivekanand.ac.in,placement@swamivivekanand.ac.in,+91-80-604-6749,Computer Science Engineering (CSE),B.Tech,180,732,1984,Urban,Yes,Yes
1-44643222893,1-44643222893,U-0441,SWAMI VIVEKANAND COLLEGE OF ENGINEERING,Active,Madhya Pradesh,Indore,Indore,KHANDWA ROAD NEAR TOLL NAKA INDORE ( M.P.) 452 020 MADHYA PRADESH,452012,22.737859,75.86231,Private-Self Financing,"Rajiv Gandhi Proudyogiki Vishwavidyalaya, Bhopal",Approved,Approved,Not Accredited,No,,Tier 3,http://www.swamivivekanand.ac.in,info@swamivivekanand.ac.in,admissions@swamivivekanand.ac.in,placement@swamivivekanand.ac.in,+91-80-604-6749,Electrical & Electronics Engineering (EEE),B.Tech,60,732,1984,Urban,Yes,Yes
1-44643222893,1-44643222893,U-0441,SWAMI VIVEKANAND COLLEGE OF ENGINEERING,Active,Madhya Pradesh,Indore,Indore,KHANDWA ROAD NEAR TOLL NAKA INDORE ( M.P.) 452 020 MADHYA PRADESH,452012,22.737859,75.86231,Private-Self Financing,"Rajiv Gandhi Proudyogiki Vishwavidyalaya, Bhopal",Approved,Approved,Not Accredited,No,,Tier 3,http://www.swamivivekanand.ac.in,info@swamivivekanand.ac.in,admissions@swamivivekanand.ac.in,placement@swamivivekanand.ac.in,+91-80-604-6749,Electronics & Communication Engineering (ECE),B.Tech,60,732,1984,Urban,Yes,Yes
1-44643222893,1-44643222893,U-0441,SWAMI VIVEKANAND COLLEGE OF ENGINEERING,Active,Madhya Pradesh,Indore,Indore,KHANDWA ROAD NEAR TOLL NAKA INDORE ( M.P.) 452 020 MADHYA PRADESH,452012,22.737859,75.86231,Private-Self Financing,"Rajiv Gandhi Proudyogiki Vishwavidyalaya, Bhopal",Approved,Approved,Not Accredited,No,,Tier 3,http://www.swamivivekanand.ac.in,info@swamivivekanand.ac.in,admissions@swamivivekanand.ac.in,placement@swamivivekanand.ac.in,+91-80-604-6749,Information Technology (IT),B.Tech,120,732,1984,Urban,Yes,Yes
1-44643222893,1-44643222893,U-0441,SWAMI VIVEKANAND COLLEGE OF ENGINEERING,Active,Madhya Pradesh,Indore,Indore,KHANDWA ROAD NEAR TOLL NAKA INDORE ( M.P.) 452 020 MADHYA PRADESH,452012,22.737859,75.86231,Private-Self Financing,"Rajiv Gandhi Proudyogiki Vishwavidyalaya, Bhopal",Approved,Approved,Not Accredited,No,,Tier 3,http://www.swamivivekanand.ac.in,info@swamivivekanand.ac.in,admissions@swamivivekanand.ac.in,placement@swamivivekanand.ac.in,+91-80-604-6749,Mechanical Engineering,B.Tech,60,732,1984,Urban,Yes,Yes
1-44643222893,1-44643222893,U-0441,SWAMI VIVEKANAND COLLEGE OF ENGINEERING,Active,Madhya Pradesh,Indore,Indore,KHANDWA ROAD NEAR TOLL NAKA INDORE ( M.P.) 452 020 MADHYA PRADESH,452012,22.737859,75.86231,Private-Self Financing,"Rajiv Gandhi Proudyogiki Vishwavidyalaya, Bhopal",Approved,Approved,Not Accredited,No,,Tier 3,http://www.swamivivekanand.ac.in,info@swamivivekanand.ac.in,admissions@swamivivekanand.ac.in,placement@swamivivekanand.ac.in,+91-80-604-6749,Mechanical Engineering,M.Tech,18,732,1984,Urban,Yes,Yes
1-44643222893,1-44643222893,U-0441,SWAMI VIVEKANAND COLLEGE OF ENGINEERING,Active,Madhya Pradesh,Indore,Indore,KHANDWA ROAD NEAR TOLL NAKA INDORE ( M.P.) 452 020 MADHYA PRADESH,452012,22.737859,75.86231,Private-Self Financing,"Rajiv Gandhi Proudyogiki Vishwavidyalaya, Bhopal",Approved,Approved,Not Accredited,No,,Tier 3,http://www.swamivivekanand.ac.in,info@swamivivekanand.ac.in,admissions@swamivivekanand.ac.in,placement@swamivivekanand.ac.in,+91-80-604-6749,Civil Engineering,B.Tech,60,732,1984,Urban,Yes,Yes
1-44643222893,1-44643222893,U-0441,SWAMI VIVEKANAND COLLEGE OF ENGINEERING,Active,Madhya Pradesh,Indore,Indore,KHANDWA ROAD NEAR TOLL NAKA INDORE ( M.P.) 452 020 MADHYA PRADESH,452012,22.737859,75.86231,Private-Self Financing,"Rajiv Gandhi Proudyogiki Vishwavidyalaya, Bhopal",Approved,Approved,Not Accredited,No,,Tier 3,http://www.swamivivekanand.ac.in,info@swamivivekanand.ac.in,admissions@swamivivekanand.ac.in,placement@swamivivekanand.ac.in,+91-80-604-6749,Computer Science Engineering (CSE),M.Tech,18,732,1984,Urban,Yes,Yes
1-44643438752,1-44643438752,U-0992,"UNIVERSITY INSTITUTE OF TECHNOLOGY, BARKATULLAH UNIVERSITY",Active,Madhya Pradesh,Bhopal,Bhopal,BARKATULLAH UNIVERSITY CAMPUS HOSHANGABAD ROAD BHOPAL,452493,23.246276,77.392701,State Government University,NOT APPLICABLE,Approved,Approved,A+,Yes,,Tier 2,http://www.barkatullah.ac.in,info@barkatullah.ac.in,admissions@barkatullah.ac.in,placement@barkatullah.ac.in,+91-80-267-4432,Computer Science Engineering (CSE),B.Tech,120,558,1987,Rural,No,Yes
1-44643438752,1-44643438752,U-0992,"UNIVERSITY INSTITUTE OF TECHNOLOGY, BARKATULLAH UNIVERSITY",Active,Madhya Pradesh,Bhopal,Bhopal,BARKATULLAH UNIVERSITY CAMPUS HOSHANGABAD ROAD BHOPAL,452493,23.246276,77.392701,State Government University,NOT APPLICABLE,Approved,Approved,A+,Yes,,Tier 2,http://www.barkatullah.ac.in,info@barkatullah.ac.in,admissions@barkatullah.ac.in,placement@barkatullah.ac.in,+91-80-267-4432,Electronics & Communication Engineering (ECE),B.Tech,60,558,1987,Rural,No,Yes
1-44643438752,1-44643438752,U-0992,"UNIVERSITY INSTITUTE OF TECHNOLOGY, BARKATULLAH UNIVERSITY",Active,Madhya Pradesh,Bhopal,Bhopal,BARKATULLAH UNIVERSITY CAMPUS HOSHANGABAD ROAD BHOPAL,452493,23.246276,77.392701,State Government University,NOT APPLICABLE,Approved,Approved,A+,Yes,,Tier 2,http://www.barkatullah.ac.in,info@barkatullah.ac.in,admissions@barkatullah.ac.in,placement@barkatullah.ac.in,+91-80-267-4432,Mechanical Engineering,B.Tech,60,558,1987,Rural,No,Yes
1-44643438752,1-44643438752,U-0992,"UNIVERSITY INSTITUTE OF TECHNOLOGY, BARKATULLAH UNIVERSITY",Active,Madhya Pradesh,Bhopal,Bhopal,BARKATULLAH UNIVERSITY CAMPUS HOSHANGABAD ROAD BHOPAL,452493,23.246276,77.392701,State Government University,NOT APPLICABLE,Approved,Approved,A+,Yes,,Tier 2,http://www.barkatullah.ac.in,info@barkatullah.ac.in,admissions@barkatullah.ac.in,placement@barkatullah.ac.in,+91-80-267-4432,Information Technology (IT),B.Tech,120,558,1987,Rural,No,Yes
1-44643438752,1-44643438752,U-0992,"UNIVERSITY INSTITUTE OF TECHNOLOGY, BARKATULLAH UNIVERSITY",Active,Madhya Pradesh,Bhopal,Bhopal,BARKATULLAH UNIVERSITY CAMPUS HOSHANGABAD ROAD BHOPAL,452493,23.246276,77.392701,State Government University,NOT APPLICABLE,Approved,Approved,A+,Yes,,Tier 2,http://www.barkatullah.ac.in,info@barkatullah.ac.in,admissions@barkatullah.ac.in,placement@barkatullah.ac.in,+91-80-267-4432,Civil Engineering,B.Tech,60,558,1987,Rural,No,Yes
1-44643438752,1-44643438752,U-0992,"UNIVERSITY INSTITUTE OF TECHNOLOGY, BARKATULLAH UNIVERSITY",Active,Madhya Pradesh,Bhopal,Bhopal,BARKATULLAH UNIVERSITY CAMPUS HOSHANGABAD ROAD BHOPAL,452493,23.246276,77.392701,State Government University,NOT APPLICABLE,Approved,Approved,A+,Yes,,Tier 2,http://www.barkatullah.ac.in,info@barkatullah.ac.in,admissions@barkatullah.ac.in,placement@barkatullah.ac.in,+91-80-267-4432,Computer Science Engineering (CSE),M.Tech,18,558,1987,Rural,No,Yes
1-44643438752,1-44643438752,U-0992,"UNIVERSITY INSTITUTE OF TECHNOLOGY, BARKATULLAH UNIVERSITY",Active,Madhya Pradesh,Bhopal,Bhopal,BARKATULLAH UNIVERSITY CAMPUS HOSHANGABAD ROAD BHOPAL,452493,23.246276,77.392701,State Government University,NOT APPLICABLE,Approved,Approved,A+,Yes,,Tier 2,http://www.barkatullah.ac.in,info@barkatullah.ac.in,admissions@barkatullah.ac.in,placement@barkatullah.ac.in,+91-80-267-4432,Information Technology (IT),M.Tech,36,558,1987,Rural,No,Yes
1-44643438752,1-44643438752,U-0992,"UNIVERSITY INSTITUTE OF TECHNOLOGY, BARKATULLAH UNIVERSITY",Active,Madhya Pradesh,Bhopal,Bhopal,BARKATULLAH UNIVERSITY CAMPUS HOSHANGABAD ROAD BHOPAL,452493,23.246276,77.392701,State Government University,NOT APPLICABLE,Approved,Approved,A+,Yes,,Tier 2,http://www.barkatullah.ac.in,info@barkatullah.ac.in,admissions@barkatullah.ac.in,placement@barkatullah.ac.in,+91-80-267-4432,Other Engineering Branches,M.Tech,54,558,1987,Rural,No,Yes
1-44643438752,1-44643438752,U-0992,"UNIVERSITY INSTITUTE OF TECHNOLOGY, BARKATULLAH UNIVERSITY",Active,Madhya Pradesh,Bhopal,Bhopal,BARKATULLAH UNIVERSITY CAMPUS HOSHANGABAD ROAD BHOPAL,452493,23.246276,77.392701,State Government University,NOT APPLICABLE,Approved,Approved,A+,Yes,,Tier 2,http://www.barkatullah.ac.in,info@barkatullah.ac.in,admissions@barkatullah.ac.in,placement@barkatullah.ac.in,+91-80-267-4432,Electrical & Electronics Engineering (EEE),B.Tech,30,558,1987,Rural,No,Yes
1-44643616348,1-44643616348,U-0441,VINDHYA INSTITUTE OF TECHNOLOGY AND SCIENCE,Active,Madhya Pradesh,Satna,Satna,KARHI ROAD AMOUDHA SATNA,452237,22.992478,78.645462,Private-Self Financing,"Rajiv Gandhi Proudyogiki Vishwavidyalaya, Bhopal",Approved,Approved,B++,No,,Tier 3,http://www.vindhyascience.ac.in,info@vindhyascience.ac.in,admissions@vindhyascience.ac.in,placement@vindhyascience.ac.in,+91-80-639-0198,Computer Science Engineering (CSE),B.Tech,120,690,1982,Urban,Yes,Yes
1-44643616348,1-44643616348,U-0441,VINDHYA INSTITUTE OF TECHNOLOGY AND SCIENCE,Active,Madhya Pradesh,Satna,Satna,KARHI ROAD AMOUDHA SATNA,452237,22.992478,78.645462,Private-Self Financing,"Rajiv Gandhi Proudyogiki Vishwavidyalaya, Bhopal",Approved,Approved,B++,No,,Tier 3,http://www.vindhyascience.ac.in,info@vindhyascience.ac.in,admissions@vindhyascience.ac.in,placement@vindhyascience.ac.in,+91-80-639-0198,Electrical Engineering,B.Tech,60,690,1982,Urban,Yes,Yes
1-44643616348,1-44643616348,U-0441,VINDHYA INSTITUTE OF TECHNOLOGY AND SCIENCE,Active,Madhya Pradesh,Satna,Satna,KARHI ROAD AMOUDHA SATNA,452237,22.992478,78.645462,Private-Self Financing,"Rajiv Gandhi Proudyogiki Vishwavidyalaya, Bhopal",Approved,Approved,B++,No,,Tier 3,http://www.vindhyascience.ac.in,info@vindhyascience.ac.in,admissions@vindhyascience.ac.in,placement@vindhyascience.ac.in,+91-80-639-0198,Mechanical Engineering,B.Tech,60,690,1982,Urban,Yes,Yes
1-44643616348,1-44643616348,U-0441,VINDHYA INSTITUTE OF TECHNOLOGY AND SCIENCE,Active,Madhya Pradesh,Satna,Satna,KARHI ROAD AMOUDHA SATNA,452237,22.992478,78.645462,Private-Self Financing,"Rajiv Gandhi Proudyogiki Vishwavidyalaya, Bhopal",Approved,Approved,B++,No,,Tier 3,http://www.vindhyascience.ac.in,info@vindhyascience.ac.in,admissions@vindhyascience.ac.in,placement@vindhyascience.ac.in,+91-80-639-0198,Mechanical Engineering,Diploma,120,690,1982,Urban,Yes,Yes
1-44643616348,1-44643616348,U-0441,VINDHYA INSTITUTE OF TECHNOLOGY AND SCIENCE,Active,Madhya Pradesh,Satna,Satna,KARHI ROAD AMOUDHA SATNA,452237,22.992478,78.645462,Private-Self Financing,"Rajiv Gandhi Proudyogiki Vishwavidyalaya, Bhopal",Approved,Approved,B++,No,,Tier 3,http://www.vindhyascience.ac.in,info@vindhyascience.ac.in,admissions@vindhyascience.ac.in,placement@vindhyascience.ac.in,+91-80-639-0198,Electrical Engineering,Diploma,90,690,1982,Urban,Yes,Yes
1-44643616348,1-44643616348,U-0441,VINDHYA INSTITUTE OF TECHNOLOGY AND SCIENCE,Active,Madhya Pradesh,Satna,Satna,KARHI ROAD AMOUDHA SATNA,452237,22.992478,78.645462,Private-Self Financing,"Rajiv Gandhi Proudyogiki Vishwavidyalaya, Bhopal",Approved,Approved,B++,No,,Tier 3,http://www.vindhyascience.ac.in,info@vindhyascience.ac.in,admissions@vindhyascience.ac.in,placement@vindhyascience.ac.in,+91-80-639-0198,Artificial Intelligence & Machine Learning (AI & ML),B.Tech,60,690,1982,Urban,Yes,Yes
1-44643616348,1-44643616348,U-0441,VINDHYA INSTITUTE OF TECHNOLOGY AND SCIENCE,Active,Madhya Pradesh,Satna,Satna,KARHI ROAD AMOUDHA SATNA,452237,22.992478,78.645462,Private-Self Financing,"Rajiv Gandhi Proudyogiki Vishwavidyalaya, Bhopal",Approved,Approved,B++,No,,Tier 3,http://www.vindhyascience.ac.in,info@vindhyascience.ac.in,admissions@vindhyascience.ac.in,placement@vindhyascience.ac.in,+91-80-639-0198,Civil Engineering,Diploma,60,690,1982,Urban,Yes,Yes
1-44643616348,1-44643616348,U-0441,VINDHYA INSTITUTE OF TECHNOLOGY AND SCIENCE,Active,Madhya Pradesh,Satna,Satna,KARHI ROAD AMOUDHA SATNA,452237,22.992478,78.645462,Private-Self Financing,"Rajiv Gandhi Proudyogiki Vishwavidyalaya, Bhopal",Approved,Approved,B++,No,,Tier 3,http://www.vindhyascience.ac.in,info@vindhyascience.ac.in,admissions@vindhyascience.ac.in,placement@vindhyascience.ac.in,+91-80-639-0198,Mining Engineering,Diploma,60,690,1982,Urban,Yes,Yes
1-44643616348,1-44643616348,U-0441,VINDHYA INSTITUTE OF TECHNOLOGY AND SCIENCE,Active,Madhya Pradesh,Satna,Satna,KARHI ROAD AMOUDHA SATNA,452237,22.992478,78.645462,Private-Self Financing,"Rajiv Gandhi Proudyogiki Vishwavidyalaya, Bhopal",Approved,Approved,B++,No,,Tier 3,http://www.vindhyascience.ac.in,info@vindhyascience.ac.in,admissions@vindhyascience.ac.in,placement@vindhyascience.ac.in,+91-80-639-0198,Computer Science Engineering (CSE),Diploma,60,690,1982,Urban,Yes,Yes
1-44643439440,1-44643439440,U-0441,"PRESTIGE INSTITUTE OF MANAGEMENT AND RESEARCH, BHOPAL",Active,Madhya Pradesh,Bhopal,Bhopal,"HATHAI KHEDA ,KOKTA BY PASS , RAISEN ROAD ,TEHSIL HUZUR BHOPAL",452493,23.255513,77.421881,Private-Self Financing,"Rajiv Gandhi Proudyogiki Vishwavidyalaya, Bhopal",Approved,Approved,A,No,,Tier 3,http://www.prestigemanagementresearch.ac.in,info@prestigemanagementresearch.ac.in,admissions@prestigemanagementresearch.ac.in,placement@prestigemanagementresearch.ac.in,+91-80-654-8667,Information Technology (IT),M.Tech,18,672,1987,Urban,Yes,Yes
1-44643439440,1-44643439440,U-0441,"PRESTIGE INSTITUTE OF MANAGEMENT AND RESEARCH, BHOPAL",Active,Madhya Pradesh,Bhopal,Bhopal,"HATHAI KHEDA ,KOKTA BY PASS , RAISEN ROAD ,TEHSIL HUZUR BHOPAL",452493,23.255513,77.421881,Private-Self Financing,"Rajiv Gandhi Proudyogiki Vishwavidyalaya, Bhopal",Approved,Approved,A,No,,Tier 3,http://www.prestigemanagementresearch.ac.in,info@prestigemanagementresearch.ac.in,admissions@prestigemanagementresearch.ac.in,placement@prestigemanagementresearch.ac.in,+91-80-654-8667,Mechanical Engineering,B.Tech,120,672,1987,Urban,Yes,Yes
1-44643439440,1-44643439440,U-0441,"PRESTIGE INSTITUTE OF MANAGEMENT AND RESEARCH, BHOPAL",Active,Madhya Pradesh,Bhopal,Bhopal,"HATHAI KHEDA ,KOKTA BY PASS , RAISEN ROAD ,TEHSIL HUZUR BHOPAL",452493,23.255513,77.421881,Private-Self Financing,"Rajiv Gandhi Proudyogiki Vishwavidyalaya, Bhopal",Approved,Approved,A,No,,Tier 3,http://www.prestigemanagementresearch.ac.in,info@prestigemanagementresearch.ac.in,admissions@prestigemanagementresearch.ac.in,placement@prestigemanagementresearch.ac.in,+91-80-654-8667,Electronics & Communication Engineering (ECE),B.Tech,60,672,1987,Urban,Yes,Yes
1-44643439440,1-44643439440,U-0441,"PRESTIGE INSTITUTE OF MANAGEMENT AND RESEARCH, BHOPAL",Active,Madhya Pradesh,Bhopal,Bhopal,"HATHAI KHEDA ,KOKTA BY PASS , RAISEN ROAD ,TEHSIL HUZUR BHOPAL",452493,23.255513,77.421881,Private-Self Financing,"Rajiv Gandhi Proudyogiki Vishwavidyalaya, Bhopal",Approved,Approved,A,No,,Tier 3,http://www.prestigemanagementresearch.ac.in,info@prestigemanagementresearch.ac.in,admissions@prestigemanagementresearch.ac.in,placement@prestigemanagementresearch.ac.in,+91-80-654-8667,Electrical & Electronics Engineering (EEE),B.Tech,60,672,1987,Urban,Yes,Yes
1-44643439440,1-44643439440,U-0441,"PRESTIGE INSTITUTE OF MANAGEMENT AND RESEARCH, BHOPAL",Active,Madhya Pradesh,Bhopal,Bhopal,"HATHAI KHEDA ,KOKTA BY PASS , RAISEN ROAD ,TEHSIL HUZUR BHOPAL",452493,23.255513,77.421881,Private-Self Financing,"Rajiv Gandhi Proudyogiki Vishwavidyalaya, Bhopal",Approved,Approved,A,No,,Tier 3,http://www.prestigemanagementresearch.ac.in,info@prestigemanagementresearch.ac.in,admissions@prestigemanagementresearch.ac.in,placement@prestigemanagementresearch.ac.in,+91-80-654-8667,Civil Engineering,B.Tech,60,672,1987,Urban,Yes,Yes
1-44643439440,1-44643439440,U-0441,"PRESTIGE INSTITUTE OF MANAGEMENT AND RESEARCH, BHOPAL",Active,Madhya Pradesh,Bhopal,Bhopal,"HATHAI KHEDA ,KOKTA BY PASS , RAISEN ROAD ,TEHSIL HUZUR BHOPAL",452493,23.255513,77.421881,Private-Self Financing,"Rajiv Gandhi Proudyogiki Vishwavidyalaya, Bhopal",Approved,Approved,A,No,,Tier 3,http://www.prestigemanagementresearch.ac.in,info@prestigemanagementresearch.ac.in,admissions@prestigemanagementresearch.ac.in,placement@prestigemanagementresearch.ac.in,+91-80-654-8667,Other Engineering Branches,M.Tech,54,672,1987,Urban,Yes,Yes
1-44643439440,1-44643439440,U-0441,"PRESTIGE INSTITUTE OF MANAGEMENT AND RESEARCH, BHOPAL",Active,Madhya Pradesh,Bhopal,Bhopal,"HATHAI KHEDA ,KOKTA BY PASS , RAISEN ROAD ,TEHSIL HUZUR BHOPAL",452493,23.255513,77.421881,Private-Self Financing,"Rajiv Gandhi Proudyogiki Vishwavidyalaya, Bhopal",Approved,Approved,A,No,,Tier 3,http://www.prestigemanagementresearch.ac.in,info@prestigemanagementresearch.ac.in,admissions@prestigemanagementresearch.ac.in,placement@prestigemanagementresearch.ac.in,+91-80-654-8667,Computer Science Engineering (CSE),B.Tech,180,672,1987,Urban,Yes,Yes
1-44643439440,1-44643439440,U-0441,"PRESTIGE INSTITUTE OF MANAGEMENT AND RESEARCH, BHOPAL",Active,Madhya Pradesh,Bhopal,Bhopal,"HATHAI KHEDA ,KOKTA BY PASS , RAISEN ROAD ,TEHSIL HUZUR BHOPAL",452493,23.255513,77.421881,Private-Self Financing,"Rajiv Gandhi Proudyogiki Vishwavidyalaya, Bhopal",Approved,Approved,A,No,,Tier 3,http://www.prestigemanagementresearch.ac.in,info@prestigemanagementresearch.ac.in,admissions@prestigemanagementresearch.ac.in,placement@prestigemanagementresearch.ac.in,+91-80-654-8667,Data Science,B.Tech,60,672,1987,Urban,Yes,Yes
1-44643439440,1-44643439440,U-0441,"PRESTIGE INSTITUTE OF MANAGEMENT AND RESEARCH, BHOPAL",Active,Madhya Pradesh,Bhopal,Bhopal,"HATHAI KHEDA ,KOKTA BY PASS , RAISEN ROAD ,TEHSIL HUZUR BHOPAL",452493,23.255513,77.421881,Private-Self Financing,"Rajiv Gandhi Proudyogiki Vishwavidyalaya, Bhopal",Approved,Approved,A,No,,Tier 3,http://www.prestigemanagementresearch.ac.in,info@prestigemanagementresearch.ac.in,admissions@prestigemanagementresearch.ac.in,placement@prestigemanagementresearch.ac.in,+91-80-654-8667,Artificial Intelligence & Machine Learning (AI & ML),B.Tech,60,672,1987,Urban,Yes,Yes
1-44643441185,1-44643441185,U-0441,LAXMIPATI INSTITUTE OE SCIENCE &TECHNOLOGY BHOPAL,Active,Madhya Pradesh,Bhopal,Bhopal,"OPP. NEW SOS VILLAGE, AMJHARA ROAD, KHAJURI KALAN, RAISEN ROAD, BHOPAL",452493,23.248219,77.403021,Private-Self Financing,"Rajiv Gandhi Proudyogiki Vishwavidyalaya, Bhopal",Approved,Approved,B++,No,,Tier 3,http://www.laxmipatioescience.ac.in,info@laxmipatioescience.ac.in,admissions@laxmipatioescience.ac.in,placement@laxmipatioescience.ac.in,+91-80-348-9346,Mechanical Engineering,Diploma,60,450,2014,Urban,No,Yes
1-44643441185,1-44643441185,U-0441,LAXMIPATI INSTITUTE OE SCIENCE &TECHNOLOGY BHOPAL,Active,Madhya Pradesh,Bhopal,Bhopal,"OPP. NEW SOS VILLAGE, AMJHARA ROAD, KHAJURI KALAN, RAISEN ROAD, BHOPAL",452493,23.248219,77.403021,Private-Self Financing,"Rajiv Gandhi Proudyogiki Vishwavidyalaya, Bhopal",Approved,Approved,B++,No,,Tier 3,http://www.laxmipatioescience.ac.in,info@laxmipatioescience.ac.in,admissions@laxmipatioescience.ac.in,placement@laxmipatioescience.ac.in,+91-80-348-9346,Civil Engineering,Diploma,60,450,2014,Urban,No,Yes
1-44643441185,1-44643441185,U-0441,LAXMIPATI INSTITUTE OE SCIENCE &TECHNOLOGY BHOPAL,Active,Madhya Pradesh,Bhopal,Bhopal,"OPP. NEW SOS VILLAGE, AMJHARA ROAD, KHAJURI KALAN, RAISEN ROAD, BHOPAL",452493,23.248219,77.403021,Private-Self Financing,"Rajiv Gandhi Proudyogiki Vishwavidyalaya, Bhopal",Approved,Approved,B++,No,,Tier 3,http://www.laxmipatioescience.ac.in,info@laxmipatioescience.ac.in,admissions@laxmipatioescience.ac.in,placement@laxmipatioescience.ac.in,+91-80-348-9346,Electronics & Communication Engineering (ECE),B.Tech,30,450,2014,Urban,No,Yes
1-44643441185,1-44643441185,U-0441,LAXMIPATI INSTITUTE OE SCIENCE &TECHNOLOGY BHOPAL,Active,Madhya Pradesh,Bhopal,Bhopal,"OPP. NEW SOS VILLAGE, AMJHARA ROAD, KHAJURI KALAN, RAISEN ROAD, BHOPAL",452493,23.248219,77.403021,Private-Self Financing,"Rajiv Gandhi Proudyogiki Vishwavidyalaya, Bhopal",Approved,Approved,B++,No,,Tier 3,http://www.laxmipatioescience.ac.in,info@laxmipatioescience.ac.in,admissions@laxmipatioescience.ac.in,placement@laxmipatioescience.ac.in,+91-80-348-9346,Computer Science Engineering (CSE),B.Tech,60,450,2014,Urban,No,Yes
1-44643441185,1-44643441185,U-0441,LAXMIPATI INSTITUTE OE SCIENCE &TECHNOLOGY BHOPAL,Active,Madhya Pradesh,Bhopal,Bhopal,"OPP. NEW SOS VILLAGE, AMJHARA ROAD, KHAJURI KALAN, RAISEN ROAD, BHOPAL",452493,23.248219,77.403021,Private-Self Financing,"Rajiv Gandhi Proudyogiki Vishwavidyalaya, Bhopal",Approved,Approved,B++,No,,Tier 3,http://www.laxmipatioescience.ac.in,info@laxmipatioescience.ac.in,admissions@laxmipatioescience.ac.in,placement@laxmipatioescience.ac.in,+91-80-348-9346,Electrical & Electronics Engineering (EEE),B.Tech,60,450,2014,Urban,No,Yes
1-44643441185,1-44643441185,U-0441,LAXMIPATI INSTITUTE OE SCIENCE &TECHNOLOGY BHOPAL,Active,Madhya Pradesh,Bhopal,Bhopal,"OPP. NEW SOS VILLAGE, AMJHARA ROAD, KHAJURI KALAN, RAISEN ROAD, BHOPAL",452493,23.248219,77.403021,Private-Self Financing,"Rajiv Gandhi Proudyogiki Vishwavidyalaya, Bhopal",Approved,Approved,B++,No,,Tier 3,http://www.laxmipatioescience.ac.in,info@laxmipatioescience.ac.in,admissions@laxmipatioescience.ac.in,placement@laxmipatioescience.ac.in,+91-80-348-9346,Mechanical Engineering,B.Tech,60,450,2014,Urban,No,Yes
1-44643441185,1-44643441185,U-0441,LAXMIPATI INSTITUTE OE SCIENCE &TECHNOLOGY BHOPAL,Active,Madhya Pradesh,Bhopal,Bhopal,"OPP. NEW SOS VILLAGE, AMJHARA ROAD, KHAJURI KALAN, RAISEN ROAD, BHOPAL",452493,23.248219,77.403021,Private-Self Financing,"Rajiv Gandhi Proudyogiki Vishwavidyalaya, Bhopal",Approved,Approved,B++,No,,Tier 3,http://www.laxmipatioescience.ac.in,info@laxmipatioescience.ac.in,admissions@laxmipatioescience.ac.in,placement@laxmipatioescience.ac.in,+91-80-348-9346,Civil Engineering,B.Tech,60,450,2014,Urban,No,Yes
1-44643441185,1-44643441185,U-0441,LAXMIPATI INSTITUTE OE SCIENCE &TECHNOLOGY BHOPAL,Active,Madhya Pradesh,Bhopal,Bhopal,"OPP. NEW SOS VILLAGE, AMJHARA ROAD, KHAJURI KALAN, RAISEN ROAD, BHOPAL",452493,23.248219,77.403021,Private-Self Financing,"Rajiv Gandhi Proudyogiki Vishwavidyalaya, Bhopal",Approved,Approved,B++,No,,Tier 3,http://www.laxmipatioescience.ac.in,info@laxmipatioescience.ac.in,admissions@laxmipatioescience.ac.in,placement@laxmipatioescience.ac.in,+91-80-348-9346,Electrical Engineering,Diploma,60,450,2014,Urban,No,Yes
1-44643441773,1-44643441773,U-0441,LNCT (BHOPAL) INDORE CAMPUS,Active,Madhya Pradesh,Indore,Indore,"GRAM-BHESALAV,RAU,PITHAMPUR NEAR IIM INFRONT OF STEEL TUBES INDIA,INDORE",452012,22.716768,75.858423,Private-Self Financing,"Rajiv Gandhi Proudyogiki Vishwavidyalaya, Bhopal",Approved,Approved,A+,Yes,,Tier 2,http://www.lnctbhopalindore.ac.in,info@lnctbhopalindore.ac.in,admissions@lnctbhopalindore.ac.in,placement@lnctbhopalindore.ac.in,+91-80-720-0900,Civil Engineering,B.Tech,60,336,2018,Rural,Yes,Yes
1-44643441773,1-44643441773,U-0441,LNCT (BHOPAL) INDORE CAMPUS,Active,Madhya Pradesh,Indore,Indore,"GRAM-BHESALAV,RAU,PITHAMPUR NEAR IIM INFRONT OF STEEL TUBES INDIA,INDORE",452012,22.716768,75.858423,Private-Self Financing,"Rajiv Gandhi Proudyogiki Vishwavidyalaya, Bhopal",Approved,Approved,A+,Yes,,Tier 2,http://www.lnctbhopalindore.ac.in,info@lnctbhopalindore.ac.in,admissions@lnctbhopalindore.ac.in,placement@lnctbhopalindore.ac.in,+91-80-720-0900,Computer Science Engineering (CSE),B.Tech,180,336,2018,Rural,Yes,Yes
1-44643441773,1-44643441773,U-0441,LNCT (BHOPAL) INDORE CAMPUS,Active,Madhya Pradesh,Indore,Indore,"GRAM-BHESALAV,RAU,PITHAMPUR NEAR IIM INFRONT OF STEEL TUBES INDIA,INDORE",452012,22.716768,75.858423,Private-Self Financing,"Rajiv Gandhi Proudyogiki Vishwavidyalaya, Bhopal",Approved,Approved,A+,Yes,,Tier 2,http://www.lnctbhopalindore.ac.in,info@lnctbhopalindore.ac.in,admissions@lnctbhopalindore.ac.in,placement@lnctbhopalindore.ac.in,+91-80-720-0900,Electronics & Communication Engineering (ECE),B.Tech,30,336,2018,Rural,Yes,Yes
1-44643441773,1-44643441773,U-0441,LNCT (BHOPAL) INDORE CAMPUS,Active,Madhya Pradesh,Indore,Indore,"GRAM-BHESALAV,RAU,PITHAMPUR NEAR IIM INFRONT OF STEEL TUBES INDIA,INDORE",452012,22.716768,75.858423,Private-Self Financing,"Rajiv Gandhi Proudyogiki Vishwavidyalaya, Bhopal",Approved,Approved,A+,Yes,,Tier 2,http://www.lnctbhopalindore.ac.in,info@lnctbhopalindore.ac.in,admissions@lnctbhopalindore.ac.in,placement@lnctbhopalindore.ac.in,+91-80-720-0900,Computer Science Engineering (CSE),M.Tech,18,336,2018,Rural,Yes,Yes
1-44643441773,1-44643441773,U-0441,LNCT (BHOPAL) INDORE CAMPUS,Active,Madhya Pradesh,Indore,Indore,"GRAM-BHESALAV,RAU,PITHAMPUR NEAR IIM INFRONT OF STEEL TUBES INDIA,INDORE",452012,22.716768,75.858423,Private-Self Financing,"Rajiv Gandhi Proudyogiki Vishwavidyalaya, Bhopal",Approved,Approved,A+,Yes,,Tier 2,http://www.lnctbhopalindore.ac.in,info@lnctbhopalindore.ac.in,admissions@lnctbhopalindore.ac.in,placement@lnctbhopalindore.ac.in,+91-80-720-0900,Mechanical Engineering,B.Tech,30,336,2018,Rural,Yes,Yes
1-44643441773,1-44643441773,U-0441,LNCT (BHOPAL) INDORE CAMPUS,Active,Madhya Pradesh,Indore,Indore,"GRAM-BHESALAV,RAU,PITHAMPUR NEAR IIM INFRONT OF STEEL TUBES INDIA,INDORE",452012,22.716768,75.858423,Private-Self Financing,"Rajiv Gandhi Proudyogiki Vishwavidyalaya, Bhopal",Approved,Approved,A+,Yes,,Tier 2,http://www.lnctbhopalindore.ac.in,info@lnctbhopalindore.ac.in,admissions@lnctbhopalindore.ac.in,placement@lnctbhopalindore.ac.in,+91-80-720-0900,Other Engineering Branches,M.Tech,18,336,2018,Rural,Yes,Yes
1-44643529346,1-44643529346,U-0941,"BHABHA COLLEGE OF ENGINEERING, BHOPAL",Active,Madhya Pradesh,Bhopal,Bhopal,"NEAR RGPV CAMPUS, AIRPORT BYPASS ROAD, GONDERMAU, GANDHINAGAR, BHOPAL",452493,23.252135,77.420708,Private-Self Financing,"RKDF UNIVERSITY, BHOPAL",Approved,Approved,A,No,,Tier 3,http://www.bhabhabhopal.ac.in,info@bhabhabhopal.ac.in,admissions@bhabhabhopal.ac.in,placement@bhabhabhopal.ac.in,+91-80-513-1955,Electronics & Communication Engineering (ECE),B.Tech,30,408,1985,Urban,Yes,Yes
1-44643529346,1-44643529346,U-0941,"BHABHA COLLEGE OF ENGINEERING, BHOPAL",Active,Madhya Pradesh,Bhopal,Bhopal,"NEAR RGPV CAMPUS, AIRPORT BYPASS ROAD, GONDERMAU, GANDHINAGAR, BHOPAL",452493,23.252135,77.420708,Private-Self Financing,"RKDF UNIVERSITY, BHOPAL",Approved,Approved,A,No,,Tier 3,http://www.bhabhabhopal.ac.in,info@bhabhabhopal.ac.in,admissions@bhabhabhopal.ac.in,placement@bhabhabhopal.ac.in,+91-80-513-1955,Mechanical Engineering,B.Tech,120,408,1985,Urban,Yes,Yes
1-44643529346,1-44643529346,U-0941,"BHABHA COLLEGE OF ENGINEERING, BHOPAL",Active,Madhya Pradesh,Bhopal,Bhopal,"NEAR RGPV CAMPUS, AIRPORT BYPASS ROAD, GONDERMAU, GANDHINAGAR, BHOPAL",452493,23.252135,77.420708,Private-Self Financing,"RKDF UNIVERSITY, BHOPAL",Approved,Approved,A,No,,Tier 3,http://www.bhabhabhopal.ac.in,info@bhabhabhopal.ac.in,admissions@bhabhabhopal.ac.in,placement@bhabhabhopal.ac.in,+91-80-513-1955,Computer Science Engineering (CSE),B.Tech,30,408,1985,Urban,Yes,Yes
1-44643529346,1-44643529346,U-0941,"BHABHA COLLEGE OF ENGINEERING, BHOPAL",Active,Madhya Pradesh,Bhopal,Bhopal,"NEAR RGPV CAMPUS, AIRPORT BYPASS ROAD, GONDERMAU, GANDHINAGAR, BHOPAL",452493,23.252135,77.420708,Private-Self Financing,"RKDF UNIVERSITY, BHOPAL",Approved,Approved,A,No,,Tier 3,http://www.bhabhabhopal.ac.in,info@bhabhabhopal.ac.in,admissions@bhabhabhopal.ac.in,placement@bhabhabhopal.ac.in,+91-80-513-1955,Information Technology (IT),B.Tech,30,408,1985,Urban,Yes,Yes
1-44643529346,1-44643529346,U-0941,"BHABHA COLLEGE OF ENGINEERING, BHOPAL",Active,Madhya Pradesh,Bhopal,Bhopal,"NEAR RGPV CAMPUS, AIRPORT BYPASS ROAD, GONDERMAU, GANDHINAGAR, BHOPAL",452493,23.252135,77.420708,Private-Self Financing,"RKDF UNIVERSITY, BHOPAL",Approved,Approved,A,No,,Tier 3,http://www.bhabhabhopal.ac.in,info@bhabhabhopal.ac.in,admissions@bhabhabhopal.ac.in,placement@bhabhabhopal.ac.in,+91-80-513-1955,Computer Science Engineering (CSE),M.Tech,12,408,1985,Urban,Yes,Yes
1-44643529346,1-44643529346,U-0941,"BHABHA COLLEGE OF ENGINEERING, BHOPAL",Active,Madhya Pradesh,Bhopal,Bhopal,"NEAR RGPV CAMPUS, AIRPORT BYPASS ROAD, GONDERMAU, GANDHINAGAR, BHOPAL",452493,23.252135,77.420708,Private-Self Financing,"RKDF UNIVERSITY, BHOPAL",Approved,Approved,A,No,,Tier 3,http://www.bhabhabhopal.ac.in,info@bhabhabhopal.ac.in,admissions@bhabhabhopal.ac.in,placement@bhabhabhopal.ac.in,+91-80-513-1955,Electrical Engineering,B.Tech,90,408,1985,Urban,Yes,Yes
1-44643529346,1-44643529346,U-0941,"BHABHA COLLEGE OF ENGINEERING, BHOPAL",Active,Madhya Pradesh,Bhopal,Bhopal,"NEAR RGPV CAMPUS, AIRPORT BYPASS ROAD, GONDERMAU, GANDHINAGAR, BHOPAL",452493,23.252135,77.420708,Private-Self Financing,"RKDF UNIVERSITY, BHOPAL",Approved,Approved,A,No,,Tier 3,http://www.bhabhabhopal.ac.in,info@bhabhabhopal.ac.in,admissions@bhabhabhopal.ac.in,placement@bhabhabhopal.ac.in,+91-80-513-1955,Other Engineering Branches,M.Tech,24,408,1985,Urban,Yes,Yes
1-44643529346,1-44643529346,U-0941,"BHABHA COLLEGE OF ENGINEERING, BHOPAL",Active,Madhya Pradesh,Bhopal,Bhopal,"NEAR RGPV CAMPUS, AIRPORT BYPASS ROAD, GONDERMAU, GANDHINAGAR, BHOPAL",452493,23.252135,77.420708,Private-Self Financing,"RKDF UNIVERSITY, BHOPAL",Approved,Approved,A,No,,Tier 3,http://www.bhabhabhopal.ac.in,info@bhabhabhopal.ac.in,admissions@bhabhabhopal.ac.in,placement@bhabhabhopal.ac.in,+91-80-513-1955,Civil Engineering,B.Tech,60,408,1985,Urban,Yes,Yes
1-44643529346,1-44643529346,U-0941,"BHABHA COLLEGE OF ENGINEERING, BHOPAL",Active,Madhya Pradesh,Bhopal,Bhopal,"NEAR RGPV CAMPUS, AIRPORT BYPASS ROAD, GONDERMAU, GANDHINAGAR, BHOPAL",452493,23.252135,77.420708,Private-Self Financing,"RKDF UNIVERSITY, BHOPAL",Approved,Approved,A,No,,Tier 3,http://www.bhabhabhopal.ac.in,info@bhabhabhopal.ac.in,admissions@bhabhabhopal.ac.in,placement@bhabhabhopal.ac.in,+91-80-513-1955,Information Technology (IT),M.Tech,12,408,1985,Urban,Yes,Yes
1-44643443315,1-44643443315,U-0441,BAGULA MUKHI COLLEGE OF TECHNOLOGY,Active,Madhya Pradesh,Bhopal,Bhopal,"VILLAGE MUGALIYA KOT, NEAR SUKHI SEVANIYA, VIDISHA ROAD, BHOPAL (M.P.)",452493,23.279257,77.409605,Private-Self Financing,"Rajiv Gandhi Proudyogiki Vishwavidyalaya, Bhopal",Approved,Approved,B++,Yes,,Tier 3,http://www.bagulamukhi.ac.in,info@bagulamukhi.ac.in,admissions@bagulamukhi.ac.in,placement@bagulamukhi.ac.in,+91-80-650-7500,Civil Engineering,B.Tech,60,450,2011,Urban,No,Yes
1-44643443315,1-44643443315,U-0441,BAGULA MUKHI COLLEGE OF TECHNOLOGY,Active,Madhya Pradesh,Bhopal,Bhopal,"VILLAGE MUGALIYA KOT, NEAR SUKHI SEVANIYA, VIDISHA ROAD, BHOPAL (M.P.)",452493,23.279257,77.409605,Private-Self Financing,"Rajiv Gandhi Proudyogiki Vishwavidyalaya, Bhopal",Approved,Approved,B++,Yes,,Tier 3,http://www.bagulamukhi.ac.in,info@bagulamukhi.ac.in,admissions@bagulamukhi.ac.in,placement@bagulamukhi.ac.in,+91-80-650-7500,Computer Science Engineering (CSE),B.Tech,180,450,2011,Urban,No,Yes
1-44643443315,1-44643443315,U-0441,BAGULA MUKHI COLLEGE OF TECHNOLOGY,Active,Madhya Pradesh,Bhopal,Bhopal,"VILLAGE MUGALIYA KOT, NEAR SUKHI SEVANIYA, VIDISHA ROAD, BHOPAL (M.P.)",452493,23.279257,77.409605,Private-Self Financing,"Rajiv Gandhi Proudyogiki Vishwavidyalaya, Bhopal",Approved,Approved,B++,Yes,,Tier 3,http://www.bagulamukhi.ac.in,info@bagulamukhi.ac.in,admissions@bagulamukhi.ac.in,placement@bagulamukhi.ac.in,+91-80-650-7500,Mechanical Engineering,B.Tech,60,450,2011,Urban,No,Yes
1-44643443315,1-44643443315,U-0441,BAGULA MUKHI COLLEGE OF TECHNOLOGY,Active,Madhya Pradesh,Bhopal,Bhopal,"VILLAGE MUGALIYA KOT, NEAR SUKHI SEVANIYA, VIDISHA ROAD, BHOPAL (M.P.)",452493,23.279257,77.409605,Private-Self Financing,"Rajiv Gandhi Proudyogiki Vishwavidyalaya, Bhopal",Approved,Approved,B++,Yes,,Tier 3,http://www.bagulamukhi.ac.in,info@bagulamukhi.ac.in,admissions@bagulamukhi.ac.in,placement@bagulamukhi.ac.in,+91-80-650-7500,Electrical Engineering,B.Tech,30,450,2011,Urban,No,Yes
1-44643443315,1-44643443315,U-0441,BAGULA MUKHI COLLEGE OF TECHNOLOGY,Active,Madhya Pradesh,Bhopal,Bhopal,"VILLAGE MUGALIYA KOT, NEAR SUKHI SEVANIYA, VIDISHA ROAD, BHOPAL (M.P.)",452493,23.279257,77.409605,Private-Self Financing,"Rajiv Gandhi Proudyogiki Vishwavidyalaya, Bhopal",Approved,Approved,B++,Yes,,Tier 3,http://www.bagulamukhi.ac.in,info@bagulamukhi.ac.in,admissions@bagulamukhi.ac.in,placement@bagulamukhi.ac.in,+91-80-650-7500,Other Engineering Branches,M.Tech,60,450,2011,Urban,No,Yes
1-44643443315,1-44643443315,U-0441,BAGULA MUKHI COLLEGE OF TECHNOLOGY,Active,Madhya Pradesh,Bhopal,Bhopal,"VILLAGE MUGALIYA KOT, NEAR SUKHI SEVANIYA, VIDISHA ROAD, BHOPAL (M.P.)",452493,23.279257,77.409605,Private-Self Financing,"Rajiv Gandhi Proudyogiki Vishwavidyalaya, Bhopal",Approved,Approved,B++,Yes,,Tier 3,http://www.bagulamukhi.ac.in,info@bagulamukhi.ac.in,admissions@bagulamukhi.ac.in,placement@bagulamukhi.ac.in,+91-80-650-7500,Artificial Intelligence & Machine Learning (AI & ML),B.Tech,60,450,2011,Urban,No,Yes
1-44642443432,1-44642443432,U-0441,MITTAL INSTITUTE OF TECHNOLOGY,Active,Madhya Pradesh,Bhopal,Bhopal,"OPPOSITE BHOPAL MEMORIAL HOSPITAL, NABI BAGH, KAROND",452493,23.245632,77.411737,Private-Self Financing,"Rajiv Gandhi Proudyogiki Vishwavidyalaya, Bhopal",Approved,Approved,B++,No,,Tier 3,http://www.mittal.ac.in,info@mittal.ac.in,admissions@mittal.ac.in,placement@mittal.ac.in,+91-80-240-4218,Electronics & Communication Engineering (ECE),B.Tech,15,483,2007,Urban,Yes,No
1-44642443432,1-44642443432,U-0441,MITTAL INSTITUTE OF TECHNOLOGY,Active,Madhya Pradesh,Bhopal,Bhopal,"OPPOSITE BHOPAL MEMORIAL HOSPITAL, NABI BAGH, KAROND",452493,23.245632,77.411737,Private-Self Financing,"Rajiv Gandhi Proudyogiki Vishwavidyalaya, Bhopal",Approved,Approved,B++,No,,Tier 3,http://www.mittal.ac.in,info@mittal.ac.in,admissions@mittal.ac.in,placement@mittal.ac.in,+91-80-240-4218,Computer Science Engineering (CSE),B.Tech,60,483,2007,Urban,Yes,No
1-44642443432,1-44642443432,U-0441,MITTAL INSTITUTE OF TECHNOLOGY,Active,Madhya Pradesh,Bhopal,Bhopal,"OPPOSITE BHOPAL MEMORIAL HOSPITAL, NABI BAGH, KAROND",452493,23.245632,77.411737,Private-Self Financing,"Rajiv Gandhi Proudyogiki Vishwavidyalaya, Bhopal",Approved,Approved,B++,No,,Tier 3,http://www.mittal.ac.in,info@mittal.ac.in,admissions@mittal.ac.in,placement@mittal.ac.in,+91-80-240-4218,Civil Engineering,B.Tech,60,483,2007,Urban,Yes,No
1-44642443432,1-44642443432,U-0441,MITTAL INSTITUTE OF TECHNOLOGY,Active,Madhya Pradesh,Bhopal,Bhopal,"OPPOSITE BHOPAL MEMORIAL HOSPITAL, NABI BAGH, KAROND",452493,23.245632,77.411737,Private-Self Financing,"Rajiv Gandhi Proudyogiki Vishwavidyalaya, Bhopal",Approved,Approved,B++,No,,Tier 3,http://www.mittal.ac.in,info@mittal.ac.in,admissions@mittal.ac.in,placement@mittal.ac.in,+91-80-240-4218,Computer Science Engineering (CSE),M.Tech,18,483,2007,Urban,Yes,No
1-44642443432,1-44642443432,U-0441,MITTAL INSTITUTE OF TECHNOLOGY,Active,Madhya Pradesh,Bhopal,Bhopal,"OPPOSITE BHOPAL MEMORIAL HOSPITAL, NABI BAGH, KAROND",452493,23.245632,77.411737,Private-Self Financing,"Rajiv Gandhi Proudyogiki Vishwavidyalaya, Bhopal",Approved,Approved,B++,No,,Tier 3,http://www.mittal.ac.in,info@mittal.ac.in,admissions@mittal.ac.in,placement@mittal.ac.in,+91-80-240-4218,Information Technology (IT),M.Tech,18,483,2007,Urban,Yes,No
1-44642443432,1-44642443432,U-0441,MITTAL INSTITUTE OF TECHNOLOGY,Active,Madhya Pradesh,Bhopal,Bhopal,"OPPOSITE BHOPAL MEMORIAL HOSPITAL, NABI BAGH, KAROND",452493,23.245632,77.411737,Private-Self Financing,"Rajiv Gandhi Proudyogiki Vishwavidyalaya, Bhopal",Approved,Approved,B++,No,,Tier 3,http://www.mittal.ac.in,info@mittal.ac.in,admissions@mittal.ac.in,placement@mittal.ac.in,+91-80-240-4218,Mechanical Engineering,B.Tech,60,483,2007,Urban,Yes,No
1-44642443432,1-44642443432,U-0441,MITTAL INSTITUTE OF TECHNOLOGY,Active,Madhya Pradesh,Bhopal,Bhopal,"OPPOSITE BHOPAL MEMORIAL HOSPITAL, NABI BAGH, KAROND",452493,23.245632,77.411737,Private-Self Financing,"Rajiv Gandhi Proudyogiki Vishwavidyalaya, Bhopal",Approved,Approved,B++,No,,Tier 3,http://www.mittal.ac.in,info@mittal.ac.in,admissions@mittal.ac.in,placement@mittal.ac.in,+91-80-240-4218,Electrical Engineering,B.Tech,30,483,2007,Urban,Yes,No
1-44642443432,1-44642443432,U-0441,MITTAL INSTITUTE OF TECHNOLOGY,Active,Madhya Pradesh,Bhopal,Bhopal,"OPPOSITE BHOPAL MEMORIAL HOSPITAL, NABI BAGH, KAROND",452493,23.245632,77.411737,Private-Self Financing,"Rajiv Gandhi Proudyogiki Vishwavidyalaya, Bhopal",Approved,Approved,B++,No,,Tier 3,http://www.mittal.ac.in,info@mittal.ac.in,admissions@mittal.ac.in,placement@mittal.ac.in,+91-80-240-4218,Other Engineering Branches,M.Tech,36,483,2007,Urban,Yes,No
1-44642443432,1-44642443432,U-0441,MITTAL INSTITUTE OF TECHNOLOGY,Active,Madhya Pradesh,Bhopal,Bhopal,"OPPOSITE BHOPAL MEMORIAL HOSPITAL, NABI BAGH, KAROND",452493,23.245632,77.411737,Private-Self Financing,"Rajiv Gandhi Proudyogiki Vishwavidyalaya, Bhopal",Approved,Approved,B++,No,,Tier 3,http://www.mittal.ac.in,info@mittal.ac.in,admissions@mittal.ac.in,placement@mittal.ac.in,+91-80-240-4218,Mechanical Engineering,Diploma,60,483,2007,Urban,Yes,No
1-44642443432,1-44642443432,U-0441,MITTAL INSTITUTE OF TECHNOLOGY,Active,Madhya Pradesh,Bhopal,Bhopal,"OPPOSITE BHOPAL MEMORIAL HOSPITAL, NABI BAGH, KAROND",452493,23.245632,77.411737,Private-Self Financing,"Rajiv Gandhi Proudyogiki Vishwavidyalaya, Bhopal",Approved,Approved,B++,No,,Tier 3,http://www.mittal.ac.in,info@mittal.ac.in,admissions@mittal.ac.in,placement@mittal.ac.in,+91-80-240-4218,Computer Science Engineering (CSE),Diploma,30,483,2007,Urban,Yes,No
1-44642443432,1-44642443432,U-0441,MITTAL INSTITUTE OF TECHNOLOGY,Active,Madhya Pradesh,Bhopal,Bhopal,"OPPOSITE BHOPAL MEMORIAL HOSPITAL, NABI BAGH, KAROND",452493,23.245632,77.411737,Private-Self Financing,"Rajiv Gandhi Proudyogiki Vishwavidyalaya, Bhopal",Approved,Approved,B++,No,,Tier 3,http://www.mittal.ac.in,info@mittal.ac.in,admissions@mittal.ac.in,placement@mittal.ac.in,+91-80-240-4218,Electrical Engineering,Diploma,30,483,2007,Urban,Yes,No
1-44642443432,1-44642443432,U-0441,MITTAL INSTITUTE OF TECHNOLOGY,Active,Madhya Pradesh,Bhopal,Bhopal,"OPPOSITE BHOPAL MEMORIAL HOSPITAL, NABI BAGH, KAROND",452493,23.245632,77.411737,Private-Self Financing,"Rajiv Gandhi Proudyogiki Vishwavidyalaya, Bhopal",Approved,Approved,B++,No,,Tier 3,http://www.mittal.ac.in,info@mittal.ac.in,admissions@mittal.ac.in,placement@mittal.ac.in,+91-80-240-4218,Mechanical Engineering,M.Tech,18,483,2007,Urban,Yes,No
1-44642443432,1-44642443432,U-0441,MITTAL INSTITUTE OF TECHNOLOGY,Active,Madhya Pradesh,Bhopal,Bhopal,"OPPOSITE BHOPAL MEMORIAL HOSPITAL, NABI BAGH, KAROND",452493,23.245632,77.411737,Private-Self Financing,"Rajiv Gandhi Proudyogiki Vishwavidyalaya, Bhopal",Approved,Approved,B++,No,,Tier 3,http://www.mittal.ac.in,info@mittal.ac.in,admissions@mittal.ac.in,placement@mittal.ac.in,+91-80-240-4218,Data Science,B.Tech,30,483,2007,Urban,Yes,No
1-44642443432,1-44642443432,U-0441,MITTAL INSTITUTE OF TECHNOLOGY,Active,Madhya Pradesh,Bhopal,Bhopal,"OPPOSITE BHOPAL MEMORIAL HOSPITAL, NABI BAGH, KAROND",452493,23.245632,77.411737,Private-Self Financing,"Rajiv Gandhi Proudyogiki Vishwavidyalaya, Bhopal",Approved,Approved,B++,No,,Tier 3,http://www.mittal.ac.in,info@mittal.ac.in,admissions@mittal.ac.in,placement@mittal.ac.in,+91-80-240-4218,Civil Engineering,M.Tech,18,483,2007,Urban,Yes,No
1-44642497249,1-44642497249,U-0247,IES INSTITUTE OF TECHNOLOGY AND MANAGEMENT,Active,Madhya Pradesh,Bhopal,Bhopal,IES CAMPUS KALKHEDA  RATIBAD MAIN ROAD BHOPAL PIN-462044,462044,23.262974,77.405097,Private-Self Financing,I.E.S UNIVERSITY BHOPAL,Approved,Approved,A,No,,Tier 3,http://www.iesmanagement.ac.in,info@iesmanagement.ac.in,admissions@iesmanagement.ac.in,placement@iesmanagement.ac.in,+91-80-967-7903,Computer Science Engineering (CSE),B.Tech,180,708,2020,Urban,Yes,Yes
1-44642497249,1-44642497249,U-0247,IES INSTITUTE OF TECHNOLOGY AND MANAGEMENT,Active,Madhya Pradesh,Bhopal,Bhopal,IES CAMPUS KALKHEDA  RATIBAD MAIN ROAD BHOPAL PIN-462044,462044,23.262974,77.405097,Private-Self Financing,I.E.S UNIVERSITY BHOPAL,Approved,Approved,A,No,,Tier 3,http://www.iesmanagement.ac.in,info@iesmanagement.ac.in,admissions@iesmanagement.ac.in,placement@iesmanagement.ac.in,+91-80-967-7903,Civil Engineering,B.Tech,60,708,2020,Urban,Yes,Yes
1-44642497249,1-44642497249,U-0247,IES INSTITUTE OF TECHNOLOGY AND MANAGEMENT,Active,Madhya Pradesh,Bhopal,Bhopal,IES CAMPUS KALKHEDA  RATIBAD MAIN ROAD BHOPAL PIN-462044,462044,23.262974,77.405097,Private-Self Financing,I.E.S UNIVERSITY BHOPAL,Approved,Approved,A,No,,Tier 3,http://www.iesmanagement.ac.in,info@iesmanagement.ac.in,admissions@iesmanagement.ac.in,placement@iesmanagement.ac.in,+91-80-967-7903,Other Engineering Branches,M.Tech,18,708,2020,Urban,Yes,Yes
1-44642497249,1-44642497249,U-0247,IES INSTITUTE OF TECHNOLOGY AND MANAGEMENT,Active,Madhya Pradesh,Bhopal,Bhopal,IES CAMPUS KALKHEDA  RATIBAD MAIN ROAD BHOPAL PIN-462044,462044,23.262974,77.405097,Private-Self Financing,I.E.S UNIVERSITY BHOPAL,Approved,Approved,A,No,,Tier 3,http://www.iesmanagement.ac.in,info@iesmanagement.ac.in,admissions@iesmanagement.ac.in,placement@iesmanagement.ac.in,+91-80-967-7903,Mechanical Engineering,B.Tech,60,708,2020,Urban,Yes,Yes
1-44642497249,1-44642497249,U-0247,IES INSTITUTE OF TECHNOLOGY AND MANAGEMENT,Active,Madhya Pradesh,Bhopal,Bhopal,IES CAMPUS KALKHEDA  RATIBAD MAIN ROAD BHOPAL PIN-462044,462044,23.262974,77.405097,Private-Self Financing,I.E.S UNIVERSITY BHOPAL,Approved,Approved,A,No,,Tier 3,http://www.iesmanagement.ac.in,info@iesmanagement.ac.in,admissions@iesmanagement.ac.in,placement@iesmanagement.ac.in,+91-80-967-7903,Civil Engineering,Diploma,60,708,2020,Urban,Yes,Yes
1-44642497249,1-44642497249,U-0247,IES INSTITUTE OF TECHNOLOGY AND MANAGEMENT,Active,Madhya Pradesh,Bhopal,Bhopal,IES CAMPUS KALKHEDA  RATIBAD MAIN ROAD BHOPAL PIN-462044,462044,23.262974,77.405097,Private-Self Financing,I.E.S UNIVERSITY BHOPAL,Approved,Approved,A,No,,Tier 3,http://www.iesmanagement.ac.in,info@iesmanagement.ac.in,admissions@iesmanagement.ac.in,placement@iesmanagement.ac.in,+91-80-967-7903,Electrical Engineering,Diploma,90,708,2020,Urban,Yes,Yes
1-44642497249,1-44642497249,U-0247,IES INSTITUTE OF TECHNOLOGY AND MANAGEMENT,Active,Madhya Pradesh,Bhopal,Bhopal,IES CAMPUS KALKHEDA  RATIBAD MAIN ROAD BHOPAL PIN-462044,462044,23.262974,77.405097,Private-Self Financing,I.E.S UNIVERSITY BHOPAL,Approved,Approved,A,No,,Tier 3,http://www.iesmanagement.ac.in,info@iesmanagement.ac.in,admissions@iesmanagement.ac.in,placement@iesmanagement.ac.in,+91-80-967-7903,Computer Science Engineering (CSE),Diploma,90,708,2020,Urban,Yes,Yes
1-44642497249,1-44642497249,U-0247,IES INSTITUTE OF TECHNOLOGY AND MANAGEMENT,Active,Madhya Pradesh,Bhopal,Bhopal,IES CAMPUS KALKHEDA  RATIBAD MAIN ROAD BHOPAL PIN-462044,462044,23.262974,77.405097,Private-Self Financing,I.E.S UNIVERSITY BHOPAL,Approved,Approved,A,No,,Tier 3,http://www.iesmanagement.ac.in,info@iesmanagement.ac.in,admissions@iesmanagement.ac.in,placement@iesmanagement.ac.in,+91-80-967-7903,Mechanical Engineering,Diploma,90,708,2020,Urban,Yes,Yes
1-44642497249,1-44642497249,U-0247,IES INSTITUTE OF TECHNOLOGY AND MANAGEMENT,Active,Madhya Pradesh,Bhopal,Bhopal,IES CAMPUS KALKHEDA  RATIBAD MAIN ROAD BHOPAL PIN-462044,462044,23.262974,77.405097,Private-Self Financing,I.E.S UNIVERSITY BHOPAL,Approved,Approved,A,No,,Tier 3,http://www.iesmanagement.ac.in,info@iesmanagement.ac.in,admissions@iesmanagement.ac.in,placement@iesmanagement.ac.in,+91-80-967-7903,Electrical & Electronics Engineering (EEE),B.Tech,60,708,2020,Urban,Yes,Yes
1-44642574637,1-44642574637,U-0441,"KAILASH NARAYAN PATIDAR COLLEGE OF SCIENCE & TECHNOLOGY, BHOPAL",Active,Madhya Pradesh,Bhopal,Bhopal,"NH-12,HOSHANGABAD ROAD,MISROD,BHOPAL",452493,23.240957,77.408214,Private-Self Financing,"Rajiv Gandhi Proudyogiki Vishwavidyalaya, Bhopal",Approved,Approved,A,No,,Tier 3,http://www.kailashnarayanpatidar.ac.in,info@kailashnarayanpatidar.ac.in,admissions@kailashnarayanpatidar.ac.in,placement@kailashnarayanpatidar.ac.in,+91-80-044-3491,Civil Engineering,B.Tech,90,432,2002,Urban,Yes,Yes
1-44642574637,1-44642574637,U-0441,"KAILASH NARAYAN PATIDAR COLLEGE OF SCIENCE & TECHNOLOGY, BHOPAL",Active,Madhya Pradesh,Bhopal,Bhopal,"NH-12,HOSHANGABAD ROAD,MISROD,BHOPAL",452493,23.240957,77.408214,Private-Self Financing,"Rajiv Gandhi Proudyogiki Vishwavidyalaya, Bhopal",Approved,Approved,A,No,,Tier 3,http://www.kailashnarayanpatidar.ac.in,info@kailashnarayanpatidar.ac.in,admissions@kailashnarayanpatidar.ac.in,placement@kailashnarayanpatidar.ac.in,+91-80-044-3491,Electronics & Communication Engineering (ECE),B.Tech,60,432,2002,Urban,Yes,Yes
1-44642574637,1-44642574637,U-0441,"KAILASH NARAYAN PATIDAR COLLEGE OF SCIENCE & TECHNOLOGY, BHOPAL",Active,Madhya Pradesh,Bhopal,Bhopal,"NH-12,HOSHANGABAD ROAD,MISROD,BHOPAL",452493,23.240957,77.408214,Private-Self Financing,"Rajiv Gandhi Proudyogiki Vishwavidyalaya, Bhopal",Approved,Approved,A,No,,Tier 3,http://www.kailashnarayanpatidar.ac.in,info@kailashnarayanpatidar.ac.in,admissions@kailashnarayanpatidar.ac.in,placement@kailashnarayanpatidar.ac.in,+91-80-044-3491,Computer Science Engineering (CSE),B.Tech,60,432,2002,Urban,Yes,Yes
1-44642574637,1-44642574637,U-0441,"KAILASH NARAYAN PATIDAR COLLEGE OF SCIENCE & TECHNOLOGY, BHOPAL",Active,Madhya Pradesh,Bhopal,Bhopal,"NH-12,HOSHANGABAD ROAD,MISROD,BHOPAL",452493,23.240957,77.408214,Private-Self Financing,"Rajiv Gandhi Proudyogiki Vishwavidyalaya, Bhopal",Approved,Approved,A,No,,Tier 3,http://www.kailashnarayanpatidar.ac.in,info@kailashnarayanpatidar.ac.in,admissions@kailashnarayanpatidar.ac.in,placement@kailashnarayanpatidar.ac.in,+91-80-044-3491,Mechanical Engineering,B.Tech,90,432,2002,Urban,Yes,Yes
1-44642574637,1-44642574637,U-0441,"KAILASH NARAYAN PATIDAR COLLEGE OF SCIENCE & TECHNOLOGY, BHOPAL",Active,Madhya Pradesh,Bhopal,Bhopal,"NH-12,HOSHANGABAD ROAD,MISROD,BHOPAL",452493,23.240957,77.408214,Private-Self Financing,"Rajiv Gandhi Proudyogiki Vishwavidyalaya, Bhopal",Approved,Approved,A,No,,Tier 3,http://www.kailashnarayanpatidar.ac.in,info@kailashnarayanpatidar.ac.in,admissions@kailashnarayanpatidar.ac.in,placement@kailashnarayanpatidar.ac.in,+91-80-044-3491,Information Technology (IT),M.Tech,36,432,2002,Urban,Yes,Yes
1-44642574637,1-44642574637,U-0441,"KAILASH NARAYAN PATIDAR COLLEGE OF SCIENCE & TECHNOLOGY, BHOPAL",Active,Madhya Pradesh,Bhopal,Bhopal,"NH-12,HOSHANGABAD ROAD,MISROD,BHOPAL",452493,23.240957,77.408214,Private-Self Financing,"Rajiv Gandhi Proudyogiki Vishwavidyalaya, Bhopal",Approved,Approved,A,No,,Tier 3,http://www.kailashnarayanpatidar.ac.in,info@kailashnarayanpatidar.ac.in,admissions@kailashnarayanpatidar.ac.in,placement@kailashnarayanpatidar.ac.in,+91-80-044-3491,Computer Science Engineering (CSE),M.Tech,18,432,2002,Urban,Yes,Yes
1-44642574637,1-44642574637,U-0441,"KAILASH NARAYAN PATIDAR COLLEGE OF SCIENCE & TECHNOLOGY, BHOPAL",Active,Madhya Pradesh,Bhopal,Bhopal,"NH-12,HOSHANGABAD ROAD,MISROD,BHOPAL",452493,23.240957,77.408214,Private-Self Financing,"Rajiv Gandhi Proudyogiki Vishwavidyalaya, Bhopal",Approved,Approved,A,No,,Tier 3,http://www.kailashnarayanpatidar.ac.in,info@kailashnarayanpatidar.ac.in,admissions@kailashnarayanpatidar.ac.in,placement@kailashnarayanpatidar.ac.in,+91-80-044-3491,Electrical Engineering,B.Tech,60,432,2002,Urban,Yes,Yes
1-44642574637,1-44642574637,U-0441,"KAILASH NARAYAN PATIDAR COLLEGE OF SCIENCE & TECHNOLOGY, BHOPAL",Active,Madhya Pradesh,Bhopal,Bhopal,"NH-12,HOSHANGABAD ROAD,MISROD,BHOPAL",452493,23.240957,77.408214,Private-Self Financing,"Rajiv Gandhi Proudyogiki Vishwavidyalaya, Bhopal",Approved,Approved,A,No,,Tier 3,http://www.kailashnarayanpatidar.ac.in,info@kailashnarayanpatidar.ac.in,admissions@kailashnarayanpatidar.ac.in,placement@kailashnarayanpatidar.ac.in,+91-80-044-3491,Other Engineering Branches,M.Tech,18,432,2002,Urban,Yes,Yes
1-44642793141,1-44642793141,U-0232,MATHURADEVI INSTITUTE OF TECHNOLOGY & MANAGEMENT,Active,Madhya Pradesh,Indore,Indore,"GARIPIPLIYA, AATH MEEL, NEMAWAR ROAD, INDORE",452012,22.708128,75.843708,Private-Self Financing,"Devi Ahilya Vishwavidyalaya, Indore",Approved,Approved,A+,No,,Tier 3,http://www.mathuradevimanagement.ac.in,info@mathuradevimanagement.ac.in,admissions@mathuradevimanagement.ac.in,placement@mathuradevimanagement.ac.in,+91-80-357-6870,Computer Science Engineering (CSE),B.Tech,60,120,1993,Rural,Yes,Yes
1-44642793141,1-44642793141,U-0232,MATHURADEVI INSTITUTE OF TECHNOLOGY & MANAGEMENT,Active,Madhya Pradesh,Indore,Indore,"GARIPIPLIYA, AATH MEEL, NEMAWAR ROAD, INDORE",452012,22.708128,75.843708,Private-Self Financing,"Devi Ahilya Vishwavidyalaya, Indore",Approved,Approved,A+,No,,Tier 3,http://www.mathuradevimanagement.ac.in,info@mathuradevimanagement.ac.in,admissions@mathuradevimanagement.ac.in,placement@mathuradevimanagement.ac.in,+91-80-357-6870,Civil Engineering,B.Tech,30,120,1993,Rural,Yes,Yes
1-44642793141,1-44642793141,U-0232,MATHURADEVI INSTITUTE OF TECHNOLOGY & MANAGEMENT,Active,Madhya Pradesh,Indore,Indore,"GARIPIPLIYA, AATH MEEL, NEMAWAR ROAD, INDORE",452012,22.708128,75.843708,Private-Self Financing,"Devi Ahilya Vishwavidyalaya, Indore",Approved,Approved,A+,No,,Tier 3,http://www.mathuradevimanagement.ac.in,info@mathuradevimanagement.ac.in,admissions@mathuradevimanagement.ac.in,placement@mathuradevimanagement.ac.in,+91-80-357-6870,Mechanical Engineering,B.Tech,30,120,1993,Rural,Yes,Yes
1-44642794425,1-44642794425,U-0441,LAKSHMI NARAIN COLLEGE OF TECHNOLOGY,Active,Madhya Pradesh,Bhopal,Bhopal,KALCHURI NAGAR RAISEN ROAD BHOPAL 462021,462021,23.264451,77.418875,Private-Self Financing,"Rajiv Gandhi Proudyogiki Vishwavidyalaya, Bhopal",Approved,Approved,A+,Yes,,Tier 2,http://www.lakshminarain.ac.in,info@lakshminarain.ac.in,admissions@lakshminarain.ac.in,placement@lakshminarain.ac.in,+91-80-029-7512,Civil Engineering,B.Tech,60,1500,2000,Rural,Yes,No
1-44642794425,1-44642794425,U-0441,LAKSHMI NARAIN COLLEGE OF TECHNOLOGY,Active,Madhya Pradesh,Bhopal,Bhopal,KALCHURI NAGAR RAISEN ROAD BHOPAL 462021,462021,23.264451,77.418875,Private-Self Financing,"Rajiv Gandhi Proudyogiki Vishwavidyalaya, Bhopal",Approved,Approved,A+,Yes,,Tier 2,http://www.lakshminarain.ac.in,info@lakshminarain.ac.in,admissions@lakshminarain.ac.in,placement@lakshminarain.ac.in,+91-80-029-7512,Electrical & Electronics Engineering (EEE),B.Tech,60,1500,2000,Rural,Yes,No
1-44642794425,1-44642794425,U-0441,LAKSHMI NARAIN COLLEGE OF TECHNOLOGY,Active,Madhya Pradesh,Bhopal,Bhopal,KALCHURI NAGAR RAISEN ROAD BHOPAL 462021,462021,23.264451,77.418875,Private-Self Financing,"Rajiv Gandhi Proudyogiki Vishwavidyalaya, Bhopal",Approved,Approved,A+,Yes,,Tier 2,http://www.lakshminarain.ac.in,info@lakshminarain.ac.in,admissions@lakshminarain.ac.in,placement@lakshminarain.ac.in,+91-80-029-7512,Mechanical Engineering,B.Tech,60,1500,2000,Rural,Yes,No
1-44642794425,1-44642794425,U-0441,LAKSHMI NARAIN COLLEGE OF TECHNOLOGY,Active,Madhya Pradesh,Bhopal,Bhopal,KALCHURI NAGAR RAISEN ROAD BHOPAL 462021,462021,23.264451,77.418875,Private-Self Financing,"Rajiv Gandhi Proudyogiki Vishwavidyalaya, Bhopal",Approved,Approved,A+,Yes,,Tier 2,http://www.lakshminarain.ac.in,info@lakshminarain.ac.in,admissions@lakshminarain.ac.in,placement@lakshminarain.ac.in,+91-80-029-7512,Electronics & Communication Engineering (ECE),B.Tech,240,1500,2000,Rural,Yes,No
1-44642794425,1-44642794425,U-0441,LAKSHMI NARAIN COLLEGE OF TECHNOLOGY,Active,Madhya Pradesh,Bhopal,Bhopal,KALCHURI NAGAR RAISEN ROAD BHOPAL 462021,462021,23.264451,77.418875,Private-Self Financing,"Rajiv Gandhi Proudyogiki Vishwavidyalaya, Bhopal",Approved,Approved,A+,Yes,,Tier 2,http://www.lakshminarain.ac.in,info@lakshminarain.ac.in,admissions@lakshminarain.ac.in,placement@lakshminarain.ac.in,+91-80-029-7512,Computer Science Engineering (CSE),B.Tech,360,1500,2000,Rural,Yes,No
1-44642794425,1-44642794425,U-0441,LAKSHMI NARAIN COLLEGE OF TECHNOLOGY,Active,Madhya Pradesh,Bhopal,Bhopal,KALCHURI NAGAR RAISEN ROAD BHOPAL 462021,462021,23.264451,77.418875,Private-Self Financing,"Rajiv Gandhi Proudyogiki Vishwavidyalaya, Bhopal",Approved,Approved,A+,Yes,,Tier 2,http://www.lakshminarain.ac.in,info@lakshminarain.ac.in,admissions@lakshminarain.ac.in,placement@lakshminarain.ac.in,+91-80-029-7512,Computer Science Engineering (CSE),M.Tech,30,1500,2000,Rural,Yes,No
1-44642794425,1-44642794425,U-0441,LAKSHMI NARAIN COLLEGE OF TECHNOLOGY,Active,Madhya Pradesh,Bhopal,Bhopal,KALCHURI NAGAR RAISEN ROAD BHOPAL 462021,462021,23.264451,77.418875,Private-Self Financing,"Rajiv Gandhi Proudyogiki Vishwavidyalaya, Bhopal",Approved,Approved,A+,Yes,,Tier 2,http://www.lakshminarain.ac.in,info@lakshminarain.ac.in,admissions@lakshminarain.ac.in,placement@lakshminarain.ac.in,+91-80-029-7512,Other Engineering Branches,M.Tech,150,1500,2000,Rural,Yes,No
1-44642794425,1-44642794425,U-0441,LAKSHMI NARAIN COLLEGE OF TECHNOLOGY,Active,Madhya Pradesh,Bhopal,Bhopal,KALCHURI NAGAR RAISEN ROAD BHOPAL 462021,462021,23.264451,77.418875,Private-Self Financing,"Rajiv Gandhi Proudyogiki Vishwavidyalaya, Bhopal",Approved,Approved,A+,Yes,,Tier 2,http://www.lakshminarain.ac.in,info@lakshminarain.ac.in,admissions@lakshminarain.ac.in,placement@lakshminarain.ac.in,+91-80-029-7512,Artificial Intelligence & Machine Learning (AI & ML),B.Tech,360,1500,2000,Rural,Yes,No
1-44642794425,1-44642794425,U-0441,LAKSHMI NARAIN COLLEGE OF TECHNOLOGY,Active,Madhya Pradesh,Bhopal,Bhopal,KALCHURI NAGAR RAISEN ROAD BHOPAL 462021,462021,23.264451,77.418875,Private-Self Financing,"Rajiv Gandhi Proudyogiki Vishwavidyalaya, Bhopal",Approved,Approved,A+,Yes,,Tier 2,http://www.lakshminarain.ac.in,info@lakshminarain.ac.in,admissions@lakshminarain.ac.in,placement@lakshminarain.ac.in,+91-80-029-7512,Data Science,B.Tech,180,1500,2000,Rural,Yes,No
1-44642538426,1-44642538426,U-0441,GWALIOR INSTITUTE OF INFORMATION TECHNOLOGY,Active,Madhya Pradesh,Gwalior,Gwalior,NEAR POLICE STATION MAHARAJPURA GWALIOR,452896,26.208328,78.198184,Private-Self Financing,"Rajiv Gandhi Proudyogiki Vishwavidyalaya, Bhopal",Approved,Approved,B++,No,,Tier 3,http://www.gwaliorinformation.ac.in,info@gwaliorinformation.ac.in,admissions@gwaliorinformation.ac.in,placement@gwaliorinformation.ac.in,+91-80-420-6050,Other Engineering Branches,B.Tech,30,330,2017,Urban,Yes,Yes
1-44642538426,1-44642538426,U-0441,GWALIOR INSTITUTE OF INFORMATION TECHNOLOGY,Active,Madhya Pradesh,Gwalior,Gwalior,NEAR POLICE STATION MAHARAJPURA GWALIOR,452896,26.208328,78.198184,Private-Self Financing,"Rajiv Gandhi Proudyogiki Vishwavidyalaya, Bhopal",Approved,Approved,B++,No,,Tier 3,http://www.gwaliorinformation.ac.in,info@gwaliorinformation.ac.in,admissions@gwaliorinformation.ac.in,placement@gwaliorinformation.ac.in,+91-80-420-6050,Computer Science Engineering (CSE),B.Tech,60,330,2017,Urban,Yes,Yes
1-44642538426,1-44642538426,U-0441,GWALIOR INSTITUTE OF INFORMATION TECHNOLOGY,Active,Madhya Pradesh,Gwalior,Gwalior,NEAR POLICE STATION MAHARAJPURA GWALIOR,452896,26.208328,78.198184,Private-Self Financing,"Rajiv Gandhi Proudyogiki Vishwavidyalaya, Bhopal",Approved,Approved,B++,No,,Tier 3,http://www.gwaliorinformation.ac.in,info@gwaliorinformation.ac.in,admissions@gwaliorinformation.ac.in,placement@gwaliorinformation.ac.in,+91-80-420-6050,Electronics & Communication Engineering (ECE),B.Tech,60,330,2017,Urban,Yes,Yes
1-44642538426,1-44642538426,U-0441,GWALIOR INSTITUTE OF INFORMATION TECHNOLOGY,Active,Madhya Pradesh,Gwalior,Gwalior,NEAR POLICE STATION MAHARAJPURA GWALIOR,452896,26.208328,78.198184,Private-Self Financing,"Rajiv Gandhi Proudyogiki Vishwavidyalaya, Bhopal",Approved,Approved,B++,No,,Tier 3,http://www.gwaliorinformation.ac.in,info@gwaliorinformation.ac.in,admissions@gwaliorinformation.ac.in,placement@gwaliorinformation.ac.in,+91-80-420-6050,Information Technology (IT),B.Tech,60,330,2017,Urban,Yes,Yes
1-44642538426,1-44642538426,U-0441,GWALIOR INSTITUTE OF INFORMATION TECHNOLOGY,Active,Madhya Pradesh,Gwalior,Gwalior,NEAR POLICE STATION MAHARAJPURA GWALIOR,452896,26.208328,78.198184,Private-Self Financing,"Rajiv Gandhi Proudyogiki Vishwavidyalaya, Bhopal",Approved,Approved,B++,No,,Tier 3,http://www.gwaliorinformation.ac.in,info@gwaliorinformation.ac.in,admissions@gwaliorinformation.ac.in,placement@gwaliorinformation.ac.in,+91-80-420-6050,Mechanical Engineering,B.Tech,60,330,2017,Urban,Yes,Yes
1-44642538426,1-44642538426,U-0441,GWALIOR INSTITUTE OF INFORMATION TECHNOLOGY,Active,Madhya Pradesh,Gwalior,Gwalior,NEAR POLICE STATION MAHARAJPURA GWALIOR,452896,26.208328,78.198184,Private-Self Financing,"Rajiv Gandhi Proudyogiki Vishwavidyalaya, Bhopal",Approved,Approved,B++,No,,Tier 3,http://www.gwaliorinformation.ac.in,info@gwaliorinformation.ac.in,admissions@gwaliorinformation.ac.in,placement@gwaliorinformation.ac.in,+91-80-420-6050,Civil Engineering,B.Tech,60,330,2017,Urban,Yes,Yes
1-44643052394,1-44643052394,U-0441,MAHAKAL INSTITUTE OF TECHNOLOGY & MANAGEMENT,Active,Madhya Pradesh,Ujjain,Ujjain,"BEHIND AIR STRIP, KARCHA ROAD DATANA, DEWAS ROAD, UJJAIN (M.P.)",452341,23.181074,75.779977,Private-Self Financing,"Rajiv Gandhi Proudyogiki Vishwavidyalaya, Bhopal",Approved,Approved,B+,No,,Tier 3,http://www.mahakalmanagement.ac.in,info@mahakalmanagement.ac.in,admissions@mahakalmanagement.ac.in,placement@mahakalmanagement.ac.in,+91-80-051-6553,Other Engineering Branches,M.Tech,18,168,2010,Rural,Yes,No
1-44643052394,1-44643052394,U-0441,MAHAKAL INSTITUTE OF TECHNOLOGY & MANAGEMENT,Active,Madhya Pradesh,Ujjain,Ujjain,"BEHIND AIR STRIP, KARCHA ROAD DATANA, DEWAS ROAD, UJJAIN (M.P.)",452341,23.181074,75.779977,Private-Self Financing,"Rajiv Gandhi Proudyogiki Vishwavidyalaya, Bhopal",Approved,Approved,B+,No,,Tier 3,http://www.mahakalmanagement.ac.in,info@mahakalmanagement.ac.in,admissions@mahakalmanagement.ac.in,placement@mahakalmanagement.ac.in,+91-80-051-6553,Civil Engineering,B.Tech,30,168,2010,Rural,Yes,No
1-44643052394,1-44643052394,U-0441,MAHAKAL INSTITUTE OF TECHNOLOGY & MANAGEMENT,Active,Madhya Pradesh,Ujjain,Ujjain,"BEHIND AIR STRIP, KARCHA ROAD DATANA, DEWAS ROAD, UJJAIN (M.P.)",452341,23.181074,75.779977,Private-Self Financing,"Rajiv Gandhi Proudyogiki Vishwavidyalaya, Bhopal",Approved,Approved,B+,No,,Tier 3,http://www.mahakalmanagement.ac.in,info@mahakalmanagement.ac.in,admissions@mahakalmanagement.ac.in,placement@mahakalmanagement.ac.in,+91-80-051-6553,Computer Science Engineering (CSE),B.Tech,120,168,2010,Rural,Yes,No
1-44642450540,1-44642450540,U-0441,IASSCOM FORTUNE INSTITUTE OF TECHNOLOGY,Active,Madhya Pradesh,Bhopal,Bhopal,GRAM RASULIA GOSAI RATIBAD SIKANDARABAD ROAD BHOPAL,452493,23.278618,77.399941,Private-Self Financing,"Rajiv Gandhi Proudyogiki Vishwavidyalaya, Bhopal",Approved,Approved,A+,No,,Tier 3,http://www.iasscomfortune.ac.in,info@iasscomfortune.ac.in,admissions@iasscomfortune.ac.in,placement@iasscomfortune.ac.in,+91-80-623-9406,Mechanical Engineering,B.Tech,60,291,1988,Rural,Yes,Yes
1-44642450540,1-44642450540,U-0441,IASSCOM FORTUNE INSTITUTE OF TECHNOLOGY,Active,Madhya Pradesh,Bhopal,Bhopal,GRAM RASULIA GOSAI RATIBAD SIKANDARABAD ROAD BHOPAL,452493,23.278618,77.399941,Private-Self Financing,"Rajiv Gandhi Proudyogiki Vishwavidyalaya, Bhopal",Approved,Approved,A+,No,,Tier 3,http://www.iasscomfortune.ac.in,info@iasscomfortune.ac.in,admissions@iasscomfortune.ac.in,placement@iasscomfortune.ac.in,+91-80-623-9406,Computer Science Engineering (CSE),B.Tech,90,291,1988,Rural,Yes,Yes
1-44642450540,1-44642450540,U-0441,IASSCOM FORTUNE INSTITUTE OF TECHNOLOGY,Active,Madhya Pradesh,Bhopal,Bhopal,GRAM RASULIA GOSAI RATIBAD SIKANDARABAD ROAD BHOPAL,452493,23.278618,77.399941,Private-Self Financing,"Rajiv Gandhi Proudyogiki Vishwavidyalaya, Bhopal",Approved,Approved,A+,No,,Tier 3,http://www.iasscomfortune.ac.in,info@iasscomfortune.ac.in,admissions@iasscomfortune.ac.in,placement@iasscomfortune.ac.in,+91-80-623-9406,Electronics & Communication Engineering (ECE),B.Tech,45,291,1988,Rural,Yes,Yes
1-44642450540,1-44642450540,U-0441,IASSCOM FORTUNE INSTITUTE OF TECHNOLOGY,Active,Madhya Pradesh,Bhopal,Bhopal,GRAM RASULIA GOSAI RATIBAD SIKANDARABAD ROAD BHOPAL,452493,23.278618,77.399941,Private-Self Financing,"Rajiv Gandhi Proudyogiki Vishwavidyalaya, Bhopal",Approved,Approved,A+,No,,Tier 3,http://www.iasscomfortune.ac.in,info@iasscomfortune.ac.in,admissions@iasscomfortune.ac.in,placement@iasscomfortune.ac.in,+91-80-623-9406,Civil Engineering,B.Tech,60,291,1988,Rural,Yes,Yes
1-44642450540,1-44642450540,U-0441,IASSCOM FORTUNE INSTITUTE OF TECHNOLOGY,Active,Madhya Pradesh,Bhopal,Bhopal,GRAM RASULIA GOSAI RATIBAD SIKANDARABAD ROAD BHOPAL,452493,23.278618,77.399941,Private-Self Financing,"Rajiv Gandhi Proudyogiki Vishwavidyalaya, Bhopal",Approved,Approved,A+,No,,Tier 3,http://www.iasscomfortune.ac.in,info@iasscomfortune.ac.in,admissions@iasscomfortune.ac.in,placement@iasscomfortune.ac.in,+91-80-623-9406,Computer Science Engineering (CSE),M.Tech,18,291,1988,Rural,Yes,Yes
1-44642450540,1-44642450540,U-0441,IASSCOM FORTUNE INSTITUTE OF TECHNOLOGY,Active,Madhya Pradesh,Bhopal,Bhopal,GRAM RASULIA GOSAI RATIBAD SIKANDARABAD ROAD BHOPAL,452493,23.278618,77.399941,Private-Self Financing,"Rajiv Gandhi Proudyogiki Vishwavidyalaya, Bhopal",Approved,Approved,A+,No,,Tier 3,http://www.iasscomfortune.ac.in,info@iasscomfortune.ac.in,admissions@iasscomfortune.ac.in,placement@iasscomfortune.ac.in,+91-80-623-9406,Information Technology (IT),M.Tech,18,291,1988,Rural,Yes,Yes
1-44642579759,1-44642579759,U-0937,"UNIVERSITY INSTITUTE OF SCIENCE AND TECHNOLOGY, RABINDRANATH TAGORE UNIVERSITY",Active,Madhya Pradesh,Raisen,Raisen,"BHOPAL, CHIKLOD ROAD NEAR BANGRASIYA, VILL- MENDUA, DISTT- RAISEN, M.P.-464993",464993,22.967638,78.668006,State Private University,Rabindranath Tagore University,Approved,Approved,A,No,,Tier 3,http://www.sciencerabindranathtagore.ac.in,info@sciencerabindranathtagore.ac.in,admissions@sciencerabindranathtagore.ac.in,placement@sciencerabindranathtagore.ac.in,+91-80-597-1911,Other Engineering Branches,M.Tech,120,882,2018,Urban,Yes,No
1-44642579759,1-44642579759,U-0937,"UNIVERSITY INSTITUTE OF SCIENCE AND TECHNOLOGY, RABINDRANATH TAGORE UNIVERSITY",Active,Madhya Pradesh,Raisen,Raisen,"BHOPAL, CHIKLOD ROAD NEAR BANGRASIYA, VILL- MENDUA, DISTT- RAISEN, M.P.-464993",464993,22.967638,78.668006,State Private University,Rabindranath Tagore University,Approved,Approved,A,No,,Tier 3,http://www.sciencerabindranathtagore.ac.in,info@sciencerabindranathtagore.ac.in,admissions@sciencerabindranathtagore.ac.in,placement@sciencerabindranathtagore.ac.in,+91-80-597-1911,Electrical & Electronics Engineering (EEE),Diploma,120,882,2018,Urban,Yes,No
1-44642579759,1-44642579759,U-0937,"UNIVERSITY INSTITUTE OF SCIENCE AND TECHNOLOGY, RABINDRANATH TAGORE UNIVERSITY",Active,Madhya Pradesh,Raisen,Raisen,"BHOPAL, CHIKLOD ROAD NEAR BANGRASIYA, VILL- MENDUA, DISTT- RAISEN, M.P.-464993",464993,22.967638,78.668006,State Private University,Rabindranath Tagore University,Approved,Approved,A,No,,Tier 3,http://www.sciencerabindranathtagore.ac.in,info@sciencerabindranathtagore.ac.in,admissions@sciencerabindranathtagore.ac.in,placement@sciencerabindranathtagore.ac.in,+91-80-597-1911,Computer Science Engineering (CSE),B.Tech,90,882,2018,Urban,Yes,No
1-44642579759,1-44642579759,U-0937,"UNIVERSITY INSTITUTE OF SCIENCE AND TECHNOLOGY, RABINDRANATH TAGORE UNIVERSITY",Active,Madhya Pradesh,Raisen,Raisen,"BHOPAL, CHIKLOD ROAD NEAR BANGRASIYA, VILL- MENDUA, DISTT- RAISEN, M.P.-464993",464993,22.967638,78.668006,State Private University,Rabindranath Tagore University,Approved,Approved,A,No,,Tier 3,http://www.sciencerabindranathtagore.ac.in,info@sciencerabindranathtagore.ac.in,admissions@sciencerabindranathtagore.ac.in,placement@sciencerabindranathtagore.ac.in,+91-80-597-1911,Electronics & Communication Engineering (ECE),B.Tech,30,882,2018,Urban,Yes,No
1-44642579759,1-44642579759,U-0937,"UNIVERSITY INSTITUTE OF SCIENCE AND TECHNOLOGY, RABINDRANATH TAGORE UNIVERSITY",Active,Madhya Pradesh,Raisen,Raisen,"BHOPAL, CHIKLOD ROAD NEAR BANGRASIYA, VILL- MENDUA, DISTT- RAISEN, M.P.-464993",464993,22.967638,78.668006,State Private University,Rabindranath Tagore University,Approved,Approved,A,No,,Tier 3,http://www.sciencerabindranathtagore.ac.in,info@sciencerabindranathtagore.ac.in,admissions@sciencerabindranathtagore.ac.in,placement@sciencerabindranathtagore.ac.in,+91-80-597-1911,Mechanical Engineering,B.Tech,60,882,2018,Urban,Yes,No
1-44642579759,1-44642579759,U-0937,"UNIVERSITY INSTITUTE OF SCIENCE AND TECHNOLOGY, RABINDRANATH TAGORE UNIVERSITY",Active,Madhya Pradesh,Raisen,Raisen,"BHOPAL, CHIKLOD ROAD NEAR BANGRASIYA, VILL- MENDUA, DISTT- RAISEN, M.P.-464993",464993,22.967638,78.668006,State Private University,Rabindranath Tagore University,Approved,Approved,A,No,,Tier 3,http://www.sciencerabindranathtagore.ac.in,info@sciencerabindranathtagore.ac.in,admissions@sciencerabindranathtagore.ac.in,placement@sciencerabindranathtagore.ac.in,+91-80-597-1911,Computer Science Engineering (CSE),M.Tech,18,882,2018,Urban,Yes,No
1-44642579759,1-44642579759,U-0937,"UNIVERSITY INSTITUTE OF SCIENCE AND TECHNOLOGY, RABINDRANATH TAGORE UNIVERSITY",Active,Madhya Pradesh,Raisen,Raisen,"BHOPAL, CHIKLOD ROAD NEAR BANGRASIYA, VILL- MENDUA, DISTT- RAISEN, M.P.-464993",464993,22.967638,78.668006,State Private University,Rabindranath Tagore University,Approved,Approved,A,No,,Tier 3,http://www.sciencerabindranathtagore.ac.in,info@sciencerabindranathtagore.ac.in,admissions@sciencerabindranathtagore.ac.in,placement@sciencerabindranathtagore.ac.in,+91-80-597-1911,Civil Engineering,M.Tech,24,882,2018,Urban,Yes,No
1-44642579759,1-44642579759,U-0937,"UNIVERSITY INSTITUTE OF SCIENCE AND TECHNOLOGY, RABINDRANATH TAGORE UNIVERSITY",Active,Madhya Pradesh,Raisen,Raisen,"BHOPAL, CHIKLOD ROAD NEAR BANGRASIYA, VILL- MENDUA, DISTT- RAISEN, M.P.-464993",464993,22.967638,78.668006,State Private University,Rabindranath Tagore University,Approved,Approved,A,No,,Tier 3,http://www.sciencerabindranathtagore.ac.in,info@sciencerabindranathtagore.ac.in,admissions@sciencerabindranathtagore.ac.in,placement@sciencerabindranathtagore.ac.in,+91-80-597-1911,Electrical & Electronics Engineering (EEE),B.Tech,60,882,2018,Urban,Yes,No
1-44642579759,1-44642579759,U-0937,"UNIVERSITY INSTITUTE OF SCIENCE AND TECHNOLOGY, RABINDRANATH TAGORE UNIVERSITY",Active,Madhya Pradesh,Raisen,Raisen,"BHOPAL, CHIKLOD ROAD NEAR BANGRASIYA, VILL- MENDUA, DISTT- RAISEN, M.P.-464993",464993,22.967638,78.668006,State Private University,Rabindranath Tagore University,Approved,Approved,A,No,,Tier 3,http://www.sciencerabindranathtagore.ac.in,info@sciencerabindranathtagore.ac.in,admissions@sciencerabindranathtagore.ac.in,placement@sciencerabindranathtagore.ac.in,+91-80-597-1911,Civil Engineering,Diploma,120,882,2018,Urban,Yes,No
1-44642579759,1-44642579759,U-0937,"UNIVERSITY INSTITUTE OF SCIENCE AND TECHNOLOGY, RABINDRANATH TAGORE UNIVERSITY",Active,Madhya Pradesh,Raisen,Raisen,"BHOPAL, CHIKLOD ROAD NEAR BANGRASIYA, VILL- MENDUA, DISTT- RAISEN, M.P.-464993",464993,22.967638,78.668006,State Private University,Rabindranath Tagore University,Approved,Approved,A,No,,Tier 3,http://www.sciencerabindranathtagore.ac.in,info@sciencerabindranathtagore.ac.in,admissions@sciencerabindranathtagore.ac.in,placement@sciencerabindranathtagore.ac.in,+91-80-597-1911,Mechanical Engineering,Diploma,120,882,2018,Urban,Yes,No
1-44642579759,1-44642579759,U-0937,"UNIVERSITY INSTITUTE OF SCIENCE AND TECHNOLOGY, RABINDRANATH TAGORE UNIVERSITY",Active,Madhya Pradesh,Raisen,Raisen,"BHOPAL, CHIKLOD ROAD NEAR BANGRASIYA, VILL- MENDUA, DISTT- RAISEN, M.P.-464993",464993,22.967638,78.668006,State Private University,Rabindranath Tagore University,Approved,Approved,A,No,,Tier 3,http://www.sciencerabindranathtagore.ac.in,info@sciencerabindranathtagore.ac.in,admissions@sciencerabindranathtagore.ac.in,placement@sciencerabindranathtagore.ac.in,+91-80-597-1911,Civil Engineering,B.Tech,60,882,2018,Urban,Yes,No
1-44642579759,1-44642579759,U-0937,"UNIVERSITY INSTITUTE OF SCIENCE AND TECHNOLOGY, RABINDRANATH TAGORE UNIVERSITY",Active,Madhya Pradesh,Raisen,Raisen,"BHOPAL, CHIKLOD ROAD NEAR BANGRASIYA, VILL- MENDUA, DISTT- RAISEN, M.P.-464993",464993,22.967638,78.668006,State Private University,Rabindranath Tagore University,Approved,Approved,A,No,,Tier 3,http://www.sciencerabindranathtagore.ac.in,info@sciencerabindranathtagore.ac.in,admissions@sciencerabindranathtagore.ac.in,placement@sciencerabindranathtagore.ac.in,+91-80-597-1911,Artificial Intelligence & Machine Learning (AI & ML),B.Tech,30,882,2018,Urban,Yes,No
1-44642579759,1-44642579759,U-0937,"UNIVERSITY INSTITUTE OF SCIENCE AND TECHNOLOGY, RABINDRANATH TAGORE UNIVERSITY",Active,Madhya Pradesh,Raisen,Raisen,"BHOPAL, CHIKLOD ROAD NEAR BANGRASIYA, VILL- MENDUA, DISTT- RAISEN, M.P.-464993",464993,22.967638,78.668006,State Private University,Rabindranath Tagore University,Approved,Approved,A,No,,Tier 3,http://www.sciencerabindranathtagore.ac.in,info@sciencerabindranathtagore.ac.in,admissions@sciencerabindranathtagore.ac.in,placement@sciencerabindranathtagore.ac.in,+91-80-597-1911,Data Science,B.Tech,30,882,2018,Urban,Yes,No
1-44642925426,1-44642925426,U-0441,ORIENTAL COLLEGE OF TECHNOLOGY,Active,Madhya Pradesh,Bhopal,Bhopal,"THAKRAL NAGAR,RAISEN ROAD BHOPAL",452493,23.264698,77.42724,Private-Self Financing,"Rajiv Gandhi Proudyogiki Vishwavidyalaya, Bhopal",Approved,Approved,B+,No,,Tier 3,http://www.oriental.ac.in,info@oriental.ac.in,admissions@oriental.ac.in,placement@oriental.ac.in,+91-80-040-0989,Artificial Intelligence & Machine Learning (AI & ML),B.Tech,180,954,1982,Rural,No,Yes
1-44642925426,1-44642925426,U-0441,ORIENTAL COLLEGE OF TECHNOLOGY,Active,Madhya Pradesh,Bhopal,Bhopal,"THAKRAL NAGAR,RAISEN ROAD BHOPAL",452493,23.264698,77.42724,Private-Self Financing,"Rajiv Gandhi Proudyogiki Vishwavidyalaya, Bhopal",Approved,Approved,B+,No,,Tier 3,http://www.oriental.ac.in,info@oriental.ac.in,admissions@oriental.ac.in,placement@oriental.ac.in,+91-80-040-0989,Electronics & Communication Engineering (ECE),B.Tech,60,954,1982,Rural,No,Yes
1-44642925426,1-44642925426,U-0441,ORIENTAL COLLEGE OF TECHNOLOGY,Active,Madhya Pradesh,Bhopal,Bhopal,"THAKRAL NAGAR,RAISEN ROAD BHOPAL",452493,23.264698,77.42724,Private-Self Financing,"Rajiv Gandhi Proudyogiki Vishwavidyalaya, Bhopal",Approved,Approved,B+,No,,Tier 3,http://www.oriental.ac.in,info@oriental.ac.in,admissions@oriental.ac.in,placement@oriental.ac.in,+91-80-040-0989,Computer Science Engineering (CSE),B.Tech,300,954,1982,Rural,No,Yes
1-44642925426,1-44642925426,U-0441,ORIENTAL COLLEGE OF TECHNOLOGY,Active,Madhya Pradesh,Bhopal,Bhopal,"THAKRAL NAGAR,RAISEN ROAD BHOPAL",452493,23.264698,77.42724,Private-Self Financing,"Rajiv Gandhi Proudyogiki Vishwavidyalaya, Bhopal",Approved,Approved,B+,No,,Tier 3,http://www.oriental.ac.in,info@oriental.ac.in,admissions@oriental.ac.in,placement@oriental.ac.in,+91-80-040-0989,Mechanical Engineering,B.Tech,30,954,1982,Rural,No,Yes
1-44642925426,1-44642925426,U-0441,ORIENTAL COLLEGE OF TECHNOLOGY,Active,Madhya Pradesh,Bhopal,Bhopal,"THAKRAL NAGAR,RAISEN ROAD BHOPAL",452493,23.264698,77.42724,Private-Self Financing,"Rajiv Gandhi Proudyogiki Vishwavidyalaya, Bhopal",Approved,Approved,B+,No,,Tier 3,http://www.oriental.ac.in,info@oriental.ac.in,admissions@oriental.ac.in,placement@oriental.ac.in,+91-80-040-0989,Computer Science Engineering (CSE),M.Tech,24,954,1982,Rural,No,Yes
1-44642925426,1-44642925426,U-0441,ORIENTAL COLLEGE OF TECHNOLOGY,Active,Madhya Pradesh,Bhopal,Bhopal,"THAKRAL NAGAR,RAISEN ROAD BHOPAL",452493,23.264698,77.42724,Private-Self Financing,"Rajiv Gandhi Proudyogiki Vishwavidyalaya, Bhopal",Approved,Approved,B+,No,,Tier 3,http://www.oriental.ac.in,info@oriental.ac.in,admissions@oriental.ac.in,placement@oriental.ac.in,+91-80-040-0989,Other Engineering Branches,M.Tech,90,954,1982,Rural,No,Yes
1-44642925426,1-44642925426,U-0441,ORIENTAL COLLEGE OF TECHNOLOGY,Active,Madhya Pradesh,Bhopal,Bhopal,"THAKRAL NAGAR,RAISEN ROAD BHOPAL",452493,23.264698,77.42724,Private-Self Financing,"Rajiv Gandhi Proudyogiki Vishwavidyalaya, Bhopal",Approved,Approved,B+,No,,Tier 3,http://www.oriental.ac.in,info@oriental.ac.in,admissions@oriental.ac.in,placement@oriental.ac.in,+91-80-040-0989,Electrical & Electronics Engineering (EEE),B.Tech,30,954,1982,Rural,No,Yes
1-44642925426,1-44642925426,U-0441,ORIENTAL COLLEGE OF TECHNOLOGY,Active,Madhya Pradesh,Bhopal,Bhopal,"THAKRAL NAGAR,RAISEN ROAD BHOPAL",452493,23.264698,77.42724,Private-Self Financing,"Rajiv Gandhi Proudyogiki Vishwavidyalaya, Bhopal",Approved,Approved,B+,No,,Tier 3,http://www.oriental.ac.in,info@oriental.ac.in,admissions@oriental.ac.in,placement@oriental.ac.in,+91-80-040-0989,Civil Engineering,B.Tech,30,954,1982,Rural,No,Yes
1-44642925426,1-44642925426,U-0441,ORIENTAL COLLEGE OF TECHNOLOGY,Active,Madhya Pradesh,Bhopal,Bhopal,"THAKRAL NAGAR,RAISEN ROAD BHOPAL",452493,23.264698,77.42724,Private-Self Financing,"Rajiv Gandhi Proudyogiki Vishwavidyalaya, Bhopal",Approved,Approved,B+,No,,Tier 3,http://www.oriental.ac.in,info@oriental.ac.in,admissions@oriental.ac.in,placement@oriental.ac.in,+91-80-040-0989,IoT,M.Tech,30,954,1982,Rural,No,Yes
1-44642925426,1-44642925426,U-0441,ORIENTAL COLLEGE OF TECHNOLOGY,Active,Madhya Pradesh,Bhopal,Bhopal,"THAKRAL NAGAR,RAISEN ROAD BHOPAL",452493,23.264698,77.42724,Private-Self Financing,"Rajiv Gandhi Proudyogiki Vishwavidyalaya, Bhopal",Approved,Approved,B+,No,,Tier 3,http://www.oriental.ac.in,info@oriental.ac.in,admissions@oriental.ac.in,placement@oriental.ac.in,+91-80-040-0989,Data Science,B.Tech,120,954,1982,Rural,No,Yes
1-44642925426,1-44642925426,U-0441,ORIENTAL COLLEGE OF TECHNOLOGY,Active,Madhya Pradesh,Bhopal,Bhopal,"THAKRAL NAGAR,RAISEN ROAD BHOPAL",452493,23.264698,77.42724,Private-Self Financing,"Rajiv Gandhi Proudyogiki Vishwavidyalaya, Bhopal",Approved,Approved,B+,No,,Tier 3,http://www.oriental.ac.in,info@oriental.ac.in,admissions@oriental.ac.in,placement@oriental.ac.in,+91-80-040-0989,Cyber Security,B.Tech,60,954,1982,Rural,No,Yes
1-44642963064,1-44642963064,U-0441,SARASWATI INSTITUTE OF ENGINEERING AND TECHNOLOGY,Active,Madhya Pradesh,Jabalpur,Jabalpur,"SHARDA PURAM , SAGDA ,JABALPUR MADHYA PRADESH (INDIA)",452090,22.164287,79.91998,Private-Self Financing,"Rajiv Gandhi Proudyogiki Vishwavidyalaya, Bhopal",Approved,Approved,B+,No,,Tier 3,http://www.saraswati.ac.in,info@saraswati.ac.in,admissions@saraswati.ac.in,placement@saraswati.ac.in,+91-80-347-5775,Electrical & Electronics Engineering (EEE),Diploma,60,636,2011,Rural,Yes,Yes
1-44642963064,1-44642963064,U-0441,SARASWATI INSTITUTE OF ENGINEERING AND TECHNOLOGY,Active,Madhya Pradesh,Jabalpur,Jabalpur,"SHARDA PURAM , SAGDA ,JABALPUR MADHYA PRADESH (INDIA)",452090,22.164287,79.91998,Private-Self Financing,"Rajiv Gandhi Proudyogiki Vishwavidyalaya, Bhopal",Approved,Approved,B+,No,,Tier 3,http://www.saraswati.ac.in,info@saraswati.ac.in,admissions@saraswati.ac.in,placement@saraswati.ac.in,+91-80-347-5775,Other Engineering Branches,M.Tech,18,636,2011,Rural,Yes,Yes
1-44642963064,1-44642963064,U-0441,SARASWATI INSTITUTE OF ENGINEERING AND TECHNOLOGY,Active,Madhya Pradesh,Jabalpur,Jabalpur,"SHARDA PURAM , SAGDA ,JABALPUR MADHYA PRADESH (INDIA)",452090,22.164287,79.91998,Private-Self Financing,"Rajiv Gandhi Proudyogiki Vishwavidyalaya, Bhopal",Approved,Approved,B+,No,,Tier 3,http://www.saraswati.ac.in,info@saraswati.ac.in,admissions@saraswati.ac.in,placement@saraswati.ac.in,+91-80-347-5775,Civil Engineering,B.Tech,30,636,2011,Rural,Yes,Yes
1-44642963064,1-44642963064,U-0441,SARASWATI INSTITUTE OF ENGINEERING AND TECHNOLOGY,Active,Madhya Pradesh,Jabalpur,Jabalpur,"SHARDA PURAM , SAGDA ,JABALPUR MADHYA PRADESH (INDIA)",452090,22.164287,79.91998,Private-Self Financing,"Rajiv Gandhi Proudyogiki Vishwavidyalaya, Bhopal",Approved,Approved,B+,No,,Tier 3,http://www.saraswati.ac.in,info@saraswati.ac.in,admissions@saraswati.ac.in,placement@saraswati.ac.in,+91-80-347-5775,Computer Science Engineering (CSE),B.Tech,30,636,2011,Rural,Yes,Yes
1-44642963064,1-44642963064,U-0441,SARASWATI INSTITUTE OF ENGINEERING AND TECHNOLOGY,Active,Madhya Pradesh,Jabalpur,Jabalpur,"SHARDA PURAM , SAGDA ,JABALPUR MADHYA PRADESH (INDIA)",452090,22.164287,79.91998,Private-Self Financing,"Rajiv Gandhi Proudyogiki Vishwavidyalaya, Bhopal",Approved,Approved,B+,No,,Tier 3,http://www.saraswati.ac.in,info@saraswati.ac.in,admissions@saraswati.ac.in,placement@saraswati.ac.in,+91-80-347-5775,Electrical & Electronics Engineering (EEE),B.Tech,30,636,2011,Rural,Yes,Yes
1-44642963064,1-44642963064,U-0441,SARASWATI INSTITUTE OF ENGINEERING AND TECHNOLOGY,Active,Madhya Pradesh,Jabalpur,Jabalpur,"SHARDA PURAM , SAGDA ,JABALPUR MADHYA PRADESH (INDIA)",452090,22.164287,79.91998,Private-Self Financing,"Rajiv Gandhi Proudyogiki Vishwavidyalaya, Bhopal",Approved,Approved,B+,No,,Tier 3,http://www.saraswati.ac.in,info@saraswati.ac.in,admissions@saraswati.ac.in,placement@saraswati.ac.in,+91-80-347-5775,Mechanical Engineering,B.Tech,30,636,2011,Rural,Yes,Yes
1-44642963064,1-44642963064,U-0441,SARASWATI INSTITUTE OF ENGINEERING AND TECHNOLOGY,Active,Madhya Pradesh,Jabalpur,Jabalpur,"SHARDA PURAM , SAGDA ,JABALPUR MADHYA PRADESH (INDIA)",452090,22.164287,79.91998,Private-Self Financing,"Rajiv Gandhi Proudyogiki Vishwavidyalaya, Bhopal",Approved,Approved,B+,No,,Tier 3,http://www.saraswati.ac.in,info@saraswati.ac.in,admissions@saraswati.ac.in,placement@saraswati.ac.in,+91-80-347-5775,Civil Engineering,Diploma,60,636,2011,Rural,Yes,Yes
1-44642963064,1-44642963064,U-0441,SARASWATI INSTITUTE OF ENGINEERING AND TECHNOLOGY,Active,Madhya Pradesh,Jabalpur,Jabalpur,"SHARDA PURAM , SAGDA ,JABALPUR MADHYA PRADESH (INDIA)",452090,22.164287,79.91998,Private-Self Financing,"Rajiv Gandhi Proudyogiki Vishwavidyalaya, Bhopal",Approved,Approved,B+,No,,Tier 3,http://www.saraswati.ac.in,info@saraswati.ac.in,admissions@saraswati.ac.in,placement@saraswati.ac.in,+91-80-347-5775,Mechanical Engineering,Diploma,60,636,2011,Rural,Yes,Yes
1-44642963064,1-44642963064,U-0441,SARASWATI INSTITUTE OF ENGINEERING AND TECHNOLOGY,Active,Madhya Pradesh,Jabalpur,Jabalpur,"SHARDA PURAM , SAGDA ,JABALPUR MADHYA PRADESH (INDIA)",452090,22.164287,79.91998,Private-Self Financing,"Rajiv Gandhi Proudyogiki Vishwavidyalaya, Bhopal",Approved,Approved,B+,No,,Tier 3,http://www.saraswati.ac.in,info@saraswati.ac.in,admissions@saraswati.ac.in,placement@saraswati.ac.in,+91-80-347-5775,Computer Science Engineering (CSE),Diploma,60,636,2011,Rural,Yes,Yes
1-44642963064,1-44642963064,U-0441,SARASWATI INSTITUTE OF ENGINEERING AND TECHNOLOGY,Active,Madhya Pradesh,Jabalpur,Jabalpur,"SHARDA PURAM , SAGDA ,JABALPUR MADHYA PRADESH (INDIA)",452090,22.164287,79.91998,Private-Self Financing,"Rajiv Gandhi Proudyogiki Vishwavidyalaya, Bhopal",Approved,Approved,B+,No,,Tier 3,http://www.saraswati.ac.in,info@saraswati.ac.in,admissions@saraswati.ac.in,placement@saraswati.ac.in,+91-80-347-5775,Agricultural Engineering,B.Tech,120,636,2011,Rural,Yes,Yes
1-44642963064,1-44642963064,U-0441,SARASWATI INSTITUTE OF ENGINEERING AND TECHNOLOGY,Active,Madhya Pradesh,Jabalpur,Jabalpur,"SHARDA PURAM , SAGDA ,JABALPUR MADHYA PRADESH (INDIA)",452090,22.164287,79.91998,Private-Self Financing,"Rajiv Gandhi Proudyogiki Vishwavidyalaya, Bhopal",Approved,Approved,B+,No,,Tier 3,http://www.saraswati.ac.in,info@saraswati.ac.in,admissions@saraswati.ac.in,placement@saraswati.ac.in,+91-80-347-5775,Data Science,B.Tech,30,636,2011,Rural,Yes,Yes
1-44642963064,1-44642963064,U-0441,SARASWATI INSTITUTE OF ENGINEERING AND TECHNOLOGY,Active,Madhya Pradesh,Jabalpur,Jabalpur,"SHARDA PURAM , SAGDA ,JABALPUR MADHYA PRADESH (INDIA)",452090,22.164287,79.91998,Private-Self Financing,"Rajiv Gandhi Proudyogiki Vishwavidyalaya, Bhopal",Approved,Approved,B+,No,,Tier 3,http://www.saraswati.ac.in,info@saraswati.ac.in,admissions@saraswati.ac.in,placement@saraswati.ac.in,+91-80-347-5775,Computer Science Engineering (CSE),M.Tech,18,636,2011,Rural,Yes,Yes
1-44642963064,1-44642963064,U-0441,SARASWATI INSTITUTE OF ENGINEERING AND TECHNOLOGY,Active,Madhya Pradesh,Jabalpur,Jabalpur,"SHARDA PURAM , SAGDA ,JABALPUR MADHYA PRADESH (INDIA)",452090,22.164287,79.91998,Private-Self Financing,"Rajiv Gandhi Proudyogiki Vishwavidyalaya, Bhopal",Approved,Approved,B+,No,,Tier 3,http://www.saraswati.ac.in,info@saraswati.ac.in,admissions@saraswati.ac.in,placement@saraswati.ac.in,+91-80-347-5775,Agricultural Engineering,Diploma,60,636,2011,Rural,Yes,Yes
1-44642963064,1-44642963064,U-0441,SARASWATI INSTITUTE OF ENGINEERING AND TECHNOLOGY,Active,Madhya Pradesh,Jabalpur,Jabalpur,"SHARDA PURAM , SAGDA ,JABALPUR MADHYA PRADESH (INDIA)",452090,22.164287,79.91998,Private-Self Financing,"Rajiv Gandhi Proudyogiki Vishwavidyalaya, Bhopal",Approved,Approved,B+,No,,Tier 3,http://www.saraswati.ac.in,info@saraswati.ac.in,admissions@saraswati.ac.in,placement@saraswati.ac.in,+91-80-347-5775,Artificial Intelligence & Machine Learning (AI & ML),B.Tech,30,636,2011,Rural,Yes,Yes
1-44643006987,1-44643006987,U-0359,CENTRAL INSTITUTE OF PETROCHEMICALS ENGINEERING & TECHNOLOGY,Active,Madhya Pradesh,Bhopal,Bhopal,"G - SECTOR, GOVINDPURA INDUSTRIAL AREA, J K ROAD",452493,23.254517,77.408979,Government,None,Approved,Approved,A+,Yes,,Tier 2,http://www.petrochemicals.ac.in,info@petrochemicals.ac.in,admissions@petrochemicals.ac.in,placement@petrochemicals.ac.in,+91-80-613-0792,Other Engineering Branches,M.Tech,90,300,2014,Urban,Yes,Yes
1-44643006987,1-44643006987,U-0359,CENTRAL INSTITUTE OF PETROCHEMICALS ENGINEERING & TECHNOLOGY,Active,Madhya Pradesh,Bhopal,Bhopal,"G - SECTOR, GOVINDPURA INDUSTRIAL AREA, J K ROAD",452493,23.254517,77.408979,Government,None,Approved,Approved,A+,Yes,,Tier 2,http://www.petrochemicals.ac.in,info@petrochemicals.ac.in,admissions@petrochemicals.ac.in,placement@petrochemicals.ac.in,+91-80-613-0792,Other Engineering Branches,Diploma,210,300,2014,Urban,Yes,Yes
1-44642453927,1-44642453927,U-0441,PATEL COLLEGE OF SCIENCE & TECHNOLOGY,Active,Madhya Pradesh,Bhopal,Bhopal,RATIBAD,452493,23.258495,77.420949,Private-Self Financing,"Rajiv Gandhi Proudyogiki Vishwavidyalaya, Bhopal",Approved,Approved,B+,No,,Tier 3,http://www.patelscience.ac.in,info@patelscience.ac.in,admissions@patelscience.ac.in,placement@patelscience.ac.in,+91-80-779-9477,Electronics & Communication Engineering (ECE),B.Tech,60,810,1992,Rural,Yes,No
1-44642453927,1-44642453927,U-0441,PATEL COLLEGE OF SCIENCE & TECHNOLOGY,Active,Madhya Pradesh,Bhopal,Bhopal,RATIBAD,452493,23.258495,77.420949,Private-Self Financing,"Rajiv Gandhi Proudyogiki Vishwavidyalaya, Bhopal",Approved,Approved,B+,No,,Tier 3,http://www.patelscience.ac.in,info@patelscience.ac.in,admissions@patelscience.ac.in,placement@patelscience.ac.in,+91-80-779-9477,Computer Science Engineering (CSE),B.Tech,120,810,1992,Rural,Yes,No
1-44642453927,1-44642453927,U-0441,PATEL COLLEGE OF SCIENCE & TECHNOLOGY,Active,Madhya Pradesh,Bhopal,Bhopal,RATIBAD,452493,23.258495,77.420949,Private-Self Financing,"Rajiv Gandhi Proudyogiki Vishwavidyalaya, Bhopal",Approved,Approved,B+,No,,Tier 3,http://www.patelscience.ac.in,info@patelscience.ac.in,admissions@patelscience.ac.in,placement@patelscience.ac.in,+91-80-779-9477,Mechanical Engineering,B.Tech,60,810,1992,Rural,Yes,No
1-44642453927,1-44642453927,U-0441,PATEL COLLEGE OF SCIENCE & TECHNOLOGY,Active,Madhya Pradesh,Bhopal,Bhopal,RATIBAD,452493,23.258495,77.420949,Private-Self Financing,"Rajiv Gandhi Proudyogiki Vishwavidyalaya, Bhopal",Approved,Approved,B+,No,,Tier 3,http://www.patelscience.ac.in,info@patelscience.ac.in,admissions@patelscience.ac.in,placement@patelscience.ac.in,+91-80-779-9477,Computer Science Engineering (CSE),M.Tech,36,810,1992,Rural,Yes,No
1-44642453927,1-44642453927,U-0441,PATEL COLLEGE OF SCIENCE & TECHNOLOGY,Active,Madhya Pradesh,Bhopal,Bhopal,RATIBAD,452493,23.258495,77.420949,Private-Self Financing,"Rajiv Gandhi Proudyogiki Vishwavidyalaya, Bhopal",Approved,Approved,B+,No,,Tier 3,http://www.patelscience.ac.in,info@patelscience.ac.in,admissions@patelscience.ac.in,placement@patelscience.ac.in,+91-80-779-9477,Other Engineering Branches,M.Tech,36,810,1992,Rural,Yes,No
1-44642453927,1-44642453927,U-0441,PATEL COLLEGE OF SCIENCE & TECHNOLOGY,Active,Madhya Pradesh,Bhopal,Bhopal,RATIBAD,452493,23.258495,77.420949,Private-Self Financing,"Rajiv Gandhi Proudyogiki Vishwavidyalaya, Bhopal",Approved,Approved,B+,No,,Tier 3,http://www.patelscience.ac.in,info@patelscience.ac.in,admissions@patelscience.ac.in,placement@patelscience.ac.in,+91-80-779-9477,Information Technology (IT),M.Tech,18,810,1992,Rural,Yes,No
1-44642453927,1-44642453927,U-0441,PATEL COLLEGE OF SCIENCE & TECHNOLOGY,Active,Madhya Pradesh,Bhopal,Bhopal,RATIBAD,452493,23.258495,77.420949,Private-Self Financing,"Rajiv Gandhi Proudyogiki Vishwavidyalaya, Bhopal",Approved,Approved,B+,No,,Tier 3,http://www.patelscience.ac.in,info@patelscience.ac.in,admissions@patelscience.ac.in,placement@patelscience.ac.in,+91-80-779-9477,Mechanical Engineering,Diploma,60,810,1992,Rural,Yes,No
1-44642453927,1-44642453927,U-0441,PATEL COLLEGE OF SCIENCE & TECHNOLOGY,Active,Madhya Pradesh,Bhopal,Bhopal,RATIBAD,452493,23.258495,77.420949,Private-Self Financing,"Rajiv Gandhi Proudyogiki Vishwavidyalaya, Bhopal",Approved,Approved,B+,No,,Tier 3,http://www.patelscience.ac.in,info@patelscience.ac.in,admissions@patelscience.ac.in,placement@patelscience.ac.in,+91-80-779-9477,Electronics & Communication Engineering (ECE),Diploma,60,810,1992,Rural,Yes,No
1-44642453927,1-44642453927,U-0441,PATEL COLLEGE OF SCIENCE & TECHNOLOGY,Active,Madhya Pradesh,Bhopal,Bhopal,RATIBAD,452493,23.258495,77.420949,Private-Self Financing,"Rajiv Gandhi Proudyogiki Vishwavidyalaya, Bhopal",Approved,Approved,B+,No,,Tier 3,http://www.patelscience.ac.in,info@patelscience.ac.in,admissions@patelscience.ac.in,placement@patelscience.ac.in,+91-80-779-9477,Computer Science Engineering (CSE),Diploma,60,810,1992,Rural,Yes,No
1-44642453927,1-44642453927,U-0441,PATEL COLLEGE OF SCIENCE & TECHNOLOGY,Active,Madhya Pradesh,Bhopal,Bhopal,RATIBAD,452493,23.258495,77.420949,Private-Self Financing,"Rajiv Gandhi Proudyogiki Vishwavidyalaya, Bhopal",Approved,Approved,B+,No,,Tier 3,http://www.patelscience.ac.in,info@patelscience.ac.in,admissions@patelscience.ac.in,placement@patelscience.ac.in,+91-80-779-9477,Information Technology (IT),Diploma,60,810,1992,Rural,Yes,No
1-44642453927,1-44642453927,U-0441,PATEL COLLEGE OF SCIENCE & TECHNOLOGY,Active,Madhya Pradesh,Bhopal,Bhopal,RATIBAD,452493,23.258495,77.420949,Private-Self Financing,"Rajiv Gandhi Proudyogiki Vishwavidyalaya, Bhopal",Approved,Approved,B+,No,,Tier 3,http://www.patelscience.ac.in,info@patelscience.ac.in,admissions@patelscience.ac.in,placement@patelscience.ac.in,+91-80-779-9477,Electrical Engineering,Diploma,60,810,1992,Rural,Yes,No
1-44642453927,1-44642453927,U-0441,PATEL COLLEGE OF SCIENCE & TECHNOLOGY,Active,Madhya Pradesh,Bhopal,Bhopal,RATIBAD,452493,23.258495,77.420949,Private-Self Financing,"Rajiv Gandhi Proudyogiki Vishwavidyalaya, Bhopal",Approved,Approved,B+,No,,Tier 3,http://www.patelscience.ac.in,info@patelscience.ac.in,admissions@patelscience.ac.in,placement@patelscience.ac.in,+91-80-779-9477,Artificial Intelligence & Machine Learning (AI & ML),B.Tech,60,810,1992,Rural,Yes,No
1-44642453927,1-44642453927,U-0441,PATEL COLLEGE OF SCIENCE & TECHNOLOGY,Active,Madhya Pradesh,Bhopal,Bhopal,RATIBAD,452493,23.258495,77.420949,Private-Self Financing,"Rajiv Gandhi Proudyogiki Vishwavidyalaya, Bhopal",Approved,Approved,B+,No,,Tier 3,http://www.patelscience.ac.in,info@patelscience.ac.in,admissions@patelscience.ac.in,placement@patelscience.ac.in,+91-80-779-9477,Civil Engineering,Diploma,60,810,1992,Rural,Yes,No
1-44642453927,1-44642453927,U-0441,PATEL COLLEGE OF SCIENCE & TECHNOLOGY,Active,Madhya Pradesh,Bhopal,Bhopal,RATIBAD,452493,23.258495,77.420949,Private-Self Financing,"Rajiv Gandhi Proudyogiki Vishwavidyalaya, Bhopal",Approved,Approved,B+,No,,Tier 3,http://www.patelscience.ac.in,info@patelscience.ac.in,admissions@patelscience.ac.in,placement@patelscience.ac.in,+91-80-779-9477,Data Science,B.Tech,60,810,1992,Rural,Yes,No
1-44642674656,1-44642674656,U-0441,SAGAR INSTITUTE OF RESEARCH & TECHNOLOGY- EXCELLENCE,Active,Madhya Pradesh,Bhopal,Bhopal,AYODHYA BY PASS ROAD,452493,23.2456,77.426496,Private-Self Financing,"Rajiv Gandhi Proudyogiki Vishwavidyalaya, Bhopal",Approved,Approved,B++,Yes,,Tier 3,http://www.sagarresearchexcellence.ac.in,info@sagarresearchexcellence.ac.in,admissions@sagarresearchexcellence.ac.in,placement@sagarresearchexcellence.ac.in,+91-80-239-1000,Computer Science Engineering (CSE),B.Tech,180,810,2004,Urban,Yes,Yes
1-44642674656,1-44642674656,U-0441,SAGAR INSTITUTE OF RESEARCH & TECHNOLOGY- EXCELLENCE,Active,Madhya Pradesh,Bhopal,Bhopal,AYODHYA BY PASS ROAD,452493,23.2456,77.426496,Private-Self Financing,"Rajiv Gandhi Proudyogiki Vishwavidyalaya, Bhopal",Approved,Approved,B++,Yes,,Tier 3,http://www.sagarresearchexcellence.ac.in,info@sagarresearchexcellence.ac.in,admissions@sagarresearchexcellence.ac.in,placement@sagarresearchexcellence.ac.in,+91-80-239-1000,Mechanical Engineering,B.Tech,30,810,2004,Urban,Yes,Yes
1-44642674656,1-44642674656,U-0441,SAGAR INSTITUTE OF RESEARCH & TECHNOLOGY- EXCELLENCE,Active,Madhya Pradesh,Bhopal,Bhopal,AYODHYA BY PASS ROAD,452493,23.2456,77.426496,Private-Self Financing,"Rajiv Gandhi Proudyogiki Vishwavidyalaya, Bhopal",Approved,Approved,B++,Yes,,Tier 3,http://www.sagarresearchexcellence.ac.in,info@sagarresearchexcellence.ac.in,admissions@sagarresearchexcellence.ac.in,placement@sagarresearchexcellence.ac.in,+91-80-239-1000,Civil Engineering,B.Tech,30,810,2004,Urban,Yes,Yes
1-44642674656,1-44642674656,U-0441,SAGAR INSTITUTE OF RESEARCH & TECHNOLOGY- EXCELLENCE,Active,Madhya Pradesh,Bhopal,Bhopal,AYODHYA BY PASS ROAD,452493,23.2456,77.426496,Private-Self Financing,"Rajiv Gandhi Proudyogiki Vishwavidyalaya, Bhopal",Approved,Approved,B++,Yes,,Tier 3,http://www.sagarresearchexcellence.ac.in,info@sagarresearchexcellence.ac.in,admissions@sagarresearchexcellence.ac.in,placement@sagarresearchexcellence.ac.in,+91-80-239-1000,Computer Science Engineering (CSE),M.Tech,24,810,2004,Urban,Yes,Yes
1-44642674656,1-44642674656,U-0441,SAGAR INSTITUTE OF RESEARCH & TECHNOLOGY- EXCELLENCE,Active,Madhya Pradesh,Bhopal,Bhopal,AYODHYA BY PASS ROAD,452493,23.2456,77.426496,Private-Self Financing,"Rajiv Gandhi Proudyogiki Vishwavidyalaya, Bhopal",Approved,Approved,B++,Yes,,Tier 3,http://www.sagarresearchexcellence.ac.in,info@sagarresearchexcellence.ac.in,admissions@sagarresearchexcellence.ac.in,placement@sagarresearchexcellence.ac.in,+91-80-239-1000,Mechanical Engineering,M.Tech,24,810,2004,Urban,Yes,Yes
1-44642674656,1-44642674656,U-0441,SAGAR INSTITUTE OF RESEARCH & TECHNOLOGY- EXCELLENCE,Active,Madhya Pradesh,Bhopal,Bhopal,AYODHYA BY PASS ROAD,452493,23.2456,77.426496,Private-Self Financing,"Rajiv Gandhi Proudyogiki Vishwavidyalaya, Bhopal",Approved,Approved,B++,Yes,,Tier 3,http://www.sagarresearchexcellence.ac.in,info@sagarresearchexcellence.ac.in,admissions@sagarresearchexcellence.ac.in,placement@sagarresearchexcellence.ac.in,+91-80-239-1000,Other Engineering Branches,M.Tech,42,810,2004,Urban,Yes,Yes
1-44642674656,1-44642674656,U-0441,SAGAR INSTITUTE OF RESEARCH & TECHNOLOGY- EXCELLENCE,Active,Madhya Pradesh,Bhopal,Bhopal,AYODHYA BY PASS ROAD,452493,23.2456,77.426496,Private-Self Financing,"Rajiv Gandhi Proudyogiki Vishwavidyalaya, Bhopal",Approved,Approved,B++,Yes,,Tier 3,http://www.sagarresearchexcellence.ac.in,info@sagarresearchexcellence.ac.in,admissions@sagarresearchexcellence.ac.in,placement@sagarresearchexcellence.ac.in,+91-80-239-1000,Mechanical Engineering,Diploma,90,810,2004,Urban,Yes,Yes
1-44642674656,1-44642674656,U-0441,SAGAR INSTITUTE OF RESEARCH & TECHNOLOGY- EXCELLENCE,Active,Madhya Pradesh,Bhopal,Bhopal,AYODHYA BY PASS ROAD,452493,23.2456,77.426496,Private-Self Financing,"Rajiv Gandhi Proudyogiki Vishwavidyalaya, Bhopal",Approved,Approved,B++,Yes,,Tier 3,http://www.sagarresearchexcellence.ac.in,info@sagarresearchexcellence.ac.in,admissions@sagarresearchexcellence.ac.in,placement@sagarresearchexcellence.ac.in,+91-80-239-1000,Civil Engineering,Diploma,90,810,2004,Urban,Yes,Yes
1-44642674656,1-44642674656,U-0441,SAGAR INSTITUTE OF RESEARCH & TECHNOLOGY- EXCELLENCE,Active,Madhya Pradesh,Bhopal,Bhopal,AYODHYA BY PASS ROAD,452493,23.2456,77.426496,Private-Self Financing,"Rajiv Gandhi Proudyogiki Vishwavidyalaya, Bhopal",Approved,Approved,B++,Yes,,Tier 3,http://www.sagarresearchexcellence.ac.in,info@sagarresearchexcellence.ac.in,admissions@sagarresearchexcellence.ac.in,placement@sagarresearchexcellence.ac.in,+91-80-239-1000,Data Science,B.Tech,120,810,2004,Urban,Yes,Yes
1-44642674656,1-44642674656,U-0441,SAGAR INSTITUTE OF RESEARCH & TECHNOLOGY- EXCELLENCE,Active,Madhya Pradesh,Bhopal,Bhopal,AYODHYA BY PASS ROAD,452493,23.2456,77.426496,Private-Self Financing,"Rajiv Gandhi Proudyogiki Vishwavidyalaya, Bhopal",Approved,Approved,B++,Yes,,Tier 3,http://www.sagarresearchexcellence.ac.in,info@sagarresearchexcellence.ac.in,admissions@sagarresearchexcellence.ac.in,placement@sagarresearchexcellence.ac.in,+91-80-239-1000,Cyber Security,B.Tech,60,810,2004,Urban,Yes,Yes
1-44642674656,1-44642674656,U-0441,SAGAR INSTITUTE OF RESEARCH & TECHNOLOGY- EXCELLENCE,Active,Madhya Pradesh,Bhopal,Bhopal,AYODHYA BY PASS ROAD,452493,23.2456,77.426496,Private-Self Financing,"Rajiv Gandhi Proudyogiki Vishwavidyalaya, Bhopal",Approved,Approved,B++,Yes,,Tier 3,http://www.sagarresearchexcellence.ac.in,info@sagarresearchexcellence.ac.in,admissions@sagarresearchexcellence.ac.in,placement@sagarresearchexcellence.ac.in,+91-80-239-1000,Computer Science Engineering (CSE),Diploma,120,810,2004,Urban,Yes,Yes
1-44642966155,1-44642966155,U-0441,LAKSHMI NARAIN COLLEGE OF TECHNOLOGY AND SCIENCE,Active,Madhya Pradesh,Gwalior,Gwalior,"LNIT, GWALIOR GRAM RATWAI, MORAR CANT, CHITORA ROAD GWALIOR (M.P.)",452896,26.232091,78.164544,Private-Self Financing,"Rajiv Gandhi Proudyogiki Vishwavidyalaya, Bhopal",Approved,Approved,Not Accredited,No,,Tier 3,http://www.lakshminarainscience.ac.in,info@lakshminarainscience.ac.in,admissions@lakshminarainscience.ac.in,placement@lakshminarainscience.ac.in,+91-80-417-2939,Electronics & Communication Engineering (ECE),Diploma,30,240,2000,Urban,Yes,Yes
1-44642966155,1-44642966155,U-0441,LAKSHMI NARAIN COLLEGE OF TECHNOLOGY AND SCIENCE,Active,Madhya Pradesh,Gwalior,Gwalior,"LNIT, GWALIOR GRAM RATWAI, MORAR CANT, CHITORA ROAD GWALIOR (M.P.)",452896,26.232091,78.164544,Private-Self Financing,"Rajiv Gandhi Proudyogiki Vishwavidyalaya, Bhopal",Approved,Approved,Not Accredited,No,,Tier 3,http://www.lakshminarainscience.ac.in,info@lakshminarainscience.ac.in,admissions@lakshminarainscience.ac.in,placement@lakshminarainscience.ac.in,+91-80-417-2939,Computer Science Engineering (CSE),Diploma,60,240,2000,Urban,Yes,Yes
1-44642966155,1-44642966155,U-0441,LAKSHMI NARAIN COLLEGE OF TECHNOLOGY AND SCIENCE,Active,Madhya Pradesh,Gwalior,Gwalior,"LNIT, GWALIOR GRAM RATWAI, MORAR CANT, CHITORA ROAD GWALIOR (M.P.)",452896,26.232091,78.164544,Private-Self Financing,"Rajiv Gandhi Proudyogiki Vishwavidyalaya, Bhopal",Approved,Approved,Not Accredited,No,,Tier 3,http://www.lakshminarainscience.ac.in,info@lakshminarainscience.ac.in,admissions@lakshminarainscience.ac.in,placement@lakshminarainscience.ac.in,+91-80-417-2939,Information Technology (IT),Diploma,30,240,2000,Urban,Yes,Yes
1-44642966155,1-44642966155,U-0441,LAKSHMI NARAIN COLLEGE OF TECHNOLOGY AND SCIENCE,Active,Madhya Pradesh,Gwalior,Gwalior,"LNIT, GWALIOR GRAM RATWAI, MORAR CANT, CHITORA ROAD GWALIOR (M.P.)",452896,26.232091,78.164544,Private-Self Financing,"Rajiv Gandhi Proudyogiki Vishwavidyalaya, Bhopal",Approved,Approved,Not Accredited,No,,Tier 3,http://www.lakshminarainscience.ac.in,info@lakshminarainscience.ac.in,admissions@lakshminarainscience.ac.in,placement@lakshminarainscience.ac.in,+91-80-417-2939,Mechanical Engineering,Diploma,60,240,2000,Urban,Yes,Yes
1-44642966155,1-44642966155,U-0441,LAKSHMI NARAIN COLLEGE OF TECHNOLOGY AND SCIENCE,Active,Madhya Pradesh,Gwalior,Gwalior,"LNIT, GWALIOR GRAM RATWAI, MORAR CANT, CHITORA ROAD GWALIOR (M.P.)",452896,26.232091,78.164544,Private-Self Financing,"Rajiv Gandhi Proudyogiki Vishwavidyalaya, Bhopal",Approved,Approved,Not Accredited,No,,Tier 3,http://www.lakshminarainscience.ac.in,info@lakshminarainscience.ac.in,admissions@lakshminarainscience.ac.in,placement@lakshminarainscience.ac.in,+91-80-417-2939,Electrical & Electronics Engineering (EEE),Diploma,60,240,2000,Urban,Yes,Yes
1-44642455150,1-44642455150,U-0610,GYAN GANGA COLLEGE OF TECHNOLOGY,Active,Madhya Pradesh,Jabalpur,Jabalpur,"P.O. TILWARA GHAT, GARHA NEAR SHAH NALA, TRIPURI WARD, JABALPUR 482003 MADHYA PRADESH",482003,22.195507,79.943761,Private-Self Financing,"Rani Durgavati Vishwavidyalaya, Jabalpur",Approved,Approved,B,Yes,,Tier 3,http://www.gyanganga.ac.in,info@gyanganga.ac.in,admissions@gyanganga.ac.in,placement@gyanganga.ac.in,+91-80-657-0328,Computer Science Engineering (CSE),B.Tech,180,360,1983,Urban,Yes,Yes
1-44642455150,1-44642455150,U-0610,GYAN GANGA COLLEGE OF TECHNOLOGY,Active,Madhya Pradesh,Jabalpur,Jabalpur,"P.O. TILWARA GHAT, GARHA NEAR SHAH NALA, TRIPURI WARD, JABALPUR 482003 MADHYA PRADESH",482003,22.195507,79.943761,Private-Self Financing,"Rani Durgavati Vishwavidyalaya, Jabalpur",Approved,Approved,B,Yes,,Tier 3,http://www.gyanganga.ac.in,info@gyanganga.ac.in,admissions@gyanganga.ac.in,placement@gyanganga.ac.in,+91-80-657-0328,Data Science,B.Tech,120,360,1983,Urban,Yes,Yes
1-44642455150,1-44642455150,U-0610,GYAN GANGA COLLEGE OF TECHNOLOGY,Active,Madhya Pradesh,Jabalpur,Jabalpur,"P.O. TILWARA GHAT, GARHA NEAR SHAH NALA, TRIPURI WARD, JABALPUR 482003 MADHYA PRADESH",482003,22.195507,79.943761,Private-Self Financing,"Rani Durgavati Vishwavidyalaya, Jabalpur",Approved,Approved,B,Yes,,Tier 3,http://www.gyanganga.ac.in,info@gyanganga.ac.in,admissions@gyanganga.ac.in,placement@gyanganga.ac.in,+91-80-657-0328,Artificial Intelligence & Machine Learning (AI & ML),B.Tech,60,360,1983,Urban,Yes,Yes
1-44642506537,1-44642506537,U-0441,SHIVAJIRAO KADAM INSTITUTE OF TECHNOLOGY AND MANAGEMENT - TECHNICAL CAMPUS,Active,Madhya Pradesh,Indore,Indore,"RALAMANDAL NEAR TILLORE KHURD, INDORE",452012,22.736759,75.844628,Private-Self Financing,"Rajiv Gandhi Proudyogiki Vishwavidyalaya, Bhopal",Approved,Approved,A+,Yes,,Tier 2,http://www.shivajiraokadammanagement.ac.in,info@shivajiraokadammanagement.ac.in,admissions@shivajiraokadammanagement.ac.in,placement@shivajiraokadammanagement.ac.in,+91-80-558-5580,Civil Engineering,B.Tech,60,630,2001,Rural,No,Yes
1-44642506537,1-44642506537,U-0441,SHIVAJIRAO KADAM INSTITUTE OF TECHNOLOGY AND MANAGEMENT - TECHNICAL CAMPUS,Active,Madhya Pradesh,Indore,Indore,"RALAMANDAL NEAR TILLORE KHURD, INDORE",452012,22.736759,75.844628,Private-Self Financing,"Rajiv Gandhi Proudyogiki Vishwavidyalaya, Bhopal",Approved,Approved,A+,Yes,,Tier 2,http://www.shivajiraokadammanagement.ac.in,info@shivajiraokadammanagement.ac.in,admissions@shivajiraokadammanagement.ac.in,placement@shivajiraokadammanagement.ac.in,+91-80-558-5580,Mechanical Engineering,B.Tech,60,630,2001,Rural,No,Yes
1-44642506537,1-44642506537,U-0441,SHIVAJIRAO KADAM INSTITUTE OF TECHNOLOGY AND MANAGEMENT - TECHNICAL CAMPUS,Active,Madhya Pradesh,Indore,Indore,"RALAMANDAL NEAR TILLORE KHURD, INDORE",452012,22.736759,75.844628,Private-Self Financing,"Rajiv Gandhi Proudyogiki Vishwavidyalaya, Bhopal",Approved,Approved,A+,Yes,,Tier 2,http://www.shivajiraokadammanagement.ac.in,info@shivajiraokadammanagement.ac.in,admissions@shivajiraokadammanagement.ac.in,placement@shivajiraokadammanagement.ac.in,+91-80-558-5580,Electronics & Communication Engineering (ECE),B.Tech,30,630,2001,Rural,No,Yes
1-44642506537,1-44642506537,U-0441,SHIVAJIRAO KADAM INSTITUTE OF TECHNOLOGY AND MANAGEMENT - TECHNICAL CAMPUS,Active,Madhya Pradesh,Indore,Indore,"RALAMANDAL NEAR TILLORE KHURD, INDORE",452012,22.736759,75.844628,Private-Self Financing,"Rajiv Gandhi Proudyogiki Vishwavidyalaya, Bhopal",Approved,Approved,A+,Yes,,Tier 2,http://www.shivajiraokadammanagement.ac.in,info@shivajiraokadammanagement.ac.in,admissions@shivajiraokadammanagement.ac.in,placement@shivajiraokadammanagement.ac.in,+91-80-558-5580,Computer Science Engineering (CSE),B.Tech,300,630,2001,Rural,No,Yes
1-44642506537,1-44642506537,U-0441,SHIVAJIRAO KADAM INSTITUTE OF TECHNOLOGY AND MANAGEMENT - TECHNICAL CAMPUS,Active,Madhya Pradesh,Indore,Indore,"RALAMANDAL NEAR TILLORE KHURD, INDORE",452012,22.736759,75.844628,Private-Self Financing,"Rajiv Gandhi Proudyogiki Vishwavidyalaya, Bhopal",Approved,Approved,A+,Yes,,Tier 2,http://www.shivajiraokadammanagement.ac.in,info@shivajiraokadammanagement.ac.in,admissions@shivajiraokadammanagement.ac.in,placement@shivajiraokadammanagement.ac.in,+91-80-558-5580,Artificial Intelligence & Machine Learning (AI & ML),B.Tech,60,630,2001,Rural,No,Yes
1-44642506537,1-44642506537,U-0441,SHIVAJIRAO KADAM INSTITUTE OF TECHNOLOGY AND MANAGEMENT - TECHNICAL CAMPUS,Active,Madhya Pradesh,Indore,Indore,"RALAMANDAL NEAR TILLORE KHURD, INDORE",452012,22.736759,75.844628,Private-Self Financing,"Rajiv Gandhi Proudyogiki Vishwavidyalaya, Bhopal",Approved,Approved,A+,Yes,,Tier 2,http://www.shivajiraokadammanagement.ac.in,info@shivajiraokadammanagement.ac.in,admissions@shivajiraokadammanagement.ac.in,placement@shivajiraokadammanagement.ac.in,+91-80-558-5580,Data Science,B.Tech,60,630,2001,Rural,No,Yes
1-44642506537,1-44642506537,U-0441,SHIVAJIRAO KADAM INSTITUTE OF TECHNOLOGY AND MANAGEMENT - TECHNICAL CAMPUS,Active,Madhya Pradesh,Indore,Indore,"RALAMANDAL NEAR TILLORE KHURD, INDORE",452012,22.736759,75.844628,Private-Self Financing,"Rajiv Gandhi Proudyogiki Vishwavidyalaya, Bhopal",Approved,Approved,A+,Yes,,Tier 2,http://www.shivajiraokadammanagement.ac.in,info@shivajiraokadammanagement.ac.in,admissions@shivajiraokadammanagement.ac.in,placement@shivajiraokadammanagement.ac.in,+91-80-558-5580,Information Technology (IT),B.Tech,60,630,2001,Rural,No,Yes
1-44642507194,1-44642507194,U-0589,COLLEGE OF ENGINEERING,Active,Madhya Pradesh,Indore,Indore,"INDORE BYPASS ROAD ARANDIYA, POST JHALARIYA",452012,22.703132,75.839814,Private-Self Financing,"Dr. A.P.J. Abdul Kalam University, Indore, Madhya Pradesh",Approved,Approved,Not Accredited,No,,Tier 3,http://www.inst5786.ac.in,info@inst5786.ac.in,admissions@inst5786.ac.in,placement@inst5786.ac.in,+91-80-148-1229,Computer Science Engineering (CSE),B.Tech,120,744,1997,Urban,Yes,Yes
1-44642507194,1-44642507194,U-0589,COLLEGE OF ENGINEERING,Active,Madhya Pradesh,Indore,Indore,"INDORE BYPASS ROAD ARANDIYA, POST JHALARIYA",452012,22.703132,75.839814,Private-Self Financing,"Dr. A.P.J. Abdul Kalam University, Indore, Madhya Pradesh",Approved,Approved,Not Accredited,No,,Tier 3,http://www.inst5786.ac.in,info@inst5786.ac.in,admissions@inst5786.ac.in,placement@inst5786.ac.in,+91-80-148-1229,Computer Science Engineering (CSE),M.Tech,24,744,1997,Urban,Yes,Yes
1-44642507194,1-44642507194,U-0589,COLLEGE OF ENGINEERING,Active,Madhya Pradesh,Indore,Indore,"INDORE BYPASS ROAD ARANDIYA, POST JHALARIYA",452012,22.703132,75.839814,Private-Self Financing,"Dr. A.P.J. Abdul Kalam University, Indore, Madhya Pradesh",Approved,Approved,Not Accredited,No,,Tier 3,http://www.inst5786.ac.in,info@inst5786.ac.in,admissions@inst5786.ac.in,placement@inst5786.ac.in,+91-80-148-1229,Information Technology (IT),B.Tech,60,744,1997,Urban,Yes,Yes
1-44642507194,1-44642507194,U-0589,COLLEGE OF ENGINEERING,Active,Madhya Pradesh,Indore,Indore,"INDORE BYPASS ROAD ARANDIYA, POST JHALARIYA",452012,22.703132,75.839814,Private-Self Financing,"Dr. A.P.J. Abdul Kalam University, Indore, Madhya Pradesh",Approved,Approved,Not Accredited,No,,Tier 3,http://www.inst5786.ac.in,info@inst5786.ac.in,admissions@inst5786.ac.in,placement@inst5786.ac.in,+91-80-148-1229,Electrical & Electronics Engineering (EEE),B.Tech,120,744,1997,Urban,Yes,Yes
1-44642507194,1-44642507194,U-0589,COLLEGE OF ENGINEERING,Active,Madhya Pradesh,Indore,Indore,"INDORE BYPASS ROAD ARANDIYA, POST JHALARIYA",452012,22.703132,75.839814,Private-Self Financing,"Dr. A.P.J. Abdul Kalam University, Indore, Madhya Pradesh",Approved,Approved,Not Accredited,No,,Tier 3,http://www.inst5786.ac.in,info@inst5786.ac.in,admissions@inst5786.ac.in,placement@inst5786.ac.in,+91-80-148-1229,Mechanical Engineering,B.Tech,180,744,1997,Urban,Yes,Yes
1-44642507194,1-44642507194,U-0589,COLLEGE OF ENGINEERING,Active,Madhya Pradesh,Indore,Indore,"INDORE BYPASS ROAD ARANDIYA, POST JHALARIYA",452012,22.703132,75.839814,Private-Self Financing,"Dr. A.P.J. Abdul Kalam University, Indore, Madhya Pradesh",Approved,Approved,Not Accredited,No,,Tier 3,http://www.inst5786.ac.in,info@inst5786.ac.in,admissions@inst5786.ac.in,placement@inst5786.ac.in,+91-80-148-1229,Electronics & Communication Engineering (ECE),B.Tech,120,744,1997,Urban,Yes,Yes
1-44642507194,1-44642507194,U-0589,COLLEGE OF ENGINEERING,Active,Madhya Pradesh,Indore,Indore,"INDORE BYPASS ROAD ARANDIYA, POST JHALARIYA",452012,22.703132,75.839814,Private-Self Financing,"Dr. A.P.J. Abdul Kalam University, Indore, Madhya Pradesh",Approved,Approved,Not Accredited,No,,Tier 3,http://www.inst5786.ac.in,info@inst5786.ac.in,admissions@inst5786.ac.in,placement@inst5786.ac.in,+91-80-148-1229,Information Technology (IT),M.Tech,24,744,1997,Urban,Yes,Yes
1-44642507194,1-44642507194,U-0589,COLLEGE OF ENGINEERING,Active,Madhya Pradesh,Indore,Indore,"INDORE BYPASS ROAD ARANDIYA, POST JHALARIYA",452012,22.703132,75.839814,Private-Self Financing,"Dr. A.P.J. Abdul Kalam University, Indore, Madhya Pradesh",Approved,Approved,Not Accredited,No,,Tier 3,http://www.inst5786.ac.in,info@inst5786.ac.in,admissions@inst5786.ac.in,placement@inst5786.ac.in,+91-80-148-1229,Civil Engineering,B.Tech,60,744,1997,Urban,Yes,Yes
1-44642507194,1-44642507194,U-0589,COLLEGE OF ENGINEERING,Active,Madhya Pradesh,Indore,Indore,"INDORE BYPASS ROAD ARANDIYA, POST JHALARIYA",452012,22.703132,75.839814,Private-Self Financing,"Dr. A.P.J. Abdul Kalam University, Indore, Madhya Pradesh",Approved,Approved,Not Accredited,No,,Tier 3,http://www.inst5786.ac.in,info@inst5786.ac.in,admissions@inst5786.ac.in,placement@inst5786.ac.in,+91-80-148-1229,Other Engineering Branches,M.Tech,36,744,1997,Urban,Yes,Yes
1-44642888614,1-44642888614,U-0441,"IES COLLEGE OF TECHNOLOGY, BHOPAL",Active,Madhya Pradesh,Bhopal,Bhopal,"IES CAMPUS KALKHEDA  RATIBAD MAIN ROAD, BHOPAL (M.P.)  PIN-462044",462044,23.278165,77.414024,Private-Self Financing,"Rajiv Gandhi Proudyogiki Vishwavidyalaya, Bhopal",Approved,Approved,A,No,,Tier 3,http://www.iesbhopal.ac.in,info@iesbhopal.ac.in,admissions@iesbhopal.ac.in,placement@iesbhopal.ac.in,+91-80-604-9545,Civil Engineering,B.Tech,60,864,1985,Urban,Yes,Yes
1-44642888614,1-44642888614,U-0441,"IES COLLEGE OF TECHNOLOGY, BHOPAL",Active,Madhya Pradesh,Bhopal,Bhopal,"IES CAMPUS KALKHEDA  RATIBAD MAIN ROAD, BHOPAL (M.P.)  PIN-462044",462044,23.278165,77.414024,Private-Self Financing,"Rajiv Gandhi Proudyogiki Vishwavidyalaya, Bhopal",Approved,Approved,A,No,,Tier 3,http://www.iesbhopal.ac.in,info@iesbhopal.ac.in,admissions@iesbhopal.ac.in,placement@iesbhopal.ac.in,+91-80-604-9545,Computer Science Engineering (CSE),B.Tech,180,864,1985,Urban,Yes,Yes
1-44642888614,1-44642888614,U-0441,"IES COLLEGE OF TECHNOLOGY, BHOPAL",Active,Madhya Pradesh,Bhopal,Bhopal,"IES CAMPUS KALKHEDA  RATIBAD MAIN ROAD, BHOPAL (M.P.)  PIN-462044",462044,23.278165,77.414024,Private-Self Financing,"Rajiv Gandhi Proudyogiki Vishwavidyalaya, Bhopal",Approved,Approved,A,No,,Tier 3,http://www.iesbhopal.ac.in,info@iesbhopal.ac.in,admissions@iesbhopal.ac.in,placement@iesbhopal.ac.in,+91-80-604-9545,Electrical & Electronics Engineering (EEE),B.Tech,90,864,1985,Urban,Yes,Yes
1-44642888614,1-44642888614,U-0441,"IES COLLEGE OF TECHNOLOGY, BHOPAL",Active,Madhya Pradesh,Bhopal,Bhopal,"IES CAMPUS KALKHEDA  RATIBAD MAIN ROAD, BHOPAL (M.P.)  PIN-462044",462044,23.278165,77.414024,Private-Self Financing,"Rajiv Gandhi Proudyogiki Vishwavidyalaya, Bhopal",Approved,Approved,A,No,,Tier 3,http://www.iesbhopal.ac.in,info@iesbhopal.ac.in,admissions@iesbhopal.ac.in,placement@iesbhopal.ac.in,+91-80-604-9545,Computer Science Engineering (CSE),M.Tech,18,864,1985,Urban,Yes,Yes
1-44642888614,1-44642888614,U-0441,"IES COLLEGE OF TECHNOLOGY, BHOPAL",Active,Madhya Pradesh,Bhopal,Bhopal,"IES CAMPUS KALKHEDA  RATIBAD MAIN ROAD, BHOPAL (M.P.)  PIN-462044",462044,23.278165,77.414024,Private-Self Financing,"Rajiv Gandhi Proudyogiki Vishwavidyalaya, Bhopal",Approved,Approved,A,No,,Tier 3,http://www.iesbhopal.ac.in,info@iesbhopal.ac.in,admissions@iesbhopal.ac.in,placement@iesbhopal.ac.in,+91-80-604-9545,Mechanical Engineering,B.Tech,120,864,1985,Urban,Yes,Yes
1-44642888614,1-44642888614,U-0441,"IES COLLEGE OF TECHNOLOGY, BHOPAL",Active,Madhya Pradesh,Bhopal,Bhopal,"IES CAMPUS KALKHEDA  RATIBAD MAIN ROAD, BHOPAL (M.P.)  PIN-462044",462044,23.278165,77.414024,Private-Self Financing,"Rajiv Gandhi Proudyogiki Vishwavidyalaya, Bhopal",Approved,Approved,A,No,,Tier 3,http://www.iesbhopal.ac.in,info@iesbhopal.ac.in,admissions@iesbhopal.ac.in,placement@iesbhopal.ac.in,+91-80-604-9545,Other Engineering Branches,M.Tech,36,864,1985,Urban,Yes,Yes
1-44642888614,1-44642888614,U-0441,"IES COLLEGE OF TECHNOLOGY, BHOPAL",Active,Madhya Pradesh,Bhopal,Bhopal,"IES CAMPUS KALKHEDA  RATIBAD MAIN ROAD, BHOPAL (M.P.)  PIN-462044",462044,23.278165,77.414024,Private-Self Financing,"Rajiv Gandhi Proudyogiki Vishwavidyalaya, Bhopal",Approved,Approved,A,No,,Tier 3,http://www.iesbhopal.ac.in,info@iesbhopal.ac.in,admissions@iesbhopal.ac.in,placement@iesbhopal.ac.in,+91-80-604-9545,Electronics & Communication Engineering (ECE),B.Tech,60,864,1985,Urban,Yes,Yes
1-44642888614,1-44642888614,U-0441,"IES COLLEGE OF TECHNOLOGY, BHOPAL",Active,Madhya Pradesh,Bhopal,Bhopal,"IES CAMPUS KALKHEDA  RATIBAD MAIN ROAD, BHOPAL (M.P.)  PIN-462044",462044,23.278165,77.414024,Private-Self Financing,"Rajiv Gandhi Proudyogiki Vishwavidyalaya, Bhopal",Approved,Approved,A,No,,Tier 3,http://www.iesbhopal.ac.in,info@iesbhopal.ac.in,admissions@iesbhopal.ac.in,placement@iesbhopal.ac.in,+91-80-604-9545,Artificial Intelligence & Machine Learning (AI & ML),B.Tech,120,864,1985,Urban,Yes,Yes
1-44642888614,1-44642888614,U-0441,"IES COLLEGE OF TECHNOLOGY, BHOPAL",Active,Madhya Pradesh,Bhopal,Bhopal,"IES CAMPUS KALKHEDA  RATIBAD MAIN ROAD, BHOPAL (M.P.)  PIN-462044",462044,23.278165,77.414024,Private-Self Financing,"Rajiv Gandhi Proudyogiki Vishwavidyalaya, Bhopal",Approved,Approved,A,No,,Tier 3,http://www.iesbhopal.ac.in,info@iesbhopal.ac.in,admissions@iesbhopal.ac.in,placement@iesbhopal.ac.in,+91-80-604-9545,Data Science,B.Tech,120,864,1985,Urban,Yes,Yes
1-44642888614,1-44642888614,U-0441,"IES COLLEGE OF TECHNOLOGY, BHOPAL",Active,Madhya Pradesh,Bhopal,Bhopal,"IES CAMPUS KALKHEDA  RATIBAD MAIN ROAD, BHOPAL (M.P.)  PIN-462044",462044,23.278165,77.414024,Private-Self Financing,"Rajiv Gandhi Proudyogiki Vishwavidyalaya, Bhopal",Approved,Approved,A,No,,Tier 3,http://www.iesbhopal.ac.in,info@iesbhopal.ac.in,admissions@iesbhopal.ac.in,placement@iesbhopal.ac.in,+91-80-604-9545,Cyber Security,B.Tech,60,864,1985,Urban,Yes,Yes
1-44642890072,1-44642890072,U-0441,SHRI RAM INSTITUTE OF TECHNOLOGY,Active,Madhya Pradesh,Jabalpur,Jabalpur,"NEAR ITI, MADHOTAL, JABALPUR, M.P. 482002",482002,22.161094,79.944349,Private-Self Financing,"Rajiv Gandhi Proudyogiki Vishwavidyalaya, Bhopal",Approved,Approved,A,No,,Tier 3,http://www.shriram.ac.in,info@shriram.ac.in,admissions@shriram.ac.in,placement@shriram.ac.in,+91-80-213-6795,Electronics & Communication Engineering (ECE),B.Tech,120,1146,1985,Urban,Yes,No
1-44642890072,1-44642890072,U-0441,SHRI RAM INSTITUTE OF TECHNOLOGY,Active,Madhya Pradesh,Jabalpur,Jabalpur,"NEAR ITI, MADHOTAL, JABALPUR, M.P. 482002",482002,22.161094,79.944349,Private-Self Financing,"Rajiv Gandhi Proudyogiki Vishwavidyalaya, Bhopal",Approved,Approved,A,No,,Tier 3,http://www.shriram.ac.in,info@shriram.ac.in,admissions@shriram.ac.in,placement@shriram.ac.in,+91-80-213-6795,Computer Science Engineering (CSE),B.Tech,390,1146,1985,Urban,Yes,No
1-44642890072,1-44642890072,U-0441,SHRI RAM INSTITUTE OF TECHNOLOGY,Active,Madhya Pradesh,Jabalpur,Jabalpur,"NEAR ITI, MADHOTAL, JABALPUR, M.P. 482002",482002,22.161094,79.944349,Private-Self Financing,"Rajiv Gandhi Proudyogiki Vishwavidyalaya, Bhopal",Approved,Approved,A,No,,Tier 3,http://www.shriram.ac.in,info@shriram.ac.in,admissions@shriram.ac.in,placement@shriram.ac.in,+91-80-213-6795,Mechanical Engineering,B.Tech,60,1146,1985,Urban,Yes,No
1-44642890072,1-44642890072,U-0441,SHRI RAM INSTITUTE OF TECHNOLOGY,Active,Madhya Pradesh,Jabalpur,Jabalpur,"NEAR ITI, MADHOTAL, JABALPUR, M.P. 482002",482002,22.161094,79.944349,Private-Self Financing,"Rajiv Gandhi Proudyogiki Vishwavidyalaya, Bhopal",Approved,Approved,A,No,,Tier 3,http://www.shriram.ac.in,info@shriram.ac.in,admissions@shriram.ac.in,placement@shriram.ac.in,+91-80-213-6795,Computer Science Engineering (CSE),M.Tech,18,1146,1985,Urban,Yes,No
1-44642890072,1-44642890072,U-0441,SHRI RAM INSTITUTE OF TECHNOLOGY,Active,Madhya Pradesh,Jabalpur,Jabalpur,"NEAR ITI, MADHOTAL, JABALPUR, M.P. 482002",482002,22.161094,79.944349,Private-Self Financing,"Rajiv Gandhi Proudyogiki Vishwavidyalaya, Bhopal",Approved,Approved,A,No,,Tier 3,http://www.shriram.ac.in,info@shriram.ac.in,admissions@shriram.ac.in,placement@shriram.ac.in,+91-80-213-6795,Other Engineering Branches,M.Tech,90,1146,1985,Urban,Yes,No
1-44642890072,1-44642890072,U-0441,SHRI RAM INSTITUTE OF TECHNOLOGY,Active,Madhya Pradesh,Jabalpur,Jabalpur,"NEAR ITI, MADHOTAL, JABALPUR, M.P. 482002",482002,22.161094,79.944349,Private-Self Financing,"Rajiv Gandhi Proudyogiki Vishwavidyalaya, Bhopal",Approved,Approved,A,No,,Tier 3,http://www.shriram.ac.in,info@shriram.ac.in,admissions@shriram.ac.in,placement@shriram.ac.in,+91-80-213-6795,Electrical Engineering,B.Tech,60,1146,1985,Urban,Yes,No
1-44642890072,1-44642890072,U-0441,SHRI RAM INSTITUTE OF TECHNOLOGY,Active,Madhya Pradesh,Jabalpur,Jabalpur,"NEAR ITI, MADHOTAL, JABALPUR, M.P. 482002",482002,22.161094,79.944349,Private-Self Financing,"Rajiv Gandhi Proudyogiki Vishwavidyalaya, Bhopal",Approved,Approved,A,No,,Tier 3,http://www.shriram.ac.in,info@shriram.ac.in,admissions@shriram.ac.in,placement@shriram.ac.in,+91-80-213-6795,Civil Engineering,B.Tech,60,1146,1985,Urban,Yes,No
1-44642890072,1-44642890072,U-0441,SHRI RAM INSTITUTE OF TECHNOLOGY,Active,Madhya Pradesh,Jabalpur,Jabalpur,"NEAR ITI, MADHOTAL, JABALPUR, M.P. 482002",482002,22.161094,79.944349,Private-Self Financing,"Rajiv Gandhi Proudyogiki Vishwavidyalaya, Bhopal",Approved,Approved,A,No,,Tier 3,http://www.shriram.ac.in,info@shriram.ac.in,admissions@shriram.ac.in,placement@shriram.ac.in,+91-80-213-6795,Artificial Intelligence & Machine Learning (AI & ML),B.Tech,150,1146,1985,Urban,Yes,No
1-44642890072,1-44642890072,U-0441,SHRI RAM INSTITUTE OF TECHNOLOGY,Active,Madhya Pradesh,Jabalpur,Jabalpur,"NEAR ITI, MADHOTAL, JABALPUR, M.P. 482002",482002,22.161094,79.944349,Private-Self Financing,"Rajiv Gandhi Proudyogiki Vishwavidyalaya, Bhopal",Approved,Approved,A,No,,Tier 3,http://www.shriram.ac.in,info@shriram.ac.in,admissions@shriram.ac.in,placement@shriram.ac.in,+91-80-213-6795,Artificial Intelligence & Machine Learning (AI & ML),M.Tech,18,1146,1985,Urban,Yes,No
1-44642890072,1-44642890072,U-0441,SHRI RAM INSTITUTE OF TECHNOLOGY,Active,Madhya Pradesh,Jabalpur,Jabalpur,"NEAR ITI, MADHOTAL, JABALPUR, M.P. 482002",482002,22.161094,79.944349,Private-Self Financing,"Rajiv Gandhi Proudyogiki Vishwavidyalaya, Bhopal",Approved,Approved,A,No,,Tier 3,http://www.shriram.ac.in,info@shriram.ac.in,admissions@shriram.ac.in,placement@shriram.ac.in,+91-80-213-6795,Mechanical Engineering,Diploma,60,1146,1985,Urban,Yes,No
1-44642890072,1-44642890072,U-0441,SHRI RAM INSTITUTE OF TECHNOLOGY,Active,Madhya Pradesh,Jabalpur,Jabalpur,"NEAR ITI, MADHOTAL, JABALPUR, M.P. 482002",482002,22.161094,79.944349,Private-Self Financing,"Rajiv Gandhi Proudyogiki Vishwavidyalaya, Bhopal",Approved,Approved,A,No,,Tier 3,http://www.shriram.ac.in,info@shriram.ac.in,admissions@shriram.ac.in,placement@shriram.ac.in,+91-80-213-6795,Electrical Engineering,Diploma,60,1146,1985,Urban,Yes,No
1-44642890072,1-44642890072,U-0441,SHRI RAM INSTITUTE OF TECHNOLOGY,Active,Madhya Pradesh,Jabalpur,Jabalpur,"NEAR ITI, MADHOTAL, JABALPUR, M.P. 482002",482002,22.161094,79.944349,Private-Self Financing,"Rajiv Gandhi Proudyogiki Vishwavidyalaya, Bhopal",Approved,Approved,A,No,,Tier 3,http://www.shriram.ac.in,info@shriram.ac.in,admissions@shriram.ac.in,placement@shriram.ac.in,+91-80-213-6795,Computer Science Engineering (CSE),Diploma,60,1146,1985,Urban,Yes,No
1-44642459949,1-44642459949,U-0441,"SRI AUROBINDO INSTITUTE OF TECHNOLOGY, INDORE",Active,Madhya Pradesh,Indore,Indore,"INDORE-UJJAIN HIGHWAY, NEAR MR-10 CROSSING, GRAM BHAVARASLA",452012,22.720742,75.850087,Private-Self Financing,"Rajiv Gandhi Proudyogiki Vishwavidyalaya, Bhopal",Approved,Approved,B+,No,,Tier 3,http://www.sriaurobindoindore.ac.in,info@sriaurobindoindore.ac.in,admissions@sriaurobindoindore.ac.in,placement@sriaurobindoindore.ac.in,+91-80-886-7407,Electronics & Communication Engineering (ECE),B.Tech,30,396,1994,Rural,Yes,Yes
1-44642459949,1-44642459949,U-0441,"SRI AUROBINDO INSTITUTE OF TECHNOLOGY, INDORE",Active,Madhya Pradesh,Indore,Indore,"INDORE-UJJAIN HIGHWAY, NEAR MR-10 CROSSING, GRAM BHAVARASLA",452012,22.720742,75.850087,Private-Self Financing,"Rajiv Gandhi Proudyogiki Vishwavidyalaya, Bhopal",Approved,Approved,B+,No,,Tier 3,http://www.sriaurobindoindore.ac.in,info@sriaurobindoindore.ac.in,admissions@sriaurobindoindore.ac.in,placement@sriaurobindoindore.ac.in,+91-80-886-7407,Computer Science Engineering (CSE),B.Tech,210,396,1994,Rural,Yes,Yes
1-44642459949,1-44642459949,U-0441,"SRI AUROBINDO INSTITUTE OF TECHNOLOGY, INDORE",Active,Madhya Pradesh,Indore,Indore,"INDORE-UJJAIN HIGHWAY, NEAR MR-10 CROSSING, GRAM BHAVARASLA",452012,22.720742,75.850087,Private-Self Financing,"Rajiv Gandhi Proudyogiki Vishwavidyalaya, Bhopal",Approved,Approved,B+,No,,Tier 3,http://www.sriaurobindoindore.ac.in,info@sriaurobindoindore.ac.in,admissions@sriaurobindoindore.ac.in,placement@sriaurobindoindore.ac.in,+91-80-886-7407,Mechanical Engineering,B.Tech,30,396,1994,Rural,Yes,Yes
1-44642459949,1-44642459949,U-0441,"SRI AUROBINDO INSTITUTE OF TECHNOLOGY, INDORE",Active,Madhya Pradesh,Indore,Indore,"INDORE-UJJAIN HIGHWAY, NEAR MR-10 CROSSING, GRAM BHAVARASLA",452012,22.720742,75.850087,Private-Self Financing,"Rajiv Gandhi Proudyogiki Vishwavidyalaya, Bhopal",Approved,Approved,B+,No,,Tier 3,http://www.sriaurobindoindore.ac.in,info@sriaurobindoindore.ac.in,admissions@sriaurobindoindore.ac.in,placement@sriaurobindoindore.ac.in,+91-80-886-7407,Civil Engineering,B.Tech,30,396,1994,Rural,Yes,Yes
1-44642459949,1-44642459949,U-0441,"SRI AUROBINDO INSTITUTE OF TECHNOLOGY, INDORE",Active,Madhya Pradesh,Indore,Indore,"INDORE-UJJAIN HIGHWAY, NEAR MR-10 CROSSING, GRAM BHAVARASLA",452012,22.720742,75.850087,Private-Self Financing,"Rajiv Gandhi Proudyogiki Vishwavidyalaya, Bhopal",Approved,Approved,B+,No,,Tier 3,http://www.sriaurobindoindore.ac.in,info@sriaurobindoindore.ac.in,admissions@sriaurobindoindore.ac.in,placement@sriaurobindoindore.ac.in,+91-80-886-7407,Computer Science Engineering (CSE),M.Tech,18,396,1994,Rural,Yes,Yes
1-44642459949,1-44642459949,U-0441,"SRI AUROBINDO INSTITUTE OF TECHNOLOGY, INDORE",Active,Madhya Pradesh,Indore,Indore,"INDORE-UJJAIN HIGHWAY, NEAR MR-10 CROSSING, GRAM BHAVARASLA",452012,22.720742,75.850087,Private-Self Financing,"Rajiv Gandhi Proudyogiki Vishwavidyalaya, Bhopal",Approved,Approved,B+,No,,Tier 3,http://www.sriaurobindoindore.ac.in,info@sriaurobindoindore.ac.in,admissions@sriaurobindoindore.ac.in,placement@sriaurobindoindore.ac.in,+91-80-886-7407,Other Engineering Branches,M.Tech,18,396,1994,Rural,Yes,Yes
1-44642459949,1-44642459949,U-0441,"SRI AUROBINDO INSTITUTE OF TECHNOLOGY, INDORE",Active,Madhya Pradesh,Indore,Indore,"INDORE-UJJAIN HIGHWAY, NEAR MR-10 CROSSING, GRAM BHAVARASLA",452012,22.720742,75.850087,Private-Self Financing,"Rajiv Gandhi Proudyogiki Vishwavidyalaya, Bhopal",Approved,Approved,B+,No,,Tier 3,http://www.sriaurobindoindore.ac.in,info@sriaurobindoindore.ac.in,admissions@sriaurobindoindore.ac.in,placement@sriaurobindoindore.ac.in,+91-80-886-7407,Artificial Intelligence & Machine Learning (AI & ML),B.Tech,60,396,1994,Rural,Yes,Yes
1-44642679875,1-44642679875,U-0441,SAGAR INSTITUTE OF SCIENCE TECHNOLOGY & ENGINEERING (SISTEC-E),Active,Madhya Pradesh,Bhopal,Bhopal,"SIKANDRABAD, NEAR RATIBAD BHADBHADA ROAD BHOPAL",452493,23.252917,77.410094,Private-Self Financing,"Rajiv Gandhi Proudyogiki Vishwavidyalaya, Bhopal",Approved,Approved,B+,No,,Tier 3,http://www.sagarsciencesistece.ac.in,info@sagarsciencesistece.ac.in,admissions@sagarsciencesistece.ac.in,placement@sagarsciencesistece.ac.in,+91-80-545-9823,Electronics & Communication Engineering (ECE),B.Tech,60,318,2022,Rural,Yes,Yes
1-44642679875,1-44642679875,U-0441,SAGAR INSTITUTE OF SCIENCE TECHNOLOGY & ENGINEERING (SISTEC-E),Active,Madhya Pradesh,Bhopal,Bhopal,"SIKANDRABAD, NEAR RATIBAD BHADBHADA ROAD BHOPAL",452493,23.252917,77.410094,Private-Self Financing,"Rajiv Gandhi Proudyogiki Vishwavidyalaya, Bhopal",Approved,Approved,B+,No,,Tier 3,http://www.sagarsciencesistece.ac.in,info@sagarsciencesistece.ac.in,admissions@sagarsciencesistece.ac.in,placement@sagarsciencesistece.ac.in,+91-80-545-9823,Computer Science Engineering (CSE),B.Tech,60,318,2022,Rural,Yes,Yes
1-44642679875,1-44642679875,U-0441,SAGAR INSTITUTE OF SCIENCE TECHNOLOGY & ENGINEERING (SISTEC-E),Active,Madhya Pradesh,Bhopal,Bhopal,"SIKANDRABAD, NEAR RATIBAD BHADBHADA ROAD BHOPAL",452493,23.252917,77.410094,Private-Self Financing,"Rajiv Gandhi Proudyogiki Vishwavidyalaya, Bhopal",Approved,Approved,B+,No,,Tier 3,http://www.sagarsciencesistece.ac.in,info@sagarsciencesistece.ac.in,admissions@sagarsciencesistece.ac.in,placement@sagarsciencesistece.ac.in,+91-80-545-9823,Electrical Engineering,B.Tech,60,318,2022,Rural,Yes,Yes
1-44642679875,1-44642679875,U-0441,SAGAR INSTITUTE OF SCIENCE TECHNOLOGY & ENGINEERING (SISTEC-E),Active,Madhya Pradesh,Bhopal,Bhopal,"SIKANDRABAD, NEAR RATIBAD BHADBHADA ROAD BHOPAL",452493,23.252917,77.410094,Private-Self Financing,"Rajiv Gandhi Proudyogiki Vishwavidyalaya, Bhopal",Approved,Approved,B+,No,,Tier 3,http://www.sagarsciencesistece.ac.in,info@sagarsciencesistece.ac.in,admissions@sagarsciencesistece.ac.in,placement@sagarsciencesistece.ac.in,+91-80-545-9823,Mechanical Engineering,B.Tech,60,318,2022,Rural,Yes,Yes
1-44642679875,1-44642679875,U-0441,SAGAR INSTITUTE OF SCIENCE TECHNOLOGY & ENGINEERING (SISTEC-E),Active,Madhya Pradesh,Bhopal,Bhopal,"SIKANDRABAD, NEAR RATIBAD BHADBHADA ROAD BHOPAL",452493,23.252917,77.410094,Private-Self Financing,"Rajiv Gandhi Proudyogiki Vishwavidyalaya, Bhopal",Approved,Approved,B+,No,,Tier 3,http://www.sagarsciencesistece.ac.in,info@sagarsciencesistece.ac.in,admissions@sagarsciencesistece.ac.in,placement@sagarsciencesistece.ac.in,+91-80-545-9823,Other Engineering Branches,M.Tech,18,318,2022,Rural,Yes,Yes
1-44642679875,1-44642679875,U-0441,SAGAR INSTITUTE OF SCIENCE TECHNOLOGY & ENGINEERING (SISTEC-E),Active,Madhya Pradesh,Bhopal,Bhopal,"SIKANDRABAD, NEAR RATIBAD BHADBHADA ROAD BHOPAL",452493,23.252917,77.410094,Private-Self Financing,"Rajiv Gandhi Proudyogiki Vishwavidyalaya, Bhopal",Approved,Approved,B+,No,,Tier 3,http://www.sagarsciencesistece.ac.in,info@sagarsciencesistece.ac.in,admissions@sagarsciencesistece.ac.in,placement@sagarsciencesistece.ac.in,+91-80-545-9823,IoT,B.Tech,60,318,2022,Rural,Yes,Yes
1-44642853539,1-44642853539,U-0441,SAGAR INSTITUTE OF RESEARCH & TECHNOLOGY,Active,Madhya Pradesh,Bhopal,Bhopal,"OPP. SAGAR ESTATES, AYODHYA BYPASS ROAD,BHOPAL",452493,23.244608,77.39722,Private-Self Financing,"Rajiv Gandhi Proudyogiki Vishwavidyalaya, Bhopal",Approved,Approved,B+,No,,Tier 3,http://www.sagarresearch.ac.in,info@sagarresearch.ac.in,admissions@sagarresearch.ac.in,placement@sagarresearch.ac.in,+91-80-197-4557,Civil Engineering,B.Tech,60,1224,1989,Rural,No,Yes
1-44642853539,1-44642853539,U-0441,SAGAR INSTITUTE OF RESEARCH & TECHNOLOGY,Active,Madhya Pradesh,Bhopal,Bhopal,"OPP. SAGAR ESTATES, AYODHYA BYPASS ROAD,BHOPAL",452493,23.244608,77.39722,Private-Self Financing,"Rajiv Gandhi Proudyogiki Vishwavidyalaya, Bhopal",Approved,Approved,B+,No,,Tier 3,http://www.sagarresearch.ac.in,info@sagarresearch.ac.in,admissions@sagarresearch.ac.in,placement@sagarresearch.ac.in,+91-80-197-4557,Electrical & Electronics Engineering (EEE),B.Tech,60,1224,1989,Rural,No,Yes
1-44642853539,1-44642853539,U-0441,SAGAR INSTITUTE OF RESEARCH & TECHNOLOGY,Active,Madhya Pradesh,Bhopal,Bhopal,"OPP. SAGAR ESTATES, AYODHYA BYPASS ROAD,BHOPAL",452493,23.244608,77.39722,Private-Self Financing,"Rajiv Gandhi Proudyogiki Vishwavidyalaya, Bhopal",Approved,Approved,B+,No,,Tier 3,http://www.sagarresearch.ac.in,info@sagarresearch.ac.in,admissions@sagarresearch.ac.in,placement@sagarresearch.ac.in,+91-80-197-4557,Mechanical Engineering,B.Tech,60,1224,1989,Rural,No,Yes
1-44642853539,1-44642853539,U-0441,SAGAR INSTITUTE OF RESEARCH & TECHNOLOGY,Active,Madhya Pradesh,Bhopal,Bhopal,"OPP. SAGAR ESTATES, AYODHYA BYPASS ROAD,BHOPAL",452493,23.244608,77.39722,Private-Self Financing,"Rajiv Gandhi Proudyogiki Vishwavidyalaya, Bhopal",Approved,Approved,B+,No,,Tier 3,http://www.sagarresearch.ac.in,info@sagarresearch.ac.in,admissions@sagarresearch.ac.in,placement@sagarresearch.ac.in,+91-80-197-4557,Computer Science Engineering (CSE),B.Tech,600,1224,1989,Rural,No,Yes
1-44642853539,1-44642853539,U-0441,SAGAR INSTITUTE OF RESEARCH & TECHNOLOGY,Active,Madhya Pradesh,Bhopal,Bhopal,"OPP. SAGAR ESTATES, AYODHYA BYPASS ROAD,BHOPAL",452493,23.244608,77.39722,Private-Self Financing,"Rajiv Gandhi Proudyogiki Vishwavidyalaya, Bhopal",Approved,Approved,B+,No,,Tier 3,http://www.sagarresearch.ac.in,info@sagarresearch.ac.in,admissions@sagarresearch.ac.in,placement@sagarresearch.ac.in,+91-80-197-4557,Data Science,M.Tech,24,1224,1989,Rural,No,Yes
1-44642853539,1-44642853539,U-0441,SAGAR INSTITUTE OF RESEARCH & TECHNOLOGY,Active,Madhya Pradesh,Bhopal,Bhopal,"OPP. SAGAR ESTATES, AYODHYA BYPASS ROAD,BHOPAL",452493,23.244608,77.39722,Private-Self Financing,"Rajiv Gandhi Proudyogiki Vishwavidyalaya, Bhopal",Approved,Approved,B+,No,,Tier 3,http://www.sagarresearch.ac.in,info@sagarresearch.ac.in,admissions@sagarresearch.ac.in,placement@sagarresearch.ac.in,+91-80-197-4557,Computer Science Engineering (CSE),M.Tech,24,1224,1989,Rural,No,Yes
1-44642853539,1-44642853539,U-0441,SAGAR INSTITUTE OF RESEARCH & TECHNOLOGY,Active,Madhya Pradesh,Bhopal,Bhopal,"OPP. SAGAR ESTATES, AYODHYA BYPASS ROAD,BHOPAL",452493,23.244608,77.39722,Private-Self Financing,"Rajiv Gandhi Proudyogiki Vishwavidyalaya, Bhopal",Approved,Approved,B+,No,,Tier 3,http://www.sagarresearch.ac.in,info@sagarresearch.ac.in,admissions@sagarresearch.ac.in,placement@sagarresearch.ac.in,+91-80-197-4557,Other Engineering Branches,M.Tech,36,1224,1989,Rural,No,Yes
1-44642853539,1-44642853539,U-0441,SAGAR INSTITUTE OF RESEARCH & TECHNOLOGY,Active,Madhya Pradesh,Bhopal,Bhopal,"OPP. SAGAR ESTATES, AYODHYA BYPASS ROAD,BHOPAL",452493,23.244608,77.39722,Private-Self Financing,"Rajiv Gandhi Proudyogiki Vishwavidyalaya, Bhopal",Approved,Approved,B+,No,,Tier 3,http://www.sagarresearch.ac.in,info@sagarresearch.ac.in,admissions@sagarresearch.ac.in,placement@sagarresearch.ac.in,+91-80-197-4557,Electronics & Communication Engineering (ECE),B.Tech,60,1224,1989,Rural,No,Yes
1-44642853539,1-44642853539,U-0441,SAGAR INSTITUTE OF RESEARCH & TECHNOLOGY,Active,Madhya Pradesh,Bhopal,Bhopal,"OPP. SAGAR ESTATES, AYODHYA BYPASS ROAD,BHOPAL",452493,23.244608,77.39722,Private-Self Financing,"Rajiv Gandhi Proudyogiki Vishwavidyalaya, Bhopal",Approved,Approved,B+,No,,Tier 3,http://www.sagarresearch.ac.in,info@sagarresearch.ac.in,admissions@sagarresearch.ac.in,placement@sagarresearch.ac.in,+91-80-197-4557,Artificial Intelligence & Machine Learning (AI & ML),B.Tech,180,1224,1989,Rural,No,Yes
1-44642853539,1-44642853539,U-0441,SAGAR INSTITUTE OF RESEARCH & TECHNOLOGY,Active,Madhya Pradesh,Bhopal,Bhopal,"OPP. SAGAR ESTATES, AYODHYA BYPASS ROAD,BHOPAL",452493,23.244608,77.39722,Private-Self Financing,"Rajiv Gandhi Proudyogiki Vishwavidyalaya, Bhopal",Approved,Approved,B+,No,,Tier 3,http://www.sagarresearch.ac.in,info@sagarresearch.ac.in,admissions@sagarresearch.ac.in,placement@sagarresearch.ac.in,+91-80-197-4557,Cyber Security,B.Tech,120,1224,1989,Rural,No,Yes
1-44643014675,1-44643014675,U-0441,BANSAL INSTITUTE OF SCIENCE AND TECHNOLOGY,Active,Madhya Pradesh,Bhopal,Bhopal,"RAISEN ROAD, KOKTA ANANDNAGAR, BHOPAL",452493,23.241488,77.41076,Private-Self Financing,"Rajiv Gandhi Proudyogiki Vishwavidyalaya, Bhopal",Approved,Approved,A+,Yes,,Tier 2,http://www.bansalscience.ac.in,info@bansalscience.ac.in,admissions@bansalscience.ac.in,placement@bansalscience.ac.in,+91-80-066-6228,Computer Science Engineering (CSE),B.Tech,180,492,2013,Rural,Yes,Yes
1-44643014675,1-44643014675,U-0441,BANSAL INSTITUTE OF SCIENCE AND TECHNOLOGY,Active,Madhya Pradesh,Bhopal,Bhopal,"RAISEN ROAD, KOKTA ANANDNAGAR, BHOPAL",452493,23.241488,77.41076,Private-Self Financing,"Rajiv Gandhi Proudyogiki Vishwavidyalaya, Bhopal",Approved,Approved,A+,Yes,,Tier 2,http://www.bansalscience.ac.in,info@bansalscience.ac.in,admissions@bansalscience.ac.in,placement@bansalscience.ac.in,+91-80-066-6228,Other Engineering Branches,M.Tech,30,492,2013,Rural,Yes,Yes
1-44643014675,1-44643014675,U-0441,BANSAL INSTITUTE OF SCIENCE AND TECHNOLOGY,Active,Madhya Pradesh,Bhopal,Bhopal,"RAISEN ROAD, KOKTA ANANDNAGAR, BHOPAL",452493,23.241488,77.41076,Private-Self Financing,"Rajiv Gandhi Proudyogiki Vishwavidyalaya, Bhopal",Approved,Approved,A+,Yes,,Tier 2,http://www.bansalscience.ac.in,info@bansalscience.ac.in,admissions@bansalscience.ac.in,placement@bansalscience.ac.in,+91-80-066-6228,Information Technology (IT),M.Tech,18,492,2013,Rural,Yes,Yes
1-44643014675,1-44643014675,U-0441,BANSAL INSTITUTE OF SCIENCE AND TECHNOLOGY,Active,Madhya Pradesh,Bhopal,Bhopal,"RAISEN ROAD, KOKTA ANANDNAGAR, BHOPAL",452493,23.241488,77.41076,Private-Self Financing,"Rajiv Gandhi Proudyogiki Vishwavidyalaya, Bhopal",Approved,Approved,A+,Yes,,Tier 2,http://www.bansalscience.ac.in,info@bansalscience.ac.in,admissions@bansalscience.ac.in,placement@bansalscience.ac.in,+91-80-066-6228,Computer Science Engineering (CSE),M.Tech,24,492,2013,Rural,Yes,Yes
1-44643014675,1-44643014675,U-0441,BANSAL INSTITUTE OF SCIENCE AND TECHNOLOGY,Active,Madhya Pradesh,Bhopal,Bhopal,"RAISEN ROAD, KOKTA ANANDNAGAR, BHOPAL",452493,23.241488,77.41076,Private-Self Financing,"Rajiv Gandhi Proudyogiki Vishwavidyalaya, Bhopal",Approved,Approved,A+,Yes,,Tier 2,http://www.bansalscience.ac.in,info@bansalscience.ac.in,admissions@bansalscience.ac.in,placement@bansalscience.ac.in,+91-80-066-6228,Civil Engineering,B.Tech,30,492,2013,Rural,Yes,Yes
1-44643014675,1-44643014675,U-0441,BANSAL INSTITUTE OF SCIENCE AND TECHNOLOGY,Active,Madhya Pradesh,Bhopal,Bhopal,"RAISEN ROAD, KOKTA ANANDNAGAR, BHOPAL",452493,23.241488,77.41076,Private-Self Financing,"Rajiv Gandhi Proudyogiki Vishwavidyalaya, Bhopal",Approved,Approved,A+,Yes,,Tier 2,http://www.bansalscience.ac.in,info@bansalscience.ac.in,admissions@bansalscience.ac.in,placement@bansalscience.ac.in,+91-80-066-6228,Electrical & Electronics Engineering (EEE),B.Tech,30,492,2013,Rural,Yes,Yes
1-44643014675,1-44643014675,U-0441,BANSAL INSTITUTE OF SCIENCE AND TECHNOLOGY,Active,Madhya Pradesh,Bhopal,Bhopal,"RAISEN ROAD, KOKTA ANANDNAGAR, BHOPAL",452493,23.241488,77.41076,Private-Self Financing,"Rajiv Gandhi Proudyogiki Vishwavidyalaya, Bhopal",Approved,Approved,A+,Yes,,Tier 2,http://www.bansalscience.ac.in,info@bansalscience.ac.in,admissions@bansalscience.ac.in,placement@bansalscience.ac.in,+91-80-066-6228,Mechanical Engineering,B.Tech,30,492,2013,Rural,Yes,Yes
1-44643014675,1-44643014675,U-0441,BANSAL INSTITUTE OF SCIENCE AND TECHNOLOGY,Active,Madhya Pradesh,Bhopal,Bhopal,"RAISEN ROAD, KOKTA ANANDNAGAR, BHOPAL",452493,23.241488,77.41076,Private-Self Financing,"Rajiv Gandhi Proudyogiki Vishwavidyalaya, Bhopal",Approved,Approved,A+,Yes,,Tier 2,http://www.bansalscience.ac.in,info@bansalscience.ac.in,admissions@bansalscience.ac.in,placement@bansalscience.ac.in,+91-80-066-6228,Information Technology (IT),B.Tech,60,492,2013,Rural,Yes,Yes
1-44643014675,1-44643014675,U-0441,BANSAL INSTITUTE OF SCIENCE AND TECHNOLOGY,Active,Madhya Pradesh,Bhopal,Bhopal,"RAISEN ROAD, KOKTA ANANDNAGAR, BHOPAL",452493,23.241488,77.41076,Private-Self Financing,"Rajiv Gandhi Proudyogiki Vishwavidyalaya, Bhopal",Approved,Approved,A+,Yes,,Tier 2,http://www.bansalscience.ac.in,info@bansalscience.ac.in,admissions@bansalscience.ac.in,placement@bansalscience.ac.in,+91-80-066-6228,Electronics & Communication Engineering (ECE),B.Tech,30,492,2013,Rural,Yes,Yes
1-44643014675,1-44643014675,U-0441,BANSAL INSTITUTE OF SCIENCE AND TECHNOLOGY,Active,Madhya Pradesh,Bhopal,Bhopal,"RAISEN ROAD, KOKTA ANANDNAGAR, BHOPAL",452493,23.241488,77.41076,Private-Self Financing,"Rajiv Gandhi Proudyogiki Vishwavidyalaya, Bhopal",Approved,Approved,A+,Yes,,Tier 2,http://www.bansalscience.ac.in,info@bansalscience.ac.in,admissions@bansalscience.ac.in,placement@bansalscience.ac.in,+91-80-066-6228,Artificial Intelligence & Machine Learning (AI & ML),B.Tech,60,492,2013,Rural,Yes,Yes
1-44642548598,1-44642548598,U-0232,SCHOOL OF COMPUTER SCIENCE & IT,Active,Madhya Pradesh,Indore,Indore,"SCHOOL OF COMPUTER SCIENCE, DEVI AHILYA UNIVERSITY, KHANDWA ROAD, TAKSHASHILA CAMPUS, INDORE (MP)-452001",452001,22.724624,75.86327,Government,"Devi Ahilya Vishwavidyalaya, Indore",Approved,Approved,B,No,,Tier 3,http://www.schoolcomputerscience.ac.in,info@schoolcomputerscience.ac.in,admissions@schoolcomputerscience.ac.in,placement@schoolcomputerscience.ac.in,+91-80-049-5907,Computer Science Engineering (CSE),M.Tech,36,54,2005,Urban,No,Yes
1-44642548598,1-44642548598,U-0232,SCHOOL OF COMPUTER SCIENCE & IT,Active,Madhya Pradesh,Indore,Indore,"SCHOOL OF COMPUTER SCIENCE, DEVI AHILYA UNIVERSITY, KHANDWA ROAD, TAKSHASHILA CAMPUS, INDORE (MP)-452001",452001,22.724624,75.86327,Government,"Devi Ahilya Vishwavidyalaya, Indore",Approved,Approved,B,No,,Tier 3,http://www.schoolcomputerscience.ac.in,info@schoolcomputerscience.ac.in,admissions@schoolcomputerscience.ac.in,placement@schoolcomputerscience.ac.in,+91-80-049-5907,Information Technology (IT),M.Tech,18,54,2005,Urban,No,Yes
1-44642815207,1-44642815207,U-0441,"ADINA INSTITUTE OF SCIENCE AND TECHNOLOGY, SAGAR, MP",Active,Madhya Pradesh,Sagar,Sagar,OPPOSITE BAMHORI SEED FARM BHOPAL ROAD SAGAR M.P.,452081,23.826854,78.755706,Private-Self Financing,"Rajiv Gandhi Proudyogiki Vishwavidyalaya, Bhopal",Approved,Approved,B,No,,Tier 3,http://www.adinasciencesagar.ac.in,info@adinasciencesagar.ac.in,admissions@adinasciencesagar.ac.in,placement@adinasciencesagar.ac.in,+91-80-337-8162,Computer Science Engineering (CSE),M.Tech,18,474,1987,Urban,Yes,Yes
1-44642815207,1-44642815207,U-0441,"ADINA INSTITUTE OF SCIENCE AND TECHNOLOGY, SAGAR, MP",Active,Madhya Pradesh,Sagar,Sagar,OPPOSITE BAMHORI SEED FARM BHOPAL ROAD SAGAR M.P.,452081,23.826854,78.755706,Private-Self Financing,"Rajiv Gandhi Proudyogiki Vishwavidyalaya, Bhopal",Approved,Approved,B,No,,Tier 3,http://www.adinasciencesagar.ac.in,info@adinasciencesagar.ac.in,admissions@adinasciencesagar.ac.in,placement@adinasciencesagar.ac.in,+91-80-337-8162,Other Engineering Branches,M.Tech,36,474,1987,Urban,Yes,Yes
1-44642815207,1-44642815207,U-0441,"ADINA INSTITUTE OF SCIENCE AND TECHNOLOGY, SAGAR, MP",Active,Madhya Pradesh,Sagar,Sagar,OPPOSITE BAMHORI SEED FARM BHOPAL ROAD SAGAR M.P.,452081,23.826854,78.755706,Private-Self Financing,"Rajiv Gandhi Proudyogiki Vishwavidyalaya, Bhopal",Approved,Approved,B,No,,Tier 3,http://www.adinasciencesagar.ac.in,info@adinasciencesagar.ac.in,admissions@adinasciencesagar.ac.in,placement@adinasciencesagar.ac.in,+91-80-337-8162,Civil Engineering,B.Tech,60,474,1987,Urban,Yes,Yes
1-44642815207,1-44642815207,U-0441,"ADINA INSTITUTE OF SCIENCE AND TECHNOLOGY, SAGAR, MP",Active,Madhya Pradesh,Sagar,Sagar,OPPOSITE BAMHORI SEED FARM BHOPAL ROAD SAGAR M.P.,452081,23.826854,78.755706,Private-Self Financing,"Rajiv Gandhi Proudyogiki Vishwavidyalaya, Bhopal",Approved,Approved,B,No,,Tier 3,http://www.adinasciencesagar.ac.in,info@adinasciencesagar.ac.in,admissions@adinasciencesagar.ac.in,placement@adinasciencesagar.ac.in,+91-80-337-8162,Computer Science Engineering (CSE),B.Tech,120,474,1987,Urban,Yes,Yes
1-44642815207,1-44642815207,U-0441,"ADINA INSTITUTE OF SCIENCE AND TECHNOLOGY, SAGAR, MP",Active,Madhya Pradesh,Sagar,Sagar,OPPOSITE BAMHORI SEED FARM BHOPAL ROAD SAGAR M.P.,452081,23.826854,78.755706,Private-Self Financing,"Rajiv Gandhi Proudyogiki Vishwavidyalaya, Bhopal",Approved,Approved,B,No,,Tier 3,http://www.adinasciencesagar.ac.in,info@adinasciencesagar.ac.in,admissions@adinasciencesagar.ac.in,placement@adinasciencesagar.ac.in,+91-80-337-8162,Mechanical Engineering,B.Tech,60,474,1987,Urban,Yes,Yes
1-44642815207,1-44642815207,U-0441,"ADINA INSTITUTE OF SCIENCE AND TECHNOLOGY, SAGAR, MP",Active,Madhya Pradesh,Sagar,Sagar,OPPOSITE BAMHORI SEED FARM BHOPAL ROAD SAGAR M.P.,452081,23.826854,78.755706,Private-Self Financing,"Rajiv Gandhi Proudyogiki Vishwavidyalaya, Bhopal",Approved,Approved,B,No,,Tier 3,http://www.adinasciencesagar.ac.in,info@adinasciencesagar.ac.in,admissions@adinasciencesagar.ac.in,placement@adinasciencesagar.ac.in,+91-80-337-8162,Electrical & Electronics Engineering (EEE),B.Tech,60,474,1987,Urban,Yes,Yes
1-44642815207,1-44642815207,U-0441,"ADINA INSTITUTE OF SCIENCE AND TECHNOLOGY, SAGAR, MP",Active,Madhya Pradesh,Sagar,Sagar,OPPOSITE BAMHORI SEED FARM BHOPAL ROAD SAGAR M.P.,452081,23.826854,78.755706,Private-Self Financing,"Rajiv Gandhi Proudyogiki Vishwavidyalaya, Bhopal",Approved,Approved,B,No,,Tier 3,http://www.adinasciencesagar.ac.in,info@adinasciencesagar.ac.in,admissions@adinasciencesagar.ac.in,placement@adinasciencesagar.ac.in,+91-80-337-8162,Computer Science Engineering (CSE),Diploma,60,474,1987,Urban,Yes,Yes
1-44642815207,1-44642815207,U-0441,"ADINA INSTITUTE OF SCIENCE AND TECHNOLOGY, SAGAR, MP",Active,Madhya Pradesh,Sagar,Sagar,OPPOSITE BAMHORI SEED FARM BHOPAL ROAD SAGAR M.P.,452081,23.826854,78.755706,Private-Self Financing,"Rajiv Gandhi Proudyogiki Vishwavidyalaya, Bhopal",Approved,Approved,B,No,,Tier 3,http://www.adinasciencesagar.ac.in,info@adinasciencesagar.ac.in,admissions@adinasciencesagar.ac.in,placement@adinasciencesagar.ac.in,+91-80-337-8162,Mechanical Engineering,Diploma,60,474,1987,Urban,Yes,Yes
1-44642552026,1-44642552026,U-0441,SENDHWA INSTITUTE OF PROFESSIONAL STUDIES,Active,Madhya Pradesh,Barwani,Barwani,NIWALI ROAD GRAM CHATLI TEHSIL NIWALI DISTRICT BARWANI,452851,22.964264,78.65328,Private-Self Financing,"Rajiv Gandhi Proudyogiki Vishwavidyalaya, Bhopal",Approved,Approved,A+,Yes,,Tier 2,http://www.sendhwaprofessionalstudies.ac.in,info@sendhwaprofessionalstudies.ac.in,admissions@sendhwaprofessionalstudies.ac.in,placement@sendhwaprofessionalstudies.ac.in,+91-80-455-6648,Civil Engineering,Diploma,30,345,2017,Rural,Yes,Yes
1-44642552026,1-44642552026,U-0441,SENDHWA INSTITUTE OF PROFESSIONAL STUDIES,Active,Madhya Pradesh,Barwani,Barwani,NIWALI ROAD GRAM CHATLI TEHSIL NIWALI DISTRICT BARWANI,452851,22.964264,78.65328,Private-Self Financing,"Rajiv Gandhi Proudyogiki Vishwavidyalaya, Bhopal",Approved,Approved,A+,Yes,,Tier 2,http://www.sendhwaprofessionalstudies.ac.in,info@sendhwaprofessionalstudies.ac.in,admissions@sendhwaprofessionalstudies.ac.in,placement@sendhwaprofessionalstudies.ac.in,+91-80-455-6648,Mechanical Engineering,Diploma,30,345,2017,Rural,Yes,Yes
1-44642552026,1-44642552026,U-0441,SENDHWA INSTITUTE OF PROFESSIONAL STUDIES,Active,Madhya Pradesh,Barwani,Barwani,NIWALI ROAD GRAM CHATLI TEHSIL NIWALI DISTRICT BARWANI,452851,22.964264,78.65328,Private-Self Financing,"Rajiv Gandhi Proudyogiki Vishwavidyalaya, Bhopal",Approved,Approved,A+,Yes,,Tier 2,http://www.sendhwaprofessionalstudies.ac.in,info@sendhwaprofessionalstudies.ac.in,admissions@sendhwaprofessionalstudies.ac.in,placement@sendhwaprofessionalstudies.ac.in,+91-80-455-6648,Computer Science Engineering (CSE),B.Tech,60,345,2017,Rural,Yes,Yes
1-44642552026,1-44642552026,U-0441,SENDHWA INSTITUTE OF PROFESSIONAL STUDIES,Active,Madhya Pradesh,Barwani,Barwani,NIWALI ROAD GRAM CHATLI TEHSIL NIWALI DISTRICT BARWANI,452851,22.964264,78.65328,Private-Self Financing,"Rajiv Gandhi Proudyogiki Vishwavidyalaya, Bhopal",Approved,Approved,A+,Yes,,Tier 2,http://www.sendhwaprofessionalstudies.ac.in,info@sendhwaprofessionalstudies.ac.in,admissions@sendhwaprofessionalstudies.ac.in,placement@sendhwaprofessionalstudies.ac.in,+91-80-455-6648,Electronics & Communication Engineering (ECE),B.Tech,15,345,2017,Rural,Yes,Yes
1-44642552026,1-44642552026,U-0441,SENDHWA INSTITUTE OF PROFESSIONAL STUDIES,Active,Madhya Pradesh,Barwani,Barwani,NIWALI ROAD GRAM CHATLI TEHSIL NIWALI DISTRICT BARWANI,452851,22.964264,78.65328,Private-Self Financing,"Rajiv Gandhi Proudyogiki Vishwavidyalaya, Bhopal",Approved,Approved,A+,Yes,,Tier 2,http://www.sendhwaprofessionalstudies.ac.in,info@sendhwaprofessionalstudies.ac.in,admissions@sendhwaprofessionalstudies.ac.in,placement@sendhwaprofessionalstudies.ac.in,+91-80-455-6648,Mechanical Engineering,B.Tech,30,345,2017,Rural,Yes,Yes
1-44642552026,1-44642552026,U-0441,SENDHWA INSTITUTE OF PROFESSIONAL STUDIES,Active,Madhya Pradesh,Barwani,Barwani,NIWALI ROAD GRAM CHATLI TEHSIL NIWALI DISTRICT BARWANI,452851,22.964264,78.65328,Private-Self Financing,"Rajiv Gandhi Proudyogiki Vishwavidyalaya, Bhopal",Approved,Approved,A+,Yes,,Tier 2,http://www.sendhwaprofessionalstudies.ac.in,info@sendhwaprofessionalstudies.ac.in,admissions@sendhwaprofessionalstudies.ac.in,placement@sendhwaprofessionalstudies.ac.in,+91-80-455-6648,Civil Engineering,B.Tech,30,345,2017,Rural,Yes,Yes
1-44642552026,1-44642552026,U-0441,SENDHWA INSTITUTE OF PROFESSIONAL STUDIES,Active,Madhya Pradesh,Barwani,Barwani,NIWALI ROAD GRAM CHATLI TEHSIL NIWALI DISTRICT BARWANI,452851,22.964264,78.65328,Private-Self Financing,"Rajiv Gandhi Proudyogiki Vishwavidyalaya, Bhopal",Approved,Approved,A+,Yes,,Tier 2,http://www.sendhwaprofessionalstudies.ac.in,info@sendhwaprofessionalstudies.ac.in,admissions@sendhwaprofessionalstudies.ac.in,placement@sendhwaprofessionalstudies.ac.in,+91-80-455-6648,Electrical Engineering,Diploma,60,345,2017,Rural,Yes,Yes
1-44642552026,1-44642552026,U-0441,SENDHWA INSTITUTE OF PROFESSIONAL STUDIES,Active,Madhya Pradesh,Barwani,Barwani,NIWALI ROAD GRAM CHATLI TEHSIL NIWALI DISTRICT BARWANI,452851,22.964264,78.65328,Private-Self Financing,"Rajiv Gandhi Proudyogiki Vishwavidyalaya, Bhopal",Approved,Approved,A+,Yes,,Tier 2,http://www.sendhwaprofessionalstudies.ac.in,info@sendhwaprofessionalstudies.ac.in,admissions@sendhwaprofessionalstudies.ac.in,placement@sendhwaprofessionalstudies.ac.in,+91-80-455-6648,Electrical Engineering,B.Tech,60,345,2017,Rural,Yes,Yes
1-44642552026,1-44642552026,U-0441,SENDHWA INSTITUTE OF PROFESSIONAL STUDIES,Active,Madhya Pradesh,Barwani,Barwani,NIWALI ROAD GRAM CHATLI TEHSIL NIWALI DISTRICT BARWANI,452851,22.964264,78.65328,Private-Self Financing,"Rajiv Gandhi Proudyogiki Vishwavidyalaya, Bhopal",Approved,Approved,A+,Yes,,Tier 2,http://www.sendhwaprofessionalstudies.ac.in,info@sendhwaprofessionalstudies.ac.in,admissions@sendhwaprofessionalstudies.ac.in,placement@sendhwaprofessionalstudies.ac.in,+91-80-455-6648,Other Engineering Branches,B.Tech,30,345,2017,Rural,Yes,Yes
1-44642552621,1-44642552621,U-0441,UJJAIN ENGINEERING COLLEGE (FORMERLY GOVT. ENGG. COLLEGE ESTB. IN 1966),Active,Madhya Pradesh,Ujjain,Ujjain,"UJJAIN ENGINEERING COLLEGE SANWER ROAD, UJJAIN (M.P) - 456 010",452341,23.176515,75.774187,Government,"Rajiv Gandhi Proudyogiki Vishwavidyalaya, Bhopal",Approved,Approved,A+,Yes,,Tier 2,http://www.ujjainformerlygovt.ac.in,info@ujjainformerlygovt.ac.in,admissions@ujjainformerlygovt.ac.in,placement@ujjainformerlygovt.ac.in,+91-80-860-4708,Civil Engineering,B.Tech,30,416,2016,Rural,Yes,No
1-44642552621,1-44642552621,U-0441,UJJAIN ENGINEERING COLLEGE (FORMERLY GOVT. ENGG. COLLEGE ESTB. IN 1966),Active,Madhya Pradesh,Ujjain,Ujjain,"UJJAIN ENGINEERING COLLEGE SANWER ROAD, UJJAIN (M.P) - 456 010",452341,23.176515,75.774187,Government,"Rajiv Gandhi Proudyogiki Vishwavidyalaya, Bhopal",Approved,Approved,A+,Yes,,Tier 2,http://www.ujjainformerlygovt.ac.in,info@ujjainformerlygovt.ac.in,admissions@ujjainformerlygovt.ac.in,placement@ujjainformerlygovt.ac.in,+91-80-860-4708,Mechanical Engineering,B.Tech,60,416,2016,Rural,Yes,No
1-44642552621,1-44642552621,U-0441,UJJAIN ENGINEERING COLLEGE (FORMERLY GOVT. ENGG. COLLEGE ESTB. IN 1966),Active,Madhya Pradesh,Ujjain,Ujjain,"UJJAIN ENGINEERING COLLEGE SANWER ROAD, UJJAIN (M.P) - 456 010",452341,23.176515,75.774187,Government,"Rajiv Gandhi Proudyogiki Vishwavidyalaya, Bhopal",Approved,Approved,A+,Yes,,Tier 2,http://www.ujjainformerlygovt.ac.in,info@ujjainformerlygovt.ac.in,admissions@ujjainformerlygovt.ac.in,placement@ujjainformerlygovt.ac.in,+91-80-860-4708,Electrical Engineering,B.Tech,60,416,2016,Rural,Yes,No
1-44642552621,1-44642552621,U-0441,UJJAIN ENGINEERING COLLEGE (FORMERLY GOVT. ENGG. COLLEGE ESTB. IN 1966),Active,Madhya Pradesh,Ujjain,Ujjain,"UJJAIN ENGINEERING COLLEGE SANWER ROAD, UJJAIN (M.P) - 456 010",452341,23.176515,75.774187,Government,"Rajiv Gandhi Proudyogiki Vishwavidyalaya, Bhopal",Approved,Approved,A+,Yes,,Tier 2,http://www.ujjainformerlygovt.ac.in,info@ujjainformerlygovt.ac.in,admissions@ujjainformerlygovt.ac.in,placement@ujjainformerlygovt.ac.in,+91-80-860-4708,Electronics & Communication Engineering (ECE),B.Tech,60,416,2016,Rural,Yes,No
1-44642552621,1-44642552621,U-0441,UJJAIN ENGINEERING COLLEGE (FORMERLY GOVT. ENGG. COLLEGE ESTB. IN 1966),Active,Madhya Pradesh,Ujjain,Ujjain,"UJJAIN ENGINEERING COLLEGE SANWER ROAD, UJJAIN (M.P) - 456 010",452341,23.176515,75.774187,Government,"Rajiv Gandhi Proudyogiki Vishwavidyalaya, Bhopal",Approved,Approved,A+,Yes,,Tier 2,http://www.ujjainformerlygovt.ac.in,info@ujjainformerlygovt.ac.in,admissions@ujjainformerlygovt.ac.in,placement@ujjainformerlygovt.ac.in,+91-80-860-4708,Chemical Engineering,B.Tech,60,416,2016,Rural,Yes,No
1-44642552621,1-44642552621,U-0441,UJJAIN ENGINEERING COLLEGE (FORMERLY GOVT. ENGG. COLLEGE ESTB. IN 1966),Active,Madhya Pradesh,Ujjain,Ujjain,"UJJAIN ENGINEERING COLLEGE SANWER ROAD, UJJAIN (M.P) - 456 010",452341,23.176515,75.774187,Government,"Rajiv Gandhi Proudyogiki Vishwavidyalaya, Bhopal",Approved,Approved,A+,Yes,,Tier 2,http://www.ujjainformerlygovt.ac.in,info@ujjainformerlygovt.ac.in,admissions@ujjainformerlygovt.ac.in,placement@ujjainformerlygovt.ac.in,+91-80-860-4708,Computer Science Engineering (CSE),B.Tech,60,416,2016,Rural,Yes,No
1-44642552621,1-44642552621,U-0441,UJJAIN ENGINEERING COLLEGE (FORMERLY GOVT. ENGG. COLLEGE ESTB. IN 1966),Active,Madhya Pradesh,Ujjain,Ujjain,"UJJAIN ENGINEERING COLLEGE SANWER ROAD, UJJAIN (M.P) - 456 010",452341,23.176515,75.774187,Government,"Rajiv Gandhi Proudyogiki Vishwavidyalaya, Bhopal",Approved,Approved,A+,Yes,,Tier 2,http://www.ujjainformerlygovt.ac.in,info@ujjainformerlygovt.ac.in,admissions@ujjainformerlygovt.ac.in,placement@ujjainformerlygovt.ac.in,+91-80-860-4708,Other Engineering Branches,M.Tech,68,416,2016,Rural,Yes,No
1-44642552621,1-44642552621,U-0441,UJJAIN ENGINEERING COLLEGE (FORMERLY GOVT. ENGG. COLLEGE ESTB. IN 1966),Active,Madhya Pradesh,Ujjain,Ujjain,"UJJAIN ENGINEERING COLLEGE SANWER ROAD, UJJAIN (M.P) - 456 010",452341,23.176515,75.774187,Government,"Rajiv Gandhi Proudyogiki Vishwavidyalaya, Bhopal",Approved,Approved,A+,Yes,,Tier 2,http://www.ujjainformerlygovt.ac.in,info@ujjainformerlygovt.ac.in,admissions@ujjainformerlygovt.ac.in,placement@ujjainformerlygovt.ac.in,+91-80-860-4708,Information Technology (IT),M.Tech,18,416,2016,Rural,Yes,No
1-44642816737,1-44642816737,U-0441,GYAN SAGAR COLLEGE OF ENGINEERING,Active,Madhya Pradesh,Sagar,Sagar,N.H.26 NARSINGHPUR ROAD VILL. SIRONJA SAGAR(M.P.),452081,23.84271,78.732219,Private-Self Financing,"Rajiv Gandhi Proudyogiki Vishwavidyalaya, Bhopal",Approved,Approved,B++,Yes,,Tier 3,http://www.gyansagar.ac.in,info@gyansagar.ac.in,admissions@gyansagar.ac.in,placement@gyansagar.ac.in,+91-80-002-8636,Civil Engineering,Diploma,60,540,2020,Urban,Yes,Yes
1-44642816737,1-44642816737,U-0441,GYAN SAGAR COLLEGE OF ENGINEERING,Active,Madhya Pradesh,Sagar,Sagar,N.H.26 NARSINGHPUR ROAD VILL. SIRONJA SAGAR(M.P.),452081,23.84271,78.732219,Private-Self Financing,"Rajiv Gandhi Proudyogiki Vishwavidyalaya, Bhopal",Approved,Approved,B++,Yes,,Tier 3,http://www.gyansagar.ac.in,info@gyansagar.ac.in,admissions@gyansagar.ac.in,placement@gyansagar.ac.in,+91-80-002-8636,Electrical & Electronics Engineering (EEE),Diploma,60,540,2020,Urban,Yes,Yes
1-44642816737,1-44642816737,U-0441,GYAN SAGAR COLLEGE OF ENGINEERING,Active,Madhya Pradesh,Sagar,Sagar,N.H.26 NARSINGHPUR ROAD VILL. SIRONJA SAGAR(M.P.),452081,23.84271,78.732219,Private-Self Financing,"Rajiv Gandhi Proudyogiki Vishwavidyalaya, Bhopal",Approved,Approved,B++,Yes,,Tier 3,http://www.gyansagar.ac.in,info@gyansagar.ac.in,admissions@gyansagar.ac.in,placement@gyansagar.ac.in,+91-80-002-8636,Computer Science Engineering (CSE),B.Tech,180,540,2020,Urban,Yes,Yes
1-44642816737,1-44642816737,U-0441,GYAN SAGAR COLLEGE OF ENGINEERING,Active,Madhya Pradesh,Sagar,Sagar,N.H.26 NARSINGHPUR ROAD VILL. SIRONJA SAGAR(M.P.),452081,23.84271,78.732219,Private-Self Financing,"Rajiv Gandhi Proudyogiki Vishwavidyalaya, Bhopal",Approved,Approved,B++,Yes,,Tier 3,http://www.gyansagar.ac.in,info@gyansagar.ac.in,admissions@gyansagar.ac.in,placement@gyansagar.ac.in,+91-80-002-8636,Electrical & Electronics Engineering (EEE),B.Tech,60,540,2020,Urban,Yes,Yes
1-44642816737,1-44642816737,U-0441,GYAN SAGAR COLLEGE OF ENGINEERING,Active,Madhya Pradesh,Sagar,Sagar,N.H.26 NARSINGHPUR ROAD VILL. SIRONJA SAGAR(M.P.),452081,23.84271,78.732219,Private-Self Financing,"Rajiv Gandhi Proudyogiki Vishwavidyalaya, Bhopal",Approved,Approved,B++,Yes,,Tier 3,http://www.gyansagar.ac.in,info@gyansagar.ac.in,admissions@gyansagar.ac.in,placement@gyansagar.ac.in,+91-80-002-8636,Civil Engineering,B.Tech,60,540,2020,Urban,Yes,Yes
1-44642816737,1-44642816737,U-0441,GYAN SAGAR COLLEGE OF ENGINEERING,Active,Madhya Pradesh,Sagar,Sagar,N.H.26 NARSINGHPUR ROAD VILL. SIRONJA SAGAR(M.P.),452081,23.84271,78.732219,Private-Self Financing,"Rajiv Gandhi Proudyogiki Vishwavidyalaya, Bhopal",Approved,Approved,B++,Yes,,Tier 3,http://www.gyansagar.ac.in,info@gyansagar.ac.in,admissions@gyansagar.ac.in,placement@gyansagar.ac.in,+91-80-002-8636,Mechanical Engineering,B.Tech,60,540,2020,Urban,Yes,Yes
1-44642816737,1-44642816737,U-0441,GYAN SAGAR COLLEGE OF ENGINEERING,Active,Madhya Pradesh,Sagar,Sagar,N.H.26 NARSINGHPUR ROAD VILL. SIRONJA SAGAR(M.P.),452081,23.84271,78.732219,Private-Self Financing,"Rajiv Gandhi Proudyogiki Vishwavidyalaya, Bhopal",Approved,Approved,B++,Yes,,Tier 3,http://www.gyansagar.ac.in,info@gyansagar.ac.in,admissions@gyansagar.ac.in,placement@gyansagar.ac.in,+91-80-002-8636,Mechanical Engineering,Diploma,60,540,2020,Urban,Yes,Yes
1-44642898448,1-44642898448,U-0441,SHRI RAM COLLEGE OF TECHNOLOGY,Active,Madhya Pradesh,Bhopal,Bhopal,"THUA KHEDA , KOLAR ROAD , BHOPAL.",452493,23.249954,77.404545,Private-Self Financing,"Rajiv Gandhi Proudyogiki Vishwavidyalaya, Bhopal",Approved,Approved,A+,Yes,,Tier 2,http://www.shriram.ac.in,info@shriram.ac.in,admissions@shriram.ac.in,placement@shriram.ac.in,+91-80-421-6908,Civil Engineering,Diploma,30,390,2020,Rural,Yes,Yes
1-44642898448,1-44642898448,U-0441,SHRI RAM COLLEGE OF TECHNOLOGY,Active,Madhya Pradesh,Bhopal,Bhopal,"THUA KHEDA , KOLAR ROAD , BHOPAL.",452493,23.249954,77.404545,Private-Self Financing,"Rajiv Gandhi Proudyogiki Vishwavidyalaya, Bhopal",Approved,Approved,A+,Yes,,Tier 2,http://www.shriram.ac.in,info@shriram.ac.in,admissions@shriram.ac.in,placement@shriram.ac.in,+91-80-421-6908,Mechanical Engineering,B.Tech,60,390,2020,Rural,Yes,Yes
1-44642898448,1-44642898448,U-0441,SHRI RAM COLLEGE OF TECHNOLOGY,Active,Madhya Pradesh,Bhopal,Bhopal,"THUA KHEDA , KOLAR ROAD , BHOPAL.",452493,23.249954,77.404545,Private-Self Financing,"Rajiv Gandhi Proudyogiki Vishwavidyalaya, Bhopal",Approved,Approved,A+,Yes,,Tier 2,http://www.shriram.ac.in,info@shriram.ac.in,admissions@shriram.ac.in,placement@shriram.ac.in,+91-80-421-6908,Civil Engineering,B.Tech,30,390,2020,Rural,Yes,Yes
1-44642898448,1-44642898448,U-0441,SHRI RAM COLLEGE OF TECHNOLOGY,Active,Madhya Pradesh,Bhopal,Bhopal,"THUA KHEDA , KOLAR ROAD , BHOPAL.",452493,23.249954,77.404545,Private-Self Financing,"Rajiv Gandhi Proudyogiki Vishwavidyalaya, Bhopal",Approved,Approved,A+,Yes,,Tier 2,http://www.shriram.ac.in,info@shriram.ac.in,admissions@shriram.ac.in,placement@shriram.ac.in,+91-80-421-6908,Information Technology (IT),B.Tech,30,390,2020,Rural,Yes,Yes
1-44642898448,1-44642898448,U-0441,SHRI RAM COLLEGE OF TECHNOLOGY,Active,Madhya Pradesh,Bhopal,Bhopal,"THUA KHEDA , KOLAR ROAD , BHOPAL.",452493,23.249954,77.404545,Private-Self Financing,"Rajiv Gandhi Proudyogiki Vishwavidyalaya, Bhopal",Approved,Approved,A+,Yes,,Tier 2,http://www.shriram.ac.in,info@shriram.ac.in,admissions@shriram.ac.in,placement@shriram.ac.in,+91-80-421-6908,Computer Science Engineering (CSE),B.Tech,30,390,2020,Rural,Yes,Yes
1-44642898448,1-44642898448,U-0441,SHRI RAM COLLEGE OF TECHNOLOGY,Active,Madhya Pradesh,Bhopal,Bhopal,"THUA KHEDA , KOLAR ROAD , BHOPAL.",452493,23.249954,77.404545,Private-Self Financing,"Rajiv Gandhi Proudyogiki Vishwavidyalaya, Bhopal",Approved,Approved,A+,Yes,,Tier 2,http://www.shriram.ac.in,info@shriram.ac.in,admissions@shriram.ac.in,placement@shriram.ac.in,+91-80-421-6908,Electrical & Electronics Engineering (EEE),B.Tech,60,390,2020,Rural,Yes,Yes
1-44642898448,1-44642898448,U-0441,SHRI RAM COLLEGE OF TECHNOLOGY,Active,Madhya Pradesh,Bhopal,Bhopal,"THUA KHEDA , KOLAR ROAD , BHOPAL.",452493,23.249954,77.404545,Private-Self Financing,"Rajiv Gandhi Proudyogiki Vishwavidyalaya, Bhopal",Approved,Approved,A+,Yes,,Tier 2,http://www.shriram.ac.in,info@shriram.ac.in,admissions@shriram.ac.in,placement@shriram.ac.in,+91-80-421-6908,Electronics & Communication Engineering (ECE),B.Tech,30,390,2020,Rural,Yes,Yes
1-44642898448,1-44642898448,U-0441,SHRI RAM COLLEGE OF TECHNOLOGY,Active,Madhya Pradesh,Bhopal,Bhopal,"THUA KHEDA , KOLAR ROAD , BHOPAL.",452493,23.249954,77.404545,Private-Self Financing,"Rajiv Gandhi Proudyogiki Vishwavidyalaya, Bhopal",Approved,Approved,A+,Yes,,Tier 2,http://www.shriram.ac.in,info@shriram.ac.in,admissions@shriram.ac.in,placement@shriram.ac.in,+91-80-421-6908,Mechanical Engineering,Diploma,60,390,2020,Rural,Yes,Yes
1-44642898448,1-44642898448,U-0441,SHRI RAM COLLEGE OF TECHNOLOGY,Active,Madhya Pradesh,Bhopal,Bhopal,"THUA KHEDA , KOLAR ROAD , BHOPAL.",452493,23.249954,77.404545,Private-Self Financing,"Rajiv Gandhi Proudyogiki Vishwavidyalaya, Bhopal",Approved,Approved,A+,Yes,,Tier 2,http://www.shriram.ac.in,info@shriram.ac.in,admissions@shriram.ac.in,placement@shriram.ac.in,+91-80-421-6908,Electrical & Electronics Engineering (EEE),Diploma,60,390,2020,Rural,Yes,Yes
1-44643070372,1-44643070372,U-0999,VIKRANT UNIVERSITY (SCHOOL OF ENGINEERING) GWALIOR,Active,Madhya Pradesh,Gwalior,Gwalior,"CHITORA ROAD, VILLAGE RATWAI, TEHSIL & DIST : GWALIOR",452896,26.231089,78.19596,State Private University,"Vikrant University, Gwalior",Approved,Approved,B,Yes,,Tier 3,http://www.vikrantschoolgwalior.ac.in,info@vikrantschoolgwalior.ac.in,admissions@vikrantschoolgwalior.ac.in,placement@vikrantschoolgwalior.ac.in,+91-80-375-2532,Electrical Engineering,Diploma,60,750,1983,Urban,No,Yes
1-44643070372,1-44643070372,U-0999,VIKRANT UNIVERSITY (SCHOOL OF ENGINEERING) GWALIOR,Active,Madhya Pradesh,Gwalior,Gwalior,"CHITORA ROAD, VILLAGE RATWAI, TEHSIL & DIST : GWALIOR",452896,26.231089,78.19596,State Private University,"Vikrant University, Gwalior",Approved,Approved,B,Yes,,Tier 3,http://www.vikrantschoolgwalior.ac.in,info@vikrantschoolgwalior.ac.in,admissions@vikrantschoolgwalior.ac.in,placement@vikrantschoolgwalior.ac.in,+91-80-375-2532,Other Engineering Branches,M.Tech,36,750,1983,Urban,No,Yes
1-44643070372,1-44643070372,U-0999,VIKRANT UNIVERSITY (SCHOOL OF ENGINEERING) GWALIOR,Active,Madhya Pradesh,Gwalior,Gwalior,"CHITORA ROAD, VILLAGE RATWAI, TEHSIL & DIST : GWALIOR",452896,26.231089,78.19596,State Private University,"Vikrant University, Gwalior",Approved,Approved,B,Yes,,Tier 3,http://www.vikrantschoolgwalior.ac.in,info@vikrantschoolgwalior.ac.in,admissions@vikrantschoolgwalior.ac.in,placement@vikrantschoolgwalior.ac.in,+91-80-375-2532,Civil Engineering,B.Tech,90,750,1983,Urban,No,Yes
1-44643070372,1-44643070372,U-0999,VIKRANT UNIVERSITY (SCHOOL OF ENGINEERING) GWALIOR,Active,Madhya Pradesh,Gwalior,Gwalior,"CHITORA ROAD, VILLAGE RATWAI, TEHSIL & DIST : GWALIOR",452896,26.231089,78.19596,State Private University,"Vikrant University, Gwalior",Approved,Approved,B,Yes,,Tier 3,http://www.vikrantschoolgwalior.ac.in,info@vikrantschoolgwalior.ac.in,admissions@vikrantschoolgwalior.ac.in,placement@vikrantschoolgwalior.ac.in,+91-80-375-2532,Electronics & Communication Engineering (ECE),B.Tech,45,750,1983,Urban,No,Yes
1-44643070372,1-44643070372,U-0999,VIKRANT UNIVERSITY (SCHOOL OF ENGINEERING) GWALIOR,Active,Madhya Pradesh,Gwalior,Gwalior,"CHITORA ROAD, VILLAGE RATWAI, TEHSIL & DIST : GWALIOR",452896,26.231089,78.19596,State Private University,"Vikrant University, Gwalior",Approved,Approved,B,Yes,,Tier 3,http://www.vikrantschoolgwalior.ac.in,info@vikrantschoolgwalior.ac.in,admissions@vikrantschoolgwalior.ac.in,placement@vikrantschoolgwalior.ac.in,+91-80-375-2532,Computer Science Engineering (CSE),B.Tech,120,750,1983,Urban,No,Yes
1-44643070372,1-44643070372,U-0999,VIKRANT UNIVERSITY (SCHOOL OF ENGINEERING) GWALIOR,Active,Madhya Pradesh,Gwalior,Gwalior,"CHITORA ROAD, VILLAGE RATWAI, TEHSIL & DIST : GWALIOR",452896,26.231089,78.19596,State Private University,"Vikrant University, Gwalior",Approved,Approved,B,Yes,,Tier 3,http://www.vikrantschoolgwalior.ac.in,info@vikrantschoolgwalior.ac.in,admissions@vikrantschoolgwalior.ac.in,placement@vikrantschoolgwalior.ac.in,+91-80-375-2532,Information Technology (IT),B.Tech,30,750,1983,Urban,No,Yes
1-44643070372,1-44643070372,U-0999,VIKRANT UNIVERSITY (SCHOOL OF ENGINEERING) GWALIOR,Active,Madhya Pradesh,Gwalior,Gwalior,"CHITORA ROAD, VILLAGE RATWAI, TEHSIL & DIST : GWALIOR",452896,26.231089,78.19596,State Private University,"Vikrant University, Gwalior",Approved,Approved,B,Yes,,Tier 3,http://www.vikrantschoolgwalior.ac.in,info@vikrantschoolgwalior.ac.in,admissions@vikrantschoolgwalior.ac.in,placement@vikrantschoolgwalior.ac.in,+91-80-375-2532,Computer Science Engineering (CSE),M.Tech,18,750,1983,Urban,No,Yes
1-44643070372,1-44643070372,U-0999,VIKRANT UNIVERSITY (SCHOOL OF ENGINEERING) GWALIOR,Active,Madhya Pradesh,Gwalior,Gwalior,"CHITORA ROAD, VILLAGE RATWAI, TEHSIL & DIST : GWALIOR",452896,26.231089,78.19596,State Private University,"Vikrant University, Gwalior",Approved,Approved,B,Yes,,Tier 3,http://www.vikrantschoolgwalior.ac.in,info@vikrantschoolgwalior.ac.in,admissions@vikrantschoolgwalior.ac.in,placement@vikrantschoolgwalior.ac.in,+91-80-375-2532,Mechanical Engineering,M.Tech,9,750,1983,Urban,No,Yes
1-44643070372,1-44643070372,U-0999,VIKRANT UNIVERSITY (SCHOOL OF ENGINEERING) GWALIOR,Active,Madhya Pradesh,Gwalior,Gwalior,"CHITORA ROAD, VILLAGE RATWAI, TEHSIL & DIST : GWALIOR",452896,26.231089,78.19596,State Private University,"Vikrant University, Gwalior",Approved,Approved,B,Yes,,Tier 3,http://www.vikrantschoolgwalior.ac.in,info@vikrantschoolgwalior.ac.in,admissions@vikrantschoolgwalior.ac.in,placement@vikrantschoolgwalior.ac.in,+91-80-375-2532,Electrical Engineering,B.Tech,30,750,1983,Urban,No,Yes
1-44643070372,1-44643070372,U-0999,VIKRANT UNIVERSITY (SCHOOL OF ENGINEERING) GWALIOR,Active,Madhya Pradesh,Gwalior,Gwalior,"CHITORA ROAD, VILLAGE RATWAI, TEHSIL & DIST : GWALIOR",452896,26.231089,78.19596,State Private University,"Vikrant University, Gwalior",Approved,Approved,B,Yes,,Tier 3,http://www.vikrantschoolgwalior.ac.in,info@vikrantschoolgwalior.ac.in,admissions@vikrantschoolgwalior.ac.in,placement@vikrantschoolgwalior.ac.in,+91-80-375-2532,Other Engineering Branches,B.Tech,30,750,1983,Urban,No,Yes
1-44643070372,1-44643070372,U-0999,VIKRANT UNIVERSITY (SCHOOL OF ENGINEERING) GWALIOR,Active,Madhya Pradesh,Gwalior,Gwalior,"CHITORA ROAD, VILLAGE RATWAI, TEHSIL & DIST : GWALIOR",452896,26.231089,78.19596,State Private University,"Vikrant University, Gwalior",Approved,Approved,B,Yes,,Tier 3,http://www.vikrantschoolgwalior.ac.in,info@vikrantschoolgwalior.ac.in,admissions@vikrantschoolgwalior.ac.in,placement@vikrantschoolgwalior.ac.in,+91-80-375-2532,Information Technology (IT),M.Tech,12,750,1983,Urban,No,Yes
1-44643070372,1-44643070372,U-0999,VIKRANT UNIVERSITY (SCHOOL OF ENGINEERING) GWALIOR,Active,Madhya Pradesh,Gwalior,Gwalior,"CHITORA ROAD, VILLAGE RATWAI, TEHSIL & DIST : GWALIOR",452896,26.231089,78.19596,State Private University,"Vikrant University, Gwalior",Approved,Approved,B,Yes,,Tier 3,http://www.vikrantschoolgwalior.ac.in,info@vikrantschoolgwalior.ac.in,admissions@vikrantschoolgwalior.ac.in,placement@vikrantschoolgwalior.ac.in,+91-80-375-2532,Civil Engineering,Diploma,60,750,1983,Urban,No,Yes
1-44643070372,1-44643070372,U-0999,VIKRANT UNIVERSITY (SCHOOL OF ENGINEERING) GWALIOR,Active,Madhya Pradesh,Gwalior,Gwalior,"CHITORA ROAD, VILLAGE RATWAI, TEHSIL & DIST : GWALIOR",452896,26.231089,78.19596,State Private University,"Vikrant University, Gwalior",Approved,Approved,B,Yes,,Tier 3,http://www.vikrantschoolgwalior.ac.in,info@vikrantschoolgwalior.ac.in,admissions@vikrantschoolgwalior.ac.in,placement@vikrantschoolgwalior.ac.in,+91-80-375-2532,Mechanical Engineering,Diploma,120,750,1983,Urban,No,Yes
1-44643070372,1-44643070372,U-0999,VIKRANT UNIVERSITY (SCHOOL OF ENGINEERING) GWALIOR,Active,Madhya Pradesh,Gwalior,Gwalior,"CHITORA ROAD, VILLAGE RATWAI, TEHSIL & DIST : GWALIOR",452896,26.231089,78.19596,State Private University,"Vikrant University, Gwalior",Approved,Approved,B,Yes,,Tier 3,http://www.vikrantschoolgwalior.ac.in,info@vikrantschoolgwalior.ac.in,admissions@vikrantschoolgwalior.ac.in,placement@vikrantschoolgwalior.ac.in,+91-80-375-2532,Mechanical Engineering,B.Tech,90,750,1983,Urban,No,Yes
1-44642423460,1-44642423460,U-0441,REWA ENGINEERING COLLEGE REWA (MP),Active,Madhya Pradesh,Rewa,Rewa,UNIVERSITY ROAD REWA (MP)-486001,486001,22.953639,78.657874,Government,"Rajiv Gandhi Proudyogiki Vishwavidyalaya, Bhopal",Approved,Approved,B++,Yes,,Tier 3,http://www.rewarewamp.ac.in,info@rewarewamp.ac.in,admissions@rewarewamp.ac.in,placement@rewarewamp.ac.in,+91-80-010-0486,Mechanical Engineering,B.Tech,60,390,2004,Urban,Yes,Yes
1-44642423460,1-44642423460,U-0441,REWA ENGINEERING COLLEGE REWA (MP),Active,Madhya Pradesh,Rewa,Rewa,UNIVERSITY ROAD REWA (MP)-486001,486001,22.953639,78.657874,Government,"Rajiv Gandhi Proudyogiki Vishwavidyalaya, Bhopal",Approved,Approved,B++,Yes,,Tier 3,http://www.rewarewamp.ac.in,info@rewarewamp.ac.in,admissions@rewarewamp.ac.in,placement@rewarewamp.ac.in,+91-80-010-0486,Electrical Engineering,B.Tech,60,390,2004,Urban,Yes,Yes
1-44642423460,1-44642423460,U-0441,REWA ENGINEERING COLLEGE REWA (MP),Active,Madhya Pradesh,Rewa,Rewa,UNIVERSITY ROAD REWA (MP)-486001,486001,22.953639,78.657874,Government,"Rajiv Gandhi Proudyogiki Vishwavidyalaya, Bhopal",Approved,Approved,B++,Yes,,Tier 3,http://www.rewarewamp.ac.in,info@rewarewamp.ac.in,admissions@rewarewamp.ac.in,placement@rewarewamp.ac.in,+91-80-010-0486,Electronics & Communication Engineering (ECE),B.Tech,60,390,2004,Urban,Yes,Yes
1-44642423460,1-44642423460,U-0441,REWA ENGINEERING COLLEGE REWA (MP),Active,Madhya Pradesh,Rewa,Rewa,UNIVERSITY ROAD REWA (MP)-486001,486001,22.953639,78.657874,Government,"Rajiv Gandhi Proudyogiki Vishwavidyalaya, Bhopal",Approved,Approved,B++,Yes,,Tier 3,http://www.rewarewamp.ac.in,info@rewarewamp.ac.in,admissions@rewarewamp.ac.in,placement@rewarewamp.ac.in,+91-80-010-0486,Civil Engineering,B.Tech,60,390,2004,Urban,Yes,Yes
1-44642423460,1-44642423460,U-0441,REWA ENGINEERING COLLEGE REWA (MP),Active,Madhya Pradesh,Rewa,Rewa,UNIVERSITY ROAD REWA (MP)-486001,486001,22.953639,78.657874,Government,"Rajiv Gandhi Proudyogiki Vishwavidyalaya, Bhopal",Approved,Approved,B++,Yes,,Tier 3,http://www.rewarewamp.ac.in,info@rewarewamp.ac.in,admissions@rewarewamp.ac.in,placement@rewarewamp.ac.in,+91-80-010-0486,Computer Science Engineering (CSE),B.Tech,60,390,2004,Urban,Yes,Yes
1-44642423460,1-44642423460,U-0441,REWA ENGINEERING COLLEGE REWA (MP),Active,Madhya Pradesh,Rewa,Rewa,UNIVERSITY ROAD REWA (MP)-486001,486001,22.953639,78.657874,Government,"Rajiv Gandhi Proudyogiki Vishwavidyalaya, Bhopal",Approved,Approved,B++,Yes,,Tier 3,http://www.rewarewamp.ac.in,info@rewarewamp.ac.in,admissions@rewarewamp.ac.in,placement@rewarewamp.ac.in,+91-80-010-0486,Other Engineering Branches,M.Tech,90,390,2004,Urban,Yes,Yes
1-44642477618,1-44642477618,U-0441,NRI INSTITUTE OF INFORMATION SCIENCE AND TECHNOLOGY,Active,Madhya Pradesh,Bhopal,Bhopal,"1, SAJJAN SINGH NAGAR,  OPP. PATEL NAGAR,  RAISEN ROAD, BHOPAL - 462021(MP)",462021,23.260613,77.403559,Private-Self Financing,"Rajiv Gandhi Proudyogiki Vishwavidyalaya, Bhopal",Approved,Approved,B,No,,Tier 3,http://www.nriinformationscience.ac.in,info@nriinformationscience.ac.in,admissions@nriinformationscience.ac.in,placement@nriinformationscience.ac.in,+91-80-868-7430,Other Engineering Branches,M.Tech,54,606,1993,Urban,No,Yes
1-44642477618,1-44642477618,U-0441,NRI INSTITUTE OF INFORMATION SCIENCE AND TECHNOLOGY,Active,Madhya Pradesh,Bhopal,Bhopal,"1, SAJJAN SINGH NAGAR,  OPP. PATEL NAGAR,  RAISEN ROAD, BHOPAL - 462021(MP)",462021,23.260613,77.403559,Private-Self Financing,"Rajiv Gandhi Proudyogiki Vishwavidyalaya, Bhopal",Approved,Approved,B,No,,Tier 3,http://www.nriinformationscience.ac.in,info@nriinformationscience.ac.in,admissions@nriinformationscience.ac.in,placement@nriinformationscience.ac.in,+91-80-868-7430,Civil Engineering,B.Tech,30,606,1993,Urban,No,Yes
1-44642477618,1-44642477618,U-0441,NRI INSTITUTE OF INFORMATION SCIENCE AND TECHNOLOGY,Active,Madhya Pradesh,Bhopal,Bhopal,"1, SAJJAN SINGH NAGAR,  OPP. PATEL NAGAR,  RAISEN ROAD, BHOPAL - 462021(MP)",462021,23.260613,77.403559,Private-Self Financing,"Rajiv Gandhi Proudyogiki Vishwavidyalaya, Bhopal",Approved,Approved,B,No,,Tier 3,http://www.nriinformationscience.ac.in,info@nriinformationscience.ac.in,admissions@nriinformationscience.ac.in,placement@nriinformationscience.ac.in,+91-80-868-7430,Computer Science Engineering (CSE),B.Tech,180,606,1993,Urban,No,Yes
1-44642477618,1-44642477618,U-0441,NRI INSTITUTE OF INFORMATION SCIENCE AND TECHNOLOGY,Active,Madhya Pradesh,Bhopal,Bhopal,"1, SAJJAN SINGH NAGAR,  OPP. PATEL NAGAR,  RAISEN ROAD, BHOPAL - 462021(MP)",462021,23.260613,77.403559,Private-Self Financing,"Rajiv Gandhi Proudyogiki Vishwavidyalaya, Bhopal",Approved,Approved,B,No,,Tier 3,http://www.nriinformationscience.ac.in,info@nriinformationscience.ac.in,admissions@nriinformationscience.ac.in,placement@nriinformationscience.ac.in,+91-80-868-7430,Electronics & Communication Engineering (ECE),B.Tech,30,606,1993,Urban,No,Yes
1-44642477618,1-44642477618,U-0441,NRI INSTITUTE OF INFORMATION SCIENCE AND TECHNOLOGY,Active,Madhya Pradesh,Bhopal,Bhopal,"1, SAJJAN SINGH NAGAR,  OPP. PATEL NAGAR,  RAISEN ROAD, BHOPAL - 462021(MP)",462021,23.260613,77.403559,Private-Self Financing,"Rajiv Gandhi Proudyogiki Vishwavidyalaya, Bhopal",Approved,Approved,B,No,,Tier 3,http://www.nriinformationscience.ac.in,info@nriinformationscience.ac.in,admissions@nriinformationscience.ac.in,placement@nriinformationscience.ac.in,+91-80-868-7430,Electrical & Electronics Engineering (EEE),B.Tech,30,606,1993,Urban,No,Yes
1-44642477618,1-44642477618,U-0441,NRI INSTITUTE OF INFORMATION SCIENCE AND TECHNOLOGY,Active,Madhya Pradesh,Bhopal,Bhopal,"1, SAJJAN SINGH NAGAR,  OPP. PATEL NAGAR,  RAISEN ROAD, BHOPAL - 462021(MP)",462021,23.260613,77.403559,Private-Self Financing,"Rajiv Gandhi Proudyogiki Vishwavidyalaya, Bhopal",Approved,Approved,B,No,,Tier 3,http://www.nriinformationscience.ac.in,info@nriinformationscience.ac.in,admissions@nriinformationscience.ac.in,placement@nriinformationscience.ac.in,+91-80-868-7430,Information Technology (IT),B.Tech,60,606,1993,Urban,No,Yes
1-44642477618,1-44642477618,U-0441,NRI INSTITUTE OF INFORMATION SCIENCE AND TECHNOLOGY,Active,Madhya Pradesh,Bhopal,Bhopal,"1, SAJJAN SINGH NAGAR,  OPP. PATEL NAGAR,  RAISEN ROAD, BHOPAL - 462021(MP)",462021,23.260613,77.403559,Private-Self Financing,"Rajiv Gandhi Proudyogiki Vishwavidyalaya, Bhopal",Approved,Approved,B,No,,Tier 3,http://www.nriinformationscience.ac.in,info@nriinformationscience.ac.in,admissions@nriinformationscience.ac.in,placement@nriinformationscience.ac.in,+91-80-868-7430,Mechanical Engineering,B.Tech,30,606,1993,Urban,No,Yes
1-44642477618,1-44642477618,U-0441,NRI INSTITUTE OF INFORMATION SCIENCE AND TECHNOLOGY,Active,Madhya Pradesh,Bhopal,Bhopal,"1, SAJJAN SINGH NAGAR,  OPP. PATEL NAGAR,  RAISEN ROAD, BHOPAL - 462021(MP)",462021,23.260613,77.403559,Private-Self Financing,"Rajiv Gandhi Proudyogiki Vishwavidyalaya, Bhopal",Approved,Approved,B,No,,Tier 3,http://www.nriinformationscience.ac.in,info@nriinformationscience.ac.in,admissions@nriinformationscience.ac.in,placement@nriinformationscience.ac.in,+91-80-868-7430,Information Technology (IT),M.Tech,36,606,1993,Urban,No,Yes
1-44642477618,1-44642477618,U-0441,NRI INSTITUTE OF INFORMATION SCIENCE AND TECHNOLOGY,Active,Madhya Pradesh,Bhopal,Bhopal,"1, SAJJAN SINGH NAGAR,  OPP. PATEL NAGAR,  RAISEN ROAD, BHOPAL - 462021(MP)",462021,23.260613,77.403559,Private-Self Financing,"Rajiv Gandhi Proudyogiki Vishwavidyalaya, Bhopal",Approved,Approved,B,No,,Tier 3,http://www.nriinformationscience.ac.in,info@nriinformationscience.ac.in,admissions@nriinformationscience.ac.in,placement@nriinformationscience.ac.in,+91-80-868-7430,Computer Science Engineering (CSE),M.Tech,36,606,1993,Urban,No,Yes
1-44642477618,1-44642477618,U-0441,NRI INSTITUTE OF INFORMATION SCIENCE AND TECHNOLOGY,Active,Madhya Pradesh,Bhopal,Bhopal,"1, SAJJAN SINGH NAGAR,  OPP. PATEL NAGAR,  RAISEN ROAD, BHOPAL - 462021(MP)",462021,23.260613,77.403559,Private-Self Financing,"Rajiv Gandhi Proudyogiki Vishwavidyalaya, Bhopal",Approved,Approved,B,No,,Tier 3,http://www.nriinformationscience.ac.in,info@nriinformationscience.ac.in,admissions@nriinformationscience.ac.in,placement@nriinformationscience.ac.in,+91-80-868-7430,Artificial Intelligence & Machine Learning (AI & ML),B.Tech,120,606,1993,Urban,No,Yes
1-44642773092,1-44642773092,U-0441,LAKSHMI NARAIN COLLEGE OF TECHNOLOGY EXCELLENCE,Active,Madhya Pradesh,Bhopal,Bhopal,"KHAJURI KHURD, RAISEN ROAD, BHOPAL",452493,23.277136,77.423686,Private-Self Financing,"Rajiv Gandhi Proudyogiki Vishwavidyalaya, Bhopal",Approved,Approved,A+,No,,Tier 3,http://www.lakshminarainexcellence.ac.in,info@lakshminarainexcellence.ac.in,admissions@lakshminarainexcellence.ac.in,placement@lakshminarainexcellence.ac.in,+91-80-561-7990,Computer Science Engineering (CSE),B.Tech,180,612,2008,Rural,Yes,Yes
1-44642773092,1-44642773092,U-0441,LAKSHMI NARAIN COLLEGE OF TECHNOLOGY EXCELLENCE,Active,Madhya Pradesh,Bhopal,Bhopal,"KHAJURI KHURD, RAISEN ROAD, BHOPAL",452493,23.277136,77.423686,Private-Self Financing,"Rajiv Gandhi Proudyogiki Vishwavidyalaya, Bhopal",Approved,Approved,A+,No,,Tier 3,http://www.lakshminarainexcellence.ac.in,info@lakshminarainexcellence.ac.in,admissions@lakshminarainexcellence.ac.in,placement@lakshminarainexcellence.ac.in,+91-80-561-7990,Electronics & Communication Engineering (ECE),B.Tech,90,612,2008,Rural,Yes,Yes
1-44642773092,1-44642773092,U-0441,LAKSHMI NARAIN COLLEGE OF TECHNOLOGY EXCELLENCE,Active,Madhya Pradesh,Bhopal,Bhopal,"KHAJURI KHURD, RAISEN ROAD, BHOPAL",452493,23.277136,77.423686,Private-Self Financing,"Rajiv Gandhi Proudyogiki Vishwavidyalaya, Bhopal",Approved,Approved,A+,No,,Tier 3,http://www.lakshminarainexcellence.ac.in,info@lakshminarainexcellence.ac.in,admissions@lakshminarainexcellence.ac.in,placement@lakshminarainexcellence.ac.in,+91-80-561-7990,Mechanical Engineering,B.Tech,30,612,2008,Rural,Yes,Yes
1-44642773092,1-44642773092,U-0441,LAKSHMI NARAIN COLLEGE OF TECHNOLOGY EXCELLENCE,Active,Madhya Pradesh,Bhopal,Bhopal,"KHAJURI KHURD, RAISEN ROAD, BHOPAL",452493,23.277136,77.423686,Private-Self Financing,"Rajiv Gandhi Proudyogiki Vishwavidyalaya, Bhopal",Approved,Approved,A+,No,,Tier 3,http://www.lakshminarainexcellence.ac.in,info@lakshminarainexcellence.ac.in,admissions@lakshminarainexcellence.ac.in,placement@lakshminarainexcellence.ac.in,+91-80-561-7990,Information Technology (IT),M.Tech,18,612,2008,Rural,Yes,Yes
1-44642773092,1-44642773092,U-0441,LAKSHMI NARAIN COLLEGE OF TECHNOLOGY EXCELLENCE,Active,Madhya Pradesh,Bhopal,Bhopal,"KHAJURI KHURD, RAISEN ROAD, BHOPAL",452493,23.277136,77.423686,Private-Self Financing,"Rajiv Gandhi Proudyogiki Vishwavidyalaya, Bhopal",Approved,Approved,A+,No,,Tier 3,http://www.lakshminarainexcellence.ac.in,info@lakshminarainexcellence.ac.in,admissions@lakshminarainexcellence.ac.in,placement@lakshminarainexcellence.ac.in,+91-80-561-7990,Computer Science Engineering (CSE),M.Tech,24,612,2008,Rural,Yes,Yes
1-44642773092,1-44642773092,U-0441,LAKSHMI NARAIN COLLEGE OF TECHNOLOGY EXCELLENCE,Active,Madhya Pradesh,Bhopal,Bhopal,"KHAJURI KHURD, RAISEN ROAD, BHOPAL",452493,23.277136,77.423686,Private-Self Financing,"Rajiv Gandhi Proudyogiki Vishwavidyalaya, Bhopal",Approved,Approved,A+,No,,Tier 3,http://www.lakshminarainexcellence.ac.in,info@lakshminarainexcellence.ac.in,admissions@lakshminarainexcellence.ac.in,placement@lakshminarainexcellence.ac.in,+91-80-561-7990,Other Engineering Branches,M.Tech,30,612,2008,Rural,Yes,Yes
1-44642773092,1-44642773092,U-0441,LAKSHMI NARAIN COLLEGE OF TECHNOLOGY EXCELLENCE,Active,Madhya Pradesh,Bhopal,Bhopal,"KHAJURI KHURD, RAISEN ROAD, BHOPAL",452493,23.277136,77.423686,Private-Self Financing,"Rajiv Gandhi Proudyogiki Vishwavidyalaya, Bhopal",Approved,Approved,A+,No,,Tier 3,http://www.lakshminarainexcellence.ac.in,info@lakshminarainexcellence.ac.in,admissions@lakshminarainexcellence.ac.in,placement@lakshminarainexcellence.ac.in,+91-80-561-7990,Data Science,B.Tech,120,612,2008,Rural,Yes,Yes
1-44642773092,1-44642773092,U-0441,LAKSHMI NARAIN COLLEGE OF TECHNOLOGY EXCELLENCE,Active,Madhya Pradesh,Bhopal,Bhopal,"KHAJURI KHURD, RAISEN ROAD, BHOPAL",452493,23.277136,77.423686,Private-Self Financing,"Rajiv Gandhi Proudyogiki Vishwavidyalaya, Bhopal",Approved,Approved,A+,No,,Tier 3,http://www.lakshminarainexcellence.ac.in,info@lakshminarainexcellence.ac.in,admissions@lakshminarainexcellence.ac.in,placement@lakshminarainexcellence.ac.in,+91-80-561-7990,Artificial Intelligence & Machine Learning (AI & ML),B.Tech,120,612,2008,Rural,Yes,Yes
1-44643026417,1-44643026417,U-0441,"SHRIRAM COLLEGE OF ENGINEERING & MANAGEMENT, BANMORE",Active,Madhya Pradesh,Morena,Morena,NATIONAL EXPRESSWAY A.B. ROAD BANMORE MORENA MADHYA PRADESH,452584,22.961167,78.64551,Private-Self Financing,"Rajiv Gandhi Proudyogiki Vishwavidyalaya, Bhopal",Approved,Approved,B+,No,,Tier 3,http://www.shrirammanagementbanmore.ac.in,info@shrirammanagementbanmore.ac.in,admissions@shrirammanagementbanmore.ac.in,placement@shrirammanagementbanmore.ac.in,+91-80-325-7655,Electronics & Communication Engineering (ECE),B.Tech,60,372,2001,Rural,No,Yes
1-44643026417,1-44643026417,U-0441,"SHRIRAM COLLEGE OF ENGINEERING & MANAGEMENT, BANMORE",Active,Madhya Pradesh,Morena,Morena,NATIONAL EXPRESSWAY A.B. ROAD BANMORE MORENA MADHYA PRADESH,452584,22.961167,78.64551,Private-Self Financing,"Rajiv Gandhi Proudyogiki Vishwavidyalaya, Bhopal",Approved,Approved,B+,No,,Tier 3,http://www.shrirammanagementbanmore.ac.in,info@shrirammanagementbanmore.ac.in,admissions@shrirammanagementbanmore.ac.in,placement@shrirammanagementbanmore.ac.in,+91-80-325-7655,Mechanical Engineering,B.Tech,60,372,2001,Rural,No,Yes
1-44643026417,1-44643026417,U-0441,"SHRIRAM COLLEGE OF ENGINEERING & MANAGEMENT, BANMORE",Active,Madhya Pradesh,Morena,Morena,NATIONAL EXPRESSWAY A.B. ROAD BANMORE MORENA MADHYA PRADESH,452584,22.961167,78.64551,Private-Self Financing,"Rajiv Gandhi Proudyogiki Vishwavidyalaya, Bhopal",Approved,Approved,B+,No,,Tier 3,http://www.shrirammanagementbanmore.ac.in,info@shrirammanagementbanmore.ac.in,admissions@shrirammanagementbanmore.ac.in,placement@shrirammanagementbanmore.ac.in,+91-80-325-7655,Computer Science Engineering (CSE),B.Tech,120,372,2001,Rural,No,Yes
1-44643026417,1-44643026417,U-0441,"SHRIRAM COLLEGE OF ENGINEERING & MANAGEMENT, BANMORE",Active,Madhya Pradesh,Morena,Morena,NATIONAL EXPRESSWAY A.B. ROAD BANMORE MORENA MADHYA PRADESH,452584,22.961167,78.64551,Private-Self Financing,"Rajiv Gandhi Proudyogiki Vishwavidyalaya, Bhopal",Approved,Approved,B+,No,,Tier 3,http://www.shrirammanagementbanmore.ac.in,info@shrirammanagementbanmore.ac.in,admissions@shrirammanagementbanmore.ac.in,placement@shrirammanagementbanmore.ac.in,+91-80-325-7655,Other Engineering Branches,M.Tech,45,372,2001,Rural,No,Yes
1-44643026417,1-44643026417,U-0441,"SHRIRAM COLLEGE OF ENGINEERING & MANAGEMENT, BANMORE",Active,Madhya Pradesh,Morena,Morena,NATIONAL EXPRESSWAY A.B. ROAD BANMORE MORENA MADHYA PRADESH,452584,22.961167,78.64551,Private-Self Financing,"Rajiv Gandhi Proudyogiki Vishwavidyalaya, Bhopal",Approved,Approved,B+,No,,Tier 3,http://www.shrirammanagementbanmore.ac.in,info@shrirammanagementbanmore.ac.in,admissions@shrirammanagementbanmore.ac.in,placement@shrirammanagementbanmore.ac.in,+91-80-325-7655,Computer Science Engineering (CSE),M.Tech,18,372,2001,Rural,No,Yes
1-44643026417,1-44643026417,U-0441,"SHRIRAM COLLEGE OF ENGINEERING & MANAGEMENT, BANMORE",Active,Madhya Pradesh,Morena,Morena,NATIONAL EXPRESSWAY A.B. ROAD BANMORE MORENA MADHYA PRADESH,452584,22.961167,78.64551,Private-Self Financing,"Rajiv Gandhi Proudyogiki Vishwavidyalaya, Bhopal",Approved,Approved,B+,No,,Tier 3,http://www.shrirammanagementbanmore.ac.in,info@shrirammanagementbanmore.ac.in,admissions@shrirammanagementbanmore.ac.in,placement@shrirammanagementbanmore.ac.in,+91-80-325-7655,Information Technology (IT),M.Tech,9,372,2001,Rural,No,Yes
1-44643026417,1-44643026417,U-0441,"SHRIRAM COLLEGE OF ENGINEERING & MANAGEMENT, BANMORE",Active,Madhya Pradesh,Morena,Morena,NATIONAL EXPRESSWAY A.B. ROAD BANMORE MORENA MADHYA PRADESH,452584,22.961167,78.64551,Private-Self Financing,"Rajiv Gandhi Proudyogiki Vishwavidyalaya, Bhopal",Approved,Approved,B+,No,,Tier 3,http://www.shrirammanagementbanmore.ac.in,info@shrirammanagementbanmore.ac.in,admissions@shrirammanagementbanmore.ac.in,placement@shrirammanagementbanmore.ac.in,+91-80-325-7655,Artificial Intelligence & Machine Learning (AI & ML),B.Tech,60,372,2001,Rural,No,Yes
1-44642826339,1-44642826339,U-0441,SANGHVI INSTITUTE OF MANAGEMENT AND SCIENCE,Active,Madhya Pradesh,Indore,Indore,"PIGDAMBER, PITHAMPUR BYPASS ROAD, BEHIND IIM",452012,22.732532,75.869886,Private-Self Financing,"Rajiv Gandhi Proudyogiki Vishwavidyalaya, Bhopal",Approved,Approved,A,No,,Tier 3,http://www.sanghvimanagementscience.ac.in,info@sanghvimanagementscience.ac.in,admissions@sanghvimanagementscience.ac.in,placement@sanghvimanagementscience.ac.in,+91-80-381-2685,Electronics & Communication Engineering (ECE),B.Tech,60,540,1998,Urban,Yes,No
1-44642826339,1-44642826339,U-0441,SANGHVI INSTITUTE OF MANAGEMENT AND SCIENCE,Active,Madhya Pradesh,Indore,Indore,"PIGDAMBER, PITHAMPUR BYPASS ROAD, BEHIND IIM",452012,22.732532,75.869886,Private-Self Financing,"Rajiv Gandhi Proudyogiki Vishwavidyalaya, Bhopal",Approved,Approved,A,No,,Tier 3,http://www.sanghvimanagementscience.ac.in,info@sanghvimanagementscience.ac.in,admissions@sanghvimanagementscience.ac.in,placement@sanghvimanagementscience.ac.in,+91-80-381-2685,Information Technology (IT),B.Tech,60,540,1998,Urban,Yes,No
1-44642826339,1-44642826339,U-0441,SANGHVI INSTITUTE OF MANAGEMENT AND SCIENCE,Active,Madhya Pradesh,Indore,Indore,"PIGDAMBER, PITHAMPUR BYPASS ROAD, BEHIND IIM",452012,22.732532,75.869886,Private-Self Financing,"Rajiv Gandhi Proudyogiki Vishwavidyalaya, Bhopal",Approved,Approved,A,No,,Tier 3,http://www.sanghvimanagementscience.ac.in,info@sanghvimanagementscience.ac.in,admissions@sanghvimanagementscience.ac.in,placement@sanghvimanagementscience.ac.in,+91-80-381-2685,Electronics & Communication Engineering (ECE),M.Tech,18,540,1998,Urban,Yes,No
1-44642826339,1-44642826339,U-0441,SANGHVI INSTITUTE OF MANAGEMENT AND SCIENCE,Active,Madhya Pradesh,Indore,Indore,"PIGDAMBER, PITHAMPUR BYPASS ROAD, BEHIND IIM",452012,22.732532,75.869886,Private-Self Financing,"Rajiv Gandhi Proudyogiki Vishwavidyalaya, Bhopal",Approved,Approved,A,No,,Tier 3,http://www.sanghvimanagementscience.ac.in,info@sanghvimanagementscience.ac.in,admissions@sanghvimanagementscience.ac.in,placement@sanghvimanagementscience.ac.in,+91-80-381-2685,Computer Science Engineering (CSE),M.Tech,18,540,1998,Urban,Yes,No
1-44642826339,1-44642826339,U-0441,SANGHVI INSTITUTE OF MANAGEMENT AND SCIENCE,Active,Madhya Pradesh,Indore,Indore,"PIGDAMBER, PITHAMPUR BYPASS ROAD, BEHIND IIM",452012,22.732532,75.869886,Private-Self Financing,"Rajiv Gandhi Proudyogiki Vishwavidyalaya, Bhopal",Approved,Approved,A,No,,Tier 3,http://www.sanghvimanagementscience.ac.in,info@sanghvimanagementscience.ac.in,admissions@sanghvimanagementscience.ac.in,placement@sanghvimanagementscience.ac.in,+91-80-381-2685,Mechanical Engineering,B.Tech,120,540,1998,Urban,Yes,No
1-44642826339,1-44642826339,U-0441,SANGHVI INSTITUTE OF MANAGEMENT AND SCIENCE,Active,Madhya Pradesh,Indore,Indore,"PIGDAMBER, PITHAMPUR BYPASS ROAD, BEHIND IIM",452012,22.732532,75.869886,Private-Self Financing,"Rajiv Gandhi Proudyogiki Vishwavidyalaya, Bhopal",Approved,Approved,A,No,,Tier 3,http://www.sanghvimanagementscience.ac.in,info@sanghvimanagementscience.ac.in,admissions@sanghvimanagementscience.ac.in,placement@sanghvimanagementscience.ac.in,+91-80-381-2685,Civil Engineering,B.Tech,120,540,1998,Urban,Yes,No
1-44642826339,1-44642826339,U-0441,SANGHVI INSTITUTE OF MANAGEMENT AND SCIENCE,Active,Madhya Pradesh,Indore,Indore,"PIGDAMBER, PITHAMPUR BYPASS ROAD, BEHIND IIM",452012,22.732532,75.869886,Private-Self Financing,"Rajiv Gandhi Proudyogiki Vishwavidyalaya, Bhopal",Approved,Approved,A,No,,Tier 3,http://www.sanghvimanagementscience.ac.in,info@sanghvimanagementscience.ac.in,admissions@sanghvimanagementscience.ac.in,placement@sanghvimanagementscience.ac.in,+91-80-381-2685,Computer Science Engineering (CSE),B.Tech,90,540,1998,Urban,Yes,No
1-44642826339,1-44642826339,U-0441,SANGHVI INSTITUTE OF MANAGEMENT AND SCIENCE,Active,Madhya Pradesh,Indore,Indore,"PIGDAMBER, PITHAMPUR BYPASS ROAD, BEHIND IIM",452012,22.732532,75.869886,Private-Self Financing,"Rajiv Gandhi Proudyogiki Vishwavidyalaya, Bhopal",Approved,Approved,A,No,,Tier 3,http://www.sanghvimanagementscience.ac.in,info@sanghvimanagementscience.ac.in,admissions@sanghvimanagementscience.ac.in,placement@sanghvimanagementscience.ac.in,+91-80-381-2685,Other Engineering Branches,M.Tech,54,540,1998,Urban,Yes,No
1-44642650659,1-44642650659,U-0441,INDORE INSTITUTE OF SCIENCE AND TECHNOLOGY,Active,Madhya Pradesh,Indore,Indore,"DEHRI, OPP IIM, PITHAMPUR ROAD, RAU, INDORE, MADHYA PRADESH",452012,22.73124,75.874093,Private-Self Financing,"Rajiv Gandhi Proudyogiki Vishwavidyalaya, Bhopal",Approved,Approved,B,Yes,,Tier 3,http://www.indorescience.ac.in,info@indorescience.ac.in,admissions@indorescience.ac.in,placement@indorescience.ac.in,+91-80-327-1016,Electronics & Communication Engineering (ECE),B.Tech,60,894,1994,Urban,Yes,Yes
1-44642650659,1-44642650659,U-0441,INDORE INSTITUTE OF SCIENCE AND TECHNOLOGY,Active,Madhya Pradesh,Indore,Indore,"DEHRI, OPP IIM, PITHAMPUR ROAD, RAU, INDORE, MADHYA PRADESH",452012,22.73124,75.874093,Private-Self Financing,"Rajiv Gandhi Proudyogiki Vishwavidyalaya, Bhopal",Approved,Approved,B,Yes,,Tier 3,http://www.indorescience.ac.in,info@indorescience.ac.in,admissions@indorescience.ac.in,placement@indorescience.ac.in,+91-80-327-1016,Information Technology (IT),B.Tech,90,894,1994,Urban,Yes,Yes
1-44642650659,1-44642650659,U-0441,INDORE INSTITUTE OF SCIENCE AND TECHNOLOGY,Active,Madhya Pradesh,Indore,Indore,"DEHRI, OPP IIM, PITHAMPUR ROAD, RAU, INDORE, MADHYA PRADESH",452012,22.73124,75.874093,Private-Self Financing,"Rajiv Gandhi Proudyogiki Vishwavidyalaya, Bhopal",Approved,Approved,B,Yes,,Tier 3,http://www.indorescience.ac.in,info@indorescience.ac.in,admissions@indorescience.ac.in,placement@indorescience.ac.in,+91-80-327-1016,Computer Science Engineering (CSE),B.Tech,360,894,1994,Urban,Yes,Yes
1-44642650659,1-44642650659,U-0441,INDORE INSTITUTE OF SCIENCE AND TECHNOLOGY,Active,Madhya Pradesh,Indore,Indore,"DEHRI, OPP IIM, PITHAMPUR ROAD, RAU, INDORE, MADHYA PRADESH",452012,22.73124,75.874093,Private-Self Financing,"Rajiv Gandhi Proudyogiki Vishwavidyalaya, Bhopal",Approved,Approved,B,Yes,,Tier 3,http://www.indorescience.ac.in,info@indorescience.ac.in,admissions@indorescience.ac.in,placement@indorescience.ac.in,+91-80-327-1016,Mechanical Engineering,B.Tech,30,894,1994,Urban,Yes,Yes
1-44642650659,1-44642650659,U-0441,INDORE INSTITUTE OF SCIENCE AND TECHNOLOGY,Active,Madhya Pradesh,Indore,Indore,"DEHRI, OPP IIM, PITHAMPUR ROAD, RAU, INDORE, MADHYA PRADESH",452012,22.73124,75.874093,Private-Self Financing,"Rajiv Gandhi Proudyogiki Vishwavidyalaya, Bhopal",Approved,Approved,B,Yes,,Tier 3,http://www.indorescience.ac.in,info@indorescience.ac.in,admissions@indorescience.ac.in,placement@indorescience.ac.in,+91-80-327-1016,Artificial Intelligence & Machine Learning (AI & ML),M.Tech,18,894,1994,Urban,Yes,Yes
1-44642650659,1-44642650659,U-0441,INDORE INSTITUTE OF SCIENCE AND TECHNOLOGY,Active,Madhya Pradesh,Indore,Indore,"DEHRI, OPP IIM, PITHAMPUR ROAD, RAU, INDORE, MADHYA PRADESH",452012,22.73124,75.874093,Private-Self Financing,"Rajiv Gandhi Proudyogiki Vishwavidyalaya, Bhopal",Approved,Approved,B,Yes,,Tier 3,http://www.indorescience.ac.in,info@indorescience.ac.in,admissions@indorescience.ac.in,placement@indorescience.ac.in,+91-80-327-1016,Data Science,M.Tech,18,894,1994,Urban,Yes,Yes
1-44642650659,1-44642650659,U-0441,INDORE INSTITUTE OF SCIENCE AND TECHNOLOGY,Active,Madhya Pradesh,Indore,Indore,"DEHRI, OPP IIM, PITHAMPUR ROAD, RAU, INDORE, MADHYA PRADESH",452012,22.73124,75.874093,Private-Self Financing,"Rajiv Gandhi Proudyogiki Vishwavidyalaya, Bhopal",Approved,Approved,B,Yes,,Tier 3,http://www.indorescience.ac.in,info@indorescience.ac.in,admissions@indorescience.ac.in,placement@indorescience.ac.in,+91-80-327-1016,Computer Science Engineering (CSE),M.Tech,18,894,1994,Urban,Yes,Yes
1-44642650659,1-44642650659,U-0441,INDORE INSTITUTE OF SCIENCE AND TECHNOLOGY,Active,Madhya Pradesh,Indore,Indore,"DEHRI, OPP IIM, PITHAMPUR ROAD, RAU, INDORE, MADHYA PRADESH",452012,22.73124,75.874093,Private-Self Financing,"Rajiv Gandhi Proudyogiki Vishwavidyalaya, Bhopal",Approved,Approved,B,Yes,,Tier 3,http://www.indorescience.ac.in,info@indorescience.ac.in,admissions@indorescience.ac.in,placement@indorescience.ac.in,+91-80-327-1016,Civil Engineering,B.Tech,30,894,1994,Urban,Yes,Yes
1-44642650659,1-44642650659,U-0441,INDORE INSTITUTE OF SCIENCE AND TECHNOLOGY,Active,Madhya Pradesh,Indore,Indore,"DEHRI, OPP IIM, PITHAMPUR ROAD, RAU, INDORE, MADHYA PRADESH",452012,22.73124,75.874093,Private-Self Financing,"Rajiv Gandhi Proudyogiki Vishwavidyalaya, Bhopal",Approved,Approved,B,Yes,,Tier 3,http://www.indorescience.ac.in,info@indorescience.ac.in,admissions@indorescience.ac.in,placement@indorescience.ac.in,+91-80-327-1016,Artificial Intelligence & Machine Learning (AI & ML),B.Tech,180,894,1994,Urban,Yes,Yes
1-44642650659,1-44642650659,U-0441,INDORE INSTITUTE OF SCIENCE AND TECHNOLOGY,Active,Madhya Pradesh,Indore,Indore,"DEHRI, OPP IIM, PITHAMPUR ROAD, RAU, INDORE, MADHYA PRADESH",452012,22.73124,75.874093,Private-Self Financing,"Rajiv Gandhi Proudyogiki Vishwavidyalaya, Bhopal",Approved,Approved,B,Yes,,Tier 3,http://www.indorescience.ac.in,info@indorescience.ac.in,admissions@indorescience.ac.in,placement@indorescience.ac.in,+91-80-327-1016,Data Science,B.Tech,60,894,1994,Urban,Yes,Yes
1-44642650659,1-44642650659,U-0441,INDORE INSTITUTE OF SCIENCE AND TECHNOLOGY,Active,Madhya Pradesh,Indore,Indore,"DEHRI, OPP IIM, PITHAMPUR ROAD, RAU, INDORE, MADHYA PRADESH",452012,22.73124,75.874093,Private-Self Financing,"Rajiv Gandhi Proudyogiki Vishwavidyalaya, Bhopal",Approved,Approved,B,Yes,,Tier 3,http://www.indorescience.ac.in,info@indorescience.ac.in,admissions@indorescience.ac.in,placement@indorescience.ac.in,+91-80-327-1016,Robotics,B.Tech,30,894,1994,Urban,Yes,Yes
1-44642781241,1-44642781241,U-0441,SHRI BALAJI INSTITUTE OF TECHNOLOGY & MANAGEMENT,Active,Madhya Pradesh,Betul,Betul,"8TH MILE STONE, GRAM GOHCHI, BETUL BHOPAL HIGHWAY, DISTT. BETUL, M.P. 460005",460005,22.964585,78.647059,Private-Self Financing,"Rajiv Gandhi Proudyogiki Vishwavidyalaya, Bhopal",Approved,Approved,A,No,,Tier 3,http://www.shribalajimanagement.ac.in,info@shribalajimanagement.ac.in,admissions@shribalajimanagement.ac.in,placement@shribalajimanagement.ac.in,+91-80-469-1265,Mechanical Engineering,B.Tech,60,420,2007,Urban,No,Yes
1-44642781241,1-44642781241,U-0441,SHRI BALAJI INSTITUTE OF TECHNOLOGY & MANAGEMENT,Active,Madhya Pradesh,Betul,Betul,"8TH MILE STONE, GRAM GOHCHI, BETUL BHOPAL HIGHWAY, DISTT. BETUL, M.P. 460005",460005,22.964585,78.647059,Private-Self Financing,"Rajiv Gandhi Proudyogiki Vishwavidyalaya, Bhopal",Approved,Approved,A,No,,Tier 3,http://www.shribalajimanagement.ac.in,info@shribalajimanagement.ac.in,admissions@shribalajimanagement.ac.in,placement@shribalajimanagement.ac.in,+91-80-469-1265,Computer Science Engineering (CSE),B.Tech,90,420,2007,Urban,No,Yes
1-44642781241,1-44642781241,U-0441,SHRI BALAJI INSTITUTE OF TECHNOLOGY & MANAGEMENT,Active,Madhya Pradesh,Betul,Betul,"8TH MILE STONE, GRAM GOHCHI, BETUL BHOPAL HIGHWAY, DISTT. BETUL, M.P. 460005",460005,22.964585,78.647059,Private-Self Financing,"Rajiv Gandhi Proudyogiki Vishwavidyalaya, Bhopal",Approved,Approved,A,No,,Tier 3,http://www.shribalajimanagement.ac.in,info@shribalajimanagement.ac.in,admissions@shribalajimanagement.ac.in,placement@shribalajimanagement.ac.in,+91-80-469-1265,Electrical & Electronics Engineering (EEE),B.Tech,60,420,2007,Urban,No,Yes
1-44642781241,1-44642781241,U-0441,SHRI BALAJI INSTITUTE OF TECHNOLOGY & MANAGEMENT,Active,Madhya Pradesh,Betul,Betul,"8TH MILE STONE, GRAM GOHCHI, BETUL BHOPAL HIGHWAY, DISTT. BETUL, M.P. 460005",460005,22.964585,78.647059,Private-Self Financing,"Rajiv Gandhi Proudyogiki Vishwavidyalaya, Bhopal",Approved,Approved,A,No,,Tier 3,http://www.shribalajimanagement.ac.in,info@shribalajimanagement.ac.in,admissions@shribalajimanagement.ac.in,placement@shribalajimanagement.ac.in,+91-80-469-1265,Mechanical Engineering,Diploma,60,420,2007,Urban,No,Yes
1-44642781241,1-44642781241,U-0441,SHRI BALAJI INSTITUTE OF TECHNOLOGY & MANAGEMENT,Active,Madhya Pradesh,Betul,Betul,"8TH MILE STONE, GRAM GOHCHI, BETUL BHOPAL HIGHWAY, DISTT. BETUL, M.P. 460005",460005,22.964585,78.647059,Private-Self Financing,"Rajiv Gandhi Proudyogiki Vishwavidyalaya, Bhopal",Approved,Approved,A,No,,Tier 3,http://www.shribalajimanagement.ac.in,info@shribalajimanagement.ac.in,admissions@shribalajimanagement.ac.in,placement@shribalajimanagement.ac.in,+91-80-469-1265,Civil Engineering,Diploma,60,420,2007,Urban,No,Yes
1-44642781241,1-44642781241,U-0441,SHRI BALAJI INSTITUTE OF TECHNOLOGY & MANAGEMENT,Active,Madhya Pradesh,Betul,Betul,"8TH MILE STONE, GRAM GOHCHI, BETUL BHOPAL HIGHWAY, DISTT. BETUL, M.P. 460005",460005,22.964585,78.647059,Private-Self Financing,"Rajiv Gandhi Proudyogiki Vishwavidyalaya, Bhopal",Approved,Approved,A,No,,Tier 3,http://www.shribalajimanagement.ac.in,info@shribalajimanagement.ac.in,admissions@shribalajimanagement.ac.in,placement@shribalajimanagement.ac.in,+91-80-469-1265,Civil Engineering,B.Tech,30,420,2007,Urban,No,Yes
1-44642781241,1-44642781241,U-0441,SHRI BALAJI INSTITUTE OF TECHNOLOGY & MANAGEMENT,Active,Madhya Pradesh,Betul,Betul,"8TH MILE STONE, GRAM GOHCHI, BETUL BHOPAL HIGHWAY, DISTT. BETUL, M.P. 460005",460005,22.964585,78.647059,Private-Self Financing,"Rajiv Gandhi Proudyogiki Vishwavidyalaya, Bhopal",Approved,Approved,A,No,,Tier 3,http://www.shribalajimanagement.ac.in,info@shribalajimanagement.ac.in,admissions@shribalajimanagement.ac.in,placement@shribalajimanagement.ac.in,+91-80-469-1265,Data Science,B.Tech,60,420,2007,Urban,No,Yes
1-44642781836,1-44642781836,U-0610,S.G.B.M. INSTITUTE OF TECHNOLOGY & SCIENCE,Active,Madhya Pradesh,Jabalpur,Jabalpur,"VILLAGE BINEKI, PATAN ROAD, TEHSIL PATAN, JABALPUR. MADHYA PRADESH",452090,22.178043,79.933515,Private-Self Financing,"Rani Durgavati Vishwavidyalaya, Jabalpur",Approved,Approved,B++,No,,Tier 3,http://www.sgbmscience.ac.in,info@sgbmscience.ac.in,admissions@sgbmscience.ac.in,placement@sgbmscience.ac.in,+91-80-924-5334,Civil Engineering,Diploma,60,240,2001,Urban,Yes,Yes
1-44642781836,1-44642781836,U-0610,S.G.B.M. INSTITUTE OF TECHNOLOGY & SCIENCE,Active,Madhya Pradesh,Jabalpur,Jabalpur,"VILLAGE BINEKI, PATAN ROAD, TEHSIL PATAN, JABALPUR. MADHYA PRADESH",452090,22.178043,79.933515,Private-Self Financing,"Rani Durgavati Vishwavidyalaya, Jabalpur",Approved,Approved,B++,No,,Tier 3,http://www.sgbmscience.ac.in,info@sgbmscience.ac.in,admissions@sgbmscience.ac.in,placement@sgbmscience.ac.in,+91-80-924-5334,Mechanical Engineering,Diploma,60,240,2001,Urban,Yes,Yes
1-44642781836,1-44642781836,U-0610,S.G.B.M. INSTITUTE OF TECHNOLOGY & SCIENCE,Active,Madhya Pradesh,Jabalpur,Jabalpur,"VILLAGE BINEKI, PATAN ROAD, TEHSIL PATAN, JABALPUR. MADHYA PRADESH",452090,22.178043,79.933515,Private-Self Financing,"Rani Durgavati Vishwavidyalaya, Jabalpur",Approved,Approved,B++,No,,Tier 3,http://www.sgbmscience.ac.in,info@sgbmscience.ac.in,admissions@sgbmscience.ac.in,placement@sgbmscience.ac.in,+91-80-924-5334,Computer Science Engineering (CSE),Diploma,60,240,2001,Urban,Yes,Yes
1-44642781836,1-44642781836,U-0610,S.G.B.M. INSTITUTE OF TECHNOLOGY & SCIENCE,Active,Madhya Pradesh,Jabalpur,Jabalpur,"VILLAGE BINEKI, PATAN ROAD, TEHSIL PATAN, JABALPUR. MADHYA PRADESH",452090,22.178043,79.933515,Private-Self Financing,"Rani Durgavati Vishwavidyalaya, Jabalpur",Approved,Approved,B++,No,,Tier 3,http://www.sgbmscience.ac.in,info@sgbmscience.ac.in,admissions@sgbmscience.ac.in,placement@sgbmscience.ac.in,+91-80-924-5334,Electrical Engineering,Diploma,60,240,2001,Urban,Yes,Yes
1-44642438596,1-44642438596,U-0441,BADERIA GLOBAL INSTITUTE OF ENGINEERING & MANAGEMENT,Active,Madhya Pradesh,Jabalpur,Jabalpur,"PATAN BY-PASS SQUARE, GRAM-RAIGHAWA, JABALPUR, DIST- JABALPUR(M.P.)",452090,22.170709,79.938219,Private-Self Financing,"Rajiv Gandhi Proudyogiki Vishwavidyalaya, Bhopal",Approved,Approved,A+,Yes,,Tier 2,http://www.baderiaglobalmanagement.ac.in,info@baderiaglobalmanagement.ac.in,admissions@baderiaglobalmanagement.ac.in,placement@baderiaglobalmanagement.ac.in,+91-80-616-9524,Other Engineering Branches,M.Tech,54,1068,1981,Rural,Yes,Yes
1-44642438596,1-44642438596,U-0441,BADERIA GLOBAL INSTITUTE OF ENGINEERING & MANAGEMENT,Active,Madhya Pradesh,Jabalpur,Jabalpur,"PATAN BY-PASS SQUARE, GRAM-RAIGHAWA, JABALPUR, DIST- JABALPUR(M.P.)",452090,22.170709,79.938219,Private-Self Financing,"Rajiv Gandhi Proudyogiki Vishwavidyalaya, Bhopal",Approved,Approved,A+,Yes,,Tier 2,http://www.baderiaglobalmanagement.ac.in,info@baderiaglobalmanagement.ac.in,admissions@baderiaglobalmanagement.ac.in,placement@baderiaglobalmanagement.ac.in,+91-80-616-9524,Computer Science Engineering (CSE),M.Tech,24,1068,1981,Rural,Yes,Yes
1-44642438596,1-44642438596,U-0441,BADERIA GLOBAL INSTITUTE OF ENGINEERING & MANAGEMENT,Active,Madhya Pradesh,Jabalpur,Jabalpur,"PATAN BY-PASS SQUARE, GRAM-RAIGHAWA, JABALPUR, DIST- JABALPUR(M.P.)",452090,22.170709,79.938219,Private-Self Financing,"Rajiv Gandhi Proudyogiki Vishwavidyalaya, Bhopal",Approved,Approved,A+,Yes,,Tier 2,http://www.baderiaglobalmanagement.ac.in,info@baderiaglobalmanagement.ac.in,admissions@baderiaglobalmanagement.ac.in,placement@baderiaglobalmanagement.ac.in,+91-80-616-9524,Civil Engineering,Diploma,60,1068,1981,Rural,Yes,Yes
1-44642438596,1-44642438596,U-0441,BADERIA GLOBAL INSTITUTE OF ENGINEERING & MANAGEMENT,Active,Madhya Pradesh,Jabalpur,Jabalpur,"PATAN BY-PASS SQUARE, GRAM-RAIGHAWA, JABALPUR, DIST- JABALPUR(M.P.)",452090,22.170709,79.938219,Private-Self Financing,"Rajiv Gandhi Proudyogiki Vishwavidyalaya, Bhopal",Approved,Approved,A+,Yes,,Tier 2,http://www.baderiaglobalmanagement.ac.in,info@baderiaglobalmanagement.ac.in,admissions@baderiaglobalmanagement.ac.in,placement@baderiaglobalmanagement.ac.in,+91-80-616-9524,Mechanical Engineering,Diploma,60,1068,1981,Rural,Yes,Yes
1-44642438596,1-44642438596,U-0441,BADERIA GLOBAL INSTITUTE OF ENGINEERING & MANAGEMENT,Active,Madhya Pradesh,Jabalpur,Jabalpur,"PATAN BY-PASS SQUARE, GRAM-RAIGHAWA, JABALPUR, DIST- JABALPUR(M.P.)",452090,22.170709,79.938219,Private-Self Financing,"Rajiv Gandhi Proudyogiki Vishwavidyalaya, Bhopal",Approved,Approved,A+,Yes,,Tier 2,http://www.baderiaglobalmanagement.ac.in,info@baderiaglobalmanagement.ac.in,admissions@baderiaglobalmanagement.ac.in,placement@baderiaglobalmanagement.ac.in,+91-80-616-9524,Computer Science Engineering (CSE),B.Tech,330,1068,1981,Rural,Yes,Yes
1-44642438596,1-44642438596,U-0441,BADERIA GLOBAL INSTITUTE OF ENGINEERING & MANAGEMENT,Active,Madhya Pradesh,Jabalpur,Jabalpur,"PATAN BY-PASS SQUARE, GRAM-RAIGHAWA, JABALPUR, DIST- JABALPUR(M.P.)",452090,22.170709,79.938219,Private-Self Financing,"Rajiv Gandhi Proudyogiki Vishwavidyalaya, Bhopal",Approved,Approved,A+,Yes,,Tier 2,http://www.baderiaglobalmanagement.ac.in,info@baderiaglobalmanagement.ac.in,admissions@baderiaglobalmanagement.ac.in,placement@baderiaglobalmanagement.ac.in,+91-80-616-9524,Electronics & Communication Engineering (ECE),B.Tech,60,1068,1981,Rural,Yes,Yes
1-44642438596,1-44642438596,U-0441,BADERIA GLOBAL INSTITUTE OF ENGINEERING & MANAGEMENT,Active,Madhya Pradesh,Jabalpur,Jabalpur,"PATAN BY-PASS SQUARE, GRAM-RAIGHAWA, JABALPUR, DIST- JABALPUR(M.P.)",452090,22.170709,79.938219,Private-Self Financing,"Rajiv Gandhi Proudyogiki Vishwavidyalaya, Bhopal",Approved,Approved,A+,Yes,,Tier 2,http://www.baderiaglobalmanagement.ac.in,info@baderiaglobalmanagement.ac.in,admissions@baderiaglobalmanagement.ac.in,placement@baderiaglobalmanagement.ac.in,+91-80-616-9524,Mechanical Engineering,B.Tech,30,1068,1981,Rural,Yes,Yes
1-44642438596,1-44642438596,U-0441,BADERIA GLOBAL INSTITUTE OF ENGINEERING & MANAGEMENT,Active,Madhya Pradesh,Jabalpur,Jabalpur,"PATAN BY-PASS SQUARE, GRAM-RAIGHAWA, JABALPUR, DIST- JABALPUR(M.P.)",452090,22.170709,79.938219,Private-Self Financing,"Rajiv Gandhi Proudyogiki Vishwavidyalaya, Bhopal",Approved,Approved,A+,Yes,,Tier 2,http://www.baderiaglobalmanagement.ac.in,info@baderiaglobalmanagement.ac.in,admissions@baderiaglobalmanagement.ac.in,placement@baderiaglobalmanagement.ac.in,+91-80-616-9524,Civil Engineering,B.Tech,30,1068,1981,Rural,Yes,Yes
1-44642438596,1-44642438596,U-0441,BADERIA GLOBAL INSTITUTE OF ENGINEERING & MANAGEMENT,Active,Madhya Pradesh,Jabalpur,Jabalpur,"PATAN BY-PASS SQUARE, GRAM-RAIGHAWA, JABALPUR, DIST- JABALPUR(M.P.)",452090,22.170709,79.938219,Private-Self Financing,"Rajiv Gandhi Proudyogiki Vishwavidyalaya, Bhopal",Approved,Approved,A+,Yes,,Tier 2,http://www.baderiaglobalmanagement.ac.in,info@baderiaglobalmanagement.ac.in,admissions@baderiaglobalmanagement.ac.in,placement@baderiaglobalmanagement.ac.in,+91-80-616-9524,Artificial Intelligence & Machine Learning (AI & ML),B.Tech,180,1068,1981,Rural,Yes,Yes
1-44642438596,1-44642438596,U-0441,BADERIA GLOBAL INSTITUTE OF ENGINEERING & MANAGEMENT,Active,Madhya Pradesh,Jabalpur,Jabalpur,"PATAN BY-PASS SQUARE, GRAM-RAIGHAWA, JABALPUR, DIST- JABALPUR(M.P.)",452090,22.170709,79.938219,Private-Self Financing,"Rajiv Gandhi Proudyogiki Vishwavidyalaya, Bhopal",Approved,Approved,A+,Yes,,Tier 2,http://www.baderiaglobalmanagement.ac.in,info@baderiaglobalmanagement.ac.in,admissions@baderiaglobalmanagement.ac.in,placement@baderiaglobalmanagement.ac.in,+91-80-616-9524,Cyber Security,B.Tech,60,1068,1981,Rural,Yes,Yes
1-44642438596,1-44642438596,U-0441,BADERIA GLOBAL INSTITUTE OF ENGINEERING & MANAGEMENT,Active,Madhya Pradesh,Jabalpur,Jabalpur,"PATAN BY-PASS SQUARE, GRAM-RAIGHAWA, JABALPUR, DIST- JABALPUR(M.P.)",452090,22.170709,79.938219,Private-Self Financing,"Rajiv Gandhi Proudyogiki Vishwavidyalaya, Bhopal",Approved,Approved,A+,Yes,,Tier 2,http://www.baderiaglobalmanagement.ac.in,info@baderiaglobalmanagement.ac.in,admissions@baderiaglobalmanagement.ac.in,placement@baderiaglobalmanagement.ac.in,+91-80-616-9524,Data Science,B.Tech,90,1068,1981,Rural,Yes,Yes
1-44642438596,1-44642438596,U-0441,BADERIA GLOBAL INSTITUTE OF ENGINEERING & MANAGEMENT,Active,Madhya Pradesh,Jabalpur,Jabalpur,"PATAN BY-PASS SQUARE, GRAM-RAIGHAWA, JABALPUR, DIST- JABALPUR(M.P.)",452090,22.170709,79.938219,Private-Self Financing,"Rajiv Gandhi Proudyogiki Vishwavidyalaya, Bhopal",Approved,Approved,A+,Yes,,Tier 2,http://www.baderiaglobalmanagement.ac.in,info@baderiaglobalmanagement.ac.in,admissions@baderiaglobalmanagement.ac.in,placement@baderiaglobalmanagement.ac.in,+91-80-616-9524,Computer Science Engineering (CSE),Diploma,60,1068,1981,Rural,Yes,Yes
1-44642438596,1-44642438596,U-0441,BADERIA GLOBAL INSTITUTE OF ENGINEERING & MANAGEMENT,Active,Madhya Pradesh,Jabalpur,Jabalpur,"PATAN BY-PASS SQUARE, GRAM-RAIGHAWA, JABALPUR, DIST- JABALPUR(M.P.)",452090,22.170709,79.938219,Private-Self Financing,"Rajiv Gandhi Proudyogiki Vishwavidyalaya, Bhopal",Approved,Approved,A+,Yes,,Tier 2,http://www.baderiaglobalmanagement.ac.in,info@baderiaglobalmanagement.ac.in,admissions@baderiaglobalmanagement.ac.in,placement@baderiaglobalmanagement.ac.in,+91-80-616-9524,Data Science,M.Tech,30,1068,1981,Rural,Yes,Yes
1-44643046825,1-44643046825,U-0441,LAKSHMI NARAIN COLLEGE OF TECHNOLOGY,Active,Madhya Pradesh,Jabalpur,Jabalpur,GRAM BHEETA BHEDAGHAT JABALPUR,452090,22.180551,79.936275,Private-Self Financing,"Rajiv Gandhi Proudyogiki Vishwavidyalaya, Bhopal",Approved,Approved,A+,Yes,,Tier 2,http://www.lakshminarain.ac.in,info@lakshminarain.ac.in,admissions@lakshminarain.ac.in,placement@lakshminarain.ac.in,+91-80-029-7512,Civil Engineering,B.Tech,60,660,2000,Rural,Yes,No
1-44643046825,1-44643046825,U-0441,LAKSHMI NARAIN COLLEGE OF TECHNOLOGY,Active,Madhya Pradesh,Jabalpur,Jabalpur,GRAM BHEETA BHEDAGHAT JABALPUR,452090,22.180551,79.936275,Private-Self Financing,"Rajiv Gandhi Proudyogiki Vishwavidyalaya, Bhopal",Approved,Approved,A+,Yes,,Tier 2,http://www.lakshminarain.ac.in,info@lakshminarain.ac.in,admissions@lakshminarain.ac.in,placement@lakshminarain.ac.in,+91-80-029-7512,Computer Science Engineering (CSE),B.Tech,60,660,2000,Rural,Yes,No
1-44643046825,1-44643046825,U-0441,LAKSHMI NARAIN COLLEGE OF TECHNOLOGY,Active,Madhya Pradesh,Jabalpur,Jabalpur,GRAM BHEETA BHEDAGHAT JABALPUR,452090,22.180551,79.936275,Private-Self Financing,"Rajiv Gandhi Proudyogiki Vishwavidyalaya, Bhopal",Approved,Approved,A+,Yes,,Tier 2,http://www.lakshminarain.ac.in,info@lakshminarain.ac.in,admissions@lakshminarain.ac.in,placement@lakshminarain.ac.in,+91-80-029-7512,Mechanical Engineering,B.Tech,60,660,2000,Rural,Yes,No
1-44643046825,1-44643046825,U-0441,LAKSHMI NARAIN COLLEGE OF TECHNOLOGY,Active,Madhya Pradesh,Jabalpur,Jabalpur,GRAM BHEETA BHEDAGHAT JABALPUR,452090,22.180551,79.936275,Private-Self Financing,"Rajiv Gandhi Proudyogiki Vishwavidyalaya, Bhopal",Approved,Approved,A+,Yes,,Tier 2,http://www.lakshminarain.ac.in,info@lakshminarain.ac.in,admissions@lakshminarain.ac.in,placement@lakshminarain.ac.in,+91-80-029-7512,Mechanical Engineering,Diploma,60,660,2000,Rural,Yes,No
1-44643046825,1-44643046825,U-0441,LAKSHMI NARAIN COLLEGE OF TECHNOLOGY,Active,Madhya Pradesh,Jabalpur,Jabalpur,GRAM BHEETA BHEDAGHAT JABALPUR,452090,22.180551,79.936275,Private-Self Financing,"Rajiv Gandhi Proudyogiki Vishwavidyalaya, Bhopal",Approved,Approved,A+,Yes,,Tier 2,http://www.lakshminarain.ac.in,info@lakshminarain.ac.in,admissions@lakshminarain.ac.in,placement@lakshminarain.ac.in,+91-80-029-7512,Civil Engineering,Diploma,60,660,2000,Rural,Yes,No
1-44643046825,1-44643046825,U-0441,LAKSHMI NARAIN COLLEGE OF TECHNOLOGY,Active,Madhya Pradesh,Jabalpur,Jabalpur,GRAM BHEETA BHEDAGHAT JABALPUR,452090,22.180551,79.936275,Private-Self Financing,"Rajiv Gandhi Proudyogiki Vishwavidyalaya, Bhopal",Approved,Approved,A+,Yes,,Tier 2,http://www.lakshminarain.ac.in,info@lakshminarain.ac.in,admissions@lakshminarain.ac.in,placement@lakshminarain.ac.in,+91-80-029-7512,Computer Science Engineering (CSE),Diploma,60,660,2000,Rural,Yes,No
1-44643046825,1-44643046825,U-0441,LAKSHMI NARAIN COLLEGE OF TECHNOLOGY,Active,Madhya Pradesh,Jabalpur,Jabalpur,GRAM BHEETA BHEDAGHAT JABALPUR,452090,22.180551,79.936275,Private-Self Financing,"Rajiv Gandhi Proudyogiki Vishwavidyalaya, Bhopal",Approved,Approved,A+,Yes,,Tier 2,http://www.lakshminarain.ac.in,info@lakshminarain.ac.in,admissions@lakshminarain.ac.in,placement@lakshminarain.ac.in,+91-80-029-7512,Mining Engineering,Diploma,60,660,2000,Rural,Yes,No
1-44643046825,1-44643046825,U-0441,LAKSHMI NARAIN COLLEGE OF TECHNOLOGY,Active,Madhya Pradesh,Jabalpur,Jabalpur,GRAM BHEETA BHEDAGHAT JABALPUR,452090,22.180551,79.936275,Private-Self Financing,"Rajiv Gandhi Proudyogiki Vishwavidyalaya, Bhopal",Approved,Approved,A+,Yes,,Tier 2,http://www.lakshminarain.ac.in,info@lakshminarain.ac.in,admissions@lakshminarain.ac.in,placement@lakshminarain.ac.in,+91-80-029-7512,Mining Engineering,B.Tech,60,660,2000,Rural,Yes,No
1-44643046825,1-44643046825,U-0441,LAKSHMI NARAIN COLLEGE OF TECHNOLOGY,Active,Madhya Pradesh,Jabalpur,Jabalpur,GRAM BHEETA BHEDAGHAT JABALPUR,452090,22.180551,79.936275,Private-Self Financing,"Rajiv Gandhi Proudyogiki Vishwavidyalaya, Bhopal",Approved,Approved,A+,Yes,,Tier 2,http://www.lakshminarain.ac.in,info@lakshminarain.ac.in,admissions@lakshminarain.ac.in,placement@lakshminarain.ac.in,+91-80-029-7512,Artificial Intelligence & Machine Learning (AI & ML),B.Tech,60,660,2000,Rural,Yes,No
1-44643046825,1-44643046825,U-0441,LAKSHMI NARAIN COLLEGE OF TECHNOLOGY,Active,Madhya Pradesh,Jabalpur,Jabalpur,GRAM BHEETA BHEDAGHAT JABALPUR,452090,22.180551,79.936275,Private-Self Financing,"Rajiv Gandhi Proudyogiki Vishwavidyalaya, Bhopal",Approved,Approved,A+,Yes,,Tier 2,http://www.lakshminarain.ac.in,info@lakshminarain.ac.in,admissions@lakshminarain.ac.in,placement@lakshminarain.ac.in,+91-80-029-7512,Electrical Engineering,Diploma,60,660,2000,Rural,Yes,No
1-44643046825,1-44643046825,U-0441,LAKSHMI NARAIN COLLEGE OF TECHNOLOGY,Active,Madhya Pradesh,Jabalpur,Jabalpur,GRAM BHEETA BHEDAGHAT JABALPUR,452090,22.180551,79.936275,Private-Self Financing,"Rajiv Gandhi Proudyogiki Vishwavidyalaya, Bhopal",Approved,Approved,A+,Yes,,Tier 2,http://www.lakshminarain.ac.in,info@lakshminarain.ac.in,admissions@lakshminarain.ac.in,placement@lakshminarain.ac.in,+91-80-029-7512,Civil Engineering,M.Tech,30,660,2000,Rural,Yes,No
1-44643046825,1-44643046825,U-0441,LAKSHMI NARAIN COLLEGE OF TECHNOLOGY,Active,Madhya Pradesh,Jabalpur,Jabalpur,GRAM BHEETA BHEDAGHAT JABALPUR,452090,22.180551,79.936275,Private-Self Financing,"Rajiv Gandhi Proudyogiki Vishwavidyalaya, Bhopal",Approved,Approved,A+,Yes,,Tier 2,http://www.lakshminarain.ac.in,info@lakshminarain.ac.in,admissions@lakshminarain.ac.in,placement@lakshminarain.ac.in,+91-80-029-7512,Mining Engineering,M.Tech,30,660,2000,Rural,Yes,No
1-44642440905,1-44642440905,U-0441,TECHNOCRATS INSTITUTE OF TECHNOLOGY (EXCELLENCE),Active,Madhya Pradesh,Bhopal,Bhopal,"INFRONT OF HATHAIKHEDA DAM, POST PIPLANI, P.B. NO.-24, BHEL",452493,23.271501,77.425049,Private-Self Financing,"Rajiv Gandhi Proudyogiki Vishwavidyalaya, Bhopal",Approved,Approved,Not Accredited,No,,Tier 3,http://www.technocratsexcellence.ac.in,info@technocratsexcellence.ac.in,admissions@technocratsexcellence.ac.in,placement@technocratsexcellence.ac.in,+91-80-325-4351,Computer Science Engineering (CSE),B.Tech,420,870,1990,Urban,Yes,Yes
1-44642440905,1-44642440905,U-0441,TECHNOCRATS INSTITUTE OF TECHNOLOGY (EXCELLENCE),Active,Madhya Pradesh,Bhopal,Bhopal,"INFRONT OF HATHAIKHEDA DAM, POST PIPLANI, P.B. NO.-24, BHEL",452493,23.271501,77.425049,Private-Self Financing,"Rajiv Gandhi Proudyogiki Vishwavidyalaya, Bhopal",Approved,Approved,Not Accredited,No,,Tier 3,http://www.technocratsexcellence.ac.in,info@technocratsexcellence.ac.in,admissions@technocratsexcellence.ac.in,placement@technocratsexcellence.ac.in,+91-80-325-4351,Electronics & Communication Engineering (ECE),B.Tech,30,870,1990,Urban,Yes,Yes
1-44642440905,1-44642440905,U-0441,TECHNOCRATS INSTITUTE OF TECHNOLOGY (EXCELLENCE),Active,Madhya Pradesh,Bhopal,Bhopal,"INFRONT OF HATHAIKHEDA DAM, POST PIPLANI, P.B. NO.-24, BHEL",452493,23.271501,77.425049,Private-Self Financing,"Rajiv Gandhi Proudyogiki Vishwavidyalaya, Bhopal",Approved,Approved,Not Accredited,No,,Tier 3,http://www.technocratsexcellence.ac.in,info@technocratsexcellence.ac.in,admissions@technocratsexcellence.ac.in,placement@technocratsexcellence.ac.in,+91-80-325-4351,Mechanical Engineering,B.Tech,30,870,1990,Urban,Yes,Yes
1-44642440905,1-44642440905,U-0441,TECHNOCRATS INSTITUTE OF TECHNOLOGY (EXCELLENCE),Active,Madhya Pradesh,Bhopal,Bhopal,"INFRONT OF HATHAIKHEDA DAM, POST PIPLANI, P.B. NO.-24, BHEL",452493,23.271501,77.425049,Private-Self Financing,"Rajiv Gandhi Proudyogiki Vishwavidyalaya, Bhopal",Approved,Approved,Not Accredited,No,,Tier 3,http://www.technocratsexcellence.ac.in,info@technocratsexcellence.ac.in,admissions@technocratsexcellence.ac.in,placement@technocratsexcellence.ac.in,+91-80-325-4351,Civil Engineering,B.Tech,30,870,1990,Urban,Yes,Yes
1-44642440905,1-44642440905,U-0441,TECHNOCRATS INSTITUTE OF TECHNOLOGY (EXCELLENCE),Active,Madhya Pradesh,Bhopal,Bhopal,"INFRONT OF HATHAIKHEDA DAM, POST PIPLANI, P.B. NO.-24, BHEL",452493,23.271501,77.425049,Private-Self Financing,"Rajiv Gandhi Proudyogiki Vishwavidyalaya, Bhopal",Approved,Approved,Not Accredited,No,,Tier 3,http://www.technocratsexcellence.ac.in,info@technocratsexcellence.ac.in,admissions@technocratsexcellence.ac.in,placement@technocratsexcellence.ac.in,+91-80-325-4351,Artificial Intelligence & Machine Learning (AI & ML),M.Tech,30,870,1990,Urban,Yes,Yes
1-44642440905,1-44642440905,U-0441,TECHNOCRATS INSTITUTE OF TECHNOLOGY (EXCELLENCE),Active,Madhya Pradesh,Bhopal,Bhopal,"INFRONT OF HATHAIKHEDA DAM, POST PIPLANI, P.B. NO.-24, BHEL",452493,23.271501,77.425049,Private-Self Financing,"Rajiv Gandhi Proudyogiki Vishwavidyalaya, Bhopal",Approved,Approved,Not Accredited,No,,Tier 3,http://www.technocratsexcellence.ac.in,info@technocratsexcellence.ac.in,admissions@technocratsexcellence.ac.in,placement@technocratsexcellence.ac.in,+91-80-325-4351,Electrical & Electronics Engineering (EEE),B.Tech,30,870,1990,Urban,Yes,Yes
1-44642440905,1-44642440905,U-0441,TECHNOCRATS INSTITUTE OF TECHNOLOGY (EXCELLENCE),Active,Madhya Pradesh,Bhopal,Bhopal,"INFRONT OF HATHAIKHEDA DAM, POST PIPLANI, P.B. NO.-24, BHEL",452493,23.271501,77.425049,Private-Self Financing,"Rajiv Gandhi Proudyogiki Vishwavidyalaya, Bhopal",Approved,Approved,Not Accredited,No,,Tier 3,http://www.technocratsexcellence.ac.in,info@technocratsexcellence.ac.in,admissions@technocratsexcellence.ac.in,placement@technocratsexcellence.ac.in,+91-80-325-4351,Computer Science Engineering (CSE),M.Tech,30,870,1990,Urban,Yes,Yes
1-44642440905,1-44642440905,U-0441,TECHNOCRATS INSTITUTE OF TECHNOLOGY (EXCELLENCE),Active,Madhya Pradesh,Bhopal,Bhopal,"INFRONT OF HATHAIKHEDA DAM, POST PIPLANI, P.B. NO.-24, BHEL",452493,23.271501,77.425049,Private-Self Financing,"Rajiv Gandhi Proudyogiki Vishwavidyalaya, Bhopal",Approved,Approved,Not Accredited,No,,Tier 3,http://www.technocratsexcellence.ac.in,info@technocratsexcellence.ac.in,admissions@technocratsexcellence.ac.in,placement@technocratsexcellence.ac.in,+91-80-325-4351,Other Engineering Branches,M.Tech,30,870,1990,Urban,Yes,Yes
1-44642440905,1-44642440905,U-0441,TECHNOCRATS INSTITUTE OF TECHNOLOGY (EXCELLENCE),Active,Madhya Pradesh,Bhopal,Bhopal,"INFRONT OF HATHAIKHEDA DAM, POST PIPLANI, P.B. NO.-24, BHEL",452493,23.271501,77.425049,Private-Self Financing,"Rajiv Gandhi Proudyogiki Vishwavidyalaya, Bhopal",Approved,Approved,Not Accredited,No,,Tier 3,http://www.technocratsexcellence.ac.in,info@technocratsexcellence.ac.in,admissions@technocratsexcellence.ac.in,placement@technocratsexcellence.ac.in,+91-80-325-4351,Artificial Intelligence & Machine Learning (AI & ML),B.Tech,180,870,1990,Urban,Yes,Yes
1-44642440905,1-44642440905,U-0441,TECHNOCRATS INSTITUTE OF TECHNOLOGY (EXCELLENCE),Active,Madhya Pradesh,Bhopal,Bhopal,"INFRONT OF HATHAIKHEDA DAM, POST PIPLANI, P.B. NO.-24, BHEL",452493,23.271501,77.425049,Private-Self Financing,"Rajiv Gandhi Proudyogiki Vishwavidyalaya, Bhopal",Approved,Approved,Not Accredited,No,,Tier 3,http://www.technocratsexcellence.ac.in,info@technocratsexcellence.ac.in,admissions@technocratsexcellence.ac.in,placement@technocratsexcellence.ac.in,+91-80-325-4351,Cyber Security,B.Tech,60,870,1990,Urban,Yes,Yes
1-44642614191,1-44642614191,U-0441,CORPORATE INSTITUTE OF SCIENCE & TECHNOLOGY,Active,Madhya Pradesh,Bhopal,Bhopal,"HATAIKHEDA, NEAR PATEL NAGAR, RAISEN ROAD",452493,23.271926,77.431241,Private-Self Financing,"Rajiv Gandhi Proudyogiki Vishwavidyalaya, Bhopal",Approved,Approved,Not Accredited,No,,Tier 3,http://www.corporatescience.ac.in,info@corporatescience.ac.in,admissions@corporatescience.ac.in,placement@corporatescience.ac.in,+91-80-343-2823,Civil Engineering,B.Tech,60,420,1991,Urban,Yes,Yes
1-44642614191,1-44642614191,U-0441,CORPORATE INSTITUTE OF SCIENCE & TECHNOLOGY,Active,Madhya Pradesh,Bhopal,Bhopal,"HATAIKHEDA, NEAR PATEL NAGAR, RAISEN ROAD",452493,23.271926,77.431241,Private-Self Financing,"Rajiv Gandhi Proudyogiki Vishwavidyalaya, Bhopal",Approved,Approved,Not Accredited,No,,Tier 3,http://www.corporatescience.ac.in,info@corporatescience.ac.in,admissions@corporatescience.ac.in,placement@corporatescience.ac.in,+91-80-343-2823,Electronics & Communication Engineering (ECE),B.Tech,30,420,1991,Urban,Yes,Yes
1-44642614191,1-44642614191,U-0441,CORPORATE INSTITUTE OF SCIENCE & TECHNOLOGY,Active,Madhya Pradesh,Bhopal,Bhopal,"HATAIKHEDA, NEAR PATEL NAGAR, RAISEN ROAD",452493,23.271926,77.431241,Private-Self Financing,"Rajiv Gandhi Proudyogiki Vishwavidyalaya, Bhopal",Approved,Approved,Not Accredited,No,,Tier 3,http://www.corporatescience.ac.in,info@corporatescience.ac.in,admissions@corporatescience.ac.in,placement@corporatescience.ac.in,+91-80-343-2823,Mechanical Engineering,B.Tech,60,420,1991,Urban,Yes,Yes
1-44642614191,1-44642614191,U-0441,CORPORATE INSTITUTE OF SCIENCE & TECHNOLOGY,Active,Madhya Pradesh,Bhopal,Bhopal,"HATAIKHEDA, NEAR PATEL NAGAR, RAISEN ROAD",452493,23.271926,77.431241,Private-Self Financing,"Rajiv Gandhi Proudyogiki Vishwavidyalaya, Bhopal",Approved,Approved,Not Accredited,No,,Tier 3,http://www.corporatescience.ac.in,info@corporatescience.ac.in,admissions@corporatescience.ac.in,placement@corporatescience.ac.in,+91-80-343-2823,Electrical & Electronics Engineering (EEE),B.Tech,30,420,1991,Urban,Yes,Yes
1-44642614191,1-44642614191,U-0441,CORPORATE INSTITUTE OF SCIENCE & TECHNOLOGY,Active,Madhya Pradesh,Bhopal,Bhopal,"HATAIKHEDA, NEAR PATEL NAGAR, RAISEN ROAD",452493,23.271926,77.431241,Private-Self Financing,"Rajiv Gandhi Proudyogiki Vishwavidyalaya, Bhopal",Approved,Approved,Not Accredited,No,,Tier 3,http://www.corporatescience.ac.in,info@corporatescience.ac.in,admissions@corporatescience.ac.in,placement@corporatescience.ac.in,+91-80-343-2823,Computer Science Engineering (CSE),B.Tech,120,420,1991,Urban,Yes,Yes
1-44642614191,1-44642614191,U-0441,CORPORATE INSTITUTE OF SCIENCE & TECHNOLOGY,Active,Madhya Pradesh,Bhopal,Bhopal,"HATAIKHEDA, NEAR PATEL NAGAR, RAISEN ROAD",452493,23.271926,77.431241,Private-Self Financing,"Rajiv Gandhi Proudyogiki Vishwavidyalaya, Bhopal",Approved,Approved,Not Accredited,No,,Tier 3,http://www.corporatescience.ac.in,info@corporatescience.ac.in,admissions@corporatescience.ac.in,placement@corporatescience.ac.in,+91-80-343-2823,Other Engineering Branches,M.Tech,60,420,1991,Urban,Yes,Yes
1-44642614191,1-44642614191,U-0441,CORPORATE INSTITUTE OF SCIENCE & TECHNOLOGY,Active,Madhya Pradesh,Bhopal,Bhopal,"HATAIKHEDA, NEAR PATEL NAGAR, RAISEN ROAD",452493,23.271926,77.431241,Private-Self Financing,"Rajiv Gandhi Proudyogiki Vishwavidyalaya, Bhopal",Approved,Approved,Not Accredited,No,,Tier 3,http://www.corporatescience.ac.in,info@corporatescience.ac.in,admissions@corporatescience.ac.in,placement@corporatescience.ac.in,+91-80-343-2823,Artificial Intelligence & Machine Learning (AI & ML),B.Tech,60,420,1991,Urban,Yes,Yes
1-44642876571,1-44642876571,U-0992,"SCHOOL OF ENGINEERING SRI SATYA SAI UNIVERSITY OF TECHNOLOGY AND MEDICAL SCIENCES,(SSSUTMS)",Active,Madhya Pradesh,Sehore,Sehore,"SH-18,BHOPAL INDORE ROAD,OPP. OIL FED PLANT,PACHAMA SEHORE(MP)",452274,22.970179,78.667394,State Private University,NOT APPLICABLE,Approved,Approved,B+,No,,Tier 3,http://www.schoolsrisatya.ac.in,info@schoolsrisatya.ac.in,admissions@schoolsrisatya.ac.in,placement@schoolsrisatya.ac.in,+91-80-703-7891,Other Engineering Branches,M.Tech,126,1344,2021,Rural,Yes,Yes
1-44642876571,1-44642876571,U-0992,"SCHOOL OF ENGINEERING SRI SATYA SAI UNIVERSITY OF TECHNOLOGY AND MEDICAL SCIENCES,(SSSUTMS)",Active,Madhya Pradesh,Sehore,Sehore,"SH-18,BHOPAL INDORE ROAD,OPP. OIL FED PLANT,PACHAMA SEHORE(MP)",452274,22.970179,78.667394,State Private University,NOT APPLICABLE,Approved,Approved,B+,No,,Tier 3,http://www.schoolsrisatya.ac.in,info@schoolsrisatya.ac.in,admissions@schoolsrisatya.ac.in,placement@schoolsrisatya.ac.in,+91-80-703-7891,Mining Engineering,B.Tech,60,1344,2021,Rural,Yes,Yes
1-44642876571,1-44642876571,U-0992,"SCHOOL OF ENGINEERING SRI SATYA SAI UNIVERSITY OF TECHNOLOGY AND MEDICAL SCIENCES,(SSSUTMS)",Active,Madhya Pradesh,Sehore,Sehore,"SH-18,BHOPAL INDORE ROAD,OPP. OIL FED PLANT,PACHAMA SEHORE(MP)",452274,22.970179,78.667394,State Private University,NOT APPLICABLE,Approved,Approved,B+,No,,Tier 3,http://www.schoolsrisatya.ac.in,info@schoolsrisatya.ac.in,admissions@schoolsrisatya.ac.in,placement@schoolsrisatya.ac.in,+91-80-703-7891,Civil Engineering,B.Tech,180,1344,2021,Rural,Yes,Yes
1-44642876571,1-44642876571,U-0992,"SCHOOL OF ENGINEERING SRI SATYA SAI UNIVERSITY OF TECHNOLOGY AND MEDICAL SCIENCES,(SSSUTMS)",Active,Madhya Pradesh,Sehore,Sehore,"SH-18,BHOPAL INDORE ROAD,OPP. OIL FED PLANT,PACHAMA SEHORE(MP)",452274,22.970179,78.667394,State Private University,NOT APPLICABLE,Approved,Approved,B+,No,,Tier 3,http://www.schoolsrisatya.ac.in,info@schoolsrisatya.ac.in,admissions@schoolsrisatya.ac.in,placement@schoolsrisatya.ac.in,+91-80-703-7891,Computer Science Engineering (CSE),B.Tech,120,1344,2021,Rural,Yes,Yes
1-44642876571,1-44642876571,U-0992,"SCHOOL OF ENGINEERING SRI SATYA SAI UNIVERSITY OF TECHNOLOGY AND MEDICAL SCIENCES,(SSSUTMS)",Active,Madhya Pradesh,Sehore,Sehore,"SH-18,BHOPAL INDORE ROAD,OPP. OIL FED PLANT,PACHAMA SEHORE(MP)",452274,22.970179,78.667394,State Private University,NOT APPLICABLE,Approved,Approved,B+,No,,Tier 3,http://www.schoolsrisatya.ac.in,info@schoolsrisatya.ac.in,admissions@schoolsrisatya.ac.in,placement@schoolsrisatya.ac.in,+91-80-703-7891,Computer Science Engineering (CSE),M.Tech,36,1344,2021,Rural,Yes,Yes
1-44642876571,1-44642876571,U-0992,"SCHOOL OF ENGINEERING SRI SATYA SAI UNIVERSITY OF TECHNOLOGY AND MEDICAL SCIENCES,(SSSUTMS)",Active,Madhya Pradesh,Sehore,Sehore,"SH-18,BHOPAL INDORE ROAD,OPP. OIL FED PLANT,PACHAMA SEHORE(MP)",452274,22.970179,78.667394,State Private University,NOT APPLICABLE,Approved,Approved,B+,No,,Tier 3,http://www.schoolsrisatya.ac.in,info@schoolsrisatya.ac.in,admissions@schoolsrisatya.ac.in,placement@schoolsrisatya.ac.in,+91-80-703-7891,Information Technology (IT),B.Tech,120,1344,2021,Rural,Yes,Yes
1-44642876571,1-44642876571,U-0992,"SCHOOL OF ENGINEERING SRI SATYA SAI UNIVERSITY OF TECHNOLOGY AND MEDICAL SCIENCES,(SSSUTMS)",Active,Madhya Pradesh,Sehore,Sehore,"SH-18,BHOPAL INDORE ROAD,OPP. OIL FED PLANT,PACHAMA SEHORE(MP)",452274,22.970179,78.667394,State Private University,NOT APPLICABLE,Approved,Approved,B+,No,,Tier 3,http://www.schoolsrisatya.ac.in,info@schoolsrisatya.ac.in,admissions@schoolsrisatya.ac.in,placement@schoolsrisatya.ac.in,+91-80-703-7891,Information Technology (IT),M.Tech,36,1344,2021,Rural,Yes,Yes
1-44642876571,1-44642876571,U-0992,"SCHOOL OF ENGINEERING SRI SATYA SAI UNIVERSITY OF TECHNOLOGY AND MEDICAL SCIENCES,(SSSUTMS)",Active,Madhya Pradesh,Sehore,Sehore,"SH-18,BHOPAL INDORE ROAD,OPP. OIL FED PLANT,PACHAMA SEHORE(MP)",452274,22.970179,78.667394,State Private University,NOT APPLICABLE,Approved,Approved,B+,No,,Tier 3,http://www.schoolsrisatya.ac.in,info@schoolsrisatya.ac.in,admissions@schoolsrisatya.ac.in,placement@schoolsrisatya.ac.in,+91-80-703-7891,Mechanical Engineering,B.Tech,180,1344,2021,Rural,Yes,Yes
1-44642876571,1-44642876571,U-0992,"SCHOOL OF ENGINEERING SRI SATYA SAI UNIVERSITY OF TECHNOLOGY AND MEDICAL SCIENCES,(SSSUTMS)",Active,Madhya Pradesh,Sehore,Sehore,"SH-18,BHOPAL INDORE ROAD,OPP. OIL FED PLANT,PACHAMA SEHORE(MP)",452274,22.970179,78.667394,State Private University,NOT APPLICABLE,Approved,Approved,B+,No,,Tier 3,http://www.schoolsrisatya.ac.in,info@schoolsrisatya.ac.in,admissions@schoolsrisatya.ac.in,placement@schoolsrisatya.ac.in,+91-80-703-7891,Electrical & Electronics Engineering (EEE),B.Tech,60,1344,2021,Rural,Yes,Yes
1-44642876571,1-44642876571,U-0992,"SCHOOL OF ENGINEERING SRI SATYA SAI UNIVERSITY OF TECHNOLOGY AND MEDICAL SCIENCES,(SSSUTMS)",Active,Madhya Pradesh,Sehore,Sehore,"SH-18,BHOPAL INDORE ROAD,OPP. OIL FED PLANT,PACHAMA SEHORE(MP)",452274,22.970179,78.667394,State Private University,NOT APPLICABLE,Approved,Approved,B+,No,,Tier 3,http://www.schoolsrisatya.ac.in,info@schoolsrisatya.ac.in,admissions@schoolsrisatya.ac.in,placement@schoolsrisatya.ac.in,+91-80-703-7891,Electrical Engineering,B.Tech,120,1344,2021,Rural,Yes,Yes
1-44642876571,1-44642876571,U-0992,"SCHOOL OF ENGINEERING SRI SATYA SAI UNIVERSITY OF TECHNOLOGY AND MEDICAL SCIENCES,(SSSUTMS)",Active,Madhya Pradesh,Sehore,Sehore,"SH-18,BHOPAL INDORE ROAD,OPP. OIL FED PLANT,PACHAMA SEHORE(MP)",452274,22.970179,78.667394,State Private University,NOT APPLICABLE,Approved,Approved,B+,No,,Tier 3,http://www.schoolsrisatya.ac.in,info@schoolsrisatya.ac.in,admissions@schoolsrisatya.ac.in,placement@schoolsrisatya.ac.in,+91-80-703-7891,Other Engineering Branches,B.Tech,30,1344,2021,Rural,Yes,Yes
1-44642876571,1-44642876571,U-0992,"SCHOOL OF ENGINEERING SRI SATYA SAI UNIVERSITY OF TECHNOLOGY AND MEDICAL SCIENCES,(SSSUTMS)",Active,Madhya Pradesh,Sehore,Sehore,"SH-18,BHOPAL INDORE ROAD,OPP. OIL FED PLANT,PACHAMA SEHORE(MP)",452274,22.970179,78.667394,State Private University,NOT APPLICABLE,Approved,Approved,B+,No,,Tier 3,http://www.schoolsrisatya.ac.in,info@schoolsrisatya.ac.in,admissions@schoolsrisatya.ac.in,placement@schoolsrisatya.ac.in,+91-80-703-7891,Electronics & Communication Engineering (ECE),B.Tech,60,1344,2021,Rural,Yes,Yes
1-44642876571,1-44642876571,U-0992,"SCHOOL OF ENGINEERING SRI SATYA SAI UNIVERSITY OF TECHNOLOGY AND MEDICAL SCIENCES,(SSSUTMS)",Active,Madhya Pradesh,Sehore,Sehore,"SH-18,BHOPAL INDORE ROAD,OPP. OIL FED PLANT,PACHAMA SEHORE(MP)",452274,22.970179,78.667394,State Private University,NOT APPLICABLE,Approved,Approved,B+,No,,Tier 3,http://www.schoolsrisatya.ac.in,info@schoolsrisatya.ac.in,admissions@schoolsrisatya.ac.in,placement@schoolsrisatya.ac.in,+91-80-703-7891,Chemical Engineering,B.Tech,60,1344,2021,Rural,Yes,Yes
1-44642876571,1-44642876571,U-0992,"SCHOOL OF ENGINEERING SRI SATYA SAI UNIVERSITY OF TECHNOLOGY AND MEDICAL SCIENCES,(SSSUTMS)",Active,Madhya Pradesh,Sehore,Sehore,"SH-18,BHOPAL INDORE ROAD,OPP. OIL FED PLANT,PACHAMA SEHORE(MP)",452274,22.970179,78.667394,State Private University,NOT APPLICABLE,Approved,Approved,B+,No,,Tier 3,http://www.schoolsrisatya.ac.in,info@schoolsrisatya.ac.in,admissions@schoolsrisatya.ac.in,placement@schoolsrisatya.ac.in,+91-80-703-7891,Electrical Engineering,M.Tech,36,1344,2021,Rural,Yes,Yes
1-44642876571,1-44642876571,U-0992,"SCHOOL OF ENGINEERING SRI SATYA SAI UNIVERSITY OF TECHNOLOGY AND MEDICAL SCIENCES,(SSSUTMS)",Active,Madhya Pradesh,Sehore,Sehore,"SH-18,BHOPAL INDORE ROAD,OPP. OIL FED PLANT,PACHAMA SEHORE(MP)",452274,22.970179,78.667394,State Private University,NOT APPLICABLE,Approved,Approved,B+,No,,Tier 3,http://www.schoolsrisatya.ac.in,info@schoolsrisatya.ac.in,admissions@schoolsrisatya.ac.in,placement@schoolsrisatya.ac.in,+91-80-703-7891,Aeronautical Engineering,B.Tech,120,1344,2021,Rural,Yes,Yes
1-44643854955,1-44643854955,U-0441,SHIVAM POLYTECHNIC COLLEGE,Active,Madhya Pradesh,Balaghat,Balaghat,WARD NO 11 LALBURRA ROAD,452705,22.988375,78.647329,Private-Self Financing,"Rajiv Gandhi Proudyogiki Vishwavidyalaya, Bhopal",Approved,Approved,A+,No,,Tier 3,http://www.shivam.ac.in,info@shivam.ac.in,admissions@shivam.ac.in,placement@shivam.ac.in,+91-80-466-9378,Civil Engineering,Diploma,60,300,1992,Rural,Yes,Yes
1-44643854955,1-44643854955,U-0441,SHIVAM POLYTECHNIC COLLEGE,Active,Madhya Pradesh,Balaghat,Balaghat,WARD NO 11 LALBURRA ROAD,452705,22.988375,78.647329,Private-Self Financing,"Rajiv Gandhi Proudyogiki Vishwavidyalaya, Bhopal",Approved,Approved,A+,No,,Tier 3,http://www.shivam.ac.in,info@shivam.ac.in,admissions@shivam.ac.in,placement@shivam.ac.in,+91-80-466-9378,Mechanical Engineering,Diploma,60,300,1992,Rural,Yes,Yes
1-44643854955,1-44643854955,U-0441,SHIVAM POLYTECHNIC COLLEGE,Active,Madhya Pradesh,Balaghat,Balaghat,WARD NO 11 LALBURRA ROAD,452705,22.988375,78.647329,Private-Self Financing,"Rajiv Gandhi Proudyogiki Vishwavidyalaya, Bhopal",Approved,Approved,A+,No,,Tier 3,http://www.shivam.ac.in,info@shivam.ac.in,admissions@shivam.ac.in,placement@shivam.ac.in,+91-80-466-9378,Electrical Engineering,Diploma,60,300,1992,Rural,Yes,Yes
1-44643854955,1-44643854955,U-0441,SHIVAM POLYTECHNIC COLLEGE,Active,Madhya Pradesh,Balaghat,Balaghat,WARD NO 11 LALBURRA ROAD,452705,22.988375,78.647329,Private-Self Financing,"Rajiv Gandhi Proudyogiki Vishwavidyalaya, Bhopal",Approved,Approved,A+,No,,Tier 3,http://www.shivam.ac.in,info@shivam.ac.in,admissions@shivam.ac.in,placement@shivam.ac.in,+91-80-466-9378,Computer Science Engineering (CSE),Diploma,60,300,1992,Rural,Yes,Yes
1-44643854955,1-44643854955,U-0441,SHIVAM POLYTECHNIC COLLEGE,Active,Madhya Pradesh,Balaghat,Balaghat,WARD NO 11 LALBURRA ROAD,452705,22.988375,78.647329,Private-Self Financing,"Rajiv Gandhi Proudyogiki Vishwavidyalaya, Bhopal",Approved,Approved,A+,No,,Tier 3,http://www.shivam.ac.in,info@shivam.ac.in,admissions@shivam.ac.in,placement@shivam.ac.in,+91-80-466-9378,Mining Engineering,Diploma,60,300,1992,Rural,Yes,Yes
1-44643820810,1-44643820810,U-0441,ORIENTAL INSTITUTE OF SCIENCE AND TECHNOLOGY LALBURRA,Active,Madhya Pradesh,Balaghat,Balaghat,LALBURRA TH. LALBURRA DIST. BALAGHAT MP,452705,22.963515,78.669288,Private-Self Financing,"Rajiv Gandhi Proudyogiki Vishwavidyalaya, Bhopal",Approved,Approved,B+,No,,Tier 3,http://www.orientalsciencelalburra.ac.in,info@orientalsciencelalburra.ac.in,admissions@orientalsciencelalburra.ac.in,placement@orientalsciencelalburra.ac.in,+91-80-424-2639,Mining Engineering,Diploma,60,300,1983,Rural,Yes,Yes
1-44643820810,1-44643820810,U-0441,ORIENTAL INSTITUTE OF SCIENCE AND TECHNOLOGY LALBURRA,Active,Madhya Pradesh,Balaghat,Balaghat,LALBURRA TH. LALBURRA DIST. BALAGHAT MP,452705,22.963515,78.669288,Private-Self Financing,"Rajiv Gandhi Proudyogiki Vishwavidyalaya, Bhopal",Approved,Approved,B+,No,,Tier 3,http://www.orientalsciencelalburra.ac.in,info@orientalsciencelalburra.ac.in,admissions@orientalsciencelalburra.ac.in,placement@orientalsciencelalburra.ac.in,+91-80-424-2639,Electrical Engineering,Diploma,60,300,1983,Rural,Yes,Yes
1-44643820810,1-44643820810,U-0441,ORIENTAL INSTITUTE OF SCIENCE AND TECHNOLOGY LALBURRA,Active,Madhya Pradesh,Balaghat,Balaghat,LALBURRA TH. LALBURRA DIST. BALAGHAT MP,452705,22.963515,78.669288,Private-Self Financing,"Rajiv Gandhi Proudyogiki Vishwavidyalaya, Bhopal",Approved,Approved,B+,No,,Tier 3,http://www.orientalsciencelalburra.ac.in,info@orientalsciencelalburra.ac.in,admissions@orientalsciencelalburra.ac.in,placement@orientalsciencelalburra.ac.in,+91-80-424-2639,Civil Engineering,Diploma,60,300,1983,Rural,Yes,Yes
1-44643820810,1-44643820810,U-0441,ORIENTAL INSTITUTE OF SCIENCE AND TECHNOLOGY LALBURRA,Active,Madhya Pradesh,Balaghat,Balaghat,LALBURRA TH. LALBURRA DIST. BALAGHAT MP,452705,22.963515,78.669288,Private-Self Financing,"Rajiv Gandhi Proudyogiki Vishwavidyalaya, Bhopal",Approved,Approved,B+,No,,Tier 3,http://www.orientalsciencelalburra.ac.in,info@orientalsciencelalburra.ac.in,admissions@orientalsciencelalburra.ac.in,placement@orientalsciencelalburra.ac.in,+91-80-424-2639,Mechanical Engineering,Diploma,60,300,1983,Rural,Yes,Yes
1-44643820810,1-44643820810,U-0441,ORIENTAL INSTITUTE OF SCIENCE AND TECHNOLOGY LALBURRA,Active,Madhya Pradesh,Balaghat,Balaghat,LALBURRA TH. LALBURRA DIST. BALAGHAT MP,452705,22.963515,78.669288,Private-Self Financing,"Rajiv Gandhi Proudyogiki Vishwavidyalaya, Bhopal",Approved,Approved,B+,No,,Tier 3,http://www.orientalsciencelalburra.ac.in,info@orientalsciencelalburra.ac.in,admissions@orientalsciencelalburra.ac.in,placement@orientalsciencelalburra.ac.in,+91-80-424-2639,Computer Science Engineering (CSE),Diploma,60,300,1983,Rural,Yes,Yes
1-44643810363,1-44643810363,U-0441,IPS ACADEMY INSTITUTE OF ENGINEERING AND SCIENCE INDORE MP,Active,Madhya Pradesh,Indore,Indore,"INSTITUTE OF ENGINEERING & SICENCE, IPS ACADEMY, RAJENDRA NAGAR A.B. ROAD INDORE 452012",452012,22.737156,75.872918,Private-Self Financing,"Rajiv Gandhi Proudyogiki Vishwavidyalaya, Bhopal",Approved,Approved,A,No,,Tier 3,http://www.ipsacademyscience.ac.in,info@ipsacademyscience.ac.in,admissions@ipsacademyscience.ac.in,placement@ipsacademyscience.ac.in,+91-80-575-1905,Computer Science Engineering (CSE),B.Tech,300,360,1998,Urban,No,Yes
1-44643810363,1-44643810363,U-0441,IPS ACADEMY INSTITUTE OF ENGINEERING AND SCIENCE INDORE MP,Active,Madhya Pradesh,Indore,Indore,"INSTITUTE OF ENGINEERING & SICENCE, IPS ACADEMY, RAJENDRA NAGAR A.B. ROAD INDORE 452012",452012,22.737156,75.872918,Private-Self Financing,"Rajiv Gandhi Proudyogiki Vishwavidyalaya, Bhopal",Approved,Approved,A,No,,Tier 3,http://www.ipsacademyscience.ac.in,info@ipsacademyscience.ac.in,admissions@ipsacademyscience.ac.in,placement@ipsacademyscience.ac.in,+91-80-575-1905,Artificial Intelligence & Machine Learning (AI & ML),B.Tech,60,360,1998,Urban,No,Yes
1-44643847741,1-44643847741,U-0441,DIVY JYOTI ENGINEERING COLLEGE,Active,Madhya Pradesh,Sidhi,Sidhi,REWA ROAD JAMODI SENGRAN SIDHI,452842,22.97583,78.639918,Private-Self Financing,"Rajiv Gandhi Proudyogiki Vishwavidyalaya, Bhopal",Approved,Approved,Not Accredited,No,,Tier 3,http://www.divyjyoti.ac.in,info@divyjyoti.ac.in,admissions@divyjyoti.ac.in,placement@divyjyoti.ac.in,+91-80-940-7763,Mining Engineering,Diploma,60,300,1997,Urban,Yes,Yes
1-44643847741,1-44643847741,U-0441,DIVY JYOTI ENGINEERING COLLEGE,Active,Madhya Pradesh,Sidhi,Sidhi,REWA ROAD JAMODI SENGRAN SIDHI,452842,22.97583,78.639918,Private-Self Financing,"Rajiv Gandhi Proudyogiki Vishwavidyalaya, Bhopal",Approved,Approved,Not Accredited,No,,Tier 3,http://www.divyjyoti.ac.in,info@divyjyoti.ac.in,admissions@divyjyoti.ac.in,placement@divyjyoti.ac.in,+91-80-940-7763,Mechanical Engineering,Diploma,60,300,1997,Urban,Yes,Yes
1-44643847741,1-44643847741,U-0441,DIVY JYOTI ENGINEERING COLLEGE,Active,Madhya Pradesh,Sidhi,Sidhi,REWA ROAD JAMODI SENGRAN SIDHI,452842,22.97583,78.639918,Private-Self Financing,"Rajiv Gandhi Proudyogiki Vishwavidyalaya, Bhopal",Approved,Approved,Not Accredited,No,,Tier 3,http://www.divyjyoti.ac.in,info@divyjyoti.ac.in,admissions@divyjyoti.ac.in,placement@divyjyoti.ac.in,+91-80-940-7763,Electrical Engineering,Diploma,60,300,1997,Urban,Yes,Yes
1-44643847741,1-44643847741,U-0441,DIVY JYOTI ENGINEERING COLLEGE,Active,Madhya Pradesh,Sidhi,Sidhi,REWA ROAD JAMODI SENGRAN SIDHI,452842,22.97583,78.639918,Private-Self Financing,"Rajiv Gandhi Proudyogiki Vishwavidyalaya, Bhopal",Approved,Approved,Not Accredited,No,,Tier 3,http://www.divyjyoti.ac.in,info@divyjyoti.ac.in,admissions@divyjyoti.ac.in,placement@divyjyoti.ac.in,+91-80-940-7763,Civil Engineering,Diploma,60,300,1997,Urban,Yes,Yes
1-44643847741,1-44643847741,U-0441,DIVY JYOTI ENGINEERING COLLEGE,Active,Madhya Pradesh,Sidhi,Sidhi,REWA ROAD JAMODI SENGRAN SIDHI,452842,22.97583,78.639918,Private-Self Financing,"Rajiv Gandhi Proudyogiki Vishwavidyalaya, Bhopal",Approved,Approved,Not Accredited,No,,Tier 3,http://www.divyjyoti.ac.in,info@divyjyoti.ac.in,admissions@divyjyoti.ac.in,placement@divyjyoti.ac.in,+91-80-940-7763,Computer Science Engineering (CSE),Diploma,60,300,1997,Urban,Yes,Yes
1-44645417729,1-44645417729,U-0441,TECHNO COLLEGE OF AI EXCELLENCE INDORE,Active,Madhya Pradesh,Indore,Indore,"GRAM - JAKHYA, INDORE SANWER ROAD, INDORE- 453331",453331,22.720699,75.856302,Private-Self Financing,"Rajiv Gandhi Proudyogiki Vishwavidyalaya, Bhopal",Approved,Approved,A,No,,Tier 3,http://www.technoaiexcellence.ac.in,info@technoaiexcellence.ac.in,admissions@technoaiexcellence.ac.in,placement@technoaiexcellence.ac.in,+91-80-884-9527,Information Technology (IT),B.Tech,30,240,1990,Urban,Yes,Yes
1-44645417729,1-44645417729,U-0441,TECHNO COLLEGE OF AI EXCELLENCE INDORE,Active,Madhya Pradesh,Indore,Indore,"GRAM - JAKHYA, INDORE SANWER ROAD, INDORE- 453331",453331,22.720699,75.856302,Private-Self Financing,"Rajiv Gandhi Proudyogiki Vishwavidyalaya, Bhopal",Approved,Approved,A,No,,Tier 3,http://www.technoaiexcellence.ac.in,info@technoaiexcellence.ac.in,admissions@technoaiexcellence.ac.in,placement@technoaiexcellence.ac.in,+91-80-884-9527,Electrical & Electronics Engineering (EEE),B.Tech,30,240,1990,Urban,Yes,Yes
1-44645417729,1-44645417729,U-0441,TECHNO COLLEGE OF AI EXCELLENCE INDORE,Active,Madhya Pradesh,Indore,Indore,"GRAM - JAKHYA, INDORE SANWER ROAD, INDORE- 453331",453331,22.720699,75.856302,Private-Self Financing,"Rajiv Gandhi Proudyogiki Vishwavidyalaya, Bhopal",Approved,Approved,A,No,,Tier 3,http://www.technoaiexcellence.ac.in,info@technoaiexcellence.ac.in,admissions@technoaiexcellence.ac.in,placement@technoaiexcellence.ac.in,+91-80-884-9527,Civil Engineering,B.Tech,30,240,1990,Urban,Yes,Yes
1-44645417729,1-44645417729,U-0441,TECHNO COLLEGE OF AI EXCELLENCE INDORE,Active,Madhya Pradesh,Indore,Indore,"GRAM - JAKHYA, INDORE SANWER ROAD, INDORE- 453331",453331,22.720699,75.856302,Private-Self Financing,"Rajiv Gandhi Proudyogiki Vishwavidyalaya, Bhopal",Approved,Approved,A,No,,Tier 3,http://www.technoaiexcellence.ac.in,info@technoaiexcellence.ac.in,admissions@technoaiexcellence.ac.in,placement@technoaiexcellence.ac.in,+91-80-884-9527,Computer Science Engineering (CSE),B.Tech,60,240,1990,Urban,Yes,Yes
1-44645417729,1-44645417729,U-0441,TECHNO COLLEGE OF AI EXCELLENCE INDORE,Active,Madhya Pradesh,Indore,Indore,"GRAM - JAKHYA, INDORE SANWER ROAD, INDORE- 453331",453331,22.720699,75.856302,Private-Self Financing,"Rajiv Gandhi Proudyogiki Vishwavidyalaya, Bhopal",Approved,Approved,A,No,,Tier 3,http://www.technoaiexcellence.ac.in,info@technoaiexcellence.ac.in,admissions@technoaiexcellence.ac.in,placement@technoaiexcellence.ac.in,+91-80-884-9527,Electronics & Communication Engineering (ECE),B.Tech,60,240,1990,Urban,Yes,Yes
1-44645417729,1-44645417729,U-0441,TECHNO COLLEGE OF AI EXCELLENCE INDORE,Active,Madhya Pradesh,Indore,Indore,"GRAM - JAKHYA, INDORE SANWER ROAD, INDORE- 453331",453331,22.720699,75.856302,Private-Self Financing,"Rajiv Gandhi Proudyogiki Vishwavidyalaya, Bhopal",Approved,Approved,A,No,,Tier 3,http://www.technoaiexcellence.ac.in,info@technoaiexcellence.ac.in,admissions@technoaiexcellence.ac.in,placement@technoaiexcellence.ac.in,+91-80-884-9527,Mechanical Engineering,B.Tech,30,240,1990,Urban,Yes,Yes
1-44753535573,1-44753535573,U-0441,CSU COLLEGE OF ENGINEERING AND TECHNOLOGY,Active,Madhya Pradesh,Rewa,Rewa,"SIRMAUR ROAD, VILLAGE-PALHAN (UMARI CHOUK), TAHSIL-SIRMAUR, DISTRICT-REWA (M.P.)",452412,22.989912,78.664715,Private-Self Financing,"Rajiv Gandhi Proudyogiki Vishwavidyalaya, Bhopal",Approved,Approved,B,No,,Tier 3,http://www.csu.ac.in,info@csu.ac.in,admissions@csu.ac.in,placement@csu.ac.in,+91-80-531-4098,Mining Engineering,Diploma,60,360,2020,Urban,No,Yes
1-44753535573,1-44753535573,U-0441,CSU COLLEGE OF ENGINEERING AND TECHNOLOGY,Active,Madhya Pradesh,Rewa,Rewa,"SIRMAUR ROAD, VILLAGE-PALHAN (UMARI CHOUK), TAHSIL-SIRMAUR, DISTRICT-REWA (M.P.)",452412,22.989912,78.664715,Private-Self Financing,"Rajiv Gandhi Proudyogiki Vishwavidyalaya, Bhopal",Approved,Approved,B,No,,Tier 3,http://www.csu.ac.in,info@csu.ac.in,admissions@csu.ac.in,placement@csu.ac.in,+91-80-531-4098,Mechanical Engineering,Diploma,60,360,2020,Urban,No,Yes
1-44753535573,1-44753535573,U-0441,CSU COLLEGE OF ENGINEERING AND TECHNOLOGY,Active,Madhya Pradesh,Rewa,Rewa,"SIRMAUR ROAD, VILLAGE-PALHAN (UMARI CHOUK), TAHSIL-SIRMAUR, DISTRICT-REWA (M.P.)",452412,22.989912,78.664715,Private-Self Financing,"Rajiv Gandhi Proudyogiki Vishwavidyalaya, Bhopal",Approved,Approved,B,No,,Tier 3,http://www.csu.ac.in,info@csu.ac.in,admissions@csu.ac.in,placement@csu.ac.in,+91-80-531-4098,Electrical & Electronics Engineering (EEE),Diploma,60,360,2020,Urban,No,Yes
1-44753535573,1-44753535573,U-0441,CSU COLLEGE OF ENGINEERING AND TECHNOLOGY,Active,Madhya Pradesh,Rewa,Rewa,"SIRMAUR ROAD, VILLAGE-PALHAN (UMARI CHOUK), TAHSIL-SIRMAUR, DISTRICT-REWA (M.P.)",452412,22.989912,78.664715,Private-Self Financing,"Rajiv Gandhi Proudyogiki Vishwavidyalaya, Bhopal",Approved,Approved,B,No,,Tier 3,http://www.csu.ac.in,info@csu.ac.in,admissions@csu.ac.in,placement@csu.ac.in,+91-80-531-4098,Computer Science Engineering (CSE),Diploma,60,360,2020,Urban,No,Yes
1-44753535573,1-44753535573,U-0441,CSU COLLEGE OF ENGINEERING AND TECHNOLOGY,Active,Madhya Pradesh,Rewa,Rewa,"SIRMAUR ROAD, VILLAGE-PALHAN (UMARI CHOUK), TAHSIL-SIRMAUR, DISTRICT-REWA (M.P.)",452412,22.989912,78.664715,Private-Self Financing,"Rajiv Gandhi Proudyogiki Vishwavidyalaya, Bhopal",Approved,Approved,B,No,,Tier 3,http://www.csu.ac.in,info@csu.ac.in,admissions@csu.ac.in,placement@csu.ac.in,+91-80-531-4098,Other Engineering Branches,Diploma,60,360,2020,Urban,No,Yes
1-44753535573,1-44753535573,U-0441,CSU COLLEGE OF ENGINEERING AND TECHNOLOGY,Active,Madhya Pradesh,Rewa,Rewa,"SIRMAUR ROAD, VILLAGE-PALHAN (UMARI CHOUK), TAHSIL-SIRMAUR, DISTRICT-REWA (M.P.)",452412,22.989912,78.664715,Private-Self Financing,"Rajiv Gandhi Proudyogiki Vishwavidyalaya, Bhopal",Approved,Approved,B,No,,Tier 3,http://www.csu.ac.in,info@csu.ac.in,admissions@csu.ac.in,placement@csu.ac.in,+91-80-531-4098,Civil Engineering,Diploma,60,360,2020,Urban,No,Yes
1-44758934863,1-44758934863,U-0441,SANT SINGAJI ENGINEERING COLLEGE,Active,Madhya Pradesh,Dewas,Dewas,NH 47 NEAR SANDALPUTR FATA VILLAGE SANDALPUR TEHSIL KHATEGAON,452999,22.986826,78.639191,Private-Self Financing,"Rajiv Gandhi Proudyogiki Vishwavidyalaya, Bhopal",Approved,Approved,B++,No,,Tier 3,http://www.santsingaji.ac.in,info@santsingaji.ac.in,admissions@santsingaji.ac.in,placement@santsingaji.ac.in,+91-80-401-9598,Information Technology (IT),B.Tech,60,240,2005,Urban,Yes,Yes
1-44758934863,1-44758934863,U-0441,SANT SINGAJI ENGINEERING COLLEGE,Active,Madhya Pradesh,Dewas,Dewas,NH 47 NEAR SANDALPUTR FATA VILLAGE SANDALPUR TEHSIL KHATEGAON,452999,22.986826,78.639191,Private-Self Financing,"Rajiv Gandhi Proudyogiki Vishwavidyalaya, Bhopal",Approved,Approved,B++,No,,Tier 3,http://www.santsingaji.ac.in,info@santsingaji.ac.in,admissions@santsingaji.ac.in,placement@santsingaji.ac.in,+91-80-401-9598,Computer Science Engineering (CSE),B.Tech,60,240,2005,Urban,Yes,Yes
1-44758934863,1-44758934863,U-0441,SANT SINGAJI ENGINEERING COLLEGE,Active,Madhya Pradesh,Dewas,Dewas,NH 47 NEAR SANDALPUTR FATA VILLAGE SANDALPUR TEHSIL KHATEGAON,452999,22.986826,78.639191,Private-Self Financing,"Rajiv Gandhi Proudyogiki Vishwavidyalaya, Bhopal",Approved,Approved,B++,No,,Tier 3,http://www.santsingaji.ac.in,info@santsingaji.ac.in,admissions@santsingaji.ac.in,placement@santsingaji.ac.in,+91-80-401-9598,Electronics & Communication Engineering (ECE),B.Tech,60,240,2005,Urban,Yes,Yes
1-44758934863,1-44758934863,U-0441,SANT SINGAJI ENGINEERING COLLEGE,Active,Madhya Pradesh,Dewas,Dewas,NH 47 NEAR SANDALPUTR FATA VILLAGE SANDALPUR TEHSIL KHATEGAON,452999,22.986826,78.639191,Private-Self Financing,"Rajiv Gandhi Proudyogiki Vishwavidyalaya, Bhopal",Approved,Approved,B++,No,,Tier 3,http://www.santsingaji.ac.in,info@santsingaji.ac.in,admissions@santsingaji.ac.in,placement@santsingaji.ac.in,+91-80-401-9598,Artificial Intelligence & Machine Learning (AI & ML),B.Tech,60,240,2005,Urban,Yes,Yes
