College ID,AICTE Institute ID,UGC University ID,College Name,College Status,State,District,City,Full Address,Pincode,Latitude,Longitude,College Type,Affiliated University,AICTE Approval Status,UGC Approval Status,NAAC Grade,NBA Accreditation,NIRF Ranking,Tier Classification,Official Website,Official College Email,Admission Email,Placement Cell Email,Contact Phone Number,Engineering Branch Name,Degree Type,Branch Intake Capacity,Total Intake Capacity,Establishment Year,Campus Type,Hostel Available,Placement Available
1-44638398160,1-44638398160,U-0473,MANIPAL UNIVERSITY JAIPUR,Active,Rajasthan,Jaipur,Jaipur,"DEHMI KALAN , JAIPUR AJMER EXPRESSWAY, JAIPUR 303007",303007,26.904286,75.796772,State Private University,MANIPAL UNIVERSITY JAIPUR,Approved,Approved,A+,Yes,,Tier 2,http://www.manipaljaipur.ac.in,info@manipaljaipur.ac.in,admissions@manipaljaipur.ac.in,placement@manipaljaipur.ac.in,+91-80-498-5276,Computer Science Engineering (CSE),B.Tech,2700,3234,1993,Rural,Yes,Yes
1-44638398160,1-44638398160,U-0473,MANIPAL UNIVERSITY JAIPUR,Active,Rajasthan,Jaipur,Jaipur,"DEHMI KALAN , JAIPUR AJMER EXPRESSWAY, JAIPUR 303007",303007,26.904286,75.796772,State Private University,MANIPAL UNIVERSITY JAIPUR,Approved,Approved,A+,Yes,,Tier 2,http://www.manipaljaipur.ac.in,info@manipaljaipur.ac.in,admissions@manipaljaipur.ac.in,placement@manipaljaipur.ac.in,+91-80-498-5276,Mechanical Engineering,B.Tech,120,3234,1993,Rural,Yes,Yes
1-44638398160,1-44638398160,U-0473,MANIPAL UNIVERSITY JAIPUR,Active,Rajasthan,Jaipur,Jaipur,"DEHMI KALAN , JAIPUR AJMER EXPRESSWAY, JAIPUR 303007",303007,26.904286,75.796772,State Private University,MANIPAL UNIVERSITY JAIPUR,Approved,Approved,A+,Yes,,Tier 2,http://www.manipaljaipur.ac.in,info@manipaljaipur.ac.in,admissions@manipaljaipur.ac.in,placement@manipaljaipur.ac.in,+91-80-498-5276,Electronics & Communication Engineering (ECE),B.Tech,120,3234,1993,Rural,Yes,Yes
1-44638398160,1-44638398160,U-0473,MANIPAL UNIVERSITY JAIPUR,Active,Rajasthan,Jaipur,Jaipur,"DEHMI KALAN , JAIPUR AJMER EXPRESSWAY, JAIPUR 303007",303007,26.904286,75.796772,State Private University,MANIPAL UNIVERSITY JAIPUR,Approved,Approved,A+,Yes,,Tier 2,http://www.manipaljaipur.ac.in,info@manipaljaipur.ac.in,admissions@manipaljaipur.ac.in,placement@manipaljaipur.ac.in,+91-80-498-5276,Civil Engineering,B.Tech,30,3234,1993,Rural,Yes,Yes
1-44638398160,1-44638398160,U-0473,MANIPAL UNIVERSITY JAIPUR,Active,Rajasthan,Jaipur,Jaipur,"DEHMI KALAN , JAIPUR AJMER EXPRESSWAY, JAIPUR 303007",303007,26.904286,75.796772,State Private University,MANIPAL UNIVERSITY JAIPUR,Approved,Approved,A+,Yes,,Tier 2,http://www.manipaljaipur.ac.in,info@manipaljaipur.ac.in,admissions@manipaljaipur.ac.in,placement@manipaljaipur.ac.in,+91-80-498-5276,Chemical Engineering,B.Tech,30,3234,1993,Rural,Yes,Yes
1-44638398160,1-44638398160,U-0473,MANIPAL UNIVERSITY JAIPUR,Active,Rajasthan,Jaipur,Jaipur,"DEHMI KALAN , JAIPUR AJMER EXPRESSWAY, JAIPUR 303007",303007,26.904286,75.796772,State Private University,MANIPAL UNIVERSITY JAIPUR,Approved,Approved,A+,Yes,,Tier 2,http://www.manipaljaipur.ac.in,info@manipaljaipur.ac.in,admissions@manipaljaipur.ac.in,placement@manipaljaipur.ac.in,+91-80-498-5276,Robotics,M.Tech,12,3234,1993,Rural,Yes,Yes
1-44638398160,1-44638398160,U-0473,MANIPAL UNIVERSITY JAIPUR,Active,Rajasthan,Jaipur,Jaipur,"DEHMI KALAN , JAIPUR AJMER EXPRESSWAY, JAIPUR 303007",303007,26.904286,75.796772,State Private University,MANIPAL UNIVERSITY JAIPUR,Approved,Approved,A+,Yes,,Tier 2,http://www.manipaljaipur.ac.in,info@manipaljaipur.ac.in,admissions@manipaljaipur.ac.in,placement@manipaljaipur.ac.in,+91-80-498-5276,Other Engineering Branches,M.Tech,24,3234,1993,Rural,Yes,Yes
1-44638398160,1-44638398160,U-0473,MANIPAL UNIVERSITY JAIPUR,Active,Rajasthan,Jaipur,Jaipur,"DEHMI KALAN , JAIPUR AJMER EXPRESSWAY, JAIPUR 303007",303007,26.904286,75.796772,State Private University,MANIPAL UNIVERSITY JAIPUR,Approved,Approved,A+,Yes,,Tier 2,http://www.manipaljaipur.ac.in,info@manipaljaipur.ac.in,admissions@manipaljaipur.ac.in,placement@manipaljaipur.ac.in,+91-80-498-5276,Data Science,M.Tech,12,3234,1993,Rural,Yes,Yes
1-44638398160,1-44638398160,U-0473,MANIPAL UNIVERSITY JAIPUR,Active,Rajasthan,Jaipur,Jaipur,"DEHMI KALAN , JAIPUR AJMER EXPRESSWAY, JAIPUR 303007",303007,26.904286,75.796772,State Private University,MANIPAL UNIVERSITY JAIPUR,Approved,Approved,A+,Yes,,Tier 2,http://www.manipaljaipur.ac.in,info@manipaljaipur.ac.in,admissions@manipaljaipur.ac.in,placement@manipaljaipur.ac.in,+91-80-498-5276,Biotechnology,B.Tech,60,3234,1993,Rural,Yes,Yes
1-44638398160,1-44638398160,U-0473,MANIPAL UNIVERSITY JAIPUR,Active,Rajasthan,Jaipur,Jaipur,"DEHMI KALAN , JAIPUR AJMER EXPRESSWAY, JAIPUR 303007",303007,26.904286,75.796772,State Private University,MANIPAL UNIVERSITY JAIPUR,Approved,Approved,A+,Yes,,Tier 2,http://www.manipaljaipur.ac.in,info@manipaljaipur.ac.in,admissions@manipaljaipur.ac.in,placement@manipaljaipur.ac.in,+91-80-498-5276,Other Engineering Branches,B.Tech,30,3234,1993,Rural,Yes,Yes
1-44638398160,1-44638398160,U-0473,MANIPAL UNIVERSITY JAIPUR,Active,Rajasthan,Jaipur,Jaipur,"DEHMI KALAN , JAIPUR AJMER EXPRESSWAY, JAIPUR 303007",303007,26.904286,75.796772,State Private University,MANIPAL UNIVERSITY JAIPUR,Approved,Approved,A+,Yes,,Tier 2,http://www.manipaljaipur.ac.in,info@manipaljaipur.ac.in,admissions@manipaljaipur.ac.in,placement@manipaljaipur.ac.in,+91-80-498-5276,Artificial Intelligence & Machine Learning (AI & ML),M.Tech,12,3234,1993,Rural,Yes,Yes
1-44638398160,1-44638398160,U-0473,MANIPAL UNIVERSITY JAIPUR,Active,Rajasthan,Jaipur,Jaipur,"DEHMI KALAN , JAIPUR AJMER EXPRESSWAY, JAIPUR 303007",303007,26.904286,75.796772,State Private University,MANIPAL UNIVERSITY JAIPUR,Approved,Approved,A+,Yes,,Tier 2,http://www.manipaljaipur.ac.in,info@manipaljaipur.ac.in,admissions@manipaljaipur.ac.in,placement@manipaljaipur.ac.in,+91-80-498-5276,Robotics,B.Tech,60,3234,1993,Rural,Yes,Yes
1-44638398160,1-44638398160,U-0473,MANIPAL UNIVERSITY JAIPUR,Active,Rajasthan,Jaipur,Jaipur,"DEHMI KALAN , JAIPUR AJMER EXPRESSWAY, JAIPUR 303007",303007,26.904286,75.796772,State Private University,MANIPAL UNIVERSITY JAIPUR,Approved,Approved,A+,Yes,,Tier 2,http://www.manipaljaipur.ac.in,info@manipaljaipur.ac.in,admissions@manipaljaipur.ac.in,placement@manipaljaipur.ac.in,+91-80-498-5276,Information Technology (IT),M.Tech,12,3234,1993,Rural,Yes,Yes
1-44638398160,1-44638398160,U-0473,MANIPAL UNIVERSITY JAIPUR,Active,Rajasthan,Jaipur,Jaipur,"DEHMI KALAN , JAIPUR AJMER EXPRESSWAY, JAIPUR 303007",303007,26.904286,75.796772,State Private University,MANIPAL UNIVERSITY JAIPUR,Approved,Approved,A+,Yes,,Tier 2,http://www.manipaljaipur.ac.in,info@manipaljaipur.ac.in,admissions@manipaljaipur.ac.in,placement@manipaljaipur.ac.in,+91-80-498-5276,Computer Science Engineering (CSE),M.Tech,12,3234,1993,Rural,Yes,Yes
1-44638356440,1-44638356440,U-0696,FACULTY OF DAIRY TECHNOLOGY JODHPUR,Active,Rajasthan,Jodhpur,Jodhpur,BIKANER ROAD MANDOR JODHPUR,302829,26.247776,73.013545,Government,"Agriculture University, Jodhpur",Approved,Approved,B,No,,Tier 3,http://www.facultydairyjodhpur.ac.in,info@facultydairyjodhpur.ac.in,admissions@facultydairyjodhpur.ac.in,placement@facultydairyjodhpur.ac.in,+91-80-211-1163,Other Engineering Branches,B.Tech,120,120,2012,Rural,Yes,Yes
1-44638512790,1-44638512790,U-0992,BANASTHALI VIDYAPITH DEEMED TO BE UNIVERSITY,Active,Rajasthan,Tonk,Tonk,"PO. BANASTHALI VIDYAPITH,",302199,27.026949,74.21088,Deemed to be University(Pvt),NOT APPLICABLE,Approved,Approved,B+,No,,Tier 3,http://www.banasthalividyapithdeemed.ac.in,info@banasthalividyapithdeemed.ac.in,admissions@banasthalividyapithdeemed.ac.in,placement@banasthalividyapithdeemed.ac.in,+91-80-970-9395,Computer Science Engineering (CSE),B.Tech,450,1434,1985,Rural,No,Yes
1-44638512790,1-44638512790,U-0992,BANASTHALI VIDYAPITH DEEMED TO BE UNIVERSITY,Active,Rajasthan,Tonk,Tonk,"PO. BANASTHALI VIDYAPITH,",302199,27.026949,74.21088,Deemed to be University(Pvt),NOT APPLICABLE,Approved,Approved,B+,No,,Tier 3,http://www.banasthalividyapithdeemed.ac.in,info@banasthalividyapithdeemed.ac.in,admissions@banasthalividyapithdeemed.ac.in,placement@banasthalividyapithdeemed.ac.in,+91-80-970-9395,Information Technology (IT),B.Tech,120,1434,1985,Rural,No,Yes
1-44638512790,1-44638512790,U-0992,BANASTHALI VIDYAPITH DEEMED TO BE UNIVERSITY,Active,Rajasthan,Tonk,Tonk,"PO. BANASTHALI VIDYAPITH,",302199,27.026949,74.21088,Deemed to be University(Pvt),NOT APPLICABLE,Approved,Approved,B+,No,,Tier 3,http://www.banasthalividyapithdeemed.ac.in,info@banasthalividyapithdeemed.ac.in,admissions@banasthalividyapithdeemed.ac.in,placement@banasthalividyapithdeemed.ac.in,+91-80-970-9395,Electronics & Communication Engineering (ECE),B.Tech,120,1434,1985,Rural,No,Yes
1-44638512790,1-44638512790,U-0992,BANASTHALI VIDYAPITH DEEMED TO BE UNIVERSITY,Active,Rajasthan,Tonk,Tonk,"PO. BANASTHALI VIDYAPITH,",302199,27.026949,74.21088,Deemed to be University(Pvt),NOT APPLICABLE,Approved,Approved,B+,No,,Tier 3,http://www.banasthalividyapithdeemed.ac.in,info@banasthalividyapithdeemed.ac.in,admissions@banasthalividyapithdeemed.ac.in,placement@banasthalividyapithdeemed.ac.in,+91-80-970-9395,Other Engineering Branches,B.Tech,120,1434,1985,Rural,No,Yes
1-44638512790,1-44638512790,U-0992,BANASTHALI VIDYAPITH DEEMED TO BE UNIVERSITY,Active,Rajasthan,Tonk,Tonk,"PO. BANASTHALI VIDYAPITH,",302199,27.026949,74.21088,Deemed to be University(Pvt),NOT APPLICABLE,Approved,Approved,B+,No,,Tier 3,http://www.banasthalividyapithdeemed.ac.in,info@banasthalividyapithdeemed.ac.in,admissions@banasthalividyapithdeemed.ac.in,placement@banasthalividyapithdeemed.ac.in,+91-80-970-9395,Electrical & Electronics Engineering (EEE),B.Tech,120,1434,1985,Rural,No,Yes
1-44638512790,1-44638512790,U-0992,BANASTHALI VIDYAPITH DEEMED TO BE UNIVERSITY,Active,Rajasthan,Tonk,Tonk,"PO. BANASTHALI VIDYAPITH,",302199,27.026949,74.21088,Deemed to be University(Pvt),NOT APPLICABLE,Approved,Approved,B+,No,,Tier 3,http://www.banasthalividyapithdeemed.ac.in,info@banasthalividyapithdeemed.ac.in,admissions@banasthalividyapithdeemed.ac.in,placement@banasthalividyapithdeemed.ac.in,+91-80-970-9395,Mechanical Engineering,B.Tech,150,1434,1985,Rural,No,Yes
1-44638512790,1-44638512790,U-0992,BANASTHALI VIDYAPITH DEEMED TO BE UNIVERSITY,Active,Rajasthan,Tonk,Tonk,"PO. BANASTHALI VIDYAPITH,",302199,27.026949,74.21088,Deemed to be University(Pvt),NOT APPLICABLE,Approved,Approved,B+,No,,Tier 3,http://www.banasthalividyapithdeemed.ac.in,info@banasthalividyapithdeemed.ac.in,admissions@banasthalividyapithdeemed.ac.in,placement@banasthalividyapithdeemed.ac.in,+91-80-970-9395,Chemical Engineering,B.Tech,60,1434,1985,Rural,No,Yes
1-44638512790,1-44638512790,U-0992,BANASTHALI VIDYAPITH DEEMED TO BE UNIVERSITY,Active,Rajasthan,Tonk,Tonk,"PO. BANASTHALI VIDYAPITH,",302199,27.026949,74.21088,Deemed to be University(Pvt),NOT APPLICABLE,Approved,Approved,B+,No,,Tier 3,http://www.banasthalividyapithdeemed.ac.in,info@banasthalividyapithdeemed.ac.in,admissions@banasthalividyapithdeemed.ac.in,placement@banasthalividyapithdeemed.ac.in,+91-80-970-9395,Biotechnology,B.Tech,60,1434,1985,Rural,No,Yes
1-44638512790,1-44638512790,U-0992,BANASTHALI VIDYAPITH DEEMED TO BE UNIVERSITY,Active,Rajasthan,Tonk,Tonk,"PO. BANASTHALI VIDYAPITH,",302199,27.026949,74.21088,Deemed to be University(Pvt),NOT APPLICABLE,Approved,Approved,B+,No,,Tier 3,http://www.banasthalividyapithdeemed.ac.in,info@banasthalividyapithdeemed.ac.in,admissions@banasthalividyapithdeemed.ac.in,placement@banasthalividyapithdeemed.ac.in,+91-80-970-9395,Computer Science Engineering (CSE),M.Tech,18,1434,1985,Rural,No,Yes
1-44638512790,1-44638512790,U-0992,BANASTHALI VIDYAPITH DEEMED TO BE UNIVERSITY,Active,Rajasthan,Tonk,Tonk,"PO. BANASTHALI VIDYAPITH,",302199,27.026949,74.21088,Deemed to be University(Pvt),NOT APPLICABLE,Approved,Approved,B+,No,,Tier 3,http://www.banasthalividyapithdeemed.ac.in,info@banasthalividyapithdeemed.ac.in,admissions@banasthalividyapithdeemed.ac.in,placement@banasthalividyapithdeemed.ac.in,+91-80-970-9395,Information Technology (IT),M.Tech,18,1434,1985,Rural,No,Yes
1-44638512790,1-44638512790,U-0992,BANASTHALI VIDYAPITH DEEMED TO BE UNIVERSITY,Active,Rajasthan,Tonk,Tonk,"PO. BANASTHALI VIDYAPITH,",302199,27.026949,74.21088,Deemed to be University(Pvt),NOT APPLICABLE,Approved,Approved,B+,No,,Tier 3,http://www.banasthalividyapithdeemed.ac.in,info@banasthalividyapithdeemed.ac.in,admissions@banasthalividyapithdeemed.ac.in,placement@banasthalividyapithdeemed.ac.in,+91-80-970-9395,Other Engineering Branches,M.Tech,54,1434,1985,Rural,No,Yes
1-44638512790,1-44638512790,U-0992,BANASTHALI VIDYAPITH DEEMED TO BE UNIVERSITY,Active,Rajasthan,Tonk,Tonk,"PO. BANASTHALI VIDYAPITH,",302199,27.026949,74.21088,Deemed to be University(Pvt),NOT APPLICABLE,Approved,Approved,B+,No,,Tier 3,http://www.banasthalividyapithdeemed.ac.in,info@banasthalividyapithdeemed.ac.in,admissions@banasthalividyapithdeemed.ac.in,placement@banasthalividyapithdeemed.ac.in,+91-80-970-9395,Chemical Engineering,M.Tech,18,1434,1985,Rural,No,Yes
1-44638512790,1-44638512790,U-0992,BANASTHALI VIDYAPITH DEEMED TO BE UNIVERSITY,Active,Rajasthan,Tonk,Tonk,"PO. BANASTHALI VIDYAPITH,",302199,27.026949,74.21088,Deemed to be University(Pvt),NOT APPLICABLE,Approved,Approved,B+,No,,Tier 3,http://www.banasthalividyapithdeemed.ac.in,info@banasthalividyapithdeemed.ac.in,admissions@banasthalividyapithdeemed.ac.in,placement@banasthalividyapithdeemed.ac.in,+91-80-970-9395,Biotechnology,M.Tech,18,1434,1985,Rural,No,Yes
1-44638512790,1-44638512790,U-0992,BANASTHALI VIDYAPITH DEEMED TO BE UNIVERSITY,Active,Rajasthan,Tonk,Tonk,"PO. BANASTHALI VIDYAPITH,",302199,27.026949,74.21088,Deemed to be University(Pvt),NOT APPLICABLE,Approved,Approved,B+,No,,Tier 3,http://www.banasthalividyapithdeemed.ac.in,info@banasthalividyapithdeemed.ac.in,admissions@banasthalividyapithdeemed.ac.in,placement@banasthalividyapithdeemed.ac.in,+91-80-970-9395,Robotics,M.Tech,18,1434,1985,Rural,No,Yes
1-44638512790,1-44638512790,U-0992,BANASTHALI VIDYAPITH DEEMED TO BE UNIVERSITY,Active,Rajasthan,Tonk,Tonk,"PO. BANASTHALI VIDYAPITH,",302199,27.026949,74.21088,Deemed to be University(Pvt),NOT APPLICABLE,Approved,Approved,B+,No,,Tier 3,http://www.banasthalividyapithdeemed.ac.in,info@banasthalividyapithdeemed.ac.in,admissions@banasthalividyapithdeemed.ac.in,placement@banasthalividyapithdeemed.ac.in,+91-80-970-9395,Electrical & Electronics Engineering (EEE),Diploma,30,1434,1985,Rural,No,Yes
1-44638512790,1-44638512790,U-0992,BANASTHALI VIDYAPITH DEEMED TO BE UNIVERSITY,Active,Rajasthan,Tonk,Tonk,"PO. BANASTHALI VIDYAPITH,",302199,27.026949,74.21088,Deemed to be University(Pvt),NOT APPLICABLE,Approved,Approved,B+,No,,Tier 3,http://www.banasthalividyapithdeemed.ac.in,info@banasthalividyapithdeemed.ac.in,admissions@banasthalividyapithdeemed.ac.in,placement@banasthalividyapithdeemed.ac.in,+91-80-970-9395,Other Engineering Branches,Diploma,30,1434,1985,Rural,No,Yes
1-44638512790,1-44638512790,U-0992,BANASTHALI VIDYAPITH DEEMED TO BE UNIVERSITY,Active,Rajasthan,Tonk,Tonk,"PO. BANASTHALI VIDYAPITH,",302199,27.026949,74.21088,Deemed to be University(Pvt),NOT APPLICABLE,Approved,Approved,B+,No,,Tier 3,http://www.banasthalividyapithdeemed.ac.in,info@banasthalividyapithdeemed.ac.in,admissions@banasthalividyapithdeemed.ac.in,placement@banasthalividyapithdeemed.ac.in,+91-80-970-9395,Mechanical Engineering,Diploma,30,1434,1985,Rural,No,Yes
1-44638347114,1-44638347114,U-0755,SINE INTERNATIONAL INSTITUTE OF TECHNOLOGY,Active,Rajasthan,Jaipur,Jaipur,"BALAWALA- LAKHNA ROAD, VIA SANGANER BAZAR",302659,26.909833,75.788433,Private-Self Financing,"Rajasthan Technical University, Kota",Approved,Approved,A,No,,Tier 3,http://www.sineinternational.ac.in,info@sineinternational.ac.in,admissions@sineinternational.ac.in,placement@sineinternational.ac.in,+91-80-731-1751,Computer Science Engineering (CSE),B.Tech,15,90,2002,Urban,Yes,Yes
1-44638347114,1-44638347114,U-0755,SINE INTERNATIONAL INSTITUTE OF TECHNOLOGY,Active,Rajasthan,Jaipur,Jaipur,"BALAWALA- LAKHNA ROAD, VIA SANGANER BAZAR",302659,26.909833,75.788433,Private-Self Financing,"Rajasthan Technical University, Kota",Approved,Approved,A,No,,Tier 3,http://www.sineinternational.ac.in,info@sineinternational.ac.in,admissions@sineinternational.ac.in,placement@sineinternational.ac.in,+91-80-731-1751,Electronics & Communication Engineering (ECE),B.Tech,15,90,2002,Urban,Yes,Yes
1-44638347114,1-44638347114,U-0755,SINE INTERNATIONAL INSTITUTE OF TECHNOLOGY,Active,Rajasthan,Jaipur,Jaipur,"BALAWALA- LAKHNA ROAD, VIA SANGANER BAZAR",302659,26.909833,75.788433,Private-Self Financing,"Rajasthan Technical University, Kota",Approved,Approved,A,No,,Tier 3,http://www.sineinternational.ac.in,info@sineinternational.ac.in,admissions@sineinternational.ac.in,placement@sineinternational.ac.in,+91-80-731-1751,Mechanical Engineering,B.Tech,15,90,2002,Urban,Yes,Yes
1-44638347114,1-44638347114,U-0755,SINE INTERNATIONAL INSTITUTE OF TECHNOLOGY,Active,Rajasthan,Jaipur,Jaipur,"BALAWALA- LAKHNA ROAD, VIA SANGANER BAZAR",302659,26.909833,75.788433,Private-Self Financing,"Rajasthan Technical University, Kota",Approved,Approved,A,No,,Tier 3,http://www.sineinternational.ac.in,info@sineinternational.ac.in,admissions@sineinternational.ac.in,placement@sineinternational.ac.in,+91-80-731-1751,Civil Engineering,B.Tech,30,90,2002,Urban,Yes,Yes
1-44638347114,1-44638347114,U-0755,SINE INTERNATIONAL INSTITUTE OF TECHNOLOGY,Active,Rajasthan,Jaipur,Jaipur,"BALAWALA- LAKHNA ROAD, VIA SANGANER BAZAR",302659,26.909833,75.788433,Private-Self Financing,"Rajasthan Technical University, Kota",Approved,Approved,A,No,,Tier 3,http://www.sineinternational.ac.in,info@sineinternational.ac.in,admissions@sineinternational.ac.in,placement@sineinternational.ac.in,+91-80-731-1751,Electrical & Electronics Engineering (EEE),B.Tech,15,90,2002,Urban,Yes,Yes
1-44638448056,1-44638448056,U-0755,ENGINEERING COLLEGE DHOLPUR,Active,Rajasthan,Dholpur,Dholpur,VILLAGE & TEHSIL -SURAJPURA,302369,27.021437,74.205076,Government,"Rajasthan Technical University, Kota",Approved,Approved,A,No,,Tier 2,http://www.dholpur.ac.in,info@dholpur.ac.in,admissions@dholpur.ac.in,placement@dholpur.ac.in,+91-80-739-7421,Mechanical Engineering,B.Tech,30,282,1980,Rural,No,Yes
1-44638448056,1-44638448056,U-0755,ENGINEERING COLLEGE DHOLPUR,Active,Rajasthan,Dholpur,Dholpur,VILLAGE & TEHSIL -SURAJPURA,302369,27.021437,74.205076,Government,"Rajasthan Technical University, Kota",Approved,Approved,A,No,,Tier 2,http://www.dholpur.ac.in,info@dholpur.ac.in,admissions@dholpur.ac.in,placement@dholpur.ac.in,+91-80-739-7421,Mining Engineering,B.Tech,54,282,1980,Rural,No,Yes
1-44638448056,1-44638448056,U-0755,ENGINEERING COLLEGE DHOLPUR,Active,Rajasthan,Dholpur,Dholpur,VILLAGE & TEHSIL -SURAJPURA,302369,27.021437,74.205076,Government,"Rajasthan Technical University, Kota",Approved,Approved,A,No,,Tier 2,http://www.dholpur.ac.in,info@dholpur.ac.in,admissions@dholpur.ac.in,placement@dholpur.ac.in,+91-80-739-7421,Electrical Engineering,B.Tech,30,282,1980,Rural,No,Yes
1-44638448056,1-44638448056,U-0755,ENGINEERING COLLEGE DHOLPUR,Active,Rajasthan,Dholpur,Dholpur,VILLAGE & TEHSIL -SURAJPURA,302369,27.021437,74.205076,Government,"Rajasthan Technical University, Kota",Approved,Approved,A,No,,Tier 2,http://www.dholpur.ac.in,info@dholpur.ac.in,admissions@dholpur.ac.in,placement@dholpur.ac.in,+91-80-739-7421,Electronics & Communication Engineering (ECE),B.Tech,54,282,1980,Rural,No,Yes
1-44638448056,1-44638448056,U-0755,ENGINEERING COLLEGE DHOLPUR,Active,Rajasthan,Dholpur,Dholpur,VILLAGE & TEHSIL -SURAJPURA,302369,27.021437,74.205076,Government,"Rajasthan Technical University, Kota",Approved,Approved,A,No,,Tier 2,http://www.dholpur.ac.in,info@dholpur.ac.in,admissions@dholpur.ac.in,placement@dholpur.ac.in,+91-80-739-7421,Civil Engineering,B.Tech,54,282,1980,Rural,No,Yes
1-44638448056,1-44638448056,U-0755,ENGINEERING COLLEGE DHOLPUR,Active,Rajasthan,Dholpur,Dholpur,VILLAGE & TEHSIL -SURAJPURA,302369,27.021437,74.205076,Government,"Rajasthan Technical University, Kota",Approved,Approved,A,No,,Tier 2,http://www.dholpur.ac.in,info@dholpur.ac.in,admissions@dholpur.ac.in,placement@dholpur.ac.in,+91-80-739-7421,Computer Science Engineering (CSE),B.Tech,60,282,1980,Rural,No,Yes
1-44638547609,1-44638547609,U-0197,GOVERNMENT POLYTECHNIC COLLAGE KELWARA,Active,Rajasthan,Baran,Baran,VILLAGE-PAHARI TEHSIL-SHAHABAD ,302645,27.010006,74.203264,Government,"Board of Technical Education And Directorate Of Technical Education, Jodhpur",Approved,Approved,B++,Yes,,Tier 3,http://www.collagekelwara.ac.in,info@collagekelwara.ac.in,admissions@collagekelwara.ac.in,placement@collagekelwara.ac.in,+91-80-260-2786,Mechanical Engineering,Diploma,60,300,2013,Urban,Yes,Yes
1-44638547609,1-44638547609,U-0197,GOVERNMENT POLYTECHNIC COLLAGE KELWARA,Active,Rajasthan,Baran,Baran,VILLAGE-PAHARI TEHSIL-SHAHABAD ,302645,27.010006,74.203264,Government,"Board of Technical Education And Directorate Of Technical Education, Jodhpur",Approved,Approved,B++,Yes,,Tier 3,http://www.collagekelwara.ac.in,info@collagekelwara.ac.in,admissions@collagekelwara.ac.in,placement@collagekelwara.ac.in,+91-80-260-2786,Civil Engineering,Diploma,120,300,2013,Urban,Yes,Yes
1-44638547609,1-44638547609,U-0197,GOVERNMENT POLYTECHNIC COLLAGE KELWARA,Active,Rajasthan,Baran,Baran,VILLAGE-PAHARI TEHSIL-SHAHABAD ,302645,27.010006,74.203264,Government,"Board of Technical Education And Directorate Of Technical Education, Jodhpur",Approved,Approved,B++,Yes,,Tier 3,http://www.collagekelwara.ac.in,info@collagekelwara.ac.in,admissions@collagekelwara.ac.in,placement@collagekelwara.ac.in,+91-80-260-2786,Electrical Engineering,Diploma,60,300,2013,Urban,Yes,Yes
1-44638547609,1-44638547609,U-0197,GOVERNMENT POLYTECHNIC COLLAGE KELWARA,Active,Rajasthan,Baran,Baran,VILLAGE-PAHARI TEHSIL-SHAHABAD ,302645,27.010006,74.203264,Government,"Board of Technical Education And Directorate Of Technical Education, Jodhpur",Approved,Approved,B++,Yes,,Tier 3,http://www.collagekelwara.ac.in,info@collagekelwara.ac.in,admissions@collagekelwara.ac.in,placement@collagekelwara.ac.in,+91-80-260-2786,Other Engineering Branches,Diploma,60,300,2013,Urban,Yes,Yes
1-44638529076,1-44638529076,U-0192,RAJ ENGINEERING COLLEGE,Active,Rajasthan,Jodhpur,Jodhpur,"VIL & POST BAWARLA,",302829,26.221706,73.03392,Private-Self Financing,"BIKANER TECHNICAL UNIVERSITY, BIKANER",Approved,Approved,Not Accredited,No,,Tier 3,http://www.raj.ac.in,info@raj.ac.in,admissions@raj.ac.in,placement@raj.ac.in,+91-80-117-7021,Civil Engineering,B.Tech,30,120,2009,Urban,Yes,Yes
1-44638529076,1-44638529076,U-0192,RAJ ENGINEERING COLLEGE,Active,Rajasthan,Jodhpur,Jodhpur,"VIL & POST BAWARLA,",302829,26.221706,73.03392,Private-Self Financing,"BIKANER TECHNICAL UNIVERSITY, BIKANER",Approved,Approved,Not Accredited,No,,Tier 3,http://www.raj.ac.in,info@raj.ac.in,admissions@raj.ac.in,placement@raj.ac.in,+91-80-117-7021,Electrical Engineering,B.Tech,30,120,2009,Urban,Yes,Yes
1-44638529076,1-44638529076,U-0192,RAJ ENGINEERING COLLEGE,Active,Rajasthan,Jodhpur,Jodhpur,"VIL & POST BAWARLA,",302829,26.221706,73.03392,Private-Self Financing,"BIKANER TECHNICAL UNIVERSITY, BIKANER",Approved,Approved,Not Accredited,No,,Tier 3,http://www.raj.ac.in,info@raj.ac.in,admissions@raj.ac.in,placement@raj.ac.in,+91-80-117-7021,Mechanical Engineering,B.Tech,30,120,2009,Urban,Yes,Yes
1-44638529076,1-44638529076,U-0192,RAJ ENGINEERING COLLEGE,Active,Rajasthan,Jodhpur,Jodhpur,"VIL & POST BAWARLA,",302829,26.221706,73.03392,Private-Self Financing,"BIKANER TECHNICAL UNIVERSITY, BIKANER",Approved,Approved,Not Accredited,No,,Tier 3,http://www.raj.ac.in,info@raj.ac.in,admissions@raj.ac.in,placement@raj.ac.in,+91-80-117-7021,Mining Engineering,B.Tech,30,120,2009,Urban,Yes,Yes
1-44638395555,1-44638395555,U-0192,ARYABHATTA COLLEGE OF ENGINEERING AND RESEARCH CENTER,Active,Rajasthan,Ajmer,Ajmer,BEHIND MAHILA KALYAN MANDAL CHACHIAWAS CHATARI ROAD AJMER,302403,27.037796,74.225466,Private-Self Financing,"BIKANER TECHNICAL UNIVERSITY, BIKANER",Approved,Approved,B++,Yes,,Tier 3,http://www.aryabhattaresearchcenter.ac.in,info@aryabhattaresearchcenter.ac.in,admissions@aryabhattaresearchcenter.ac.in,placement@aryabhattaresearchcenter.ac.in,+91-80-425-9120,Mechanical Engineering,B.Tech,60,456,2021,Urban,Yes,Yes
1-44638395555,1-44638395555,U-0192,ARYABHATTA COLLEGE OF ENGINEERING AND RESEARCH CENTER,Active,Rajasthan,Ajmer,Ajmer,BEHIND MAHILA KALYAN MANDAL CHACHIAWAS CHATARI ROAD AJMER,302403,27.037796,74.225466,Private-Self Financing,"BIKANER TECHNICAL UNIVERSITY, BIKANER",Approved,Approved,B++,Yes,,Tier 3,http://www.aryabhattaresearchcenter.ac.in,info@aryabhattaresearchcenter.ac.in,admissions@aryabhattaresearchcenter.ac.in,placement@aryabhattaresearchcenter.ac.in,+91-80-425-9120,Civil Engineering,B.Tech,60,456,2021,Urban,Yes,Yes
1-44638395555,1-44638395555,U-0192,ARYABHATTA COLLEGE OF ENGINEERING AND RESEARCH CENTER,Active,Rajasthan,Ajmer,Ajmer,BEHIND MAHILA KALYAN MANDAL CHACHIAWAS CHATARI ROAD AJMER,302403,27.037796,74.225466,Private-Self Financing,"BIKANER TECHNICAL UNIVERSITY, BIKANER",Approved,Approved,B++,Yes,,Tier 3,http://www.aryabhattaresearchcenter.ac.in,info@aryabhattaresearchcenter.ac.in,admissions@aryabhattaresearchcenter.ac.in,placement@aryabhattaresearchcenter.ac.in,+91-80-425-9120,Electrical Engineering,B.Tech,60,456,2021,Urban,Yes,Yes
1-44638395555,1-44638395555,U-0192,ARYABHATTA COLLEGE OF ENGINEERING AND RESEARCH CENTER,Active,Rajasthan,Ajmer,Ajmer,BEHIND MAHILA KALYAN MANDAL CHACHIAWAS CHATARI ROAD AJMER,302403,27.037796,74.225466,Private-Self Financing,"BIKANER TECHNICAL UNIVERSITY, BIKANER",Approved,Approved,B++,Yes,,Tier 3,http://www.aryabhattaresearchcenter.ac.in,info@aryabhattaresearchcenter.ac.in,admissions@aryabhattaresearchcenter.ac.in,placement@aryabhattaresearchcenter.ac.in,+91-80-425-9120,Computer Science Engineering (CSE),B.Tech,60,456,2021,Urban,Yes,Yes
1-44638395555,1-44638395555,U-0192,ARYABHATTA COLLEGE OF ENGINEERING AND RESEARCH CENTER,Active,Rajasthan,Ajmer,Ajmer,BEHIND MAHILA KALYAN MANDAL CHACHIAWAS CHATARI ROAD AJMER,302403,27.037796,74.225466,Private-Self Financing,"BIKANER TECHNICAL UNIVERSITY, BIKANER",Approved,Approved,B++,Yes,,Tier 3,http://www.aryabhattaresearchcenter.ac.in,info@aryabhattaresearchcenter.ac.in,admissions@aryabhattaresearchcenter.ac.in,placement@aryabhattaresearchcenter.ac.in,+91-80-425-9120,Electrical Engineering,Diploma,60,456,2021,Urban,Yes,Yes
1-44638395555,1-44638395555,U-0192,ARYABHATTA COLLEGE OF ENGINEERING AND RESEARCH CENTER,Active,Rajasthan,Ajmer,Ajmer,BEHIND MAHILA KALYAN MANDAL CHACHIAWAS CHATARI ROAD AJMER,302403,27.037796,74.225466,Private-Self Financing,"BIKANER TECHNICAL UNIVERSITY, BIKANER",Approved,Approved,B++,Yes,,Tier 3,http://www.aryabhattaresearchcenter.ac.in,info@aryabhattaresearchcenter.ac.in,admissions@aryabhattaresearchcenter.ac.in,placement@aryabhattaresearchcenter.ac.in,+91-80-425-9120,Mechanical Engineering,Diploma,60,456,2021,Urban,Yes,Yes
1-44638395555,1-44638395555,U-0192,ARYABHATTA COLLEGE OF ENGINEERING AND RESEARCH CENTER,Active,Rajasthan,Ajmer,Ajmer,BEHIND MAHILA KALYAN MANDAL CHACHIAWAS CHATARI ROAD AJMER,302403,27.037796,74.225466,Private-Self Financing,"BIKANER TECHNICAL UNIVERSITY, BIKANER",Approved,Approved,B++,Yes,,Tier 3,http://www.aryabhattaresearchcenter.ac.in,info@aryabhattaresearchcenter.ac.in,admissions@aryabhattaresearchcenter.ac.in,placement@aryabhattaresearchcenter.ac.in,+91-80-425-9120,Civil Engineering,Diploma,60,456,2021,Urban,Yes,Yes
1-44638395555,1-44638395555,U-0192,ARYABHATTA COLLEGE OF ENGINEERING AND RESEARCH CENTER,Active,Rajasthan,Ajmer,Ajmer,BEHIND MAHILA KALYAN MANDAL CHACHIAWAS CHATARI ROAD AJMER,302403,27.037796,74.225466,Private-Self Financing,"BIKANER TECHNICAL UNIVERSITY, BIKANER",Approved,Approved,B++,Yes,,Tier 3,http://www.aryabhattaresearchcenter.ac.in,info@aryabhattaresearchcenter.ac.in,admissions@aryabhattaresearchcenter.ac.in,placement@aryabhattaresearchcenter.ac.in,+91-80-425-9120,Other Engineering Branches,M.Tech,36,456,2021,Urban,Yes,Yes
1-44638121448,1-44638121448,U-0755,DR. RADHAKRISHNAN INSTITUTE OF TECHNOLOGY,Active,Rajasthan,Jaipur,Jaipur,"KALWARA,NEAR MAHINDRA WORLD CITY(SEZ), AJMER ROAD,  JAIPUR",302659,26.931761,75.78195,Private-Self Financing,"Rajasthan Technical University, Kota",Approved,Approved,Not Accredited,No,,Tier 3,http://www.drradhakrishnan.ac.in,info@drradhakrishnan.ac.in,admissions@drradhakrishnan.ac.in,placement@drradhakrishnan.ac.in,+91-80-650-9021,Civil Engineering,B.Tech,60,285,2011,Urban,Yes,Yes
1-44638121448,1-44638121448,U-0755,DR. RADHAKRISHNAN INSTITUTE OF TECHNOLOGY,Active,Rajasthan,Jaipur,Jaipur,"KALWARA,NEAR MAHINDRA WORLD CITY(SEZ), AJMER ROAD,  JAIPUR",302659,26.931761,75.78195,Private-Self Financing,"Rajasthan Technical University, Kota",Approved,Approved,Not Accredited,No,,Tier 3,http://www.drradhakrishnan.ac.in,info@drradhakrishnan.ac.in,admissions@drradhakrishnan.ac.in,placement@drradhakrishnan.ac.in,+91-80-650-9021,Computer Science Engineering (CSE),B.Tech,30,285,2011,Urban,Yes,Yes
1-44638121448,1-44638121448,U-0755,DR. RADHAKRISHNAN INSTITUTE OF TECHNOLOGY,Active,Rajasthan,Jaipur,Jaipur,"KALWARA,NEAR MAHINDRA WORLD CITY(SEZ), AJMER ROAD,  JAIPUR",302659,26.931761,75.78195,Private-Self Financing,"Rajasthan Technical University, Kota",Approved,Approved,Not Accredited,No,,Tier 3,http://www.drradhakrishnan.ac.in,info@drradhakrishnan.ac.in,admissions@drradhakrishnan.ac.in,placement@drradhakrishnan.ac.in,+91-80-650-9021,Electrical Engineering,B.Tech,120,285,2011,Urban,Yes,Yes
1-44638121448,1-44638121448,U-0755,DR. RADHAKRISHNAN INSTITUTE OF TECHNOLOGY,Active,Rajasthan,Jaipur,Jaipur,"KALWARA,NEAR MAHINDRA WORLD CITY(SEZ), AJMER ROAD,  JAIPUR",302659,26.931761,75.78195,Private-Self Financing,"Rajasthan Technical University, Kota",Approved,Approved,Not Accredited,No,,Tier 3,http://www.drradhakrishnan.ac.in,info@drradhakrishnan.ac.in,admissions@drradhakrishnan.ac.in,placement@drradhakrishnan.ac.in,+91-80-650-9021,Mechanical Engineering,B.Tech,60,285,2011,Urban,Yes,Yes
1-44638121448,1-44638121448,U-0755,DR. RADHAKRISHNAN INSTITUTE OF TECHNOLOGY,Active,Rajasthan,Jaipur,Jaipur,"KALWARA,NEAR MAHINDRA WORLD CITY(SEZ), AJMER ROAD,  JAIPUR",302659,26.931761,75.78195,Private-Self Financing,"Rajasthan Technical University, Kota",Approved,Approved,Not Accredited,No,,Tier 3,http://www.drradhakrishnan.ac.in,info@drradhakrishnan.ac.in,admissions@drradhakrishnan.ac.in,placement@drradhakrishnan.ac.in,+91-80-650-9021,Electronics & Communication Engineering (ECE),B.Tech,15,285,2011,Urban,Yes,Yes
1-44638101459,1-44638101459,U-0755,RAJDHANI ENGINEERING COLLEGE,Active,Rajasthan,Jaipur,Jaipur,"ROHINI NAHAR PHASE-I, SANGANER RENWAL ROAD, JAIPUR-303904",303904,26.892672,75.789475,Private-Self Financing,"Rajasthan Technical University, Kota",Approved,Approved,A,No,,Tier 3,http://www.rajdhani.ac.in,info@rajdhani.ac.in,admissions@rajdhani.ac.in,placement@rajdhani.ac.in,+91-80-011-4061,Civil Engineering,B.Tech,120,300,2007,Urban,Yes,Yes
1-44638101459,1-44638101459,U-0755,RAJDHANI ENGINEERING COLLEGE,Active,Rajasthan,Jaipur,Jaipur,"ROHINI NAHAR PHASE-I, SANGANER RENWAL ROAD, JAIPUR-303904",303904,26.892672,75.789475,Private-Self Financing,"Rajasthan Technical University, Kota",Approved,Approved,A,No,,Tier 3,http://www.rajdhani.ac.in,info@rajdhani.ac.in,admissions@rajdhani.ac.in,placement@rajdhani.ac.in,+91-80-011-4061,Mechanical Engineering,B.Tech,60,300,2007,Urban,Yes,Yes
1-44638101459,1-44638101459,U-0755,RAJDHANI ENGINEERING COLLEGE,Active,Rajasthan,Jaipur,Jaipur,"ROHINI NAHAR PHASE-I, SANGANER RENWAL ROAD, JAIPUR-303904",303904,26.892672,75.789475,Private-Self Financing,"Rajasthan Technical University, Kota",Approved,Approved,A,No,,Tier 3,http://www.rajdhani.ac.in,info@rajdhani.ac.in,admissions@rajdhani.ac.in,placement@rajdhani.ac.in,+91-80-011-4061,Electrical Engineering,B.Tech,60,300,2007,Urban,Yes,Yes
1-44638101459,1-44638101459,U-0755,RAJDHANI ENGINEERING COLLEGE,Active,Rajasthan,Jaipur,Jaipur,"ROHINI NAHAR PHASE-I, SANGANER RENWAL ROAD, JAIPUR-303904",303904,26.892672,75.789475,Private-Self Financing,"Rajasthan Technical University, Kota",Approved,Approved,A,No,,Tier 3,http://www.rajdhani.ac.in,info@rajdhani.ac.in,admissions@rajdhani.ac.in,placement@rajdhani.ac.in,+91-80-011-4061,Computer Science Engineering (CSE),B.Tech,60,300,2007,Urban,Yes,Yes
1-44638161412,1-44638161412,U-0356,"SCHOOL OF ENGINEERING & TECHNOLOGY, UNIVERSITY OF TECHNOLOGY",Active,Rajasthan,Jaipur,Jaipur,"VILLAGE VATIKA, TEHSIL SANGANER",302659,26.90091,75.796317,Private-Self Financing,"University of Technology , Jaipur",Approved,Approved,B+,No,,Tier 3,http://www.school.ac.in,info@school.ac.in,admissions@school.ac.in,placement@school.ac.in,+91-80-356-9593,Civil Engineering,B.Tech,90,480,1991,Rural,Yes,Yes
1-44638161412,1-44638161412,U-0356,"SCHOOL OF ENGINEERING & TECHNOLOGY, UNIVERSITY OF TECHNOLOGY",Active,Rajasthan,Jaipur,Jaipur,"VILLAGE VATIKA, TEHSIL SANGANER",302659,26.90091,75.796317,Private-Self Financing,"University of Technology , Jaipur",Approved,Approved,B+,No,,Tier 3,http://www.school.ac.in,info@school.ac.in,admissions@school.ac.in,placement@school.ac.in,+91-80-356-9593,Mechanical Engineering,B.Tech,90,480,1991,Rural,Yes,Yes
1-44638161412,1-44638161412,U-0356,"SCHOOL OF ENGINEERING & TECHNOLOGY, UNIVERSITY OF TECHNOLOGY",Active,Rajasthan,Jaipur,Jaipur,"VILLAGE VATIKA, TEHSIL SANGANER",302659,26.90091,75.796317,Private-Self Financing,"University of Technology , Jaipur",Approved,Approved,B+,No,,Tier 3,http://www.school.ac.in,info@school.ac.in,admissions@school.ac.in,placement@school.ac.in,+91-80-356-9593,Electrical Engineering,B.Tech,90,480,1991,Rural,Yes,Yes
1-44638161412,1-44638161412,U-0356,"SCHOOL OF ENGINEERING & TECHNOLOGY, UNIVERSITY OF TECHNOLOGY",Active,Rajasthan,Jaipur,Jaipur,"VILLAGE VATIKA, TEHSIL SANGANER",302659,26.90091,75.796317,Private-Self Financing,"University of Technology , Jaipur",Approved,Approved,B+,No,,Tier 3,http://www.school.ac.in,info@school.ac.in,admissions@school.ac.in,placement@school.ac.in,+91-80-356-9593,Electrical Engineering,Diploma,60,480,1991,Rural,Yes,Yes
1-44638161412,1-44638161412,U-0356,"SCHOOL OF ENGINEERING & TECHNOLOGY, UNIVERSITY OF TECHNOLOGY",Active,Rajasthan,Jaipur,Jaipur,"VILLAGE VATIKA, TEHSIL SANGANER",302659,26.90091,75.796317,Private-Self Financing,"University of Technology , Jaipur",Approved,Approved,B+,No,,Tier 3,http://www.school.ac.in,info@school.ac.in,admissions@school.ac.in,placement@school.ac.in,+91-80-356-9593,Mechanical Engineering,Diploma,60,480,1991,Rural,Yes,Yes
1-44638161412,1-44638161412,U-0356,"SCHOOL OF ENGINEERING & TECHNOLOGY, UNIVERSITY OF TECHNOLOGY",Active,Rajasthan,Jaipur,Jaipur,"VILLAGE VATIKA, TEHSIL SANGANER",302659,26.90091,75.796317,Private-Self Financing,"University of Technology , Jaipur",Approved,Approved,B+,No,,Tier 3,http://www.school.ac.in,info@school.ac.in,admissions@school.ac.in,placement@school.ac.in,+91-80-356-9593,Computer Science Engineering (CSE),B.Tech,90,480,1991,Rural,Yes,Yes
1-44638292840,1-44638292840,U-0755,"ENGINEERING COLLEGE, KARAULI",Active,Rajasthan,Karauli,Karauli,VILLAGE- MANCHI TAHSHIL- KARAULI NEAR MEGA HIGHWAY,302020,27.013124,74.215515,Government,"Rajasthan Technical University, Kota",Approved,Approved,A+,Yes,,Tier 2,http://www.karauli.ac.in,info@karauli.ac.in,admissions@karauli.ac.in,placement@karauli.ac.in,+91-80-391-0768,Mechanical Engineering,B.Tech,54,270,1988,Urban,Yes,Yes
1-44638292840,1-44638292840,U-0755,"ENGINEERING COLLEGE, KARAULI",Active,Rajasthan,Karauli,Karauli,VILLAGE- MANCHI TAHSHIL- KARAULI NEAR MEGA HIGHWAY,302020,27.013124,74.215515,Government,"Rajasthan Technical University, Kota",Approved,Approved,A+,Yes,,Tier 2,http://www.karauli.ac.in,info@karauli.ac.in,admissions@karauli.ac.in,placement@karauli.ac.in,+91-80-391-0768,Computer Science Engineering (CSE),B.Tech,54,270,1988,Urban,Yes,Yes
1-44638292840,1-44638292840,U-0755,"ENGINEERING COLLEGE, KARAULI",Active,Rajasthan,Karauli,Karauli,VILLAGE- MANCHI TAHSHIL- KARAULI NEAR MEGA HIGHWAY,302020,27.013124,74.215515,Government,"Rajasthan Technical University, Kota",Approved,Approved,A+,Yes,,Tier 2,http://www.karauli.ac.in,info@karauli.ac.in,admissions@karauli.ac.in,placement@karauli.ac.in,+91-80-391-0768,Electronics & Communication Engineering (ECE),B.Tech,54,270,1988,Urban,Yes,Yes
1-44638292840,1-44638292840,U-0755,"ENGINEERING COLLEGE, KARAULI",Active,Rajasthan,Karauli,Karauli,VILLAGE- MANCHI TAHSHIL- KARAULI NEAR MEGA HIGHWAY,302020,27.013124,74.215515,Government,"Rajasthan Technical University, Kota",Approved,Approved,A+,Yes,,Tier 2,http://www.karauli.ac.in,info@karauli.ac.in,admissions@karauli.ac.in,placement@karauli.ac.in,+91-80-391-0768,Electrical Engineering,B.Tech,54,270,1988,Urban,Yes,Yes
1-44638292840,1-44638292840,U-0755,"ENGINEERING COLLEGE, KARAULI",Active,Rajasthan,Karauli,Karauli,VILLAGE- MANCHI TAHSHIL- KARAULI NEAR MEGA HIGHWAY,302020,27.013124,74.215515,Government,"Rajasthan Technical University, Kota",Approved,Approved,A+,Yes,,Tier 2,http://www.karauli.ac.in,info@karauli.ac.in,admissions@karauli.ac.in,placement@karauli.ac.in,+91-80-391-0768,Civil Engineering,B.Tech,54,270,1988,Urban,Yes,Yes
1-44638163586,1-44638163586,U-0197,GOVERNMENT POLYTECHNIC COLLEGE UCHCHAIN,Active,Rajasthan,Bharatpur,Bharatpur,CAMPUS OF SHRI GOKUL VERMA GOVERNMENT POLYTECHNIC COLLEGE BHARATPUR,302200,27.041012,74.221425,Government,"Board of Technical Education And Directorate Of Technical Education, Jodhpur",Approved,Approved,B++,Yes,,Tier 3,http://www.uchchain.ac.in,info@uchchain.ac.in,admissions@uchchain.ac.in,placement@uchchain.ac.in,+91-80-560-7958,Other Engineering Branches,Diploma,120,300,2006,Urban,Yes,No
1-44638163586,1-44638163586,U-0197,GOVERNMENT POLYTECHNIC COLLEGE UCHCHAIN,Active,Rajasthan,Bharatpur,Bharatpur,CAMPUS OF SHRI GOKUL VERMA GOVERNMENT POLYTECHNIC COLLEGE BHARATPUR,302200,27.041012,74.221425,Government,"Board of Technical Education And Directorate Of Technical Education, Jodhpur",Approved,Approved,B++,Yes,,Tier 3,http://www.uchchain.ac.in,info@uchchain.ac.in,admissions@uchchain.ac.in,placement@uchchain.ac.in,+91-80-560-7958,Information Technology (IT),Diploma,60,300,2006,Urban,Yes,No
1-44638163586,1-44638163586,U-0197,GOVERNMENT POLYTECHNIC COLLEGE UCHCHAIN,Active,Rajasthan,Bharatpur,Bharatpur,CAMPUS OF SHRI GOKUL VERMA GOVERNMENT POLYTECHNIC COLLEGE BHARATPUR,302200,27.041012,74.221425,Government,"Board of Technical Education And Directorate Of Technical Education, Jodhpur",Approved,Approved,B++,Yes,,Tier 3,http://www.uchchain.ac.in,info@uchchain.ac.in,admissions@uchchain.ac.in,placement@uchchain.ac.in,+91-80-560-7958,Agricultural Engineering,Diploma,60,300,2006,Urban,Yes,No
1-44638163586,1-44638163586,U-0197,GOVERNMENT POLYTECHNIC COLLEGE UCHCHAIN,Active,Rajasthan,Bharatpur,Bharatpur,CAMPUS OF SHRI GOKUL VERMA GOVERNMENT POLYTECHNIC COLLEGE BHARATPUR,302200,27.041012,74.221425,Government,"Board of Technical Education And Directorate Of Technical Education, Jodhpur",Approved,Approved,B++,Yes,,Tier 3,http://www.uchchain.ac.in,info@uchchain.ac.in,admissions@uchchain.ac.in,placement@uchchain.ac.in,+91-80-560-7958,Mechanical Engineering,Diploma,60,300,2006,Urban,Yes,No
1-44638126366,1-44638126366,U-0784,GOVERNMENT ENGINEERING COLLEGE BARMER,Active,Rajasthan,Barmer,Barmer,"JODHPUR ROAD ,UTTARLAI , BARMER (RAJASTHAN )",302067,27.009523,74.215654,Government,MBM UNIVERSITY,Approved,Approved,A,No,,Tier 2,http://www.barmer.ac.in,info@barmer.ac.in,admissions@barmer.ac.in,placement@barmer.ac.in,+91-80-240-0369,Electrical Engineering,B.Tech,60,300,2007,Urban,Yes,Yes
1-44638126366,1-44638126366,U-0784,GOVERNMENT ENGINEERING COLLEGE BARMER,Active,Rajasthan,Barmer,Barmer,"JODHPUR ROAD ,UTTARLAI , BARMER (RAJASTHAN )",302067,27.009523,74.215654,Government,MBM UNIVERSITY,Approved,Approved,A,No,,Tier 2,http://www.barmer.ac.in,info@barmer.ac.in,admissions@barmer.ac.in,placement@barmer.ac.in,+91-80-240-0369,Electronics & Communication Engineering (ECE),B.Tech,30,300,2007,Urban,Yes,Yes
1-44638126366,1-44638126366,U-0784,GOVERNMENT ENGINEERING COLLEGE BARMER,Active,Rajasthan,Barmer,Barmer,"JODHPUR ROAD ,UTTARLAI , BARMER (RAJASTHAN )",302067,27.009523,74.215654,Government,MBM UNIVERSITY,Approved,Approved,A,No,,Tier 2,http://www.barmer.ac.in,info@barmer.ac.in,admissions@barmer.ac.in,placement@barmer.ac.in,+91-80-240-0369,Civil Engineering,B.Tech,60,300,2007,Urban,Yes,Yes
1-44638126366,1-44638126366,U-0784,GOVERNMENT ENGINEERING COLLEGE BARMER,Active,Rajasthan,Barmer,Barmer,"JODHPUR ROAD ,UTTARLAI , BARMER (RAJASTHAN )",302067,27.009523,74.215654,Government,MBM UNIVERSITY,Approved,Approved,A,No,,Tier 2,http://www.barmer.ac.in,info@barmer.ac.in,admissions@barmer.ac.in,placement@barmer.ac.in,+91-80-240-0369,Mechanical Engineering,B.Tech,30,300,2007,Urban,Yes,Yes
1-44638126366,1-44638126366,U-0784,GOVERNMENT ENGINEERING COLLEGE BARMER,Active,Rajasthan,Barmer,Barmer,"JODHPUR ROAD ,UTTARLAI , BARMER (RAJASTHAN )",302067,27.009523,74.215654,Government,MBM UNIVERSITY,Approved,Approved,A,No,,Tier 2,http://www.barmer.ac.in,info@barmer.ac.in,admissions@barmer.ac.in,placement@barmer.ac.in,+91-80-240-0369,Other Engineering Branches,B.Tech,60,300,2007,Urban,Yes,Yes
1-44638126366,1-44638126366,U-0784,GOVERNMENT ENGINEERING COLLEGE BARMER,Active,Rajasthan,Barmer,Barmer,"JODHPUR ROAD ,UTTARLAI , BARMER (RAJASTHAN )",302067,27.009523,74.215654,Government,MBM UNIVERSITY,Approved,Approved,A,No,,Tier 2,http://www.barmer.ac.in,info@barmer.ac.in,admissions@barmer.ac.in,placement@barmer.ac.in,+91-80-240-0369,Chemical Engineering,B.Tech,30,300,2007,Urban,Yes,Yes
1-44638126366,1-44638126366,U-0784,GOVERNMENT ENGINEERING COLLEGE BARMER,Active,Rajasthan,Barmer,Barmer,"JODHPUR ROAD ,UTTARLAI , BARMER (RAJASTHAN )",302067,27.009523,74.215654,Government,MBM UNIVERSITY,Approved,Approved,A,No,,Tier 2,http://www.barmer.ac.in,info@barmer.ac.in,admissions@barmer.ac.in,placement@barmer.ac.in,+91-80-240-0369,Artificial Intelligence & Machine Learning (AI & ML),B.Tech,30,300,2007,Urban,Yes,Yes
1-44638183539,1-44638183539,U-0992,THE LNM INSTITUTE OF INFORMATION TECHNOLOGY JAIPUR DEEMED TO BE UNIVERSITY,Active,Rajasthan,Jaipur,Jaipur,"RUPA KI NANGAL, POST-SUMEL, VIA-JAMDOLI, JAIPUR, RAJASTHAN - 302031",302031,26.901596,75.769231,Deemed to be University(Pvt),NOT APPLICABLE,Approved,Approved,B,Yes,,Tier 3,http://www.thelnminformation.ac.in,info@thelnminformation.ac.in,admissions@thelnminformation.ac.in,placement@thelnminformation.ac.in,+91-80-385-6908,Computer Science Engineering (CSE),B.Tech,390,690,2018,Urban,Yes,Yes
1-44638183539,1-44638183539,U-0992,THE LNM INSTITUTE OF INFORMATION TECHNOLOGY JAIPUR DEEMED TO BE UNIVERSITY,Active,Rajasthan,Jaipur,Jaipur,"RUPA KI NANGAL, POST-SUMEL, VIA-JAMDOLI, JAIPUR, RAJASTHAN - 302031",302031,26.901596,75.769231,Deemed to be University(Pvt),NOT APPLICABLE,Approved,Approved,B,Yes,,Tier 3,http://www.thelnminformation.ac.in,info@thelnminformation.ac.in,admissions@thelnminformation.ac.in,placement@thelnminformation.ac.in,+91-80-385-6908,Computer Science Engineering (CSE),M.Tech,15,690,2018,Urban,Yes,Yes
1-44638183539,1-44638183539,U-0992,THE LNM INSTITUTE OF INFORMATION TECHNOLOGY JAIPUR DEEMED TO BE UNIVERSITY,Active,Rajasthan,Jaipur,Jaipur,"RUPA KI NANGAL, POST-SUMEL, VIA-JAMDOLI, JAIPUR, RAJASTHAN - 302031",302031,26.901596,75.769231,Deemed to be University(Pvt),NOT APPLICABLE,Approved,Approved,B,Yes,,Tier 3,http://www.thelnminformation.ac.in,info@thelnminformation.ac.in,admissions@thelnminformation.ac.in,placement@thelnminformation.ac.in,+91-80-385-6908,Electronics & Communication Engineering (ECE),B.Tech,210,690,2018,Urban,Yes,Yes
1-44638183539,1-44638183539,U-0992,THE LNM INSTITUTE OF INFORMATION TECHNOLOGY JAIPUR DEEMED TO BE UNIVERSITY,Active,Rajasthan,Jaipur,Jaipur,"RUPA KI NANGAL, POST-SUMEL, VIA-JAMDOLI, JAIPUR, RAJASTHAN - 302031",302031,26.901596,75.769231,Deemed to be University(Pvt),NOT APPLICABLE,Approved,Approved,B,Yes,,Tier 3,http://www.thelnminformation.ac.in,info@thelnminformation.ac.in,admissions@thelnminformation.ac.in,placement@thelnminformation.ac.in,+91-80-385-6908,Electronics & Communication Engineering (ECE),M.Tech,15,690,2018,Urban,Yes,Yes
1-44638183539,1-44638183539,U-0992,THE LNM INSTITUTE OF INFORMATION TECHNOLOGY JAIPUR DEEMED TO BE UNIVERSITY,Active,Rajasthan,Jaipur,Jaipur,"RUPA KI NANGAL, POST-SUMEL, VIA-JAMDOLI, JAIPUR, RAJASTHAN - 302031",302031,26.901596,75.769231,Deemed to be University(Pvt),NOT APPLICABLE,Approved,Approved,B,Yes,,Tier 3,http://www.thelnminformation.ac.in,info@thelnminformation.ac.in,admissions@thelnminformation.ac.in,placement@thelnminformation.ac.in,+91-80-385-6908,Mechanical Engineering,B.Tech,60,690,2018,Urban,Yes,Yes
1-44638245783,1-44638245783,U-0755,MAHARANI GIRLS ENGINEERING COLLEGE,Active,Rajasthan,Jaipur,Jaipur,"KALWARA, NEAR MAHINDRA WORD CITY (SEZ), JAIPUR",302659,26.927239,75.783558,Private-Self Financing,"Rajasthan Technical University, Kota",Approved,Approved,B,Yes,,Tier 3,http://www.maharanigirls.ac.in,info@maharanigirls.ac.in,admissions@maharanigirls.ac.in,placement@maharanigirls.ac.in,+91-80-461-2584,Electronics & Communication Engineering (ECE),B.Tech,15,75,2021,Urban,Yes,Yes
1-44638245783,1-44638245783,U-0755,MAHARANI GIRLS ENGINEERING COLLEGE,Active,Rajasthan,Jaipur,Jaipur,"KALWARA, NEAR MAHINDRA WORD CITY (SEZ), JAIPUR",302659,26.927239,75.783558,Private-Self Financing,"Rajasthan Technical University, Kota",Approved,Approved,B,Yes,,Tier 3,http://www.maharanigirls.ac.in,info@maharanigirls.ac.in,admissions@maharanigirls.ac.in,placement@maharanigirls.ac.in,+91-80-461-2584,Electrical & Electronics Engineering (EEE),B.Tech,15,75,2021,Urban,Yes,Yes
1-44638245783,1-44638245783,U-0755,MAHARANI GIRLS ENGINEERING COLLEGE,Active,Rajasthan,Jaipur,Jaipur,"KALWARA, NEAR MAHINDRA WORD CITY (SEZ), JAIPUR",302659,26.927239,75.783558,Private-Self Financing,"Rajasthan Technical University, Kota",Approved,Approved,B,Yes,,Tier 3,http://www.maharanigirls.ac.in,info@maharanigirls.ac.in,admissions@maharanigirls.ac.in,placement@maharanigirls.ac.in,+91-80-461-2584,Computer Science Engineering (CSE),B.Tech,30,75,2021,Urban,Yes,Yes
1-44638245783,1-44638245783,U-0755,MAHARANI GIRLS ENGINEERING COLLEGE,Active,Rajasthan,Jaipur,Jaipur,"KALWARA, NEAR MAHINDRA WORD CITY (SEZ), JAIPUR",302659,26.927239,75.783558,Private-Self Financing,"Rajasthan Technical University, Kota",Approved,Approved,B,Yes,,Tier 3,http://www.maharanigirls.ac.in,info@maharanigirls.ac.in,admissions@maharanigirls.ac.in,placement@maharanigirls.ac.in,+91-80-461-2584,Civil Engineering,B.Tech,15,75,2021,Urban,Yes,Yes
1-44638267612,1-44638267612,U-0197,GOVERNMENT POLYTECHNIC COLLEGE UDAIPUR,Active,Rajasthan,Udaipur,Udaipur,"REVENUE VILLAGE JOGI TALAB(SAVINA),SOUTH EXTENSION SCHEME(B&C), UDAIPUR",302880,27.017661,74.206942,Government,"Board of Technical Education And Directorate Of Technical Education, Jodhpur",Approved,Approved,A,No,,Tier 2,http://www.udaipur.ac.in,info@udaipur.ac.in,admissions@udaipur.ac.in,placement@udaipur.ac.in,+91-80-581-3561,Civil Engineering,Diploma,54,162,1980,Urban,Yes,No
1-44638267612,1-44638267612,U-0197,GOVERNMENT POLYTECHNIC COLLEGE UDAIPUR,Active,Rajasthan,Udaipur,Udaipur,"REVENUE VILLAGE JOGI TALAB(SAVINA),SOUTH EXTENSION SCHEME(B&C), UDAIPUR",302880,27.017661,74.206942,Government,"Board of Technical Education And Directorate Of Technical Education, Jodhpur",Approved,Approved,A,No,,Tier 2,http://www.udaipur.ac.in,info@udaipur.ac.in,admissions@udaipur.ac.in,placement@udaipur.ac.in,+91-80-581-3561,Mechanical Engineering,Diploma,54,162,1980,Urban,Yes,No
1-44638267612,1-44638267612,U-0197,GOVERNMENT POLYTECHNIC COLLEGE UDAIPUR,Active,Rajasthan,Udaipur,Udaipur,"REVENUE VILLAGE JOGI TALAB(SAVINA),SOUTH EXTENSION SCHEME(B&C), UDAIPUR",302880,27.017661,74.206942,Government,"Board of Technical Education And Directorate Of Technical Education, Jodhpur",Approved,Approved,A,No,,Tier 2,http://www.udaipur.ac.in,info@udaipur.ac.in,admissions@udaipur.ac.in,placement@udaipur.ac.in,+91-80-581-3561,Electrical Engineering,Diploma,54,162,1980,Urban,Yes,No
1-44638246401,1-44638246401,U-0197,MSME TECHNOLOGY CENTRE BHIWADI,Active,Rajasthan,Alwar,Alwar,"PLOT NO.871 (A),872,RIICO INDUSTRIAL ESTATE PATHREDI, BHIWADI",302505,27.003878,74.235781,Government,"Board of Technical Education And Directorate Of Technical Education, Jodhpur",Approved,Approved,B++,Yes,,Tier 3,http://www.msmecentrebhiwadi.ac.in,info@msmecentrebhiwadi.ac.in,admissions@msmecentrebhiwadi.ac.in,placement@msmecentrebhiwadi.ac.in,+91-80-003-2754,Mechanical Engineering,Diploma,60,180,1987,Urban,Yes,Yes
1-44638246401,1-44638246401,U-0197,MSME TECHNOLOGY CENTRE BHIWADI,Active,Rajasthan,Alwar,Alwar,"PLOT NO.871 (A),872,RIICO INDUSTRIAL ESTATE PATHREDI, BHIWADI",302505,27.003878,74.235781,Government,"Board of Technical Education And Directorate Of Technical Education, Jodhpur",Approved,Approved,B++,Yes,,Tier 3,http://www.msmecentrebhiwadi.ac.in,info@msmecentrebhiwadi.ac.in,admissions@msmecentrebhiwadi.ac.in,placement@msmecentrebhiwadi.ac.in,+91-80-003-2754,Other Engineering Branches,Diploma,120,180,1987,Urban,Yes,Yes
1-44638247371,1-44638247371,U-0992,MEWAR POLYTECHNIC COLLEGE,Active,Rajasthan,Chittorgarh,Chittorgarh,"MEWAR UNIVERSITY, NH-79, GANGRAR, CHITTORGARH",302196,27.037266,74.202171,State Private University,NOT APPLICABLE,Approved,Approved,Not Accredited,No,,Tier 3,http://www.mewar.ac.in,info@mewar.ac.in,admissions@mewar.ac.in,placement@mewar.ac.in,+91-80-403-6507,Civil Engineering,Diploma,60,300,2009,Urban,Yes,Yes
1-44638247371,1-44638247371,U-0992,MEWAR POLYTECHNIC COLLEGE,Active,Rajasthan,Chittorgarh,Chittorgarh,"MEWAR UNIVERSITY, NH-79, GANGRAR, CHITTORGARH",302196,27.037266,74.202171,State Private University,NOT APPLICABLE,Approved,Approved,Not Accredited,No,,Tier 3,http://www.mewar.ac.in,info@mewar.ac.in,admissions@mewar.ac.in,placement@mewar.ac.in,+91-80-403-6507,Mechanical Engineering,Diploma,60,300,2009,Urban,Yes,Yes
1-44638247371,1-44638247371,U-0992,MEWAR POLYTECHNIC COLLEGE,Active,Rajasthan,Chittorgarh,Chittorgarh,"MEWAR UNIVERSITY, NH-79, GANGRAR, CHITTORGARH",302196,27.037266,74.202171,State Private University,NOT APPLICABLE,Approved,Approved,Not Accredited,No,,Tier 3,http://www.mewar.ac.in,info@mewar.ac.in,admissions@mewar.ac.in,placement@mewar.ac.in,+91-80-403-6507,Mining Engineering,Diploma,60,300,2009,Urban,Yes,Yes
1-44638247371,1-44638247371,U-0992,MEWAR POLYTECHNIC COLLEGE,Active,Rajasthan,Chittorgarh,Chittorgarh,"MEWAR UNIVERSITY, NH-79, GANGRAR, CHITTORGARH",302196,27.037266,74.202171,State Private University,NOT APPLICABLE,Approved,Approved,Not Accredited,No,,Tier 3,http://www.mewar.ac.in,info@mewar.ac.in,admissions@mewar.ac.in,placement@mewar.ac.in,+91-80-403-6507,Electrical Engineering,Diploma,60,300,2009,Urban,Yes,Yes
1-44638247371,1-44638247371,U-0992,MEWAR POLYTECHNIC COLLEGE,Active,Rajasthan,Chittorgarh,Chittorgarh,"MEWAR UNIVERSITY, NH-79, GANGRAR, CHITTORGARH",302196,27.037266,74.202171,State Private University,NOT APPLICABLE,Approved,Approved,Not Accredited,No,,Tier 3,http://www.mewar.ac.in,info@mewar.ac.in,admissions@mewar.ac.in,placement@mewar.ac.in,+91-80-403-6507,Computer Science Engineering (CSE),Diploma,60,300,2009,Urban,Yes,Yes
1-44638667366,1-44638667366,U-0353,BIKANER TECHNICAL UNIVERSITY,Active,Rajasthan,Bikaner,Bikaner,"BIKANER TECHNICAL UNIVERSITY, UCET CAMPUS, RIICO KARNI INDUSTRIAL AREA, PUGAL ROAD, BIKANER, RAJASTHAN 334004",334004,27.038499,74.215606,State Government University,Bikaner Technical University,Approved,Approved,A,No,,Tier 3,http://www.bikanertechnical.ac.in,info@bikanertechnical.ac.in,admissions@bikanertechnical.ac.in,placement@bikanertechnical.ac.in,+91-80-455-3713,Other Engineering Branches,M.Tech,72,570,2007,Urban,No,Yes
1-44638667366,1-44638667366,U-0353,BIKANER TECHNICAL UNIVERSITY,Active,Rajasthan,Bikaner,Bikaner,"BIKANER TECHNICAL UNIVERSITY, UCET CAMPUS, RIICO KARNI INDUSTRIAL AREA, PUGAL ROAD, BIKANER, RAJASTHAN 334004",334004,27.038499,74.215606,State Government University,Bikaner Technical University,Approved,Approved,A,No,,Tier 3,http://www.bikanertechnical.ac.in,info@bikanertechnical.ac.in,admissions@bikanertechnical.ac.in,placement@bikanertechnical.ac.in,+91-80-455-3713,Data Science,M.Tech,18,570,2007,Urban,No,Yes
1-44638667366,1-44638667366,U-0353,BIKANER TECHNICAL UNIVERSITY,Active,Rajasthan,Bikaner,Bikaner,"BIKANER TECHNICAL UNIVERSITY, UCET CAMPUS, RIICO KARNI INDUSTRIAL AREA, PUGAL ROAD, BIKANER, RAJASTHAN 334004",334004,27.038499,74.215606,State Government University,Bikaner Technical University,Approved,Approved,A,No,,Tier 3,http://www.bikanertechnical.ac.in,info@bikanertechnical.ac.in,admissions@bikanertechnical.ac.in,placement@bikanertechnical.ac.in,+91-80-455-3713,Data Science,B.Tech,30,570,2007,Urban,No,Yes
1-44638667366,1-44638667366,U-0353,BIKANER TECHNICAL UNIVERSITY,Active,Rajasthan,Bikaner,Bikaner,"BIKANER TECHNICAL UNIVERSITY, UCET CAMPUS, RIICO KARNI INDUSTRIAL AREA, PUGAL ROAD, BIKANER, RAJASTHAN 334004",334004,27.038499,74.215606,State Government University,Bikaner Technical University,Approved,Approved,A,No,,Tier 3,http://www.bikanertechnical.ac.in,info@bikanertechnical.ac.in,admissions@bikanertechnical.ac.in,placement@bikanertechnical.ac.in,+91-80-455-3713,Cyber Security,B.Tech,30,570,2007,Urban,No,Yes
1-44638667366,1-44638667366,U-0353,BIKANER TECHNICAL UNIVERSITY,Active,Rajasthan,Bikaner,Bikaner,"BIKANER TECHNICAL UNIVERSITY, UCET CAMPUS, RIICO KARNI INDUSTRIAL AREA, PUGAL ROAD, BIKANER, RAJASTHAN 334004",334004,27.038499,74.215606,State Government University,Bikaner Technical University,Approved,Approved,A,No,,Tier 3,http://www.bikanertechnical.ac.in,info@bikanertechnical.ac.in,admissions@bikanertechnical.ac.in,placement@bikanertechnical.ac.in,+91-80-455-3713,Information Technology (IT),B.Tech,30,570,2007,Urban,No,Yes
1-44638667366,1-44638667366,U-0353,BIKANER TECHNICAL UNIVERSITY,Active,Rajasthan,Bikaner,Bikaner,"BIKANER TECHNICAL UNIVERSITY, UCET CAMPUS, RIICO KARNI INDUSTRIAL AREA, PUGAL ROAD, BIKANER, RAJASTHAN 334004",334004,27.038499,74.215606,State Government University,Bikaner Technical University,Approved,Approved,A,No,,Tier 3,http://www.bikanertechnical.ac.in,info@bikanertechnical.ac.in,admissions@bikanertechnical.ac.in,placement@bikanertechnical.ac.in,+91-80-455-3713,Computer Science Engineering (CSE),B.Tech,120,570,2007,Urban,No,Yes
1-44638667366,1-44638667366,U-0353,BIKANER TECHNICAL UNIVERSITY,Active,Rajasthan,Bikaner,Bikaner,"BIKANER TECHNICAL UNIVERSITY, UCET CAMPUS, RIICO KARNI INDUSTRIAL AREA, PUGAL ROAD, BIKANER, RAJASTHAN 334004",334004,27.038499,74.215606,State Government University,Bikaner Technical University,Approved,Approved,A,No,,Tier 3,http://www.bikanertechnical.ac.in,info@bikanertechnical.ac.in,admissions@bikanertechnical.ac.in,placement@bikanertechnical.ac.in,+91-80-455-3713,Other Engineering Branches,B.Tech,30,570,2007,Urban,No,Yes
1-44638667366,1-44638667366,U-0353,BIKANER TECHNICAL UNIVERSITY,Active,Rajasthan,Bikaner,Bikaner,"BIKANER TECHNICAL UNIVERSITY, UCET CAMPUS, RIICO KARNI INDUSTRIAL AREA, PUGAL ROAD, BIKANER, RAJASTHAN 334004",334004,27.038499,74.215606,State Government University,Bikaner Technical University,Approved,Approved,A,No,,Tier 3,http://www.bikanertechnical.ac.in,info@bikanertechnical.ac.in,admissions@bikanertechnical.ac.in,placement@bikanertechnical.ac.in,+91-80-455-3713,Electronics & Communication Engineering (ECE),B.Tech,30,570,2007,Urban,No,Yes
1-44638667366,1-44638667366,U-0353,BIKANER TECHNICAL UNIVERSITY,Active,Rajasthan,Bikaner,Bikaner,"BIKANER TECHNICAL UNIVERSITY, UCET CAMPUS, RIICO KARNI INDUSTRIAL AREA, PUGAL ROAD, BIKANER, RAJASTHAN 334004",334004,27.038499,74.215606,State Government University,Bikaner Technical University,Approved,Approved,A,No,,Tier 3,http://www.bikanertechnical.ac.in,info@bikanertechnical.ac.in,admissions@bikanertechnical.ac.in,placement@bikanertechnical.ac.in,+91-80-455-3713,Civil Engineering,B.Tech,90,570,2007,Urban,No,Yes
1-44638667366,1-44638667366,U-0353,BIKANER TECHNICAL UNIVERSITY,Active,Rajasthan,Bikaner,Bikaner,"BIKANER TECHNICAL UNIVERSITY, UCET CAMPUS, RIICO KARNI INDUSTRIAL AREA, PUGAL ROAD, BIKANER, RAJASTHAN 334004",334004,27.038499,74.215606,State Government University,Bikaner Technical University,Approved,Approved,A,No,,Tier 3,http://www.bikanertechnical.ac.in,info@bikanertechnical.ac.in,admissions@bikanertechnical.ac.in,placement@bikanertechnical.ac.in,+91-80-455-3713,Mechanical Engineering,B.Tech,60,570,2007,Urban,No,Yes
1-44638667366,1-44638667366,U-0353,BIKANER TECHNICAL UNIVERSITY,Active,Rajasthan,Bikaner,Bikaner,"BIKANER TECHNICAL UNIVERSITY, UCET CAMPUS, RIICO KARNI INDUSTRIAL AREA, PUGAL ROAD, BIKANER, RAJASTHAN 334004",334004,27.038499,74.215606,State Government University,Bikaner Technical University,Approved,Approved,A,No,,Tier 3,http://www.bikanertechnical.ac.in,info@bikanertechnical.ac.in,admissions@bikanertechnical.ac.in,placement@bikanertechnical.ac.in,+91-80-455-3713,Electrical Engineering,B.Tech,60,570,2007,Urban,No,Yes
1-44638769792,1-44638769792,U-0197,NORTHERN INSTITUTE OF ENGINEERING TECHNICAL CAMPUS,Active,Rajasthan,Alwar,Alwar,"VILLAGE: BALDEVBAS, PANCHAYAT: CHIKANI, TEHSIL: BAHADURPUR,",302505,27.007635,74.227675,Private-Self Financing,"Board of Technical Education And Directorate Of Technical Education, Jodhpur",Approved,Approved,A+,No,,Tier 3,http://www.northerntechnicalcampus.ac.in,info@northerntechnicalcampus.ac.in,admissions@northerntechnicalcampus.ac.in,placement@northerntechnicalcampus.ac.in,+91-80-160-8638,Mechanical Engineering,Diploma,30,240,1985,Rural,Yes,Yes
1-44638769792,1-44638769792,U-0197,NORTHERN INSTITUTE OF ENGINEERING TECHNICAL CAMPUS,Active,Rajasthan,Alwar,Alwar,"VILLAGE: BALDEVBAS, PANCHAYAT: CHIKANI, TEHSIL: BAHADURPUR,",302505,27.007635,74.227675,Private-Self Financing,"Board of Technical Education And Directorate Of Technical Education, Jodhpur",Approved,Approved,A+,No,,Tier 3,http://www.northerntechnicalcampus.ac.in,info@northerntechnicalcampus.ac.in,admissions@northerntechnicalcampus.ac.in,placement@northerntechnicalcampus.ac.in,+91-80-160-8638,Civil Engineering,B.Tech,30,240,1985,Rural,Yes,Yes
1-44638769792,1-44638769792,U-0197,NORTHERN INSTITUTE OF ENGINEERING TECHNICAL CAMPUS,Active,Rajasthan,Alwar,Alwar,"VILLAGE: BALDEVBAS, PANCHAYAT: CHIKANI, TEHSIL: BAHADURPUR,",302505,27.007635,74.227675,Private-Self Financing,"Board of Technical Education And Directorate Of Technical Education, Jodhpur",Approved,Approved,A+,No,,Tier 3,http://www.northerntechnicalcampus.ac.in,info@northerntechnicalcampus.ac.in,admissions@northerntechnicalcampus.ac.in,placement@northerntechnicalcampus.ac.in,+91-80-160-8638,Computer Science Engineering (CSE),B.Tech,60,240,1985,Rural,Yes,Yes
1-44638769792,1-44638769792,U-0197,NORTHERN INSTITUTE OF ENGINEERING TECHNICAL CAMPUS,Active,Rajasthan,Alwar,Alwar,"VILLAGE: BALDEVBAS, PANCHAYAT: CHIKANI, TEHSIL: BAHADURPUR,",302505,27.007635,74.227675,Private-Self Financing,"Board of Technical Education And Directorate Of Technical Education, Jodhpur",Approved,Approved,A+,No,,Tier 3,http://www.northerntechnicalcampus.ac.in,info@northerntechnicalcampus.ac.in,admissions@northerntechnicalcampus.ac.in,placement@northerntechnicalcampus.ac.in,+91-80-160-8638,Electrical Engineering,B.Tech,30,240,1985,Rural,Yes,Yes
1-44638769792,1-44638769792,U-0197,NORTHERN INSTITUTE OF ENGINEERING TECHNICAL CAMPUS,Active,Rajasthan,Alwar,Alwar,"VILLAGE: BALDEVBAS, PANCHAYAT: CHIKANI, TEHSIL: BAHADURPUR,",302505,27.007635,74.227675,Private-Self Financing,"Board of Technical Education And Directorate Of Technical Education, Jodhpur",Approved,Approved,A+,No,,Tier 3,http://www.northerntechnicalcampus.ac.in,info@northerntechnicalcampus.ac.in,admissions@northerntechnicalcampus.ac.in,placement@northerntechnicalcampus.ac.in,+91-80-160-8638,Mechanical Engineering,B.Tech,30,240,1985,Rural,Yes,Yes
1-44638769792,1-44638769792,U-0197,NORTHERN INSTITUTE OF ENGINEERING TECHNICAL CAMPUS,Active,Rajasthan,Alwar,Alwar,"VILLAGE: BALDEVBAS, PANCHAYAT: CHIKANI, TEHSIL: BAHADURPUR,",302505,27.007635,74.227675,Private-Self Financing,"Board of Technical Education And Directorate Of Technical Education, Jodhpur",Approved,Approved,A+,No,,Tier 3,http://www.northerntechnicalcampus.ac.in,info@northerntechnicalcampus.ac.in,admissions@northerntechnicalcampus.ac.in,placement@northerntechnicalcampus.ac.in,+91-80-160-8638,Electrical Engineering,Diploma,30,240,1985,Rural,Yes,Yes
1-44638769792,1-44638769792,U-0197,NORTHERN INSTITUTE OF ENGINEERING TECHNICAL CAMPUS,Active,Rajasthan,Alwar,Alwar,"VILLAGE: BALDEVBAS, PANCHAYAT: CHIKANI, TEHSIL: BAHADURPUR,",302505,27.007635,74.227675,Private-Self Financing,"Board of Technical Education And Directorate Of Technical Education, Jodhpur",Approved,Approved,A+,No,,Tier 3,http://www.northerntechnicalcampus.ac.in,info@northerntechnicalcampus.ac.in,admissions@northerntechnicalcampus.ac.in,placement@northerntechnicalcampus.ac.in,+91-80-160-8638,Civil Engineering,Diploma,30,240,1985,Rural,Yes,Yes
1-44638590343,1-44638590343,U-0755,GOVERNMENT ENGINEERING COLLEGE BARAN,Active,Rajasthan,Baran,Baran,GOVERNMENT POLYTECHNIC COLLEGE BARAN NH27 VILLAGE BATAVADI TEHSIL ANTAH,302645,27.035611,74.215707,Government,"Rajasthan Technical University, Kota",Approved,Approved,A,No,,Tier 2,http://www.baran.ac.in,info@baran.ac.in,admissions@baran.ac.in,placement@baran.ac.in,+91-80-334-2577,Agricultural Engineering,B.Tech,48,240,2012,Rural,No,Yes
1-44638590343,1-44638590343,U-0755,GOVERNMENT ENGINEERING COLLEGE BARAN,Active,Rajasthan,Baran,Baran,GOVERNMENT POLYTECHNIC COLLEGE BARAN NH27 VILLAGE BATAVADI TEHSIL ANTAH,302645,27.035611,74.215707,Government,"Rajasthan Technical University, Kota",Approved,Approved,A,No,,Tier 2,http://www.baran.ac.in,info@baran.ac.in,admissions@baran.ac.in,placement@baran.ac.in,+91-80-334-2577,Electrical Engineering,B.Tech,48,240,2012,Rural,No,Yes
1-44638590343,1-44638590343,U-0755,GOVERNMENT ENGINEERING COLLEGE BARAN,Active,Rajasthan,Baran,Baran,GOVERNMENT POLYTECHNIC COLLEGE BARAN NH27 VILLAGE BATAVADI TEHSIL ANTAH,302645,27.035611,74.215707,Government,"Rajasthan Technical University, Kota",Approved,Approved,A,No,,Tier 2,http://www.baran.ac.in,info@baran.ac.in,admissions@baran.ac.in,placement@baran.ac.in,+91-80-334-2577,Electronics & Communication Engineering (ECE),B.Tech,48,240,2012,Rural,No,Yes
1-44638590343,1-44638590343,U-0755,GOVERNMENT ENGINEERING COLLEGE BARAN,Active,Rajasthan,Baran,Baran,GOVERNMENT POLYTECHNIC COLLEGE BARAN NH27 VILLAGE BATAVADI TEHSIL ANTAH,302645,27.035611,74.215707,Government,"Rajasthan Technical University, Kota",Approved,Approved,A,No,,Tier 2,http://www.baran.ac.in,info@baran.ac.in,admissions@baran.ac.in,placement@baran.ac.in,+91-80-334-2577,Civil Engineering,B.Tech,48,240,2012,Rural,No,Yes
1-44638590343,1-44638590343,U-0755,GOVERNMENT ENGINEERING COLLEGE BARAN,Active,Rajasthan,Baran,Baran,GOVERNMENT POLYTECHNIC COLLEGE BARAN NH27 VILLAGE BATAVADI TEHSIL ANTAH,302645,27.035611,74.215707,Government,"Rajasthan Technical University, Kota",Approved,Approved,A,No,,Tier 2,http://www.baran.ac.in,info@baran.ac.in,admissions@baran.ac.in,placement@baran.ac.in,+91-80-334-2577,Computer Science Engineering (CSE),B.Tech,48,240,2012,Rural,No,Yes
1-44638653822,1-44638653822,U-0197,GOVERNMENT POLYTECHNIC COLLEGE MANDORE JODHPUR,Active,Rajasthan,Jodhpur,Jodhpur,CAMP AT GOVERNMENT POLYTECHNIC COLLEGE JODHPUR GOURAV PATH RESIDENCY ROAD JODHPUR,302829,26.246576,73.004826,Government,"Board of Technical Education And Directorate Of Technical Education, Jodhpur",Approved,Approved,B,No,,Tier 3,http://www.mandorejodhpur.ac.in,info@mandorejodhpur.ac.in,admissions@mandorejodhpur.ac.in,placement@mandorejodhpur.ac.in,+91-80-160-7811,Mechanical Engineering,Diploma,30,150,2018,Rural,Yes,No
1-44638653822,1-44638653822,U-0197,GOVERNMENT POLYTECHNIC COLLEGE MANDORE JODHPUR,Active,Rajasthan,Jodhpur,Jodhpur,CAMP AT GOVERNMENT POLYTECHNIC COLLEGE JODHPUR GOURAV PATH RESIDENCY ROAD JODHPUR,302829,26.246576,73.004826,Government,"Board of Technical Education And Directorate Of Technical Education, Jodhpur",Approved,Approved,B,No,,Tier 3,http://www.mandorejodhpur.ac.in,info@mandorejodhpur.ac.in,admissions@mandorejodhpur.ac.in,placement@mandorejodhpur.ac.in,+91-80-160-7811,Information Technology (IT),Diploma,30,150,2018,Rural,Yes,No
1-44638653822,1-44638653822,U-0197,GOVERNMENT POLYTECHNIC COLLEGE MANDORE JODHPUR,Active,Rajasthan,Jodhpur,Jodhpur,CAMP AT GOVERNMENT POLYTECHNIC COLLEGE JODHPUR GOURAV PATH RESIDENCY ROAD JODHPUR,302829,26.246576,73.004826,Government,"Board of Technical Education And Directorate Of Technical Education, Jodhpur",Approved,Approved,B,No,,Tier 3,http://www.mandorejodhpur.ac.in,info@mandorejodhpur.ac.in,admissions@mandorejodhpur.ac.in,placement@mandorejodhpur.ac.in,+91-80-160-7811,Civil Engineering,Diploma,30,150,2018,Rural,Yes,No
1-44638653822,1-44638653822,U-0197,GOVERNMENT POLYTECHNIC COLLEGE MANDORE JODHPUR,Active,Rajasthan,Jodhpur,Jodhpur,CAMP AT GOVERNMENT POLYTECHNIC COLLEGE JODHPUR GOURAV PATH RESIDENCY ROAD JODHPUR,302829,26.246576,73.004826,Government,"Board of Technical Education And Directorate Of Technical Education, Jodhpur",Approved,Approved,B,No,,Tier 3,http://www.mandorejodhpur.ac.in,info@mandorejodhpur.ac.in,admissions@mandorejodhpur.ac.in,placement@mandorejodhpur.ac.in,+91-80-160-7811,Robotics,Diploma,30,150,2018,Rural,Yes,No
1-44638653822,1-44638653822,U-0197,GOVERNMENT POLYTECHNIC COLLEGE MANDORE JODHPUR,Active,Rajasthan,Jodhpur,Jodhpur,CAMP AT GOVERNMENT POLYTECHNIC COLLEGE JODHPUR GOURAV PATH RESIDENCY ROAD JODHPUR,302829,26.246576,73.004826,Government,"Board of Technical Education And Directorate Of Technical Education, Jodhpur",Approved,Approved,B,No,,Tier 3,http://www.mandorejodhpur.ac.in,info@mandorejodhpur.ac.in,admissions@mandorejodhpur.ac.in,placement@mandorejodhpur.ac.in,+91-80-160-7811,Agricultural Engineering,Diploma,30,150,2018,Rural,Yes,No
1-44638593386,1-44638593386,U-0197,KEYSTONE GROUP OF INSTITUTIONS,Active,Rajasthan,Jhunjhunu,Jhunjhunu,"169 KM MILESTONE, VILLAGE PILLOD LOHARU-CHIRAWA-JHUNJHUNU STATE HIGHWAY",302851,27.016087,74.237451,Private-Self Financing,"Board of Technical Education And Directorate Of Technical Education, Jodhpur",Approved,Approved,A,No,,Tier 3,http://www.keystone.ac.in,info@keystone.ac.in,admissions@keystone.ac.in,placement@keystone.ac.in,+91-80-515-3789,Mechanical Engineering,Diploma,30,258,1991,Urban,Yes,Yes
1-44638593386,1-44638593386,U-0197,KEYSTONE GROUP OF INSTITUTIONS,Active,Rajasthan,Jhunjhunu,Jhunjhunu,"169 KM MILESTONE, VILLAGE PILLOD LOHARU-CHIRAWA-JHUNJHUNU STATE HIGHWAY",302851,27.016087,74.237451,Private-Self Financing,"Board of Technical Education And Directorate Of Technical Education, Jodhpur",Approved,Approved,A,No,,Tier 3,http://www.keystone.ac.in,info@keystone.ac.in,admissions@keystone.ac.in,placement@keystone.ac.in,+91-80-515-3789,Civil Engineering,Diploma,30,258,1991,Urban,Yes,Yes
1-44638593386,1-44638593386,U-0197,KEYSTONE GROUP OF INSTITUTIONS,Active,Rajasthan,Jhunjhunu,Jhunjhunu,"169 KM MILESTONE, VILLAGE PILLOD LOHARU-CHIRAWA-JHUNJHUNU STATE HIGHWAY",302851,27.016087,74.237451,Private-Self Financing,"Board of Technical Education And Directorate Of Technical Education, Jodhpur",Approved,Approved,A,No,,Tier 3,http://www.keystone.ac.in,info@keystone.ac.in,admissions@keystone.ac.in,placement@keystone.ac.in,+91-80-515-3789,Information Technology (IT),M.Tech,9,258,1991,Urban,Yes,Yes
1-44638593386,1-44638593386,U-0197,KEYSTONE GROUP OF INSTITUTIONS,Active,Rajasthan,Jhunjhunu,Jhunjhunu,"169 KM MILESTONE, VILLAGE PILLOD LOHARU-CHIRAWA-JHUNJHUNU STATE HIGHWAY",302851,27.016087,74.237451,Private-Self Financing,"Board of Technical Education And Directorate Of Technical Education, Jodhpur",Approved,Approved,A,No,,Tier 3,http://www.keystone.ac.in,info@keystone.ac.in,admissions@keystone.ac.in,placement@keystone.ac.in,+91-80-515-3789,Computer Science Engineering (CSE),M.Tech,9,258,1991,Urban,Yes,Yes
1-44638593386,1-44638593386,U-0197,KEYSTONE GROUP OF INSTITUTIONS,Active,Rajasthan,Jhunjhunu,Jhunjhunu,"169 KM MILESTONE, VILLAGE PILLOD LOHARU-CHIRAWA-JHUNJHUNU STATE HIGHWAY",302851,27.016087,74.237451,Private-Self Financing,"Board of Technical Education And Directorate Of Technical Education, Jodhpur",Approved,Approved,A,No,,Tier 3,http://www.keystone.ac.in,info@keystone.ac.in,admissions@keystone.ac.in,placement@keystone.ac.in,+91-80-515-3789,Electronics & Communication Engineering (ECE),B.Tech,30,258,1991,Urban,Yes,Yes
1-44638593386,1-44638593386,U-0197,KEYSTONE GROUP OF INSTITUTIONS,Active,Rajasthan,Jhunjhunu,Jhunjhunu,"169 KM MILESTONE, VILLAGE PILLOD LOHARU-CHIRAWA-JHUNJHUNU STATE HIGHWAY",302851,27.016087,74.237451,Private-Self Financing,"Board of Technical Education And Directorate Of Technical Education, Jodhpur",Approved,Approved,A,No,,Tier 3,http://www.keystone.ac.in,info@keystone.ac.in,admissions@keystone.ac.in,placement@keystone.ac.in,+91-80-515-3789,Civil Engineering,B.Tech,30,258,1991,Urban,Yes,Yes
1-44638593386,1-44638593386,U-0197,KEYSTONE GROUP OF INSTITUTIONS,Active,Rajasthan,Jhunjhunu,Jhunjhunu,"169 KM MILESTONE, VILLAGE PILLOD LOHARU-CHIRAWA-JHUNJHUNU STATE HIGHWAY",302851,27.016087,74.237451,Private-Self Financing,"Board of Technical Education And Directorate Of Technical Education, Jodhpur",Approved,Approved,A,No,,Tier 3,http://www.keystone.ac.in,info@keystone.ac.in,admissions@keystone.ac.in,placement@keystone.ac.in,+91-80-515-3789,Computer Science Engineering (CSE),B.Tech,30,258,1991,Urban,Yes,Yes
1-44638593386,1-44638593386,U-0197,KEYSTONE GROUP OF INSTITUTIONS,Active,Rajasthan,Jhunjhunu,Jhunjhunu,"169 KM MILESTONE, VILLAGE PILLOD LOHARU-CHIRAWA-JHUNJHUNU STATE HIGHWAY",302851,27.016087,74.237451,Private-Self Financing,"Board of Technical Education And Directorate Of Technical Education, Jodhpur",Approved,Approved,A,No,,Tier 3,http://www.keystone.ac.in,info@keystone.ac.in,admissions@keystone.ac.in,placement@keystone.ac.in,+91-80-515-3789,Mechanical Engineering,B.Tech,60,258,1991,Urban,Yes,Yes
1-44638593386,1-44638593386,U-0197,KEYSTONE GROUP OF INSTITUTIONS,Active,Rajasthan,Jhunjhunu,Jhunjhunu,"169 KM MILESTONE, VILLAGE PILLOD LOHARU-CHIRAWA-JHUNJHUNU STATE HIGHWAY",302851,27.016087,74.237451,Private-Self Financing,"Board of Technical Education And Directorate Of Technical Education, Jodhpur",Approved,Approved,A,No,,Tier 3,http://www.keystone.ac.in,info@keystone.ac.in,admissions@keystone.ac.in,placement@keystone.ac.in,+91-80-515-3789,Electrical & Electronics Engineering (EEE),B.Tech,30,258,1991,Urban,Yes,Yes
1-44637292457,1-44637292457,U-0992,SARDAR PATEL UNIVERSITY OF POLICE SECURITY AND CRIMINAL JUSTICE,Active,Rajasthan,Jodhpur,Jodhpur,OPP VIGYAN NAGAR SCHEME NEAR LORDI PANDIT JI VILLAGE,302829,26.257792,73.042423,State Government University,NOT APPLICABLE,Approved,Approved,Not Accredited,No,,Tier 3,http://www.sardarpatelpolice.ac.in,info@sardarpatelpolice.ac.in,admissions@sardarpatelpolice.ac.in,placement@sardarpatelpolice.ac.in,+91-80-631-2563,Information Technology (IT),M.Tech,24,24,2006,Urban,Yes,Yes
1-44638708496,1-44638708496,U-0778,SURENDERA GROUP OF INSTITUTIONS,Active,Rajasthan,Ganganagar,Ganganagar,H. H. GARDENS,302185,27.027888,74.21238,Private-Self Financing,"BIKANER TECHNICAL UNIVERSITY, RAJASTHAN",Approved,Approved,B++,Yes,,Tier 3,http://www.surendera.ac.in,info@surendera.ac.in,admissions@surendera.ac.in,placement@surendera.ac.in,+91-80-010-3132,Computer Science Engineering (CSE),B.Tech,60,390,1995,Urban,Yes,Yes
1-44638708496,1-44638708496,U-0778,SURENDERA GROUP OF INSTITUTIONS,Active,Rajasthan,Ganganagar,Ganganagar,H. H. GARDENS,302185,27.027888,74.21238,Private-Self Financing,"BIKANER TECHNICAL UNIVERSITY, RAJASTHAN",Approved,Approved,B++,Yes,,Tier 3,http://www.surendera.ac.in,info@surendera.ac.in,admissions@surendera.ac.in,placement@surendera.ac.in,+91-80-010-3132,Electrical & Electronics Engineering (EEE),B.Tech,30,390,1995,Urban,Yes,Yes
1-44638708496,1-44638708496,U-0778,SURENDERA GROUP OF INSTITUTIONS,Active,Rajasthan,Ganganagar,Ganganagar,H. H. GARDENS,302185,27.027888,74.21238,Private-Self Financing,"BIKANER TECHNICAL UNIVERSITY, RAJASTHAN",Approved,Approved,B++,Yes,,Tier 3,http://www.surendera.ac.in,info@surendera.ac.in,admissions@surendera.ac.in,placement@surendera.ac.in,+91-80-010-3132,Electrical Engineering,Diploma,60,390,1995,Urban,Yes,Yes
1-44638708496,1-44638708496,U-0778,SURENDERA GROUP OF INSTITUTIONS,Active,Rajasthan,Ganganagar,Ganganagar,H. H. GARDENS,302185,27.027888,74.21238,Private-Self Financing,"BIKANER TECHNICAL UNIVERSITY, RAJASTHAN",Approved,Approved,B++,Yes,,Tier 3,http://www.surendera.ac.in,info@surendera.ac.in,admissions@surendera.ac.in,placement@surendera.ac.in,+91-80-010-3132,Civil Engineering,B.Tech,60,390,1995,Urban,Yes,Yes
1-44638708496,1-44638708496,U-0778,SURENDERA GROUP OF INSTITUTIONS,Active,Rajasthan,Ganganagar,Ganganagar,H. H. GARDENS,302185,27.027888,74.21238,Private-Self Financing,"BIKANER TECHNICAL UNIVERSITY, RAJASTHAN",Approved,Approved,B++,Yes,,Tier 3,http://www.surendera.ac.in,info@surendera.ac.in,admissions@surendera.ac.in,placement@surendera.ac.in,+91-80-010-3132,Computer Science Engineering (CSE),Diploma,60,390,1995,Urban,Yes,Yes
1-44638708496,1-44638708496,U-0778,SURENDERA GROUP OF INSTITUTIONS,Active,Rajasthan,Ganganagar,Ganganagar,H. H. GARDENS,302185,27.027888,74.21238,Private-Self Financing,"BIKANER TECHNICAL UNIVERSITY, RAJASTHAN",Approved,Approved,B++,Yes,,Tier 3,http://www.surendera.ac.in,info@surendera.ac.in,admissions@surendera.ac.in,placement@surendera.ac.in,+91-80-010-3132,Civil Engineering,Diploma,60,390,1995,Urban,Yes,Yes
1-44638708496,1-44638708496,U-0778,SURENDERA GROUP OF INSTITUTIONS,Active,Rajasthan,Ganganagar,Ganganagar,H. H. GARDENS,302185,27.027888,74.21238,Private-Self Financing,"BIKANER TECHNICAL UNIVERSITY, RAJASTHAN",Approved,Approved,B++,Yes,,Tier 3,http://www.surendera.ac.in,info@surendera.ac.in,admissions@surendera.ac.in,placement@surendera.ac.in,+91-80-010-3132,Artificial Intelligence & Machine Learning (AI & ML),B.Tech,60,390,1995,Urban,Yes,Yes
1-44638684867,1-44638684867,U-0992,NATIONAL INSTITUTE OF ELECTRONICS AND INFORMATION TECHNOLOGY AJMER,Active,Rajasthan,Ajmer,Ajmer,"VILLAGE-KOHDA, KOTA ROAD,TEHSIL-KEKRI, DISTRICT-AJMER, PIN-305408 (RAJASTHAN),",305408,27.007319,74.22089,Deemed to be University(Govt),NOT APPLICABLE,Approved,Approved,B+,No,,Tier 3,http://www.nationalelectronicsinformation.ac.in,info@nationalelectronicsinformation.ac.in,admissions@nationalelectronicsinformation.ac.in,placement@nationalelectronicsinformation.ac.in,+91-80-147-6243,Cyber Security,B.Tech,60,138,1996,Rural,Yes,Yes
1-44638684867,1-44638684867,U-0992,NATIONAL INSTITUTE OF ELECTRONICS AND INFORMATION TECHNOLOGY AJMER,Active,Rajasthan,Ajmer,Ajmer,"VILLAGE-KOHDA, KOTA ROAD,TEHSIL-KEKRI, DISTRICT-AJMER, PIN-305408 (RAJASTHAN),",305408,27.007319,74.22089,Deemed to be University(Govt),NOT APPLICABLE,Approved,Approved,B+,No,,Tier 3,http://www.nationalelectronicsinformation.ac.in,info@nationalelectronicsinformation.ac.in,admissions@nationalelectronicsinformation.ac.in,placement@nationalelectronicsinformation.ac.in,+91-80-147-6243,Data Science,M.Tech,18,138,1996,Rural,Yes,Yes
1-44638684867,1-44638684867,U-0992,NATIONAL INSTITUTE OF ELECTRONICS AND INFORMATION TECHNOLOGY AJMER,Active,Rajasthan,Ajmer,Ajmer,"VILLAGE-KOHDA, KOTA ROAD,TEHSIL-KEKRI, DISTRICT-AJMER, PIN-305408 (RAJASTHAN),",305408,27.007319,74.22089,Deemed to be University(Govt),NOT APPLICABLE,Approved,Approved,B+,No,,Tier 3,http://www.nationalelectronicsinformation.ac.in,info@nationalelectronicsinformation.ac.in,admissions@nationalelectronicsinformation.ac.in,placement@nationalelectronicsinformation.ac.in,+91-80-147-6243,Computer Science Engineering (CSE),Diploma,60,138,1996,Rural,Yes,Yes
1-44638714875,1-44638714875,U-0192,CLG INSTITUTE OF ENGINEERING AND TECHNOLOGY,Active,Rajasthan,Pali,Pali,"KESHAR BAG, JAWAI BANDH ROAD,  V/P JAWAI BANDH",302462,27.041027,74.227854,Private-Self Financing,"BIKANER TECHNICAL UNIVERSITY, BIKANER",Approved,Approved,Not Accredited,No,,Tier 3,http://www.clg.ac.in,info@clg.ac.in,admissions@clg.ac.in,placement@clg.ac.in,+91-80-561-3887,Electrical Engineering,B.Tech,30,120,2007,Urban,Yes,Yes
1-44638714875,1-44638714875,U-0192,CLG INSTITUTE OF ENGINEERING AND TECHNOLOGY,Active,Rajasthan,Pali,Pali,"KESHAR BAG, JAWAI BANDH ROAD,  V/P JAWAI BANDH",302462,27.041027,74.227854,Private-Self Financing,"BIKANER TECHNICAL UNIVERSITY, BIKANER",Approved,Approved,Not Accredited,No,,Tier 3,http://www.clg.ac.in,info@clg.ac.in,admissions@clg.ac.in,placement@clg.ac.in,+91-80-561-3887,Civil Engineering,B.Tech,30,120,2007,Urban,Yes,Yes
1-44638714875,1-44638714875,U-0192,CLG INSTITUTE OF ENGINEERING AND TECHNOLOGY,Active,Rajasthan,Pali,Pali,"KESHAR BAG, JAWAI BANDH ROAD,  V/P JAWAI BANDH",302462,27.041027,74.227854,Private-Self Financing,"BIKANER TECHNICAL UNIVERSITY, BIKANER",Approved,Approved,Not Accredited,No,,Tier 3,http://www.clg.ac.in,info@clg.ac.in,admissions@clg.ac.in,placement@clg.ac.in,+91-80-561-3887,Computer Science Engineering (CSE),B.Tech,30,120,2007,Urban,Yes,Yes
1-44638714875,1-44638714875,U-0192,CLG INSTITUTE OF ENGINEERING AND TECHNOLOGY,Active,Rajasthan,Pali,Pali,"KESHAR BAG, JAWAI BANDH ROAD,  V/P JAWAI BANDH",302462,27.041027,74.227854,Private-Self Financing,"BIKANER TECHNICAL UNIVERSITY, BIKANER",Approved,Approved,Not Accredited,No,,Tier 3,http://www.clg.ac.in,info@clg.ac.in,admissions@clg.ac.in,placement@clg.ac.in,+91-80-561-3887,Mechanical Engineering,B.Tech,30,120,2007,Urban,Yes,Yes
1-44637259553,1-44637259553,U-0755,NATHDWARA INSTITUTE OF ENGINEERING & TECHNOLOGY,Active,Rajasthan,Rajsamand,Rajsamand,"UPALI ODEN, NATHDWARA",302665,27.02452,74.219969,Private-Self Financing,"Rajasthan Technical University, Kota",Approved,Approved,Not Accredited,No,,Tier 3,http://www.nathdwara.ac.in,info@nathdwara.ac.in,admissions@nathdwara.ac.in,placement@nathdwara.ac.in,+91-80-869-0573,Civil Engineering,B.Tech,60,270,1994,Urban,Yes,Yes
1-44637259553,1-44637259553,U-0755,NATHDWARA INSTITUTE OF ENGINEERING & TECHNOLOGY,Active,Rajasthan,Rajsamand,Rajsamand,"UPALI ODEN, NATHDWARA",302665,27.02452,74.219969,Private-Self Financing,"Rajasthan Technical University, Kota",Approved,Approved,Not Accredited,No,,Tier 3,http://www.nathdwara.ac.in,info@nathdwara.ac.in,admissions@nathdwara.ac.in,placement@nathdwara.ac.in,+91-80-869-0573,Electrical Engineering,B.Tech,30,270,1994,Urban,Yes,Yes
1-44637259553,1-44637259553,U-0755,NATHDWARA INSTITUTE OF ENGINEERING & TECHNOLOGY,Active,Rajasthan,Rajsamand,Rajsamand,"UPALI ODEN, NATHDWARA",302665,27.02452,74.219969,Private-Self Financing,"Rajasthan Technical University, Kota",Approved,Approved,Not Accredited,No,,Tier 3,http://www.nathdwara.ac.in,info@nathdwara.ac.in,admissions@nathdwara.ac.in,placement@nathdwara.ac.in,+91-80-869-0573,Electronics & Communication Engineering (ECE),B.Tech,30,270,1994,Urban,Yes,Yes
1-44637259553,1-44637259553,U-0755,NATHDWARA INSTITUTE OF ENGINEERING & TECHNOLOGY,Active,Rajasthan,Rajsamand,Rajsamand,"UPALI ODEN, NATHDWARA",302665,27.02452,74.219969,Private-Self Financing,"Rajasthan Technical University, Kota",Approved,Approved,Not Accredited,No,,Tier 3,http://www.nathdwara.ac.in,info@nathdwara.ac.in,admissions@nathdwara.ac.in,placement@nathdwara.ac.in,+91-80-869-0573,Mechanical Engineering,B.Tech,30,270,1994,Urban,Yes,Yes
1-44637259553,1-44637259553,U-0755,NATHDWARA INSTITUTE OF ENGINEERING & TECHNOLOGY,Active,Rajasthan,Rajsamand,Rajsamand,"UPALI ODEN, NATHDWARA",302665,27.02452,74.219969,Private-Self Financing,"Rajasthan Technical University, Kota",Approved,Approved,Not Accredited,No,,Tier 3,http://www.nathdwara.ac.in,info@nathdwara.ac.in,admissions@nathdwara.ac.in,placement@nathdwara.ac.in,+91-80-869-0573,Mechanical Engineering,Diploma,60,270,1994,Urban,Yes,Yes
1-44637259553,1-44637259553,U-0755,NATHDWARA INSTITUTE OF ENGINEERING & TECHNOLOGY,Active,Rajasthan,Rajsamand,Rajsamand,"UPALI ODEN, NATHDWARA",302665,27.02452,74.219969,Private-Self Financing,"Rajasthan Technical University, Kota",Approved,Approved,Not Accredited,No,,Tier 3,http://www.nathdwara.ac.in,info@nathdwara.ac.in,admissions@nathdwara.ac.in,placement@nathdwara.ac.in,+91-80-869-0573,Electrical Engineering,Diploma,60,270,1994,Urban,Yes,Yes
1-44638763348,1-44638763348,U-0755,CENTRAL INSTITUTE OF PETROCHEMICALS ENGINEERING AND TECHNOLOGY CIPET,Active,Rajasthan,Jaipur,Jaipur,"SP-1298, SITAPURA INDUSTRIAL AREA, PHASE-III, TONK ROAD",302659,26.927738,75.799939,Government,"Rajasthan Technical University, Kota",Approved,Approved,A+,Yes,,Tier 2,http://www.petrochemicalscipet.ac.in,info@petrochemicalscipet.ac.in,admissions@petrochemicalscipet.ac.in,placement@petrochemicalscipet.ac.in,+91-80-482-1840,Other Engineering Branches,B.Tech,60,150,1986,Urban,Yes,Yes
1-44638763348,1-44638763348,U-0755,CENTRAL INSTITUTE OF PETROCHEMICALS ENGINEERING AND TECHNOLOGY CIPET,Active,Rajasthan,Jaipur,Jaipur,"SP-1298, SITAPURA INDUSTRIAL AREA, PHASE-III, TONK ROAD",302659,26.927738,75.799939,Government,"Rajasthan Technical University, Kota",Approved,Approved,A+,Yes,,Tier 2,http://www.petrochemicalscipet.ac.in,info@petrochemicalscipet.ac.in,admissions@petrochemicalscipet.ac.in,placement@petrochemicalscipet.ac.in,+91-80-482-1840,Mechanical Engineering,B.Tech,60,150,1986,Urban,Yes,Yes
1-44638763348,1-44638763348,U-0755,CENTRAL INSTITUTE OF PETROCHEMICALS ENGINEERING AND TECHNOLOGY CIPET,Active,Rajasthan,Jaipur,Jaipur,"SP-1298, SITAPURA INDUSTRIAL AREA, PHASE-III, TONK ROAD",302659,26.927738,75.799939,Government,"Rajasthan Technical University, Kota",Approved,Approved,A+,Yes,,Tier 2,http://www.petrochemicalscipet.ac.in,info@petrochemicalscipet.ac.in,admissions@petrochemicalscipet.ac.in,placement@petrochemicalscipet.ac.in,+91-80-482-1840,Chemical Engineering,B.Tech,30,150,1986,Urban,Yes,Yes
1-44638719074,1-44638719074,U-0755,JAIPUR INSTITUTE OF ENGINEERING AND MANAGEMENT,Active,Rajasthan,Jaipur,Jaipur,"NH-8 JAIPUR- AJMER HIGH WAY, GADOTA",302659,26.902275,75.768674,Private-Self Financing,"Rajasthan Technical University, Kota",Approved,Approved,B++,Yes,,Tier 3,http://www.jaipurmanagement.ac.in,info@jaipurmanagement.ac.in,admissions@jaipurmanagement.ac.in,placement@jaipurmanagement.ac.in,+91-80-414-1832,Electrical Engineering,B.Tech,60,180,2002,Urban,Yes,Yes
1-44638719074,1-44638719074,U-0755,JAIPUR INSTITUTE OF ENGINEERING AND MANAGEMENT,Active,Rajasthan,Jaipur,Jaipur,"NH-8 JAIPUR- AJMER HIGH WAY, GADOTA",302659,26.902275,75.768674,Private-Self Financing,"Rajasthan Technical University, Kota",Approved,Approved,B++,Yes,,Tier 3,http://www.jaipurmanagement.ac.in,info@jaipurmanagement.ac.in,admissions@jaipurmanagement.ac.in,placement@jaipurmanagement.ac.in,+91-80-414-1832,Computer Science Engineering (CSE),B.Tech,60,180,2002,Urban,Yes,Yes
1-44638719074,1-44638719074,U-0755,JAIPUR INSTITUTE OF ENGINEERING AND MANAGEMENT,Active,Rajasthan,Jaipur,Jaipur,"NH-8 JAIPUR- AJMER HIGH WAY, GADOTA",302659,26.902275,75.768674,Private-Self Financing,"Rajasthan Technical University, Kota",Approved,Approved,B++,Yes,,Tier 3,http://www.jaipurmanagement.ac.in,info@jaipurmanagement.ac.in,admissions@jaipurmanagement.ac.in,placement@jaipurmanagement.ac.in,+91-80-414-1832,Civil Engineering,B.Tech,30,180,2002,Urban,Yes,Yes
1-44638719074,1-44638719074,U-0755,JAIPUR INSTITUTE OF ENGINEERING AND MANAGEMENT,Active,Rajasthan,Jaipur,Jaipur,"NH-8 JAIPUR- AJMER HIGH WAY, GADOTA",302659,26.902275,75.768674,Private-Self Financing,"Rajasthan Technical University, Kota",Approved,Approved,B++,Yes,,Tier 3,http://www.jaipurmanagement.ac.in,info@jaipurmanagement.ac.in,admissions@jaipurmanagement.ac.in,placement@jaipurmanagement.ac.in,+91-80-414-1832,Mechanical Engineering,B.Tech,30,180,2002,Urban,Yes,Yes
1-44639340151,1-44639340151,U-0197,GOVERNMENT POLYTECHNIC COLLEGE NEEMRANA,Active,Rajasthan,Alwar,Alwar,VILLAGE -KUNDAN  SINGH PURA  PANCHAYAT -NEEMRANA TEHSIL -BEHROR,302505,27.006546,74.218299,Government,"Board of Technical Education And Directorate Of Technical Education, Jodhpur",Approved,Approved,B++,Yes,,Tier 3,http://www.neemrana.ac.in,info@neemrana.ac.in,admissions@neemrana.ac.in,placement@neemrana.ac.in,+91-80-115-1874,Automobile Engineering,Diploma,44,164,2003,Urban,Yes,Yes
1-44639340151,1-44639340151,U-0197,GOVERNMENT POLYTECHNIC COLLEGE NEEMRANA,Active,Rajasthan,Alwar,Alwar,VILLAGE -KUNDAN  SINGH PURA  PANCHAYAT -NEEMRANA TEHSIL -BEHROR,302505,27.006546,74.218299,Government,"Board of Technical Education And Directorate Of Technical Education, Jodhpur",Approved,Approved,B++,Yes,,Tier 3,http://www.neemrana.ac.in,info@neemrana.ac.in,admissions@neemrana.ac.in,placement@neemrana.ac.in,+91-80-115-1874,Computer Science Engineering (CSE),Diploma,30,164,2003,Urban,Yes,Yes
1-44639340151,1-44639340151,U-0197,GOVERNMENT POLYTECHNIC COLLEGE NEEMRANA,Active,Rajasthan,Alwar,Alwar,VILLAGE -KUNDAN  SINGH PURA  PANCHAYAT -NEEMRANA TEHSIL -BEHROR,302505,27.006546,74.218299,Government,"Board of Technical Education And Directorate Of Technical Education, Jodhpur",Approved,Approved,B++,Yes,,Tier 3,http://www.neemrana.ac.in,info@neemrana.ac.in,admissions@neemrana.ac.in,placement@neemrana.ac.in,+91-80-115-1874,Other Engineering Branches,Diploma,30,164,2003,Urban,Yes,Yes
1-44639340151,1-44639340151,U-0197,GOVERNMENT POLYTECHNIC COLLEGE NEEMRANA,Active,Rajasthan,Alwar,Alwar,VILLAGE -KUNDAN  SINGH PURA  PANCHAYAT -NEEMRANA TEHSIL -BEHROR,302505,27.006546,74.218299,Government,"Board of Technical Education And Directorate Of Technical Education, Jodhpur",Approved,Approved,B++,Yes,,Tier 3,http://www.neemrana.ac.in,info@neemrana.ac.in,admissions@neemrana.ac.in,placement@neemrana.ac.in,+91-80-115-1874,Mechanical Engineering,Diploma,30,164,2003,Urban,Yes,Yes
1-44639340151,1-44639340151,U-0197,GOVERNMENT POLYTECHNIC COLLEGE NEEMRANA,Active,Rajasthan,Alwar,Alwar,VILLAGE -KUNDAN  SINGH PURA  PANCHAYAT -NEEMRANA TEHSIL -BEHROR,302505,27.006546,74.218299,Government,"Board of Technical Education And Directorate Of Technical Education, Jodhpur",Approved,Approved,B++,Yes,,Tier 3,http://www.neemrana.ac.in,info@neemrana.ac.in,admissions@neemrana.ac.in,placement@neemrana.ac.in,+91-80-115-1874,Information Technology (IT),Diploma,30,164,2003,Urban,Yes,Yes
1-44638895553,1-44638895553,U-0858,FACULTY OF AGRICULTURE ENGINEERING,Active,Rajasthan,Jodhpur,Jodhpur,"NEAR IIT- JODHPUR, VILLAGE-GHADAV, NATIONAL HIGHWAY-62, NAGAUR ROAD, JODHPUR-342037 (RAJASTHAN)",342037,26.25544,73.032129,Government,Agriculture University jodhpur,Approved,Approved,B++,Yes,,Tier 3,http://www.facultyagriculture.ac.in,info@facultyagriculture.ac.in,admissions@facultyagriculture.ac.in,placement@facultyagriculture.ac.in,+91-80-532-5874,Agricultural Engineering,B.Tech,60,60,1980,Urban,Yes,Yes
1-44638838977,1-44638838977,U-0192,BLM INSTITUTE OF TECHNOLOGY & MANAGEMENT SCIENCES,Active,Rajasthan,Jhunjhunu,Jhunjhunu,"VILLAGE: RAJOTA, POST: KHETRI DISTT.: JHUNJHUNU STATE: RAJASTHAN PIN: 333503",333503,27.020087,74.21805,Private-Self Financing,"BIKANER TECHNICAL UNIVERSITY, BIKANER",Approved,Approved,B++,Yes,,Tier 3,http://www.blmmanagementsciences.ac.in,info@blmmanagementsciences.ac.in,admissions@blmmanagementsciences.ac.in,placement@blmmanagementsciences.ac.in,+91-80-683-1232,Computer Science Engineering (CSE),B.Tech,30,180,2013,Urban,No,Yes
1-44638838977,1-44638838977,U-0192,BLM INSTITUTE OF TECHNOLOGY & MANAGEMENT SCIENCES,Active,Rajasthan,Jhunjhunu,Jhunjhunu,"VILLAGE: RAJOTA, POST: KHETRI DISTT.: JHUNJHUNU STATE: RAJASTHAN PIN: 333503",333503,27.020087,74.21805,Private-Self Financing,"BIKANER TECHNICAL UNIVERSITY, BIKANER",Approved,Approved,B++,Yes,,Tier 3,http://www.blmmanagementsciences.ac.in,info@blmmanagementsciences.ac.in,admissions@blmmanagementsciences.ac.in,placement@blmmanagementsciences.ac.in,+91-80-683-1232,Civil Engineering,B.Tech,60,180,2013,Urban,No,Yes
1-44638838977,1-44638838977,U-0192,BLM INSTITUTE OF TECHNOLOGY & MANAGEMENT SCIENCES,Active,Rajasthan,Jhunjhunu,Jhunjhunu,"VILLAGE: RAJOTA, POST: KHETRI DISTT.: JHUNJHUNU STATE: RAJASTHAN PIN: 333503",333503,27.020087,74.21805,Private-Self Financing,"BIKANER TECHNICAL UNIVERSITY, BIKANER",Approved,Approved,B++,Yes,,Tier 3,http://www.blmmanagementsciences.ac.in,info@blmmanagementsciences.ac.in,admissions@blmmanagementsciences.ac.in,placement@blmmanagementsciences.ac.in,+91-80-683-1232,Electronics & Communication Engineering (ECE),B.Tech,30,180,2013,Urban,No,Yes
1-44638838977,1-44638838977,U-0192,BLM INSTITUTE OF TECHNOLOGY & MANAGEMENT SCIENCES,Active,Rajasthan,Jhunjhunu,Jhunjhunu,"VILLAGE: RAJOTA, POST: KHETRI DISTT.: JHUNJHUNU STATE: RAJASTHAN PIN: 333503",333503,27.020087,74.21805,Private-Self Financing,"BIKANER TECHNICAL UNIVERSITY, BIKANER",Approved,Approved,B++,Yes,,Tier 3,http://www.blmmanagementsciences.ac.in,info@blmmanagementsciences.ac.in,admissions@blmmanagementsciences.ac.in,placement@blmmanagementsciences.ac.in,+91-80-683-1232,Electrical Engineering,B.Tech,60,180,2013,Urban,No,Yes
1-44638936596,1-44638936596,U-0755,ANAND INTERNATIONAL COLLEGE OF ENGINEERING,Active,Rajasthan,Jaipur,Jaipur,"814, KANOTA, AGRA ROAD,",302659,26.906754,75.772819,Private-Self Financing,"Rajasthan Technical University, Kota",Approved,Approved,A,No,,Tier 3,http://www.anandinternational.ac.in,info@anandinternational.ac.in,admissions@anandinternational.ac.in,placement@anandinternational.ac.in,+91-80-602-0643,Computer Science Engineering (CSE),B.Tech,240,390,1987,Urban,Yes,No
1-44638936596,1-44638936596,U-0755,ANAND INTERNATIONAL COLLEGE OF ENGINEERING,Active,Rajasthan,Jaipur,Jaipur,"814, KANOTA, AGRA ROAD,",302659,26.906754,75.772819,Private-Self Financing,"Rajasthan Technical University, Kota",Approved,Approved,A,No,,Tier 3,http://www.anandinternational.ac.in,info@anandinternational.ac.in,admissions@anandinternational.ac.in,placement@anandinternational.ac.in,+91-80-602-0643,Electrical Engineering,B.Tech,30,390,1987,Urban,Yes,No
1-44638936596,1-44638936596,U-0755,ANAND INTERNATIONAL COLLEGE OF ENGINEERING,Active,Rajasthan,Jaipur,Jaipur,"814, KANOTA, AGRA ROAD,",302659,26.906754,75.772819,Private-Self Financing,"Rajasthan Technical University, Kota",Approved,Approved,A,No,,Tier 3,http://www.anandinternational.ac.in,info@anandinternational.ac.in,admissions@anandinternational.ac.in,placement@anandinternational.ac.in,+91-80-602-0643,Civil Engineering,B.Tech,30,390,1987,Urban,Yes,No
1-44638936596,1-44638936596,U-0755,ANAND INTERNATIONAL COLLEGE OF ENGINEERING,Active,Rajasthan,Jaipur,Jaipur,"814, KANOTA, AGRA ROAD,",302659,26.906754,75.772819,Private-Self Financing,"Rajasthan Technical University, Kota",Approved,Approved,A,No,,Tier 3,http://www.anandinternational.ac.in,info@anandinternational.ac.in,admissions@anandinternational.ac.in,placement@anandinternational.ac.in,+91-80-602-0643,Mechanical Engineering,B.Tech,30,390,1987,Urban,Yes,No
1-44638936596,1-44638936596,U-0755,ANAND INTERNATIONAL COLLEGE OF ENGINEERING,Active,Rajasthan,Jaipur,Jaipur,"814, KANOTA, AGRA ROAD,",302659,26.906754,75.772819,Private-Self Financing,"Rajasthan Technical University, Kota",Approved,Approved,A,No,,Tier 3,http://www.anandinternational.ac.in,info@anandinternational.ac.in,admissions@anandinternational.ac.in,placement@anandinternational.ac.in,+91-80-602-0643,Data Science,B.Tech,60,390,1987,Urban,Yes,No
1-44638841979,1-44638841979,U-0992,"MEWAR SCHOOL OF ENGINEERING & TECHNOLOGY, MEWAR UNIVERSITY, GANGRAR, CHITTORGARH",Active,Rajasthan,Chittorgarh,Chittorgarh,"MEWAR UNIVERSITY, NH-79, GANGRAR, CHITTORGARH",302196,27.009253,74.209337,State Private University,NOT APPLICABLE,Approved,Approved,A,No,,Tier 3,http://www.mewarschoolmewar.ac.in,info@mewarschoolmewar.ac.in,admissions@mewarschoolmewar.ac.in,placement@mewarschoolmewar.ac.in,+91-80-228-7177,Civil Engineering,B.Tech,60,540,2022,Urban,Yes,Yes
1-44638841979,1-44638841979,U-0992,"MEWAR SCHOOL OF ENGINEERING & TECHNOLOGY, MEWAR UNIVERSITY, GANGRAR, CHITTORGARH",Active,Rajasthan,Chittorgarh,Chittorgarh,"MEWAR UNIVERSITY, NH-79, GANGRAR, CHITTORGARH",302196,27.009253,74.209337,State Private University,NOT APPLICABLE,Approved,Approved,A,No,,Tier 3,http://www.mewarschoolmewar.ac.in,info@mewarschoolmewar.ac.in,admissions@mewarschoolmewar.ac.in,placement@mewarschoolmewar.ac.in,+91-80-228-7177,Computer Science Engineering (CSE),B.Tech,120,540,2022,Urban,Yes,Yes
1-44638841979,1-44638841979,U-0992,"MEWAR SCHOOL OF ENGINEERING & TECHNOLOGY, MEWAR UNIVERSITY, GANGRAR, CHITTORGARH",Active,Rajasthan,Chittorgarh,Chittorgarh,"MEWAR UNIVERSITY, NH-79, GANGRAR, CHITTORGARH",302196,27.009253,74.209337,State Private University,NOT APPLICABLE,Approved,Approved,A,No,,Tier 3,http://www.mewarschoolmewar.ac.in,info@mewarschoolmewar.ac.in,admissions@mewarschoolmewar.ac.in,placement@mewarschoolmewar.ac.in,+91-80-228-7177,Electronics & Communication Engineering (ECE),B.Tech,30,540,2022,Urban,Yes,Yes
1-44638841979,1-44638841979,U-0992,"MEWAR SCHOOL OF ENGINEERING & TECHNOLOGY, MEWAR UNIVERSITY, GANGRAR, CHITTORGARH",Active,Rajasthan,Chittorgarh,Chittorgarh,"MEWAR UNIVERSITY, NH-79, GANGRAR, CHITTORGARH",302196,27.009253,74.209337,State Private University,NOT APPLICABLE,Approved,Approved,A,No,,Tier 3,http://www.mewarschoolmewar.ac.in,info@mewarschoolmewar.ac.in,admissions@mewarschoolmewar.ac.in,placement@mewarschoolmewar.ac.in,+91-80-228-7177,Electrical Engineering,B.Tech,60,540,2022,Urban,Yes,Yes
1-44638841979,1-44638841979,U-0992,"MEWAR SCHOOL OF ENGINEERING & TECHNOLOGY, MEWAR UNIVERSITY, GANGRAR, CHITTORGARH",Active,Rajasthan,Chittorgarh,Chittorgarh,"MEWAR UNIVERSITY, NH-79, GANGRAR, CHITTORGARH",302196,27.009253,74.209337,State Private University,NOT APPLICABLE,Approved,Approved,A,No,,Tier 3,http://www.mewarschoolmewar.ac.in,info@mewarschoolmewar.ac.in,admissions@mewarschoolmewar.ac.in,placement@mewarschoolmewar.ac.in,+91-80-228-7177,Mechanical Engineering,B.Tech,60,540,2022,Urban,Yes,Yes
1-44638841979,1-44638841979,U-0992,"MEWAR SCHOOL OF ENGINEERING & TECHNOLOGY, MEWAR UNIVERSITY, GANGRAR, CHITTORGARH",Active,Rajasthan,Chittorgarh,Chittorgarh,"MEWAR UNIVERSITY, NH-79, GANGRAR, CHITTORGARH",302196,27.009253,74.209337,State Private University,NOT APPLICABLE,Approved,Approved,A,No,,Tier 3,http://www.mewarschoolmewar.ac.in,info@mewarschoolmewar.ac.in,admissions@mewarschoolmewar.ac.in,placement@mewarschoolmewar.ac.in,+91-80-228-7177,Mining Engineering,B.Tech,60,540,2022,Urban,Yes,Yes
1-44638841979,1-44638841979,U-0992,"MEWAR SCHOOL OF ENGINEERING & TECHNOLOGY, MEWAR UNIVERSITY, GANGRAR, CHITTORGARH",Active,Rajasthan,Chittorgarh,Chittorgarh,"MEWAR UNIVERSITY, NH-79, GANGRAR, CHITTORGARH",302196,27.009253,74.209337,State Private University,NOT APPLICABLE,Approved,Approved,A,No,,Tier 3,http://www.mewarschoolmewar.ac.in,info@mewarschoolmewar.ac.in,admissions@mewarschoolmewar.ac.in,placement@mewarschoolmewar.ac.in,+91-80-228-7177,Chemical Engineering,B.Tech,30,540,2022,Urban,Yes,Yes
1-44638841979,1-44638841979,U-0992,"MEWAR SCHOOL OF ENGINEERING & TECHNOLOGY, MEWAR UNIVERSITY, GANGRAR, CHITTORGARH",Active,Rajasthan,Chittorgarh,Chittorgarh,"MEWAR UNIVERSITY, NH-79, GANGRAR, CHITTORGARH",302196,27.009253,74.209337,State Private University,NOT APPLICABLE,Approved,Approved,A,No,,Tier 3,http://www.mewarschoolmewar.ac.in,info@mewarschoolmewar.ac.in,admissions@mewarschoolmewar.ac.in,placement@mewarschoolmewar.ac.in,+91-80-228-7177,Data Science,B.Tech,60,540,2022,Urban,Yes,Yes
1-44638841979,1-44638841979,U-0992,"MEWAR SCHOOL OF ENGINEERING & TECHNOLOGY, MEWAR UNIVERSITY, GANGRAR, CHITTORGARH",Active,Rajasthan,Chittorgarh,Chittorgarh,"MEWAR UNIVERSITY, NH-79, GANGRAR, CHITTORGARH",302196,27.009253,74.209337,State Private University,NOT APPLICABLE,Approved,Approved,A,No,,Tier 3,http://www.mewarschoolmewar.ac.in,info@mewarschoolmewar.ac.in,admissions@mewarschoolmewar.ac.in,placement@mewarschoolmewar.ac.in,+91-80-228-7177,Artificial Intelligence & Machine Learning (AI & ML),B.Tech,60,540,2022,Urban,Yes,Yes
1-44638897316,1-44638897316,U-0197,GOVERNMENT POLYTECHNIC COLLEGE NAWA,Active,Rajasthan,Nagaur,Nagaur,"GOVERNMENT POLYTECHNIC COLLEGE, NAWA, CAMP AT GOVERNMENT RAMCHANDRA KHAITAN POLYTECHNIC COLLEGE , JHALNA, DOONGRI, JAIPUR",302476,27.01501,74.207001,Government,"Board of Technical Education And Directorate Of Technical Education, Jodhpur",Approved,Approved,B++,Yes,,Tier 3,http://www.nawa.ac.in,info@nawa.ac.in,admissions@nawa.ac.in,placement@nawa.ac.in,+91-80-470-1754,Mechanical Engineering,Diploma,60,300,2009,Rural,Yes,Yes
1-44638897316,1-44638897316,U-0197,GOVERNMENT POLYTECHNIC COLLEGE NAWA,Active,Rajasthan,Nagaur,Nagaur,"GOVERNMENT POLYTECHNIC COLLEGE, NAWA, CAMP AT GOVERNMENT RAMCHANDRA KHAITAN POLYTECHNIC COLLEGE , JHALNA, DOONGRI, JAIPUR",302476,27.01501,74.207001,Government,"Board of Technical Education And Directorate Of Technical Education, Jodhpur",Approved,Approved,B++,Yes,,Tier 3,http://www.nawa.ac.in,info@nawa.ac.in,admissions@nawa.ac.in,placement@nawa.ac.in,+91-80-470-1754,Other Engineering Branches,Diploma,60,300,2009,Rural,Yes,Yes
1-44638897316,1-44638897316,U-0197,GOVERNMENT POLYTECHNIC COLLEGE NAWA,Active,Rajasthan,Nagaur,Nagaur,"GOVERNMENT POLYTECHNIC COLLEGE, NAWA, CAMP AT GOVERNMENT RAMCHANDRA KHAITAN POLYTECHNIC COLLEGE , JHALNA, DOONGRI, JAIPUR",302476,27.01501,74.207001,Government,"Board of Technical Education And Directorate Of Technical Education, Jodhpur",Approved,Approved,B++,Yes,,Tier 3,http://www.nawa.ac.in,info@nawa.ac.in,admissions@nawa.ac.in,placement@nawa.ac.in,+91-80-470-1754,Civil Engineering,Diploma,60,300,2009,Rural,Yes,Yes
1-44638897316,1-44638897316,U-0197,GOVERNMENT POLYTECHNIC COLLEGE NAWA,Active,Rajasthan,Nagaur,Nagaur,"GOVERNMENT POLYTECHNIC COLLEGE, NAWA, CAMP AT GOVERNMENT RAMCHANDRA KHAITAN POLYTECHNIC COLLEGE , JHALNA, DOONGRI, JAIPUR",302476,27.01501,74.207001,Government,"Board of Technical Education And Directorate Of Technical Education, Jodhpur",Approved,Approved,B++,Yes,,Tier 3,http://www.nawa.ac.in,info@nawa.ac.in,admissions@nawa.ac.in,placement@nawa.ac.in,+91-80-470-1754,Computer Science Engineering (CSE),Diploma,60,300,2009,Rural,Yes,Yes
1-44638897316,1-44638897316,U-0197,GOVERNMENT POLYTECHNIC COLLEGE NAWA,Active,Rajasthan,Nagaur,Nagaur,"GOVERNMENT POLYTECHNIC COLLEGE, NAWA, CAMP AT GOVERNMENT RAMCHANDRA KHAITAN POLYTECHNIC COLLEGE , JHALNA, DOONGRI, JAIPUR",302476,27.01501,74.207001,Government,"Board of Technical Education And Directorate Of Technical Education, Jodhpur",Approved,Approved,B++,Yes,,Tier 3,http://www.nawa.ac.in,info@nawa.ac.in,admissions@nawa.ac.in,placement@nawa.ac.in,+91-80-470-1754,Agricultural Engineering,Diploma,60,300,2009,Rural,Yes,Yes
1-44639386190,1-44639386190,U-0197,SHEKHAWATI POLYTECHNIC COLLEGE,Active,Rajasthan,Sikar,Sikar,JAIPUR ROAD,302058,27.028576,74.206709,Private-Self Financing,"Board of Technical Education And Directorate Of Technical Education, Jodhpur",Approved,Approved,A+,Yes,,Tier 2,http://www.shekhawati.ac.in,info@shekhawati.ac.in,admissions@shekhawati.ac.in,placement@shekhawati.ac.in,+91-80-039-1864,Civil Engineering,Diploma,180,600,1980,Rural,Yes,Yes
1-44639386190,1-44639386190,U-0197,SHEKHAWATI POLYTECHNIC COLLEGE,Active,Rajasthan,Sikar,Sikar,JAIPUR ROAD,302058,27.028576,74.206709,Private-Self Financing,"Board of Technical Education And Directorate Of Technical Education, Jodhpur",Approved,Approved,A+,Yes,,Tier 2,http://www.shekhawati.ac.in,info@shekhawati.ac.in,admissions@shekhawati.ac.in,placement@shekhawati.ac.in,+91-80-039-1864,Mechanical Engineering,Diploma,180,600,1980,Rural,Yes,Yes
1-44639386190,1-44639386190,U-0197,SHEKHAWATI POLYTECHNIC COLLEGE,Active,Rajasthan,Sikar,Sikar,JAIPUR ROAD,302058,27.028576,74.206709,Private-Self Financing,"Board of Technical Education And Directorate Of Technical Education, Jodhpur",Approved,Approved,A+,Yes,,Tier 2,http://www.shekhawati.ac.in,info@shekhawati.ac.in,admissions@shekhawati.ac.in,placement@shekhawati.ac.in,+91-80-039-1864,Electrical Engineering,Diploma,180,600,1980,Rural,Yes,Yes
1-44639386190,1-44639386190,U-0197,SHEKHAWATI POLYTECHNIC COLLEGE,Active,Rajasthan,Sikar,Sikar,JAIPUR ROAD,302058,27.028576,74.206709,Private-Self Financing,"Board of Technical Education And Directorate Of Technical Education, Jodhpur",Approved,Approved,A+,Yes,,Tier 2,http://www.shekhawati.ac.in,info@shekhawati.ac.in,admissions@shekhawati.ac.in,placement@shekhawati.ac.in,+91-80-039-1864,Computer Science Engineering (CSE),Diploma,60,600,1980,Rural,Yes,Yes
1-44638817252,1-44638817252,U-0197,"KNIT, KHATU NARESH INSTITUTE OF TECHNOLOGY",Active,Rajasthan,Jaipur,Jaipur,"BADA PADAMPURA ROAD, TONK ROAD, SHIVDASPURA TONK ROAD, JAIPUR",302659,26.904013,75.787974,Private-Self Financing,"Board of Technical Education And Directorate Of Technical Education, Jodhpur",Approved,Approved,A+,Yes,,Tier 2,http://www.knitkhatunaresh.ac.in,info@knitkhatunaresh.ac.in,admissions@knitkhatunaresh.ac.in,placement@knitkhatunaresh.ac.in,+91-80-487-1044,Electrical Engineering,Diploma,60,480,2008,Rural,No,Yes
1-44638817252,1-44638817252,U-0197,"KNIT, KHATU NARESH INSTITUTE OF TECHNOLOGY",Active,Rajasthan,Jaipur,Jaipur,"BADA PADAMPURA ROAD, TONK ROAD, SHIVDASPURA TONK ROAD, JAIPUR",302659,26.904013,75.787974,Private-Self Financing,"Board of Technical Education And Directorate Of Technical Education, Jodhpur",Approved,Approved,A+,Yes,,Tier 2,http://www.knitkhatunaresh.ac.in,info@knitkhatunaresh.ac.in,admissions@knitkhatunaresh.ac.in,placement@knitkhatunaresh.ac.in,+91-80-487-1044,Civil Engineering,Diploma,60,480,2008,Rural,No,Yes
1-44638817252,1-44638817252,U-0197,"KNIT, KHATU NARESH INSTITUTE OF TECHNOLOGY",Active,Rajasthan,Jaipur,Jaipur,"BADA PADAMPURA ROAD, TONK ROAD, SHIVDASPURA TONK ROAD, JAIPUR",302659,26.904013,75.787974,Private-Self Financing,"Board of Technical Education And Directorate Of Technical Education, Jodhpur",Approved,Approved,A+,Yes,,Tier 2,http://www.knitkhatunaresh.ac.in,info@knitkhatunaresh.ac.in,admissions@knitkhatunaresh.ac.in,placement@knitkhatunaresh.ac.in,+91-80-487-1044,Civil Engineering,B.Tech,90,480,2008,Rural,No,Yes
1-44638817252,1-44638817252,U-0197,"KNIT, KHATU NARESH INSTITUTE OF TECHNOLOGY",Active,Rajasthan,Jaipur,Jaipur,"BADA PADAMPURA ROAD, TONK ROAD, SHIVDASPURA TONK ROAD, JAIPUR",302659,26.904013,75.787974,Private-Self Financing,"Board of Technical Education And Directorate Of Technical Education, Jodhpur",Approved,Approved,A+,Yes,,Tier 2,http://www.knitkhatunaresh.ac.in,info@knitkhatunaresh.ac.in,admissions@knitkhatunaresh.ac.in,placement@knitkhatunaresh.ac.in,+91-80-487-1044,Electrical Engineering,B.Tech,60,480,2008,Rural,No,Yes
1-44638817252,1-44638817252,U-0197,"KNIT, KHATU NARESH INSTITUTE OF TECHNOLOGY",Active,Rajasthan,Jaipur,Jaipur,"BADA PADAMPURA ROAD, TONK ROAD, SHIVDASPURA TONK ROAD, JAIPUR",302659,26.904013,75.787974,Private-Self Financing,"Board of Technical Education And Directorate Of Technical Education, Jodhpur",Approved,Approved,A+,Yes,,Tier 2,http://www.knitkhatunaresh.ac.in,info@knitkhatunaresh.ac.in,admissions@knitkhatunaresh.ac.in,placement@knitkhatunaresh.ac.in,+91-80-487-1044,Electronics & Communication Engineering (ECE),B.Tech,30,480,2008,Rural,No,Yes
1-44638817252,1-44638817252,U-0197,"KNIT, KHATU NARESH INSTITUTE OF TECHNOLOGY",Active,Rajasthan,Jaipur,Jaipur,"BADA PADAMPURA ROAD, TONK ROAD, SHIVDASPURA TONK ROAD, JAIPUR",302659,26.904013,75.787974,Private-Self Financing,"Board of Technical Education And Directorate Of Technical Education, Jodhpur",Approved,Approved,A+,Yes,,Tier 2,http://www.knitkhatunaresh.ac.in,info@knitkhatunaresh.ac.in,admissions@knitkhatunaresh.ac.in,placement@knitkhatunaresh.ac.in,+91-80-487-1044,Mechanical Engineering,B.Tech,30,480,2008,Rural,No,Yes
1-44638817252,1-44638817252,U-0197,"KNIT, KHATU NARESH INSTITUTE OF TECHNOLOGY",Active,Rajasthan,Jaipur,Jaipur,"BADA PADAMPURA ROAD, TONK ROAD, SHIVDASPURA TONK ROAD, JAIPUR",302659,26.904013,75.787974,Private-Self Financing,"Board of Technical Education And Directorate Of Technical Education, Jodhpur",Approved,Approved,A+,Yes,,Tier 2,http://www.knitkhatunaresh.ac.in,info@knitkhatunaresh.ac.in,admissions@knitkhatunaresh.ac.in,placement@knitkhatunaresh.ac.in,+91-80-487-1044,Computer Science Engineering (CSE),B.Tech,90,480,2008,Rural,No,Yes
1-44638817252,1-44638817252,U-0197,"KNIT, KHATU NARESH INSTITUTE OF TECHNOLOGY",Active,Rajasthan,Jaipur,Jaipur,"BADA PADAMPURA ROAD, TONK ROAD, SHIVDASPURA TONK ROAD, JAIPUR",302659,26.904013,75.787974,Private-Self Financing,"Board of Technical Education And Directorate Of Technical Education, Jodhpur",Approved,Approved,A+,Yes,,Tier 2,http://www.knitkhatunaresh.ac.in,info@knitkhatunaresh.ac.in,admissions@knitkhatunaresh.ac.in,placement@knitkhatunaresh.ac.in,+91-80-487-1044,Data Science,B.Tech,60,480,2008,Rural,No,Yes
1-44638819813,1-44638819813,U-0755,RAJASTHAN ENGINEERING COLLEGE,Active,Rajasthan,Dausa,Dausa,"SOMNATH NAGAR, GANESHPURA ROAD,",302657,27.029105,74.210117,Private-Self Financing,"Rajasthan Technical University, Kota",Approved,Approved,A+,No,,Tier 3,http://www.rajasthan.ac.in,info@rajasthan.ac.in,admissions@rajasthan.ac.in,placement@rajasthan.ac.in,+91-80-061-3582,Civil Engineering,B.Tech,90,420,1991,Rural,Yes,Yes
1-44638819813,1-44638819813,U-0755,RAJASTHAN ENGINEERING COLLEGE,Active,Rajasthan,Dausa,Dausa,"SOMNATH NAGAR, GANESHPURA ROAD,",302657,27.029105,74.210117,Private-Self Financing,"Rajasthan Technical University, Kota",Approved,Approved,A+,No,,Tier 3,http://www.rajasthan.ac.in,info@rajasthan.ac.in,admissions@rajasthan.ac.in,placement@rajasthan.ac.in,+91-80-061-3582,Electrical Engineering,B.Tech,120,420,1991,Rural,Yes,Yes
1-44638819813,1-44638819813,U-0755,RAJASTHAN ENGINEERING COLLEGE,Active,Rajasthan,Dausa,Dausa,"SOMNATH NAGAR, GANESHPURA ROAD,",302657,27.029105,74.210117,Private-Self Financing,"Rajasthan Technical University, Kota",Approved,Approved,A+,No,,Tier 3,http://www.rajasthan.ac.in,info@rajasthan.ac.in,admissions@rajasthan.ac.in,placement@rajasthan.ac.in,+91-80-061-3582,Mechanical Engineering,B.Tech,30,420,1991,Rural,Yes,Yes
1-44638819813,1-44638819813,U-0755,RAJASTHAN ENGINEERING COLLEGE,Active,Rajasthan,Dausa,Dausa,"SOMNATH NAGAR, GANESHPURA ROAD,",302657,27.029105,74.210117,Private-Self Financing,"Rajasthan Technical University, Kota",Approved,Approved,A+,No,,Tier 3,http://www.rajasthan.ac.in,info@rajasthan.ac.in,admissions@rajasthan.ac.in,placement@rajasthan.ac.in,+91-80-061-3582,Civil Engineering,Diploma,60,420,1991,Rural,Yes,Yes
1-44638819813,1-44638819813,U-0755,RAJASTHAN ENGINEERING COLLEGE,Active,Rajasthan,Dausa,Dausa,"SOMNATH NAGAR, GANESHPURA ROAD,",302657,27.029105,74.210117,Private-Self Financing,"Rajasthan Technical University, Kota",Approved,Approved,A+,No,,Tier 3,http://www.rajasthan.ac.in,info@rajasthan.ac.in,admissions@rajasthan.ac.in,placement@rajasthan.ac.in,+91-80-061-3582,Electrical Engineering,Diploma,120,420,1991,Rural,Yes,Yes
1-44638931383,1-44638931383,U-0992,INSTITUTE OF ENGINEERING AND MANAGEMENT JAIPUR,Active,Rajasthan,Jaipur,Jaipur,"'GURUKUL', 6 KM FROM CHOMU, NH-11, UDAIPURIA MOD, JAIPUR",302659,26.900077,75.788504,State Private University,NOT APPLICABLE,Approved,Approved,A,No,,Tier 3,http://www.managementjaipur.ac.in,info@managementjaipur.ac.in,admissions@managementjaipur.ac.in,placement@managementjaipur.ac.in,+91-80-321-9847,Computer Science Engineering (CSE),B.Tech,180,450,1992,Urban,Yes,Yes
1-44638931383,1-44638931383,U-0992,INSTITUTE OF ENGINEERING AND MANAGEMENT JAIPUR,Active,Rajasthan,Jaipur,Jaipur,"'GURUKUL', 6 KM FROM CHOMU, NH-11, UDAIPURIA MOD, JAIPUR",302659,26.900077,75.788504,State Private University,NOT APPLICABLE,Approved,Approved,A,No,,Tier 3,http://www.managementjaipur.ac.in,info@managementjaipur.ac.in,admissions@managementjaipur.ac.in,placement@managementjaipur.ac.in,+91-80-321-9847,Electronics & Communication Engineering (ECE),B.Tech,30,450,1992,Urban,Yes,Yes
1-44638931383,1-44638931383,U-0992,INSTITUTE OF ENGINEERING AND MANAGEMENT JAIPUR,Active,Rajasthan,Jaipur,Jaipur,"'GURUKUL', 6 KM FROM CHOMU, NH-11, UDAIPURIA MOD, JAIPUR",302659,26.900077,75.788504,State Private University,NOT APPLICABLE,Approved,Approved,A,No,,Tier 3,http://www.managementjaipur.ac.in,info@managementjaipur.ac.in,admissions@managementjaipur.ac.in,placement@managementjaipur.ac.in,+91-80-321-9847,Mechanical Engineering,B.Tech,30,450,1992,Urban,Yes,Yes
1-44638931383,1-44638931383,U-0992,INSTITUTE OF ENGINEERING AND MANAGEMENT JAIPUR,Active,Rajasthan,Jaipur,Jaipur,"'GURUKUL', 6 KM FROM CHOMU, NH-11, UDAIPURIA MOD, JAIPUR",302659,26.900077,75.788504,State Private University,NOT APPLICABLE,Approved,Approved,A,No,,Tier 3,http://www.managementjaipur.ac.in,info@managementjaipur.ac.in,admissions@managementjaipur.ac.in,placement@managementjaipur.ac.in,+91-80-321-9847,Civil Engineering,B.Tech,30,450,1992,Urban,Yes,Yes
1-44638931383,1-44638931383,U-0992,INSTITUTE OF ENGINEERING AND MANAGEMENT JAIPUR,Active,Rajasthan,Jaipur,Jaipur,"'GURUKUL', 6 KM FROM CHOMU, NH-11, UDAIPURIA MOD, JAIPUR",302659,26.900077,75.788504,State Private University,NOT APPLICABLE,Approved,Approved,A,No,,Tier 3,http://www.managementjaipur.ac.in,info@managementjaipur.ac.in,admissions@managementjaipur.ac.in,placement@managementjaipur.ac.in,+91-80-321-9847,Electrical Engineering,B.Tech,30,450,1992,Urban,Yes,Yes
1-44638931383,1-44638931383,U-0992,INSTITUTE OF ENGINEERING AND MANAGEMENT JAIPUR,Active,Rajasthan,Jaipur,Jaipur,"'GURUKUL', 6 KM FROM CHOMU, NH-11, UDAIPURIA MOD, JAIPUR",302659,26.900077,75.788504,State Private University,NOT APPLICABLE,Approved,Approved,A,No,,Tier 3,http://www.managementjaipur.ac.in,info@managementjaipur.ac.in,admissions@managementjaipur.ac.in,placement@managementjaipur.ac.in,+91-80-321-9847,Civil Engineering,M.Tech,18,450,1992,Urban,Yes,Yes
1-44638931383,1-44638931383,U-0992,INSTITUTE OF ENGINEERING AND MANAGEMENT JAIPUR,Active,Rajasthan,Jaipur,Jaipur,"'GURUKUL', 6 KM FROM CHOMU, NH-11, UDAIPURIA MOD, JAIPUR",302659,26.900077,75.788504,State Private University,NOT APPLICABLE,Approved,Approved,A,No,,Tier 3,http://www.managementjaipur.ac.in,info@managementjaipur.ac.in,admissions@managementjaipur.ac.in,placement@managementjaipur.ac.in,+91-80-321-9847,Mechanical Engineering,M.Tech,18,450,1992,Urban,Yes,Yes
1-44638931383,1-44638931383,U-0992,INSTITUTE OF ENGINEERING AND MANAGEMENT JAIPUR,Active,Rajasthan,Jaipur,Jaipur,"'GURUKUL', 6 KM FROM CHOMU, NH-11, UDAIPURIA MOD, JAIPUR",302659,26.900077,75.788504,State Private University,NOT APPLICABLE,Approved,Approved,A,No,,Tier 3,http://www.managementjaipur.ac.in,info@managementjaipur.ac.in,admissions@managementjaipur.ac.in,placement@managementjaipur.ac.in,+91-80-321-9847,Computer Science Engineering (CSE),M.Tech,18,450,1992,Urban,Yes,Yes
1-44638931383,1-44638931383,U-0992,INSTITUTE OF ENGINEERING AND MANAGEMENT JAIPUR,Active,Rajasthan,Jaipur,Jaipur,"'GURUKUL', 6 KM FROM CHOMU, NH-11, UDAIPURIA MOD, JAIPUR",302659,26.900077,75.788504,State Private University,NOT APPLICABLE,Approved,Approved,A,No,,Tier 3,http://www.managementjaipur.ac.in,info@managementjaipur.ac.in,admissions@managementjaipur.ac.in,placement@managementjaipur.ac.in,+91-80-321-9847,Electronics & Communication Engineering (ECE),M.Tech,18,450,1992,Urban,Yes,Yes
1-44638931383,1-44638931383,U-0992,INSTITUTE OF ENGINEERING AND MANAGEMENT JAIPUR,Active,Rajasthan,Jaipur,Jaipur,"'GURUKUL', 6 KM FROM CHOMU, NH-11, UDAIPURIA MOD, JAIPUR",302659,26.900077,75.788504,State Private University,NOT APPLICABLE,Approved,Approved,A,No,,Tier 3,http://www.managementjaipur.ac.in,info@managementjaipur.ac.in,admissions@managementjaipur.ac.in,placement@managementjaipur.ac.in,+91-80-321-9847,Electrical Engineering,M.Tech,18,450,1992,Urban,Yes,Yes
1-44638931383,1-44638931383,U-0992,INSTITUTE OF ENGINEERING AND MANAGEMENT JAIPUR,Active,Rajasthan,Jaipur,Jaipur,"'GURUKUL', 6 KM FROM CHOMU, NH-11, UDAIPURIA MOD, JAIPUR",302659,26.900077,75.788504,State Private University,NOT APPLICABLE,Approved,Approved,A,No,,Tier 3,http://www.managementjaipur.ac.in,info@managementjaipur.ac.in,admissions@managementjaipur.ac.in,placement@managementjaipur.ac.in,+91-80-321-9847,Artificial Intelligence & Machine Learning (AI & ML),B.Tech,60,450,1992,Urban,Yes,Yes
1-44638931990,1-44638931990,U-0755,BIFF & BRIGHT COLLEGE OF ENGINEERING & TECHNOLOGY,Active,Rajasthan,Jaipur,Jaipur,"V.P.- PADASOLI NH-8, DUDU,",302659,26.926434,75.772548,Private-Self Financing,"Rajasthan Technical University, Kota",Approved,Approved,B+,No,,Tier 3,http://www.biffbright.ac.in,info@biffbright.ac.in,admissions@biffbright.ac.in,placement@biffbright.ac.in,+91-80-427-4593,Computer Science Engineering (CSE),B.Tech,30,390,1982,Rural,Yes,Yes
1-44638931990,1-44638931990,U-0755,BIFF & BRIGHT COLLEGE OF ENGINEERING & TECHNOLOGY,Active,Rajasthan,Jaipur,Jaipur,"V.P.- PADASOLI NH-8, DUDU,",302659,26.926434,75.772548,Private-Self Financing,"Rajasthan Technical University, Kota",Approved,Approved,B+,No,,Tier 3,http://www.biffbright.ac.in,info@biffbright.ac.in,admissions@biffbright.ac.in,placement@biffbright.ac.in,+91-80-427-4593,Electrical Engineering,B.Tech,30,390,1982,Rural,Yes,Yes
1-44638931990,1-44638931990,U-0755,BIFF & BRIGHT COLLEGE OF ENGINEERING & TECHNOLOGY,Active,Rajasthan,Jaipur,Jaipur,"V.P.- PADASOLI NH-8, DUDU,",302659,26.926434,75.772548,Private-Self Financing,"Rajasthan Technical University, Kota",Approved,Approved,B+,No,,Tier 3,http://www.biffbright.ac.in,info@biffbright.ac.in,admissions@biffbright.ac.in,placement@biffbright.ac.in,+91-80-427-4593,Civil Engineering,B.Tech,60,390,1982,Rural,Yes,Yes
1-44638931990,1-44638931990,U-0755,BIFF & BRIGHT COLLEGE OF ENGINEERING & TECHNOLOGY,Active,Rajasthan,Jaipur,Jaipur,"V.P.- PADASOLI NH-8, DUDU,",302659,26.926434,75.772548,Private-Self Financing,"Rajasthan Technical University, Kota",Approved,Approved,B+,No,,Tier 3,http://www.biffbright.ac.in,info@biffbright.ac.in,admissions@biffbright.ac.in,placement@biffbright.ac.in,+91-80-427-4593,Mechanical Engineering,B.Tech,30,390,1982,Rural,Yes,Yes
1-44638931990,1-44638931990,U-0755,BIFF & BRIGHT COLLEGE OF ENGINEERING & TECHNOLOGY,Active,Rajasthan,Jaipur,Jaipur,"V.P.- PADASOLI NH-8, DUDU,",302659,26.926434,75.772548,Private-Self Financing,"Rajasthan Technical University, Kota",Approved,Approved,B+,No,,Tier 3,http://www.biffbright.ac.in,info@biffbright.ac.in,admissions@biffbright.ac.in,placement@biffbright.ac.in,+91-80-427-4593,Civil Engineering,Diploma,120,390,1982,Rural,Yes,Yes
1-44638931990,1-44638931990,U-0755,BIFF & BRIGHT COLLEGE OF ENGINEERING & TECHNOLOGY,Active,Rajasthan,Jaipur,Jaipur,"V.P.- PADASOLI NH-8, DUDU,",302659,26.926434,75.772548,Private-Self Financing,"Rajasthan Technical University, Kota",Approved,Approved,B+,No,,Tier 3,http://www.biffbright.ac.in,info@biffbright.ac.in,admissions@biffbright.ac.in,placement@biffbright.ac.in,+91-80-427-4593,Electrical Engineering,Diploma,120,390,1982,Rural,Yes,Yes
1-44639947883,1-44639947883,U-0197,GOVERNMENT RAMCHANDRA KHAITAN POLYTECHNIC COLLEGE,Active,Rajasthan,Jaipur,Jaipur,JHALANA DOONGRI,302659,26.905211,75.784925,Government,"Board of Technical Education And Directorate Of Technical Education, Jodhpur",Approved,Approved,A+,Yes,,Tier 2,http://www.ramchandrakhaitan.ac.in,info@ramchandrakhaitan.ac.in,admissions@ramchandrakhaitan.ac.in,placement@ramchandrakhaitan.ac.in,+91-80-537-3552,Mechanical Engineering,Diploma,60,300,2001,Rural,Yes,No
1-44639947883,1-44639947883,U-0197,GOVERNMENT RAMCHANDRA KHAITAN POLYTECHNIC COLLEGE,Active,Rajasthan,Jaipur,Jaipur,JHALANA DOONGRI,302659,26.905211,75.784925,Government,"Board of Technical Education And Directorate Of Technical Education, Jodhpur",Approved,Approved,A+,Yes,,Tier 2,http://www.ramchandrakhaitan.ac.in,info@ramchandrakhaitan.ac.in,admissions@ramchandrakhaitan.ac.in,placement@ramchandrakhaitan.ac.in,+91-80-537-3552,Computer Science Engineering (CSE),Diploma,60,300,2001,Rural,Yes,No
1-44639947883,1-44639947883,U-0197,GOVERNMENT RAMCHANDRA KHAITAN POLYTECHNIC COLLEGE,Active,Rajasthan,Jaipur,Jaipur,JHALANA DOONGRI,302659,26.905211,75.784925,Government,"Board of Technical Education And Directorate Of Technical Education, Jodhpur",Approved,Approved,A+,Yes,,Tier 2,http://www.ramchandrakhaitan.ac.in,info@ramchandrakhaitan.ac.in,admissions@ramchandrakhaitan.ac.in,placement@ramchandrakhaitan.ac.in,+91-80-537-3552,Information Technology (IT),Diploma,30,300,2001,Rural,Yes,No
1-44639947883,1-44639947883,U-0197,GOVERNMENT RAMCHANDRA KHAITAN POLYTECHNIC COLLEGE,Active,Rajasthan,Jaipur,Jaipur,JHALANA DOONGRI,302659,26.905211,75.784925,Government,"Board of Technical Education And Directorate Of Technical Education, Jodhpur",Approved,Approved,A+,Yes,,Tier 2,http://www.ramchandrakhaitan.ac.in,info@ramchandrakhaitan.ac.in,admissions@ramchandrakhaitan.ac.in,placement@ramchandrakhaitan.ac.in,+91-80-537-3552,Other Engineering Branches,Diploma,60,300,2001,Rural,Yes,No
1-44639947883,1-44639947883,U-0197,GOVERNMENT RAMCHANDRA KHAITAN POLYTECHNIC COLLEGE,Active,Rajasthan,Jaipur,Jaipur,JHALANA DOONGRI,302659,26.905211,75.784925,Government,"Board of Technical Education And Directorate Of Technical Education, Jodhpur",Approved,Approved,A+,Yes,,Tier 2,http://www.ramchandrakhaitan.ac.in,info@ramchandrakhaitan.ac.in,admissions@ramchandrakhaitan.ac.in,placement@ramchandrakhaitan.ac.in,+91-80-537-3552,Civil Engineering,Diploma,60,300,2001,Rural,Yes,No
1-44639947883,1-44639947883,U-0197,GOVERNMENT RAMCHANDRA KHAITAN POLYTECHNIC COLLEGE,Active,Rajasthan,Jaipur,Jaipur,JHALANA DOONGRI,302659,26.905211,75.784925,Government,"Board of Technical Education And Directorate Of Technical Education, Jodhpur",Approved,Approved,A+,Yes,,Tier 2,http://www.ramchandrakhaitan.ac.in,info@ramchandrakhaitan.ac.in,admissions@ramchandrakhaitan.ac.in,placement@ramchandrakhaitan.ac.in,+91-80-537-3552,Electrical Engineering,Diploma,30,300,2001,Rural,Yes,No
1-44640073279,1-44640073279,U-0197,"GOVERNMENT POLYTECHNIC COLLEGE, BARMER, RAJASTHAN",Active,Rajasthan,Barmer,Barmer,"N.H. 15, JAISALMER ROAD, JALIPA",302067,27.006255,74.212915,Government,"Board of Technical Education And Directorate Of Technical Education, Jodhpur",Approved,Approved,A+,Yes,,Tier 2,http://www.barmerrajasthan.ac.in,info@barmerrajasthan.ac.in,admissions@barmerrajasthan.ac.in,placement@barmerrajasthan.ac.in,+91-80-102-9984,Other Engineering Branches,Diploma,10,140,2016,Urban,Yes,Yes
1-44640073279,1-44640073279,U-0197,"GOVERNMENT POLYTECHNIC COLLEGE, BARMER, RAJASTHAN",Active,Rajasthan,Barmer,Barmer,"N.H. 15, JAISALMER ROAD, JALIPA",302067,27.006255,74.212915,Government,"Board of Technical Education And Directorate Of Technical Education, Jodhpur",Approved,Approved,A+,Yes,,Tier 2,http://www.barmerrajasthan.ac.in,info@barmerrajasthan.ac.in,admissions@barmerrajasthan.ac.in,placement@barmerrajasthan.ac.in,+91-80-102-9984,Electrical Engineering,Diploma,20,140,2016,Urban,Yes,Yes
1-44640073279,1-44640073279,U-0197,"GOVERNMENT POLYTECHNIC COLLEGE, BARMER, RAJASTHAN",Active,Rajasthan,Barmer,Barmer,"N.H. 15, JAISALMER ROAD, JALIPA",302067,27.006255,74.212915,Government,"Board of Technical Education And Directorate Of Technical Education, Jodhpur",Approved,Approved,A+,Yes,,Tier 2,http://www.barmerrajasthan.ac.in,info@barmerrajasthan.ac.in,admissions@barmerrajasthan.ac.in,placement@barmerrajasthan.ac.in,+91-80-102-9984,Mechanical Engineering,Diploma,20,140,2016,Urban,Yes,Yes
1-44640073279,1-44640073279,U-0197,"GOVERNMENT POLYTECHNIC COLLEGE, BARMER, RAJASTHAN",Active,Rajasthan,Barmer,Barmer,"N.H. 15, JAISALMER ROAD, JALIPA",302067,27.006255,74.212915,Government,"Board of Technical Education And Directorate Of Technical Education, Jodhpur",Approved,Approved,A+,Yes,,Tier 2,http://www.barmerrajasthan.ac.in,info@barmerrajasthan.ac.in,admissions@barmerrajasthan.ac.in,placement@barmerrajasthan.ac.in,+91-80-102-9984,Chemical Engineering,Diploma,60,140,2016,Urban,Yes,Yes
1-44640073279,1-44640073279,U-0197,"GOVERNMENT POLYTECHNIC COLLEGE, BARMER, RAJASTHAN",Active,Rajasthan,Barmer,Barmer,"N.H. 15, JAISALMER ROAD, JALIPA",302067,27.006255,74.212915,Government,"Board of Technical Education And Directorate Of Technical Education, Jodhpur",Approved,Approved,A+,Yes,,Tier 2,http://www.barmerrajasthan.ac.in,info@barmerrajasthan.ac.in,admissions@barmerrajasthan.ac.in,placement@barmerrajasthan.ac.in,+91-80-102-9984,Civil Engineering,Diploma,30,140,2016,Urban,Yes,Yes
1-44640116365,1-44640116365,U-0197,MISRI DEVI MEMORIAL POLYTECHNIC COLLEGE,Active,Rajasthan,Karauli,Karauli,"MEHANDIPUR BALAJI ROAD,TODA BHIM, DIST. KARAULI",302020,27.041805,74.227541,Private-Self Financing,"Board of Technical Education And Directorate Of Technical Education, Jodhpur",Approved,Approved,Not Accredited,No,,Tier 3,http://www.misridevimemorial.ac.in,info@misridevimemorial.ac.in,admissions@misridevimemorial.ac.in,placement@misridevimemorial.ac.in,+91-80-594-0541,Civil Engineering,Diploma,60,180,2001,Urban,No,Yes
1-44640116365,1-44640116365,U-0197,MISRI DEVI MEMORIAL POLYTECHNIC COLLEGE,Active,Rajasthan,Karauli,Karauli,"MEHANDIPUR BALAJI ROAD,TODA BHIM, DIST. KARAULI",302020,27.041805,74.227541,Private-Self Financing,"Board of Technical Education And Directorate Of Technical Education, Jodhpur",Approved,Approved,Not Accredited,No,,Tier 3,http://www.misridevimemorial.ac.in,info@misridevimemorial.ac.in,admissions@misridevimemorial.ac.in,placement@misridevimemorial.ac.in,+91-80-594-0541,Electrical Engineering,Diploma,60,180,2001,Urban,No,Yes
1-44640116365,1-44640116365,U-0197,MISRI DEVI MEMORIAL POLYTECHNIC COLLEGE,Active,Rajasthan,Karauli,Karauli,"MEHANDIPUR BALAJI ROAD,TODA BHIM, DIST. KARAULI",302020,27.041805,74.227541,Private-Self Financing,"Board of Technical Education And Directorate Of Technical Education, Jodhpur",Approved,Approved,Not Accredited,No,,Tier 3,http://www.misridevimemorial.ac.in,info@misridevimemorial.ac.in,admissions@misridevimemorial.ac.in,placement@misridevimemorial.ac.in,+91-80-594-0541,Mechanical Engineering,Diploma,60,180,2001,Urban,No,Yes
1-44639949561,1-44639949561,U-0197,SBS POLYTECHNIC COLLEGE,Active,Rajasthan,Sikar,Sikar,"NEAR KV NH-11, SABALPURA, SIKAR",302058,27.02367,74.207112,Private-Self Financing,"Board of Technical Education And Directorate Of Technical Education, Jodhpur",Approved,Approved,A+,No,,Tier 3,http://www.sbs.ac.in,info@sbs.ac.in,admissions@sbs.ac.in,placement@sbs.ac.in,+91-80-833-4138,Electrical Engineering,Diploma,60,300,1993,Rural,Yes,Yes
1-44639949561,1-44639949561,U-0197,SBS POLYTECHNIC COLLEGE,Active,Rajasthan,Sikar,Sikar,"NEAR KV NH-11, SABALPURA, SIKAR",302058,27.02367,74.207112,Private-Self Financing,"Board of Technical Education And Directorate Of Technical Education, Jodhpur",Approved,Approved,A+,No,,Tier 3,http://www.sbs.ac.in,info@sbs.ac.in,admissions@sbs.ac.in,placement@sbs.ac.in,+91-80-833-4138,Mechanical Engineering,Diploma,60,300,1993,Rural,Yes,Yes
1-44639949561,1-44639949561,U-0197,SBS POLYTECHNIC COLLEGE,Active,Rajasthan,Sikar,Sikar,"NEAR KV NH-11, SABALPURA, SIKAR",302058,27.02367,74.207112,Private-Self Financing,"Board of Technical Education And Directorate Of Technical Education, Jodhpur",Approved,Approved,A+,No,,Tier 3,http://www.sbs.ac.in,info@sbs.ac.in,admissions@sbs.ac.in,placement@sbs.ac.in,+91-80-833-4138,Electronics & Communication Engineering (ECE),Diploma,60,300,1993,Rural,Yes,Yes
1-44639949561,1-44639949561,U-0197,SBS POLYTECHNIC COLLEGE,Active,Rajasthan,Sikar,Sikar,"NEAR KV NH-11, SABALPURA, SIKAR",302058,27.02367,74.207112,Private-Self Financing,"Board of Technical Education And Directorate Of Technical Education, Jodhpur",Approved,Approved,A+,No,,Tier 3,http://www.sbs.ac.in,info@sbs.ac.in,admissions@sbs.ac.in,placement@sbs.ac.in,+91-80-833-4138,Civil Engineering,Diploma,60,300,1993,Rural,Yes,Yes
1-44639949561,1-44639949561,U-0197,SBS POLYTECHNIC COLLEGE,Active,Rajasthan,Sikar,Sikar,"NEAR KV NH-11, SABALPURA, SIKAR",302058,27.02367,74.207112,Private-Self Financing,"Board of Technical Education And Directorate Of Technical Education, Jodhpur",Approved,Approved,A+,No,,Tier 3,http://www.sbs.ac.in,info@sbs.ac.in,admissions@sbs.ac.in,placement@sbs.ac.in,+91-80-833-4138,Computer Science Engineering (CSE),Diploma,60,300,1993,Rural,Yes,Yes
1-44639995581,1-44639995581,U-0197,"RAJASTHAN POLYTECHNIC COLLEGE, BIKANER",Active,Rajasthan,Bikaner,Bikaner,"NH-11, JAIPUR ROAD, BIKANER",302103,27.007941,74.208364,Private-Self Financing,"Board of Technical Education And Directorate Of Technical Education, Jodhpur",Approved,Approved,A+,No,,Tier 3,http://www.rajasthanbikaner.ac.in,info@rajasthanbikaner.ac.in,admissions@rajasthanbikaner.ac.in,placement@rajasthanbikaner.ac.in,+91-80-173-6770,Civil Engineering,Diploma,42,198,2017,Rural,Yes,Yes
1-44639995581,1-44639995581,U-0197,"RAJASTHAN POLYTECHNIC COLLEGE, BIKANER",Active,Rajasthan,Bikaner,Bikaner,"NH-11, JAIPUR ROAD, BIKANER",302103,27.007941,74.208364,Private-Self Financing,"Board of Technical Education And Directorate Of Technical Education, Jodhpur",Approved,Approved,A+,No,,Tier 3,http://www.rajasthanbikaner.ac.in,info@rajasthanbikaner.ac.in,admissions@rajasthanbikaner.ac.in,placement@rajasthanbikaner.ac.in,+91-80-173-6770,Other Engineering Branches,Diploma,30,198,2017,Rural,Yes,Yes
1-44639995581,1-44639995581,U-0197,"RAJASTHAN POLYTECHNIC COLLEGE, BIKANER",Active,Rajasthan,Bikaner,Bikaner,"NH-11, JAIPUR ROAD, BIKANER",302103,27.007941,74.208364,Private-Self Financing,"Board of Technical Education And Directorate Of Technical Education, Jodhpur",Approved,Approved,A+,No,,Tier 3,http://www.rajasthanbikaner.ac.in,info@rajasthanbikaner.ac.in,admissions@rajasthanbikaner.ac.in,placement@rajasthanbikaner.ac.in,+91-80-173-6770,Electrical Engineering,Diploma,84,198,2017,Rural,Yes,Yes
1-44639995581,1-44639995581,U-0197,"RAJASTHAN POLYTECHNIC COLLEGE, BIKANER",Active,Rajasthan,Bikaner,Bikaner,"NH-11, JAIPUR ROAD, BIKANER",302103,27.007941,74.208364,Private-Self Financing,"Board of Technical Education And Directorate Of Technical Education, Jodhpur",Approved,Approved,A+,No,,Tier 3,http://www.rajasthanbikaner.ac.in,info@rajasthanbikaner.ac.in,admissions@rajasthanbikaner.ac.in,placement@rajasthanbikaner.ac.in,+91-80-173-6770,Mechanical Engineering,Diploma,42,198,2017,Rural,Yes,Yes
1-44640166173,1-44640166173,U-0197,VIKAS POLYTECHNIC COLLEGE,Active,Rajasthan,Bharatpur,Bharatpur,VILLEGE MANDHERA DEEG (BHARATPUR) RAJASTHAN,302200,27.024986,74.232344,Private-Self Financing,"Board of Technical Education And Directorate Of Technical Education, Jodhpur",Approved,Approved,B,Yes,,Tier 3,http://www.vikas.ac.in,info@vikas.ac.in,admissions@vikas.ac.in,placement@vikas.ac.in,+91-80-888-5980,Civil Engineering,Diploma,30,90,1999,Urban,Yes,Yes
1-44640166173,1-44640166173,U-0197,VIKAS POLYTECHNIC COLLEGE,Active,Rajasthan,Bharatpur,Bharatpur,VILLEGE MANDHERA DEEG (BHARATPUR) RAJASTHAN,302200,27.024986,74.232344,Private-Self Financing,"Board of Technical Education And Directorate Of Technical Education, Jodhpur",Approved,Approved,B,Yes,,Tier 3,http://www.vikas.ac.in,info@vikas.ac.in,admissions@vikas.ac.in,placement@vikas.ac.in,+91-80-888-5980,Electrical Engineering,Diploma,30,90,1999,Urban,Yes,Yes
1-44640166173,1-44640166173,U-0197,VIKAS POLYTECHNIC COLLEGE,Active,Rajasthan,Bharatpur,Bharatpur,VILLEGE MANDHERA DEEG (BHARATPUR) RAJASTHAN,302200,27.024986,74.232344,Private-Self Financing,"Board of Technical Education And Directorate Of Technical Education, Jodhpur",Approved,Approved,B,Yes,,Tier 3,http://www.vikas.ac.in,info@vikas.ac.in,admissions@vikas.ac.in,placement@vikas.ac.in,+91-80-888-5980,Mechanical Engineering,Diploma,30,90,1999,Urban,Yes,Yes
1-44640035619,1-44640035619,U-0197,"GOVT. WOMEN POLYTECHNIC COLLEGE, AJMER",Active,Rajasthan,Ajmer,Ajmer,NASIRABAD ROAD MAKHUPURA,302403,27.035836,74.211217,Government,"Board of Technical Education And Directorate Of Technical Education, Jodhpur",Approved,Approved,A,No,,Tier 2,http://www.govtwomenajmer.ac.in,info@govtwomenajmer.ac.in,admissions@govtwomenajmer.ac.in,placement@govtwomenajmer.ac.in,+91-80-343-6757,Other Engineering Branches,Diploma,30,60,1992,Urban,Yes,Yes
1-44640035619,1-44640035619,U-0197,"GOVT. WOMEN POLYTECHNIC COLLEGE, AJMER",Active,Rajasthan,Ajmer,Ajmer,NASIRABAD ROAD MAKHUPURA,302403,27.035836,74.211217,Government,"Board of Technical Education And Directorate Of Technical Education, Jodhpur",Approved,Approved,A,No,,Tier 2,http://www.govtwomenajmer.ac.in,info@govtwomenajmer.ac.in,admissions@govtwomenajmer.ac.in,placement@govtwomenajmer.ac.in,+91-80-343-6757,Computer Science Engineering (CSE),Diploma,30,60,1992,Urban,Yes,Yes
1-44640076273,1-44640076273,U-0755,JAIPUR ENGINEERING COLLEGE AND RESEARCH CENTRE,Active,Rajasthan,Jaipur,Jaipur,"SRI RAM KI NANGAL, VIA-VATIKA, OPP. EPIP GATE, TONK ROAD, JAIPUR",302659,26.917543,75.803041,Private-Self Financing,"Rajasthan Technical University, Kota",Approved,Approved,A+,Yes,,Tier 2,http://www.jaipurresearchcentre.ac.in,info@jaipurresearchcentre.ac.in,admissions@jaipurresearchcentre.ac.in,placement@jaipurresearchcentre.ac.in,+91-80-054-5636,Civil Engineering,B.Tech,60,1590,2017,Rural,Yes,Yes
1-44640076273,1-44640076273,U-0755,JAIPUR ENGINEERING COLLEGE AND RESEARCH CENTRE,Active,Rajasthan,Jaipur,Jaipur,"SRI RAM KI NANGAL, VIA-VATIKA, OPP. EPIP GATE, TONK ROAD, JAIPUR",302659,26.917543,75.803041,Private-Self Financing,"Rajasthan Technical University, Kota",Approved,Approved,A+,Yes,,Tier 2,http://www.jaipurresearchcentre.ac.in,info@jaipurresearchcentre.ac.in,admissions@jaipurresearchcentre.ac.in,placement@jaipurresearchcentre.ac.in,+91-80-054-5636,Electrical Engineering,B.Tech,60,1590,2017,Rural,Yes,Yes
1-44640076273,1-44640076273,U-0755,JAIPUR ENGINEERING COLLEGE AND RESEARCH CENTRE,Active,Rajasthan,Jaipur,Jaipur,"SRI RAM KI NANGAL, VIA-VATIKA, OPP. EPIP GATE, TONK ROAD, JAIPUR",302659,26.917543,75.803041,Private-Self Financing,"Rajasthan Technical University, Kota",Approved,Approved,A+,Yes,,Tier 2,http://www.jaipurresearchcentre.ac.in,info@jaipurresearchcentre.ac.in,admissions@jaipurresearchcentre.ac.in,placement@jaipurresearchcentre.ac.in,+91-80-054-5636,Electronics & Communication Engineering (ECE),B.Tech,180,1590,2017,Rural,Yes,Yes
1-44640076273,1-44640076273,U-0755,JAIPUR ENGINEERING COLLEGE AND RESEARCH CENTRE,Active,Rajasthan,Jaipur,Jaipur,"SRI RAM KI NANGAL, VIA-VATIKA, OPP. EPIP GATE, TONK ROAD, JAIPUR",302659,26.917543,75.803041,Private-Self Financing,"Rajasthan Technical University, Kota",Approved,Approved,A+,Yes,,Tier 2,http://www.jaipurresearchcentre.ac.in,info@jaipurresearchcentre.ac.in,admissions@jaipurresearchcentre.ac.in,placement@jaipurresearchcentre.ac.in,+91-80-054-5636,Information Technology (IT),B.Tech,180,1590,2017,Rural,Yes,Yes
1-44640076273,1-44640076273,U-0755,JAIPUR ENGINEERING COLLEGE AND RESEARCH CENTRE,Active,Rajasthan,Jaipur,Jaipur,"SRI RAM KI NANGAL, VIA-VATIKA, OPP. EPIP GATE, TONK ROAD, JAIPUR",302659,26.917543,75.803041,Private-Self Financing,"Rajasthan Technical University, Kota",Approved,Approved,A+,Yes,,Tier 2,http://www.jaipurresearchcentre.ac.in,info@jaipurresearchcentre.ac.in,admissions@jaipurresearchcentre.ac.in,placement@jaipurresearchcentre.ac.in,+91-80-054-5636,Mechanical Engineering,B.Tech,30,1590,2017,Rural,Yes,Yes
1-44640076273,1-44640076273,U-0755,JAIPUR ENGINEERING COLLEGE AND RESEARCH CENTRE,Active,Rajasthan,Jaipur,Jaipur,"SRI RAM KI NANGAL, VIA-VATIKA, OPP. EPIP GATE, TONK ROAD, JAIPUR",302659,26.917543,75.803041,Private-Self Financing,"Rajasthan Technical University, Kota",Approved,Approved,A+,Yes,,Tier 2,http://www.jaipurresearchcentre.ac.in,info@jaipurresearchcentre.ac.in,admissions@jaipurresearchcentre.ac.in,placement@jaipurresearchcentre.ac.in,+91-80-054-5636,Computer Science Engineering (CSE),B.Tech,840,1590,2017,Rural,Yes,Yes
1-44640076273,1-44640076273,U-0755,JAIPUR ENGINEERING COLLEGE AND RESEARCH CENTRE,Active,Rajasthan,Jaipur,Jaipur,"SRI RAM KI NANGAL, VIA-VATIKA, OPP. EPIP GATE, TONK ROAD, JAIPUR",302659,26.917543,75.803041,Private-Self Financing,"Rajasthan Technical University, Kota",Approved,Approved,A+,Yes,,Tier 2,http://www.jaipurresearchcentre.ac.in,info@jaipurresearchcentre.ac.in,admissions@jaipurresearchcentre.ac.in,placement@jaipurresearchcentre.ac.in,+91-80-054-5636,Data Science,B.Tech,240,1590,2017,Rural,Yes,Yes
1-44639545387,1-44639545387,U-0197,GOVERNMENT WOMEN'S POLYTECHNIC COLLEGE,Active,Rajasthan,Bharatpur,Bharatpur,"NEAR DALMIYA DAIRY, NH-11",302200,27.033052,74.231597,Government,"Board of Technical Education And Directorate Of Technical Education, Jodhpur",Approved,Approved,B,No,,Tier 3,http://www.inst7925.ac.in,info@inst7925.ac.in,admissions@inst7925.ac.in,placement@inst7925.ac.in,+91-80-226-9015,Computer Science Engineering (CSE),Diploma,30,45,2008,Urban,No,Yes
1-44639545387,1-44639545387,U-0197,GOVERNMENT WOMEN'S POLYTECHNIC COLLEGE,Active,Rajasthan,Bharatpur,Bharatpur,"NEAR DALMIYA DAIRY, NH-11",302200,27.033052,74.231597,Government,"Board of Technical Education And Directorate Of Technical Education, Jodhpur",Approved,Approved,B,No,,Tier 3,http://www.inst7925.ac.in,info@inst7925.ac.in,admissions@inst7925.ac.in,placement@inst7925.ac.in,+91-80-226-9015,Electrical Engineering,Diploma,15,45,2008,Urban,No,Yes
1-44639638218,1-44639638218,U-0197,VIDYA BHAWAN POLYTECHNIC COLLEGE,Active,Rajasthan,Udaipur,Udaipur,"BADGAON ROAD, NEAR SYPHON",302880,27.039999,74.203517,Private-Self Financing,"Board of Technical Education And Directorate Of Technical Education, Jodhpur",Approved,Approved,A,No,,Tier 3,http://www.vidyabhawan.ac.in,info@vidyabhawan.ac.in,admissions@vidyabhawan.ac.in,placement@vidyabhawan.ac.in,+91-80-518-2627,Civil Engineering,Diploma,60,280,1988,Urban,Yes,Yes
1-44639638218,1-44639638218,U-0197,VIDYA BHAWAN POLYTECHNIC COLLEGE,Active,Rajasthan,Udaipur,Udaipur,"BADGAON ROAD, NEAR SYPHON",302880,27.039999,74.203517,Private-Self Financing,"Board of Technical Education And Directorate Of Technical Education, Jodhpur",Approved,Approved,A,No,,Tier 3,http://www.vidyabhawan.ac.in,info@vidyabhawan.ac.in,admissions@vidyabhawan.ac.in,placement@vidyabhawan.ac.in,+91-80-518-2627,Other Engineering Branches,Diploma,80,280,1988,Urban,Yes,Yes
1-44639638218,1-44639638218,U-0197,VIDYA BHAWAN POLYTECHNIC COLLEGE,Active,Rajasthan,Udaipur,Udaipur,"BADGAON ROAD, NEAR SYPHON",302880,27.039999,74.203517,Private-Self Financing,"Board of Technical Education And Directorate Of Technical Education, Jodhpur",Approved,Approved,A,No,,Tier 3,http://www.vidyabhawan.ac.in,info@vidyabhawan.ac.in,admissions@vidyabhawan.ac.in,placement@vidyabhawan.ac.in,+91-80-518-2627,Electrical Engineering,Diploma,60,280,1988,Urban,Yes,Yes
1-44639638218,1-44639638218,U-0197,VIDYA BHAWAN POLYTECHNIC COLLEGE,Active,Rajasthan,Udaipur,Udaipur,"BADGAON ROAD, NEAR SYPHON",302880,27.039999,74.203517,Private-Self Financing,"Board of Technical Education And Directorate Of Technical Education, Jodhpur",Approved,Approved,A,No,,Tier 3,http://www.vidyabhawan.ac.in,info@vidyabhawan.ac.in,admissions@vidyabhawan.ac.in,placement@vidyabhawan.ac.in,+91-80-518-2627,Computer Science Engineering (CSE),Diploma,40,280,1988,Urban,Yes,Yes
1-44639638218,1-44639638218,U-0197,VIDYA BHAWAN POLYTECHNIC COLLEGE,Active,Rajasthan,Udaipur,Udaipur,"BADGAON ROAD, NEAR SYPHON",302880,27.039999,74.203517,Private-Self Financing,"Board of Technical Education And Directorate Of Technical Education, Jodhpur",Approved,Approved,A,No,,Tier 3,http://www.vidyabhawan.ac.in,info@vidyabhawan.ac.in,admissions@vidyabhawan.ac.in,placement@vidyabhawan.ac.in,+91-80-518-2627,Information Technology (IT),Diploma,40,280,1988,Urban,Yes,Yes
1-44640060724,1-44640060724,U-0197,GOVERNMENT POLYTECHNIC COLLEGE KARAULI,Active,Rajasthan,Alwar,Alwar,GOVERNMENT POLYTECHNIC COLLEGE KARAULI CAMPUS GOVERNMENT POLYTECHNIC COLLEGE ALWAR,302505,27.039572,74.222841,Government,"Board of Technical Education And Directorate Of Technical Education, Jodhpur",Approved,Approved,B,No,,Tier 3,http://www.karauli.ac.in,info@karauli.ac.in,admissions@karauli.ac.in,placement@karauli.ac.in,+91-80-500-3807,Civil Engineering,Diploma,54,162,1988,Rural,Yes,Yes
1-44640060724,1-44640060724,U-0197,GOVERNMENT POLYTECHNIC COLLEGE KARAULI,Active,Rajasthan,Alwar,Alwar,GOVERNMENT POLYTECHNIC COLLEGE KARAULI CAMPUS GOVERNMENT POLYTECHNIC COLLEGE ALWAR,302505,27.039572,74.222841,Government,"Board of Technical Education And Directorate Of Technical Education, Jodhpur",Approved,Approved,B,No,,Tier 3,http://www.karauli.ac.in,info@karauli.ac.in,admissions@karauli.ac.in,placement@karauli.ac.in,+91-80-500-3807,Electrical Engineering,Diploma,54,162,1988,Rural,Yes,Yes
1-44640060724,1-44640060724,U-0197,GOVERNMENT POLYTECHNIC COLLEGE KARAULI,Active,Rajasthan,Alwar,Alwar,GOVERNMENT POLYTECHNIC COLLEGE KARAULI CAMPUS GOVERNMENT POLYTECHNIC COLLEGE ALWAR,302505,27.039572,74.222841,Government,"Board of Technical Education And Directorate Of Technical Education, Jodhpur",Approved,Approved,B,No,,Tier 3,http://www.karauli.ac.in,info@karauli.ac.in,admissions@karauli.ac.in,placement@karauli.ac.in,+91-80-500-3807,Mechanical Engineering,Diploma,54,162,1988,Rural,Yes,Yes
1-44639652760,1-44639652760,U-0197,VRIDDHI POLYTECHNIC COLLEGE,Active,Rajasthan,Jaipur,Jaipur,4 PHASE IV SITAPURA EDUCATIONAL AREA RIICO,302659,26.897056,75.803275,Private-Self Financing,"Board of Technical Education And Directorate Of Technical Education, Jodhpur",Approved,Approved,B++,No,,Tier 3,http://www.vriddhi.ac.in,info@vriddhi.ac.in,admissions@vriddhi.ac.in,placement@vriddhi.ac.in,+91-80-195-2998,Civil Engineering,Diploma,90,315,1983,Urban,Yes,Yes
1-44639652760,1-44639652760,U-0197,VRIDDHI POLYTECHNIC COLLEGE,Active,Rajasthan,Jaipur,Jaipur,4 PHASE IV SITAPURA EDUCATIONAL AREA RIICO,302659,26.897056,75.803275,Private-Self Financing,"Board of Technical Education And Directorate Of Technical Education, Jodhpur",Approved,Approved,B++,No,,Tier 3,http://www.vriddhi.ac.in,info@vriddhi.ac.in,admissions@vriddhi.ac.in,placement@vriddhi.ac.in,+91-80-195-2998,Mechanical Engineering,Diploma,60,315,1983,Urban,Yes,Yes
1-44639652760,1-44639652760,U-0197,VRIDDHI POLYTECHNIC COLLEGE,Active,Rajasthan,Jaipur,Jaipur,4 PHASE IV SITAPURA EDUCATIONAL AREA RIICO,302659,26.897056,75.803275,Private-Self Financing,"Board of Technical Education And Directorate Of Technical Education, Jodhpur",Approved,Approved,B++,No,,Tier 3,http://www.vriddhi.ac.in,info@vriddhi.ac.in,admissions@vriddhi.ac.in,placement@vriddhi.ac.in,+91-80-195-2998,Electronics & Communication Engineering (ECE),Diploma,15,315,1983,Urban,Yes,Yes
1-44639652760,1-44639652760,U-0197,VRIDDHI POLYTECHNIC COLLEGE,Active,Rajasthan,Jaipur,Jaipur,4 PHASE IV SITAPURA EDUCATIONAL AREA RIICO,302659,26.897056,75.803275,Private-Self Financing,"Board of Technical Education And Directorate Of Technical Education, Jodhpur",Approved,Approved,B++,No,,Tier 3,http://www.vriddhi.ac.in,info@vriddhi.ac.in,admissions@vriddhi.ac.in,placement@vriddhi.ac.in,+91-80-195-2998,Electrical Engineering,Diploma,150,315,1983,Urban,Yes,Yes
1-44640061720,1-44640061720,U-0197,"SHRI GOKUL VERMA GOVT. POLYTECHNIC COLLGEG, BHARATPUR (RAJASTHAN)",Active,Rajasthan,Bharatpur,Bharatpur,"NEAR DALMIYA DAIRY, SEWAR BYE PASS ROAD, NH-11",302200,27.032862,74.206086,Government,"Board of Technical Education And Directorate Of Technical Education, Jodhpur",Approved,Approved,A+,Yes,,Tier 2,http://www.shrigokulverma.ac.in,info@shrigokulverma.ac.in,admissions@shrigokulverma.ac.in,placement@shrigokulverma.ac.in,+91-80-218-9492,Civil Engineering,Diploma,60,140,1988,Urban,Yes,No
1-44640061720,1-44640061720,U-0197,"SHRI GOKUL VERMA GOVT. POLYTECHNIC COLLGEG, BHARATPUR (RAJASTHAN)",Active,Rajasthan,Bharatpur,Bharatpur,"NEAR DALMIYA DAIRY, SEWAR BYE PASS ROAD, NH-11",302200,27.032862,74.206086,Government,"Board of Technical Education And Directorate Of Technical Education, Jodhpur",Approved,Approved,A+,Yes,,Tier 2,http://www.shrigokulverma.ac.in,info@shrigokulverma.ac.in,admissions@shrigokulverma.ac.in,placement@shrigokulverma.ac.in,+91-80-218-9492,Electrical Engineering,Diploma,40,140,1988,Urban,Yes,No
1-44640061720,1-44640061720,U-0197,"SHRI GOKUL VERMA GOVT. POLYTECHNIC COLLGEG, BHARATPUR (RAJASTHAN)",Active,Rajasthan,Bharatpur,Bharatpur,"NEAR DALMIYA DAIRY, SEWAR BYE PASS ROAD, NH-11",302200,27.032862,74.206086,Government,"Board of Technical Education And Directorate Of Technical Education, Jodhpur",Approved,Approved,A+,Yes,,Tier 2,http://www.shrigokulverma.ac.in,info@shrigokulverma.ac.in,admissions@shrigokulverma.ac.in,placement@shrigokulverma.ac.in,+91-80-218-9492,Mechanical Engineering,Diploma,40,140,1988,Urban,Yes,No
1-44640062747,1-44640062747,U-0197,SHRI TIRUPATI BALAJI POLYTECNIC COLLEGE,Active,Rajasthan,Kota,Kota,"MODI KUNJ NEAR MORAK RAILWAY STATION,DHABA DEH ROAD,  (RAMGANJ MANDI)",302663,25.164432,75.814794,Private-Self Financing,"Board of Technical Education And Directorate Of Technical Education, Jodhpur",Approved,Approved,B+,No,,Tier 3,http://www.shritirupatibalaji.ac.in,info@shritirupatibalaji.ac.in,admissions@shritirupatibalaji.ac.in,placement@shritirupatibalaji.ac.in,+91-80-081-0551,Electrical Engineering,Diploma,120,270,2005,Rural,Yes,Yes
1-44640062747,1-44640062747,U-0197,SHRI TIRUPATI BALAJI POLYTECNIC COLLEGE,Active,Rajasthan,Kota,Kota,"MODI KUNJ NEAR MORAK RAILWAY STATION,DHABA DEH ROAD,  (RAMGANJ MANDI)",302663,25.164432,75.814794,Private-Self Financing,"Board of Technical Education And Directorate Of Technical Education, Jodhpur",Approved,Approved,B+,No,,Tier 3,http://www.shritirupatibalaji.ac.in,info@shritirupatibalaji.ac.in,admissions@shritirupatibalaji.ac.in,placement@shritirupatibalaji.ac.in,+91-80-081-0551,Civil Engineering,Diploma,60,270,2005,Rural,Yes,Yes
1-44640062747,1-44640062747,U-0197,SHRI TIRUPATI BALAJI POLYTECNIC COLLEGE,Active,Rajasthan,Kota,Kota,"MODI KUNJ NEAR MORAK RAILWAY STATION,DHABA DEH ROAD,  (RAMGANJ MANDI)",302663,25.164432,75.814794,Private-Self Financing,"Board of Technical Education And Directorate Of Technical Education, Jodhpur",Approved,Approved,B+,No,,Tier 3,http://www.shritirupatibalaji.ac.in,info@shritirupatibalaji.ac.in,admissions@shritirupatibalaji.ac.in,placement@shritirupatibalaji.ac.in,+91-80-081-0551,Other Engineering Branches,Diploma,30,270,2005,Rural,Yes,Yes
1-44640062747,1-44640062747,U-0197,SHRI TIRUPATI BALAJI POLYTECNIC COLLEGE,Active,Rajasthan,Kota,Kota,"MODI KUNJ NEAR MORAK RAILWAY STATION,DHABA DEH ROAD,  (RAMGANJ MANDI)",302663,25.164432,75.814794,Private-Self Financing,"Board of Technical Education And Directorate Of Technical Education, Jodhpur",Approved,Approved,B+,No,,Tier 3,http://www.shritirupatibalaji.ac.in,info@shritirupatibalaji.ac.in,admissions@shritirupatibalaji.ac.in,placement@shritirupatibalaji.ac.in,+91-80-081-0551,Computer Science Engineering (CSE),Diploma,30,270,2005,Rural,Yes,Yes
1-44640062747,1-44640062747,U-0197,SHRI TIRUPATI BALAJI POLYTECNIC COLLEGE,Active,Rajasthan,Kota,Kota,"MODI KUNJ NEAR MORAK RAILWAY STATION,DHABA DEH ROAD,  (RAMGANJ MANDI)",302663,25.164432,75.814794,Private-Self Financing,"Board of Technical Education And Directorate Of Technical Education, Jodhpur",Approved,Approved,B+,No,,Tier 3,http://www.shritirupatibalaji.ac.in,info@shritirupatibalaji.ac.in,admissions@shritirupatibalaji.ac.in,placement@shritirupatibalaji.ac.in,+91-80-081-0551,Mechanical Engineering,Diploma,30,270,2005,Rural,Yes,Yes
1-44639656935,1-44639656935,U-0197,GOVERNMENT POLYTECHNIC COLLEGE RAJSAMAND,Active,Rajasthan,Rajsamand,Rajsamand,"NH 8 , NEAR PIPARDA,",302665,27.02528,74.218592,Government,"Board of Technical Education And Directorate Of Technical Education, Jodhpur",Approved,Approved,A+,Yes,,Tier 2,http://www.rajsamand.ac.in,info@rajsamand.ac.in,admissions@rajsamand.ac.in,placement@rajsamand.ac.in,+91-80-900-9284,Computer Science Engineering (CSE),Diploma,30,100,1986,Urban,No,Yes
1-44639656935,1-44639656935,U-0197,GOVERNMENT POLYTECHNIC COLLEGE RAJSAMAND,Active,Rajasthan,Rajsamand,Rajsamand,"NH 8 , NEAR PIPARDA,",302665,27.02528,74.218592,Government,"Board of Technical Education And Directorate Of Technical Education, Jodhpur",Approved,Approved,A+,Yes,,Tier 2,http://www.rajsamand.ac.in,info@rajsamand.ac.in,admissions@rajsamand.ac.in,placement@rajsamand.ac.in,+91-80-900-9284,Electrical Engineering,Diploma,40,100,1986,Urban,No,Yes
1-44639656935,1-44639656935,U-0197,GOVERNMENT POLYTECHNIC COLLEGE RAJSAMAND,Active,Rajasthan,Rajsamand,Rajsamand,"NH 8 , NEAR PIPARDA,",302665,27.02528,74.218592,Government,"Board of Technical Education And Directorate Of Technical Education, Jodhpur",Approved,Approved,A+,Yes,,Tier 2,http://www.rajsamand.ac.in,info@rajsamand.ac.in,admissions@rajsamand.ac.in,placement@rajsamand.ac.in,+91-80-900-9284,Other Engineering Branches,Diploma,30,100,1986,Urban,No,Yes
1-44640139563,1-44640139563,U-0855,VASHISTH POLYTECHNIC COLLEGE,Active,Rajasthan,Ganganagar,Ganganagar,"VILLAGE TILLAWALI GRAM PANCHAYAT RAJPURA PIPERAN NH 62 BIKANER ROAD SURATGARH,TEHSIL SURATGARH,SRI GANGANAGAR RAJASTHAN",302185,27.034812,74.216839,Private-Self Financing,"Board of Technical Education, Jodhpur",Approved,Approved,Not Accredited,No,,Tier 3,http://www.vashisth.ac.in,info@vashisth.ac.in,admissions@vashisth.ac.in,placement@vashisth.ac.in,+91-80-300-7481,Civil Engineering,Diploma,60,300,2016,Urban,Yes,No
1-44640139563,1-44640139563,U-0855,VASHISTH POLYTECHNIC COLLEGE,Active,Rajasthan,Ganganagar,Ganganagar,"VILLAGE TILLAWALI GRAM PANCHAYAT RAJPURA PIPERAN NH 62 BIKANER ROAD SURATGARH,TEHSIL SURATGARH,SRI GANGANAGAR RAJASTHAN",302185,27.034812,74.216839,Private-Self Financing,"Board of Technical Education, Jodhpur",Approved,Approved,Not Accredited,No,,Tier 3,http://www.vashisth.ac.in,info@vashisth.ac.in,admissions@vashisth.ac.in,placement@vashisth.ac.in,+91-80-300-7481,Other Engineering Branches,Diploma,60,300,2016,Urban,Yes,No
1-44640139563,1-44640139563,U-0855,VASHISTH POLYTECHNIC COLLEGE,Active,Rajasthan,Ganganagar,Ganganagar,"VILLAGE TILLAWALI GRAM PANCHAYAT RAJPURA PIPERAN NH 62 BIKANER ROAD SURATGARH,TEHSIL SURATGARH,SRI GANGANAGAR RAJASTHAN",302185,27.034812,74.216839,Private-Self Financing,"Board of Technical Education, Jodhpur",Approved,Approved,Not Accredited,No,,Tier 3,http://www.vashisth.ac.in,info@vashisth.ac.in,admissions@vashisth.ac.in,placement@vashisth.ac.in,+91-80-300-7481,Electrical Engineering,Diploma,120,300,2016,Urban,Yes,No
1-44640139563,1-44640139563,U-0855,VASHISTH POLYTECHNIC COLLEGE,Active,Rajasthan,Ganganagar,Ganganagar,"VILLAGE TILLAWALI GRAM PANCHAYAT RAJPURA PIPERAN NH 62 BIKANER ROAD SURATGARH,TEHSIL SURATGARH,SRI GANGANAGAR RAJASTHAN",302185,27.034812,74.216839,Private-Self Financing,"Board of Technical Education, Jodhpur",Approved,Approved,Not Accredited,No,,Tier 3,http://www.vashisth.ac.in,info@vashisth.ac.in,admissions@vashisth.ac.in,placement@vashisth.ac.in,+91-80-300-7481,Mechanical Engineering,Diploma,60,300,2016,Urban,Yes,No
1-44639812970,1-44639812970,U-0197,"GOVT. POLYTECHNIC COLLEGE, BHILWARA(RAJ.)",Active,Rajasthan,Bhilwara,Bhilwara,"GOVT. POLYTECHNIC COLLEGE,TILAK NAGAR,BHILWARA PIN-311001",311001,27.029515,74.204575,Government,"Board of Technical Education And Directorate Of Technical Education, Jodhpur",Approved,Approved,B++,Yes,,Tier 3,http://www.govtbhilwararaj.ac.in,info@govtbhilwararaj.ac.in,admissions@govtbhilwararaj.ac.in,placement@govtbhilwararaj.ac.in,+91-80-078-5578,Electrical Engineering,Diploma,60,270,1990,Rural,No,Yes
1-44639812970,1-44639812970,U-0197,"GOVT. POLYTECHNIC COLLEGE, BHILWARA(RAJ.)",Active,Rajasthan,Bhilwara,Bhilwara,"GOVT. POLYTECHNIC COLLEGE,TILAK NAGAR,BHILWARA PIN-311001",311001,27.029515,74.204575,Government,"Board of Technical Education And Directorate Of Technical Education, Jodhpur",Approved,Approved,B++,Yes,,Tier 3,http://www.govtbhilwararaj.ac.in,info@govtbhilwararaj.ac.in,admissions@govtbhilwararaj.ac.in,placement@govtbhilwararaj.ac.in,+91-80-078-5578,Other Engineering Branches,Diploma,30,270,1990,Rural,No,Yes
1-44639812970,1-44639812970,U-0197,"GOVT. POLYTECHNIC COLLEGE, BHILWARA(RAJ.)",Active,Rajasthan,Bhilwara,Bhilwara,"GOVT. POLYTECHNIC COLLEGE,TILAK NAGAR,BHILWARA PIN-311001",311001,27.029515,74.204575,Government,"Board of Technical Education And Directorate Of Technical Education, Jodhpur",Approved,Approved,B++,Yes,,Tier 3,http://www.govtbhilwararaj.ac.in,info@govtbhilwararaj.ac.in,admissions@govtbhilwararaj.ac.in,placement@govtbhilwararaj.ac.in,+91-80-078-5578,Mechanical Engineering,Diploma,60,270,1990,Rural,No,Yes
1-44639812970,1-44639812970,U-0197,"GOVT. POLYTECHNIC COLLEGE, BHILWARA(RAJ.)",Active,Rajasthan,Bhilwara,Bhilwara,"GOVT. POLYTECHNIC COLLEGE,TILAK NAGAR,BHILWARA PIN-311001",311001,27.029515,74.204575,Government,"Board of Technical Education And Directorate Of Technical Education, Jodhpur",Approved,Approved,B++,Yes,,Tier 3,http://www.govtbhilwararaj.ac.in,info@govtbhilwararaj.ac.in,admissions@govtbhilwararaj.ac.in,placement@govtbhilwararaj.ac.in,+91-80-078-5578,Civil Engineering,Diploma,60,270,1990,Rural,No,Yes
1-44639812970,1-44639812970,U-0197,"GOVT. POLYTECHNIC COLLEGE, BHILWARA(RAJ.)",Active,Rajasthan,Bhilwara,Bhilwara,"GOVT. POLYTECHNIC COLLEGE,TILAK NAGAR,BHILWARA PIN-311001",311001,27.029515,74.204575,Government,"Board of Technical Education And Directorate Of Technical Education, Jodhpur",Approved,Approved,B++,Yes,,Tier 3,http://www.govtbhilwararaj.ac.in,info@govtbhilwararaj.ac.in,admissions@govtbhilwararaj.ac.in,placement@govtbhilwararaj.ac.in,+91-80-078-5578,Computer Science Engineering (CSE),Diploma,30,270,1990,Rural,No,Yes
1-44639812970,1-44639812970,U-0197,"GOVT. POLYTECHNIC COLLEGE, BHILWARA(RAJ.)",Active,Rajasthan,Bhilwara,Bhilwara,"GOVT. POLYTECHNIC COLLEGE,TILAK NAGAR,BHILWARA PIN-311001",311001,27.029515,74.204575,Government,"Board of Technical Education And Directorate Of Technical Education, Jodhpur",Approved,Approved,B++,Yes,,Tier 3,http://www.govtbhilwararaj.ac.in,info@govtbhilwararaj.ac.in,admissions@govtbhilwararaj.ac.in,placement@govtbhilwararaj.ac.in,+91-80-078-5578,Mining Engineering,Diploma,30,270,1990,Rural,No,Yes
1-44639878886,1-44639878886,U-0197,SS POLYTECHNIC COLLEGE,Active,Rajasthan,Udaipur,Udaipur,"JAMAR KOTDA ROAD, UMARDA ,UDAIPUR",302880,27.024831,74.198596,Private-Self Financing,"Board of Technical Education And Directorate Of Technical Education, Jodhpur",Approved,Approved,A+,Yes,,Tier 2,http://www.ss.ac.in,info@ss.ac.in,admissions@ss.ac.in,placement@ss.ac.in,+91-80-882-0740,Mechanical Engineering,Diploma,120,420,1983,Rural,Yes,Yes
1-44639878886,1-44639878886,U-0197,SS POLYTECHNIC COLLEGE,Active,Rajasthan,Udaipur,Udaipur,"JAMAR KOTDA ROAD, UMARDA ,UDAIPUR",302880,27.024831,74.198596,Private-Self Financing,"Board of Technical Education And Directorate Of Technical Education, Jodhpur",Approved,Approved,A+,Yes,,Tier 2,http://www.ss.ac.in,info@ss.ac.in,admissions@ss.ac.in,placement@ss.ac.in,+91-80-882-0740,Electrical Engineering,Diploma,180,420,1983,Rural,Yes,Yes
1-44639878886,1-44639878886,U-0197,SS POLYTECHNIC COLLEGE,Active,Rajasthan,Udaipur,Udaipur,"JAMAR KOTDA ROAD, UMARDA ,UDAIPUR",302880,27.024831,74.198596,Private-Self Financing,"Board of Technical Education And Directorate Of Technical Education, Jodhpur",Approved,Approved,A+,Yes,,Tier 2,http://www.ss.ac.in,info@ss.ac.in,admissions@ss.ac.in,placement@ss.ac.in,+91-80-882-0740,Civil Engineering,Diploma,120,420,1983,Rural,Yes,Yes
1-44639552774,1-44639552774,U-0755,"RAJASTHAN TECHNICAL UNIVERSITY, KOTA",Active,Rajasthan,Kota,Kota,"AKELGARH, RAWATBHATA ROAD, KOTA - 324010",324010,25.183252,75.836562,State Government University,"Rajasthan Technical University, Kota",Approved,Approved,B++,No,,Tier 3,http://www.rajasthantechnicalkota.ac.in,info@rajasthantechnicalkota.ac.in,admissions@rajasthantechnicalkota.ac.in,placement@rajasthantechnicalkota.ac.in,+91-80-870-4194,Information Technology (IT),B.Tech,60,936,1998,Urban,Yes,Yes
1-44639552774,1-44639552774,U-0755,"RAJASTHAN TECHNICAL UNIVERSITY, KOTA",Active,Rajasthan,Kota,Kota,"AKELGARH, RAWATBHATA ROAD, KOTA - 324010",324010,25.183252,75.836562,State Government University,"Rajasthan Technical University, Kota",Approved,Approved,B++,No,,Tier 3,http://www.rajasthantechnicalkota.ac.in,info@rajasthantechnicalkota.ac.in,admissions@rajasthantechnicalkota.ac.in,placement@rajasthantechnicalkota.ac.in,+91-80-870-4194,Mechanical Engineering,B.Tech,60,936,1998,Urban,Yes,Yes
1-44639552774,1-44639552774,U-0755,"RAJASTHAN TECHNICAL UNIVERSITY, KOTA",Active,Rajasthan,Kota,Kota,"AKELGARH, RAWATBHATA ROAD, KOTA - 324010",324010,25.183252,75.836562,State Government University,"Rajasthan Technical University, Kota",Approved,Approved,B++,No,,Tier 3,http://www.rajasthantechnicalkota.ac.in,info@rajasthantechnicalkota.ac.in,admissions@rajasthantechnicalkota.ac.in,placement@rajasthantechnicalkota.ac.in,+91-80-870-4194,Other Engineering Branches,B.Tech,120,936,1998,Urban,Yes,Yes
1-44639552774,1-44639552774,U-0755,"RAJASTHAN TECHNICAL UNIVERSITY, KOTA",Active,Rajasthan,Kota,Kota,"AKELGARH, RAWATBHATA ROAD, KOTA - 324010",324010,25.183252,75.836562,State Government University,"Rajasthan Technical University, Kota",Approved,Approved,B++,No,,Tier 3,http://www.rajasthantechnicalkota.ac.in,info@rajasthantechnicalkota.ac.in,admissions@rajasthantechnicalkota.ac.in,placement@rajasthantechnicalkota.ac.in,+91-80-870-4194,Civil Engineering,B.Tech,120,936,1998,Urban,Yes,Yes
1-44639552774,1-44639552774,U-0755,"RAJASTHAN TECHNICAL UNIVERSITY, KOTA",Active,Rajasthan,Kota,Kota,"AKELGARH, RAWATBHATA ROAD, KOTA - 324010",324010,25.183252,75.836562,State Government University,"Rajasthan Technical University, Kota",Approved,Approved,B++,No,,Tier 3,http://www.rajasthantechnicalkota.ac.in,info@rajasthantechnicalkota.ac.in,admissions@rajasthantechnicalkota.ac.in,placement@rajasthantechnicalkota.ac.in,+91-80-870-4194,Electrical Engineering,B.Tech,120,936,1998,Urban,Yes,Yes
1-44639552774,1-44639552774,U-0755,"RAJASTHAN TECHNICAL UNIVERSITY, KOTA",Active,Rajasthan,Kota,Kota,"AKELGARH, RAWATBHATA ROAD, KOTA - 324010",324010,25.183252,75.836562,State Government University,"Rajasthan Technical University, Kota",Approved,Approved,B++,No,,Tier 3,http://www.rajasthantechnicalkota.ac.in,info@rajasthantechnicalkota.ac.in,admissions@rajasthantechnicalkota.ac.in,placement@rajasthantechnicalkota.ac.in,+91-80-870-4194,Computer Science Engineering (CSE),B.Tech,120,936,1998,Urban,Yes,Yes
1-44639552774,1-44639552774,U-0755,"RAJASTHAN TECHNICAL UNIVERSITY, KOTA",Active,Rajasthan,Kota,Kota,"AKELGARH, RAWATBHATA ROAD, KOTA - 324010",324010,25.183252,75.836562,State Government University,"Rajasthan Technical University, Kota",Approved,Approved,B++,No,,Tier 3,http://www.rajasthantechnicalkota.ac.in,info@rajasthantechnicalkota.ac.in,admissions@rajasthantechnicalkota.ac.in,placement@rajasthantechnicalkota.ac.in,+91-80-870-4194,Electronics & Communication Engineering (ECE),B.Tech,60,936,1998,Urban,Yes,Yes
1-44639552774,1-44639552774,U-0755,"RAJASTHAN TECHNICAL UNIVERSITY, KOTA",Active,Rajasthan,Kota,Kota,"AKELGARH, RAWATBHATA ROAD, KOTA - 324010",324010,25.183252,75.836562,State Government University,"Rajasthan Technical University, Kota",Approved,Approved,B++,No,,Tier 3,http://www.rajasthantechnicalkota.ac.in,info@rajasthantechnicalkota.ac.in,admissions@rajasthantechnicalkota.ac.in,placement@rajasthantechnicalkota.ac.in,+91-80-870-4194,Aeronautical Engineering,B.Tech,30,936,1998,Urban,Yes,Yes
1-44639552774,1-44639552774,U-0755,"RAJASTHAN TECHNICAL UNIVERSITY, KOTA",Active,Rajasthan,Kota,Kota,"AKELGARH, RAWATBHATA ROAD, KOTA - 324010",324010,25.183252,75.836562,State Government University,"Rajasthan Technical University, Kota",Approved,Approved,B++,No,,Tier 3,http://www.rajasthantechnicalkota.ac.in,info@rajasthantechnicalkota.ac.in,admissions@rajasthantechnicalkota.ac.in,placement@rajasthantechnicalkota.ac.in,+91-80-870-4194,Chemical Engineering,B.Tech,90,936,1998,Urban,Yes,Yes
1-44639552774,1-44639552774,U-0755,"RAJASTHAN TECHNICAL UNIVERSITY, KOTA",Active,Rajasthan,Kota,Kota,"AKELGARH, RAWATBHATA ROAD, KOTA - 324010",324010,25.183252,75.836562,State Government University,"Rajasthan Technical University, Kota",Approved,Approved,B++,No,,Tier 3,http://www.rajasthantechnicalkota.ac.in,info@rajasthantechnicalkota.ac.in,admissions@rajasthantechnicalkota.ac.in,placement@rajasthantechnicalkota.ac.in,+91-80-870-4194,Computer Science Engineering (CSE),M.Tech,12,936,1998,Urban,Yes,Yes
1-44639552774,1-44639552774,U-0755,"RAJASTHAN TECHNICAL UNIVERSITY, KOTA",Active,Rajasthan,Kota,Kota,"AKELGARH, RAWATBHATA ROAD, KOTA - 324010",324010,25.183252,75.836562,State Government University,"Rajasthan Technical University, Kota",Approved,Approved,B++,No,,Tier 3,http://www.rajasthantechnicalkota.ac.in,info@rajasthantechnicalkota.ac.in,admissions@rajasthantechnicalkota.ac.in,placement@rajasthantechnicalkota.ac.in,+91-80-870-4194,Information Technology (IT),M.Tech,12,936,1998,Urban,Yes,Yes
1-44639552774,1-44639552774,U-0755,"RAJASTHAN TECHNICAL UNIVERSITY, KOTA",Active,Rajasthan,Kota,Kota,"AKELGARH, RAWATBHATA ROAD, KOTA - 324010",324010,25.183252,75.836562,State Government University,"Rajasthan Technical University, Kota",Approved,Approved,B++,No,,Tier 3,http://www.rajasthantechnicalkota.ac.in,info@rajasthantechnicalkota.ac.in,admissions@rajasthantechnicalkota.ac.in,placement@rajasthantechnicalkota.ac.in,+91-80-870-4194,Other Engineering Branches,M.Tech,120,936,1998,Urban,Yes,Yes
1-44639552774,1-44639552774,U-0755,"RAJASTHAN TECHNICAL UNIVERSITY, KOTA",Active,Rajasthan,Kota,Kota,"AKELGARH, RAWATBHATA ROAD, KOTA - 324010",324010,25.183252,75.836562,State Government University,"Rajasthan Technical University, Kota",Approved,Approved,B++,No,,Tier 3,http://www.rajasthantechnicalkota.ac.in,info@rajasthantechnicalkota.ac.in,admissions@rajasthantechnicalkota.ac.in,placement@rajasthantechnicalkota.ac.in,+91-80-870-4194,Electrical & Electronics Engineering (EEE),M.Tech,12,936,1998,Urban,Yes,Yes
1-44640142445,1-44640142445,U-0197,LAXMI DEVI INSTITUTE OF ENGINEERING & TECHNOLOGY,Active,Rajasthan,Alwar,Alwar,"TIJARA ROAD, CHIKANI, ALWAR",302505,27.03589,74.231623,Private-Self Financing,"Board of Technical Education And Directorate Of Technical Education, Jodhpur",Approved,Approved,Not Accredited,No,,Tier 3,http://www.laxmidevi.ac.in,info@laxmidevi.ac.in,admissions@laxmidevi.ac.in,placement@laxmidevi.ac.in,+91-80-345-9415,Electrical Engineering,Diploma,60,180,1997,Urban,No,Yes
1-44640142445,1-44640142445,U-0197,LAXMI DEVI INSTITUTE OF ENGINEERING & TECHNOLOGY,Active,Rajasthan,Alwar,Alwar,"TIJARA ROAD, CHIKANI, ALWAR",302505,27.03589,74.231623,Private-Self Financing,"Board of Technical Education And Directorate Of Technical Education, Jodhpur",Approved,Approved,Not Accredited,No,,Tier 3,http://www.laxmidevi.ac.in,info@laxmidevi.ac.in,admissions@laxmidevi.ac.in,placement@laxmidevi.ac.in,+91-80-345-9415,Civil Engineering,Diploma,60,180,1997,Urban,No,Yes
1-44640142445,1-44640142445,U-0197,LAXMI DEVI INSTITUTE OF ENGINEERING & TECHNOLOGY,Active,Rajasthan,Alwar,Alwar,"TIJARA ROAD, CHIKANI, ALWAR",302505,27.03589,74.231623,Private-Self Financing,"Board of Technical Education And Directorate Of Technical Education, Jodhpur",Approved,Approved,Not Accredited,No,,Tier 3,http://www.laxmidevi.ac.in,info@laxmidevi.ac.in,admissions@laxmidevi.ac.in,placement@laxmidevi.ac.in,+91-80-345-9415,Mechanical Engineering,Diploma,60,180,1997,Urban,No,Yes
1-44639467766,1-44639467766,U-0755,JAIPUR ENGINEERING COLLEGE,Active,Rajasthan,Jaipur,Jaipur,"SP-43, RIICO INDUSTRIAL AREA, KUKAS",302659,26.928767,75.803543,Private-Self Financing,"Rajasthan Technical University, Kota",Approved,Approved,Not Accredited,No,,Tier 3,http://www.jaipur.ac.in,info@jaipur.ac.in,admissions@jaipur.ac.in,placement@jaipur.ac.in,+91-80-525-3223,Mechanical Engineering,B.Tech,60,552,2005,Urban,No,No
1-44639467766,1-44639467766,U-0755,JAIPUR ENGINEERING COLLEGE,Active,Rajasthan,Jaipur,Jaipur,"SP-43, RIICO INDUSTRIAL AREA, KUKAS",302659,26.928767,75.803543,Private-Self Financing,"Rajasthan Technical University, Kota",Approved,Approved,Not Accredited,No,,Tier 3,http://www.jaipur.ac.in,info@jaipur.ac.in,admissions@jaipur.ac.in,placement@jaipur.ac.in,+91-80-525-3223,Electronics & Communication Engineering (ECE),B.Tech,30,552,2005,Urban,No,No
1-44639467766,1-44639467766,U-0755,JAIPUR ENGINEERING COLLEGE,Active,Rajasthan,Jaipur,Jaipur,"SP-43, RIICO INDUSTRIAL AREA, KUKAS",302659,26.928767,75.803543,Private-Self Financing,"Rajasthan Technical University, Kota",Approved,Approved,Not Accredited,No,,Tier 3,http://www.jaipur.ac.in,info@jaipur.ac.in,admissions@jaipur.ac.in,placement@jaipur.ac.in,+91-80-525-3223,Electrical Engineering,B.Tech,60,552,2005,Urban,No,No
1-44639467766,1-44639467766,U-0755,JAIPUR ENGINEERING COLLEGE,Active,Rajasthan,Jaipur,Jaipur,"SP-43, RIICO INDUSTRIAL AREA, KUKAS",302659,26.928767,75.803543,Private-Self Financing,"Rajasthan Technical University, Kota",Approved,Approved,Not Accredited,No,,Tier 3,http://www.jaipur.ac.in,info@jaipur.ac.in,admissions@jaipur.ac.in,placement@jaipur.ac.in,+91-80-525-3223,Computer Science Engineering (CSE),B.Tech,180,552,2005,Urban,No,No
1-44639467766,1-44639467766,U-0755,JAIPUR ENGINEERING COLLEGE,Active,Rajasthan,Jaipur,Jaipur,"SP-43, RIICO INDUSTRIAL AREA, KUKAS",302659,26.928767,75.803543,Private-Self Financing,"Rajasthan Technical University, Kota",Approved,Approved,Not Accredited,No,,Tier 3,http://www.jaipur.ac.in,info@jaipur.ac.in,admissions@jaipur.ac.in,placement@jaipur.ac.in,+91-80-525-3223,Information Technology (IT),B.Tech,30,552,2005,Urban,No,No
1-44639467766,1-44639467766,U-0755,JAIPUR ENGINEERING COLLEGE,Active,Rajasthan,Jaipur,Jaipur,"SP-43, RIICO INDUSTRIAL AREA, KUKAS",302659,26.928767,75.803543,Private-Self Financing,"Rajasthan Technical University, Kota",Approved,Approved,Not Accredited,No,,Tier 3,http://www.jaipur.ac.in,info@jaipur.ac.in,admissions@jaipur.ac.in,placement@jaipur.ac.in,+91-80-525-3223,Information Technology (IT),M.Tech,18,552,2005,Urban,No,No
1-44639467766,1-44639467766,U-0755,JAIPUR ENGINEERING COLLEGE,Active,Rajasthan,Jaipur,Jaipur,"SP-43, RIICO INDUSTRIAL AREA, KUKAS",302659,26.928767,75.803543,Private-Self Financing,"Rajasthan Technical University, Kota",Approved,Approved,Not Accredited,No,,Tier 3,http://www.jaipur.ac.in,info@jaipur.ac.in,admissions@jaipur.ac.in,placement@jaipur.ac.in,+91-80-525-3223,Other Engineering Branches,M.Tech,36,552,2005,Urban,No,No
1-44639467766,1-44639467766,U-0755,JAIPUR ENGINEERING COLLEGE,Active,Rajasthan,Jaipur,Jaipur,"SP-43, RIICO INDUSTRIAL AREA, KUKAS",302659,26.928767,75.803543,Private-Self Financing,"Rajasthan Technical University, Kota",Approved,Approved,Not Accredited,No,,Tier 3,http://www.jaipur.ac.in,info@jaipur.ac.in,admissions@jaipur.ac.in,placement@jaipur.ac.in,+91-80-525-3223,Computer Science Engineering (CSE),M.Tech,18,552,2005,Urban,No,No
1-44639467766,1-44639467766,U-0755,JAIPUR ENGINEERING COLLEGE,Active,Rajasthan,Jaipur,Jaipur,"SP-43, RIICO INDUSTRIAL AREA, KUKAS",302659,26.928767,75.803543,Private-Self Financing,"Rajasthan Technical University, Kota",Approved,Approved,Not Accredited,No,,Tier 3,http://www.jaipur.ac.in,info@jaipur.ac.in,admissions@jaipur.ac.in,placement@jaipur.ac.in,+91-80-525-3223,Civil Engineering,B.Tech,120,552,2005,Urban,No,No
1-44640146813,1-44640146813,U-0197,"GOVERMENT POLYTECHNIC COLLEGE, JAISALMER(RAJ)",Active,Rajasthan,Churu,Churu,"GOVERNMENT POLYTECHNIC COLLEGE JAISALMER NEAR CENTRAL JAIL, RAMGARH ROAD, JAISALMER 345001",345001,27.010195,74.231827,Government,"Board of Technical Education And Directorate Of Technical Education, Jodhpur",Approved,Approved,A,No,,Tier 2,http://www.govermentjaisalmerraj.ac.in,info@govermentjaisalmerraj.ac.in,admissions@govermentjaisalmerraj.ac.in,placement@govermentjaisalmerraj.ac.in,+91-80-268-2329,Electrical Engineering,Diploma,60,240,1989,Urban,No,Yes
1-44640146813,1-44640146813,U-0197,"GOVERMENT POLYTECHNIC COLLEGE, JAISALMER(RAJ)",Active,Rajasthan,Churu,Churu,"GOVERNMENT POLYTECHNIC COLLEGE JAISALMER NEAR CENTRAL JAIL, RAMGARH ROAD, JAISALMER 345001",345001,27.010195,74.231827,Government,"Board of Technical Education And Directorate Of Technical Education, Jodhpur",Approved,Approved,A,No,,Tier 2,http://www.govermentjaisalmerraj.ac.in,info@govermentjaisalmerraj.ac.in,admissions@govermentjaisalmerraj.ac.in,placement@govermentjaisalmerraj.ac.in,+91-80-268-2329,Other Engineering Branches,Diploma,30,240,1989,Urban,No,Yes
1-44640146813,1-44640146813,U-0197,"GOVERMENT POLYTECHNIC COLLEGE, JAISALMER(RAJ)",Active,Rajasthan,Churu,Churu,"GOVERNMENT POLYTECHNIC COLLEGE JAISALMER NEAR CENTRAL JAIL, RAMGARH ROAD, JAISALMER 345001",345001,27.010195,74.231827,Government,"Board of Technical Education And Directorate Of Technical Education, Jodhpur",Approved,Approved,A,No,,Tier 2,http://www.govermentjaisalmerraj.ac.in,info@govermentjaisalmerraj.ac.in,admissions@govermentjaisalmerraj.ac.in,placement@govermentjaisalmerraj.ac.in,+91-80-268-2329,Computer Science Engineering (CSE),Diploma,60,240,1989,Urban,No,Yes
1-44640146813,1-44640146813,U-0197,"GOVERMENT POLYTECHNIC COLLEGE, JAISALMER(RAJ)",Active,Rajasthan,Churu,Churu,"GOVERNMENT POLYTECHNIC COLLEGE JAISALMER NEAR CENTRAL JAIL, RAMGARH ROAD, JAISALMER 345001",345001,27.010195,74.231827,Government,"Board of Technical Education And Directorate Of Technical Education, Jodhpur",Approved,Approved,A,No,,Tier 2,http://www.govermentjaisalmerraj.ac.in,info@govermentjaisalmerraj.ac.in,admissions@govermentjaisalmerraj.ac.in,placement@govermentjaisalmerraj.ac.in,+91-80-268-2329,Civil Engineering,Diploma,60,240,1989,Urban,No,Yes
1-44640146813,1-44640146813,U-0197,"GOVERMENT POLYTECHNIC COLLEGE, JAISALMER(RAJ)",Active,Rajasthan,Churu,Churu,"GOVERNMENT POLYTECHNIC COLLEGE JAISALMER NEAR CENTRAL JAIL, RAMGARH ROAD, JAISALMER 345001",345001,27.010195,74.231827,Government,"Board of Technical Education And Directorate Of Technical Education, Jodhpur",Approved,Approved,A,No,,Tier 2,http://www.govermentjaisalmerraj.ac.in,info@govermentjaisalmerraj.ac.in,admissions@govermentjaisalmerraj.ac.in,placement@govermentjaisalmerraj.ac.in,+91-80-268-2329,Chemical Engineering,Diploma,30,240,1989,Urban,No,Yes
1-44639799407,1-44639799407,U-0992,INDIAN INSTITUTE OF HANDLOOM TECHNOLOGY,Active,Rajasthan,Jodhpur,Jodhpur,"NAYAPURA, CHOKHA ROAD",302829,26.231193,73.018942,Government,NOT APPLICABLE,Approved,Approved,A,No,,Tier 2,http://www.indianhandloom.ac.in,info@indianhandloom.ac.in,admissions@indianhandloom.ac.in,placement@indianhandloom.ac.in,+91-80-515-6189,Other Engineering Branches,Diploma,60,60,1991,Urban,Yes,Yes
1-44639885835,1-44639885835,U-0755,SHRINATHJI INSTITUTE OF TECHNOLOGY & ENGINEERING,Active,Rajasthan,Rajsamand,Rajsamand,"UPALI ODEN, NATHDWARA DIST- RAJSAMAND (RAJASTHAN)",302665,27.019385,74.216793,Private-Self Financing,"Rajasthan Technical University, Kota",Approved,Approved,B++,Yes,,Tier 3,http://www.shrinathji.ac.in,info@shrinathji.ac.in,admissions@shrinathji.ac.in,placement@shrinathji.ac.in,+91-80-653-6824,Computer Science Engineering (CSE),B.Tech,120,294,1984,Urban,Yes,Yes
1-44639885835,1-44639885835,U-0755,SHRINATHJI INSTITUTE OF TECHNOLOGY & ENGINEERING,Active,Rajasthan,Rajsamand,Rajsamand,"UPALI ODEN, NATHDWARA DIST- RAJSAMAND (RAJASTHAN)",302665,27.019385,74.216793,Private-Self Financing,"Rajasthan Technical University, Kota",Approved,Approved,B++,Yes,,Tier 3,http://www.shrinathji.ac.in,info@shrinathji.ac.in,admissions@shrinathji.ac.in,placement@shrinathji.ac.in,+91-80-653-6824,Electrical Engineering,B.Tech,60,294,1984,Urban,Yes,Yes
1-44639885835,1-44639885835,U-0755,SHRINATHJI INSTITUTE OF TECHNOLOGY & ENGINEERING,Active,Rajasthan,Rajsamand,Rajsamand,"UPALI ODEN, NATHDWARA DIST- RAJSAMAND (RAJASTHAN)",302665,27.019385,74.216793,Private-Self Financing,"Rajasthan Technical University, Kota",Approved,Approved,B++,Yes,,Tier 3,http://www.shrinathji.ac.in,info@shrinathji.ac.in,admissions@shrinathji.ac.in,placement@shrinathji.ac.in,+91-80-653-6824,Mechanical Engineering,B.Tech,60,294,1984,Urban,Yes,Yes
1-44639885835,1-44639885835,U-0755,SHRINATHJI INSTITUTE OF TECHNOLOGY & ENGINEERING,Active,Rajasthan,Rajsamand,Rajsamand,"UPALI ODEN, NATHDWARA DIST- RAJSAMAND (RAJASTHAN)",302665,27.019385,74.216793,Private-Self Financing,"Rajasthan Technical University, Kota",Approved,Approved,B++,Yes,,Tier 3,http://www.shrinathji.ac.in,info@shrinathji.ac.in,admissions@shrinathji.ac.in,placement@shrinathji.ac.in,+91-80-653-6824,Information Technology (IT),M.Tech,18,294,1984,Urban,Yes,Yes
1-44639885835,1-44639885835,U-0755,SHRINATHJI INSTITUTE OF TECHNOLOGY & ENGINEERING,Active,Rajasthan,Rajsamand,Rajsamand,"UPALI ODEN, NATHDWARA DIST- RAJSAMAND (RAJASTHAN)",302665,27.019385,74.216793,Private-Self Financing,"Rajasthan Technical University, Kota",Approved,Approved,B++,Yes,,Tier 3,http://www.shrinathji.ac.in,info@shrinathji.ac.in,admissions@shrinathji.ac.in,placement@shrinathji.ac.in,+91-80-653-6824,Computer Science Engineering (CSE),M.Tech,18,294,1984,Urban,Yes,Yes
1-44639885835,1-44639885835,U-0755,SHRINATHJI INSTITUTE OF TECHNOLOGY & ENGINEERING,Active,Rajasthan,Rajsamand,Rajsamand,"UPALI ODEN, NATHDWARA DIST- RAJSAMAND (RAJASTHAN)",302665,27.019385,74.216793,Private-Self Financing,"Rajasthan Technical University, Kota",Approved,Approved,B++,Yes,,Tier 3,http://www.shrinathji.ac.in,info@shrinathji.ac.in,admissions@shrinathji.ac.in,placement@shrinathji.ac.in,+91-80-653-6824,Other Engineering Branches,M.Tech,18,294,1984,Urban,Yes,Yes
1-44639473219,1-44639473219,U-0992,CENTRAL UNIVERSITY OF RAJASTHAN,Active,Rajasthan,Ajmer,Ajmer,CITY ROAD KISHANGARH,302403,27.012321,74.234979,Central University,NOT APPLICABLE,Approved,Approved,Not Accredited,No,,Tier 3,http://www.rajasthan.ac.in,info@rajasthan.ac.in,admissions@rajasthan.ac.in,placement@rajasthan.ac.in,+91-80-357-3997,Computer Science Engineering (CSE),M.Tech,18,198,1992,Urban,No,Yes
1-44639473219,1-44639473219,U-0992,CENTRAL UNIVERSITY OF RAJASTHAN,Active,Rajasthan,Ajmer,Ajmer,CITY ROAD KISHANGARH,302403,27.012321,74.234979,Central University,NOT APPLICABLE,Approved,Approved,Not Accredited,No,,Tier 3,http://www.rajasthan.ac.in,info@rajasthan.ac.in,admissions@rajasthan.ac.in,placement@rajasthan.ac.in,+91-80-357-3997,Computer Science Engineering (CSE),B.Tech,60,198,1992,Urban,No,Yes
1-44639473219,1-44639473219,U-0992,CENTRAL UNIVERSITY OF RAJASTHAN,Active,Rajasthan,Ajmer,Ajmer,CITY ROAD KISHANGARH,302403,27.012321,74.234979,Central University,NOT APPLICABLE,Approved,Approved,Not Accredited,No,,Tier 3,http://www.rajasthan.ac.in,info@rajasthan.ac.in,admissions@rajasthan.ac.in,placement@rajasthan.ac.in,+91-80-357-3997,Electronics & Communication Engineering (ECE),B.Tech,60,198,1992,Urban,No,Yes
1-44639473219,1-44639473219,U-0992,CENTRAL UNIVERSITY OF RAJASTHAN,Active,Rajasthan,Ajmer,Ajmer,CITY ROAD KISHANGARH,302403,27.012321,74.234979,Central University,NOT APPLICABLE,Approved,Approved,Not Accredited,No,,Tier 3,http://www.rajasthan.ac.in,info@rajasthan.ac.in,admissions@rajasthan.ac.in,placement@rajasthan.ac.in,+91-80-357-3997,Other Engineering Branches,B.Tech,60,198,1992,Urban,No,Yes
1-44639859792,1-44639859792,U-0197,SHREE SHOYCHAND INSTITUTE OF ENGINEERING AND TECHNOLOGY COLLEGE TARANAGAR CHURU,Active,Rajasthan,Churu,Churu,TARA NAGAR SADULPUR CHURU,302519,27.037201,74.235221,Private-Self Financing,"Board of Technical Education And Directorate Of Technical Education, Jodhpur",Approved,Approved,B++,No,,Tier 3,http://www.shreeshoychandtaranagar.ac.in,info@shreeshoychandtaranagar.ac.in,admissions@shreeshoychandtaranagar.ac.in,placement@shreeshoychandtaranagar.ac.in,+91-80-400-9582,Civil Engineering,Diploma,120,300,2003,Urban,Yes,Yes
1-44639859792,1-44639859792,U-0197,SHREE SHOYCHAND INSTITUTE OF ENGINEERING AND TECHNOLOGY COLLEGE TARANAGAR CHURU,Active,Rajasthan,Churu,Churu,TARA NAGAR SADULPUR CHURU,302519,27.037201,74.235221,Private-Self Financing,"Board of Technical Education And Directorate Of Technical Education, Jodhpur",Approved,Approved,B++,No,,Tier 3,http://www.shreeshoychandtaranagar.ac.in,info@shreeshoychandtaranagar.ac.in,admissions@shreeshoychandtaranagar.ac.in,placement@shreeshoychandtaranagar.ac.in,+91-80-400-9582,Electrical Engineering,Diploma,120,300,2003,Urban,Yes,Yes
1-44639859792,1-44639859792,U-0197,SHREE SHOYCHAND INSTITUTE OF ENGINEERING AND TECHNOLOGY COLLEGE TARANAGAR CHURU,Active,Rajasthan,Churu,Churu,TARA NAGAR SADULPUR CHURU,302519,27.037201,74.235221,Private-Self Financing,"Board of Technical Education And Directorate Of Technical Education, Jodhpur",Approved,Approved,B++,No,,Tier 3,http://www.shreeshoychandtaranagar.ac.in,info@shreeshoychandtaranagar.ac.in,admissions@shreeshoychandtaranagar.ac.in,placement@shreeshoychandtaranagar.ac.in,+91-80-400-9582,Mechanical Engineering,Diploma,60,300,2003,Urban,Yes,Yes
1-44639860287,1-44639860287,U-0197,YADUVANSHI POLYTECHNIC,Active,Rajasthan,Jhunjhunu,Jhunjhunu,"VPO- SOHALI, TEHSIL- BUHANA DISTT.- JHUNJHUNU",302851,27.021405,74.202761,Private-Self Financing,"Board of Technical Education And Directorate Of Technical Education, Jodhpur",Approved,Approved,A,No,,Tier 3,http://www.yaduvanshi.ac.in,info@yaduvanshi.ac.in,admissions@yaduvanshi.ac.in,placement@yaduvanshi.ac.in,+91-80-738-4095,Electrical Engineering,Diploma,60,240,2019,Urban,Yes,Yes
1-44639860287,1-44639860287,U-0197,YADUVANSHI POLYTECHNIC,Active,Rajasthan,Jhunjhunu,Jhunjhunu,"VPO- SOHALI, TEHSIL- BUHANA DISTT.- JHUNJHUNU",302851,27.021405,74.202761,Private-Self Financing,"Board of Technical Education And Directorate Of Technical Education, Jodhpur",Approved,Approved,A,No,,Tier 3,http://www.yaduvanshi.ac.in,info@yaduvanshi.ac.in,admissions@yaduvanshi.ac.in,placement@yaduvanshi.ac.in,+91-80-738-4095,Electronics & Communication Engineering (ECE),Diploma,60,240,2019,Urban,Yes,Yes
1-44639860287,1-44639860287,U-0197,YADUVANSHI POLYTECHNIC,Active,Rajasthan,Jhunjhunu,Jhunjhunu,"VPO- SOHALI, TEHSIL- BUHANA DISTT.- JHUNJHUNU",302851,27.021405,74.202761,Private-Self Financing,"Board of Technical Education And Directorate Of Technical Education, Jodhpur",Approved,Approved,A,No,,Tier 3,http://www.yaduvanshi.ac.in,info@yaduvanshi.ac.in,admissions@yaduvanshi.ac.in,placement@yaduvanshi.ac.in,+91-80-738-4095,Mechanical Engineering,Diploma,60,240,2019,Urban,Yes,Yes
1-44639860287,1-44639860287,U-0197,YADUVANSHI POLYTECHNIC,Active,Rajasthan,Jhunjhunu,Jhunjhunu,"VPO- SOHALI, TEHSIL- BUHANA DISTT.- JHUNJHUNU",302851,27.021405,74.202761,Private-Self Financing,"Board of Technical Education And Directorate Of Technical Education, Jodhpur",Approved,Approved,A,No,,Tier 3,http://www.yaduvanshi.ac.in,info@yaduvanshi.ac.in,admissions@yaduvanshi.ac.in,placement@yaduvanshi.ac.in,+91-80-738-4095,Civil Engineering,Diploma,60,240,2019,Urban,Yes,Yes
1-44639889333,1-44639889333,U-0197,"GOVERNMENT POLYTECHNIC COLLEGE, SAWAI MADHOPUR",Active,Rajasthan,Sawai Madhopur,Sawai Madhopur,"THINGLA, NEAR KENDRIYA VIDHYALAYA, SAWAI MADHOPUR",302055,27.02502,74.205262,Government,"Board of Technical Education And Directorate Of Technical Education, Jodhpur",Approved,Approved,B,No,,Tier 3,http://www.sawaimadhopur.ac.in,info@sawaimadhopur.ac.in,admissions@sawaimadhopur.ac.in,placement@sawaimadhopur.ac.in,+91-80-890-0143,Electrical Engineering,Diploma,44,118,2002,Urban,Yes,Yes
1-44639889333,1-44639889333,U-0197,"GOVERNMENT POLYTECHNIC COLLEGE, SAWAI MADHOPUR",Active,Rajasthan,Sawai Madhopur,Sawai Madhopur,"THINGLA, NEAR KENDRIYA VIDHYALAYA, SAWAI MADHOPUR",302055,27.02502,74.205262,Government,"Board of Technical Education And Directorate Of Technical Education, Jodhpur",Approved,Approved,B,No,,Tier 3,http://www.sawaimadhopur.ac.in,info@sawaimadhopur.ac.in,admissions@sawaimadhopur.ac.in,placement@sawaimadhopur.ac.in,+91-80-890-0143,Mechanical Engineering,Diploma,44,118,2002,Urban,Yes,Yes
1-44639889333,1-44639889333,U-0197,"GOVERNMENT POLYTECHNIC COLLEGE, SAWAI MADHOPUR",Active,Rajasthan,Sawai Madhopur,Sawai Madhopur,"THINGLA, NEAR KENDRIYA VIDHYALAYA, SAWAI MADHOPUR",302055,27.02502,74.205262,Government,"Board of Technical Education And Directorate Of Technical Education, Jodhpur",Approved,Approved,B,No,,Tier 3,http://www.sawaimadhopur.ac.in,info@sawaimadhopur.ac.in,admissions@sawaimadhopur.ac.in,placement@sawaimadhopur.ac.in,+91-80-890-0143,Other Engineering Branches,Diploma,30,118,2002,Urban,Yes,Yes
1-44639478642,1-44639478642,U-0197,"GOVT. POLYTECHNIC COLLEGE, PALI-MARWAR",Active,Rajasthan,Pali,Pali,SUMERPUR ROAD PALI,302462,27.024995,74.22293,Government,"Board of Technical Education And Directorate Of Technical Education, Jodhpur",Approved,Approved,A+,Yes,,Tier 2,http://www.govtpalimarwar.ac.in,info@govtpalimarwar.ac.in,admissions@govtpalimarwar.ac.in,placement@govtpalimarwar.ac.in,+91-80-888-9760,Electrical Engineering,Diploma,40,100,2000,Rural,No,Yes
1-44639478642,1-44639478642,U-0197,"GOVT. POLYTECHNIC COLLEGE, PALI-MARWAR",Active,Rajasthan,Pali,Pali,SUMERPUR ROAD PALI,302462,27.024995,74.22293,Government,"Board of Technical Education And Directorate Of Technical Education, Jodhpur",Approved,Approved,A+,Yes,,Tier 2,http://www.govtpalimarwar.ac.in,info@govtpalimarwar.ac.in,admissions@govtpalimarwar.ac.in,placement@govtpalimarwar.ac.in,+91-80-888-9760,Other Engineering Branches,Diploma,30,100,2000,Rural,No,Yes
1-44639478642,1-44639478642,U-0197,"GOVT. POLYTECHNIC COLLEGE, PALI-MARWAR",Active,Rajasthan,Pali,Pali,SUMERPUR ROAD PALI,302462,27.024995,74.22293,Government,"Board of Technical Education And Directorate Of Technical Education, Jodhpur",Approved,Approved,A+,Yes,,Tier 2,http://www.govtpalimarwar.ac.in,info@govtpalimarwar.ac.in,admissions@govtpalimarwar.ac.in,placement@govtpalimarwar.ac.in,+91-80-888-9760,Mechanical Engineering,Diploma,30,100,2000,Rural,No,Yes
1-44639479687,1-44639479687,U-0139,"UNIVERSITY COLLEGE OF ENGINEERING, GOVIND GURU TRIBAL UNIVERSITY BANSWARA (RAJASTHAN) 327001",Active,Rajasthan,Banswara,Banswara,"BEHIND MAYUR MILL, KUPDA, DUNGURPUR ROAD",302329,27.042438,74.207165,Government,"Govind Guru Tribal University, Banswara",Approved,Approved,B,No,,Tier 3,http://www.govindgurutribal.ac.in,info@govindgurutribal.ac.in,admissions@govindgurutribal.ac.in,placement@govindgurutribal.ac.in,+91-80-620-5627,Civil Engineering,B.Tech,43,172,1980,Rural,Yes,Yes
1-44639479687,1-44639479687,U-0139,"UNIVERSITY COLLEGE OF ENGINEERING, GOVIND GURU TRIBAL UNIVERSITY BANSWARA (RAJASTHAN) 327001",Active,Rajasthan,Banswara,Banswara,"BEHIND MAYUR MILL, KUPDA, DUNGURPUR ROAD",302329,27.042438,74.207165,Government,"Govind Guru Tribal University, Banswara",Approved,Approved,B,No,,Tier 3,http://www.govindgurutribal.ac.in,info@govindgurutribal.ac.in,admissions@govindgurutribal.ac.in,placement@govindgurutribal.ac.in,+91-80-620-5627,Electrical Engineering,B.Tech,43,172,1980,Rural,Yes,Yes
1-44639479687,1-44639479687,U-0139,"UNIVERSITY COLLEGE OF ENGINEERING, GOVIND GURU TRIBAL UNIVERSITY BANSWARA (RAJASTHAN) 327001",Active,Rajasthan,Banswara,Banswara,"BEHIND MAYUR MILL, KUPDA, DUNGURPUR ROAD",302329,27.042438,74.207165,Government,"Govind Guru Tribal University, Banswara",Approved,Approved,B,No,,Tier 3,http://www.govindgurutribal.ac.in,info@govindgurutribal.ac.in,admissions@govindgurutribal.ac.in,placement@govindgurutribal.ac.in,+91-80-620-5627,Mechanical Engineering,B.Tech,43,172,1980,Rural,Yes,Yes
1-44639479687,1-44639479687,U-0139,"UNIVERSITY COLLEGE OF ENGINEERING, GOVIND GURU TRIBAL UNIVERSITY BANSWARA (RAJASTHAN) 327001",Active,Rajasthan,Banswara,Banswara,"BEHIND MAYUR MILL, KUPDA, DUNGURPUR ROAD",302329,27.042438,74.207165,Government,"Govind Guru Tribal University, Banswara",Approved,Approved,B,No,,Tier 3,http://www.govindgurutribal.ac.in,info@govindgurutribal.ac.in,admissions@govindgurutribal.ac.in,placement@govindgurutribal.ac.in,+91-80-620-5627,Computer Science Engineering (CSE),B.Tech,43,172,1980,Rural,Yes,Yes
1-44639522795,1-44639522795,U-0755,"MLV TEXTILE & ENGINEERING COLLEGE, BHILWARA",Active,Rajasthan,Bhilwara,Bhilwara,"PUR ROAD, BHILWARA",302393,27.021934,74.204803,Government,"Rajasthan Technical University, Kota",Approved,Approved,A+,Yes,,Tier 2,http://www.mlvtextilebhilwara.ac.in,info@mlvtextilebhilwara.ac.in,admissions@mlvtextilebhilwara.ac.in,placement@mlvtextilebhilwara.ac.in,+91-80-760-5804,Information Technology (IT),B.Tech,60,358,1987,Urban,Yes,Yes
1-44639522795,1-44639522795,U-0755,"MLV TEXTILE & ENGINEERING COLLEGE, BHILWARA",Active,Rajasthan,Bhilwara,Bhilwara,"PUR ROAD, BHILWARA",302393,27.021934,74.204803,Government,"Rajasthan Technical University, Kota",Approved,Approved,A+,Yes,,Tier 2,http://www.mlvtextilebhilwara.ac.in,info@mlvtextilebhilwara.ac.in,admissions@mlvtextilebhilwara.ac.in,placement@mlvtextilebhilwara.ac.in,+91-80-760-5804,Other Engineering Branches,B.Tech,160,358,1987,Urban,Yes,Yes
1-44639522795,1-44639522795,U-0755,"MLV TEXTILE & ENGINEERING COLLEGE, BHILWARA",Active,Rajasthan,Bhilwara,Bhilwara,"PUR ROAD, BHILWARA",302393,27.021934,74.204803,Government,"Rajasthan Technical University, Kota",Approved,Approved,A+,Yes,,Tier 2,http://www.mlvtextilebhilwara.ac.in,info@mlvtextilebhilwara.ac.in,admissions@mlvtextilebhilwara.ac.in,placement@mlvtextilebhilwara.ac.in,+91-80-760-5804,Other Engineering Branches,M.Tech,18,358,1987,Urban,Yes,Yes
1-44639522795,1-44639522795,U-0755,"MLV TEXTILE & ENGINEERING COLLEGE, BHILWARA",Active,Rajasthan,Bhilwara,Bhilwara,"PUR ROAD, BHILWARA",302393,27.021934,74.204803,Government,"Rajasthan Technical University, Kota",Approved,Approved,A+,Yes,,Tier 2,http://www.mlvtextilebhilwara.ac.in,info@mlvtextilebhilwara.ac.in,admissions@mlvtextilebhilwara.ac.in,placement@mlvtextilebhilwara.ac.in,+91-80-760-5804,Electronics & Communication Engineering (ECE),B.Tech,30,358,1987,Urban,Yes,Yes
1-44639522795,1-44639522795,U-0755,"MLV TEXTILE & ENGINEERING COLLEGE, BHILWARA",Active,Rajasthan,Bhilwara,Bhilwara,"PUR ROAD, BHILWARA",302393,27.021934,74.204803,Government,"Rajasthan Technical University, Kota",Approved,Approved,A+,Yes,,Tier 2,http://www.mlvtextilebhilwara.ac.in,info@mlvtextilebhilwara.ac.in,admissions@mlvtextilebhilwara.ac.in,placement@mlvtextilebhilwara.ac.in,+91-80-760-5804,Mechanical Engineering,B.Tech,60,358,1987,Urban,Yes,Yes
1-44639522795,1-44639522795,U-0755,"MLV TEXTILE & ENGINEERING COLLEGE, BHILWARA",Active,Rajasthan,Bhilwara,Bhilwara,"PUR ROAD, BHILWARA",302393,27.021934,74.204803,Government,"Rajasthan Technical University, Kota",Approved,Approved,A+,Yes,,Tier 2,http://www.mlvtextilebhilwara.ac.in,info@mlvtextilebhilwara.ac.in,admissions@mlvtextilebhilwara.ac.in,placement@mlvtextilebhilwara.ac.in,+91-80-760-5804,IoT,B.Tech,30,358,1987,Urban,Yes,Yes
1-44639564095,1-44639564095,U-0197,P.N.B. POLYTECHNIC COLLEGE,Active,Rajasthan,Jaipur,Jaipur,"WARD NO.-12, MUKANDPURA (BHANKROTA), TEH.- JAIPUR, DIST.- JAIPUR-302026. RAJASTHAN",302026,26.923526,75.801408,Private-Self Financing,"Board of Technical Education And Directorate Of Technical Education, Jodhpur",Approved,Approved,A+,No,,Tier 3,http://www.pnb.ac.in,info@pnb.ac.in,admissions@pnb.ac.in,placement@pnb.ac.in,+91-80-305-5194,Civil Engineering,Diploma,54,198,1985,Rural,Yes,Yes
1-44639564095,1-44639564095,U-0197,P.N.B. POLYTECHNIC COLLEGE,Active,Rajasthan,Jaipur,Jaipur,"WARD NO.-12, MUKANDPURA (BHANKROTA), TEH.- JAIPUR, DIST.- JAIPUR-302026. RAJASTHAN",302026,26.923526,75.801408,Private-Self Financing,"Board of Technical Education And Directorate Of Technical Education, Jodhpur",Approved,Approved,A+,No,,Tier 3,http://www.pnb.ac.in,info@pnb.ac.in,admissions@pnb.ac.in,placement@pnb.ac.in,+91-80-305-5194,Mechanical Engineering,Diploma,30,198,1985,Rural,Yes,Yes
1-44639564095,1-44639564095,U-0197,P.N.B. POLYTECHNIC COLLEGE,Active,Rajasthan,Jaipur,Jaipur,"WARD NO.-12, MUKANDPURA (BHANKROTA), TEH.- JAIPUR, DIST.- JAIPUR-302026. RAJASTHAN",302026,26.923526,75.801408,Private-Self Financing,"Board of Technical Education And Directorate Of Technical Education, Jodhpur",Approved,Approved,A+,No,,Tier 3,http://www.pnb.ac.in,info@pnb.ac.in,admissions@pnb.ac.in,placement@pnb.ac.in,+91-80-305-5194,Electrical Engineering,Diploma,54,198,1985,Rural,Yes,Yes
1-44639564095,1-44639564095,U-0197,P.N.B. POLYTECHNIC COLLEGE,Active,Rajasthan,Jaipur,Jaipur,"WARD NO.-12, MUKANDPURA (BHANKROTA), TEH.- JAIPUR, DIST.- JAIPUR-302026. RAJASTHAN",302026,26.923526,75.801408,Private-Self Financing,"Board of Technical Education And Directorate Of Technical Education, Jodhpur",Approved,Approved,A+,No,,Tier 3,http://www.pnb.ac.in,info@pnb.ac.in,admissions@pnb.ac.in,placement@pnb.ac.in,+91-80-305-5194,Computer Science Engineering (CSE),Diploma,30,198,1985,Rural,Yes,Yes
1-44639564095,1-44639564095,U-0197,P.N.B. POLYTECHNIC COLLEGE,Active,Rajasthan,Jaipur,Jaipur,"WARD NO.-12, MUKANDPURA (BHANKROTA), TEH.- JAIPUR, DIST.- JAIPUR-302026. RAJASTHAN",302026,26.923526,75.801408,Private-Self Financing,"Board of Technical Education And Directorate Of Technical Education, Jodhpur",Approved,Approved,A+,No,,Tier 3,http://www.pnb.ac.in,info@pnb.ac.in,admissions@pnb.ac.in,placement@pnb.ac.in,+91-80-305-5194,Electronics & Communication Engineering (ECE),Diploma,30,198,1985,Rural,Yes,Yes
1-44639754261,1-44639754261,U-0197,"GOVERNMENT POLYTECHNIC COLLEGE, BIKANER",Active,Rajasthan,Bikaner,Bikaner,"SHIVBARI ROAD, BIKANER",302103,27.021234,74.203934,Government,"Board of Technical Education And Directorate Of Technical Education, Jodhpur",Approved,Approved,B++,Yes,,Tier 3,http://www.bikaner.ac.in,info@bikaner.ac.in,admissions@bikaner.ac.in,placement@bikaner.ac.in,+91-80-731-2166,Electrical Engineering,Diploma,40,250,2002,Urban,Yes,Yes
1-44639754261,1-44639754261,U-0197,"GOVERNMENT POLYTECHNIC COLLEGE, BIKANER",Active,Rajasthan,Bikaner,Bikaner,"SHIVBARI ROAD, BIKANER",302103,27.021234,74.203934,Government,"Board of Technical Education And Directorate Of Technical Education, Jodhpur",Approved,Approved,B++,Yes,,Tier 3,http://www.bikaner.ac.in,info@bikaner.ac.in,admissions@bikaner.ac.in,placement@bikaner.ac.in,+91-80-731-2166,Other Engineering Branches,Diploma,30,250,2002,Urban,Yes,Yes
1-44639754261,1-44639754261,U-0197,"GOVERNMENT POLYTECHNIC COLLEGE, BIKANER",Active,Rajasthan,Bikaner,Bikaner,"SHIVBARI ROAD, BIKANER",302103,27.021234,74.203934,Government,"Board of Technical Education And Directorate Of Technical Education, Jodhpur",Approved,Approved,B++,Yes,,Tier 3,http://www.bikaner.ac.in,info@bikaner.ac.in,admissions@bikaner.ac.in,placement@bikaner.ac.in,+91-80-731-2166,Civil Engineering,Diploma,80,250,2002,Urban,Yes,Yes
1-44639754261,1-44639754261,U-0197,"GOVERNMENT POLYTECHNIC COLLEGE, BIKANER",Active,Rajasthan,Bikaner,Bikaner,"SHIVBARI ROAD, BIKANER",302103,27.021234,74.203934,Government,"Board of Technical Education And Directorate Of Technical Education, Jodhpur",Approved,Approved,B++,Yes,,Tier 3,http://www.bikaner.ac.in,info@bikaner.ac.in,admissions@bikaner.ac.in,placement@bikaner.ac.in,+91-80-731-2166,Mechanical Engineering,Diploma,40,250,2002,Urban,Yes,Yes
1-44639754261,1-44639754261,U-0197,"GOVERNMENT POLYTECHNIC COLLEGE, BIKANER",Active,Rajasthan,Bikaner,Bikaner,"SHIVBARI ROAD, BIKANER",302103,27.021234,74.203934,Government,"Board of Technical Education And Directorate Of Technical Education, Jodhpur",Approved,Approved,B++,Yes,,Tier 3,http://www.bikaner.ac.in,info@bikaner.ac.in,admissions@bikaner.ac.in,placement@bikaner.ac.in,+91-80-731-2166,Chemical Engineering,Diploma,30,250,2002,Urban,Yes,Yes
1-44639754261,1-44639754261,U-0197,"GOVERNMENT POLYTECHNIC COLLEGE, BIKANER",Active,Rajasthan,Bikaner,Bikaner,"SHIVBARI ROAD, BIKANER",302103,27.021234,74.203934,Government,"Board of Technical Education And Directorate Of Technical Education, Jodhpur",Approved,Approved,B++,Yes,,Tier 3,http://www.bikaner.ac.in,info@bikaner.ac.in,admissions@bikaner.ac.in,placement@bikaner.ac.in,+91-80-731-2166,Computer Science Engineering (CSE),Diploma,30,250,2002,Urban,Yes,Yes
1-44639892449,1-44639892449,U-0197,DHOLAPLASH POLYTECHNIC COLLEGE,Active,Rajasthan,Alwar,Alwar,"DHOLAPLASH, NEAR SONPUR BUS STAND,ALWAR- SONPUR HIGHWAY,ALWAR",302505,27.007071,74.218528,Private-Self Financing,"Board of Technical Education And Directorate Of Technical Education, Jodhpur",Approved,Approved,A+,Yes,,Tier 2,http://www.dholaplash.ac.in,info@dholaplash.ac.in,admissions@dholaplash.ac.in,placement@dholaplash.ac.in,+91-80-137-2036,Civil Engineering,Diploma,120,210,2013,Rural,Yes,Yes
1-44639892449,1-44639892449,U-0197,DHOLAPLASH POLYTECHNIC COLLEGE,Active,Rajasthan,Alwar,Alwar,"DHOLAPLASH, NEAR SONPUR BUS STAND,ALWAR- SONPUR HIGHWAY,ALWAR",302505,27.007071,74.218528,Private-Self Financing,"Board of Technical Education And Directorate Of Technical Education, Jodhpur",Approved,Approved,A+,Yes,,Tier 2,http://www.dholaplash.ac.in,info@dholaplash.ac.in,admissions@dholaplash.ac.in,placement@dholaplash.ac.in,+91-80-137-2036,Electrical Engineering,Diploma,60,210,2013,Rural,Yes,Yes
1-44639892449,1-44639892449,U-0197,DHOLAPLASH POLYTECHNIC COLLEGE,Active,Rajasthan,Alwar,Alwar,"DHOLAPLASH, NEAR SONPUR BUS STAND,ALWAR- SONPUR HIGHWAY,ALWAR",302505,27.007071,74.218528,Private-Self Financing,"Board of Technical Education And Directorate Of Technical Education, Jodhpur",Approved,Approved,A+,Yes,,Tier 2,http://www.dholaplash.ac.in,info@dholaplash.ac.in,admissions@dholaplash.ac.in,placement@dholaplash.ac.in,+91-80-137-2036,Mechanical Engineering,Diploma,30,210,2013,Rural,Yes,Yes
1-44639566671,1-44639566671,U-0197,"GOVERNMENT POLYTECHNIC COLLEGE, NAGAUR",Active,Rajasthan,Nagaur,Nagaur,GOVERNMENT POLYTECHNIC COLLEGE NAGAUR BEHIND DTO OFFICE RIICO INDUSTRIAL AREA BIKANER ROAD NAGAUR RAJASTHAN PIN-341001,341001,27.005258,74.220573,Government,"Board of Technical Education And Directorate Of Technical Education, Jodhpur",Approved,Approved,A,No,,Tier 2,http://www.nagaur.ac.in,info@nagaur.ac.in,admissions@nagaur.ac.in,placement@nagaur.ac.in,+91-80-061-1729,Mechanical Engineering,Diploma,48,240,2000,Rural,No,Yes
1-44639566671,1-44639566671,U-0197,"GOVERNMENT POLYTECHNIC COLLEGE, NAGAUR",Active,Rajasthan,Nagaur,Nagaur,GOVERNMENT POLYTECHNIC COLLEGE NAGAUR BEHIND DTO OFFICE RIICO INDUSTRIAL AREA BIKANER ROAD NAGAUR RAJASTHAN PIN-341001,341001,27.005258,74.220573,Government,"Board of Technical Education And Directorate Of Technical Education, Jodhpur",Approved,Approved,A,No,,Tier 2,http://www.nagaur.ac.in,info@nagaur.ac.in,admissions@nagaur.ac.in,placement@nagaur.ac.in,+91-80-061-1729,Electrical Engineering,Diploma,48,240,2000,Rural,No,Yes
1-44639566671,1-44639566671,U-0197,"GOVERNMENT POLYTECHNIC COLLEGE, NAGAUR",Active,Rajasthan,Nagaur,Nagaur,GOVERNMENT POLYTECHNIC COLLEGE NAGAUR BEHIND DTO OFFICE RIICO INDUSTRIAL AREA BIKANER ROAD NAGAUR RAJASTHAN PIN-341001,341001,27.005258,74.220573,Government,"Board of Technical Education And Directorate Of Technical Education, Jodhpur",Approved,Approved,A,No,,Tier 2,http://www.nagaur.ac.in,info@nagaur.ac.in,admissions@nagaur.ac.in,placement@nagaur.ac.in,+91-80-061-1729,Civil Engineering,Diploma,48,240,2000,Rural,No,Yes
1-44639566671,1-44639566671,U-0197,"GOVERNMENT POLYTECHNIC COLLEGE, NAGAUR",Active,Rajasthan,Nagaur,Nagaur,GOVERNMENT POLYTECHNIC COLLEGE NAGAUR BEHIND DTO OFFICE RIICO INDUSTRIAL AREA BIKANER ROAD NAGAUR RAJASTHAN PIN-341001,341001,27.005258,74.220573,Government,"Board of Technical Education And Directorate Of Technical Education, Jodhpur",Approved,Approved,A,No,,Tier 2,http://www.nagaur.ac.in,info@nagaur.ac.in,admissions@nagaur.ac.in,placement@nagaur.ac.in,+91-80-061-1729,Computer Science Engineering (CSE),Diploma,48,240,2000,Rural,No,Yes
1-44639566671,1-44639566671,U-0197,"GOVERNMENT POLYTECHNIC COLLEGE, NAGAUR",Active,Rajasthan,Nagaur,Nagaur,GOVERNMENT POLYTECHNIC COLLEGE NAGAUR BEHIND DTO OFFICE RIICO INDUSTRIAL AREA BIKANER ROAD NAGAUR RAJASTHAN PIN-341001,341001,27.005258,74.220573,Government,"Board of Technical Education And Directorate Of Technical Education, Jodhpur",Approved,Approved,A,No,,Tier 2,http://www.nagaur.ac.in,info@nagaur.ac.in,admissions@nagaur.ac.in,placement@nagaur.ac.in,+91-80-061-1729,Other Engineering Branches,Diploma,48,240,2000,Rural,No,Yes
1-44639877302,1-44639877302,U-0197,SLBS  POLYTECHNIC  COLLEGE JODHPUR,Active,Rajasthan,Jodhpur,Jodhpur,"NH-112, JAIPUR-JODHPUR NATIONAL HIGHWAY JODHPUR ( RAJASTHAN",302829,26.256039,73.016706,Private-Self Financing,"Board of Technical Education And Directorate Of Technical Education, Jodhpur",Approved,Approved,A,No,,Tier 3,http://www.slbsjodhpur.ac.in,info@slbsjodhpur.ac.in,admissions@slbsjodhpur.ac.in,placement@slbsjodhpur.ac.in,+91-80-557-6911,Electrical Engineering,Diploma,30,120,1998,Urban,Yes,Yes
1-44639877302,1-44639877302,U-0197,SLBS  POLYTECHNIC  COLLEGE JODHPUR,Active,Rajasthan,Jodhpur,Jodhpur,"NH-112, JAIPUR-JODHPUR NATIONAL HIGHWAY JODHPUR ( RAJASTHAN",302829,26.256039,73.016706,Private-Self Financing,"Board of Technical Education And Directorate Of Technical Education, Jodhpur",Approved,Approved,A,No,,Tier 3,http://www.slbsjodhpur.ac.in,info@slbsjodhpur.ac.in,admissions@slbsjodhpur.ac.in,placement@slbsjodhpur.ac.in,+91-80-557-6911,Civil Engineering,Diploma,60,120,1998,Urban,Yes,Yes
1-44639877302,1-44639877302,U-0197,SLBS  POLYTECHNIC  COLLEGE JODHPUR,Active,Rajasthan,Jodhpur,Jodhpur,"NH-112, JAIPUR-JODHPUR NATIONAL HIGHWAY JODHPUR ( RAJASTHAN",302829,26.256039,73.016706,Private-Self Financing,"Board of Technical Education And Directorate Of Technical Education, Jodhpur",Approved,Approved,A,No,,Tier 3,http://www.slbsjodhpur.ac.in,info@slbsjodhpur.ac.in,admissions@slbsjodhpur.ac.in,placement@slbsjodhpur.ac.in,+91-80-557-6911,Mechanical Engineering,Diploma,30,120,1998,Urban,Yes,Yes
1-44639941383,1-44639941383,U-0197,SHRI BALAJI POLYTECHNIC COLLEGE,Active,Rajasthan,Dausa,Dausa,MEHANDIPUR MODE VILLAGE PADALI,302657,27.007926,74.217639,Private-Self Financing,"Board of Technical Education And Directorate Of Technical Education, Jodhpur",Approved,Approved,B++,No,,Tier 3,http://www.shribalaji.ac.in,info@shribalaji.ac.in,admissions@shribalaji.ac.in,placement@shribalaji.ac.in,+91-80-173-0686,Civil Engineering,Diploma,90,210,2015,Urban,Yes,Yes
1-44639941383,1-44639941383,U-0197,SHRI BALAJI POLYTECHNIC COLLEGE,Active,Rajasthan,Dausa,Dausa,MEHANDIPUR MODE VILLAGE PADALI,302657,27.007926,74.217639,Private-Self Financing,"Board of Technical Education And Directorate Of Technical Education, Jodhpur",Approved,Approved,B++,No,,Tier 3,http://www.shribalaji.ac.in,info@shribalaji.ac.in,admissions@shribalaji.ac.in,placement@shribalaji.ac.in,+91-80-173-0686,Other Engineering Branches,Diploma,60,210,2015,Urban,Yes,Yes
1-44639941383,1-44639941383,U-0197,SHRI BALAJI POLYTECHNIC COLLEGE,Active,Rajasthan,Dausa,Dausa,MEHANDIPUR MODE VILLAGE PADALI,302657,27.007926,74.217639,Private-Self Financing,"Board of Technical Education And Directorate Of Technical Education, Jodhpur",Approved,Approved,B++,No,,Tier 3,http://www.shribalaji.ac.in,info@shribalaji.ac.in,admissions@shribalaji.ac.in,placement@shribalaji.ac.in,+91-80-173-0686,Electrical Engineering,Diploma,60,210,2015,Urban,Yes,Yes
1-44639725931,1-44639725931,U-0197,KOTA POLYTECHNIC COLLEGE,Active,Rajasthan,Kota,Kota,"SP-1, RIICO INDUSTRIAL AREA, JHALAWAR ROAD, KOTA -325003 (RAJASTHAN)",325003,25.173889,75.837105,Private-Self Financing,"Board of Technical Education And Directorate Of Technical Education, Jodhpur",Approved,Approved,B+,No,,Tier 3,http://www.kota.ac.in,info@kota.ac.in,admissions@kota.ac.in,placement@kota.ac.in,+91-80-477-7157,Civil Engineering,Diploma,90,330,1985,Rural,Yes,Yes
1-44639725931,1-44639725931,U-0197,KOTA POLYTECHNIC COLLEGE,Active,Rajasthan,Kota,Kota,"SP-1, RIICO INDUSTRIAL AREA, JHALAWAR ROAD, KOTA -325003 (RAJASTHAN)",325003,25.173889,75.837105,Private-Self Financing,"Board of Technical Education And Directorate Of Technical Education, Jodhpur",Approved,Approved,B+,No,,Tier 3,http://www.kota.ac.in,info@kota.ac.in,admissions@kota.ac.in,placement@kota.ac.in,+91-80-477-7157,Mechanical Engineering,Diploma,90,330,1985,Rural,Yes,Yes
1-44639725931,1-44639725931,U-0197,KOTA POLYTECHNIC COLLEGE,Active,Rajasthan,Kota,Kota,"SP-1, RIICO INDUSTRIAL AREA, JHALAWAR ROAD, KOTA -325003 (RAJASTHAN)",325003,25.173889,75.837105,Private-Self Financing,"Board of Technical Education And Directorate Of Technical Education, Jodhpur",Approved,Approved,B+,No,,Tier 3,http://www.kota.ac.in,info@kota.ac.in,admissions@kota.ac.in,placement@kota.ac.in,+91-80-477-7157,Electrical Engineering,Diploma,150,330,1985,Rural,Yes,Yes
1-44639942855,1-44639942855,U-0197,"GOVERNMENT POLYTECHNIC COLLEGE, DUNGARPUR",Active,Rajasthan,Dungapur,Dungapur,"VILLAGE DEVEL, DUNGARPUR",302122,27.035843,74.232713,Government,"Board of Technical Education And Directorate Of Technical Education, Jodhpur",Approved,Approved,B++,Yes,,Tier 3,http://www.dungarpur.ac.in,info@dungarpur.ac.in,admissions@dungarpur.ac.in,placement@dungarpur.ac.in,+91-80-343-9710,Civil Engineering,Diploma,30,111,1993,Urban,Yes,Yes
1-44639942855,1-44639942855,U-0197,"GOVERNMENT POLYTECHNIC COLLEGE, DUNGARPUR",Active,Rajasthan,Dungapur,Dungapur,"VILLAGE DEVEL, DUNGARPUR",302122,27.035843,74.232713,Government,"Board of Technical Education And Directorate Of Technical Education, Jodhpur",Approved,Approved,B++,Yes,,Tier 3,http://www.dungarpur.ac.in,info@dungarpur.ac.in,admissions@dungarpur.ac.in,placement@dungarpur.ac.in,+91-80-343-9710,Computer Science Engineering (CSE),Diploma,27,111,1993,Urban,Yes,Yes
1-44639942855,1-44639942855,U-0197,"GOVERNMENT POLYTECHNIC COLLEGE, DUNGARPUR",Active,Rajasthan,Dungapur,Dungapur,"VILLAGE DEVEL, DUNGARPUR",302122,27.035843,74.232713,Government,"Board of Technical Education And Directorate Of Technical Education, Jodhpur",Approved,Approved,B++,Yes,,Tier 3,http://www.dungarpur.ac.in,info@dungarpur.ac.in,admissions@dungarpur.ac.in,placement@dungarpur.ac.in,+91-80-343-9710,Mechanical Engineering,Diploma,54,111,1993,Urban,Yes,Yes
1-44640071574,1-44640071574,U-0197,"GOVERNMENT WOMEN POLYTECHNIC COLLEGE, JAIPUR",Active,Rajasthan,Jaipur,Jaipur,"MAHATMA GANDHI MARG, GANDHI NAGAR",302659,26.898697,75.80284,Government,"Board of Technical Education And Directorate Of Technical Education, Jodhpur",Approved,Approved,B,No,,Tier 3,http://www.womenjaipur.ac.in,info@womenjaipur.ac.in,admissions@womenjaipur.ac.in,placement@womenjaipur.ac.in,+91-80-264-1379,Computer Science Engineering (CSE),Diploma,30,30,2022,Rural,No,Yes
1-44639451352,1-44639451352,U-0197,BHAWANI INSTITUTE OF TECHNICAL EDUCATION,Active,Rajasthan,Nagaur,Nagaur,MANGLANA ROAD - DILDHANI,302476,27.034107,74.210602,Private-Self Financing,"Board of Technical Education And Directorate Of Technical Education, Jodhpur",Approved,Approved,A,No,,Tier 3,http://www.bhawanitechnicaleducation.ac.in,info@bhawanitechnicaleducation.ac.in,admissions@bhawanitechnicaleducation.ac.in,placement@bhawanitechnicaleducation.ac.in,+91-80-271-1761,Civil Engineering,Diploma,27,189,1987,Urban,Yes,Yes
1-44639451352,1-44639451352,U-0197,BHAWANI INSTITUTE OF TECHNICAL EDUCATION,Active,Rajasthan,Nagaur,Nagaur,MANGLANA ROAD - DILDHANI,302476,27.034107,74.210602,Private-Self Financing,"Board of Technical Education And Directorate Of Technical Education, Jodhpur",Approved,Approved,A,No,,Tier 3,http://www.bhawanitechnicaleducation.ac.in,info@bhawanitechnicaleducation.ac.in,admissions@bhawanitechnicaleducation.ac.in,placement@bhawanitechnicaleducation.ac.in,+91-80-271-1761,Mechanical Engineering,Diploma,81,189,1987,Urban,Yes,Yes
1-44639451352,1-44639451352,U-0197,BHAWANI INSTITUTE OF TECHNICAL EDUCATION,Active,Rajasthan,Nagaur,Nagaur,MANGLANA ROAD - DILDHANI,302476,27.034107,74.210602,Private-Self Financing,"Board of Technical Education And Directorate Of Technical Education, Jodhpur",Approved,Approved,A,No,,Tier 3,http://www.bhawanitechnicaleducation.ac.in,info@bhawanitechnicaleducation.ac.in,admissions@bhawanitechnicaleducation.ac.in,placement@bhawanitechnicaleducation.ac.in,+91-80-271-1761,Electrical Engineering,Diploma,54,189,1987,Urban,Yes,Yes
1-44639451352,1-44639451352,U-0197,BHAWANI INSTITUTE OF TECHNICAL EDUCATION,Active,Rajasthan,Nagaur,Nagaur,MANGLANA ROAD - DILDHANI,302476,27.034107,74.210602,Private-Self Financing,"Board of Technical Education And Directorate Of Technical Education, Jodhpur",Approved,Approved,A,No,,Tier 3,http://www.bhawanitechnicaleducation.ac.in,info@bhawanitechnicaleducation.ac.in,admissions@bhawanitechnicaleducation.ac.in,placement@bhawanitechnicaleducation.ac.in,+91-80-271-1761,Other Engineering Branches,Diploma,27,189,1987,Urban,Yes,Yes
1-44639728594,1-44639728594,U-0755,SAWAI MADHOPUR COLLEGE OF ENGINEERING  AND TECHNOLOGY,Active,Rajasthan,Sawai Madhopur,Sawai Madhopur,VILL-THINGLA,302055,27.005439,74.230341,Private-Self Financing,"Rajasthan Technical University, Kota",Approved,Approved,A,No,,Tier 3,http://www.sawaimadhopur.ac.in,info@sawaimadhopur.ac.in,admissions@sawaimadhopur.ac.in,placement@sawaimadhopur.ac.in,+91-80-068-7567,Civil Engineering,B.Tech,30,150,2018,Urban,No,No
1-44639728594,1-44639728594,U-0755,SAWAI MADHOPUR COLLEGE OF ENGINEERING  AND TECHNOLOGY,Active,Rajasthan,Sawai Madhopur,Sawai Madhopur,VILL-THINGLA,302055,27.005439,74.230341,Private-Self Financing,"Rajasthan Technical University, Kota",Approved,Approved,A,No,,Tier 3,http://www.sawaimadhopur.ac.in,info@sawaimadhopur.ac.in,admissions@sawaimadhopur.ac.in,placement@sawaimadhopur.ac.in,+91-80-068-7567,Computer Science Engineering (CSE),B.Tech,30,150,2018,Urban,No,No
1-44639728594,1-44639728594,U-0755,SAWAI MADHOPUR COLLEGE OF ENGINEERING  AND TECHNOLOGY,Active,Rajasthan,Sawai Madhopur,Sawai Madhopur,VILL-THINGLA,302055,27.005439,74.230341,Private-Self Financing,"Rajasthan Technical University, Kota",Approved,Approved,A,No,,Tier 3,http://www.sawaimadhopur.ac.in,info@sawaimadhopur.ac.in,admissions@sawaimadhopur.ac.in,placement@sawaimadhopur.ac.in,+91-80-068-7567,Mechanical Engineering,B.Tech,30,150,2018,Urban,No,No
1-44639728594,1-44639728594,U-0755,SAWAI MADHOPUR COLLEGE OF ENGINEERING  AND TECHNOLOGY,Active,Rajasthan,Sawai Madhopur,Sawai Madhopur,VILL-THINGLA,302055,27.005439,74.230341,Private-Self Financing,"Rajasthan Technical University, Kota",Approved,Approved,A,No,,Tier 3,http://www.sawaimadhopur.ac.in,info@sawaimadhopur.ac.in,admissions@sawaimadhopur.ac.in,placement@sawaimadhopur.ac.in,+91-80-068-7567,Electronics & Communication Engineering (ECE),B.Tech,30,150,2018,Urban,No,No
1-44639728594,1-44639728594,U-0755,SAWAI MADHOPUR COLLEGE OF ENGINEERING  AND TECHNOLOGY,Active,Rajasthan,Sawai Madhopur,Sawai Madhopur,VILL-THINGLA,302055,27.005439,74.230341,Private-Self Financing,"Rajasthan Technical University, Kota",Approved,Approved,A,No,,Tier 3,http://www.sawaimadhopur.ac.in,info@sawaimadhopur.ac.in,admissions@sawaimadhopur.ac.in,placement@sawaimadhopur.ac.in,+91-80-068-7567,Electrical Engineering,B.Tech,30,150,2018,Urban,No,No
1-44639769513,1-44639769513,U-0197,MARUDHARA POLYTECHNIC COLLEGE,Active,Rajasthan,Sikar,Sikar,MUKUNDGARH ROAD,302058,27.030826,74.199516,Private-Self Financing,"Board of Technical Education And Directorate Of Technical Education, Jodhpur",Approved,Approved,B,No,,Tier 3,http://www.marudhara.ac.in,info@marudhara.ac.in,admissions@marudhara.ac.in,placement@marudhara.ac.in,+91-80-133-5178,Electrical Engineering,Diploma,120,240,1995,Urban,Yes,Yes
1-44639769513,1-44639769513,U-0197,MARUDHARA POLYTECHNIC COLLEGE,Active,Rajasthan,Sikar,Sikar,MUKUNDGARH ROAD,302058,27.030826,74.199516,Private-Self Financing,"Board of Technical Education And Directorate Of Technical Education, Jodhpur",Approved,Approved,B,No,,Tier 3,http://www.marudhara.ac.in,info@marudhara.ac.in,admissions@marudhara.ac.in,placement@marudhara.ac.in,+91-80-133-5178,Civil Engineering,Diploma,120,240,1995,Urban,Yes,Yes
1-44640236895,1-44640236895,U-0197,GOVERNMENT POLYTECHNIC HANUMANGARH,Active,Rajasthan,Hanumangarh,Hanumangarh,"GOVERNMENT POLYTECHNIC COLLEGE,SANGARIA BY-PASS ,NEAR DIET, HANUMANGARH-335512",335512,27.033287,74.237282,Government,"Board of Technical Education And Directorate Of Technical Education, Jodhpur",Approved,Approved,A+,Yes,,Tier 2,http://www.hanumangarh.ac.in,info@hanumangarh.ac.in,admissions@hanumangarh.ac.in,placement@hanumangarh.ac.in,+91-80-236-7612,Electrical Engineering,Diploma,60,150,1989,Rural,Yes,Yes
1-44640236895,1-44640236895,U-0197,GOVERNMENT POLYTECHNIC HANUMANGARH,Active,Rajasthan,Hanumangarh,Hanumangarh,"GOVERNMENT POLYTECHNIC COLLEGE,SANGARIA BY-PASS ,NEAR DIET, HANUMANGARH-335512",335512,27.033287,74.237282,Government,"Board of Technical Education And Directorate Of Technical Education, Jodhpur",Approved,Approved,A+,Yes,,Tier 2,http://www.hanumangarh.ac.in,info@hanumangarh.ac.in,admissions@hanumangarh.ac.in,placement@hanumangarh.ac.in,+91-80-236-7612,Mechanical Engineering,Diploma,60,150,1989,Rural,Yes,Yes
1-44640236895,1-44640236895,U-0197,GOVERNMENT POLYTECHNIC HANUMANGARH,Active,Rajasthan,Hanumangarh,Hanumangarh,"GOVERNMENT POLYTECHNIC COLLEGE,SANGARIA BY-PASS ,NEAR DIET, HANUMANGARH-335512",335512,27.033287,74.237282,Government,"Board of Technical Education And Directorate Of Technical Education, Jodhpur",Approved,Approved,A+,Yes,,Tier 2,http://www.hanumangarh.ac.in,info@hanumangarh.ac.in,admissions@hanumangarh.ac.in,placement@hanumangarh.ac.in,+91-80-236-7612,Computer Science Engineering (CSE),Diploma,30,150,1989,Rural,Yes,Yes
1-44640452538,1-44640452538,U-0197,"GOVT. WOMEN POLYTECHNIC COLLEGE, SANGANER(JAIPUR)",Active,Rajasthan,Jaipur,Jaipur,"SECTOR 8, HALDIGHATI MARG, PRATAP NAGAR ,SANGANER,JAIPUR",302659,26.918332,75.771854,Government,"Board of Technical Education And Directorate Of Technical Education, Jodhpur",Approved,Approved,A,No,,Tier 2,http://www.govtwomensanganerjaipur.ac.in,info@govtwomensanganerjaipur.ac.in,admissions@govtwomensanganerjaipur.ac.in,placement@govtwomensanganerjaipur.ac.in,+91-80-087-6445,Computer Science Engineering (CSE),Diploma,30,30,2012,Urban,No,Yes
1-44640533029,1-44640533029,U-0197,POKARAN POLYTECHNIC COLLEGE,Active,Rajasthan,Jaisalmer,Jaisalmer,PHALSOOND ROAD,302162,27.008375,74.211319,Private-Self Financing,"Board of Technical Education And Directorate Of Technical Education, Jodhpur",Approved,Approved,Not Accredited,No,,Tier 3,http://www.pokaran.ac.in,info@pokaran.ac.in,admissions@pokaran.ac.in,placement@pokaran.ac.in,+91-80-191-8805,Civil Engineering,Diploma,41,203,2018,Urban,Yes,Yes
1-44640533029,1-44640533029,U-0197,POKARAN POLYTECHNIC COLLEGE,Active,Rajasthan,Jaisalmer,Jaisalmer,PHALSOOND ROAD,302162,27.008375,74.211319,Private-Self Financing,"Board of Technical Education And Directorate Of Technical Education, Jodhpur",Approved,Approved,Not Accredited,No,,Tier 3,http://www.pokaran.ac.in,info@pokaran.ac.in,admissions@pokaran.ac.in,placement@pokaran.ac.in,+91-80-191-8805,Electrical Engineering,Diploma,81,203,2018,Urban,Yes,Yes
1-44640533029,1-44640533029,U-0197,POKARAN POLYTECHNIC COLLEGE,Active,Rajasthan,Jaisalmer,Jaisalmer,PHALSOOND ROAD,302162,27.008375,74.211319,Private-Self Financing,"Board of Technical Education And Directorate Of Technical Education, Jodhpur",Approved,Approved,Not Accredited,No,,Tier 3,http://www.pokaran.ac.in,info@pokaran.ac.in,admissions@pokaran.ac.in,placement@pokaran.ac.in,+91-80-191-8805,Mechanical Engineering,Diploma,81,203,2018,Urban,Yes,Yes
1-44640741092,1-44640741092,U-0197,GOVERNMENT POLYTECHNIC COLLEGE KOTA,Active,Rajasthan,Kota,Kota,"DCM ROAD, NEAR AERODROME CIRCLE",302663,25.167798,75.839042,Government,"Board of Technical Education And Directorate Of Technical Education, Jodhpur",Approved,Approved,B++,Yes,,Tier 3,http://www.kota.ac.in,info@kota.ac.in,admissions@kota.ac.in,placement@kota.ac.in,+91-80-222-2290,Civil Engineering,Diploma,20,240,2006,Urban,Yes,Yes
1-44640741092,1-44640741092,U-0197,GOVERNMENT POLYTECHNIC COLLEGE KOTA,Active,Rajasthan,Kota,Kota,"DCM ROAD, NEAR AERODROME CIRCLE",302663,25.167798,75.839042,Government,"Board of Technical Education And Directorate Of Technical Education, Jodhpur",Approved,Approved,B++,Yes,,Tier 3,http://www.kota.ac.in,info@kota.ac.in,admissions@kota.ac.in,placement@kota.ac.in,+91-80-222-2290,Electrical Engineering,Diploma,40,240,2006,Urban,Yes,Yes
1-44640741092,1-44640741092,U-0197,GOVERNMENT POLYTECHNIC COLLEGE KOTA,Active,Rajasthan,Kota,Kota,"DCM ROAD, NEAR AERODROME CIRCLE",302663,25.167798,75.839042,Government,"Board of Technical Education And Directorate Of Technical Education, Jodhpur",Approved,Approved,B++,Yes,,Tier 3,http://www.kota.ac.in,info@kota.ac.in,admissions@kota.ac.in,placement@kota.ac.in,+91-80-222-2290,Mechanical Engineering,Diploma,40,240,2006,Urban,Yes,Yes
1-44640741092,1-44640741092,U-0197,GOVERNMENT POLYTECHNIC COLLEGE KOTA,Active,Rajasthan,Kota,Kota,"DCM ROAD, NEAR AERODROME CIRCLE",302663,25.167798,75.839042,Government,"Board of Technical Education And Directorate Of Technical Education, Jodhpur",Approved,Approved,B++,Yes,,Tier 3,http://www.kota.ac.in,info@kota.ac.in,admissions@kota.ac.in,placement@kota.ac.in,+91-80-222-2290,Other Engineering Branches,Diploma,80,240,2006,Urban,Yes,Yes
1-44640741092,1-44640741092,U-0197,GOVERNMENT POLYTECHNIC COLLEGE KOTA,Active,Rajasthan,Kota,Kota,"DCM ROAD, NEAR AERODROME CIRCLE",302663,25.167798,75.839042,Government,"Board of Technical Education And Directorate Of Technical Education, Jodhpur",Approved,Approved,B++,Yes,,Tier 3,http://www.kota.ac.in,info@kota.ac.in,admissions@kota.ac.in,placement@kota.ac.in,+91-80-222-2290,Chemical Engineering,Diploma,20,240,2006,Urban,Yes,Yes
1-44640741092,1-44640741092,U-0197,GOVERNMENT POLYTECHNIC COLLEGE KOTA,Active,Rajasthan,Kota,Kota,"DCM ROAD, NEAR AERODROME CIRCLE",302663,25.167798,75.839042,Government,"Board of Technical Education And Directorate Of Technical Education, Jodhpur",Approved,Approved,B++,Yes,,Tier 3,http://www.kota.ac.in,info@kota.ac.in,admissions@kota.ac.in,placement@kota.ac.in,+91-80-222-2290,Computer Science Engineering (CSE),Diploma,40,240,2006,Urban,Yes,Yes
1-44640741751,1-44640741751,U-0197,BALAJI POLYTECHNIC COLLEGE,Active,Rajasthan,Udaipur,Udaipur,"AIRPORT ROAD PRATAPNAGAR, NEAR TRANSPORT NAGAR, UDAIPUR(RAJ.)",302880,27.035962,74.231158,Private-Self Financing,"Board of Technical Education And Directorate Of Technical Education, Jodhpur",Approved,Approved,B++,Yes,,Tier 3,http://www.balaji.ac.in,info@balaji.ac.in,admissions@balaji.ac.in,placement@balaji.ac.in,+91-80-348-9876,Mechanical Engineering,Diploma,75,195,2005,Urban,Yes,Yes
1-44640741751,1-44640741751,U-0197,BALAJI POLYTECHNIC COLLEGE,Active,Rajasthan,Udaipur,Udaipur,"AIRPORT ROAD PRATAPNAGAR, NEAR TRANSPORT NAGAR, UDAIPUR(RAJ.)",302880,27.035962,74.231158,Private-Self Financing,"Board of Technical Education And Directorate Of Technical Education, Jodhpur",Approved,Approved,B++,Yes,,Tier 3,http://www.balaji.ac.in,info@balaji.ac.in,admissions@balaji.ac.in,placement@balaji.ac.in,+91-80-348-9876,Electrical Engineering,Diploma,54,195,2005,Urban,Yes,Yes
1-44640741751,1-44640741751,U-0197,BALAJI POLYTECHNIC COLLEGE,Active,Rajasthan,Udaipur,Udaipur,"AIRPORT ROAD PRATAPNAGAR, NEAR TRANSPORT NAGAR, UDAIPUR(RAJ.)",302880,27.035962,74.231158,Private-Self Financing,"Board of Technical Education And Directorate Of Technical Education, Jodhpur",Approved,Approved,B++,Yes,,Tier 3,http://www.balaji.ac.in,info@balaji.ac.in,admissions@balaji.ac.in,placement@balaji.ac.in,+91-80-348-9876,Other Engineering Branches,Diploma,36,195,2005,Urban,Yes,Yes
1-44640741751,1-44640741751,U-0197,BALAJI POLYTECHNIC COLLEGE,Active,Rajasthan,Udaipur,Udaipur,"AIRPORT ROAD PRATAPNAGAR, NEAR TRANSPORT NAGAR, UDAIPUR(RAJ.)",302880,27.035962,74.231158,Private-Self Financing,"Board of Technical Education And Directorate Of Technical Education, Jodhpur",Approved,Approved,B++,Yes,,Tier 3,http://www.balaji.ac.in,info@balaji.ac.in,admissions@balaji.ac.in,placement@balaji.ac.in,+91-80-348-9876,Civil Engineering,Diploma,30,195,2005,Urban,Yes,Yes
1-44640538336,1-44640538336,U-0197,GOVT.POLYTECHNIC COLLEGE ALWAR,Active,Rajasthan,Alwar,Alwar,NEAR ITARANA FLYOVER,302505,27.040533,74.237431,Government,"Board of Technical Education And Directorate Of Technical Education, Jodhpur",Approved,Approved,A+,Yes,,Tier 2,http://www.govtpolytechnicalwar.ac.in,info@govtpolytechnicalwar.ac.in,admissions@govtpolytechnicalwar.ac.in,placement@govtpolytechnicalwar.ac.in,+91-80-540-6844,Civil Engineering,Diploma,60,240,2000,Rural,Yes,Yes
1-44640538336,1-44640538336,U-0197,GOVT.POLYTECHNIC COLLEGE ALWAR,Active,Rajasthan,Alwar,Alwar,NEAR ITARANA FLYOVER,302505,27.040533,74.237431,Government,"Board of Technical Education And Directorate Of Technical Education, Jodhpur",Approved,Approved,A+,Yes,,Tier 2,http://www.govtpolytechnicalwar.ac.in,info@govtpolytechnicalwar.ac.in,admissions@govtpolytechnicalwar.ac.in,placement@govtpolytechnicalwar.ac.in,+91-80-540-6844,Mechanical Engineering,Diploma,60,240,2000,Rural,Yes,Yes
1-44640538336,1-44640538336,U-0197,GOVT.POLYTECHNIC COLLEGE ALWAR,Active,Rajasthan,Alwar,Alwar,NEAR ITARANA FLYOVER,302505,27.040533,74.237431,Government,"Board of Technical Education And Directorate Of Technical Education, Jodhpur",Approved,Approved,A+,Yes,,Tier 2,http://www.govtpolytechnicalwar.ac.in,info@govtpolytechnicalwar.ac.in,admissions@govtpolytechnicalwar.ac.in,placement@govtpolytechnicalwar.ac.in,+91-80-540-6844,Electrical Engineering,Diploma,60,240,2000,Rural,Yes,Yes
1-44640538336,1-44640538336,U-0197,GOVT.POLYTECHNIC COLLEGE ALWAR,Active,Rajasthan,Alwar,Alwar,NEAR ITARANA FLYOVER,302505,27.040533,74.237431,Government,"Board of Technical Education And Directorate Of Technical Education, Jodhpur",Approved,Approved,A+,Yes,,Tier 2,http://www.govtpolytechnicalwar.ac.in,info@govtpolytechnicalwar.ac.in,admissions@govtpolytechnicalwar.ac.in,placement@govtpolytechnicalwar.ac.in,+91-80-540-6844,Other Engineering Branches,Diploma,60,240,2000,Rural,Yes,Yes
1-44640745390,1-44640745390,U-0197,"GOVT. MAHILA POLYTECHNIC COLLEGE,BIKANER",Active,Rajasthan,Bikaner,Bikaner,"JAI NARAIAN VYAS COLONY,BIKANER",302103,27.005379,74.216417,Government,"Board of Technical Education And Directorate Of Technical Education, Jodhpur",Approved,Approved,B++,Yes,,Tier 3,http://www.govtmahilacollegebikaner.ac.in,info@govtmahilacollegebikaner.ac.in,admissions@govtmahilacollegebikaner.ac.in,placement@govtmahilacollegebikaner.ac.in,+91-80-066-2390,Other Engineering Branches,Diploma,30,30,2012,Rural,Yes,Yes
1-44640542637,1-44640542637,U-0197,GOVERNMENT POLYTECHNIC COLLEGE JODHPUR,Active,Rajasthan,Jodhpur,Jodhpur,"GOURAV PATH, RESIDENCY ROAD, JODHPUR 342001",342001,26.254787,73.037281,Government,"Board of Technical Education And Directorate Of Technical Education, Jodhpur",Approved,Approved,B,No,,Tier 3,http://www.jodhpur.ac.in,info@jodhpur.ac.in,admissions@jodhpur.ac.in,placement@jodhpur.ac.in,+91-80-505-1987,Civil Engineering,Diploma,84,345,1999,Urban,Yes,No
1-44640542637,1-44640542637,U-0197,GOVERNMENT POLYTECHNIC COLLEGE JODHPUR,Active,Rajasthan,Jodhpur,Jodhpur,"GOURAV PATH, RESIDENCY ROAD, JODHPUR 342001",342001,26.254787,73.037281,Government,"Board of Technical Education And Directorate Of Technical Education, Jodhpur",Approved,Approved,B,No,,Tier 3,http://www.jodhpur.ac.in,info@jodhpur.ac.in,admissions@jodhpur.ac.in,placement@jodhpur.ac.in,+91-80-505-1987,Computer Science Engineering (CSE),Diploma,44,345,1999,Urban,Yes,No
1-44640542637,1-44640542637,U-0197,GOVERNMENT POLYTECHNIC COLLEGE JODHPUR,Active,Rajasthan,Jodhpur,Jodhpur,"GOURAV PATH, RESIDENCY ROAD, JODHPUR 342001",342001,26.254787,73.037281,Government,"Board of Technical Education And Directorate Of Technical Education, Jodhpur",Approved,Approved,B,No,,Tier 3,http://www.jodhpur.ac.in,info@jodhpur.ac.in,admissions@jodhpur.ac.in,placement@jodhpur.ac.in,+91-80-505-1987,Electrical Engineering,Diploma,44,345,1999,Urban,Yes,No
1-44640542637,1-44640542637,U-0197,GOVERNMENT POLYTECHNIC COLLEGE JODHPUR,Active,Rajasthan,Jodhpur,Jodhpur,"GOURAV PATH, RESIDENCY ROAD, JODHPUR 342001",342001,26.254787,73.037281,Government,"Board of Technical Education And Directorate Of Technical Education, Jodhpur",Approved,Approved,B,No,,Tier 3,http://www.jodhpur.ac.in,info@jodhpur.ac.in,admissions@jodhpur.ac.in,placement@jodhpur.ac.in,+91-80-505-1987,Other Engineering Branches,Diploma,129,345,1999,Urban,Yes,No
1-44640542637,1-44640542637,U-0197,GOVERNMENT POLYTECHNIC COLLEGE JODHPUR,Active,Rajasthan,Jodhpur,Jodhpur,"GOURAV PATH, RESIDENCY ROAD, JODHPUR 342001",342001,26.254787,73.037281,Government,"Board of Technical Education And Directorate Of Technical Education, Jodhpur",Approved,Approved,B,No,,Tier 3,http://www.jodhpur.ac.in,info@jodhpur.ac.in,admissions@jodhpur.ac.in,placement@jodhpur.ac.in,+91-80-505-1987,Mechanical Engineering,Diploma,44,345,1999,Urban,Yes,No
1-44924471375,1-44924471375,U-0197,GOVERNMENT POLYTECHNIC COLLEGE  GUDAMALANI,Active,Rajasthan,Barmer,Barmer,CAMP GOVERNMENT POLYTECHNIC COLLEGE BARMER NH 68 JAISALMER ROAD  BARMER,302067,27.013103,74.226204,Government,"Board of Technical Education And Directorate Of Technical Education, Jodhpur",Approved,Approved,A,No,,Tier 2,http://www.gudamalani.ac.in,info@gudamalani.ac.in,admissions@gudamalani.ac.in,placement@gudamalani.ac.in,+91-80-390-2133,Civil Engineering,Diploma,30,120,1986,Urban,Yes,Yes
1-44924471375,1-44924471375,U-0197,GOVERNMENT POLYTECHNIC COLLEGE  GUDAMALANI,Active,Rajasthan,Barmer,Barmer,CAMP GOVERNMENT POLYTECHNIC COLLEGE BARMER NH 68 JAISALMER ROAD  BARMER,302067,27.013103,74.226204,Government,"Board of Technical Education And Directorate Of Technical Education, Jodhpur",Approved,Approved,A,No,,Tier 2,http://www.gudamalani.ac.in,info@gudamalani.ac.in,admissions@gudamalani.ac.in,placement@gudamalani.ac.in,+91-80-390-2133,Mechanical Engineering,Diploma,30,120,1986,Urban,Yes,Yes
1-44924471375,1-44924471375,U-0197,GOVERNMENT POLYTECHNIC COLLEGE  GUDAMALANI,Active,Rajasthan,Barmer,Barmer,CAMP GOVERNMENT POLYTECHNIC COLLEGE BARMER NH 68 JAISALMER ROAD  BARMER,302067,27.013103,74.226204,Government,"Board of Technical Education And Directorate Of Technical Education, Jodhpur",Approved,Approved,A,No,,Tier 2,http://www.gudamalani.ac.in,info@gudamalani.ac.in,admissions@gudamalani.ac.in,placement@gudamalani.ac.in,+91-80-390-2133,Electrical Engineering,Diploma,30,120,1986,Urban,Yes,Yes
1-44924471375,1-44924471375,U-0197,GOVERNMENT POLYTECHNIC COLLEGE  GUDAMALANI,Active,Rajasthan,Barmer,Barmer,CAMP GOVERNMENT POLYTECHNIC COLLEGE BARMER NH 68 JAISALMER ROAD  BARMER,302067,27.013103,74.226204,Government,"Board of Technical Education And Directorate Of Technical Education, Jodhpur",Approved,Approved,A,No,,Tier 2,http://www.gudamalani.ac.in,info@gudamalani.ac.in,admissions@gudamalani.ac.in,placement@gudamalani.ac.in,+91-80-390-2133,Other Engineering Branches,Diploma,30,120,1986,Urban,Yes,Yes
1-44640546653,1-44640546653,U-0704,APEX INSTITUTE OF ENGINEERING & TECHNOLOGY,Active,Rajasthan,Jaipur,Jaipur,"ISI-5, RIICO INSTITUTIONAL AREA, SITAPURA",302659,26.904217,75.786547,Private-Self Financing,"APEX UNIVERSITY, JAIPUR",Approved,Approved,A,No,,Tier 3,http://www.apex.ac.in,info@apex.ac.in,admissions@apex.ac.in,placement@apex.ac.in,+91-80-495-6539,Computer Science Engineering (CSE),B.Tech,120,348,1986,Urban,Yes,Yes
1-44640546653,1-44640546653,U-0704,APEX INSTITUTE OF ENGINEERING & TECHNOLOGY,Active,Rajasthan,Jaipur,Jaipur,"ISI-5, RIICO INSTITUTIONAL AREA, SITAPURA",302659,26.904217,75.786547,Private-Self Financing,"APEX UNIVERSITY, JAIPUR",Approved,Approved,A,No,,Tier 3,http://www.apex.ac.in,info@apex.ac.in,admissions@apex.ac.in,placement@apex.ac.in,+91-80-495-6539,Electrical Engineering,B.Tech,30,348,1986,Urban,Yes,Yes
1-44640546653,1-44640546653,U-0704,APEX INSTITUTE OF ENGINEERING & TECHNOLOGY,Active,Rajasthan,Jaipur,Jaipur,"ISI-5, RIICO INSTITUTIONAL AREA, SITAPURA",302659,26.904217,75.786547,Private-Self Financing,"APEX UNIVERSITY, JAIPUR",Approved,Approved,A,No,,Tier 3,http://www.apex.ac.in,info@apex.ac.in,admissions@apex.ac.in,placement@apex.ac.in,+91-80-495-6539,Mechanical Engineering,B.Tech,30,348,1986,Urban,Yes,Yes
1-44640546653,1-44640546653,U-0704,APEX INSTITUTE OF ENGINEERING & TECHNOLOGY,Active,Rajasthan,Jaipur,Jaipur,"ISI-5, RIICO INSTITUTIONAL AREA, SITAPURA",302659,26.904217,75.786547,Private-Self Financing,"APEX UNIVERSITY, JAIPUR",Approved,Approved,A,No,,Tier 3,http://www.apex.ac.in,info@apex.ac.in,admissions@apex.ac.in,placement@apex.ac.in,+91-80-495-6539,Other Engineering Branches,M.Tech,24,348,1986,Urban,Yes,Yes
1-44640546653,1-44640546653,U-0704,APEX INSTITUTE OF ENGINEERING & TECHNOLOGY,Active,Rajasthan,Jaipur,Jaipur,"ISI-5, RIICO INSTITUTIONAL AREA, SITAPURA",302659,26.904217,75.786547,Private-Self Financing,"APEX UNIVERSITY, JAIPUR",Approved,Approved,A,No,,Tier 3,http://www.apex.ac.in,info@apex.ac.in,admissions@apex.ac.in,placement@apex.ac.in,+91-80-495-6539,Computer Science Engineering (CSE),M.Tech,12,348,1986,Urban,Yes,Yes
1-44640546653,1-44640546653,U-0704,APEX INSTITUTE OF ENGINEERING & TECHNOLOGY,Active,Rajasthan,Jaipur,Jaipur,"ISI-5, RIICO INSTITUTIONAL AREA, SITAPURA",302659,26.904217,75.786547,Private-Self Financing,"APEX UNIVERSITY, JAIPUR",Approved,Approved,A,No,,Tier 3,http://www.apex.ac.in,info@apex.ac.in,admissions@apex.ac.in,placement@apex.ac.in,+91-80-495-6539,Civil Engineering,B.Tech,60,348,1986,Urban,Yes,Yes
1-44640546653,1-44640546653,U-0704,APEX INSTITUTE OF ENGINEERING & TECHNOLOGY,Active,Rajasthan,Jaipur,Jaipur,"ISI-5, RIICO INSTITUTIONAL AREA, SITAPURA",302659,26.904217,75.786547,Private-Self Financing,"APEX UNIVERSITY, JAIPUR",Approved,Approved,A,No,,Tier 3,http://www.apex.ac.in,info@apex.ac.in,admissions@apex.ac.in,placement@apex.ac.in,+91-80-495-6539,Civil Engineering,M.Tech,12,348,1986,Urban,Yes,Yes
1-44640546653,1-44640546653,U-0704,APEX INSTITUTE OF ENGINEERING & TECHNOLOGY,Active,Rajasthan,Jaipur,Jaipur,"ISI-5, RIICO INSTITUTIONAL AREA, SITAPURA",302659,26.904217,75.786547,Private-Self Financing,"APEX UNIVERSITY, JAIPUR",Approved,Approved,A,No,,Tier 3,http://www.apex.ac.in,info@apex.ac.in,admissions@apex.ac.in,placement@apex.ac.in,+91-80-495-6539,Artificial Intelligence & Machine Learning (AI & ML),B.Tech,60,348,1986,Urban,Yes,Yes
1-44640716656,1-44640716656,U-0197,GOVERNMENT POLYTECHNIC COLLEGE SIKAR (RAJ.),Active,Rajasthan,Sikar,Sikar,"GOVERNMENT POLYTECHNIC COLLEGE CHANDPURA, SIKAR",302058,27.02977,74.232901,Government,"Board of Technical Education And Directorate Of Technical Education, Jodhpur",Approved,Approved,A+,Yes,,Tier 2,http://www.sikarraj.ac.in,info@sikarraj.ac.in,admissions@sikarraj.ac.in,placement@sikarraj.ac.in,+91-80-089-2768,Mechanical Engineering,Diploma,70,140,2016,Urban,Yes,Yes
1-44640716656,1-44640716656,U-0197,GOVERNMENT POLYTECHNIC COLLEGE SIKAR (RAJ.),Active,Rajasthan,Sikar,Sikar,"GOVERNMENT POLYTECHNIC COLLEGE CHANDPURA, SIKAR",302058,27.02977,74.232901,Government,"Board of Technical Education And Directorate Of Technical Education, Jodhpur",Approved,Approved,A+,Yes,,Tier 2,http://www.sikarraj.ac.in,info@sikarraj.ac.in,admissions@sikarraj.ac.in,placement@sikarraj.ac.in,+91-80-089-2768,Electrical Engineering,Diploma,40,140,2016,Urban,Yes,Yes
1-44640716656,1-44640716656,U-0197,GOVERNMENT POLYTECHNIC COLLEGE SIKAR (RAJ.),Active,Rajasthan,Sikar,Sikar,"GOVERNMENT POLYTECHNIC COLLEGE CHANDPURA, SIKAR",302058,27.02977,74.232901,Government,"Board of Technical Education And Directorate Of Technical Education, Jodhpur",Approved,Approved,A+,Yes,,Tier 2,http://www.sikarraj.ac.in,info@sikarraj.ac.in,admissions@sikarraj.ac.in,placement@sikarraj.ac.in,+91-80-089-2768,Other Engineering Branches,Diploma,30,140,2016,Urban,Yes,Yes
1-44640676353,1-44640676353,U-0197,MAHATAMA JYOTIRAO PHULE INSTITUTE OF ENGINEERING & TECHNOLOGY,Active,Rajasthan,Churu,Churu,SADULPUR,302519,27.012241,74.237436,Private-Self Financing,"Board of Technical Education And Directorate Of Technical Education, Jodhpur",Approved,Approved,A,No,,Tier 3,http://www.mahatamajyotiraophule.ac.in,info@mahatamajyotiraophule.ac.in,admissions@mahatamajyotiraophule.ac.in,placement@mahatamajyotiraophule.ac.in,+91-80-354-0733,Electrical Engineering,Diploma,30,150,1984,Urban,Yes,Yes
1-44640676353,1-44640676353,U-0197,MAHATAMA JYOTIRAO PHULE INSTITUTE OF ENGINEERING & TECHNOLOGY,Active,Rajasthan,Churu,Churu,SADULPUR,302519,27.012241,74.237436,Private-Self Financing,"Board of Technical Education And Directorate Of Technical Education, Jodhpur",Approved,Approved,A,No,,Tier 3,http://www.mahatamajyotiraophule.ac.in,info@mahatamajyotiraophule.ac.in,admissions@mahatamajyotiraophule.ac.in,placement@mahatamajyotiraophule.ac.in,+91-80-354-0733,Other Engineering Branches,Diploma,30,150,1984,Urban,Yes,Yes
1-44640676353,1-44640676353,U-0197,MAHATAMA JYOTIRAO PHULE INSTITUTE OF ENGINEERING & TECHNOLOGY,Active,Rajasthan,Churu,Churu,SADULPUR,302519,27.012241,74.237436,Private-Self Financing,"Board of Technical Education And Directorate Of Technical Education, Jodhpur",Approved,Approved,A,No,,Tier 3,http://www.mahatamajyotiraophule.ac.in,info@mahatamajyotiraophule.ac.in,admissions@mahatamajyotiraophule.ac.in,placement@mahatamajyotiraophule.ac.in,+91-80-354-0733,Civil Engineering,Diploma,30,150,1984,Urban,Yes,Yes
1-44640676353,1-44640676353,U-0197,MAHATAMA JYOTIRAO PHULE INSTITUTE OF ENGINEERING & TECHNOLOGY,Active,Rajasthan,Churu,Churu,SADULPUR,302519,27.012241,74.237436,Private-Self Financing,"Board of Technical Education And Directorate Of Technical Education, Jodhpur",Approved,Approved,A,No,,Tier 3,http://www.mahatamajyotiraophule.ac.in,info@mahatamajyotiraophule.ac.in,admissions@mahatamajyotiraophule.ac.in,placement@mahatamajyotiraophule.ac.in,+91-80-354-0733,Mechanical Engineering,Diploma,30,150,1984,Urban,Yes,Yes
1-44640676353,1-44640676353,U-0197,MAHATAMA JYOTIRAO PHULE INSTITUTE OF ENGINEERING & TECHNOLOGY,Active,Rajasthan,Churu,Churu,SADULPUR,302519,27.012241,74.237436,Private-Self Financing,"Board of Technical Education And Directorate Of Technical Education, Jodhpur",Approved,Approved,A,No,,Tier 3,http://www.mahatamajyotiraophule.ac.in,info@mahatamajyotiraophule.ac.in,admissions@mahatamajyotiraophule.ac.in,placement@mahatamajyotiraophule.ac.in,+91-80-354-0733,Computer Science Engineering (CSE),Diploma,30,150,1984,Urban,Yes,Yes
1-44640513511,1-44640513511,U-0197,ASHA DEVI POLYTECHNIC COLLEGE,Active,Rajasthan,Churu,Churu,"KHEMANA ROAD, SADULPUR, DISTT-CHURU",302519,27.020454,74.226796,Private-Self Financing,"Board of Technical Education And Directorate Of Technical Education, Jodhpur",Approved,Approved,A+,Yes,,Tier 2,http://www.ashadevi.ac.in,info@ashadevi.ac.in,admissions@ashadevi.ac.in,placement@ashadevi.ac.in,+91-80-698-5144,Mechanical Engineering,Diploma,60,300,2008,Rural,Yes,Yes
1-44640513511,1-44640513511,U-0197,ASHA DEVI POLYTECHNIC COLLEGE,Active,Rajasthan,Churu,Churu,"KHEMANA ROAD, SADULPUR, DISTT-CHURU",302519,27.020454,74.226796,Private-Self Financing,"Board of Technical Education And Directorate Of Technical Education, Jodhpur",Approved,Approved,A+,Yes,,Tier 2,http://www.ashadevi.ac.in,info@ashadevi.ac.in,admissions@ashadevi.ac.in,placement@ashadevi.ac.in,+91-80-698-5144,Civil Engineering,Diploma,60,300,2008,Rural,Yes,Yes
1-44640513511,1-44640513511,U-0197,ASHA DEVI POLYTECHNIC COLLEGE,Active,Rajasthan,Churu,Churu,"KHEMANA ROAD, SADULPUR, DISTT-CHURU",302519,27.020454,74.226796,Private-Self Financing,"Board of Technical Education And Directorate Of Technical Education, Jodhpur",Approved,Approved,A+,Yes,,Tier 2,http://www.ashadevi.ac.in,info@ashadevi.ac.in,admissions@ashadevi.ac.in,placement@ashadevi.ac.in,+91-80-698-5144,Electrical Engineering,Diploma,60,300,2008,Rural,Yes,Yes
1-44640513511,1-44640513511,U-0197,ASHA DEVI POLYTECHNIC COLLEGE,Active,Rajasthan,Churu,Churu,"KHEMANA ROAD, SADULPUR, DISTT-CHURU",302519,27.020454,74.226796,Private-Self Financing,"Board of Technical Education And Directorate Of Technical Education, Jodhpur",Approved,Approved,A+,Yes,,Tier 2,http://www.ashadevi.ac.in,info@ashadevi.ac.in,admissions@ashadevi.ac.in,placement@ashadevi.ac.in,+91-80-698-5144,Electronics & Communication Engineering (ECE),Diploma,60,300,2008,Rural,Yes,Yes
1-44640513511,1-44640513511,U-0197,ASHA DEVI POLYTECHNIC COLLEGE,Active,Rajasthan,Churu,Churu,"KHEMANA ROAD, SADULPUR, DISTT-CHURU",302519,27.020454,74.226796,Private-Self Financing,"Board of Technical Education And Directorate Of Technical Education, Jodhpur",Approved,Approved,A+,Yes,,Tier 2,http://www.ashadevi.ac.in,info@ashadevi.ac.in,admissions@ashadevi.ac.in,placement@ashadevi.ac.in,+91-80-698-5144,Automobile Engineering,Diploma,60,300,2008,Rural,Yes,Yes
1-44640554236,1-44640554236,U-0197,SHRI DEVI WOMEN POLYTECHNIC,Active,Rajasthan,Hanumangarh,Hanumangarh,ABOHAR ROAD,302224,27.031263,74.220106,Private-Self Financing,"Board of Technical Education And Directorate Of Technical Education, Jodhpur",Approved,Approved,B,No,,Tier 3,http://www.shrideviwomen.ac.in,info@shrideviwomen.ac.in,admissions@shrideviwomen.ac.in,placement@shrideviwomen.ac.in,+91-80-151-8862,Computer Science Engineering (CSE),Diploma,27,42,1997,Urban,No,No
1-44640554236,1-44640554236,U-0197,SHRI DEVI WOMEN POLYTECHNIC,Active,Rajasthan,Hanumangarh,Hanumangarh,ABOHAR ROAD,302224,27.031263,74.220106,Private-Self Financing,"Board of Technical Education And Directorate Of Technical Education, Jodhpur",Approved,Approved,B,No,,Tier 3,http://www.shrideviwomen.ac.in,info@shrideviwomen.ac.in,admissions@shrideviwomen.ac.in,placement@shrideviwomen.ac.in,+91-80-151-8862,Other Engineering Branches,Diploma,15,42,1997,Urban,No,No
1-44640678642,1-44640678642,U-0192,PRATAP INSTITUTE OF TECHNOLOGY & SCIENCE,Active,Rajasthan,Sikar,Sikar,"VILLAGE- AKHEPURA, TEHSIL- DANTA-RAMGARH,",302058,27.026297,74.211113,Private-Self Financing,"BIKANER TECHNICAL UNIVERSITY, BIKANER",Approved,Approved,B,Yes,,Tier 3,http://www.pratapscience.ac.in,info@pratapscience.ac.in,admissions@pratapscience.ac.in,placement@pratapscience.ac.in,+91-80-943-5732,Electronics & Communication Engineering (ECE),B.Tech,30,420,2004,Urban,Yes,Yes
1-44640678642,1-44640678642,U-0192,PRATAP INSTITUTE OF TECHNOLOGY & SCIENCE,Active,Rajasthan,Sikar,Sikar,"VILLAGE- AKHEPURA, TEHSIL- DANTA-RAMGARH,",302058,27.026297,74.211113,Private-Self Financing,"BIKANER TECHNICAL UNIVERSITY, BIKANER",Approved,Approved,B,Yes,,Tier 3,http://www.pratapscience.ac.in,info@pratapscience.ac.in,admissions@pratapscience.ac.in,placement@pratapscience.ac.in,+91-80-943-5732,Electrical Engineering,B.Tech,60,420,2004,Urban,Yes,Yes
1-44640678642,1-44640678642,U-0192,PRATAP INSTITUTE OF TECHNOLOGY & SCIENCE,Active,Rajasthan,Sikar,Sikar,"VILLAGE- AKHEPURA, TEHSIL- DANTA-RAMGARH,",302058,27.026297,74.211113,Private-Self Financing,"BIKANER TECHNICAL UNIVERSITY, BIKANER",Approved,Approved,B,Yes,,Tier 3,http://www.pratapscience.ac.in,info@pratapscience.ac.in,admissions@pratapscience.ac.in,placement@pratapscience.ac.in,+91-80-943-5732,Civil Engineering,B.Tech,60,420,2004,Urban,Yes,Yes
1-44640678642,1-44640678642,U-0192,PRATAP INSTITUTE OF TECHNOLOGY & SCIENCE,Active,Rajasthan,Sikar,Sikar,"VILLAGE- AKHEPURA, TEHSIL- DANTA-RAMGARH,",302058,27.026297,74.211113,Private-Self Financing,"BIKANER TECHNICAL UNIVERSITY, BIKANER",Approved,Approved,B,Yes,,Tier 3,http://www.pratapscience.ac.in,info@pratapscience.ac.in,admissions@pratapscience.ac.in,placement@pratapscience.ac.in,+91-80-943-5732,Computer Science Engineering (CSE),B.Tech,60,420,2004,Urban,Yes,Yes
1-44640678642,1-44640678642,U-0192,PRATAP INSTITUTE OF TECHNOLOGY & SCIENCE,Active,Rajasthan,Sikar,Sikar,"VILLAGE- AKHEPURA, TEHSIL- DANTA-RAMGARH,",302058,27.026297,74.211113,Private-Self Financing,"BIKANER TECHNICAL UNIVERSITY, BIKANER",Approved,Approved,B,Yes,,Tier 3,http://www.pratapscience.ac.in,info@pratapscience.ac.in,admissions@pratapscience.ac.in,placement@pratapscience.ac.in,+91-80-943-5732,Mechanical Engineering,B.Tech,60,420,2004,Urban,Yes,Yes
1-44640678642,1-44640678642,U-0192,PRATAP INSTITUTE OF TECHNOLOGY & SCIENCE,Active,Rajasthan,Sikar,Sikar,"VILLAGE- AKHEPURA, TEHSIL- DANTA-RAMGARH,",302058,27.026297,74.211113,Private-Self Financing,"BIKANER TECHNICAL UNIVERSITY, BIKANER",Approved,Approved,B,Yes,,Tier 3,http://www.pratapscience.ac.in,info@pratapscience.ac.in,admissions@pratapscience.ac.in,placement@pratapscience.ac.in,+91-80-943-5732,Civil Engineering,Diploma,60,420,2004,Urban,Yes,Yes
1-44640678642,1-44640678642,U-0192,PRATAP INSTITUTE OF TECHNOLOGY & SCIENCE,Active,Rajasthan,Sikar,Sikar,"VILLAGE- AKHEPURA, TEHSIL- DANTA-RAMGARH,",302058,27.026297,74.211113,Private-Self Financing,"BIKANER TECHNICAL UNIVERSITY, BIKANER",Approved,Approved,B,Yes,,Tier 3,http://www.pratapscience.ac.in,info@pratapscience.ac.in,admissions@pratapscience.ac.in,placement@pratapscience.ac.in,+91-80-943-5732,Electrical Engineering,Diploma,60,420,2004,Urban,Yes,Yes
1-44640678642,1-44640678642,U-0192,PRATAP INSTITUTE OF TECHNOLOGY & SCIENCE,Active,Rajasthan,Sikar,Sikar,"VILLAGE- AKHEPURA, TEHSIL- DANTA-RAMGARH,",302058,27.026297,74.211113,Private-Self Financing,"BIKANER TECHNICAL UNIVERSITY, BIKANER",Approved,Approved,B,Yes,,Tier 3,http://www.pratapscience.ac.in,info@pratapscience.ac.in,admissions@pratapscience.ac.in,placement@pratapscience.ac.in,+91-80-943-5732,Mechanical Engineering,Diploma,30,420,2004,Urban,Yes,Yes
1-44640680426,1-44640680426,U-0197,GOVT. POLYTECHNIC COLLEGE TONK.,Active,Rajasthan,Tonk,Tonk,"GOVT. POLYTECHNIC COLLEGE, VILLAGE BORKHANDI KHURD,NEAR BANAS BRIDGE, JAIPUR ROAD, TONK, PIN 304001",304001,27.034518,74.226603,Government,"Board of Technical Education And Directorate Of Technical Education, Jodhpur",Approved,Approved,B,No,,Tier 3,http://www.govttonk.ac.in,info@govttonk.ac.in,admissions@govttonk.ac.in,placement@govttonk.ac.in,+91-80-288-4151,Computer Science Engineering (CSE),Diploma,30,240,1986,Urban,Yes,Yes
1-44640680426,1-44640680426,U-0197,GOVT. POLYTECHNIC COLLEGE TONK.,Active,Rajasthan,Tonk,Tonk,"GOVT. POLYTECHNIC COLLEGE, VILLAGE BORKHANDI KHURD,NEAR BANAS BRIDGE, JAIPUR ROAD, TONK, PIN 304001",304001,27.034518,74.226603,Government,"Board of Technical Education And Directorate Of Technical Education, Jodhpur",Approved,Approved,B,No,,Tier 3,http://www.govttonk.ac.in,info@govttonk.ac.in,admissions@govttonk.ac.in,placement@govttonk.ac.in,+91-80-288-4151,Other Engineering Branches,Diploma,30,240,1986,Urban,Yes,Yes
1-44640680426,1-44640680426,U-0197,GOVT. POLYTECHNIC COLLEGE TONK.,Active,Rajasthan,Tonk,Tonk,"GOVT. POLYTECHNIC COLLEGE, VILLAGE BORKHANDI KHURD,NEAR BANAS BRIDGE, JAIPUR ROAD, TONK, PIN 304001",304001,27.034518,74.226603,Government,"Board of Technical Education And Directorate Of Technical Education, Jodhpur",Approved,Approved,B,No,,Tier 3,http://www.govttonk.ac.in,info@govttonk.ac.in,admissions@govttonk.ac.in,placement@govttonk.ac.in,+91-80-288-4151,Electrical Engineering,Diploma,60,240,1986,Urban,Yes,Yes
1-44640680426,1-44640680426,U-0197,GOVT. POLYTECHNIC COLLEGE TONK.,Active,Rajasthan,Tonk,Tonk,"GOVT. POLYTECHNIC COLLEGE, VILLAGE BORKHANDI KHURD,NEAR BANAS BRIDGE, JAIPUR ROAD, TONK, PIN 304001",304001,27.034518,74.226603,Government,"Board of Technical Education And Directorate Of Technical Education, Jodhpur",Approved,Approved,B,No,,Tier 3,http://www.govttonk.ac.in,info@govttonk.ac.in,admissions@govttonk.ac.in,placement@govttonk.ac.in,+91-80-288-4151,Civil Engineering,Diploma,60,240,1986,Urban,Yes,Yes
1-44640680426,1-44640680426,U-0197,GOVT. POLYTECHNIC COLLEGE TONK.,Active,Rajasthan,Tonk,Tonk,"GOVT. POLYTECHNIC COLLEGE, VILLAGE BORKHANDI KHURD,NEAR BANAS BRIDGE, JAIPUR ROAD, TONK, PIN 304001",304001,27.034518,74.226603,Government,"Board of Technical Education And Directorate Of Technical Education, Jodhpur",Approved,Approved,B,No,,Tier 3,http://www.govttonk.ac.in,info@govttonk.ac.in,admissions@govttonk.ac.in,placement@govttonk.ac.in,+91-80-288-4151,Mechanical Engineering,Diploma,60,240,1986,Urban,Yes,Yes
1-44640680909,1-44640680909,U-0197,GOVINDAM POLYTECHNIC COLLEGE,Active,Rajasthan,Sikar,Sikar,"NEAR BY PASS CIRCLE, PALWAS ROAD(NAVI), SIKAR-332002",332002,27.02541,74.224844,Private-Self Financing,"Board of Technical Education And Directorate Of Technical Education, Jodhpur",Approved,Approved,A+,Yes,,Tier 2,http://www.govindam.ac.in,info@govindam.ac.in,admissions@govindam.ac.in,placement@govindam.ac.in,+91-80-906-4108,Civil Engineering,Diploma,96,432,1999,Rural,Yes,Yes
1-44640680909,1-44640680909,U-0197,GOVINDAM POLYTECHNIC COLLEGE,Active,Rajasthan,Sikar,Sikar,"NEAR BY PASS CIRCLE, PALWAS ROAD(NAVI), SIKAR-332002",332002,27.02541,74.224844,Private-Self Financing,"Board of Technical Education And Directorate Of Technical Education, Jodhpur",Approved,Approved,A+,Yes,,Tier 2,http://www.govindam.ac.in,info@govindam.ac.in,admissions@govindam.ac.in,placement@govindam.ac.in,+91-80-906-4108,Electrical Engineering,Diploma,144,432,1999,Rural,Yes,Yes
1-44640680909,1-44640680909,U-0197,GOVINDAM POLYTECHNIC COLLEGE,Active,Rajasthan,Sikar,Sikar,"NEAR BY PASS CIRCLE, PALWAS ROAD(NAVI), SIKAR-332002",332002,27.02541,74.224844,Private-Self Financing,"Board of Technical Education And Directorate Of Technical Education, Jodhpur",Approved,Approved,A+,Yes,,Tier 2,http://www.govindam.ac.in,info@govindam.ac.in,admissions@govindam.ac.in,placement@govindam.ac.in,+91-80-906-4108,Other Engineering Branches,Diploma,48,432,1999,Rural,Yes,Yes
1-44640680909,1-44640680909,U-0197,GOVINDAM POLYTECHNIC COLLEGE,Active,Rajasthan,Sikar,Sikar,"NEAR BY PASS CIRCLE, PALWAS ROAD(NAVI), SIKAR-332002",332002,27.02541,74.224844,Private-Self Financing,"Board of Technical Education And Directorate Of Technical Education, Jodhpur",Approved,Approved,A+,Yes,,Tier 2,http://www.govindam.ac.in,info@govindam.ac.in,admissions@govindam.ac.in,placement@govindam.ac.in,+91-80-906-4108,Mechanical Engineering,Diploma,96,432,1999,Rural,Yes,Yes
1-44640680909,1-44640680909,U-0197,GOVINDAM POLYTECHNIC COLLEGE,Active,Rajasthan,Sikar,Sikar,"NEAR BY PASS CIRCLE, PALWAS ROAD(NAVI), SIKAR-332002",332002,27.02541,74.224844,Private-Self Financing,"Board of Technical Education And Directorate Of Technical Education, Jodhpur",Approved,Approved,A+,Yes,,Tier 2,http://www.govindam.ac.in,info@govindam.ac.in,admissions@govindam.ac.in,placement@govindam.ac.in,+91-80-906-4108,Computer Science Engineering (CSE),Diploma,48,432,1999,Rural,Yes,Yes
1-44640559813,1-44640559813,U-0197,LBS POLYTECHNIC COLLEGE JODHPUR,Active,Rajasthan,Jodhpur,Jodhpur,"NH.112 JAIPUR-JODHPUR NATIONAL HIGHWAY, JODHPUR RAJASTHAN",302829,26.227768,73.036387,Private-Self Financing,"Board of Technical Education And Directorate Of Technical Education, Jodhpur",Approved,Approved,Not Accredited,No,,Tier 3,http://www.lbsjodhpur.ac.in,info@lbsjodhpur.ac.in,admissions@lbsjodhpur.ac.in,placement@lbsjodhpur.ac.in,+91-80-371-9629,Civil Engineering,Diploma,15,60,1985,Urban,Yes,Yes
1-44640559813,1-44640559813,U-0197,LBS POLYTECHNIC COLLEGE JODHPUR,Active,Rajasthan,Jodhpur,Jodhpur,"NH.112 JAIPUR-JODHPUR NATIONAL HIGHWAY, JODHPUR RAJASTHAN",302829,26.227768,73.036387,Private-Self Financing,"Board of Technical Education And Directorate Of Technical Education, Jodhpur",Approved,Approved,Not Accredited,No,,Tier 3,http://www.lbsjodhpur.ac.in,info@lbsjodhpur.ac.in,admissions@lbsjodhpur.ac.in,placement@lbsjodhpur.ac.in,+91-80-371-9629,Electrical Engineering,Diploma,30,60,1985,Urban,Yes,Yes
1-44640559813,1-44640559813,U-0197,LBS POLYTECHNIC COLLEGE JODHPUR,Active,Rajasthan,Jodhpur,Jodhpur,"NH.112 JAIPUR-JODHPUR NATIONAL HIGHWAY, JODHPUR RAJASTHAN",302829,26.227768,73.036387,Private-Self Financing,"Board of Technical Education And Directorate Of Technical Education, Jodhpur",Approved,Approved,Not Accredited,No,,Tier 3,http://www.lbsjodhpur.ac.in,info@lbsjodhpur.ac.in,admissions@lbsjodhpur.ac.in,placement@lbsjodhpur.ac.in,+91-80-371-9629,Mechanical Engineering,Diploma,15,60,1985,Urban,Yes,Yes
1-44640308980,1-44640308980,U-0197,"GOVT. POLYTECHNIC COLLEGE, CHURU",Active,Rajasthan,Churu,Churu,INDUSTRIAL AREA ROAD NO. 05 HANUMANGADI ROAD  GAJSAR-CHURU,302519,27.038904,74.234342,Government,"Board of Technical Education And Directorate Of Technical Education, Jodhpur",Approved,Approved,A,No,,Tier 2,http://www.govtchuru.ac.in,info@govtchuru.ac.in,admissions@govtchuru.ac.in,placement@govtchuru.ac.in,+91-80-472-3561,Computer Science Engineering (CSE),Diploma,30,130,2005,Urban,Yes,Yes
1-44640308980,1-44640308980,U-0197,"GOVT. POLYTECHNIC COLLEGE, CHURU",Active,Rajasthan,Churu,Churu,INDUSTRIAL AREA ROAD NO. 05 HANUMANGADI ROAD  GAJSAR-CHURU,302519,27.038904,74.234342,Government,"Board of Technical Education And Directorate Of Technical Education, Jodhpur",Approved,Approved,A,No,,Tier 2,http://www.govtchuru.ac.in,info@govtchuru.ac.in,admissions@govtchuru.ac.in,placement@govtchuru.ac.in,+91-80-472-3561,Other Engineering Branches,Diploma,40,130,2005,Urban,Yes,Yes
1-44640308980,1-44640308980,U-0197,"GOVT. POLYTECHNIC COLLEGE, CHURU",Active,Rajasthan,Churu,Churu,INDUSTRIAL AREA ROAD NO. 05 HANUMANGADI ROAD  GAJSAR-CHURU,302519,27.038904,74.234342,Government,"Board of Technical Education And Directorate Of Technical Education, Jodhpur",Approved,Approved,A,No,,Tier 2,http://www.govtchuru.ac.in,info@govtchuru.ac.in,admissions@govtchuru.ac.in,placement@govtchuru.ac.in,+91-80-472-3561,Electrical Engineering,Diploma,30,130,2005,Urban,Yes,Yes
1-44640308980,1-44640308980,U-0197,"GOVT. POLYTECHNIC COLLEGE, CHURU",Active,Rajasthan,Churu,Churu,INDUSTRIAL AREA ROAD NO. 05 HANUMANGADI ROAD  GAJSAR-CHURU,302519,27.038904,74.234342,Government,"Board of Technical Education And Directorate Of Technical Education, Jodhpur",Approved,Approved,A,No,,Tier 2,http://www.govtchuru.ac.in,info@govtchuru.ac.in,admissions@govtchuru.ac.in,placement@govtchuru.ac.in,+91-80-472-3561,Mechanical Engineering,Diploma,30,130,2005,Urban,Yes,Yes
1-44640309473,1-44640309473,U-0192,MAHAVEER INSTITUTE OF TECHNOLOGY & SCIENCE,Active,Rajasthan,Pali,Pali,"MAHAVEER INSTITUTE OF TECHNOLOGY & SCIENCE, RANIYA BERA, MAIN HIGHWAY ROAD,NH-14,JADAN",302462,27.041793,74.229512,Private-Self Financing,"BIKANER TECHNICAL UNIVERSITY, BIKANER",Approved,Approved,B,No,,Tier 3,http://www.mahaveerscience.ac.in,info@mahaveerscience.ac.in,admissions@mahaveerscience.ac.in,placement@mahaveerscience.ac.in,+91-80-593-5178,Civil Engineering,B.Tech,54,162,2000,Urban,Yes,Yes
1-44640309473,1-44640309473,U-0192,MAHAVEER INSTITUTE OF TECHNOLOGY & SCIENCE,Active,Rajasthan,Pali,Pali,"MAHAVEER INSTITUTE OF TECHNOLOGY & SCIENCE, RANIYA BERA, MAIN HIGHWAY ROAD,NH-14,JADAN",302462,27.041793,74.229512,Private-Self Financing,"BIKANER TECHNICAL UNIVERSITY, BIKANER",Approved,Approved,B,No,,Tier 3,http://www.mahaveerscience.ac.in,info@mahaveerscience.ac.in,admissions@mahaveerscience.ac.in,placement@mahaveerscience.ac.in,+91-80-593-5178,Mechanical Engineering,B.Tech,54,162,2000,Urban,Yes,Yes
1-44640309473,1-44640309473,U-0192,MAHAVEER INSTITUTE OF TECHNOLOGY & SCIENCE,Active,Rajasthan,Pali,Pali,"MAHAVEER INSTITUTE OF TECHNOLOGY & SCIENCE, RANIYA BERA, MAIN HIGHWAY ROAD,NH-14,JADAN",302462,27.041793,74.229512,Private-Self Financing,"BIKANER TECHNICAL UNIVERSITY, BIKANER",Approved,Approved,B,No,,Tier 3,http://www.mahaveerscience.ac.in,info@mahaveerscience.ac.in,admissions@mahaveerscience.ac.in,placement@mahaveerscience.ac.in,+91-80-593-5178,Computer Science Engineering (CSE),B.Tech,54,162,2000,Urban,Yes,Yes
1-44640564013,1-44640564013,U-0082,COLLEGE OF TECHNOLOGY AND ENGINEERING,Active,Rajasthan,Udaipur,Udaipur,UNIVERSITY CAMPUS MPUAT,302880,27.040254,74.224001,Government,"Maharana Pratap University of Agriculture and Technology, Udaipur",Approved,Approved,B,No,,Tier 3,http://www.inst9725.ac.in,info@inst9725.ac.in,admissions@inst9725.ac.in,placement@inst9725.ac.in,+91-80-528-9767,Agricultural Engineering,B.Tech,55,524,2014,Rural,No,Yes
1-44640564013,1-44640564013,U-0082,COLLEGE OF TECHNOLOGY AND ENGINEERING,Active,Rajasthan,Udaipur,Udaipur,UNIVERSITY CAMPUS MPUAT,302880,27.040254,74.224001,Government,"Maharana Pratap University of Agriculture and Technology, Udaipur",Approved,Approved,B,No,,Tier 3,http://www.inst9725.ac.in,info@inst9725.ac.in,admissions@inst9725.ac.in,placement@inst9725.ac.in,+91-80-528-9767,Civil Engineering,B.Tech,40,524,2014,Rural,No,Yes
1-44640564013,1-44640564013,U-0082,COLLEGE OF TECHNOLOGY AND ENGINEERING,Active,Rajasthan,Udaipur,Udaipur,UNIVERSITY CAMPUS MPUAT,302880,27.040254,74.224001,Government,"Maharana Pratap University of Agriculture and Technology, Udaipur",Approved,Approved,B,No,,Tier 3,http://www.inst9725.ac.in,info@inst9725.ac.in,admissions@inst9725.ac.in,placement@inst9725.ac.in,+91-80-528-9767,Computer Science Engineering (CSE),B.Tech,60,524,2014,Rural,No,Yes
1-44640564013,1-44640564013,U-0082,COLLEGE OF TECHNOLOGY AND ENGINEERING,Active,Rajasthan,Udaipur,Udaipur,UNIVERSITY CAMPUS MPUAT,302880,27.040254,74.224001,Government,"Maharana Pratap University of Agriculture and Technology, Udaipur",Approved,Approved,B,No,,Tier 3,http://www.inst9725.ac.in,info@inst9725.ac.in,admissions@inst9725.ac.in,placement@inst9725.ac.in,+91-80-528-9767,Electrical Engineering,B.Tech,60,524,2014,Rural,No,Yes
1-44640564013,1-44640564013,U-0082,COLLEGE OF TECHNOLOGY AND ENGINEERING,Active,Rajasthan,Udaipur,Udaipur,UNIVERSITY CAMPUS MPUAT,302880,27.040254,74.224001,Government,"Maharana Pratap University of Agriculture and Technology, Udaipur",Approved,Approved,B,No,,Tier 3,http://www.inst9725.ac.in,info@inst9725.ac.in,admissions@inst9725.ac.in,placement@inst9725.ac.in,+91-80-528-9767,Electronics & Communication Engineering (ECE),B.Tech,60,524,2014,Rural,No,Yes
1-44640564013,1-44640564013,U-0082,COLLEGE OF TECHNOLOGY AND ENGINEERING,Active,Rajasthan,Udaipur,Udaipur,UNIVERSITY CAMPUS MPUAT,302880,27.040254,74.224001,Government,"Maharana Pratap University of Agriculture and Technology, Udaipur",Approved,Approved,B,No,,Tier 3,http://www.inst9725.ac.in,info@inst9725.ac.in,admissions@inst9725.ac.in,placement@inst9725.ac.in,+91-80-528-9767,Mechanical Engineering,B.Tech,40,524,2014,Rural,No,Yes
1-44640564013,1-44640564013,U-0082,COLLEGE OF TECHNOLOGY AND ENGINEERING,Active,Rajasthan,Udaipur,Udaipur,UNIVERSITY CAMPUS MPUAT,302880,27.040254,74.224001,Government,"Maharana Pratap University of Agriculture and Technology, Udaipur",Approved,Approved,B,No,,Tier 3,http://www.inst9725.ac.in,info@inst9725.ac.in,admissions@inst9725.ac.in,placement@inst9725.ac.in,+91-80-528-9767,Mining Engineering,B.Tech,20,524,2014,Rural,No,Yes
1-44640564013,1-44640564013,U-0082,COLLEGE OF TECHNOLOGY AND ENGINEERING,Active,Rajasthan,Udaipur,Udaipur,UNIVERSITY CAMPUS MPUAT,302880,27.040254,74.224001,Government,"Maharana Pratap University of Agriculture and Technology, Udaipur",Approved,Approved,B,No,,Tier 3,http://www.inst9725.ac.in,info@inst9725.ac.in,admissions@inst9725.ac.in,placement@inst9725.ac.in,+91-80-528-9767,Agricultural Engineering,M.Tech,30,524,2014,Rural,No,Yes
1-44640564013,1-44640564013,U-0082,COLLEGE OF TECHNOLOGY AND ENGINEERING,Active,Rajasthan,Udaipur,Udaipur,UNIVERSITY CAMPUS MPUAT,302880,27.040254,74.224001,Government,"Maharana Pratap University of Agriculture and Technology, Udaipur",Approved,Approved,B,No,,Tier 3,http://www.inst9725.ac.in,info@inst9725.ac.in,admissions@inst9725.ac.in,placement@inst9725.ac.in,+91-80-528-9767,Electrical Engineering,M.Tech,18,524,2014,Rural,No,Yes
1-44640564013,1-44640564013,U-0082,COLLEGE OF TECHNOLOGY AND ENGINEERING,Active,Rajasthan,Udaipur,Udaipur,UNIVERSITY CAMPUS MPUAT,302880,27.040254,74.224001,Government,"Maharana Pratap University of Agriculture and Technology, Udaipur",Approved,Approved,B,No,,Tier 3,http://www.inst9725.ac.in,info@inst9725.ac.in,admissions@inst9725.ac.in,placement@inst9725.ac.in,+91-80-528-9767,Mechanical Engineering,M.Tech,9,524,2014,Rural,No,Yes
1-44640564013,1-44640564013,U-0082,COLLEGE OF TECHNOLOGY AND ENGINEERING,Active,Rajasthan,Udaipur,Udaipur,UNIVERSITY CAMPUS MPUAT,302880,27.040254,74.224001,Government,"Maharana Pratap University of Agriculture and Technology, Udaipur",Approved,Approved,B,No,,Tier 3,http://www.inst9725.ac.in,info@inst9725.ac.in,admissions@inst9725.ac.in,placement@inst9725.ac.in,+91-80-528-9767,Mining Engineering,M.Tech,18,524,2014,Rural,No,Yes
1-44640564013,1-44640564013,U-0082,COLLEGE OF TECHNOLOGY AND ENGINEERING,Active,Rajasthan,Udaipur,Udaipur,UNIVERSITY CAMPUS MPUAT,302880,27.040254,74.224001,Government,"Maharana Pratap University of Agriculture and Technology, Udaipur",Approved,Approved,B,No,,Tier 3,http://www.inst9725.ac.in,info@inst9725.ac.in,admissions@inst9725.ac.in,placement@inst9725.ac.in,+91-80-528-9767,Electronics & Communication Engineering (ECE),M.Tech,18,524,2014,Rural,No,Yes
1-44640564013,1-44640564013,U-0082,COLLEGE OF TECHNOLOGY AND ENGINEERING,Active,Rajasthan,Udaipur,Udaipur,UNIVERSITY CAMPUS MPUAT,302880,27.040254,74.224001,Government,"Maharana Pratap University of Agriculture and Technology, Udaipur",Approved,Approved,B,No,,Tier 3,http://www.inst9725.ac.in,info@inst9725.ac.in,admissions@inst9725.ac.in,placement@inst9725.ac.in,+91-80-528-9767,Computer Science Engineering (CSE),M.Tech,18,524,2014,Rural,No,Yes
1-44640564013,1-44640564013,U-0082,COLLEGE OF TECHNOLOGY AND ENGINEERING,Active,Rajasthan,Udaipur,Udaipur,UNIVERSITY CAMPUS MPUAT,302880,27.040254,74.224001,Government,"Maharana Pratap University of Agriculture and Technology, Udaipur",Approved,Approved,B,No,,Tier 3,http://www.inst9725.ac.in,info@inst9725.ac.in,admissions@inst9725.ac.in,placement@inst9725.ac.in,+91-80-528-9767,Civil Engineering,M.Tech,18,524,2014,Rural,No,Yes
1-44640564013,1-44640564013,U-0082,COLLEGE OF TECHNOLOGY AND ENGINEERING,Active,Rajasthan,Udaipur,Udaipur,UNIVERSITY CAMPUS MPUAT,302880,27.040254,74.224001,Government,"Maharana Pratap University of Agriculture and Technology, Udaipur",Approved,Approved,B,No,,Tier 3,http://www.inst9725.ac.in,info@inst9725.ac.in,admissions@inst9725.ac.in,placement@inst9725.ac.in,+91-80-528-9767,Data Science,B.Tech,60,524,2014,Rural,No,Yes
1-44640691570,1-44640691570,U-0197,C.R.L.POLYTECHNIC COLLEGE,Active,Rajasthan,Jhunjhunu,Jhunjhunu,"NEAR DUNDLOD RAILWAY PHATAK,SIKAR-JHUNJHUNU ROAD,TAHSIL-NAWALGARH , DISTRICT-JHUNJHUNU (RAJASTHAN)",302851,27.016001,74.232443,Private-Self Financing,"Board of Technical Education And Directorate Of Technical Education, Jodhpur",Approved,Approved,Not Accredited,No,,Tier 3,http://www.crlpolytechnic.ac.in,info@crlpolytechnic.ac.in,admissions@crlpolytechnic.ac.in,placement@crlpolytechnic.ac.in,+91-80-511-7661,Civil Engineering,Diploma,90,240,1982,Urban,Yes,No
1-44640691570,1-44640691570,U-0197,C.R.L.POLYTECHNIC COLLEGE,Active,Rajasthan,Jhunjhunu,Jhunjhunu,"NEAR DUNDLOD RAILWAY PHATAK,SIKAR-JHUNJHUNU ROAD,TAHSIL-NAWALGARH , DISTRICT-JHUNJHUNU (RAJASTHAN)",302851,27.016001,74.232443,Private-Self Financing,"Board of Technical Education And Directorate Of Technical Education, Jodhpur",Approved,Approved,Not Accredited,No,,Tier 3,http://www.crlpolytechnic.ac.in,info@crlpolytechnic.ac.in,admissions@crlpolytechnic.ac.in,placement@crlpolytechnic.ac.in,+91-80-511-7661,Mechanical Engineering,Diploma,90,240,1982,Urban,Yes,No
1-44640691570,1-44640691570,U-0197,C.R.L.POLYTECHNIC COLLEGE,Active,Rajasthan,Jhunjhunu,Jhunjhunu,"NEAR DUNDLOD RAILWAY PHATAK,SIKAR-JHUNJHUNU ROAD,TAHSIL-NAWALGARH , DISTRICT-JHUNJHUNU (RAJASTHAN)",302851,27.016001,74.232443,Private-Self Financing,"Board of Technical Education And Directorate Of Technical Education, Jodhpur",Approved,Approved,Not Accredited,No,,Tier 3,http://www.crlpolytechnic.ac.in,info@crlpolytechnic.ac.in,admissions@crlpolytechnic.ac.in,placement@crlpolytechnic.ac.in,+91-80-511-7661,Electrical Engineering,Diploma,60,240,1982,Urban,Yes,No
1-44640395057,1-44640395057,U-0197,C.M.R.B. GOVERNMENT  POLYTECHNIC COLLEGE SRIGANGANAGAR,Active,Rajasthan,Ganganagar,Ganganagar,BHAMBHU COLONY SETIA FARM,302185,27.027183,74.220375,Government,"Board of Technical Education And Directorate Of Technical Education, Jodhpur",Approved,Approved,B,No,,Tier 3,http://www.cmrbsriganganagar.ac.in,info@cmrbsriganganagar.ac.in,admissions@cmrbsriganganagar.ac.in,placement@cmrbsriganganagar.ac.in,+91-80-980-7503,Electrical Engineering,Diploma,60,180,2009,Urban,Yes,Yes
1-44640395057,1-44640395057,U-0197,C.M.R.B. GOVERNMENT  POLYTECHNIC COLLEGE SRIGANGANAGAR,Active,Rajasthan,Ganganagar,Ganganagar,BHAMBHU COLONY SETIA FARM,302185,27.027183,74.220375,Government,"Board of Technical Education And Directorate Of Technical Education, Jodhpur",Approved,Approved,B,No,,Tier 3,http://www.cmrbsriganganagar.ac.in,info@cmrbsriganganagar.ac.in,admissions@cmrbsriganganagar.ac.in,placement@cmrbsriganganagar.ac.in,+91-80-980-7503,Mechanical Engineering,Diploma,60,180,2009,Urban,Yes,Yes
1-44640395057,1-44640395057,U-0197,C.M.R.B. GOVERNMENT  POLYTECHNIC COLLEGE SRIGANGANAGAR,Active,Rajasthan,Ganganagar,Ganganagar,BHAMBHU COLONY SETIA FARM,302185,27.027183,74.220375,Government,"Board of Technical Education And Directorate Of Technical Education, Jodhpur",Approved,Approved,B,No,,Tier 3,http://www.cmrbsriganganagar.ac.in,info@cmrbsriganganagar.ac.in,admissions@cmrbsriganganagar.ac.in,placement@cmrbsriganganagar.ac.in,+91-80-980-7503,Civil Engineering,Diploma,60,180,2009,Urban,Yes,Yes
1-44640525462,1-44640525462,U-0197,"GOVT.POLYTECHNIC COLLEGE, CHITTORGARH",Active,Rajasthan,Chittorgarh,Chittorgarh,"BOJUNDA, UDAIPUR ROAD, CHITTORGARH(RAJASTHAN)",302196,27.006503,74.222162,Government,"Board of Technical Education And Directorate Of Technical Education, Jodhpur",Approved,Approved,B,No,,Tier 3,http://www.govtpolytechnicchittorgarh.ac.in,info@govtpolytechnicchittorgarh.ac.in,admissions@govtpolytechnicchittorgarh.ac.in,placement@govtpolytechnicchittorgarh.ac.in,+91-80-113-3979,Other Engineering Branches,Diploma,30,160,1998,Rural,Yes,Yes
1-44640525462,1-44640525462,U-0197,"GOVT.POLYTECHNIC COLLEGE, CHITTORGARH",Active,Rajasthan,Chittorgarh,Chittorgarh,"BOJUNDA, UDAIPUR ROAD, CHITTORGARH(RAJASTHAN)",302196,27.006503,74.222162,Government,"Board of Technical Education And Directorate Of Technical Education, Jodhpur",Approved,Approved,B,No,,Tier 3,http://www.govtpolytechnicchittorgarh.ac.in,info@govtpolytechnicchittorgarh.ac.in,admissions@govtpolytechnicchittorgarh.ac.in,placement@govtpolytechnicchittorgarh.ac.in,+91-80-113-3979,Mechanical Engineering,Diploma,60,160,1998,Rural,Yes,Yes
1-44640525462,1-44640525462,U-0197,"GOVT.POLYTECHNIC COLLEGE, CHITTORGARH",Active,Rajasthan,Chittorgarh,Chittorgarh,"BOJUNDA, UDAIPUR ROAD, CHITTORGARH(RAJASTHAN)",302196,27.006503,74.222162,Government,"Board of Technical Education And Directorate Of Technical Education, Jodhpur",Approved,Approved,B,No,,Tier 3,http://www.govtpolytechnicchittorgarh.ac.in,info@govtpolytechnicchittorgarh.ac.in,admissions@govtpolytechnicchittorgarh.ac.in,placement@govtpolytechnicchittorgarh.ac.in,+91-80-113-3979,Electrical Engineering,Diploma,40,160,1998,Rural,Yes,Yes
1-44640525462,1-44640525462,U-0197,"GOVT.POLYTECHNIC COLLEGE, CHITTORGARH",Active,Rajasthan,Chittorgarh,Chittorgarh,"BOJUNDA, UDAIPUR ROAD, CHITTORGARH(RAJASTHAN)",302196,27.006503,74.222162,Government,"Board of Technical Education And Directorate Of Technical Education, Jodhpur",Approved,Approved,B,No,,Tier 3,http://www.govtpolytechnicchittorgarh.ac.in,info@govtpolytechnicchittorgarh.ac.in,admissions@govtpolytechnicchittorgarh.ac.in,placement@govtpolytechnicchittorgarh.ac.in,+91-80-113-3979,Robotics,Diploma,30,160,1998,Rural,Yes,Yes
1-44640229742,1-44640229742,U-0197,"GOVT.POLYTECHNIC COLLEGE DHOLPUR,RAJASTHAN",Active,Rajasthan,Sawai Madhopur,Sawai Madhopur,"PRINCIPAL GOVT. POLYTECHNIC COLLEGE DHOLPUR, SARANI KHEDA ROAD ,DHOLPUR",302055,27.026138,74.236174,Government,"Board of Technical Education And Directorate Of Technical Education, Jodhpur",Approved,Approved,A+,Yes,,Tier 2,http://www.govtpolytechnicdholpurrajasthan.ac.in,info@govtpolytechnicdholpurrajasthan.ac.in,admissions@govtpolytechnicdholpurrajasthan.ac.in,placement@govtpolytechnicdholpurrajasthan.ac.in,+91-80-936-9332,Electrical Engineering,Diploma,60,270,1988,Urban,No,Yes
1-44640229742,1-44640229742,U-0197,"GOVT.POLYTECHNIC COLLEGE DHOLPUR,RAJASTHAN",Active,Rajasthan,Sawai Madhopur,Sawai Madhopur,"PRINCIPAL GOVT. POLYTECHNIC COLLEGE DHOLPUR, SARANI KHEDA ROAD ,DHOLPUR",302055,27.026138,74.236174,Government,"Board of Technical Education And Directorate Of Technical Education, Jodhpur",Approved,Approved,A+,Yes,,Tier 2,http://www.govtpolytechnicdholpurrajasthan.ac.in,info@govtpolytechnicdholpurrajasthan.ac.in,admissions@govtpolytechnicdholpurrajasthan.ac.in,placement@govtpolytechnicdholpurrajasthan.ac.in,+91-80-936-9332,Mechanical Engineering,Diploma,60,270,1988,Urban,No,Yes
1-44640229742,1-44640229742,U-0197,"GOVT.POLYTECHNIC COLLEGE DHOLPUR,RAJASTHAN",Active,Rajasthan,Sawai Madhopur,Sawai Madhopur,"PRINCIPAL GOVT. POLYTECHNIC COLLEGE DHOLPUR, SARANI KHEDA ROAD ,DHOLPUR",302055,27.026138,74.236174,Government,"Board of Technical Education And Directorate Of Technical Education, Jodhpur",Approved,Approved,A+,Yes,,Tier 2,http://www.govtpolytechnicdholpurrajasthan.ac.in,info@govtpolytechnicdholpurrajasthan.ac.in,admissions@govtpolytechnicdholpurrajasthan.ac.in,placement@govtpolytechnicdholpurrajasthan.ac.in,+91-80-936-9332,Other Engineering Branches,Diploma,60,270,1988,Urban,No,Yes
1-44640229742,1-44640229742,U-0197,"GOVT.POLYTECHNIC COLLEGE DHOLPUR,RAJASTHAN",Active,Rajasthan,Sawai Madhopur,Sawai Madhopur,"PRINCIPAL GOVT. POLYTECHNIC COLLEGE DHOLPUR, SARANI KHEDA ROAD ,DHOLPUR",302055,27.026138,74.236174,Government,"Board of Technical Education And Directorate Of Technical Education, Jodhpur",Approved,Approved,A+,Yes,,Tier 2,http://www.govtpolytechnicdholpurrajasthan.ac.in,info@govtpolytechnicdholpurrajasthan.ac.in,admissions@govtpolytechnicdholpurrajasthan.ac.in,placement@govtpolytechnicdholpurrajasthan.ac.in,+91-80-936-9332,Computer Science Engineering (CSE),Diploma,60,270,1988,Urban,No,Yes
1-44640229742,1-44640229742,U-0197,"GOVT.POLYTECHNIC COLLEGE DHOLPUR,RAJASTHAN",Active,Rajasthan,Sawai Madhopur,Sawai Madhopur,"PRINCIPAL GOVT. POLYTECHNIC COLLEGE DHOLPUR, SARANI KHEDA ROAD ,DHOLPUR",302055,27.026138,74.236174,Government,"Board of Technical Education And Directorate Of Technical Education, Jodhpur",Approved,Approved,A+,Yes,,Tier 2,http://www.govtpolytechnicdholpurrajasthan.ac.in,info@govtpolytechnicdholpurrajasthan.ac.in,admissions@govtpolytechnicdholpurrajasthan.ac.in,placement@govtpolytechnicdholpurrajasthan.ac.in,+91-80-936-9332,Civil Engineering,Diploma,30,270,1988,Urban,No,Yes
1-44640485550,1-44640485550,U-0197,INDRAPRASTHA INSTITUTE OF POLYTECHNIC IIP,Active,Rajasthan,Barmer,Barmer,ASADA-BALOTRA,302067,27.008047,74.228549,Private-Self Financing,"Board of Technical Education And Directorate Of Technical Education, Jodhpur",Approved,Approved,A+,Yes,,Tier 2,http://www.indraprasthaiip.ac.in,info@indraprasthaiip.ac.in,admissions@indraprasthaiip.ac.in,placement@indraprasthaiip.ac.in,+91-80-178-1444,Civil Engineering,Diploma,30,210,1984,Rural,No,No
1-44640485550,1-44640485550,U-0197,INDRAPRASTHA INSTITUTE OF POLYTECHNIC IIP,Active,Rajasthan,Barmer,Barmer,ASADA-BALOTRA,302067,27.008047,74.228549,Private-Self Financing,"Board of Technical Education And Directorate Of Technical Education, Jodhpur",Approved,Approved,A+,Yes,,Tier 2,http://www.indraprasthaiip.ac.in,info@indraprasthaiip.ac.in,admissions@indraprasthaiip.ac.in,placement@indraprasthaiip.ac.in,+91-80-178-1444,Other Engineering Branches,Diploma,30,210,1984,Rural,No,No
1-44640485550,1-44640485550,U-0197,INDRAPRASTHA INSTITUTE OF POLYTECHNIC IIP,Active,Rajasthan,Barmer,Barmer,ASADA-BALOTRA,302067,27.008047,74.228549,Private-Self Financing,"Board of Technical Education And Directorate Of Technical Education, Jodhpur",Approved,Approved,A+,Yes,,Tier 2,http://www.indraprasthaiip.ac.in,info@indraprasthaiip.ac.in,admissions@indraprasthaiip.ac.in,placement@indraprasthaiip.ac.in,+91-80-178-1444,Electrical Engineering,Diploma,90,210,1984,Rural,No,No
1-44640485550,1-44640485550,U-0197,INDRAPRASTHA INSTITUTE OF POLYTECHNIC IIP,Active,Rajasthan,Barmer,Barmer,ASADA-BALOTRA,302067,27.008047,74.228549,Private-Self Financing,"Board of Technical Education And Directorate Of Technical Education, Jodhpur",Approved,Approved,A+,Yes,,Tier 2,http://www.indraprasthaiip.ac.in,info@indraprasthaiip.ac.in,admissions@indraprasthaiip.ac.in,placement@indraprasthaiip.ac.in,+91-80-178-1444,Mechanical Engineering,Diploma,60,210,1984,Rural,No,No
1-44640271311,1-44640271311,U-0197,ABUROAD POLYTECHNIC COLLEGE,Active,Rajasthan,Sirohi,Sirohi,"PALANPUR-ABU ROAD-HIGHWAY,RIICO COLONY,ABU ROAD",302094,27.013012,74.199884,Private-Self Financing,"Board of Technical Education And Directorate Of Technical Education, Jodhpur",Approved,Approved,B++,Yes,,Tier 3,http://www.aburoad.ac.in,info@aburoad.ac.in,admissions@aburoad.ac.in,placement@aburoad.ac.in,+91-80-386-3820,Mechanical Engineering,Diploma,30,90,2020,Urban,Yes,Yes
1-44640271311,1-44640271311,U-0197,ABUROAD POLYTECHNIC COLLEGE,Active,Rajasthan,Sirohi,Sirohi,"PALANPUR-ABU ROAD-HIGHWAY,RIICO COLONY,ABU ROAD",302094,27.013012,74.199884,Private-Self Financing,"Board of Technical Education And Directorate Of Technical Education, Jodhpur",Approved,Approved,B++,Yes,,Tier 3,http://www.aburoad.ac.in,info@aburoad.ac.in,admissions@aburoad.ac.in,placement@aburoad.ac.in,+91-80-386-3820,Electrical Engineering,Diploma,30,90,2020,Urban,Yes,Yes
1-44640271311,1-44640271311,U-0197,ABUROAD POLYTECHNIC COLLEGE,Active,Rajasthan,Sirohi,Sirohi,"PALANPUR-ABU ROAD-HIGHWAY,RIICO COLONY,ABU ROAD",302094,27.013012,74.199884,Private-Self Financing,"Board of Technical Education And Directorate Of Technical Education, Jodhpur",Approved,Approved,B++,Yes,,Tier 3,http://www.aburoad.ac.in,info@aburoad.ac.in,admissions@aburoad.ac.in,placement@aburoad.ac.in,+91-80-386-3820,Civil Engineering,Diploma,30,90,2020,Urban,Yes,Yes
1-44640698992,1-44640698992,U-0197,"NEW INDIAN POLYTECHNIC COLLEGE,DUNDLOD,NAWLAGARH DISTT- JHUNJHUNU (RAJ)",Active,Rajasthan,Jhunjhunu,Jhunjhunu,"UTHAN NAGAR, DUNDLOD, NAWALGARH DISTT-JHUNJHUNU (RAJ)",302851,27.02459,74.216251,Private-Self Financing,"Board of Technical Education And Directorate Of Technical Education, Jodhpur",Approved,Approved,Not Accredited,No,,Tier 3,http://www.newindiancollegedundlodnawlagarh.ac.in,info@newindiancollegedundlodnawlagarh.ac.in,admissions@newindiancollegedundlodnawlagarh.ac.in,placement@newindiancollegedundlodnawlagarh.ac.in,+91-80-871-9989,Civil Engineering,Diploma,49,244,2001,Urban,Yes,Yes
1-44640698992,1-44640698992,U-0197,"NEW INDIAN POLYTECHNIC COLLEGE,DUNDLOD,NAWLAGARH DISTT- JHUNJHUNU (RAJ)",Active,Rajasthan,Jhunjhunu,Jhunjhunu,"UTHAN NAGAR, DUNDLOD, NAWALGARH DISTT-JHUNJHUNU (RAJ)",302851,27.02459,74.216251,Private-Self Financing,"Board of Technical Education And Directorate Of Technical Education, Jodhpur",Approved,Approved,Not Accredited,No,,Tier 3,http://www.newindiancollegedundlodnawlagarh.ac.in,info@newindiancollegedundlodnawlagarh.ac.in,admissions@newindiancollegedundlodnawlagarh.ac.in,placement@newindiancollegedundlodnawlagarh.ac.in,+91-80-871-9989,Mechanical Engineering,Diploma,49,244,2001,Urban,Yes,Yes
1-44640698992,1-44640698992,U-0197,"NEW INDIAN POLYTECHNIC COLLEGE,DUNDLOD,NAWLAGARH DISTT- JHUNJHUNU (RAJ)",Active,Rajasthan,Jhunjhunu,Jhunjhunu,"UTHAN NAGAR, DUNDLOD, NAWALGARH DISTT-JHUNJHUNU (RAJ)",302851,27.02459,74.216251,Private-Self Financing,"Board of Technical Education And Directorate Of Technical Education, Jodhpur",Approved,Approved,Not Accredited,No,,Tier 3,http://www.newindiancollegedundlodnawlagarh.ac.in,info@newindiancollegedundlodnawlagarh.ac.in,admissions@newindiancollegedundlodnawlagarh.ac.in,placement@newindiancollegedundlodnawlagarh.ac.in,+91-80-871-9989,Electrical Engineering,Diploma,97,244,2001,Urban,Yes,Yes
1-44640698992,1-44640698992,U-0197,"NEW INDIAN POLYTECHNIC COLLEGE,DUNDLOD,NAWLAGARH DISTT- JHUNJHUNU (RAJ)",Active,Rajasthan,Jhunjhunu,Jhunjhunu,"UTHAN NAGAR, DUNDLOD, NAWALGARH DISTT-JHUNJHUNU (RAJ)",302851,27.02459,74.216251,Private-Self Financing,"Board of Technical Education And Directorate Of Technical Education, Jodhpur",Approved,Approved,Not Accredited,No,,Tier 3,http://www.newindiancollegedundlodnawlagarh.ac.in,info@newindiancollegedundlodnawlagarh.ac.in,admissions@newindiancollegedundlodnawlagarh.ac.in,placement@newindiancollegedundlodnawlagarh.ac.in,+91-80-871-9989,Other Engineering Branches,Diploma,49,244,2001,Urban,Yes,Yes
1-44641165514,1-44641165514,U-0197,"BRIGHT CAREER POLYTECHNIC COLLEGE,NOKHA(BIKANER)",Active,Rajasthan,Bikaner,Bikaner,"BRIGHT CAREER POLYTECHNIC COLLEGE NH-89,BHAMATSAR,NOKHA(BIKANER)",302103,27.042815,74.21336,Private-Self Financing,"Board of Technical Education And Directorate Of Technical Education, Jodhpur",Approved,Approved,B,No,,Tier 3,http://www.brightcareercollegenokhabikaner.ac.in,info@brightcareercollegenokhabikaner.ac.in,admissions@brightcareercollegenokhabikaner.ac.in,placement@brightcareercollegenokhabikaner.ac.in,+91-80-636-4130,Electrical Engineering,Diploma,60,120,2019,Urban,No,Yes
1-44641165514,1-44641165514,U-0197,"BRIGHT CAREER POLYTECHNIC COLLEGE,NOKHA(BIKANER)",Active,Rajasthan,Bikaner,Bikaner,"BRIGHT CAREER POLYTECHNIC COLLEGE NH-89,BHAMATSAR,NOKHA(BIKANER)",302103,27.042815,74.21336,Private-Self Financing,"Board of Technical Education And Directorate Of Technical Education, Jodhpur",Approved,Approved,B,No,,Tier 3,http://www.brightcareercollegenokhabikaner.ac.in,info@brightcareercollegenokhabikaner.ac.in,admissions@brightcareercollegenokhabikaner.ac.in,placement@brightcareercollegenokhabikaner.ac.in,+91-80-636-4130,Other Engineering Branches,Diploma,30,120,2019,Urban,No,Yes
1-44641165514,1-44641165514,U-0197,"BRIGHT CAREER POLYTECHNIC COLLEGE,NOKHA(BIKANER)",Active,Rajasthan,Bikaner,Bikaner,"BRIGHT CAREER POLYTECHNIC COLLEGE NH-89,BHAMATSAR,NOKHA(BIKANER)",302103,27.042815,74.21336,Private-Self Financing,"Board of Technical Education And Directorate Of Technical Education, Jodhpur",Approved,Approved,B,No,,Tier 3,http://www.brightcareercollegenokhabikaner.ac.in,info@brightcareercollegenokhabikaner.ac.in,admissions@brightcareercollegenokhabikaner.ac.in,placement@brightcareercollegenokhabikaner.ac.in,+91-80-636-4130,Mechanical Engineering,Diploma,30,120,2019,Urban,No,Yes
1-44641458045,1-44641458045,U-0197,SORABH COLLEGE OF ENGINEERING AND TECHNOLOGY,Active,Rajasthan,Karauli,Karauli,HINDAUN KARAULI ROAD,302020,27.036451,74.211236,Private-Self Financing,"Board of Technical Education And Directorate Of Technical Education, Jodhpur",Approved,Approved,Not Accredited,No,,Tier 3,http://www.sorabh.ac.in,info@sorabh.ac.in,admissions@sorabh.ac.in,placement@sorabh.ac.in,+91-80-369-4805,Electrical Engineering,Diploma,120,300,2012,Urban,Yes,Yes
1-44641458045,1-44641458045,U-0197,SORABH COLLEGE OF ENGINEERING AND TECHNOLOGY,Active,Rajasthan,Karauli,Karauli,HINDAUN KARAULI ROAD,302020,27.036451,74.211236,Private-Self Financing,"Board of Technical Education And Directorate Of Technical Education, Jodhpur",Approved,Approved,Not Accredited,No,,Tier 3,http://www.sorabh.ac.in,info@sorabh.ac.in,admissions@sorabh.ac.in,placement@sorabh.ac.in,+91-80-369-4805,Mechanical Engineering,Diploma,60,300,2012,Urban,Yes,Yes
1-44641458045,1-44641458045,U-0197,SORABH COLLEGE OF ENGINEERING AND TECHNOLOGY,Active,Rajasthan,Karauli,Karauli,HINDAUN KARAULI ROAD,302020,27.036451,74.211236,Private-Self Financing,"Board of Technical Education And Directorate Of Technical Education, Jodhpur",Approved,Approved,Not Accredited,No,,Tier 3,http://www.sorabh.ac.in,info@sorabh.ac.in,admissions@sorabh.ac.in,placement@sorabh.ac.in,+91-80-369-4805,Civil Engineering,Diploma,120,300,2012,Urban,Yes,Yes
1-44640911559,1-44640911559,U-0197,SIDDHI VINAYAK POLYTECHNIC,Active,Rajasthan,Alwar,Alwar,"E-I, B-1, M.I.A. (EXTENSION), INSTITUTIONAL AREA, ALWAR",302505,27.03873,74.206078,Private-Self Financing,"Board of Technical Education And Directorate Of Technical Education, Jodhpur",Approved,Approved,B,Yes,,Tier 3,http://www.siddhivinayak.ac.in,info@siddhivinayak.ac.in,admissions@siddhivinayak.ac.in,placement@siddhivinayak.ac.in,+91-80-465-0420,Civil Engineering,Diploma,60,300,1987,Urban,Yes,Yes
1-44640911559,1-44640911559,U-0197,SIDDHI VINAYAK POLYTECHNIC,Active,Rajasthan,Alwar,Alwar,"E-I, B-1, M.I.A. (EXTENSION), INSTITUTIONAL AREA, ALWAR",302505,27.03873,74.206078,Private-Self Financing,"Board of Technical Education And Directorate Of Technical Education, Jodhpur",Approved,Approved,B,Yes,,Tier 3,http://www.siddhivinayak.ac.in,info@siddhivinayak.ac.in,admissions@siddhivinayak.ac.in,placement@siddhivinayak.ac.in,+91-80-465-0420,Mechanical Engineering,Diploma,60,300,1987,Urban,Yes,Yes
1-44640911559,1-44640911559,U-0197,SIDDHI VINAYAK POLYTECHNIC,Active,Rajasthan,Alwar,Alwar,"E-I, B-1, M.I.A. (EXTENSION), INSTITUTIONAL AREA, ALWAR",302505,27.03873,74.206078,Private-Self Financing,"Board of Technical Education And Directorate Of Technical Education, Jodhpur",Approved,Approved,B,Yes,,Tier 3,http://www.siddhivinayak.ac.in,info@siddhivinayak.ac.in,admissions@siddhivinayak.ac.in,placement@siddhivinayak.ac.in,+91-80-465-0420,Electrical Engineering,Diploma,60,300,1987,Urban,Yes,Yes
1-44640911559,1-44640911559,U-0197,SIDDHI VINAYAK POLYTECHNIC,Active,Rajasthan,Alwar,Alwar,"E-I, B-1, M.I.A. (EXTENSION), INSTITUTIONAL AREA, ALWAR",302505,27.03873,74.206078,Private-Self Financing,"Board of Technical Education And Directorate Of Technical Education, Jodhpur",Approved,Approved,B,Yes,,Tier 3,http://www.siddhivinayak.ac.in,info@siddhivinayak.ac.in,admissions@siddhivinayak.ac.in,placement@siddhivinayak.ac.in,+91-80-465-0420,Computer Science Engineering (CSE),Diploma,60,300,1987,Urban,Yes,Yes
1-44640911559,1-44640911559,U-0197,SIDDHI VINAYAK POLYTECHNIC,Active,Rajasthan,Alwar,Alwar,"E-I, B-1, M.I.A. (EXTENSION), INSTITUTIONAL AREA, ALWAR",302505,27.03873,74.206078,Private-Self Financing,"Board of Technical Education And Directorate Of Technical Education, Jodhpur",Approved,Approved,B,Yes,,Tier 3,http://www.siddhivinayak.ac.in,info@siddhivinayak.ac.in,admissions@siddhivinayak.ac.in,placement@siddhivinayak.ac.in,+91-80-465-0420,Information Technology (IT),Diploma,60,300,1987,Urban,Yes,Yes
1-44640912102,1-44640912102,U-0197,REGIONAL INSTITUTE OF POLYTECHNIC STUDIES VATIKA,Active,Rajasthan,Jaipur,Jaipur,"VILLAGE VATIKA, TEH. SANGANER, DIST-JAIPUR",302659,26.910167,75.780006,Private-Self Financing,"Board of Technical Education And Directorate Of Technical Education, Jodhpur",Approved,Approved,Not Accredited,No,,Tier 3,http://www.regionalstudiesvatika.ac.in,info@regionalstudiesvatika.ac.in,admissions@regionalstudiesvatika.ac.in,placement@regionalstudiesvatika.ac.in,+91-80-745-1985,Civil Engineering,Diploma,60,270,1993,Urban,Yes,Yes
1-44640912102,1-44640912102,U-0197,REGIONAL INSTITUTE OF POLYTECHNIC STUDIES VATIKA,Active,Rajasthan,Jaipur,Jaipur,"VILLAGE VATIKA, TEH. SANGANER, DIST-JAIPUR",302659,26.910167,75.780006,Private-Self Financing,"Board of Technical Education And Directorate Of Technical Education, Jodhpur",Approved,Approved,Not Accredited,No,,Tier 3,http://www.regionalstudiesvatika.ac.in,info@regionalstudiesvatika.ac.in,admissions@regionalstudiesvatika.ac.in,placement@regionalstudiesvatika.ac.in,+91-80-745-1985,Electrical Engineering,Diploma,120,270,1993,Urban,Yes,Yes
1-44640912102,1-44640912102,U-0197,REGIONAL INSTITUTE OF POLYTECHNIC STUDIES VATIKA,Active,Rajasthan,Jaipur,Jaipur,"VILLAGE VATIKA, TEH. SANGANER, DIST-JAIPUR",302659,26.910167,75.780006,Private-Self Financing,"Board of Technical Education And Directorate Of Technical Education, Jodhpur",Approved,Approved,Not Accredited,No,,Tier 3,http://www.regionalstudiesvatika.ac.in,info@regionalstudiesvatika.ac.in,admissions@regionalstudiesvatika.ac.in,placement@regionalstudiesvatika.ac.in,+91-80-745-1985,Other Engineering Branches,Diploma,30,270,1993,Urban,Yes,Yes
1-44640912102,1-44640912102,U-0197,REGIONAL INSTITUTE OF POLYTECHNIC STUDIES VATIKA,Active,Rajasthan,Jaipur,Jaipur,"VILLAGE VATIKA, TEH. SANGANER, DIST-JAIPUR",302659,26.910167,75.780006,Private-Self Financing,"Board of Technical Education And Directorate Of Technical Education, Jodhpur",Approved,Approved,Not Accredited,No,,Tier 3,http://www.regionalstudiesvatika.ac.in,info@regionalstudiesvatika.ac.in,admissions@regionalstudiesvatika.ac.in,placement@regionalstudiesvatika.ac.in,+91-80-745-1985,Mechanical Engineering,Diploma,60,270,1993,Urban,Yes,Yes
1-44640871355,1-44640871355,U-0197,CHANDGIRAM POLYTECHNIC COLLEGE,Active,Rajasthan,Churu,Churu,BAIRASAR CHHOTA,302519,27.028102,74.224949,Private-Self Financing,"Board of Technical Education And Directorate Of Technical Education, Jodhpur",Approved,Approved,A,No,,Tier 3,http://www.chandgiram.ac.in,info@chandgiram.ac.in,admissions@chandgiram.ac.in,placement@chandgiram.ac.in,+91-80-019-3069,Civil Engineering,Diploma,60,210,2017,Urban,Yes,Yes
1-44640871355,1-44640871355,U-0197,CHANDGIRAM POLYTECHNIC COLLEGE,Active,Rajasthan,Churu,Churu,BAIRASAR CHHOTA,302519,27.028102,74.224949,Private-Self Financing,"Board of Technical Education And Directorate Of Technical Education, Jodhpur",Approved,Approved,A,No,,Tier 3,http://www.chandgiram.ac.in,info@chandgiram.ac.in,admissions@chandgiram.ac.in,placement@chandgiram.ac.in,+91-80-019-3069,Electrical Engineering,Diploma,60,210,2017,Urban,Yes,Yes
1-44640871355,1-44640871355,U-0197,CHANDGIRAM POLYTECHNIC COLLEGE,Active,Rajasthan,Churu,Churu,BAIRASAR CHHOTA,302519,27.028102,74.224949,Private-Self Financing,"Board of Technical Education And Directorate Of Technical Education, Jodhpur",Approved,Approved,A,No,,Tier 3,http://www.chandgiram.ac.in,info@chandgiram.ac.in,admissions@chandgiram.ac.in,placement@chandgiram.ac.in,+91-80-019-3069,Other Engineering Branches,Diploma,30,210,2017,Urban,Yes,Yes
1-44640871355,1-44640871355,U-0197,CHANDGIRAM POLYTECHNIC COLLEGE,Active,Rajasthan,Churu,Churu,BAIRASAR CHHOTA,302519,27.028102,74.224949,Private-Self Financing,"Board of Technical Education And Directorate Of Technical Education, Jodhpur",Approved,Approved,A,No,,Tier 3,http://www.chandgiram.ac.in,info@chandgiram.ac.in,admissions@chandgiram.ac.in,placement@chandgiram.ac.in,+91-80-019-3069,Mechanical Engineering,Diploma,30,210,2017,Urban,Yes,Yes
1-44640871355,1-44640871355,U-0197,CHANDGIRAM POLYTECHNIC COLLEGE,Active,Rajasthan,Churu,Churu,BAIRASAR CHHOTA,302519,27.028102,74.224949,Private-Self Financing,"Board of Technical Education And Directorate Of Technical Education, Jodhpur",Approved,Approved,A,No,,Tier 3,http://www.chandgiram.ac.in,info@chandgiram.ac.in,admissions@chandgiram.ac.in,placement@chandgiram.ac.in,+91-80-019-3069,Computer Science Engineering (CSE),Diploma,30,210,2017,Urban,Yes,Yes
1-44640872968,1-44640872968,U-0197,SWAMI KESHWANAND INSTITUTE OF TECHNICAL EDUCATION,Active,Rajasthan,Sikar,Sikar,"NH. 11, BHADHADAR",302058,27.040032,74.220713,Private-Self Financing,"Board of Technical Education And Directorate Of Technical Education, Jodhpur",Approved,Approved,B,No,,Tier 3,http://www.swamikeshwanandtechnical.ac.in,info@swamikeshwanandtechnical.ac.in,admissions@swamikeshwanandtechnical.ac.in,placement@swamikeshwanandtechnical.ac.in,+91-80-519-6818,Civil Engineering,Diploma,60,300,1992,Urban,Yes,No
1-44640872968,1-44640872968,U-0197,SWAMI KESHWANAND INSTITUTE OF TECHNICAL EDUCATION,Active,Rajasthan,Sikar,Sikar,"NH. 11, BHADHADAR",302058,27.040032,74.220713,Private-Self Financing,"Board of Technical Education And Directorate Of Technical Education, Jodhpur",Approved,Approved,B,No,,Tier 3,http://www.swamikeshwanandtechnical.ac.in,info@swamikeshwanandtechnical.ac.in,admissions@swamikeshwanandtechnical.ac.in,placement@swamikeshwanandtechnical.ac.in,+91-80-519-6818,Computer Science Engineering (CSE),Diploma,60,300,1992,Urban,Yes,No
1-44640872968,1-44640872968,U-0197,SWAMI KESHWANAND INSTITUTE OF TECHNICAL EDUCATION,Active,Rajasthan,Sikar,Sikar,"NH. 11, BHADHADAR",302058,27.040032,74.220713,Private-Self Financing,"Board of Technical Education And Directorate Of Technical Education, Jodhpur",Approved,Approved,B,No,,Tier 3,http://www.swamikeshwanandtechnical.ac.in,info@swamikeshwanandtechnical.ac.in,admissions@swamikeshwanandtechnical.ac.in,placement@swamikeshwanandtechnical.ac.in,+91-80-519-6818,Electrical Engineering,Diploma,60,300,1992,Urban,Yes,No
1-44640872968,1-44640872968,U-0197,SWAMI KESHWANAND INSTITUTE OF TECHNICAL EDUCATION,Active,Rajasthan,Sikar,Sikar,"NH. 11, BHADHADAR",302058,27.040032,74.220713,Private-Self Financing,"Board of Technical Education And Directorate Of Technical Education, Jodhpur",Approved,Approved,B,No,,Tier 3,http://www.swamikeshwanandtechnical.ac.in,info@swamikeshwanandtechnical.ac.in,admissions@swamikeshwanandtechnical.ac.in,placement@swamikeshwanandtechnical.ac.in,+91-80-519-6818,Other Engineering Branches,Diploma,60,300,1992,Urban,Yes,No
1-44640872968,1-44640872968,U-0197,SWAMI KESHWANAND INSTITUTE OF TECHNICAL EDUCATION,Active,Rajasthan,Sikar,Sikar,"NH. 11, BHADHADAR",302058,27.040032,74.220713,Private-Self Financing,"Board of Technical Education And Directorate Of Technical Education, Jodhpur",Approved,Approved,B,No,,Tier 3,http://www.swamikeshwanandtechnical.ac.in,info@swamikeshwanandtechnical.ac.in,admissions@swamikeshwanandtechnical.ac.in,placement@swamikeshwanandtechnical.ac.in,+91-80-519-6818,Mechanical Engineering,Diploma,60,300,1992,Urban,Yes,No
1-44640917962,1-44640917962,U-0197,GOVERNMENT POLYTECHNIC COLLEGE JHUNJHUNU,Active,Rajasthan,Jhunjhunu,Jhunjhunu,"ABUSAR KA BAAS(DURJANPURA),JHUNJHUNU",302851,27.01598,74.202413,Government,"Board of Technical Education And Directorate Of Technical Education, Jodhpur",Approved,Approved,A+,Yes,,Tier 2,http://www.jhunjhunu.ac.in,info@jhunjhunu.ac.in,admissions@jhunjhunu.ac.in,placement@jhunjhunu.ac.in,+91-80-510-8508,Electrical Engineering,Diploma,60,240,1980,Urban,Yes,Yes
1-44640917962,1-44640917962,U-0197,GOVERNMENT POLYTECHNIC COLLEGE JHUNJHUNU,Active,Rajasthan,Jhunjhunu,Jhunjhunu,"ABUSAR KA BAAS(DURJANPURA),JHUNJHUNU",302851,27.01598,74.202413,Government,"Board of Technical Education And Directorate Of Technical Education, Jodhpur",Approved,Approved,A+,Yes,,Tier 2,http://www.jhunjhunu.ac.in,info@jhunjhunu.ac.in,admissions@jhunjhunu.ac.in,placement@jhunjhunu.ac.in,+91-80-510-8508,Other Engineering Branches,Diploma,30,240,1980,Urban,Yes,Yes
1-44640917962,1-44640917962,U-0197,GOVERNMENT POLYTECHNIC COLLEGE JHUNJHUNU,Active,Rajasthan,Jhunjhunu,Jhunjhunu,"ABUSAR KA BAAS(DURJANPURA),JHUNJHUNU",302851,27.01598,74.202413,Government,"Board of Technical Education And Directorate Of Technical Education, Jodhpur",Approved,Approved,A+,Yes,,Tier 2,http://www.jhunjhunu.ac.in,info@jhunjhunu.ac.in,admissions@jhunjhunu.ac.in,placement@jhunjhunu.ac.in,+91-80-510-8508,Mechanical Engineering,Diploma,60,240,1980,Urban,Yes,Yes
1-44640917962,1-44640917962,U-0197,GOVERNMENT POLYTECHNIC COLLEGE JHUNJHUNU,Active,Rajasthan,Jhunjhunu,Jhunjhunu,"ABUSAR KA BAAS(DURJANPURA),JHUNJHUNU",302851,27.01598,74.202413,Government,"Board of Technical Education And Directorate Of Technical Education, Jodhpur",Approved,Approved,A+,Yes,,Tier 2,http://www.jhunjhunu.ac.in,info@jhunjhunu.ac.in,admissions@jhunjhunu.ac.in,placement@jhunjhunu.ac.in,+91-80-510-8508,Computer Science Engineering (CSE),Diploma,30,240,1980,Urban,Yes,Yes
1-44640917962,1-44640917962,U-0197,GOVERNMENT POLYTECHNIC COLLEGE JHUNJHUNU,Active,Rajasthan,Jhunjhunu,Jhunjhunu,"ABUSAR KA BAAS(DURJANPURA),JHUNJHUNU",302851,27.01598,74.202413,Government,"Board of Technical Education And Directorate Of Technical Education, Jodhpur",Approved,Approved,A+,Yes,,Tier 2,http://www.jhunjhunu.ac.in,info@jhunjhunu.ac.in,admissions@jhunjhunu.ac.in,placement@jhunjhunu.ac.in,+91-80-510-8508,Civil Engineering,Diploma,60,240,1980,Urban,Yes,Yes
1-44641339400,1-44641339400,U-0197,SHRI KRISHNA POLYTECHNIC COLLEGE,Active,Rajasthan,Kota,Kota,"BEHIND SEMCOR FACTORY, NAYA NOHRA, BARAN ROAD, KOTA (RAJ.)",302663,25.194916,75.822731,Private-Self Financing,"Board of Technical Education And Directorate Of Technical Education, Jodhpur",Approved,Approved,B+,No,,Tier 3,http://www.shrikrishna.ac.in,info@shrikrishna.ac.in,admissions@shrikrishna.ac.in,placement@shrikrishna.ac.in,+91-80-359-6265,Electrical Engineering,Diploma,60,150,1988,Rural,Yes,Yes
1-44641339400,1-44641339400,U-0197,SHRI KRISHNA POLYTECHNIC COLLEGE,Active,Rajasthan,Kota,Kota,"BEHIND SEMCOR FACTORY, NAYA NOHRA, BARAN ROAD, KOTA (RAJ.)",302663,25.194916,75.822731,Private-Self Financing,"Board of Technical Education And Directorate Of Technical Education, Jodhpur",Approved,Approved,B+,No,,Tier 3,http://www.shrikrishna.ac.in,info@shrikrishna.ac.in,admissions@shrikrishna.ac.in,placement@shrikrishna.ac.in,+91-80-359-6265,Mechanical Engineering,Diploma,60,150,1988,Rural,Yes,Yes
1-44641339400,1-44641339400,U-0197,SHRI KRISHNA POLYTECHNIC COLLEGE,Active,Rajasthan,Kota,Kota,"BEHIND SEMCOR FACTORY, NAYA NOHRA, BARAN ROAD, KOTA (RAJ.)",302663,25.194916,75.822731,Private-Self Financing,"Board of Technical Education And Directorate Of Technical Education, Jodhpur",Approved,Approved,B+,No,,Tier 3,http://www.shrikrishna.ac.in,info@shrikrishna.ac.in,admissions@shrikrishna.ac.in,placement@shrikrishna.ac.in,+91-80-359-6265,Civil Engineering,Diploma,30,150,1988,Rural,Yes,Yes
1-44641524033,1-44641524033,U-0197,GURUKUL POLYTECHNIC COLLEGE CHOMU,Active,Rajasthan,Jaipur,Jaipur,NEAR RAILWAY STATION KHADI BHAG CHOMU,302659,26.893018,75.769897,Private-Self Financing,"Board of Technical Education And Directorate Of Technical Education, Jodhpur",Approved,Approved,B++,Yes,,Tier 3,http://www.gurukulchomu.ac.in,info@gurukulchomu.ac.in,admissions@gurukulchomu.ac.in,placement@gurukulchomu.ac.in,+91-80-025-9088,Electrical Engineering,Diploma,60,180,2000,Urban,No,Yes
1-44641524033,1-44641524033,U-0197,GURUKUL POLYTECHNIC COLLEGE CHOMU,Active,Rajasthan,Jaipur,Jaipur,NEAR RAILWAY STATION KHADI BHAG CHOMU,302659,26.893018,75.769897,Private-Self Financing,"Board of Technical Education And Directorate Of Technical Education, Jodhpur",Approved,Approved,B++,Yes,,Tier 3,http://www.gurukulchomu.ac.in,info@gurukulchomu.ac.in,admissions@gurukulchomu.ac.in,placement@gurukulchomu.ac.in,+91-80-025-9088,Mechanical Engineering,Diploma,60,180,2000,Urban,No,Yes
1-44641524033,1-44641524033,U-0197,GURUKUL POLYTECHNIC COLLEGE CHOMU,Active,Rajasthan,Jaipur,Jaipur,NEAR RAILWAY STATION KHADI BHAG CHOMU,302659,26.893018,75.769897,Private-Self Financing,"Board of Technical Education And Directorate Of Technical Education, Jodhpur",Approved,Approved,B++,Yes,,Tier 3,http://www.gurukulchomu.ac.in,info@gurukulchomu.ac.in,admissions@gurukulchomu.ac.in,placement@gurukulchomu.ac.in,+91-80-025-9088,Civil Engineering,Diploma,60,180,2000,Urban,No,Yes
1-44641425869,1-44641425869,U-0992,RAJASTHAN VIDYAPEETH TECHNOLOGY COLLEGE,Active,Rajasthan,Udaipur,Udaipur,"PRATAP NAGAR, DHEENKALI ROAD, AIRPORT ROAD",302880,27.006432,74.224453,Deemed to be University(Pvt),NOT APPLICABLE,Approved,Approved,A,No,,Tier 3,http://www.rajasthanvidyapeeth.ac.in,info@rajasthanvidyapeeth.ac.in,admissions@rajasthanvidyapeeth.ac.in,placement@rajasthanvidyapeeth.ac.in,+91-80-110-4297,Civil Engineering,Diploma,60,300,1991,Urban,Yes,Yes
1-44641425869,1-44641425869,U-0992,RAJASTHAN VIDYAPEETH TECHNOLOGY COLLEGE,Active,Rajasthan,Udaipur,Udaipur,"PRATAP NAGAR, DHEENKALI ROAD, AIRPORT ROAD",302880,27.006432,74.224453,Deemed to be University(Pvt),NOT APPLICABLE,Approved,Approved,A,No,,Tier 3,http://www.rajasthanvidyapeeth.ac.in,info@rajasthanvidyapeeth.ac.in,admissions@rajasthanvidyapeeth.ac.in,placement@rajasthanvidyapeeth.ac.in,+91-80-110-4297,Mechanical Engineering,Diploma,60,300,1991,Urban,Yes,Yes
1-44641425869,1-44641425869,U-0992,RAJASTHAN VIDYAPEETH TECHNOLOGY COLLEGE,Active,Rajasthan,Udaipur,Udaipur,"PRATAP NAGAR, DHEENKALI ROAD, AIRPORT ROAD",302880,27.006432,74.224453,Deemed to be University(Pvt),NOT APPLICABLE,Approved,Approved,A,No,,Tier 3,http://www.rajasthanvidyapeeth.ac.in,info@rajasthanvidyapeeth.ac.in,admissions@rajasthanvidyapeeth.ac.in,placement@rajasthanvidyapeeth.ac.in,+91-80-110-4297,Electrical Engineering,Diploma,60,300,1991,Urban,Yes,Yes
1-44641425869,1-44641425869,U-0992,RAJASTHAN VIDYAPEETH TECHNOLOGY COLLEGE,Active,Rajasthan,Udaipur,Udaipur,"PRATAP NAGAR, DHEENKALI ROAD, AIRPORT ROAD",302880,27.006432,74.224453,Deemed to be University(Pvt),NOT APPLICABLE,Approved,Approved,A,No,,Tier 3,http://www.rajasthanvidyapeeth.ac.in,info@rajasthanvidyapeeth.ac.in,admissions@rajasthanvidyapeeth.ac.in,placement@rajasthanvidyapeeth.ac.in,+91-80-110-4297,Electronics & Communication Engineering (ECE),Diploma,60,300,1991,Urban,Yes,Yes
1-44641425869,1-44641425869,U-0992,RAJASTHAN VIDYAPEETH TECHNOLOGY COLLEGE,Active,Rajasthan,Udaipur,Udaipur,"PRATAP NAGAR, DHEENKALI ROAD, AIRPORT ROAD",302880,27.006432,74.224453,Deemed to be University(Pvt),NOT APPLICABLE,Approved,Approved,A,No,,Tier 3,http://www.rajasthanvidyapeeth.ac.in,info@rajasthanvidyapeeth.ac.in,admissions@rajasthanvidyapeeth.ac.in,placement@rajasthanvidyapeeth.ac.in,+91-80-110-4297,Computer Science Engineering (CSE),Diploma,60,300,1991,Urban,Yes,Yes
1-44641511920,1-44641511920,U-0197,"SATYAM INSTITUTE OF TECHNOLOGY, BEAWAR",Active,Rajasthan,Ajmer,Ajmer,"VILLAGE - SANWA, N.H.-8, UDAIPUR ROAD,BEAWAR- 305925, DIST.- AJMER (RAJASTHAN)",305925,27.038434,74.210159,Private-Self Financing,"Board of Technical Education And Directorate Of Technical Education, Jodhpur",Approved,Approved,B++,No,,Tier 3,http://www.satyambeawar.ac.in,info@satyambeawar.ac.in,admissions@satyambeawar.ac.in,placement@satyambeawar.ac.in,+91-80-452-6542,Electrical Engineering,Diploma,60,240,2000,Urban,Yes,Yes
1-44641511920,1-44641511920,U-0197,"SATYAM INSTITUTE OF TECHNOLOGY, BEAWAR",Active,Rajasthan,Ajmer,Ajmer,"VILLAGE - SANWA, N.H.-8, UDAIPUR ROAD,BEAWAR- 305925, DIST.- AJMER (RAJASTHAN)",305925,27.038434,74.210159,Private-Self Financing,"Board of Technical Education And Directorate Of Technical Education, Jodhpur",Approved,Approved,B++,No,,Tier 3,http://www.satyambeawar.ac.in,info@satyambeawar.ac.in,admissions@satyambeawar.ac.in,placement@satyambeawar.ac.in,+91-80-452-6542,Mechanical Engineering,Diploma,60,240,2000,Urban,Yes,Yes
1-44641511920,1-44641511920,U-0197,"SATYAM INSTITUTE OF TECHNOLOGY, BEAWAR",Active,Rajasthan,Ajmer,Ajmer,"VILLAGE - SANWA, N.H.-8, UDAIPUR ROAD,BEAWAR- 305925, DIST.- AJMER (RAJASTHAN)",305925,27.038434,74.210159,Private-Self Financing,"Board of Technical Education And Directorate Of Technical Education, Jodhpur",Approved,Approved,B++,No,,Tier 3,http://www.satyambeawar.ac.in,info@satyambeawar.ac.in,admissions@satyambeawar.ac.in,placement@satyambeawar.ac.in,+91-80-452-6542,Civil Engineering,Diploma,60,240,2000,Urban,Yes,Yes
1-44641511920,1-44641511920,U-0197,"SATYAM INSTITUTE OF TECHNOLOGY, BEAWAR",Active,Rajasthan,Ajmer,Ajmer,"VILLAGE - SANWA, N.H.-8, UDAIPUR ROAD,BEAWAR- 305925, DIST.- AJMER (RAJASTHAN)",305925,27.038434,74.210159,Private-Self Financing,"Board of Technical Education And Directorate Of Technical Education, Jodhpur",Approved,Approved,B++,No,,Tier 3,http://www.satyambeawar.ac.in,info@satyambeawar.ac.in,admissions@satyambeawar.ac.in,placement@satyambeawar.ac.in,+91-80-452-6542,Other Engineering Branches,Diploma,30,240,2000,Urban,Yes,Yes
1-44641511920,1-44641511920,U-0197,"SATYAM INSTITUTE OF TECHNOLOGY, BEAWAR",Active,Rajasthan,Ajmer,Ajmer,"VILLAGE - SANWA, N.H.-8, UDAIPUR ROAD,BEAWAR- 305925, DIST.- AJMER (RAJASTHAN)",305925,27.038434,74.210159,Private-Self Financing,"Board of Technical Education And Directorate Of Technical Education, Jodhpur",Approved,Approved,B++,No,,Tier 3,http://www.satyambeawar.ac.in,info@satyambeawar.ac.in,admissions@satyambeawar.ac.in,placement@satyambeawar.ac.in,+91-80-452-6542,Computer Science Engineering (CSE),Diploma,30,240,2000,Urban,Yes,Yes
1-44641388626,1-44641388626,U-0197,"GOVERNMENT POLYTECHNIC COLLEGE, PRATAPGARH",Active,Rajasthan,Pratapgarh,Pratapgarh,"GOVT. POLYTECHNIC COLLEGE, DHARIAWAD ROAD, NEAR POLICE LINE, PRATAPGARH-312605",312605,27.018538,74.204865,Government,"Board of Technical Education And Directorate Of Technical Education, Jodhpur",Approved,Approved,A+,Yes,,Tier 2,http://www.pratapgarh.ac.in,info@pratapgarh.ac.in,admissions@pratapgarh.ac.in,placement@pratapgarh.ac.in,+91-80-618-1420,Electrical Engineering,Diploma,60,240,1984,Urban,Yes,Yes
1-44641388626,1-44641388626,U-0197,"GOVERNMENT POLYTECHNIC COLLEGE, PRATAPGARH",Active,Rajasthan,Pratapgarh,Pratapgarh,"GOVT. POLYTECHNIC COLLEGE, DHARIAWAD ROAD, NEAR POLICE LINE, PRATAPGARH-312605",312605,27.018538,74.204865,Government,"Board of Technical Education And Directorate Of Technical Education, Jodhpur",Approved,Approved,A+,Yes,,Tier 2,http://www.pratapgarh.ac.in,info@pratapgarh.ac.in,admissions@pratapgarh.ac.in,placement@pratapgarh.ac.in,+91-80-618-1420,Mechanical Engineering,Diploma,60,240,1984,Urban,Yes,Yes
1-44641388626,1-44641388626,U-0197,"GOVERNMENT POLYTECHNIC COLLEGE, PRATAPGARH",Active,Rajasthan,Pratapgarh,Pratapgarh,"GOVT. POLYTECHNIC COLLEGE, DHARIAWAD ROAD, NEAR POLICE LINE, PRATAPGARH-312605",312605,27.018538,74.204865,Government,"Board of Technical Education And Directorate Of Technical Education, Jodhpur",Approved,Approved,A+,Yes,,Tier 2,http://www.pratapgarh.ac.in,info@pratapgarh.ac.in,admissions@pratapgarh.ac.in,placement@pratapgarh.ac.in,+91-80-618-1420,Other Engineering Branches,Diploma,30,240,1984,Urban,Yes,Yes
1-44641388626,1-44641388626,U-0197,"GOVERNMENT POLYTECHNIC COLLEGE, PRATAPGARH",Active,Rajasthan,Pratapgarh,Pratapgarh,"GOVT. POLYTECHNIC COLLEGE, DHARIAWAD ROAD, NEAR POLICE LINE, PRATAPGARH-312605",312605,27.018538,74.204865,Government,"Board of Technical Education And Directorate Of Technical Education, Jodhpur",Approved,Approved,A+,Yes,,Tier 2,http://www.pratapgarh.ac.in,info@pratapgarh.ac.in,admissions@pratapgarh.ac.in,placement@pratapgarh.ac.in,+91-80-618-1420,Computer Science Engineering (CSE),Diploma,30,240,1984,Urban,Yes,Yes
1-44641388626,1-44641388626,U-0197,"GOVERNMENT POLYTECHNIC COLLEGE, PRATAPGARH",Active,Rajasthan,Pratapgarh,Pratapgarh,"GOVT. POLYTECHNIC COLLEGE, DHARIAWAD ROAD, NEAR POLICE LINE, PRATAPGARH-312605",312605,27.018538,74.204865,Government,"Board of Technical Education And Directorate Of Technical Education, Jodhpur",Approved,Approved,A+,Yes,,Tier 2,http://www.pratapgarh.ac.in,info@pratapgarh.ac.in,admissions@pratapgarh.ac.in,placement@pratapgarh.ac.in,+91-80-618-1420,Civil Engineering,Diploma,60,240,1984,Urban,Yes,Yes
1-44641143824,1-44641143824,U-0197,GOVERMENT POLYTECHNIC COLLEGE AJMER,Active,Rajasthan,Ajmer,Ajmer,MAKHUPURA AJMER,302403,27.027451,74.234166,Government,"Board of Technical Education And Directorate Of Technical Education, Jodhpur",Approved,Approved,A+,Yes,,Tier 2,http://www.govermentajmer.ac.in,info@govermentajmer.ac.in,admissions@govermentajmer.ac.in,placement@govermentajmer.ac.in,+91-80-992-0232,Civil Engineering,Diploma,70,280,1993,Rural,Yes,Yes
1-44641143824,1-44641143824,U-0197,GOVERMENT POLYTECHNIC COLLEGE AJMER,Active,Rajasthan,Ajmer,Ajmer,MAKHUPURA AJMER,302403,27.027451,74.234166,Government,"Board of Technical Education And Directorate Of Technical Education, Jodhpur",Approved,Approved,A+,Yes,,Tier 2,http://www.govermentajmer.ac.in,info@govermentajmer.ac.in,admissions@govermentajmer.ac.in,placement@govermentajmer.ac.in,+91-80-992-0232,Mechanical Engineering,Diploma,70,280,1993,Rural,Yes,Yes
1-44641143824,1-44641143824,U-0197,GOVERMENT POLYTECHNIC COLLEGE AJMER,Active,Rajasthan,Ajmer,Ajmer,MAKHUPURA AJMER,302403,27.027451,74.234166,Government,"Board of Technical Education And Directorate Of Technical Education, Jodhpur",Approved,Approved,A+,Yes,,Tier 2,http://www.govermentajmer.ac.in,info@govermentajmer.ac.in,admissions@govermentajmer.ac.in,placement@govermentajmer.ac.in,+91-80-992-0232,Other Engineering Branches,Diploma,100,280,1993,Rural,Yes,Yes
1-44641143824,1-44641143824,U-0197,GOVERMENT POLYTECHNIC COLLEGE AJMER,Active,Rajasthan,Ajmer,Ajmer,MAKHUPURA AJMER,302403,27.027451,74.234166,Government,"Board of Technical Education And Directorate Of Technical Education, Jodhpur",Approved,Approved,A+,Yes,,Tier 2,http://www.govermentajmer.ac.in,info@govermentajmer.ac.in,admissions@govermentajmer.ac.in,placement@govermentajmer.ac.in,+91-80-992-0232,Electrical Engineering,Diploma,40,280,1993,Rural,Yes,Yes
1-44641144949,1-44641144949,U-0197,"SH.GOKUL BHAI BHATT,GOVERNMENT POLYTECHNIC COLLEGE,SIROHI",Active,Rajasthan,Sirohi,Sirohi,NEAR VILLAGE -MANDWA,302094,27.027816,74.209676,Government,"Board of Technical Education And Directorate Of Technical Education, Jodhpur",Approved,Approved,B,No,,Tier 3,http://www.shgokulbhaibhattgovernment.ac.in,info@shgokulbhaibhattgovernment.ac.in,admissions@shgokulbhaibhattgovernment.ac.in,placement@shgokulbhaibhattgovernment.ac.in,+91-80-007-3163,Electrical Engineering,Diploma,44,137,1988,Urban,Yes,No
1-44641144949,1-44641144949,U-0197,"SH.GOKUL BHAI BHATT,GOVERNMENT POLYTECHNIC COLLEGE,SIROHI",Active,Rajasthan,Sirohi,Sirohi,NEAR VILLAGE -MANDWA,302094,27.027816,74.209676,Government,"Board of Technical Education And Directorate Of Technical Education, Jodhpur",Approved,Approved,B,No,,Tier 3,http://www.shgokulbhaibhattgovernment.ac.in,info@shgokulbhaibhattgovernment.ac.in,admissions@shgokulbhaibhattgovernment.ac.in,placement@shgokulbhaibhattgovernment.ac.in,+91-80-007-3163,Other Engineering Branches,Diploma,30,137,1988,Urban,Yes,No
1-44641144949,1-44641144949,U-0197,"SH.GOKUL BHAI BHATT,GOVERNMENT POLYTECHNIC COLLEGE,SIROHI",Active,Rajasthan,Sirohi,Sirohi,NEAR VILLAGE -MANDWA,302094,27.027816,74.209676,Government,"Board of Technical Education And Directorate Of Technical Education, Jodhpur",Approved,Approved,B,No,,Tier 3,http://www.shgokulbhaibhattgovernment.ac.in,info@shgokulbhaibhattgovernment.ac.in,admissions@shgokulbhaibhattgovernment.ac.in,placement@shgokulbhaibhattgovernment.ac.in,+91-80-007-3163,Computer Science Engineering (CSE),Diploma,33,137,1988,Urban,Yes,No
1-44641144949,1-44641144949,U-0197,"SH.GOKUL BHAI BHATT,GOVERNMENT POLYTECHNIC COLLEGE,SIROHI",Active,Rajasthan,Sirohi,Sirohi,NEAR VILLAGE -MANDWA,302094,27.027816,74.209676,Government,"Board of Technical Education And Directorate Of Technical Education, Jodhpur",Approved,Approved,B,No,,Tier 3,http://www.shgokulbhaibhattgovernment.ac.in,info@shgokulbhaibhattgovernment.ac.in,admissions@shgokulbhaibhattgovernment.ac.in,placement@shgokulbhaibhattgovernment.ac.in,+91-80-007-3163,Civil Engineering,Diploma,30,137,1988,Urban,Yes,No
1-44641351764,1-44641351764,U-0197,L.B.S POLYTECHNIC COLLEGE PACHER BARI,Active,Rajasthan,Jhunjhunu,Jhunjhunu,V.P.PACHERI BARI  TH. BHUHAN DIST.JHUNJHUNU RAJASTHAN,302851,27.033323,74.212077,Private-Self Financing,"Board of Technical Education And Directorate Of Technical Education, Jodhpur",Approved,Approved,B,No,,Tier 3,http://www.lbspacherbari.ac.in,info@lbspacherbari.ac.in,admissions@lbspacherbari.ac.in,placement@lbspacherbari.ac.in,+91-80-238-2554,Electrical Engineering,Diploma,60,300,1993,Urban,Yes,Yes
1-44641351764,1-44641351764,U-0197,L.B.S POLYTECHNIC COLLEGE PACHER BARI,Active,Rajasthan,Jhunjhunu,Jhunjhunu,V.P.PACHERI BARI  TH. BHUHAN DIST.JHUNJHUNU RAJASTHAN,302851,27.033323,74.212077,Private-Self Financing,"Board of Technical Education And Directorate Of Technical Education, Jodhpur",Approved,Approved,B,No,,Tier 3,http://www.lbspacherbari.ac.in,info@lbspacherbari.ac.in,admissions@lbspacherbari.ac.in,placement@lbspacherbari.ac.in,+91-80-238-2554,Other Engineering Branches,Diploma,60,300,1993,Urban,Yes,Yes
1-44641351764,1-44641351764,U-0197,L.B.S POLYTECHNIC COLLEGE PACHER BARI,Active,Rajasthan,Jhunjhunu,Jhunjhunu,V.P.PACHERI BARI  TH. BHUHAN DIST.JHUNJHUNU RAJASTHAN,302851,27.033323,74.212077,Private-Self Financing,"Board of Technical Education And Directorate Of Technical Education, Jodhpur",Approved,Approved,B,No,,Tier 3,http://www.lbspacherbari.ac.in,info@lbspacherbari.ac.in,admissions@lbspacherbari.ac.in,placement@lbspacherbari.ac.in,+91-80-238-2554,Civil Engineering,Diploma,60,300,1993,Urban,Yes,Yes
1-44641351764,1-44641351764,U-0197,L.B.S POLYTECHNIC COLLEGE PACHER BARI,Active,Rajasthan,Jhunjhunu,Jhunjhunu,V.P.PACHERI BARI  TH. BHUHAN DIST.JHUNJHUNU RAJASTHAN,302851,27.033323,74.212077,Private-Self Financing,"Board of Technical Education And Directorate Of Technical Education, Jodhpur",Approved,Approved,B,No,,Tier 3,http://www.lbspacherbari.ac.in,info@lbspacherbari.ac.in,admissions@lbspacherbari.ac.in,placement@lbspacherbari.ac.in,+91-80-238-2554,Computer Science Engineering (CSE),Diploma,60,300,1993,Urban,Yes,Yes
1-44641351764,1-44641351764,U-0197,L.B.S POLYTECHNIC COLLEGE PACHER BARI,Active,Rajasthan,Jhunjhunu,Jhunjhunu,V.P.PACHERI BARI  TH. BHUHAN DIST.JHUNJHUNU RAJASTHAN,302851,27.033323,74.212077,Private-Self Financing,"Board of Technical Education And Directorate Of Technical Education, Jodhpur",Approved,Approved,B,No,,Tier 3,http://www.lbspacherbari.ac.in,info@lbspacherbari.ac.in,admissions@lbspacherbari.ac.in,placement@lbspacherbari.ac.in,+91-80-238-2554,Information Technology (IT),Diploma,60,300,1993,Urban,Yes,Yes
1-44641147152,1-44641147152,U-0192,SCHOOL OF AERONAUTICS(NEEMRANA),Active,Rajasthan,Alwar,Alwar,"I 04, RIICO INDUSTRIAL AREA, NEEMRANA, RAJASTHAN",302505,27.005095,74.204454,Private-Self Financing,"BIKANER TECHNICAL UNIVERSITY, BIKANER",Approved,Approved,B+,No,,Tier 3,http://www.schoolaeronauticsneemrana.ac.in,info@schoolaeronauticsneemrana.ac.in,admissions@schoolaeronauticsneemrana.ac.in,placement@schoolaeronauticsneemrana.ac.in,+91-80-054-3273,Aeronautical Engineering,B.Tech,150,150,1983,Rural,Yes,Yes
1-44641437449,1-44641437449,U-0197,"REGIONAL POLYTECHNIC COLLEGE, SITAPURA ,JAIPUR",Active,Rajasthan,Jaipur,Jaipur,"ISI-17, SITAPURA INSTITUTIONAL AREA, JAIPUR (TEMP. ADD. VILLAGE VATIKA, TEH. SANGANER, JAIPUR)",302659,26.914804,75.775912,Private-Self Financing,"Board of Technical Education And Directorate Of Technical Education, Jodhpur",Approved,Approved,B+,No,,Tier 3,http://www.regionalsitapurajaipur.ac.in,info@regionalsitapurajaipur.ac.in,admissions@regionalsitapurajaipur.ac.in,placement@regionalsitapurajaipur.ac.in,+91-80-939-6791,Mechanical Engineering,Diploma,60,180,1995,Rural,Yes,No
1-44641437449,1-44641437449,U-0197,"REGIONAL POLYTECHNIC COLLEGE, SITAPURA ,JAIPUR",Active,Rajasthan,Jaipur,Jaipur,"ISI-17, SITAPURA INSTITUTIONAL AREA, JAIPUR (TEMP. ADD. VILLAGE VATIKA, TEH. SANGANER, JAIPUR)",302659,26.914804,75.775912,Private-Self Financing,"Board of Technical Education And Directorate Of Technical Education, Jodhpur",Approved,Approved,B+,No,,Tier 3,http://www.regionalsitapurajaipur.ac.in,info@regionalsitapurajaipur.ac.in,admissions@regionalsitapurajaipur.ac.in,placement@regionalsitapurajaipur.ac.in,+91-80-939-6791,Electrical Engineering,Diploma,60,180,1995,Rural,Yes,No
1-44641437449,1-44641437449,U-0197,"REGIONAL POLYTECHNIC COLLEGE, SITAPURA ,JAIPUR",Active,Rajasthan,Jaipur,Jaipur,"ISI-17, SITAPURA INSTITUTIONAL AREA, JAIPUR (TEMP. ADD. VILLAGE VATIKA, TEH. SANGANER, JAIPUR)",302659,26.914804,75.775912,Private-Self Financing,"Board of Technical Education And Directorate Of Technical Education, Jodhpur",Approved,Approved,B+,No,,Tier 3,http://www.regionalsitapurajaipur.ac.in,info@regionalsitapurajaipur.ac.in,admissions@regionalsitapurajaipur.ac.in,placement@regionalsitapurajaipur.ac.in,+91-80-939-6791,Civil Engineering,Diploma,60,180,1995,Rural,Yes,No
1-44640889905,1-44640889905,U-0197,"GOVERNMENT POLYTECHNIC COLLEGE, BAGIDORA(BANSWARA-RAJ.)",Active,Rajasthan,Sirohi,Sirohi,VILLAGE - KATARIYA PO - BALAWADA TEHSIL - BAGIDORA DISTRICT - BANSWARA RAJASTHAN 327603,327603,27.003952,74.205757,Government,"Board of Technical Education And Directorate Of Technical Education, Jodhpur",Approved,Approved,B++,Yes,,Tier 3,http://www.bagidorabanswararaj.ac.in,info@bagidorabanswararaj.ac.in,admissions@bagidorabanswararaj.ac.in,placement@bagidorabanswararaj.ac.in,+91-80-006-3794,Other Engineering Branches,Diploma,30,120,1995,Urban,Yes,Yes
1-44640889905,1-44640889905,U-0197,"GOVERNMENT POLYTECHNIC COLLEGE, BAGIDORA(BANSWARA-RAJ.)",Active,Rajasthan,Sirohi,Sirohi,VILLAGE - KATARIYA PO - BALAWADA TEHSIL - BAGIDORA DISTRICT - BANSWARA RAJASTHAN 327603,327603,27.003952,74.205757,Government,"Board of Technical Education And Directorate Of Technical Education, Jodhpur",Approved,Approved,B++,Yes,,Tier 3,http://www.bagidorabanswararaj.ac.in,info@bagidorabanswararaj.ac.in,admissions@bagidorabanswararaj.ac.in,placement@bagidorabanswararaj.ac.in,+91-80-006-3794,Computer Science Engineering (CSE),Diploma,30,120,1995,Urban,Yes,Yes
1-44640889905,1-44640889905,U-0197,"GOVERNMENT POLYTECHNIC COLLEGE, BAGIDORA(BANSWARA-RAJ.)",Active,Rajasthan,Sirohi,Sirohi,VILLAGE - KATARIYA PO - BALAWADA TEHSIL - BAGIDORA DISTRICT - BANSWARA RAJASTHAN 327603,327603,27.003952,74.205757,Government,"Board of Technical Education And Directorate Of Technical Education, Jodhpur",Approved,Approved,B++,Yes,,Tier 3,http://www.bagidorabanswararaj.ac.in,info@bagidorabanswararaj.ac.in,admissions@bagidorabanswararaj.ac.in,placement@bagidorabanswararaj.ac.in,+91-80-006-3794,Electrical Engineering,Diploma,30,120,1995,Urban,Yes,Yes
1-44640889905,1-44640889905,U-0197,"GOVERNMENT POLYTECHNIC COLLEGE, BAGIDORA(BANSWARA-RAJ.)",Active,Rajasthan,Sirohi,Sirohi,VILLAGE - KATARIYA PO - BALAWADA TEHSIL - BAGIDORA DISTRICT - BANSWARA RAJASTHAN 327603,327603,27.003952,74.205757,Government,"Board of Technical Education And Directorate Of Technical Education, Jodhpur",Approved,Approved,B++,Yes,,Tier 3,http://www.bagidorabanswararaj.ac.in,info@bagidorabanswararaj.ac.in,admissions@bagidorabanswararaj.ac.in,placement@bagidorabanswararaj.ac.in,+91-80-006-3794,Mechanical Engineering,Diploma,30,120,1995,Urban,Yes,Yes
1-44640890413,1-44640890413,U-0197,"REGIONAL INSTITUTES OF POLYTECHNIC STUDIES, PRATAPGARH",Active,Rajasthan,Pratapgarh,Pratapgarh,"VILLAGE-DHAMOTAR, DIST. PRATAPGARH, RAJASTHAN ( TEMPARORY LOCATION)",302439,27.011721,74.213284,Private-Self Financing,"Board of Technical Education And Directorate Of Technical Education, Jodhpur",Approved,Approved,A+,No,,Tier 3,http://www.regionalinstitutesstudies.ac.in,info@regionalinstitutesstudies.ac.in,admissions@regionalinstitutesstudies.ac.in,placement@regionalinstitutesstudies.ac.in,+91-80-332-2210,Civil Engineering,Diploma,60,210,2017,Rural,Yes,Yes
1-44640890413,1-44640890413,U-0197,"REGIONAL INSTITUTES OF POLYTECHNIC STUDIES, PRATAPGARH",Active,Rajasthan,Pratapgarh,Pratapgarh,"VILLAGE-DHAMOTAR, DIST. PRATAPGARH, RAJASTHAN ( TEMPARORY LOCATION)",302439,27.011721,74.213284,Private-Self Financing,"Board of Technical Education And Directorate Of Technical Education, Jodhpur",Approved,Approved,A+,No,,Tier 3,http://www.regionalinstitutesstudies.ac.in,info@regionalinstitutesstudies.ac.in,admissions@regionalinstitutesstudies.ac.in,placement@regionalinstitutesstudies.ac.in,+91-80-332-2210,Mechanical Engineering,Diploma,60,210,2017,Rural,Yes,Yes
1-44640890413,1-44640890413,U-0197,"REGIONAL INSTITUTES OF POLYTECHNIC STUDIES, PRATAPGARH",Active,Rajasthan,Pratapgarh,Pratapgarh,"VILLAGE-DHAMOTAR, DIST. PRATAPGARH, RAJASTHAN ( TEMPARORY LOCATION)",302439,27.011721,74.213284,Private-Self Financing,"Board of Technical Education And Directorate Of Technical Education, Jodhpur",Approved,Approved,A+,No,,Tier 3,http://www.regionalinstitutesstudies.ac.in,info@regionalinstitutesstudies.ac.in,admissions@regionalinstitutesstudies.ac.in,placement@regionalinstitutesstudies.ac.in,+91-80-332-2210,Electrical Engineering,Diploma,60,210,2017,Rural,Yes,Yes
1-44640890413,1-44640890413,U-0197,"REGIONAL INSTITUTES OF POLYTECHNIC STUDIES, PRATAPGARH",Active,Rajasthan,Pratapgarh,Pratapgarh,"VILLAGE-DHAMOTAR, DIST. PRATAPGARH, RAJASTHAN ( TEMPARORY LOCATION)",302439,27.011721,74.213284,Private-Self Financing,"Board of Technical Education And Directorate Of Technical Education, Jodhpur",Approved,Approved,A+,No,,Tier 3,http://www.regionalinstitutesstudies.ac.in,info@regionalinstitutesstudies.ac.in,admissions@regionalinstitutesstudies.ac.in,placement@regionalinstitutesstudies.ac.in,+91-80-332-2210,Other Engineering Branches,Diploma,30,210,2017,Rural,Yes,Yes
1-44640891015,1-44640891015,U-0356,"REGIONAL COLLEGE OF POLYTECHNIC, VATIKA",Active,Rajasthan,Jaipur,Jaipur,"VILLAGE VATIKA, TEH. SANGANER, JAIPUR, RAJASTHAN",302659,26.914095,75.807089,Private-Self Financing,"University of Technology , Jaipur",Approved,Approved,B++,No,,Tier 3,http://www.regionalvatika.ac.in,info@regionalvatika.ac.in,admissions@regionalvatika.ac.in,placement@regionalvatika.ac.in,+91-80-909-9774,Mechanical Engineering,Diploma,210,510,2008,Urban,Yes,Yes
1-44640891015,1-44640891015,U-0356,"REGIONAL COLLEGE OF POLYTECHNIC, VATIKA",Active,Rajasthan,Jaipur,Jaipur,"VILLAGE VATIKA, TEH. SANGANER, JAIPUR, RAJASTHAN",302659,26.914095,75.807089,Private-Self Financing,"University of Technology , Jaipur",Approved,Approved,B++,No,,Tier 3,http://www.regionalvatika.ac.in,info@regionalvatika.ac.in,admissions@regionalvatika.ac.in,placement@regionalvatika.ac.in,+91-80-909-9774,Electrical Engineering,Diploma,180,510,2008,Urban,Yes,Yes
1-44640891015,1-44640891015,U-0356,"REGIONAL COLLEGE OF POLYTECHNIC, VATIKA",Active,Rajasthan,Jaipur,Jaipur,"VILLAGE VATIKA, TEH. SANGANER, JAIPUR, RAJASTHAN",302659,26.914095,75.807089,Private-Self Financing,"University of Technology , Jaipur",Approved,Approved,B++,No,,Tier 3,http://www.regionalvatika.ac.in,info@regionalvatika.ac.in,admissions@regionalvatika.ac.in,placement@regionalvatika.ac.in,+91-80-909-9774,Civil Engineering,Diploma,120,510,2008,Urban,Yes,Yes
1-44641152377,1-44641152377,U-0197,KRISHNA INSTITUTE OF TECHNOLOGY AND ENGINEERING,Active,Rajasthan,Pali,Pali,CHIMANPURA,302462,27.016882,74.231606,Private-Self Financing,"Board of Technical Education And Directorate Of Technical Education, Jodhpur",Approved,Approved,B+,No,,Tier 3,http://www.krishna.ac.in,info@krishna.ac.in,admissions@krishna.ac.in,placement@krishna.ac.in,+91-80-548-7319,Civil Engineering,Diploma,54,162,1986,Rural,No,Yes
1-44641152377,1-44641152377,U-0197,KRISHNA INSTITUTE OF TECHNOLOGY AND ENGINEERING,Active,Rajasthan,Pali,Pali,CHIMANPURA,302462,27.016882,74.231606,Private-Self Financing,"Board of Technical Education And Directorate Of Technical Education, Jodhpur",Approved,Approved,B+,No,,Tier 3,http://www.krishna.ac.in,info@krishna.ac.in,admissions@krishna.ac.in,placement@krishna.ac.in,+91-80-548-7319,Electrical Engineering,Diploma,54,162,1986,Rural,No,Yes
1-44641152377,1-44641152377,U-0197,KRISHNA INSTITUTE OF TECHNOLOGY AND ENGINEERING,Active,Rajasthan,Pali,Pali,CHIMANPURA,302462,27.016882,74.231606,Private-Self Financing,"Board of Technical Education And Directorate Of Technical Education, Jodhpur",Approved,Approved,B+,No,,Tier 3,http://www.krishna.ac.in,info@krishna.ac.in,admissions@krishna.ac.in,placement@krishna.ac.in,+91-80-548-7319,Mechanical Engineering,Diploma,54,162,1986,Rural,No,Yes
1-44641193211,1-44641193211,U-0197,DR. RADHAKRISHNAN POLYTECHNIC COLLEGE,Active,Rajasthan,Jaipur,Jaipur,"KALAWARA, NEAR MAHINDRA WORLD CITY(SEZ),AJMER ROAD, JAIPUR",302659,26.89908,75.783294,Private-Self Financing,"Board of Technical Education And Directorate Of Technical Education, Jodhpur",Approved,Approved,B,No,,Tier 3,http://www.drradhakrishnan.ac.in,info@drradhakrishnan.ac.in,admissions@drradhakrishnan.ac.in,placement@drradhakrishnan.ac.in,+91-80-280-2022,Civil Engineering,Diploma,60,285,2019,Urban,Yes,Yes
1-44641193211,1-44641193211,U-0197,DR. RADHAKRISHNAN POLYTECHNIC COLLEGE,Active,Rajasthan,Jaipur,Jaipur,"KALAWARA, NEAR MAHINDRA WORLD CITY(SEZ),AJMER ROAD, JAIPUR",302659,26.89908,75.783294,Private-Self Financing,"Board of Technical Education And Directorate Of Technical Education, Jodhpur",Approved,Approved,B,No,,Tier 3,http://www.drradhakrishnan.ac.in,info@drradhakrishnan.ac.in,admissions@drradhakrishnan.ac.in,placement@drradhakrishnan.ac.in,+91-80-280-2022,Computer Science Engineering (CSE),Diploma,60,285,2019,Urban,Yes,Yes
1-44641193211,1-44641193211,U-0197,DR. RADHAKRISHNAN POLYTECHNIC COLLEGE,Active,Rajasthan,Jaipur,Jaipur,"KALAWARA, NEAR MAHINDRA WORLD CITY(SEZ),AJMER ROAD, JAIPUR",302659,26.89908,75.783294,Private-Self Financing,"Board of Technical Education And Directorate Of Technical Education, Jodhpur",Approved,Approved,B,No,,Tier 3,http://www.drradhakrishnan.ac.in,info@drradhakrishnan.ac.in,admissions@drradhakrishnan.ac.in,placement@drradhakrishnan.ac.in,+91-80-280-2022,Electrical Engineering,Diploma,90,285,2019,Urban,Yes,Yes
1-44641193211,1-44641193211,U-0197,DR. RADHAKRISHNAN POLYTECHNIC COLLEGE,Active,Rajasthan,Jaipur,Jaipur,"KALAWARA, NEAR MAHINDRA WORLD CITY(SEZ),AJMER ROAD, JAIPUR",302659,26.89908,75.783294,Private-Self Financing,"Board of Technical Education And Directorate Of Technical Education, Jodhpur",Approved,Approved,B,No,,Tier 3,http://www.drradhakrishnan.ac.in,info@drradhakrishnan.ac.in,admissions@drradhakrishnan.ac.in,placement@drradhakrishnan.ac.in,+91-80-280-2022,Other Engineering Branches,Diploma,15,285,2019,Urban,Yes,Yes
1-44641193211,1-44641193211,U-0197,DR. RADHAKRISHNAN POLYTECHNIC COLLEGE,Active,Rajasthan,Jaipur,Jaipur,"KALAWARA, NEAR MAHINDRA WORLD CITY(SEZ),AJMER ROAD, JAIPUR",302659,26.89908,75.783294,Private-Self Financing,"Board of Technical Education And Directorate Of Technical Education, Jodhpur",Approved,Approved,B,No,,Tier 3,http://www.drradhakrishnan.ac.in,info@drradhakrishnan.ac.in,admissions@drradhakrishnan.ac.in,placement@drradhakrishnan.ac.in,+91-80-280-2022,Mechanical Engineering,Diploma,60,285,2019,Urban,Yes,Yes
1-44641440243,1-44641440243,U-0197,JAIPUR INSTITUTE OF POLYTECHNIC & TECHNOLOGY,Active,Rajasthan,Jaipur,Jaipur,"BHANKROTA,AJMER ROAD ,JAIPUR",302659,26.929922,75.791499,Private-Self Financing,"Board of Technical Education And Directorate Of Technical Education, Jodhpur",Approved,Approved,B,No,,Tier 3,http://www.jaipur.ac.in,info@jaipur.ac.in,admissions@jaipur.ac.in,placement@jaipur.ac.in,+91-80-573-7754,Electrical Engineering,Diploma,108,270,1995,Urban,Yes,Yes
1-44641440243,1-44641440243,U-0197,JAIPUR INSTITUTE OF POLYTECHNIC & TECHNOLOGY,Active,Rajasthan,Jaipur,Jaipur,"BHANKROTA,AJMER ROAD ,JAIPUR",302659,26.929922,75.791499,Private-Self Financing,"Board of Technical Education And Directorate Of Technical Education, Jodhpur",Approved,Approved,B,No,,Tier 3,http://www.jaipur.ac.in,info@jaipur.ac.in,admissions@jaipur.ac.in,placement@jaipur.ac.in,+91-80-573-7754,Mechanical Engineering,Diploma,54,270,1995,Urban,Yes,Yes
1-44641440243,1-44641440243,U-0197,JAIPUR INSTITUTE OF POLYTECHNIC & TECHNOLOGY,Active,Rajasthan,Jaipur,Jaipur,"BHANKROTA,AJMER ROAD ,JAIPUR",302659,26.929922,75.791499,Private-Self Financing,"Board of Technical Education And Directorate Of Technical Education, Jodhpur",Approved,Approved,B,No,,Tier 3,http://www.jaipur.ac.in,info@jaipur.ac.in,admissions@jaipur.ac.in,placement@jaipur.ac.in,+91-80-573-7754,Civil Engineering,Diploma,108,270,1995,Urban,Yes,Yes
1-44641486750,1-44641486750,U-0197,"DHOLPUR POLYTECHNIC COLLEGE, DHOLPUR",Active,Rajasthan,Dholpur,Dholpur,"IP-1, RICO GROWTH CENTRE, ONDELA ROAD, DHOLPUR",302369,27.00528,74.23742,Private-Self Financing,"Board of Technical Education And Directorate Of Technical Education, Jodhpur",Approved,Approved,A+,Yes,,Tier 2,http://www.dholpurdholpur.ac.in,info@dholpurdholpur.ac.in,admissions@dholpurdholpur.ac.in,placement@dholpurdholpur.ac.in,+91-80-062-1052,Electrical Engineering,Diploma,45,150,2002,Rural,Yes,Yes
1-44641486750,1-44641486750,U-0197,"DHOLPUR POLYTECHNIC COLLEGE, DHOLPUR",Active,Rajasthan,Dholpur,Dholpur,"IP-1, RICO GROWTH CENTRE, ONDELA ROAD, DHOLPUR",302369,27.00528,74.23742,Private-Self Financing,"Board of Technical Education And Directorate Of Technical Education, Jodhpur",Approved,Approved,A+,Yes,,Tier 2,http://www.dholpurdholpur.ac.in,info@dholpurdholpur.ac.in,admissions@dholpurdholpur.ac.in,placement@dholpurdholpur.ac.in,+91-80-062-1052,Civil Engineering,Diploma,45,150,2002,Rural,Yes,Yes
1-44641486750,1-44641486750,U-0197,"DHOLPUR POLYTECHNIC COLLEGE, DHOLPUR",Active,Rajasthan,Dholpur,Dholpur,"IP-1, RICO GROWTH CENTRE, ONDELA ROAD, DHOLPUR",302369,27.00528,74.23742,Private-Self Financing,"Board of Technical Education And Directorate Of Technical Education, Jodhpur",Approved,Approved,A+,Yes,,Tier 2,http://www.dholpurdholpur.ac.in,info@dholpurdholpur.ac.in,admissions@dholpurdholpur.ac.in,placement@dholpurdholpur.ac.in,+91-80-062-1052,Other Engineering Branches,Diploma,30,150,2002,Rural,Yes,Yes
1-44641486750,1-44641486750,U-0197,"DHOLPUR POLYTECHNIC COLLEGE, DHOLPUR",Active,Rajasthan,Dholpur,Dholpur,"IP-1, RICO GROWTH CENTRE, ONDELA ROAD, DHOLPUR",302369,27.00528,74.23742,Private-Self Financing,"Board of Technical Education And Directorate Of Technical Education, Jodhpur",Approved,Approved,A+,Yes,,Tier 2,http://www.dholpurdholpur.ac.in,info@dholpurdholpur.ac.in,admissions@dholpurdholpur.ac.in,placement@dholpurdholpur.ac.in,+91-80-062-1052,Mechanical Engineering,Diploma,30,150,2002,Rural,Yes,Yes
1-44641323468,1-44641323468,U-0197,LAXMIDHAR POLYTECHNIC COLLEGE,Active,Rajasthan,Alwar,Alwar,"1N-3, MIA, RIICO, ALWAR(RAJASTHAN)",302505,27.015867,74.23161,Private-Self Financing,"Board of Technical Education And Directorate Of Technical Education, Jodhpur",Approved,Approved,A,No,,Tier 3,http://www.laxmidhar.ac.in,info@laxmidhar.ac.in,admissions@laxmidhar.ac.in,placement@laxmidhar.ac.in,+91-80-506-1591,Civil Engineering,Diploma,45,225,2011,Urban,Yes,No
1-44641323468,1-44641323468,U-0197,LAXMIDHAR POLYTECHNIC COLLEGE,Active,Rajasthan,Alwar,Alwar,"1N-3, MIA, RIICO, ALWAR(RAJASTHAN)",302505,27.015867,74.23161,Private-Self Financing,"Board of Technical Education And Directorate Of Technical Education, Jodhpur",Approved,Approved,A,No,,Tier 3,http://www.laxmidhar.ac.in,info@laxmidhar.ac.in,admissions@laxmidhar.ac.in,placement@laxmidhar.ac.in,+91-80-506-1591,Mechanical Engineering,Diploma,90,225,2011,Urban,Yes,No
1-44641323468,1-44641323468,U-0197,LAXMIDHAR POLYTECHNIC COLLEGE,Active,Rajasthan,Alwar,Alwar,"1N-3, MIA, RIICO, ALWAR(RAJASTHAN)",302505,27.015867,74.23161,Private-Self Financing,"Board of Technical Education And Directorate Of Technical Education, Jodhpur",Approved,Approved,A,No,,Tier 3,http://www.laxmidhar.ac.in,info@laxmidhar.ac.in,admissions@laxmidhar.ac.in,placement@laxmidhar.ac.in,+91-80-506-1591,Electrical Engineering,Diploma,90,225,2011,Urban,Yes,No
1-44641441930,1-44641441930,U-0197,"BIRLA TECHNICAL TRAINING INSTITUTE, PILANI",Active,Rajasthan,Jhunjhunu,Jhunjhunu,"NEAR CEERI GATE, PILANI",302851,27.019661,74.202032,Private-Self Financing,"Board of Technical Education And Directorate Of Technical Education, Jodhpur",Approved,Approved,B++,No,,Tier 3,http://www.birlatechnicaltraining.ac.in,info@birlatechnicaltraining.ac.in,admissions@birlatechnicaltraining.ac.in,placement@birlatechnicaltraining.ac.in,+91-80-665-2698,Computer Science Engineering (CSE),Diploma,120,300,2013,Urban,Yes,Yes
1-44641441930,1-44641441930,U-0197,"BIRLA TECHNICAL TRAINING INSTITUTE, PILANI",Active,Rajasthan,Jhunjhunu,Jhunjhunu,"NEAR CEERI GATE, PILANI",302851,27.019661,74.202032,Private-Self Financing,"Board of Technical Education And Directorate Of Technical Education, Jodhpur",Approved,Approved,B++,No,,Tier 3,http://www.birlatechnicaltraining.ac.in,info@birlatechnicaltraining.ac.in,admissions@birlatechnicaltraining.ac.in,placement@birlatechnicaltraining.ac.in,+91-80-665-2698,Other Engineering Branches,Diploma,60,300,2013,Urban,Yes,Yes
1-44641441930,1-44641441930,U-0197,"BIRLA TECHNICAL TRAINING INSTITUTE, PILANI",Active,Rajasthan,Jhunjhunu,Jhunjhunu,"NEAR CEERI GATE, PILANI",302851,27.019661,74.202032,Private-Self Financing,"Board of Technical Education And Directorate Of Technical Education, Jodhpur",Approved,Approved,B++,No,,Tier 3,http://www.birlatechnicaltraining.ac.in,info@birlatechnicaltraining.ac.in,admissions@birlatechnicaltraining.ac.in,placement@birlatechnicaltraining.ac.in,+91-80-665-2698,Electrical Engineering,Diploma,60,300,2013,Urban,Yes,Yes
1-44641441930,1-44641441930,U-0197,"BIRLA TECHNICAL TRAINING INSTITUTE, PILANI",Active,Rajasthan,Jhunjhunu,Jhunjhunu,"NEAR CEERI GATE, PILANI",302851,27.019661,74.202032,Private-Self Financing,"Board of Technical Education And Directorate Of Technical Education, Jodhpur",Approved,Approved,B++,No,,Tier 3,http://www.birlatechnicaltraining.ac.in,info@birlatechnicaltraining.ac.in,admissions@birlatechnicaltraining.ac.in,placement@birlatechnicaltraining.ac.in,+91-80-665-2698,Mechanical Engineering,Diploma,60,300,2013,Urban,Yes,Yes
1-44640853713,1-44640853713,U-0992,CENTRAL INSTITUTE OF PETROCHEMICALS ENGINEERING & TECHNOLOGY,Active,Rajasthan,Jaipur,Jaipur,"SP-1298, SITAPURA INDUSTRIAL AREA, PHASE - III, TONK ROAD",302659,26.907017,75.783679,Government,NOT APPLICABLE,Approved,Approved,A+,Yes,,Tier 2,http://www.petrochemicals.ac.in,info@petrochemicals.ac.in,admissions@petrochemicals.ac.in,placement@petrochemicals.ac.in,+91-80-613-0792,Other Engineering Branches,Diploma,120,120,2014,Urban,Yes,Yes
1-44640896761,1-44640896761,U-0197,RAJESH PILOT GOVERNMENT POLYTECHNIC COLLEGE DAUSA,Active,Rajasthan,Dausa,Dausa,"JIROTA KHURD, JAIPUR ROAD, DAUSA",302657,27.015527,74.217937,Government,"Board of Technical Education And Directorate Of Technical Education, Jodhpur",Approved,Approved,A+,Yes,,Tier 2,http://www.rajeshpilotdausa.ac.in,info@rajeshpilotdausa.ac.in,admissions@rajeshpilotdausa.ac.in,placement@rajeshpilotdausa.ac.in,+91-80-491-8912,Computer Science Engineering (CSE),Diploma,30,240,2019,Urban,Yes,Yes
1-44640896761,1-44640896761,U-0197,RAJESH PILOT GOVERNMENT POLYTECHNIC COLLEGE DAUSA,Active,Rajasthan,Dausa,Dausa,"JIROTA KHURD, JAIPUR ROAD, DAUSA",302657,27.015527,74.217937,Government,"Board of Technical Education And Directorate Of Technical Education, Jodhpur",Approved,Approved,A+,Yes,,Tier 2,http://www.rajeshpilotdausa.ac.in,info@rajeshpilotdausa.ac.in,admissions@rajeshpilotdausa.ac.in,placement@rajeshpilotdausa.ac.in,+91-80-491-8912,Other Engineering Branches,Diploma,30,240,2019,Urban,Yes,Yes
1-44640896761,1-44640896761,U-0197,RAJESH PILOT GOVERNMENT POLYTECHNIC COLLEGE DAUSA,Active,Rajasthan,Dausa,Dausa,"JIROTA KHURD, JAIPUR ROAD, DAUSA",302657,27.015527,74.217937,Government,"Board of Technical Education And Directorate Of Technical Education, Jodhpur",Approved,Approved,A+,Yes,,Tier 2,http://www.rajeshpilotdausa.ac.in,info@rajeshpilotdausa.ac.in,admissions@rajeshpilotdausa.ac.in,placement@rajeshpilotdausa.ac.in,+91-80-491-8912,Mechanical Engineering,Diploma,60,240,2019,Urban,Yes,Yes
1-44640896761,1-44640896761,U-0197,RAJESH PILOT GOVERNMENT POLYTECHNIC COLLEGE DAUSA,Active,Rajasthan,Dausa,Dausa,"JIROTA KHURD, JAIPUR ROAD, DAUSA",302657,27.015527,74.217937,Government,"Board of Technical Education And Directorate Of Technical Education, Jodhpur",Approved,Approved,A+,Yes,,Tier 2,http://www.rajeshpilotdausa.ac.in,info@rajeshpilotdausa.ac.in,admissions@rajeshpilotdausa.ac.in,placement@rajeshpilotdausa.ac.in,+91-80-491-8912,Electrical Engineering,Diploma,60,240,2019,Urban,Yes,Yes
1-44640896761,1-44640896761,U-0197,RAJESH PILOT GOVERNMENT POLYTECHNIC COLLEGE DAUSA,Active,Rajasthan,Dausa,Dausa,"JIROTA KHURD, JAIPUR ROAD, DAUSA",302657,27.015527,74.217937,Government,"Board of Technical Education And Directorate Of Technical Education, Jodhpur",Approved,Approved,A+,Yes,,Tier 2,http://www.rajeshpilotdausa.ac.in,info@rajeshpilotdausa.ac.in,admissions@rajeshpilotdausa.ac.in,placement@rajeshpilotdausa.ac.in,+91-80-491-8912,Civil Engineering,Diploma,60,240,2019,Urban,Yes,Yes
1-44641032627,1-44641032627,U-0197,"GOVERNMENT POLYTECHNIC COLLEGE,JALORE",Active,Rajasthan,Jalore,Jalore,"N.H. - 325, AHORE ROAD, GODAN DISTRICT - JALORE (RAJASTHAN)-307029",307029,27.004456,74.217536,Government,"Board of Technical Education And Directorate Of Technical Education, Jodhpur",Approved,Approved,A,No,,Tier 2,http://www.collegejalore.ac.in,info@collegejalore.ac.in,admissions@collegejalore.ac.in,placement@collegejalore.ac.in,+91-80-027-5069,Electrical Engineering,Diploma,30,135,2004,Urban,Yes,No
1-44641032627,1-44641032627,U-0197,"GOVERNMENT POLYTECHNIC COLLEGE,JALORE",Active,Rajasthan,Jalore,Jalore,"N.H. - 325, AHORE ROAD, GODAN DISTRICT - JALORE (RAJASTHAN)-307029",307029,27.004456,74.217536,Government,"Board of Technical Education And Directorate Of Technical Education, Jodhpur",Approved,Approved,A,No,,Tier 2,http://www.collegejalore.ac.in,info@collegejalore.ac.in,admissions@collegejalore.ac.in,placement@collegejalore.ac.in,+91-80-027-5069,Other Engineering Branches,Diploma,15,135,2004,Urban,Yes,No
1-44641032627,1-44641032627,U-0197,"GOVERNMENT POLYTECHNIC COLLEGE,JALORE",Active,Rajasthan,Jalore,Jalore,"N.H. - 325, AHORE ROAD, GODAN DISTRICT - JALORE (RAJASTHAN)-307029",307029,27.004456,74.217536,Government,"Board of Technical Education And Directorate Of Technical Education, Jodhpur",Approved,Approved,A,No,,Tier 2,http://www.collegejalore.ac.in,info@collegejalore.ac.in,admissions@collegejalore.ac.in,placement@collegejalore.ac.in,+91-80-027-5069,Computer Science Engineering (CSE),Diploma,30,135,2004,Urban,Yes,No
1-44641032627,1-44641032627,U-0197,"GOVERNMENT POLYTECHNIC COLLEGE,JALORE",Active,Rajasthan,Jalore,Jalore,"N.H. - 325, AHORE ROAD, GODAN DISTRICT - JALORE (RAJASTHAN)-307029",307029,27.004456,74.217536,Government,"Board of Technical Education And Directorate Of Technical Education, Jodhpur",Approved,Approved,A,No,,Tier 2,http://www.collegejalore.ac.in,info@collegejalore.ac.in,admissions@collegejalore.ac.in,placement@collegejalore.ac.in,+91-80-027-5069,Civil Engineering,Diploma,30,135,2004,Urban,Yes,No
1-44641032627,1-44641032627,U-0197,"GOVERNMENT POLYTECHNIC COLLEGE,JALORE",Active,Rajasthan,Jalore,Jalore,"N.H. - 325, AHORE ROAD, GODAN DISTRICT - JALORE (RAJASTHAN)-307029",307029,27.004456,74.217536,Government,"Board of Technical Education And Directorate Of Technical Education, Jodhpur",Approved,Approved,A,No,,Tier 2,http://www.collegejalore.ac.in,info@collegejalore.ac.in,admissions@collegejalore.ac.in,placement@collegejalore.ac.in,+91-80-027-5069,Mechanical Engineering,Diploma,30,135,2004,Urban,Yes,No
1-44641033131,1-44641033131,U-0197,"RAJASTHAN POLYTECHNIC COLLEGE, BISSAU",Active,Rajasthan,Jhunjhunu,Jhunjhunu,"JHUNJHUNU ROAD , BISSAU  PIN NO:331027",331027,27.029267,74.228912,Private-Self Financing,"Board of Technical Education And Directorate Of Technical Education, Jodhpur",Approved,Approved,B,No,,Tier 3,http://www.rajasthanbissau.ac.in,info@rajasthanbissau.ac.in,admissions@rajasthanbissau.ac.in,placement@rajasthanbissau.ac.in,+91-80-068-1798,Civil Engineering,Diploma,60,240,2007,Urban,Yes,Yes
1-44641033131,1-44641033131,U-0197,"RAJASTHAN POLYTECHNIC COLLEGE, BISSAU",Active,Rajasthan,Jhunjhunu,Jhunjhunu,"JHUNJHUNU ROAD , BISSAU  PIN NO:331027",331027,27.029267,74.228912,Private-Self Financing,"Board of Technical Education And Directorate Of Technical Education, Jodhpur",Approved,Approved,B,No,,Tier 3,http://www.rajasthanbissau.ac.in,info@rajasthanbissau.ac.in,admissions@rajasthanbissau.ac.in,placement@rajasthanbissau.ac.in,+91-80-068-1798,Mechanical Engineering,Diploma,60,240,2007,Urban,Yes,Yes
1-44641033131,1-44641033131,U-0197,"RAJASTHAN POLYTECHNIC COLLEGE, BISSAU",Active,Rajasthan,Jhunjhunu,Jhunjhunu,"JHUNJHUNU ROAD , BISSAU  PIN NO:331027",331027,27.029267,74.228912,Private-Self Financing,"Board of Technical Education And Directorate Of Technical Education, Jodhpur",Approved,Approved,B,No,,Tier 3,http://www.rajasthanbissau.ac.in,info@rajasthanbissau.ac.in,admissions@rajasthanbissau.ac.in,placement@rajasthanbissau.ac.in,+91-80-068-1798,Electrical Engineering,Diploma,60,240,2007,Urban,Yes,Yes
1-44641033131,1-44641033131,U-0197,"RAJASTHAN POLYTECHNIC COLLEGE, BISSAU",Active,Rajasthan,Jhunjhunu,Jhunjhunu,"JHUNJHUNU ROAD , BISSAU  PIN NO:331027",331027,27.029267,74.228912,Private-Self Financing,"Board of Technical Education And Directorate Of Technical Education, Jodhpur",Approved,Approved,B,No,,Tier 3,http://www.rajasthanbissau.ac.in,info@rajasthanbissau.ac.in,admissions@rajasthanbissau.ac.in,placement@rajasthanbissau.ac.in,+91-80-068-1798,Other Engineering Branches,Diploma,30,240,2007,Urban,Yes,Yes
1-44641033131,1-44641033131,U-0197,"RAJASTHAN POLYTECHNIC COLLEGE, BISSAU",Active,Rajasthan,Jhunjhunu,Jhunjhunu,"JHUNJHUNU ROAD , BISSAU  PIN NO:331027",331027,27.029267,74.228912,Private-Self Financing,"Board of Technical Education And Directorate Of Technical Education, Jodhpur",Approved,Approved,B,No,,Tier 3,http://www.rajasthanbissau.ac.in,info@rajasthanbissau.ac.in,admissions@rajasthanbissau.ac.in,placement@rajasthanbissau.ac.in,+91-80-068-1798,Computer Science Engineering (CSE),Diploma,30,240,2007,Urban,Yes,Yes
1-44641242672,1-44641242672,U-0197,GOVERNMENT POLYTECHNIC COLLEGE BARAN,Active,Rajasthan,Kota,Kota,VILLAGE- BATAWADI TEHSIL- ANTA DISTRICT- BARAN PIN - 325205,325205,25.196612,75.843674,Government,"Board of Technical Education And Directorate Of Technical Education, Jodhpur",Approved,Approved,B,No,,Tier 3,http://www.baran.ac.in,info@baran.ac.in,admissions@baran.ac.in,placement@baran.ac.in,+91-80-430-7567,Electrical Engineering,Diploma,60,330,1990,Urban,Yes,Yes
1-44641242672,1-44641242672,U-0197,GOVERNMENT POLYTECHNIC COLLEGE BARAN,Active,Rajasthan,Kota,Kota,VILLAGE- BATAWADI TEHSIL- ANTA DISTRICT- BARAN PIN - 325205,325205,25.196612,75.843674,Government,"Board of Technical Education And Directorate Of Technical Education, Jodhpur",Approved,Approved,B,No,,Tier 3,http://www.baran.ac.in,info@baran.ac.in,admissions@baran.ac.in,placement@baran.ac.in,+91-80-430-7567,Civil Engineering,Diploma,60,330,1990,Urban,Yes,Yes
1-44641242672,1-44641242672,U-0197,GOVERNMENT POLYTECHNIC COLLEGE BARAN,Active,Rajasthan,Kota,Kota,VILLAGE- BATAWADI TEHSIL- ANTA DISTRICT- BARAN PIN - 325205,325205,25.196612,75.843674,Government,"Board of Technical Education And Directorate Of Technical Education, Jodhpur",Approved,Approved,B,No,,Tier 3,http://www.baran.ac.in,info@baran.ac.in,admissions@baran.ac.in,placement@baran.ac.in,+91-80-430-7567,Mechanical Engineering,Diploma,60,330,1990,Urban,Yes,Yes
1-44641242672,1-44641242672,U-0197,GOVERNMENT POLYTECHNIC COLLEGE BARAN,Active,Rajasthan,Kota,Kota,VILLAGE- BATAWADI TEHSIL- ANTA DISTRICT- BARAN PIN - 325205,325205,25.196612,75.843674,Government,"Board of Technical Education And Directorate Of Technical Education, Jodhpur",Approved,Approved,B,No,,Tier 3,http://www.baran.ac.in,info@baran.ac.in,admissions@baran.ac.in,placement@baran.ac.in,+91-80-430-7567,Other Engineering Branches,Diploma,60,330,1990,Urban,Yes,Yes
1-44641242672,1-44641242672,U-0197,GOVERNMENT POLYTECHNIC COLLEGE BARAN,Active,Rajasthan,Kota,Kota,VILLAGE- BATAWADI TEHSIL- ANTA DISTRICT- BARAN PIN - 325205,325205,25.196612,75.843674,Government,"Board of Technical Education And Directorate Of Technical Education, Jodhpur",Approved,Approved,B,No,,Tier 3,http://www.baran.ac.in,info@baran.ac.in,admissions@baran.ac.in,placement@baran.ac.in,+91-80-430-7567,Agricultural Engineering,Diploma,60,330,1990,Urban,Yes,Yes
1-44641242672,1-44641242672,U-0197,GOVERNMENT POLYTECHNIC COLLEGE BARAN,Active,Rajasthan,Kota,Kota,VILLAGE- BATAWADI TEHSIL- ANTA DISTRICT- BARAN PIN - 325205,325205,25.196612,75.843674,Government,"Board of Technical Education And Directorate Of Technical Education, Jodhpur",Approved,Approved,B,No,,Tier 3,http://www.baran.ac.in,info@baran.ac.in,admissions@baran.ac.in,placement@baran.ac.in,+91-80-430-7567,Chemical Engineering,Diploma,30,330,1990,Urban,Yes,Yes
1-44641162297,1-44641162297,U-0197,SUGAN INSTITUTE OF TECHNOLOGY & ENGINEERING,Active,Rajasthan,Jodhpur,Jodhpur,"POKRAN ROAD, PHALODI DIST. Ã¢â¬â JODHPUR (RAJ.) 342301",342301,26.236495,73.016021,Private-Self Financing,"Board of Technical Education And Directorate Of Technical Education, Jodhpur",Approved,Approved,B+,No,,Tier 3,http://www.sugan.ac.in,info@sugan.ac.in,admissions@sugan.ac.in,placement@sugan.ac.in,+91-80-738-0043,Electrical Engineering,Diploma,84,131,2018,Rural,Yes,Yes
1-44641162297,1-44641162297,U-0197,SUGAN INSTITUTE OF TECHNOLOGY & ENGINEERING,Active,Rajasthan,Jodhpur,Jodhpur,"POKRAN ROAD, PHALODI DIST. Ã¢â¬â JODHPUR (RAJ.) 342301",342301,26.236495,73.016021,Private-Self Financing,"Board of Technical Education And Directorate Of Technical Education, Jodhpur",Approved,Approved,B+,No,,Tier 3,http://www.sugan.ac.in,info@sugan.ac.in,admissions@sugan.ac.in,placement@sugan.ac.in,+91-80-738-0043,Civil Engineering,Diploma,32,131,2018,Rural,Yes,Yes
1-44641162297,1-44641162297,U-0197,SUGAN INSTITUTE OF TECHNOLOGY & ENGINEERING,Active,Rajasthan,Jodhpur,Jodhpur,"POKRAN ROAD, PHALODI DIST. Ã¢â¬â JODHPUR (RAJ.) 342301",342301,26.236495,73.016021,Private-Self Financing,"Board of Technical Education And Directorate Of Technical Education, Jodhpur",Approved,Approved,B+,No,,Tier 3,http://www.sugan.ac.in,info@sugan.ac.in,admissions@sugan.ac.in,placement@sugan.ac.in,+91-80-738-0043,Mechanical Engineering,Diploma,15,131,2018,Rural,Yes,Yes
1-44641497485,1-44641497485,U-0197,"GOVERNMENT POLYTECHNIC COLLEGE, BUNDI",Active,Rajasthan,Jhalawar,Jhalawar,GOVERNMENT POLYTECHNIC COLLEGE DAULATPURA BUNDI 323001,323001,27.035106,74.202104,Government,"Board of Technical Education And Directorate Of Technical Education, Jodhpur",Approved,Approved,B++,Yes,,Tier 3,http://www.bundi.ac.in,info@bundi.ac.in,admissions@bundi.ac.in,placement@bundi.ac.in,+91-80-313-0522,Computer Science Engineering (CSE),Diploma,49,245,2003,Urban,Yes,No
1-44641497485,1-44641497485,U-0197,"GOVERNMENT POLYTECHNIC COLLEGE, BUNDI",Active,Rajasthan,Jhalawar,Jhalawar,GOVERNMENT POLYTECHNIC COLLEGE DAULATPURA BUNDI 323001,323001,27.035106,74.202104,Government,"Board of Technical Education And Directorate Of Technical Education, Jodhpur",Approved,Approved,B++,Yes,,Tier 3,http://www.bundi.ac.in,info@bundi.ac.in,admissions@bundi.ac.in,placement@bundi.ac.in,+91-80-313-0522,Other Engineering Branches,Diploma,49,245,2003,Urban,Yes,No
1-44641497485,1-44641497485,U-0197,"GOVERNMENT POLYTECHNIC COLLEGE, BUNDI",Active,Rajasthan,Jhalawar,Jhalawar,GOVERNMENT POLYTECHNIC COLLEGE DAULATPURA BUNDI 323001,323001,27.035106,74.202104,Government,"Board of Technical Education And Directorate Of Technical Education, Jodhpur",Approved,Approved,B++,Yes,,Tier 3,http://www.bundi.ac.in,info@bundi.ac.in,admissions@bundi.ac.in,placement@bundi.ac.in,+91-80-313-0522,Electrical Engineering,Diploma,49,245,2003,Urban,Yes,No
1-44641497485,1-44641497485,U-0197,"GOVERNMENT POLYTECHNIC COLLEGE, BUNDI",Active,Rajasthan,Jhalawar,Jhalawar,GOVERNMENT POLYTECHNIC COLLEGE DAULATPURA BUNDI 323001,323001,27.035106,74.202104,Government,"Board of Technical Education And Directorate Of Technical Education, Jodhpur",Approved,Approved,B++,Yes,,Tier 3,http://www.bundi.ac.in,info@bundi.ac.in,admissions@bundi.ac.in,placement@bundi.ac.in,+91-80-313-0522,Mechanical Engineering,Diploma,49,245,2003,Urban,Yes,No
1-44641497485,1-44641497485,U-0197,"GOVERNMENT POLYTECHNIC COLLEGE, BUNDI",Active,Rajasthan,Jhalawar,Jhalawar,GOVERNMENT POLYTECHNIC COLLEGE DAULATPURA BUNDI 323001,323001,27.035106,74.202104,Government,"Board of Technical Education And Directorate Of Technical Education, Jodhpur",Approved,Approved,B++,Yes,,Tier 3,http://www.bundi.ac.in,info@bundi.ac.in,admissions@bundi.ac.in,placement@bundi.ac.in,+91-80-313-0522,Civil Engineering,Diploma,49,245,2003,Urban,Yes,No
1-44641247884,1-44641247884,U-0992,PACIFIC POLYTECHNIC COLLEGE,Active,Rajasthan,Udaipur,Udaipur,"PACIFIC HILLS, PRATAP NAGAR EXTN., AIRPORT ROAD, UDAIPUR",302880,27.029545,74.202531,State Private University,NOT APPLICABLE,Approved,Approved,B+,No,,Tier 3,http://www.pacific.ac.in,info@pacific.ac.in,admissions@pacific.ac.in,placement@pacific.ac.in,+91-80-079-8109,Mechanical Engineering,Diploma,60,300,1993,Rural,Yes,Yes
1-44641247884,1-44641247884,U-0992,PACIFIC POLYTECHNIC COLLEGE,Active,Rajasthan,Udaipur,Udaipur,"PACIFIC HILLS, PRATAP NAGAR EXTN., AIRPORT ROAD, UDAIPUR",302880,27.029545,74.202531,State Private University,NOT APPLICABLE,Approved,Approved,B+,No,,Tier 3,http://www.pacific.ac.in,info@pacific.ac.in,admissions@pacific.ac.in,placement@pacific.ac.in,+91-80-079-8109,Electrical Engineering,Diploma,60,300,1993,Rural,Yes,Yes
1-44641247884,1-44641247884,U-0992,PACIFIC POLYTECHNIC COLLEGE,Active,Rajasthan,Udaipur,Udaipur,"PACIFIC HILLS, PRATAP NAGAR EXTN., AIRPORT ROAD, UDAIPUR",302880,27.029545,74.202531,State Private University,NOT APPLICABLE,Approved,Approved,B+,No,,Tier 3,http://www.pacific.ac.in,info@pacific.ac.in,admissions@pacific.ac.in,placement@pacific.ac.in,+91-80-079-8109,Civil Engineering,Diploma,60,300,1993,Rural,Yes,Yes
1-44641247884,1-44641247884,U-0992,PACIFIC POLYTECHNIC COLLEGE,Active,Rajasthan,Udaipur,Udaipur,"PACIFIC HILLS, PRATAP NAGAR EXTN., AIRPORT ROAD, UDAIPUR",302880,27.029545,74.202531,State Private University,NOT APPLICABLE,Approved,Approved,B+,No,,Tier 3,http://www.pacific.ac.in,info@pacific.ac.in,admissions@pacific.ac.in,placement@pacific.ac.in,+91-80-079-8109,Computer Science Engineering (CSE),Diploma,60,300,1993,Rural,Yes,Yes
1-44641247884,1-44641247884,U-0992,PACIFIC POLYTECHNIC COLLEGE,Active,Rajasthan,Udaipur,Udaipur,"PACIFIC HILLS, PRATAP NAGAR EXTN., AIRPORT ROAD, UDAIPUR",302880,27.029545,74.202531,State Private University,NOT APPLICABLE,Approved,Approved,B+,No,,Tier 3,http://www.pacific.ac.in,info@pacific.ac.in,admissions@pacific.ac.in,placement@pacific.ac.in,+91-80-079-8109,Mining Engineering,Diploma,60,300,1993,Rural,Yes,Yes
1-44641249624,1-44641249624,U-0755,BAL KRISHNA INSTITUTE OF TECHNOLOGY,Active,Rajasthan,Kota,Kota,"IPC-15, RIICO INSTITUTIONAL AREA, RANPUR, KOTA",302663,25.170262,75.834962,Private-Self Financing,"Rajasthan Technical University, Kota",Approved,Approved,B++,Yes,,Tier 3,http://www.balkrishna.ac.in,info@balkrishna.ac.in,admissions@balkrishna.ac.in,placement@balkrishna.ac.in,+91-80-325-5736,Automobile Engineering,B.Tech,15,120,2000,Urban,Yes,Yes
1-44641249624,1-44641249624,U-0755,BAL KRISHNA INSTITUTE OF TECHNOLOGY,Active,Rajasthan,Kota,Kota,"IPC-15, RIICO INSTITUTIONAL AREA, RANPUR, KOTA",302663,25.170262,75.834962,Private-Self Financing,"Rajasthan Technical University, Kota",Approved,Approved,B++,Yes,,Tier 3,http://www.balkrishna.ac.in,info@balkrishna.ac.in,admissions@balkrishna.ac.in,placement@balkrishna.ac.in,+91-80-325-5736,Mechanical Engineering,B.Tech,15,120,2000,Urban,Yes,Yes
1-44641249624,1-44641249624,U-0755,BAL KRISHNA INSTITUTE OF TECHNOLOGY,Active,Rajasthan,Kota,Kota,"IPC-15, RIICO INSTITUTIONAL AREA, RANPUR, KOTA",302663,25.170262,75.834962,Private-Self Financing,"Rajasthan Technical University, Kota",Approved,Approved,B++,Yes,,Tier 3,http://www.balkrishna.ac.in,info@balkrishna.ac.in,admissions@balkrishna.ac.in,placement@balkrishna.ac.in,+91-80-325-5736,Civil Engineering,B.Tech,30,120,2000,Urban,Yes,Yes
1-44641249624,1-44641249624,U-0755,BAL KRISHNA INSTITUTE OF TECHNOLOGY,Active,Rajasthan,Kota,Kota,"IPC-15, RIICO INSTITUTIONAL AREA, RANPUR, KOTA",302663,25.170262,75.834962,Private-Self Financing,"Rajasthan Technical University, Kota",Approved,Approved,B++,Yes,,Tier 3,http://www.balkrishna.ac.in,info@balkrishna.ac.in,admissions@balkrishna.ac.in,placement@balkrishna.ac.in,+91-80-325-5736,Electrical Engineering,B.Tech,30,120,2000,Urban,Yes,Yes
1-44641249624,1-44641249624,U-0755,BAL KRISHNA INSTITUTE OF TECHNOLOGY,Active,Rajasthan,Kota,Kota,"IPC-15, RIICO INSTITUTIONAL AREA, RANPUR, KOTA",302663,25.170262,75.834962,Private-Self Financing,"Rajasthan Technical University, Kota",Approved,Approved,B++,Yes,,Tier 3,http://www.balkrishna.ac.in,info@balkrishna.ac.in,admissions@balkrishna.ac.in,placement@balkrishna.ac.in,+91-80-325-5736,Computer Science Engineering (CSE),B.Tech,30,120,2000,Urban,Yes,Yes
1-44640868419,1-44640868419,U-0197,GOVERNMENT POLYTECHNIC COLLEGE,Active,Rajasthan,Jhalawar,Jhalawar,NEAR ITI,302913,27.014125,74.225392,Government,"Board of Technical Education And Directorate Of Technical Education, Jodhpur",Approved,Approved,B,No,,Tier 3,http://www.inst6916.ac.in,info@inst6916.ac.in,admissions@inst6916.ac.in,placement@inst6916.ac.in,+91-80-433-0671,Computer Science Engineering (CSE),Diploma,30,250,2005,Urban,Yes,Yes
1-44640868419,1-44640868419,U-0197,GOVERNMENT POLYTECHNIC COLLEGE,Active,Rajasthan,Jhalawar,Jhalawar,NEAR ITI,302913,27.014125,74.225392,Government,"Board of Technical Education And Directorate Of Technical Education, Jodhpur",Approved,Approved,B,No,,Tier 3,http://www.inst6916.ac.in,info@inst6916.ac.in,admissions@inst6916.ac.in,placement@inst6916.ac.in,+91-80-433-0671,Mechanical Engineering,Diploma,40,250,2005,Urban,Yes,Yes
1-44640868419,1-44640868419,U-0197,GOVERNMENT POLYTECHNIC COLLEGE,Active,Rajasthan,Jhalawar,Jhalawar,NEAR ITI,302913,27.014125,74.225392,Government,"Board of Technical Education And Directorate Of Technical Education, Jodhpur",Approved,Approved,B,No,,Tier 3,http://www.inst6916.ac.in,info@inst6916.ac.in,admissions@inst6916.ac.in,placement@inst6916.ac.in,+91-80-433-0671,Other Engineering Branches,Diploma,30,250,2005,Urban,Yes,Yes
1-44640868419,1-44640868419,U-0197,GOVERNMENT POLYTECHNIC COLLEGE,Active,Rajasthan,Jhalawar,Jhalawar,NEAR ITI,302913,27.014125,74.225392,Government,"Board of Technical Education And Directorate Of Technical Education, Jodhpur",Approved,Approved,B,No,,Tier 3,http://www.inst6916.ac.in,info@inst6916.ac.in,admissions@inst6916.ac.in,placement@inst6916.ac.in,+91-80-433-0671,Electrical Engineering,Diploma,60,250,2005,Urban,Yes,Yes
1-44640868419,1-44640868419,U-0197,GOVERNMENT POLYTECHNIC COLLEGE,Active,Rajasthan,Jhalawar,Jhalawar,NEAR ITI,302913,27.014125,74.225392,Government,"Board of Technical Education And Directorate Of Technical Education, Jodhpur",Approved,Approved,B,No,,Tier 3,http://www.inst6916.ac.in,info@inst6916.ac.in,admissions@inst6916.ac.in,placement@inst6916.ac.in,+91-80-433-0671,Information Technology (IT),Diploma,30,250,2005,Urban,Yes,Yes
1-44640868419,1-44640868419,U-0197,GOVERNMENT POLYTECHNIC COLLEGE,Active,Rajasthan,Jhalawar,Jhalawar,NEAR ITI,302913,27.014125,74.225392,Government,"Board of Technical Education And Directorate Of Technical Education, Jodhpur",Approved,Approved,B,No,,Tier 3,http://www.inst6916.ac.in,info@inst6916.ac.in,admissions@inst6916.ac.in,placement@inst6916.ac.in,+91-80-433-0671,Civil Engineering,Diploma,30,250,2005,Urban,Yes,Yes
1-44640868419,1-44640868419,U-0197,GOVERNMENT POLYTECHNIC COLLEGE,Active,Rajasthan,Jhalawar,Jhalawar,NEAR ITI,302913,27.014125,74.225392,Government,"Board of Technical Education And Directorate Of Technical Education, Jodhpur",Approved,Approved,B,No,,Tier 3,http://www.inst6916.ac.in,info@inst6916.ac.in,admissions@inst6916.ac.in,placement@inst6916.ac.in,+91-80-433-0671,Chemical Engineering,Diploma,30,250,2005,Urban,Yes,Yes
1-44641616972,1-44641616972,U-0778,YADUVANSHI COLLEGE OF ENGINEERING AND TECHNOLOGY,Active,Rajasthan,Jhunjhunu,Jhunjhunu,VPO SOHALI TEHSIL BUHANA DISTT. JHUNJHUNU 333515,333515,27.006478,74.224943,Private-Self Financing,"BIKANER TECHNICAL UNIVERSITY, RAJASTHAN",Approved,Approved,Not Accredited,No,,Tier 3,http://www.yaduvanshi.ac.in,info@yaduvanshi.ac.in,admissions@yaduvanshi.ac.in,placement@yaduvanshi.ac.in,+91-80-112-3245,Mechanical Engineering,B.Tech,30,150,1996,Urban,Yes,Yes
1-44641616972,1-44641616972,U-0778,YADUVANSHI COLLEGE OF ENGINEERING AND TECHNOLOGY,Active,Rajasthan,Jhunjhunu,Jhunjhunu,VPO SOHALI TEHSIL BUHANA DISTT. JHUNJHUNU 333515,333515,27.006478,74.224943,Private-Self Financing,"BIKANER TECHNICAL UNIVERSITY, RAJASTHAN",Approved,Approved,Not Accredited,No,,Tier 3,http://www.yaduvanshi.ac.in,info@yaduvanshi.ac.in,admissions@yaduvanshi.ac.in,placement@yaduvanshi.ac.in,+91-80-112-3245,Electrical Engineering,B.Tech,30,150,1996,Urban,Yes,Yes
1-44641616972,1-44641616972,U-0778,YADUVANSHI COLLEGE OF ENGINEERING AND TECHNOLOGY,Active,Rajasthan,Jhunjhunu,Jhunjhunu,VPO SOHALI TEHSIL BUHANA DISTT. JHUNJHUNU 333515,333515,27.006478,74.224943,Private-Self Financing,"BIKANER TECHNICAL UNIVERSITY, RAJASTHAN",Approved,Approved,Not Accredited,No,,Tier 3,http://www.yaduvanshi.ac.in,info@yaduvanshi.ac.in,admissions@yaduvanshi.ac.in,placement@yaduvanshi.ac.in,+91-80-112-3245,Electronics & Communication Engineering (ECE),B.Tech,30,150,1996,Urban,Yes,Yes
1-44641616972,1-44641616972,U-0778,YADUVANSHI COLLEGE OF ENGINEERING AND TECHNOLOGY,Active,Rajasthan,Jhunjhunu,Jhunjhunu,VPO SOHALI TEHSIL BUHANA DISTT. JHUNJHUNU 333515,333515,27.006478,74.224943,Private-Self Financing,"BIKANER TECHNICAL UNIVERSITY, RAJASTHAN",Approved,Approved,Not Accredited,No,,Tier 3,http://www.yaduvanshi.ac.in,info@yaduvanshi.ac.in,admissions@yaduvanshi.ac.in,placement@yaduvanshi.ac.in,+91-80-112-3245,Civil Engineering,B.Tech,30,150,1996,Urban,Yes,Yes
1-44641616972,1-44641616972,U-0778,YADUVANSHI COLLEGE OF ENGINEERING AND TECHNOLOGY,Active,Rajasthan,Jhunjhunu,Jhunjhunu,VPO SOHALI TEHSIL BUHANA DISTT. JHUNJHUNU 333515,333515,27.006478,74.224943,Private-Self Financing,"BIKANER TECHNICAL UNIVERSITY, RAJASTHAN",Approved,Approved,Not Accredited,No,,Tier 3,http://www.yaduvanshi.ac.in,info@yaduvanshi.ac.in,admissions@yaduvanshi.ac.in,placement@yaduvanshi.ac.in,+91-80-112-3245,Computer Science Engineering (CSE),B.Tech,30,150,1996,Urban,Yes,Yes
1-44641738024,1-44641738024,U-0192,ST. WILFRED'S INSTITUTE OF ENGINEERING & TECHNOLOGY,Active,Rajasthan,Ajmer,Ajmer,"GEGAL, JAIPUR ROAD",302403,27.004438,74.199821,Private-Self Financing,"BIKANER TECHNICAL UNIVERSITY, BIKANER",Approved,Approved,A+,Yes,,Tier 2,http://www.stwilfreds.ac.in,info@stwilfreds.ac.in,admissions@stwilfreds.ac.in,placement@stwilfreds.ac.in,+91-80-026-7788,Civil Engineering,B.Tech,54,168,2002,Rural,Yes,Yes
1-44641738024,1-44641738024,U-0192,ST. WILFRED'S INSTITUTE OF ENGINEERING & TECHNOLOGY,Active,Rajasthan,Ajmer,Ajmer,"GEGAL, JAIPUR ROAD",302403,27.004438,74.199821,Private-Self Financing,"BIKANER TECHNICAL UNIVERSITY, BIKANER",Approved,Approved,A+,Yes,,Tier 2,http://www.stwilfreds.ac.in,info@stwilfreds.ac.in,admissions@stwilfreds.ac.in,placement@stwilfreds.ac.in,+91-80-026-7788,Computer Science Engineering (CSE),B.Tech,30,168,2002,Rural,Yes,Yes
1-44641738024,1-44641738024,U-0192,ST. WILFRED'S INSTITUTE OF ENGINEERING & TECHNOLOGY,Active,Rajasthan,Ajmer,Ajmer,"GEGAL, JAIPUR ROAD",302403,27.004438,74.199821,Private-Self Financing,"BIKANER TECHNICAL UNIVERSITY, BIKANER",Approved,Approved,A+,Yes,,Tier 2,http://www.stwilfreds.ac.in,info@stwilfreds.ac.in,admissions@stwilfreds.ac.in,placement@stwilfreds.ac.in,+91-80-026-7788,Electronics & Communication Engineering (ECE),B.Tech,30,168,2002,Rural,Yes,Yes
1-44641738024,1-44641738024,U-0192,ST. WILFRED'S INSTITUTE OF ENGINEERING & TECHNOLOGY,Active,Rajasthan,Ajmer,Ajmer,"GEGAL, JAIPUR ROAD",302403,27.004438,74.199821,Private-Self Financing,"BIKANER TECHNICAL UNIVERSITY, BIKANER",Approved,Approved,A+,Yes,,Tier 2,http://www.stwilfreds.ac.in,info@stwilfreds.ac.in,admissions@stwilfreds.ac.in,placement@stwilfreds.ac.in,+91-80-026-7788,Mechanical Engineering,B.Tech,54,168,2002,Rural,Yes,Yes
1-44641799737,1-44641799737,U-0755,"SWAMI KESHVANAND INSTITUTE OF TECHNOLOGY, MANAGEMENT & GRAMOTHAN",Active,Rajasthan,Jaipur,Jaipur,"RAMNAGARIA, JAGATPURA,",302659,26.9297,75.771483,Private-Self Financing,"Rajasthan Technical University, Kota",Approved,Approved,B,No,,Tier 3,http://www.swamikeshvanandmanagement.ac.in,info@swamikeshvanandmanagement.ac.in,admissions@swamikeshvanandmanagement.ac.in,placement@swamikeshvanandmanagement.ac.in,+91-80-564-4698,Other Engineering Branches,M.Tech,54,1401,2015,Urban,Yes,Yes
1-44641799737,1-44641799737,U-0755,"SWAMI KESHVANAND INSTITUTE OF TECHNOLOGY, MANAGEMENT & GRAMOTHAN",Active,Rajasthan,Jaipur,Jaipur,"RAMNAGARIA, JAGATPURA,",302659,26.9297,75.771483,Private-Self Financing,"Rajasthan Technical University, Kota",Approved,Approved,B,No,,Tier 3,http://www.swamikeshvanandmanagement.ac.in,info@swamikeshvanandmanagement.ac.in,admissions@swamikeshvanandmanagement.ac.in,placement@swamikeshvanandmanagement.ac.in,+91-80-564-4698,Computer Science Engineering (CSE),B.Tech,600,1401,2015,Urban,Yes,Yes
1-44641799737,1-44641799737,U-0755,"SWAMI KESHVANAND INSTITUTE OF TECHNOLOGY, MANAGEMENT & GRAMOTHAN",Active,Rajasthan,Jaipur,Jaipur,"RAMNAGARIA, JAGATPURA,",302659,26.9297,75.771483,Private-Self Financing,"Rajasthan Technical University, Kota",Approved,Approved,B,No,,Tier 3,http://www.swamikeshvanandmanagement.ac.in,info@swamikeshvanandmanagement.ac.in,admissions@swamikeshvanandmanagement.ac.in,placement@swamikeshvanandmanagement.ac.in,+91-80-564-4698,Information Technology (IT),B.Tech,180,1401,2015,Urban,Yes,Yes
1-44641799737,1-44641799737,U-0755,"SWAMI KESHVANAND INSTITUTE OF TECHNOLOGY, MANAGEMENT & GRAMOTHAN",Active,Rajasthan,Jaipur,Jaipur,"RAMNAGARIA, JAGATPURA,",302659,26.9297,75.771483,Private-Self Financing,"Rajasthan Technical University, Kota",Approved,Approved,B,No,,Tier 3,http://www.swamikeshvanandmanagement.ac.in,info@swamikeshvanandmanagement.ac.in,admissions@swamikeshvanandmanagement.ac.in,placement@swamikeshvanandmanagement.ac.in,+91-80-564-4698,Electrical Engineering,B.Tech,90,1401,2015,Urban,Yes,Yes
1-44641799737,1-44641799737,U-0755,"SWAMI KESHVANAND INSTITUTE OF TECHNOLOGY, MANAGEMENT & GRAMOTHAN",Active,Rajasthan,Jaipur,Jaipur,"RAMNAGARIA, JAGATPURA,",302659,26.9297,75.771483,Private-Self Financing,"Rajasthan Technical University, Kota",Approved,Approved,B,No,,Tier 3,http://www.swamikeshvanandmanagement.ac.in,info@swamikeshvanandmanagement.ac.in,admissions@swamikeshvanandmanagement.ac.in,placement@swamikeshvanandmanagement.ac.in,+91-80-564-4698,Mechanical Engineering,B.Tech,60,1401,2015,Urban,Yes,Yes
1-44641799737,1-44641799737,U-0755,"SWAMI KESHVANAND INSTITUTE OF TECHNOLOGY, MANAGEMENT & GRAMOTHAN",Active,Rajasthan,Jaipur,Jaipur,"RAMNAGARIA, JAGATPURA,",302659,26.9297,75.771483,Private-Self Financing,"Rajasthan Technical University, Kota",Approved,Approved,B,No,,Tier 3,http://www.swamikeshvanandmanagement.ac.in,info@swamikeshvanandmanagement.ac.in,admissions@swamikeshvanandmanagement.ac.in,placement@swamikeshvanandmanagement.ac.in,+91-80-564-4698,Computer Science Engineering (CSE),M.Tech,18,1401,2015,Urban,Yes,Yes
1-44641799737,1-44641799737,U-0755,"SWAMI KESHVANAND INSTITUTE OF TECHNOLOGY, MANAGEMENT & GRAMOTHAN",Active,Rajasthan,Jaipur,Jaipur,"RAMNAGARIA, JAGATPURA,",302659,26.9297,75.771483,Private-Self Financing,"Rajasthan Technical University, Kota",Approved,Approved,B,No,,Tier 3,http://www.swamikeshvanandmanagement.ac.in,info@swamikeshvanandmanagement.ac.in,admissions@swamikeshvanandmanagement.ac.in,placement@swamikeshvanandmanagement.ac.in,+91-80-564-4698,Information Technology (IT),M.Tech,9,1401,2015,Urban,Yes,Yes
1-44641799737,1-44641799737,U-0755,"SWAMI KESHVANAND INSTITUTE OF TECHNOLOGY, MANAGEMENT & GRAMOTHAN",Active,Rajasthan,Jaipur,Jaipur,"RAMNAGARIA, JAGATPURA,",302659,26.9297,75.771483,Private-Self Financing,"Rajasthan Technical University, Kota",Approved,Approved,B,No,,Tier 3,http://www.swamikeshvanandmanagement.ac.in,info@swamikeshvanandmanagement.ac.in,admissions@swamikeshvanandmanagement.ac.in,placement@swamikeshvanandmanagement.ac.in,+91-80-564-4698,Civil Engineering,B.Tech,120,1401,2015,Urban,Yes,Yes
1-44641799737,1-44641799737,U-0755,"SWAMI KESHVANAND INSTITUTE OF TECHNOLOGY, MANAGEMENT & GRAMOTHAN",Active,Rajasthan,Jaipur,Jaipur,"RAMNAGARIA, JAGATPURA,",302659,26.9297,75.771483,Private-Self Financing,"Rajasthan Technical University, Kota",Approved,Approved,B,No,,Tier 3,http://www.swamikeshvanandmanagement.ac.in,info@swamikeshvanandmanagement.ac.in,admissions@swamikeshvanandmanagement.ac.in,placement@swamikeshvanandmanagement.ac.in,+91-80-564-4698,Electronics & Communication Engineering (ECE),B.Tech,90,1401,2015,Urban,Yes,Yes
1-44641799737,1-44641799737,U-0755,"SWAMI KESHVANAND INSTITUTE OF TECHNOLOGY, MANAGEMENT & GRAMOTHAN",Active,Rajasthan,Jaipur,Jaipur,"RAMNAGARIA, JAGATPURA,",302659,26.9297,75.771483,Private-Self Financing,"Rajasthan Technical University, Kota",Approved,Approved,B,No,,Tier 3,http://www.swamikeshvanandmanagement.ac.in,info@swamikeshvanandmanagement.ac.in,admissions@swamikeshvanandmanagement.ac.in,placement@swamikeshvanandmanagement.ac.in,+91-80-564-4698,Data Science,B.Tech,120,1401,2015,Urban,Yes,Yes
1-44641799737,1-44641799737,U-0755,"SWAMI KESHVANAND INSTITUTE OF TECHNOLOGY, MANAGEMENT & GRAMOTHAN",Active,Rajasthan,Jaipur,Jaipur,"RAMNAGARIA, JAGATPURA,",302659,26.9297,75.771483,Private-Self Financing,"Rajasthan Technical University, Kota",Approved,Approved,B,No,,Tier 3,http://www.swamikeshvanandmanagement.ac.in,info@swamikeshvanandmanagement.ac.in,admissions@swamikeshvanandmanagement.ac.in,placement@swamikeshvanandmanagement.ac.in,+91-80-564-4698,IoT,B.Tech,60,1401,2015,Urban,Yes,Yes
1-44641985113,1-44641985113,U-0755,GOVERNMENT ENGINEERING COLLEGE JHALAWAR,Active,Rajasthan,Jhalawar,Jhalawar,"VILLAGE CHANDLAI SUNEL ROAD, JHALARAPATAN CITY DISTRICT JHALAWAR",302913,27.023563,74.204619,Government,"Rajasthan Technical University, Kota",Approved,Approved,B,No,,Tier 3,http://www.jhalawar.ac.in,info@jhalawar.ac.in,admissions@jhalawar.ac.in,placement@jhalawar.ac.in,+91-80-828-9067,Civil Engineering,B.Tech,60,270,1982,Rural,Yes,Yes
1-44641985113,1-44641985113,U-0755,GOVERNMENT ENGINEERING COLLEGE JHALAWAR,Active,Rajasthan,Jhalawar,Jhalawar,"VILLAGE CHANDLAI SUNEL ROAD, JHALARAPATAN CITY DISTRICT JHALAWAR",302913,27.023563,74.204619,Government,"Rajasthan Technical University, Kota",Approved,Approved,B,No,,Tier 3,http://www.jhalawar.ac.in,info@jhalawar.ac.in,admissions@jhalawar.ac.in,placement@jhalawar.ac.in,+91-80-828-9067,Computer Science Engineering (CSE),B.Tech,60,270,1982,Rural,Yes,Yes
1-44641985113,1-44641985113,U-0755,GOVERNMENT ENGINEERING COLLEGE JHALAWAR,Active,Rajasthan,Jhalawar,Jhalawar,"VILLAGE CHANDLAI SUNEL ROAD, JHALARAPATAN CITY DISTRICT JHALAWAR",302913,27.023563,74.204619,Government,"Rajasthan Technical University, Kota",Approved,Approved,B,No,,Tier 3,http://www.jhalawar.ac.in,info@jhalawar.ac.in,admissions@jhalawar.ac.in,placement@jhalawar.ac.in,+91-80-828-9067,Electronics & Communication Engineering (ECE),B.Tech,30,270,1982,Rural,Yes,Yes
1-44641985113,1-44641985113,U-0755,GOVERNMENT ENGINEERING COLLEGE JHALAWAR,Active,Rajasthan,Jhalawar,Jhalawar,"VILLAGE CHANDLAI SUNEL ROAD, JHALARAPATAN CITY DISTRICT JHALAWAR",302913,27.023563,74.204619,Government,"Rajasthan Technical University, Kota",Approved,Approved,B,No,,Tier 3,http://www.jhalawar.ac.in,info@jhalawar.ac.in,admissions@jhalawar.ac.in,placement@jhalawar.ac.in,+91-80-828-9067,Information Technology (IT),B.Tech,30,270,1982,Rural,Yes,Yes
1-44641985113,1-44641985113,U-0755,GOVERNMENT ENGINEERING COLLEGE JHALAWAR,Active,Rajasthan,Jhalawar,Jhalawar,"VILLAGE CHANDLAI SUNEL ROAD, JHALARAPATAN CITY DISTRICT JHALAWAR",302913,27.023563,74.204619,Government,"Rajasthan Technical University, Kota",Approved,Approved,B,No,,Tier 3,http://www.jhalawar.ac.in,info@jhalawar.ac.in,admissions@jhalawar.ac.in,placement@jhalawar.ac.in,+91-80-828-9067,Electrical Engineering,B.Tech,30,270,1982,Rural,Yes,Yes
1-44641985113,1-44641985113,U-0755,GOVERNMENT ENGINEERING COLLEGE JHALAWAR,Active,Rajasthan,Jhalawar,Jhalawar,"VILLAGE CHANDLAI SUNEL ROAD, JHALARAPATAN CITY DISTRICT JHALAWAR",302913,27.023563,74.204619,Government,"Rajasthan Technical University, Kota",Approved,Approved,B,No,,Tier 3,http://www.jhalawar.ac.in,info@jhalawar.ac.in,admissions@jhalawar.ac.in,placement@jhalawar.ac.in,+91-80-828-9067,Mechanical Engineering,B.Tech,60,270,1982,Rural,Yes,Yes
1-44641889320,1-44641889320,U-0755,TECHNO NJR INSTITUTE OF TECHNOLOGY,Active,Rajasthan,Udaipur,Udaipur,PLOT SPL T BHAMASHAH INDUSTRIAL AREA KALADWAS,302880,27.010826,74.201316,Private-Self Financing,"Rajasthan Technical University, Kota",Approved,Approved,Not Accredited,No,,Tier 3,http://www.technonjr.ac.in,info@technonjr.ac.in,admissions@technonjr.ac.in,placement@technonjr.ac.in,+91-80-294-7093,Computer Science Engineering (CSE),B.Tech,180,300,2011,Urban,Yes,Yes
1-44641889320,1-44641889320,U-0755,TECHNO NJR INSTITUTE OF TECHNOLOGY,Active,Rajasthan,Udaipur,Udaipur,PLOT SPL T BHAMASHAH INDUSTRIAL AREA KALADWAS,302880,27.010826,74.201316,Private-Self Financing,"Rajasthan Technical University, Kota",Approved,Approved,Not Accredited,No,,Tier 3,http://www.technonjr.ac.in,info@technonjr.ac.in,admissions@technonjr.ac.in,placement@technonjr.ac.in,+91-80-294-7093,Electronics & Communication Engineering (ECE),B.Tech,60,300,2011,Urban,Yes,Yes
1-44641889320,1-44641889320,U-0755,TECHNO NJR INSTITUTE OF TECHNOLOGY,Active,Rajasthan,Udaipur,Udaipur,PLOT SPL T BHAMASHAH INDUSTRIAL AREA KALADWAS,302880,27.010826,74.201316,Private-Self Financing,"Rajasthan Technical University, Kota",Approved,Approved,Not Accredited,No,,Tier 3,http://www.technonjr.ac.in,info@technonjr.ac.in,admissions@technonjr.ac.in,placement@technonjr.ac.in,+91-80-294-7093,Civil Engineering,B.Tech,30,300,2011,Urban,Yes,Yes
1-44641889320,1-44641889320,U-0755,TECHNO NJR INSTITUTE OF TECHNOLOGY,Active,Rajasthan,Udaipur,Udaipur,PLOT SPL T BHAMASHAH INDUSTRIAL AREA KALADWAS,302880,27.010826,74.201316,Private-Self Financing,"Rajasthan Technical University, Kota",Approved,Approved,Not Accredited,No,,Tier 3,http://www.technonjr.ac.in,info@technonjr.ac.in,admissions@technonjr.ac.in,placement@technonjr.ac.in,+91-80-294-7093,Data Science,B.Tech,30,300,2011,Urban,Yes,Yes
1-44642115189,1-44642115189,U-0755,"MODI INSTIUTTE OF TECHNOLOGY, KOTA",Active,Rajasthan,Kota,Kota,"NAYA GAON, RAWATBHATA ROAD, P.O. BORABAS, KOTA",302663,25.182188,75.814635,Private-Self Financing,"Rajasthan Technical University, Kota",Approved,Approved,Not Accredited,No,,Tier 3,http://www.modiinstiuttekota.ac.in,info@modiinstiuttekota.ac.in,admissions@modiinstiuttekota.ac.in,placement@modiinstiuttekota.ac.in,+91-80-825-7589,Electronics & Communication Engineering (ECE),B.Tech,30,288,2018,Urban,Yes,Yes
1-44642115189,1-44642115189,U-0755,"MODI INSTIUTTE OF TECHNOLOGY, KOTA",Active,Rajasthan,Kota,Kota,"NAYA GAON, RAWATBHATA ROAD, P.O. BORABAS, KOTA",302663,25.182188,75.814635,Private-Self Financing,"Rajasthan Technical University, Kota",Approved,Approved,Not Accredited,No,,Tier 3,http://www.modiinstiuttekota.ac.in,info@modiinstiuttekota.ac.in,admissions@modiinstiuttekota.ac.in,placement@modiinstiuttekota.ac.in,+91-80-825-7589,Computer Science Engineering (CSE),B.Tech,60,288,2018,Urban,Yes,Yes
1-44642115189,1-44642115189,U-0755,"MODI INSTIUTTE OF TECHNOLOGY, KOTA",Active,Rajasthan,Kota,Kota,"NAYA GAON, RAWATBHATA ROAD, P.O. BORABAS, KOTA",302663,25.182188,75.814635,Private-Self Financing,"Rajasthan Technical University, Kota",Approved,Approved,Not Accredited,No,,Tier 3,http://www.modiinstiuttekota.ac.in,info@modiinstiuttekota.ac.in,admissions@modiinstiuttekota.ac.in,placement@modiinstiuttekota.ac.in,+91-80-825-7589,Electrical Engineering,B.Tech,60,288,2018,Urban,Yes,Yes
1-44642115189,1-44642115189,U-0755,"MODI INSTIUTTE OF TECHNOLOGY, KOTA",Active,Rajasthan,Kota,Kota,"NAYA GAON, RAWATBHATA ROAD, P.O. BORABAS, KOTA",302663,25.182188,75.814635,Private-Self Financing,"Rajasthan Technical University, Kota",Approved,Approved,Not Accredited,No,,Tier 3,http://www.modiinstiuttekota.ac.in,info@modiinstiuttekota.ac.in,admissions@modiinstiuttekota.ac.in,placement@modiinstiuttekota.ac.in,+91-80-825-7589,Information Technology (IT),M.Tech,18,288,2018,Urban,Yes,Yes
1-44642115189,1-44642115189,U-0755,"MODI INSTIUTTE OF TECHNOLOGY, KOTA",Active,Rajasthan,Kota,Kota,"NAYA GAON, RAWATBHATA ROAD, P.O. BORABAS, KOTA",302663,25.182188,75.814635,Private-Self Financing,"Rajasthan Technical University, Kota",Approved,Approved,Not Accredited,No,,Tier 3,http://www.modiinstiuttekota.ac.in,info@modiinstiuttekota.ac.in,admissions@modiinstiuttekota.ac.in,placement@modiinstiuttekota.ac.in,+91-80-825-7589,Mechanical Engineering,B.Tech,60,288,2018,Urban,Yes,Yes
1-44642115189,1-44642115189,U-0755,"MODI INSTIUTTE OF TECHNOLOGY, KOTA",Active,Rajasthan,Kota,Kota,"NAYA GAON, RAWATBHATA ROAD, P.O. BORABAS, KOTA",302663,25.182188,75.814635,Private-Self Financing,"Rajasthan Technical University, Kota",Approved,Approved,Not Accredited,No,,Tier 3,http://www.modiinstiuttekota.ac.in,info@modiinstiuttekota.ac.in,admissions@modiinstiuttekota.ac.in,placement@modiinstiuttekota.ac.in,+91-80-825-7589,Data Science,B.Tech,60,288,2018,Urban,Yes,Yes
1-44641552654,1-44641552654,U-0778,JODHPUR  INSTITUTE OF ENGINEERING & TECHNOLOGY,Active,Rajasthan,Jodhpur,Jodhpur,"JIET UNIVERSE, N.H. -65, PALI ROAD, MOGRA, LUNI",302829,26.225922,73.009365,Private-Self Financing,"BIKANER TECHNICAL UNIVERSITY, RAJASTHAN",Approved,Approved,B++,Yes,,Tier 3,http://www.jodhpur.ac.in,info@jodhpur.ac.in,admissions@jodhpur.ac.in,placement@jodhpur.ac.in,+91-80-294-5056,Civil Engineering,B.Tech,60,849,2011,Urban,Yes,Yes
1-44641552654,1-44641552654,U-0778,JODHPUR  INSTITUTE OF ENGINEERING & TECHNOLOGY,Active,Rajasthan,Jodhpur,Jodhpur,"JIET UNIVERSE, N.H. -65, PALI ROAD, MOGRA, LUNI",302829,26.225922,73.009365,Private-Self Financing,"BIKANER TECHNICAL UNIVERSITY, RAJASTHAN",Approved,Approved,B++,Yes,,Tier 3,http://www.jodhpur.ac.in,info@jodhpur.ac.in,admissions@jodhpur.ac.in,placement@jodhpur.ac.in,+91-80-294-5056,Mechanical Engineering,B.Tech,60,849,2011,Urban,Yes,Yes
1-44641552654,1-44641552654,U-0778,JODHPUR  INSTITUTE OF ENGINEERING & TECHNOLOGY,Active,Rajasthan,Jodhpur,Jodhpur,"JIET UNIVERSE, N.H. -65, PALI ROAD, MOGRA, LUNI",302829,26.225922,73.009365,Private-Self Financing,"BIKANER TECHNICAL UNIVERSITY, RAJASTHAN",Approved,Approved,B++,Yes,,Tier 3,http://www.jodhpur.ac.in,info@jodhpur.ac.in,admissions@jodhpur.ac.in,placement@jodhpur.ac.in,+91-80-294-5056,Electrical Engineering,B.Tech,60,849,2011,Urban,Yes,Yes
1-44641552654,1-44641552654,U-0778,JODHPUR  INSTITUTE OF ENGINEERING & TECHNOLOGY,Active,Rajasthan,Jodhpur,Jodhpur,"JIET UNIVERSE, N.H. -65, PALI ROAD, MOGRA, LUNI",302829,26.225922,73.009365,Private-Self Financing,"BIKANER TECHNICAL UNIVERSITY, RAJASTHAN",Approved,Approved,B++,Yes,,Tier 3,http://www.jodhpur.ac.in,info@jodhpur.ac.in,admissions@jodhpur.ac.in,placement@jodhpur.ac.in,+91-80-294-5056,Electronics & Communication Engineering (ECE),B.Tech,60,849,2011,Urban,Yes,Yes
1-44641552654,1-44641552654,U-0778,JODHPUR  INSTITUTE OF ENGINEERING & TECHNOLOGY,Active,Rajasthan,Jodhpur,Jodhpur,"JIET UNIVERSE, N.H. -65, PALI ROAD, MOGRA, LUNI",302829,26.225922,73.009365,Private-Self Financing,"BIKANER TECHNICAL UNIVERSITY, RAJASTHAN",Approved,Approved,B++,Yes,,Tier 3,http://www.jodhpur.ac.in,info@jodhpur.ac.in,admissions@jodhpur.ac.in,placement@jodhpur.ac.in,+91-80-294-5056,Computer Science Engineering (CSE),B.Tech,240,849,2011,Urban,Yes,Yes
1-44641552654,1-44641552654,U-0778,JODHPUR  INSTITUTE OF ENGINEERING & TECHNOLOGY,Active,Rajasthan,Jodhpur,Jodhpur,"JIET UNIVERSE, N.H. -65, PALI ROAD, MOGRA, LUNI",302829,26.225922,73.009365,Private-Self Financing,"BIKANER TECHNICAL UNIVERSITY, RAJASTHAN",Approved,Approved,B++,Yes,,Tier 3,http://www.jodhpur.ac.in,info@jodhpur.ac.in,admissions@jodhpur.ac.in,placement@jodhpur.ac.in,+91-80-294-5056,Data Science,M.Tech,9,849,2011,Urban,Yes,Yes
1-44641552654,1-44641552654,U-0778,JODHPUR  INSTITUTE OF ENGINEERING & TECHNOLOGY,Active,Rajasthan,Jodhpur,Jodhpur,"JIET UNIVERSE, N.H. -65, PALI ROAD, MOGRA, LUNI",302829,26.225922,73.009365,Private-Self Financing,"BIKANER TECHNICAL UNIVERSITY, RAJASTHAN",Approved,Approved,B++,Yes,,Tier 3,http://www.jodhpur.ac.in,info@jodhpur.ac.in,admissions@jodhpur.ac.in,placement@jodhpur.ac.in,+91-80-294-5056,Artificial Intelligence & Machine Learning (AI & ML),B.Tech,180,849,2011,Urban,Yes,Yes
1-44641552654,1-44641552654,U-0778,JODHPUR  INSTITUTE OF ENGINEERING & TECHNOLOGY,Active,Rajasthan,Jodhpur,Jodhpur,"JIET UNIVERSE, N.H. -65, PALI ROAD, MOGRA, LUNI",302829,26.225922,73.009365,Private-Self Financing,"BIKANER TECHNICAL UNIVERSITY, RAJASTHAN",Approved,Approved,B++,Yes,,Tier 3,http://www.jodhpur.ac.in,info@jodhpur.ac.in,admissions@jodhpur.ac.in,placement@jodhpur.ac.in,+91-80-294-5056,Cyber Security,B.Tech,60,849,2011,Urban,Yes,Yes
1-44641552654,1-44641552654,U-0778,JODHPUR  INSTITUTE OF ENGINEERING & TECHNOLOGY,Active,Rajasthan,Jodhpur,Jodhpur,"JIET UNIVERSE, N.H. -65, PALI ROAD, MOGRA, LUNI",302829,26.225922,73.009365,Private-Self Financing,"BIKANER TECHNICAL UNIVERSITY, RAJASTHAN",Approved,Approved,B++,Yes,,Tier 3,http://www.jodhpur.ac.in,info@jodhpur.ac.in,admissions@jodhpur.ac.in,placement@jodhpur.ac.in,+91-80-294-5056,Data Science,B.Tech,60,849,2011,Urban,Yes,Yes
1-44641552654,1-44641552654,U-0778,JODHPUR  INSTITUTE OF ENGINEERING & TECHNOLOGY,Active,Rajasthan,Jodhpur,Jodhpur,"JIET UNIVERSE, N.H. -65, PALI ROAD, MOGRA, LUNI",302829,26.225922,73.009365,Private-Self Financing,"BIKANER TECHNICAL UNIVERSITY, RAJASTHAN",Approved,Approved,B++,Yes,,Tier 3,http://www.jodhpur.ac.in,info@jodhpur.ac.in,admissions@jodhpur.ac.in,placement@jodhpur.ac.in,+91-80-294-5056,Other Engineering Branches,B.Tech,60,849,2011,Urban,Yes,Yes
1-44641622765,1-44641622765,U-0855,"CH. GIRDHARI RAM DHAKA POLYTECHNIC COLLEGE, HANUMANGARH",Active,Rajasthan,Hanumangarh,Hanumangarh,"DHAKA TRADERS, 148 B, NEW DHAN MANDI HANUMANGARH RAJASTHAN",302224,27.019478,74.215647,Private-Self Financing,"Board of Technical Education, Jodhpur",Approved,Approved,Not Accredited,No,,Tier 3,http://www.chgirdhariram.ac.in,info@chgirdhariram.ac.in,admissions@chgirdhariram.ac.in,placement@chgirdhariram.ac.in,+91-80-657-5729,Civil Engineering,Diploma,60,300,1994,Urban,Yes,Yes
1-44641622765,1-44641622765,U-0855,"CH. GIRDHARI RAM DHAKA POLYTECHNIC COLLEGE, HANUMANGARH",Active,Rajasthan,Hanumangarh,Hanumangarh,"DHAKA TRADERS, 148 B, NEW DHAN MANDI HANUMANGARH RAJASTHAN",302224,27.019478,74.215647,Private-Self Financing,"Board of Technical Education, Jodhpur",Approved,Approved,Not Accredited,No,,Tier 3,http://www.chgirdhariram.ac.in,info@chgirdhariram.ac.in,admissions@chgirdhariram.ac.in,placement@chgirdhariram.ac.in,+91-80-657-5729,Mechanical Engineering,Diploma,60,300,1994,Urban,Yes,Yes
1-44641622765,1-44641622765,U-0855,"CH. GIRDHARI RAM DHAKA POLYTECHNIC COLLEGE, HANUMANGARH",Active,Rajasthan,Hanumangarh,Hanumangarh,"DHAKA TRADERS, 148 B, NEW DHAN MANDI HANUMANGARH RAJASTHAN",302224,27.019478,74.215647,Private-Self Financing,"Board of Technical Education, Jodhpur",Approved,Approved,Not Accredited,No,,Tier 3,http://www.chgirdhariram.ac.in,info@chgirdhariram.ac.in,admissions@chgirdhariram.ac.in,placement@chgirdhariram.ac.in,+91-80-657-5729,Automobile Engineering,Diploma,60,300,1994,Urban,Yes,Yes
1-44641622765,1-44641622765,U-0855,"CH. GIRDHARI RAM DHAKA POLYTECHNIC COLLEGE, HANUMANGARH",Active,Rajasthan,Hanumangarh,Hanumangarh,"DHAKA TRADERS, 148 B, NEW DHAN MANDI HANUMANGARH RAJASTHAN",302224,27.019478,74.215647,Private-Self Financing,"Board of Technical Education, Jodhpur",Approved,Approved,Not Accredited,No,,Tier 3,http://www.chgirdhariram.ac.in,info@chgirdhariram.ac.in,admissions@chgirdhariram.ac.in,placement@chgirdhariram.ac.in,+91-80-657-5729,Electrical Engineering,Diploma,60,300,1994,Urban,Yes,Yes
1-44641622765,1-44641622765,U-0855,"CH. GIRDHARI RAM DHAKA POLYTECHNIC COLLEGE, HANUMANGARH",Active,Rajasthan,Hanumangarh,Hanumangarh,"DHAKA TRADERS, 148 B, NEW DHAN MANDI HANUMANGARH RAJASTHAN",302224,27.019478,74.215647,Private-Self Financing,"Board of Technical Education, Jodhpur",Approved,Approved,Not Accredited,No,,Tier 3,http://www.chgirdhariram.ac.in,info@chgirdhariram.ac.in,admissions@chgirdhariram.ac.in,placement@chgirdhariram.ac.in,+91-80-657-5729,Other Engineering Branches,Diploma,60,300,1994,Urban,Yes,Yes
1-44642073701,1-44642073701,U-0755,ARYA COLLEGE OF ENGINEERING & INFORMATION TECHNOLOGY,Active,Rajasthan,Jaipur,Jaipur,"SP- 42 KUKAS, RIICO, JAIPUR RAJASTHAN 302028",302028,26.909562,75.789938,Private-Self Financing,"Rajasthan Technical University, Kota",Approved,Approved,A+,Yes,,Tier 2,http://www.aryainformation.ac.in,info@aryainformation.ac.in,admissions@aryainformation.ac.in,placement@aryainformation.ac.in,+91-80-719-8352,Computer Science Engineering (CSE),B.Tech,300,894,2017,Rural,No,No
1-44642073701,1-44642073701,U-0755,ARYA COLLEGE OF ENGINEERING & INFORMATION TECHNOLOGY,Active,Rajasthan,Jaipur,Jaipur,"SP- 42 KUKAS, RIICO, JAIPUR RAJASTHAN 302028",302028,26.909562,75.789938,Private-Self Financing,"Rajasthan Technical University, Kota",Approved,Approved,A+,Yes,,Tier 2,http://www.aryainformation.ac.in,info@aryainformation.ac.in,admissions@aryainformation.ac.in,placement@aryainformation.ac.in,+91-80-719-8352,Electronics & Communication Engineering (ECE),B.Tech,120,894,2017,Rural,No,No
1-44642073701,1-44642073701,U-0755,ARYA COLLEGE OF ENGINEERING & INFORMATION TECHNOLOGY,Active,Rajasthan,Jaipur,Jaipur,"SP- 42 KUKAS, RIICO, JAIPUR RAJASTHAN 302028",302028,26.909562,75.789938,Private-Self Financing,"Rajasthan Technical University, Kota",Approved,Approved,A+,Yes,,Tier 2,http://www.aryainformation.ac.in,info@aryainformation.ac.in,admissions@aryainformation.ac.in,placement@aryainformation.ac.in,+91-80-719-8352,Electrical Engineering,B.Tech,60,894,2017,Rural,No,No
1-44642073701,1-44642073701,U-0755,ARYA COLLEGE OF ENGINEERING & INFORMATION TECHNOLOGY,Active,Rajasthan,Jaipur,Jaipur,"SP- 42 KUKAS, RIICO, JAIPUR RAJASTHAN 302028",302028,26.909562,75.789938,Private-Self Financing,"Rajasthan Technical University, Kota",Approved,Approved,A+,Yes,,Tier 2,http://www.aryainformation.ac.in,info@aryainformation.ac.in,admissions@aryainformation.ac.in,placement@aryainformation.ac.in,+91-80-719-8352,Information Technology (IT),B.Tech,120,894,2017,Rural,No,No
1-44642073701,1-44642073701,U-0755,ARYA COLLEGE OF ENGINEERING & INFORMATION TECHNOLOGY,Active,Rajasthan,Jaipur,Jaipur,"SP- 42 KUKAS, RIICO, JAIPUR RAJASTHAN 302028",302028,26.909562,75.789938,Private-Self Financing,"Rajasthan Technical University, Kota",Approved,Approved,A+,Yes,,Tier 2,http://www.aryainformation.ac.in,info@aryainformation.ac.in,admissions@aryainformation.ac.in,placement@aryainformation.ac.in,+91-80-719-8352,Computer Science Engineering (CSE),M.Tech,18,894,2017,Rural,No,No
1-44642073701,1-44642073701,U-0755,ARYA COLLEGE OF ENGINEERING & INFORMATION TECHNOLOGY,Active,Rajasthan,Jaipur,Jaipur,"SP- 42 KUKAS, RIICO, JAIPUR RAJASTHAN 302028",302028,26.909562,75.789938,Private-Self Financing,"Rajasthan Technical University, Kota",Approved,Approved,A+,Yes,,Tier 2,http://www.aryainformation.ac.in,info@aryainformation.ac.in,admissions@aryainformation.ac.in,placement@aryainformation.ac.in,+91-80-719-8352,Information Technology (IT),M.Tech,18,894,2017,Rural,No,No
1-44642073701,1-44642073701,U-0755,ARYA COLLEGE OF ENGINEERING & INFORMATION TECHNOLOGY,Active,Rajasthan,Jaipur,Jaipur,"SP- 42 KUKAS, RIICO, JAIPUR RAJASTHAN 302028",302028,26.909562,75.789938,Private-Self Financing,"Rajasthan Technical University, Kota",Approved,Approved,A+,Yes,,Tier 2,http://www.aryainformation.ac.in,info@aryainformation.ac.in,admissions@aryainformation.ac.in,placement@aryainformation.ac.in,+91-80-719-8352,Other Engineering Branches,M.Tech,18,894,2017,Rural,No,No
1-44642073701,1-44642073701,U-0755,ARYA COLLEGE OF ENGINEERING & INFORMATION TECHNOLOGY,Active,Rajasthan,Jaipur,Jaipur,"SP- 42 KUKAS, RIICO, JAIPUR RAJASTHAN 302028",302028,26.909562,75.789938,Private-Self Financing,"Rajasthan Technical University, Kota",Approved,Approved,A+,Yes,,Tier 2,http://www.aryainformation.ac.in,info@aryainformation.ac.in,admissions@aryainformation.ac.in,placement@aryainformation.ac.in,+91-80-719-8352,Mechanical Engineering,B.Tech,60,894,2017,Rural,No,No
1-44642073701,1-44642073701,U-0755,ARYA COLLEGE OF ENGINEERING & INFORMATION TECHNOLOGY,Active,Rajasthan,Jaipur,Jaipur,"SP- 42 KUKAS, RIICO, JAIPUR RAJASTHAN 302028",302028,26.909562,75.789938,Private-Self Financing,"Rajasthan Technical University, Kota",Approved,Approved,A+,Yes,,Tier 2,http://www.aryainformation.ac.in,info@aryainformation.ac.in,admissions@aryainformation.ac.in,placement@aryainformation.ac.in,+91-80-719-8352,Data Science,B.Tech,180,894,2017,Rural,No,No
1-44642216501,1-44642216501,U-0192,"BHARTIYA INSTITUTE OF ENGINEERING & TECHNOLOGY, SIKAR",Active,Rajasthan,Sikar,Sikar,"PO-BAJAJGRAM SANWALI, POST BOX NO-11, CHANDPURA, SIKAR, RAJASTHAN",302058,27.025503,74.23067,Private-Self Financing,"BIKANER TECHNICAL UNIVERSITY, BIKANER",Approved,Approved,Not Accredited,No,,Tier 3,http://www.bhartiyasikar.ac.in,info@bhartiyasikar.ac.in,admissions@bhartiyasikar.ac.in,placement@bhartiyasikar.ac.in,+91-80-910-3057,Computer Science Engineering (CSE),B.Tech,60,300,2009,Urban,No,Yes
1-44642216501,1-44642216501,U-0192,"BHARTIYA INSTITUTE OF ENGINEERING & TECHNOLOGY, SIKAR",Active,Rajasthan,Sikar,Sikar,"PO-BAJAJGRAM SANWALI, POST BOX NO-11, CHANDPURA, SIKAR, RAJASTHAN",302058,27.025503,74.23067,Private-Self Financing,"BIKANER TECHNICAL UNIVERSITY, BIKANER",Approved,Approved,Not Accredited,No,,Tier 3,http://www.bhartiyasikar.ac.in,info@bhartiyasikar.ac.in,admissions@bhartiyasikar.ac.in,placement@bhartiyasikar.ac.in,+91-80-910-3057,Mechanical Engineering,B.Tech,60,300,2009,Urban,No,Yes
1-44642216501,1-44642216501,U-0192,"BHARTIYA INSTITUTE OF ENGINEERING & TECHNOLOGY, SIKAR",Active,Rajasthan,Sikar,Sikar,"PO-BAJAJGRAM SANWALI, POST BOX NO-11, CHANDPURA, SIKAR, RAJASTHAN",302058,27.025503,74.23067,Private-Self Financing,"BIKANER TECHNICAL UNIVERSITY, BIKANER",Approved,Approved,Not Accredited,No,,Tier 3,http://www.bhartiyasikar.ac.in,info@bhartiyasikar.ac.in,admissions@bhartiyasikar.ac.in,placement@bhartiyasikar.ac.in,+91-80-910-3057,Civil Engineering,B.Tech,120,300,2009,Urban,No,Yes
1-44642216501,1-44642216501,U-0192,"BHARTIYA INSTITUTE OF ENGINEERING & TECHNOLOGY, SIKAR",Active,Rajasthan,Sikar,Sikar,"PO-BAJAJGRAM SANWALI, POST BOX NO-11, CHANDPURA, SIKAR, RAJASTHAN",302058,27.025503,74.23067,Private-Self Financing,"BIKANER TECHNICAL UNIVERSITY, BIKANER",Approved,Approved,Not Accredited,No,,Tier 3,http://www.bhartiyasikar.ac.in,info@bhartiyasikar.ac.in,admissions@bhartiyasikar.ac.in,placement@bhartiyasikar.ac.in,+91-80-910-3057,Electrical Engineering,B.Tech,60,300,2009,Urban,No,Yes
1-44641905978,1-44641905978,U-0192,VYAS INSTITUTE OF ENGINEERING AND TECHNOLOGY,Active,Rajasthan,Jodhpur,Jodhpur,"NEAR KUDI HOD, VILLAGE JHALAMAND, PALI ROAD, JODHPUR-342005",342005,26.252722,73.024605,Private-Self Financing,"BIKANER TECHNICAL UNIVERSITY, BIKANER",Approved,Approved,Not Accredited,No,,Tier 3,http://www.vyas.ac.in,info@vyas.ac.in,admissions@vyas.ac.in,placement@vyas.ac.in,+91-80-418-5857,Computer Science Engineering (CSE),B.Tech,30,156,2003,Urban,Yes,Yes
1-44641905978,1-44641905978,U-0192,VYAS INSTITUTE OF ENGINEERING AND TECHNOLOGY,Active,Rajasthan,Jodhpur,Jodhpur,"NEAR KUDI HOD, VILLAGE JHALAMAND, PALI ROAD, JODHPUR-342005",342005,26.252722,73.024605,Private-Self Financing,"BIKANER TECHNICAL UNIVERSITY, BIKANER",Approved,Approved,Not Accredited,No,,Tier 3,http://www.vyas.ac.in,info@vyas.ac.in,admissions@vyas.ac.in,placement@vyas.ac.in,+91-80-418-5857,Electronics & Communication Engineering (ECE),B.Tech,30,156,2003,Urban,Yes,Yes
1-44641905978,1-44641905978,U-0192,VYAS INSTITUTE OF ENGINEERING AND TECHNOLOGY,Active,Rajasthan,Jodhpur,Jodhpur,"NEAR KUDI HOD, VILLAGE JHALAMAND, PALI ROAD, JODHPUR-342005",342005,26.252722,73.024605,Private-Self Financing,"BIKANER TECHNICAL UNIVERSITY, BIKANER",Approved,Approved,Not Accredited,No,,Tier 3,http://www.vyas.ac.in,info@vyas.ac.in,admissions@vyas.ac.in,placement@vyas.ac.in,+91-80-418-5857,Mechanical Engineering,B.Tech,48,156,2003,Urban,Yes,Yes
1-44641905978,1-44641905978,U-0192,VYAS INSTITUTE OF ENGINEERING AND TECHNOLOGY,Active,Rajasthan,Jodhpur,Jodhpur,"NEAR KUDI HOD, VILLAGE JHALAMAND, PALI ROAD, JODHPUR-342005",342005,26.252722,73.024605,Private-Self Financing,"BIKANER TECHNICAL UNIVERSITY, BIKANER",Approved,Approved,Not Accredited,No,,Tier 3,http://www.vyas.ac.in,info@vyas.ac.in,admissions@vyas.ac.in,placement@vyas.ac.in,+91-80-418-5857,Electrical Engineering,B.Tech,48,156,2003,Urban,Yes,Yes
1-44642228029,1-44642228029,U-0192,GOVT. MAHILA ENGINEERING COLLEGE AJMER,Active,Rajasthan,Ajmer,Ajmer,NASIRABAD ROAD MAKHUPURA AJMER,302403,27.03482,74.221568,Government,"BIKANER TECHNICAL UNIVERSITY, BIKANER",Approved,Approved,B,No,,Tier 3,http://www.govtmahilaajmer.ac.in,info@govtmahilaajmer.ac.in,admissions@govtmahilaajmer.ac.in,placement@govtmahilaajmer.ac.in,+91-80-301-0583,Electrical & Electronics Engineering (EEE),B.Tech,60,528,2017,Urban,Yes,No
1-44642228029,1-44642228029,U-0192,GOVT. MAHILA ENGINEERING COLLEGE AJMER,Active,Rajasthan,Ajmer,Ajmer,NASIRABAD ROAD MAKHUPURA AJMER,302403,27.03482,74.221568,Government,"BIKANER TECHNICAL UNIVERSITY, BIKANER",Approved,Approved,B,No,,Tier 3,http://www.govtmahilaajmer.ac.in,info@govtmahilaajmer.ac.in,admissions@govtmahilaajmer.ac.in,placement@govtmahilaajmer.ac.in,+91-80-301-0583,Electronics & Communication Engineering (ECE),B.Tech,60,528,2017,Urban,Yes,No
1-44642228029,1-44642228029,U-0192,GOVT. MAHILA ENGINEERING COLLEGE AJMER,Active,Rajasthan,Ajmer,Ajmer,NASIRABAD ROAD MAKHUPURA AJMER,302403,27.03482,74.221568,Government,"BIKANER TECHNICAL UNIVERSITY, BIKANER",Approved,Approved,B,No,,Tier 3,http://www.govtmahilaajmer.ac.in,info@govtmahilaajmer.ac.in,admissions@govtmahilaajmer.ac.in,placement@govtmahilaajmer.ac.in,+91-80-301-0583,Information Technology (IT),B.Tech,60,528,2017,Urban,Yes,No
1-44642228029,1-44642228029,U-0192,GOVT. MAHILA ENGINEERING COLLEGE AJMER,Active,Rajasthan,Ajmer,Ajmer,NASIRABAD ROAD MAKHUPURA AJMER,302403,27.03482,74.221568,Government,"BIKANER TECHNICAL UNIVERSITY, BIKANER",Approved,Approved,B,No,,Tier 3,http://www.govtmahilaajmer.ac.in,info@govtmahilaajmer.ac.in,admissions@govtmahilaajmer.ac.in,placement@govtmahilaajmer.ac.in,+91-80-301-0583,Electrical Engineering,B.Tech,60,528,2017,Urban,Yes,No
1-44642228029,1-44642228029,U-0192,GOVT. MAHILA ENGINEERING COLLEGE AJMER,Active,Rajasthan,Ajmer,Ajmer,NASIRABAD ROAD MAKHUPURA AJMER,302403,27.03482,74.221568,Government,"BIKANER TECHNICAL UNIVERSITY, BIKANER",Approved,Approved,B,No,,Tier 3,http://www.govtmahilaajmer.ac.in,info@govtmahilaajmer.ac.in,admissions@govtmahilaajmer.ac.in,placement@govtmahilaajmer.ac.in,+91-80-301-0583,Computer Science Engineering (CSE),M.Tech,24,528,2017,Urban,Yes,No
1-44642228029,1-44642228029,U-0192,GOVT. MAHILA ENGINEERING COLLEGE AJMER,Active,Rajasthan,Ajmer,Ajmer,NASIRABAD ROAD MAKHUPURA AJMER,302403,27.03482,74.221568,Government,"BIKANER TECHNICAL UNIVERSITY, BIKANER",Approved,Approved,B,No,,Tier 3,http://www.govtmahilaajmer.ac.in,info@govtmahilaajmer.ac.in,admissions@govtmahilaajmer.ac.in,placement@govtmahilaajmer.ac.in,+91-80-301-0583,Other Engineering Branches,M.Tech,12,528,2017,Urban,Yes,No
1-44642228029,1-44642228029,U-0192,GOVT. MAHILA ENGINEERING COLLEGE AJMER,Active,Rajasthan,Ajmer,Ajmer,NASIRABAD ROAD MAKHUPURA AJMER,302403,27.03482,74.221568,Government,"BIKANER TECHNICAL UNIVERSITY, BIKANER",Approved,Approved,B,No,,Tier 3,http://www.govtmahilaajmer.ac.in,info@govtmahilaajmer.ac.in,admissions@govtmahilaajmer.ac.in,placement@govtmahilaajmer.ac.in,+91-80-301-0583,Information Technology (IT),M.Tech,12,528,2017,Urban,Yes,No
1-44642228029,1-44642228029,U-0192,GOVT. MAHILA ENGINEERING COLLEGE AJMER,Active,Rajasthan,Ajmer,Ajmer,NASIRABAD ROAD MAKHUPURA AJMER,302403,27.03482,74.221568,Government,"BIKANER TECHNICAL UNIVERSITY, BIKANER",Approved,Approved,B,No,,Tier 3,http://www.govtmahilaajmer.ac.in,info@govtmahilaajmer.ac.in,admissions@govtmahilaajmer.ac.in,placement@govtmahilaajmer.ac.in,+91-80-301-0583,Computer Science Engineering (CSE),B.Tech,150,528,2017,Urban,Yes,No
1-44642228029,1-44642228029,U-0192,GOVT. MAHILA ENGINEERING COLLEGE AJMER,Active,Rajasthan,Ajmer,Ajmer,NASIRABAD ROAD MAKHUPURA AJMER,302403,27.03482,74.221568,Government,"BIKANER TECHNICAL UNIVERSITY, BIKANER",Approved,Approved,B,No,,Tier 3,http://www.govtmahilaajmer.ac.in,info@govtmahilaajmer.ac.in,admissions@govtmahilaajmer.ac.in,placement@govtmahilaajmer.ac.in,+91-80-301-0583,Mechanical Engineering,B.Tech,30,528,2017,Urban,Yes,No
1-44642228029,1-44642228029,U-0192,GOVT. MAHILA ENGINEERING COLLEGE AJMER,Active,Rajasthan,Ajmer,Ajmer,NASIRABAD ROAD MAKHUPURA AJMER,302403,27.03482,74.221568,Government,"BIKANER TECHNICAL UNIVERSITY, BIKANER",Approved,Approved,B,No,,Tier 3,http://www.govtmahilaajmer.ac.in,info@govtmahilaajmer.ac.in,admissions@govtmahilaajmer.ac.in,placement@govtmahilaajmer.ac.in,+91-80-301-0583,Artificial Intelligence & Machine Learning (AI & ML),B.Tech,30,528,2017,Urban,Yes,No
1-44642228029,1-44642228029,U-0192,GOVT. MAHILA ENGINEERING COLLEGE AJMER,Active,Rajasthan,Ajmer,Ajmer,NASIRABAD ROAD MAKHUPURA AJMER,302403,27.03482,74.221568,Government,"BIKANER TECHNICAL UNIVERSITY, BIKANER",Approved,Approved,B,No,,Tier 3,http://www.govtmahilaajmer.ac.in,info@govtmahilaajmer.ac.in,admissions@govtmahilaajmer.ac.in,placement@govtmahilaajmer.ac.in,+91-80-301-0583,Cyber Security,B.Tech,30,528,2017,Urban,Yes,No
1-44641579291,1-44641579291,U-0197,"GOVT. POLYTECHNIC COLLEGE, BANSWARA(RAJ)",Active,Rajasthan,Banswara,Banswara,VILLEGE-LODHA OPP MAYUR MILL,302329,27.028255,74.205788,Government,"Board of Technical Education And Directorate Of Technical Education, Jodhpur",Approved,Approved,B++,Yes,,Tier 3,http://www.govtbanswararaj.ac.in,info@govtbanswararaj.ac.in,admissions@govtbanswararaj.ac.in,placement@govtbanswararaj.ac.in,+91-80-025-7202,Civil Engineering,Diploma,60,140,1990,Urban,Yes,Yes
1-44641579291,1-44641579291,U-0197,"GOVT. POLYTECHNIC COLLEGE, BANSWARA(RAJ)",Active,Rajasthan,Banswara,Banswara,VILLEGE-LODHA OPP MAYUR MILL,302329,27.028255,74.205788,Government,"Board of Technical Education And Directorate Of Technical Education, Jodhpur",Approved,Approved,B++,Yes,,Tier 3,http://www.govtbanswararaj.ac.in,info@govtbanswararaj.ac.in,admissions@govtbanswararaj.ac.in,placement@govtbanswararaj.ac.in,+91-80-025-7202,Mechanical Engineering,Diploma,40,140,1990,Urban,Yes,Yes
1-44641579291,1-44641579291,U-0197,"GOVT. POLYTECHNIC COLLEGE, BANSWARA(RAJ)",Active,Rajasthan,Banswara,Banswara,VILLEGE-LODHA OPP MAYUR MILL,302329,27.028255,74.205788,Government,"Board of Technical Education And Directorate Of Technical Education, Jodhpur",Approved,Approved,B++,Yes,,Tier 3,http://www.govtbanswararaj.ac.in,info@govtbanswararaj.ac.in,admissions@govtbanswararaj.ac.in,placement@govtbanswararaj.ac.in,+91-80-025-7202,Electrical Engineering,Diploma,40,140,1990,Urban,Yes,Yes
1-44642368433,1-44642368433,U-0830,MBM UNIVERSITY JODHPUR,Active,Rajasthan,Jodhpur,Jodhpur,"MBM UNIVERSITY, JODHPUR, RAJASTHAN 342011",342011,26.232523,73.009442,State Government University,"MBM UNIVERSITY, JODHPUR",Approved,Approved,B++,Yes,,Tier 3,http://www.mbmjodhpur.ac.in,info@mbmjodhpur.ac.in,admissions@mbmjodhpur.ac.in,placement@mbmjodhpur.ac.in,+91-80-571-3696,Computer Science Engineering (CSE),B.Tech,120,1142,1998,Urban,Yes,Yes
1-44642368433,1-44642368433,U-0830,MBM UNIVERSITY JODHPUR,Active,Rajasthan,Jodhpur,Jodhpur,"MBM UNIVERSITY, JODHPUR, RAJASTHAN 342011",342011,26.232523,73.009442,State Government University,"MBM UNIVERSITY, JODHPUR",Approved,Approved,B++,Yes,,Tier 3,http://www.mbmjodhpur.ac.in,info@mbmjodhpur.ac.in,admissions@mbmjodhpur.ac.in,placement@mbmjodhpur.ac.in,+91-80-571-3696,Electrical & Electronics Engineering (EEE),B.Tech,60,1142,1998,Urban,Yes,Yes
1-44642368433,1-44642368433,U-0830,MBM UNIVERSITY JODHPUR,Active,Rajasthan,Jodhpur,Jodhpur,"MBM UNIVERSITY, JODHPUR, RAJASTHAN 342011",342011,26.232523,73.009442,State Government University,"MBM UNIVERSITY, JODHPUR",Approved,Approved,B++,Yes,,Tier 3,http://www.mbmjodhpur.ac.in,info@mbmjodhpur.ac.in,admissions@mbmjodhpur.ac.in,placement@mbmjodhpur.ac.in,+91-80-571-3696,Electronics & Communication Engineering (ECE),B.Tech,60,1142,1998,Urban,Yes,Yes
1-44642368433,1-44642368433,U-0830,MBM UNIVERSITY JODHPUR,Active,Rajasthan,Jodhpur,Jodhpur,"MBM UNIVERSITY, JODHPUR, RAJASTHAN 342011",342011,26.232523,73.009442,State Government University,"MBM UNIVERSITY, JODHPUR",Approved,Approved,B++,Yes,,Tier 3,http://www.mbmjodhpur.ac.in,info@mbmjodhpur.ac.in,admissions@mbmjodhpur.ac.in,placement@mbmjodhpur.ac.in,+91-80-571-3696,Civil Engineering,B.Tech,120,1142,1998,Urban,Yes,Yes
1-44642368433,1-44642368433,U-0830,MBM UNIVERSITY JODHPUR,Active,Rajasthan,Jodhpur,Jodhpur,"MBM UNIVERSITY, JODHPUR, RAJASTHAN 342011",342011,26.232523,73.009442,State Government University,"MBM UNIVERSITY, JODHPUR",Approved,Approved,B++,Yes,,Tier 3,http://www.mbmjodhpur.ac.in,info@mbmjodhpur.ac.in,admissions@mbmjodhpur.ac.in,placement@mbmjodhpur.ac.in,+91-80-571-3696,Mechanical Engineering,B.Tech,60,1142,1998,Urban,Yes,Yes
1-44642368433,1-44642368433,U-0830,MBM UNIVERSITY JODHPUR,Active,Rajasthan,Jodhpur,Jodhpur,"MBM UNIVERSITY, JODHPUR, RAJASTHAN 342011",342011,26.232523,73.009442,State Government University,"MBM UNIVERSITY, JODHPUR",Approved,Approved,B++,Yes,,Tier 3,http://www.mbmjodhpur.ac.in,info@mbmjodhpur.ac.in,admissions@mbmjodhpur.ac.in,placement@mbmjodhpur.ac.in,+91-80-571-3696,Chemical Engineering,B.Tech,30,1142,1998,Urban,Yes,Yes
1-44642368433,1-44642368433,U-0830,MBM UNIVERSITY JODHPUR,Active,Rajasthan,Jodhpur,Jodhpur,"MBM UNIVERSITY, JODHPUR, RAJASTHAN 342011",342011,26.232523,73.009442,State Government University,"MBM UNIVERSITY, JODHPUR",Approved,Approved,B++,Yes,,Tier 3,http://www.mbmjodhpur.ac.in,info@mbmjodhpur.ac.in,admissions@mbmjodhpur.ac.in,placement@mbmjodhpur.ac.in,+91-80-571-3696,Mining Engineering,B.Tech,60,1142,1998,Urban,Yes,Yes
1-44642368433,1-44642368433,U-0830,MBM UNIVERSITY JODHPUR,Active,Rajasthan,Jodhpur,Jodhpur,"MBM UNIVERSITY, JODHPUR, RAJASTHAN 342011",342011,26.232523,73.009442,State Government University,"MBM UNIVERSITY, JODHPUR",Approved,Approved,B++,Yes,,Tier 3,http://www.mbmjodhpur.ac.in,info@mbmjodhpur.ac.in,admissions@mbmjodhpur.ac.in,placement@mbmjodhpur.ac.in,+91-80-571-3696,Electrical Engineering,B.Tech,60,1142,1998,Urban,Yes,Yes
1-44642368433,1-44642368433,U-0830,MBM UNIVERSITY JODHPUR,Active,Rajasthan,Jodhpur,Jodhpur,"MBM UNIVERSITY, JODHPUR, RAJASTHAN 342011",342011,26.232523,73.009442,State Government University,"MBM UNIVERSITY, JODHPUR",Approved,Approved,B++,Yes,,Tier 3,http://www.mbmjodhpur.ac.in,info@mbmjodhpur.ac.in,admissions@mbmjodhpur.ac.in,placement@mbmjodhpur.ac.in,+91-80-571-3696,Other Engineering Branches,B.Tech,150,1142,1998,Urban,Yes,Yes
1-44642368433,1-44642368433,U-0830,MBM UNIVERSITY JODHPUR,Active,Rajasthan,Jodhpur,Jodhpur,"MBM UNIVERSITY, JODHPUR, RAJASTHAN 342011",342011,26.232523,73.009442,State Government University,"MBM UNIVERSITY, JODHPUR",Approved,Approved,B++,Yes,,Tier 3,http://www.mbmjodhpur.ac.in,info@mbmjodhpur.ac.in,admissions@mbmjodhpur.ac.in,placement@mbmjodhpur.ac.in,+91-80-571-3696,Information Technology (IT),B.Tech,60,1142,1998,Urban,Yes,Yes
1-44642368433,1-44642368433,U-0830,MBM UNIVERSITY JODHPUR,Active,Rajasthan,Jodhpur,Jodhpur,"MBM UNIVERSITY, JODHPUR, RAJASTHAN 342011",342011,26.232523,73.009442,State Government University,"MBM UNIVERSITY, JODHPUR",Approved,Approved,B++,Yes,,Tier 3,http://www.mbmjodhpur.ac.in,info@mbmjodhpur.ac.in,admissions@mbmjodhpur.ac.in,placement@mbmjodhpur.ac.in,+91-80-571-3696,Information Technology (IT),M.Tech,20,1142,1998,Urban,Yes,Yes
1-44642368433,1-44642368433,U-0830,MBM UNIVERSITY JODHPUR,Active,Rajasthan,Jodhpur,Jodhpur,"MBM UNIVERSITY, JODHPUR, RAJASTHAN 342011",342011,26.232523,73.009442,State Government University,"MBM UNIVERSITY, JODHPUR",Approved,Approved,B++,Yes,,Tier 3,http://www.mbmjodhpur.ac.in,info@mbmjodhpur.ac.in,admissions@mbmjodhpur.ac.in,placement@mbmjodhpur.ac.in,+91-80-571-3696,Computer Science Engineering (CSE),M.Tech,36,1142,1998,Urban,Yes,Yes
1-44642368433,1-44642368433,U-0830,MBM UNIVERSITY JODHPUR,Active,Rajasthan,Jodhpur,Jodhpur,"MBM UNIVERSITY, JODHPUR, RAJASTHAN 342011",342011,26.232523,73.009442,State Government University,"MBM UNIVERSITY, JODHPUR",Approved,Approved,B++,Yes,,Tier 3,http://www.mbmjodhpur.ac.in,info@mbmjodhpur.ac.in,admissions@mbmjodhpur.ac.in,placement@mbmjodhpur.ac.in,+91-80-571-3696,Other Engineering Branches,M.Tech,216,1142,1998,Urban,Yes,Yes
1-44642368433,1-44642368433,U-0830,MBM UNIVERSITY JODHPUR,Active,Rajasthan,Jodhpur,Jodhpur,"MBM UNIVERSITY, JODHPUR, RAJASTHAN 342011",342011,26.232523,73.009442,State Government University,"MBM UNIVERSITY, JODHPUR",Approved,Approved,B++,Yes,,Tier 3,http://www.mbmjodhpur.ac.in,info@mbmjodhpur.ac.in,admissions@mbmjodhpur.ac.in,placement@mbmjodhpur.ac.in,+91-80-571-3696,Mining Engineering,M.Tech,12,1142,1998,Urban,Yes,Yes
1-44642368433,1-44642368433,U-0830,MBM UNIVERSITY JODHPUR,Active,Rajasthan,Jodhpur,Jodhpur,"MBM UNIVERSITY, JODHPUR, RAJASTHAN 342011",342011,26.232523,73.009442,State Government University,"MBM UNIVERSITY, JODHPUR",Approved,Approved,B++,Yes,,Tier 3,http://www.mbmjodhpur.ac.in,info@mbmjodhpur.ac.in,admissions@mbmjodhpur.ac.in,placement@mbmjodhpur.ac.in,+91-80-571-3696,Data Science,B.Tech,60,1142,1998,Urban,Yes,Yes
1-44642368433,1-44642368433,U-0830,MBM UNIVERSITY JODHPUR,Active,Rajasthan,Jodhpur,Jodhpur,"MBM UNIVERSITY, JODHPUR, RAJASTHAN 342011",342011,26.232523,73.009442,State Government University,"MBM UNIVERSITY, JODHPUR",Approved,Approved,B++,Yes,,Tier 3,http://www.mbmjodhpur.ac.in,info@mbmjodhpur.ac.in,admissions@mbmjodhpur.ac.in,placement@mbmjodhpur.ac.in,+91-80-571-3696,Chemical Engineering,M.Tech,18,1142,1998,Urban,Yes,Yes
1-44641910374,1-44641910374,U-0490,MODY UNIVERSITY OF SCIENCE AND TECHNOLOGY,Active,Rajasthan,Sikar,Sikar,MODY INSTITUTE OF TECHNOLOGY & SCIENCE NATIONAL HIGHWAY -11,302058,27.043773,74.199248,State Private University,MODY UNIVERSITY OF SCIENCE AND TECHNOLOGY,Approved,Approved,B,Yes,,Tier 3,http://www.modyscience.ac.in,info@modyscience.ac.in,admissions@modyscience.ac.in,placement@modyscience.ac.in,+91-80-676-5448,Electrical Engineering,B.Tech,30,411,1988,Urban,No,Yes
1-44641910374,1-44641910374,U-0490,MODY UNIVERSITY OF SCIENCE AND TECHNOLOGY,Active,Rajasthan,Sikar,Sikar,MODY INSTITUTE OF TECHNOLOGY & SCIENCE NATIONAL HIGHWAY -11,302058,27.043773,74.199248,State Private University,MODY UNIVERSITY OF SCIENCE AND TECHNOLOGY,Approved,Approved,B,Yes,,Tier 3,http://www.modyscience.ac.in,info@modyscience.ac.in,admissions@modyscience.ac.in,placement@modyscience.ac.in,+91-80-676-5448,Electronics & Communication Engineering (ECE),B.Tech,30,411,1988,Urban,No,Yes
1-44641910374,1-44641910374,U-0490,MODY UNIVERSITY OF SCIENCE AND TECHNOLOGY,Active,Rajasthan,Sikar,Sikar,MODY INSTITUTE OF TECHNOLOGY & SCIENCE NATIONAL HIGHWAY -11,302058,27.043773,74.199248,State Private University,MODY UNIVERSITY OF SCIENCE AND TECHNOLOGY,Approved,Approved,B,Yes,,Tier 3,http://www.modyscience.ac.in,info@modyscience.ac.in,admissions@modyscience.ac.in,placement@modyscience.ac.in,+91-80-676-5448,Mechanical Engineering,B.Tech,15,411,1988,Urban,No,Yes
1-44641910374,1-44641910374,U-0490,MODY UNIVERSITY OF SCIENCE AND TECHNOLOGY,Active,Rajasthan,Sikar,Sikar,MODY INSTITUTE OF TECHNOLOGY & SCIENCE NATIONAL HIGHWAY -11,302058,27.043773,74.199248,State Private University,MODY UNIVERSITY OF SCIENCE AND TECHNOLOGY,Approved,Approved,B,Yes,,Tier 3,http://www.modyscience.ac.in,info@modyscience.ac.in,admissions@modyscience.ac.in,placement@modyscience.ac.in,+91-80-676-5448,Computer Science Engineering (CSE),M.Tech,9,411,1988,Urban,No,Yes
1-44641910374,1-44641910374,U-0490,MODY UNIVERSITY OF SCIENCE AND TECHNOLOGY,Active,Rajasthan,Sikar,Sikar,MODY INSTITUTE OF TECHNOLOGY & SCIENCE NATIONAL HIGHWAY -11,302058,27.043773,74.199248,State Private University,MODY UNIVERSITY OF SCIENCE AND TECHNOLOGY,Approved,Approved,B,Yes,,Tier 3,http://www.modyscience.ac.in,info@modyscience.ac.in,admissions@modyscience.ac.in,placement@modyscience.ac.in,+91-80-676-5448,Other Engineering Branches,M.Tech,27,411,1988,Urban,No,Yes
1-44641910374,1-44641910374,U-0490,MODY UNIVERSITY OF SCIENCE AND TECHNOLOGY,Active,Rajasthan,Sikar,Sikar,MODY INSTITUTE OF TECHNOLOGY & SCIENCE NATIONAL HIGHWAY -11,302058,27.043773,74.199248,State Private University,MODY UNIVERSITY OF SCIENCE AND TECHNOLOGY,Approved,Approved,B,Yes,,Tier 3,http://www.modyscience.ac.in,info@modyscience.ac.in,admissions@modyscience.ac.in,placement@modyscience.ac.in,+91-80-676-5448,Computer Science Engineering (CSE),B.Tech,240,411,1988,Urban,No,Yes
1-44641910374,1-44641910374,U-0490,MODY UNIVERSITY OF SCIENCE AND TECHNOLOGY,Active,Rajasthan,Sikar,Sikar,MODY INSTITUTE OF TECHNOLOGY & SCIENCE NATIONAL HIGHWAY -11,302058,27.043773,74.199248,State Private University,MODY UNIVERSITY OF SCIENCE AND TECHNOLOGY,Approved,Approved,B,Yes,,Tier 3,http://www.modyscience.ac.in,info@modyscience.ac.in,admissions@modyscience.ac.in,placement@modyscience.ac.in,+91-80-676-5448,Other Engineering Branches,B.Tech,30,411,1988,Urban,No,Yes
1-44641910374,1-44641910374,U-0490,MODY UNIVERSITY OF SCIENCE AND TECHNOLOGY,Active,Rajasthan,Sikar,Sikar,MODY INSTITUTE OF TECHNOLOGY & SCIENCE NATIONAL HIGHWAY -11,302058,27.043773,74.199248,State Private University,MODY UNIVERSITY OF SCIENCE AND TECHNOLOGY,Approved,Approved,B,Yes,,Tier 3,http://www.modyscience.ac.in,info@modyscience.ac.in,admissions@modyscience.ac.in,placement@modyscience.ac.in,+91-80-676-5448,Biotechnology,B.Tech,30,411,1988,Urban,No,Yes
1-44642376310,1-44642376310,U-0850,LACHOO MEMORIAL COLLEGE OF SCIENCE AND TECHNOLOGY,Active,Rajasthan,Jodhpur,Jodhpur,A SECTOR SHASTRI NAGAR,302829,26.257118,73.018863,Private-Self Financing,"Jai Narain Vyas University, Jodhpur",Approved,Approved,Not Accredited,No,,Tier 3,http://www.lachoomemorialscience.ac.in,info@lachoomemorialscience.ac.in,admissions@lachoomemorialscience.ac.in,placement@lachoomemorialscience.ac.in,+91-80-602-9789,Computer Science Engineering (CSE),B.Tech,120,360,1980,Urban,Yes,Yes
1-44642376310,1-44642376310,U-0850,LACHOO MEMORIAL COLLEGE OF SCIENCE AND TECHNOLOGY,Active,Rajasthan,Jodhpur,Jodhpur,A SECTOR SHASTRI NAGAR,302829,26.257118,73.018863,Private-Self Financing,"Jai Narain Vyas University, Jodhpur",Approved,Approved,Not Accredited,No,,Tier 3,http://www.lachoomemorialscience.ac.in,info@lachoomemorialscience.ac.in,admissions@lachoomemorialscience.ac.in,placement@lachoomemorialscience.ac.in,+91-80-602-9789,Artificial Intelligence & Machine Learning (AI & ML),B.Tech,120,360,1980,Urban,Yes,Yes
1-44642376310,1-44642376310,U-0850,LACHOO MEMORIAL COLLEGE OF SCIENCE AND TECHNOLOGY,Active,Rajasthan,Jodhpur,Jodhpur,A SECTOR SHASTRI NAGAR,302829,26.257118,73.018863,Private-Self Financing,"Jai Narain Vyas University, Jodhpur",Approved,Approved,Not Accredited,No,,Tier 3,http://www.lachoomemorialscience.ac.in,info@lachoomemorialscience.ac.in,admissions@lachoomemorialscience.ac.in,placement@lachoomemorialscience.ac.in,+91-80-602-9789,Information Technology (IT),B.Tech,60,360,1980,Urban,Yes,Yes
1-44642376310,1-44642376310,U-0850,LACHOO MEMORIAL COLLEGE OF SCIENCE AND TECHNOLOGY,Active,Rajasthan,Jodhpur,Jodhpur,A SECTOR SHASTRI NAGAR,302829,26.257118,73.018863,Private-Self Financing,"Jai Narain Vyas University, Jodhpur",Approved,Approved,Not Accredited,No,,Tier 3,http://www.lachoomemorialscience.ac.in,info@lachoomemorialscience.ac.in,admissions@lachoomemorialscience.ac.in,placement@lachoomemorialscience.ac.in,+91-80-602-9789,Electronics & Communication Engineering (ECE),B.Tech,60,360,1980,Urban,Yes,Yes
1-44641875362,1-44641875362,U-0192,LAXMI DEVI INSTITUTE OF ENGINEERING AND TECHNOLOGY,Active,Rajasthan,Alwar,Alwar,"ALWAR -TIJARA - DELHI HIGHWAY, CHIKANI, ALWAR, RAJASTHAN",302505,27.039991,74.230509,Private-Self Financing,"BIKANER TECHNICAL UNIVERSITY, BIKANER",Approved,Approved,B,Yes,,Tier 3,http://www.laxmidevi.ac.in,info@laxmidevi.ac.in,admissions@laxmidevi.ac.in,placement@laxmidevi.ac.in,+91-80-517-9728,Electrical Engineering,B.Tech,60,318,1987,Urban,Yes,Yes
1-44641875362,1-44641875362,U-0192,LAXMI DEVI INSTITUTE OF ENGINEERING AND TECHNOLOGY,Active,Rajasthan,Alwar,Alwar,"ALWAR -TIJARA - DELHI HIGHWAY, CHIKANI, ALWAR, RAJASTHAN",302505,27.039991,74.230509,Private-Self Financing,"BIKANER TECHNICAL UNIVERSITY, BIKANER",Approved,Approved,B,Yes,,Tier 3,http://www.laxmidevi.ac.in,info@laxmidevi.ac.in,admissions@laxmidevi.ac.in,placement@laxmidevi.ac.in,+91-80-517-9728,Mechanical Engineering,B.Tech,60,318,1987,Urban,Yes,Yes
1-44641875362,1-44641875362,U-0192,LAXMI DEVI INSTITUTE OF ENGINEERING AND TECHNOLOGY,Active,Rajasthan,Alwar,Alwar,"ALWAR -TIJARA - DELHI HIGHWAY, CHIKANI, ALWAR, RAJASTHAN",302505,27.039991,74.230509,Private-Self Financing,"BIKANER TECHNICAL UNIVERSITY, BIKANER",Approved,Approved,B,Yes,,Tier 3,http://www.laxmidevi.ac.in,info@laxmidevi.ac.in,admissions@laxmidevi.ac.in,placement@laxmidevi.ac.in,+91-80-517-9728,Civil Engineering,B.Tech,60,318,1987,Urban,Yes,Yes
1-44641875362,1-44641875362,U-0192,LAXMI DEVI INSTITUTE OF ENGINEERING AND TECHNOLOGY,Active,Rajasthan,Alwar,Alwar,"ALWAR -TIJARA - DELHI HIGHWAY, CHIKANI, ALWAR, RAJASTHAN",302505,27.039991,74.230509,Private-Self Financing,"BIKANER TECHNICAL UNIVERSITY, BIKANER",Approved,Approved,B,Yes,,Tier 3,http://www.laxmidevi.ac.in,info@laxmidevi.ac.in,admissions@laxmidevi.ac.in,placement@laxmidevi.ac.in,+91-80-517-9728,Computer Science Engineering (CSE),M.Tech,18,318,1987,Urban,Yes,Yes
1-44641875362,1-44641875362,U-0192,LAXMI DEVI INSTITUTE OF ENGINEERING AND TECHNOLOGY,Active,Rajasthan,Alwar,Alwar,"ALWAR -TIJARA - DELHI HIGHWAY, CHIKANI, ALWAR, RAJASTHAN",302505,27.039991,74.230509,Private-Self Financing,"BIKANER TECHNICAL UNIVERSITY, BIKANER",Approved,Approved,B,Yes,,Tier 3,http://www.laxmidevi.ac.in,info@laxmidevi.ac.in,admissions@laxmidevi.ac.in,placement@laxmidevi.ac.in,+91-80-517-9728,Computer Science Engineering (CSE),B.Tech,60,318,1987,Urban,Yes,Yes
1-44641875362,1-44641875362,U-0192,LAXMI DEVI INSTITUTE OF ENGINEERING AND TECHNOLOGY,Active,Rajasthan,Alwar,Alwar,"ALWAR -TIJARA - DELHI HIGHWAY, CHIKANI, ALWAR, RAJASTHAN",302505,27.039991,74.230509,Private-Self Financing,"BIKANER TECHNICAL UNIVERSITY, BIKANER",Approved,Approved,B,Yes,,Tier 3,http://www.laxmidevi.ac.in,info@laxmidevi.ac.in,admissions@laxmidevi.ac.in,placement@laxmidevi.ac.in,+91-80-517-9728,Electrical Engineering,Diploma,30,318,1987,Urban,Yes,Yes
1-44641875362,1-44641875362,U-0192,LAXMI DEVI INSTITUTE OF ENGINEERING AND TECHNOLOGY,Active,Rajasthan,Alwar,Alwar,"ALWAR -TIJARA - DELHI HIGHWAY, CHIKANI, ALWAR, RAJASTHAN",302505,27.039991,74.230509,Private-Self Financing,"BIKANER TECHNICAL UNIVERSITY, BIKANER",Approved,Approved,B,Yes,,Tier 3,http://www.laxmidevi.ac.in,info@laxmidevi.ac.in,admissions@laxmidevi.ac.in,placement@laxmidevi.ac.in,+91-80-517-9728,Mechanical Engineering,Diploma,30,318,1987,Urban,Yes,Yes
1-44641876621,1-44641876621,U-0755,RAJASTHAN INSTITUTE OF ENGINEERING & TECHNOLOGY,Active,Rajasthan,Jaipur,Jaipur,"BHANKROTA, AJMER ROAD, JAIPUR-302026",302026,26.924567,75.788851,Private-Self Financing,"Rajasthan Technical University, Kota",Approved,Approved,A,No,,Tier 3,http://www.rajasthan.ac.in,info@rajasthan.ac.in,admissions@rajasthan.ac.in,placement@rajasthan.ac.in,+91-80-349-1849,Computer Science Engineering (CSE),B.Tech,120,546,2005,Urban,Yes,Yes
1-44641876621,1-44641876621,U-0755,RAJASTHAN INSTITUTE OF ENGINEERING & TECHNOLOGY,Active,Rajasthan,Jaipur,Jaipur,"BHANKROTA, AJMER ROAD, JAIPUR-302026",302026,26.924567,75.788851,Private-Self Financing,"Rajasthan Technical University, Kota",Approved,Approved,A,No,,Tier 3,http://www.rajasthan.ac.in,info@rajasthan.ac.in,admissions@rajasthan.ac.in,placement@rajasthan.ac.in,+91-80-349-1849,Electrical & Electronics Engineering (EEE),B.Tech,45,546,2005,Urban,Yes,Yes
1-44641876621,1-44641876621,U-0755,RAJASTHAN INSTITUTE OF ENGINEERING & TECHNOLOGY,Active,Rajasthan,Jaipur,Jaipur,"BHANKROTA, AJMER ROAD, JAIPUR-302026",302026,26.924567,75.788851,Private-Self Financing,"Rajasthan Technical University, Kota",Approved,Approved,A,No,,Tier 3,http://www.rajasthan.ac.in,info@rajasthan.ac.in,admissions@rajasthan.ac.in,placement@rajasthan.ac.in,+91-80-349-1849,Electronics & Communication Engineering (ECE),B.Tech,34,546,2005,Urban,Yes,Yes
1-44641876621,1-44641876621,U-0755,RAJASTHAN INSTITUTE OF ENGINEERING & TECHNOLOGY,Active,Rajasthan,Jaipur,Jaipur,"BHANKROTA, AJMER ROAD, JAIPUR-302026",302026,26.924567,75.788851,Private-Self Financing,"Rajasthan Technical University, Kota",Approved,Approved,A,No,,Tier 3,http://www.rajasthan.ac.in,info@rajasthan.ac.in,admissions@rajasthan.ac.in,placement@rajasthan.ac.in,+91-80-349-1849,Information Technology (IT),B.Tech,30,546,2005,Urban,Yes,Yes
1-44641876621,1-44641876621,U-0755,RAJASTHAN INSTITUTE OF ENGINEERING & TECHNOLOGY,Active,Rajasthan,Jaipur,Jaipur,"BHANKROTA, AJMER ROAD, JAIPUR-302026",302026,26.924567,75.788851,Private-Self Financing,"Rajasthan Technical University, Kota",Approved,Approved,A,No,,Tier 3,http://www.rajasthan.ac.in,info@rajasthan.ac.in,admissions@rajasthan.ac.in,placement@rajasthan.ac.in,+91-80-349-1849,Mechanical Engineering,B.Tech,45,546,2005,Urban,Yes,Yes
1-44641876621,1-44641876621,U-0755,RAJASTHAN INSTITUTE OF ENGINEERING & TECHNOLOGY,Active,Rajasthan,Jaipur,Jaipur,"BHANKROTA, AJMER ROAD, JAIPUR-302026",302026,26.924567,75.788851,Private-Self Financing,"Rajasthan Technical University, Kota",Approved,Approved,A,No,,Tier 3,http://www.rajasthan.ac.in,info@rajasthan.ac.in,admissions@rajasthan.ac.in,placement@rajasthan.ac.in,+91-80-349-1849,Computer Science Engineering (CSE),M.Tech,22,546,2005,Urban,Yes,Yes
1-44641876621,1-44641876621,U-0755,RAJASTHAN INSTITUTE OF ENGINEERING & TECHNOLOGY,Active,Rajasthan,Jaipur,Jaipur,"BHANKROTA, AJMER ROAD, JAIPUR-302026",302026,26.924567,75.788851,Private-Self Financing,"Rajasthan Technical University, Kota",Approved,Approved,A,No,,Tier 3,http://www.rajasthan.ac.in,info@rajasthan.ac.in,admissions@rajasthan.ac.in,placement@rajasthan.ac.in,+91-80-349-1849,Information Technology (IT),M.Tech,7,546,2005,Urban,Yes,Yes
1-44641876621,1-44641876621,U-0755,RAJASTHAN INSTITUTE OF ENGINEERING & TECHNOLOGY,Active,Rajasthan,Jaipur,Jaipur,"BHANKROTA, AJMER ROAD, JAIPUR-302026",302026,26.924567,75.788851,Private-Self Financing,"Rajasthan Technical University, Kota",Approved,Approved,A,No,,Tier 3,http://www.rajasthan.ac.in,info@rajasthan.ac.in,admissions@rajasthan.ac.in,placement@rajasthan.ac.in,+91-80-349-1849,Other Engineering Branches,M.Tech,33,546,2005,Urban,Yes,Yes
1-44641876621,1-44641876621,U-0755,RAJASTHAN INSTITUTE OF ENGINEERING & TECHNOLOGY,Active,Rajasthan,Jaipur,Jaipur,"BHANKROTA, AJMER ROAD, JAIPUR-302026",302026,26.924567,75.788851,Private-Self Financing,"Rajasthan Technical University, Kota",Approved,Approved,A,No,,Tier 3,http://www.rajasthan.ac.in,info@rajasthan.ac.in,admissions@rajasthan.ac.in,placement@rajasthan.ac.in,+91-80-349-1849,Civil Engineering,B.Tech,45,546,2005,Urban,Yes,Yes
1-44641876621,1-44641876621,U-0755,RAJASTHAN INSTITUTE OF ENGINEERING & TECHNOLOGY,Active,Rajasthan,Jaipur,Jaipur,"BHANKROTA, AJMER ROAD, JAIPUR-302026",302026,26.924567,75.788851,Private-Self Financing,"Rajasthan Technical University, Kota",Approved,Approved,A,No,,Tier 3,http://www.rajasthan.ac.in,info@rajasthan.ac.in,admissions@rajasthan.ac.in,placement@rajasthan.ac.in,+91-80-349-1849,Electrical Engineering,B.Tech,45,546,2005,Urban,Yes,Yes
1-44641876621,1-44641876621,U-0755,RAJASTHAN INSTITUTE OF ENGINEERING & TECHNOLOGY,Active,Rajasthan,Jaipur,Jaipur,"BHANKROTA, AJMER ROAD, JAIPUR-302026",302026,26.924567,75.788851,Private-Self Financing,"Rajasthan Technical University, Kota",Approved,Approved,A,No,,Tier 3,http://www.rajasthan.ac.in,info@rajasthan.ac.in,admissions@rajasthan.ac.in,placement@rajasthan.ac.in,+91-80-349-1849,Data Science,B.Tech,60,546,2005,Urban,Yes,Yes
1-44641876621,1-44641876621,U-0755,RAJASTHAN INSTITUTE OF ENGINEERING & TECHNOLOGY,Active,Rajasthan,Jaipur,Jaipur,"BHANKROTA, AJMER ROAD, JAIPUR-302026",302026,26.924567,75.788851,Private-Self Financing,"Rajasthan Technical University, Kota",Approved,Approved,A,No,,Tier 3,http://www.rajasthan.ac.in,info@rajasthan.ac.in,admissions@rajasthan.ac.in,placement@rajasthan.ac.in,+91-80-349-1849,Cyber Security,B.Tech,30,546,2005,Urban,Yes,Yes
1-44641876621,1-44641876621,U-0755,RAJASTHAN INSTITUTE OF ENGINEERING & TECHNOLOGY,Active,Rajasthan,Jaipur,Jaipur,"BHANKROTA, AJMER ROAD, JAIPUR-302026",302026,26.924567,75.788851,Private-Self Financing,"Rajasthan Technical University, Kota",Approved,Approved,A,No,,Tier 3,http://www.rajasthan.ac.in,info@rajasthan.ac.in,admissions@rajasthan.ac.in,placement@rajasthan.ac.in,+91-80-349-1849,IoT,B.Tech,30,546,2005,Urban,Yes,Yes
1-44642164577,1-44642164577,U-0192,MANDA INSTITUTE OF TECHNOLOGY,Active,Rajasthan,Bikaner,Bikaner,"NH 11, JAIPUR ROAD, RAISAR",302103,27.01696,74.217842,Private-Self Financing,"BIKANER TECHNICAL UNIVERSITY, BIKANER",Approved,Approved,A,No,,Tier 3,http://www.manda.ac.in,info@manda.ac.in,admissions@manda.ac.in,placement@manda.ac.in,+91-80-551-9743,Other Engineering Branches,M.Tech,27,297,1994,Urban,Yes,Yes
1-44642164577,1-44642164577,U-0192,MANDA INSTITUTE OF TECHNOLOGY,Active,Rajasthan,Bikaner,Bikaner,"NH 11, JAIPUR ROAD, RAISAR",302103,27.01696,74.217842,Private-Self Financing,"BIKANER TECHNICAL UNIVERSITY, BIKANER",Approved,Approved,A,No,,Tier 3,http://www.manda.ac.in,info@manda.ac.in,admissions@manda.ac.in,placement@manda.ac.in,+91-80-551-9743,Civil Engineering,B.Tech,30,297,1994,Urban,Yes,Yes
1-44642164577,1-44642164577,U-0192,MANDA INSTITUTE OF TECHNOLOGY,Active,Rajasthan,Bikaner,Bikaner,"NH 11, JAIPUR ROAD, RAISAR",302103,27.01696,74.217842,Private-Self Financing,"BIKANER TECHNICAL UNIVERSITY, BIKANER",Approved,Approved,A,No,,Tier 3,http://www.manda.ac.in,info@manda.ac.in,admissions@manda.ac.in,placement@manda.ac.in,+91-80-551-9743,Electrical Engineering,B.Tech,60,297,1994,Urban,Yes,Yes
1-44642164577,1-44642164577,U-0192,MANDA INSTITUTE OF TECHNOLOGY,Active,Rajasthan,Bikaner,Bikaner,"NH 11, JAIPUR ROAD, RAISAR",302103,27.01696,74.217842,Private-Self Financing,"BIKANER TECHNICAL UNIVERSITY, BIKANER",Approved,Approved,A,No,,Tier 3,http://www.manda.ac.in,info@manda.ac.in,admissions@manda.ac.in,placement@manda.ac.in,+91-80-551-9743,Computer Science Engineering (CSE),B.Tech,30,297,1994,Urban,Yes,Yes
1-44642164577,1-44642164577,U-0192,MANDA INSTITUTE OF TECHNOLOGY,Active,Rajasthan,Bikaner,Bikaner,"NH 11, JAIPUR ROAD, RAISAR",302103,27.01696,74.217842,Private-Self Financing,"BIKANER TECHNICAL UNIVERSITY, BIKANER",Approved,Approved,A,No,,Tier 3,http://www.manda.ac.in,info@manda.ac.in,admissions@manda.ac.in,placement@manda.ac.in,+91-80-551-9743,Electronics & Communication Engineering (ECE),B.Tech,30,297,1994,Urban,Yes,Yes
1-44642164577,1-44642164577,U-0192,MANDA INSTITUTE OF TECHNOLOGY,Active,Rajasthan,Bikaner,Bikaner,"NH 11, JAIPUR ROAD, RAISAR",302103,27.01696,74.217842,Private-Self Financing,"BIKANER TECHNICAL UNIVERSITY, BIKANER",Approved,Approved,A,No,,Tier 3,http://www.manda.ac.in,info@manda.ac.in,admissions@manda.ac.in,placement@manda.ac.in,+91-80-551-9743,Mechanical Engineering,B.Tech,30,297,1994,Urban,Yes,Yes
1-44642164577,1-44642164577,U-0192,MANDA INSTITUTE OF TECHNOLOGY,Active,Rajasthan,Bikaner,Bikaner,"NH 11, JAIPUR ROAD, RAISAR",302103,27.01696,74.217842,Private-Self Financing,"BIKANER TECHNICAL UNIVERSITY, BIKANER",Approved,Approved,A,No,,Tier 3,http://www.manda.ac.in,info@manda.ac.in,admissions@manda.ac.in,placement@manda.ac.in,+91-80-551-9743,Civil Engineering,Diploma,30,297,1994,Urban,Yes,Yes
1-44642164577,1-44642164577,U-0192,MANDA INSTITUTE OF TECHNOLOGY,Active,Rajasthan,Bikaner,Bikaner,"NH 11, JAIPUR ROAD, RAISAR",302103,27.01696,74.217842,Private-Self Financing,"BIKANER TECHNICAL UNIVERSITY, BIKANER",Approved,Approved,A,No,,Tier 3,http://www.manda.ac.in,info@manda.ac.in,admissions@manda.ac.in,placement@manda.ac.in,+91-80-551-9743,Electrical Engineering,Diploma,30,297,1994,Urban,Yes,Yes
1-44642164577,1-44642164577,U-0192,MANDA INSTITUTE OF TECHNOLOGY,Active,Rajasthan,Bikaner,Bikaner,"NH 11, JAIPUR ROAD, RAISAR",302103,27.01696,74.217842,Private-Self Financing,"BIKANER TECHNICAL UNIVERSITY, BIKANER",Approved,Approved,A,No,,Tier 3,http://www.manda.ac.in,info@manda.ac.in,admissions@manda.ac.in,placement@manda.ac.in,+91-80-551-9743,Mechanical Engineering,Diploma,30,297,1994,Urban,Yes,Yes
1-44641610706,1-44641610706,U-0755,GOVERNMENT ENGINEERING COLLEGE JAIPUR,Active,Rajasthan,Jaipur,Jaipur,GOVERNMENT ENGINEERING COLLEGE JAIPUR CAMPUS: R C KHAITAN POLYTECHNIC COLLEGE JAIPUR JHALANA INSTITUTION AREA NEAR R.T.O. OFFICE JAIPUR,302659,26.899553,75.788937,Government,"Rajasthan Technical University, Kota",Approved,Approved,B++,Yes,,Tier 3,http://www.jaipur.ac.in,info@jaipur.ac.in,admissions@jaipur.ac.in,placement@jaipur.ac.in,+91-80-300-0202,Other Engineering Branches,B.Tech,90,210,1981,Urban,No,Yes
1-44641610706,1-44641610706,U-0755,GOVERNMENT ENGINEERING COLLEGE JAIPUR,Active,Rajasthan,Jaipur,Jaipur,GOVERNMENT ENGINEERING COLLEGE JAIPUR CAMPUS: R C KHAITAN POLYTECHNIC COLLEGE JAIPUR JHALANA INSTITUTION AREA NEAR R.T.O. OFFICE JAIPUR,302659,26.899553,75.788937,Government,"Rajasthan Technical University, Kota",Approved,Approved,B++,Yes,,Tier 3,http://www.jaipur.ac.in,info@jaipur.ac.in,admissions@jaipur.ac.in,placement@jaipur.ac.in,+91-80-300-0202,Computer Science Engineering (CSE),B.Tech,60,210,1981,Urban,No,Yes
1-44641610706,1-44641610706,U-0755,GOVERNMENT ENGINEERING COLLEGE JAIPUR,Active,Rajasthan,Jaipur,Jaipur,GOVERNMENT ENGINEERING COLLEGE JAIPUR CAMPUS: R C KHAITAN POLYTECHNIC COLLEGE JAIPUR JHALANA INSTITUTION AREA NEAR R.T.O. OFFICE JAIPUR,302659,26.899553,75.788937,Government,"Rajasthan Technical University, Kota",Approved,Approved,B++,Yes,,Tier 3,http://www.jaipur.ac.in,info@jaipur.ac.in,admissions@jaipur.ac.in,placement@jaipur.ac.in,+91-80-300-0202,Civil Engineering,B.Tech,60,210,1981,Urban,No,Yes
1-44642060628,1-44642060628,U-0755,"SRI BALAJI COLLEGE OF ENGINEERING & TECHNOLOGY, JAIPUR",Active,Rajasthan,Jaipur,Jaipur,"VILLAGE - MACHEDA, BENAD ROAD, TEHSIL-AMER, DISTT. JAIPUR, RAJASTHAN.",302659,26.901211,75.776556,Private-Self Financing,"Rajasthan Technical University, Kota",Approved,Approved,Not Accredited,No,,Tier 3,http://www.sribalajijaipur.ac.in,info@sribalajijaipur.ac.in,admissions@sribalajijaipur.ac.in,placement@sribalajijaipur.ac.in,+91-80-369-5419,Computer Science Engineering (CSE),B.Tech,150,336,2022,Urban,Yes,Yes
1-44642060628,1-44642060628,U-0755,"SRI BALAJI COLLEGE OF ENGINEERING & TECHNOLOGY, JAIPUR",Active,Rajasthan,Jaipur,Jaipur,"VILLAGE - MACHEDA, BENAD ROAD, TEHSIL-AMER, DISTT. JAIPUR, RAJASTHAN.",302659,26.901211,75.776556,Private-Self Financing,"Rajasthan Technical University, Kota",Approved,Approved,Not Accredited,No,,Tier 3,http://www.sribalajijaipur.ac.in,info@sribalajijaipur.ac.in,admissions@sribalajijaipur.ac.in,placement@sribalajijaipur.ac.in,+91-80-369-5419,Civil Engineering,B.Tech,30,336,2022,Urban,Yes,Yes
1-44642060628,1-44642060628,U-0755,"SRI BALAJI COLLEGE OF ENGINEERING & TECHNOLOGY, JAIPUR",Active,Rajasthan,Jaipur,Jaipur,"VILLAGE - MACHEDA, BENAD ROAD, TEHSIL-AMER, DISTT. JAIPUR, RAJASTHAN.",302659,26.901211,75.776556,Private-Self Financing,"Rajasthan Technical University, Kota",Approved,Approved,Not Accredited,No,,Tier 3,http://www.sribalajijaipur.ac.in,info@sribalajijaipur.ac.in,admissions@sribalajijaipur.ac.in,placement@sribalajijaipur.ac.in,+91-80-369-5419,Mechanical Engineering,B.Tech,30,336,2022,Urban,Yes,Yes
1-44642060628,1-44642060628,U-0755,"SRI BALAJI COLLEGE OF ENGINEERING & TECHNOLOGY, JAIPUR",Active,Rajasthan,Jaipur,Jaipur,"VILLAGE - MACHEDA, BENAD ROAD, TEHSIL-AMER, DISTT. JAIPUR, RAJASTHAN.",302659,26.901211,75.776556,Private-Self Financing,"Rajasthan Technical University, Kota",Approved,Approved,Not Accredited,No,,Tier 3,http://www.sribalajijaipur.ac.in,info@sribalajijaipur.ac.in,admissions@sribalajijaipur.ac.in,placement@sribalajijaipur.ac.in,+91-80-369-5419,Electrical Engineering,B.Tech,30,336,2022,Urban,Yes,Yes
1-44642060628,1-44642060628,U-0755,"SRI BALAJI COLLEGE OF ENGINEERING & TECHNOLOGY, JAIPUR",Active,Rajasthan,Jaipur,Jaipur,"VILLAGE - MACHEDA, BENAD ROAD, TEHSIL-AMER, DISTT. JAIPUR, RAJASTHAN.",302659,26.901211,75.776556,Private-Self Financing,"Rajasthan Technical University, Kota",Approved,Approved,Not Accredited,No,,Tier 3,http://www.sribalajijaipur.ac.in,info@sribalajijaipur.ac.in,admissions@sribalajijaipur.ac.in,placement@sribalajijaipur.ac.in,+91-80-369-5419,Computer Science Engineering (CSE),M.Tech,18,336,2022,Urban,Yes,Yes
1-44642060628,1-44642060628,U-0755,"SRI BALAJI COLLEGE OF ENGINEERING & TECHNOLOGY, JAIPUR",Active,Rajasthan,Jaipur,Jaipur,"VILLAGE - MACHEDA, BENAD ROAD, TEHSIL-AMER, DISTT. JAIPUR, RAJASTHAN.",302659,26.901211,75.776556,Private-Self Financing,"Rajasthan Technical University, Kota",Approved,Approved,Not Accredited,No,,Tier 3,http://www.sribalajijaipur.ac.in,info@sribalajijaipur.ac.in,admissions@sribalajijaipur.ac.in,placement@sribalajijaipur.ac.in,+91-80-369-5419,Other Engineering Branches,M.Tech,18,336,2022,Urban,Yes,Yes
1-44642060628,1-44642060628,U-0755,"SRI BALAJI COLLEGE OF ENGINEERING & TECHNOLOGY, JAIPUR",Active,Rajasthan,Jaipur,Jaipur,"VILLAGE - MACHEDA, BENAD ROAD, TEHSIL-AMER, DISTT. JAIPUR, RAJASTHAN.",302659,26.901211,75.776556,Private-Self Financing,"Rajasthan Technical University, Kota",Approved,Approved,Not Accredited,No,,Tier 3,http://www.sribalajijaipur.ac.in,info@sribalajijaipur.ac.in,admissions@sribalajijaipur.ac.in,placement@sribalajijaipur.ac.in,+91-80-369-5419,Cyber Security,B.Tech,30,336,2022,Urban,Yes,Yes
1-44642060628,1-44642060628,U-0755,"SRI BALAJI COLLEGE OF ENGINEERING & TECHNOLOGY, JAIPUR",Active,Rajasthan,Jaipur,Jaipur,"VILLAGE - MACHEDA, BENAD ROAD, TEHSIL-AMER, DISTT. JAIPUR, RAJASTHAN.",302659,26.901211,75.776556,Private-Self Financing,"Rajasthan Technical University, Kota",Approved,Approved,Not Accredited,No,,Tier 3,http://www.sribalajijaipur.ac.in,info@sribalajijaipur.ac.in,admissions@sribalajijaipur.ac.in,placement@sribalajijaipur.ac.in,+91-80-369-5419,Data Science,B.Tech,30,336,2022,Urban,Yes,Yes
1-44642171036,1-44642171036,U-0755,CHANDRAVATI EDUCATIONAL CHARITABLE TRUST GROUP OF INSTITUTIONS,Active,Rajasthan,Bharatpur,Bharatpur,"NH-11,OPP. GHANA NATIONAL PARK BHARATPUR - 321001(RAJASTHAN)",321001,27.004321,74.232475,Private-Self Financing,"Rajasthan Technical University, Kota",Approved,Approved,Not Accredited,No,,Tier 3,http://www.chandravatieducationalcharitable.ac.in,info@chandravatieducationalcharitable.ac.in,admissions@chandravatieducationalcharitable.ac.in,placement@chandravatieducationalcharitable.ac.in,+91-80-021-8845,Computer Science Engineering (CSE),B.Tech,15,408,1990,Urban,Yes,No
1-44642171036,1-44642171036,U-0755,CHANDRAVATI EDUCATIONAL CHARITABLE TRUST GROUP OF INSTITUTIONS,Active,Rajasthan,Bharatpur,Bharatpur,"NH-11,OPP. GHANA NATIONAL PARK BHARATPUR - 321001(RAJASTHAN)",321001,27.004321,74.232475,Private-Self Financing,"Rajasthan Technical University, Kota",Approved,Approved,Not Accredited,No,,Tier 3,http://www.chandravatieducationalcharitable.ac.in,info@chandravatieducationalcharitable.ac.in,admissions@chandravatieducationalcharitable.ac.in,placement@chandravatieducationalcharitable.ac.in,+91-80-021-8845,Electronics & Communication Engineering (ECE),B.Tech,15,408,1990,Urban,Yes,No
1-44642171036,1-44642171036,U-0755,CHANDRAVATI EDUCATIONAL CHARITABLE TRUST GROUP OF INSTITUTIONS,Active,Rajasthan,Bharatpur,Bharatpur,"NH-11,OPP. GHANA NATIONAL PARK BHARATPUR - 321001(RAJASTHAN)",321001,27.004321,74.232475,Private-Self Financing,"Rajasthan Technical University, Kota",Approved,Approved,Not Accredited,No,,Tier 3,http://www.chandravatieducationalcharitable.ac.in,info@chandravatieducationalcharitable.ac.in,admissions@chandravatieducationalcharitable.ac.in,placement@chandravatieducationalcharitable.ac.in,+91-80-021-8845,Civil Engineering,B.Tech,60,408,1990,Urban,Yes,No
1-44642171036,1-44642171036,U-0755,CHANDRAVATI EDUCATIONAL CHARITABLE TRUST GROUP OF INSTITUTIONS,Active,Rajasthan,Bharatpur,Bharatpur,"NH-11,OPP. GHANA NATIONAL PARK BHARATPUR - 321001(RAJASTHAN)",321001,27.004321,74.232475,Private-Self Financing,"Rajasthan Technical University, Kota",Approved,Approved,Not Accredited,No,,Tier 3,http://www.chandravatieducationalcharitable.ac.in,info@chandravatieducationalcharitable.ac.in,admissions@chandravatieducationalcharitable.ac.in,placement@chandravatieducationalcharitable.ac.in,+91-80-021-8845,Mechanical Engineering,B.Tech,30,408,1990,Urban,Yes,No
1-44642171036,1-44642171036,U-0755,CHANDRAVATI EDUCATIONAL CHARITABLE TRUST GROUP OF INSTITUTIONS,Active,Rajasthan,Bharatpur,Bharatpur,"NH-11,OPP. GHANA NATIONAL PARK BHARATPUR - 321001(RAJASTHAN)",321001,27.004321,74.232475,Private-Self Financing,"Rajasthan Technical University, Kota",Approved,Approved,Not Accredited,No,,Tier 3,http://www.chandravatieducationalcharitable.ac.in,info@chandravatieducationalcharitable.ac.in,admissions@chandravatieducationalcharitable.ac.in,placement@chandravatieducationalcharitable.ac.in,+91-80-021-8845,Electrical Engineering,B.Tech,30,408,1990,Urban,Yes,No
1-44642171036,1-44642171036,U-0755,CHANDRAVATI EDUCATIONAL CHARITABLE TRUST GROUP OF INSTITUTIONS,Active,Rajasthan,Bharatpur,Bharatpur,"NH-11,OPP. GHANA NATIONAL PARK BHARATPUR - 321001(RAJASTHAN)",321001,27.004321,74.232475,Private-Self Financing,"Rajasthan Technical University, Kota",Approved,Approved,Not Accredited,No,,Tier 3,http://www.chandravatieducationalcharitable.ac.in,info@chandravatieducationalcharitable.ac.in,admissions@chandravatieducationalcharitable.ac.in,placement@chandravatieducationalcharitable.ac.in,+91-80-021-8845,Information Technology (IT),M.Tech,9,408,1990,Urban,Yes,No
1-44642171036,1-44642171036,U-0755,CHANDRAVATI EDUCATIONAL CHARITABLE TRUST GROUP OF INSTITUTIONS,Active,Rajasthan,Bharatpur,Bharatpur,"NH-11,OPP. GHANA NATIONAL PARK BHARATPUR - 321001(RAJASTHAN)",321001,27.004321,74.232475,Private-Self Financing,"Rajasthan Technical University, Kota",Approved,Approved,Not Accredited,No,,Tier 3,http://www.chandravatieducationalcharitable.ac.in,info@chandravatieducationalcharitable.ac.in,admissions@chandravatieducationalcharitable.ac.in,placement@chandravatieducationalcharitable.ac.in,+91-80-021-8845,Mechanical Engineering,Diploma,60,408,1990,Urban,Yes,No
1-44642171036,1-44642171036,U-0755,CHANDRAVATI EDUCATIONAL CHARITABLE TRUST GROUP OF INSTITUTIONS,Active,Rajasthan,Bharatpur,Bharatpur,"NH-11,OPP. GHANA NATIONAL PARK BHARATPUR - 321001(RAJASTHAN)",321001,27.004321,74.232475,Private-Self Financing,"Rajasthan Technical University, Kota",Approved,Approved,Not Accredited,No,,Tier 3,http://www.chandravatieducationalcharitable.ac.in,info@chandravatieducationalcharitable.ac.in,admissions@chandravatieducationalcharitable.ac.in,placement@chandravatieducationalcharitable.ac.in,+91-80-021-8845,Civil Engineering,Diploma,120,408,1990,Urban,Yes,No
1-44642171036,1-44642171036,U-0755,CHANDRAVATI EDUCATIONAL CHARITABLE TRUST GROUP OF INSTITUTIONS,Active,Rajasthan,Bharatpur,Bharatpur,"NH-11,OPP. GHANA NATIONAL PARK BHARATPUR - 321001(RAJASTHAN)",321001,27.004321,74.232475,Private-Self Financing,"Rajasthan Technical University, Kota",Approved,Approved,Not Accredited,No,,Tier 3,http://www.chandravatieducationalcharitable.ac.in,info@chandravatieducationalcharitable.ac.in,admissions@chandravatieducationalcharitable.ac.in,placement@chandravatieducationalcharitable.ac.in,+91-80-021-8845,Computer Science Engineering (CSE),M.Tech,9,408,1990,Urban,Yes,No
1-44642171036,1-44642171036,U-0755,CHANDRAVATI EDUCATIONAL CHARITABLE TRUST GROUP OF INSTITUTIONS,Active,Rajasthan,Bharatpur,Bharatpur,"NH-11,OPP. GHANA NATIONAL PARK BHARATPUR - 321001(RAJASTHAN)",321001,27.004321,74.232475,Private-Self Financing,"Rajasthan Technical University, Kota",Approved,Approved,Not Accredited,No,,Tier 3,http://www.chandravatieducationalcharitable.ac.in,info@chandravatieducationalcharitable.ac.in,admissions@chandravatieducationalcharitable.ac.in,placement@chandravatieducationalcharitable.ac.in,+91-80-021-8845,Electrical Engineering,Diploma,60,408,1990,Urban,Yes,No
1-44643404809,1-44643404809,U-0755,"ENGINEERING COLLEGE, BHARATPUR",Active,Rajasthan,Bharatpur,Bharatpur,VILLAGE SHYORANA NEAR NATIONAL HIGHWAY 11 BHARATPUR,302200,27.016726,74.211247,Government,"Rajasthan Technical University, Kota",Approved,Approved,A,No,,Tier 2,http://www.bharatpur.ac.in,info@bharatpur.ac.in,admissions@bharatpur.ac.in,placement@bharatpur.ac.in,+91-80-542-1397,Civil Engineering,B.Tech,60,300,2013,Urban,Yes,Yes
1-44643404809,1-44643404809,U-0755,"ENGINEERING COLLEGE, BHARATPUR",Active,Rajasthan,Bharatpur,Bharatpur,VILLAGE SHYORANA NEAR NATIONAL HIGHWAY 11 BHARATPUR,302200,27.016726,74.211247,Government,"Rajasthan Technical University, Kota",Approved,Approved,A,No,,Tier 2,http://www.bharatpur.ac.in,info@bharatpur.ac.in,admissions@bharatpur.ac.in,placement@bharatpur.ac.in,+91-80-542-1397,Computer Science Engineering (CSE),B.Tech,60,300,2013,Urban,Yes,Yes
1-44643404809,1-44643404809,U-0755,"ENGINEERING COLLEGE, BHARATPUR",Active,Rajasthan,Bharatpur,Bharatpur,VILLAGE SHYORANA NEAR NATIONAL HIGHWAY 11 BHARATPUR,302200,27.016726,74.211247,Government,"Rajasthan Technical University, Kota",Approved,Approved,A,No,,Tier 2,http://www.bharatpur.ac.in,info@bharatpur.ac.in,admissions@bharatpur.ac.in,placement@bharatpur.ac.in,+91-80-542-1397,Electronics & Communication Engineering (ECE),B.Tech,30,300,2013,Urban,Yes,Yes
1-44643404809,1-44643404809,U-0755,"ENGINEERING COLLEGE, BHARATPUR",Active,Rajasthan,Bharatpur,Bharatpur,VILLAGE SHYORANA NEAR NATIONAL HIGHWAY 11 BHARATPUR,302200,27.016726,74.211247,Government,"Rajasthan Technical University, Kota",Approved,Approved,A,No,,Tier 2,http://www.bharatpur.ac.in,info@bharatpur.ac.in,admissions@bharatpur.ac.in,placement@bharatpur.ac.in,+91-80-542-1397,Electrical Engineering,B.Tech,60,300,2013,Urban,Yes,Yes
1-44643404809,1-44643404809,U-0755,"ENGINEERING COLLEGE, BHARATPUR",Active,Rajasthan,Bharatpur,Bharatpur,VILLAGE SHYORANA NEAR NATIONAL HIGHWAY 11 BHARATPUR,302200,27.016726,74.211247,Government,"Rajasthan Technical University, Kota",Approved,Approved,A,No,,Tier 2,http://www.bharatpur.ac.in,info@bharatpur.ac.in,admissions@bharatpur.ac.in,placement@bharatpur.ac.in,+91-80-542-1397,Mechanical Engineering,B.Tech,60,300,2013,Urban,Yes,Yes
1-44643404809,1-44643404809,U-0755,"ENGINEERING COLLEGE, BHARATPUR",Active,Rajasthan,Bharatpur,Bharatpur,VILLAGE SHYORANA NEAR NATIONAL HIGHWAY 11 BHARATPUR,302200,27.016726,74.211247,Government,"Rajasthan Technical University, Kota",Approved,Approved,A,No,,Tier 2,http://www.bharatpur.ac.in,info@bharatpur.ac.in,admissions@bharatpur.ac.in,placement@bharatpur.ac.in,+91-80-542-1397,Data Science,B.Tech,30,300,2013,Urban,Yes,Yes
1-44643447174,1-44643447174,U-0192,"ENGINEERING COLLEGE,AJMER",Active,Rajasthan,Ajmer,Ajmer,JAIPUR BEAWER HIGHWAY NH-8 BARLIYA CIRCLE,302403,27.015214,74.207335,Government,"BIKANER TECHNICAL UNIVERSITY, BIKANER",Approved,Approved,A+,Yes,,Tier 2,http://www.collegeajmer.ac.in,info@collegeajmer.ac.in,admissions@collegeajmer.ac.in,placement@collegeajmer.ac.in,+91-80-478-7516,Electronics & Communication Engineering (ECE),B.Tech,90,696,1987,Urban,Yes,No
1-44643447174,1-44643447174,U-0192,"ENGINEERING COLLEGE,AJMER",Active,Rajasthan,Ajmer,Ajmer,JAIPUR BEAWER HIGHWAY NH-8 BARLIYA CIRCLE,302403,27.015214,74.207335,Government,"BIKANER TECHNICAL UNIVERSITY, BIKANER",Approved,Approved,A+,Yes,,Tier 2,http://www.collegeajmer.ac.in,info@collegeajmer.ac.in,admissions@collegeajmer.ac.in,placement@collegeajmer.ac.in,+91-80-478-7516,Other Engineering Branches,B.Tech,60,696,1987,Urban,Yes,No
1-44643447174,1-44643447174,U-0192,"ENGINEERING COLLEGE,AJMER",Active,Rajasthan,Ajmer,Ajmer,JAIPUR BEAWER HIGHWAY NH-8 BARLIYA CIRCLE,302403,27.015214,74.207335,Government,"BIKANER TECHNICAL UNIVERSITY, BIKANER",Approved,Approved,A+,Yes,,Tier 2,http://www.collegeajmer.ac.in,info@collegeajmer.ac.in,admissions@collegeajmer.ac.in,placement@collegeajmer.ac.in,+91-80-478-7516,Computer Science Engineering (CSE),B.Tech,120,696,1987,Urban,Yes,No
1-44643447174,1-44643447174,U-0192,"ENGINEERING COLLEGE,AJMER",Active,Rajasthan,Ajmer,Ajmer,JAIPUR BEAWER HIGHWAY NH-8 BARLIYA CIRCLE,302403,27.015214,74.207335,Government,"BIKANER TECHNICAL UNIVERSITY, BIKANER",Approved,Approved,A+,Yes,,Tier 2,http://www.collegeajmer.ac.in,info@collegeajmer.ac.in,admissions@collegeajmer.ac.in,placement@collegeajmer.ac.in,+91-80-478-7516,Information Technology (IT),B.Tech,60,696,1987,Urban,Yes,No
1-44643447174,1-44643447174,U-0192,"ENGINEERING COLLEGE,AJMER",Active,Rajasthan,Ajmer,Ajmer,JAIPUR BEAWER HIGHWAY NH-8 BARLIYA CIRCLE,302403,27.015214,74.207335,Government,"BIKANER TECHNICAL UNIVERSITY, BIKANER",Approved,Approved,A+,Yes,,Tier 2,http://www.collegeajmer.ac.in,info@collegeajmer.ac.in,admissions@collegeajmer.ac.in,placement@collegeajmer.ac.in,+91-80-478-7516,Electrical Engineering,B.Tech,45,696,1987,Urban,Yes,No
1-44643447174,1-44643447174,U-0192,"ENGINEERING COLLEGE,AJMER",Active,Rajasthan,Ajmer,Ajmer,JAIPUR BEAWER HIGHWAY NH-8 BARLIYA CIRCLE,302403,27.015214,74.207335,Government,"BIKANER TECHNICAL UNIVERSITY, BIKANER",Approved,Approved,A+,Yes,,Tier 2,http://www.collegeajmer.ac.in,info@collegeajmer.ac.in,admissions@collegeajmer.ac.in,placement@collegeajmer.ac.in,+91-80-478-7516,Mechanical Engineering,B.Tech,75,696,1987,Urban,Yes,No
1-44643447174,1-44643447174,U-0192,"ENGINEERING COLLEGE,AJMER",Active,Rajasthan,Ajmer,Ajmer,JAIPUR BEAWER HIGHWAY NH-8 BARLIYA CIRCLE,302403,27.015214,74.207335,Government,"BIKANER TECHNICAL UNIVERSITY, BIKANER",Approved,Approved,A+,Yes,,Tier 2,http://www.collegeajmer.ac.in,info@collegeajmer.ac.in,admissions@collegeajmer.ac.in,placement@collegeajmer.ac.in,+91-80-478-7516,Civil Engineering,B.Tech,60,696,1987,Urban,Yes,No
1-44643447174,1-44643447174,U-0192,"ENGINEERING COLLEGE,AJMER",Active,Rajasthan,Ajmer,Ajmer,JAIPUR BEAWER HIGHWAY NH-8 BARLIYA CIRCLE,302403,27.015214,74.207335,Government,"BIKANER TECHNICAL UNIVERSITY, BIKANER",Approved,Approved,A+,Yes,,Tier 2,http://www.collegeajmer.ac.in,info@collegeajmer.ac.in,admissions@collegeajmer.ac.in,placement@collegeajmer.ac.in,+91-80-478-7516,Information Technology (IT),M.Tech,18,696,1987,Urban,Yes,No
1-44643447174,1-44643447174,U-0192,"ENGINEERING COLLEGE,AJMER",Active,Rajasthan,Ajmer,Ajmer,JAIPUR BEAWER HIGHWAY NH-8 BARLIYA CIRCLE,302403,27.015214,74.207335,Government,"BIKANER TECHNICAL UNIVERSITY, BIKANER",Approved,Approved,A+,Yes,,Tier 2,http://www.collegeajmer.ac.in,info@collegeajmer.ac.in,admissions@collegeajmer.ac.in,placement@collegeajmer.ac.in,+91-80-478-7516,Other Engineering Branches,M.Tech,90,696,1987,Urban,Yes,No
1-44643447174,1-44643447174,U-0192,"ENGINEERING COLLEGE,AJMER",Active,Rajasthan,Ajmer,Ajmer,JAIPUR BEAWER HIGHWAY NH-8 BARLIYA CIRCLE,302403,27.015214,74.207335,Government,"BIKANER TECHNICAL UNIVERSITY, BIKANER",Approved,Approved,A+,Yes,,Tier 2,http://www.collegeajmer.ac.in,info@collegeajmer.ac.in,admissions@collegeajmer.ac.in,placement@collegeajmer.ac.in,+91-80-478-7516,Computer Science Engineering (CSE),M.Tech,18,696,1987,Urban,Yes,No
1-44643447174,1-44643447174,U-0192,"ENGINEERING COLLEGE,AJMER",Active,Rajasthan,Ajmer,Ajmer,JAIPUR BEAWER HIGHWAY NH-8 BARLIYA CIRCLE,302403,27.015214,74.207335,Government,"BIKANER TECHNICAL UNIVERSITY, BIKANER",Approved,Approved,A+,Yes,,Tier 2,http://www.collegeajmer.ac.in,info@collegeajmer.ac.in,admissions@collegeajmer.ac.in,placement@collegeajmer.ac.in,+91-80-478-7516,Cyber Security,B.Tech,60,696,1987,Urban,Yes,No
1-44643678619,1-44643678619,U-0755,GEETANJALI INSTITUTE OF TECHNICAL STUDIES,Active,Rajasthan,Udaipur,Udaipur,"AIRPORT ROAD DABOK,  TALUKA MAVLI",302880,27.019469,74.212414,Private-Self Financing,"Rajasthan Technical University, Kota",Approved,Approved,A+,Yes,,Tier 2,http://www.geetanjalitechnicalstudies.ac.in,info@geetanjalitechnicalstudies.ac.in,admissions@geetanjalitechnicalstudies.ac.in,placement@geetanjalitechnicalstudies.ac.in,+91-80-657-1868,Civil Engineering,B.Tech,60,591,1993,Rural,Yes,Yes
1-44643678619,1-44643678619,U-0755,GEETANJALI INSTITUTE OF TECHNICAL STUDIES,Active,Rajasthan,Udaipur,Udaipur,"AIRPORT ROAD DABOK,  TALUKA MAVLI",302880,27.019469,74.212414,Private-Self Financing,"Rajasthan Technical University, Kota",Approved,Approved,A+,Yes,,Tier 2,http://www.geetanjalitechnicalstudies.ac.in,info@geetanjalitechnicalstudies.ac.in,admissions@geetanjalitechnicalstudies.ac.in,placement@geetanjalitechnicalstudies.ac.in,+91-80-657-1868,Information Technology (IT),M.Tech,12,591,1993,Rural,Yes,Yes
1-44643678619,1-44643678619,U-0755,GEETANJALI INSTITUTE OF TECHNICAL STUDIES,Active,Rajasthan,Udaipur,Udaipur,"AIRPORT ROAD DABOK,  TALUKA MAVLI",302880,27.019469,74.212414,Private-Self Financing,"Rajasthan Technical University, Kota",Approved,Approved,A+,Yes,,Tier 2,http://www.geetanjalitechnicalstudies.ac.in,info@geetanjalitechnicalstudies.ac.in,admissions@geetanjalitechnicalstudies.ac.in,placement@geetanjalitechnicalstudies.ac.in,+91-80-657-1868,Computer Science Engineering (CSE),M.Tech,18,591,1993,Rural,Yes,Yes
1-44643678619,1-44643678619,U-0755,GEETANJALI INSTITUTE OF TECHNICAL STUDIES,Active,Rajasthan,Udaipur,Udaipur,"AIRPORT ROAD DABOK,  TALUKA MAVLI",302880,27.019469,74.212414,Private-Self Financing,"Rajasthan Technical University, Kota",Approved,Approved,A+,Yes,,Tier 2,http://www.geetanjalitechnicalstudies.ac.in,info@geetanjalitechnicalstudies.ac.in,admissions@geetanjalitechnicalstudies.ac.in,placement@geetanjalitechnicalstudies.ac.in,+91-80-657-1868,Computer Science Engineering (CSE),B.Tech,300,591,1993,Rural,Yes,Yes
1-44643678619,1-44643678619,U-0755,GEETANJALI INSTITUTE OF TECHNICAL STUDIES,Active,Rajasthan,Udaipur,Udaipur,"AIRPORT ROAD DABOK,  TALUKA MAVLI",302880,27.019469,74.212414,Private-Self Financing,"Rajasthan Technical University, Kota",Approved,Approved,A+,Yes,,Tier 2,http://www.geetanjalitechnicalstudies.ac.in,info@geetanjalitechnicalstudies.ac.in,admissions@geetanjalitechnicalstudies.ac.in,placement@geetanjalitechnicalstudies.ac.in,+91-80-657-1868,Other Engineering Branches,M.Tech,21,591,1993,Rural,Yes,Yes
1-44643678619,1-44643678619,U-0755,GEETANJALI INSTITUTE OF TECHNICAL STUDIES,Active,Rajasthan,Udaipur,Udaipur,"AIRPORT ROAD DABOK,  TALUKA MAVLI",302880,27.019469,74.212414,Private-Self Financing,"Rajasthan Technical University, Kota",Approved,Approved,A+,Yes,,Tier 2,http://www.geetanjalitechnicalstudies.ac.in,info@geetanjalitechnicalstudies.ac.in,admissions@geetanjalitechnicalstudies.ac.in,placement@geetanjalitechnicalstudies.ac.in,+91-80-657-1868,Mechanical Engineering,B.Tech,60,591,1993,Rural,Yes,Yes
1-44643678619,1-44643678619,U-0755,GEETANJALI INSTITUTE OF TECHNICAL STUDIES,Active,Rajasthan,Udaipur,Udaipur,"AIRPORT ROAD DABOK,  TALUKA MAVLI",302880,27.019469,74.212414,Private-Self Financing,"Rajasthan Technical University, Kota",Approved,Approved,A+,Yes,,Tier 2,http://www.geetanjalitechnicalstudies.ac.in,info@geetanjalitechnicalstudies.ac.in,admissions@geetanjalitechnicalstudies.ac.in,placement@geetanjalitechnicalstudies.ac.in,+91-80-657-1868,Electrical Engineering,B.Tech,60,591,1993,Rural,Yes,Yes
1-44643678619,1-44643678619,U-0755,GEETANJALI INSTITUTE OF TECHNICAL STUDIES,Active,Rajasthan,Udaipur,Udaipur,"AIRPORT ROAD DABOK,  TALUKA MAVLI",302880,27.019469,74.212414,Private-Self Financing,"Rajasthan Technical University, Kota",Approved,Approved,A+,Yes,,Tier 2,http://www.geetanjalitechnicalstudies.ac.in,info@geetanjalitechnicalstudies.ac.in,admissions@geetanjalitechnicalstudies.ac.in,placement@geetanjalitechnicalstudies.ac.in,+91-80-657-1868,Electronics & Communication Engineering (ECE),B.Tech,60,591,1993,Rural,Yes,Yes
1-44643682199,1-44643682199,U-0197,SHREE DIGAMBER  INSTITUTE OF  TECHNOLOGY,Active,Rajasthan,Dausa,Dausa,"NH -11,  MITRAPURA, BHANDAREJ MODE,  DAUSA , PIN CODE -303501 RAJASTHAN",303501,27.032234,74.219318,Private-Self Financing,"Board of Technical Education And Directorate Of Technical Education, Jodhpur",Approved,Approved,Not Accredited,No,,Tier 3,http://www.shreedigamber.ac.in,info@shreedigamber.ac.in,admissions@shreedigamber.ac.in,placement@shreedigamber.ac.in,+91-80-192-5897,Electrical Engineering,Diploma,60,285,2010,Urban,Yes,Yes
1-44643682199,1-44643682199,U-0197,SHREE DIGAMBER  INSTITUTE OF  TECHNOLOGY,Active,Rajasthan,Dausa,Dausa,"NH -11,  MITRAPURA, BHANDAREJ MODE,  DAUSA , PIN CODE -303501 RAJASTHAN",303501,27.032234,74.219318,Private-Self Financing,"Board of Technical Education And Directorate Of Technical Education, Jodhpur",Approved,Approved,Not Accredited,No,,Tier 3,http://www.shreedigamber.ac.in,info@shreedigamber.ac.in,admissions@shreedigamber.ac.in,placement@shreedigamber.ac.in,+91-80-192-5897,Civil Engineering,Diploma,60,285,2010,Urban,Yes,Yes
1-44643682199,1-44643682199,U-0197,SHREE DIGAMBER  INSTITUTE OF  TECHNOLOGY,Active,Rajasthan,Dausa,Dausa,"NH -11,  MITRAPURA, BHANDAREJ MODE,  DAUSA , PIN CODE -303501 RAJASTHAN",303501,27.032234,74.219318,Private-Self Financing,"Board of Technical Education And Directorate Of Technical Education, Jodhpur",Approved,Approved,Not Accredited,No,,Tier 3,http://www.shreedigamber.ac.in,info@shreedigamber.ac.in,admissions@shreedigamber.ac.in,placement@shreedigamber.ac.in,+91-80-192-5897,Electrical Engineering,B.Tech,60,285,2010,Urban,Yes,Yes
1-44643682199,1-44643682199,U-0197,SHREE DIGAMBER  INSTITUTE OF  TECHNOLOGY,Active,Rajasthan,Dausa,Dausa,"NH -11,  MITRAPURA, BHANDAREJ MODE,  DAUSA , PIN CODE -303501 RAJASTHAN",303501,27.032234,74.219318,Private-Self Financing,"Board of Technical Education And Directorate Of Technical Education, Jodhpur",Approved,Approved,Not Accredited,No,,Tier 3,http://www.shreedigamber.ac.in,info@shreedigamber.ac.in,admissions@shreedigamber.ac.in,placement@shreedigamber.ac.in,+91-80-192-5897,Computer Science Engineering (CSE),B.Tech,30,285,2010,Urban,Yes,Yes
1-44643682199,1-44643682199,U-0197,SHREE DIGAMBER  INSTITUTE OF  TECHNOLOGY,Active,Rajasthan,Dausa,Dausa,"NH -11,  MITRAPURA, BHANDAREJ MODE,  DAUSA , PIN CODE -303501 RAJASTHAN",303501,27.032234,74.219318,Private-Self Financing,"Board of Technical Education And Directorate Of Technical Education, Jodhpur",Approved,Approved,Not Accredited,No,,Tier 3,http://www.shreedigamber.ac.in,info@shreedigamber.ac.in,admissions@shreedigamber.ac.in,placement@shreedigamber.ac.in,+91-80-192-5897,Civil Engineering,B.Tech,60,285,2010,Urban,Yes,Yes
1-44643682199,1-44643682199,U-0197,SHREE DIGAMBER  INSTITUTE OF  TECHNOLOGY,Active,Rajasthan,Dausa,Dausa,"NH -11,  MITRAPURA, BHANDAREJ MODE,  DAUSA , PIN CODE -303501 RAJASTHAN",303501,27.032234,74.219318,Private-Self Financing,"Board of Technical Education And Directorate Of Technical Education, Jodhpur",Approved,Approved,Not Accredited,No,,Tier 3,http://www.shreedigamber.ac.in,info@shreedigamber.ac.in,admissions@shreedigamber.ac.in,placement@shreedigamber.ac.in,+91-80-192-5897,Mechanical Engineering,B.Tech,15,285,2010,Urban,Yes,Yes
1-44643634971,1-44643634971,U-0755,POORNIMA COLLEGE OF ENGINEERING,Active,Rajasthan,Jaipur,Jaipur,"ISI-6, RIICO INSTITUTIONAL AREA SITAPURA, GONER ROAD",302659,26.921327,75.802537,Private-Self Financing,"Rajasthan Technical University, Kota",Approved,Approved,A,No,,Tier 3,http://www.poornima.ac.in,info@poornima.ac.in,admissions@poornima.ac.in,placement@poornima.ac.in,+91-80-213-2833,Computer Science Engineering (CSE),B.Tech,300,720,2018,Urban,Yes,Yes
1-44643634971,1-44643634971,U-0755,POORNIMA COLLEGE OF ENGINEERING,Active,Rajasthan,Jaipur,Jaipur,"ISI-6, RIICO INSTITUTIONAL AREA SITAPURA, GONER ROAD",302659,26.921327,75.802537,Private-Self Financing,"Rajasthan Technical University, Kota",Approved,Approved,A,No,,Tier 3,http://www.poornima.ac.in,info@poornima.ac.in,admissions@poornima.ac.in,placement@poornima.ac.in,+91-80-213-2833,Electronics & Communication Engineering (ECE),B.Tech,60,720,2018,Urban,Yes,Yes
1-44643634971,1-44643634971,U-0755,POORNIMA COLLEGE OF ENGINEERING,Active,Rajasthan,Jaipur,Jaipur,"ISI-6, RIICO INSTITUTIONAL AREA SITAPURA, GONER ROAD",302659,26.921327,75.802537,Private-Self Financing,"Rajasthan Technical University, Kota",Approved,Approved,A,No,,Tier 3,http://www.poornima.ac.in,info@poornima.ac.in,admissions@poornima.ac.in,placement@poornima.ac.in,+91-80-213-2833,Mechanical Engineering,B.Tech,60,720,2018,Urban,Yes,Yes
1-44643634971,1-44643634971,U-0755,POORNIMA COLLEGE OF ENGINEERING,Active,Rajasthan,Jaipur,Jaipur,"ISI-6, RIICO INSTITUTIONAL AREA SITAPURA, GONER ROAD",302659,26.921327,75.802537,Private-Self Financing,"Rajasthan Technical University, Kota",Approved,Approved,A,No,,Tier 3,http://www.poornima.ac.in,info@poornima.ac.in,admissions@poornima.ac.in,placement@poornima.ac.in,+91-80-213-2833,Civil Engineering,B.Tech,60,720,2018,Urban,Yes,Yes
1-44643634971,1-44643634971,U-0755,POORNIMA COLLEGE OF ENGINEERING,Active,Rajasthan,Jaipur,Jaipur,"ISI-6, RIICO INSTITUTIONAL AREA SITAPURA, GONER ROAD",302659,26.921327,75.802537,Private-Self Financing,"Rajasthan Technical University, Kota",Approved,Approved,A,No,,Tier 3,http://www.poornima.ac.in,info@poornima.ac.in,admissions@poornima.ac.in,placement@poornima.ac.in,+91-80-213-2833,Electrical Engineering,B.Tech,60,720,2018,Urban,Yes,Yes
1-44643634971,1-44643634971,U-0755,POORNIMA COLLEGE OF ENGINEERING,Active,Rajasthan,Jaipur,Jaipur,"ISI-6, RIICO INSTITUTIONAL AREA SITAPURA, GONER ROAD",302659,26.921327,75.802537,Private-Self Financing,"Rajasthan Technical University, Kota",Approved,Approved,A,No,,Tier 3,http://www.poornima.ac.in,info@poornima.ac.in,admissions@poornima.ac.in,placement@poornima.ac.in,+91-80-213-2833,Information Technology (IT),B.Tech,60,720,2018,Urban,Yes,Yes
1-44643634971,1-44643634971,U-0755,POORNIMA COLLEGE OF ENGINEERING,Active,Rajasthan,Jaipur,Jaipur,"ISI-6, RIICO INSTITUTIONAL AREA SITAPURA, GONER ROAD",302659,26.921327,75.802537,Private-Self Financing,"Rajasthan Technical University, Kota",Approved,Approved,A,No,,Tier 3,http://www.poornima.ac.in,info@poornima.ac.in,admissions@poornima.ac.in,placement@poornima.ac.in,+91-80-213-2833,Data Science,B.Tech,60,720,2018,Urban,Yes,Yes
1-44643634971,1-44643634971,U-0755,POORNIMA COLLEGE OF ENGINEERING,Active,Rajasthan,Jaipur,Jaipur,"ISI-6, RIICO INSTITUTIONAL AREA SITAPURA, GONER ROAD",302659,26.921327,75.802537,Private-Self Financing,"Rajasthan Technical University, Kota",Approved,Approved,A,No,,Tier 3,http://www.poornima.ac.in,info@poornima.ac.in,admissions@poornima.ac.in,placement@poornima.ac.in,+91-80-213-2833,Cyber Security,B.Tech,60,720,2018,Urban,Yes,Yes
1-44643376915,1-44643376915,U-0192,B.K. BIRLA INSTITUTE OF ENGINEERING AND TECHNOLOGY,Active,Rajasthan,Jhunjhunu,Jhunjhunu,"BKBIET, CEERI ROAD PILANI",302851,27.016101,74.214537,Private-Self Financing,"BIKANER TECHNICAL UNIVERSITY, BIKANER",Approved,Approved,B++,No,,Tier 3,http://www.bkbirla.ac.in,info@bkbirla.ac.in,admissions@bkbirla.ac.in,placement@bkbirla.ac.in,+91-80-515-9530,Computer Science Engineering (CSE),B.Tech,120,516,1992,Urban,Yes,Yes
1-44643376915,1-44643376915,U-0192,B.K. BIRLA INSTITUTE OF ENGINEERING AND TECHNOLOGY,Active,Rajasthan,Jhunjhunu,Jhunjhunu,"BKBIET, CEERI ROAD PILANI",302851,27.016101,74.214537,Private-Self Financing,"BIKANER TECHNICAL UNIVERSITY, BIKANER",Approved,Approved,B++,No,,Tier 3,http://www.bkbirla.ac.in,info@bkbirla.ac.in,admissions@bkbirla.ac.in,placement@bkbirla.ac.in,+91-80-515-9530,Electrical Engineering,B.Tech,60,516,1992,Urban,Yes,Yes
1-44643376915,1-44643376915,U-0192,B.K. BIRLA INSTITUTE OF ENGINEERING AND TECHNOLOGY,Active,Rajasthan,Jhunjhunu,Jhunjhunu,"BKBIET, CEERI ROAD PILANI",302851,27.016101,74.214537,Private-Self Financing,"BIKANER TECHNICAL UNIVERSITY, BIKANER",Approved,Approved,B++,No,,Tier 3,http://www.bkbirla.ac.in,info@bkbirla.ac.in,admissions@bkbirla.ac.in,placement@bkbirla.ac.in,+91-80-515-9530,Electronics & Communication Engineering (ECE),B.Tech,60,516,1992,Urban,Yes,Yes
1-44643376915,1-44643376915,U-0192,B.K. BIRLA INSTITUTE OF ENGINEERING AND TECHNOLOGY,Active,Rajasthan,Jhunjhunu,Jhunjhunu,"BKBIET, CEERI ROAD PILANI",302851,27.016101,74.214537,Private-Self Financing,"BIKANER TECHNICAL UNIVERSITY, BIKANER",Approved,Approved,B++,No,,Tier 3,http://www.bkbirla.ac.in,info@bkbirla.ac.in,admissions@bkbirla.ac.in,placement@bkbirla.ac.in,+91-80-515-9530,Information Technology (IT),B.Tech,60,516,1992,Urban,Yes,Yes
1-44643376915,1-44643376915,U-0192,B.K. BIRLA INSTITUTE OF ENGINEERING AND TECHNOLOGY,Active,Rajasthan,Jhunjhunu,Jhunjhunu,"BKBIET, CEERI ROAD PILANI",302851,27.016101,74.214537,Private-Self Financing,"BIKANER TECHNICAL UNIVERSITY, BIKANER",Approved,Approved,B++,No,,Tier 3,http://www.bkbirla.ac.in,info@bkbirla.ac.in,admissions@bkbirla.ac.in,placement@bkbirla.ac.in,+91-80-515-9530,Other Engineering Branches,B.Tech,120,516,1992,Urban,Yes,Yes
1-44643376915,1-44643376915,U-0192,B.K. BIRLA INSTITUTE OF ENGINEERING AND TECHNOLOGY,Active,Rajasthan,Jhunjhunu,Jhunjhunu,"BKBIET, CEERI ROAD PILANI",302851,27.016101,74.214537,Private-Self Financing,"BIKANER TECHNICAL UNIVERSITY, BIKANER",Approved,Approved,B++,No,,Tier 3,http://www.bkbirla.ac.in,info@bkbirla.ac.in,admissions@bkbirla.ac.in,placement@bkbirla.ac.in,+91-80-515-9530,Data Science,B.Tech,60,516,1992,Urban,Yes,Yes
1-44643376915,1-44643376915,U-0192,B.K. BIRLA INSTITUTE OF ENGINEERING AND TECHNOLOGY,Active,Rajasthan,Jhunjhunu,Jhunjhunu,"BKBIET, CEERI ROAD PILANI",302851,27.016101,74.214537,Private-Self Financing,"BIKANER TECHNICAL UNIVERSITY, BIKANER",Approved,Approved,B++,No,,Tier 3,http://www.bkbirla.ac.in,info@bkbirla.ac.in,admissions@bkbirla.ac.in,placement@bkbirla.ac.in,+91-80-515-9530,Computer Science Engineering (CSE),M.Tech,18,516,1992,Urban,Yes,Yes
1-44643376915,1-44643376915,U-0192,B.K. BIRLA INSTITUTE OF ENGINEERING AND TECHNOLOGY,Active,Rajasthan,Jhunjhunu,Jhunjhunu,"BKBIET, CEERI ROAD PILANI",302851,27.016101,74.214537,Private-Self Financing,"BIKANER TECHNICAL UNIVERSITY, BIKANER",Approved,Approved,B++,No,,Tier 3,http://www.bkbirla.ac.in,info@bkbirla.ac.in,admissions@bkbirla.ac.in,placement@bkbirla.ac.in,+91-80-515-9530,Electronics & Communication Engineering (ECE),M.Tech,18,516,1992,Urban,Yes,Yes
1-44643291413,1-44643291413,U-0192,SLBS ENGINEERING COLLEGE,Active,Rajasthan,Jodhpur,Jodhpur,"NH-112,       JODHPUR-JAIPUR HIGHWAY, NEAR VILLAGE DANGIYAWAS, JODHPUR (RAJASTHAN)",302829,26.256416,73.020609,Private-Self Financing,"BIKANER TECHNICAL UNIVERSITY, BIKANER",Approved,Approved,B++,Yes,,Tier 3,http://www.slbs.ac.in,info@slbs.ac.in,admissions@slbs.ac.in,placement@slbs.ac.in,+91-80-573-5144,Other Engineering Branches,B.Tech,15,120,1994,Urban,Yes,No
1-44643291413,1-44643291413,U-0192,SLBS ENGINEERING COLLEGE,Active,Rajasthan,Jodhpur,Jodhpur,"NH-112,       JODHPUR-JAIPUR HIGHWAY, NEAR VILLAGE DANGIYAWAS, JODHPUR (RAJASTHAN)",302829,26.256416,73.020609,Private-Self Financing,"BIKANER TECHNICAL UNIVERSITY, BIKANER",Approved,Approved,B++,Yes,,Tier 3,http://www.slbs.ac.in,info@slbs.ac.in,admissions@slbs.ac.in,placement@slbs.ac.in,+91-80-573-5144,Mechanical Engineering,B.Tech,15,120,1994,Urban,Yes,No
1-44643291413,1-44643291413,U-0192,SLBS ENGINEERING COLLEGE,Active,Rajasthan,Jodhpur,Jodhpur,"NH-112,       JODHPUR-JAIPUR HIGHWAY, NEAR VILLAGE DANGIYAWAS, JODHPUR (RAJASTHAN)",302829,26.256416,73.020609,Private-Self Financing,"BIKANER TECHNICAL UNIVERSITY, BIKANER",Approved,Approved,B++,Yes,,Tier 3,http://www.slbs.ac.in,info@slbs.ac.in,admissions@slbs.ac.in,placement@slbs.ac.in,+91-80-573-5144,Civil Engineering,B.Tech,60,120,1994,Urban,Yes,No
1-44643291413,1-44643291413,U-0192,SLBS ENGINEERING COLLEGE,Active,Rajasthan,Jodhpur,Jodhpur,"NH-112,       JODHPUR-JAIPUR HIGHWAY, NEAR VILLAGE DANGIYAWAS, JODHPUR (RAJASTHAN)",302829,26.256416,73.020609,Private-Self Financing,"BIKANER TECHNICAL UNIVERSITY, BIKANER",Approved,Approved,B++,Yes,,Tier 3,http://www.slbs.ac.in,info@slbs.ac.in,admissions@slbs.ac.in,placement@slbs.ac.in,+91-80-573-5144,Electrical Engineering,B.Tech,30,120,1994,Urban,Yes,No
1-44643337055,1-44643337055,U-0192,"CHARTERED INSTITUTE OF TECHNOLOGY , ABU- ROAD",Active,Rajasthan,Sirohi,Sirohi,"KHASARA NO. 276/252, VILLAGE DANVAV, MOUNT ROAD , TALHATI ABU-ROAD  DISTRIC- SIROHI ,RAJASTHAN",302094,27.024375,74.219642,Private-Self Financing,"BIKANER TECHNICAL UNIVERSITY, BIKANER",Approved,Approved,Not Accredited,No,,Tier 3,http://www.charteredaburoad.ac.in,info@charteredaburoad.ac.in,admissions@charteredaburoad.ac.in,placement@charteredaburoad.ac.in,+91-80-862-9643,Mechanical Engineering,B.Tech,60,210,2022,Urban,Yes,Yes
1-44643337055,1-44643337055,U-0192,"CHARTERED INSTITUTE OF TECHNOLOGY , ABU- ROAD",Active,Rajasthan,Sirohi,Sirohi,"KHASARA NO. 276/252, VILLAGE DANVAV, MOUNT ROAD , TALHATI ABU-ROAD  DISTRIC- SIROHI ,RAJASTHAN",302094,27.024375,74.219642,Private-Self Financing,"BIKANER TECHNICAL UNIVERSITY, BIKANER",Approved,Approved,Not Accredited,No,,Tier 3,http://www.charteredaburoad.ac.in,info@charteredaburoad.ac.in,admissions@charteredaburoad.ac.in,placement@charteredaburoad.ac.in,+91-80-862-9643,Electronics & Communication Engineering (ECE),B.Tech,30,210,2022,Urban,Yes,Yes
1-44643337055,1-44643337055,U-0192,"CHARTERED INSTITUTE OF TECHNOLOGY , ABU- ROAD",Active,Rajasthan,Sirohi,Sirohi,"KHASARA NO. 276/252, VILLAGE DANVAV, MOUNT ROAD , TALHATI ABU-ROAD  DISTRIC- SIROHI ,RAJASTHAN",302094,27.024375,74.219642,Private-Self Financing,"BIKANER TECHNICAL UNIVERSITY, BIKANER",Approved,Approved,Not Accredited,No,,Tier 3,http://www.charteredaburoad.ac.in,info@charteredaburoad.ac.in,admissions@charteredaburoad.ac.in,placement@charteredaburoad.ac.in,+91-80-862-9643,Electrical Engineering,B.Tech,30,210,2022,Urban,Yes,Yes
1-44643337055,1-44643337055,U-0192,"CHARTERED INSTITUTE OF TECHNOLOGY , ABU- ROAD",Active,Rajasthan,Sirohi,Sirohi,"KHASARA NO. 276/252, VILLAGE DANVAV, MOUNT ROAD , TALHATI ABU-ROAD  DISTRIC- SIROHI ,RAJASTHAN",302094,27.024375,74.219642,Private-Self Financing,"BIKANER TECHNICAL UNIVERSITY, BIKANER",Approved,Approved,Not Accredited,No,,Tier 3,http://www.charteredaburoad.ac.in,info@charteredaburoad.ac.in,admissions@charteredaburoad.ac.in,placement@charteredaburoad.ac.in,+91-80-862-9643,Computer Science Engineering (CSE),B.Tech,60,210,2022,Urban,Yes,Yes
1-44643337055,1-44643337055,U-0192,"CHARTERED INSTITUTE OF TECHNOLOGY , ABU- ROAD",Active,Rajasthan,Sirohi,Sirohi,"KHASARA NO. 276/252, VILLAGE DANVAV, MOUNT ROAD , TALHATI ABU-ROAD  DISTRIC- SIROHI ,RAJASTHAN",302094,27.024375,74.219642,Private-Self Financing,"BIKANER TECHNICAL UNIVERSITY, BIKANER",Approved,Approved,Not Accredited,No,,Tier 3,http://www.charteredaburoad.ac.in,info@charteredaburoad.ac.in,admissions@charteredaburoad.ac.in,placement@charteredaburoad.ac.in,+91-80-862-9643,Civil Engineering,B.Tech,30,210,2022,Urban,Yes,Yes
1-44643648915,1-44643648915,U-0192,SHEKHAWATI INSTITUTE OF ENGG. AND TECHNOLOGY,Active,Rajasthan,Sikar,Sikar,"BEHIND CIRCUIT HOUSE, FATEHPUR ROAD SIKAR RAJASTHAN",302058,27.025295,74.210442,Private-Self Financing,"BIKANER TECHNICAL UNIVERSITY, BIKANER",Approved,Approved,A+,Yes,,Tier 2,http://www.shekhawatiengg.ac.in,info@shekhawatiengg.ac.in,admissions@shekhawatiengg.ac.in,placement@shekhawatiengg.ac.in,+91-80-901-5632,Mechanical Engineering,B.Tech,30,432,1988,Rural,Yes,No
1-44643648915,1-44643648915,U-0192,SHEKHAWATI INSTITUTE OF ENGG. AND TECHNOLOGY,Active,Rajasthan,Sikar,Sikar,"BEHIND CIRCUIT HOUSE, FATEHPUR ROAD SIKAR RAJASTHAN",302058,27.025295,74.210442,Private-Self Financing,"BIKANER TECHNICAL UNIVERSITY, BIKANER",Approved,Approved,A+,Yes,,Tier 2,http://www.shekhawatiengg.ac.in,info@shekhawatiengg.ac.in,admissions@shekhawatiengg.ac.in,placement@shekhawatiengg.ac.in,+91-80-901-5632,Computer Science Engineering (CSE),B.Tech,120,432,1988,Rural,Yes,No
1-44643648915,1-44643648915,U-0192,SHEKHAWATI INSTITUTE OF ENGG. AND TECHNOLOGY,Active,Rajasthan,Sikar,Sikar,"BEHIND CIRCUIT HOUSE, FATEHPUR ROAD SIKAR RAJASTHAN",302058,27.025295,74.210442,Private-Self Financing,"BIKANER TECHNICAL UNIVERSITY, BIKANER",Approved,Approved,A+,Yes,,Tier 2,http://www.shekhawatiengg.ac.in,info@shekhawatiengg.ac.in,admissions@shekhawatiengg.ac.in,placement@shekhawatiengg.ac.in,+91-80-901-5632,Civil Engineering,B.Tech,30,432,1988,Rural,Yes,No
1-44643648915,1-44643648915,U-0192,SHEKHAWATI INSTITUTE OF ENGG. AND TECHNOLOGY,Active,Rajasthan,Sikar,Sikar,"BEHIND CIRCUIT HOUSE, FATEHPUR ROAD SIKAR RAJASTHAN",302058,27.025295,74.210442,Private-Self Financing,"BIKANER TECHNICAL UNIVERSITY, BIKANER",Approved,Approved,A+,Yes,,Tier 2,http://www.shekhawatiengg.ac.in,info@shekhawatiengg.ac.in,admissions@shekhawatiengg.ac.in,placement@shekhawatiengg.ac.in,+91-80-901-5632,Electrical Engineering,B.Tech,30,432,1988,Rural,Yes,No
1-44643648915,1-44643648915,U-0192,SHEKHAWATI INSTITUTE OF ENGG. AND TECHNOLOGY,Active,Rajasthan,Sikar,Sikar,"BEHIND CIRCUIT HOUSE, FATEHPUR ROAD SIKAR RAJASTHAN",302058,27.025295,74.210442,Private-Self Financing,"BIKANER TECHNICAL UNIVERSITY, BIKANER",Approved,Approved,A+,Yes,,Tier 2,http://www.shekhawatiengg.ac.in,info@shekhawatiengg.ac.in,admissions@shekhawatiengg.ac.in,placement@shekhawatiengg.ac.in,+91-80-901-5632,Mechanical Engineering,M.Tech,24,432,1988,Rural,Yes,No
1-44643648915,1-44643648915,U-0192,SHEKHAWATI INSTITUTE OF ENGG. AND TECHNOLOGY,Active,Rajasthan,Sikar,Sikar,"BEHIND CIRCUIT HOUSE, FATEHPUR ROAD SIKAR RAJASTHAN",302058,27.025295,74.210442,Private-Self Financing,"BIKANER TECHNICAL UNIVERSITY, BIKANER",Approved,Approved,A+,Yes,,Tier 2,http://www.shekhawatiengg.ac.in,info@shekhawatiengg.ac.in,admissions@shekhawatiengg.ac.in,placement@shekhawatiengg.ac.in,+91-80-901-5632,Agricultural Engineering,B.Tech,60,432,1988,Rural,Yes,No
1-44643648915,1-44643648915,U-0192,SHEKHAWATI INSTITUTE OF ENGG. AND TECHNOLOGY,Active,Rajasthan,Sikar,Sikar,"BEHIND CIRCUIT HOUSE, FATEHPUR ROAD SIKAR RAJASTHAN",302058,27.025295,74.210442,Private-Self Financing,"BIKANER TECHNICAL UNIVERSITY, BIKANER",Approved,Approved,A+,Yes,,Tier 2,http://www.shekhawatiengg.ac.in,info@shekhawatiengg.ac.in,admissions@shekhawatiengg.ac.in,placement@shekhawatiengg.ac.in,+91-80-901-5632,Computer Science Engineering (CSE),M.Tech,24,432,1988,Rural,Yes,No
1-44643648915,1-44643648915,U-0192,SHEKHAWATI INSTITUTE OF ENGG. AND TECHNOLOGY,Active,Rajasthan,Sikar,Sikar,"BEHIND CIRCUIT HOUSE, FATEHPUR ROAD SIKAR RAJASTHAN",302058,27.025295,74.210442,Private-Self Financing,"BIKANER TECHNICAL UNIVERSITY, BIKANER",Approved,Approved,A+,Yes,,Tier 2,http://www.shekhawatiengg.ac.in,info@shekhawatiengg.ac.in,admissions@shekhawatiengg.ac.in,placement@shekhawatiengg.ac.in,+91-80-901-5632,Other Engineering Branches,M.Tech,24,432,1988,Rural,Yes,No
1-44643648915,1-44643648915,U-0192,SHEKHAWATI INSTITUTE OF ENGG. AND TECHNOLOGY,Active,Rajasthan,Sikar,Sikar,"BEHIND CIRCUIT HOUSE, FATEHPUR ROAD SIKAR RAJASTHAN",302058,27.025295,74.210442,Private-Self Financing,"BIKANER TECHNICAL UNIVERSITY, BIKANER",Approved,Approved,A+,Yes,,Tier 2,http://www.shekhawatiengg.ac.in,info@shekhawatiengg.ac.in,admissions@shekhawatiengg.ac.in,placement@shekhawatiengg.ac.in,+91-80-901-5632,Data Science,B.Tech,60,432,1988,Rural,Yes,No
1-44643648915,1-44643648915,U-0192,SHEKHAWATI INSTITUTE OF ENGG. AND TECHNOLOGY,Active,Rajasthan,Sikar,Sikar,"BEHIND CIRCUIT HOUSE, FATEHPUR ROAD SIKAR RAJASTHAN",302058,27.025295,74.210442,Private-Self Financing,"BIKANER TECHNICAL UNIVERSITY, BIKANER",Approved,Approved,A+,Yes,,Tier 2,http://www.shekhawatiengg.ac.in,info@shekhawatiengg.ac.in,admissions@shekhawatiengg.ac.in,placement@shekhawatiengg.ac.in,+91-80-901-5632,Artificial Intelligence & Machine Learning (AI & ML),B.Tech,30,432,1988,Rural,Yes,No
1-44643649595,1-44643649595,U-0755,SHRI BHAWANI NIKETAN INSTITUTE OF TECHNOLOGY & MANAGEMENT,Active,Rajasthan,Jaipur,Jaipur,"SHRI BHAWANI NIKETAN SHIKSHA SAMITI CAMPUS, MAHARAO SHEKHA CIRCLE, NEAR CHOMU PULIA, SIKAR ROAD, JAIPUR",302659,26.921848,75.800697,Private-Self Financing,"Rajasthan Technical University, Kota",Approved,Approved,A,No,,Tier 3,http://www.shribhawaniniketan.ac.in,info@shribhawaniniketan.ac.in,admissions@shribhawaniniketan.ac.in,placement@shribhawaniniketan.ac.in,+91-80-235-1445,Civil Engineering,B.Tech,30,450,1985,Urban,No,Yes
1-44643649595,1-44643649595,U-0755,SHRI BHAWANI NIKETAN INSTITUTE OF TECHNOLOGY & MANAGEMENT,Active,Rajasthan,Jaipur,Jaipur,"SHRI BHAWANI NIKETAN SHIKSHA SAMITI CAMPUS, MAHARAO SHEKHA CIRCLE, NEAR CHOMU PULIA, SIKAR ROAD, JAIPUR",302659,26.921848,75.800697,Private-Self Financing,"Rajasthan Technical University, Kota",Approved,Approved,A,No,,Tier 3,http://www.shribhawaniniketan.ac.in,info@shribhawaniniketan.ac.in,admissions@shribhawaniniketan.ac.in,placement@shribhawaniniketan.ac.in,+91-80-235-1445,Computer Science Engineering (CSE),B.Tech,60,450,1985,Urban,No,Yes
1-44643649595,1-44643649595,U-0755,SHRI BHAWANI NIKETAN INSTITUTE OF TECHNOLOGY & MANAGEMENT,Active,Rajasthan,Jaipur,Jaipur,"SHRI BHAWANI NIKETAN SHIKSHA SAMITI CAMPUS, MAHARAO SHEKHA CIRCLE, NEAR CHOMU PULIA, SIKAR ROAD, JAIPUR",302659,26.921848,75.800697,Private-Self Financing,"Rajasthan Technical University, Kota",Approved,Approved,A,No,,Tier 3,http://www.shribhawaniniketan.ac.in,info@shribhawaniniketan.ac.in,admissions@shribhawaniniketan.ac.in,placement@shribhawaniniketan.ac.in,+91-80-235-1445,Mechanical Engineering,B.Tech,30,450,1985,Urban,No,Yes
1-44643649595,1-44643649595,U-0755,SHRI BHAWANI NIKETAN INSTITUTE OF TECHNOLOGY & MANAGEMENT,Active,Rajasthan,Jaipur,Jaipur,"SHRI BHAWANI NIKETAN SHIKSHA SAMITI CAMPUS, MAHARAO SHEKHA CIRCLE, NEAR CHOMU PULIA, SIKAR ROAD, JAIPUR",302659,26.921848,75.800697,Private-Self Financing,"Rajasthan Technical University, Kota",Approved,Approved,A,No,,Tier 3,http://www.shribhawaniniketan.ac.in,info@shribhawaniniketan.ac.in,admissions@shribhawaniniketan.ac.in,placement@shribhawaniniketan.ac.in,+91-80-235-1445,Electrical Engineering,B.Tech,30,450,1985,Urban,No,Yes
1-44643649595,1-44643649595,U-0755,SHRI BHAWANI NIKETAN INSTITUTE OF TECHNOLOGY & MANAGEMENT,Active,Rajasthan,Jaipur,Jaipur,"SHRI BHAWANI NIKETAN SHIKSHA SAMITI CAMPUS, MAHARAO SHEKHA CIRCLE, NEAR CHOMU PULIA, SIKAR ROAD, JAIPUR",302659,26.921848,75.800697,Private-Self Financing,"Rajasthan Technical University, Kota",Approved,Approved,A,No,,Tier 3,http://www.shribhawaniniketan.ac.in,info@shribhawaniniketan.ac.in,admissions@shribhawaniniketan.ac.in,placement@shribhawaniniketan.ac.in,+91-80-235-1445,Mechanical Engineering,Diploma,60,450,1985,Urban,No,Yes
1-44643649595,1-44643649595,U-0755,SHRI BHAWANI NIKETAN INSTITUTE OF TECHNOLOGY & MANAGEMENT,Active,Rajasthan,Jaipur,Jaipur,"SHRI BHAWANI NIKETAN SHIKSHA SAMITI CAMPUS, MAHARAO SHEKHA CIRCLE, NEAR CHOMU PULIA, SIKAR ROAD, JAIPUR",302659,26.921848,75.800697,Private-Self Financing,"Rajasthan Technical University, Kota",Approved,Approved,A,No,,Tier 3,http://www.shribhawaniniketan.ac.in,info@shribhawaniniketan.ac.in,admissions@shribhawaniniketan.ac.in,placement@shribhawaniniketan.ac.in,+91-80-235-1445,Electrical Engineering,Diploma,60,450,1985,Urban,No,Yes
1-44643649595,1-44643649595,U-0755,SHRI BHAWANI NIKETAN INSTITUTE OF TECHNOLOGY & MANAGEMENT,Active,Rajasthan,Jaipur,Jaipur,"SHRI BHAWANI NIKETAN SHIKSHA SAMITI CAMPUS, MAHARAO SHEKHA CIRCLE, NEAR CHOMU PULIA, SIKAR ROAD, JAIPUR",302659,26.921848,75.800697,Private-Self Financing,"Rajasthan Technical University, Kota",Approved,Approved,A,No,,Tier 3,http://www.shribhawaniniketan.ac.in,info@shribhawaniniketan.ac.in,admissions@shribhawaniniketan.ac.in,placement@shribhawaniniketan.ac.in,+91-80-235-1445,Civil Engineering,Diploma,60,450,1985,Urban,No,Yes
1-44643649595,1-44643649595,U-0755,SHRI BHAWANI NIKETAN INSTITUTE OF TECHNOLOGY & MANAGEMENT,Active,Rajasthan,Jaipur,Jaipur,"SHRI BHAWANI NIKETAN SHIKSHA SAMITI CAMPUS, MAHARAO SHEKHA CIRCLE, NEAR CHOMU PULIA, SIKAR ROAD, JAIPUR",302659,26.921848,75.800697,Private-Self Financing,"Rajasthan Technical University, Kota",Approved,Approved,A,No,,Tier 3,http://www.shribhawaniniketan.ac.in,info@shribhawaniniketan.ac.in,admissions@shribhawaniniketan.ac.in,placement@shribhawaniniketan.ac.in,+91-80-235-1445,Automobile Engineering,Diploma,30,450,1985,Urban,No,Yes
1-44643649595,1-44643649595,U-0755,SHRI BHAWANI NIKETAN INSTITUTE OF TECHNOLOGY & MANAGEMENT,Active,Rajasthan,Jaipur,Jaipur,"SHRI BHAWANI NIKETAN SHIKSHA SAMITI CAMPUS, MAHARAO SHEKHA CIRCLE, NEAR CHOMU PULIA, SIKAR ROAD, JAIPUR",302659,26.921848,75.800697,Private-Self Financing,"Rajasthan Technical University, Kota",Approved,Approved,A,No,,Tier 3,http://www.shribhawaniniketan.ac.in,info@shribhawaniniketan.ac.in,admissions@shribhawaniniketan.ac.in,placement@shribhawaniniketan.ac.in,+91-80-235-1445,Data Science,B.Tech,60,450,1985,Urban,No,Yes
1-44643649595,1-44643649595,U-0755,SHRI BHAWANI NIKETAN INSTITUTE OF TECHNOLOGY & MANAGEMENT,Active,Rajasthan,Jaipur,Jaipur,"SHRI BHAWANI NIKETAN SHIKSHA SAMITI CAMPUS, MAHARAO SHEKHA CIRCLE, NEAR CHOMU PULIA, SIKAR ROAD, JAIPUR",302659,26.921848,75.800697,Private-Self Financing,"Rajasthan Technical University, Kota",Approved,Approved,A,No,,Tier 3,http://www.shribhawaniniketan.ac.in,info@shribhawaniniketan.ac.in,admissions@shribhawaniniketan.ac.in,placement@shribhawaniniketan.ac.in,+91-80-235-1445,Computer Science Engineering (CSE),Diploma,30,450,1985,Urban,No,Yes
1-44643124616,1-44643124616,U-0992,PACIFIC INSTITUTE OF TECHNOLOGY,Active,Rajasthan,Udaipur,Udaipur,"PB.12,PRATAP NAGAR EXT.,AIRPORT ROAD,UDAIPUR-313003",313003,27.013511,74.224915,State Private University,NOT APPLICABLE,Approved,Approved,B,Yes,,Tier 3,http://www.pacific.ac.in,info@pacific.ac.in,admissions@pacific.ac.in,placement@pacific.ac.in,+91-80-407-3132,Computer Science Engineering (CSE),B.Tech,90,330,1985,Urban,Yes,No
1-44643124616,1-44643124616,U-0992,PACIFIC INSTITUTE OF TECHNOLOGY,Active,Rajasthan,Udaipur,Udaipur,"PB.12,PRATAP NAGAR EXT.,AIRPORT ROAD,UDAIPUR-313003",313003,27.013511,74.224915,State Private University,NOT APPLICABLE,Approved,Approved,B,Yes,,Tier 3,http://www.pacific.ac.in,info@pacific.ac.in,admissions@pacific.ac.in,placement@pacific.ac.in,+91-80-407-3132,Civil Engineering,B.Tech,60,330,1985,Urban,Yes,No
1-44643124616,1-44643124616,U-0992,PACIFIC INSTITUTE OF TECHNOLOGY,Active,Rajasthan,Udaipur,Udaipur,"PB.12,PRATAP NAGAR EXT.,AIRPORT ROAD,UDAIPUR-313003",313003,27.013511,74.224915,State Private University,NOT APPLICABLE,Approved,Approved,B,Yes,,Tier 3,http://www.pacific.ac.in,info@pacific.ac.in,admissions@pacific.ac.in,placement@pacific.ac.in,+91-80-407-3132,Electrical Engineering,B.Tech,60,330,1985,Urban,Yes,No
1-44643124616,1-44643124616,U-0992,PACIFIC INSTITUTE OF TECHNOLOGY,Active,Rajasthan,Udaipur,Udaipur,"PB.12,PRATAP NAGAR EXT.,AIRPORT ROAD,UDAIPUR-313003",313003,27.013511,74.224915,State Private University,NOT APPLICABLE,Approved,Approved,B,Yes,,Tier 3,http://www.pacific.ac.in,info@pacific.ac.in,admissions@pacific.ac.in,placement@pacific.ac.in,+91-80-407-3132,Mechanical Engineering,B.Tech,60,330,1985,Urban,Yes,No
1-44643124616,1-44643124616,U-0992,PACIFIC INSTITUTE OF TECHNOLOGY,Active,Rajasthan,Udaipur,Udaipur,"PB.12,PRATAP NAGAR EXT.,AIRPORT ROAD,UDAIPUR-313003",313003,27.013511,74.224915,State Private University,NOT APPLICABLE,Approved,Approved,B,Yes,,Tier 3,http://www.pacific.ac.in,info@pacific.ac.in,admissions@pacific.ac.in,placement@pacific.ac.in,+91-80-407-3132,Mining Engineering,B.Tech,60,330,1985,Urban,Yes,No
1-44643262647,1-44643262647,U-0755,POORNIMA INSTITUTE OF ENGINEERING & TECHNOLOGY,Active,Rajasthan,Jaipur,Jaipur,"ISI-2, RIICO INSTITUTIONAL AREA SITAPURA, GONER ROAD",302659,26.910497,75.775515,Private-Self Financing,"Rajasthan Technical University, Kota",Approved,Approved,B++,Yes,,Tier 3,http://www.poornima.ac.in,info@poornima.ac.in,admissions@poornima.ac.in,placement@poornima.ac.in,+91-80-759-0196,Computer Science Engineering (CSE),B.Tech,300,540,1984,Urban,Yes,No
1-44643262647,1-44643262647,U-0755,POORNIMA INSTITUTE OF ENGINEERING & TECHNOLOGY,Active,Rajasthan,Jaipur,Jaipur,"ISI-2, RIICO INSTITUTIONAL AREA SITAPURA, GONER ROAD",302659,26.910497,75.775515,Private-Self Financing,"Rajasthan Technical University, Kota",Approved,Approved,B++,Yes,,Tier 3,http://www.poornima.ac.in,info@poornima.ac.in,admissions@poornima.ac.in,placement@poornima.ac.in,+91-80-759-0196,Data Science,B.Tech,120,540,1984,Urban,Yes,No
1-44643262647,1-44643262647,U-0755,POORNIMA INSTITUTE OF ENGINEERING & TECHNOLOGY,Active,Rajasthan,Jaipur,Jaipur,"ISI-2, RIICO INSTITUTIONAL AREA SITAPURA, GONER ROAD",302659,26.910497,75.775515,Private-Self Financing,"Rajasthan Technical University, Kota",Approved,Approved,B++,Yes,,Tier 3,http://www.poornima.ac.in,info@poornima.ac.in,admissions@poornima.ac.in,placement@poornima.ac.in,+91-80-759-0196,IoT,B.Tech,60,540,1984,Urban,Yes,No
1-44643262647,1-44643262647,U-0755,POORNIMA INSTITUTE OF ENGINEERING & TECHNOLOGY,Active,Rajasthan,Jaipur,Jaipur,"ISI-2, RIICO INSTITUTIONAL AREA SITAPURA, GONER ROAD",302659,26.910497,75.775515,Private-Self Financing,"Rajasthan Technical University, Kota",Approved,Approved,B++,Yes,,Tier 3,http://www.poornima.ac.in,info@poornima.ac.in,admissions@poornima.ac.in,placement@poornima.ac.in,+91-80-759-0196,Electrical Engineering,B.Tech,30,540,1984,Urban,Yes,No
1-44643262647,1-44643262647,U-0755,POORNIMA INSTITUTE OF ENGINEERING & TECHNOLOGY,Active,Rajasthan,Jaipur,Jaipur,"ISI-2, RIICO INSTITUTIONAL AREA SITAPURA, GONER ROAD",302659,26.910497,75.775515,Private-Self Financing,"Rajasthan Technical University, Kota",Approved,Approved,B++,Yes,,Tier 3,http://www.poornima.ac.in,info@poornima.ac.in,admissions@poornima.ac.in,placement@poornima.ac.in,+91-80-759-0196,Electronics & Communication Engineering (ECE),B.Tech,30,540,1984,Urban,Yes,No
1-44643477354,1-44643477354,U-0755,VEDANT COLLEGE OF ENGINEERING & TECHNOLOGY,Active,Rajasthan,Bundi,Bundi,"VILLAGE: TULSI,  P.O:- JAKHMUND, DISTT:- BUNDI",302819,27.042919,74.22591,Private-Self Financing,"Rajasthan Technical University, Kota",Approved,Approved,Not Accredited,No,,Tier 3,http://www.vedant.ac.in,info@vedant.ac.in,admissions@vedant.ac.in,placement@vedant.ac.in,+91-80-640-7731,Other Engineering Branches,M.Tech,18,462,1986,Urban,Yes,Yes
1-44643477354,1-44643477354,U-0755,VEDANT COLLEGE OF ENGINEERING & TECHNOLOGY,Active,Rajasthan,Bundi,Bundi,"VILLAGE: TULSI,  P.O:- JAKHMUND, DISTT:- BUNDI",302819,27.042919,74.22591,Private-Self Financing,"Rajasthan Technical University, Kota",Approved,Approved,Not Accredited,No,,Tier 3,http://www.vedant.ac.in,info@vedant.ac.in,admissions@vedant.ac.in,placement@vedant.ac.in,+91-80-640-7731,Electrical & Electronics Engineering (EEE),B.Tech,60,462,1986,Urban,Yes,Yes
1-44643477354,1-44643477354,U-0755,VEDANT COLLEGE OF ENGINEERING & TECHNOLOGY,Active,Rajasthan,Bundi,Bundi,"VILLAGE: TULSI,  P.O:- JAKHMUND, DISTT:- BUNDI",302819,27.042919,74.22591,Private-Self Financing,"Rajasthan Technical University, Kota",Approved,Approved,Not Accredited,No,,Tier 3,http://www.vedant.ac.in,info@vedant.ac.in,admissions@vedant.ac.in,placement@vedant.ac.in,+91-80-640-7731,Electronics & Communication Engineering (ECE),B.Tech,15,462,1986,Urban,Yes,Yes
1-44643477354,1-44643477354,U-0755,VEDANT COLLEGE OF ENGINEERING & TECHNOLOGY,Active,Rajasthan,Bundi,Bundi,"VILLAGE: TULSI,  P.O:- JAKHMUND, DISTT:- BUNDI",302819,27.042919,74.22591,Private-Self Financing,"Rajasthan Technical University, Kota",Approved,Approved,Not Accredited,No,,Tier 3,http://www.vedant.ac.in,info@vedant.ac.in,admissions@vedant.ac.in,placement@vedant.ac.in,+91-80-640-7731,Mechanical Engineering,B.Tech,30,462,1986,Urban,Yes,Yes
1-44643477354,1-44643477354,U-0755,VEDANT COLLEGE OF ENGINEERING & TECHNOLOGY,Active,Rajasthan,Bundi,Bundi,"VILLAGE: TULSI,  P.O:- JAKHMUND, DISTT:- BUNDI",302819,27.042919,74.22591,Private-Self Financing,"Rajasthan Technical University, Kota",Approved,Approved,Not Accredited,No,,Tier 3,http://www.vedant.ac.in,info@vedant.ac.in,admissions@vedant.ac.in,placement@vedant.ac.in,+91-80-640-7731,Computer Science Engineering (CSE),B.Tech,30,462,1986,Urban,Yes,Yes
1-44643477354,1-44643477354,U-0755,VEDANT COLLEGE OF ENGINEERING & TECHNOLOGY,Active,Rajasthan,Bundi,Bundi,"VILLAGE: TULSI,  P.O:- JAKHMUND, DISTT:- BUNDI",302819,27.042919,74.22591,Private-Self Financing,"Rajasthan Technical University, Kota",Approved,Approved,Not Accredited,No,,Tier 3,http://www.vedant.ac.in,info@vedant.ac.in,admissions@vedant.ac.in,placement@vedant.ac.in,+91-80-640-7731,Electrical Engineering,B.Tech,60,462,1986,Urban,Yes,Yes
1-44643477354,1-44643477354,U-0755,VEDANT COLLEGE OF ENGINEERING & TECHNOLOGY,Active,Rajasthan,Bundi,Bundi,"VILLAGE: TULSI,  P.O:- JAKHMUND, DISTT:- BUNDI",302819,27.042919,74.22591,Private-Self Financing,"Rajasthan Technical University, Kota",Approved,Approved,Not Accredited,No,,Tier 3,http://www.vedant.ac.in,info@vedant.ac.in,admissions@vedant.ac.in,placement@vedant.ac.in,+91-80-640-7731,Civil Engineering,B.Tech,30,462,1986,Urban,Yes,Yes
1-44643477354,1-44643477354,U-0755,VEDANT COLLEGE OF ENGINEERING & TECHNOLOGY,Active,Rajasthan,Bundi,Bundi,"VILLAGE: TULSI,  P.O:- JAKHMUND, DISTT:- BUNDI",302819,27.042919,74.22591,Private-Self Financing,"Rajasthan Technical University, Kota",Approved,Approved,Not Accredited,No,,Tier 3,http://www.vedant.ac.in,info@vedant.ac.in,admissions@vedant.ac.in,placement@vedant.ac.in,+91-80-640-7731,Computer Science Engineering (CSE),M.Tech,9,462,1986,Urban,Yes,Yes
1-44643477354,1-44643477354,U-0755,VEDANT COLLEGE OF ENGINEERING & TECHNOLOGY,Active,Rajasthan,Bundi,Bundi,"VILLAGE: TULSI,  P.O:- JAKHMUND, DISTT:- BUNDI",302819,27.042919,74.22591,Private-Self Financing,"Rajasthan Technical University, Kota",Approved,Approved,Not Accredited,No,,Tier 3,http://www.vedant.ac.in,info@vedant.ac.in,admissions@vedant.ac.in,placement@vedant.ac.in,+91-80-640-7731,Civil Engineering,Diploma,60,462,1986,Urban,Yes,Yes
1-44643477354,1-44643477354,U-0755,VEDANT COLLEGE OF ENGINEERING & TECHNOLOGY,Active,Rajasthan,Bundi,Bundi,"VILLAGE: TULSI,  P.O:- JAKHMUND, DISTT:- BUNDI",302819,27.042919,74.22591,Private-Self Financing,"Rajasthan Technical University, Kota",Approved,Approved,Not Accredited,No,,Tier 3,http://www.vedant.ac.in,info@vedant.ac.in,admissions@vedant.ac.in,placement@vedant.ac.in,+91-80-640-7731,Electrical Engineering,Diploma,120,462,1986,Urban,Yes,Yes
1-44643477354,1-44643477354,U-0755,VEDANT COLLEGE OF ENGINEERING & TECHNOLOGY,Active,Rajasthan,Bundi,Bundi,"VILLAGE: TULSI,  P.O:- JAKHMUND, DISTT:- BUNDI",302819,27.042919,74.22591,Private-Self Financing,"Rajasthan Technical University, Kota",Approved,Approved,Not Accredited,No,,Tier 3,http://www.vedant.ac.in,info@vedant.ac.in,admissions@vedant.ac.in,placement@vedant.ac.in,+91-80-640-7731,Mechanical Engineering,Diploma,30,462,1986,Urban,Yes,Yes
1-44643750767,1-44643750767,U-0992,BIRLA INSTITUTE OF TECHNOLOGY AND SCIENCE 'BITS' PILANI,Active,Rajasthan,Jhunjhunu,Jhunjhunu,"BIRLA INSTITUTE OF TECHNOLOGY AND SCIENCE, PILANI CAMPUS, VIDYA VIHAR, PILANI",302851,27.011392,74.225138,Deemed to be University(Pvt),NOT APPLICABLE,Approved,Approved,B,No,,Tier 3,http://www.birlasciencebits.ac.in,info@birlasciencebits.ac.in,admissions@birlasciencebits.ac.in,placement@birlasciencebits.ac.in,+91-80-318-4558,Electronics & Communication Engineering (ECE),B.Tech,120,1370,1983,Urban,Yes,Yes
1-44643750767,1-44643750767,U-0992,BIRLA INSTITUTE OF TECHNOLOGY AND SCIENCE 'BITS' PILANI,Active,Rajasthan,Jhunjhunu,Jhunjhunu,"BIRLA INSTITUTE OF TECHNOLOGY AND SCIENCE, PILANI CAMPUS, VIDYA VIHAR, PILANI",302851,27.011392,74.225138,Deemed to be University(Pvt),NOT APPLICABLE,Approved,Approved,B,No,,Tier 3,http://www.birlasciencebits.ac.in,info@birlasciencebits.ac.in,admissions@birlasciencebits.ac.in,placement@birlasciencebits.ac.in,+91-80-318-4558,Other Engineering Branches,B.Tech,150,1370,1983,Urban,Yes,Yes
1-44643750767,1-44643750767,U-0992,BIRLA INSTITUTE OF TECHNOLOGY AND SCIENCE 'BITS' PILANI,Active,Rajasthan,Jhunjhunu,Jhunjhunu,"BIRLA INSTITUTE OF TECHNOLOGY AND SCIENCE, PILANI CAMPUS, VIDYA VIHAR, PILANI",302851,27.011392,74.225138,Deemed to be University(Pvt),NOT APPLICABLE,Approved,Approved,B,No,,Tier 3,http://www.birlasciencebits.ac.in,info@birlasciencebits.ac.in,admissions@birlasciencebits.ac.in,placement@birlasciencebits.ac.in,+91-80-318-4558,Computer Science Engineering (CSE),M.Tech,30,1370,1983,Urban,Yes,Yes
1-44643750767,1-44643750767,U-0992,BIRLA INSTITUTE OF TECHNOLOGY AND SCIENCE 'BITS' PILANI,Active,Rajasthan,Jhunjhunu,Jhunjhunu,"BIRLA INSTITUTE OF TECHNOLOGY AND SCIENCE, PILANI CAMPUS, VIDYA VIHAR, PILANI",302851,27.011392,74.225138,Deemed to be University(Pvt),NOT APPLICABLE,Approved,Approved,B,No,,Tier 3,http://www.birlasciencebits.ac.in,info@birlasciencebits.ac.in,admissions@birlasciencebits.ac.in,placement@birlasciencebits.ac.in,+91-80-318-4558,Other Engineering Branches,M.Tech,260,1370,1983,Urban,Yes,Yes
1-44643750767,1-44643750767,U-0992,BIRLA INSTITUTE OF TECHNOLOGY AND SCIENCE 'BITS' PILANI,Active,Rajasthan,Jhunjhunu,Jhunjhunu,"BIRLA INSTITUTE OF TECHNOLOGY AND SCIENCE, PILANI CAMPUS, VIDYA VIHAR, PILANI",302851,27.011392,74.225138,Deemed to be University(Pvt),NOT APPLICABLE,Approved,Approved,B,No,,Tier 3,http://www.birlasciencebits.ac.in,info@birlasciencebits.ac.in,admissions@birlasciencebits.ac.in,placement@birlasciencebits.ac.in,+91-80-318-4558,Chemical Engineering,M.Tech,20,1370,1983,Urban,Yes,Yes
1-44643750767,1-44643750767,U-0992,BIRLA INSTITUTE OF TECHNOLOGY AND SCIENCE 'BITS' PILANI,Active,Rajasthan,Jhunjhunu,Jhunjhunu,"BIRLA INSTITUTE OF TECHNOLOGY AND SCIENCE, PILANI CAMPUS, VIDYA VIHAR, PILANI",302851,27.011392,74.225138,Deemed to be University(Pvt),NOT APPLICABLE,Approved,Approved,B,No,,Tier 3,http://www.birlasciencebits.ac.in,info@birlasciencebits.ac.in,admissions@birlasciencebits.ac.in,placement@birlasciencebits.ac.in,+91-80-318-4558,Mechanical Engineering,M.Tech,20,1370,1983,Urban,Yes,Yes
1-44643750767,1-44643750767,U-0992,BIRLA INSTITUTE OF TECHNOLOGY AND SCIENCE 'BITS' PILANI,Active,Rajasthan,Jhunjhunu,Jhunjhunu,"BIRLA INSTITUTE OF TECHNOLOGY AND SCIENCE, PILANI CAMPUS, VIDYA VIHAR, PILANI",302851,27.011392,74.225138,Deemed to be University(Pvt),NOT APPLICABLE,Approved,Approved,B,No,,Tier 3,http://www.birlasciencebits.ac.in,info@birlasciencebits.ac.in,admissions@birlasciencebits.ac.in,placement@birlasciencebits.ac.in,+91-80-318-4558,Computer Science Engineering (CSE),B.Tech,240,1370,1983,Urban,Yes,Yes
1-44643750767,1-44643750767,U-0992,BIRLA INSTITUTE OF TECHNOLOGY AND SCIENCE 'BITS' PILANI,Active,Rajasthan,Jhunjhunu,Jhunjhunu,"BIRLA INSTITUTE OF TECHNOLOGY AND SCIENCE, PILANI CAMPUS, VIDYA VIHAR, PILANI",302851,27.011392,74.225138,Deemed to be University(Pvt),NOT APPLICABLE,Approved,Approved,B,No,,Tier 3,http://www.birlasciencebits.ac.in,info@birlasciencebits.ac.in,admissions@birlasciencebits.ac.in,placement@birlasciencebits.ac.in,+91-80-318-4558,Chemical Engineering,B.Tech,110,1370,1983,Urban,Yes,Yes
1-44643750767,1-44643750767,U-0992,BIRLA INSTITUTE OF TECHNOLOGY AND SCIENCE 'BITS' PILANI,Active,Rajasthan,Jhunjhunu,Jhunjhunu,"BIRLA INSTITUTE OF TECHNOLOGY AND SCIENCE, PILANI CAMPUS, VIDYA VIHAR, PILANI",302851,27.011392,74.225138,Deemed to be University(Pvt),NOT APPLICABLE,Approved,Approved,B,No,,Tier 3,http://www.birlasciencebits.ac.in,info@birlasciencebits.ac.in,admissions@birlasciencebits.ac.in,placement@birlasciencebits.ac.in,+91-80-318-4558,Mechanical Engineering,B.Tech,120,1370,1983,Urban,Yes,Yes
1-44643750767,1-44643750767,U-0992,BIRLA INSTITUTE OF TECHNOLOGY AND SCIENCE 'BITS' PILANI,Active,Rajasthan,Jhunjhunu,Jhunjhunu,"BIRLA INSTITUTE OF TECHNOLOGY AND SCIENCE, PILANI CAMPUS, VIDYA VIHAR, PILANI",302851,27.011392,74.225138,Deemed to be University(Pvt),NOT APPLICABLE,Approved,Approved,B,No,,Tier 3,http://www.birlasciencebits.ac.in,info@birlasciencebits.ac.in,admissions@birlasciencebits.ac.in,placement@birlasciencebits.ac.in,+91-80-318-4558,Civil Engineering,B.Tech,120,1370,1983,Urban,Yes,Yes
1-44643750767,1-44643750767,U-0992,BIRLA INSTITUTE OF TECHNOLOGY AND SCIENCE 'BITS' PILANI,Active,Rajasthan,Jhunjhunu,Jhunjhunu,"BIRLA INSTITUTE OF TECHNOLOGY AND SCIENCE, PILANI CAMPUS, VIDYA VIHAR, PILANI",302851,27.011392,74.225138,Deemed to be University(Pvt),NOT APPLICABLE,Approved,Approved,B,No,,Tier 3,http://www.birlasciencebits.ac.in,info@birlasciencebits.ac.in,admissions@birlasciencebits.ac.in,placement@birlasciencebits.ac.in,+91-80-318-4558,Electrical & Electronics Engineering (EEE),B.Tech,110,1370,1983,Urban,Yes,Yes
1-44643750767,1-44643750767,U-0992,BIRLA INSTITUTE OF TECHNOLOGY AND SCIENCE 'BITS' PILANI,Active,Rajasthan,Jhunjhunu,Jhunjhunu,"BIRLA INSTITUTE OF TECHNOLOGY AND SCIENCE, PILANI CAMPUS, VIDYA VIHAR, PILANI",302851,27.011392,74.225138,Deemed to be University(Pvt),NOT APPLICABLE,Approved,Approved,B,No,,Tier 3,http://www.birlasciencebits.ac.in,info@birlasciencebits.ac.in,admissions@birlasciencebits.ac.in,placement@birlasciencebits.ac.in,+91-80-318-4558,Biotechnology,M.Tech,20,1370,1983,Urban,Yes,Yes
1-44643750767,1-44643750767,U-0992,BIRLA INSTITUTE OF TECHNOLOGY AND SCIENCE 'BITS' PILANI,Active,Rajasthan,Jhunjhunu,Jhunjhunu,"BIRLA INSTITUTE OF TECHNOLOGY AND SCIENCE, PILANI CAMPUS, VIDYA VIHAR, PILANI",302851,27.011392,74.225138,Deemed to be University(Pvt),NOT APPLICABLE,Approved,Approved,B,No,,Tier 3,http://www.birlasciencebits.ac.in,info@birlasciencebits.ac.in,admissions@birlasciencebits.ac.in,placement@birlasciencebits.ac.in,+91-80-318-4558,Information Technology (IT),B.Tech,30,1370,1983,Urban,Yes,Yes
1-44643750767,1-44643750767,U-0992,BIRLA INSTITUTE OF TECHNOLOGY AND SCIENCE 'BITS' PILANI,Active,Rajasthan,Jhunjhunu,Jhunjhunu,"BIRLA INSTITUTE OF TECHNOLOGY AND SCIENCE, PILANI CAMPUS, VIDYA VIHAR, PILANI",302851,27.011392,74.225138,Deemed to be University(Pvt),NOT APPLICABLE,Approved,Approved,B,No,,Tier 3,http://www.birlasciencebits.ac.in,info@birlasciencebits.ac.in,admissions@birlasciencebits.ac.in,placement@birlasciencebits.ac.in,+91-80-318-4558,Information Technology (IT),M.Tech,20,1370,1983,Urban,Yes,Yes
1-44643224026,1-44643224026,U-0992,COLLEGE OF DAIRY & FOOD TECHNOLOGY,Active,Rajasthan,Udaipur,Udaipur,"UNIVERSITY CAMPUS, UDAIPUR",302880,27.026695,74.219146,State Government University,NOT APPLICABLE,Approved,Approved,A,No,,Tier 3,http://www.dairyfood.ac.in,info@dairyfood.ac.in,admissions@dairyfood.ac.in,placement@dairyfood.ac.in,+91-80-960-2951,Other Engineering Branches,B.Tech,120,135,2002,Urban,Yes,Yes
1-44643224026,1-44643224026,U-0992,COLLEGE OF DAIRY & FOOD TECHNOLOGY,Active,Rajasthan,Udaipur,Udaipur,"UNIVERSITY CAMPUS, UDAIPUR",302880,27.026695,74.219146,State Government University,NOT APPLICABLE,Approved,Approved,A,No,,Tier 3,http://www.dairyfood.ac.in,info@dairyfood.ac.in,admissions@dairyfood.ac.in,placement@dairyfood.ac.in,+91-80-960-2951,Biotechnology,B.Tech,15,135,2002,Urban,Yes,Yes
1-44643049506,1-44643049506,U-0192,MODERN INSTITUTE OF TECHNOLOGY & RESEARCH CENTRE,Active,Rajasthan,Alwar,Alwar,"VILLAGE- JHARKHERA,  6TH MILE STONE, TIJARA ROAD ALWAR",302505,27.005559,74.219686,Private-Self Financing,"BIKANER TECHNICAL UNIVERSITY, BIKANER",Approved,Approved,B+,No,,Tier 3,http://www.modernresearchcentre.ac.in,info@modernresearchcentre.ac.in,admissions@modernresearchcentre.ac.in,placement@modernresearchcentre.ac.in,+91-80-073-7931,Electrical Engineering,B.Tech,30,402,1988,Rural,Yes,No
1-44643049506,1-44643049506,U-0192,MODERN INSTITUTE OF TECHNOLOGY & RESEARCH CENTRE,Active,Rajasthan,Alwar,Alwar,"VILLAGE- JHARKHERA,  6TH MILE STONE, TIJARA ROAD ALWAR",302505,27.005559,74.219686,Private-Self Financing,"BIKANER TECHNICAL UNIVERSITY, BIKANER",Approved,Approved,B+,No,,Tier 3,http://www.modernresearchcentre.ac.in,info@modernresearchcentre.ac.in,admissions@modernresearchcentre.ac.in,placement@modernresearchcentre.ac.in,+91-80-073-7931,Computer Science Engineering (CSE),B.Tech,120,402,1988,Rural,Yes,No
1-44643049506,1-44643049506,U-0192,MODERN INSTITUTE OF TECHNOLOGY & RESEARCH CENTRE,Active,Rajasthan,Alwar,Alwar,"VILLAGE- JHARKHERA,  6TH MILE STONE, TIJARA ROAD ALWAR",302505,27.005559,74.219686,Private-Self Financing,"BIKANER TECHNICAL UNIVERSITY, BIKANER",Approved,Approved,B+,No,,Tier 3,http://www.modernresearchcentre.ac.in,info@modernresearchcentre.ac.in,admissions@modernresearchcentre.ac.in,placement@modernresearchcentre.ac.in,+91-80-073-7931,Mechanical Engineering,B.Tech,60,402,1988,Rural,Yes,No
1-44643049506,1-44643049506,U-0192,MODERN INSTITUTE OF TECHNOLOGY & RESEARCH CENTRE,Active,Rajasthan,Alwar,Alwar,"VILLAGE- JHARKHERA,  6TH MILE STONE, TIJARA ROAD ALWAR",302505,27.005559,74.219686,Private-Self Financing,"BIKANER TECHNICAL UNIVERSITY, BIKANER",Approved,Approved,B+,No,,Tier 3,http://www.modernresearchcentre.ac.in,info@modernresearchcentre.ac.in,admissions@modernresearchcentre.ac.in,placement@modernresearchcentre.ac.in,+91-80-073-7931,Civil Engineering,B.Tech,60,402,1988,Rural,Yes,No
1-44643049506,1-44643049506,U-0192,MODERN INSTITUTE OF TECHNOLOGY & RESEARCH CENTRE,Active,Rajasthan,Alwar,Alwar,"VILLAGE- JHARKHERA,  6TH MILE STONE, TIJARA ROAD ALWAR",302505,27.005559,74.219686,Private-Self Financing,"BIKANER TECHNICAL UNIVERSITY, BIKANER",Approved,Approved,B+,No,,Tier 3,http://www.modernresearchcentre.ac.in,info@modernresearchcentre.ac.in,admissions@modernresearchcentre.ac.in,placement@modernresearchcentre.ac.in,+91-80-073-7931,Computer Science Engineering (CSE),M.Tech,6,402,1988,Rural,Yes,No
1-44643049506,1-44643049506,U-0192,MODERN INSTITUTE OF TECHNOLOGY & RESEARCH CENTRE,Active,Rajasthan,Alwar,Alwar,"VILLAGE- JHARKHERA,  6TH MILE STONE, TIJARA ROAD ALWAR",302505,27.005559,74.219686,Private-Self Financing,"BIKANER TECHNICAL UNIVERSITY, BIKANER",Approved,Approved,B+,No,,Tier 3,http://www.modernresearchcentre.ac.in,info@modernresearchcentre.ac.in,admissions@modernresearchcentre.ac.in,placement@modernresearchcentre.ac.in,+91-80-073-7931,Other Engineering Branches,M.Tech,6,402,1988,Rural,Yes,No
1-44643049506,1-44643049506,U-0192,MODERN INSTITUTE OF TECHNOLOGY & RESEARCH CENTRE,Active,Rajasthan,Alwar,Alwar,"VILLAGE- JHARKHERA,  6TH MILE STONE, TIJARA ROAD ALWAR",302505,27.005559,74.219686,Private-Self Financing,"BIKANER TECHNICAL UNIVERSITY, BIKANER",Approved,Approved,B+,No,,Tier 3,http://www.modernresearchcentre.ac.in,info@modernresearchcentre.ac.in,admissions@modernresearchcentre.ac.in,placement@modernresearchcentre.ac.in,+91-80-073-7931,Data Science,B.Tech,60,402,1988,Rural,Yes,No
1-44643049506,1-44643049506,U-0192,MODERN INSTITUTE OF TECHNOLOGY & RESEARCH CENTRE,Active,Rajasthan,Alwar,Alwar,"VILLAGE- JHARKHERA,  6TH MILE STONE, TIJARA ROAD ALWAR",302505,27.005559,74.219686,Private-Self Financing,"BIKANER TECHNICAL UNIVERSITY, BIKANER",Approved,Approved,B+,No,,Tier 3,http://www.modernresearchcentre.ac.in,info@modernresearchcentre.ac.in,admissions@modernresearchcentre.ac.in,placement@modernresearchcentre.ac.in,+91-80-073-7931,Artificial Intelligence & Machine Learning (AI & ML),B.Tech,60,402,1988,Rural,Yes,No
1-44642624948,1-44642624948,U-0755,"GURUKUL INSTITUTE OF ENGINEERING AND TECHNOLOGY, KOTA",Active,Rajasthan,Kota,Kota,"IPB - 13, RIICO INSTITUTIONAL AREA RANPUR, JHALAWAR KOTA - 325003",325003,25.17854,75.806858,Private-Self Financing,"Rajasthan Technical University, Kota",Approved,Approved,A+,Yes,,Tier 2,http://www.gurukulkota.ac.in,info@gurukulkota.ac.in,admissions@gurukulkota.ac.in,placement@gurukulkota.ac.in,+91-80-672-7684,Electronics & Communication Engineering (ECE),B.Tech,30,399,1988,Rural,Yes,Yes
1-44642624948,1-44642624948,U-0755,"GURUKUL INSTITUTE OF ENGINEERING AND TECHNOLOGY, KOTA",Active,Rajasthan,Kota,Kota,"IPB - 13, RIICO INSTITUTIONAL AREA RANPUR, JHALAWAR KOTA - 325003",325003,25.17854,75.806858,Private-Self Financing,"Rajasthan Technical University, Kota",Approved,Approved,A+,Yes,,Tier 2,http://www.gurukulkota.ac.in,info@gurukulkota.ac.in,admissions@gurukulkota.ac.in,placement@gurukulkota.ac.in,+91-80-672-7684,Mechanical Engineering,B.Tech,45,399,1988,Rural,Yes,Yes
1-44642624948,1-44642624948,U-0755,"GURUKUL INSTITUTE OF ENGINEERING AND TECHNOLOGY, KOTA",Active,Rajasthan,Kota,Kota,"IPB - 13, RIICO INSTITUTIONAL AREA RANPUR, JHALAWAR KOTA - 325003",325003,25.17854,75.806858,Private-Self Financing,"Rajasthan Technical University, Kota",Approved,Approved,A+,Yes,,Tier 2,http://www.gurukulkota.ac.in,info@gurukulkota.ac.in,admissions@gurukulkota.ac.in,placement@gurukulkota.ac.in,+91-80-672-7684,Civil Engineering,B.Tech,90,399,1988,Rural,Yes,Yes
1-44642624948,1-44642624948,U-0755,"GURUKUL INSTITUTE OF ENGINEERING AND TECHNOLOGY, KOTA",Active,Rajasthan,Kota,Kota,"IPB - 13, RIICO INSTITUTIONAL AREA RANPUR, JHALAWAR KOTA - 325003",325003,25.17854,75.806858,Private-Self Financing,"Rajasthan Technical University, Kota",Approved,Approved,A+,Yes,,Tier 2,http://www.gurukulkota.ac.in,info@gurukulkota.ac.in,admissions@gurukulkota.ac.in,placement@gurukulkota.ac.in,+91-80-672-7684,Electrical Engineering,B.Tech,45,399,1988,Rural,Yes,Yes
1-44642624948,1-44642624948,U-0755,"GURUKUL INSTITUTE OF ENGINEERING AND TECHNOLOGY, KOTA",Active,Rajasthan,Kota,Kota,"IPB - 13, RIICO INSTITUTIONAL AREA RANPUR, JHALAWAR KOTA - 325003",325003,25.17854,75.806858,Private-Self Financing,"Rajasthan Technical University, Kota",Approved,Approved,A+,Yes,,Tier 2,http://www.gurukulkota.ac.in,info@gurukulkota.ac.in,admissions@gurukulkota.ac.in,placement@gurukulkota.ac.in,+91-80-672-7684,Computer Science Engineering (CSE),B.Tech,45,399,1988,Rural,Yes,Yes
1-44642624948,1-44642624948,U-0755,"GURUKUL INSTITUTE OF ENGINEERING AND TECHNOLOGY, KOTA",Active,Rajasthan,Kota,Kota,"IPB - 13, RIICO INSTITUTIONAL AREA RANPUR, JHALAWAR KOTA - 325003",325003,25.17854,75.806858,Private-Self Financing,"Rajasthan Technical University, Kota",Approved,Approved,A+,Yes,,Tier 2,http://www.gurukulkota.ac.in,info@gurukulkota.ac.in,admissions@gurukulkota.ac.in,placement@gurukulkota.ac.in,+91-80-672-7684,Computer Science Engineering (CSE),M.Tech,9,399,1988,Rural,Yes,Yes
1-44642624948,1-44642624948,U-0755,"GURUKUL INSTITUTE OF ENGINEERING AND TECHNOLOGY, KOTA",Active,Rajasthan,Kota,Kota,"IPB - 13, RIICO INSTITUTIONAL AREA RANPUR, JHALAWAR KOTA - 325003",325003,25.17854,75.806858,Private-Self Financing,"Rajasthan Technical University, Kota",Approved,Approved,A+,Yes,,Tier 2,http://www.gurukulkota.ac.in,info@gurukulkota.ac.in,admissions@gurukulkota.ac.in,placement@gurukulkota.ac.in,+91-80-672-7684,Mechanical Engineering,Diploma,45,399,1988,Rural,Yes,Yes
1-44642624948,1-44642624948,U-0755,"GURUKUL INSTITUTE OF ENGINEERING AND TECHNOLOGY, KOTA",Active,Rajasthan,Kota,Kota,"IPB - 13, RIICO INSTITUTIONAL AREA RANPUR, JHALAWAR KOTA - 325003",325003,25.17854,75.806858,Private-Self Financing,"Rajasthan Technical University, Kota",Approved,Approved,A+,Yes,,Tier 2,http://www.gurukulkota.ac.in,info@gurukulkota.ac.in,admissions@gurukulkota.ac.in,placement@gurukulkota.ac.in,+91-80-672-7684,Electrical Engineering,Diploma,45,399,1988,Rural,Yes,Yes
1-44642624948,1-44642624948,U-0755,"GURUKUL INSTITUTE OF ENGINEERING AND TECHNOLOGY, KOTA",Active,Rajasthan,Kota,Kota,"IPB - 13, RIICO INSTITUTIONAL AREA RANPUR, JHALAWAR KOTA - 325003",325003,25.17854,75.806858,Private-Self Financing,"Rajasthan Technical University, Kota",Approved,Approved,A+,Yes,,Tier 2,http://www.gurukulkota.ac.in,info@gurukulkota.ac.in,admissions@gurukulkota.ac.in,placement@gurukulkota.ac.in,+91-80-672-7684,Civil Engineering,Diploma,45,399,1988,Rural,Yes,Yes
1-44642406209,1-44642406209,U-0778,SIDDHI VINAYAK COLLEGE OF SCIENCE & HR. EDUCATION,Active,Rajasthan,Alwar,Alwar,"E-I, B-1, M.I.A.(EXT.), ALWAR-301030",301030,27.016741,74.206216,Private-Self Financing,"BIKANER TECHNICAL UNIVERSITY, RAJASTHAN",Approved,Approved,A,No,,Tier 3,http://www.siddhivinayakscience.ac.in,info@siddhivinayakscience.ac.in,admissions@siddhivinayakscience.ac.in,placement@siddhivinayakscience.ac.in,+91-80-542-7765,Civil Engineering,B.Tech,40,177,2015,Urban,No,Yes
1-44642406209,1-44642406209,U-0778,SIDDHI VINAYAK COLLEGE OF SCIENCE & HR. EDUCATION,Active,Rajasthan,Alwar,Alwar,"E-I, B-1, M.I.A.(EXT.), ALWAR-301030",301030,27.016741,74.206216,Private-Self Financing,"BIKANER TECHNICAL UNIVERSITY, RAJASTHAN",Approved,Approved,A,No,,Tier 3,http://www.siddhivinayakscience.ac.in,info@siddhivinayakscience.ac.in,admissions@siddhivinayakscience.ac.in,placement@siddhivinayakscience.ac.in,+91-80-542-7765,Mechanical Engineering,B.Tech,15,177,2015,Urban,No,Yes
1-44642406209,1-44642406209,U-0778,SIDDHI VINAYAK COLLEGE OF SCIENCE & HR. EDUCATION,Active,Rajasthan,Alwar,Alwar,"E-I, B-1, M.I.A.(EXT.), ALWAR-301030",301030,27.016741,74.206216,Private-Self Financing,"BIKANER TECHNICAL UNIVERSITY, RAJASTHAN",Approved,Approved,A,No,,Tier 3,http://www.siddhivinayakscience.ac.in,info@siddhivinayakscience.ac.in,admissions@siddhivinayakscience.ac.in,placement@siddhivinayakscience.ac.in,+91-80-542-7765,Computer Science Engineering (CSE),B.Tech,40,177,2015,Urban,No,Yes
1-44642406209,1-44642406209,U-0778,SIDDHI VINAYAK COLLEGE OF SCIENCE & HR. EDUCATION,Active,Rajasthan,Alwar,Alwar,"E-I, B-1, M.I.A.(EXT.), ALWAR-301030",301030,27.016741,74.206216,Private-Self Financing,"BIKANER TECHNICAL UNIVERSITY, RAJASTHAN",Approved,Approved,A,No,,Tier 3,http://www.siddhivinayakscience.ac.in,info@siddhivinayakscience.ac.in,admissions@siddhivinayakscience.ac.in,placement@siddhivinayakscience.ac.in,+91-80-542-7765,Information Technology (IT),B.Tech,15,177,2015,Urban,No,Yes
1-44642406209,1-44642406209,U-0778,SIDDHI VINAYAK COLLEGE OF SCIENCE & HR. EDUCATION,Active,Rajasthan,Alwar,Alwar,"E-I, B-1, M.I.A.(EXT.), ALWAR-301030",301030,27.016741,74.206216,Private-Self Financing,"BIKANER TECHNICAL UNIVERSITY, RAJASTHAN",Approved,Approved,A,No,,Tier 3,http://www.siddhivinayakscience.ac.in,info@siddhivinayakscience.ac.in,admissions@siddhivinayakscience.ac.in,placement@siddhivinayakscience.ac.in,+91-80-542-7765,Electronics & Communication Engineering (ECE),B.Tech,40,177,2015,Urban,No,Yes
1-44642406209,1-44642406209,U-0778,SIDDHI VINAYAK COLLEGE OF SCIENCE & HR. EDUCATION,Active,Rajasthan,Alwar,Alwar,"E-I, B-1, M.I.A.(EXT.), ALWAR-301030",301030,27.016741,74.206216,Private-Self Financing,"BIKANER TECHNICAL UNIVERSITY, RAJASTHAN",Approved,Approved,A,No,,Tier 3,http://www.siddhivinayakscience.ac.in,info@siddhivinayakscience.ac.in,admissions@siddhivinayakscience.ac.in,placement@siddhivinayakscience.ac.in,+91-80-542-7765,Computer Science Engineering (CSE),M.Tech,9,177,2015,Urban,No,Yes
1-44642406209,1-44642406209,U-0778,SIDDHI VINAYAK COLLEGE OF SCIENCE & HR. EDUCATION,Active,Rajasthan,Alwar,Alwar,"E-I, B-1, M.I.A.(EXT.), ALWAR-301030",301030,27.016741,74.206216,Private-Self Financing,"BIKANER TECHNICAL UNIVERSITY, RAJASTHAN",Approved,Approved,A,No,,Tier 3,http://www.siddhivinayakscience.ac.in,info@siddhivinayakscience.ac.in,admissions@siddhivinayakscience.ac.in,placement@siddhivinayakscience.ac.in,+91-80-542-7765,Electronics & Communication Engineering (ECE),M.Tech,18,177,2015,Urban,No,Yes
1-44642408783,1-44642408783,U-0755,SHANKARA INSTITUTE OF TECHNOLOGY,Active,Rajasthan,Jaipur,Jaipur,SP-44 RIICO INDUSTRIAL AREA KUKAS,302659,26.907771,75.793607,Private-Self Financing,"Rajasthan Technical University, Kota",Approved,Approved,A+,Yes,,Tier 2,http://www.shankara.ac.in,info@shankara.ac.in,admissions@shankara.ac.in,placement@shankara.ac.in,+91-80-644-7272,Computer Science Engineering (CSE),B.Tech,90,330,2006,Rural,Yes,No
1-44642408783,1-44642408783,U-0755,SHANKARA INSTITUTE OF TECHNOLOGY,Active,Rajasthan,Jaipur,Jaipur,SP-44 RIICO INDUSTRIAL AREA KUKAS,302659,26.907771,75.793607,Private-Self Financing,"Rajasthan Technical University, Kota",Approved,Approved,A+,Yes,,Tier 2,http://www.shankara.ac.in,info@shankara.ac.in,admissions@shankara.ac.in,placement@shankara.ac.in,+91-80-644-7272,Mechanical Engineering,B.Tech,60,330,2006,Rural,Yes,No
1-44642408783,1-44642408783,U-0755,SHANKARA INSTITUTE OF TECHNOLOGY,Active,Rajasthan,Jaipur,Jaipur,SP-44 RIICO INDUSTRIAL AREA KUKAS,302659,26.907771,75.793607,Private-Self Financing,"Rajasthan Technical University, Kota",Approved,Approved,A+,Yes,,Tier 2,http://www.shankara.ac.in,info@shankara.ac.in,admissions@shankara.ac.in,placement@shankara.ac.in,+91-80-644-7272,Information Technology (IT),B.Tech,60,330,2006,Rural,Yes,No
1-44642408783,1-44642408783,U-0755,SHANKARA INSTITUTE OF TECHNOLOGY,Active,Rajasthan,Jaipur,Jaipur,SP-44 RIICO INDUSTRIAL AREA KUKAS,302659,26.907771,75.793607,Private-Self Financing,"Rajasthan Technical University, Kota",Approved,Approved,A+,Yes,,Tier 2,http://www.shankara.ac.in,info@shankara.ac.in,admissions@shankara.ac.in,placement@shankara.ac.in,+91-80-644-7272,Electronics & Communication Engineering (ECE),B.Tech,30,330,2006,Rural,Yes,No
1-44642408783,1-44642408783,U-0755,SHANKARA INSTITUTE OF TECHNOLOGY,Active,Rajasthan,Jaipur,Jaipur,SP-44 RIICO INDUSTRIAL AREA KUKAS,302659,26.907771,75.793607,Private-Self Financing,"Rajasthan Technical University, Kota",Approved,Approved,A+,Yes,,Tier 2,http://www.shankara.ac.in,info@shankara.ac.in,admissions@shankara.ac.in,placement@shankara.ac.in,+91-80-644-7272,Electrical Engineering,B.Tech,60,330,2006,Rural,Yes,No
1-44642408783,1-44642408783,U-0755,SHANKARA INSTITUTE OF TECHNOLOGY,Active,Rajasthan,Jaipur,Jaipur,SP-44 RIICO INDUSTRIAL AREA KUKAS,302659,26.907771,75.793607,Private-Self Financing,"Rajasthan Technical University, Kota",Approved,Approved,A+,Yes,,Tier 2,http://www.shankara.ac.in,info@shankara.ac.in,admissions@shankara.ac.in,placement@shankara.ac.in,+91-80-644-7272,Automobile Engineering,B.Tech,30,330,2006,Rural,Yes,No
1-44642507907,1-44642507907,U-0755,RAJASTHAN COLLEGE OF ENGINEERING FOR WOMEN,Active,Rajasthan,Jaipur,Jaipur,"BHANKROTA, AJMER ROAD, JAIPUR",302659,26.917463,75.802971,Private-Self Financing,"Rajasthan Technical University, Kota",Approved,Approved,B,Yes,,Tier 3,http://www.rajasthanwomen.ac.in,info@rajasthanwomen.ac.in,admissions@rajasthanwomen.ac.in,placement@rajasthanwomen.ac.in,+91-80-051-2356,Computer Science Engineering (CSE),B.Tech,180,396,2009,Urban,No,Yes
1-44642507907,1-44642507907,U-0755,RAJASTHAN COLLEGE OF ENGINEERING FOR WOMEN,Active,Rajasthan,Jaipur,Jaipur,"BHANKROTA, AJMER ROAD, JAIPUR",302659,26.917463,75.802971,Private-Self Financing,"Rajasthan Technical University, Kota",Approved,Approved,B,Yes,,Tier 3,http://www.rajasthanwomen.ac.in,info@rajasthanwomen.ac.in,admissions@rajasthanwomen.ac.in,placement@rajasthanwomen.ac.in,+91-80-051-2356,Electronics & Communication Engineering (ECE),B.Tech,60,396,2009,Urban,No,Yes
1-44642507907,1-44642507907,U-0755,RAJASTHAN COLLEGE OF ENGINEERING FOR WOMEN,Active,Rajasthan,Jaipur,Jaipur,"BHANKROTA, AJMER ROAD, JAIPUR",302659,26.917463,75.802971,Private-Self Financing,"Rajasthan Technical University, Kota",Approved,Approved,B,Yes,,Tier 3,http://www.rajasthanwomen.ac.in,info@rajasthanwomen.ac.in,admissions@rajasthanwomen.ac.in,placement@rajasthanwomen.ac.in,+91-80-051-2356,Electrical Engineering,B.Tech,60,396,2009,Urban,No,Yes
1-44642507907,1-44642507907,U-0755,RAJASTHAN COLLEGE OF ENGINEERING FOR WOMEN,Active,Rajasthan,Jaipur,Jaipur,"BHANKROTA, AJMER ROAD, JAIPUR",302659,26.917463,75.802971,Private-Self Financing,"Rajasthan Technical University, Kota",Approved,Approved,B,Yes,,Tier 3,http://www.rajasthanwomen.ac.in,info@rajasthanwomen.ac.in,admissions@rajasthanwomen.ac.in,placement@rajasthanwomen.ac.in,+91-80-051-2356,Computer Science Engineering (CSE),M.Tech,18,396,2009,Urban,No,Yes
1-44642507907,1-44642507907,U-0755,RAJASTHAN COLLEGE OF ENGINEERING FOR WOMEN,Active,Rajasthan,Jaipur,Jaipur,"BHANKROTA, AJMER ROAD, JAIPUR",302659,26.917463,75.802971,Private-Self Financing,"Rajasthan Technical University, Kota",Approved,Approved,B,Yes,,Tier 3,http://www.rajasthanwomen.ac.in,info@rajasthanwomen.ac.in,admissions@rajasthanwomen.ac.in,placement@rajasthanwomen.ac.in,+91-80-051-2356,Information Technology (IT),M.Tech,9,396,2009,Urban,No,Yes
1-44642507907,1-44642507907,U-0755,RAJASTHAN COLLEGE OF ENGINEERING FOR WOMEN,Active,Rajasthan,Jaipur,Jaipur,"BHANKROTA, AJMER ROAD, JAIPUR",302659,26.917463,75.802971,Private-Self Financing,"Rajasthan Technical University, Kota",Approved,Approved,B,Yes,,Tier 3,http://www.rajasthanwomen.ac.in,info@rajasthanwomen.ac.in,admissions@rajasthanwomen.ac.in,placement@rajasthanwomen.ac.in,+91-80-051-2356,Other Engineering Branches,M.Tech,9,396,2009,Urban,No,Yes
1-44642507907,1-44642507907,U-0755,RAJASTHAN COLLEGE OF ENGINEERING FOR WOMEN,Active,Rajasthan,Jaipur,Jaipur,"BHANKROTA, AJMER ROAD, JAIPUR",302659,26.917463,75.802971,Private-Self Financing,"Rajasthan Technical University, Kota",Approved,Approved,B,Yes,,Tier 3,http://www.rajasthanwomen.ac.in,info@rajasthanwomen.ac.in,admissions@rajasthanwomen.ac.in,placement@rajasthanwomen.ac.in,+91-80-051-2356,Civil Engineering,B.Tech,30,396,2009,Urban,No,Yes
1-44642507907,1-44642507907,U-0755,RAJASTHAN COLLEGE OF ENGINEERING FOR WOMEN,Active,Rajasthan,Jaipur,Jaipur,"BHANKROTA, AJMER ROAD, JAIPUR",302659,26.917463,75.802971,Private-Self Financing,"Rajasthan Technical University, Kota",Approved,Approved,B,Yes,,Tier 3,http://www.rajasthanwomen.ac.in,info@rajasthanwomen.ac.in,admissions@rajasthanwomen.ac.in,placement@rajasthanwomen.ac.in,+91-80-051-2356,Data Science,B.Tech,30,396,2009,Urban,No,Yes
1-44642412340,1-44642412340,U-0755,REGIONAL COLLEGE FOR EDUCATION RESEARCH & TECHNOLOGY,Active,Rajasthan,Jaipur,Jaipur,"ISI-17, INSTITUTIONAL AREA SITAPURA, JAIPUR",302659,26.927476,75.795284,Private-Self Financing,"Rajasthan Technical University, Kota",Approved,Approved,Not Accredited,No,,Tier 3,http://www.regionaleducationresearch.ac.in,info@regionaleducationresearch.ac.in,admissions@regionaleducationresearch.ac.in,placement@regionaleducationresearch.ac.in,+91-80-471-1987,Other Engineering Branches,M.Tech,90,540,2002,Urban,Yes,Yes
1-44642412340,1-44642412340,U-0755,REGIONAL COLLEGE FOR EDUCATION RESEARCH & TECHNOLOGY,Active,Rajasthan,Jaipur,Jaipur,"ISI-17, INSTITUTIONAL AREA SITAPURA, JAIPUR",302659,26.927476,75.795284,Private-Self Financing,"Rajasthan Technical University, Kota",Approved,Approved,Not Accredited,No,,Tier 3,http://www.regionaleducationresearch.ac.in,info@regionaleducationresearch.ac.in,admissions@regionaleducationresearch.ac.in,placement@regionaleducationresearch.ac.in,+91-80-471-1987,Electrical Engineering,B.Tech,90,540,2002,Urban,Yes,Yes
1-44642412340,1-44642412340,U-0755,REGIONAL COLLEGE FOR EDUCATION RESEARCH & TECHNOLOGY,Active,Rajasthan,Jaipur,Jaipur,"ISI-17, INSTITUTIONAL AREA SITAPURA, JAIPUR",302659,26.927476,75.795284,Private-Self Financing,"Rajasthan Technical University, Kota",Approved,Approved,Not Accredited,No,,Tier 3,http://www.regionaleducationresearch.ac.in,info@regionaleducationresearch.ac.in,admissions@regionaleducationresearch.ac.in,placement@regionaleducationresearch.ac.in,+91-80-471-1987,Electronics & Communication Engineering (ECE),B.Tech,30,540,2002,Urban,Yes,Yes
1-44642412340,1-44642412340,U-0755,REGIONAL COLLEGE FOR EDUCATION RESEARCH & TECHNOLOGY,Active,Rajasthan,Jaipur,Jaipur,"ISI-17, INSTITUTIONAL AREA SITAPURA, JAIPUR",302659,26.927476,75.795284,Private-Self Financing,"Rajasthan Technical University, Kota",Approved,Approved,Not Accredited,No,,Tier 3,http://www.regionaleducationresearch.ac.in,info@regionaleducationresearch.ac.in,admissions@regionaleducationresearch.ac.in,placement@regionaleducationresearch.ac.in,+91-80-471-1987,Mechanical Engineering,B.Tech,90,540,2002,Urban,Yes,Yes
1-44642412340,1-44642412340,U-0755,REGIONAL COLLEGE FOR EDUCATION RESEARCH & TECHNOLOGY,Active,Rajasthan,Jaipur,Jaipur,"ISI-17, INSTITUTIONAL AREA SITAPURA, JAIPUR",302659,26.927476,75.795284,Private-Self Financing,"Rajasthan Technical University, Kota",Approved,Approved,Not Accredited,No,,Tier 3,http://www.regionaleducationresearch.ac.in,info@regionaleducationresearch.ac.in,admissions@regionaleducationresearch.ac.in,placement@regionaleducationresearch.ac.in,+91-80-471-1987,Computer Science Engineering (CSE),B.Tech,120,540,2002,Urban,Yes,Yes
1-44642412340,1-44642412340,U-0755,REGIONAL COLLEGE FOR EDUCATION RESEARCH & TECHNOLOGY,Active,Rajasthan,Jaipur,Jaipur,"ISI-17, INSTITUTIONAL AREA SITAPURA, JAIPUR",302659,26.927476,75.795284,Private-Self Financing,"Rajasthan Technical University, Kota",Approved,Approved,Not Accredited,No,,Tier 3,http://www.regionaleducationresearch.ac.in,info@regionaleducationresearch.ac.in,admissions@regionaleducationresearch.ac.in,placement@regionaleducationresearch.ac.in,+91-80-471-1987,Information Technology (IT),M.Tech,30,540,2002,Urban,Yes,Yes
1-44642412340,1-44642412340,U-0755,REGIONAL COLLEGE FOR EDUCATION RESEARCH & TECHNOLOGY,Active,Rajasthan,Jaipur,Jaipur,"ISI-17, INSTITUTIONAL AREA SITAPURA, JAIPUR",302659,26.927476,75.795284,Private-Self Financing,"Rajasthan Technical University, Kota",Approved,Approved,Not Accredited,No,,Tier 3,http://www.regionaleducationresearch.ac.in,info@regionaleducationresearch.ac.in,admissions@regionaleducationresearch.ac.in,placement@regionaleducationresearch.ac.in,+91-80-471-1987,Civil Engineering,B.Tech,90,540,2002,Urban,Yes,Yes
1-44642511613,1-44642511613,U-0755,ARYA COLLEGE OF ENGINEERING,Active,Rajasthan,Jaipur,Jaipur,"SP-40, RIICO INDUSTRIAL AREA, DELHI ROAD, KUKAS JAIPUR - 302028",302028,26.894734,75.771864,Private-Self Financing,"Rajasthan Technical University, Kota",Approved,Approved,Not Accredited,No,,Tier 3,http://www.arya.ac.in,info@arya.ac.in,admissions@arya.ac.in,placement@arya.ac.in,+91-80-097-8973,Electronics & Communication Engineering (ECE),B.Tech,30,876,2004,Urban,Yes,Yes
1-44642511613,1-44642511613,U-0755,ARYA COLLEGE OF ENGINEERING,Active,Rajasthan,Jaipur,Jaipur,"SP-40, RIICO INDUSTRIAL AREA, DELHI ROAD, KUKAS JAIPUR - 302028",302028,26.894734,75.771864,Private-Self Financing,"Rajasthan Technical University, Kota",Approved,Approved,Not Accredited,No,,Tier 3,http://www.arya.ac.in,info@arya.ac.in,admissions@arya.ac.in,placement@arya.ac.in,+91-80-097-8973,Information Technology (IT),B.Tech,60,876,2004,Urban,Yes,Yes
1-44642511613,1-44642511613,U-0755,ARYA COLLEGE OF ENGINEERING,Active,Rajasthan,Jaipur,Jaipur,"SP-40, RIICO INDUSTRIAL AREA, DELHI ROAD, KUKAS JAIPUR - 302028",302028,26.894734,75.771864,Private-Self Financing,"Rajasthan Technical University, Kota",Approved,Approved,Not Accredited,No,,Tier 3,http://www.arya.ac.in,info@arya.ac.in,admissions@arya.ac.in,placement@arya.ac.in,+91-80-097-8973,Electrical Engineering,B.Tech,30,876,2004,Urban,Yes,Yes
1-44642511613,1-44642511613,U-0755,ARYA COLLEGE OF ENGINEERING,Active,Rajasthan,Jaipur,Jaipur,"SP-40, RIICO INDUSTRIAL AREA, DELHI ROAD, KUKAS JAIPUR - 302028",302028,26.894734,75.771864,Private-Self Financing,"Rajasthan Technical University, Kota",Approved,Approved,Not Accredited,No,,Tier 3,http://www.arya.ac.in,info@arya.ac.in,admissions@arya.ac.in,placement@arya.ac.in,+91-80-097-8973,Mechanical Engineering,B.Tech,30,876,2004,Urban,Yes,Yes
1-44642511613,1-44642511613,U-0755,ARYA COLLEGE OF ENGINEERING,Active,Rajasthan,Jaipur,Jaipur,"SP-40, RIICO INDUSTRIAL AREA, DELHI ROAD, KUKAS JAIPUR - 302028",302028,26.894734,75.771864,Private-Self Financing,"Rajasthan Technical University, Kota",Approved,Approved,Not Accredited,No,,Tier 3,http://www.arya.ac.in,info@arya.ac.in,admissions@arya.ac.in,placement@arya.ac.in,+91-80-097-8973,Computer Science Engineering (CSE),M.Tech,18,876,2004,Urban,Yes,Yes
1-44642511613,1-44642511613,U-0755,ARYA COLLEGE OF ENGINEERING,Active,Rajasthan,Jaipur,Jaipur,"SP-40, RIICO INDUSTRIAL AREA, DELHI ROAD, KUKAS JAIPUR - 302028",302028,26.894734,75.771864,Private-Self Financing,"Rajasthan Technical University, Kota",Approved,Approved,Not Accredited,No,,Tier 3,http://www.arya.ac.in,info@arya.ac.in,admissions@arya.ac.in,placement@arya.ac.in,+91-80-097-8973,Computer Science Engineering (CSE),B.Tech,480,876,2004,Urban,Yes,Yes
1-44642511613,1-44642511613,U-0755,ARYA COLLEGE OF ENGINEERING,Active,Rajasthan,Jaipur,Jaipur,"SP-40, RIICO INDUSTRIAL AREA, DELHI ROAD, KUKAS JAIPUR - 302028",302028,26.894734,75.771864,Private-Self Financing,"Rajasthan Technical University, Kota",Approved,Approved,Not Accredited,No,,Tier 3,http://www.arya.ac.in,info@arya.ac.in,admissions@arya.ac.in,placement@arya.ac.in,+91-80-097-8973,Data Science,B.Tech,120,876,2004,Urban,Yes,Yes
1-44642511613,1-44642511613,U-0755,ARYA COLLEGE OF ENGINEERING,Active,Rajasthan,Jaipur,Jaipur,"SP-40, RIICO INDUSTRIAL AREA, DELHI ROAD, KUKAS JAIPUR - 302028",302028,26.894734,75.771864,Private-Self Financing,"Rajasthan Technical University, Kota",Approved,Approved,Not Accredited,No,,Tier 3,http://www.arya.ac.in,info@arya.ac.in,admissions@arya.ac.in,placement@arya.ac.in,+91-80-097-8973,Civil Engineering,B.Tech,30,876,2004,Urban,Yes,Yes
1-44642511613,1-44642511613,U-0755,ARYA COLLEGE OF ENGINEERING,Active,Rajasthan,Jaipur,Jaipur,"SP-40, RIICO INDUSTRIAL AREA, DELHI ROAD, KUKAS JAIPUR - 302028",302028,26.894734,75.771864,Private-Self Financing,"Rajasthan Technical University, Kota",Approved,Approved,Not Accredited,No,,Tier 3,http://www.arya.ac.in,info@arya.ac.in,admissions@arya.ac.in,placement@arya.ac.in,+91-80-097-8973,Other Engineering Branches,M.Tech,18,876,2004,Urban,Yes,Yes
1-44642511613,1-44642511613,U-0755,ARYA COLLEGE OF ENGINEERING,Active,Rajasthan,Jaipur,Jaipur,"SP-40, RIICO INDUSTRIAL AREA, DELHI ROAD, KUKAS JAIPUR - 302028",302028,26.894734,75.771864,Private-Self Financing,"Rajasthan Technical University, Kota",Approved,Approved,Not Accredited,No,,Tier 3,http://www.arya.ac.in,info@arya.ac.in,admissions@arya.ac.in,placement@arya.ac.in,+91-80-097-8973,Cyber Security,B.Tech,60,876,2004,Urban,Yes,Yes
1-44642516593,1-44642516593,U-0825,BIRLA INSTITUTE OF TECHNOLOGY OFF CAMPUS JAIPUR,Active,Rajasthan,Jaipur,Jaipur,"27 MALVIYA INDUSTRIAL AREA, MALVIYA NAGAR, JAIPUR",302659,26.925768,75.785206,Private-Self Financing,"Birla Institute of Technology, Ranchi",Approved,Approved,B++,No,,Tier 3,http://www.birlaoffcampus.ac.in,info@birlaoffcampus.ac.in,admissions@birlaoffcampus.ac.in,placement@birlaoffcampus.ac.in,+91-80-399-5634,Computer Science Engineering (CSE),B.Tech,120,240,1999,Urban,Yes,Yes
1-44642516593,1-44642516593,U-0825,BIRLA INSTITUTE OF TECHNOLOGY OFF CAMPUS JAIPUR,Active,Rajasthan,Jaipur,Jaipur,"27 MALVIYA INDUSTRIAL AREA, MALVIYA NAGAR, JAIPUR",302659,26.925768,75.785206,Private-Self Financing,"Birla Institute of Technology, Ranchi",Approved,Approved,B++,No,,Tier 3,http://www.birlaoffcampus.ac.in,info@birlaoffcampus.ac.in,admissions@birlaoffcampus.ac.in,placement@birlaoffcampus.ac.in,+91-80-399-5634,Electronics & Communication Engineering (ECE),B.Tech,30,240,1999,Urban,Yes,Yes
1-44642516593,1-44642516593,U-0825,BIRLA INSTITUTE OF TECHNOLOGY OFF CAMPUS JAIPUR,Active,Rajasthan,Jaipur,Jaipur,"27 MALVIYA INDUSTRIAL AREA, MALVIYA NAGAR, JAIPUR",302659,26.925768,75.785206,Private-Self Financing,"Birla Institute of Technology, Ranchi",Approved,Approved,B++,No,,Tier 3,http://www.birlaoffcampus.ac.in,info@birlaoffcampus.ac.in,admissions@birlaoffcampus.ac.in,placement@birlaoffcampus.ac.in,+91-80-399-5634,Electrical & Electronics Engineering (EEE),B.Tech,30,240,1999,Urban,Yes,Yes
1-44642516593,1-44642516593,U-0825,BIRLA INSTITUTE OF TECHNOLOGY OFF CAMPUS JAIPUR,Active,Rajasthan,Jaipur,Jaipur,"27 MALVIYA INDUSTRIAL AREA, MALVIYA NAGAR, JAIPUR",302659,26.925768,75.785206,Private-Self Financing,"Birla Institute of Technology, Ranchi",Approved,Approved,B++,No,,Tier 3,http://www.birlaoffcampus.ac.in,info@birlaoffcampus.ac.in,admissions@birlaoffcampus.ac.in,placement@birlaoffcampus.ac.in,+91-80-399-5634,Other Engineering Branches,B.Tech,60,240,1999,Urban,Yes,Yes
1-44642595247,1-44642595247,U-0192,ENGINEERING COLLEGE BIKANER,Active,Rajasthan,Bikaner,Bikaner,"KARNI INDUSTRIAL AREA, PUGAL ROAD, BIKANER",302103,27.024859,74.236709,Government,"BIKANER TECHNICAL UNIVERSITY, BIKANER",Approved,Approved,A+,Yes,,Tier 2,http://www.bikaner.ac.in,info@bikaner.ac.in,admissions@bikaner.ac.in,placement@bikaner.ac.in,+91-80-883-2760,Mechanical Engineering,B.Tech,90,636,1986,Urban,Yes,Yes
1-44642595247,1-44642595247,U-0192,ENGINEERING COLLEGE BIKANER,Active,Rajasthan,Bikaner,Bikaner,"KARNI INDUSTRIAL AREA, PUGAL ROAD, BIKANER",302103,27.024859,74.236709,Government,"BIKANER TECHNICAL UNIVERSITY, BIKANER",Approved,Approved,A+,Yes,,Tier 2,http://www.bikaner.ac.in,info@bikaner.ac.in,admissions@bikaner.ac.in,placement@bikaner.ac.in,+91-80-883-2760,Computer Science Engineering (CSE),M.Tech,9,636,1986,Urban,Yes,Yes
1-44642595247,1-44642595247,U-0192,ENGINEERING COLLEGE BIKANER,Active,Rajasthan,Bikaner,Bikaner,"KARNI INDUSTRIAL AREA, PUGAL ROAD, BIKANER",302103,27.024859,74.236709,Government,"BIKANER TECHNICAL UNIVERSITY, BIKANER",Approved,Approved,A+,Yes,,Tier 2,http://www.bikaner.ac.in,info@bikaner.ac.in,admissions@bikaner.ac.in,placement@bikaner.ac.in,+91-80-883-2760,Other Engineering Branches,M.Tech,27,636,1986,Urban,Yes,Yes
1-44642595247,1-44642595247,U-0192,ENGINEERING COLLEGE BIKANER,Active,Rajasthan,Bikaner,Bikaner,"KARNI INDUSTRIAL AREA, PUGAL ROAD, BIKANER",302103,27.024859,74.236709,Government,"BIKANER TECHNICAL UNIVERSITY, BIKANER",Approved,Approved,A+,Yes,,Tier 2,http://www.bikaner.ac.in,info@bikaner.ac.in,admissions@bikaner.ac.in,placement@bikaner.ac.in,+91-80-883-2760,Computer Science Engineering (CSE),B.Tech,120,636,1986,Urban,Yes,Yes
1-44642595247,1-44642595247,U-0192,ENGINEERING COLLEGE BIKANER,Active,Rajasthan,Bikaner,Bikaner,"KARNI INDUSTRIAL AREA, PUGAL ROAD, BIKANER",302103,27.024859,74.236709,Government,"BIKANER TECHNICAL UNIVERSITY, BIKANER",Approved,Approved,A+,Yes,,Tier 2,http://www.bikaner.ac.in,info@bikaner.ac.in,admissions@bikaner.ac.in,placement@bikaner.ac.in,+91-80-883-2760,Electrical Engineering,B.Tech,90,636,1986,Urban,Yes,Yes
1-44642595247,1-44642595247,U-0192,ENGINEERING COLLEGE BIKANER,Active,Rajasthan,Bikaner,Bikaner,"KARNI INDUSTRIAL AREA, PUGAL ROAD, BIKANER",302103,27.024859,74.236709,Government,"BIKANER TECHNICAL UNIVERSITY, BIKANER",Approved,Approved,A+,Yes,,Tier 2,http://www.bikaner.ac.in,info@bikaner.ac.in,admissions@bikaner.ac.in,placement@bikaner.ac.in,+91-80-883-2760,Electronics & Communication Engineering (ECE),B.Tech,60,636,1986,Urban,Yes,Yes
1-44642595247,1-44642595247,U-0192,ENGINEERING COLLEGE BIKANER,Active,Rajasthan,Bikaner,Bikaner,"KARNI INDUSTRIAL AREA, PUGAL ROAD, BIKANER",302103,27.024859,74.236709,Government,"BIKANER TECHNICAL UNIVERSITY, BIKANER",Approved,Approved,A+,Yes,,Tier 2,http://www.bikaner.ac.in,info@bikaner.ac.in,admissions@bikaner.ac.in,placement@bikaner.ac.in,+91-80-883-2760,Other Engineering Branches,B.Tech,30,636,1986,Urban,Yes,Yes
1-44642595247,1-44642595247,U-0192,ENGINEERING COLLEGE BIKANER,Active,Rajasthan,Bikaner,Bikaner,"KARNI INDUSTRIAL AREA, PUGAL ROAD, BIKANER",302103,27.024859,74.236709,Government,"BIKANER TECHNICAL UNIVERSITY, BIKANER",Approved,Approved,A+,Yes,,Tier 2,http://www.bikaner.ac.in,info@bikaner.ac.in,admissions@bikaner.ac.in,placement@bikaner.ac.in,+91-80-883-2760,Information Technology (IT),B.Tech,30,636,1986,Urban,Yes,Yes
1-44642595247,1-44642595247,U-0192,ENGINEERING COLLEGE BIKANER,Active,Rajasthan,Bikaner,Bikaner,"KARNI INDUSTRIAL AREA, PUGAL ROAD, BIKANER",302103,27.024859,74.236709,Government,"BIKANER TECHNICAL UNIVERSITY, BIKANER",Approved,Approved,A+,Yes,,Tier 2,http://www.bikaner.ac.in,info@bikaner.ac.in,admissions@bikaner.ac.in,placement@bikaner.ac.in,+91-80-883-2760,Civil Engineering,B.Tech,90,636,1986,Urban,Yes,Yes
1-44642595247,1-44642595247,U-0192,ENGINEERING COLLEGE BIKANER,Active,Rajasthan,Bikaner,Bikaner,"KARNI INDUSTRIAL AREA, PUGAL ROAD, BIKANER",302103,27.024859,74.236709,Government,"BIKANER TECHNICAL UNIVERSITY, BIKANER",Approved,Approved,A+,Yes,,Tier 2,http://www.bikaner.ac.in,info@bikaner.ac.in,admissions@bikaner.ac.in,placement@bikaner.ac.in,+91-80-883-2760,Data Science,B.Tech,90,636,1986,Urban,Yes,Yes
1-44642596419,1-44642596419,U-0755,STANI MEMORIAL COLLEGE OF ENGINEERING & TECHNOLOGY,Active,Rajasthan,Jaipur,Jaipur,"SMCET, PHAGI, JAIPUR ,RAJASTHAN",302659,26.923627,75.77499,Private-Self Financing,"Rajasthan Technical University, Kota",Approved,Approved,Not Accredited,No,,Tier 3,http://www.stanimemorial.ac.in,info@stanimemorial.ac.in,admissions@stanimemorial.ac.in,placement@stanimemorial.ac.in,+91-80-309-7521,Electronics & Communication Engineering (ECE),B.Tech,30,270,1995,Urban,Yes,Yes
1-44642596419,1-44642596419,U-0755,STANI MEMORIAL COLLEGE OF ENGINEERING & TECHNOLOGY,Active,Rajasthan,Jaipur,Jaipur,"SMCET, PHAGI, JAIPUR ,RAJASTHAN",302659,26.923627,75.77499,Private-Self Financing,"Rajasthan Technical University, Kota",Approved,Approved,Not Accredited,No,,Tier 3,http://www.stanimemorial.ac.in,info@stanimemorial.ac.in,admissions@stanimemorial.ac.in,placement@stanimemorial.ac.in,+91-80-309-7521,Computer Science Engineering (CSE),B.Tech,60,270,1995,Urban,Yes,Yes
1-44642596419,1-44642596419,U-0755,STANI MEMORIAL COLLEGE OF ENGINEERING & TECHNOLOGY,Active,Rajasthan,Jaipur,Jaipur,"SMCET, PHAGI, JAIPUR ,RAJASTHAN",302659,26.923627,75.77499,Private-Self Financing,"Rajasthan Technical University, Kota",Approved,Approved,Not Accredited,No,,Tier 3,http://www.stanimemorial.ac.in,info@stanimemorial.ac.in,admissions@stanimemorial.ac.in,placement@stanimemorial.ac.in,+91-80-309-7521,Electrical Engineering,B.Tech,60,270,1995,Urban,Yes,Yes
1-44642596419,1-44642596419,U-0755,STANI MEMORIAL COLLEGE OF ENGINEERING & TECHNOLOGY,Active,Rajasthan,Jaipur,Jaipur,"SMCET, PHAGI, JAIPUR ,RAJASTHAN",302659,26.923627,75.77499,Private-Self Financing,"Rajasthan Technical University, Kota",Approved,Approved,Not Accredited,No,,Tier 3,http://www.stanimemorial.ac.in,info@stanimemorial.ac.in,admissions@stanimemorial.ac.in,placement@stanimemorial.ac.in,+91-80-309-7521,Mechanical Engineering,B.Tech,60,270,1995,Urban,Yes,Yes
1-44642596419,1-44642596419,U-0755,STANI MEMORIAL COLLEGE OF ENGINEERING & TECHNOLOGY,Active,Rajasthan,Jaipur,Jaipur,"SMCET, PHAGI, JAIPUR ,RAJASTHAN",302659,26.923627,75.77499,Private-Self Financing,"Rajasthan Technical University, Kota",Approved,Approved,Not Accredited,No,,Tier 3,http://www.stanimemorial.ac.in,info@stanimemorial.ac.in,admissions@stanimemorial.ac.in,placement@stanimemorial.ac.in,+91-80-309-7521,Civil Engineering,B.Tech,60,270,1995,Urban,Yes,Yes
1-44642641420,1-44642641420,U-0755,ARAVALI INSTITUTE OF TECHNICAL STUDIES,Active,Rajasthan,Udaipur,Udaipur,UMARDA UDAIPUR RAJASTHAN,302880,27.038058,74.205741,Private-Self Financing,"Rajasthan Technical University, Kota",Approved,Approved,B++,No,,Tier 3,http://www.aravalitechnicalstudies.ac.in,info@aravalitechnicalstudies.ac.in,admissions@aravalitechnicalstudies.ac.in,placement@aravalitechnicalstudies.ac.in,+91-80-436-8818,Computer Science Engineering (CSE),M.Tech,12,516,2005,Urban,No,Yes
1-44642641420,1-44642641420,U-0755,ARAVALI INSTITUTE OF TECHNICAL STUDIES,Active,Rajasthan,Udaipur,Udaipur,UMARDA UDAIPUR RAJASTHAN,302880,27.038058,74.205741,Private-Self Financing,"Rajasthan Technical University, Kota",Approved,Approved,B++,No,,Tier 3,http://www.aravalitechnicalstudies.ac.in,info@aravalitechnicalstudies.ac.in,admissions@aravalitechnicalstudies.ac.in,placement@aravalitechnicalstudies.ac.in,+91-80-436-8818,Electrical & Electronics Engineering (EEE),M.Tech,12,516,2005,Urban,No,Yes
1-44642641420,1-44642641420,U-0755,ARAVALI INSTITUTE OF TECHNICAL STUDIES,Active,Rajasthan,Udaipur,Udaipur,UMARDA UDAIPUR RAJASTHAN,302880,27.038058,74.205741,Private-Self Financing,"Rajasthan Technical University, Kota",Approved,Approved,B++,No,,Tier 3,http://www.aravalitechnicalstudies.ac.in,info@aravalitechnicalstudies.ac.in,admissions@aravalitechnicalstudies.ac.in,placement@aravalitechnicalstudies.ac.in,+91-80-436-8818,Electronics & Communication Engineering (ECE),B.Tech,30,516,2005,Urban,No,Yes
1-44642641420,1-44642641420,U-0755,ARAVALI INSTITUTE OF TECHNICAL STUDIES,Active,Rajasthan,Udaipur,Udaipur,UMARDA UDAIPUR RAJASTHAN,302880,27.038058,74.205741,Private-Self Financing,"Rajasthan Technical University, Kota",Approved,Approved,B++,No,,Tier 3,http://www.aravalitechnicalstudies.ac.in,info@aravalitechnicalstudies.ac.in,admissions@aravalitechnicalstudies.ac.in,placement@aravalitechnicalstudies.ac.in,+91-80-436-8818,Mechanical Engineering,B.Tech,30,516,2005,Urban,No,Yes
1-44642641420,1-44642641420,U-0755,ARAVALI INSTITUTE OF TECHNICAL STUDIES,Active,Rajasthan,Udaipur,Udaipur,UMARDA UDAIPUR RAJASTHAN,302880,27.038058,74.205741,Private-Self Financing,"Rajasthan Technical University, Kota",Approved,Approved,B++,No,,Tier 3,http://www.aravalitechnicalstudies.ac.in,info@aravalitechnicalstudies.ac.in,admissions@aravalitechnicalstudies.ac.in,placement@aravalitechnicalstudies.ac.in,+91-80-436-8818,Electrical Engineering,B.Tech,30,516,2005,Urban,No,Yes
1-44642641420,1-44642641420,U-0755,ARAVALI INSTITUTE OF TECHNICAL STUDIES,Active,Rajasthan,Udaipur,Udaipur,UMARDA UDAIPUR RAJASTHAN,302880,27.038058,74.205741,Private-Self Financing,"Rajasthan Technical University, Kota",Approved,Approved,B++,No,,Tier 3,http://www.aravalitechnicalstudies.ac.in,info@aravalitechnicalstudies.ac.in,admissions@aravalitechnicalstudies.ac.in,placement@aravalitechnicalstudies.ac.in,+91-80-436-8818,Civil Engineering,B.Tech,30,516,2005,Urban,No,Yes
1-44642641420,1-44642641420,U-0755,ARAVALI INSTITUTE OF TECHNICAL STUDIES,Active,Rajasthan,Udaipur,Udaipur,UMARDA UDAIPUR RAJASTHAN,302880,27.038058,74.205741,Private-Self Financing,"Rajasthan Technical University, Kota",Approved,Approved,B++,No,,Tier 3,http://www.aravalitechnicalstudies.ac.in,info@aravalitechnicalstudies.ac.in,admissions@aravalitechnicalstudies.ac.in,placement@aravalitechnicalstudies.ac.in,+91-80-436-8818,Computer Science Engineering (CSE),B.Tech,90,516,2005,Urban,No,Yes
1-44642641420,1-44642641420,U-0755,ARAVALI INSTITUTE OF TECHNICAL STUDIES,Active,Rajasthan,Udaipur,Udaipur,UMARDA UDAIPUR RAJASTHAN,302880,27.038058,74.205741,Private-Self Financing,"Rajasthan Technical University, Kota",Approved,Approved,B++,No,,Tier 3,http://www.aravalitechnicalstudies.ac.in,info@aravalitechnicalstudies.ac.in,admissions@aravalitechnicalstudies.ac.in,placement@aravalitechnicalstudies.ac.in,+91-80-436-8818,Other Engineering Branches,M.Tech,30,516,2005,Urban,No,Yes
1-44642641420,1-44642641420,U-0755,ARAVALI INSTITUTE OF TECHNICAL STUDIES,Active,Rajasthan,Udaipur,Udaipur,UMARDA UDAIPUR RAJASTHAN,302880,27.038058,74.205741,Private-Self Financing,"Rajasthan Technical University, Kota",Approved,Approved,B++,No,,Tier 3,http://www.aravalitechnicalstudies.ac.in,info@aravalitechnicalstudies.ac.in,admissions@aravalitechnicalstudies.ac.in,placement@aravalitechnicalstudies.ac.in,+91-80-436-8818,Mechanical Engineering,Diploma,60,516,2005,Urban,No,Yes
1-44642641420,1-44642641420,U-0755,ARAVALI INSTITUTE OF TECHNICAL STUDIES,Active,Rajasthan,Udaipur,Udaipur,UMARDA UDAIPUR RAJASTHAN,302880,27.038058,74.205741,Private-Self Financing,"Rajasthan Technical University, Kota",Approved,Approved,B++,No,,Tier 3,http://www.aravalitechnicalstudies.ac.in,info@aravalitechnicalstudies.ac.in,admissions@aravalitechnicalstudies.ac.in,placement@aravalitechnicalstudies.ac.in,+91-80-436-8818,Electrical Engineering,Diploma,60,516,2005,Urban,No,Yes
1-44642641420,1-44642641420,U-0755,ARAVALI INSTITUTE OF TECHNICAL STUDIES,Active,Rajasthan,Udaipur,Udaipur,UMARDA UDAIPUR RAJASTHAN,302880,27.038058,74.205741,Private-Self Financing,"Rajasthan Technical University, Kota",Approved,Approved,B++,No,,Tier 3,http://www.aravalitechnicalstudies.ac.in,info@aravalitechnicalstudies.ac.in,admissions@aravalitechnicalstudies.ac.in,placement@aravalitechnicalstudies.ac.in,+91-80-436-8818,Information Technology (IT),M.Tech,12,516,2005,Urban,No,Yes
1-44642641420,1-44642641420,U-0755,ARAVALI INSTITUTE OF TECHNICAL STUDIES,Active,Rajasthan,Udaipur,Udaipur,UMARDA UDAIPUR RAJASTHAN,302880,27.038058,74.205741,Private-Self Financing,"Rajasthan Technical University, Kota",Approved,Approved,B++,No,,Tier 3,http://www.aravalitechnicalstudies.ac.in,info@aravalitechnicalstudies.ac.in,admissions@aravalitechnicalstudies.ac.in,placement@aravalitechnicalstudies.ac.in,+91-80-436-8818,Civil Engineering,Diploma,60,516,2005,Urban,No,Yes
1-44642641420,1-44642641420,U-0755,ARAVALI INSTITUTE OF TECHNICAL STUDIES,Active,Rajasthan,Udaipur,Udaipur,UMARDA UDAIPUR RAJASTHAN,302880,27.038058,74.205741,Private-Self Financing,"Rajasthan Technical University, Kota",Approved,Approved,B++,No,,Tier 3,http://www.aravalitechnicalstudies.ac.in,info@aravalitechnicalstudies.ac.in,admissions@aravalitechnicalstudies.ac.in,placement@aravalitechnicalstudies.ac.in,+91-80-436-8818,Computer Science Engineering (CSE),Diploma,60,516,2005,Urban,No,Yes
1-44642734061,1-44642734061,U-0192,VYAS COLLEGE OF ENGG.& TECHNOLOGY,Active,Rajasthan,Jodhpur,Jodhpur,"NEAR KUDI HOD, VILLAGE: JHALAMAND, PALI ROAD, JODHPUR-342005",342005,26.221241,73.029532,Private-Self Financing,"BIKANER TECHNICAL UNIVERSITY, BIKANER",Approved,Approved,A,No,,Tier 3,http://www.vyasengg.ac.in,info@vyasengg.ac.in,admissions@vyasengg.ac.in,placement@vyasengg.ac.in,+91-80-098-1921,Computer Science Engineering (CSE),B.Tech,30,156,2004,Urban,Yes,Yes
1-44642734061,1-44642734061,U-0192,VYAS COLLEGE OF ENGG.& TECHNOLOGY,Active,Rajasthan,Jodhpur,Jodhpur,"NEAR KUDI HOD, VILLAGE: JHALAMAND, PALI ROAD, JODHPUR-342005",342005,26.221241,73.029532,Private-Self Financing,"BIKANER TECHNICAL UNIVERSITY, BIKANER",Approved,Approved,A,No,,Tier 3,http://www.vyasengg.ac.in,info@vyasengg.ac.in,admissions@vyasengg.ac.in,placement@vyasengg.ac.in,+91-80-098-1921,Civil Engineering,B.Tech,96,156,2004,Urban,Yes,Yes
1-44642734061,1-44642734061,U-0192,VYAS COLLEGE OF ENGG.& TECHNOLOGY,Active,Rajasthan,Jodhpur,Jodhpur,"NEAR KUDI HOD, VILLAGE: JHALAMAND, PALI ROAD, JODHPUR-342005",342005,26.221241,73.029532,Private-Self Financing,"BIKANER TECHNICAL UNIVERSITY, BIKANER",Approved,Approved,A,No,,Tier 3,http://www.vyasengg.ac.in,info@vyasengg.ac.in,admissions@vyasengg.ac.in,placement@vyasengg.ac.in,+91-80-098-1921,Electrical Engineering,B.Tech,30,156,2004,Urban,Yes,Yes
1-44642979509,1-44642979509,U-0755,COMPUCOM INTITUTE OF TECH. & MANAGEMENT,Active,Rajasthan,Jaipur,Jaipur,"SP-3,5,5A, EPIP, RIICO INDUSTRIAL AREA, SITAPURA, JAIPUR (RAJASTHAN)-302022",302022,26.900077,75.775753,Private-Self Financing,"Rajasthan Technical University, Kota",Approved,Approved,B++,No,,Tier 3,http://www.compucomintitutetech.ac.in,info@compucomintitutetech.ac.in,admissions@compucomintitutetech.ac.in,placement@compucomintitutetech.ac.in,+91-80-322-0022,Computer Science Engineering (CSE),M.Tech,18,318,1992,Urban,Yes,Yes
1-44642979509,1-44642979509,U-0755,COMPUCOM INTITUTE OF TECH. & MANAGEMENT,Active,Rajasthan,Jaipur,Jaipur,"SP-3,5,5A, EPIP, RIICO INDUSTRIAL AREA, SITAPURA, JAIPUR (RAJASTHAN)-302022",302022,26.900077,75.775753,Private-Self Financing,"Rajasthan Technical University, Kota",Approved,Approved,B++,No,,Tier 3,http://www.compucomintitutetech.ac.in,info@compucomintitutetech.ac.in,admissions@compucomintitutetech.ac.in,placement@compucomintitutetech.ac.in,+91-80-322-0022,Electrical Engineering,B.Tech,30,318,1992,Urban,Yes,Yes
1-44642979509,1-44642979509,U-0755,COMPUCOM INTITUTE OF TECH. & MANAGEMENT,Active,Rajasthan,Jaipur,Jaipur,"SP-3,5,5A, EPIP, RIICO INDUSTRIAL AREA, SITAPURA, JAIPUR (RAJASTHAN)-302022",302022,26.900077,75.775753,Private-Self Financing,"Rajasthan Technical University, Kota",Approved,Approved,B++,No,,Tier 3,http://www.compucomintitutetech.ac.in,info@compucomintitutetech.ac.in,admissions@compucomintitutetech.ac.in,placement@compucomintitutetech.ac.in,+91-80-322-0022,Electronics & Communication Engineering (ECE),B.Tech,30,318,1992,Urban,Yes,Yes
1-44642979509,1-44642979509,U-0755,COMPUCOM INTITUTE OF TECH. & MANAGEMENT,Active,Rajasthan,Jaipur,Jaipur,"SP-3,5,5A, EPIP, RIICO INDUSTRIAL AREA, SITAPURA, JAIPUR (RAJASTHAN)-302022",302022,26.900077,75.775753,Private-Self Financing,"Rajasthan Technical University, Kota",Approved,Approved,B++,No,,Tier 3,http://www.compucomintitutetech.ac.in,info@compucomintitutetech.ac.in,admissions@compucomintitutetech.ac.in,placement@compucomintitutetech.ac.in,+91-80-322-0022,Computer Science Engineering (CSE),B.Tech,60,318,1992,Urban,Yes,Yes
1-44642979509,1-44642979509,U-0755,COMPUCOM INTITUTE OF TECH. & MANAGEMENT,Active,Rajasthan,Jaipur,Jaipur,"SP-3,5,5A, EPIP, RIICO INDUSTRIAL AREA, SITAPURA, JAIPUR (RAJASTHAN)-302022",302022,26.900077,75.775753,Private-Self Financing,"Rajasthan Technical University, Kota",Approved,Approved,B++,No,,Tier 3,http://www.compucomintitutetech.ac.in,info@compucomintitutetech.ac.in,admissions@compucomintitutetech.ac.in,placement@compucomintitutetech.ac.in,+91-80-322-0022,Civil Engineering,B.Tech,60,318,1992,Urban,Yes,Yes
1-44642979509,1-44642979509,U-0755,COMPUCOM INTITUTE OF TECH. & MANAGEMENT,Active,Rajasthan,Jaipur,Jaipur,"SP-3,5,5A, EPIP, RIICO INDUSTRIAL AREA, SITAPURA, JAIPUR (RAJASTHAN)-302022",302022,26.900077,75.775753,Private-Self Financing,"Rajasthan Technical University, Kota",Approved,Approved,B++,No,,Tier 3,http://www.compucomintitutetech.ac.in,info@compucomintitutetech.ac.in,admissions@compucomintitutetech.ac.in,placement@compucomintitutetech.ac.in,+91-80-322-0022,Other Engineering Branches,B.Tech,60,318,1992,Urban,Yes,Yes
1-44642979509,1-44642979509,U-0755,COMPUCOM INTITUTE OF TECH. & MANAGEMENT,Active,Rajasthan,Jaipur,Jaipur,"SP-3,5,5A, EPIP, RIICO INDUSTRIAL AREA, SITAPURA, JAIPUR (RAJASTHAN)-302022",302022,26.900077,75.775753,Private-Self Financing,"Rajasthan Technical University, Kota",Approved,Approved,B++,No,,Tier 3,http://www.compucomintitutetech.ac.in,info@compucomintitutetech.ac.in,admissions@compucomintitutetech.ac.in,placement@compucomintitutetech.ac.in,+91-80-322-0022,Data Science,B.Tech,60,318,1992,Urban,Yes,Yes
1-44642489350,1-44642489350,U-0192,"SOBHASARIA GROUP OF INSTITUTIONS, SIKAR",Active,Rajasthan,Sikar,Sikar,"NH-11, GOKULPURA, SIKAR",302058,27.019776,74.226611,Private-Self Financing,"BIKANER TECHNICAL UNIVERSITY, BIKANER",Approved,Approved,Not Accredited,No,,Tier 3,http://www.sobhasariasikar.ac.in,info@sobhasariasikar.ac.in,admissions@sobhasariasikar.ac.in,placement@sobhasariasikar.ac.in,+91-80-670-0727,Mechanical Engineering,B.Tech,30,414,1981,Urban,Yes,Yes
1-44642489350,1-44642489350,U-0192,"SOBHASARIA GROUP OF INSTITUTIONS, SIKAR",Active,Rajasthan,Sikar,Sikar,"NH-11, GOKULPURA, SIKAR",302058,27.019776,74.226611,Private-Self Financing,"BIKANER TECHNICAL UNIVERSITY, BIKANER",Approved,Approved,Not Accredited,No,,Tier 3,http://www.sobhasariasikar.ac.in,info@sobhasariasikar.ac.in,admissions@sobhasariasikar.ac.in,placement@sobhasariasikar.ac.in,+91-80-670-0727,Electrical Engineering,B.Tech,60,414,1981,Urban,Yes,Yes
1-44642489350,1-44642489350,U-0192,"SOBHASARIA GROUP OF INSTITUTIONS, SIKAR",Active,Rajasthan,Sikar,Sikar,"NH-11, GOKULPURA, SIKAR",302058,27.019776,74.226611,Private-Self Financing,"BIKANER TECHNICAL UNIVERSITY, BIKANER",Approved,Approved,Not Accredited,No,,Tier 3,http://www.sobhasariasikar.ac.in,info@sobhasariasikar.ac.in,admissions@sobhasariasikar.ac.in,placement@sobhasariasikar.ac.in,+91-80-670-0727,Computer Science Engineering (CSE),B.Tech,120,414,1981,Urban,Yes,Yes
1-44642489350,1-44642489350,U-0192,"SOBHASARIA GROUP OF INSTITUTIONS, SIKAR",Active,Rajasthan,Sikar,Sikar,"NH-11, GOKULPURA, SIKAR",302058,27.019776,74.226611,Private-Self Financing,"BIKANER TECHNICAL UNIVERSITY, BIKANER",Approved,Approved,Not Accredited,No,,Tier 3,http://www.sobhasariasikar.ac.in,info@sobhasariasikar.ac.in,admissions@sobhasariasikar.ac.in,placement@sobhasariasikar.ac.in,+91-80-670-0727,Computer Science Engineering (CSE),M.Tech,18,414,1981,Urban,Yes,Yes
1-44642489350,1-44642489350,U-0192,"SOBHASARIA GROUP OF INSTITUTIONS, SIKAR",Active,Rajasthan,Sikar,Sikar,"NH-11, GOKULPURA, SIKAR",302058,27.019776,74.226611,Private-Self Financing,"BIKANER TECHNICAL UNIVERSITY, BIKANER",Approved,Approved,Not Accredited,No,,Tier 3,http://www.sobhasariasikar.ac.in,info@sobhasariasikar.ac.in,admissions@sobhasariasikar.ac.in,placement@sobhasariasikar.ac.in,+91-80-670-0727,Other Engineering Branches,M.Tech,36,414,1981,Urban,Yes,Yes
1-44642489350,1-44642489350,U-0192,"SOBHASARIA GROUP OF INSTITUTIONS, SIKAR",Active,Rajasthan,Sikar,Sikar,"NH-11, GOKULPURA, SIKAR",302058,27.019776,74.226611,Private-Self Financing,"BIKANER TECHNICAL UNIVERSITY, BIKANER",Approved,Approved,Not Accredited,No,,Tier 3,http://www.sobhasariasikar.ac.in,info@sobhasariasikar.ac.in,admissions@sobhasariasikar.ac.in,placement@sobhasariasikar.ac.in,+91-80-670-0727,Civil Engineering,B.Tech,30,414,1981,Urban,Yes,Yes
1-44642489350,1-44642489350,U-0192,"SOBHASARIA GROUP OF INSTITUTIONS, SIKAR",Active,Rajasthan,Sikar,Sikar,"NH-11, GOKULPURA, SIKAR",302058,27.019776,74.226611,Private-Self Financing,"BIKANER TECHNICAL UNIVERSITY, BIKANER",Approved,Approved,Not Accredited,No,,Tier 3,http://www.sobhasariasikar.ac.in,info@sobhasariasikar.ac.in,admissions@sobhasariasikar.ac.in,placement@sobhasariasikar.ac.in,+91-80-670-0727,Artificial Intelligence & Machine Learning (AI & ML),B.Tech,30,414,1981,Urban,Yes,Yes
1-44642489350,1-44642489350,U-0192,"SOBHASARIA GROUP OF INSTITUTIONS, SIKAR",Active,Rajasthan,Sikar,Sikar,"NH-11, GOKULPURA, SIKAR",302058,27.019776,74.226611,Private-Self Financing,"BIKANER TECHNICAL UNIVERSITY, BIKANER",Approved,Approved,Not Accredited,No,,Tier 3,http://www.sobhasariasikar.ac.in,info@sobhasariasikar.ac.in,admissions@sobhasariasikar.ac.in,placement@sobhasariasikar.ac.in,+91-80-670-0727,Cyber Security,B.Tech,30,414,1981,Urban,Yes,Yes
1-44642489350,1-44642489350,U-0192,"SOBHASARIA GROUP OF INSTITUTIONS, SIKAR",Active,Rajasthan,Sikar,Sikar,"NH-11, GOKULPURA, SIKAR",302058,27.019776,74.226611,Private-Self Financing,"BIKANER TECHNICAL UNIVERSITY, BIKANER",Approved,Approved,Not Accredited,No,,Tier 3,http://www.sobhasariasikar.ac.in,info@sobhasariasikar.ac.in,admissions@sobhasariasikar.ac.in,placement@sobhasariasikar.ac.in,+91-80-670-0727,Data Science,B.Tech,60,414,1981,Urban,Yes,Yes
1-44643045957,1-44643045957,U-0755,GLOBAL INSTITUTE OF TECHNOLOGY,Active,Rajasthan,Jaipur,Jaipur,"ITS-1, IT PARK, EPIP, SITAPURA",302659,26.919809,75.775108,Private-Self Financing,"Rajasthan Technical University, Kota",Approved,Approved,Not Accredited,No,,Tier 3,http://www.global.ac.in,info@global.ac.in,admissions@global.ac.in,placement@global.ac.in,+91-80-149-5985,Computer Science Engineering (CSE),B.Tech,240,585,1991,Urban,Yes,Yes
1-44643045957,1-44643045957,U-0755,GLOBAL INSTITUTE OF TECHNOLOGY,Active,Rajasthan,Jaipur,Jaipur,"ITS-1, IT PARK, EPIP, SITAPURA",302659,26.919809,75.775108,Private-Self Financing,"Rajasthan Technical University, Kota",Approved,Approved,Not Accredited,No,,Tier 3,http://www.global.ac.in,info@global.ac.in,admissions@global.ac.in,placement@global.ac.in,+91-80-149-5985,Information Technology (IT),B.Tech,60,585,1991,Urban,Yes,Yes
1-44643045957,1-44643045957,U-0755,GLOBAL INSTITUTE OF TECHNOLOGY,Active,Rajasthan,Jaipur,Jaipur,"ITS-1, IT PARK, EPIP, SITAPURA",302659,26.919809,75.775108,Private-Self Financing,"Rajasthan Technical University, Kota",Approved,Approved,Not Accredited,No,,Tier 3,http://www.global.ac.in,info@global.ac.in,admissions@global.ac.in,placement@global.ac.in,+91-80-149-5985,Electrical Engineering,B.Tech,30,585,1991,Urban,Yes,Yes
1-44643045957,1-44643045957,U-0755,GLOBAL INSTITUTE OF TECHNOLOGY,Active,Rajasthan,Jaipur,Jaipur,"ITS-1, IT PARK, EPIP, SITAPURA",302659,26.919809,75.775108,Private-Self Financing,"Rajasthan Technical University, Kota",Approved,Approved,Not Accredited,No,,Tier 3,http://www.global.ac.in,info@global.ac.in,admissions@global.ac.in,placement@global.ac.in,+91-80-149-5985,Mechanical Engineering,B.Tech,30,585,1991,Urban,Yes,Yes
1-44643045957,1-44643045957,U-0755,GLOBAL INSTITUTE OF TECHNOLOGY,Active,Rajasthan,Jaipur,Jaipur,"ITS-1, IT PARK, EPIP, SITAPURA",302659,26.919809,75.775108,Private-Self Financing,"Rajasthan Technical University, Kota",Approved,Approved,Not Accredited,No,,Tier 3,http://www.global.ac.in,info@global.ac.in,admissions@global.ac.in,placement@global.ac.in,+91-80-149-5985,Computer Science Engineering (CSE),M.Tech,9,585,1991,Urban,Yes,Yes
1-44643045957,1-44643045957,U-0755,GLOBAL INSTITUTE OF TECHNOLOGY,Active,Rajasthan,Jaipur,Jaipur,"ITS-1, IT PARK, EPIP, SITAPURA",302659,26.919809,75.775108,Private-Self Financing,"Rajasthan Technical University, Kota",Approved,Approved,Not Accredited,No,,Tier 3,http://www.global.ac.in,info@global.ac.in,admissions@global.ac.in,placement@global.ac.in,+91-80-149-5985,Civil Engineering,B.Tech,60,585,1991,Urban,Yes,Yes
1-44643045957,1-44643045957,U-0755,GLOBAL INSTITUTE OF TECHNOLOGY,Active,Rajasthan,Jaipur,Jaipur,"ITS-1, IT PARK, EPIP, SITAPURA",302659,26.919809,75.775108,Private-Self Financing,"Rajasthan Technical University, Kota",Approved,Approved,Not Accredited,No,,Tier 3,http://www.global.ac.in,info@global.ac.in,admissions@global.ac.in,placement@global.ac.in,+91-80-149-5985,Data Science,B.Tech,60,585,1991,Urban,Yes,Yes
1-44643045957,1-44643045957,U-0755,GLOBAL INSTITUTE OF TECHNOLOGY,Active,Rajasthan,Jaipur,Jaipur,"ITS-1, IT PARK, EPIP, SITAPURA",302659,26.919809,75.775108,Private-Self Financing,"Rajasthan Technical University, Kota",Approved,Approved,Not Accredited,No,,Tier 3,http://www.global.ac.in,info@global.ac.in,admissions@global.ac.in,placement@global.ac.in,+91-80-149-5985,Data Science,M.Tech,18,585,1991,Urban,Yes,Yes
1-44643045957,1-44643045957,U-0755,GLOBAL INSTITUTE OF TECHNOLOGY,Active,Rajasthan,Jaipur,Jaipur,"ITS-1, IT PARK, EPIP, SITAPURA",302659,26.919809,75.775108,Private-Self Financing,"Rajasthan Technical University, Kota",Approved,Approved,Not Accredited,No,,Tier 3,http://www.global.ac.in,info@global.ac.in,admissions@global.ac.in,placement@global.ac.in,+91-80-149-5985,Information Technology (IT),M.Tech,18,585,1991,Urban,Yes,Yes
1-44643045957,1-44643045957,U-0755,GLOBAL INSTITUTE OF TECHNOLOGY,Active,Rajasthan,Jaipur,Jaipur,"ITS-1, IT PARK, EPIP, SITAPURA",302659,26.919809,75.775108,Private-Self Financing,"Rajasthan Technical University, Kota",Approved,Approved,Not Accredited,No,,Tier 3,http://www.global.ac.in,info@global.ac.in,admissions@global.ac.in,placement@global.ac.in,+91-80-149-5985,IoT,B.Tech,30,585,1991,Urban,Yes,Yes
1-44643045957,1-44643045957,U-0755,GLOBAL INSTITUTE OF TECHNOLOGY,Active,Rajasthan,Jaipur,Jaipur,"ITS-1, IT PARK, EPIP, SITAPURA",302659,26.919809,75.775108,Private-Self Financing,"Rajasthan Technical University, Kota",Approved,Approved,Not Accredited,No,,Tier 3,http://www.global.ac.in,info@global.ac.in,admissions@global.ac.in,placement@global.ac.in,+91-80-149-5985,Cyber Security,B.Tech,30,585,1991,Urban,Yes,Yes
1-44643047565,1-44643047565,U-0755,YAGYAVALKYA INSTITUTE OF TECHNOLOGY,Active,Rajasthan,Jaipur,Jaipur,"IP-1, PHASE-IV, RIICO INDUSTRIAL AREA, SITAPURA, TONK ROAD, JAIPUR.",302659,26.917798,75.801702,Private-Self Financing,"Rajasthan Technical University, Kota",Approved,Approved,B,Yes,,Tier 3,http://www.yagyavalkya.ac.in,info@yagyavalkya.ac.in,admissions@yagyavalkya.ac.in,placement@yagyavalkya.ac.in,+91-80-065-2892,Civil Engineering,B.Tech,120,420,2000,Urban,Yes,Yes
1-44643047565,1-44643047565,U-0755,YAGYAVALKYA INSTITUTE OF TECHNOLOGY,Active,Rajasthan,Jaipur,Jaipur,"IP-1, PHASE-IV, RIICO INDUSTRIAL AREA, SITAPURA, TONK ROAD, JAIPUR.",302659,26.917798,75.801702,Private-Self Financing,"Rajasthan Technical University, Kota",Approved,Approved,B,Yes,,Tier 3,http://www.yagyavalkya.ac.in,info@yagyavalkya.ac.in,admissions@yagyavalkya.ac.in,placement@yagyavalkya.ac.in,+91-80-065-2892,Computer Science Engineering (CSE),B.Tech,60,420,2000,Urban,Yes,Yes
1-44643047565,1-44643047565,U-0755,YAGYAVALKYA INSTITUTE OF TECHNOLOGY,Active,Rajasthan,Jaipur,Jaipur,"IP-1, PHASE-IV, RIICO INDUSTRIAL AREA, SITAPURA, TONK ROAD, JAIPUR.",302659,26.917798,75.801702,Private-Self Financing,"Rajasthan Technical University, Kota",Approved,Approved,B,Yes,,Tier 3,http://www.yagyavalkya.ac.in,info@yagyavalkya.ac.in,admissions@yagyavalkya.ac.in,placement@yagyavalkya.ac.in,+91-80-065-2892,Electronics & Communication Engineering (ECE),B.Tech,30,420,2000,Urban,Yes,Yes
1-44643047565,1-44643047565,U-0755,YAGYAVALKYA INSTITUTE OF TECHNOLOGY,Active,Rajasthan,Jaipur,Jaipur,"IP-1, PHASE-IV, RIICO INDUSTRIAL AREA, SITAPURA, TONK ROAD, JAIPUR.",302659,26.917798,75.801702,Private-Self Financing,"Rajasthan Technical University, Kota",Approved,Approved,B,Yes,,Tier 3,http://www.yagyavalkya.ac.in,info@yagyavalkya.ac.in,admissions@yagyavalkya.ac.in,placement@yagyavalkya.ac.in,+91-80-065-2892,Electrical Engineering,B.Tech,60,420,2000,Urban,Yes,Yes
1-44643047565,1-44643047565,U-0755,YAGYAVALKYA INSTITUTE OF TECHNOLOGY,Active,Rajasthan,Jaipur,Jaipur,"IP-1, PHASE-IV, RIICO INDUSTRIAL AREA, SITAPURA, TONK ROAD, JAIPUR.",302659,26.917798,75.801702,Private-Self Financing,"Rajasthan Technical University, Kota",Approved,Approved,B,Yes,,Tier 3,http://www.yagyavalkya.ac.in,info@yagyavalkya.ac.in,admissions@yagyavalkya.ac.in,placement@yagyavalkya.ac.in,+91-80-065-2892,Computer Science Engineering (CSE),M.Tech,18,420,2000,Urban,Yes,Yes
1-44643047565,1-44643047565,U-0755,YAGYAVALKYA INSTITUTE OF TECHNOLOGY,Active,Rajasthan,Jaipur,Jaipur,"IP-1, PHASE-IV, RIICO INDUSTRIAL AREA, SITAPURA, TONK ROAD, JAIPUR.",302659,26.917798,75.801702,Private-Self Financing,"Rajasthan Technical University, Kota",Approved,Approved,B,Yes,,Tier 3,http://www.yagyavalkya.ac.in,info@yagyavalkya.ac.in,admissions@yagyavalkya.ac.in,placement@yagyavalkya.ac.in,+91-80-065-2892,Other Engineering Branches,M.Tech,54,420,2000,Urban,Yes,Yes
1-44643047565,1-44643047565,U-0755,YAGYAVALKYA INSTITUTE OF TECHNOLOGY,Active,Rajasthan,Jaipur,Jaipur,"IP-1, PHASE-IV, RIICO INDUSTRIAL AREA, SITAPURA, TONK ROAD, JAIPUR.",302659,26.917798,75.801702,Private-Self Financing,"Rajasthan Technical University, Kota",Approved,Approved,B,Yes,,Tier 3,http://www.yagyavalkya.ac.in,info@yagyavalkya.ac.in,admissions@yagyavalkya.ac.in,placement@yagyavalkya.ac.in,+91-80-065-2892,Information Technology (IT),M.Tech,18,420,2000,Urban,Yes,Yes
1-44643047565,1-44643047565,U-0755,YAGYAVALKYA INSTITUTE OF TECHNOLOGY,Active,Rajasthan,Jaipur,Jaipur,"IP-1, PHASE-IV, RIICO INDUSTRIAL AREA, SITAPURA, TONK ROAD, JAIPUR.",302659,26.917798,75.801702,Private-Self Financing,"Rajasthan Technical University, Kota",Approved,Approved,B,Yes,,Tier 3,http://www.yagyavalkya.ac.in,info@yagyavalkya.ac.in,admissions@yagyavalkya.ac.in,placement@yagyavalkya.ac.in,+91-80-065-2892,Mechanical Engineering,B.Tech,60,420,2000,Urban,Yes,Yes
1-44924755001,1-44924755001,U-0197,GOVERNMENT POLYTECHNIC COLLEGE SALUMBAR,Active,Rajasthan,Dungapur,Dungapur,"CAMP : GOVERNMENT POLYTECHNIC COLLEGE DUNGARPUR DEWAL, UDAIPUR ROAD, DUNGARPUR Ã¢â¬â 314011",314011,27.025302,74.20131,Government,"Board of Technical Education And Directorate Of Technical Education, Jodhpur",Approved,Approved,A,No,,Tier 2,http://www.salumbar.ac.in,info@salumbar.ac.in,admissions@salumbar.ac.in,placement@salumbar.ac.in,+91-80-901-8645,Civil Engineering,Diploma,30,120,1988,Urban,Yes,Yes
1-44924755001,1-44924755001,U-0197,GOVERNMENT POLYTECHNIC COLLEGE SALUMBAR,Active,Rajasthan,Dungapur,Dungapur,"CAMP : GOVERNMENT POLYTECHNIC COLLEGE DUNGARPUR DEWAL, UDAIPUR ROAD, DUNGARPUR Ã¢â¬â 314011",314011,27.025302,74.20131,Government,"Board of Technical Education And Directorate Of Technical Education, Jodhpur",Approved,Approved,A,No,,Tier 2,http://www.salumbar.ac.in,info@salumbar.ac.in,admissions@salumbar.ac.in,placement@salumbar.ac.in,+91-80-901-8645,Computer Science Engineering (CSE),Diploma,30,120,1988,Urban,Yes,Yes
1-44924755001,1-44924755001,U-0197,GOVERNMENT POLYTECHNIC COLLEGE SALUMBAR,Active,Rajasthan,Dungapur,Dungapur,"CAMP : GOVERNMENT POLYTECHNIC COLLEGE DUNGARPUR DEWAL, UDAIPUR ROAD, DUNGARPUR Ã¢â¬â 314011",314011,27.025302,74.20131,Government,"Board of Technical Education And Directorate Of Technical Education, Jodhpur",Approved,Approved,A,No,,Tier 2,http://www.salumbar.ac.in,info@salumbar.ac.in,admissions@salumbar.ac.in,placement@salumbar.ac.in,+91-80-901-8645,Electrical Engineering,Diploma,30,120,1988,Urban,Yes,Yes
1-44924755001,1-44924755001,U-0197,GOVERNMENT POLYTECHNIC COLLEGE SALUMBAR,Active,Rajasthan,Dungapur,Dungapur,"CAMP : GOVERNMENT POLYTECHNIC COLLEGE DUNGARPUR DEWAL, UDAIPUR ROAD, DUNGARPUR Ã¢â¬â 314011",314011,27.025302,74.20131,Government,"Board of Technical Education And Directorate Of Technical Education, Jodhpur",Approved,Approved,A,No,,Tier 2,http://www.salumbar.ac.in,info@salumbar.ac.in,admissions@salumbar.ac.in,placement@salumbar.ac.in,+91-80-901-8645,Mechanical Engineering,Diploma,30,120,1988,Urban,Yes,Yes
1-44923752187,1-44923752187,U-0197,GOVERNMENT POLYTECHNIC COLLEGE KANWAAS,Active,Rajasthan,Baran,Baran,"GOVERNMENT POLYTECHNIC COLLEGE KANWAAS(CAMP- GOVT. POLYTECHNIC COLLEGE BARAN) NH 27, VILLAGE- BATAWADI, TEHSIL- ANTA",302645,27.007031,74.220505,Government,"Board of Technical Education And Directorate Of Technical Education, Jodhpur",Approved,Approved,A+,Yes,,Tier 2,http://www.kanwaas.ac.in,info@kanwaas.ac.in,admissions@kanwaas.ac.in,placement@kanwaas.ac.in,+91-80-135-5152,Chemical Engineering,Diploma,30,120,2009,Urban,Yes,No
1-44923752187,1-44923752187,U-0197,GOVERNMENT POLYTECHNIC COLLEGE KANWAAS,Active,Rajasthan,Baran,Baran,"GOVERNMENT POLYTECHNIC COLLEGE KANWAAS(CAMP- GOVT. POLYTECHNIC COLLEGE BARAN) NH 27, VILLAGE- BATAWADI, TEHSIL- ANTA",302645,27.007031,74.220505,Government,"Board of Technical Education And Directorate Of Technical Education, Jodhpur",Approved,Approved,A+,Yes,,Tier 2,http://www.kanwaas.ac.in,info@kanwaas.ac.in,admissions@kanwaas.ac.in,placement@kanwaas.ac.in,+91-80-135-5152,Mechanical Engineering,Diploma,30,120,2009,Urban,Yes,No
1-44923752187,1-44923752187,U-0197,GOVERNMENT POLYTECHNIC COLLEGE KANWAAS,Active,Rajasthan,Baran,Baran,"GOVERNMENT POLYTECHNIC COLLEGE KANWAAS(CAMP- GOVT. POLYTECHNIC COLLEGE BARAN) NH 27, VILLAGE- BATAWADI, TEHSIL- ANTA",302645,27.007031,74.220505,Government,"Board of Technical Education And Directorate Of Technical Education, Jodhpur",Approved,Approved,A+,Yes,,Tier 2,http://www.kanwaas.ac.in,info@kanwaas.ac.in,admissions@kanwaas.ac.in,placement@kanwaas.ac.in,+91-80-135-5152,Electrical Engineering,Diploma,30,120,2009,Urban,Yes,No
1-44923752187,1-44923752187,U-0197,GOVERNMENT POLYTECHNIC COLLEGE KANWAAS,Active,Rajasthan,Baran,Baran,"GOVERNMENT POLYTECHNIC COLLEGE KANWAAS(CAMP- GOVT. POLYTECHNIC COLLEGE BARAN) NH 27, VILLAGE- BATAWADI, TEHSIL- ANTA",302645,27.007031,74.220505,Government,"Board of Technical Education And Directorate Of Technical Education, Jodhpur",Approved,Approved,A+,Yes,,Tier 2,http://www.kanwaas.ac.in,info@kanwaas.ac.in,admissions@kanwaas.ac.in,placement@kanwaas.ac.in,+91-80-135-5152,Information Technology (IT),Diploma,30,120,2009,Urban,Yes,No
1-44925271743,1-44925271743,U-0197,GOVERNMENT POLYTECHNIC COLLEGE VALLABHNAGAR,Active,Rajasthan,Udaipur,Udaipur,"CAMP-GOVERNMENT POLYTECHNIC COLLEGE, UDAIPUR, REVENUE VILLAGE, SOUTH EXTENSION SCHEME, JOGI TALAB, SAVINA, UDAIPUR",302880,27.014782,74.230726,Government,"Board of Technical Education And Directorate Of Technical Education, Jodhpur",Approved,Approved,B++,Yes,,Tier 3,http://www.vallabhnagar.ac.in,info@vallabhnagar.ac.in,admissions@vallabhnagar.ac.in,placement@vallabhnagar.ac.in,+91-80-460-6162,Civil Engineering,Diploma,30,120,1986,Urban,Yes,Yes
1-44925271743,1-44925271743,U-0197,GOVERNMENT POLYTECHNIC COLLEGE VALLABHNAGAR,Active,Rajasthan,Udaipur,Udaipur,"CAMP-GOVERNMENT POLYTECHNIC COLLEGE, UDAIPUR, REVENUE VILLAGE, SOUTH EXTENSION SCHEME, JOGI TALAB, SAVINA, UDAIPUR",302880,27.014782,74.230726,Government,"Board of Technical Education And Directorate Of Technical Education, Jodhpur",Approved,Approved,B++,Yes,,Tier 3,http://www.vallabhnagar.ac.in,info@vallabhnagar.ac.in,admissions@vallabhnagar.ac.in,placement@vallabhnagar.ac.in,+91-80-460-6162,Electrical Engineering,Diploma,30,120,1986,Urban,Yes,Yes
1-44925271743,1-44925271743,U-0197,GOVERNMENT POLYTECHNIC COLLEGE VALLABHNAGAR,Active,Rajasthan,Udaipur,Udaipur,"CAMP-GOVERNMENT POLYTECHNIC COLLEGE, UDAIPUR, REVENUE VILLAGE, SOUTH EXTENSION SCHEME, JOGI TALAB, SAVINA, UDAIPUR",302880,27.014782,74.230726,Government,"Board of Technical Education And Directorate Of Technical Education, Jodhpur",Approved,Approved,B++,Yes,,Tier 3,http://www.vallabhnagar.ac.in,info@vallabhnagar.ac.in,admissions@vallabhnagar.ac.in,placement@vallabhnagar.ac.in,+91-80-460-6162,Mechanical Engineering,Diploma,30,120,1986,Urban,Yes,Yes
1-44925271743,1-44925271743,U-0197,GOVERNMENT POLYTECHNIC COLLEGE VALLABHNAGAR,Active,Rajasthan,Udaipur,Udaipur,"CAMP-GOVERNMENT POLYTECHNIC COLLEGE, UDAIPUR, REVENUE VILLAGE, SOUTH EXTENSION SCHEME, JOGI TALAB, SAVINA, UDAIPUR",302880,27.014782,74.230726,Government,"Board of Technical Education And Directorate Of Technical Education, Jodhpur",Approved,Approved,B++,Yes,,Tier 3,http://www.vallabhnagar.ac.in,info@vallabhnagar.ac.in,admissions@vallabhnagar.ac.in,placement@vallabhnagar.ac.in,+91-80-460-6162,Other Engineering Branches,Diploma,30,120,1986,Urban,Yes,Yes
1-44925251791,1-44925251791,U-0197,GOVERNMENT POLYTECHNIC COLLEGE NIWAI,Active,Rajasthan,Tonk,Tonk,"GOVERNMENT POLYTECHNIC COLLEGE NIWAI, CAMP -TONK BORKHANDI KHURD, NEAR BANAS BRIDGE, JAIPUR ROAD",302199,27.036371,74.221415,Government,"Board of Technical Education And Directorate Of Technical Education, Jodhpur",Approved,Approved,B++,Yes,,Tier 3,http://www.niwai.ac.in,info@niwai.ac.in,admissions@niwai.ac.in,placement@niwai.ac.in,+91-80-366-1334,Electrical Engineering,Diploma,30,120,2004,Urban,Yes,Yes
1-44925251791,1-44925251791,U-0197,GOVERNMENT POLYTECHNIC COLLEGE NIWAI,Active,Rajasthan,Tonk,Tonk,"GOVERNMENT POLYTECHNIC COLLEGE NIWAI, CAMP -TONK BORKHANDI KHURD, NEAR BANAS BRIDGE, JAIPUR ROAD",302199,27.036371,74.221415,Government,"Board of Technical Education And Directorate Of Technical Education, Jodhpur",Approved,Approved,B++,Yes,,Tier 3,http://www.niwai.ac.in,info@niwai.ac.in,admissions@niwai.ac.in,placement@niwai.ac.in,+91-80-366-1334,Civil Engineering,Diploma,30,120,2004,Urban,Yes,Yes
1-44925251791,1-44925251791,U-0197,GOVERNMENT POLYTECHNIC COLLEGE NIWAI,Active,Rajasthan,Tonk,Tonk,"GOVERNMENT POLYTECHNIC COLLEGE NIWAI, CAMP -TONK BORKHANDI KHURD, NEAR BANAS BRIDGE, JAIPUR ROAD",302199,27.036371,74.221415,Government,"Board of Technical Education And Directorate Of Technical Education, Jodhpur",Approved,Approved,B++,Yes,,Tier 3,http://www.niwai.ac.in,info@niwai.ac.in,admissions@niwai.ac.in,placement@niwai.ac.in,+91-80-366-1334,Mechanical Engineering,Diploma,30,120,2004,Urban,Yes,Yes
1-44925251791,1-44925251791,U-0197,GOVERNMENT POLYTECHNIC COLLEGE NIWAI,Active,Rajasthan,Tonk,Tonk,"GOVERNMENT POLYTECHNIC COLLEGE NIWAI, CAMP -TONK BORKHANDI KHURD, NEAR BANAS BRIDGE, JAIPUR ROAD",302199,27.036371,74.221415,Government,"Board of Technical Education And Directorate Of Technical Education, Jodhpur",Approved,Approved,B++,Yes,,Tier 3,http://www.niwai.ac.in,info@niwai.ac.in,admissions@niwai.ac.in,placement@niwai.ac.in,+91-80-366-1334,Information Technology (IT),Diploma,30,120,2004,Urban,Yes,Yes
1-44924714023,1-44924714023,U-0197,GOVERNMENT POLYTECHNIC COLLEGE PHALODI,Active,Rajasthan,Bikaner,Bikaner,"SHIVBARI ROAD, BIKANER",302103,27.028463,74.229423,Government,"Board of Technical Education And Directorate Of Technical Education, Jodhpur",Approved,Approved,A,No,,Tier 2,http://www.phalodi.ac.in,info@phalodi.ac.in,admissions@phalodi.ac.in,placement@phalodi.ac.in,+91-80-034-4649,Civil Engineering,Diploma,30,120,2011,Urban,Yes,Yes
1-44924714023,1-44924714023,U-0197,GOVERNMENT POLYTECHNIC COLLEGE PHALODI,Active,Rajasthan,Bikaner,Bikaner,"SHIVBARI ROAD, BIKANER",302103,27.028463,74.229423,Government,"Board of Technical Education And Directorate Of Technical Education, Jodhpur",Approved,Approved,A,No,,Tier 2,http://www.phalodi.ac.in,info@phalodi.ac.in,admissions@phalodi.ac.in,placement@phalodi.ac.in,+91-80-034-4649,Mechanical Engineering,Diploma,30,120,2011,Urban,Yes,Yes
1-44924714023,1-44924714023,U-0197,GOVERNMENT POLYTECHNIC COLLEGE PHALODI,Active,Rajasthan,Bikaner,Bikaner,"SHIVBARI ROAD, BIKANER",302103,27.028463,74.229423,Government,"Board of Technical Education And Directorate Of Technical Education, Jodhpur",Approved,Approved,A,No,,Tier 2,http://www.phalodi.ac.in,info@phalodi.ac.in,admissions@phalodi.ac.in,placement@phalodi.ac.in,+91-80-034-4649,Electrical Engineering,Diploma,30,120,2011,Urban,Yes,Yes
1-44924714023,1-44924714023,U-0197,GOVERNMENT POLYTECHNIC COLLEGE PHALODI,Active,Rajasthan,Bikaner,Bikaner,"SHIVBARI ROAD, BIKANER",302103,27.028463,74.229423,Government,"Board of Technical Education And Directorate Of Technical Education, Jodhpur",Approved,Approved,A,No,,Tier 2,http://www.phalodi.ac.in,info@phalodi.ac.in,admissions@phalodi.ac.in,placement@phalodi.ac.in,+91-80-034-4649,Other Engineering Branches,Diploma,30,120,2011,Urban,Yes,Yes
1-44643833437,1-44643833437,U-0663,TRIBHUVAN COLLEGE,Active,Rajasthan,Alwar,Alwar,"PLOT NO. 203 & 204, RIICO NEW INDUSTRIAL COMPLEX MAJRAKATH, NEEMRANA",302505,27.02072,74.206218,Private-Self Financing,"Guru Gobind Singh Indraprastha University, Delhi",Approved,Approved,Not Accredited,No,,Tier 3,http://www.tribhuvan.ac.in,info@tribhuvan.ac.in,admissions@tribhuvan.ac.in,placement@tribhuvan.ac.in,+91-80-709-6629,Computer Science Engineering (CSE),B.Tech,60,300,1992,Urban,Yes,Yes
1-44643833437,1-44643833437,U-0663,TRIBHUVAN COLLEGE,Active,Rajasthan,Alwar,Alwar,"PLOT NO. 203 & 204, RIICO NEW INDUSTRIAL COMPLEX MAJRAKATH, NEEMRANA",302505,27.02072,74.206218,Private-Self Financing,"Guru Gobind Singh Indraprastha University, Delhi",Approved,Approved,Not Accredited,No,,Tier 3,http://www.tribhuvan.ac.in,info@tribhuvan.ac.in,admissions@tribhuvan.ac.in,placement@tribhuvan.ac.in,+91-80-709-6629,Data Science,B.Tech,60,300,1992,Urban,Yes,Yes
1-44643833437,1-44643833437,U-0663,TRIBHUVAN COLLEGE,Active,Rajasthan,Alwar,Alwar,"PLOT NO. 203 & 204, RIICO NEW INDUSTRIAL COMPLEX MAJRAKATH, NEEMRANA",302505,27.02072,74.206218,Private-Self Financing,"Guru Gobind Singh Indraprastha University, Delhi",Approved,Approved,Not Accredited,No,,Tier 3,http://www.tribhuvan.ac.in,info@tribhuvan.ac.in,admissions@tribhuvan.ac.in,placement@tribhuvan.ac.in,+91-80-709-6629,Artificial Intelligence & Machine Learning (AI & ML),B.Tech,60,300,1992,Urban,Yes,Yes
1-44643833437,1-44643833437,U-0663,TRIBHUVAN COLLEGE,Active,Rajasthan,Alwar,Alwar,"PLOT NO. 203 & 204, RIICO NEW INDUSTRIAL COMPLEX MAJRAKATH, NEEMRANA",302505,27.02072,74.206218,Private-Self Financing,"Guru Gobind Singh Indraprastha University, Delhi",Approved,Approved,Not Accredited,No,,Tier 3,http://www.tribhuvan.ac.in,info@tribhuvan.ac.in,admissions@tribhuvan.ac.in,placement@tribhuvan.ac.in,+91-80-709-6629,Other Engineering Branches,B.Tech,120,300,1992,Urban,Yes,Yes
1-44645398851,1-44645398851,U-0197,B.R. POLYTECHNIC COLLEGE,Active,Rajasthan,Sikar,Sikar,B.R. POLYTECHNIC COLLEGE REENGUS SIKAR,302058,27.037715,74.218843,Private-Self Financing,"Board of Technical Education And Directorate Of Technical Education, Jodhpur",Approved,Approved,A+,No,,Tier 3,http://www.br.ac.in,info@br.ac.in,admissions@br.ac.in,placement@br.ac.in,+91-80-422-4774,Civil Engineering,Diploma,60,180,2012,Rural,Yes,Yes
1-44645398851,1-44645398851,U-0197,B.R. POLYTECHNIC COLLEGE,Active,Rajasthan,Sikar,Sikar,B.R. POLYTECHNIC COLLEGE REENGUS SIKAR,302058,27.037715,74.218843,Private-Self Financing,"Board of Technical Education And Directorate Of Technical Education, Jodhpur",Approved,Approved,A+,No,,Tier 3,http://www.br.ac.in,info@br.ac.in,admissions@br.ac.in,placement@br.ac.in,+91-80-422-4774,Electrical Engineering,Diploma,120,180,2012,Rural,Yes,Yes
1-44924853595,1-44924853595,U-0197,GOVERNMENT POLYTECHNIC COLLEGE RAMGANJMANDI,Active,Rajasthan,Jhalawar,Jhalawar,GOVERNMENT POLYTECHNIC COLLEGE RAMGANJMANDI KOTA (CAMP JHALAWAR) RIICO INDUSTRIAL AREA NEAR I.T.I. JHALAWAR,302913,27.013255,74.214291,Government,"Board of Technical Education And Directorate Of Technical Education, Jodhpur",Approved,Approved,A+,Yes,,Tier 2,http://www.ramganjmandi.ac.in,info@ramganjmandi.ac.in,admissions@ramganjmandi.ac.in,placement@ramganjmandi.ac.in,+91-80-396-5800,Civil Engineering,Diploma,30,120,2002,Urban,Yes,Yes
1-44924853595,1-44924853595,U-0197,GOVERNMENT POLYTECHNIC COLLEGE RAMGANJMANDI,Active,Rajasthan,Jhalawar,Jhalawar,GOVERNMENT POLYTECHNIC COLLEGE RAMGANJMANDI KOTA (CAMP JHALAWAR) RIICO INDUSTRIAL AREA NEAR I.T.I. JHALAWAR,302913,27.013255,74.214291,Government,"Board of Technical Education And Directorate Of Technical Education, Jodhpur",Approved,Approved,A+,Yes,,Tier 2,http://www.ramganjmandi.ac.in,info@ramganjmandi.ac.in,admissions@ramganjmandi.ac.in,placement@ramganjmandi.ac.in,+91-80-396-5800,Mining Engineering,Diploma,30,120,2002,Urban,Yes,Yes
1-44924853595,1-44924853595,U-0197,GOVERNMENT POLYTECHNIC COLLEGE RAMGANJMANDI,Active,Rajasthan,Jhalawar,Jhalawar,GOVERNMENT POLYTECHNIC COLLEGE RAMGANJMANDI KOTA (CAMP JHALAWAR) RIICO INDUSTRIAL AREA NEAR I.T.I. JHALAWAR,302913,27.013255,74.214291,Government,"Board of Technical Education And Directorate Of Technical Education, Jodhpur",Approved,Approved,A+,Yes,,Tier 2,http://www.ramganjmandi.ac.in,info@ramganjmandi.ac.in,admissions@ramganjmandi.ac.in,placement@ramganjmandi.ac.in,+91-80-396-5800,Electrical Engineering,Diploma,30,120,2002,Urban,Yes,Yes
1-44924853595,1-44924853595,U-0197,GOVERNMENT POLYTECHNIC COLLEGE RAMGANJMANDI,Active,Rajasthan,Jhalawar,Jhalawar,GOVERNMENT POLYTECHNIC COLLEGE RAMGANJMANDI KOTA (CAMP JHALAWAR) RIICO INDUSTRIAL AREA NEAR I.T.I. JHALAWAR,302913,27.013255,74.214291,Government,"Board of Technical Education And Directorate Of Technical Education, Jodhpur",Approved,Approved,A+,Yes,,Tier 2,http://www.ramganjmandi.ac.in,info@ramganjmandi.ac.in,admissions@ramganjmandi.ac.in,placement@ramganjmandi.ac.in,+91-80-396-5800,Artificial Intelligence & Machine Learning (AI & ML),Diploma,30,120,2002,Urban,Yes,Yes
1-44756360963,1-44756360963,U-0197,GOVERNMENT POLYTECHNIC COLLEGE BANDIKUI,Active,Rajasthan,Dausa,Dausa,CAMP RAJESH PILOT GOVERNMENT POLYTECHNIC COLLEGE DAUSA,302657,27.042278,74.227326,Government,"Board of Technical Education And Directorate Of Technical Education, Jodhpur",Approved,Approved,A+,Yes,,Tier 2,http://www.bandikui.ac.in,info@bandikui.ac.in,admissions@bandikui.ac.in,placement@bandikui.ac.in,+91-80-613-8940,Civil Engineering,Diploma,30,120,2007,Urban,No,No
1-44756360963,1-44756360963,U-0197,GOVERNMENT POLYTECHNIC COLLEGE BANDIKUI,Active,Rajasthan,Dausa,Dausa,CAMP RAJESH PILOT GOVERNMENT POLYTECHNIC COLLEGE DAUSA,302657,27.042278,74.227326,Government,"Board of Technical Education And Directorate Of Technical Education, Jodhpur",Approved,Approved,A+,Yes,,Tier 2,http://www.bandikui.ac.in,info@bandikui.ac.in,admissions@bandikui.ac.in,placement@bandikui.ac.in,+91-80-613-8940,Mechanical Engineering,Diploma,30,120,2007,Urban,No,No
1-44756360963,1-44756360963,U-0197,GOVERNMENT POLYTECHNIC COLLEGE BANDIKUI,Active,Rajasthan,Dausa,Dausa,CAMP RAJESH PILOT GOVERNMENT POLYTECHNIC COLLEGE DAUSA,302657,27.042278,74.227326,Government,"Board of Technical Education And Directorate Of Technical Education, Jodhpur",Approved,Approved,A+,Yes,,Tier 2,http://www.bandikui.ac.in,info@bandikui.ac.in,admissions@bandikui.ac.in,placement@bandikui.ac.in,+91-80-613-8940,Electrical Engineering,Diploma,30,120,2007,Urban,No,No
1-44756360963,1-44756360963,U-0197,GOVERNMENT POLYTECHNIC COLLEGE BANDIKUI,Active,Rajasthan,Dausa,Dausa,CAMP RAJESH PILOT GOVERNMENT POLYTECHNIC COLLEGE DAUSA,302657,27.042278,74.227326,Government,"Board of Technical Education And Directorate Of Technical Education, Jodhpur",Approved,Approved,A+,Yes,,Tier 2,http://www.bandikui.ac.in,info@bandikui.ac.in,admissions@bandikui.ac.in,placement@bandikui.ac.in,+91-80-613-8940,Robotics,Diploma,30,120,2007,Urban,No,No
1-44754248879,1-44754248879,U-0197,GOVERNMENT POLYTECHNIC COLLEGE LADPURA KOTA,Active,Rajasthan,Kota,Kota,CAMP GOVT. POLYTECHNIC COLLEGE DCM ROAD KOTA,302663,25.195714,75.827381,Government,"Board of Technical Education And Directorate Of Technical Education, Jodhpur",Approved,Approved,B,No,,Tier 3,http://www.ladpurakota.ac.in,info@ladpurakota.ac.in,admissions@ladpurakota.ac.in,placement@ladpurakota.ac.in,+91-80-393-0887,Civil Engineering,Diploma,30,120,1984,Urban,Yes,Yes
1-44754248879,1-44754248879,U-0197,GOVERNMENT POLYTECHNIC COLLEGE LADPURA KOTA,Active,Rajasthan,Kota,Kota,CAMP GOVT. POLYTECHNIC COLLEGE DCM ROAD KOTA,302663,25.195714,75.827381,Government,"Board of Technical Education And Directorate Of Technical Education, Jodhpur",Approved,Approved,B,No,,Tier 3,http://www.ladpurakota.ac.in,info@ladpurakota.ac.in,admissions@ladpurakota.ac.in,placement@ladpurakota.ac.in,+91-80-393-0887,Mechanical Engineering,Diploma,60,120,1984,Urban,Yes,Yes
1-44754248879,1-44754248879,U-0197,GOVERNMENT POLYTECHNIC COLLEGE LADPURA KOTA,Active,Rajasthan,Kota,Kota,CAMP GOVT. POLYTECHNIC COLLEGE DCM ROAD KOTA,302663,25.195714,75.827381,Government,"Board of Technical Education And Directorate Of Technical Education, Jodhpur",Approved,Approved,B,No,,Tier 3,http://www.ladpurakota.ac.in,info@ladpurakota.ac.in,admissions@ladpurakota.ac.in,placement@ladpurakota.ac.in,+91-80-393-0887,Electrical Engineering,Diploma,30,120,1984,Urban,Yes,Yes
1-44755201023,1-44755201023,U-0197,GOVERNMENT POLYTECHNIC COLLEGE MERTA CITY,Active,Rajasthan,Nagaur,Nagaur,"CAMP-GOVERNMENT POLYTECHNIC COLLEGE, NAGAUR, RICCO INDUSTRIAL AREA",302476,27.020983,74.223203,Government,"Board of Technical Education And Directorate Of Technical Education, Jodhpur",Approved,Approved,A,No,,Tier 2,http://www.mertacity.ac.in,info@mertacity.ac.in,admissions@mertacity.ac.in,placement@mertacity.ac.in,+91-80-720-7329,Electrical Engineering,Diploma,30,120,2019,Urban,No,Yes
1-44755201023,1-44755201023,U-0197,GOVERNMENT POLYTECHNIC COLLEGE MERTA CITY,Active,Rajasthan,Nagaur,Nagaur,"CAMP-GOVERNMENT POLYTECHNIC COLLEGE, NAGAUR, RICCO INDUSTRIAL AREA",302476,27.020983,74.223203,Government,"Board of Technical Education And Directorate Of Technical Education, Jodhpur",Approved,Approved,A,No,,Tier 2,http://www.mertacity.ac.in,info@mertacity.ac.in,admissions@mertacity.ac.in,placement@mertacity.ac.in,+91-80-720-7329,Computer Science Engineering (CSE),Diploma,30,120,2019,Urban,No,Yes
1-44755201023,1-44755201023,U-0197,GOVERNMENT POLYTECHNIC COLLEGE MERTA CITY,Active,Rajasthan,Nagaur,Nagaur,"CAMP-GOVERNMENT POLYTECHNIC COLLEGE, NAGAUR, RICCO INDUSTRIAL AREA",302476,27.020983,74.223203,Government,"Board of Technical Education And Directorate Of Technical Education, Jodhpur",Approved,Approved,A,No,,Tier 2,http://www.mertacity.ac.in,info@mertacity.ac.in,admissions@mertacity.ac.in,placement@mertacity.ac.in,+91-80-720-7329,IoT,Diploma,30,120,2019,Urban,No,Yes
1-44755201023,1-44755201023,U-0197,GOVERNMENT POLYTECHNIC COLLEGE MERTA CITY,Active,Rajasthan,Nagaur,Nagaur,"CAMP-GOVERNMENT POLYTECHNIC COLLEGE, NAGAUR, RICCO INDUSTRIAL AREA",302476,27.020983,74.223203,Government,"Board of Technical Education And Directorate Of Technical Education, Jodhpur",Approved,Approved,A,No,,Tier 2,http://www.mertacity.ac.in,info@mertacity.ac.in,admissions@mertacity.ac.in,placement@mertacity.ac.in,+91-80-720-7329,Civil Engineering,Diploma,30,120,2019,Urban,No,Yes
1-44756299373,1-44756299373,U-0197,GOVERNMENT POLYTECHNIC COLLEGE BHIWADI,Active,Rajasthan,Alwar,Alwar,"GOVERNMENT POLYTECHNIC COLLEGE BHIWADI CAMP- GOVERNMENT POLYTECHNIC COLLEGE NEEMRANA, MAZRI ROAD NEEMRANA",302505,27.036903,74.222754,Government,"Board of Technical Education And Directorate Of Technical Education, Jodhpur",Approved,Approved,B,No,,Tier 3,http://www.bhiwadi.ac.in,info@bhiwadi.ac.in,admissions@bhiwadi.ac.in,placement@bhiwadi.ac.in,+91-80-388-4319,Computer Science Engineering (CSE),Diploma,30,120,2015,Urban,No,No
1-44756299373,1-44756299373,U-0197,GOVERNMENT POLYTECHNIC COLLEGE BHIWADI,Active,Rajasthan,Alwar,Alwar,"GOVERNMENT POLYTECHNIC COLLEGE BHIWADI CAMP- GOVERNMENT POLYTECHNIC COLLEGE NEEMRANA, MAZRI ROAD NEEMRANA",302505,27.036903,74.222754,Government,"Board of Technical Education And Directorate Of Technical Education, Jodhpur",Approved,Approved,B,No,,Tier 3,http://www.bhiwadi.ac.in,info@bhiwadi.ac.in,admissions@bhiwadi.ac.in,placement@bhiwadi.ac.in,+91-80-388-4319,Mechanical Engineering,Diploma,60,120,2015,Urban,No,No
1-44756299373,1-44756299373,U-0197,GOVERNMENT POLYTECHNIC COLLEGE BHIWADI,Active,Rajasthan,Alwar,Alwar,"GOVERNMENT POLYTECHNIC COLLEGE BHIWADI CAMP- GOVERNMENT POLYTECHNIC COLLEGE NEEMRANA, MAZRI ROAD NEEMRANA",302505,27.036903,74.222754,Government,"Board of Technical Education And Directorate Of Technical Education, Jodhpur",Approved,Approved,B,No,,Tier 3,http://www.bhiwadi.ac.in,info@bhiwadi.ac.in,admissions@bhiwadi.ac.in,placement@bhiwadi.ac.in,+91-80-388-4319,Electrical Engineering,Diploma,30,120,2015,Urban,No,No
1-44756478693,1-44756478693,U-0197,GOVERNMENT POLYTECHNIC COLLEGE PHAGI DUDU,Active,Rajasthan,Jaipur,Jaipur,"AT CAMPUS GOVERNMENT RAMCHANDRA KHAITAN POLYTECHNIC COLLEGE, JHALANA DOONGARI, JAIPUR",302659,26.909332,75.773816,Government,"Board of Technical Education And Directorate Of Technical Education, Jodhpur",Approved,Approved,A,No,,Tier 2,http://www.phagidudu.ac.in,info@phagidudu.ac.in,admissions@phagidudu.ac.in,placement@phagidudu.ac.in,+91-80-710-1737,Civil Engineering,Diploma,30,120,1993,Rural,Yes,Yes
1-44756478693,1-44756478693,U-0197,GOVERNMENT POLYTECHNIC COLLEGE PHAGI DUDU,Active,Rajasthan,Jaipur,Jaipur,"AT CAMPUS GOVERNMENT RAMCHANDRA KHAITAN POLYTECHNIC COLLEGE, JHALANA DOONGARI, JAIPUR",302659,26.909332,75.773816,Government,"Board of Technical Education And Directorate Of Technical Education, Jodhpur",Approved,Approved,A,No,,Tier 2,http://www.phagidudu.ac.in,info@phagidudu.ac.in,admissions@phagidudu.ac.in,placement@phagidudu.ac.in,+91-80-710-1737,Mechanical Engineering,Diploma,30,120,1993,Rural,Yes,Yes
1-44756478693,1-44756478693,U-0197,GOVERNMENT POLYTECHNIC COLLEGE PHAGI DUDU,Active,Rajasthan,Jaipur,Jaipur,"AT CAMPUS GOVERNMENT RAMCHANDRA KHAITAN POLYTECHNIC COLLEGE, JHALANA DOONGARI, JAIPUR",302659,26.909332,75.773816,Government,"Board of Technical Education And Directorate Of Technical Education, Jodhpur",Approved,Approved,A,No,,Tier 2,http://www.phagidudu.ac.in,info@phagidudu.ac.in,admissions@phagidudu.ac.in,placement@phagidudu.ac.in,+91-80-710-1737,Computer Science Engineering (CSE),Diploma,30,120,1993,Rural,Yes,Yes
1-44756478693,1-44756478693,U-0197,GOVERNMENT POLYTECHNIC COLLEGE PHAGI DUDU,Active,Rajasthan,Jaipur,Jaipur,"AT CAMPUS GOVERNMENT RAMCHANDRA KHAITAN POLYTECHNIC COLLEGE, JHALANA DOONGARI, JAIPUR",302659,26.909332,75.773816,Government,"Board of Technical Education And Directorate Of Technical Education, Jodhpur",Approved,Approved,A,No,,Tier 2,http://www.phagidudu.ac.in,info@phagidudu.ac.in,admissions@phagidudu.ac.in,placement@phagidudu.ac.in,+91-80-710-1737,Artificial Intelligence & Machine Learning (AI & ML),Diploma,30,120,1993,Rural,Yes,Yes
1-44925131263,1-44925131263,U-0197,GOVERMENT POLYTECHNIC COLLEGE BEAWAR,Active,Rajasthan,Ajmer,Ajmer,"CAMP GOVERMENT POLYTECHNIC COLLEGE, MAKHUPURA, AJMER",302403,27.039627,74.236257,Government,"Board of Technical Education And Directorate Of Technical Education, Jodhpur",Approved,Approved,A,No,,Tier 2,http://www.govermentbeawar.ac.in,info@govermentbeawar.ac.in,admissions@govermentbeawar.ac.in,placement@govermentbeawar.ac.in,+91-80-502-6933,Information Technology (IT),Diploma,30,120,1993,Rural,No,Yes
1-44925131263,1-44925131263,U-0197,GOVERMENT POLYTECHNIC COLLEGE BEAWAR,Active,Rajasthan,Ajmer,Ajmer,"CAMP GOVERMENT POLYTECHNIC COLLEGE, MAKHUPURA, AJMER",302403,27.039627,74.236257,Government,"Board of Technical Education And Directorate Of Technical Education, Jodhpur",Approved,Approved,A,No,,Tier 2,http://www.govermentbeawar.ac.in,info@govermentbeawar.ac.in,admissions@govermentbeawar.ac.in,placement@govermentbeawar.ac.in,+91-80-502-6933,Electrical Engineering,Diploma,30,120,1993,Rural,No,Yes
1-44925131263,1-44925131263,U-0197,GOVERMENT POLYTECHNIC COLLEGE BEAWAR,Active,Rajasthan,Ajmer,Ajmer,"CAMP GOVERMENT POLYTECHNIC COLLEGE, MAKHUPURA, AJMER",302403,27.039627,74.236257,Government,"Board of Technical Education And Directorate Of Technical Education, Jodhpur",Approved,Approved,A,No,,Tier 2,http://www.govermentbeawar.ac.in,info@govermentbeawar.ac.in,admissions@govermentbeawar.ac.in,placement@govermentbeawar.ac.in,+91-80-502-6933,Mechanical Engineering,Diploma,30,120,1993,Rural,No,Yes
1-44925131263,1-44925131263,U-0197,GOVERMENT POLYTECHNIC COLLEGE BEAWAR,Active,Rajasthan,Ajmer,Ajmer,"CAMP GOVERMENT POLYTECHNIC COLLEGE, MAKHUPURA, AJMER",302403,27.039627,74.236257,Government,"Board of Technical Education And Directorate Of Technical Education, Jodhpur",Approved,Approved,A,No,,Tier 2,http://www.govermentbeawar.ac.in,info@govermentbeawar.ac.in,admissions@govermentbeawar.ac.in,placement@govermentbeawar.ac.in,+91-80-502-6933,Mining Engineering,Diploma,30,120,1993,Rural,No,Yes
1-44923655430,1-44923655430,U-0197,GOVERNMENT POLYTECHNIC COLLEGE BALOTRA,Active,Rajasthan,Jodhpur,Jodhpur,"GOVERNMENT POLYTECHNIC COLLEGE JODHPUR, GAURAV PATH, NEAR NAGAR NIGAM JODHPUR",302829,26.248494,73.041301,Government,"Board of Technical Education And Directorate Of Technical Education, Jodhpur",Approved,Approved,A+,Yes,,Tier 2,http://www.balotra.ac.in,info@balotra.ac.in,admissions@balotra.ac.in,placement@balotra.ac.in,+91-80-241-2652,Civil Engineering,Diploma,30,120,2000,Urban,Yes,Yes
1-44923655430,1-44923655430,U-0197,GOVERNMENT POLYTECHNIC COLLEGE BALOTRA,Active,Rajasthan,Jodhpur,Jodhpur,"GOVERNMENT POLYTECHNIC COLLEGE JODHPUR, GAURAV PATH, NEAR NAGAR NIGAM JODHPUR",302829,26.248494,73.041301,Government,"Board of Technical Education And Directorate Of Technical Education, Jodhpur",Approved,Approved,A+,Yes,,Tier 2,http://www.balotra.ac.in,info@balotra.ac.in,admissions@balotra.ac.in,placement@balotra.ac.in,+91-80-241-2652,Mechanical Engineering,Diploma,30,120,2000,Urban,Yes,Yes
1-44923655430,1-44923655430,U-0197,GOVERNMENT POLYTECHNIC COLLEGE BALOTRA,Active,Rajasthan,Jodhpur,Jodhpur,"GOVERNMENT POLYTECHNIC COLLEGE JODHPUR, GAURAV PATH, NEAR NAGAR NIGAM JODHPUR",302829,26.248494,73.041301,Government,"Board of Technical Education And Directorate Of Technical Education, Jodhpur",Approved,Approved,A+,Yes,,Tier 2,http://www.balotra.ac.in,info@balotra.ac.in,admissions@balotra.ac.in,placement@balotra.ac.in,+91-80-241-2652,Other Engineering Branches,Diploma,30,120,2000,Urban,Yes,Yes
1-44923655430,1-44923655430,U-0197,GOVERNMENT POLYTECHNIC COLLEGE BALOTRA,Active,Rajasthan,Jodhpur,Jodhpur,"GOVERNMENT POLYTECHNIC COLLEGE JODHPUR, GAURAV PATH, NEAR NAGAR NIGAM JODHPUR",302829,26.248494,73.041301,Government,"Board of Technical Education And Directorate Of Technical Education, Jodhpur",Approved,Approved,A+,Yes,,Tier 2,http://www.balotra.ac.in,info@balotra.ac.in,admissions@balotra.ac.in,placement@balotra.ac.in,+91-80-241-2652,Computer Science Engineering (CSE),Diploma,30,120,2000,Urban,Yes,Yes
1-44924226813,1-44924226813,U-0197,GOVERNMENT POLYTECHNIC COLLEGE MARWAR JUNCTION,Active,Rajasthan,Pali,Pali,GOVERNMENT POLYTECHNIC COLLEGE MARWAR JUNCTION CAMP GOVERNMENT POLYTECHNIC COLLEGE PALI SUMERPUR ROAD PALI,302462,27.028661,74.211611,Government,"Board of Technical Education And Directorate Of Technical Education, Jodhpur",Approved,Approved,B,No,,Tier 3,http://www.marwarjunction.ac.in,info@marwarjunction.ac.in,admissions@marwarjunction.ac.in,placement@marwarjunction.ac.in,+91-80-042-7479,Information Technology (IT),Diploma,30,120,1988,Rural,Yes,Yes
1-44924226813,1-44924226813,U-0197,GOVERNMENT POLYTECHNIC COLLEGE MARWAR JUNCTION,Active,Rajasthan,Pali,Pali,GOVERNMENT POLYTECHNIC COLLEGE MARWAR JUNCTION CAMP GOVERNMENT POLYTECHNIC COLLEGE PALI SUMERPUR ROAD PALI,302462,27.028661,74.211611,Government,"Board of Technical Education And Directorate Of Technical Education, Jodhpur",Approved,Approved,B,No,,Tier 3,http://www.marwarjunction.ac.in,info@marwarjunction.ac.in,admissions@marwarjunction.ac.in,placement@marwarjunction.ac.in,+91-80-042-7479,Electrical Engineering,Diploma,30,120,1988,Rural,Yes,Yes
1-44924226813,1-44924226813,U-0197,GOVERNMENT POLYTECHNIC COLLEGE MARWAR JUNCTION,Active,Rajasthan,Pali,Pali,GOVERNMENT POLYTECHNIC COLLEGE MARWAR JUNCTION CAMP GOVERNMENT POLYTECHNIC COLLEGE PALI SUMERPUR ROAD PALI,302462,27.028661,74.211611,Government,"Board of Technical Education And Directorate Of Technical Education, Jodhpur",Approved,Approved,B,No,,Tier 3,http://www.marwarjunction.ac.in,info@marwarjunction.ac.in,admissions@marwarjunction.ac.in,placement@marwarjunction.ac.in,+91-80-042-7479,Mechanical Engineering,Diploma,30,120,1988,Rural,Yes,Yes
1-44924226813,1-44924226813,U-0197,GOVERNMENT POLYTECHNIC COLLEGE MARWAR JUNCTION,Active,Rajasthan,Pali,Pali,GOVERNMENT POLYTECHNIC COLLEGE MARWAR JUNCTION CAMP GOVERNMENT POLYTECHNIC COLLEGE PALI SUMERPUR ROAD PALI,302462,27.028661,74.211611,Government,"Board of Technical Education And Directorate Of Technical Education, Jodhpur",Approved,Approved,B,No,,Tier 3,http://www.marwarjunction.ac.in,info@marwarjunction.ac.in,admissions@marwarjunction.ac.in,placement@marwarjunction.ac.in,+91-80-042-7479,Computer Science Engineering (CSE),Diploma,30,120,1988,Rural,Yes,Yes
1-44924490135,1-44924490135,U-0197,GOVT POLYTECHNIC COLLEGE INDERGARH,Active,Rajasthan,Bundi,Bundi,GOVT POLYTECHNIC CILLEGE INDERGARH(CAMP BUNDI),302819,27.007172,74.232297,Government,"Board of Technical Education And Directorate Of Technical Education, Jodhpur",Approved,Approved,A+,Yes,,Tier 2,http://www.govtindergarh.ac.in,info@govtindergarh.ac.in,admissions@govtindergarh.ac.in,placement@govtindergarh.ac.in,+91-80-141-4364,Civil Engineering,Diploma,30,120,1981,Urban,Yes,Yes
1-44924490135,1-44924490135,U-0197,GOVT POLYTECHNIC COLLEGE INDERGARH,Active,Rajasthan,Bundi,Bundi,GOVT POLYTECHNIC CILLEGE INDERGARH(CAMP BUNDI),302819,27.007172,74.232297,Government,"Board of Technical Education And Directorate Of Technical Education, Jodhpur",Approved,Approved,A+,Yes,,Tier 2,http://www.govtindergarh.ac.in,info@govtindergarh.ac.in,admissions@govtindergarh.ac.in,placement@govtindergarh.ac.in,+91-80-141-4364,Mechanical Engineering,Diploma,30,120,1981,Urban,Yes,Yes
1-44924490135,1-44924490135,U-0197,GOVT POLYTECHNIC COLLEGE INDERGARH,Active,Rajasthan,Bundi,Bundi,GOVT POLYTECHNIC CILLEGE INDERGARH(CAMP BUNDI),302819,27.007172,74.232297,Government,"Board of Technical Education And Directorate Of Technical Education, Jodhpur",Approved,Approved,A+,Yes,,Tier 2,http://www.govtindergarh.ac.in,info@govtindergarh.ac.in,admissions@govtindergarh.ac.in,placement@govtindergarh.ac.in,+91-80-141-4364,Electrical Engineering,Diploma,30,120,1981,Urban,Yes,Yes
1-44924490135,1-44924490135,U-0197,GOVT POLYTECHNIC COLLEGE INDERGARH,Active,Rajasthan,Bundi,Bundi,GOVT POLYTECHNIC CILLEGE INDERGARH(CAMP BUNDI),302819,27.007172,74.232297,Government,"Board of Technical Education And Directorate Of Technical Education, Jodhpur",Approved,Approved,A+,Yes,,Tier 2,http://www.govtindergarh.ac.in,info@govtindergarh.ac.in,admissions@govtindergarh.ac.in,placement@govtindergarh.ac.in,+91-80-141-4364,Other Engineering Branches,Diploma,30,120,1981,Urban,Yes,Yes
1-44925047807,1-44925047807,U-0197,GOVERNMENT POLYTECHNIC COLLEGE DEEG,Active,Rajasthan,Bharatpur,Bharatpur,"CAMP-SHRI GOKUL VERMA GOVERNMENT POLYTECHNIC COLLEGE,BHARATPUR NH-21,NEAR DALMIA DAIRY,SEWAR BY PASS,BHARATPUR(RAJASTHAN)",302200,27.006212,74.204419,Government,"Board of Technical Education And Directorate Of Technical Education, Jodhpur",Approved,Approved,A,No,,Tier 2,http://www.deeg.ac.in,info@deeg.ac.in,admissions@deeg.ac.in,placement@deeg.ac.in,+91-80-101-1497,Civil Engineering,Diploma,30,120,2011,Urban,Yes,Yes
1-44925047807,1-44925047807,U-0197,GOVERNMENT POLYTECHNIC COLLEGE DEEG,Active,Rajasthan,Bharatpur,Bharatpur,"CAMP-SHRI GOKUL VERMA GOVERNMENT POLYTECHNIC COLLEGE,BHARATPUR NH-21,NEAR DALMIA DAIRY,SEWAR BY PASS,BHARATPUR(RAJASTHAN)",302200,27.006212,74.204419,Government,"Board of Technical Education And Directorate Of Technical Education, Jodhpur",Approved,Approved,A,No,,Tier 2,http://www.deeg.ac.in,info@deeg.ac.in,admissions@deeg.ac.in,placement@deeg.ac.in,+91-80-101-1497,Mining Engineering,Diploma,30,120,2011,Urban,Yes,Yes
1-44925047807,1-44925047807,U-0197,GOVERNMENT POLYTECHNIC COLLEGE DEEG,Active,Rajasthan,Bharatpur,Bharatpur,"CAMP-SHRI GOKUL VERMA GOVERNMENT POLYTECHNIC COLLEGE,BHARATPUR NH-21,NEAR DALMIA DAIRY,SEWAR BY PASS,BHARATPUR(RAJASTHAN)",302200,27.006212,74.204419,Government,"Board of Technical Education And Directorate Of Technical Education, Jodhpur",Approved,Approved,A,No,,Tier 2,http://www.deeg.ac.in,info@deeg.ac.in,admissions@deeg.ac.in,placement@deeg.ac.in,+91-80-101-1497,Electrical Engineering,Diploma,30,120,2011,Urban,Yes,Yes
1-44925047807,1-44925047807,U-0197,GOVERNMENT POLYTECHNIC COLLEGE DEEG,Active,Rajasthan,Bharatpur,Bharatpur,"CAMP-SHRI GOKUL VERMA GOVERNMENT POLYTECHNIC COLLEGE,BHARATPUR NH-21,NEAR DALMIA DAIRY,SEWAR BY PASS,BHARATPUR(RAJASTHAN)",302200,27.006212,74.204419,Government,"Board of Technical Education And Directorate Of Technical Education, Jodhpur",Approved,Approved,A,No,,Tier 2,http://www.deeg.ac.in,info@deeg.ac.in,admissions@deeg.ac.in,placement@deeg.ac.in,+91-80-101-1497,Information Technology (IT),Diploma,30,120,2011,Urban,Yes,Yes
